scenario_id,seed,method,shift_level,mirrored,corruption,horizon,success,assisted_completion,progress,tracking_rmse,tracking_progress,interventions,disturbance_events,recoveries,recovery_rate,wrong_contacts,smoothness,command_jerk,steps,final_target_distance
s0_m0_c00_h03_t00,23,language_prior,0,0,0.000000,3,0,0,0.333333,1.166538,0.299065,2,1,0,0.000000,5,0.030668,0.042354,106,1.309648
s0_m0_c00_h03_t00,23,nearest_demo_replay,0,0,0.000000,3,0,0,0.333333,0.557124,0.311526,2,1,0,0.000000,1,0.027378,0.037418,106,0.132304
s0_m0_c00_h03_t00,23,phase_retrieval,0,0,0.000000,3,1,1,1.000000,0.765787,0.424242,0,2,2,1.000000,1,0.042835,0.056058,32,0.000000
s0_m0_c00_h03_t00,23,full_demo_attention,0,0,0.000000,3,0,0,0.000000,0.595585,0.000000,2,0,0,0.000000,3,0.027630,0.032578,106,0.603961
s0_m0_c00_h03_t00,23,latent_intent,0,0,0.000000,3,1,1,1.000000,0.876306,0.418803,0,2,2,1.000000,2,0.042500,0.052267,38,0.000000
s0_m0_c00_h03_t01,7942,language_prior,0,0,0.000000,3,0,0,0.333333,0.807542,0.277259,2,1,0,0.000000,5,0.029941,0.042213,106,0.808361
s0_m0_c00_h03_t01,7942,nearest_demo_replay,0,0,0.000000,3,1,1,1.000000,0.785962,0.333333,0,2,2,1.000000,0,0.044136,0.053668,33,0.000000
s0_m0_c00_h03_t01,7942,phase_retrieval,0,0,0.000000,3,0,0,0.000000,1.090594,0.000000,2,0,0,0.000000,5,0.031765,0.041882,106,1.277744
s0_m0_c00_h03_t01,7942,full_demo_attention,0,0,0.000000,3,0,0,0.000000,1.152710,0.000000,2,0,0,0.000000,3,0.022244,0.025967,106,1.269040
s0_m0_c00_h03_t01,7942,latent_intent,0,0,0.000000,3,1,1,1.000000,0.869424,0.365079,0,2,2,1.000000,3,0.039762,0.043763,41,0.000000
s0_m0_c00_h03_t02,15861,language_prior,0,0,0.000000,3,0,0,0.666667,1.292548,0.570093,2,2,1,0.500000,5,0.037210,0.048221,106,1.559014
s0_m0_c00_h03_t02,15861,nearest_demo_replay,0,0,0.000000,3,0,0,0.333333,0.615831,0.308411,2,1,0,0.000000,1,0.025902,0.038033,106,0.168352
s0_m0_c00_h03_t02,15861,phase_retrieval,0,0,0.000000,3,1,1,1.000000,0.825853,0.444444,0,2,2,1.000000,1,0.035958,0.045934,29,0.000000
s0_m0_c00_h03_t02,15861,full_demo_attention,0,0,0.000000,3,0,0,0.333333,1.276009,0.308411,2,1,0,0.000000,3,0.024059,0.027040,106,1.559629
s0_m0_c00_h03_t02,15861,latent_intent,0,0,0.000000,3,1,1,1.000000,0.839231,0.432432,0,2,2,1.000000,2,0.044377,0.050823,36,0.000000
s0_m0_c00_h03_t03,23780,language_prior,0,0,0.000000,3,0,0,0.000000,1.191789,0.000000,2,0,0,0.000000,5,0.027820,0.037572,106,1.241617
s0_m0_c00_h03_t03,23780,nearest_demo_replay,0,0,0.000000,3,0,0,0.000000,0.667817,0.000000,2,0,0,0.000000,3,0.034303,0.048433,106,0.149550
s0_m0_c00_h03_t03,23780,phase_retrieval,0,0,0.000000,3,0,0,0.000000,0.816448,0.000000,2,0,0,0.000000,5,0.038520,0.053645,106,0.741663
s0_m0_c00_h03_t03,23780,full_demo_attention,0,0,0.000000,3,0,0,0.000000,0.791088,0.000000,2,0,0,0.000000,4,0.019869,0.022200,106,0.746091
s0_m0_c00_h03_t03,23780,latent_intent,0,0,0.000000,3,1,1,1.000000,1.034149,0.360000,0,2,2,1.000000,3,0.035120,0.042913,49,0.000000
s0_m0_c00_h03_t04,31699,language_prior,0,0,0.000000,3,0,0,0.000000,1.386857,0.000000,2,0,0,0.000000,5,0.027488,0.037676,106,1.572780
s0_m0_c00_h03_t04,31699,nearest_demo_replay,0,0,0.000000,3,1,1,1.000000,0.837404,0.306306,0,2,2,1.000000,0,0.042667,0.052401,36,0.000000
s0_m0_c00_h03_t04,31699,phase_retrieval,0,0,0.000000,3,0,0,0.333333,0.828344,0.295950,2,1,0,0.000000,4,0.034585,0.047249,106,0.846901
s0_m0_c00_h03_t04,31699,full_demo_attention,0,0,0.000000,3,0,0,0.000000,1.081180,0.000000,2,0,0,0.000000,2,0.034226,0.039865,106,1.243880
s0_m0_c00_h03_t04,31699,latent_intent,0,0,0.000000,3,1,1,1.000000,0.903892,0.325203,0,2,2,1.000000,2,0.041905,0.052500,40,0.000000
s0_m0_c00_h03_t05,39618,language_prior,0,0,0.000000,3,0,0,0.333333,1.289595,0.317757,2,1,0,0.000000,5,0.030722,0.041453,106,1.490761
s0_m0_c00_h03_t05,39618,nearest_demo_replay,0,0,0.000000,3,0,0,0.000000,0.566620,0.000000,2,0,0,0.000000,2,0.016860,0.022270,106,0.194377
s0_m0_c00_h03_t05,39618,phase_retrieval,0,0,0.000000,3,1,1,1.000000,0.710055,0.480000,0,2,2,1.000000,1,0.032933,0.041357,24,0.000000
s0_m0_c00_h03_t05,39618,full_demo_attention,0,0,0.000000,3,0,0,0.333333,1.118269,0.317757,2,1,0,0.000000,3,0.022286,0.024772,106,1.319228
s0_m0_c00_h03_t05,39618,latent_intent,0,0,0.000000,3,1,1,1.000000,0.745474,0.458333,0,2,2,1.000000,2,0.047746,0.056293,31,0.000000
s0_m0_c00_h06_t00,47537,language_prior,0,0,0.000000,6,0,0,0.333333,1.147524,0.298883,2,1,0,0.000000,7,0.030831,0.042335,178,1.219508
s0_m0_c00_h06_t00,47537,nearest_demo_replay,0,0,0.000000,6,1,1,1.000000,0.761225,0.469697,0,2,2,1.000000,0,0.047139,0.062313,65,0.000000
s0_m0_c00_h06_t00,47537,phase_retrieval,0,0,0.000000,6,0,0,0.333333,1.114593,0.312849,2,1,0,0.000000,5,0.029018,0.039438,178,1.295614
s0_m0_c00_h06_t00,47537,full_demo_attention,0,0,0.000000,6,0,0,0.166667,0.732564,0.162011,2,0,0,0.000000,2,0.023687,0.026881,178,0.766934
s0_m0_c00_h06_t00,47537,latent_intent,0,0,0.000000,6,1,1,1.000000,0.848404,0.474178,0,2,2,1.000000,4,0.040219,0.051799,70,0.000000
s0_m0_c00_h06_t01,55456,language_prior,0,0,0.000000,6,0,0,0.166667,0.901449,0.126629,2,0,0,0.000000,7,0.029926,0.039914,178,0.858731
s0_m0_c00_h06_t01,55456,nearest_demo_replay,0,0,0.000000,6,0,0,0.500000,0.550803,0.439479,2,1,1,1.000000,2,0.035205,0.047822,178,0.159204
s0_m0_c00_h06_t01,55456,phase_retrieval,0,0,0.000000,6,0,0,0.000000,1.207395,0.000000,2,0,0,0.000000,5,0.034099,0.049627,178,1.353682
s0_m0_c00_h06_t01,55456,full_demo_attention,0,0,0.000000,6,0,0,0.000000,1.231421,0.000000,2,0,0,0.000000,2,0.024263,0.026892,178,1.349563
s0_m0_c00_h06_t01,55456,latent_intent,0,0,0.000000,6,1,1,1.000000,0.845721,0.443723,0,2,2,1.000000,6,0.038514,0.044588,76,0.000000
s0_m0_c00_h06_t02,63375,language_prior,0,0,0.000000,6,0,0,0.500000,1.374522,0.433892,2,1,1,1.000000,7,0.026932,0.038785,178,1.578004
s0_m0_c00_h06_t02,63375,nearest_demo_replay,0,0,0.000000,6,0,0,0.166667,0.532834,0.162942,2,0,0,0.000000,4,0.030833,0.042731,178,0.165957
s0_m0_c00_h06_t02,63375,phase_retrieval,0,0,0.000000,6,0,0,0.166667,0.826204,0.162942,2,0,0,0.000000,6,0.032396,0.045617,178,0.786500
s0_m0_c00_h06_t02,63375,full_demo_attention,0,0,0.000000,6,0,0,0.166667,0.795082,0.162942,2,0,0,0.000000,2,0.020685,0.022246,178,0.782655
s0_m0_c00_h06_t02,63375,latent_intent,0,0,0.000000,6,1,1,1.000000,0.872315,0.460000,0,2,2,1.000000,4,0.036245,0.044943,74,0.000000
s0_m0_c00_h06_t03,71294,language_prior,0,0,0.000000,6,0,0,0.333333,1.150893,0.297952,2,1,0,0.000000,7,0.029518,0.039830,178,1.225776
s0_m0_c00_h06_t03,71294,nearest_demo_replay,0,0,0.000000,6,0,0,0.333333,0.590412,0.312849,2,1,0,0.000000,4,0.028808,0.037305,178,0.170672
s0_m0_c00_h06_t03,71294,phase_retrieval,0,0,0.000000,6,0,0,0.333333,1.174798,0.312849,2,1,0,0.000000,4,0.032745,0.049300,178,1.304778
s0_m0_c00_h06_t03,71294,full_demo_attention,0,0,0.000000,6,0,0,0.166667,0.709868,0.162011,2,0,0,0.000000,2,0.023513,0.026461,178,0.745682
s0_m0_c00_h06_t03,71294,latent_intent,0,0,0.000000,6,1,1,1.000000,0.858084,0.474886,0,2,2,1.000000,4,0.040995,0.050179,72,0.000000
s0_m0_c00_h06_t04,79213,language_prior,0,0,0.000000,6,0,0,0.166667,0.887367,0.150838,2,0,0,0.000000,7,0.026437,0.036615,178,0.814524
s0_m0_c00_h06_t04,79213,nearest_demo_replay,0,0,0.000000,6,0,0,0.000000,0.590963,0.000000,2,0,0,0.000000,5,0.031546,0.044607,178,0.179547
s0_m0_c00_h06_t04,79213,phase_retrieval,0,0,0.000000,6,0,0,0.000000,1.160156,0.000000,2,0,0,0.000000,6,0.032608,0.044422,178,1.254814
s0_m0_c00_h06_t04,79213,full_demo_attention,0,0,0.000000,6,0,0,0.000000,1.169153,0.000000,2,0,0,0.000000,5,0.026995,0.031488,178,1.253956
s0_m0_c00_h06_t04,79213,latent_intent,0,0,0.000000,6,1,1,1.000000,0.822880,0.429487,0,2,2,1.000000,5,0.042347,0.049107,77,0.000000
s0_m0_c00_h06_t05,87132,language_prior,0,0,0.000000,6,0,0,0.500000,1.359589,0.431099,2,1,1,1.000000,7,0.030708,0.041713,178,1.569895
s0_m0_c00_h06_t05,87132,nearest_demo_replay,0,0,0.000000,6,0,0,0.333333,0.572415,0.310056,2,1,0,0.000000,2,0.031355,0.042337,178,0.162688
s0_m0_c00_h06_t05,87132,phase_retrieval,0,0,0.000000,6,0,0,0.166667,0.797811,0.162011,2,0,0,0.000000,6,0.030615,0.042257,178,0.762935
s0_m0_c00_h06_t05,87132,full_demo_attention,0,0,0.000000,6,0,0,0.166667,0.774386,0.162011,2,0,0,0.000000,2,0.021217,0.023559,178,0.762579
s0_m0_c00_h06_t05,87132,latent_intent,0,0,0.000000,6,1,1,1.000000,0.851707,0.454955,0,2,2,1.000000,4,0.039943,0.046339,73,0.000000
s0_m0_c00_h09_t00,95051,language_prior,0,0,0.000000,9,0,0,0.333333,0.846538,0.277114,2,1,0,0.000000,9,0.027639,0.039190,250,0.765899
s0_m0_c00_h09_t00,95051,nearest_demo_replay,0,0,0.000000,9,0,0,0.000000,0.859496,0.000000,2,0,0,0.000000,7,0.037239,0.050986,250,0.795567
s0_m0_c00_h09_t00,95051,phase_retrieval,0,0,0.000000,9,0,0,0.111111,1.353726,0.103143,2,0,0,0.000000,3,0.037591,0.054347,250,1.530974
s0_m0_c00_h09_t00,95051,full_demo_attention,0,0,0.000000,9,0,0,0.000000,0.835723,0.000000,2,0,0,0.000000,2,0.023664,0.028583,250,0.787271
s0_m0_c00_h09_t00,95051,latent_intent,0,0,0.000000,9,1,1,1.000000,0.947475,0.444444,0,2,2,1.000000,8,0.037403,0.040593,127,0.000000
s0_m0_c00_h09_t01,102970,language_prior,0,0,0.000000,9,0,0,0.444444,0.859008,0.381585,2,1,0,0.000000,10,0.026778,0.038506,250,0.807477
s0_m0_c00_h09_t01,102970,nearest_demo_replay,0,0,0.000000,9,0,0,0.333333,1.436796,0.286853,2,1,0,0.000000,4,0.036492,0.052153,250,1.648063
s0_m0_c00_h09_t01,102970,phase_retrieval,0,0,0.000000,9,0,0,0.333333,1.408307,0.286853,2,1,0,0.000000,4,0.037400,0.055019,250,1.593819
s0_m0_c00_h09_t01,102970,full_demo_attention,0,0,0.000000,9,0,0,0.111111,1.300822,0.108898,2,0,0,0.000000,2,0.021306,0.024580,250,1.399719
s0_m0_c00_h09_t01,102970,latent_intent,0,0,0.000000,9,1,1,1.000000,0.934423,0.484594,0,2,2,1.000000,7,0.038167,0.043876,118,0.000000
s0_m0_c00_h09_t02,110889,language_prior,0,0,0.000000,9,0,0,0.444444,0.748987,0.397521,2,1,1,1.000000,8,0.028728,0.039675,250,0.721675
s0_m0_c00_h09_t02,110889,nearest_demo_replay,0,0,0.000000,9,0,0,0.111111,1.141161,0.109340,2,0,0,0.000000,5,0.034525,0.048181,250,1.219817
s0_m0_c00_h09_t02,110889,phase_retrieval,0,0,0.000000,9,0,0,0.333333,1.232025,0.290837,2,1,0,0.000000,7,0.033913,0.046171,250,1.363304
s0_m0_c00_h09_t02,110889,full_demo_attention,0,0,0.000000,9,0,0,0.111111,1.155225,0.109340,2,0,0,0.000000,2,0.021325,0.025655,250,1.230869
s0_m0_c00_h09_t02,110889,latent_intent,0,0,0.000000,9,1,1,1.000000,0.761668,0.463524,0,2,2,1.000000,6,0.041051,0.045853,98,0.000000
s0_m0_c00_h09_t03,118808,language_prior,0,0,0.000000,9,0,0,0.222222,1.172820,0.189022,2,0,0,0.000000,8,0.028635,0.039615,250,1.242285
s0_m0_c00_h09_t03,118808,nearest_demo_replay,0,0,0.000000,9,0,0,0.333333,1.265388,0.281098,2,1,0,0.000000,4,0.036522,0.049489,250,1.409286
s0_m0_c00_h09_t03,118808,phase_retrieval,0,0,0.000000,9,0,0,0.333333,1.177213,0.205843,2,1,0,0.000000,3,0.036913,0.050984,250,1.380270
s0_m0_c00_h09_t03,118808,full_demo_attention,0,0,0.000000,9,0,0,0.000000,1.154068,0.000000,2,0,0,0.000000,2,0.022592,0.025384,250,1.241371
s0_m0_c00_h09_t03,118808,latent_intent,0,0,0.000000,9,1,1,1.000000,0.864197,0.449234,0,2,2,1.000000,9,0.040150,0.045223,115,0.000000
s0_m0_c00_h09_t04,126727,language_prior,0,0,0.000000,9,0,0,0.222222,1.189744,0.190792,2,0,0,0.000000,9,0.026481,0.037021,250,1.242049
s0_m0_c00_h09_t04,126727,nearest_demo_replay,0,0,0.000000,9,0,0,0.222222,1.161096,0.160248,2,0,0,0.000000,5,0.032612,0.043991,250,1.228666
s0_m0_c00_h09_t04,126727,phase_retrieval,0,0,0.000000,9,0,0,0.000000,0.826225,0.000000,2,0,0,0.000000,5,0.035395,0.053473,250,0.714879
s0_m0_c00_h09_t04,126727,full_demo_attention,0,0,0.000000,9,0,0,0.000000,0.793586,0.000000,2,0,0,0.000000,3,0.026503,0.031716,250,0.718894
s0_m0_c00_h09_t04,126727,latent_intent,0,0,0.000000,9,1,1,1.000000,0.924409,0.435556,0,2,2,1.000000,8,0.039640,0.043333,124,0.000000
s0_m0_c00_h09_t05,134646,language_prior,0,0,0.000000,9,0,0,0.222222,1.181402,0.189907,2,0,0,0.000000,9,0.026379,0.036910,250,1.227116
s0_m0_c00_h09_t05,134646,nearest_demo_replay,0,0,0.000000,9,0,0,0.333333,1.267877,0.234174,2,1,0,0.000000,6,0.036467,0.050102,250,1.419028
s0_m0_c00_h09_t05,134646,phase_retrieval,0,0,0.000000,9,0,0,0.000000,0.832902,0.000000,2,0,0,0.000000,7,0.035542,0.049865,250,0.707145
s0_m0_c00_h09_t05,134646,full_demo_attention,0,0,0.000000,9,0,0,0.000000,0.791921,0.000000,2,0,0,0.000000,2,0.026952,0.032792,250,0.709115
s0_m0_c00_h09_t05,134646,latent_intent,0,0,0.000000,9,1,1,1.000000,0.916375,0.436380,0,2,2,1.000000,7,0.040324,0.044671,123,0.000000
s0_m0_c00_h12_t00,142565,language_prior,0,0,0.000000,12,0,0,0.333333,1.241532,0.275026,2,1,0,0.000000,10,0.025391,0.036244,322,1.320934
s0_m0_c00_h12_t00,142565,nearest_demo_replay,0,0,0.000000,12,0,0,0.250000,0.940394,0.214912,2,0,0,0.000000,6,0.034729,0.045211,322,0.926652
s0_m0_c00_h12_t00,142565,phase_retrieval,0,0,0.000000,12,0,0,0.166667,1.103734,0.130031,2,0,0,0.000000,10,0.035288,0.049188,322,1.253719
s0_m0_c00_h12_t00,142565,full_demo_attention,0,0,0.000000,12,0,0,0.000000,1.281948,0.000000,2,0,0,0.000000,3,0.025538,0.030332,322,1.377524
s0_m0_c00_h12_t00,142565,latent_intent,0,0,0.000000,12,1,1,1.000000,0.885323,0.445887,0,2,2,1.000000,12,0.037909,0.039110,153,0.000000
s0_m0_c00_h12_t01,150484,language_prior,0,0,0.000000,12,0,0,0.416667,0.859182,0.352167,2,1,1,1.000000,11,0.026681,0.038730,322,0.861818
s0_m0_c00_h12_t01,150484,nearest_demo_replay,0,0,0.000000,12,0,0,0.083333,1.224671,0.079721,2,0,0,0.000000,9,0.034915,0.046837,322,1.381837
s0_m0_c00_h12_t01,150484,phase_retrieval,0,0,0.000000,12,0,0,0.166667,0.702614,0.156605,2,0,0,0.000000,7,0.035271,0.047647,322,0.600998
s0_m0_c00_h12_t01,150484,full_demo_attention,0,0,0.000000,12,0,0,0.000000,1.244238,0.000000,2,0,0,0.000000,4,0.021539,0.026883,322,1.302831
s0_m0_c00_h12_t01,150484,latent_intent,0,0,0.000000,12,1,1,1.000000,0.799381,0.444828,0,2,2,1.000000,9,0.039335,0.045449,144,0.000000
s0_m0_c00_h12_t02,158403,language_prior,0,0,0.000000,12,0,0,0.250000,1.132399,0.218782,2,0,0,0.000000,11,0.026302,0.037287,322,1.182692
s0_m0_c00_h12_t02,158403,nearest_demo_replay,0,0,0.000000,12,0,0,0.250000,0.559336,0.206656,2,0,0,0.000000,7,0.034775,0.048201,322,0.151537
s0_m0_c00_h12_t02,158403,phase_retrieval,0,0,0.000000,12,0,0,0.083333,0.863030,0.055986,2,0,0,0.000000,10,0.035532,0.049082,322,0.834868
s0_m0_c00_h12_t02,158403,full_demo_attention,0,0,0.000000,12,0,0,0.000000,1.402296,0.000000,2,0,0,0.000000,3,0.022700,0.025143,322,1.522015
s0_m0_c00_h12_t02,158403,latent_intent,0,0,0.000000,12,1,1,1.000000,0.828173,0.428657,0,2,2,1.000000,9,0.041479,0.046399,138,0.000000
s0_m0_c00_h12_t03,166322,language_prior,0,0,0.000000,12,0,0,0.500000,1.234328,0.431115,2,1,1,1.000000,11,0.025814,0.036459,322,1.378424
s0_m0_c00_h12_t03,166322,nearest_demo_replay,0,0,0.000000,12,0,0,0.083333,1.380212,0.082301,2,0,0,0.000000,8,0.031917,0.042629,322,1.531838
s0_m0_c00_h12_t03,166322,phase_retrieval,0,0,0.000000,12,0,0,0.333333,1.257436,0.285604,2,1,0,0.000000,3,0.031662,0.046612,322,1.397282
s0_m0_c00_h12_t03,166322,full_demo_attention,0,0,0.000000,12,0,0,0.083333,1.422083,0.082301,2,0,0,0.000000,3,0.025336,0.030437,322,1.562904
s0_m0_c00_h12_t03,166322,latent_intent,0,0,0.000000,12,1,1,1.000000,0.799619,0.459273,0,2,2,1.000000,9,0.041321,0.047547,132,0.000000
s0_m0_c00_h12_t04,174241,language_prior,0,0,0.000000,12,0,0,0.250000,1.206511,0.222136,2,0,0,0.000000,9,0.023738,0.033977,322,1.220102
s0_m0_c00_h12_t04,174241,nearest_demo_replay,0,0,0.000000,12,0,0,0.083333,1.377886,0.058050,2,0,0,0.000000,8,0.028351,0.036328,322,1.503662
s0_m0_c00_h12_t04,174241,phase_retrieval,0,0,0.000000,12,0,0,0.083333,0.928274,0.082301,2,0,0,0.000000,6,0.026592,0.034913,322,0.908401
s0_m0_c00_h12_t04,174241,full_demo_attention,0,0,0.000000,12,0,0,0.000000,1.265971,0.000000,2,0,0,0.000000,4,0.026224,0.034171,322,1.329499
s0_m0_c00_h12_t04,174241,latent_intent,0,0,0.000000,12,1,1,1.000000,0.781567,0.476543,0,2,2,1.000000,8,0.040966,0.046702,134,0.000000
s0_m0_c00_h12_t05,182160,language_prior,0,0,0.000000,12,0,0,0.166667,1.154950,0.137255,2,0,0,0.000000,12,0.027696,0.038262,322,1.191356
s0_m0_c00_h12_t05,182160,nearest_demo_replay,0,0,0.000000,12,0,0,0.500000,0.559760,0.436017,2,1,1,1.000000,6,0.032527,0.044095,322,0.164943
s0_m0_c00_h12_t05,182160,phase_retrieval,0,0,0.000000,12,0,0,0.166667,1.171976,0.142415,2,0,0,0.000000,6,0.032517,0.046370,322,1.259761
s0_m0_c00_h12_t05,182160,full_demo_attention,0,0,0.000000,12,0,0,0.000000,1.229930,0.000000,2,0,0,0.000000,2,0.021573,0.025583,322,1.315444
s0_m0_c00_h12_t05,182160,latent_intent,0,0,0.000000,12,1,1,1.000000,0.738748,0.437500,0,2,2,1.000000,9,0.041077,0.046155,131,0.000000
s0_m0_c18_h03_t00,190079,language_prior,0,0,0.180000,3,0,0,0.666667,1.281875,0.573209,2,2,1,0.500000,5,0.035488,0.047251,106,1.548026
s0_m0_c18_h03_t00,190079,nearest_demo_replay,0,0,0.180000,3,0,0,0.333333,0.575067,0.311526,2,1,0,0.000000,1,0.025143,0.034441,106,0.178635
s0_m0_c18_h03_t00,190079,phase_retrieval,0,0,0.180000,3,0,0,0.333333,1.265031,0.311526,2,1,0,0.000000,3,0.030182,0.041321,106,1.539995
s0_m0_c18_h03_t00,190079,full_demo_attention,0,0,0.180000,3,0,0,0.333333,1.263381,0.311526,2,1,0,0.000000,3,0.024474,0.027681,106,1.538146
s0_m0_c18_h03_t00,190079,latent_intent,0,0,0.180000,3,1,1,1.000000,0.833738,0.432432,0,2,2,1.000000,2,0.042334,0.050611,36,0.000000
s0_m0_c18_h03_t01,197998,language_prior,0,0,0.180000,3,0,0,0.333333,1.341058,0.317757,2,1,0,0.000000,5,0.032676,0.044388,106,1.554688
s0_m0_c18_h03_t01,197998,nearest_demo_replay,0,0,0.180000,3,1,1,1.000000,0.744193,0.459770,0,2,2,1.000000,1,0.032378,0.037902,28,0.000000
s0_m0_c18_h03_t01,197998,phase_retrieval,0,0,0.180000,3,1,1,1.000000,0.717117,0.455556,0,2,2,1.000000,2,0.046329,0.066882,29,0.000000
s0_m0_c18_h03_t01,197998,full_demo_attention,0,0,0.180000,3,0,0,0.333333,1.167801,0.317757,2,1,0,0.000000,3,0.023055,0.025933,106,1.415892
s0_m0_c18_h03_t01,197998,latent_intent,0,0,0.180000,3,1,1,1.000000,0.812866,0.464646,0,2,2,1.000000,2,0.042386,0.058455,32,0.000000
s0_m0_c18_h03_t02,205917,language_prior,0,0,0.180000,3,0,0,0.333333,1.185493,0.274143,2,1,0,0.000000,5,0.029822,0.040286,106,1.325731
s0_m0_c18_h03_t02,205917,nearest_demo_replay,0,0,0.180000,3,0,0,0.000000,0.863307,0.000000,2,0,0,0.000000,3,0.033571,0.051561,106,0.147606
s0_m0_c18_h03_t02,205917,phase_retrieval,0,0,0.180000,3,0,0,0.000000,1.365274,0.000000,2,0,0,0.000000,5,0.033945,0.047806,106,1.567087
s0_m0_c18_h03_t02,205917,full_demo_attention,0,0,0.180000,3,0,0,0.000000,1.341318,0.000000,2,0,0,0.000000,5,0.030546,0.034644,106,1.570163
s0_m0_c18_h03_t02,205917,latent_intent,0,0,0.180000,3,1,1,1.000000,0.882153,0.308943,0,2,2,1.000000,3,0.043780,0.054893,40,0.000000
s0_m0_c18_h03_t03,213836,language_prior,0,0,0.180000,3,0,0,0.000000,0.904733,0.000000,2,0,0,0.000000,5,0.027294,0.037337,106,0.778107
s0_m0_c18_h03_t03,213836,nearest_demo_replay,0,0,0.180000,3,0,0,0.000000,0.719369,0.000000,2,0,0,0.000000,2,0.036251,0.051524,106,0.184471
s0_m0_c18_h03_t03,213836,phase_retrieval,0,0,0.180000,3,0,0,0.000000,0.842704,0.000000,2,0,0,0.000000,3,0.047808,0.072373,106,0.784215
s0_m0_c18_h03_t03,213836,full_demo_attention,0,0,0.180000,3,0,0,0.000000,0.856083,0.000000,2,0,0,0.000000,3,0.024413,0.031262,106,0.782440
s0_m0_c18_h03_t03,213836,latent_intent,0,0,0.180000,3,1,1,1.000000,1.074331,0.345912,0,2,2,1.000000,2,0.035111,0.044361,52,0.000000
s0_m0_c18_h03_t04,221755,language_prior,0,0,0.180000,3,0,0,0.333333,1.339587,0.317757,2,1,0,0.000000,5,0.032577,0.043896,106,1.555214
s0_m0_c18_h03_t04,221755,nearest_demo_replay,0,0,0.180000,3,1,1,1.000000,0.689868,0.448276,0,2,2,1.000000,2,0.054981,0.076331,28,0.000000
s0_m0_c18_h03_t04,221755,phase_retrieval,0,0,0.180000,3,1,1,1.000000,0.896319,0.500000,0,2,2,1.000000,2,0.047410,0.067965,37,0.000000
s0_m0_c18_h03_t04,221755,full_demo_attention,0,0,0.180000,3,0,0,0.333333,1.152444,0.317757,2,1,0,0.000000,3,0.023193,0.025979,106,1.392376
s0_m0_c18_h03_t04,221755,latent_intent,0,0,0.180000,3,1,1,1.000000,0.758142,0.462366,0,2,2,1.000000,2,0.041675,0.054623,30,0.000000
s0_m0_c18_h03_t05,229674,language_prior,0,0,0.180000,3,0,0,0.000000,1.365060,0.000000,2,0,0,0.000000,5,0.026817,0.035796,106,1.543766
s0_m0_c18_h03_t05,229674,nearest_demo_replay,0,0,0.180000,3,1,1,1.000000,0.859740,0.324561,0,2,2,1.000000,1,0.043794,0.066907,37,0.000000
s0_m0_c18_h03_t05,229674,phase_retrieval,0,0,0.180000,3,0,0,0.333333,0.797688,0.295950,2,1,0,0.000000,4,0.034181,0.050170,106,0.801380
s0_m0_c18_h03_t05,229674,full_demo_attention,0,0,0.180000,3,0,0,0.000000,1.056804,0.000000,2,0,0,0.000000,3,0.033458,0.038894,106,1.213247
s0_m0_c18_h03_t05,229674,latent_intent,0,0,0.180000,3,1,1,1.000000,0.865571,0.333333,0,2,2,1.000000,3,0.033401,0.043770,38,0.000000
s0_m0_c18_h06_t00,237593,language_prior,0,0,0.180000,6,0,0,0.166667,0.956076,0.142458,2,0,0,0.000000,8,0.026115,0.035875,178,0.854926
s0_m0_c18_h06_t00,237593,nearest_demo_replay,0,0,0.180000,6,0,0,0.000000,1.264772,0.000000,2,0,0,0.000000,4,0.039958,0.054391,178,1.406230
s0_m0_c18_h06_t00,237593,phase_retrieval,0,0,0.180000,6,0,0,0.000000,1.281445,0.000000,2,0,0,0.000000,5,0.047674,0.068394,178,1.397874
s0_m0_c18_h06_t00,237593,full_demo_attention,0,0,0.180000,6,0,0,0.000000,1.304515,0.000000,2,0,0,0.000000,2,0.034906,0.044194,178,1.392943
s0_m0_c18_h06_t00,237593,latent_intent,0,0,0.180000,6,1,1,1.000000,0.985852,0.385057,0,2,2,1.000000,5,0.038588,0.043361,86,0.000000
s0_m0_c18_h06_t01,245512,language_prior,0,0,0.180000,6,0,0,0.333333,1.084517,0.288641,2,1,0,0.000000,7,0.027270,0.038552,178,1.161899
s0_m0_c18_h06_t01,245512,nearest_demo_replay,0,0,0.180000,6,0,0,0.166667,0.609398,0.154562,2,0,0,0.000000,5,0.039958,0.056550,178,0.149902
s0_m0_c18_h06_t01,245512,phase_retrieval,0,0,0.180000,6,0,0,0.000000,1.116891,0.000000,2,0,0,0.000000,6,0.038538,0.055194,178,1.235748
s0_m0_c18_h06_t01,245512,full_demo_attention,0,0,0.180000,6,0,0,0.000000,1.149057,0.000000,2,0,0,0.000000,3,0.023359,0.028530,178,1.239788
s0_m0_c18_h06_t01,245512,latent_intent,0,0,0.180000,6,1,1,1.000000,0.828699,0.398268,0,2,2,1.000000,6,0.037773,0.046888,76,0.000000
s0_m0_c18_h06_t02,253431,language_prior,0,0,0.180000,6,0,0,0.166667,0.960354,0.142458,2,0,0,0.000000,8,0.026872,0.037271,178,0.872009
s0_m0_c18_h06_t02,253431,nearest_demo_replay,0,0,0.180000,6,0,0,0.500000,0.756996,0.409683,2,1,1,1.000000,3,0.033125,0.044686,178,0.117631
s0_m0_c18_h06_t02,253431,phase_retrieval,0,0,0.180000,6,0,0,0.000000,1.258449,0.000000,2,0,0,0.000000,5,0.032574,0.042795,178,1.376773
s0_m0_c18_h06_t02,253431,full_demo_attention,0,0,0.180000,6,0,0,0.000000,1.293819,0.000000,2,0,0,0.000000,3,0.026596,0.032514,178,1.374305
s0_m0_c18_h06_t02,253431,latent_intent,0,0,0.180000,6,1,1,1.000000,0.953941,0.392720,0,2,2,1.000000,5,0.037710,0.043149,86,0.000000
s0_m0_c18_h06_t03,261350,language_prior,0,0,0.180000,6,0,0,0.166667,1.174869,0.136872,2,0,0,0.000000,6,0.024740,0.034626,178,1.190834
s0_m0_c18_h06_t03,261350,nearest_demo_replay,0,0,0.180000,6,0,0,0.000000,1.175292,0.000000,2,0,0,0.000000,3,0.046791,0.068886,178,1.355253
s0_m0_c18_h06_t03,261350,phase_retrieval,0,0,0.180000,6,0,0,0.000000,1.231421,0.000000,2,0,0,0.000000,3,0.042003,0.067741,178,1.363514
s0_m0_c18_h06_t03,261350,full_demo_attention,0,0,0.180000,6,0,0,0.000000,1.213162,0.000000,2,0,0,0.000000,3,0.029682,0.035922,178,1.364077
s0_m0_c18_h06_t03,261350,latent_intent,0,0,0.180000,6,1,1,1.000000,0.939322,0.426357,0,2,2,1.000000,6,0.038109,0.043838,85,0.000000
s0_m0_c18_h06_t04,269269,language_prior,0,0,0.180000,6,0,0,0.166667,0.970148,0.142458,2,0,0,0.000000,8,0.026756,0.037276,178,0.875361
s0_m0_c18_h06_t04,269269,nearest_demo_replay,0,0,0.180000,6,0,0,0.000000,1.258790,0.000000,2,0,0,0.000000,4,0.035132,0.047433,178,1.386719
s0_m0_c18_h06_t04,269269,phase_retrieval,0,0,0.180000,6,0,0,0.000000,1.299575,0.000000,2,0,0,0.000000,3,0.034318,0.048013,178,1.374224
s0_m0_c18_h06_t04,269269,full_demo_attention,0,0,0.180000,6,0,0,0.000000,1.287316,0.000000,2,0,0,0.000000,2,0.031780,0.041099,178,1.376209
s0_m0_c18_h06_t04,269269,latent_intent,0,0,0.180000,6,1,1,1.000000,0.981203,0.385768,0,2,2,1.000000,5,0.037804,0.040218,88,0.000000
s0_m0_c18_h06_t05,277188,language_prior,0,0,0.180000,6,0,0,0.166667,0.932763,0.126629,2,0,0,0.000000,7,0.030240,0.040995,178,0.887395
s0_m0_c18_h06_t05,277188,nearest_demo_replay,0,0,0.180000,6,0,0,0.500000,0.581195,0.438547,2,1,1,1.000000,4,0.031533,0.040292,178,0.143878
s0_m0_c18_h06_t05,277188,phase_retrieval,0,0,0.180000,6,0,0,0.500000,0.772246,0.440410,2,1,1,1.000000,4,0.034551,0.045485,178,0.739144
s0_m0_c18_h06_t05,277188,full_demo_attention,0,0,0.180000,6,0,0,0.000000,1.272265,0.000000,2,0,0,0.000000,4,0.022956,0.025255,178,1.363149
s0_m0_c18_h06_t05,277188,latent_intent,0,0,0.180000,6,1,1,1.000000,0.852567,0.448718,0,2,2,1.000000,5,0.041697,0.046778,77,0.000000
s0_m0_c18_h09_t00,285107,language_prior,0,0,0.180000,9,0,0,0.333333,0.803133,0.301903,2,1,0,0.000000,9,0.027503,0.038182,250,0.718724
s0_m0_c18_h09_t00,285107,nearest_demo_replay,0,0,0.180000,9,0,0,0.333333,1.224627,0.264719,2,1,0,0.000000,5,0.036382,0.049682,250,1.348573
s0_m0_c18_h09_t00,285107,phase_retrieval,0,0,0.180000,9,0,0,0.333333,1.226735,0.264719,2,1,0,0.000000,4,0.036657,0.050116,250,1.326882
s0_m0_c18_h09_t00,285107,full_demo_attention,0,0,0.180000,9,0,0,0.000000,1.116261,0.000000,2,0,0,0.000000,2,0.022368,0.028884,250,1.201266
s0_m0_c18_h09_t00,285107,latent_intent,0,0,0.180000,9,1,1,1.000000,0.814892,0.459402,0,2,2,1.000000,6,0.040133,0.047620,103,0.000000
s0_m0_c18_h09_t01,293026,language_prior,0,0,0.180000,9,0,0,0.222222,1.157536,0.188136,2,0,0,0.000000,9,0.026463,0.037251,250,1.217249
s0_m0_c18_h09_t01,293026,nearest_demo_replay,0,0,0.180000,9,0,0,0.111111,0.824587,0.084108,2,0,0,0.000000,5,0.031522,0.041718,250,0.756227
s0_m0_c18_h09_t01,293026,phase_retrieval,0,0,0.180000,9,0,0,0.111111,0.804771,0.104028,2,0,0,0.000000,5,0.034496,0.048337,250,0.757532
s0_m0_c18_h09_t01,293026,full_demo_attention,0,0,0.180000,9,0,0,0.000000,0.731650,0.000000,2,0,0,0.000000,2,0.024735,0.032255,250,0.699569
s0_m0_c18_h09_t01,293026,latent_intent,0,0,0.180000,9,1,1,1.000000,0.830150,0.413413,0,2,2,1.000000,8,0.038669,0.043170,110,0.000000
s0_m0_c18_h09_t02,300945,language_prior,0,0,0.180000,9,0,0,0.222222,0.804034,0.184595,2,0,0,0.000000,8,0.024753,0.035049,250,0.722573
s0_m0_c18_h09_t02,300945,nearest_demo_replay,0,0,0.180000,9,0,0,0.111111,1.077851,0.104028,2,0,0,0.000000,5,0.035379,0.047907,250,1.175986
s0_m0_c18_h09_t02,300945,phase_retrieval,0,0,0.180000,9,0,0,0.000000,0.804557,0.000000,2,0,0,0.000000,4,0.041537,0.064323,250,0.777411
s0_m0_c18_h09_t02,300945,full_demo_attention,0,0,0.180000,9,0,0,0.000000,0.781299,0.000000,2,0,0,0.000000,3,0.027896,0.037311,250,0.776840
s0_m0_c18_h09_t02,300945,latent_intent,0,0,0.180000,9,1,1,1.000000,0.805421,0.427579,0,2,2,1.000000,8,0.041102,0.047052,111,0.000000
s0_m0_c18_h09_t03,308864,language_prior,0,0,0.180000,9,0,0,0.222222,0.835367,0.197875,2,0,0,0.000000,9,0.026074,0.036646,250,0.744487
s0_m0_c18_h09_t03,308864,nearest_demo_replay,0,0,0.180000,9,0,0,0.111111,1.171388,0.104914,2,0,0,0.000000,4,0.037493,0.051540,250,1.337674
s0_m0_c18_h09_t03,308864,phase_retrieval,0,0,0.180000,9,0,0,0.000000,0.807555,0.000000,2,0,0,0.000000,6,0.038185,0.053468,250,0.732832
s0_m0_c18_h09_t03,308864,full_demo_attention,0,0,0.180000,9,0,0,0.000000,0.750279,0.000000,2,0,0,0.000000,3,0.023966,0.027245,250,0.725584
s0_m0_c18_h09_t03,308864,latent_intent,0,0,0.180000,9,1,1,1.000000,0.893224,0.425161,0,2,2,1.000000,9,0.038436,0.042043,120,0.000000
s0_m0_c18_h09_t04,316783,language_prior,0,0,0.180000,9,0,0,0.444444,0.768858,0.397078,2,1,1,1.000000,8,0.028552,0.040660,250,0.727159
s0_m0_c18_h09_t04,316783,nearest_demo_replay,0,0,0.180000,9,0,0,0.333333,1.429989,0.291722,2,1,0,0.000000,2,0.034154,0.047059,250,1.636713
s0_m0_c18_h09_t04,316783,phase_retrieval,0,0,0.180000,9,0,0,0.111111,1.238377,0.083223,2,0,0,0.000000,4,0.029577,0.045059,250,1.268092
s0_m0_c18_h09_t04,316783,full_demo_attention,0,0,0.180000,9,0,0,0.111111,1.180275,0.109340,2,0,0,0.000000,3,0.026536,0.033638,250,1.263625
s0_m0_c18_h09_t04,316783,latent_intent,0,0,0.180000,9,1,1,1.000000,0.765412,0.445614,0,2,2,1.000000,6,0.044160,0.051404,94,0.000000
s0_m0_c18_h09_t05,324702,language_prior,0,0,0.180000,9,0,0,0.333333,1.175458,0.262506,2,1,0,0.000000,8,0.029125,0.039845,250,1.261417
s0_m0_c18_h09_t05,324702,nearest_demo_replay,0,0,0.180000,9,0,0,0.111111,0.867862,0.080124,2,0,0,0.000000,3,0.039137,0.054185,250,0.871654
s0_m0_c18_h09_t05,324702,phase_retrieval,0,0,0.180000,9,0,0,0.222222,1.350983,0.185038,2,0,0,0.000000,5,0.043347,0.059192,250,1.522831
s0_m0_c18_h09_t05,324702,full_demo_attention,0,0,0.180000,9,0,0,0.111111,0.888215,0.096946,2,0,0,0.000000,3,0.027984,0.035592,250,0.906056
s0_m0_c18_h09_t05,324702,latent_intent,0,0,0.180000,9,1,1,1.000000,0.759113,0.436966,0,2,2,1.000000,8,0.040736,0.046547,103,0.000000
s0_m0_c18_h12_t00,332621,language_prior,0,0,0.180000,12,0,0,0.416667,1.073730,0.352683,2,1,1,1.000000,10,0.028251,0.038821,322,1.152166
s0_m0_c18_h12_t00,332621,nearest_demo_replay,0,0,0.180000,12,0,0,0.500000,0.636394,0.411507,2,1,0,0.000000,5,0.036949,0.051190,322,0.201029
s0_m0_c18_h12_t00,332621,phase_retrieval,0,0,0.180000,12,0,0,0.083333,1.073076,0.078947,2,0,0,0.000000,8,0.035645,0.050908,322,1.140659
s0_m0_c18_h12_t00,332621,full_demo_attention,0,0,0.180000,12,0,0,0.000000,1.172553,0.000000,2,0,0,0.000000,2,0.024935,0.035025,322,1.238295
s0_m0_c18_h12_t00,332621,latent_intent,0,0,0.180000,12,1,1,1.000000,0.802894,0.434272,0,2,2,1.000000,8,0.040837,0.045448,141,0.000000
s0_m0_c18_h12_t01,340540,language_prior,0,0,0.180000,12,0,0,0.416667,0.854390,0.350877,2,1,1,1.000000,11,0.028241,0.039375,322,0.863366
s0_m0_c18_h12_t01,340540,nearest_demo_replay,0,0,0.180000,12,0,0,0.416667,0.651358,0.294376,2,1,0,0.000000,8,0.038383,0.053250,322,0.796900
s0_m0_c18_h12_t01,340540,phase_retrieval,0,0,0.180000,12,0,0,0.333333,0.910252,0.280186,2,1,0,0.000000,7,0.041602,0.063017,322,0.889873
s0_m0_c18_h12_t01,340540,full_demo_attention,0,0,0.180000,12,0,0,0.000000,1.204017,0.000000,2,0,0,0.000000,2,0.029795,0.042961,322,1.283174
s0_m0_c18_h12_t01,340540,latent_intent,0,0,0.180000,12,1,1,1.000000,0.830273,0.461921,0,2,2,1.000000,9,0.038990,0.042624,150,0.000000
s0_m0_c18_h12_t02,348459,language_prior,0,0,0.180000,12,0,0,0.250000,1.302038,0.212848,2,0,0,0.000000,11,0.023700,0.034075,322,1.355479
s0_m0_c18_h12_t02,348459,nearest_demo_replay,0,0,0.180000,12,0,0,0.166667,0.839694,0.123581,2,0,0,0.000000,9,0.029631,0.039262,322,0.809442
s0_m0_c18_h12_t02,348459,phase_retrieval,0,0,0.180000,12,0,0,0.166667,0.819478,0.094943,2,0,0,0.000000,9,0.032583,0.043859,322,0.756523
s0_m0_c18_h12_t02,348459,full_demo_attention,0,0,0.180000,12,0,0,0.000000,1.191903,0.000000,2,0,0,0.000000,6,0.021464,0.023454,322,1.235468
s0_m0_c18_h12_t02,348459,latent_intent,0,0,0.180000,12,1,1,1.000000,0.815248,0.472222,0,2,2,1.000000,10,0.039130,0.042847,149,0.000000
s0_m0_c18_h12_t03,356378,language_prior,0,0,0.180000,12,0,0,0.250000,1.158831,0.218524,2,0,0,0.000000,12,0.025614,0.035959,322,1.202813
s0_m0_c18_h12_t03,356378,nearest_demo_replay,0,0,0.180000,12,0,0,0.000000,1.380826,0.000000,2,0,0,0.000000,5,0.040878,0.056319,322,1.592410
s0_m0_c18_h12_t03,356378,phase_retrieval,0,0,0.180000,12,0,0,0.000000,1.391268,0.000000,2,0,0,0.000000,7,0.040543,0.058107,322,1.599400
s0_m0_c18_h12_t03,356378,full_demo_attention,0,0,0.180000,12,0,0,0.000000,1.501181,0.000000,2,0,0,0.000000,3,0.024894,0.031798,322,1.608015
s0_m0_c18_h12_t03,356378,latent_intent,0,0,0.180000,12,1,1,1.000000,0.897129,0.452381,0,2,2,1.000000,10,0.040561,0.043604,160,0.000000
s0_m0_c18_h12_t04,364297,language_prior,0,0,0.180000,12,0,0,0.166667,1.124460,0.136997,2,0,0,0.000000,11,0.028352,0.039177,322,1.146801
s0_m0_c18_h12_t04,364297,nearest_demo_replay,0,0,0.180000,12,0,0,0.583333,1.104738,0.498194,2,1,1,1.000000,7,0.031427,0.039856,322,1.343393
s0_m0_c18_h12_t04,364297,phase_retrieval,0,0,0.180000,12,0,0,0.166667,0.647565,0.157637,2,0,0,0.000000,5,0.035087,0.046505,322,0.586810
s0_m0_c18_h12_t04,364297,full_demo_attention,0,0,0.180000,12,0,0,0.000000,0.480773,0.000000,2,0,0,0.000000,0,0.150555,0.299615,322,0.415180
s0_m0_c18_h12_t04,364297,latent_intent,0,0,0.180000,12,1,1,1.000000,0.782499,0.451049,0,2,2,1.000000,11,0.039911,0.045698,142,0.000000
s0_m0_c18_h12_t05,372216,language_prior,0,0,0.180000,12,0,0,0.416667,1.361328,0.351909,2,1,1,1.000000,11,0.027011,0.038328,322,1.541031
s0_m0_c18_h12_t05,372216,nearest_demo_replay,0,0,0.180000,12,0,0,0.083333,1.153401,0.081527,2,0,0,0.000000,6,0.036623,0.049868,322,1.228125
s0_m0_c18_h12_t05,372216,phase_retrieval,0,0,0.180000,12,0,0,0.166667,1.327773,0.155057,2,0,0,0.000000,3,0.029513,0.048377,322,1.395594
s0_m0_c18_h12_t05,372216,full_demo_attention,0,0,0.180000,12,0,0,0.083333,1.209547,0.081527,2,0,0,0.000000,2,0.019942,0.022911,322,1.284108
s0_m0_c18_h12_t05,372216,latent_intent,0,0,0.180000,12,1,1,1.000000,0.897601,0.470238,0,2,2,1.000000,10,0.039661,0.043390,153,0.000000
s0_m0_c35_h03_t00,380135,language_prior,0,0,0.350000,3,0,0,0.000000,1.378650,0.000000,2,0,0,0.000000,5,0.027084,0.036469,106,1.568903
s0_m0_c35_h03_t00,380135,nearest_demo_replay,0,0,0.350000,3,0,0,0.000000,0.836781,0.000000,2,0,0,0.000000,2,0.040878,0.057809,106,0.186554
s0_m0_c35_h03_t00,380135,phase_retrieval,0,0,0.350000,3,0,0,0.000000,1.277128,0.000000,2,0,0,0.000000,3,0.042485,0.060191,106,1.578585
s0_m0_c35_h03_t00,380135,full_demo_attention,0,0,0.350000,3,0,0,0.000000,1.356053,0.000000,2,0,0,0.000000,4,0.027943,0.031070,106,1.577167
s0_m0_c35_h03_t00,380135,latent_intent,0,0,0.350000,3,1,1,1.000000,0.819117,0.377193,0,2,2,1.000000,2,0.040983,0.052119,37,0.000000
s0_m0_c35_h03_t01,388054,language_prior,0,0,0.350000,3,0,0,0.000000,1.383365,0.000000,2,0,0,0.000000,5,0.027150,0.037152,106,1.567372
s0_m0_c35_h03_t01,388054,nearest_demo_replay,0,0,0.350000,3,0,0,0.000000,0.806622,0.000000,2,0,0,0.000000,2,0.051638,0.073937,106,0.145076
s0_m0_c35_h03_t01,388054,phase_retrieval,0,0,0.350000,3,0,0,0.000000,1.354798,0.000000,2,0,0,0.000000,4,0.044299,0.063982,106,1.580267
s0_m0_c35_h03_t01,388054,full_demo_attention,0,0,0.350000,3,0,0,0.000000,1.343303,0.000000,2,0,0,0.000000,3,0.033031,0.037426,106,1.577962
s0_m0_c35_h03_t01,388054,latent_intent,0,0,0.350000,3,1,1,1.000000,0.789922,0.375000,0,2,2,1.000000,2,0.042718,0.055843,39,0.000000
s0_m0_c35_h03_t02,395973,language_prior,0,0,0.350000,3,0,0,0.000000,0.815683,0.000000,2,0,0,0.000000,5,0.025544,0.033714,106,0.707692
s0_m0_c35_h03_t02,395973,nearest_demo_replay,0,0,0.350000,3,1,1,1.000000,0.882396,0.279279,0,2,2,1.000000,1,0.048577,0.065255,36,0.000000
s0_m0_c35_h03_t02,395973,phase_retrieval,0,0,0.350000,3,0,0,0.000000,1.246735,0.000000,2,0,0,0.000000,3,0.034234,0.049148,106,1.485132
s0_m0_c35_h03_t02,395973,full_demo_attention,0,0,0.350000,3,0,0,0.000000,1.361457,0.000000,2,0,0,0.000000,3,0.033531,0.042693,106,1.480400
s0_m0_c35_h03_t02,395973,latent_intent,0,0,0.350000,3,1,1,1.000000,0.934491,0.294574,0,2,2,1.000000,2,0.037856,0.046971,42,0.000000
s0_m0_c35_h03_t03,403892,language_prior,0,0,0.350000,3,0,0,0.333333,1.175333,0.274143,2,1,0,0.000000,5,0.028898,0.040146,106,1.316943
s0_m0_c35_h03_t03,403892,nearest_demo_replay,0,0,0.350000,3,0,0,0.333333,0.632289,0.289720,2,1,0,0.000000,2,0.029692,0.040656,106,0.135319
s0_m0_c35_h03_t03,403892,phase_retrieval,0,0,0.350000,3,0,0,0.000000,0.809404,0.000000,2,0,0,0.000000,4,0.029984,0.040049,106,0.803298
s0_m0_c35_h03_t03,403892,full_demo_attention,0,0,0.350000,3,0,0,0.000000,0.812023,0.000000,2,0,0,0.000000,4,0.026719,0.032929,106,0.803176
s0_m0_c35_h03_t03,403892,latent_intent,0,0,0.350000,3,1,1,1.000000,0.950141,0.354610,0,2,2,1.000000,3,0.039848,0.050420,46,0.000000
s0_m0_c35_h03_t04,411811,language_prior,0,0,0.350000,3,0,0,0.000000,1.336836,0.000000,2,0,0,0.000000,5,0.026727,0.035774,106,1.508254
s0_m0_c35_h03_t04,411811,nearest_demo_replay,0,0,0.350000,3,0,0,0.333333,0.603984,0.295950,2,1,0,0.000000,1,0.030527,0.043799,106,0.173091
s0_m0_c35_h03_t04,411811,phase_retrieval,0,0,0.350000,3,0,0,0.333333,1.052545,0.295950,2,1,0,0.000000,4,0.047384,0.065528,106,1.287223
s0_m0_c35_h03_t04,411811,full_demo_attention,0,0,0.350000,3,0,0,0.000000,1.315203,0.000000,2,0,0,0.000000,3,0.022189,0.025036,106,1.503552
s0_m0_c35_h03_t04,411811,latent_intent,0,0,0.350000,3,1,1,1.000000,0.762468,0.367521,0,2,2,1.000000,2,0.039111,0.049500,38,0.000000
s0_m0_c35_h03_t05,419730,language_prior,0,0,0.350000,3,0,0,0.333333,1.131570,0.299065,2,1,0,0.000000,5,0.033768,0.043307,106,1.266312
s0_m0_c35_h03_t05,419730,nearest_demo_replay,0,0,0.350000,3,1,1,1.000000,0.822125,0.401709,0,2,2,1.000000,2,0.056293,0.070287,38,0.000000
s0_m0_c35_h03_t05,419730,phase_retrieval,0,0,0.350000,3,1,1,1.000000,0.791274,0.398148,0,2,2,1.000000,2,0.059518,0.085671,35,0.000000
s0_m0_c35_h03_t05,419730,full_demo_attention,0,0,0.350000,3,0,0,0.000000,0.748542,0.000000,2,0,0,0.000000,3,0.025803,0.028687,106,0.772497
s0_m0_c35_h03_t05,419730,latent_intent,0,0,0.350000,3,1,1,1.000000,0.822235,0.401709,0,2,2,1.000000,2,0.044124,0.055681,38,0.000000
s0_m0_c35_h06_t00,427649,language_prior,0,0,0.350000,6,0,0,0.500000,1.294998,0.436685,2,1,1,1.000000,7,0.028300,0.040897,178,1.469331
s0_m0_c35_h06_t00,427649,nearest_demo_replay,0,0,0.350000,6,0,0,0.166667,0.460847,0.162942,2,0,0,0.000000,2,0.041813,0.060634,178,0.114527
s0_m0_c35_h06_t00,427649,phase_retrieval,0,0,0.350000,6,0,0,0.166667,0.711393,0.162942,2,0,0,0.000000,4,0.041146,0.065457,178,0.706594
s0_m0_c35_h06_t00,427649,full_demo_attention,0,0,0.350000,6,0,0,0.000000,0.781370,0.000000,2,0,0,0.000000,0,0.148039,0.292471,178,0.798545
s0_m0_c35_h06_t00,427649,latent_intent,0,0,0.350000,6,1,1,1.000000,0.833711,0.467593,0,2,2,1.000000,4,0.039135,0.044450,71,0.000000
s0_m0_c35_h06_t01,435568,language_prior,0,0,0.350000,6,0,0,0.333333,1.261757,0.297020,2,1,0,0.000000,6,0.027179,0.037224,178,1.331752
s0_m0_c35_h06_t01,435568,nearest_demo_replay,0,0,0.350000,6,0,0,0.166667,0.602215,0.162011,2,0,0,0.000000,3,0.039995,0.056337,178,0.137371
s0_m0_c35_h06_t01,435568,phase_retrieval,0,0,0.350000,6,0,0,0.166667,1.329304,0.162942,2,0,0,0.000000,5,0.039817,0.058477,178,1.505687
s0_m0_c35_h06_t01,435568,full_demo_attention,0,0,0.350000,6,0,0,0.000000,1.175979,0.000000,2,0,0,0.000000,4,0.026138,0.031978,178,1.295366
s0_m0_c35_h06_t01,435568,latent_intent,0,0,0.350000,6,1,1,1.000000,0.802119,0.490196,0,2,2,1.000000,4,0.039161,0.049096,67,0.000000
s0_m0_c35_h06_t02,443487,language_prior,0,0,0.350000,6,0,0,0.166667,1.180418,0.143389,2,0,0,0.000000,8,0.026832,0.037271,178,1.216233
s0_m0_c35_h06_t02,443487,nearest_demo_replay,0,0,0.350000,6,0,0,0.000000,0.587913,0.000000,2,0,0,0.000000,1,0.044157,0.064945,178,0.150035
s0_m0_c35_h06_t02,443487,phase_retrieval,0,0,0.350000,6,0,0,0.166667,1.105525,0.147114,2,0,0,0.000000,4,0.038622,0.053788,178,1.216993
s0_m0_c35_h06_t02,443487,full_demo_attention,0,0,0.350000,6,0,0,0.000000,1.230445,0.000000,2,0,0,0.000000,2,0.041617,0.064113,178,1.358729
s0_m0_c35_h06_t02,443487,latent_intent,0,0,0.350000,6,1,1,1.000000,0.928031,0.378601,0,2,2,1.000000,4,0.038388,0.043552,80,0.000000
s0_m0_c35_h06_t03,451406,language_prior,0,0,0.350000,6,0,0,0.166667,0.948511,0.149907,2,0,0,0.000000,7,0.026799,0.037609,178,0.892293
s0_m0_c35_h06_t03,451406,nearest_demo_replay,0,0,0.350000,6,0,0,0.000000,0.555095,0.000000,2,0,0,0.000000,3,0.038473,0.054217,178,0.144391
s0_m0_c35_h06_t03,451406,phase_retrieval,0,0,0.350000,6,0,0,0.000000,1.130741,0.000000,2,0,0,0.000000,5,0.042171,0.059257,178,1.247389
s0_m0_c35_h06_t03,451406,full_demo_attention,0,0,0.350000,6,0,0,0.000000,1.135913,0.000000,2,0,0,0.000000,3,0.059744,0.114771,178,1.255319
s0_m0_c35_h06_t03,451406,latent_intent,0,0,0.350000,6,1,1,1.000000,0.836378,0.430380,0,2,2,1.000000,6,0.043331,0.050001,78,0.000000
s0_m0_c35_h06_t04,459325,language_prior,0,0,0.350000,6,0,0,0.333333,0.839927,0.295158,2,1,0,0.000000,7,0.028423,0.040298,178,0.836900
s0_m0_c35_h06_t04,459325,nearest_demo_replay,0,0,0.350000,6,0,0,0.000000,0.743498,0.000000,2,0,0,0.000000,3,0.037280,0.051292,178,0.722390
s0_m0_c35_h06_t04,459325,phase_retrieval,0,0,0.350000,6,0,0,0.166667,1.091402,0.160149,2,0,0,0.000000,3,0.037163,0.051212,178,1.217714
s0_m0_c35_h06_t04,459325,full_demo_attention,0,0,0.350000,6,0,0,0.000000,0.767993,0.000000,2,0,0,0.000000,2,0.042458,0.075475,178,0.786717
s0_m0_c35_h06_t04,459325,latent_intent,0,0,0.350000,6,1,1,1.000000,0.874527,0.472222,0,2,2,1.000000,4,0.038913,0.045681,77,0.000000
s0_m0_c35_h06_t05,467244,language_prior,0,0,0.350000,6,0,0,0.500000,1.208806,0.431099,2,1,0,0.000000,7,0.027492,0.038916,178,1.357692
s0_m0_c35_h06_t05,467244,nearest_demo_replay,0,0,0.350000,6,0,0,0.166667,0.581007,0.160149,2,0,0,0.000000,2,0.032795,0.047264,178,0.116465
s0_m0_c35_h06_t05,467244,phase_retrieval,0,0,0.350000,6,0,0,0.500000,0.762913,0.453445,2,1,1,1.000000,3,0.032996,0.044032,178,0.736913
s0_m0_c35_h06_t05,467244,full_demo_attention,0,0,0.350000,6,0,0,0.166667,1.120766,0.160149,2,0,0,0.000000,3,0.028386,0.033896,178,1.255080
s0_m0_c35_h06_t05,467244,latent_intent,0,0,0.350000,6,1,1,1.000000,0.901537,0.484848,0,2,2,1.000000,4,0.036454,0.044047,76,0.000000
s0_m0_c35_h09_t00,475163,language_prior,0,0,0.350000,9,0,0,0.444444,1.350697,0.378043,2,1,1,1.000000,9,0.027687,0.039074,250,1.532967
s0_m0_c35_h09_t00,475163,nearest_demo_replay,0,0,0.350000,9,0,0,0.111111,1.182599,0.109340,2,0,0,0.000000,2,0.035285,0.049325,250,1.317625
s0_m0_c35_h09_t00,475163,phase_retrieval,0,0,0.350000,9,0,0,0.111111,1.196174,0.109340,2,0,0,0.000000,3,0.036546,0.052408,250,1.340960
s0_m0_c35_h09_t00,475163,full_demo_attention,0,0,0.350000,9,0,0,0.111111,1.231933,0.109340,2,0,0,0.000000,2,0.023669,0.027755,250,1.338906
s0_m0_c35_h09_t00,475163,latent_intent,0,0,0.350000,9,1,1,1.000000,0.844277,0.497497,0,2,2,1.000000,7,0.038594,0.042796,110,0.000000
s0_m0_c35_h09_t01,483082,language_prior,0,0,0.350000,9,0,0,0.444444,1.137644,0.369633,2,1,1,1.000000,9,0.029204,0.040220,250,1.231870
s0_m0_c35_h09_t01,483082,nearest_demo_replay,0,0,0.350000,9,0,0,0.000000,1.396672,0.000000,2,0,0,0.000000,3,0.048032,0.069484,250,1.568288
s0_m0_c35_h09_t01,483082,phase_retrieval,0,0,0.350000,9,0,0,0.333333,1.090260,0.230633,2,1,0,0.000000,4,0.049772,0.070543,250,1.248652
s0_m0_c35_h09_t01,483082,full_demo_attention,0,0,0.350000,9,0,0,0.000000,1.427089,0.000000,2,0,0,0.000000,3,0.045589,0.084550,250,1.556164
s0_m0_c35_h09_t01,483082,latent_intent,0,0,0.350000,9,1,1,1.000000,0.840758,0.426087,0,2,2,1.000000,7,0.040009,0.044265,114,0.000000
s0_m0_c35_h09_t02,491001,language_prior,0,0,0.350000,9,0,0,0.111111,0.842457,0.092076,2,0,0,0.000000,9,0.028489,0.039464,250,0.736607
s0_m0_c35_h09_t02,491001,nearest_demo_replay,0,0,0.350000,9,0,0,0.333333,1.295606,0.278442,2,1,0,0.000000,5,0.040442,0.061070,250,1.472407
s0_m0_c35_h09_t02,491001,phase_retrieval,0,0,0.350000,9,0,0,0.111111,1.382384,0.084108,2,0,0,0.000000,4,0.036026,0.049514,250,1.568439
s0_m0_c35_h09_t02,491001,full_demo_attention,0,0,0.350000,9,0,0,0.000000,0.791664,0.000000,2,0,0,0.000000,1,0.052283,0.097329,250,0.849900
s0_m0_c35_h09_t02,491001,latent_intent,0,0,0.350000,9,1,1,1.000000,0.874296,0.454023,0,2,2,1.000000,7,0.038955,0.044866,115,0.000000
s0_m0_c35_h09_t03,498920,language_prior,0,0,0.350000,9,0,0,0.444444,0.781555,0.397521,2,1,1,1.000000,8,0.028375,0.039590,250,0.759785
s0_m0_c35_h09_t03,498920,nearest_demo_replay,0,0,0.350000,9,0,0,0.111111,1.150166,0.108898,2,0,0,0.000000,3,0.034647,0.049777,250,1.266013
s0_m0_c35_h09_t03,498920,phase_retrieval,0,0,0.350000,9,0,0,0.333333,1.288482,0.303674,2,1,0,0.000000,5,0.033315,0.048035,250,1.408435
s0_m0_c35_h09_t03,498920,full_demo_attention,0,0,0.350000,9,0,0,0.111111,1.180063,0.109340,2,0,0,0.000000,3,0.019482,0.025439,250,1.248967
s0_m0_c35_h09_t03,498920,latent_intent,0,0,0.350000,9,1,1,1.000000,0.776522,0.457778,0,2,2,1.000000,5,0.042344,0.049440,99,0.000000
s0_m0_c35_h09_t04,506839,language_prior,0,0,0.350000,9,0,0,0.333333,1.190680,0.286410,2,1,0,0.000000,9,0.027817,0.038999,250,1.295558
s0_m0_c35_h09_t04,506839,nearest_demo_replay,0,0,0.350000,9,0,0,0.000000,0.835871,0.000000,2,0,0,0.000000,5,0.044522,0.063375,250,0.811817
s0_m0_c35_h09_t04,506839,phase_retrieval,0,0,0.350000,9,0,0,0.333333,1.167027,0.281983,2,1,0,0.000000,4,0.037942,0.052127,250,1.273888
s0_m0_c35_h09_t04,506839,full_demo_attention,0,0,0.350000,9,0,0,0.000000,0.779667,0.000000,2,0,0,0.000000,3,0.026161,0.033263,250,0.768458
s0_m0_c35_h09_t04,506839,latent_intent,0,0,0.350000,9,1,1,1.000000,0.797403,0.459547,0,2,2,1.000000,7,0.040868,0.049125,102,0.000000
s0_m0_c35_h09_t05,514758,language_prior,0,0,0.350000,9,0,0,0.444444,0.818847,0.393094,2,1,0,0.000000,9,0.027489,0.038574,250,0.792831
s0_m0_c35_h09_t05,514758,nearest_demo_replay,0,0,0.350000,9,0,0,0.333333,1.228873,0.285525,2,1,0,0.000000,5,0.041944,0.061359,250,1.368761
s0_m0_c35_h09_t05,514758,phase_retrieval,0,0,0.350000,9,0,0,0.333333,1.259566,0.285967,2,1,0,0.000000,5,0.037052,0.056992,250,1.411206
s0_m0_c35_h09_t05,514758,full_demo_attention,0,0,0.350000,9,0,0,0.000000,1.265876,0.000000,2,0,0,0.000000,2,0.030604,0.040043,250,1.367166
s0_m0_c35_h09_t05,514758,latent_intent,0,0,0.350000,9,1,1,1.000000,0.818443,0.473251,0,2,2,1.000000,7,0.039484,0.045150,107,0.000000
s0_m0_c35_h12_t00,522677,language_prior,0,0,0.350000,12,0,0,0.250000,1.181411,0.223684,2,0,0,0.000000,10,0.024123,0.033987,322,1.205334
s0_m0_c35_h12_t00,522677,nearest_demo_replay,0,0,0.350000,12,0,0,0.166667,0.746083,0.161507,2,0,0,0.000000,5,0.039447,0.056468,322,0.764440
s0_m0_c35_h12_t00,522677,phase_retrieval,0,0,0.350000,12,0,0,0.166667,0.770794,0.148607,2,0,0,0.000000,3,0.034734,0.049732,322,0.755044
s0_m0_c35_h12_t00,522677,full_demo_attention,0,0,0.350000,12,0,0,0.000000,1.215355,0.000000,2,0,0,0.000000,2,0.024774,0.029824,322,1.296327
s0_m0_c35_h12_t00,522677,latent_intent,0,0,0.350000,12,1,1,1.000000,0.769189,0.482955,0,2,2,1.000000,8,0.041247,0.046609,131,0.000000
s0_m0_c35_h12_t01,530596,language_prior,0,0,0.350000,12,0,0,0.250000,1.137220,0.222652,2,0,0,0.000000,10,0.025135,0.035792,322,1.150517
s0_m0_c35_h12_t01,530596,nearest_demo_replay,0,0,0.350000,12,0,0,0.500000,0.569287,0.434727,2,1,0,0.000000,5,0.038861,0.059254,322,0.147978
s0_m0_c35_h12_t01,530596,phase_retrieval,0,0,0.350000,12,0,0,0.333333,1.167622,0.300310,2,1,0,0.000000,7,0.041054,0.062330,322,1.262469
s0_m0_c35_h12_t01,530596,full_demo_attention,0,0,0.350000,12,0,0,0.083333,1.372708,0.082043,2,0,0,0.000000,2,0.024284,0.030928,322,1.481377
s0_m0_c35_h12_t01,530596,latent_intent,0,0,0.350000,12,1,1,1.000000,0.762325,0.480769,0,2,2,1.000000,8,0.041450,0.047575,129,0.000000
s0_m0_c35_h12_t02,538515,language_prior,0,0,0.350000,12,0,0,0.166667,1.155462,0.139061,2,0,0,0.000000,11,0.027680,0.038153,322,1.194272
s0_m0_c35_h12_t02,538515,nearest_demo_replay,0,0,0.350000,12,0,0,0.166667,1.110877,0.141383,2,0,0,0.000000,10,0.039203,0.054448,322,1.248871
s0_m0_c35_h12_t02,538515,phase_retrieval,0,0,0.350000,12,0,0,0.250000,0.773637,0.231682,2,0,0,0.000000,3,0.035675,0.053156,322,0.752077
s0_m0_c35_h12_t02,538515,full_demo_attention,0,0,0.350000,12,0,0,0.000000,1.250140,0.000000,2,0,0,0.000000,3,0.027608,0.035161,322,1.348610
s0_m0_c35_h12_t02,538515,latent_intent,0,0,0.350000,12,1,1,1.000000,0.850725,0.466111,0,2,2,1.000000,11,0.040007,0.042103,149,0.000000
s0_m0_c35_h12_t03,546434,language_prior,0,0,0.350000,12,0,0,0.500000,1.099100,0.430857,2,1,1,1.000000,10,0.026019,0.036759,322,1.208868
s0_m0_c35_h12_t03,546434,nearest_demo_replay,0,0,0.350000,12,0,0,0.083333,0.793506,0.081527,2,0,0,0.000000,3,0.041462,0.057629,322,0.798826
s0_m0_c35_h12_t03,546434,phase_retrieval,0,0,0.350000,12,0,0,0.083333,0.804202,0.081527,2,0,0,0.000000,4,0.045423,0.065550,322,0.784826
s0_m0_c35_h12_t03,546434,full_demo_attention,0,0,0.350000,12,0,0,0.000000,0.744481,0.000000,2,0,0,0.000000,0,0.146681,0.291043,322,0.731051
s0_m0_c35_h12_t03,546434,latent_intent,0,0,0.350000,12,1,1,1.000000,0.837118,0.492274,0,2,2,1.000000,10,0.038877,0.045623,150,0.000000
s0_m0_c35_h12_t04,554353,language_prior,0,0,0.350000,12,0,0,0.250000,0.929044,0.209752,2,0,0,0.000000,12,0.028360,0.039732,322,0.889341
s0_m0_c35_h12_t04,554353,nearest_demo_replay,0,0,0.350000,12,0,0,0.000000,1.344096,0.000000,2,0,0,0.000000,7,0.037127,0.050446,322,1.613317
s0_m0_c35_h12_t04,554353,phase_retrieval,0,0,0.350000,12,0,0,0.000000,1.425556,0.000000,2,0,0,0.000000,5,0.035936,0.049696,322,1.610366
s0_m0_c35_h12_t04,554353,full_demo_attention,0,0,0.350000,12,0,0,0.000000,1.493703,0.000000,2,0,0,0.000000,3,0.034983,0.055718,322,1.611386
s0_m0_c35_h12_t04,554353,latent_intent,0,0,0.350000,12,1,1,1.000000,0.905295,0.459388,0,2,2,1.000000,12,0.040344,0.043726,157,0.000000
s0_m0_c35_h12_t05,562272,language_prior,0,0,0.350000,12,0,0,0.333333,1.227606,0.275800,2,1,0,0.000000,11,0.026005,0.037308,322,1.312123
s0_m0_c35_h12_t05,562272,nearest_demo_replay,0,0,0.350000,12,0,0,0.083333,0.707047,0.079205,2,0,0,0.000000,6,0.037911,0.051008,322,0.571919
s0_m0_c35_h12_t05,562272,phase_retrieval,0,0,0.350000,12,0,0,0.166667,1.095840,0.155315,2,0,0,0.000000,8,0.039917,0.059854,322,1.236635
s0_m0_c35_h12_t05,562272,full_demo_attention,0,0,0.350000,12,0,0,0.000000,1.257359,0.000000,2,0,0,0.000000,4,0.028179,0.034466,322,1.336936
s0_m0_c35_h12_t05,562272,latent_intent,0,0,0.350000,12,1,1,1.000000,0.874522,0.460692,0,2,2,1.000000,12,0.038377,0.039213,158,0.000000
s0_m1_c00_h03_t00,570191,language_prior,0,1,0.000000,3,0,0,0.000000,0.908520,0.000000,2,0,0,0.000000,5,0.027591,0.037631,106,0.779935
s0_m1_c00_h03_t00,570191,nearest_demo_replay,0,1,0.000000,3,0,0,0.000000,2.951026,0.000000,2,0,0,0.000000,0,0.019154,0.024958,106,5.475021
s0_m1_c00_h03_t00,570191,phase_retrieval,0,1,0.000000,3,0,0,0.333333,1.237743,0.277259,2,1,0,0.000000,3,0.033341,0.050541,106,1.410571
s0_m1_c00_h03_t00,570191,full_demo_attention,0,1,0.000000,3,0,0,0.000000,0.831493,0.000000,2,0,0,0.000000,3,0.020245,0.023053,106,0.732822
s0_m1_c00_h03_t00,570191,latent_intent,0,1,0.000000,3,1,1,1.000000,1.062628,0.333333,0,2,2,1.000000,2,0.033779,0.043576,50,0.000000
s0_m1_c00_h03_t01,578110,language_prior,0,1,0.000000,3,0,0,0.333333,1.177684,0.299065,2,1,0,0.000000,5,0.032267,0.042806,106,1.329382
s0_m1_c00_h03_t01,578110,nearest_demo_replay,0,1,0.000000,3,0,0,0.000000,2.780644,0.000000,2,0,0,0.000000,0,0.002114,0.001305,106,5.544879
s0_m1_c00_h03_t01,578110,phase_retrieval,0,1,0.000000,3,1,1,1.000000,0.750201,0.416667,0,2,2,1.000000,1,0.047629,0.065978,31,0.000000
s0_m1_c00_h03_t01,578110,full_demo_attention,0,1,0.000000,3,0,0,0.333333,1.094340,0.311526,2,1,0,0.000000,3,0.026745,0.030720,106,1.329800
s0_m1_c00_h03_t01,578110,latent_intent,0,1,0.000000,3,1,1,1.000000,0.888701,0.418803,0,2,2,1.000000,2,0.046125,0.058259,38,0.000000
s0_m1_c00_h03_t02,586029,language_prior,0,1,0.000000,3,0,0,0.333333,0.753596,0.299065,2,1,0,0.000000,5,0.029014,0.040741,106,0.744236
s0_m1_c00_h03_t02,586029,nearest_demo_replay,0,1,0.000000,3,0,0,0.000000,2.799093,0.000000,2,0,0,0.000000,0,0.003042,0.003969,106,5.560786
s0_m1_c00_h03_t02,586029,phase_retrieval,0,1,0.000000,3,0,0,0.333333,1.085697,0.311526,2,1,0,0.000000,4,0.033478,0.047622,106,1.315412
s0_m1_c00_h03_t02,586029,full_demo_attention,0,1,0.000000,3,0,0,0.000000,1.027110,0.000000,2,0,0,0.000000,3,0.025650,0.029997,106,1.191799
s0_m1_c00_h03_t02,586029,latent_intent,0,1,0.000000,3,1,1,1.000000,0.834943,0.403509,0,2,2,1.000000,2,0.038998,0.053979,37,0.000000
s0_m1_c00_h03_t03,593948,language_prior,0,1,0.000000,3,0,0,0.333333,1.121056,0.299065,2,1,0,0.000000,5,0.029775,0.042105,106,1.251869
s0_m1_c00_h03_t03,593948,nearest_demo_replay,0,1,0.000000,3,0,0,0.000000,2.778905,0.000000,2,0,0,0.000000,0,0.006220,0.009485,106,5.521651
s0_m1_c00_h03_t03,593948,phase_retrieval,0,1,0.000000,3,1,1,1.000000,0.815767,0.416667,0,2,2,1.000000,2,0.048304,0.062296,35,0.000000
s0_m1_c00_h03_t03,593948,full_demo_attention,0,1,0.000000,3,0,0,0.000000,0.744518,0.000000,2,0,0,0.000000,3,0.025696,0.028428,106,0.764380
s0_m1_c00_h03_t03,593948,latent_intent,0,1,0.000000,3,1,1,1.000000,0.835040,0.421053,0,2,2,1.000000,2,0.041724,0.052444,37,0.000000
s0_m1_c00_h03_t04,601867,language_prior,0,1,0.000000,3,0,0,0.333333,1.289135,0.280374,2,1,0,0.000000,5,0.032151,0.044694,106,1.472337
s0_m1_c00_h03_t04,601867,nearest_demo_replay,0,1,0.000000,3,0,0,0.000000,2.853904,0.000000,2,0,0,0.000000,0,0.020241,0.027465,106,5.537022
s0_m1_c00_h03_t04,601867,phase_retrieval,0,1,0.000000,3,1,1,1.000000,0.847824,0.341463,0,2,2,1.000000,1,0.044951,0.055962,40,0.000000
s0_m1_c00_h03_t04,601867,full_demo_attention,0,1,0.000000,3,0,0,0.000000,0.771254,0.000000,2,0,0,0.000000,3,0.030049,0.035614,106,0.725225
s0_m1_c00_h03_t04,601867,latent_intent,0,1,0.000000,3,1,1,1.000000,0.943851,0.354610,0,2,2,1.000000,3,0.038682,0.044510,46,0.000000
s0_m1_c00_h03_t05,609786,language_prior,0,1,0.000000,3,0,0,0.333333,0.836019,0.320872,2,1,0,0.000000,5,0.030383,0.043147,106,0.778279
s0_m1_c00_h03_t05,609786,nearest_demo_replay,0,1,0.000000,3,0,0,0.000000,2.645985,0.000000,2,0,0,0.000000,0,0.007302,0.004884,106,5.556053
s0_m1_c00_h03_t05,609786,phase_retrieval,0,1,0.000000,3,0,0,0.333333,1.147471,0.320872,2,1,0,0.000000,3,0.035553,0.050457,106,1.353091
s0_m1_c00_h03_t05,609786,full_demo_attention,0,1,0.000000,3,0,0,0.000000,0.822490,0.000000,2,0,0,0.000000,3,0.025501,0.029126,106,0.864154
s0_m1_c00_h03_t05,609786,latent_intent,0,1,0.000000,3,1,1,1.000000,0.955339,0.441667,0,2,2,1.000000,2,0.042810,0.049607,39,0.000000
s0_m1_c00_h06_t00,617705,language_prior,0,1,0.000000,6,0,0,0.333333,1.344889,0.271881,2,1,0,0.000000,7,0.027650,0.038654,178,1.497307
s0_m1_c00_h06_t00,617705,nearest_demo_replay,0,1,0.000000,6,0,0,0.166667,6.172978,0.135009,2,0,0,0.000000,0,0.024184,0.033814,178,12.827031
s0_m1_c00_h06_t00,617705,phase_retrieval,0,1,0.000000,6,0,0,0.000000,1.363650,0.000000,2,0,0,0.000000,3,0.035022,0.048880,178,1.582320
s0_m1_c00_h06_t00,617705,full_demo_attention,0,1,0.000000,6,0,0,0.000000,1.431326,0.000000,2,0,0,0.000000,2,0.022182,0.023715,178,1.583084
s0_m1_c00_h06_t00,617705,latent_intent,0,1,0.000000,6,1,1,1.000000,0.945122,0.398810,0,2,2,1.000000,5,0.038681,0.043632,83,0.000000
s0_m1_c00_h06_t01,625624,language_prior,0,1,0.000000,6,0,0,0.500000,1.080690,0.446927,2,1,1,1.000000,6,0.028501,0.039631,178,1.190666
s0_m1_c00_h06_t01,625624,nearest_demo_replay,0,1,0.000000,6,0,0,0.000000,6.678801,0.000000,2,0,0,0.000000,0,0.004875,0.002799,178,13.817916
s0_m1_c00_h06_t01,625624,phase_retrieval,0,1,0.000000,6,0,0,0.500000,1.025439,0.454376,2,1,1,1.000000,3,0.033925,0.045919,178,1.186093
s0_m1_c00_h06_t01,625624,full_demo_attention,0,1,0.000000,6,0,0,0.166667,1.341441,0.162011,2,0,0,0.000000,3,0.024130,0.031062,178,1.509964
s0_m1_c00_h06_t01,625624,latent_intent,0,1,0.000000,6,1,1,1.000000,0.811826,0.479452,0,2,2,1.000000,4,0.040128,0.047749,72,0.000000
s0_m1_c00_h06_t02,633543,language_prior,0,1,0.000000,6,0,0,0.333333,1.213443,0.282123,2,1,0,0.000000,7,0.027240,0.038082,178,1.329706
s0_m1_c00_h06_t02,633543,nearest_demo_replay,0,1,0.000000,6,0,0,0.000000,6.738597,0.000000,2,0,0,0.000000,0,0.016559,0.023328,178,13.804028
s0_m1_c00_h06_t02,633543,phase_retrieval,0,1,0.000000,6,0,0,0.000000,0.868975,0.000000,2,0,0,0.000000,4,0.033572,0.048349,178,0.789852
s0_m1_c00_h06_t02,633543,full_demo_attention,0,1,0.000000,6,0,0,0.000000,0.791692,0.000000,2,0,0,0.000000,3,0.025771,0.030435,178,0.783672
s0_m1_c00_h06_t02,633543,latent_intent,0,1,0.000000,6,1,1,1.000000,0.922881,0.424242,0,2,2,1.000000,6,0.038809,0.043139,87,0.000000
s0_m1_c00_h06_t03,641462,language_prior,0,1,0.000000,6,0,0,0.166667,0.901886,0.126629,2,0,0,0.000000,7,0.029713,0.039738,178,0.861073
s0_m1_c00_h06_t03,641462,nearest_demo_replay,0,1,0.000000,6,0,0,0.000000,6.686548,0.000000,2,0,0,0.000000,0,0.004214,0.003256,178,13.845666
s0_m1_c00_h06_t03,641462,phase_retrieval,0,1,0.000000,6,0,0,0.500000,0.736505,0.439479,2,1,1,1.000000,4,0.034140,0.043011,178,0.721839
s0_m1_c00_h06_t03,641462,full_demo_attention,0,1,0.000000,6,0,0,0.000000,1.232888,0.000000,2,0,0,0.000000,3,0.023967,0.032526,178,1.318132
s0_m1_c00_h06_t03,641462,latent_intent,0,1,0.000000,6,1,1,1.000000,0.815908,0.443723,0,2,2,1.000000,5,0.039526,0.045174,76,0.000000
s0_m1_c00_h06_t04,649381,language_prior,0,1,0.000000,6,0,0,0.333333,1.247771,0.279330,2,1,0,0.000000,7,0.026877,0.037740,178,1.366561
s0_m1_c00_h06_t04,649381,nearest_demo_replay,0,1,0.000000,6,0,0,0.000000,6.740840,0.000000,2,0,0,0.000000,0,0.015679,0.021097,178,13.816997
s0_m1_c00_h06_t04,649381,phase_retrieval,0,1,0.000000,6,0,0,0.500000,0.761616,0.416201,2,1,1,1.000000,6,0.032621,0.042658,178,0.597684
s0_m1_c00_h06_t04,649381,full_demo_attention,0,1,0.000000,6,0,0,0.000000,0.787188,0.000000,2,0,0,0.000000,3,0.025560,0.029758,178,0.779736
s0_m1_c00_h06_t04,649381,latent_intent,0,1,0.000000,6,1,1,1.000000,0.924629,0.418561,0,2,2,1.000000,6,0.037093,0.042332,87,0.000000
s0_m1_c00_h06_t05,657300,language_prior,0,1,0.000000,6,0,0,0.166667,1.115266,0.150838,2,0,0,0.000000,7,0.026480,0.036636,178,1.180730
s0_m1_c00_h06_t05,657300,nearest_demo_replay,0,1,0.000000,6,0,0,0.000000,6.769220,0.000000,2,0,0,0.000000,0,0.016968,0.022767,178,13.884106
s0_m1_c00_h06_t05,657300,phase_retrieval,0,1,0.000000,6,0,0,0.000000,1.243097,0.000000,2,0,0,0.000000,4,0.035001,0.048281,178,1.473965
s0_m1_c00_h06_t05,657300,full_demo_attention,0,1,0.000000,6,0,0,0.000000,1.354022,0.000000,2,0,0,0.000000,3,0.020856,0.024479,178,1.476114
s0_m1_c00_h06_t05,657300,latent_intent,0,1,0.000000,6,1,1,1.000000,0.855340,0.439583,0,2,2,1.000000,6,0.040004,0.045501,79,0.000000
s0_m1_c00_h09_t00,665219,language_prior,0,1,0.000000,9,0,0,0.222222,0.888479,0.173971,2,0,0,0.000000,10,0.029263,0.040563,250,0.797451
s0_m1_c00_h09_t00,665219,nearest_demo_replay,0,1,0.000000,9,0,0,0.000000,11.277630,0.000000,2,0,0,0.000000,0,0.002624,0.001798,250,22.156172
s0_m1_c00_h09_t00,665219,phase_retrieval,0,1,0.000000,9,0,0,0.000000,1.283850,0.000000,2,0,0,0.000000,4,0.035321,0.050877,250,1.406003
s0_m1_c00_h09_t00,665219,full_demo_attention,0,1,0.000000,9,0,0,0.000000,1.295493,0.000000,2,0,0,0.000000,2,0.024462,0.027172,250,1.412212
s0_m1_c00_h09_t00,665219,latent_intent,0,1,0.000000,9,1,1,1.000000,0.896193,0.444444,0,2,2,1.000000,8,0.041474,0.045177,119,0.000000
s0_m1_c00_h09_t01,673138,language_prior,0,1,0.000000,9,0,0,0.111111,0.826919,0.092076,2,0,0,0.000000,10,0.028749,0.039635,250,0.727350
s0_m1_c00_h09_t01,673138,nearest_demo_replay,0,1,0.000000,9,0,0,0.000000,11.261660,0.000000,2,0,0,0.000000,0,0.003525,0.003242,250,22.108149
s0_m1_c00_h09_t01,673138,phase_retrieval,0,1,0.000000,9,0,0,0.333333,1.183754,0.281541,2,1,0,0.000000,5,0.034133,0.046411,250,1.326244
s0_m1_c00_h09_t01,673138,full_demo_attention,0,1,0.000000,9,0,0,0.111111,1.357206,0.106242,2,0,0,0.000000,3,0.025003,0.027644,250,1.522342
s0_m1_c00_h09_t01,673138,latent_intent,0,1,0.000000,9,1,1,1.000000,0.829855,0.417191,0,2,2,1.000000,8,0.042760,0.048809,105,0.000000
s0_m1_c00_h09_t02,681057,language_prior,0,1,0.000000,9,0,0,0.333333,1.222154,0.262063,2,1,0,0.000000,8,0.030519,0.041997,250,1.314604
s0_m1_c00_h09_t02,681057,nearest_demo_replay,0,1,0.000000,9,0,0,0.000000,11.254479,0.000000,2,0,0,0.000000,0,0.003328,0.002892,250,22.115593
s0_m1_c00_h09_t02,681057,phase_retrieval,0,1,0.000000,9,0,0,0.333333,1.198165,0.258964,2,1,0,0.000000,4,0.032725,0.043261,250,1.316300
s0_m1_c00_h09_t02,681057,full_demo_attention,0,1,0.000000,9,0,0,0.000000,1.455611,0.000000,2,0,0,0.000000,2,0.023637,0.030075,250,1.583879
s0_m1_c00_h09_t02,681057,latent_intent,0,1,0.000000,9,1,1,1.000000,0.828710,0.452381,0,2,2,1.000000,7,0.040033,0.047182,111,0.000000
s0_m1_c00_h09_t03,688976,language_prior,0,1,0.000000,9,0,0,0.333333,1.355860,0.269146,2,1,0,0.000000,8,0.026525,0.038582,250,1.479127
s0_m1_c00_h09_t03,688976,nearest_demo_replay,0,1,0.000000,9,0,0,0.000000,11.274661,0.000000,2,0,0,0.000000,0,0.003545,0.003816,250,22.089952
s0_m1_c00_h09_t03,688976,phase_retrieval,0,1,0.000000,9,0,0,0.333333,1.272313,0.298362,2,1,0,0.000000,8,0.034648,0.045694,250,1.474235
s0_m1_c00_h09_t03,688976,full_demo_attention,0,1,0.000000,9,0,0,0.000000,1.165615,0.000000,2,0,0,0.000000,3,0.023111,0.025304,250,1.239821
s0_m1_c00_h09_t03,688976,latent_intent,0,1,0.000000,9,1,1,1.000000,0.899322,0.427350,0,2,2,1.000000,9,0.038510,0.041695,116,0.000000
s0_m1_c00_h09_t04,696895,language_prior,0,1,0.000000,9,0,0,0.222222,1.422046,0.191678,2,0,0,0.000000,8,0.024626,0.034689,250,1.538970
s0_m1_c00_h09_t04,696895,nearest_demo_replay,0,1,0.000000,9,0,0,0.111111,11.011562,0.096060,2,0,0,0.000000,0,0.014675,0.020740,250,21.705521
s0_m1_c00_h09_t04,696895,phase_retrieval,0,1,0.000000,9,0,0,0.000000,1.127602,0.000000,2,0,0,0.000000,7,0.032614,0.043713,250,1.325734
s0_m1_c00_h09_t04,696895,full_demo_attention,0,1,0.000000,9,0,0,0.000000,1.262905,0.000000,2,0,0,0.000000,5,0.026173,0.035152,250,1.319669
s0_m1_c00_h09_t04,696895,latent_intent,0,1,0.000000,9,1,1,1.000000,0.846782,0.440511,0,2,2,1.000000,8,0.039610,0.044393,112,0.000000
s0_m1_c00_h09_t05,704814,language_prior,0,1,0.000000,9,0,0,0.444444,1.154331,0.368305,2,1,1,1.000000,9,0.028181,0.040382,250,1.249871
s0_m1_c00_h09_t05,704814,nearest_demo_replay,0,1,0.000000,9,0,0,0.111111,10.994191,0.096060,2,0,0,0.000000,0,0.014443,0.020156,250,21.642578
s0_m1_c00_h09_t05,704814,phase_retrieval,0,1,0.000000,9,0,0,0.000000,1.398108,0.000000,2,0,0,0.000000,4,0.033878,0.052668,250,1.572535
s0_m1_c00_h09_t05,704814,full_demo_attention,0,1,0.000000,9,0,0,0.000000,1.456981,0.000000,2,0,0,0.000000,4,0.026118,0.036836,250,1.574116
s0_m1_c00_h09_t05,704814,latent_intent,0,1,0.000000,9,1,1,1.000000,0.859558,0.422414,0,2,2,1.000000,7,0.039185,0.044480,115,0.000000
s0_m1_c00_h12_t00,712733,language_prior,0,1,0.000000,12,0,0,0.250000,0.926128,0.208978,2,0,0,0.000000,12,0.027113,0.037363,322,0.877843
s0_m1_c00_h12_t00,712733,nearest_demo_replay,0,1,0.000000,12,0,0,0.000000,15.929344,0.000000,2,0,0,0.000000,0,0.012811,0.018067,322,30.353511
s0_m1_c00_h12_t00,712733,phase_retrieval,0,1,0.000000,12,0,0,0.250000,0.907506,0.219556,2,0,0,0.000000,6,0.036580,0.050216,322,0.878994
s0_m1_c00_h12_t00,712733,full_demo_attention,0,1,0.000000,12,0,0,0.000000,1.462002,0.000000,2,0,0,0.000000,2,0.020910,0.025300,322,1.566930
s0_m1_c00_h12_t00,712733,latent_intent,0,1,0.000000,12,1,1,1.000000,0.911814,0.469378,0,2,2,1.000000,12,0.039304,0.040836,165,0.000000
s0_m1_c00_h12_t01,720652,language_prior,0,1,0.000000,12,0,0,0.333333,1.159858,0.298504,2,1,0,0.000000,11,0.028946,0.040690,322,1.235522
s0_m1_c00_h12_t01,720652,nearest_demo_replay,0,1,0.000000,12,0,0,0.000000,15.975377,0.000000,2,0,0,0.000000,0,0.003932,0.002500,322,30.443581
s0_m1_c00_h12_t01,720652,phase_retrieval,0,1,0.000000,12,0,0,0.250000,0.821109,0.211816,2,0,0,0.000000,7,0.034046,0.045595,322,0.787300
s0_m1_c00_h12_t01,720652,full_demo_attention,0,1,0.000000,12,0,0,0.083333,1.242561,0.082043,2,0,0,0.000000,4,0.020475,0.024489,322,1.310191
s0_m1_c00_h12_t01,720652,latent_intent,0,1,0.000000,12,1,1,1.000000,0.882053,0.486022,0,2,2,1.000000,10,0.039800,0.044105,154,0.000000
s0_m1_c00_h12_t02,728571,language_prior,0,1,0.000000,12,0,0,0.416667,0.903143,0.346491,2,1,1,1.000000,11,0.026855,0.038519,322,0.904180
s0_m1_c00_h12_t02,728571,nearest_demo_replay,0,1,0.000000,12,0,0,0.000000,14.954928,0.000000,2,0,0,0.000000,1,0.018635,0.025679,322,29.039712
s0_m1_c00_h12_t02,728571,phase_retrieval,0,1,0.000000,12,0,0,0.166667,1.118649,0.156347,2,0,0,0.000000,7,0.034707,0.046171,322,1.245616
s0_m1_c00_h12_t02,728571,full_demo_attention,0,1,0.000000,12,0,0,0.000000,1.456836,0.000000,2,0,0,0.000000,3,0.021837,0.026907,322,1.569224
s0_m1_c00_h12_t02,728571,latent_intent,0,1,0.000000,12,1,1,1.000000,0.868334,0.453822,0,2,2,1.000000,10,0.038992,0.043701,156,0.000000
s0_m1_c00_h12_t03,736490,language_prior,0,1,0.000000,12,0,0,0.333333,0.943309,0.297472,2,1,0,0.000000,11,0.027250,0.038532,322,0.897984
s0_m1_c00_h12_t03,736490,nearest_demo_replay,0,1,0.000000,12,0,0,0.000000,15.955089,0.000000,2,0,0,0.000000,0,0.001946,0.001280,322,30.388082
s0_m1_c00_h12_t03,736490,phase_retrieval,0,1,0.000000,12,0,0,0.583333,0.814720,0.459494,2,1,1,1.000000,6,0.023051,0.030863,322,0.677828
s0_m1_c00_h12_t03,736490,full_demo_attention,0,1,0.000000,12,0,0,0.000000,1.288011,0.000000,2,0,0,0.000000,2,0.021340,0.024378,322,1.387209
s0_m1_c00_h12_t03,736490,latent_intent,0,1,0.000000,12,1,1,1.000000,0.819943,0.468452,0,2,2,1.000000,9,0.040156,0.046389,139,0.000000
s0_m1_c00_h12_t04,744409,language_prior,0,1,0.000000,12,0,0,0.166667,1.161717,0.137255,2,0,0,0.000000,11,0.028190,0.039261,322,1.191324
s0_m1_c00_h12_t04,744409,nearest_demo_replay,0,1,0.000000,12,0,0,0.000000,15.938847,0.000000,2,0,0,0.000000,0,0.004445,0.006046,322,30.369074
s0_m1_c00_h12_t04,744409,phase_retrieval,0,1,0.000000,12,0,0,0.500000,0.868446,0.432405,2,1,1,1.000000,6,0.029265,0.039764,322,0.854736
s0_m1_c00_h12_t04,744409,full_demo_attention,0,1,0.000000,12,0,0,0.000000,0.860744,0.000000,2,0,0,0.000000,3,0.019869,0.024379,322,0.850083
s0_m1_c00_h12_t04,744409,latent_intent,0,1,0.000000,12,1,1,1.000000,0.797586,0.460556,0,2,2,1.000000,7,0.039486,0.044582,149,0.000000
s0_m1_c00_h12_t05,752328,language_prior,0,1,0.000000,12,0,0,0.416667,1.262539,0.353715,2,1,0,0.000000,11,0.026188,0.037063,322,1.387376
s0_m1_c00_h12_t05,752328,nearest_demo_replay,0,1,0.000000,12,0,0,0.000000,15.957713,0.000000,2,0,0,0.000000,0,0.004069,0.002058,322,30.403536
s0_m1_c00_h12_t05,752328,phase_retrieval,0,1,0.000000,12,0,0,0.250000,0.899502,0.227296,2,0,0,0.000000,8,0.034468,0.046246,322,0.780893
s0_m1_c00_h12_t05,752328,full_demo_attention,0,1,0.000000,12,0,0,0.000000,1.514563,0.000000,2,0,0,0.000000,2,0.019360,0.026083,322,1.622806
s0_m1_c00_h12_t05,752328,latent_intent,0,1,0.000000,12,1,1,1.000000,0.847867,0.486014,0,2,2,1.000000,10,0.040803,0.046203,142,0.000000
s0_m1_c18_h03_t00,760247,language_prior,0,1,0.180000,3,0,0,0.666667,1.260510,0.570093,2,2,1,0.500000,5,0.031295,0.045395,106,1.509894
s0_m1_c18_h03_t00,760247,nearest_demo_replay,0,1,0.180000,3,0,0,0.000000,2.799368,0.000000,2,0,0,0.000000,0,0.003486,0.002359,106,5.560603
s0_m1_c18_h03_t00,760247,phase_retrieval,0,1,0.180000,3,1,1,1.000000,0.763124,0.440860,0,2,2,1.000000,0,0.040856,0.057734,30,0.000000
s0_m1_c18_h03_t00,760247,full_demo_attention,0,1,0.180000,3,0,0,0.333333,1.242556,0.311526,2,1,0,0.000000,3,0.025958,0.030747,106,1.530498
s0_m1_c18_h03_t00,760247,latent_intent,0,1,0.180000,3,1,1,1.000000,0.836646,0.450980,0,2,2,1.000000,2,0.036405,0.050620,33,0.000000
s0_m1_c18_h03_t01,768166,language_prior,0,1,0.180000,3,0,0,0.000000,1.367499,0.000000,2,0,0,0.000000,5,0.026898,0.036667,106,1.547930
s0_m1_c18_h03_t01,768166,nearest_demo_replay,0,1,0.180000,3,0,0,0.000000,2.673364,0.000000,2,0,0,0.000000,0,0.005535,0.005374,106,5.594945
s0_m1_c18_h03_t01,768166,phase_retrieval,0,1,0.180000,3,1,1,1.000000,0.849062,0.324561,0,2,2,1.000000,2,0.040183,0.051101,37,0.000000
s0_m1_c18_h03_t01,768166,full_demo_attention,0,1,0.180000,3,0,0,0.000000,1.078282,0.000000,2,0,0,0.000000,4,0.033788,0.037872,106,1.239895
s0_m1_c18_h03_t01,768166,latent_intent,0,1,0.180000,3,1,1,1.000000,0.888070,0.324786,0,2,2,1.000000,2,0.031404,0.038817,38,0.000000
s0_m1_c18_h03_t02,776085,language_prior,0,1,0.180000,3,0,0,0.333333,1.175421,0.274143,2,1,0,0.000000,5,0.030020,0.042754,106,1.309991
s0_m1_c18_h03_t02,776085,nearest_demo_replay,0,1,0.180000,3,0,0,0.000000,2.904092,0.000000,2,0,0,0.000000,0,0.026495,0.041519,106,5.421305
s0_m1_c18_h03_t02,776085,phase_retrieval,0,1,0.180000,3,0,0,0.000000,0.820715,0.000000,2,0,0,0.000000,3,0.046535,0.074887,106,0.843287
s0_m1_c18_h03_t02,776085,full_demo_attention,0,1,0.180000,3,0,0,0.000000,0.840638,0.000000,2,0,0,0.000000,3,0.027254,0.033592,106,0.842178
s0_m1_c18_h03_t02,776085,latent_intent,0,1,0.180000,3,1,1,1.000000,0.951865,0.361702,0,2,2,1.000000,3,0.038519,0.049424,46,0.000000
s0_m1_c18_h03_t03,784004,language_prior,0,1,0.180000,3,0,0,0.000000,1.202229,0.000000,2,0,0,0.000000,5,0.026110,0.034690,106,1.257700
s0_m1_c18_h03_t03,784004,nearest_demo_replay,0,1,0.180000,3,0,0,0.000000,2.870672,0.000000,2,0,0,0.000000,0,0.005843,0.006815,106,5.535089
s0_m1_c18_h03_t03,784004,phase_retrieval,0,1,0.180000,3,0,0,0.333333,0.812961,0.283489,2,1,0,0.000000,4,0.035582,0.048159,106,0.797026
s0_m1_c18_h03_t03,784004,full_demo_attention,0,1,0.180000,3,0,0,0.000000,1.105678,0.000000,2,0,0,0.000000,3,0.034027,0.039292,106,1.279080
s0_m1_c18_h03_t03,784004,latent_intent,0,1,0.180000,3,1,1,1.000000,0.926548,0.303704,0,2,2,1.000000,3,0.038806,0.047701,44,0.000000
s0_m1_c18_h03_t04,791923,language_prior,0,1,0.180000,3,0,0,0.333333,1.262975,0.320872,2,1,0,0.000000,5,0.031226,0.042298,106,1.441921
s0_m1_c18_h03_t04,791923,nearest_demo_replay,0,1,0.180000,3,0,0,0.000000,2.450647,0.000000,2,0,0,0.000000,0,0.023577,0.032652,106,5.270127
s0_m1_c18_h03_t04,791923,phase_retrieval,0,1,0.180000,3,1,1,1.000000,0.719195,0.471264,0,2,2,1.000000,2,0.045574,0.061611,28,0.000000
s0_m1_c18_h03_t04,791923,full_demo_attention,0,1,0.180000,3,1,1,1.000000,0.669680,0.474359,0,2,2,1.000000,2,0.029561,0.030841,25,0.000000
s0_m1_c18_h03_t04,791923,latent_intent,0,1,0.180000,3,1,1,1.000000,0.751485,0.473118,0,2,2,1.000000,2,0.041845,0.057295,30,0.000000
s0_m1_c18_h03_t05,799842,language_prior,0,1,0.180000,3,0,0,0.333333,0.750818,0.299065,2,1,0,0.000000,5,0.033849,0.044096,106,0.767650
s0_m1_c18_h03_t05,799842,nearest_demo_replay,0,1,0.180000,3,0,0,0.000000,2.792939,0.000000,2,0,0,0.000000,0,0.003019,0.004785,106,5.531862
s0_m1_c18_h03_t05,799842,phase_retrieval,0,1,0.180000,3,1,1,1.000000,0.652936,0.411111,0,2,2,1.000000,0,0.039181,0.049134,29,0.000000
s0_m1_c18_h03_t05,799842,full_demo_attention,0,1,0.180000,3,0,0,0.000000,1.048697,0.000000,2,0,0,0.000000,3,0.030022,0.035007,106,1.248097
s0_m1_c18_h03_t05,799842,latent_intent,0,1,0.180000,3,1,1,1.000000,0.819440,0.410256,0,2,2,1.000000,2,0.045589,0.050463,38,0.000000
s0_m1_c18_h06_t00,807761,language_prior,0,1,0.180000,6,0,0,0.166667,0.893839,0.126629,2,0,0,0.000000,7,0.030408,0.041022,178,0.851049
s0_m1_c18_h06_t00,807761,nearest_demo_replay,0,1,0.180000,6,0,0,0.000000,6.580736,0.000000,2,0,0,0.000000,0,0.017221,0.022853,178,13.691807
s0_m1_c18_h06_t00,807761,phase_retrieval,0,1,0.180000,6,0,0,0.000000,1.203582,0.000000,2,0,0,0.000000,4,0.043777,0.065553,178,1.337584
s0_m1_c18_h06_t00,807761,full_demo_attention,0,1,0.180000,6,0,0,0.000000,1.248289,0.000000,2,0,0,0.000000,3,0.018747,0.021022,178,1.338891
s0_m1_c18_h06_t00,807761,latent_intent,0,1,0.180000,6,1,1,1.000000,0.810822,0.450450,0,2,2,1.000000,5,0.044817,0.052394,73,0.000000
s0_m1_c18_h06_t01,815680,language_prior,0,1,0.180000,6,0,0,0.333333,1.411076,0.270950,2,1,0,0.000000,7,0.028623,0.040565,178,1.586801
s0_m1_c18_h06_t01,815680,nearest_demo_replay,0,1,0.180000,6,0,0,0.000000,6.787844,0.000000,2,0,0,0.000000,0,0.019869,0.027397,178,13.847953
s0_m1_c18_h06_t01,815680,phase_retrieval,0,1,0.180000,6,0,0,0.000000,1.398704,0.000000,2,0,0,0.000000,4,0.047737,0.069985,178,1.638872
s0_m1_c18_h06_t01,815680,full_demo_attention,0,1,0.180000,6,0,0,0.000000,1.447419,0.000000,2,0,0,0.000000,2,0.051608,0.096333,178,1.638845
s0_m1_c18_h06_t01,815680,latent_intent,0,1,0.180000,6,1,1,1.000000,0.972369,0.398039,0,2,2,1.000000,5,0.038430,0.044242,84,0.000000
s0_m1_c18_h06_t02,823599,language_prior,0,1,0.180000,6,0,0,0.166667,1.116641,0.136872,2,0,0,0.000000,6,0.024905,0.035936,178,1.146528
s0_m1_c18_h06_t02,823599,nearest_demo_replay,0,1,0.180000,6,0,0,0.000000,6.265064,0.000000,2,0,0,0.000000,0,0.020928,0.029679,178,13.102624
s0_m1_c18_h06_t02,823599,phase_retrieval,0,1,0.180000,6,0,0,0.000000,1.108608,0.000000,2,0,0,0.000000,6,0.036541,0.054901,178,1.208737
s0_m1_c18_h06_t02,823599,full_demo_attention,0,1,0.180000,6,0,0,0.000000,1.015484,0.000000,2,0,0,0.000000,1,0.138396,0.272479,178,1.070655
s0_m1_c18_h06_t02,823599,latent_intent,0,1,0.180000,6,1,1,1.000000,0.829446,0.397436,0,2,2,1.000000,5,0.036681,0.042302,77,0.000000
s0_m1_c18_h06_t03,831518,language_prior,0,1,0.180000,6,0,0,0.333333,1.138565,0.299814,2,1,0,0.000000,7,0.028771,0.040563,178,1.197962
s0_m1_c18_h06_t03,831518,nearest_demo_replay,0,1,0.180000,6,0,0,0.000000,6.670553,0.000000,2,0,0,0.000000,0,0.005239,0.002281,178,13.785890
s0_m1_c18_h06_t03,831518,phase_retrieval,0,1,0.180000,6,0,0,0.500000,0.812865,0.451583,2,1,1,1.000000,5,0.037180,0.049988,178,0.768048
s0_m1_c18_h06_t03,831518,full_demo_attention,0,1,0.180000,6,0,0,0.000000,1.401304,0.000000,2,0,0,0.000000,2,0.026948,0.032269,178,1.613651
s0_m1_c18_h06_t03,831518,latent_intent,0,1,0.180000,6,1,1,1.000000,0.863987,0.476852,0,2,2,1.000000,4,0.038843,0.047704,71,0.000000
s0_m1_c18_h06_t04,839437,language_prior,0,1,0.180000,6,0,0,0.166667,0.936307,0.143389,2,0,0,0.000000,7,0.025601,0.035107,178,0.855665
s0_m1_c18_h06_t04,839437,nearest_demo_replay,0,1,0.180000,6,0,0,0.000000,6.772598,0.000000,2,0,0,0.000000,0,0.016695,0.022542,178,13.816599
s0_m1_c18_h06_t04,839437,phase_retrieval,0,1,0.180000,6,0,0,0.000000,1.253935,0.000000,2,0,0,0.000000,4,0.041194,0.056463,178,1.384980
s0_m1_c18_h06_t04,839437,full_demo_attention,0,1,0.180000,6,0,0,0.000000,1.296159,0.000000,2,0,0,0.000000,2,0.026745,0.031758,178,1.383564
s0_m1_c18_h06_t04,839437,latent_intent,0,1,0.180000,6,1,1,1.000000,0.964267,0.388889,0,2,2,1.000000,5,0.036208,0.040070,86,0.000000
s0_m1_c18_h06_t05,847356,language_prior,0,1,0.180000,6,0,0,0.333333,1.109623,0.284916,2,1,0,0.000000,7,0.027949,0.040374,178,1.192697
s0_m1_c18_h06_t05,847356,nearest_demo_replay,0,1,0.180000,6,0,0,0.000000,6.436093,0.000000,2,0,0,0.000000,0,0.022101,0.029303,178,13.326381
s0_m1_c18_h06_t05,847356,phase_retrieval,0,1,0.180000,6,0,0,0.000000,1.192516,0.000000,2,0,0,0.000000,5,0.040581,0.058969,178,1.325940
s0_m1_c18_h06_t05,847356,full_demo_attention,0,1,0.180000,6,0,0,0.000000,0.685568,0.000000,2,0,0,0.000000,1,0.147958,0.292749,178,0.664673
s0_m1_c18_h06_t05,847356,latent_intent,0,1,0.180000,6,1,1,1.000000,0.865131,0.400844,0,2,2,1.000000,6,0.035868,0.043797,78,0.000000
s0_m1_c18_h09_t00,855275,language_prior,0,1,0.180000,9,0,0,0.222222,0.843394,0.186808,2,0,0,0.000000,8,0.024524,0.034625,250,0.746722
s0_m1_c18_h09_t00,855275,nearest_demo_replay,0,1,0.180000,9,0,0,0.000000,11.220133,0.000000,2,0,0,0.000000,0,0.012427,0.015949,250,22.036459
s0_m1_c18_h09_t00,855275,phase_retrieval,0,1,0.180000,9,0,0,0.000000,1.248084,0.000000,2,0,0,0.000000,5,0.041804,0.058859,250,1.363302
s0_m1_c18_h09_t00,855275,full_demo_attention,0,1,0.180000,9,0,0,0.000000,1.296957,0.000000,2,0,0,0.000000,6,0.025636,0.032447,250,1.360991
s0_m1_c18_h09_t00,855275,latent_intent,0,1,0.180000,9,1,1,1.000000,0.884701,0.401709,0,2,2,1.000000,8,0.038840,0.040187,116,0.000000
s0_m1_c18_h09_t01,863194,language_prior,0,1,0.180000,9,0,0,0.222222,1.263082,0.186366,2,0,0,0.000000,8,0.024654,0.034904,250,1.322390
s0_m1_c18_h09_t01,863194,nearest_demo_replay,0,1,0.180000,9,0,0,0.000000,11.251968,0.000000,2,0,0,0.000000,0,0.025995,0.035397,250,22.055465
s0_m1_c18_h09_t01,863194,phase_retrieval,0,1,0.180000,9,0,0,0.222222,1.292552,0.179726,2,0,0,0.000000,5,0.029597,0.039914,250,1.403232
s0_m1_c18_h09_t01,863194,full_demo_attention,0,1,0.180000,9,0,0,0.000000,0.817907,0.000000,2,0,0,0.000000,4,0.021755,0.026298,250,0.793039
s0_m1_c18_h09_t01,863194,latent_intent,0,1,0.180000,9,1,1,1.000000,0.881765,0.428834,0,2,2,1.000000,8,0.036978,0.041212,120,0.000000
s0_m1_c18_h09_t02,871113,language_prior,0,1,0.180000,9,0,0,0.222222,1.418084,0.191678,2,0,0,0.000000,8,0.025220,0.036133,250,1.539573
s0_m1_c18_h09_t02,871113,nearest_demo_replay,0,1,0.180000,9,0,0,0.111111,10.832484,0.095175,2,0,0,0.000000,1,0.014814,0.020908,250,21.465558
s0_m1_c18_h09_t02,871113,phase_retrieval,0,1,0.180000,9,0,0,0.444444,1.126182,0.364763,2,1,1,1.000000,6,0.029876,0.041453,250,1.218906
s0_m1_c18_h09_t02,871113,full_demo_attention,0,1,0.180000,9,0,0,0.000000,1.431997,0.000000,2,0,0,0.000000,6,0.022615,0.026309,250,1.531870
s0_m1_c18_h09_t02,871113,latent_intent,0,1,0.180000,9,1,1,1.000000,0.827518,0.438438,0,2,2,1.000000,8,0.039728,0.045877,110,0.000000
s0_m1_c18_h09_t03,879032,language_prior,0,1,0.180000,9,0,0,0.333333,0.794207,0.286410,2,1,0,0.000000,10,0.028676,0.039482,250,0.738758
s0_m1_c18_h09_t03,879032,nearest_demo_replay,0,1,0.180000,9,0,0,0.000000,10.038073,0.000000,2,0,0,0.000000,0,0.018572,0.025789,250,20.373997
s0_m1_c18_h09_t03,879032,phase_retrieval,0,1,0.180000,9,0,0,0.222222,1.225934,0.183267,2,0,0,0.000000,6,0.033040,0.051174,250,1.322420
s0_m1_c18_h09_t03,879032,full_demo_attention,0,1,0.180000,9,0,0,0.000000,0.787513,0.000000,2,0,0,0.000000,3,0.029478,0.038417,250,0.767672
s0_m1_c18_h09_t03,879032,latent_intent,0,1,0.180000,9,1,1,1.000000,0.828680,0.442529,0,2,2,1.000000,8,0.038773,0.042049,115,0.000000
s0_m1_c18_h09_t04,886951,language_prior,0,1,0.180000,9,0,0,0.222222,1.403949,0.191678,2,0,0,0.000000,8,0.024787,0.035315,250,1.525317
s0_m1_c18_h09_t04,886951,nearest_demo_replay,0,1,0.180000,9,0,0,0.111111,9.967784,0.096060,2,0,0,0.000000,0,0.027911,0.046094,250,20.263971
s0_m1_c18_h09_t04,886951,phase_retrieval,0,1,0.180000,9,0,0,0.333333,1.244593,0.255423,2,1,0,0.000000,4,0.031648,0.044145,250,1.358657
s0_m1_c18_h09_t04,886951,full_demo_attention,0,1,0.180000,9,0,0,0.000000,1.370274,0.000000,2,0,0,0.000000,2,0.053480,0.098219,250,1.520863
s0_m1_c18_h09_t04,886951,latent_intent,0,1,0.180000,9,1,1,1.000000,0.825639,0.433433,0,2,2,1.000000,9,0.042240,0.046071,110,0.000000
s0_m1_c18_h09_t05,894870,language_prior,0,1,0.180000,9,0,0,0.222222,1.205232,0.189907,2,0,0,0.000000,9,0.026352,0.037066,250,1.258675
s0_m1_c18_h09_t05,894870,nearest_demo_replay,0,1,0.180000,9,0,0,0.111111,11.087345,0.096946,2,0,0,0.000000,1,0.021634,0.033117,250,21.831429
s0_m1_c18_h09_t05,894870,phase_retrieval,0,1,0.180000,9,0,0,0.333333,1.269253,0.234174,2,1,0,0.000000,5,0.035174,0.049282,250,1.389310
s0_m1_c18_h09_t05,894870,full_demo_attention,0,1,0.180000,9,0,0,0.000000,0.843832,0.000000,2,0,0,0.000000,3,0.026584,0.031995,250,0.752277
s0_m1_c18_h09_t05,894870,latent_intent,0,1,0.180000,9,1,1,1.000000,0.928424,0.433946,0,2,2,1.000000,8,0.038645,0.042224,126,0.000000
s0_m1_c18_h12_t00,902789,language_prior,0,1,0.180000,12,0,0,0.333333,1.418881,0.272962,2,1,0,0.000000,10,0.027030,0.038768,322,1.555235
s0_m1_c18_h12_t00,902789,nearest_demo_replay,0,1,0.180000,12,0,0,0.000000,15.401293,0.000000,2,0,0,0.000000,0,0.016471,0.021401,322,29.701111
s0_m1_c18_h12_t00,902789,phase_retrieval,0,1,0.180000,12,0,0,0.000000,1.284193,0.000000,2,0,0,0.000000,6,0.038702,0.056109,322,1.393577
s0_m1_c18_h12_t00,902789,full_demo_attention,0,1,0.180000,12,0,0,0.000000,1.321215,0.000000,2,0,0,0.000000,4,0.024790,0.031847,322,1.398470
s0_m1_c18_h12_t00,902789,latent_intent,0,1,0.180000,12,1,1,1.000000,0.911461,0.429406,0,2,2,1.000000,12,0.040976,0.044747,156,0.000000
s0_m1_c18_h12_t01,910708,language_prior,0,1,0.180000,12,0,0,0.250000,1.184384,0.222652,2,0,0,0.000000,10,0.025010,0.035708,322,1.210379
s0_m1_c18_h12_t01,910708,nearest_demo_replay,0,1,0.180000,12,0,0,0.000000,15.961522,0.000000,2,0,0,0.000000,0,0.007193,0.004576,322,30.420191
s0_m1_c18_h12_t01,910708,phase_retrieval,0,1,0.180000,12,0,0,0.250000,1.168464,0.218008,2,0,0,0.000000,7,0.033180,0.046798,322,1.289942
s0_m1_c18_h12_t01,910708,full_demo_attention,0,1,0.180000,12,0,0,0.083333,1.253534,0.082043,2,0,0,0.000000,2,0.021506,0.024385,322,1.340726
s0_m1_c18_h12_t01,910708,latent_intent,0,1,0.180000,12,1,1,1.000000,0.800040,0.475124,0,2,2,1.000000,9,0.039809,0.043907,133,0.000000
s0_m1_c18_h12_t02,918627,language_prior,0,1,0.180000,12,0,0,0.250000,0.875849,0.210010,2,0,0,0.000000,11,0.026996,0.037455,322,0.837239
s0_m1_c18_h12_t02,918627,nearest_demo_replay,0,1,0.180000,12,0,0,0.000000,15.986645,0.000000,2,0,0,0.000000,0,0.012865,0.017556,322,30.428597
s0_m1_c18_h12_t02,918627,phase_retrieval,0,1,0.180000,12,0,0,0.083333,1.097868,0.067595,2,0,0,0.000000,5,0.043115,0.064790,322,1.179728
s0_m1_c18_h12_t02,918627,full_demo_attention,0,1,0.180000,12,0,0,0.000000,1.368487,0.000000,2,0,0,0.000000,1,0.025900,0.032281,322,1.464459
s0_m1_c18_h12_t02,918627,latent_intent,0,1,0.180000,12,1,1,1.000000,0.849320,0.465784,0,2,2,1.000000,11,0.037485,0.040693,150,0.000000
s0_m1_c18_h12_t03,926546,language_prior,0,1,0.180000,12,0,0,0.333333,0.876322,0.273220,2,1,0,0.000000,10,0.025512,0.036548,322,0.840938
s0_m1_c18_h12_t03,926546,nearest_demo_replay,0,1,0.180000,12,0,0,0.000000,15.955622,0.000000,2,0,0,0.000000,0,0.003738,0.003310,322,30.396262
s0_m1_c18_h12_t03,926546,phase_retrieval,0,1,0.180000,12,0,0,0.583333,1.272560,0.442208,2,1,1,1.000000,7,0.023265,0.032265,322,1.369845
s0_m1_c18_h12_t03,926546,full_demo_attention,0,1,0.180000,12,0,0,0.000000,1.176818,0.000000,2,0,0,0.000000,3,0.025493,0.030396,322,1.245937
s0_m1_c18_h12_t03,926546,latent_intent,0,1,0.180000,12,1,1,1.000000,0.796480,0.433099,0,2,2,1.000000,10,0.040150,0.044326,141,0.000000
s0_m1_c18_h12_t04,934465,language_prior,0,1,0.180000,12,0,0,0.416667,1.087786,0.353199,2,1,1,1.000000,11,0.027123,0.038816,322,1.161561
s0_m1_c18_h12_t04,934465,nearest_demo_replay,0,1,0.180000,12,0,0,0.083333,15.623149,0.074561,2,0,0,0.000000,0,0.012861,0.017903,322,29.924950
s0_m1_c18_h12_t04,934465,phase_retrieval,0,1,0.180000,12,0,0,0.166667,0.877321,0.142415,2,0,0,0.000000,5,0.025528,0.035287,322,0.858735
s0_m1_c18_h12_t04,934465,full_demo_attention,0,1,0.180000,12,0,0,0.000000,1.210495,0.000000,2,0,0,0.000000,4,0.023112,0.027508,322,1.269492
s0_m1_c18_h12_t04,934465,latent_intent,0,1,0.180000,12,1,1,1.000000,0.813879,0.430260,0,2,2,1.000000,10,0.040277,0.045941,140,0.000000
s0_m1_c18_h12_t05,942384,language_prior,0,1,0.180000,12,0,0,0.166667,0.996927,0.142157,2,0,0,0.000000,10,0.023817,0.034656,322,0.904969
s0_m1_c18_h12_t05,942384,nearest_demo_replay,0,1,0.180000,12,0,0,0.000000,15.955405,0.000000,2,0,0,0.000000,0,0.002589,0.001922,322,30.380201
s0_m1_c18_h12_t05,942384,phase_retrieval,0,1,0.180000,12,0,0,0.333333,1.173080,0.298246,2,1,0,0.000000,5,0.033131,0.044484,322,1.306401
s0_m1_c18_h12_t05,942384,full_demo_attention,0,1,0.180000,12,0,0,0.000000,1.347896,0.000000,2,0,0,0.000000,3,0.022946,0.028224,322,1.431002
s0_m1_c18_h12_t05,942384,latent_intent,0,1,0.180000,12,1,1,1.000000,0.884351,0.457806,0,2,2,1.000000,10,0.040142,0.046473,157,0.000000
s0_m1_c35_h03_t00,950303,language_prior,0,1,0.350000,3,0,0,0.333333,0.813115,0.277259,2,1,0,0.000000,5,0.030514,0.042684,106,0.809623
s0_m1_c35_h03_t00,950303,nearest_demo_replay,0,1,0.350000,3,0,0,0.333333,2.765370,0.221184,2,1,0,0.000000,0,0.034303,0.048283,106,4.455001
s0_m1_c35_h03_t00,950303,phase_retrieval,0,1,0.350000,3,0,0,0.000000,0.807855,0.000000,2,0,0,0.000000,3,0.022699,0.029841,106,0.801403
s0_m1_c35_h03_t00,950303,full_demo_attention,0,1,0.350000,3,0,0,0.000000,1.184264,0.000000,2,0,0,0.000000,3,0.022353,0.025037,106,1.313455
s0_m1_c35_h03_t00,950303,latent_intent,0,1,0.350000,3,1,1,1.000000,0.869585,0.358333,0,2,2,1.000000,3,0.038824,0.053133,39,0.000000
s0_m1_c35_h03_t01,958222,language_prior,0,1,0.350000,3,0,0,0.333333,1.139990,0.317757,2,1,0,0.000000,5,0.031759,0.043179,106,1.239859
s0_m1_c35_h03_t01,958222,nearest_demo_replay,0,1,0.350000,3,0,0,0.000000,2.657942,0.000000,2,0,0,0.000000,0,0.005311,0.007810,106,5.547729
s0_m1_c35_h03_t01,958222,phase_retrieval,0,1,0.350000,3,1,1,1.000000,0.757272,0.455556,0,2,2,1.000000,1,0.035206,0.041727,29,0.000000
s0_m1_c35_h03_t01,958222,full_demo_attention,0,1,0.350000,3,0,0,0.333333,1.134155,0.317757,2,1,0,0.000000,3,0.025046,0.027571,106,1.371940
s0_m1_c35_h03_t01,958222,latent_intent,0,1,0.350000,3,1,1,1.000000,0.857005,0.453704,0,2,2,1.000000,2,0.049177,0.061307,35,0.000000
s0_m1_c35_h03_t02,966141,language_prior,0,1,0.350000,3,0,0,0.333333,0.828399,0.317757,2,1,0,0.000000,5,0.029469,0.042456,106,0.766995
s0_m1_c35_h03_t02,966141,nearest_demo_replay,0,1,0.350000,3,0,0,0.000000,2.631970,0.000000,2,0,0,0.000000,0,0.009409,0.009913,106,5.532847
s0_m1_c35_h03_t02,966141,phase_retrieval,0,1,0.350000,3,0,0,0.333333,1.116736,0.317757,2,1,0,0.000000,2,0.041918,0.058712,106,1.347809
s0_m1_c35_h03_t02,966141,full_demo_attention,0,1,0.350000,3,0,0,0.333333,1.125432,0.317757,2,1,0,0.000000,3,0.042138,0.050094,106,1.355886
s0_m1_c35_h03_t02,966141,latent_intent,0,1,0.350000,3,1,1,1.000000,0.939057,0.444444,0,2,2,1.000000,2,0.043324,0.052113,38,0.000000
s0_m1_c35_h03_t03,974060,language_prior,0,1,0.350000,3,0,0,0.666667,1.231799,0.570093,2,2,1,0.500000,5,0.031695,0.046650,106,1.484770
s0_m1_c35_h03_t03,974060,nearest_demo_replay,0,1,0.350000,3,0,0,0.000000,2.770717,0.000000,2,0,0,0.000000,0,0.011315,0.010618,106,5.581956
s0_m1_c35_h03_t03,974060,phase_retrieval,0,1,0.350000,3,0,0,0.333333,1.243234,0.311526,2,1,0,0.000000,3,0.040361,0.055401,106,1.483153
s0_m1_c35_h03_t03,974060,full_demo_attention,0,1,0.350000,3,0,0,0.333333,1.244853,0.311526,2,1,0,0.000000,3,0.036775,0.044056,106,1.484956
s0_m1_c35_h03_t03,974060,latent_intent,0,1,0.350000,3,1,1,1.000000,0.797388,0.450980,0,2,2,1.000000,2,0.039088,0.051738,33,0.000000
s0_m1_c35_h03_t04,981979,language_prior,0,1,0.350000,3,0,0,0.333333,0.729008,0.302181,2,1,0,0.000000,5,0.033842,0.045527,106,0.734709
s0_m1_c35_h03_t04,981979,nearest_demo_replay,0,1,0.350000,3,0,0,0.000000,2.788298,0.000000,2,0,0,0.000000,0,0.004052,0.004398,106,5.568155
s0_m1_c35_h03_t04,981979,phase_retrieval,0,1,0.350000,3,0,0,0.333333,1.124946,0.311526,2,1,0,0.000000,3,0.033894,0.047145,106,1.318191
s0_m1_c35_h03_t04,981979,full_demo_attention,0,1,0.350000,3,0,0,0.333333,1.118408,0.311526,2,1,0,0.000000,3,0.025658,0.029303,106,1.315700
s0_m1_c35_h03_t04,981979,latent_intent,0,1,0.350000,3,1,1,1.000000,0.829948,0.423423,0,2,2,1.000000,2,0.043319,0.058419,36,0.000000
s0_m1_c35_h03_t05,989898,language_prior,0,1,0.350000,3,0,0,0.333333,0.830450,0.317757,2,1,0,0.000000,5,0.029872,0.043001,106,0.772184
s0_m1_c35_h03_t05,989898,nearest_demo_replay,0,1,0.350000,3,0,0,0.000000,2.608487,0.000000,2,0,0,0.000000,0,0.018678,0.025411,106,5.542690
s0_m1_c35_h03_t05,989898,phase_retrieval,0,1,0.350000,3,0,0,0.333333,1.268528,0.317757,2,1,0,0.000000,3,0.046060,0.069637,106,1.373908
s0_m1_c35_h03_t05,989898,full_demo_attention,0,1,0.350000,3,0,0,0.000000,0.804481,0.000000,2,0,0,0.000000,2,0.049196,0.083328,106,0.864085
s0_m1_c35_h03_t05,989898,latent_intent,0,1,0.350000,3,1,1,1.000000,0.936452,0.441441,0,2,2,1.000000,2,0.034925,0.048822,36,0.000000
s0_m1_c35_h06_t00,997817,language_prior,0,1,0.350000,6,0,0,0.333333,1.093834,0.300745,2,1,0,0.000000,7,0.027946,0.039379,178,1.155899
s0_m1_c35_h06_t00,997817,nearest_demo_replay,0,1,0.350000,6,0,0,0.000000,6.674322,0.000000,2,0,0,0.000000,0,0.009775,0.007743,178,13.829875
s0_m1_c35_h06_t00,997817,phase_retrieval,0,1,0.350000,6,0,0,0.166667,0.725274,0.162011,2,0,0,0.000000,3,0.033373,0.045758,178,0.736565
s0_m1_c35_h06_t00,997817,full_demo_attention,0,1,0.350000,6,0,0,0.166667,0.719577,0.162942,2,0,0,0.000000,3,0.017752,0.021366,178,0.736940
s0_m1_c35_h06_t00,997817,latent_intent,0,1,0.350000,6,1,1,1.000000,0.816491,0.475490,0,2,2,1.000000,4,0.039218,0.046787,67,0.000000
s0_m1_c35_h06_t01,1005736,language_prior,0,1,0.350000,6,0,0,0.500000,1.334981,0.432030,2,1,1,1.000000,7,0.028797,0.039596,178,1.524119
s0_m1_c35_h06_t01,1005736,nearest_demo_replay,0,1,0.350000,6,0,0,0.000000,6.701176,0.000000,2,0,0,0.000000,0,0.004923,0.002988,178,13.865355
s0_m1_c35_h06_t01,1005736,phase_retrieval,0,1,0.350000,6,0,0,0.000000,1.257074,0.000000,2,0,0,0.000000,4,0.038276,0.055464,178,1.399360
s0_m1_c35_h06_t01,1005736,full_demo_attention,0,1,0.350000,6,0,0,0.000000,1.120936,0.000000,2,0,0,0.000000,0,0.139523,0.273393,178,1.199705
s0_m1_c35_h06_t01,1005736,latent_intent,0,1,0.350000,6,1,1,1.000000,0.842820,0.452055,0,2,2,1.000000,4,0.041688,0.052170,72,0.000000
s0_m1_c35_h06_t02,1013655,language_prior,0,1,0.350000,6,0,0,0.333333,0.927543,0.270019,2,1,0,0.000000,8,0.027910,0.039528,178,0.887317
s0_m1_c35_h06_t02,1013655,nearest_demo_replay,0,1,0.350000,6,0,0,0.166667,5.752328,0.135009,2,0,0,0.000000,1,0.025499,0.035341,178,12.101124
s0_m1_c35_h06_t02,1013655,phase_retrieval,0,1,0.350000,6,0,0,0.000000,1.206800,0.000000,2,0,0,0.000000,3,0.040089,0.056796,178,1.345387
s0_m1_c35_h06_t02,1013655,full_demo_attention,0,1,0.350000,6,0,0,0.000000,1.304240,0.000000,2,0,0,0.000000,3,0.025082,0.031459,178,1.348103
s0_m1_c35_h06_t02,1013655,latent_intent,0,1,0.350000,6,1,1,1.000000,0.935412,0.413725,0,2,2,1.000000,4,0.038553,0.045419,84,0.000000
s0_m1_c35_h06_t03,1021574,language_prior,0,1,0.350000,6,0,0,0.500000,1.327051,0.432030,2,1,1,1.000000,7,0.026918,0.038558,178,1.520317
s0_m1_c35_h06_t03,1021574,nearest_demo_replay,0,1,0.350000,6,0,0,0.000000,6.667038,0.000000,2,0,0,0.000000,0,0.015686,0.015480,178,13.833996
s0_m1_c35_h06_t03,1021574,phase_retrieval,0,1,0.350000,6,0,0,0.166667,0.753451,0.162011,2,0,0,0.000000,4,0.032151,0.045385,178,0.709063
s0_m1_c35_h06_t03,1021574,full_demo_attention,0,1,0.350000,6,0,0,0.000000,1.218989,0.000000,2,0,0,0.000000,2,0.036999,0.050880,178,1.346773
s0_m1_c35_h06_t03,1021574,latent_intent,0,1,0.350000,6,1,1,1.000000,0.825353,0.454955,0,2,2,1.000000,4,0.039660,0.046239,73,0.000000
s0_m1_c35_h06_t04,1029493,language_prior,0,1,0.350000,6,0,0,0.166667,0.909926,0.136872,2,0,0,0.000000,6,0.024505,0.034484,178,0.840540
s0_m1_c35_h06_t04,1029493,nearest_demo_replay,0,1,0.350000,6,0,0,0.000000,6.073674,0.000000,2,0,0,0.000000,1,0.024735,0.031874,178,12.818506
s0_m1_c35_h06_t04,1029493,phase_retrieval,0,1,0.350000,6,0,0,0.000000,1.241909,0.000000,2,0,0,0.000000,6,0.036548,0.053807,178,1.374951
s0_m1_c35_h06_t04,1029493,full_demo_attention,0,1,0.350000,6,0,0,0.000000,1.274623,0.000000,2,0,0,0.000000,4,0.029216,0.034215,178,1.369306
s0_m1_c35_h06_t04,1029493,latent_intent,0,1,0.350000,6,1,1,1.000000,0.919415,0.374486,0,2,2,1.000000,6,0.039426,0.046691,80,0.000000
s0_m1_c35_h06_t05,1037412,language_prior,0,1,0.350000,6,0,0,0.500000,1.362606,0.431099,2,1,1,1.000000,7,0.027807,0.038953,178,1.569537
s0_m1_c35_h06_t05,1037412,nearest_demo_replay,0,1,0.350000,6,0,0,0.000000,6.690302,0.000000,2,0,0,0.000000,0,0.005563,0.005104,178,13.839127
s0_m1_c35_h06_t05,1037412,phase_retrieval,0,1,0.350000,6,0,0,0.166667,0.952945,0.162011,2,0,0,0.000000,2,0.043735,0.069084,178,0.760849
s0_m1_c35_h06_t05,1037412,full_demo_attention,0,1,0.350000,6,0,0,0.166667,0.493971,0.162011,2,0,0,0.000000,0,0.149067,0.294857,178,0.413858
s0_m1_c35_h06_t05,1037412,latent_intent,0,1,0.350000,6,1,1,1.000000,0.864209,0.452703,0,2,2,1.000000,4,0.038942,0.046164,73,0.000000
s0_m1_c35_h09_t00,1045331,language_prior,0,1,0.350000,9,0,0,0.111111,0.846624,0.092076,2,0,0,0.000000,9,0.028616,0.039085,250,0.724226
s0_m1_c35_h09_t00,1045331,nearest_demo_replay,0,1,0.350000,9,0,0,0.000000,11.261728,0.000000,2,0,0,0.000000,0,0.003823,0.002914,250,22.086638
s0_m1_c35_h09_t00,1045331,phase_retrieval,0,1,0.350000,9,0,0,0.333333,1.242662,0.283311,2,1,0,0.000000,3,0.038639,0.056228,250,1.356905
s0_m1_c35_h09_t00,1045331,full_demo_attention,0,1,0.350000,9,0,0,0.000000,0.802089,0.000000,2,0,0,0.000000,3,0.023179,0.028444,250,0.815748
s0_m1_c35_h09_t00,1045331,latent_intent,0,1,0.350000,9,1,1,1.000000,0.853557,0.444444,0,2,2,1.000000,8,0.039146,0.042559,115,0.000000
s0_m1_c35_h09_t01,1053250,language_prior,0,1,0.350000,9,0,0,0.111111,0.813339,0.092076,2,0,0,0.000000,10,0.028786,0.039347,250,0.690823
s0_m1_c35_h09_t01,1053250,nearest_demo_replay,0,1,0.350000,9,0,0,0.000000,11.263263,0.000000,2,0,0,0.000000,0,0.004841,0.003476,250,22.127224
s0_m1_c35_h09_t01,1053250,phase_retrieval,0,1,0.350000,9,0,0,0.555556,1.116295,0.456839,2,1,0,0.000000,5,0.039073,0.056053,250,1.260272
s0_m1_c35_h09_t01,1053250,full_demo_attention,0,1,0.350000,9,0,0,0.000000,0.444880,0.000000,2,0,0,0.000000,1,0.155486,0.310425,250,0.427296
s0_m1_c35_h09_t01,1053250,latent_intent,0,1,0.350000,9,1,1,1.000000,0.868329,0.457627,0,2,2,1.000000,8,0.038479,0.041801,117,0.000000
s0_m1_c35_h09_t02,1061169,language_prior,0,1,0.350000,9,0,0,0.444444,0.747256,0.395308,2,1,1,1.000000,8,0.028809,0.039490,250,0.721481
s0_m1_c35_h09_t02,1061169,nearest_demo_replay,0,1,0.350000,9,0,0,0.000000,11.287024,0.000000,2,0,0,0.000000,0,0.004836,0.003942,250,22.145499
s0_m1_c35_h09_t02,1061169,phase_retrieval,0,1,0.350000,9,0,0,0.333333,1.169706,0.273572,2,1,0,0.000000,4,0.045554,0.070189,250,1.355528
s0_m1_c35_h09_t02,1061169,full_demo_attention,0,1,0.350000,9,0,0,0.111111,1.134853,0.108898,2,0,0,0.000000,2,0.032010,0.043216,250,1.239884
s0_m1_c35_h09_t02,1061169,latent_intent,0,1,0.350000,9,1,1,1.000000,0.758001,0.461874,0,2,2,1.000000,5,0.039673,0.047660,101,0.000000
s0_m1_c35_h09_t03,1069088,language_prior,0,1,0.350000,9,0,0,0.222222,1.185958,0.188579,2,0,0,0.000000,9,0.026309,0.036880,250,1.253765
s0_m1_c35_h09_t03,1069088,nearest_demo_replay,0,1,0.350000,9,0,0,0.000000,11.172641,0.000000,2,0,0,0.000000,0,0.012934,0.017027,250,21.952587
s0_m1_c35_h09_t03,1069088,phase_retrieval,0,1,0.350000,9,0,0,0.333333,1.121898,0.248783,2,1,0,0.000000,4,0.040467,0.056803,250,1.253735
s0_m1_c35_h09_t03,1069088,full_demo_attention,0,1,0.350000,9,0,0,0.000000,0.768817,0.000000,2,0,0,0.000000,1,0.038471,0.063508,250,0.700054
s0_m1_c35_h09_t03,1069088,latent_intent,0,1,0.350000,9,1,1,1.000000,0.843572,0.431262,0,2,2,1.000000,8,0.037949,0.041033,117,0.000000
s0_m1_c35_h09_t04,1077007,language_prior,0,1,0.350000,9,0,0,0.222222,0.826008,0.184152,2,0,0,0.000000,8,0.025381,0.036058,250,0.722053
s0_m1_c35_h09_t04,1077007,nearest_demo_replay,0,1,0.350000,9,0,0,0.000000,11.294057,0.000000,2,0,0,0.000000,0,0.003895,0.006251,250,22.136411
s0_m1_c35_h09_t04,1077007,phase_retrieval,0,1,0.350000,9,0,0,0.000000,0.835907,0.000000,2,0,0,0.000000,6,0.045904,0.066710,250,0.755854
s0_m1_c35_h09_t04,1077007,full_demo_attention,0,1,0.350000,9,0,0,0.000000,0.803282,0.000000,2,0,0,0.000000,2,0.029651,0.038888,250,0.755399
s0_m1_c35_h09_t04,1077007,latent_intent,0,1,0.350000,9,1,1,1.000000,0.873568,0.431262,0,2,2,1.000000,9,0.039130,0.044433,117,0.000000
s0_m1_c35_h09_t05,1084926,language_prior,0,1,0.350000,9,0,0,0.222222,0.858837,0.183710,2,0,0,0.000000,8,0.025051,0.036095,250,0.765118
s0_m1_c35_h09_t05,1084926,nearest_demo_replay,0,1,0.350000,9,0,0,0.000000,11.286296,0.000000,2,0,0,0.000000,0,0.004052,0.004927,250,22.092346
s0_m1_c35_h09_t05,1084926,phase_retrieval,0,1,0.350000,9,0,0,0.111111,1.258211,0.073041,2,0,0,0.000000,5,0.039622,0.056587,250,1.392278
s0_m1_c35_h09_t05,1084926,full_demo_attention,0,1,0.350000,9,0,0,0.111111,1.323466,0.096946,2,0,0,0.000000,3,0.025133,0.033373,250,1.397776
s0_m1_c35_h09_t05,1084926,latent_intent,0,1,0.350000,9,1,1,1.000000,0.861313,0.423002,0,2,2,1.000000,8,0.038848,0.044986,113,0.000000
s0_m1_c35_h12_t00,1092845,language_prior,0,1,0.350000,12,0,0,0.416667,1.219900,0.357843,2,1,1,1.000000,11,0.026973,0.039365,322,1.338695
s0_m1_c35_h12_t00,1092845,nearest_demo_replay,0,1,0.350000,12,0,0,0.000000,15.902228,0.000000,2,0,0,0.000000,0,0.004536,0.004605,322,30.325446
s0_m1_c35_h12_t00,1092845,phase_retrieval,0,1,0.350000,12,0,0,0.166667,0.702017,0.159701,2,0,0,0.000000,3,0.034773,0.047765,322,0.718314
s0_m1_c35_h12_t00,1092845,full_demo_attention,0,1,0.350000,12,0,0,0.083333,0.722217,0.082301,2,0,0,0.000000,2,0.027675,0.037233,322,0.740379
s0_m1_c35_h12_t00,1092845,latent_intent,0,1,0.350000,12,1,1,1.000000,0.795461,0.476190,0,2,2,1.000000,10,0.041089,0.046218,132,0.000000
s0_m1_c35_h12_t01,1100764,language_prior,0,1,0.350000,12,0,0,0.500000,1.200187,0.431373,2,1,1,1.000000,9,0.028186,0.040237,322,1.357072
s0_m1_c35_h12_t01,1100764,nearest_demo_replay,0,1,0.350000,12,0,0,0.000000,15.978910,0.000000,2,0,0,0.000000,0,0.001526,0.001202,322,30.456857
s0_m1_c35_h12_t01,1100764,phase_retrieval,0,1,0.350000,12,0,0,0.166667,1.273819,0.149897,2,0,0,0.000000,4,0.029491,0.045459,322,1.366577
s0_m1_c35_h12_t01,1100764,full_demo_attention,0,1,0.350000,12,0,0,0.000000,1.193809,0.000000,2,0,0,0.000000,2,0.020209,0.025992,322,1.258893
s0_m1_c35_h12_t01,1100764,latent_intent,0,1,0.350000,12,1,1,1.000000,0.730921,0.460560,0,2,2,1.000000,9,0.041855,0.048545,130,0.000000
s0_m1_c35_h12_t02,1108683,language_prior,0,1,0.350000,12,0,0,0.166667,1.222898,0.136481,2,0,0,0.000000,10,0.027162,0.037760,322,1.243281
s0_m1_c35_h12_t02,1108683,nearest_demo_replay,0,1,0.350000,12,0,0,0.000000,15.933815,0.000000,2,0,0,0.000000,0,0.009923,0.012854,322,30.389443
s0_m1_c35_h12_t02,1108683,phase_retrieval,0,1,0.350000,12,0,0,0.083333,1.200138,0.079979,2,0,0,0.000000,6,0.036518,0.058296,322,1.302411
s0_m1_c35_h12_t02,1108683,full_demo_attention,0,1,0.350000,12,0,0,0.083333,1.207607,0.080237,2,0,0,0.000000,2,0.034375,0.054822,322,1.301013
s0_m1_c35_h12_t02,1108683,latent_intent,0,1,0.350000,12,1,1,1.000000,0.889220,0.468427,0,2,2,1.000000,12,0.037807,0.041008,160,0.000000
s0_m1_c35_h12_t03,1116602,language_prior,0,1,0.350000,12,0,0,0.250000,1.189180,0.215686,2,0,0,0.000000,11,0.025837,0.036254,322,1.239697
s0_m1_c35_h12_t03,1116602,nearest_demo_replay,0,1,0.350000,12,0,0,0.083333,15.147585,0.074561,2,0,0,0.000000,0,0.017836,0.024928,322,29.286778
s0_m1_c35_h12_t03,1116602,phase_retrieval,0,1,0.350000,12,0,0,0.333333,0.832816,0.279670,2,1,0,0.000000,3,0.041444,0.061622,322,0.792217
s0_m1_c35_h12_t03,1116602,full_demo_attention,0,1,0.350000,12,0,0,0.000000,1.345688,0.000000,2,0,0,0.000000,2,0.020349,0.026906,322,1.402123
s0_m1_c35_h12_t03,1116602,latent_intent,0,1,0.350000,12,1,1,1.000000,0.877516,0.431469,0,2,2,1.000000,11,0.040687,0.045025,151,0.000000
s0_m1_c35_h12_t04,1124521,language_prior,0,1,0.350000,12,0,0,0.333333,0.912511,0.271672,2,1,0,0.000000,10,0.026011,0.036969,322,0.884697
s0_m1_c35_h12_t04,1124521,nearest_demo_replay,0,1,0.350000,12,0,0,0.000000,15.515036,0.000000,2,0,0,0.000000,0,0.012174,0.015497,322,29.772640
s0_m1_c35_h12_t04,1124521,phase_retrieval,0,1,0.350000,12,0,0,0.166667,0.864171,0.142931,2,0,0,0.000000,7,0.035473,0.049513,322,0.773163
s0_m1_c35_h12_t04,1124521,full_demo_attention,0,1,0.350000,12,0,0,0.000000,1.214793,0.000000,2,0,0,0.000000,1,0.143993,0.285217,322,1.262586
s0_m1_c35_h12_t04,1124521,latent_intent,0,1,0.350000,12,1,1,1.000000,0.845493,0.441338,0,2,2,1.000000,9,0.041574,0.046640,151,0.000000
s0_m1_c35_h12_t05,1132440,language_prior,0,1,0.350000,12,0,0,0.416667,0.850889,0.350361,2,1,1,1.000000,11,0.028118,0.039039,322,0.849936
s0_m1_c35_h12_t05,1132440,nearest_demo_replay,0,1,0.350000,12,0,0,0.000000,15.973931,0.000000,2,0,0,0.000000,2,0.008530,0.008169,322,30.440025
s0_m1_c35_h12_t05,1132440,phase_retrieval,0,1,0.350000,12,0,0,0.166667,0.691844,0.156347,2,0,0,0.000000,6,0.037020,0.051934,322,0.598811
s0_m1_c35_h12_t05,1132440,full_demo_attention,0,1,0.350000,12,0,0,0.000000,1.239130,0.000000,2,0,0,0.000000,3,0.022500,0.028645,322,1.299809
s0_m1_c35_h12_t05,1132440,latent_intent,0,1,0.350000,12,1,1,1.000000,0.810247,0.448198,0,2,2,1.000000,9,0.040021,0.044176,147,0.000000
s1_m0_c00_h03_t00,1140359,language_prior,1,0,0.000000,3,0,0,0.000000,1.154476,0.000000,2,0,0,0.000000,5,0.027236,0.035761,106,1.182831
s1_m0_c00_h03_t00,1140359,nearest_demo_replay,1,0,0.000000,3,0,0,0.000000,0.637511,0.000000,2,0,0,0.000000,3,0.033020,0.045417,106,0.184493
s1_m0_c00_h03_t00,1140359,phase_retrieval,1,0,0.000000,3,0,0,0.000000,0.769746,0.000000,2,0,0,0.000000,3,0.036507,0.050623,106,0.706906
s1_m0_c00_h03_t00,1140359,full_demo_attention,1,0,0.000000,3,0,0,0.000000,0.772365,0.000000,2,0,0,0.000000,3,0.020011,0.023009,106,0.706384
s1_m0_c00_h03_t00,1140359,latent_intent,1,0,0.000000,3,1,1,1.000000,1.016740,0.346667,0,2,2,1.000000,2,0.036749,0.041861,49,0.000000
s1_m0_c00_h03_t01,1148278,language_prior,1,0,0.000000,3,0,0,0.000000,1.432099,0.000000,2,0,0,0.000000,5,0.027588,0.037834,106,1.600477
s1_m0_c00_h03_t01,1148278,nearest_demo_replay,1,0,0.000000,3,0,0,0.000000,0.828813,0.000000,2,0,0,0.000000,2,0.027361,0.033887,106,0.163455
s1_m0_c00_h03_t01,1148278,phase_retrieval,1,0,0.000000,3,0,0,0.000000,1.205016,0.000000,2,0,0,0.000000,3,0.031275,0.040505,106,1.412893
s1_m0_c00_h03_t01,1148278,full_demo_attention,1,0,0.000000,3,0,0,0.000000,1.191329,0.000000,2,0,0,0.000000,3,0.032256,0.036460,106,1.411584
s1_m0_c00_h03_t01,1148278,latent_intent,1,0,0.000000,3,1,1,1.000000,0.879106,0.317460,0,2,2,1.000000,2,0.040201,0.049891,41,0.000000
s1_m0_c00_h03_t02,1156197,language_prior,1,0,0.000000,3,0,0,0.333333,1.338166,0.271028,2,1,0,0.000000,5,0.031743,0.043700,106,1.521969
s1_m0_c00_h03_t02,1156197,nearest_demo_replay,1,0,0.000000,3,0,0,0.000000,1.032347,0.000000,2,0,0,0.000000,4,0.029286,0.040194,106,0.156109
s1_m0_c00_h03_t02,1156197,phase_retrieval,1,0,0.000000,3,0,0,0.000000,1.441385,0.000000,2,0,0,0.000000,5,0.033856,0.046548,106,1.708247
s1_m0_c00_h03_t02,1156197,full_demo_attention,1,0,0.000000,3,0,0,0.000000,1.467141,0.000000,2,0,0,0.000000,3,0.029609,0.032312,106,1.707063
s1_m0_c00_h03_t02,1156197,latent_intent,1,0,0.000000,3,1,1,1.000000,0.969378,0.326241,0,2,2,1.000000,3,0.039746,0.047107,46,0.000000
s1_m0_c00_h03_t03,1164116,language_prior,1,0,0.000000,3,0,0,0.333333,1.190941,0.280374,2,1,0,0.000000,5,0.029736,0.040908,106,1.339968
s1_m0_c00_h03_t03,1164116,nearest_demo_replay,1,0,0.000000,3,0,0,0.333333,0.585757,0.289720,2,1,0,0.000000,3,0.028684,0.039234,106,0.170510
s1_m0_c00_h03_t03,1164116,phase_retrieval,1,0,0.000000,3,0,0,0.333333,1.192602,0.292835,2,1,0,0.000000,4,0.025525,0.034329,106,1.331556
s1_m0_c00_h03_t03,1164116,full_demo_attention,1,0,0.000000,3,0,0,0.000000,0.710986,0.000000,2,0,0,0.000000,4,0.026711,0.035431,106,0.694386
s1_m0_c00_h03_t03,1164116,latent_intent,1,0,0.000000,3,1,1,1.000000,0.943577,0.363636,0,2,2,1.000000,3,0.034681,0.043544,43,0.000000
s1_m0_c00_h03_t04,1172035,language_prior,1,0,0.000000,3,0,0,0.333333,1.271793,0.274143,2,1,0,0.000000,5,0.029795,0.040852,106,1.449053
s1_m0_c00_h03_t04,1172035,nearest_demo_replay,1,0,0.000000,3,0,0,0.333333,0.662771,0.286604,2,1,0,0.000000,3,0.023398,0.029806,106,0.174583
s1_m0_c00_h03_t04,1172035,phase_retrieval,1,0,0.000000,3,0,0,0.000000,0.824157,0.000000,2,0,0,0.000000,4,0.033214,0.044767,106,0.829374
s1_m0_c00_h03_t04,1172035,full_demo_attention,1,0,0.000000,3,0,0,0.000000,0.827858,0.000000,2,0,0,0.000000,4,0.027695,0.034205,106,0.829342
s1_m0_c00_h03_t04,1172035,latent_intent,1,0,0.000000,3,1,1,1.000000,1.048245,0.366667,0,2,2,1.000000,3,0.032986,0.044812,49,0.000000
s1_m0_c00_h03_t05,1179954,language_prior,1,0,0.000000,3,0,0,0.000000,1.636390,0.000000,2,0,0,0.000000,5,0.025865,0.035101,106,1.907080
s1_m0_c00_h03_t05,1179954,nearest_demo_replay,1,0,0.000000,3,0,0,0.000000,0.866843,0.000000,2,0,0,0.000000,2,0.016529,0.019597,106,0.160652
s1_m0_c00_h03_t05,1179954,phase_retrieval,1,0,0.000000,3,0,0,0.333333,0.907675,0.289720,2,1,0,0.000000,3,0.035447,0.047974,106,0.899306
s1_m0_c00_h03_t05,1179954,full_demo_attention,1,0,0.000000,3,0,0,0.000000,1.253863,0.000000,2,0,0,0.000000,2,0.033407,0.038773,106,1.500382
s1_m0_c00_h03_t05,1179954,latent_intent,1,0,0.000000,3,1,1,1.000000,1.085983,0.333333,0,2,2,1.000000,2,0.037869,0.043173,47,0.000000
s1_m0_c00_h06_t00,1187873,language_prior,1,0,0.000000,6,0,0,0.333333,1.460020,0.288641,2,1,0,0.000000,7,0.027949,0.039412,178,1.669334
s1_m0_c00_h06_t00,1187873,nearest_demo_replay,1,0,0.000000,6,0,0,0.166667,0.561564,0.160149,2,0,0,0.000000,4,0.029028,0.040302,178,0.142151
s1_m0_c00_h06_t00,1187873,phase_retrieval,1,0,0.000000,6,0,0,0.166667,0.983535,0.160149,2,0,0,0.000000,2,0.031331,0.045462,178,1.059194
s1_m0_c00_h06_t00,1187873,full_demo_attention,1,0,0.000000,6,0,0,0.166667,0.998275,0.136872,2,0,0,0.000000,3,0.023765,0.026430,178,1.057273
s1_m0_c00_h06_t00,1187873,latent_intent,1,0,0.000000,6,1,1,1.000000,0.860307,0.444444,0,2,2,1.000000,3,0.038776,0.044525,77,0.000000
s1_m0_c00_h06_t01,1195792,language_prior,1,0,0.000000,6,0,0,0.166667,1.265698,0.140596,2,0,0,0.000000,7,0.025161,0.034297,178,1.290761
s1_m0_c00_h06_t01,1195792,nearest_demo_replay,1,0,0.000000,6,0,0,0.333333,0.807337,0.283985,2,1,0,0.000000,4,0.030005,0.036651,178,0.169656
s1_m0_c00_h06_t01,1195792,phase_retrieval,1,0,0.000000,6,0,0,0.333333,1.013405,0.284916,2,1,0,0.000000,2,0.029897,0.038360,178,1.028701
s1_m0_c00_h06_t01,1195792,full_demo_attention,1,0,0.000000,6,0,0,0.000000,1.439208,0.000000,2,0,0,0.000000,3,0.021396,0.023074,178,1.593190
s1_m0_c00_h06_t01,1195792,latent_intent,1,0,0.000000,6,1,1,1.000000,1.031553,0.374552,0,2,2,1.000000,4,0.036536,0.041390,92,0.000000
s1_m0_c00_h06_t02,1203711,language_prior,1,0,0.000000,6,0,0,0.333333,1.365336,0.295158,2,1,0,0.000000,6,0.024961,0.035446,178,1.442247
s1_m0_c00_h06_t02,1203711,nearest_demo_replay,1,0,0.000000,6,0,0,0.500000,0.574166,0.459963,2,1,1,1.000000,3,0.027289,0.034797,178,0.159060
s1_m0_c00_h06_t02,1203711,phase_retrieval,1,0,0.000000,6,0,0,0.500000,1.004035,0.459963,2,1,1,1.000000,4,0.030079,0.043430,178,0.987637
s1_m0_c00_h06_t02,1203711,full_demo_attention,1,0,0.000000,6,0,0,0.166667,1.504767,0.162011,2,0,0,0.000000,2,0.023783,0.027235,178,1.753334
s1_m0_c00_h06_t02,1203711,latent_intent,1,0,0.000000,6,1,1,1.000000,0.842823,0.488584,0,2,2,1.000000,4,0.041373,0.047672,72,0.000000
s1_m0_c00_h06_t03,1211630,language_prior,1,0,0.000000,6,0,0,0.333333,1.274707,0.293296,2,1,0,0.000000,6,0.028537,0.038027,178,1.331119
s1_m0_c00_h06_t03,1211630,nearest_demo_replay,1,0,0.000000,6,0,0,0.166667,0.500264,0.161080,2,0,0,0.000000,2,0.033450,0.047275,178,0.154725
s1_m0_c00_h06_t03,1211630,phase_retrieval,1,0,0.000000,6,0,0,0.166667,0.763883,0.161080,2,0,0,0.000000,3,0.034816,0.053843,178,0.739826
s1_m0_c00_h06_t03,1211630,full_demo_attention,1,0,0.000000,6,0,0,0.166667,0.721748,0.161080,2,0,0,0.000000,2,0.023228,0.025932,178,0.739735
s1_m0_c00_h06_t03,1211630,latent_intent,1,0,0.000000,6,1,1,1.000000,0.958125,0.468354,0,2,2,1.000000,4,0.037756,0.044597,78,0.000000
s1_m0_c00_h06_t04,1219549,language_prior,1,0,0.000000,6,0,0,0.500000,0.960845,0.423650,2,1,1,1.000000,7,0.028732,0.039026,178,1.024478
s1_m0_c00_h06_t04,1219549,nearest_demo_replay,1,0,0.000000,6,0,0,0.166667,0.705860,0.161080,2,0,0,0.000000,5,0.031108,0.041533,178,0.660374
s1_m0_c00_h06_t04,1219549,phase_retrieval,1,0,0.000000,6,0,0,0.166667,0.896950,0.161080,2,0,0,0.000000,3,0.031529,0.046656,178,0.606803
s1_m0_c00_h06_t04,1219549,full_demo_attention,1,0,0.000000,6,0,0,0.166667,0.687850,0.161080,2,0,0,0.000000,2,0.024139,0.029386,178,0.609695
s1_m0_c00_h06_t04,1219549,latent_intent,1,0,0.000000,6,1,1,1.000000,0.846673,0.462719,0,2,2,1.000000,5,0.038205,0.042994,75,0.000000
s1_m0_c00_h06_t05,1227468,language_prior,1,0,0.000000,6,0,0,0.166667,1.306656,0.126629,2,0,0,0.000000,7,0.030273,0.040885,178,1.420067
s1_m0_c00_h06_t05,1227468,nearest_demo_replay,1,0,0.000000,6,0,0,0.166667,0.586469,0.156425,2,0,0,0.000000,3,0.030887,0.040770,178,0.173482
s1_m0_c00_h06_t05,1227468,phase_retrieval,1,0,0.000000,6,0,0,0.166667,0.986141,0.156425,2,0,0,0.000000,4,0.034609,0.051091,178,0.858101
s1_m0_c00_h06_t05,1227468,full_demo_attention,1,0,0.000000,6,0,0,0.166667,0.844678,0.156425,2,0,0,0.000000,3,0.021817,0.023839,178,0.862261
s1_m0_c00_h06_t05,1227468,latent_intent,1,0,0.000000,6,1,1,1.000000,0.908843,0.397436,0,2,2,1.000000,4,0.037976,0.042059,77,0.000000
s1_m0_c00_h09_t00,1235387,language_prior,1,0,0.000000,9,0,0,0.222222,1.254769,0.188136,2,0,0,0.000000,8,0.024785,0.035543,250,1.322036
s1_m0_c00_h09_t00,1235387,nearest_demo_replay,1,0,0.000000,9,0,0,0.333333,0.753740,0.213369,2,1,0,0.000000,6,0.033582,0.048500,250,1.386139
s1_m0_c00_h09_t00,1235387,phase_retrieval,1,0,0.000000,9,0,0,0.000000,0.676386,0.000000,2,0,0,0.000000,3,0.025020,0.037746,250,0.600831
s1_m0_c00_h09_t00,1235387,full_demo_attention,1,0,0.000000,9,0,0,0.000000,0.834893,0.000000,2,0,0,0.000000,3,0.024724,0.029655,250,0.819210
s1_m0_c00_h09_t00,1235387,latent_intent,1,0,0.000000,9,1,1,1.000000,0.859319,0.416912,0,2,2,1.000000,8,0.039647,0.044766,112,0.000000
s1_m0_c00_h09_t01,1243306,language_prior,1,0,0.000000,9,0,0,0.222222,1.063404,0.193006,2,0,0,0.000000,9,0.026653,0.037203,250,0.969312
s1_m0_c00_h09_t01,1243306,nearest_demo_replay,1,0,0.000000,9,0,0,0.222222,1.628106,0.201417,2,0,0,0.000000,7,0.030091,0.039184,250,1.944421
s1_m0_c00_h09_t01,1243306,phase_retrieval,1,0,0.000000,9,0,0,0.111111,1.004139,0.104471,2,0,0,0.000000,3,0.024411,0.038992,250,0.815073
s1_m0_c00_h09_t01,1243306,full_demo_attention,1,0,0.000000,9,0,0,0.000000,1.254028,0.000000,2,0,0,0.000000,2,0.025030,0.030936,250,1.339937
s1_m0_c00_h09_t01,1243306,latent_intent,1,0,0.000000,9,1,1,1.000000,1.003643,0.417910,0,2,2,1.000000,8,0.037121,0.040799,133,0.000000
s1_m0_c00_h09_t02,1251225,language_prior,1,0,0.000000,9,0,0,0.222222,1.155005,0.186366,2,0,0,0.000000,8,0.024658,0.035211,250,1.168927
s1_m0_c00_h09_t02,1251225,nearest_demo_replay,1,0,0.000000,9,0,0,0.444444,0.967810,0.379371,2,1,1,1.000000,7,0.028541,0.035209,250,0.983891
s1_m0_c00_h09_t02,1251225,phase_retrieval,1,0,0.000000,9,0,0,0.666667,1.193288,0.467906,2,2,1,0.500000,7,0.030945,0.044101,250,1.296210
s1_m0_c00_h09_t02,1251225,full_demo_attention,1,0,0.000000,9,0,0,0.000000,1.226261,0.000000,2,0,0,0.000000,4,0.021316,0.024468,250,1.296113
s1_m0_c00_h09_t02,1251225,latent_intent,1,0,0.000000,9,1,1,1.000000,0.892572,0.422222,0,2,2,1.000000,7,0.036709,0.041319,119,0.000000
s1_m0_c00_h09_t03,1259144,language_prior,1,0,0.000000,9,0,0,0.222222,1.011349,0.185038,2,0,0,0.000000,10,0.026147,0.036552,250,1.046697
s1_m0_c00_h09_t03,1259144,nearest_demo_replay,1,0,0.000000,9,0,0,0.000000,1.044213,0.000000,2,0,0,0.000000,9,0.028862,0.036153,250,1.122911
s1_m0_c00_h09_t03,1259144,phase_retrieval,1,0,0.000000,9,0,0,0.000000,0.995378,0.000000,2,0,0,0.000000,6,0.031180,0.041428,250,1.044315
s1_m0_c00_h09_t03,1259144,full_demo_attention,1,0,0.000000,9,0,0,0.000000,0.991887,0.000000,2,0,0,0.000000,4,0.026672,0.033366,250,1.030281
s1_m0_c00_h09_t03,1259144,latent_intent,1,0,0.000000,9,1,1,1.000000,0.763215,0.447560,0,2,2,1.000000,8,0.041156,0.046258,106,0.000000
s1_m0_c00_h09_t04,1267063,language_prior,1,0,0.000000,9,0,0,0.333333,0.952956,0.300133,2,1,0,0.000000,9,0.027447,0.039265,250,0.873002
s1_m0_c00_h09_t04,1267063,nearest_demo_replay,1,0,0.000000,9,0,0,0.000000,1.218295,0.000000,2,0,0,0.000000,6,0.027661,0.036545,250,1.349629
s1_m0_c00_h09_t04,1267063,phase_retrieval,1,0,0.000000,9,0,0,0.222222,0.736918,0.211155,2,0,0,0.000000,4,0.027316,0.036895,250,0.686192
s1_m0_c00_h09_t04,1267063,full_demo_attention,1,0,0.000000,9,0,0,0.111111,1.505176,0.107127,2,0,0,0.000000,3,0.022134,0.026770,250,1.660443
s1_m0_c00_h09_t04,1267063,latent_intent,1,0,0.000000,9,1,1,1.000000,0.899905,0.462802,0,2,2,1.000000,6,0.037748,0.045102,114,0.000000
s1_m0_c00_h09_t05,1274982,language_prior,1,0,0.000000,9,0,0,0.222222,1.173363,0.188579,2,0,0,0.000000,9,0.025810,0.035978,250,1.200829
s1_m0_c00_h09_t05,1274982,nearest_demo_replay,1,0,0.000000,9,0,0,0.000000,1.389541,0.000000,2,0,0,0.000000,5,0.035980,0.049163,250,1.482766
s1_m0_c00_h09_t05,1274982,phase_retrieval,1,0,0.000000,9,0,0,0.222222,1.027771,0.161576,2,0,0,0.000000,5,0.032137,0.044663,250,0.893843
s1_m0_c00_h09_t05,1274982,full_demo_attention,1,0,0.000000,9,0,0,0.000000,1.469240,0.000000,2,0,0,0.000000,2,0.026839,0.031831,250,1.561946
s1_m0_c00_h09_t05,1274982,latent_intent,1,0,0.000000,9,1,1,1.000000,0.981739,0.422911,0,2,2,1.000000,8,0.038444,0.042277,128,0.000000
s1_m0_c00_h12_t00,1282901,language_prior,1,0,0.000000,12,0,0,0.333333,1.007144,0.270898,2,1,0,0.000000,11,0.029563,0.041129,322,1.046141
s1_m0_c00_h12_t00,1282901,nearest_demo_replay,1,0,0.000000,12,0,0,0.500000,1.162845,0.428793,2,1,1,1.000000,7,0.032917,0.042795,322,1.333941
s1_m0_c00_h12_t00,1282901,phase_retrieval,1,0,0.000000,12,0,0,0.333333,1.057897,0.288442,2,1,0,0.000000,5,0.034916,0.048097,322,1.223883
s1_m0_c00_h12_t00,1282901,full_demo_attention,1,0,0.000000,12,0,0,0.000000,1.247267,0.000000,2,0,0,0.000000,2,0.022489,0.028523,322,1.324320
s1_m0_c00_h12_t00,1282901,latent_intent,1,0,0.000000,12,1,1,1.000000,0.766363,0.472024,0,2,2,1.000000,10,0.041930,0.046747,139,0.000000
s1_m0_c00_h12_t01,1290820,language_prior,1,0,0.000000,12,0,0,0.333333,1.104164,0.295666,2,1,0,0.000000,10,0.025684,0.037351,322,1.077247
s1_m0_c00_h12_t01,1290820,nearest_demo_replay,1,0,0.000000,12,0,0,0.166667,0.971936,0.160217,2,0,0,0.000000,7,0.031284,0.042789,322,0.997612
s1_m0_c00_h12_t01,1290820,phase_retrieval,1,0,0.000000,12,0,0,0.166667,1.647994,0.160475,2,0,0,0.000000,6,0.025454,0.035394,322,1.796086
s1_m0_c00_h12_t01,1290820,full_demo_attention,1,0,0.000000,12,0,0,0.000000,1.436078,0.000000,2,0,0,0.000000,2,0.021699,0.025173,322,1.584312
s1_m0_c00_h12_t01,1290820,latent_intent,1,0,0.000000,12,1,1,1.000000,0.970996,0.486948,0,2,2,1.000000,10,0.038961,0.044363,165,0.000000
s1_m0_c00_h12_t02,1298739,language_prior,1,0,0.000000,12,0,0,0.250000,0.784932,0.216202,2,0,0,0.000000,10,0.025367,0.036088,322,0.763585
s1_m0_c00_h12_t02,1298739,nearest_demo_replay,1,0,0.000000,12,0,0,0.333333,1.140975,0.307276,2,1,0,0.000000,7,0.036062,0.051481,322,1.302391
s1_m0_c00_h12_t02,1298739,phase_retrieval,1,0,0.000000,12,0,0,0.250000,0.768035,0.200464,2,0,0,0.000000,5,0.036360,0.049863,322,0.762642
s1_m0_c00_h12_t02,1298739,full_demo_attention,1,0,0.000000,12,0,0,0.000000,1.368389,0.000000,2,0,0,0.000000,3,0.024161,0.028343,322,1.449915
s1_m0_c00_h12_t02,1298739,latent_intent,1,0,0.000000,12,1,1,1.000000,0.793206,0.475352,0,2,2,1.000000,13,0.041445,0.044975,141,0.000000
s1_m0_c00_h12_t03,1306658,language_prior,1,0,0.000000,12,0,0,0.333333,1.213062,0.294892,2,1,0,0.000000,11,0.025878,0.036531,322,1.278529
s1_m0_c00_h12_t03,1306658,nearest_demo_replay,1,0,0.000000,12,0,0,0.000000,1.257270,0.000000,2,0,0,0.000000,12,0.037213,0.051701,322,1.414470
s1_m0_c00_h12_t03,1306658,phase_retrieval,1,0,0.000000,12,0,0,0.083333,1.266696,0.081785,2,0,0,0.000000,4,0.033136,0.045709,322,1.426352
s1_m0_c00_h12_t03,1306658,full_demo_attention,1,0,0.000000,12,0,0,0.000000,1.367901,0.000000,2,0,0,0.000000,1,0.018036,0.018571,322,1.468546
s1_m0_c00_h12_t03,1306658,latent_intent,1,0,0.000000,12,1,1,1.000000,0.942400,0.474438,0,2,2,1.000000,9,0.038914,0.042679,162,0.000000
s1_m0_c00_h12_t04,1314577,language_prior,1,0,0.000000,12,0,0,0.250000,1.075087,0.208204,2,0,0,0.000000,10,0.027715,0.038910,322,1.026080
s1_m0_c00_h12_t04,1314577,nearest_demo_replay,1,0,0.000000,12,0,0,0.166667,0.979437,0.116357,2,0,0,0.000000,6,0.038867,0.054049,322,1.008176
s1_m0_c00_h12_t04,1314577,phase_retrieval,1,0,0.000000,12,0,0,0.166667,1.029236,0.132869,2,0,0,0.000000,4,0.035145,0.048951,322,1.049711
s1_m0_c00_h12_t04,1314577,full_demo_attention,1,0,0.000000,12,0,0,0.000000,1.584020,0.000000,2,0,0,0.000000,3,0.021899,0.024878,322,1.724744
s1_m0_c00_h12_t04,1314577,latent_intent,1,0,0.000000,12,1,1,1.000000,1.053402,0.469035,0,2,2,1.000000,12,0.039552,0.043270,182,0.000000
s1_m0_c00_h12_t05,1322496,language_prior,1,0,0.000000,12,0,0,0.416667,1.053917,0.354231,2,1,1,1.000000,10,0.027170,0.038515,322,1.117481
s1_m0_c00_h12_t05,1322496,nearest_demo_replay,1,0,0.000000,12,0,0,0.000000,1.317817,0.000000,2,0,0,0.000000,6,0.034554,0.045668,322,1.433796
s1_m0_c00_h12_t05,1322496,phase_retrieval,1,0,0.000000,12,0,0,0.000000,0.754456,0.000000,2,0,0,0.000000,3,0.031529,0.044340,322,0.724972
s1_m0_c00_h12_t05,1322496,full_demo_attention,1,0,0.000000,12,0,0,0.000000,1.373720,0.000000,2,0,0,0.000000,4,0.025545,0.036815,322,1.473334
s1_m0_c00_h12_t05,1322496,latent_intent,1,0,0.000000,12,1,1,1.000000,0.800461,0.442262,0,2,2,1.000000,7,0.039707,0.043324,139,0.000000
s1_m0_c18_h03_t00,1330415,language_prior,1,0,0.180000,3,0,0,0.333333,1.070818,0.280374,2,1,0,0.000000,5,0.030581,0.039987,106,1.171385
s1_m0_c18_h03_t00,1330415,nearest_demo_replay,1,0,0.180000,3,0,0,0.000000,0.581569,0.000000,2,0,0,0.000000,2,0.028826,0.038239,106,0.119062
s1_m0_c18_h03_t00,1330415,phase_retrieval,1,0,0.180000,3,0,0,0.000000,0.808995,0.000000,2,0,0,0.000000,4,0.037412,0.052783,106,0.850998
s1_m0_c18_h03_t00,1330415,full_demo_attention,1,0,0.180000,3,0,0,0.000000,0.807900,0.000000,2,0,0,0.000000,4,0.028234,0.032141,106,0.852386
s1_m0_c18_h03_t00,1330415,latent_intent,1,0,0.180000,3,1,1,1.000000,0.881412,0.356061,0,2,2,1.000000,3,0.041536,0.048675,43,0.000000
s1_m0_c18_h03_t01,1338334,language_prior,1,0,0.180000,3,0,0,0.333333,1.282944,0.302181,2,1,0,0.000000,5,0.032787,0.040327,106,1.452845
s1_m0_c18_h03_t01,1338334,nearest_demo_replay,1,0,0.180000,3,1,1,1.000000,0.794321,0.418803,0,2,2,1.000000,1,0.062527,0.083046,38,0.000000
s1_m0_c18_h03_t01,1338334,phase_retrieval,1,0,0.180000,3,0,0,0.333333,1.163971,0.314642,2,1,0,0.000000,4,0.043227,0.059967,106,1.422252
s1_m0_c18_h03_t01,1338334,full_demo_attention,1,0,0.180000,3,0,0,0.000000,0.562603,0.000000,2,0,0,0.000000,3,0.030046,0.034845,106,0.585403
s1_m0_c18_h03_t01,1338334,latent_intent,1,0,0.180000,3,1,1,1.000000,0.925057,0.422764,0,2,2,1.000000,2,0.040082,0.047387,40,0.000000
s1_m0_c18_h03_t02,1346253,language_prior,1,0,0.180000,3,0,0,0.333333,1.398598,0.320872,2,1,0,0.000000,5,0.030841,0.043535,106,1.637267
s1_m0_c18_h03_t02,1346253,nearest_demo_replay,1,0,0.180000,3,0,0,0.333333,0.473955,0.317757,2,1,0,0.000000,1,0.035737,0.049983,106,0.138350
s1_m0_c18_h03_t02,1346253,phase_retrieval,1,0,0.180000,3,0,0,0.333333,1.165944,0.320872,2,1,0,0.000000,3,0.041973,0.058578,106,1.455886
s1_m0_c18_h03_t02,1346253,full_demo_attention,1,0,0.180000,3,0,0,0.000000,1.291345,0.000000,2,0,0,0.000000,3,0.033799,0.042196,106,1.604277
s1_m0_c18_h03_t02,1346253,latent_intent,1,0,0.180000,3,1,1,1.000000,0.802160,0.460784,0,2,2,1.000000,2,0.044444,0.053683,33,0.000000
s1_m0_c18_h03_t03,1354172,language_prior,1,0,0.180000,3,0,0,0.000000,0.997272,0.000000,2,0,0,0.000000,5,0.027075,0.035990,106,0.941099
s1_m0_c18_h03_t03,1354172,nearest_demo_replay,1,0,0.180000,3,0,0,0.000000,0.639496,0.000000,2,0,0,0.000000,0,0.036365,0.054000,106,0.159336
s1_m0_c18_h03_t03,1354172,phase_retrieval,1,0,0.180000,3,0,0,0.000000,0.727403,0.000000,2,0,0,0.000000,3,0.038380,0.053539,106,0.533193
s1_m0_c18_h03_t03,1354172,full_demo_attention,1,0,0.180000,3,0,0,0.000000,0.690006,0.000000,2,0,0,0.000000,3,0.022402,0.026774,106,0.533931
s1_m0_c18_h03_t03,1354172,latent_intent,1,0,0.180000,3,1,1,1.000000,1.031879,0.326923,0,2,2,1.000000,2,0.036678,0.042884,51,0.000000
s1_m0_c18_h03_t04,1362091,language_prior,1,0,0.180000,3,0,0,0.000000,1.529745,0.000000,2,0,0,0.000000,5,0.025464,0.033601,106,1.780632
s1_m0_c18_h03_t04,1362091,nearest_demo_replay,1,0,0.180000,3,0,0,0.000000,0.740430,0.000000,2,0,0,0.000000,2,0.036001,0.050258,106,0.170168
s1_m0_c18_h03_t04,1362091,phase_retrieval,1,0,0.180000,3,1,1,1.000000,0.883349,0.333333,0,2,2,1.000000,1,0.059978,0.088400,46,0.000000
s1_m0_c18_h03_t04,1362091,full_demo_attention,1,0,0.180000,3,0,0,0.000000,1.078095,0.000000,2,0,0,0.000000,2,0.032909,0.037758,106,1.288863
s1_m0_c18_h03_t04,1362091,latent_intent,1,0,0.180000,3,1,1,1.000000,0.943978,0.355072,0,2,2,1.000000,3,0.031397,0.043001,45,0.000000
s1_m0_c18_h03_t05,1370010,language_prior,1,0,0.180000,3,0,0,0.000000,1.091001,0.000000,2,0,0,0.000000,5,0.028093,0.037914,106,1.121348
s1_m0_c18_h03_t05,1370010,nearest_demo_replay,1,0,0.180000,3,1,1,1.000000,0.867718,0.316667,0,2,2,1.000000,1,0.046515,0.066133,39,0.000000
s1_m0_c18_h03_t05,1370010,phase_retrieval,1,0,0.180000,3,1,1,1.000000,0.851184,0.316239,0,2,2,1.000000,1,0.041759,0.054842,38,0.000000
s1_m0_c18_h03_t05,1370010,full_demo_attention,1,0,0.180000,3,0,0,0.000000,1.073369,0.000000,2,0,0,0.000000,3,0.033925,0.039333,106,1.294646
s1_m0_c18_h03_t05,1370010,latent_intent,1,0,0.180000,3,1,1,1.000000,0.911265,0.348485,0,2,2,1.000000,2,0.038074,0.046614,43,0.000000
s1_m0_c18_h06_t00,1377929,language_prior,1,0,0.180000,6,0,0,0.166667,1.201316,0.136872,2,0,0,0.000000,7,0.024530,0.034106,178,1.251824
s1_m0_c18_h06_t00,1377929,nearest_demo_replay,1,0,0.180000,6,0,0,0.333333,0.552213,0.304469,2,1,0,0.000000,3,0.033526,0.051182,178,0.156391
s1_m0_c18_h06_t00,1377929,phase_retrieval,1,0,0.180000,6,0,0,0.500000,1.139552,0.415270,2,1,0,0.000000,4,0.030286,0.043838,178,1.125636
s1_m0_c18_h06_t00,1377929,full_demo_attention,1,0,0.180000,6,0,0,0.166667,0.772781,0.157356,2,0,0,0.000000,2,0.040703,0.070138,178,0.795966
s1_m0_c18_h06_t00,1377929,latent_intent,1,0,0.180000,6,1,1,1.000000,0.833410,0.407658,0,2,2,1.000000,6,0.038229,0.045071,73,0.000000
s1_m0_c18_h06_t01,1385848,language_prior,1,0,0.180000,6,0,0,0.166667,1.163322,0.136872,2,0,0,0.000000,6,0.024514,0.034152,178,1.202690
s1_m0_c18_h06_t01,1385848,nearest_demo_replay,1,0,0.180000,6,0,0,0.666667,0.784445,0.550279,2,2,1,0.500000,4,0.038740,0.053357,178,0.164740
s1_m0_c18_h06_t01,1385848,phase_retrieval,1,0,0.180000,6,0,0,0.166667,0.825506,0.152700,2,0,0,0.000000,6,0.038129,0.054815,178,0.620642
s1_m0_c18_h06_t01,1385848,full_demo_attention,1,0,0.180000,6,0,0,0.000000,1.093899,0.000000,2,0,0,0.000000,3,0.029203,0.033374,178,1.229489
s1_m0_c18_h06_t01,1385848,latent_intent,1,0,0.180000,6,1,1,1.000000,0.851831,0.426829,0,2,2,1.000000,6,0.038589,0.041986,81,0.000000
s1_m0_c18_h06_t02,1393767,language_prior,1,0,0.180000,6,0,0,0.166667,1.343162,0.140596,2,0,0,0.000000,7,0.026225,0.036017,178,1.397007
s1_m0_c18_h06_t02,1393767,nearest_demo_replay,1,0,0.180000,6,0,0,0.000000,1.483358,0.000000,2,0,0,0.000000,3,0.029456,0.041236,178,1.667668
s1_m0_c18_h06_t02,1393767,phase_retrieval,1,0,0.180000,6,0,0,0.000000,0.868291,0.000000,2,0,0,0.000000,3,0.031100,0.042201,178,0.766380
s1_m0_c18_h06_t02,1393767,full_demo_attention,1,0,0.180000,6,0,0,0.000000,1.520987,0.000000,2,0,0,0.000000,3,0.023083,0.026292,178,1.702246
s1_m0_c18_h06_t02,1393767,latent_intent,1,0,0.180000,6,1,1,1.000000,1.021036,0.385305,0,2,2,1.000000,4,0.037269,0.040725,92,0.000000
s1_m0_c18_h06_t03,1401686,language_prior,1,0,0.180000,6,0,0,0.166667,1.301146,0.114525,2,0,0,0.000000,8,0.027709,0.036534,178,1.392073
s1_m0_c18_h06_t03,1401686,nearest_demo_replay,1,0,0.180000,6,0,0,0.000000,1.442743,0.000000,2,0,0,0.000000,6,0.033143,0.045058,178,1.713595
s1_m0_c18_h06_t03,1401686,phase_retrieval,1,0,0.180000,6,0,0,0.000000,1.487851,0.000000,2,0,0,0.000000,4,0.028564,0.041669,178,1.753638
s1_m0_c18_h06_t03,1401686,full_demo_attention,1,0,0.180000,6,0,0,0.000000,1.525453,0.000000,2,0,0,0.000000,3,0.022576,0.028796,178,1.744713
s1_m0_c18_h06_t03,1401686,latent_intent,1,0,0.180000,6,1,1,1.000000,1.018855,0.401099,0,2,2,1.000000,5,0.035659,0.041273,90,0.000000
s1_m0_c18_h06_t04,1409605,language_prior,1,0,0.180000,6,0,0,0.166667,0.846851,0.154562,2,0,0,0.000000,7,0.026268,0.036547,178,0.825634
s1_m0_c18_h06_t04,1409605,nearest_demo_replay,1,0,0.180000,6,0,0,0.000000,0.485787,0.000000,2,0,0,0.000000,2,0.035056,0.049108,178,0.186257
s1_m0_c18_h06_t04,1409605,phase_retrieval,1,0,0.180000,6,0,0,0.000000,1.083213,0.000000,2,0,0,0.000000,5,0.033149,0.047911,178,1.228206
s1_m0_c18_h06_t04,1409605,full_demo_attention,1,0,0.180000,6,0,0,0.000000,1.108599,0.000000,2,0,0,0.000000,2,0.025495,0.031876,178,1.221933
s1_m0_c18_h06_t04,1409605,latent_intent,1,0,0.180000,6,1,1,1.000000,0.714116,0.450980,0,2,2,1.000000,6,0.038786,0.045644,67,0.000000
s1_m0_c18_h06_t05,1417524,language_prior,1,0,0.180000,6,0,0,0.166667,1.439338,0.136872,2,0,0,0.000000,6,0.025038,0.035539,178,1.543132
s1_m0_c18_h06_t05,1417524,nearest_demo_replay,1,0,0.180000,6,0,0,0.000000,1.153068,0.000000,2,0,0,0.000000,4,0.027947,0.037648,178,1.331896
s1_m0_c18_h06_t05,1417524,phase_retrieval,1,0,0.180000,6,0,0,0.000000,1.207622,0.000000,2,0,0,0.000000,4,0.029224,0.039570,178,1.337656
s1_m0_c18_h06_t05,1417524,full_demo_attention,1,0,0.180000,6,0,0,0.000000,1.215945,0.000000,2,0,0,0.000000,2,0.028211,0.037723,178,1.335703
s1_m0_c18_h06_t05,1417524,latent_intent,1,0,0.180000,6,1,1,1.000000,0.938399,0.399598,0,2,2,1.000000,6,0.036404,0.043286,82,0.000000
s1_m0_c18_h09_t00,1425443,language_prior,1,0,0.180000,9,0,0,0.333333,0.819409,0.305888,2,1,0,0.000000,9,0.027097,0.039038,250,0.746035
s1_m0_c18_h09_t00,1425443,nearest_demo_replay,1,0,0.180000,9,0,0,0.000000,0.878428,0.000000,2,0,0,0.000000,4,0.033502,0.044563,250,0.989332
s1_m0_c18_h09_t00,1425443,phase_retrieval,1,0,0.180000,9,0,0,0.111111,1.037951,0.108455,2,0,0,0.000000,4,0.025263,0.036600,250,1.118195
s1_m0_c18_h09_t00,1425443,full_demo_attention,1,0,0.180000,9,0,0,0.111111,1.349185,0.108455,2,0,0,0.000000,3,0.022815,0.025804,250,1.474334
s1_m0_c18_h09_t00,1425443,latent_intent,1,0,0.180000,9,1,1,1.000000,0.832802,0.477674,0,2,2,1.000000,7,0.041119,0.045660,106,0.000000
s1_m0_c18_h09_t01,1433362,language_prior,1,0,0.180000,9,0,0,0.222222,0.823366,0.185038,2,0,0,0.000000,8,0.024194,0.034507,250,0.700169
s1_m0_c18_h09_t01,1433362,nearest_demo_replay,1,0,0.180000,9,0,0,0.000000,0.972088,0.000000,2,0,0,0.000000,8,0.036713,0.048960,250,0.906637
s1_m0_c18_h09_t01,1433362,phase_retrieval,1,0,0.180000,9,0,0,0.000000,1.053315,0.000000,2,0,0,0.000000,7,0.036783,0.051388,250,1.058381
s1_m0_c18_h09_t01,1433362,full_demo_attention,1,0,0.180000,9,0,0,0.000000,1.023778,0.000000,2,0,0,0.000000,2,0.049731,0.092637,250,1.060436
s1_m0_c18_h09_t01,1433362,latent_intent,1,0,0.180000,9,1,1,1.000000,0.899455,0.436314,0,2,2,1.000000,8,0.038309,0.040898,122,0.000000
s1_m0_c18_h09_t02,1441281,language_prior,1,0,0.180000,9,0,0,0.222222,1.648549,0.189907,2,0,0,0.000000,8,0.025450,0.036527,250,1.762070
s1_m0_c18_h09_t02,1441281,nearest_demo_replay,1,0,0.180000,9,0,0,0.000000,1.175424,0.000000,2,0,0,0.000000,2,0.035856,0.048254,250,1.206275
s1_m0_c18_h09_t02,1441281,phase_retrieval,1,0,0.180000,9,0,0,0.000000,1.566477,0.000000,2,0,0,0.000000,3,0.031456,0.049825,250,1.749372
s1_m0_c18_h09_t02,1441281,full_demo_attention,1,0,0.180000,9,0,0,0.000000,1.606989,0.000000,2,0,0,0.000000,3,0.022500,0.027379,250,1.711324
s1_m0_c18_h09_t02,1441281,latent_intent,1,0,0.180000,9,1,1,1.000000,0.996956,0.439506,0,2,2,1.000000,9,0.036631,0.041286,134,0.000000
s1_m0_c18_h09_t03,1449200,language_prior,1,0,0.180000,9,0,0,0.222222,0.896764,0.196990,2,0,0,0.000000,9,0.026784,0.038155,250,0.816109
s1_m0_c18_h09_t03,1449200,nearest_demo_replay,1,0,0.180000,9,0,0,0.333333,0.721096,0.297477,2,1,0,0.000000,10,0.031604,0.041226,250,0.571637
s1_m0_c18_h09_t03,1449200,phase_retrieval,1,0,0.180000,9,0,0,0.444444,1.479555,0.362992,2,1,0,0.000000,3,0.021666,0.032646,250,1.565720
s1_m0_c18_h09_t03,1449200,full_demo_attention,1,0,0.180000,9,0,0,0.000000,0.729807,0.000000,2,0,0,0.000000,2,0.026507,0.032538,250,0.718096
s1_m0_c18_h09_t03,1449200,latent_intent,1,0,0.180000,9,1,1,1.000000,0.896643,0.437218,0,2,2,1.000000,8,0.040799,0.045303,122,0.000000
s1_m0_c18_h09_t04,1457119,language_prior,1,0,0.180000,9,0,0,0.444444,1.455024,0.368747,2,1,1,1.000000,8,0.027030,0.036941,250,1.630989
s1_m0_c18_h09_t04,1457119,nearest_demo_replay,1,0,0.180000,9,0,0,0.333333,0.860244,0.287738,2,1,0,0.000000,4,0.036432,0.051314,250,0.803046
s1_m0_c18_h09_t04,1457119,phase_retrieval,1,0,0.180000,9,0,0,0.222222,0.904871,0.204073,2,0,0,0.000000,2,0.027348,0.037930,250,0.769816
s1_m0_c18_h09_t04,1457119,full_demo_attention,1,0,0.180000,9,0,0,0.111111,1.352769,0.108898,2,0,0,0.000000,2,0.022445,0.026279,250,1.494880
s1_m0_c18_h09_t04,1457119,latent_intent,1,0,0.180000,9,1,1,1.000000,0.939741,0.494444,0,2,2,1.000000,7,0.039616,0.043518,119,0.000000
s1_m0_c18_h09_t05,1465038,language_prior,1,0,0.180000,9,0,0,0.333333,1.123816,0.289509,2,1,0,0.000000,9,0.027501,0.038951,250,1.215631
s1_m0_c18_h09_t05,1465038,nearest_demo_replay,1,0,0.180000,9,0,0,0.111111,1.079812,0.108012,2,0,0,0.000000,4,0.031618,0.042295,250,1.202585
s1_m0_c18_h09_t05,1465038,phase_retrieval,1,0,0.180000,9,0,0,0.111111,1.073313,0.108012,2,0,0,0.000000,3,0.032699,0.045418,250,1.156950
s1_m0_c18_h09_t05,1465038,full_demo_attention,1,0,0.180000,9,0,0,0.000000,0.688852,0.000000,2,0,0,0.000000,4,0.025610,0.035803,250,0.690644
s1_m0_c18_h09_t05,1465038,latent_intent,1,0,0.180000,9,1,1,1.000000,0.750892,0.469017,0,2,2,1.000000,7,0.041496,0.045748,103,0.000000
s1_m0_c18_h12_t00,1472957,language_prior,1,0,0.180000,12,0,0,0.416667,1.406223,0.345975,2,1,1,1.000000,12,0.027667,0.038513,322,1.591886
s1_m0_c18_h12_t00,1472957,nearest_demo_replay,1,0,0.180000,12,0,0,0.083333,1.259428,0.081527,2,0,0,0.000000,14,0.040100,0.055007,322,1.453575
s1_m0_c18_h12_t00,1472957,phase_retrieval,1,0,0.180000,12,0,0,0.166667,1.039242,0.155057,2,0,0,0.000000,3,0.022573,0.035375,322,0.913364
s1_m0_c18_h12_t00,1472957,full_demo_attention,1,0,0.180000,12,0,0,0.000000,0.734590,0.000000,2,0,0,0.000000,1,0.028480,0.040930,322,0.714741
s1_m0_c18_h12_t00,1472957,latent_intent,1,0,0.180000,12,1,1,1.000000,0.900210,0.456731,0,2,2,1.000000,9,0.038685,0.042099,155,0.000000
s1_m0_c18_h12_t01,1480876,language_prior,1,0,0.180000,12,0,0,0.250000,0.887007,0.210010,2,0,0,0.000000,12,0.027046,0.037439,322,0.862107
s1_m0_c18_h12_t01,1480876,nearest_demo_replay,1,0,0.180000,12,0,0,0.083333,1.103307,0.079721,2,0,0,0.000000,9,0.040112,0.056987,322,1.246450
s1_m0_c18_h12_t01,1480876,phase_retrieval,1,0,0.180000,12,0,0,0.166667,1.204013,0.151445,2,0,0,0.000000,7,0.035334,0.051809,322,1.362649
s1_m0_c18_h12_t01,1480876,full_demo_attention,1,0,0.180000,12,0,0,0.000000,1.315776,0.000000,2,0,0,0.000000,2,0.022876,0.027065,322,1.385260
s1_m0_c18_h12_t01,1480876,latent_intent,1,0,0.180000,12,1,1,1.000000,0.870554,0.472588,0,2,2,1.000000,12,0.041991,0.044612,151,0.000000
s1_m0_c18_h12_t02,1488795,language_prior,1,0,0.180000,12,0,0,0.250000,1.176832,0.215944,2,0,0,0.000000,14,0.025296,0.035120,322,1.204051
s1_m0_c18_h12_t02,1488795,nearest_demo_replay,1,0,0.180000,12,0,0,0.166667,1.298610,0.141383,2,0,0,0.000000,9,0.040467,0.058369,322,1.447091
s1_m0_c18_h12_t02,1488795,phase_retrieval,1,0,0.180000,12,0,0,0.166667,1.281263,0.141383,2,0,0,0.000000,6,0.039807,0.057059,322,1.400072
s1_m0_c18_h12_t02,1488795,full_demo_attention,1,0,0.180000,12,0,0,0.000000,1.604327,0.000000,2,0,0,0.000000,4,0.018083,0.019498,322,1.707371
s1_m0_c18_h12_t02,1488795,latent_intent,1,0,0.180000,12,1,1,1.000000,0.937751,0.435743,0,2,2,1.000000,12,0.038134,0.041504,165,0.000000
s1_m0_c18_h12_t03,1496714,language_prior,1,0,0.180000,12,0,0,0.333333,1.124007,0.297472,2,1,0,0.000000,12,0.027813,0.037856,322,1.171674
s1_m0_c18_h12_t03,1496714,nearest_demo_replay,1,0,0.180000,12,0,0,0.083333,0.787420,0.081785,2,0,0,0.000000,5,0.039862,0.055971,322,0.788378
s1_m0_c18_h12_t03,1496714,phase_retrieval,1,0,0.180000,12,0,0,0.166667,0.767493,0.159701,2,0,0,0.000000,5,0.036252,0.051779,322,0.729996
s1_m0_c18_h12_t03,1496714,full_demo_attention,1,0,0.180000,12,0,0,0.000000,1.222412,0.000000,2,0,0,0.000000,2,0.020688,0.026392,322,1.286369
s1_m0_c18_h12_t03,1496714,latent_intent,1,0,0.180000,12,1,1,1.000000,0.854821,0.481481,0,2,2,1.000000,10,0.041095,0.045089,152,0.000000
s1_m0_c18_h12_t04,1504633,language_prior,1,0,0.180000,12,0,0,0.250000,0.841822,0.210268,2,0,0,0.000000,10,0.028619,0.039741,322,0.775198
s1_m0_c18_h12_t04,1504633,nearest_demo_replay,1,0,0.180000,12,0,0,0.083333,1.016705,0.060372,2,0,0,0.000000,12,0.040512,0.054535,322,1.141209
s1_m0_c18_h12_t04,1504633,phase_retrieval,1,0,0.180000,12,0,0,0.083333,0.986614,0.067595,2,0,0,0.000000,6,0.041537,0.058647,322,1.074471
s1_m0_c18_h12_t04,1504633,full_demo_attention,1,0,0.180000,12,0,0,0.000000,1.040425,0.000000,2,0,0,0.000000,1,0.148272,0.294585,322,1.098401
s1_m0_c18_h12_t04,1504633,latent_intent,1,0,0.180000,12,1,1,1.000000,0.889916,0.467505,0,2,2,1.000000,10,0.038232,0.039454,158,0.000000
s1_m0_c18_h12_t05,1512552,language_prior,1,0,0.180000,12,0,0,0.166667,1.210182,0.138029,2,0,0,0.000000,11,0.027629,0.038443,322,1.236335
s1_m0_c18_h12_t05,1512552,nearest_demo_replay,1,0,0.180000,12,0,0,0.000000,1.350386,0.000000,2,0,0,0.000000,4,0.037853,0.054370,322,1.531395
s1_m0_c18_h12_t05,1512552,phase_retrieval,1,0,0.180000,12,0,0,0.000000,1.323107,0.000000,2,0,0,0.000000,3,0.038459,0.054055,322,1.486257
s1_m0_c18_h12_t05,1512552,full_demo_attention,1,0,0.180000,12,0,0,0.000000,1.406968,0.000000,2,0,0,0.000000,2,0.021318,0.024357,322,1.485304
s1_m0_c18_h12_t05,1512552,latent_intent,1,0,0.180000,12,1,1,1.000000,0.925775,0.472222,0,2,2,1.000000,11,0.039040,0.042889,167,0.000000
s1_m0_c35_h03_t00,1520471,language_prior,1,0,0.350000,3,0,0,0.000000,1.126028,0.000000,2,0,0,0.000000,5,0.027304,0.036048,106,1.170311
s1_m0_c35_h03_t00,1520471,nearest_demo_replay,1,0,0.350000,3,0,0,0.333333,0.644705,0.286604,2,1,0,0.000000,2,0.030339,0.040510,106,0.168078
s1_m0_c35_h03_t00,1520471,phase_retrieval,1,0,0.350000,3,0,0,0.000000,0.643141,0.000000,2,0,0,0.000000,3,0.038692,0.054491,106,0.550965
s1_m0_c35_h03_t00,1520471,full_demo_attention,1,0,0.350000,3,0,0,0.000000,0.623079,0.000000,2,0,0,0.000000,4,0.030160,0.035115,106,0.549010
s1_m0_c35_h03_t00,1520471,latent_intent,1,0,0.350000,3,1,1,1.000000,0.936805,0.347518,0,2,2,1.000000,3,0.036336,0.045029,46,0.000000
s1_m0_c35_h03_t01,1528390,language_prior,1,0,0.350000,3,0,0,0.333333,0.790728,0.311526,2,1,0,0.000000,5,0.028051,0.040554,106,0.819334
s1_m0_c35_h03_t01,1528390,nearest_demo_replay,1,0,0.350000,3,0,0,0.333333,0.510444,0.314642,2,1,0,0.000000,4,0.038835,0.060223,106,0.142548
s1_m0_c35_h03_t01,1528390,phase_retrieval,1,0,0.350000,3,0,0,0.333333,0.771732,0.314642,2,1,0,0.000000,0,0.033762,0.048458,106,0.809620
s1_m0_c35_h03_t01,1528390,full_demo_attention,1,0,0.350000,3,0,0,0.000000,0.504515,0.000000,2,0,0,0.000000,0,0.143018,0.281682,106,0.506153
s1_m0_c35_h03_t01,1528390,latent_intent,1,0,0.350000,3,1,1,1.000000,0.765486,0.421569,0,2,2,1.000000,2,0.040707,0.050104,33,0.000000
s1_m0_c35_h03_t02,1536309,language_prior,1,0,0.350000,3,0,0,0.000000,1.077801,0.000000,2,0,0,0.000000,5,0.026514,0.034084,106,1.081565
s1_m0_c35_h03_t02,1536309,nearest_demo_replay,1,0,0.350000,3,0,0,0.000000,0.685016,0.000000,2,0,0,0.000000,1,0.038701,0.053216,106,0.132715
s1_m0_c35_h03_t02,1536309,phase_retrieval,1,0,0.350000,3,0,0,0.000000,1.014866,0.000000,2,0,0,0.000000,3,0.043094,0.060801,106,1.072273
s1_m0_c35_h03_t02,1536309,full_demo_attention,1,0,0.350000,3,0,0,0.000000,1.045567,0.000000,2,0,0,0.000000,2,0.067116,0.111198,106,1.073699
s1_m0_c35_h03_t02,1536309,latent_intent,1,0,0.350000,3,1,1,1.000000,0.932508,0.303030,0,2,2,1.000000,2,0.040858,0.051099,43,0.000000
s1_m0_c35_h03_t03,1544228,language_prior,1,0,0.350000,3,0,0,0.000000,0.992703,0.000000,2,0,0,0.000000,5,0.026860,0.035207,106,0.878256
s1_m0_c35_h03_t03,1544228,nearest_demo_replay,1,0,0.350000,3,0,0,0.000000,0.665443,0.000000,2,0,0,0.000000,1,0.041651,0.063176,106,0.208394
s1_m0_c35_h03_t03,1544228,phase_retrieval,1,0,0.350000,3,0,0,0.000000,0.925403,0.000000,2,0,0,0.000000,2,0.049186,0.068639,106,0.804157
s1_m0_c35_h03_t03,1544228,full_demo_attention,1,0,0.350000,3,0,0,0.000000,0.918326,0.000000,2,0,0,0.000000,2,0.066811,0.127841,106,0.803056
s1_m0_c35_h03_t03,1544228,latent_intent,1,0,0.350000,3,1,1,1.000000,1.100842,0.327044,0,2,2,1.000000,2,0.034690,0.039661,52,0.000000
s1_m0_c35_h03_t04,1552147,language_prior,1,0,0.350000,3,0,0,0.000000,0.890348,0.000000,2,0,0,0.000000,5,0.027533,0.037064,106,0.688881
s1_m0_c35_h03_t04,1552147,nearest_demo_replay,1,0,0.350000,3,0,0,0.000000,0.836441,0.000000,2,0,0,0.000000,1,0.035546,0.050689,106,0.186834
s1_m0_c35_h03_t04,1552147,phase_retrieval,1,0,0.350000,3,0,0,0.000000,1.062550,0.000000,2,0,0,0.000000,3,0.037793,0.052546,106,0.999681
s1_m0_c35_h03_t04,1552147,full_demo_attention,1,0,0.350000,3,0,0,0.000000,1.045315,0.000000,2,0,0,0.000000,3,0.022570,0.027026,106,0.992613
s1_m0_c35_h03_t04,1552147,latent_intent,1,0,0.350000,3,1,1,1.000000,1.204021,0.333333,0,2,2,1.000000,2,0.031048,0.038176,58,0.000000
s1_m0_c35_h03_t05,1560066,language_prior,1,0,0.350000,3,0,0,0.000000,1.419756,0.000000,2,0,0,0.000000,5,0.027472,0.035721,106,1.625986
s1_m0_c35_h03_t05,1560066,nearest_demo_replay,1,0,0.350000,3,0,0,0.000000,0.731328,0.000000,2,0,0,0.000000,2,0.044130,0.060935,106,0.198383
s1_m0_c35_h03_t05,1560066,phase_retrieval,1,0,0.350000,3,0,0,0.333333,0.886209,0.280374,2,1,0,0.000000,3,0.048238,0.067067,106,1.041866
s1_m0_c35_h03_t05,1560066,full_demo_attention,1,0,0.350000,3,0,0,0.000000,1.098031,0.000000,2,0,0,0.000000,3,0.032965,0.048247,106,1.292391
s1_m0_c35_h03_t05,1560066,latent_intent,1,0,0.350000,3,1,1,1.000000,0.889780,0.364341,0,2,2,1.000000,2,0.043984,0.047971,42,0.000000
s1_m0_c35_h06_t00,1567985,language_prior,1,0,0.350000,6,0,0,0.333333,1.016716,0.277467,2,1,0,0.000000,7,0.029775,0.041130,178,1.056381
s1_m0_c35_h06_t00,1567985,nearest_demo_replay,1,0,0.350000,6,0,0,0.166667,0.644980,0.150838,2,0,0,0.000000,2,0.025392,0.033601,178,0.163500
s1_m0_c35_h06_t00,1567985,phase_retrieval,1,0,0.350000,6,0,0,0.000000,1.121022,0.000000,2,0,0,0.000000,3,0.025372,0.034596,178,1.182648
s1_m0_c35_h06_t00,1567985,full_demo_attention,1,0,0.350000,6,0,0,0.000000,0.610487,0.000000,2,0,0,0.000000,0,0.146237,0.289887,178,0.377791
s1_m0_c35_h06_t00,1567985,latent_intent,1,0,0.350000,6,1,1,1.000000,0.886838,0.412602,0,2,2,1.000000,5,0.040009,0.045492,81,0.000000
s1_m0_c35_h06_t01,1575904,language_prior,1,0,0.350000,6,0,0,0.333333,0.968420,0.301676,2,1,0,0.000000,7,0.031973,0.043163,178,1.010527
s1_m0_c35_h06_t01,1575904,nearest_demo_replay,1,0,0.350000,6,0,0,0.333333,0.533075,0.311918,2,1,0,0.000000,3,0.038627,0.053759,178,0.198061
s1_m0_c35_h06_t01,1575904,phase_retrieval,1,0,0.350000,6,0,0,0.166667,0.607696,0.162011,2,0,0,0.000000,3,0.030257,0.045025,178,0.529227
s1_m0_c35_h06_t01,1575904,full_demo_attention,1,0,0.350000,6,0,0,0.000000,1.077153,0.000000,2,0,0,0.000000,2,0.031507,0.039559,178,1.222145
s1_m0_c35_h06_t01,1575904,latent_intent,1,0,0.350000,6,1,1,1.000000,0.772904,0.465686,0,2,2,1.000000,4,0.041658,0.050491,67,0.000000
s1_m0_c35_h06_t02,1583823,language_prior,1,0,0.350000,6,0,0,0.166667,0.779677,0.136872,2,0,0,0.000000,6,0.024951,0.034772,178,0.730144
s1_m0_c35_h06_t02,1583823,nearest_demo_replay,1,0,0.350000,6,0,0,0.000000,0.497939,0.000000,2,0,0,0.000000,4,0.038181,0.053638,178,0.151145
s1_m0_c35_h06_t02,1583823,phase_retrieval,1,0,0.350000,6,0,0,0.000000,0.954716,0.000000,2,0,0,0.000000,3,0.040885,0.056659,178,1.001914
s1_m0_c35_h06_t02,1583823,full_demo_attention,1,0,0.350000,6,0,0,0.000000,0.970019,0.000000,2,0,0,0.000000,3,0.024080,0.028029,178,1.004551
s1_m0_c35_h06_t02,1583823,latent_intent,1,0,0.350000,6,1,1,1.000000,0.874054,0.400433,0,2,2,1.000000,5,0.042918,0.049398,76,0.000000
s1_m0_c35_h06_t03,1591742,language_prior,1,0,0.350000,6,0,0,0.333333,1.005095,0.299814,2,1,0,0.000000,7,0.027887,0.038005,178,1.048001
s1_m0_c35_h06_t03,1591742,nearest_demo_replay,1,0,0.350000,6,0,0,0.000000,0.430618,0.000000,2,0,0,0.000000,2,0.041864,0.057980,178,0.170429
s1_m0_c35_h06_t03,1591742,phase_retrieval,1,0,0.350000,6,0,0,0.333333,1.018807,0.264432,2,1,0,0.000000,2,0.040194,0.055431,178,1.232178
s1_m0_c35_h06_t03,1591742,full_demo_attention,1,0,0.350000,6,0,0,0.166667,0.692176,0.162011,2,0,0,0.000000,1,0.140203,0.275510,178,0.727619
s1_m0_c35_h06_t03,1591742,latent_intent,1,0,0.350000,6,1,1,1.000000,0.785806,0.468137,0,2,2,1.000000,5,0.042676,0.049817,67,0.000000
s1_m0_c35_h06_t04,1599661,language_prior,1,0,0.350000,6,0,0,0.166667,0.931225,0.139665,2,0,0,0.000000,7,0.026106,0.036031,178,0.939850
s1_m0_c35_h06_t04,1599661,nearest_demo_replay,1,0,0.350000,6,0,0,0.166667,0.496916,0.152700,2,0,0,0.000000,3,0.043539,0.064726,178,0.119770
s1_m0_c35_h06_t04,1599661,phase_retrieval,1,0,0.350000,6,0,0,0.166667,0.794188,0.152700,2,0,0,0.000000,6,0.036416,0.051620,178,0.778771
s1_m0_c35_h06_t04,1599661,full_demo_attention,1,0,0.350000,6,0,0,0.000000,0.999767,0.000000,2,0,0,0.000000,4,0.025537,0.029832,178,1.059399
s1_m0_c35_h06_t04,1599661,latent_intent,1,0,0.350000,6,1,1,1.000000,0.777151,0.405702,0,2,2,1.000000,5,0.041694,0.046713,75,0.000000
s1_m0_c35_h06_t05,1607580,language_prior,1,0,0.350000,6,0,0,0.166667,0.887067,0.151769,2,0,0,0.000000,7,0.025937,0.035527,178,0.857600
s1_m0_c35_h06_t05,1607580,nearest_demo_replay,1,0,0.350000,6,0,0,0.000000,0.523558,0.000000,2,0,0,0.000000,1,0.042420,0.061584,178,0.156813
s1_m0_c35_h06_t05,1607580,phase_retrieval,1,0,0.350000,6,0,0,0.000000,0.622826,0.000000,2,0,0,0.000000,3,0.033078,0.046330,178,0.581926
s1_m0_c35_h06_t05,1607580,full_demo_attention,1,0,0.350000,6,0,0,0.000000,1.114868,0.000000,2,0,0,0.000000,3,0.022319,0.025671,178,1.171570
s1_m0_c35_h06_t05,1607580,latent_intent,1,0,0.350000,6,1,1,1.000000,0.758854,0.425926,0,2,2,1.000000,6,0.041315,0.048040,71,0.000000
s1_m0_c35_h09_t00,1615499,language_prior,1,0,0.350000,9,0,0,0.222222,1.084014,0.196104,2,0,0,0.000000,9,0.026412,0.037323,250,1.162676
s1_m0_c35_h09_t00,1615499,nearest_demo_replay,1,0,0.350000,9,0,0,0.111111,0.706380,0.084108,2,0,0,0.000000,6,0.036122,0.049201,250,0.693312
s1_m0_c35_h09_t00,1615499,phase_retrieval,1,0,0.350000,9,0,0,0.111111,0.692227,0.084108,2,0,0,0.000000,5,0.037426,0.056203,250,0.684651
s1_m0_c35_h09_t00,1615499,full_demo_attention,1,0,0.350000,9,0,0,0.000000,1.065300,0.000000,2,0,0,0.000000,3,0.026563,0.031045,250,1.155443
s1_m0_c35_h09_t00,1615499,latent_intent,1,0,0.350000,9,1,1,1.000000,0.692348,0.454545,0,2,2,1.000000,9,0.044293,0.047577,98,0.000000
s1_m0_c35_h09_t01,1623418,language_prior,1,0,0.350000,9,0,0,0.333333,1.290213,0.281983,2,1,0,0.000000,8,0.026548,0.036911,250,1.376023
s1_m0_c35_h09_t01,1623418,nearest_demo_replay,1,0,0.350000,9,0,0,0.000000,0.930319,0.000000,2,0,0,0.000000,9,0.039372,0.060070,250,0.852805
s1_m0_c35_h09_t01,1623418,phase_retrieval,1,0,0.350000,9,0,0,0.000000,0.959210,0.000000,2,0,0,0.000000,6,0.035159,0.050497,250,0.890966
s1_m0_c35_h09_t01,1623418,full_demo_attention,1,0,0.350000,9,0,0,0.000000,0.892141,0.000000,2,0,0,0.000000,2,0.024335,0.028787,250,0.890374
s1_m0_c35_h09_t01,1623418,latent_intent,1,0,0.350000,9,1,1,1.000000,0.905391,0.467787,0,2,2,1.000000,6,0.039395,0.045615,118,0.000000
s1_m0_c35_h09_t02,1631337,language_prior,1,0,0.350000,9,0,0,0.222222,1.415845,0.180168,2,0,0,0.000000,8,0.023796,0.033696,250,1.440881
s1_m0_c35_h09_t02,1631337,nearest_demo_replay,1,0,0.350000,9,0,0,0.555556,0.659165,0.457282,2,1,1,1.000000,6,0.032457,0.045800,250,0.125452
s1_m0_c35_h09_t02,1631337,phase_retrieval,1,0,0.350000,9,0,0,0.333333,1.105003,0.267818,2,1,0,0.000000,4,0.021905,0.032270,250,1.003872
s1_m0_c35_h09_t02,1631337,full_demo_attention,1,0,0.350000,9,0,0,0.000000,1.335177,0.000000,2,0,0,0.000000,3,0.020642,0.025827,250,1.440478
s1_m0_c35_h09_t02,1631337,latent_intent,1,0,0.350000,9,1,1,1.000000,0.950025,0.441052,0,2,2,1.000000,9,0.034534,0.039158,130,0.000000
s1_m0_c35_h09_t03,1639256,language_prior,1,0,0.350000,9,0,0,0.333333,1.254816,0.259407,2,1,0,0.000000,8,0.030223,0.041320,250,1.339321
s1_m0_c35_h09_t03,1639256,nearest_demo_replay,1,0,0.350000,9,0,0,0.111111,1.289784,0.104914,2,0,0,0.000000,3,0.036168,0.050700,250,1.430089
s1_m0_c35_h09_t03,1639256,phase_retrieval,1,0,0.350000,9,0,0,0.111111,1.257999,0.084108,2,0,0,0.000000,3,0.030912,0.042845,250,1.383467
s1_m0_c35_h09_t03,1639256,full_demo_attention,1,0,0.350000,9,0,0,0.000000,1.577862,0.000000,2,0,0,0.000000,3,0.019479,0.022317,250,1.710354
s1_m0_c35_h09_t03,1639256,latent_intent,1,0,0.350000,9,1,1,1.000000,0.866631,0.451852,0,2,2,1.000000,7,0.038285,0.044047,119,0.000000
s1_m0_c35_h09_t04,1647175,language_prior,1,0,0.350000,9,0,0,0.222222,1.378448,0.186808,2,0,0,0.000000,10,0.028315,0.039334,250,1.485986
s1_m0_c35_h09_t04,1647175,nearest_demo_replay,1,0,0.350000,9,0,0,0.333333,1.201570,0.276671,2,1,0,0.000000,2,0.038761,0.056917,250,1.327698
s1_m0_c35_h09_t04,1647175,phase_retrieval,1,0,0.350000,9,0,0,0.333333,1.428507,0.275343,2,1,0,0.000000,4,0.035765,0.053676,250,1.574998
s1_m0_c35_h09_t04,1647175,full_demo_attention,1,0,0.350000,9,0,0,0.000000,1.366030,0.000000,2,0,0,0.000000,3,0.023085,0.027141,250,1.472475
s1_m0_c35_h09_t04,1647175,latent_intent,1,0,0.350000,9,1,1,1.000000,0.954628,0.449694,0,2,2,1.000000,9,0.039392,0.042876,126,0.000000
s1_m0_c35_h09_t05,1655094,language_prior,1,0,0.350000,9,0,0,0.444444,0.884029,0.395308,2,1,1,1.000000,9,0.028546,0.039144,250,0.885249
s1_m0_c35_h09_t05,1655094,nearest_demo_replay,1,0,0.350000,9,0,0,0.000000,1.057698,0.000000,2,0,0,0.000000,3,0.041713,0.059129,250,1.122116
s1_m0_c35_h09_t05,1655094,phase_retrieval,1,0,0.350000,9,0,0,0.111111,1.254131,0.109340,2,0,0,0.000000,2,0.042976,0.065877,250,1.386909
s1_m0_c35_h09_t05,1655094,full_demo_attention,1,0,0.350000,9,0,0,0.000000,0.627446,0.000000,2,0,0,0.000000,0,0.148654,0.293131,250,0.646764
s1_m0_c35_h09_t05,1655094,latent_intent,1,0,0.350000,9,1,1,1.000000,0.808375,0.464744,0,2,2,1.000000,5,0.038843,0.044235,103,0.000000
s1_m0_c35_h12_t00,1663013,language_prior,1,0,0.350000,12,0,0,0.333333,1.064477,0.295408,2,1,0,0.000000,11,0.026044,0.037695,322,1.053156
s1_m0_c35_h12_t00,1663013,nearest_demo_replay,1,0,0.350000,12,0,0,0.166667,0.787217,0.146543,2,0,0,0.000000,5,0.038938,0.055605,322,0.754741
s1_m0_c35_h12_t00,1663013,phase_retrieval,1,0,0.350000,12,0,0,0.166667,0.717403,0.160733,2,0,0,0.000000,3,0.030383,0.044408,322,0.686240
s1_m0_c35_h12_t00,1663013,full_demo_attention,1,0,0.350000,12,0,0,0.083333,1.268092,0.081269,2,0,0,0.000000,2,0.025888,0.033336,322,1.345440
s1_m0_c35_h12_t00,1663013,latent_intent,1,0,0.350000,12,1,1,1.000000,0.872848,0.476190,0,2,2,1.000000,8,0.040548,0.047024,139,0.000000
s1_m0_c35_h12_t01,1670932,language_prior,1,0,0.350000,12,0,0,0.166667,1.362646,0.137771,2,0,0,0.000000,11,0.028352,0.039655,322,1.421460
s1_m0_c35_h12_t01,1670932,nearest_demo_replay,1,0,0.350000,12,0,0,0.000000,1.545688,0.000000,2,0,0,0.000000,4,0.041306,0.059544,322,1.821367
s1_m0_c35_h12_t01,1670932,phase_retrieval,1,0,0.350000,12,0,0,0.000000,1.532208,0.000000,2,0,0,0.000000,5,0.038870,0.057518,322,1.768737
s1_m0_c35_h12_t01,1670932,full_demo_attention,1,0,0.350000,12,0,0,0.000000,1.620545,0.000000,2,0,0,0.000000,2,0.023898,0.030368,322,1.763406
s1_m0_c35_h12_t01,1670932,latent_intent,1,0,0.350000,12,1,1,1.000000,0.964676,0.466856,0,2,2,1.000000,11,0.037075,0.039732,175,0.000000
s1_m0_c35_h12_t02,1678851,language_prior,1,0,0.350000,12,0,0,0.500000,1.057700,0.438338,2,1,1,1.000000,9,0.027171,0.038462,322,1.165521
s1_m0_c35_h12_t02,1678851,nearest_demo_replay,1,0,0.350000,12,0,0,0.083333,0.728290,0.081527,2,0,0,0.000000,6,0.046617,0.067648,322,0.684114
s1_m0_c35_h12_t02,1678851,phase_retrieval,1,0,0.350000,12,0,0,0.166667,0.724943,0.150155,2,0,0,0.000000,3,0.043812,0.065475,322,0.704485
s1_m0_c35_h12_t02,1678851,full_demo_attention,1,0,0.350000,12,0,0,0.000000,1.254190,0.000000,2,0,0,0.000000,2,0.024269,0.032315,322,1.337720
s1_m0_c35_h12_t02,1678851,latent_intent,1,0,0.350000,12,1,1,1.000000,0.720218,0.477904,0,2,2,1.000000,7,0.041374,0.048034,131,0.000000
s1_m0_c35_h12_t03,1686770,language_prior,1,0,0.350000,12,0,0,0.333333,1.014240,0.270382,2,1,0,0.000000,10,0.026503,0.038033,322,1.033142
s1_m0_c35_h12_t03,1686770,nearest_demo_replay,1,0,0.350000,12,0,0,0.000000,1.109522,0.000000,2,0,0,0.000000,6,0.041605,0.062791,322,1.230767
s1_m0_c35_h12_t03,1686770,phase_retrieval,1,0,0.350000,12,0,0,0.000000,1.318241,0.000000,2,0,0,0.000000,4,0.034346,0.048476,322,1.448932
s1_m0_c35_h12_t03,1686770,full_demo_attention,1,0,0.350000,12,0,0,0.000000,1.145473,0.000000,2,0,0,0.000000,1,0.021513,0.027496,322,1.198579
s1_m0_c35_h12_t03,1686770,latent_intent,1,0,0.350000,12,1,1,1.000000,0.841936,0.446921,0,2,2,1.000000,9,0.038705,0.041905,156,0.000000
s1_m0_c35_h12_t04,1694689,language_prior,1,0,0.350000,12,0,0,0.500000,1.431467,0.426471,2,1,1,1.000000,11,0.027959,0.037934,322,1.652413
s1_m0_c35_h12_t04,1694689,nearest_demo_replay,1,0,0.350000,12,0,0,0.083333,1.393354,0.067079,2,0,0,0.000000,6,0.041752,0.061091,322,1.619662
s1_m0_c35_h12_t04,1694689,phase_retrieval,1,0,0.350000,12,0,0,0.083333,0.646020,0.081785,2,0,0,0.000000,3,0.026394,0.037997,322,0.655545
s1_m0_c35_h12_t04,1694689,full_demo_attention,1,0,0.350000,12,0,0,0.000000,0.885594,0.000000,2,0,0,0.000000,1,0.052978,0.091731,322,0.895056
s1_m0_c35_h12_t04,1694689,latent_intent,1,0,0.350000,12,1,1,1.000000,0.895633,0.489130,0,2,2,1.000000,11,0.039112,0.042895,160,0.000000
s1_m0_c35_h12_t05,1702608,language_prior,1,0,0.350000,12,0,0,0.416667,1.362351,0.347781,2,1,0,0.000000,10,0.027359,0.038052,322,1.489257
s1_m0_c35_h12_t05,1702608,nearest_demo_replay,1,0,0.350000,12,0,0,0.083333,0.862581,0.082043,2,0,0,0.000000,7,0.037353,0.057124,322,0.793901
s1_m0_c35_h12_t05,1702608,phase_retrieval,1,0,0.350000,12,0,0,0.250000,1.434354,0.226522,2,0,0,0.000000,4,0.026225,0.036670,322,1.524244
s1_m0_c35_h12_t05,1702608,full_demo_attention,1,0,0.350000,12,0,0,0.000000,1.739310,0.000000,2,0,0,0.000000,3,0.023206,0.029716,322,1.887801
s1_m0_c35_h12_t05,1702608,latent_intent,1,0,0.350000,12,1,1,1.000000,0.880022,0.467241,0,2,2,1.000000,8,0.041356,0.048808,144,0.000000
s1_m1_c00_h03_t00,1710527,language_prior,1,1,0.000000,3,0,0,0.000000,0.951101,0.000000,2,0,0,0.000000,5,0.026190,0.034904,106,0.736218
s1_m1_c00_h03_t00,1710527,nearest_demo_replay,1,1,0.000000,3,0,0,0.000000,3.151239,0.000000,2,0,0,0.000000,0,0.019089,0.023557,106,5.540988
s1_m1_c00_h03_t00,1710527,phase_retrieval,1,1,0.000000,3,0,0,0.000000,1.504487,0.000000,2,0,0,0.000000,3,0.033301,0.046772,106,1.901853
s1_m1_c00_h03_t00,1710527,full_demo_attention,1,1,0.000000,3,0,0,0.000000,1.499178,0.000000,2,0,0,0.000000,2,0.026159,0.028960,106,1.900612
s1_m1_c00_h03_t00,1710527,latent_intent,1,1,0.000000,3,1,1,1.000000,1.171388,0.302469,0,2,2,1.000000,2,0.038056,0.044307,53,0.000000
s1_m1_c00_h03_t01,1718446,language_prior,1,1,0.000000,3,0,0,0.666667,1.075999,0.591900,2,2,1,0.500000,5,0.034104,0.045032,106,1.229106
s1_m1_c00_h03_t01,1718446,nearest_demo_replay,1,1,0.000000,3,0,0,0.333333,1.875040,0.317757,2,1,0,0.000000,0,0.030179,0.042687,106,0.931795
s1_m1_c00_h03_t01,1718446,phase_retrieval,1,1,0.000000,3,0,1,1.000000,0.984205,0.548148,1,2,1,0.500000,1,0.038225,0.055779,44,0.000000
s1_m1_c00_h03_t01,1718446,full_demo_attention,1,1,0.000000,3,0,0,0.000000,1.075346,0.000000,2,0,0,0.000000,3,0.030024,0.033932,106,1.261523
s1_m1_c00_h03_t01,1718446,latent_intent,1,1,0.000000,3,1,1,1.000000,0.780705,0.457143,0,2,2,1.000000,2,0.048368,0.055215,34,0.000000
s1_m1_c00_h03_t02,1726365,language_prior,1,1,0.000000,3,0,0,0.000000,1.202766,0.000000,2,0,0,0.000000,5,0.027041,0.036490,106,1.243565
s1_m1_c00_h03_t02,1726365,nearest_demo_replay,1,1,0.000000,3,0,0,0.000000,2.648689,0.000000,2,0,0,0.000000,0,0.011196,0.018711,106,5.580284
s1_m1_c00_h03_t02,1726365,phase_retrieval,1,1,0.000000,3,0,0,0.000000,1.106738,0.000000,2,0,0,0.000000,4,0.036795,0.051070,106,1.248945
s1_m1_c00_h03_t02,1726365,full_demo_attention,1,1,0.000000,3,0,0,0.000000,1.106078,0.000000,2,0,0,0.000000,3,0.034351,0.040764,106,1.241272
s1_m1_c00_h03_t02,1726365,latent_intent,1,1,0.000000,3,1,1,1.000000,0.945882,0.303704,0,2,2,1.000000,3,0.039349,0.044602,44,0.000000
s1_m1_c00_h03_t03,1734284,language_prior,1,1,0.000000,3,0,0,0.000000,1.516489,0.000000,2,0,0,0.000000,5,0.026621,0.035880,106,1.740805
s1_m1_c00_h03_t03,1734284,nearest_demo_replay,1,1,0.000000,3,0,0,0.000000,2.491433,0.000000,2,0,0,0.000000,0,0.023585,0.034855,106,5.573761
s1_m1_c00_h03_t03,1734284,phase_retrieval,1,1,0.000000,3,0,0,0.000000,1.425967,0.000000,2,0,0,0.000000,4,0.033610,0.045899,106,1.727752
s1_m1_c00_h03_t03,1734284,full_demo_attention,1,1,0.000000,3,0,0,0.000000,1.456094,0.000000,2,0,0,0.000000,3,0.028228,0.033746,106,1.733403
s1_m1_c00_h03_t03,1734284,latent_intent,1,1,0.000000,3,1,1,1.000000,0.913711,0.370370,0,2,2,1.000000,2,0.032737,0.040389,44,0.000000
s1_m1_c00_h03_t04,1742203,language_prior,1,1,0.000000,3,0,0,0.666667,1.135685,0.585670,2,2,1,0.500000,5,0.029604,0.042581,106,1.285117
s1_m1_c00_h03_t04,1742203,nearest_demo_replay,1,1,0.000000,3,0,0,0.666667,2.779939,0.532710,2,2,0,0.000000,2,0.025476,0.035838,106,4.630833
s1_m1_c00_h03_t04,1742203,phase_retrieval,1,1,0.000000,3,0,0,0.333333,1.101247,0.320872,2,1,0,0.000000,4,0.030175,0.040393,106,1.286022
s1_m1_c00_h03_t04,1742203,full_demo_attention,1,1,0.000000,3,0,0,0.000000,1.125401,0.000000,2,0,0,0.000000,3,0.029447,0.032978,106,1.341674
s1_m1_c00_h03_t04,1742203,latent_intent,1,1,0.000000,3,1,1,1.000000,0.891644,0.441441,0,2,2,1.000000,2,0.036317,0.051110,36,0.000000
s1_m1_c00_h03_t05,1750122,language_prior,1,1,0.000000,3,0,0,0.333333,0.943431,0.320872,2,1,0,0.000000,5,0.030005,0.042788,106,0.973891
s1_m1_c00_h03_t05,1750122,nearest_demo_replay,1,1,0.000000,3,0,0,0.000000,2.604715,0.000000,2,0,0,0.000000,0,0.008919,0.005740,106,5.556422
s1_m1_c00_h03_t05,1750122,phase_retrieval,1,1,0.000000,3,1,1,1.000000,0.685165,0.413793,0,2,2,1.000000,1,0.054004,0.069848,28,0.000000
s1_m1_c00_h03_t05,1750122,full_demo_attention,1,1,0.000000,3,0,0,0.000000,0.526072,0.000000,2,0,0,0.000000,3,0.025355,0.028817,106,0.507407
s1_m1_c00_h03_t05,1750122,latent_intent,1,1,0.000000,3,1,1,1.000000,0.808688,0.447619,0,2,2,1.000000,2,0.043884,0.050041,34,0.000000
s1_m1_c00_h06_t00,1758041,language_prior,1,1,0.000000,6,0,0,0.333333,1.369177,0.286778,2,1,0,0.000000,7,0.032615,0.043974,178,1.509633
s1_m1_c00_h06_t00,1758041,nearest_demo_replay,1,1,0.000000,6,0,0,0.000000,6.495270,0.000000,2,0,0,0.000000,0,0.022567,0.032157,178,13.588244
s1_m1_c00_h06_t00,1758041,phase_retrieval,1,1,0.000000,6,0,0,0.333333,0.832253,0.318436,2,1,0,0.000000,4,0.033825,0.052689,178,0.854389
s1_m1_c00_h06_t00,1758041,full_demo_attention,1,1,0.000000,6,0,0,0.166667,1.329170,0.162942,2,0,0,0.000000,3,0.019724,0.023604,178,1.484764
s1_m1_c00_h06_t00,1758041,latent_intent,1,1,0.000000,6,1,1,1.000000,0.873096,0.490610,0,2,2,1.000000,4,0.035832,0.042938,70,0.000000
s1_m1_c00_h06_t01,1765960,language_prior,1,1,0.000000,6,0,0,0.333333,1.288490,0.280261,2,1,0,0.000000,7,0.028221,0.039363,178,1.432088
s1_m1_c00_h06_t01,1765960,nearest_demo_replay,1,1,0.000000,6,0,0,0.166667,6.180736,0.135009,2,0,0,0.000000,0,0.028605,0.043358,178,12.876015
s1_m1_c00_h06_t01,1765960,phase_retrieval,1,1,0.000000,6,0,0,0.000000,0.806200,0.000000,2,0,0,0.000000,5,0.034252,0.049678,178,0.729578
s1_m1_c00_h06_t01,1765960,full_demo_attention,1,1,0.000000,6,0,0,0.000000,0.750137,0.000000,2,0,0,0.000000,3,0.026287,0.031591,178,0.725769
s1_m1_c00_h06_t01,1765960,latent_intent,1,1,0.000000,6,1,1,1.000000,0.975220,0.427536,0,2,2,1.000000,6,0.036696,0.039343,91,0.000000
s1_m1_c00_h06_t02,1773879,language_prior,1,1,0.000000,6,0,0,0.166667,1.319761,0.128492,2,0,0,0.000000,8,0.029342,0.038500,178,1.439432
s1_m1_c00_h06_t02,1773879,nearest_demo_replay,1,1,0.000000,6,0,0,0.000000,6.718883,0.000000,2,0,0,0.000000,0,0.007225,0.005283,178,13.838181
s1_m1_c00_h06_t02,1773879,phase_retrieval,1,1,0.000000,6,0,0,0.000000,1.109146,0.000000,2,0,0,0.000000,4,0.029955,0.043533,178,1.265480
s1_m1_c00_h06_t02,1773879,full_demo_attention,1,1,0.000000,6,0,0,0.000000,1.135172,0.000000,2,0,0,0.000000,3,0.026926,0.030982,178,1.265470
s1_m1_c00_h06_t02,1773879,latent_intent,1,1,0.000000,6,1,1,1.000000,0.806607,0.445946,0,2,2,1.000000,6,0.040399,0.048125,73,0.000000
s1_m1_c00_h06_t03,1781798,language_prior,1,1,0.000000,6,0,0,0.500000,0.686206,0.428305,2,1,1,1.000000,7,0.029808,0.040019,178,0.666886
s1_m1_c00_h06_t03,1781798,nearest_demo_replay,1,1,0.000000,6,0,0,0.000000,6.731129,0.000000,2,0,0,0.000000,0,0.004578,0.006875,178,13.836673
s1_m1_c00_h06_t03,1781798,phase_retrieval,1,1,0.000000,6,0,0,0.333333,0.659677,0.310056,2,1,0,0.000000,3,0.026643,0.035065,178,0.662566
s1_m1_c00_h06_t03,1781798,full_demo_attention,1,1,0.000000,6,0,0,0.166667,0.712272,0.160149,2,0,0,0.000000,3,0.024731,0.028369,178,0.686202
s1_m1_c00_h06_t03,1781798,latent_intent,1,1,0.000000,6,1,1,1.000000,0.755000,0.444444,0,2,2,1.000000,4,0.043982,0.049917,65,0.000000
s1_m1_c00_h06_t04,1789717,language_prior,1,1,0.000000,6,0,0,0.166667,0.896469,0.150838,2,0,0,0.000000,7,0.026703,0.037322,178,0.812772
s1_m1_c00_h06_t04,1789717,nearest_demo_replay,1,1,0.000000,6,0,0,0.000000,6.763502,0.000000,2,0,0,0.000000,0,0.018016,0.025986,178,13.857753
s1_m1_c00_h06_t04,1789717,phase_retrieval,1,1,0.000000,6,0,0,0.000000,1.133165,0.000000,2,0,0,0.000000,6,0.033103,0.045167,178,1.226804
s1_m1_c00_h06_t04,1789717,full_demo_attention,1,1,0.000000,6,0,0,0.000000,1.164558,0.000000,2,0,0,0.000000,5,0.024938,0.028391,178,1.227243
s1_m1_c00_h06_t04,1789717,latent_intent,1,1,0.000000,6,1,1,1.000000,0.821824,0.435417,0,2,2,1.000000,5,0.037388,0.043816,79,0.000000
s1_m1_c00_h06_t05,1797636,language_prior,1,1,0.000000,6,0,0,0.166667,1.088014,0.148976,2,0,0,0.000000,7,0.027202,0.037610,178,1.135554
s1_m1_c00_h06_t05,1797636,nearest_demo_replay,1,1,0.000000,6,0,0,0.000000,6.727952,0.000000,2,0,0,0.000000,0,0.016569,0.022590,178,13.793373
s1_m1_c00_h06_t05,1797636,phase_retrieval,1,1,0.000000,6,0,0,0.333333,0.731515,0.278399,2,1,0,0.000000,5,0.033146,0.049897,178,0.640099
s1_m1_c00_h06_t05,1797636,full_demo_attention,1,1,0.000000,6,0,0,0.000000,1.271747,0.000000,2,0,0,0.000000,3,0.022473,0.026615,178,1.377750
s1_m1_c00_h06_t05,1797636,latent_intent,1,1,0.000000,6,1,1,1.000000,0.892617,0.439583,0,2,2,1.000000,6,0.039019,0.041221,79,0.000000
s1_m1_c00_h09_t00,1805555,language_prior,1,1,0.000000,9,0,0,0.333333,0.646855,0.285967,2,1,0,0.000000,9,0.029298,0.040352,250,0.564320
s1_m1_c00_h09_t00,1805555,nearest_demo_replay,1,1,0.000000,9,0,0,0.000000,11.246323,0.000000,2,0,0,0.000000,0,0.013284,0.016458,250,22.052460
s1_m1_c00_h09_t00,1805555,phase_retrieval,1,1,0.000000,9,0,0,0.000000,0.801843,0.000000,2,0,0,0.000000,6,0.038275,0.053735,250,0.760830
s1_m1_c00_h09_t00,1805555,full_demo_attention,1,1,0.000000,9,0,0,0.000000,0.783017,0.000000,2,0,0,0.000000,3,0.023179,0.025863,250,0.763482
s1_m1_c00_h09_t00,1805555,latent_intent,1,1,0.000000,9,1,1,1.000000,0.776245,0.422222,0,2,2,1.000000,8,0.042261,0.044926,104,0.000000
s1_m1_c00_h09_t01,1813474,language_prior,1,1,0.000000,9,0,0,0.444444,0.839190,0.391766,2,1,0,0.000000,9,0.026849,0.037822,250,0.802903
s1_m1_c00_h09_t01,1813474,nearest_demo_replay,1,1,0.000000,9,0,0,0.000000,11.250216,0.000000,2,0,0,0.000000,0,0.006945,0.009291,250,22.078015
s1_m1_c00_h09_t01,1813474,phase_retrieval,1,1,0.000000,9,0,0,0.111111,1.238548,0.108898,2,0,0,0.000000,4,0.032483,0.045308,250,1.349902
s1_m1_c00_h09_t01,1813474,full_demo_attention,1,1,0.000000,9,0,0,0.111111,1.257103,0.108898,2,0,0,0.000000,2,0.020459,0.024339,250,1.350050
s1_m1_c00_h09_t01,1813474,latent_intent,1,1,0.000000,9,1,1,1.000000,0.849288,0.478927,0,2,2,1.000000,6,0.036649,0.043400,115,0.000000
s1_m1_c00_h09_t02,1821393,language_prior,1,1,0.000000,9,0,0,0.333333,1.073622,0.288181,2,1,0,0.000000,9,0.026889,0.037587,250,1.166683
s1_m1_c00_h09_t02,1821393,nearest_demo_replay,1,1,0.000000,9,0,0,0.000000,11.248394,0.000000,2,0,0,0.000000,0,0.004238,0.006845,250,22.078048
s1_m1_c00_h09_t02,1821393,phase_retrieval,1,1,0.000000,9,0,0,0.111111,1.058581,0.108012,2,0,0,0.000000,3,0.014590,0.019505,250,1.053201
s1_m1_c00_h09_t02,1821393,full_demo_attention,1,1,0.000000,9,0,0,0.000000,0.768974,0.000000,2,0,0,0.000000,5,0.022828,0.025769,250,0.751112
s1_m1_c00_h09_t02,1821393,latent_intent,1,1,0.000000,9,1,1,1.000000,0.730555,0.456916,0,2,2,1.000000,7,0.042303,0.049264,97,0.000000
s1_m1_c00_h09_t03,1829312,language_prior,1,1,0.000000,9,0,0,0.222222,1.035291,0.191678,2,0,0,0.000000,9,0.026014,0.035694,250,1.059251
s1_m1_c00_h09_t03,1829312,nearest_demo_replay,1,1,0.000000,9,0,0,0.111111,10.567270,0.096060,2,0,0,0.000000,0,0.020715,0.029547,250,21.042516
s1_m1_c00_h09_t03,1829312,phase_retrieval,1,1,0.000000,9,0,0,0.222222,0.789596,0.186808,2,0,0,0.000000,3,0.038863,0.057067,250,0.738951
s1_m1_c00_h09_t03,1829312,full_demo_attention,1,1,0.000000,9,0,0,0.000000,1.166929,0.000000,2,0,0,0.000000,5,0.028632,0.033778,250,1.216143
s1_m1_c00_h09_t03,1829312,latent_intent,1,1,0.000000,9,1,1,1.000000,0.834947,0.417896,0,2,2,1.000000,8,0.040234,0.043354,112,0.000000
s1_m1_c00_h09_t04,1837231,language_prior,1,1,0.000000,9,0,0,0.222222,0.822710,0.177512,2,0,0,0.000000,10,0.028130,0.037150,250,0.772596
s1_m1_c00_h09_t04,1837231,nearest_demo_replay,1,1,0.000000,9,0,0,0.000000,11.265134,0.000000,2,0,0,0.000000,0,0.004327,0.004176,250,22.118695
s1_m1_c00_h09_t04,1837231,phase_retrieval,1,1,0.000000,9,0,0,0.333333,1.094533,0.279770,2,1,0,0.000000,4,0.036078,0.053091,250,1.222346
s1_m1_c00_h09_t04,1837231,full_demo_attention,1,1,0.000000,9,0,0,0.000000,1.025800,0.000000,2,0,0,0.000000,3,0.025813,0.029569,250,1.094092
s1_m1_c00_h09_t04,1837231,latent_intent,1,1,0.000000,9,1,1,1.000000,0.809855,0.449495,0,2,2,1.000000,8,0.042114,0.045194,109,0.000000
s1_m1_c00_h09_t05,1845150,language_prior,1,1,0.000000,9,0,0,0.333333,1.290132,0.261178,2,1,0,0.000000,8,0.029859,0.041384,250,1.391064
s1_m1_c00_h09_t05,1845150,nearest_demo_replay,1,1,0.000000,9,0,0,0.000000,10.804378,0.000000,2,0,0,0.000000,0,0.019496,0.025699,250,21.450947
s1_m1_c00_h09_t05,1845150,phase_retrieval,1,1,0.000000,9,0,0,0.111111,1.299072,0.084108,2,0,0,0.000000,5,0.032365,0.045879,250,1.451644
s1_m1_c00_h09_t05,1845150,full_demo_attention,1,1,0.000000,9,0,0,0.000000,1.534675,0.000000,2,0,0,0.000000,3,0.022387,0.027594,250,1.676388
s1_m1_c00_h09_t05,1845150,latent_intent,1,1,0.000000,9,1,1,1.000000,0.862850,0.450000,0,2,2,1.000000,8,0.038361,0.044935,119,0.000000
s1_m1_c00_h12_t00,1853069,language_prior,1,1,0.000000,12,0,0,0.333333,0.956273,0.275542,2,1,0,0.000000,12,0.028313,0.039242,322,0.994901
s1_m1_c00_h12_t00,1853069,nearest_demo_replay,1,1,0.000000,12,0,0,0.000000,15.904911,0.000000,2,0,0,0.000000,0,0.015121,0.021360,322,30.329895
s1_m1_c00_h12_t00,1853069,phase_retrieval,1,1,0.000000,12,0,0,0.083333,1.226490,0.069143,2,0,0,0.000000,8,0.035215,0.048970,322,1.373994
s1_m1_c00_h12_t00,1853069,full_demo_attention,1,1,0.000000,12,0,0,0.000000,1.079500,0.000000,2,0,0,0.000000,2,0.023070,0.030599,322,1.134020
s1_m1_c00_h12_t00,1853069,latent_intent,1,1,0.000000,12,1,1,1.000000,0.727779,0.474311,0,2,2,1.000000,10,0.042100,0.046196,132,0.000000
s1_m1_c00_h12_t01,1860988,language_prior,1,1,0.000000,12,0,0,0.333333,1.068182,0.291796,2,1,0,0.000000,11,0.025756,0.036118,322,0.997237
s1_m1_c00_h12_t01,1860988,nearest_demo_replay,1,1,0.000000,12,0,0,0.000000,15.942489,0.000000,2,0,0,0.000000,0,0.001542,0.002552,322,30.366979
s1_m1_c00_h12_t01,1860988,phase_retrieval,1,1,0.000000,12,0,0,0.083333,0.919524,0.081269,2,0,0,0.000000,5,0.033223,0.049275,322,0.839707
s1_m1_c00_h12_t01,1860988,full_demo_attention,1,1,0.000000,12,0,0,0.000000,0.826375,0.000000,2,0,0,0.000000,1,0.020451,0.023094,322,0.852965
s1_m1_c00_h12_t01,1860988,latent_intent,1,1,0.000000,12,1,1,1.000000,0.968347,0.486355,0,2,2,1.000000,10,0.038058,0.042115,170,0.000000
s1_m1_c00_h12_t02,1868907,language_prior,1,1,0.000000,12,0,0,0.500000,0.998285,0.442982,2,1,1,1.000000,9,0.027334,0.038710,322,1.101291
s1_m1_c00_h12_t02,1868907,nearest_demo_replay,1,1,0.000000,12,0,0,0.000000,15.950685,0.000000,2,0,0,0.000000,0,0.002254,0.001810,322,30.390917
s1_m1_c00_h12_t02,1868907,phase_retrieval,1,1,0.000000,12,0,0,0.166667,1.002512,0.155573,2,0,0,0.000000,10,0.035708,0.051501,322,1.087786
s1_m1_c00_h12_t02,1868907,full_demo_attention,1,1,0.000000,12,0,0,0.000000,0.955905,0.000000,2,0,0,0.000000,5,0.020328,0.022998,322,1.029242
s1_m1_c00_h12_t02,1868907,latent_intent,1,1,0.000000,12,1,1,1.000000,0.603255,0.461712,0,2,2,1.000000,9,0.047597,0.054341,110,0.000000
s1_m1_c00_h12_t03,1876826,language_prior,1,1,0.000000,12,0,0,0.333333,0.930727,0.269092,2,1,0,0.000000,10,0.025386,0.036727,322,0.875356
s1_m1_c00_h12_t03,1876826,nearest_demo_replay,1,1,0.000000,12,0,0,0.000000,15.619513,0.000000,2,0,0,0.000000,1,0.014570,0.020407,322,29.971598
s1_m1_c00_h12_t03,1876826,phase_retrieval,1,1,0.000000,12,0,0,0.000000,1.259934,0.000000,2,0,0,0.000000,6,0.033617,0.046149,322,1.359090
s1_m1_c00_h12_t03,1876826,full_demo_attention,1,1,0.000000,12,0,0,0.000000,1.302525,0.000000,2,0,0,0.000000,3,0.022412,0.030562,322,1.361799
s1_m1_c00_h12_t03,1876826,latent_intent,1,1,0.000000,12,1,1,1.000000,0.915088,0.445135,0,2,2,1.000000,11,0.039210,0.043370,160,0.000000
s1_m1_c00_h12_t04,1884745,language_prior,1,1,0.000000,12,0,0,0.250000,1.454603,0.215428,2,0,0,0.000000,9,0.027328,0.038102,322,1.484084
s1_m1_c00_h12_t04,1884745,nearest_demo_replay,1,1,0.000000,12,0,0,0.000000,15.954222,0.000000,2,0,0,0.000000,0,0.004470,0.002136,322,30.400415
s1_m1_c00_h12_t04,1884745,phase_retrieval,1,1,0.000000,12,0,0,0.500000,1.434642,0.400671,2,1,0,0.000000,8,0.030939,0.043345,322,1.590782
s1_m1_c00_h12_t04,1884745,full_demo_attention,1,1,0.000000,12,0,0,0.083333,1.684240,0.082043,2,0,0,0.000000,2,0.021634,0.027654,322,1.833953
s1_m1_c00_h12_t04,1884745,latent_intent,1,1,0.000000,12,1,1,1.000000,0.946650,0.472574,0,2,2,1.000000,11,0.036120,0.042363,157,0.000000
s1_m1_c00_h12_t05,1892664,language_prior,1,1,0.000000,12,0,0,0.333333,0.941202,0.299536,2,1,0,0.000000,11,0.027814,0.038537,322,0.918164
s1_m1_c00_h12_t05,1892664,nearest_demo_replay,1,1,0.000000,12,0,0,0.000000,15.948622,0.000000,2,0,0,0.000000,0,0.001837,0.002765,322,30.406628
s1_m1_c00_h12_t05,1892664,phase_retrieval,1,1,0.000000,12,0,0,0.416667,1.355764,0.375645,2,1,0,0.000000,8,0.029840,0.042815,322,1.494772
s1_m1_c00_h12_t05,1892664,full_demo_attention,1,1,0.000000,12,0,0,0.083333,1.225061,0.081527,2,0,0,0.000000,2,0.023160,0.028922,322,1.299436
s1_m1_c00_h12_t05,1892664,latent_intent,1,1,0.000000,12,1,1,1.000000,0.822474,0.467662,0,2,2,1.000000,8,0.040279,0.047017,133,0.000000
s1_m1_c18_h03_t00,1900583,language_prior,1,1,0.180000,3,0,0,0.000000,1.165633,0.000000,2,0,0,0.000000,5,0.027736,0.037464,106,1.254078
s1_m1_c18_h03_t00,1900583,nearest_demo_replay,1,1,0.180000,3,0,0,0.000000,2.927357,0.000000,2,0,0,0.000000,2,0.005846,0.005035,106,5.563789
s1_m1_c18_h03_t00,1900583,phase_retrieval,1,1,0.180000,3,0,1,1.000000,1.057439,0.327485,1,2,1,0.500000,2,0.044958,0.069279,56,0.000000
s1_m1_c18_h03_t00,1900583,full_demo_attention,1,1,0.180000,3,0,0,0.000000,0.954563,0.000000,2,0,0,0.000000,4,0.024804,0.029225,106,0.985318
s1_m1_c18_h03_t00,1900583,latent_intent,1,1,0.180000,3,1,1,1.000000,0.872185,0.348485,0,2,2,1.000000,3,0.036359,0.042755,43,0.000000
s1_m1_c18_h03_t01,1908502,language_prior,1,1,0.180000,3,0,0,0.000000,1.251857,0.000000,2,0,0,0.000000,5,0.027934,0.036063,106,1.405447
s1_m1_c18_h03_t01,1908502,nearest_demo_replay,1,1,0.180000,3,0,0,0.000000,2.713208,0.000000,2,0,0,0.000000,0,0.013800,0.019939,106,5.533750
s1_m1_c18_h03_t01,1908502,phase_retrieval,1,1,0.180000,3,1,1,1.000000,0.771430,0.361111,0,2,2,1.000000,2,0.043447,0.056847,35,0.000000
s1_m1_c18_h03_t01,1908502,full_demo_attention,1,1,0.180000,3,0,0,0.000000,0.744027,0.000000,2,0,0,0.000000,3,0.024852,0.028553,106,0.782950
s1_m1_c18_h03_t01,1908502,latent_intent,1,1,0.180000,3,1,1,1.000000,0.920467,0.401515,0,2,2,1.000000,3,0.040005,0.046505,43,0.000000
s1_m1_c18_h03_t02,1916421,language_prior,1,1,0.180000,3,0,0,0.000000,1.003676,0.000000,2,0,0,0.000000,5,0.026029,0.034795,106,1.032505
s1_m1_c18_h03_t02,1916421,nearest_demo_replay,1,1,0.180000,3,0,0,0.000000,2.858721,0.000000,2,0,0,0.000000,0,0.022429,0.028545,106,5.561229
s1_m1_c18_h03_t02,1916421,phase_retrieval,1,1,0.180000,3,0,0,0.000000,0.681591,0.000000,2,0,0,0.000000,4,0.039037,0.054830,106,0.629452
s1_m1_c18_h03_t02,1916421,full_demo_attention,1,1,0.180000,3,0,0,0.000000,0.670364,0.000000,2,0,0,0.000000,3,0.020270,0.023082,106,0.632088
s1_m1_c18_h03_t02,1916421,latent_intent,1,1,0.180000,3,1,1,1.000000,0.941165,0.362319,0,2,2,1.000000,2,0.035257,0.038313,45,0.000000
s1_m1_c18_h03_t03,1924340,language_prior,1,1,0.180000,3,0,0,0.333333,1.085486,0.299065,2,1,0,0.000000,5,0.030225,0.039343,106,1.201078
s1_m1_c18_h03_t03,1924340,nearest_demo_replay,1,1,0.180000,3,0,0,0.000000,2.757379,0.000000,2,0,0,0.000000,0,0.003124,0.004744,106,5.547752
s1_m1_c18_h03_t03,1924340,phase_retrieval,1,1,0.180000,3,0,0,0.333333,1.012981,0.311526,2,1,0,0.000000,3,0.040497,0.055713,106,1.203718
s1_m1_c18_h03_t03,1924340,full_demo_attention,1,1,0.180000,3,0,0,0.000000,0.766738,0.000000,2,0,0,0.000000,3,0.028817,0.033339,106,0.801388
s1_m1_c18_h03_t03,1924340,latent_intent,1,1,0.180000,3,1,1,1.000000,0.845746,0.412281,0,2,2,1.000000,2,0.045011,0.050739,37,0.000000
s1_m1_c18_h03_t04,1932259,language_prior,1,1,0.180000,3,0,0,0.666667,1.312840,0.557632,2,2,1,0.500000,5,0.034553,0.048007,106,1.607532
s1_m1_c18_h03_t04,1932259,nearest_demo_replay,1,1,0.180000,3,0,0,0.000000,2.852733,0.000000,2,0,0,0.000000,0,0.002800,0.004340,106,5.576557
s1_m1_c18_h03_t04,1932259,phase_retrieval,1,1,0.180000,3,0,0,0.000000,1.040163,0.000000,2,0,0,0.000000,2,0.036482,0.050900,106,1.279622
s1_m1_c18_h03_t04,1932259,full_demo_attention,1,1,0.180000,3,0,0,0.000000,1.059551,0.000000,2,0,0,0.000000,3,0.029465,0.035282,106,1.282369
s1_m1_c18_h03_t04,1932259,latent_intent,1,1,0.180000,3,1,1,1.000000,0.862139,0.418803,0,2,2,1.000000,2,0.043648,0.055586,38,0.000000
s1_m1_c18_h03_t05,1940178,language_prior,1,1,0.180000,3,0,0,0.000000,1.102087,0.000000,2,0,0,0.000000,5,0.027413,0.037034,106,1.213116
s1_m1_c18_h03_t05,1940178,nearest_demo_replay,1,1,0.180000,3,0,0,0.000000,2.660465,0.000000,2,0,0,0.000000,0,0.020940,0.026449,106,5.515033
s1_m1_c18_h03_t05,1940178,phase_retrieval,1,1,0.180000,3,0,0,0.000000,0.671697,0.000000,2,0,0,0.000000,4,0.030500,0.041313,106,0.707453
s1_m1_c18_h03_t05,1940178,full_demo_attention,1,1,0.180000,3,0,0,0.000000,0.695427,0.000000,2,0,0,0.000000,4,0.025449,0.029914,106,0.711276
s1_m1_c18_h03_t05,1940178,latent_intent,1,1,0.180000,3,1,1,1.000000,0.890188,0.404762,0,2,2,1.000000,3,0.034575,0.044545,41,0.000000
s1_m1_c18_h06_t00,1948097,language_prior,1,1,0.180000,6,0,0,0.166667,1.017418,0.122905,2,0,0,0.000000,7,0.030117,0.043308,178,0.954555
s1_m1_c18_h06_t00,1948097,nearest_demo_replay,1,1,0.180000,6,0,0,0.000000,6.577869,0.000000,2,0,0,0.000000,1,0.021819,0.030380,178,13.652864
s1_m1_c18_h06_t00,1948097,phase_retrieval,1,1,0.180000,6,0,0,0.000000,1.436933,0.000000,2,0,0,0.000000,5,0.030218,0.042522,178,1.633914
s1_m1_c18_h06_t00,1948097,full_demo_attention,1,1,0.180000,6,0,0,0.000000,1.468272,0.000000,2,0,0,0.000000,3,0.023455,0.030163,178,1.632617
s1_m1_c18_h06_t00,1948097,latent_intent,1,1,0.180000,6,1,1,1.000000,0.906247,0.455823,0,2,2,1.000000,5,0.037281,0.039745,82,0.000000
s1_m1_c18_h06_t01,1956016,language_prior,1,1,0.180000,6,0,0,0.166667,1.190689,0.139665,2,0,0,0.000000,7,0.026904,0.036937,178,1.266692
s1_m1_c18_h06_t01,1956016,nearest_demo_replay,1,1,0.180000,6,0,0,0.000000,6.453138,0.000000,2,0,0,0.000000,1,0.021005,0.030078,178,13.407857
s1_m1_c18_h06_t01,1956016,phase_retrieval,1,1,0.180000,6,0,0,0.000000,1.173624,0.000000,2,0,0,0.000000,3,0.035731,0.049937,178,1.294247
s1_m1_c18_h06_t01,1956016,full_demo_attention,1,1,0.180000,6,0,0,0.000000,1.168416,0.000000,2,0,0,0.000000,4,0.026696,0.031375,178,1.303911
s1_m1_c18_h06_t01,1956016,latent_intent,1,1,0.180000,6,1,1,1.000000,0.859581,0.424051,0,2,2,1.000000,5,0.041555,0.047952,78,0.000000
s1_m1_c18_h06_t02,1963935,language_prior,1,1,0.180000,6,0,0,0.166667,1.105157,0.136872,2,0,0,0.000000,6,0.025435,0.036050,178,1.000804
s1_m1_c18_h06_t02,1963935,nearest_demo_replay,1,1,0.180000,6,0,0,0.000000,6.296995,0.000000,2,0,0,0.000000,0,0.025535,0.033596,178,13.188944
s1_m1_c18_h06_t02,1963935,phase_retrieval,1,1,0.180000,6,0,0,0.000000,1.527596,0.000000,2,0,0,0.000000,5,0.034970,0.050872,178,1.669174
s1_m1_c18_h06_t02,1963935,full_demo_attention,1,1,0.180000,6,0,0,0.000000,1.536401,0.000000,2,0,0,0.000000,4,0.021653,0.023951,178,1.672564
s1_m1_c18_h06_t02,1963935,latent_intent,1,1,0.180000,6,1,1,1.000000,1.119430,0.389456,0,2,2,1.000000,5,0.035195,0.039161,97,0.000000
s1_m1_c18_h06_t03,1971854,language_prior,1,1,0.180000,6,0,0,0.333333,1.306909,0.283054,2,1,0,0.000000,7,0.029514,0.040057,178,1.436194
s1_m1_c18_h06_t03,1971854,nearest_demo_replay,1,1,0.180000,6,0,0,0.000000,6.749106,0.000000,2,0,0,0.000000,0,0.016888,0.023468,178,13.840504
s1_m1_c18_h06_t03,1971854,phase_retrieval,1,1,0.180000,6,0,0,0.166667,1.390803,0.152700,2,0,0,0.000000,3,0.033289,0.045793,178,1.632429
s1_m1_c18_h06_t03,1971854,full_demo_attention,1,1,0.180000,6,0,0,0.000000,1.227608,0.000000,2,0,0,0.000000,2,0.029360,0.038128,178,1.364772
s1_m1_c18_h06_t03,1971854,latent_intent,1,1,0.180000,6,1,1,1.000000,1.002641,0.406593,0,2,2,1.000000,5,0.035214,0.042421,90,0.000000
s1_m1_c18_h06_t04,1979773,language_prior,1,1,0.180000,6,0,0,0.500000,0.737552,0.425512,2,1,1,1.000000,7,0.028360,0.040026,178,0.719547
s1_m1_c18_h06_t04,1979773,nearest_demo_replay,1,1,0.180000,6,0,0,0.000000,6.727264,0.000000,2,0,0,0.000000,0,0.001405,0.002148,178,13.845400
s1_m1_c18_h06_t04,1979773,phase_retrieval,1,1,0.180000,6,0,0,0.166667,0.876172,0.160149,2,0,0,0.000000,3,0.033903,0.050416,178,0.732649
s1_m1_c18_h06_t04,1979773,full_demo_attention,1,1,0.180000,6,0,0,0.166667,0.751145,0.160149,2,0,0,0.000000,2,0.032440,0.045045,178,0.726383
s1_m1_c18_h06_t04,1979773,latent_intent,1,1,0.180000,6,1,1,1.000000,0.830892,0.449275,0,2,2,1.000000,4,0.036934,0.046327,68,0.000000
s1_m1_c18_h06_t05,1987692,language_prior,1,1,0.180000,6,0,0,0.166667,1.144862,0.136872,2,0,0,0.000000,6,0.024216,0.035124,178,1.093468
s1_m1_c18_h06_t05,1987692,nearest_demo_replay,1,1,0.180000,6,0,0,0.000000,6.538433,0.000000,2,0,0,0.000000,4,0.022062,0.030951,178,13.663221
s1_m1_c18_h06_t05,1987692,phase_retrieval,1,1,0.180000,6,0,0,0.000000,1.381506,0.000000,2,0,0,0.000000,6,0.037960,0.052535,178,1.533065
s1_m1_c18_h06_t05,1987692,full_demo_attention,1,1,0.180000,6,0,0,0.000000,1.427533,0.000000,2,0,0,0.000000,3,0.022302,0.024640,178,1.543477
s1_m1_c18_h06_t05,1987692,latent_intent,1,1,0.180000,6,1,1,1.000000,1.078507,0.380702,0,2,2,1.000000,5,0.036428,0.041340,94,0.000000
s1_m1_c18_h09_t00,1995611,language_prior,1,1,0.180000,9,0,0,0.222222,0.802677,0.204073,2,0,0,0.000000,8,0.024710,0.034943,250,0.707897
s1_m1_c18_h09_t00,1995611,nearest_demo_replay,1,1,0.180000,9,0,0,0.000000,11.247894,0.000000,2,0,0,0.000000,0,0.004639,0.002607,250,22.093581
s1_m1_c18_h09_t00,1995611,phase_retrieval,1,1,0.180000,9,0,0,0.444444,0.757212,0.410359,2,1,1,1.000000,6,0.025608,0.032896,250,0.571480
s1_m1_c18_h09_t00,1995611,full_demo_attention,1,1,0.180000,9,0,0,0.111111,1.130932,0.108898,2,0,0,0.000000,3,0.021777,0.027389,250,1.213929
s1_m1_c18_h09_t00,1995611,latent_intent,1,1,0.180000,9,1,1,1.000000,0.744803,0.482639,0,2,2,1.000000,6,0.041239,0.046753,95,0.000000
s1_m1_c18_h09_t01,2003530,language_prior,1,1,0.180000,9,0,0,0.333333,0.868232,0.301018,2,1,0,0.000000,10,0.028446,0.038871,250,0.736211
s1_m1_c18_h09_t01,2003530,nearest_demo_replay,1,1,0.180000,9,0,0,0.000000,11.187008,0.000000,2,0,0,0.000000,0,0.008134,0.011756,250,21.991800
s1_m1_c18_h09_t01,2003530,phase_retrieval,1,1,0.180000,9,0,0,0.333333,1.316280,0.220894,2,1,0,0.000000,6,0.034090,0.048175,250,1.626552
s1_m1_c18_h09_t01,2003530,full_demo_attention,1,1,0.180000,9,0,0,0.111111,1.439901,0.107127,2,0,0,0.000000,2,0.021873,0.025902,250,1.587858
s1_m1_c18_h09_t01,2003530,latent_intent,1,1,0.180000,9,1,1,1.000000,0.900142,0.460870,0,2,2,1.000000,7,0.039439,0.045971,114,0.000000
s1_m1_c18_h09_t02,2011449,language_prior,1,1,0.180000,9,0,0,0.444444,0.595267,0.401948,2,1,1,1.000000,9,0.025462,0.036156,250,0.549904
s1_m1_c18_h09_t02,2011449,nearest_demo_replay,1,1,0.180000,9,0,0,0.111111,11.021722,0.109340,2,0,0,0.000000,0,0.017027,0.024088,250,21.811277
s1_m1_c18_h09_t02,2011449,phase_retrieval,1,1,0.180000,9,0,0,0.222222,1.167510,0.191235,2,0,0,0.000000,4,0.041713,0.068285,250,1.260368
s1_m1_c18_h09_t02,2011449,full_demo_attention,1,1,0.180000,9,0,0,0.222222,1.166051,0.206286,2,0,0,0.000000,3,0.024525,0.032426,250,1.255837
s1_m1_c18_h09_t02,2011449,latent_intent,1,1,0.180000,9,1,1,1.000000,0.714992,0.482245,0,2,2,1.000000,8,0.043133,0.050065,96,0.000000
s1_m1_c18_h09_t03,2019368,language_prior,1,1,0.180000,9,0,0,0.111111,0.979553,0.091191,2,0,0,0.000000,9,0.028922,0.041697,250,0.806495
s1_m1_c18_h09_t03,2019368,nearest_demo_replay,1,1,0.180000,9,0,0,0.000000,11.280170,0.000000,2,0,0,0.000000,0,0.003868,0.003512,250,22.134843
s1_m1_c18_h09_t03,2019368,phase_retrieval,1,1,0.180000,9,0,0,0.333333,1.420105,0.258521,2,1,0,0.000000,6,0.028958,0.039533,250,1.640900
s1_m1_c18_h09_t03,2019368,full_demo_attention,1,1,0.180000,9,0,0,0.000000,1.276233,0.000000,2,0,0,0.000000,2,0.022085,0.026206,250,1.361549
s1_m1_c18_h09_t03,2019368,latent_intent,1,1,0.180000,9,1,1,1.000000,0.936916,0.432292,0,2,2,1.000000,7,0.037430,0.042427,127,0.000000
s1_m1_c18_h09_t04,2027287,language_prior,1,1,0.180000,9,0,0,0.555556,1.120958,0.473661,2,1,1,1.000000,8,0.028642,0.039547,250,1.269010
s1_m1_c18_h09_t04,2027287,nearest_demo_replay,1,1,0.180000,9,0,0,0.000000,11.082612,0.000000,2,0,0,0.000000,0,0.010858,0.014593,250,21.858754
s1_m1_c18_h09_t04,2027287,phase_retrieval,1,1,0.180000,9,0,0,0.111111,1.358909,0.108012,2,0,0,0.000000,5,0.030706,0.046023,250,1.488320
s1_m1_c18_h09_t04,2027287,full_demo_attention,1,1,0.180000,9,0,0,0.111111,1.353789,0.108012,2,0,0,0.000000,4,0.023189,0.026639,250,1.486989
s1_m1_c18_h09_t04,2027287,latent_intent,1,1,0.180000,9,1,1,1.000000,0.697888,0.453423,0,2,2,1.000000,6,0.041770,0.047232,98,0.000000
s1_m1_c18_h09_t05,2035206,language_prior,1,1,0.180000,9,0,0,0.222222,1.216372,0.181054,2,0,0,0.000000,9,0.024710,0.034866,250,1.245801
s1_m1_c18_h09_t05,2035206,nearest_demo_replay,1,1,0.180000,9,0,0,0.000000,11.015626,0.000000,2,0,0,0.000000,1,0.015368,0.020451,250,21.692342
s1_m1_c18_h09_t05,2035206,phase_retrieval,1,1,0.180000,9,0,0,0.000000,0.838557,0.000000,2,0,0,0.000000,3,0.024260,0.033135,250,0.818721
s1_m1_c18_h09_t05,2035206,full_demo_attention,1,1,0.180000,9,0,0,0.000000,1.368811,0.000000,2,0,0,0.000000,4,0.026626,0.035449,250,1.463922
s1_m1_c18_h09_t05,2035206,latent_intent,1,1,0.180000,9,1,1,1.000000,0.897711,0.436248,0,2,2,1.000000,8,0.038346,0.044347,121,0.000000
s1_m1_c18_h12_t00,2043125,language_prior,1,1,0.180000,12,0,0,0.166667,1.033569,0.135449,2,0,0,0.000000,11,0.026530,0.036148,322,0.987216
s1_m1_c18_h12_t00,2043125,nearest_demo_replay,1,1,0.180000,12,0,0,0.000000,15.963298,0.000000,2,0,0,0.000000,0,0.006741,0.008396,322,30.431379
s1_m1_c18_h12_t00,2043125,phase_retrieval,1,1,0.180000,12,0,0,0.250000,0.741299,0.226522,2,0,0,0.000000,4,0.028534,0.040208,322,0.494018
s1_m1_c18_h12_t00,2043125,full_demo_attention,1,1,0.180000,12,0,0,0.000000,1.469144,0.000000,2,0,0,0.000000,2,0.022172,0.026281,322,1.586664
s1_m1_c18_h12_t00,2043125,latent_intent,1,1,0.180000,12,1,1,1.000000,0.886377,0.452229,0,2,2,1.000000,12,0.038986,0.042329,156,0.000000
s1_m1_c18_h12_t01,2051044,language_prior,1,1,0.180000,12,0,0,0.333333,1.214882,0.274768,2,1,0,0.000000,10,0.026299,0.037929,322,1.294867
s1_m1_c18_h12_t01,2051044,nearest_demo_replay,1,1,0.180000,12,0,0,0.000000,15.787339,0.000000,2,0,0,0.000000,0,0.014516,0.019662,322,30.154106
s1_m1_c18_h12_t01,2051044,phase_retrieval,1,1,0.180000,12,0,0,0.000000,1.134762,0.000000,2,0,0,0.000000,7,0.039225,0.058939,322,1.243772
s1_m1_c18_h12_t01,2051044,full_demo_attention,1,1,0.180000,12,0,0,0.000000,1.156904,0.000000,2,0,0,0.000000,2,0.027374,0.034011,322,1.241741
s1_m1_c18_h12_t01,2051044,latent_intent,1,1,0.180000,12,1,1,1.000000,0.859125,0.451699,0,2,2,1.000000,12,0.041539,0.044887,156,0.000000
s1_m1_c18_h12_t02,2058963,language_prior,1,1,0.180000,12,0,0,0.166667,1.307245,0.128225,2,0,0,0.000000,11,0.025896,0.035914,322,1.318898
s1_m1_c18_h12_t02,2058963,nearest_demo_replay,1,1,0.180000,12,0,0,0.000000,15.935307,0.000000,2,0,0,0.000000,0,0.004731,0.006097,322,30.386198
s1_m1_c18_h12_t02,2058963,phase_retrieval,1,1,0.180000,12,0,0,0.166667,1.293856,0.151961,2,0,0,0.000000,4,0.024706,0.034095,322,1.319238
s1_m1_c18_h12_t02,2058963,full_demo_attention,1,1,0.180000,12,0,0,0.083333,1.649240,0.079979,2,0,0,0.000000,3,0.020081,0.024151,322,1.812541
s1_m1_c18_h12_t02,2058963,latent_intent,1,1,0.180000,12,1,1,1.000000,0.931900,0.461240,0,2,2,1.000000,9,0.037069,0.042067,171,0.000000
s1_m1_c18_h12_t03,2066882,language_prior,1,1,0.180000,12,0,0,0.333333,1.082344,0.300826,2,1,0,0.000000,11,0.027096,0.037510,322,1.144324
s1_m1_c18_h12_t03,2066882,nearest_demo_replay,1,1,0.180000,12,0,0,0.000000,15.801390,0.000000,2,0,0,0.000000,0,0.010765,0.015389,322,30.204119
s1_m1_c18_h12_t03,2066882,phase_retrieval,1,1,0.180000,12,0,0,0.083333,0.572225,0.082301,2,0,0,0.000000,5,0.038204,0.056011,322,0.542324
s1_m1_c18_h12_t03,2066882,full_demo_attention,1,1,0.180000,12,0,0,0.083333,0.644521,0.082301,2,0,0,0.000000,1,0.150021,0.298244,322,0.650958
s1_m1_c18_h12_t03,2066882,latent_intent,1,1,0.180000,12,1,1,1.000000,0.815212,0.482060,0,2,2,1.000000,11,0.041131,0.044901,143,0.000000
s1_m1_c18_h12_t04,2074801,language_prior,1,1,0.180000,12,0,0,0.250000,1.158900,0.216976,2,0,0,0.000000,11,0.027896,0.037914,322,1.186320
s1_m1_c18_h12_t04,2074801,nearest_demo_replay,1,1,0.180000,12,0,0,0.000000,15.974999,0.000000,2,0,0,0.000000,0,0.005189,0.007799,322,30.421080
s1_m1_c18_h12_t04,2074801,phase_retrieval,1,1,0.180000,12,0,0,0.166667,1.369899,0.162023,2,0,0,0.000000,5,0.024596,0.037531,322,1.453446
s1_m1_c18_h12_t04,2074801,full_demo_attention,1,1,0.180000,12,0,0,0.000000,1.397691,0.000000,2,0,0,0.000000,4,0.028196,0.047393,322,1.493568
s1_m1_c18_h12_t04,2074801,latent_intent,1,1,0.180000,12,1,1,1.000000,0.823248,0.494131,0,2,2,1.000000,10,0.039533,0.044739,141,0.000000
s1_m1_c18_h12_t05,2082720,language_prior,1,1,0.180000,12,0,0,0.333333,1.426047,0.272962,2,1,0,0.000000,10,0.026047,0.036086,322,1.548484
s1_m1_c18_h12_t05,2082720,nearest_demo_replay,1,1,0.180000,12,0,0,0.000000,15.884882,0.000000,2,0,0,0.000000,0,0.011448,0.015686,322,30.300663
s1_m1_c18_h12_t05,2082720,phase_retrieval,1,1,0.180000,12,0,0,0.000000,1.353057,0.000000,2,0,0,0.000000,7,0.037872,0.054725,322,1.509893
s1_m1_c18_h12_t05,2082720,full_demo_attention,1,1,0.180000,12,0,0,0.000000,1.431127,0.000000,2,0,0,0.000000,3,0.023083,0.027247,322,1.508494
s1_m1_c18_h12_t05,2082720,latent_intent,1,1,0.180000,12,1,1,1.000000,0.939231,0.436853,0,2,2,1.000000,11,0.040896,0.045236,160,0.000000
s1_m1_c35_h03_t00,2090639,language_prior,1,1,0.350000,3,0,0,0.000000,0.761319,0.000000,2,0,0,0.000000,5,0.027462,0.036165,106,0.599355
s1_m1_c35_h03_t00,2090639,nearest_demo_replay,1,1,0.350000,3,0,0,0.333333,3.071727,0.143302,2,1,0,0.000000,1,0.025346,0.036113,106,5.927742
s1_m1_c35_h03_t00,2090639,phase_retrieval,1,1,0.350000,3,0,0,0.000000,0.800917,0.000000,2,0,0,0.000000,3,0.035591,0.048894,106,0.777403
s1_m1_c35_h03_t00,2090639,full_demo_attention,1,1,0.350000,3,0,0,0.000000,0.832205,0.000000,2,0,0,0.000000,3,0.021036,0.023289,106,0.781918
s1_m1_c35_h03_t00,2090639,latent_intent,1,1,0.350000,3,1,1,1.000000,0.938228,0.333333,0,2,2,1.000000,2,0.036931,0.045382,46,0.000000
s1_m1_c35_h03_t01,2098558,language_prior,1,1,0.350000,3,0,0,0.000000,1.420339,0.000000,2,0,0,0.000000,5,0.027179,0.037305,106,1.623575
s1_m1_c35_h03_t01,2098558,nearest_demo_replay,1,1,0.350000,3,0,0,0.000000,2.723121,0.000000,2,0,0,0.000000,0,0.008669,0.012656,106,5.579266
s1_m1_c35_h03_t01,2098558,phase_retrieval,1,1,0.350000,3,0,0,0.333333,1.083772,0.299065,2,1,0,0.000000,2,0.048138,0.068559,106,1.381229
s1_m1_c35_h03_t01,2098558,full_demo_attention,1,1,0.350000,3,0,0,0.000000,1.045795,0.000000,2,0,0,0.000000,2,0.050680,0.090705,106,1.242932
s1_m1_c35_h03_t01,2098558,latent_intent,1,1,0.350000,3,1,1,1.000000,0.896594,0.377778,0,2,2,1.000000,2,0.039524,0.048811,44,0.000000
s1_m1_c35_h03_t02,2106477,language_prior,1,1,0.350000,3,0,0,0.666667,1.055984,0.576324,2,2,1,0.500000,5,0.033405,0.045290,106,1.240915
s1_m1_c35_h03_t02,2106477,nearest_demo_replay,1,1,0.350000,3,0,0,0.000000,2.734531,0.000000,2,0,0,0.000000,1,0.009260,0.013609,106,5.560814
s1_m1_c35_h03_t02,2106477,phase_retrieval,1,1,0.350000,3,0,0,0.333333,1.045792,0.314642,2,1,0,0.000000,4,0.035831,0.053551,106,1.244446
s1_m1_c35_h03_t02,2106477,full_demo_attention,1,1,0.350000,3,0,0,0.333333,0.661937,0.314642,2,1,0,0.000000,1,0.137479,0.271359,106,0.661020
s1_m1_c35_h03_t02,2106477,latent_intent,1,1,0.350000,3,1,1,1.000000,0.700902,0.444444,0,2,2,1.000000,2,0.043829,0.055330,32,0.000000
s1_m1_c35_h03_t03,2114396,language_prior,1,1,0.350000,3,0,0,0.333333,1.019120,0.283489,2,1,0,0.000000,5,0.030239,0.042316,106,1.118491
s1_m1_c35_h03_t03,2114396,nearest_demo_replay,1,1,0.350000,3,0,0,0.333333,2.901132,0.227414,2,1,0,0.000000,1,0.027413,0.037683,106,5.071325
s1_m1_c35_h03_t03,2114396,phase_retrieval,1,1,0.350000,3,0,0,0.000000,1.036845,0.000000,2,0,0,0.000000,4,0.033153,0.044907,106,1.128696
s1_m1_c35_h03_t03,2114396,full_demo_attention,1,1,0.350000,3,0,0,0.000000,1.096188,0.000000,2,0,0,0.000000,5,0.033030,0.039120,106,1.243265
s1_m1_c35_h03_t03,2114396,latent_intent,1,1,0.350000,3,1,1,1.000000,0.737406,0.342342,0,2,2,1.000000,3,0.043690,0.050934,36,0.000000
s1_m1_c35_h03_t04,2122315,language_prior,1,1,0.350000,3,0,0,0.333333,1.112301,0.277259,2,1,0,0.000000,5,0.031475,0.041223,106,1.233504
s1_m1_c35_h03_t04,2122315,nearest_demo_replay,1,1,0.350000,3,0,0,0.333333,2.987065,0.233645,2,1,0,0.000000,0,0.032113,0.053249,106,5.264592
s1_m1_c35_h03_t04,2122315,phase_retrieval,1,1,0.350000,3,0,0,0.000000,0.786444,0.000000,2,0,0,0.000000,3,0.040251,0.057687,106,0.837510
s1_m1_c35_h03_t04,2122315,full_demo_attention,1,1,0.350000,3,0,0,0.000000,0.794599,0.000000,2,0,0,0.000000,3,0.028178,0.033322,106,0.839985
s1_m1_c35_h03_t04,2122315,latent_intent,1,1,0.350000,3,1,1,1.000000,0.910034,0.362963,0,2,2,1.000000,3,0.037600,0.040497,44,0.000000
s1_m1_c35_h03_t05,2130234,language_prior,1,1,0.350000,3,0,0,0.333333,0.594828,0.305296,2,1,0,0.000000,5,0.029359,0.042101,106,0.566829
s1_m1_c35_h03_t05,2130234,nearest_demo_replay,1,1,0.350000,3,0,0,0.000000,2.696422,0.000000,2,0,0,0.000000,2,0.006365,0.004269,106,5.552983
s1_m1_c35_h03_t05,2130234,phase_retrieval,1,1,0.350000,3,0,0,0.333333,1.083952,0.314642,2,1,0,0.000000,3,0.033591,0.052422,106,1.229713
s1_m1_c35_h03_t05,2130234,full_demo_attention,1,1,0.350000,3,0,0,0.333333,1.039315,0.314642,2,1,0,0.000000,4,0.027536,0.034068,106,1.228491
s1_m1_c35_h03_t05,2130234,latent_intent,1,1,0.350000,3,1,1,1.000000,0.778277,0.438095,0,2,2,1.000000,2,0.037462,0.051098,34,0.000000
s1_m1_c35_h06_t00,2138153,language_prior,1,1,0.350000,6,0,0,0.333333,0.930713,0.286778,2,1,0,0.000000,7,0.030257,0.040009,178,0.921636
s1_m1_c35_h06_t00,2138153,nearest_demo_replay,1,1,0.350000,6,0,0,0.000000,6.564236,0.000000,2,0,0,0.000000,0,0.019260,0.032200,178,13.569284
s1_m1_c35_h06_t00,2138153,phase_retrieval,1,1,0.350000,6,0,0,0.166667,1.336209,0.159218,2,0,0,0.000000,4,0.038048,0.056094,178,1.529868
s1_m1_c35_h06_t00,2138153,full_demo_attention,1,1,0.350000,6,0,0,0.000000,0.769093,0.000000,2,0,0,0.000000,1,0.073463,0.140887,178,0.914052
s1_m1_c35_h06_t00,2138153,latent_intent,1,1,0.350000,6,1,1,1.000000,0.948615,0.474510,0,2,2,1.000000,4,0.039397,0.046493,84,0.000000
s1_m1_c35_h06_t01,2146072,language_prior,1,1,0.350000,6,0,0,0.500000,1.323956,0.430168,2,1,0,0.000000,7,0.029860,0.040330,178,1.518082
s1_m1_c35_h06_t01,2146072,nearest_demo_replay,1,1,0.350000,6,0,0,0.000000,6.741950,0.000000,2,0,0,0.000000,0,0.003820,0.004525,178,13.848890
s1_m1_c35_h06_t01,2146072,phase_retrieval,1,1,0.350000,6,0,0,0.166667,1.222426,0.136872,2,0,0,0.000000,3,0.033758,0.047621,178,1.452870
s1_m1_c35_h06_t01,2146072,full_demo_attention,1,1,0.350000,6,0,0,0.166667,1.268513,0.158287,2,0,0,0.000000,3,0.029136,0.035436,178,1.448905
s1_m1_c35_h06_t01,2146072,latent_intent,1,1,0.350000,6,1,1,1.000000,1.011883,0.484314,0,2,2,1.000000,4,0.036980,0.041195,84,0.000000
s1_m1_c35_h06_t02,2153991,language_prior,1,1,0.350000,6,0,0,0.166667,0.893421,0.126629,2,0,0,0.000000,7,0.030184,0.040567,178,0.839086
s1_m1_c35_h06_t02,2153991,nearest_demo_replay,1,1,0.350000,6,0,0,0.000000,6.564751,0.000000,2,0,0,0.000000,2,0.020203,0.027076,178,13.688890
s1_m1_c35_h06_t02,2153991,phase_retrieval,1,1,0.350000,6,0,0,0.000000,1.178859,0.000000,2,0,0,0.000000,4,0.035881,0.049993,178,1.281125
s1_m1_c35_h06_t02,2153991,full_demo_attention,1,1,0.350000,6,0,0,0.000000,1.176673,0.000000,2,0,0,0.000000,2,0.031886,0.039134,178,1.305810
s1_m1_c35_h06_t02,2153991,latent_intent,1,1,0.350000,6,1,1,1.000000,0.863860,0.443750,0,2,2,1.000000,6,0.040324,0.044376,79,0.000000
s1_m1_c35_h06_t03,2161910,language_prior,1,1,0.350000,6,0,0,0.166667,0.971575,0.136872,2,0,0,0.000000,6,0.024502,0.034206,178,0.879876
s1_m1_c35_h06_t03,2161910,nearest_demo_replay,1,1,0.350000,6,0,0,0.000000,6.257649,0.000000,2,0,0,0.000000,0,0.016474,0.022904,178,13.095391
s1_m1_c35_h06_t03,2161910,phase_retrieval,1,1,0.350000,6,0,0,0.000000,1.433650,0.000000,2,0,0,0.000000,3,0.027885,0.044156,178,1.616700
s1_m1_c35_h06_t03,2161910,full_demo_attention,1,1,0.350000,6,0,0,0.000000,1.478883,0.000000,2,0,0,0.000000,3,0.048938,0.092015,178,1.618961
s1_m1_c35_h06_t03,2161910,latent_intent,1,1,0.350000,6,1,1,1.000000,1.010869,0.388278,0,2,2,1.000000,6,0.038237,0.041859,90,0.000000
s1_m1_c35_h06_t04,2169829,language_prior,1,1,0.350000,6,0,0,0.166667,1.313785,0.128492,2,0,0,0.000000,8,0.030682,0.040698,178,1.432918
s1_m1_c35_h06_t04,2169829,nearest_demo_replay,1,1,0.350000,6,0,0,0.000000,6.715672,0.000000,2,0,0,0.000000,0,0.005625,0.005619,178,13.854792
s1_m1_c35_h06_t04,2169829,phase_retrieval,1,1,0.350000,6,0,0,0.166667,0.633033,0.156425,2,0,0,0.000000,3,0.029761,0.045332,178,0.634764
s1_m1_c35_h06_t04,2169829,full_demo_attention,1,1,0.350000,6,0,0,0.000000,0.762312,0.000000,2,0,0,0.000000,1,0.145346,0.286219,178,0.781917
s1_m1_c35_h06_t04,2169829,latent_intent,1,1,0.350000,6,1,1,1.000000,0.774111,0.436073,0,2,2,1.000000,5,0.041920,0.047616,72,0.000000
s1_m1_c35_h06_t05,2177748,language_prior,1,1,0.350000,6,0,0,0.333333,0.837343,0.289572,2,1,0,0.000000,7,0.029478,0.038976,178,0.818439
s1_m1_c35_h06_t05,2177748,nearest_demo_replay,1,1,0.350000,6,0,0,0.000000,6.068644,0.000000,2,0,0,0.000000,2,0.030745,0.050419,178,12.895772
s1_m1_c35_h06_t05,2177748,phase_retrieval,1,1,0.350000,6,0,0,0.166667,1.226725,0.160149,2,0,0,0.000000,4,0.031364,0.047202,178,1.308460
s1_m1_c35_h06_t05,2177748,full_demo_attention,1,1,0.350000,6,0,0,0.166667,1.206258,0.160149,2,0,0,0.000000,3,0.023092,0.031729,178,1.308576
s1_m1_c35_h06_t05,2177748,latent_intent,1,1,0.350000,6,1,1,1.000000,0.924303,0.473896,0,2,2,1.000000,5,0.037538,0.040999,82,0.000000
s1_m1_c35_h09_t00,2185667,language_prior,1,1,0.350000,9,0,0,0.222222,0.878942,0.199203,2,0,0,0.000000,9,0.027861,0.036696,250,0.729392
s1_m1_c35_h09_t00,2185667,nearest_demo_replay,1,1,0.350000,9,0,0,0.000000,11.294759,0.000000,2,0,0,0.000000,0,0.005800,0.008286,250,22.157943
s1_m1_c35_h09_t00,2185667,phase_retrieval,1,1,0.350000,9,0,0,0.111111,1.300719,0.108898,2,0,0,0.000000,5,0.033282,0.052261,250,1.418957
s1_m1_c35_h09_t00,2185667,full_demo_attention,1,1,0.350000,9,0,0,0.111111,1.306118,0.108898,2,0,0,0.000000,2,0.020201,0.025937,250,1.413520
s1_m1_c35_h09_t00,2185667,latent_intent,1,1,0.350000,9,1,1,1.000000,0.849336,0.488277,0,2,2,1.000000,6,0.038762,0.043553,108,0.000000
s1_m1_c35_h09_t01,2193586,language_prior,1,1,0.350000,9,0,0,0.222222,1.538951,0.180168,2,0,0,0.000000,8,0.023961,0.034621,250,1.566532
s1_m1_c35_h09_t01,2193586,nearest_demo_replay,1,1,0.350000,9,0,0,0.000000,10.955406,0.000000,2,0,0,0.000000,0,0.021510,0.034519,250,21.640285
s1_m1_c35_h09_t01,2193586,phase_retrieval,1,1,0.350000,9,0,0,0.111111,0.950376,0.074369,2,0,0,0.000000,4,0.048118,0.069061,250,0.853651
s1_m1_c35_h09_t01,2193586,full_demo_attention,1,1,0.350000,9,0,0,0.000000,0.965360,0.000000,2,0,0,0.000000,2,0.022472,0.027879,250,0.967434
s1_m1_c35_h09_t01,2193586,latent_intent,1,1,0.350000,9,1,1,1.000000,0.984359,0.418605,0,2,2,1.000000,8,0.037244,0.041210,128,0.000000
s1_m1_c35_h09_t02,2201505,language_prior,1,1,0.350000,9,0,0,0.333333,0.998718,0.278884,2,1,0,0.000000,8,0.024294,0.034184,250,1.042920
s1_m1_c35_h09_t02,2201505,nearest_demo_replay,1,1,0.350000,9,0,0,0.111111,11.109002,0.096946,2,0,0,0.000000,1,0.017744,0.025109,250,21.920810
s1_m1_c35_h09_t02,2201505,phase_retrieval,1,1,0.350000,9,0,0,0.111111,1.046745,0.086321,2,0,0,0.000000,5,0.042771,0.066754,250,1.158184
s1_m1_c35_h09_t02,2201505,full_demo_attention,1,1,0.350000,9,0,0,0.000000,1.211348,0.000000,2,0,0,0.000000,3,0.026043,0.034600,250,1.279624
s1_m1_c35_h09_t02,2201505,latent_intent,1,1,0.350000,9,1,1,1.000000,0.704571,0.454444,0,2,2,1.000000,7,0.043000,0.048533,99,0.000000
s1_m1_c35_h09_t03,2209424,language_prior,1,1,0.350000,9,0,0,0.222222,0.776695,0.176627,2,0,0,0.000000,10,0.029439,0.040413,250,0.694318
s1_m1_c35_h09_t03,2209424,nearest_demo_replay,1,1,0.350000,9,0,0,0.000000,11.219047,0.000000,2,0,0,0.000000,0,0.004336,0.005725,250,22.022856
s1_m1_c35_h09_t03,2209424,phase_retrieval,1,1,0.350000,9,0,0,0.000000,0.747560,0.000000,2,0,0,0.000000,5,0.042968,0.064551,250,0.697027
s1_m1_c35_h09_t03,2209424,full_demo_attention,1,1,0.350000,9,0,0,0.000000,0.679439,0.000000,2,0,0,0.000000,2,0.026333,0.031774,250,0.697464
s1_m1_c35_h09_t03,2209424,latent_intent,1,1,0.350000,9,1,1,1.000000,0.817568,0.463127,0,2,2,1.000000,8,0.041751,0.045944,112,0.000000
s1_m1_c35_h09_t04,2217343,language_prior,1,1,0.350000,9,0,0,0.111111,0.876202,0.092961,2,0,0,0.000000,10,0.028665,0.038783,250,0.769682
s1_m1_c35_h09_t04,2217343,nearest_demo_replay,1,1,0.350000,9,0,0,0.000000,11.261545,0.000000,2,0,0,0.000000,0,0.014421,0.020393,250,22.091865
s1_m1_c35_h09_t04,2217343,phase_retrieval,1,1,0.350000,9,0,0,0.000000,0.703014,0.000000,2,0,0,0.000000,3,0.025423,0.037059,250,0.680203
s1_m1_c35_h09_t04,2217343,full_demo_attention,1,1,0.350000,9,0,0,0.000000,1.132137,0.000000,2,0,0,0.000000,3,0.023720,0.028385,250,1.220035
s1_m1_c35_h09_t04,2217343,latent_intent,1,1,0.350000,9,1,1,1.000000,0.816005,0.442512,0,2,2,1.000000,9,0.037118,0.043218,114,0.000000
s1_m1_c35_h09_t05,2225262,language_prior,1,1,0.350000,9,0,0,0.222222,0.798793,0.196547,2,0,0,0.000000,9,0.026729,0.037090,250,0.652225
s1_m1_c35_h09_t05,2225262,nearest_demo_replay,1,1,0.350000,9,0,0,0.222222,11.655958,0.179283,2,0,0,0.000000,0,0.022179,0.030828,250,22.534715
s1_m1_c35_h09_t05,2225262,phase_retrieval,1,1,0.350000,9,0,0,0.000000,0.679835,0.000000,2,0,0,0.000000,2,0.038664,0.056282,250,0.657856
s1_m1_c35_h09_t05,2225262,full_demo_attention,1,1,0.350000,9,0,0,0.000000,0.700730,0.000000,2,0,0,0.000000,2,0.026764,0.034499,250,0.660761
s1_m1_c35_h09_t05,2225262,latent_intent,1,1,0.350000,9,1,1,1.000000,0.896172,0.434508,0,2,2,1.000000,8,0.038751,0.042283,122,0.000000
s1_m1_c35_h12_t00,2233181,language_prior,1,1,0.350000,12,0,0,0.166667,1.083291,0.135449,2,0,0,0.000000,10,0.026759,0.038927,322,0.978110
s1_m1_c35_h12_t00,2233181,nearest_demo_replay,1,1,0.350000,12,0,0,0.000000,15.968748,0.000000,2,0,0,0.000000,0,0.003832,0.005385,322,30.434373
s1_m1_c35_h12_t00,2233181,phase_retrieval,1,1,0.350000,12,0,0,0.083333,0.966118,0.067595,2,0,0,0.000000,3,0.035974,0.049716,322,0.928191
s1_m1_c35_h12_t00,2233181,full_demo_attention,1,1,0.350000,12,0,0,0.000000,1.510120,0.000000,2,0,0,0.000000,2,0.023401,0.029139,322,1.619621
s1_m1_c35_h12_t00,2233181,latent_intent,1,1,0.350000,12,1,1,1.000000,1.003810,0.447549,0,2,2,1.000000,11,0.039557,0.045671,169,0.000000
s1_m1_c35_h12_t01,2241100,language_prior,1,1,0.350000,12,0,0,0.416667,0.780817,0.356811,2,1,1,1.000000,12,0.027314,0.038206,322,0.779485
s1_m1_c35_h12_t01,2241100,nearest_demo_replay,1,1,0.350000,12,0,0,0.000000,15.969897,0.000000,2,0,0,0.000000,2,0.001702,0.002376,322,30.423994
s1_m1_c35_h12_t01,2241100,phase_retrieval,1,1,0.350000,12,0,0,0.083333,1.030933,0.080237,2,0,0,0.000000,6,0.038215,0.056869,322,1.097709
s1_m1_c35_h12_t01,2241100,full_demo_attention,1,1,0.350000,12,0,0,0.083333,0.550287,0.080237,2,0,0,0.000000,4,0.026294,0.031161,322,0.509490
s1_m1_c35_h12_t01,2241100,latent_intent,1,1,0.350000,12,1,1,1.000000,0.761973,0.459246,0,2,2,1.000000,10,0.041430,0.046043,136,0.000000
s1_m1_c35_h12_t02,2249019,language_prior,1,1,0.350000,12,0,0,0.500000,1.168278,0.427503,2,1,1,1.000000,9,0.027633,0.038189,322,1.308251
s1_m1_c35_h12_t02,2249019,nearest_demo_replay,1,1,0.350000,12,0,0,0.000000,15.951979,0.000000,2,0,0,0.000000,0,0.004622,0.007159,322,30.425218
s1_m1_c35_h12_t02,2249019,phase_retrieval,1,1,0.350000,12,0,0,0.083333,0.728992,0.081527,2,0,0,0.000000,3,0.023114,0.035024,322,0.693268
s1_m1_c35_h12_t02,2249019,full_demo_attention,1,1,0.350000,12,0,0,0.000000,0.658308,0.000000,2,0,0,0.000000,0,0.145064,0.288153,322,0.639943
s1_m1_c35_h12_t02,2249019,latent_intent,1,1,0.350000,12,1,1,1.000000,0.807326,0.470890,0,2,2,1.000000,9,0.041540,0.046194,145,0.000000
s1_m1_c35_h12_t03,2256938,language_prior,1,1,0.350000,12,0,0,0.333333,1.150257,0.272446,2,1,0,0.000000,11,0.029513,0.041450,322,1.203658
s1_m1_c35_h12_t03,2256938,nearest_demo_replay,1,1,0.350000,12,0,0,0.000000,15.965910,0.000000,2,0,0,0.000000,0,0.017163,0.027662,322,30.454497
s1_m1_c35_h12_t03,2256938,phase_retrieval,1,1,0.350000,12,0,0,0.000000,1.156724,0.000000,2,0,0,0.000000,6,0.037351,0.056299,322,1.200851
s1_m1_c35_h12_t03,2256938,full_demo_attention,1,1,0.350000,12,0,0,0.000000,0.520947,0.000000,2,0,0,0.000000,0,0.152876,0.303144,322,0.409891
s1_m1_c35_h12_t03,2256938,latent_intent,1,1,0.350000,12,1,1,1.000000,0.843137,0.456376,0,2,2,1.000000,9,0.040594,0.044649,148,0.000000
s1_m1_c35_h12_t04,2264857,language_prior,1,1,0.350000,12,0,0,0.416667,1.108242,0.353199,2,1,1,1.000000,10,0.027560,0.038988,322,1.193515
s1_m1_c35_h12_t04,2264857,nearest_demo_replay,1,1,0.350000,12,0,0,0.000000,15.938287,0.000000,2,0,0,0.000000,0,0.013096,0.017596,322,30.366046
s1_m1_c35_h12_t04,2264857,phase_retrieval,1,1,0.350000,12,0,0,0.083333,1.429833,0.067595,2,0,0,0.000000,8,0.037023,0.051775,322,1.550671
s1_m1_c35_h12_t04,2264857,full_demo_attention,1,1,0.350000,12,0,0,0.000000,0.823288,0.000000,2,0,0,0.000000,1,0.149983,0.297673,322,0.748677
s1_m1_c35_h12_t04,2264857,latent_intent,1,1,0.350000,12,1,1,1.000000,0.844139,0.459444,0,2,2,1.000000,9,0.040968,0.045320,149,0.000000
s1_m1_c35_h12_t05,2272776,language_prior,1,1,0.350000,12,0,0,0.416667,0.803397,0.350361,2,1,1,1.000000,12,0.028536,0.039787,322,0.785665
s1_m1_c35_h12_t05,2272776,nearest_demo_replay,1,1,0.350000,12,0,0,0.000000,15.963107,0.000000,2,0,0,0.000000,0,0.002105,0.001947,322,30.377462
s1_m1_c35_h12_t05,2272776,phase_retrieval,1,1,0.350000,12,0,0,0.083333,0.692184,0.079463,2,0,0,0.000000,3,0.032391,0.044372,322,0.697317
s1_m1_c35_h12_t05,2272776,full_demo_attention,1,1,0.350000,12,0,0,0.000000,1.239359,0.000000,2,0,0,0.000000,4,0.035302,0.060774,322,1.306687
s1_m1_c35_h12_t05,2272776,latent_intent,1,1,0.350000,12,1,1,1.000000,0.799894,0.445776,0,2,2,1.000000,9,0.039848,0.042940,145,0.000000
s2_m0_c00_h03_t00,2280695,language_prior,2,0,0.000000,3,0,0,0.000000,1.437133,0.000000,2,0,0,0.000000,5,0.027783,0.037947,106,1.662025
s2_m0_c00_h03_t00,2280695,nearest_demo_replay,2,0,0.000000,3,0,0,0.000000,0.782834,0.000000,2,0,0,0.000000,0,0.024729,0.032421,106,0.169060
s2_m0_c00_h03_t00,2280695,phase_retrieval,2,0,0.000000,3,0,0,0.333333,1.397382,0.295950,2,1,0,0.000000,3,0.028107,0.037659,106,1.451958
s2_m0_c00_h03_t00,2280695,full_demo_attention,2,0,0.000000,3,0,0,0.000000,1.075421,0.000000,2,0,0,0.000000,2,0.033642,0.039606,106,1.248798
s2_m0_c00_h03_t00,2280695,latent_intent,2,0,0.000000,3,1,1,1.000000,1.037207,0.374150,0,2,2,1.000000,2,0.040206,0.044266,48,0.000000
s2_m0_c00_h03_t01,2288614,language_prior,2,0,0.000000,3,0,0,0.333333,0.746043,0.292835,2,1,0,0.000000,5,0.031950,0.044680,106,0.781162
s2_m0_c00_h03_t01,2288614,nearest_demo_replay,2,0,0.000000,3,0,0,0.000000,0.501541,0.000000,2,0,0,0.000000,4,0.026707,0.036211,106,0.172630
s2_m0_c00_h03_t01,2288614,phase_retrieval,2,0,0.000000,3,0,0,0.000000,0.755223,0.000000,2,0,0,0.000000,3,0.030859,0.041749,106,0.780896
s2_m0_c00_h03_t01,2288614,full_demo_attention,2,0,0.000000,3,0,0,0.000000,1.095702,0.000000,2,0,0,0.000000,4,0.026586,0.029789,106,1.202104
s2_m0_c00_h03_t01,2288614,latent_intent,2,0,0.000000,3,1,1,1.000000,0.599882,0.352941,0,2,2,1.000000,3,0.048052,0.052436,33,0.000000
s2_m0_c00_h03_t02,2296533,language_prior,2,0,0.000000,3,0,0,0.333333,1.338045,0.295950,2,1,0,0.000000,5,0.033667,0.041957,106,1.568796
s2_m0_c00_h03_t02,2296533,nearest_demo_replay,2,0,0.000000,3,0,0,0.000000,0.526217,0.000000,2,0,0,0.000000,1,0.026746,0.035953,106,0.168951
s2_m0_c00_h03_t02,2296533,phase_retrieval,2,0,0.000000,3,0,1,1.000000,1.239473,0.493590,1,2,1,0.500000,1,0.033870,0.051009,51,0.000000
s2_m0_c00_h03_t02,2296533,full_demo_attention,2,0,0.000000,3,0,0,0.333333,1.236432,0.308411,2,1,0,0.000000,3,0.026659,0.030123,106,1.564879
s2_m0_c00_h03_t02,2296533,latent_intent,2,0,0.000000,3,1,1,1.000000,0.923589,0.426357,0,2,2,1.000000,2,0.044725,0.053554,42,0.000000
s2_m0_c00_h03_t03,2304452,language_prior,2,0,0.000000,3,0,0,0.000000,1.091764,0.000000,2,0,0,0.000000,5,0.027364,0.036453,106,0.993681
s2_m0_c00_h03_t03,2304452,nearest_demo_replay,2,0,0.000000,3,0,0,0.000000,0.689023,0.000000,2,0,0,0.000000,3,0.022442,0.026331,106,0.147787
s2_m0_c00_h03_t03,2304452,phase_retrieval,2,0,0.000000,3,0,1,1.000000,1.250572,0.401042,1,2,1,0.500000,1,0.035007,0.047911,63,0.000000
s2_m0_c00_h03_t03,2304452,full_demo_attention,2,0,0.000000,3,0,0,0.000000,0.786307,0.000000,2,0,0,0.000000,3,0.020535,0.023974,106,0.615786
s2_m0_c00_h03_t03,2304452,latent_intent,2,0,0.000000,3,1,1,1.000000,1.127408,0.327160,0,2,2,1.000000,2,0.034873,0.041878,53,0.000000
s2_m0_c00_h03_t04,2312371,language_prior,2,0,0.000000,3,0,0,0.333333,1.190735,0.317757,2,1,0,0.000000,5,0.031716,0.040686,106,1.238026
s2_m0_c00_h03_t04,2312371,nearest_demo_replay,2,0,0.000000,3,1,1,1.000000,0.962167,0.444444,0,2,2,1.000000,0,0.048320,0.063984,38,0.000000
s2_m0_c00_h03_t04,2312371,phase_retrieval,2,0,0.000000,3,0,0,0.333333,1.274397,0.317757,2,1,0,0.000000,3,0.031455,0.041840,106,1.593423
s2_m0_c00_h03_t04,2312371,full_demo_attention,2,0,0.000000,3,0,0,0.333333,1.349343,0.317757,2,1,0,0.000000,3,0.026760,0.031995,106,1.595029
s2_m0_c00_h03_t04,2312371,latent_intent,2,0,0.000000,3,1,1,1.000000,1.052023,0.449612,0,2,2,1.000000,2,0.039460,0.045002,42,0.000000
s2_m0_c00_h03_t05,2320290,language_prior,2,0,0.000000,3,0,0,0.333333,1.203840,0.311526,2,1,0,0.000000,5,0.027537,0.037533,106,1.103616
s2_m0_c00_h03_t05,2320290,nearest_demo_replay,2,0,0.000000,3,0,0,0.000000,0.738684,0.000000,2,0,0,0.000000,1,0.030992,0.044699,106,0.149167
s2_m0_c00_h03_t05,2320290,phase_retrieval,2,0,0.000000,3,0,0,0.333333,1.465662,0.308411,2,1,0,0.000000,4,0.032082,0.044042,106,1.725341
s2_m0_c00_h03_t05,2320290,full_demo_attention,2,0,0.000000,3,0,0,0.000000,0.869667,0.000000,2,0,0,0.000000,3,0.025542,0.028595,106,0.947231
s2_m0_c00_h03_t05,2320290,latent_intent,2,0,0.000000,3,1,1,1.000000,1.266621,0.423077,0,2,2,1.000000,2,0.031261,0.041410,51,0.000000
s2_m0_c00_h06_t00,2328209,language_prior,2,0,0.000000,6,0,0,0.500000,1.188296,0.431099,2,1,1,1.000000,7,0.027263,0.038661,178,1.336496
s2_m0_c00_h06_t00,2328209,nearest_demo_replay,2,0,0.000000,6,0,0,0.166667,0.515972,0.159218,2,0,0,0.000000,1,0.025934,0.035555,178,0.154486
s2_m0_c00_h06_t00,2328209,phase_retrieval,2,0,0.000000,6,0,0,0.166667,0.893572,0.159218,2,0,0,0.000000,4,0.029592,0.044016,178,0.929184
s2_m0_c00_h06_t00,2328209,full_demo_attention,2,0,0.000000,6,0,0,0.166667,0.903557,0.159218,2,0,0,0.000000,3,0.023816,0.028042,178,0.933856
s2_m0_c00_h06_t00,2328209,latent_intent,2,0,0.000000,6,1,1,1.000000,0.848607,0.449367,0,2,2,1.000000,5,0.037997,0.043611,78,0.000000
s2_m0_c00_h06_t01,2336128,language_prior,2,0,0.000000,6,0,0,0.166667,1.235301,0.136872,2,0,0,0.000000,7,0.024604,0.034692,178,1.261061
s2_m0_c00_h06_t01,2336128,nearest_demo_replay,2,0,0.000000,6,0,0,0.000000,0.616787,0.000000,2,0,0,0.000000,3,0.029411,0.037912,178,0.131524
s2_m0_c00_h06_t01,2336128,phase_retrieval,2,0,0.000000,6,0,0,0.000000,0.583785,0.000000,2,0,0,0.000000,4,0.027543,0.037181,178,0.451654
s2_m0_c00_h06_t01,2336128,full_demo_attention,2,0,0.000000,6,0,0,0.000000,1.391500,0.000000,2,0,0,0.000000,3,0.024081,0.028120,178,1.533106
s2_m0_c00_h06_t01,2336128,latent_intent,2,0,0.000000,6,1,1,1.000000,0.879943,0.388158,0,2,2,1.000000,4,0.039228,0.045684,75,0.000000
s2_m0_c00_h06_t02,2344047,language_prior,2,0,0.000000,6,0,0,0.166667,0.933573,0.136872,2,0,0,0.000000,6,0.025463,0.035422,178,0.875954
s2_m0_c00_h06_t02,2344047,nearest_demo_replay,2,0,0.000000,6,0,0,0.000000,0.610137,0.000000,2,0,0,0.000000,1,0.034217,0.047166,178,0.160818
s2_m0_c00_h06_t02,2344047,phase_retrieval,2,0,0.000000,6,0,1,1.000000,0.969432,0.516224,2,2,1,0.500000,2,0.037448,0.051457,112,0.000000
s2_m0_c00_h06_t02,2344047,full_demo_attention,2,0,0.000000,6,0,0,0.000000,1.168486,0.000000,2,0,0,0.000000,3,0.028566,0.034009,178,1.246660
s2_m0_c00_h06_t02,2344047,latent_intent,2,0,0.000000,6,1,1,1.000000,0.871091,0.390947,0,2,2,1.000000,6,0.038665,0.042598,80,0.000000
s2_m0_c00_h06_t03,2351966,language_prior,2,0,0.000000,6,0,0,0.166667,1.242776,0.148976,2,0,0,0.000000,7,0.025830,0.036208,178,1.202650
s2_m0_c00_h06_t03,2351966,nearest_demo_replay,2,0,0.000000,6,0,0,0.166667,1.502038,0.150838,2,0,0,0.000000,3,0.030070,0.039342,178,1.785688
s2_m0_c00_h06_t03,2351966,phase_retrieval,2,0,0.000000,6,0,0,0.000000,0.900058,0.000000,2,0,0,0.000000,4,0.030432,0.041901,178,0.695078
s2_m0_c00_h06_t03,2351966,full_demo_attention,2,0,0.000000,6,0,0,0.000000,1.426199,0.000000,2,0,0,0.000000,4,0.021451,0.023243,178,1.473171
s2_m0_c00_h06_t03,2351966,latent_intent,2,0,0.000000,6,1,1,1.000000,0.989624,0.405018,0,2,2,1.000000,5,0.035249,0.039405,92,0.000000
s2_m0_c00_h06_t04,2359885,language_prior,2,0,0.000000,6,0,0,0.166667,1.263425,0.124767,2,0,0,0.000000,7,0.029027,0.040312,178,1.351090
s2_m0_c00_h06_t04,2359885,nearest_demo_replay,2,0,0.000000,6,0,0,0.333333,0.592941,0.296089,2,1,0,0.000000,1,0.031559,0.042922,178,0.220222
s2_m0_c00_h06_t04,2359885,phase_retrieval,2,0,0.000000,6,0,0,0.333333,0.674582,0.297952,2,1,0,0.000000,3,0.033472,0.045023,178,0.374459
s2_m0_c00_h06_t04,2359885,full_demo_attention,2,0,0.000000,6,0,0,0.000000,0.922856,0.000000,2,0,0,0.000000,3,0.020377,0.024497,178,0.961660
s2_m0_c00_h06_t04,2359885,latent_intent,2,0,0.000000,6,1,1,1.000000,0.998115,0.422101,0,2,2,1.000000,4,0.034803,0.039015,91,0.000000
s2_m0_c00_h06_t05,2367804,language_prior,2,0,0.000000,6,0,0,0.166667,1.155706,0.120112,2,0,0,0.000000,7,0.029845,0.038577,178,1.001557
s2_m0_c00_h06_t05,2367804,nearest_demo_replay,2,0,0.000000,6,0,0,0.000000,1.551120,0.000000,2,0,0,0.000000,3,0.035615,0.048684,178,1.867078
s2_m0_c00_h06_t05,2367804,phase_retrieval,2,0,0.000000,6,0,0,0.166667,1.076895,0.146182,2,0,0,0.000000,3,0.031352,0.046350,178,0.916950
s2_m0_c00_h06_t05,2367804,full_demo_attention,2,0,0.000000,6,0,0,0.000000,1.730282,0.000000,2,0,0,0.000000,3,0.022043,0.024456,178,1.909636
s2_m0_c00_h06_t05,2367804,latent_intent,2,0,0.000000,6,1,1,1.000000,1.269033,0.393393,0,2,2,1.000000,5,0.033877,0.036749,110,0.000000
s2_m0_c00_h09_t00,2375723,language_prior,2,0,0.000000,9,0,0,0.222222,1.116399,0.167773,2,0,0,0.000000,10,0.027990,0.036950,250,1.165013
s2_m0_c00_h09_t00,2375723,nearest_demo_replay,2,0,0.000000,9,0,0,0.111111,1.011838,0.107127,2,0,0,0.000000,1,0.035865,0.049882,250,1.113615
s2_m0_c00_h09_t00,2375723,phase_retrieval,2,0,0.000000,9,0,0,0.222222,1.375988,0.200531,2,0,0,0.000000,5,0.034739,0.049531,250,1.537905
s2_m0_c00_h09_t00,2375723,full_demo_attention,2,0,0.000000,9,0,0,0.111111,0.911720,0.107127,2,0,0,0.000000,3,0.024932,0.030491,250,0.952871
s2_m0_c00_h09_t00,2375723,latent_intent,2,0,0.000000,9,1,1,1.000000,0.900633,0.455464,0,2,2,1.000000,8,0.039567,0.043180,120,0.000000
s2_m0_c00_h09_t01,2383642,language_prior,2,0,0.000000,9,0,0,0.333333,0.892968,0.274458,2,1,0,0.000000,10,0.027333,0.037294,250,0.712890
s2_m0_c00_h09_t01,2383642,nearest_demo_replay,2,0,0.000000,9,0,0,0.222222,0.659473,0.179726,2,0,0,0.000000,1,0.037246,0.052598,250,0.193737
s2_m0_c00_h09_t01,2383642,phase_retrieval,2,0,0.000000,9,0,0,0.000000,0.762868,0.000000,2,0,0,0.000000,2,0.026966,0.037090,250,0.730225
s2_m0_c00_h09_t01,2383642,full_demo_attention,2,0,0.000000,9,0,0,0.000000,0.829748,0.000000,2,0,0,0.000000,2,0.018794,0.022366,250,0.806972
s2_m0_c00_h09_t01,2383642,latent_intent,2,0,0.000000,9,1,1,1.000000,1.005879,0.446843,0,2,2,1.000000,7,0.035402,0.038595,138,0.000000
s2_m0_c00_h09_t02,2391561,language_prior,2,0,0.000000,9,0,0,0.333333,0.576962,0.306330,2,1,0,0.000000,9,0.028328,0.038287,250,0.428726
s2_m0_c00_h09_t02,2391561,nearest_demo_replay,2,0,0.000000,9,0,0,0.000000,1.020204,0.000000,2,0,0,0.000000,5,0.031229,0.039192,250,1.098761
s2_m0_c00_h09_t02,2391561,phase_retrieval,2,0,0.000000,9,0,0,0.111111,1.052648,0.108012,2,0,0,0.000000,4,0.036853,0.060471,250,1.147931
s2_m0_c00_h09_t02,2391561,full_demo_attention,2,0,0.000000,9,0,0,0.111111,1.049943,0.108012,2,0,0,0.000000,2,0.024249,0.029270,250,1.144934
s2_m0_c00_h09_t02,2391561,latent_intent,2,0,0.000000,9,1,1,1.000000,0.760364,0.477663,0,2,2,1.000000,6,0.041430,0.047185,96,0.000000
s2_m0_c00_h09_t03,2399480,language_prior,2,0,0.000000,9,0,0,0.111111,0.668615,0.097831,2,0,0,0.000000,10,0.026100,0.036820,250,0.598554
s2_m0_c00_h09_t03,2399480,nearest_demo_replay,2,0,0.000000,9,0,0,0.111111,1.006723,0.107570,2,0,0,0.000000,7,0.030643,0.037596,250,1.075896
s2_m0_c00_h09_t03,2399480,phase_retrieval,2,0,0.000000,9,0,0,0.111111,1.139785,0.107570,2,0,0,0.000000,4,0.030196,0.045604,250,1.235153
s2_m0_c00_h09_t03,2399480,full_demo_attention,2,0,0.000000,9,0,0,0.111111,1.084530,0.107570,2,0,0,0.000000,3,0.024541,0.030196,250,1.169769
s2_m0_c00_h09_t03,2399480,latent_intent,2,0,0.000000,9,1,1,1.000000,0.695432,0.452632,0,2,2,1.000000,8,0.044753,0.048180,94,0.000000
s2_m0_c00_h09_t04,2407399,language_prior,2,0,0.000000,9,0,0,0.444444,0.509276,0.400177,2,1,1,1.000000,8,0.029764,0.039470,250,0.444141
s2_m0_c00_h09_t04,2407399,nearest_demo_replay,2,0,0.000000,9,0,0,0.222222,1.057709,0.192120,2,0,0,0.000000,6,0.029528,0.037386,250,1.155411
s2_m0_c00_h09_t04,2407399,phase_retrieval,2,0,0.000000,9,0,0,0.111111,1.077232,0.109340,2,0,0,0.000000,7,0.034507,0.047131,250,1.179493
s2_m0_c00_h09_t04,2407399,full_demo_attention,2,0,0.000000,9,0,0,0.111111,1.090180,0.109340,2,0,0,0.000000,6,0.023505,0.028742,250,1.179107
s2_m0_c00_h09_t04,2407399,latent_intent,2,0,0.000000,9,1,1,1.000000,0.693725,0.487654,0,2,2,1.000000,8,0.042771,0.047233,89,0.000000
s2_m0_c00_h09_t05,2415318,language_prior,2,0,0.000000,9,0,0,0.444444,0.867178,0.393094,2,1,0,0.000000,8,0.029054,0.039487,250,0.873224
s2_m0_c00_h09_t05,2415318,nearest_demo_replay,2,0,0.000000,9,0,0,0.333333,1.205551,0.289066,2,1,0,0.000000,2,0.033231,0.045458,250,1.336221
s2_m0_c00_h09_t05,2415318,phase_retrieval,2,0,0.000000,9,0,0,0.333333,1.113822,0.286853,2,1,0,0.000000,5,0.033322,0.047259,250,1.168469
s2_m0_c00_h09_t05,2415318,full_demo_attention,2,0,0.000000,9,0,0,0.111111,1.137019,0.109340,2,0,0,0.000000,3,0.018972,0.023869,250,1.209314
s2_m0_c00_h09_t05,2415318,latent_intent,2,0,0.000000,9,1,1,1.000000,0.803327,0.462783,0,2,2,1.000000,8,0.041902,0.047240,102,0.000000
s2_m0_c00_h12_t00,2423237,language_prior,2,0,0.000000,12,0,0,0.250000,1.304535,0.213106,2,0,0,0.000000,12,0.026423,0.036738,322,1.365807
s2_m0_c00_h12_t00,2423237,nearest_demo_replay,2,0,0.000000,12,0,0,0.083333,0.961211,0.078689,2,0,0,0.000000,2,0.035020,0.051720,322,0.921494
s2_m0_c00_h12_t00,2423237,phase_retrieval,2,0,0.000000,12,0,0,0.083333,1.267791,0.059598,2,0,0,0.000000,4,0.031793,0.044009,322,1.378062
s2_m0_c00_h12_t00,2423237,full_demo_attention,2,0,0.000000,12,0,0,0.000000,0.889214,0.000000,2,0,0,0.000000,3,0.021233,0.025103,322,0.844240
s2_m0_c00_h12_t00,2423237,latent_intent,2,0,0.000000,12,1,1,1.000000,1.045294,0.439394,0,2,2,1.000000,11,0.037920,0.041297,175,0.000000
s2_m0_c00_h12_t01,2431156,language_prior,2,0,0.000000,12,0,0,0.333333,0.679617,0.295924,2,1,0,0.000000,11,0.029065,0.038818,322,0.533248
s2_m0_c00_h12_t01,2431156,nearest_demo_replay,2,0,0.000000,12,0,0,0.000000,1.253770,0.000000,2,0,0,0.000000,2,0.029616,0.037639,322,1.406258
s2_m0_c00_h12_t01,2431156,phase_retrieval,2,0,0.000000,12,0,0,0.083333,1.147604,0.082043,2,0,0,0.000000,4,0.024926,0.036300,322,1.214415
s2_m0_c00_h12_t01,2431156,full_demo_attention,2,0,0.000000,12,0,0,0.000000,1.355962,0.000000,2,0,0,0.000000,3,0.021919,0.025398,322,1.456908
s2_m0_c00_h12_t01,2431156,latent_intent,2,0,0.000000,12,1,1,1.000000,0.750953,0.467192,0,2,2,1.000000,10,0.039829,0.044597,126,0.000000
s2_m0_c00_h12_t02,2439075,language_prior,2,0,0.000000,12,0,0,0.416667,1.136983,0.337461,2,1,1,1.000000,9,0.027010,0.038398,322,1.138183
s2_m0_c00_h12_t02,2439075,nearest_demo_replay,2,0,0.000000,12,0,0,0.000000,1.399941,0.000000,2,0,0,0.000000,5,0.032945,0.042652,322,1.568669
s2_m0_c00_h12_t02,2439075,phase_retrieval,2,0,0.000000,12,0,0,0.083333,1.429538,0.067595,2,0,0,0.000000,1,0.028045,0.040646,322,1.494268
s2_m0_c00_h12_t02,2439075,full_demo_attention,2,0,0.000000,12,0,0,0.000000,1.448969,0.000000,2,0,0,0.000000,1,0.022803,0.030919,322,1.547555
s2_m0_c00_h12_t02,2439075,latent_intent,2,0,0.000000,12,1,1,1.000000,1.004925,0.439655,0,2,2,1.000000,9,0.036185,0.040020,173,0.000000
s2_m0_c00_h12_t03,2446994,language_prior,2,0,0.000000,12,0,0,0.250000,0.804576,0.227812,2,0,0,0.000000,11,0.025464,0.035730,322,0.789608
s2_m0_c00_h12_t03,2446994,nearest_demo_replay,2,0,0.000000,12,0,0,0.000000,1.044346,0.000000,2,0,0,0.000000,9,0.028596,0.036459,322,1.165783
s2_m0_c00_h12_t03,2446994,phase_retrieval,2,0,0.000000,12,0,0,0.250000,1.083215,0.221362,2,0,0,0.000000,3,0.014552,0.022334,322,1.132043
s2_m0_c00_h12_t03,2446994,full_demo_attention,2,0,0.000000,12,0,0,0.000000,0.945942,0.000000,2,0,0,0.000000,7,0.020662,0.023495,322,1.018845
s2_m0_c00_h12_t03,2446994,latent_intent,2,0,0.000000,12,1,1,1.000000,0.629476,0.478448,0,2,2,1.000000,10,0.046315,0.051494,115,0.000000
s2_m0_c00_h12_t04,2454913,language_prior,2,0,0.000000,12,0,0,0.333333,1.631773,0.264964,2,1,0,0.000000,10,0.028742,0.040203,322,1.824410
s2_m0_c00_h12_t04,2454913,nearest_demo_replay,2,0,0.000000,12,0,0,0.000000,1.556786,0.000000,2,0,0,0.000000,9,0.036879,0.049253,322,1.879906
s2_m0_c00_h12_t04,2454913,phase_retrieval,2,0,0.000000,12,0,0,0.000000,0.530895,0.000000,2,0,0,0.000000,1,0.026815,0.042193,322,0.169101
s2_m0_c00_h12_t04,2454913,full_demo_attention,2,0,0.000000,12,0,0,0.000000,1.655230,0.000000,2,0,0,0.000000,2,0.021944,0.029794,322,1.743155
s2_m0_c00_h12_t04,2454913,latent_intent,2,0,0.000000,12,1,1,1.000000,0.999348,0.441860,0,2,2,1.000000,11,0.037176,0.040371,171,0.000000
s2_m0_c00_h12_t05,2462832,language_prior,2,0,0.000000,12,0,0,0.250000,1.302940,0.213106,2,0,0,0.000000,11,0.026130,0.035808,322,1.449154
s2_m0_c00_h12_t05,2462832,nearest_demo_replay,2,0,0.000000,12,0,0,0.250000,1.271423,0.231940,2,0,0,0.000000,7,0.028607,0.034268,322,1.421291
s2_m0_c00_h12_t05,2462832,phase_retrieval,2,0,0.000000,12,0,0,0.083333,0.904093,0.079979,2,0,0,0.000000,3,0.022458,0.035839,322,0.916196
s2_m0_c00_h12_t05,2462832,full_demo_attention,2,0,0.000000,12,0,0,0.000000,0.923076,0.000000,2,0,0,0.000000,5,0.027897,0.033871,322,0.994022
s2_m0_c00_h12_t05,2462832,latent_intent,2,0,0.000000,12,1,1,1.000000,0.742619,0.443783,0,2,2,1.000000,8,0.042828,0.047642,125,0.000000
s2_m0_c18_h03_t00,2470751,language_prior,2,0,0.180000,3,0,0,0.000000,1.191480,0.000000,2,0,0,0.000000,5,0.025999,0.036860,106,1.203612
s2_m0_c18_h03_t00,2470751,nearest_demo_replay,2,0,0.180000,3,0,0,0.000000,0.857844,0.000000,2,0,0,0.000000,2,0.025638,0.035479,106,0.154846
s2_m0_c18_h03_t00,2470751,phase_retrieval,2,0,0.180000,3,0,1,1.000000,1.220338,0.406250,1,2,1,0.500000,3,0.036037,0.048023,63,0.000000
s2_m0_c18_h03_t00,2470751,full_demo_attention,2,0,0.180000,3,0,0,0.000000,1.495070,0.000000,2,0,0,0.000000,5,0.031908,0.037967,106,1.681006
s2_m0_c18_h03_t00,2470751,latent_intent,2,0,0.180000,3,1,1,1.000000,1.058737,0.333333,0,2,2,1.000000,2,0.036483,0.045558,50,0.000000
s2_m0_c18_h03_t01,2478670,language_prior,2,0,0.180000,3,0,0,0.000000,1.445496,0.000000,2,0,0,0.000000,5,0.027178,0.035469,106,1.532817
s2_m0_c18_h03_t01,2478670,nearest_demo_replay,2,0,0.180000,3,0,0,0.000000,0.862111,0.000000,2,0,0,0.000000,0,0.043033,0.060775,106,0.143794
s2_m0_c18_h03_t01,2478670,phase_retrieval,2,0,0.180000,3,0,0,0.000000,1.118143,0.000000,2,0,0,0.000000,2,0.036834,0.052058,106,1.088415
s2_m0_c18_h03_t01,2478670,full_demo_attention,2,0,0.180000,3,0,0,0.000000,1.155374,0.000000,2,0,0,0.000000,0,0.130603,0.256808,106,1.246178
s2_m0_c18_h03_t01,2478670,latent_intent,2,0,0.180000,3,1,1,1.000000,1.164521,0.327273,0,2,2,1.000000,2,0.033126,0.041461,54,0.000000
s2_m0_c18_h03_t02,2486589,language_prior,2,0,0.180000,3,0,0,0.333333,1.085709,0.320872,2,1,0,0.000000,5,0.030413,0.041577,106,1.144122
s2_m0_c18_h03_t02,2486589,nearest_demo_replay,2,0,0.180000,3,0,0,0.333333,0.496158,0.320872,2,1,0,0.000000,1,0.020525,0.026351,106,0.142771
s2_m0_c18_h03_t02,2486589,phase_retrieval,2,0,0.180000,3,0,0,0.333333,1.180597,0.320872,2,1,0,0.000000,3,0.028491,0.038272,106,1.386203
s2_m0_c18_h03_t02,2486589,full_demo_attention,2,0,0.180000,3,0,0,0.333333,1.162203,0.320872,2,1,0,0.000000,3,0.024972,0.027996,106,1.388657
s2_m0_c18_h03_t02,2486589,latent_intent,2,0,0.180000,3,1,1,1.000000,0.888804,0.459459,0,2,2,1.000000,2,0.047015,0.053697,36,0.000000
s2_m0_c18_h03_t03,2494508,language_prior,2,0,0.180000,3,0,0,0.000000,1.241482,0.000000,2,0,0,0.000000,5,0.028000,0.036659,106,1.385257
s2_m0_c18_h03_t03,2494508,nearest_demo_replay,2,0,0.180000,3,0,0,0.666667,0.562351,0.548287,2,2,1,0.500000,1,0.023441,0.025952,106,0.164757
s2_m0_c18_h03_t03,2494508,phase_retrieval,2,0,0.180000,3,0,0,0.333333,1.249037,0.295950,2,1,0,0.000000,4,0.031254,0.040181,106,1.655253
s2_m0_c18_h03_t03,2494508,full_demo_attention,2,0,0.180000,3,0,0,0.333333,1.271770,0.299065,2,1,0,0.000000,4,0.028098,0.032153,106,1.654687
s2_m0_c18_h03_t03,2494508,latent_intent,2,0,0.180000,3,1,1,1.000000,0.983645,0.390071,0,2,2,1.000000,3,0.039686,0.044833,46,0.000000
s2_m0_c18_h03_t04,2502427,language_prior,2,0,0.180000,3,0,0,0.000000,1.259218,0.000000,2,0,0,0.000000,5,0.026069,0.035085,106,1.391070
s2_m0_c18_h03_t04,2502427,nearest_demo_replay,2,0,0.180000,3,0,0,0.000000,0.673477,0.000000,2,0,0,0.000000,3,0.024900,0.030540,106,0.174129
s2_m0_c18_h03_t04,2502427,phase_retrieval,2,0,0.180000,3,0,0,0.333333,1.090409,0.289720,2,1,0,0.000000,6,0.027998,0.037203,106,1.037874
s2_m0_c18_h03_t04,2502427,full_demo_attention,2,0,0.180000,3,0,0,0.000000,0.946700,0.000000,2,0,0,0.000000,4,0.029257,0.036304,106,0.983607
s2_m0_c18_h03_t04,2502427,latent_intent,2,0,0.180000,3,1,1,1.000000,0.894765,0.348148,0,2,2,1.000000,4,0.036372,0.042153,44,0.000000
s2_m0_c18_h03_t05,2510346,language_prior,2,0,0.180000,3,0,0,0.333333,0.623406,0.305296,2,1,0,0.000000,7,0.030615,0.040261,106,0.620662
s2_m0_c18_h03_t05,2510346,nearest_demo_replay,2,0,0.180000,3,0,0,0.000000,0.316893,0.000000,2,0,0,0.000000,2,0.028036,0.039557,106,0.169630
s2_m0_c18_h03_t05,2510346,phase_retrieval,2,0,0.180000,3,0,0,0.000000,0.590036,0.000000,2,0,0,0.000000,3,0.031754,0.042839,106,0.624964
s2_m0_c18_h03_t05,2510346,full_demo_attention,2,0,0.180000,3,0,0,0.000000,0.588644,0.000000,2,0,0,0.000000,3,0.025954,0.028699,106,0.632688
s2_m0_c18_h03_t05,2510346,latent_intent,2,0,0.180000,3,1,1,1.000000,0.660399,0.411765,0,2,2,1.000000,2,0.041620,0.053709,33,0.000000
s2_m0_c18_h06_t00,2518265,language_prior,2,0,0.180000,6,0,0,0.500000,1.349260,0.415270,2,1,0,0.000000,7,0.027539,0.035731,178,1.519341
s2_m0_c18_h06_t00,2518265,nearest_demo_replay,2,0,0.180000,6,0,0,0.166667,0.664027,0.158287,2,0,0,0.000000,1,0.032715,0.045454,178,0.182897
s2_m0_c18_h06_t00,2518265,phase_retrieval,2,0,0.180000,6,0,0,0.500000,1.007015,0.447858,2,1,1,1.000000,3,0.029000,0.039983,178,0.943901
s2_m0_c18_h06_t00,2518265,full_demo_attention,2,0,0.180000,6,0,0,0.166667,1.343061,0.158287,2,0,0,0.000000,3,0.028508,0.034083,178,1.542137
s2_m0_c18_h06_t00,2518265,latent_intent,2,0,0.180000,6,1,1,1.000000,0.988931,0.478431,0,2,2,1.000000,4,0.035873,0.039459,84,0.000000
s2_m0_c18_h06_t01,2526184,language_prior,2,0,0.180000,6,0,0,0.166667,0.832452,0.130354,2,0,0,0.000000,7,0.031901,0.042050,178,0.557058
s2_m0_c18_h06_t01,2526184,nearest_demo_replay,2,0,0.180000,6,0,0,0.000000,1.416339,0.000000,2,0,0,0.000000,2,0.034647,0.051237,178,1.591655
s2_m0_c18_h06_t01,2526184,phase_retrieval,2,0,0.180000,6,0,0,0.000000,1.537405,0.000000,2,0,0,0.000000,4,0.034728,0.050292,178,1.702980
s2_m0_c18_h06_t01,2526184,full_demo_attention,2,0,0.180000,6,0,0,0.000000,1.545587,0.000000,2,0,0,0.000000,3,0.021560,0.023022,178,1.698167
s2_m0_c18_h06_t01,2526184,latent_intent,2,0,0.180000,6,1,1,1.000000,1.036207,0.391844,0,2,2,1.000000,5,0.037168,0.040286,93,0.000000
s2_m0_c18_h06_t02,2534103,language_prior,2,0,0.180000,6,0,0,0.500000,1.066895,0.443203,2,1,1,1.000000,7,0.029655,0.040224,178,1.149397
s2_m0_c18_h06_t02,2534103,nearest_demo_replay,2,0,0.180000,6,0,0,0.166667,0.530006,0.163873,2,0,0,0.000000,2,0.027057,0.035451,178,0.130461
s2_m0_c18_h06_t02,2534103,phase_retrieval,2,0,0.180000,6,0,0,0.166667,0.626451,0.163873,2,0,0,0.000000,3,0.030387,0.043433,178,0.559367
s2_m0_c18_h06_t02,2534103,full_demo_attention,2,0,0.180000,6,0,0,0.166667,0.899678,0.163873,2,0,0,0.000000,4,0.021403,0.022581,178,0.925792
s2_m0_c18_h06_t02,2534103,latent_intent,2,0,0.180000,6,1,1,1.000000,0.774341,0.462687,0,2,2,1.000000,4,0.043374,0.049992,66,0.000000
s2_m0_c18_h06_t03,2542022,language_prior,2,0,0.180000,6,0,0,0.166667,1.310476,0.147114,2,0,0,0.000000,7,0.025867,0.036556,178,1.439429
s2_m0_c18_h06_t03,2542022,nearest_demo_replay,2,0,0.180000,6,0,0,0.833333,0.546380,0.640596,2,2,2,1.000000,3,0.025950,0.030835,178,0.161282
s2_m0_c18_h06_t03,2542022,phase_retrieval,2,0,0.180000,6,0,0,0.000000,1.151930,0.000000,2,0,0,0.000000,5,0.031370,0.047336,178,1.254208
s2_m0_c18_h06_t03,2542022,full_demo_attention,2,0,0.180000,6,0,0,0.000000,1.374798,0.000000,2,0,0,0.000000,5,0.025914,0.032361,178,1.575726
s2_m0_c18_h06_t03,2542022,latent_intent,2,0,0.180000,6,1,1,1.000000,0.832048,0.401316,0,2,2,1.000000,5,0.037440,0.041823,75,0.000000
s2_m0_c18_h06_t04,2549941,language_prior,2,0,0.180000,6,0,0,0.500000,0.857223,0.454376,2,1,1,1.000000,6,0.030094,0.040092,178,0.948302
s2_m0_c18_h06_t04,2549941,nearest_demo_replay,2,0,0.180000,6,0,0,0.166667,0.397089,0.162942,2,0,0,0.000000,2,0.042298,0.061691,178,0.215421
s2_m0_c18_h06_t04,2549941,phase_retrieval,2,0,0.180000,6,0,0,0.500000,0.868109,0.418994,2,1,1,1.000000,3,0.033977,0.050776,178,0.934948
s2_m0_c18_h06_t04,2549941,full_demo_attention,2,0,0.180000,6,0,0,0.000000,0.677109,0.000000,2,0,0,0.000000,4,0.030707,0.040099,178,0.680015
s2_m0_c18_h06_t04,2549941,latent_intent,2,0,0.180000,6,1,1,1.000000,0.600965,0.500000,0,2,2,1.000000,6,0.046802,0.052775,56,0.000000
s2_m0_c18_h06_t05,2557860,language_prior,2,0,0.180000,6,0,0,0.166667,1.143717,0.141527,2,0,0,0.000000,7,0.025586,0.035824,178,1.012661
s2_m0_c18_h06_t05,2557860,nearest_demo_replay,2,0,0.180000,6,0,0,0.000000,1.553999,0.000000,2,0,0,0.000000,1,0.036086,0.050331,178,1.728438
s2_m0_c18_h06_t05,2557860,phase_retrieval,2,0,0.180000,6,0,0,0.000000,1.645503,0.000000,2,0,0,0.000000,2,0.041438,0.058270,178,1.818057
s2_m0_c18_h06_t05,2557860,full_demo_attention,2,0,0.180000,6,0,0,0.000000,1.096641,0.000000,2,0,0,0.000000,0,0.142250,0.280846,178,0.980698
s2_m0_c18_h06_t05,2557860,latent_intent,2,0,0.180000,6,1,1,1.000000,1.195047,0.396396,0,2,2,1.000000,5,0.033352,0.036122,110,0.000000
s2_m0_c18_h09_t00,2565779,language_prior,2,0,0.180000,9,0,0,0.222222,1.521697,0.192563,2,0,0,0.000000,8,0.024218,0.034767,250,1.596142
s2_m0_c18_h09_t00,2565779,nearest_demo_replay,2,0,0.180000,9,0,0,0.111111,1.127831,0.084108,2,0,0,0.000000,4,0.031991,0.044158,250,1.192030
s2_m0_c18_h09_t00,2565779,phase_retrieval,2,0,0.180000,9,0,0,0.000000,0.773422,0.000000,2,0,0,0.000000,4,0.025467,0.035564,250,0.734446
s2_m0_c18_h09_t00,2565779,full_demo_attention,2,0,0.180000,9,0,0,0.000000,1.498027,0.000000,2,0,0,0.000000,4,0.021822,0.023848,250,1.603793
s2_m0_c18_h09_t00,2565779,latent_intent,2,0,0.180000,9,1,1,1.000000,0.957125,0.444444,0,2,2,1.000000,8,0.035539,0.040012,132,0.000000
s2_m0_c18_h09_t01,2573698,language_prior,2,0,0.180000,9,0,0,0.222222,0.663797,0.200531,2,0,0,0.000000,9,0.025619,0.035802,250,0.581267
s2_m0_c18_h09_t01,2573698,nearest_demo_replay,2,0,0.180000,9,0,0,0.000000,0.699430,0.000000,2,0,0,0.000000,6,0.037769,0.051420,250,0.624823
s2_m0_c18_h09_t01,2573698,phase_retrieval,2,0,0.180000,9,0,0,0.000000,0.713286,0.000000,2,0,0,0.000000,4,0.041720,0.061236,250,0.606801
s2_m0_c18_h09_t01,2573698,full_demo_attention,2,0,0.180000,9,0,0,0.000000,0.618236,0.000000,2,0,0,0.000000,4,0.024458,0.029538,250,0.610991
s2_m0_c18_h09_t01,2573698,latent_intent,2,0,0.180000,9,1,1,1.000000,0.708634,0.385266,0,2,2,1.000000,8,0.045927,0.050937,91,0.000000
s2_m0_c18_h09_t02,2581617,language_prior,2,0,0.180000,9,0,0,0.222222,1.211633,0.155821,2,0,0,0.000000,8,0.027634,0.038032,250,1.055125
s2_m0_c18_h09_t02,2581617,nearest_demo_replay,2,0,0.180000,9,0,0,0.000000,1.489088,0.000000,2,0,0,0.000000,6,0.036830,0.052215,250,1.639462
s2_m0_c18_h09_t02,2581617,phase_retrieval,2,0,0.180000,9,0,0,0.333333,1.627583,0.273572,2,1,0,0.000000,3,0.017703,0.028480,250,1.660599
s2_m0_c18_h09_t02,2581617,full_demo_attention,2,0,0.180000,9,0,0,0.000000,1.587118,0.000000,2,0,0,0.000000,2,0.029022,0.037365,250,1.755440
s2_m0_c18_h09_t02,2581617,latent_intent,2,0,0.180000,9,1,1,1.000000,1.089812,0.445211,0,2,2,1.000000,8,0.034948,0.036863,144,0.000000
s2_m0_c18_h09_t03,2589536,language_prior,2,0,0.180000,9,0,0,0.222222,1.218911,0.183710,2,0,0,0.000000,8,0.025445,0.035645,250,1.218005
s2_m0_c18_h09_t03,2589536,nearest_demo_replay,2,0,0.180000,9,0,0,0.111111,0.977935,0.102700,2,0,0,0.000000,3,0.034128,0.049184,250,0.935583
s2_m0_c18_h09_t03,2589536,phase_retrieval,2,0,0.180000,9,0,0,0.111111,0.926550,0.084108,2,0,0,0.000000,3,0.041970,0.061138,250,0.858370
s2_m0_c18_h09_t03,2589536,full_demo_attention,2,0,0.180000,9,0,0,0.000000,0.892585,0.000000,2,0,0,0.000000,1,0.143438,0.284433,250,0.906297
s2_m0_c18_h09_t03,2589536,latent_intent,2,0,0.180000,9,1,1,1.000000,0.942944,0.408889,0,2,2,1.000000,7,0.037731,0.041672,124,0.000000
s2_m0_c18_h09_t04,2597455,language_prior,2,0,0.180000,9,0,0,0.333333,0.765782,0.304560,2,1,0,0.000000,10,0.025705,0.036120,250,0.706331
s2_m0_c18_h09_t04,2597455,nearest_demo_replay,2,0,0.180000,9,0,0,0.111111,1.419235,0.106684,2,0,0,0.000000,5,0.036477,0.049177,250,1.597364
s2_m0_c18_h09_t04,2597455,phase_retrieval,2,0,0.180000,9,0,0,0.333333,0.965685,0.272244,2,1,0,0.000000,3,0.028171,0.038234,250,0.915102
s2_m0_c18_h09_t04,2597455,full_demo_attention,2,0,0.180000,9,0,0,0.111111,1.352159,0.107570,2,0,0,0.000000,4,0.022876,0.026721,250,1.460687
s2_m0_c18_h09_t04,2597455,latent_intent,2,0,0.180000,9,1,1,1.000000,0.784217,0.443376,0,2,2,1.000000,7,0.041617,0.045051,103,0.000000
s2_m0_c18_h09_t05,2605374,language_prior,2,0,0.180000,9,0,0,0.222222,0.969237,0.196990,2,0,0,0.000000,10,0.027895,0.037827,250,1.030667
s2_m0_c18_h09_t05,2605374,nearest_demo_replay,2,0,0.180000,9,0,0,0.000000,0.955442,0.000000,2,0,0,0.000000,3,0.034340,0.047012,250,1.003506
s2_m0_c18_h09_t05,2605374,phase_retrieval,2,0,0.180000,9,0,0,0.000000,0.981252,0.000000,2,0,0,0.000000,3,0.039020,0.056031,250,1.041708
s2_m0_c18_h09_t05,2605374,full_demo_attention,2,0,0.180000,9,0,0,0.000000,0.981929,0.000000,2,0,0,0.000000,4,0.023623,0.030812,250,1.038563
s2_m0_c18_h09_t05,2605374,latent_intent,2,0,0.180000,9,1,1,1.000000,0.693213,0.462963,0,2,2,1.000000,9,0.045901,0.050253,95,0.000000
s2_m0_c18_h12_t00,2613293,language_prior,2,0,0.180000,12,0,0,0.166667,0.514603,0.148607,2,0,0,0.000000,12,0.027020,0.037802,322,0.447732
s2_m0_c18_h12_t00,2613293,nearest_demo_replay,2,0,0.180000,12,0,0,0.000000,0.741562,0.000000,2,0,0,0.000000,15,0.032822,0.042709,322,0.773417
s2_m0_c18_h12_t00,2613293,phase_retrieval,2,0,0.180000,12,0,0,0.083333,0.357381,0.080495,2,0,0,0.000000,5,0.019612,0.028022,322,0.204826
s2_m0_c18_h12_t00,2613293,full_demo_attention,2,0,0.180000,12,0,0,0.333333,1.043767,0.311404,2,1,0,0.000000,7,0.030461,0.038017,322,1.138020
s2_m0_c18_h12_t00,2613293,latent_intent,2,0,0.180000,12,1,1,1.000000,0.614837,0.477829,0,2,2,1.000000,11,0.046792,0.050835,108,0.000000
s2_m0_c18_h12_t01,2621212,language_prior,2,0,0.180000,12,0,0,0.500000,0.925747,0.433695,2,1,1,1.000000,11,0.027339,0.038848,322,0.963620
s2_m0_c18_h12_t01,2621212,nearest_demo_replay,2,0,0.180000,12,0,0,0.166667,0.744574,0.161765,2,0,0,0.000000,3,0.036765,0.051655,322,0.735879
s2_m0_c18_h12_t01,2621212,phase_retrieval,2,0,0.180000,12,0,0,0.000000,1.032306,0.000000,2,0,0,0.000000,3,0.013289,0.017855,322,1.066233
s2_m0_c18_h12_t01,2621212,full_demo_attention,2,0,0.180000,12,0,0,0.083333,1.321720,0.082301,2,0,0,0.000000,2,0.029873,0.044339,322,1.454744
s2_m0_c18_h12_t01,2621212,latent_intent,2,0,0.180000,12,1,1,1.000000,0.838797,0.497126,0,2,2,1.000000,9,0.039255,0.045339,144,0.000000
s2_m0_c18_h12_t02,2629131,language_prior,2,0,0.180000,12,0,0,0.166667,1.219878,0.134417,2,0,0,0.000000,12,0.026433,0.035307,322,1.105030
s2_m0_c18_h12_t02,2629131,nearest_demo_replay,2,0,0.180000,12,0,0,0.083333,1.175141,0.078689,2,0,0,0.000000,8,0.037835,0.052828,322,1.122903
s2_m0_c18_h12_t02,2629131,phase_retrieval,2,0,0.180000,12,0,0,0.250000,1.211942,0.212074,2,0,0,0.000000,3,0.013809,0.022083,322,1.121221
s2_m0_c18_h12_t02,2629131,full_demo_attention,2,0,0.180000,12,0,0,0.000000,1.484861,0.000000,2,0,0,0.000000,1,0.029765,0.038864,322,1.632158
s2_m0_c18_h12_t02,2629131,latent_intent,2,0,0.180000,12,1,1,1.000000,1.045671,0.452794,0,2,2,1.000000,10,0.035529,0.039753,172,0.000000
s2_m0_c18_h12_t03,2637050,language_prior,2,0,0.180000,12,0,0,0.166667,1.427392,0.129773,2,0,0,0.000000,10,0.025548,0.034579,322,1.514964
s2_m0_c18_h12_t03,2637050,nearest_demo_replay,2,0,0.180000,12,0,0,0.166667,1.501888,0.156347,2,0,0,0.000000,9,0.032386,0.045239,322,1.704421
s2_m0_c18_h12_t03,2637050,phase_retrieval,2,0,0.180000,12,0,0,0.166667,0.678095,0.151961,2,0,0,0.000000,3,0.012026,0.018562,322,0.174492
s2_m0_c18_h12_t03,2637050,full_demo_attention,2,0,0.180000,12,0,0,0.083333,0.675885,0.079979,2,0,0,0.000000,4,0.018898,0.020960,322,0.649860
s2_m0_c18_h12_t03,2637050,latent_intent,2,0,0.180000,12,1,1,1.000000,0.857974,0.443157,0,2,2,1.000000,10,0.039703,0.045560,150,0.000000
s2_m0_c18_h12_t04,2644969,language_prior,2,0,0.180000,12,0,0,0.166667,0.988991,0.136997,2,0,0,0.000000,11,0.027539,0.038241,322,1.010478
s2_m0_c18_h12_t04,2644969,nearest_demo_replay,2,0,0.180000,12,0,0,0.166667,0.735092,0.131837,2,0,0,0.000000,5,0.033887,0.046402,322,0.738229
s2_m0_c18_h12_t04,2644969,phase_retrieval,2,0,0.180000,12,0,0,0.083333,1.154702,0.080495,2,0,0,0.000000,5,0.024341,0.037770,322,1.212659
s2_m0_c18_h12_t04,2644969,full_demo_attention,2,0,0.180000,12,0,0,0.083333,1.345256,0.080495,2,0,0,0.000000,6,0.036958,0.061779,322,1.493917
s2_m0_c18_h12_t04,2644969,latent_intent,2,0,0.180000,12,1,1,1.000000,0.770030,0.469267,0,2,2,1.000000,11,0.041139,0.044537,140,0.000000
s2_m0_c18_h12_t05,2652888,language_prior,2,0,0.180000,12,0,0,0.250000,0.751004,0.228070,2,0,0,0.000000,11,0.026166,0.036466,322,0.737297
s2_m0_c18_h12_t05,2652888,nearest_demo_replay,2,0,0.180000,12,0,0,0.000000,0.919411,0.000000,2,0,0,0.000000,7,0.032318,0.040789,322,1.012276
s2_m0_c18_h12_t05,2652888,phase_retrieval,2,0,0.180000,12,0,0,0.083333,0.779033,0.074819,2,0,0,0.000000,7,0.037081,0.053590,322,0.753080
s2_m0_c18_h12_t05,2652888,full_demo_attention,2,0,0.180000,12,0,0,0.000000,0.932112,0.000000,2,0,0,0.000000,5,0.027194,0.035944,322,1.010317
s2_m0_c18_h12_t05,2652888,latent_intent,2,0,0.180000,12,1,1,1.000000,0.629782,0.483193,0,2,2,1.000000,8,0.044139,0.049656,118,0.000000
s2_m0_c35_h03_t00,2660807,language_prior,2,0,0.350000,3,0,0,0.000000,1.003624,0.000000,2,0,0,0.000000,5,0.026331,0.036670,106,0.886126
s2_m0_c35_h03_t00,2660807,nearest_demo_replay,2,0,0.350000,3,0,0,0.333333,0.775699,0.267913,2,1,0,0.000000,1,0.032379,0.044923,106,0.152219
s2_m0_c35_h03_t00,2660807,phase_retrieval,2,0,0.350000,3,0,0,0.000000,0.900025,0.000000,2,0,0,0.000000,5,0.040526,0.055324,106,0.628174
s2_m0_c35_h03_t00,2660807,full_demo_attention,2,0,0.350000,3,0,0,0.000000,0.830999,0.000000,2,0,0,0.000000,4,0.020244,0.023420,106,0.632127
s2_m0_c35_h03_t00,2660807,latent_intent,2,0,0.350000,3,1,1,1.000000,1.195781,0.327586,0,2,2,1.000000,2,0.032897,0.038801,57,0.000000
s2_m0_c35_h03_t01,2668726,language_prior,2,0,0.350000,3,0,0,0.000000,1.028326,0.000000,2,0,0,0.000000,5,0.025890,0.035221,106,1.040663
s2_m0_c35_h03_t01,2668726,nearest_demo_replay,2,0,0.350000,3,0,0,0.000000,0.570812,0.000000,2,0,0,0.000000,1,0.032513,0.043931,106,0.139893
s2_m0_c35_h03_t01,2668726,phase_retrieval,2,0,0.350000,3,0,0,0.000000,0.755936,0.000000,2,0,0,0.000000,4,0.039799,0.056233,106,0.697265
s2_m0_c35_h03_t01,2668726,full_demo_attention,2,0,0.350000,3,0,0,0.000000,0.742250,0.000000,2,0,0,0.000000,4,0.020002,0.023009,106,0.698165
s2_m0_c35_h03_t01,2668726,latent_intent,2,0,0.350000,3,1,1,1.000000,0.991423,0.359477,0,2,2,1.000000,3,0.038973,0.047870,50,0.000000
s2_m0_c35_h03_t02,2676645,language_prior,2,0,0.350000,3,0,0,0.000000,1.448842,0.000000,2,0,0,0.000000,5,0.026971,0.035549,106,1.550275
s2_m0_c35_h03_t02,2676645,nearest_demo_replay,2,0,0.350000,3,0,0,0.000000,0.804202,0.000000,2,0,0,0.000000,2,0.035782,0.051327,106,0.169728
s2_m0_c35_h03_t02,2676645,phase_retrieval,2,0,0.350000,3,0,0,0.000000,1.005721,0.000000,2,0,0,0.000000,4,0.036731,0.051286,106,0.917515
s2_m0_c35_h03_t02,2676645,full_demo_attention,2,0,0.350000,3,0,0,0.000000,1.005385,0.000000,2,0,0,0.000000,3,0.040729,0.063724,106,0.918993
s2_m0_c35_h03_t02,2676645,latent_intent,2,0,0.350000,3,1,1,1.000000,1.144246,0.339080,0,2,2,1.000000,3,0.032575,0.037916,57,0.000000
s2_m0_c35_h03_t03,2684564,language_prior,2,0,0.350000,3,0,0,0.333333,1.497787,0.317757,2,1,0,0.000000,5,0.031154,0.040706,106,1.795002
s2_m0_c35_h03_t03,2684564,nearest_demo_replay,2,0,0.350000,3,0,0,0.000000,0.827332,0.000000,2,0,0,0.000000,1,0.032044,0.044413,106,0.125480
s2_m0_c35_h03_t03,2684564,phase_retrieval,2,0,0.350000,3,0,1,1.000000,0.815551,0.310606,2,2,1,0.500000,1,0.046583,0.069218,87,0.000000
s2_m0_c35_h03_t03,2684564,full_demo_attention,2,0,0.350000,3,0,0,0.333333,0.931522,0.317757,2,1,0,0.000000,0,0.133967,0.262265,106,1.004752
s2_m0_c35_h03_t03,2684564,latent_intent,2,0,0.350000,3,1,1,1.000000,0.897405,0.464912,0,2,2,1.000000,2,0.046894,0.053249,37,0.000000
s2_m0_c35_h03_t04,2692483,language_prior,2,0,0.350000,3,0,0,0.000000,1.140260,0.000000,2,0,0,0.000000,5,0.027890,0.037184,106,0.994536
s2_m0_c35_h03_t04,2692483,nearest_demo_replay,2,0,0.350000,3,0,0,0.000000,1.031829,0.000000,2,0,0,0.000000,1,0.043215,0.061367,106,0.957725
s2_m0_c35_h03_t04,2692483,phase_retrieval,2,0,0.350000,3,0,0,0.000000,0.938618,0.000000,2,0,0,0.000000,2,0.040010,0.056681,106,0.788383
s2_m0_c35_h03_t04,2692483,full_demo_attention,2,0,0.350000,3,0,0,0.000000,0.966435,0.000000,2,0,0,0.000000,3,0.025035,0.030134,106,0.795324
s2_m0_c35_h03_t04,2692483,latent_intent,2,0,0.350000,3,1,1,1.000000,1.278775,0.333333,0,2,2,1.000000,2,0.035813,0.045224,58,0.000000
s2_m0_c35_h03_t05,2700402,language_prior,2,0,0.350000,3,0,0,0.000000,1.295379,0.000000,2,0,0,0.000000,5,0.026985,0.038019,106,1.461450
s2_m0_c35_h03_t05,2700402,nearest_demo_replay,2,0,0.350000,3,0,0,0.666667,0.376676,0.557632,2,2,1,0.500000,1,0.026585,0.037671,106,0.153005
s2_m0_c35_h03_t05,2700402,phase_retrieval,2,0,0.350000,3,0,0,0.333333,0.898082,0.299065,2,1,0,0.000000,4,0.031656,0.042392,106,1.022728
s2_m0_c35_h03_t05,2700402,full_demo_attention,2,0,0.350000,3,0,0,0.333333,0.899520,0.299065,2,1,0,0.000000,4,0.027348,0.035423,106,1.010995
s2_m0_c35_h03_t05,2700402,latent_intent,2,0,0.350000,3,1,1,1.000000,0.751129,0.367521,0,2,2,1.000000,3,0.040774,0.047488,38,0.000000
s2_m0_c35_h06_t00,2708321,language_prior,2,0,0.350000,6,0,0,0.333333,1.288554,0.297952,2,1,0,0.000000,7,0.028083,0.039898,178,1.429181
s2_m0_c35_h06_t00,2708321,nearest_demo_replay,2,0,0.350000,6,0,0,0.166667,0.436032,0.160149,2,0,0,0.000000,2,0.038298,0.055614,178,0.175420
s2_m0_c35_h06_t00,2708321,phase_retrieval,2,0,0.350000,6,0,0,0.166667,0.584099,0.161080,2,0,0,0.000000,4,0.040410,0.059950,178,0.495626
s2_m0_c35_h06_t00,2708321,full_demo_attention,2,0,0.350000,6,0,0,0.000000,1.237310,0.000000,2,0,0,0.000000,2,0.030232,0.035380,178,1.415608
s2_m0_c35_h06_t00,2708321,latent_intent,2,0,0.350000,6,1,1,1.000000,0.857616,0.463235,0,2,2,1.000000,4,0.040532,0.048380,67,0.000000
s2_m0_c35_h06_t01,2716240,language_prior,2,0,0.350000,6,0,0,0.333333,1.174378,0.281192,2,1,0,0.000000,7,0.030097,0.039541,178,1.293866
s2_m0_c35_h06_t01,2716240,nearest_demo_replay,2,0,0.350000,6,0,0,0.000000,0.637339,0.000000,2,0,0,0.000000,4,0.035791,0.053298,178,0.177287
s2_m0_c35_h06_t01,2716240,phase_retrieval,2,0,0.350000,6,0,0,0.166667,1.315663,0.161080,2,0,0,0.000000,3,0.041852,0.065095,178,1.488170
s2_m0_c35_h06_t01,2716240,full_demo_attention,2,0,0.350000,6,0,0,0.166667,1.327317,0.161080,2,0,0,0.000000,3,0.022692,0.028694,178,1.488200
s2_m0_c35_h06_t01,2716240,latent_intent,2,0,0.350000,6,1,1,1.000000,0.788995,0.502451,0,2,2,1.000000,5,0.041498,0.046493,67,0.000000
s2_m0_c35_h06_t02,2724159,language_prior,2,0,0.350000,6,0,0,0.333333,1.256298,0.277467,2,1,0,0.000000,7,0.029356,0.040482,178,1.398975
s2_m0_c35_h06_t02,2724159,nearest_demo_replay,2,0,0.350000,6,0,0,0.000000,1.231341,0.000000,2,0,0,0.000000,3,0.048944,0.069048,178,1.435489
s2_m0_c35_h06_t02,2724159,phase_retrieval,2,0,0.350000,6,0,0,0.166667,0.833831,0.152700,2,0,0,0.000000,5,0.041134,0.059097,178,0.793466
s2_m0_c35_h06_t02,2724159,full_demo_attention,2,0,0.350000,6,0,0,0.000000,1.371741,0.000000,2,0,0,0.000000,2,0.039885,0.057793,178,1.571945
s2_m0_c35_h06_t02,2724159,latent_intent,2,0,0.350000,6,1,1,1.000000,0.884634,0.416667,0,2,2,1.000000,5,0.042463,0.045437,79,0.000000
s2_m0_c35_h06_t03,2732078,language_prior,2,0,0.350000,6,0,0,0.166667,1.490779,0.136872,2,0,0,0.000000,6,0.023849,0.032722,178,1.572061
s2_m0_c35_h06_t03,2732078,nearest_demo_replay,2,0,0.350000,6,0,0,0.000000,1.236300,0.000000,2,0,0,0.000000,2,0.032674,0.047377,178,1.413971
s2_m0_c35_h06_t03,2732078,phase_retrieval,2,0,0.350000,6,0,0,0.000000,1.325212,0.000000,2,0,0,0.000000,3,0.039059,0.055758,178,1.470647
s2_m0_c35_h06_t03,2732078,full_demo_attention,2,0,0.350000,6,0,0,0.000000,1.355110,0.000000,2,0,0,0.000000,4,0.025209,0.032506,178,1.469314
s2_m0_c35_h06_t03,2732078,latent_intent,2,0,0.350000,6,1,1,1.000000,0.997177,0.416667,0,2,2,1.000000,5,0.038810,0.043984,89,0.000000
s2_m0_c35_h06_t04,2739997,language_prior,2,0,0.350000,6,0,0,0.333333,0.910572,0.293296,2,1,0,0.000000,6,0.028271,0.037315,178,0.861276
s2_m0_c35_h06_t04,2739997,nearest_demo_replay,2,0,0.350000,6,0,0,0.166667,0.448123,0.161080,2,0,0,0.000000,1,0.034846,0.049447,178,0.140133
s2_m0_c35_h06_t04,2739997,phase_retrieval,2,0,0.350000,6,0,0,0.500000,1.392939,0.432030,2,1,0,0.000000,3,0.021884,0.032488,178,1.699570
s2_m0_c35_h06_t04,2739997,full_demo_attention,2,0,0.350000,6,0,0,0.166667,1.086720,0.161080,2,0,0,0.000000,4,0.026905,0.032119,178,1.211661
s2_m0_c35_h06_t04,2739997,latent_intent,2,0,0.350000,6,1,1,1.000000,0.924538,0.491342,0,2,2,1.000000,4,0.039115,0.047525,76,0.000000
s2_m0_c35_h06_t05,2747916,language_prior,2,0,0.350000,6,0,0,0.166667,1.134264,0.148045,2,0,0,0.000000,7,0.026518,0.035925,178,1.188445
s2_m0_c35_h06_t05,2747916,nearest_demo_replay,2,0,0.350000,6,0,0,0.000000,1.365160,0.000000,2,0,0,0.000000,7,0.040555,0.059792,178,1.653765
s2_m0_c35_h06_t05,2747916,phase_retrieval,2,0,0.350000,6,0,0,0.000000,1.338489,0.000000,2,0,0,0.000000,4,0.032047,0.046471,178,1.538229
s2_m0_c35_h06_t05,2747916,full_demo_attention,2,0,0.350000,6,0,0,0.000000,1.410968,0.000000,2,0,0,0.000000,4,0.021625,0.024346,178,1.541499
s2_m0_c35_h06_t05,2747916,latent_intent,2,0,0.350000,6,1,1,1.000000,0.920656,0.437751,0,2,2,1.000000,6,0.039131,0.043418,82,0.000000
s2_m0_c35_h09_t00,2755835,language_prior,2,0,0.350000,9,0,0,0.333333,1.153528,0.262506,2,1,0,0.000000,8,0.030819,0.041473,250,1.230597
s2_m0_c35_h09_t00,2755835,nearest_demo_replay,2,0,0.350000,9,0,0,0.000000,1.355201,0.000000,2,0,0,0.000000,3,0.038885,0.054706,250,1.460980
s2_m0_c35_h09_t00,2755835,phase_retrieval,2,0,0.350000,9,0,0,0.000000,0.670772,0.000000,2,0,0,0.000000,3,0.015611,0.021561,250,0.672080
s2_m0_c35_h09_t00,2755835,full_demo_attention,2,0,0.350000,9,0,0,0.000000,1.556663,0.000000,2,0,0,0.000000,4,0.020386,0.023231,250,1.665746
s2_m0_c35_h09_t00,2755835,latent_intent,2,0,0.350000,9,1,1,1.000000,0.767162,0.461279,0,2,2,1.000000,8,0.042643,0.048582,98,0.000000
s2_m0_c35_h09_t01,2763754,language_prior,2,0,0.350000,9,0,0,0.333333,1.494727,0.240815,2,1,0,0.000000,9,0.029799,0.039982,250,1.683182
s2_m0_c35_h09_t01,2763754,nearest_demo_replay,2,0,0.350000,9,0,0,0.000000,1.541793,0.000000,2,0,0,0.000000,5,0.038757,0.054948,250,1.776186
s2_m0_c35_h09_t01,2763754,phase_retrieval,2,0,0.350000,9,0,0,0.333333,1.509985,0.237273,2,1,0,0.000000,3,0.042131,0.059012,250,1.688411
s2_m0_c35_h09_t01,2763754,full_demo_attention,2,0,0.350000,9,0,0,0.000000,1.706040,0.000000,2,0,0,0.000000,2,0.022319,0.027405,250,1.879161
s2_m0_c35_h09_t01,2763754,latent_intent,2,0,0.350000,9,1,1,1.000000,0.963219,0.444444,0,2,2,1.000000,5,0.038051,0.041672,132,0.000000
s2_m0_c35_h09_t02,2771673,language_prior,2,0,0.350000,9,0,0,0.222222,0.485652,0.207171,2,0,0,0.000000,10,0.026306,0.039117,250,0.372307
s2_m0_c35_h09_t02,2771673,nearest_demo_replay,2,0,0.350000,9,0,0,0.000000,1.068065,0.000000,2,0,0,0.000000,5,0.031209,0.042101,250,1.163632
s2_m0_c35_h09_t02,2771673,phase_retrieval,2,0,0.350000,9,0,0,0.111111,0.933868,0.096946,2,0,0,0.000000,3,0.034012,0.051791,250,1.048035
s2_m0_c35_h09_t02,2771673,full_demo_attention,2,0,0.350000,9,0,0,0.000000,0.952378,0.000000,2,0,0,0.000000,4,0.040556,0.067132,250,1.033382
s2_m0_c35_h09_t02,2771673,latent_intent,2,0,0.350000,9,1,1,1.000000,0.586572,0.475096,0,2,2,1.000000,6,0.047017,0.050676,86,0.000000
s2_m0_c35_h09_t03,2779592,language_prior,2,0,0.350000,9,0,0,0.444444,0.859422,0.394422,2,1,1,1.000000,8,0.027724,0.037782,250,0.869229
s2_m0_c35_h09_t03,2779592,nearest_demo_replay,2,0,0.350000,9,0,0,0.111111,1.190257,0.109340,2,0,0,0.000000,8,0.043044,0.062239,250,1.368780
s2_m0_c35_h09_t03,2779592,phase_retrieval,2,0,0.350000,9,0,0,0.222222,1.251276,0.204958,2,0,0,0.000000,5,0.033330,0.049445,250,1.403474
s2_m0_c35_h09_t03,2779592,full_demo_attention,2,0,0.350000,9,0,0,0.111111,0.678142,0.109340,2,0,0,0.000000,0,0.146662,0.290787,250,0.660143
s2_m0_c35_h09_t03,2779592,latent_intent,2,0,0.350000,9,1,1,1.000000,0.814083,0.482510,0,2,2,1.000000,9,0.041243,0.045257,107,0.000000
s2_m0_c35_h09_t04,2787511,language_prior,2,0,0.350000,9,0,0,0.444444,1.761027,0.362992,2,1,1,1.000000,7,0.026351,0.034830,250,1.935229
s2_m0_c35_h09_t04,2787511,nearest_demo_replay,2,0,0.350000,9,0,0,0.000000,1.021555,0.000000,2,0,0,0.000000,1,0.037770,0.052468,250,0.806438
s2_m0_c35_h09_t04,2787511,phase_retrieval,2,0,0.350000,9,0,0,0.111111,1.830550,0.109340,2,0,0,0.000000,3,0.037127,0.054985,250,1.955786
s2_m0_c35_h09_t04,2787511,full_demo_attention,2,0,0.350000,9,0,0,0.111111,1.769095,0.109340,2,0,0,0.000000,2,0.021829,0.027099,250,1.952752
s2_m0_c35_h09_t04,2787511,latent_intent,2,0,0.350000,9,1,1,1.000000,1.017432,0.476431,0,2,2,1.000000,6,0.037403,0.038368,131,0.000000
s2_m0_c35_h09_t05,2795430,language_prior,2,0,0.350000,9,0,0,0.222222,0.629960,0.205843,2,0,0,0.000000,8,0.025561,0.036568,250,0.540727
s2_m0_c35_h09_t05,2795430,nearest_demo_replay,2,0,0.350000,9,0,0,0.000000,1.178358,0.000000,2,0,0,0.000000,6,0.043848,0.065523,250,1.340853
s2_m0_c35_h09_t05,2795430,phase_retrieval,2,0,0.350000,9,0,0,0.333333,0.927716,0.307658,2,1,0,0.000000,2,0.036998,0.058210,250,0.988205
s2_m0_c35_h09_t05,2795430,full_demo_attention,2,0,0.350000,9,0,0,0.333333,0.913559,0.309872,2,1,0,0.000000,3,0.025393,0.030712,250,0.987001
s2_m0_c35_h09_t05,2795430,latent_intent,2,0,0.350000,9,1,1,1.000000,0.676688,0.490637,0,2,2,1.000000,6,0.042301,0.049135,88,0.000000
s2_m0_c35_h12_t00,2803349,language_prior,2,0,0.350000,12,0,0,0.166667,1.211857,0.128225,2,0,0,0.000000,10,0.025942,0.036244,322,1.095489
s2_m0_c35_h12_t00,2803349,nearest_demo_replay,2,0,0.350000,12,0,0,0.166667,1.471373,0.142931,2,0,0,0.000000,5,0.040764,0.057470,322,1.639226
s2_m0_c35_h12_t00,2803349,phase_retrieval,2,0,0.350000,12,0,0,0.000000,1.389052,0.000000,2,0,0,0.000000,3,0.036178,0.052137,322,1.557920
s2_m0_c35_h12_t00,2803349,full_demo_attention,2,0,0.350000,12,0,0,0.000000,1.657890,0.000000,2,0,0,0.000000,3,0.021436,0.024749,322,1.793870
s2_m0_c35_h12_t00,2803349,latent_intent,2,0,0.350000,12,1,1,1.000000,1.081071,0.445946,0,2,2,1.000000,11,0.035054,0.037746,184,0.000000
s2_m0_c35_h12_t01,2811268,language_prior,2,0,0.350000,12,0,0,0.250000,1.680617,0.204076,2,0,0,0.000000,10,0.024758,0.034654,322,1.812869
s2_m0_c35_h12_t01,2811268,nearest_demo_replay,2,0,0.350000,12,0,0,0.000000,1.064409,0.000000,2,0,0,0.000000,9,0.034889,0.048358,322,0.911590
s2_m0_c35_h12_t01,2811268,phase_retrieval,2,0,0.350000,12,0,0,0.000000,0.813456,0.000000,2,0,0,0.000000,3,0.025207,0.039279,322,0.772565
s2_m0_c35_h12_t01,2811268,full_demo_attention,2,0,0.350000,12,0,0,0.000000,0.947527,0.000000,2,0,0,0.000000,1,0.020510,0.024558,322,0.884989
s2_m0_c35_h12_t01,2811268,latent_intent,2,0,0.350000,12,1,1,1.000000,1.080278,0.453846,0,2,2,1.000000,9,0.034504,0.037745,194,0.000000
s2_m0_c35_h12_t02,2819187,language_prior,2,0,0.350000,12,0,0,0.500000,1.422433,0.413571,2,1,1,1.000000,10,0.027096,0.036892,322,1.629259
s2_m0_c35_h12_t02,2819187,nearest_demo_replay,2,0,0.350000,12,0,0,0.083333,1.082871,0.067595,2,0,0,0.000000,4,0.043233,0.060586,322,1.054551
s2_m0_c35_h12_t02,2819187,phase_retrieval,2,0,0.350000,12,0,0,0.000000,0.873837,0.000000,2,0,0,0.000000,3,0.033152,0.046322,322,0.812383
s2_m0_c35_h12_t02,2819187,full_demo_attention,2,0,0.350000,12,0,0,0.000000,0.794518,0.000000,2,0,0,0.000000,0,0.151309,0.300393,322,0.869909
s2_m0_c35_h12_t02,2819187,latent_intent,2,0,0.350000,12,1,1,1.000000,1.030721,0.472072,0,2,2,1.000000,10,0.035680,0.039644,184,0.000000
s2_m0_c35_h12_t03,2827106,language_prior,2,0,0.350000,12,0,0,0.166667,1.283830,0.138545,2,0,0,0.000000,10,0.028290,0.038875,322,1.338236
s2_m0_c35_h12_t03,2827106,nearest_demo_replay,2,0,0.350000,12,0,0,0.000000,0.907125,0.000000,2,0,0,0.000000,6,0.038914,0.053249,322,0.939117
s2_m0_c35_h12_t03,2827106,phase_retrieval,2,0,0.350000,12,0,0,0.000000,0.643062,0.000000,2,0,0,0.000000,5,0.034503,0.049605,322,0.546776
s2_m0_c35_h12_t03,2827106,full_demo_attention,2,0,0.350000,12,0,0,0.000000,0.886448,0.000000,2,0,0,0.000000,5,0.020655,0.025365,322,0.909603
s2_m0_c35_h12_t03,2827106,latent_intent,2,0,0.350000,12,1,1,1.000000,0.814038,0.464206,0,2,2,1.000000,12,0.041445,0.044881,148,0.000000
s2_m0_c35_h12_t04,2835025,language_prior,2,0,0.350000,12,0,0,0.333333,1.037941,0.268834,2,1,0,0.000000,10,0.026689,0.038449,322,0.998372
s2_m0_c35_h12_t04,2835025,nearest_demo_replay,2,0,0.350000,12,0,0,0.083333,0.863611,0.078947,2,0,0,0.000000,7,0.044572,0.064733,322,0.881346
s2_m0_c35_h12_t04,2835025,phase_retrieval,2,0,0.350000,12,0,0,0.166667,1.170487,0.149897,2,0,0,0.000000,4,0.038048,0.053138,322,1.081667
s2_m0_c35_h12_t04,2835025,full_demo_attention,2,0,0.350000,12,0,0,0.000000,0.883464,0.000000,2,0,0,0.000000,1,0.147352,0.289446,322,0.816767
s2_m0_c35_h12_t04,2835025,latent_intent,2,0,0.350000,12,1,1,1.000000,0.957659,0.450000,0,2,2,1.000000,11,0.036508,0.039472,174,0.000000
s2_m0_c35_h12_t05,2842944,language_prior,2,0,0.350000,12,0,0,0.500000,1.266961,0.415635,2,1,1,1.000000,9,0.027733,0.037632,322,1.413235
s2_m0_c35_h12_t05,2842944,nearest_demo_replay,2,0,0.350000,12,0,0,0.000000,1.009796,0.000000,2,0,0,0.000000,4,0.044242,0.065394,322,0.991959
s2_m0_c35_h12_t05,2842944,phase_retrieval,2,0,0.350000,12,0,0,0.166667,1.776126,0.154025,2,0,0,0.000000,3,0.040206,0.058176,322,2.120627
s2_m0_c35_h12_t05,2842944,full_demo_attention,2,0,0.350000,12,0,0,0.083333,0.903922,0.081269,2,0,0,0.000000,2,0.025968,0.035299,322,0.919492
s2_m0_c35_h12_t05,2842944,latent_intent,2,0,0.350000,12,1,1,1.000000,1.026016,0.488553,0,2,2,1.000000,10,0.036707,0.039314,181,0.000000
s2_m1_c00_h03_t00,2850863,language_prior,2,1,0.000000,3,0,0,0.000000,1.352674,0.000000,2,0,0,0.000000,5,0.027907,0.036370,106,1.392809
s2_m1_c00_h03_t00,2850863,nearest_demo_replay,2,1,0.000000,3,0,0,0.000000,3.057067,0.000000,2,0,0,0.000000,0,0.019340,0.024153,106,5.516788
s2_m1_c00_h03_t00,2850863,phase_retrieval,2,1,0.000000,3,0,0,0.000000,1.063268,0.000000,2,0,0,0.000000,4,0.031343,0.045856,106,0.766282
s2_m1_c00_h03_t00,2850863,full_demo_attention,2,1,0.000000,3,0,0,0.000000,0.872062,0.000000,2,0,0,0.000000,4,0.020468,0.023081,106,0.765950
s2_m1_c00_h03_t00,2850863,latent_intent,2,1,0.000000,3,1,1,1.000000,1.201396,0.339181,0,2,2,1.000000,3,0.032983,0.038377,56,0.000000
s2_m1_c00_h03_t01,2858782,language_prior,2,1,0.000000,3,0,0,0.333333,1.211039,0.274143,2,1,0,0.000000,5,0.030525,0.041043,106,1.370774
s2_m1_c00_h03_t01,2858782,nearest_demo_replay,2,1,0.000000,3,0,0,0.000000,2.990998,0.000000,2,0,0,0.000000,0,0.009888,0.016275,106,5.534755
s2_m1_c00_h03_t01,2858782,phase_retrieval,2,1,0.000000,3,0,0,0.333333,1.056294,0.286604,2,1,0,0.000000,4,0.031226,0.037756,106,1.279769
s2_m1_c00_h03_t01,2858782,full_demo_attention,2,1,0.000000,3,0,0,0.000000,0.563025,0.000000,2,0,0,0.000000,3,0.020788,0.024870,106,0.491396
s2_m1_c00_h03_t01,2858782,latent_intent,2,1,0.000000,3,1,1,1.000000,0.912994,0.354610,0,2,2,1.000000,2,0.039385,0.045082,46,0.000000
s2_m1_c00_h03_t02,2866701,language_prior,2,1,0.000000,3,0,0,0.333333,0.953934,0.264798,2,1,0,0.000000,5,0.029716,0.042235,106,0.908876
s2_m1_c00_h03_t02,2866701,nearest_demo_replay,2,1,0.000000,3,0,0,0.000000,2.714564,0.000000,2,0,0,0.000000,1,0.028441,0.039921,106,5.381807
s2_m1_c00_h03_t02,2866701,phase_retrieval,2,1,0.000000,3,0,0,0.000000,1.501441,0.000000,2,0,0,0.000000,3,0.025433,0.034334,106,1.727181
s2_m1_c00_h03_t02,2866701,full_demo_attention,2,1,0.000000,3,0,0,0.000000,1.467630,0.000000,2,0,0,0.000000,3,0.026800,0.031612,106,1.729308
s2_m1_c00_h03_t02,2866701,latent_intent,2,1,0.000000,3,1,1,1.000000,1.079860,0.340000,0,2,2,1.000000,3,0.032782,0.040054,49,0.000000
s2_m1_c00_h03_t03,2874620,language_prior,2,1,0.000000,3,0,0,0.666667,1.043845,0.582555,2,2,1,0.500000,5,0.032983,0.043426,106,1.150631
s2_m1_c00_h03_t03,2874620,nearest_demo_replay,2,1,0.000000,3,0,0,0.000000,2.678837,0.000000,2,0,0,0.000000,0,0.020025,0.025165,106,5.551507
s2_m1_c00_h03_t03,2874620,phase_retrieval,2,1,0.000000,3,0,0,0.333333,1.009744,0.317757,2,1,0,0.000000,3,0.034217,0.046721,106,1.147362
s2_m1_c00_h03_t03,2874620,full_demo_attention,2,1,0.000000,3,0,0,0.000000,1.014904,0.000000,2,0,0,0.000000,3,0.031095,0.038550,106,1.125146
s2_m1_c00_h03_t03,2874620,latent_intent,2,1,0.000000,3,1,1,1.000000,0.882802,0.432432,0,2,2,1.000000,2,0.042175,0.047949,36,0.000000
s2_m1_c00_h03_t04,2882539,language_prior,2,1,0.000000,3,0,0,0.000000,1.058303,0.000000,2,0,0,0.000000,5,0.026533,0.035727,106,1.090915
s2_m1_c00_h03_t04,2882539,nearest_demo_replay,2,1,0.000000,3,0,0,0.000000,2.888922,0.000000,2,0,0,0.000000,2,0.020084,0.026944,106,5.417955
s2_m1_c00_h03_t04,2882539,phase_retrieval,2,1,0.000000,3,0,0,0.333333,0.953809,0.289720,2,1,0,0.000000,5,0.034046,0.045647,106,1.011871
s2_m1_c00_h03_t04,2882539,full_demo_attention,2,1,0.000000,3,0,0,0.000000,0.642668,0.000000,2,0,0,0.000000,4,0.030507,0.035790,106,0.580936
s2_m1_c00_h03_t04,2882539,latent_intent,2,1,0.000000,3,1,1,1.000000,0.886512,0.333333,0,2,2,1.000000,3,0.036703,0.046959,44,0.000000
s2_m1_c00_h03_t05,2890458,language_prior,2,1,0.000000,3,0,0,0.000000,1.376363,0.000000,2,0,0,0.000000,5,0.027366,0.037073,106,1.569762
s2_m1_c00_h03_t05,2890458,nearest_demo_replay,2,1,0.000000,3,0,0,0.000000,2.711489,0.000000,2,0,0,0.000000,0,0.021153,0.026788,106,5.552324
s2_m1_c00_h03_t05,2890458,phase_retrieval,2,1,0.000000,3,0,0,0.333333,1.040728,0.299065,2,1,0,0.000000,3,0.032847,0.049114,106,0.794370
s2_m1_c00_h03_t05,2890458,full_demo_attention,2,1,0.000000,3,0,0,0.000000,1.005054,0.000000,2,0,0,0.000000,3,0.031387,0.034675,106,1.130829
s2_m1_c00_h03_t05,2890458,latent_intent,2,1,0.000000,3,1,1,1.000000,0.924146,0.357143,0,2,2,1.000000,2,0.041099,0.050723,41,0.000000
s2_m1_c00_h06_t00,2898377,language_prior,2,1,0.000000,6,0,0,0.166667,0.892825,0.147114,2,0,0,0.000000,7,0.027027,0.036374,178,0.853112
s2_m1_c00_h06_t00,2898377,nearest_demo_replay,2,1,0.000000,6,0,0,0.000000,6.715787,0.000000,2,0,0,0.000000,0,0.017648,0.023952,178,13.805318
s2_m1_c00_h06_t00,2898377,phase_retrieval,2,1,0.000000,6,0,0,0.000000,1.290568,0.000000,2,0,0,0.000000,4,0.023743,0.032948,178,1.347365
s2_m1_c00_h06_t00,2898377,full_demo_attention,2,1,0.000000,6,0,0,0.000000,1.238628,0.000000,2,0,0,0.000000,4,0.028539,0.033196,178,1.314707
s2_m1_c00_h06_t00,2898377,latent_intent,2,1,0.000000,6,1,1,1.000000,0.802843,0.410256,0,2,2,1.000000,5,0.041162,0.043577,77,0.000000
s2_m1_c00_h06_t01,2906296,language_prior,2,1,0.000000,6,0,0,0.166667,1.084795,0.145251,2,0,0,0.000000,7,0.026216,0.035833,178,1.075847
s2_m1_c00_h06_t01,2906296,nearest_demo_replay,2,1,0.000000,6,0,0,0.000000,6.752179,0.000000,2,0,0,0.000000,0,0.018441,0.025113,178,13.799587
s2_m1_c00_h06_t01,2906296,phase_retrieval,2,1,0.000000,6,0,0,0.000000,1.279187,0.000000,2,0,0,0.000000,4,0.026918,0.039610,178,1.310314
s2_m1_c00_h06_t01,2906296,full_demo_attention,2,1,0.000000,6,0,0,0.000000,1.217458,0.000000,2,0,0,0.000000,2,0.025650,0.029638,178,1.310303
s2_m1_c00_h06_t01,2906296,latent_intent,2,1,0.000000,6,1,1,1.000000,0.932748,0.390873,0,2,2,1.000000,5,0.040154,0.045843,83,0.000000
s2_m1_c00_h06_t02,2914215,language_prior,2,1,0.000000,6,0,0,0.166667,0.644491,0.136872,2,0,0,0.000000,6,0.025614,0.034348,178,0.491925
s2_m1_c00_h06_t02,2914215,nearest_demo_replay,2,1,0.000000,6,0,0,0.000000,6.774544,0.000000,2,0,0,0.000000,0,0.017020,0.023421,178,13.862378
s2_m1_c00_h06_t02,2914215,phase_retrieval,2,1,0.000000,6,0,0,0.166667,0.883880,0.153631,2,0,0,0.000000,4,0.033789,0.049570,178,0.795230
s2_m1_c00_h06_t02,2914215,full_demo_attention,2,1,0.000000,6,0,0,0.000000,1.250698,0.000000,2,0,0,0.000000,4,0.021397,0.023568,178,1.334320
s2_m1_c00_h06_t02,2914215,latent_intent,2,1,0.000000,6,1,1,1.000000,0.809891,0.381944,0,2,2,1.000000,6,0.045278,0.051171,71,0.000000
s2_m1_c00_h06_t03,2922134,language_prior,2,1,0.000000,6,0,0,0.166667,1.074861,0.147114,2,0,0,0.000000,7,0.026763,0.036411,178,1.145653
s2_m1_c00_h06_t03,2922134,nearest_demo_replay,2,1,0.000000,6,0,0,0.000000,6.639429,0.000000,2,0,0,0.000000,1,0.016176,0.020895,178,13.704616
s2_m1_c00_h06_t03,2922134,phase_retrieval,2,1,0.000000,6,0,0,0.000000,0.702268,0.000000,2,0,0,0.000000,5,0.021567,0.030672,178,0.683311
s2_m1_c00_h06_t03,2922134,full_demo_attention,2,1,0.000000,6,0,0,0.000000,1.141898,0.000000,2,0,0,0.000000,4,0.024686,0.029319,178,1.205296
s2_m1_c00_h06_t03,2922134,latent_intent,2,1,0.000000,6,1,1,1.000000,0.719046,0.380208,0,2,2,1.000000,5,0.045116,0.052212,63,0.000000
s2_m1_c00_h06_t04,2930053,language_prior,2,1,0.000000,6,0,0,0.166667,1.414180,0.109870,2,0,0,0.000000,6,0.026609,0.035757,178,1.508906
s2_m1_c00_h06_t04,2930053,nearest_demo_replay,2,1,0.000000,6,0,0,0.000000,6.775343,0.000000,2,0,0,0.000000,2,0.010574,0.016440,178,13.817685
s2_m1_c00_h06_t04,2930053,phase_retrieval,2,1,0.000000,6,0,0,0.000000,1.105817,0.000000,2,0,0,0.000000,5,0.023274,0.032040,178,1.140189
s2_m1_c00_h06_t04,2930053,full_demo_attention,2,1,0.000000,6,0,0,0.000000,1.073292,0.000000,2,0,0,0.000000,3,0.025042,0.028706,178,1.138631
s2_m1_c00_h06_t04,2930053,latent_intent,2,1,0.000000,6,1,1,1.000000,1.105891,0.431090,0,2,2,1.000000,4,0.031895,0.036877,103,0.000000
s2_m1_c00_h06_t05,2937972,language_prior,2,1,0.000000,6,0,0,0.500000,0.980998,0.444134,2,1,1,1.000000,8,0.028435,0.039004,178,1.008248
s2_m1_c00_h06_t05,2937972,nearest_demo_replay,2,1,0.000000,6,0,0,0.000000,6.512390,0.000000,2,0,0,0.000000,2,0.016680,0.022905,178,13.567159
s2_m1_c00_h06_t05,2937972,phase_retrieval,2,1,0.000000,6,0,0,0.000000,0.715001,0.000000,2,0,0,0.000000,3,0.032487,0.046857,178,0.663713
s2_m1_c00_h06_t05,2937972,full_demo_attention,2,1,0.000000,6,0,0,0.000000,0.664341,0.000000,2,0,0,0.000000,2,0.024105,0.031881,178,0.661442
s2_m1_c00_h06_t05,2937972,latent_intent,2,1,0.000000,6,1,1,1.000000,0.976068,0.489583,0,2,2,1.000000,4,0.038332,0.045361,79,0.000000
s2_m1_c00_h09_t00,2945891,language_prior,2,1,0.000000,9,0,0,0.222222,0.669842,0.189907,2,0,0,0.000000,10,0.025230,0.034596,250,0.632965
s2_m1_c00_h09_t00,2945891,nearest_demo_replay,2,1,0.000000,9,0,0,0.000000,11.212666,0.000000,2,0,0,0.000000,2,0.018013,0.027681,250,22.062023
s2_m1_c00_h09_t00,2945891,phase_retrieval,2,1,0.000000,9,0,0,0.222222,0.530125,0.198761,2,0,0,0.000000,6,0.031563,0.045564,250,0.193887
s2_m1_c00_h09_t00,2945891,full_demo_attention,2,1,0.000000,9,0,0,0.111111,0.781442,0.106242,2,0,0,0.000000,5,0.025225,0.031818,250,0.822350
s2_m1_c00_h09_t00,2945891,latent_intent,2,1,0.000000,9,1,1,1.000000,0.731649,0.458889,0,2,2,1.000000,10,0.041488,0.045350,99,0.000000
s2_m1_c00_h09_t01,2953810,language_prior,2,1,0.000000,9,0,0,0.111111,1.257232,0.084108,2,0,0,0.000000,8,0.026859,0.037029,250,1.199139
s2_m1_c00_h09_t01,2953810,nearest_demo_replay,2,1,0.000000,9,0,0,0.000000,11.292664,0.000000,2,0,0,0.000000,2,0.001494,0.001772,250,22.131857
s2_m1_c00_h09_t01,2953810,phase_retrieval,2,1,0.000000,9,0,0,0.222222,1.156383,0.196990,2,0,0,0.000000,2,0.023133,0.034358,250,0.884003
s2_m1_c00_h09_t01,2953810,full_demo_attention,2,1,0.000000,9,0,0,0.111111,1.750111,0.105356,2,0,0,0.000000,2,0.022093,0.024814,250,1.954995
s2_m1_c00_h09_t01,2953810,latent_intent,2,1,0.000000,9,1,1,1.000000,0.982877,0.412575,0,2,2,1.000000,8,0.037897,0.042608,128,0.000000
s2_m1_c00_h09_t02,2961729,language_prior,2,1,0.000000,9,0,0,0.111111,1.159223,0.084108,2,0,0,0.000000,8,0.025470,0.035898,250,1.073130
s2_m1_c00_h09_t02,2961729,nearest_demo_replay,2,1,0.000000,9,0,0,0.000000,11.249089,0.000000,2,0,0,0.000000,0,0.010106,0.012719,250,22.105023
s2_m1_c00_h09_t02,2961729,phase_retrieval,2,1,0.000000,9,0,0,0.333333,1.177855,0.281983,2,1,0,0.000000,5,0.028086,0.042128,250,1.060680
s2_m1_c00_h09_t02,2961729,full_demo_attention,2,1,0.000000,9,0,0,0.111111,1.032387,0.105799,2,0,0,0.000000,4,0.020967,0.027115,250,1.060395
s2_m1_c00_h09_t02,2961729,latent_intent,2,1,0.000000,9,1,1,1.000000,0.881219,0.430335,0,2,2,1.000000,7,0.036933,0.040895,125,0.000000
s2_m1_c00_h09_t03,2969648,language_prior,2,1,0.000000,9,0,0,0.222222,1.587875,0.166888,2,0,0,0.000000,9,0.027520,0.037893,250,1.648304
s2_m1_c00_h09_t03,2969648,nearest_demo_replay,2,1,0.000000,9,0,0,0.000000,11.229244,0.000000,2,0,0,0.000000,0,0.014928,0.021825,250,21.968063
s2_m1_c00_h09_t03,2969648,phase_retrieval,2,1,0.000000,9,0,0,0.111111,0.930370,0.101815,2,0,0,0.000000,5,0.024479,0.033604,250,0.851568
s2_m1_c00_h09_t03,2969648,full_demo_attention,2,1,0.000000,9,0,0,0.000000,1.740221,0.000000,2,0,0,0.000000,4,0.022382,0.030506,250,1.903551
s2_m1_c00_h09_t03,2969648,latent_intent,2,1,0.000000,9,1,1,1.000000,1.073282,0.430746,0,2,2,1.000000,9,0.034744,0.038635,145,0.000000
s2_m1_c00_h09_t04,2977567,language_prior,2,1,0.000000,9,0,0,0.444444,0.861664,0.362992,2,1,1,1.000000,9,0.030998,0.039866,250,0.806257
s2_m1_c00_h09_t04,2977567,nearest_demo_replay,2,1,0.000000,9,0,0,0.111111,11.126018,0.096946,2,0,0,0.000000,0,0.014414,0.019384,250,21.930336
s2_m1_c00_h09_t04,2977567,phase_retrieval,2,1,0.000000,9,0,0,0.000000,0.654287,0.000000,2,0,0,0.000000,3,0.021577,0.031609,250,0.506366
s2_m1_c00_h09_t04,2977567,full_demo_attention,2,1,0.000000,9,0,0,0.111111,1.380972,0.096060,2,0,0,0.000000,2,0.023247,0.031386,250,1.422343
s2_m1_c00_h09_t04,2977567,latent_intent,2,1,0.000000,9,1,1,1.000000,0.839954,0.411825,0,2,2,1.000000,6,0.041175,0.045630,108,0.000000
s2_m1_c00_h09_t05,2985486,language_prior,2,1,0.000000,9,0,0,0.333333,1.042263,0.270474,2,1,0,0.000000,9,0.028146,0.038934,250,0.979954
s2_m1_c00_h09_t05,2985486,nearest_demo_replay,2,1,0.000000,9,0,0,0.000000,11.237073,0.000000,2,0,0,0.000000,0,0.014626,0.021306,250,22.093416
s2_m1_c00_h09_t05,2985486,phase_retrieval,2,1,0.000000,9,0,0,0.111111,1.320791,0.102700,2,0,0,0.000000,4,0.032723,0.049347,250,1.430445
s2_m1_c00_h09_t05,2985486,full_demo_attention,2,1,0.000000,9,0,0,0.000000,1.256822,0.000000,2,0,0,0.000000,2,0.023219,0.027582,250,1.321293
s2_m1_c00_h09_t05,2985486,latent_intent,2,1,0.000000,9,1,1,1.000000,1.054591,0.434988,0,2,2,1.000000,8,0.036178,0.041028,140,0.000000
s2_m1_c00_h12_t00,2993405,language_prior,2,1,0.000000,12,0,0,0.500000,1.112543,0.411765,2,1,1,1.000000,10,0.025952,0.036406,322,1.148511
s2_m1_c00_h12_t00,2993405,nearest_demo_replay,2,1,0.000000,12,0,0,0.000000,15.960995,0.000000,2,0,0,0.000000,0,0.002500,0.001796,322,30.418120
s2_m1_c00_h12_t00,2993405,phase_retrieval,2,1,0.000000,12,0,0,0.083333,1.917271,0.081785,2,0,0,0.000000,3,0.024651,0.035810,322,2.085456
s2_m1_c00_h12_t00,2993405,full_demo_attention,2,1,0.000000,12,0,0,0.000000,1.132081,0.000000,2,0,0,0.000000,1,0.020894,0.024619,322,1.143459
s2_m1_c00_h12_t00,2993405,latent_intent,2,1,0.000000,12,1,1,1.000000,1.032516,0.467619,0,2,2,1.000000,9,0.036365,0.041711,174,0.000000
s2_m1_c00_h12_t01,3001324,language_prior,2,1,0.000000,12,0,0,0.500000,0.928656,0.447110,2,1,1,1.000000,9,0.027731,0.039002,322,1.009523
s2_m1_c00_h12_t01,3001324,nearest_demo_replay,2,1,0.000000,12,0,0,0.000000,15.954639,0.000000,2,0,0,0.000000,0,0.006480,0.010360,322,30.431255
s2_m1_c00_h12_t01,3001324,phase_retrieval,2,1,0.000000,12,0,0,0.000000,0.760969,0.000000,2,0,0,0.000000,3,0.014915,0.020087,322,0.784532
s2_m1_c00_h12_t01,3001324,full_demo_attention,2,1,0.000000,12,0,0,0.083333,0.524241,0.081527,2,0,0,0.000000,5,0.022500,0.026501,322,0.484428
s2_m1_c00_h12_t01,3001324,latent_intent,2,1,0.000000,12,1,1,1.000000,0.608065,0.476727,0,2,2,1.000000,8,0.045770,0.051168,110,0.000000
s2_m1_c00_h12_t02,3009243,language_prior,2,1,0.000000,12,0,0,0.333333,1.027035,0.261352,2,1,0,0.000000,12,0.027867,0.037768,322,1.052272
s2_m1_c00_h12_t02,3009243,nearest_demo_replay,2,1,0.000000,12,0,0,0.083333,15.377681,0.074561,2,0,0,0.000000,0,0.017817,0.024748,322,29.651854
s2_m1_c00_h12_t02,3009243,phase_retrieval,2,1,0.000000,12,0,0,0.000000,0.664557,0.000000,2,0,0,0.000000,23,0.023301,0.035126,322,0.627842
s2_m1_c00_h12_t02,3009243,full_demo_attention,2,1,0.000000,12,0,0,0.000000,1.073458,0.000000,2,0,0,0.000000,3,0.021176,0.023747,322,1.117349
s2_m1_c00_h12_t02,3009243,latent_intent,2,1,0.000000,12,1,1,1.000000,0.876028,0.449686,0,2,2,1.000000,12,0.039593,0.043297,158,0.000000
s2_m1_c00_h12_t03,3017162,language_prior,2,1,0.000000,12,0,0,0.500000,0.988048,0.428535,2,1,1,1.000000,10,0.027881,0.037796,322,1.015292
s2_m1_c00_h12_t03,3017162,nearest_demo_replay,2,1,0.000000,12,0,0,0.000000,15.912982,0.000000,2,0,0,0.000000,0,0.006876,0.009243,322,30.310606
s2_m1_c00_h12_t03,3017162,phase_retrieval,2,1,0.000000,12,0,0,0.083333,1.474665,0.082817,2,0,0,0.000000,3,0.024743,0.034807,322,1.617166
s2_m1_c00_h12_t03,3017162,full_demo_attention,2,1,0.000000,12,0,0,0.000000,0.760966,0.000000,2,0,0,0.000000,1,0.022996,0.027549,322,0.644516
s2_m1_c00_h12_t03,3017162,latent_intent,2,1,0.000000,12,1,1,1.000000,0.918804,0.482484,0,2,2,1.000000,10,0.037452,0.040830,156,0.000000
s2_m1_c00_h12_t04,3025081,language_prior,2,1,0.000000,12,0,0,0.500000,1.474440,0.420021,2,1,1,1.000000,9,0.026900,0.038431,322,1.708472
s2_m1_c00_h12_t04,3025081,nearest_demo_replay,2,1,0.000000,12,0,0,0.000000,15.839038,0.000000,2,0,0,0.000000,0,0.010956,0.013410,322,30.236934
s2_m1_c00_h12_t04,3025081,phase_retrieval,2,1,0.000000,12,0,0,0.166667,1.351989,0.154025,2,0,0,0.000000,5,0.034543,0.051157,322,1.538256
s2_m1_c00_h12_t04,3025081,full_demo_attention,2,1,0.000000,12,0,0,0.000000,1.698847,0.000000,2,0,0,0.000000,3,0.021329,0.024592,322,1.847938
s2_m1_c00_h12_t04,3025081,latent_intent,2,1,0.000000,12,1,1,1.000000,0.928596,0.468882,0,2,2,1.000000,9,0.036936,0.040958,157,0.000000
s2_m1_c00_h12_t05,3033000,language_prior,2,1,0.000000,12,0,0,0.333333,0.850239,0.273220,2,1,0,0.000000,10,0.025566,0.035891,322,0.769854
s2_m1_c00_h12_t05,3033000,nearest_demo_replay,2,1,0.000000,12,0,0,0.000000,15.818336,0.000000,2,0,0,0.000000,1,0.014444,0.021705,322,30.228463
s2_m1_c00_h12_t05,3033000,phase_retrieval,2,1,0.000000,12,0,0,0.083333,1.056363,0.078689,2,0,0,0.000000,4,0.020943,0.028446,322,1.086101
s2_m1_c00_h12_t05,3033000,full_demo_attention,2,1,0.000000,12,0,0,0.000000,1.326063,0.000000,2,0,0,0.000000,3,0.020478,0.024524,322,1.415515
s2_m1_c00_h12_t05,3033000,latent_intent,2,1,0.000000,12,1,1,1.000000,0.862818,0.446774,0,2,2,1.000000,11,0.039809,0.043729,154,0.000000
s2_m1_c18_h03_t00,3040919,language_prior,2,1,0.180000,3,0,0,0.666667,1.350394,0.563863,2,2,1,0.500000,5,0.033950,0.043322,106,1.612735
s2_m1_c18_h03_t00,3040919,nearest_demo_replay,2,1,0.180000,3,0,0,0.000000,2.683445,0.000000,2,0,0,0.000000,0,0.011098,0.016492,106,5.358954
s2_m1_c18_h03_t00,3040919,phase_retrieval,2,1,0.180000,3,0,0,0.333333,1.273483,0.314642,2,1,0,0.000000,3,0.031024,0.042468,106,1.609591
s2_m1_c18_h03_t00,3040919,full_demo_attention,2,1,0.180000,3,0,0,0.000000,1.454829,0.000000,2,0,0,0.000000,2,0.031094,0.036426,106,1.936138
s2_m1_c18_h03_t00,3040919,latent_intent,2,1,0.180000,3,1,1,1.000000,1.083414,0.442029,0,2,2,1.000000,2,0.040701,0.047694,45,0.000000
s2_m1_c18_h03_t01,3048838,language_prior,2,1,0.180000,3,0,0,0.333333,1.297110,0.299065,2,1,0,0.000000,5,0.030207,0.040857,106,1.470420
s2_m1_c18_h03_t01,3048838,nearest_demo_replay,2,1,0.180000,3,0,0,0.000000,2.634889,0.000000,2,0,0,0.000000,0,0.019319,0.027253,106,5.179697
s2_m1_c18_h03_t01,3048838,phase_retrieval,2,1,0.180000,3,0,0,0.000000,0.808607,0.000000,2,0,0,0.000000,2,0.043452,0.060924,106,0.786952
s2_m1_c18_h03_t01,3048838,full_demo_attention,2,1,0.180000,3,0,0,0.000000,0.786752,0.000000,2,0,0,0.000000,3,0.029836,0.034194,106,0.779392
s2_m1_c18_h03_t01,3048838,latent_intent,2,1,0.180000,3,1,1,1.000000,1.009237,0.420635,0,2,2,1.000000,2,0.038863,0.045649,41,0.000000
s2_m1_c18_h03_t02,3056757,language_prior,2,1,0.180000,3,0,0,0.000000,1.455336,0.000000,2,0,0,0.000000,5,0.026719,0.034692,106,1.536360
s2_m1_c18_h03_t02,3056757,nearest_demo_replay,2,1,0.180000,3,0,0,0.333333,3.173588,0.227414,2,1,0,0.000000,1,0.031270,0.044045,106,4.745812
s2_m1_c18_h03_t02,3056757,phase_retrieval,2,1,0.180000,3,0,0,0.000000,0.895932,0.000000,2,0,0,0.000000,3,0.040675,0.059011,106,0.776193
s2_m1_c18_h03_t02,3056757,full_demo_attention,2,1,0.180000,3,0,0,0.000000,0.919010,0.000000,2,0,0,0.000000,1,0.137412,0.271271,106,0.796106
s2_m1_c18_h03_t02,3056757,latent_intent,2,1,0.180000,3,1,1,1.000000,1.250049,0.349727,0,2,2,1.000000,2,0.032057,0.038925,60,0.000000
s2_m1_c18_h03_t03,3064676,language_prior,2,1,0.180000,3,0,0,0.333333,1.079398,0.311526,2,1,0,0.000000,5,0.029921,0.040305,106,0.984313
s2_m1_c18_h03_t03,3064676,nearest_demo_replay,2,1,0.180000,3,0,0,0.000000,2.402430,0.000000,2,0,0,0.000000,1,0.030440,0.041581,106,5.403893
s2_m1_c18_h03_t03,3064676,phase_retrieval,2,1,0.180000,3,0,0,0.000000,0.895025,0.000000,2,0,0,0.000000,2,0.030742,0.042459,106,0.925435
s2_m1_c18_h03_t03,3064676,full_demo_attention,2,1,0.180000,3,0,0,0.000000,0.871934,0.000000,2,0,0,0.000000,3,0.024111,0.025772,106,0.930105
s2_m1_c18_h03_t03,3064676,latent_intent,2,1,0.180000,3,1,1,1.000000,1.215775,0.435897,0,2,2,1.000000,2,0.032838,0.043404,51,0.000000
s2_m1_c18_h03_t04,3072595,language_prior,2,1,0.180000,3,0,0,0.333333,1.091069,0.283489,2,1,0,0.000000,5,0.029386,0.041958,106,1.223900
s2_m1_c18_h03_t04,3072595,nearest_demo_replay,2,1,0.180000,3,0,0,0.333333,2.259275,0.227414,2,1,0,0.000000,1,0.030550,0.041904,106,3.851265
s2_m1_c18_h03_t04,3072595,phase_retrieval,2,1,0.180000,3,0,0,0.333333,1.040615,0.295950,2,1,0,0.000000,4,0.032501,0.049822,106,1.123398
s2_m1_c18_h03_t04,3072595,full_demo_attention,2,1,0.180000,3,0,0,0.000000,0.700302,0.000000,2,0,0,0.000000,4,0.029621,0.034452,106,0.684547
s2_m1_c18_h03_t04,3072595,latent_intent,2,1,0.180000,3,1,1,1.000000,0.780406,0.372093,0,2,2,1.000000,2,0.040196,0.045527,42,0.000000
s2_m1_c18_h03_t05,3080514,language_prior,2,1,0.180000,3,0,0,0.000000,0.844258,0.000000,2,0,0,0.000000,5,0.027021,0.036709,106,0.741648
s2_m1_c18_h03_t05,3080514,nearest_demo_replay,2,1,0.180000,3,0,0,0.000000,1.663796,0.000000,2,0,0,0.000000,0,0.031377,0.043358,106,0.375183
s2_m1_c18_h03_t05,3080514,phase_retrieval,2,1,0.180000,3,0,0,0.000000,0.846041,0.000000,2,0,0,0.000000,2,0.034660,0.048344,106,0.813254
s2_m1_c18_h03_t05,3080514,full_demo_attention,2,1,0.180000,3,0,0,0.000000,0.856115,0.000000,2,0,0,0.000000,3,0.020275,0.022755,106,0.807532
s2_m1_c18_h03_t05,3080514,latent_intent,2,1,0.180000,3,1,1,1.000000,1.059578,0.352564,0,2,2,1.000000,2,0.035133,0.042418,51,0.000000
s2_m1_c18_h06_t00,3088433,language_prior,2,1,0.180000,6,0,0,0.166667,1.123730,0.124767,2,0,0,0.000000,7,0.028657,0.039133,178,1.105149
s2_m1_c18_h06_t00,3088433,nearest_demo_replay,2,1,0.180000,6,0,0,0.000000,6.714675,0.000000,2,0,0,0.000000,0,0.018512,0.026272,178,13.882318
s2_m1_c18_h06_t00,3088433,phase_retrieval,2,1,0.180000,6,0,0,0.000000,1.503161,0.000000,2,0,0,0.000000,4,0.033839,0.046179,178,1.714690
s2_m1_c18_h06_t00,3088433,full_demo_attention,2,1,0.180000,6,0,0,0.000000,1.203717,0.000000,2,0,0,0.000000,0,0.141612,0.280333,178,1.285222
s2_m1_c18_h06_t00,3088433,latent_intent,2,1,0.180000,6,1,1,1.000000,0.858283,0.438492,0,2,2,1.000000,6,0.038134,0.041787,83,0.000000
s2_m1_c18_h06_t01,3096352,language_prior,2,1,0.180000,6,0,0,0.333333,0.980268,0.287709,2,1,0,0.000000,7,0.029110,0.038189,178,1.070765
s2_m1_c18_h06_t01,3096352,nearest_demo_replay,2,1,0.180000,6,0,0,0.000000,6.718952,0.000000,2,0,0,0.000000,0,0.017412,0.023375,178,13.849397
s2_m1_c18_h06_t01,3096352,phase_retrieval,2,1,0.180000,6,0,0,0.333333,0.804749,0.283985,2,1,0,0.000000,3,0.033690,0.051709,178,0.697481
s2_m1_c18_h06_t01,3096352,full_demo_attention,2,1,0.180000,6,0,0,0.000000,0.437627,0.000000,2,0,0,0.000000,2,0.028962,0.037522,178,0.408238
s2_m1_c18_h06_t01,3096352,latent_intent,2,1,0.180000,6,1,1,1.000000,0.722394,0.442857,0,2,2,1.000000,5,0.042588,0.048139,69,0.000000
s2_m1_c18_h06_t02,3104271,language_prior,2,1,0.180000,6,0,0,0.500000,0.615697,0.427374,2,1,1,1.000000,7,0.030055,0.038255,178,0.615828
s2_m1_c18_h06_t02,3104271,nearest_demo_replay,2,1,0.180000,6,0,0,0.166667,6.486731,0.136872,2,0,0,0.000000,1,0.029323,0.043554,178,13.513889
s2_m1_c18_h06_t02,3104271,phase_retrieval,2,1,0.180000,6,0,0,0.000000,1.139371,0.000000,2,0,0,0.000000,5,0.028594,0.038912,178,1.273402
s2_m1_c18_h06_t02,3104271,full_demo_attention,2,1,0.180000,6,0,0,0.000000,1.138774,0.000000,2,0,0,0.000000,6,0.025254,0.029622,178,1.274125
s2_m1_c18_h06_t02,3104271,latent_intent,2,1,0.180000,6,1,1,1.000000,0.680062,0.453125,0,2,2,1.000000,3,0.044405,0.050212,63,0.000000
s2_m1_c18_h06_t03,3112190,language_prior,2,1,0.180000,6,0,0,0.166667,1.682040,0.109870,2,0,0,0.000000,7,0.025920,0.034640,178,1.808435
s2_m1_c18_h06_t03,3112190,nearest_demo_replay,2,1,0.180000,6,0,0,0.000000,6.598405,0.000000,2,0,0,0.000000,1,0.024527,0.035348,178,13.590590
s2_m1_c18_h06_t03,3112190,phase_retrieval,2,1,0.180000,6,0,0,0.000000,1.053504,0.000000,2,0,0,0.000000,2,0.032955,0.046089,178,0.997443
s2_m1_c18_h06_t03,3112190,full_demo_attention,2,1,0.180000,6,0,0,0.000000,0.996051,0.000000,2,0,0,0.000000,2,0.016412,0.018018,178,1.004890
s2_m1_c18_h06_t03,3112190,latent_intent,2,1,0.180000,6,1,1,1.000000,1.019683,0.438596,0,2,2,1.000000,6,0.035687,0.040985,94,0.000000
s2_m1_c18_h06_t04,3120109,language_prior,2,1,0.180000,6,0,0,0.500000,1.414673,0.433892,2,1,1,1.000000,7,0.026599,0.037454,178,1.643023
s2_m1_c18_h06_t04,3120109,nearest_demo_replay,2,1,0.180000,6,0,0,0.000000,6.692305,0.000000,2,0,0,0.000000,0,0.010224,0.016516,178,13.813007
s2_m1_c18_h06_t04,3120109,phase_retrieval,2,1,0.180000,6,0,0,0.166667,0.661007,0.162942,2,0,0,0.000000,3,0.032766,0.046951,178,0.644394
s2_m1_c18_h06_t04,3120109,full_demo_attention,2,1,0.180000,6,0,0,0.166667,0.669855,0.162011,2,0,0,0.000000,3,0.024179,0.028862,178,0.640172
s2_m1_c18_h06_t04,3120109,latent_intent,2,1,0.180000,6,1,1,1.000000,0.825388,0.455399,0,2,2,1.000000,4,0.038394,0.045348,70,0.000000
s2_m1_c18_h06_t05,3128028,language_prior,2,1,0.180000,6,0,0,0.166667,1.134692,0.126629,2,0,0,0.000000,8,0.028253,0.038750,178,1.231572
s2_m1_c18_h06_t05,3128028,nearest_demo_replay,2,1,0.180000,6,0,0,0.000000,6.777921,0.000000,2,0,0,0.000000,2,0.005318,0.008693,178,13.902825
s2_m1_c18_h06_t05,3128028,phase_retrieval,2,1,0.180000,6,0,0,0.166667,1.254090,0.157356,2,0,0,0.000000,3,0.034098,0.049292,178,1.459217
s2_m1_c18_h06_t05,3128028,full_demo_attention,2,1,0.180000,6,0,0,0.166667,1.288718,0.157356,2,0,0,0.000000,4,0.025755,0.034848,178,1.457481
s2_m1_c18_h06_t05,3128028,latent_intent,2,1,0.180000,6,1,1,1.000000,0.804911,0.444444,0,2,2,1.000000,5,0.040340,0.045756,74,0.000000
s2_m1_c18_h09_t00,3135947,language_prior,2,1,0.180000,9,0,0,0.222222,0.962669,0.191235,2,0,0,0.000000,9,0.026358,0.035826,250,0.977154
s2_m1_c18_h09_t00,3135947,nearest_demo_replay,2,1,0.180000,9,0,0,0.000000,11.199783,0.000000,2,0,0,0.000000,2,0.014209,0.017363,250,22.019166
s2_m1_c18_h09_t00,3135947,phase_retrieval,2,1,0.180000,9,0,0,0.000000,0.471195,0.000000,2,0,0,0.000000,2,0.037137,0.058485,250,0.399787
s2_m1_c18_h09_t00,3135947,full_demo_attention,2,1,0.180000,9,0,0,0.000000,0.484869,0.000000,2,0,0,0.000000,3,0.023332,0.028159,250,0.392256
s2_m1_c18_h09_t00,3135947,latent_intent,2,1,0.180000,9,1,1,1.000000,0.720276,0.402930,0,2,2,1.000000,5,0.042635,0.048108,90,0.000000
s2_m1_c18_h09_t01,3143866,language_prior,2,1,0.180000,9,0,0,0.333333,1.006458,0.271359,2,1,0,0.000000,8,0.027886,0.038871,250,0.839144
s2_m1_c18_h09_t01,3143866,nearest_demo_replay,2,1,0.180000,9,0,0,0.111111,10.912688,0.096503,2,0,0,0.000000,0,0.016013,0.023251,250,21.504067
s2_m1_c18_h09_t01,3143866,phase_retrieval,2,1,0.180000,9,0,0,0.000000,0.863687,0.000000,2,0,0,0.000000,2,0.025501,0.035622,250,0.815857
s2_m1_c18_h09_t01,3143866,full_demo_attention,2,1,0.180000,9,0,0,0.000000,1.049444,0.000000,2,0,0,0.000000,3,0.020591,0.025250,250,1.067228
s2_m1_c18_h09_t01,3143866,latent_intent,2,1,0.180000,9,1,1,1.000000,1.093663,0.414286,0,2,2,1.000000,8,0.034733,0.038827,139,0.000000
s2_m1_c18_h09_t02,3151785,language_prior,2,1,0.180000,9,0,0,0.444444,0.886470,0.386897,2,1,0,0.000000,7,0.026117,0.036499,250,0.823801
s2_m1_c18_h09_t02,3151785,nearest_demo_replay,2,1,0.180000,9,0,0,0.000000,11.273770,0.000000,2,0,0,0.000000,0,0.001428,0.000891,250,22.121197
s2_m1_c18_h09_t02,3151785,phase_retrieval,2,1,0.180000,9,0,0,0.111111,1.014609,0.109340,2,0,0,0.000000,4,0.025464,0.036885,250,0.831344
s2_m1_c18_h09_t02,3151785,full_demo_attention,2,1,0.180000,9,0,0,0.111111,1.655561,0.109340,2,0,0,0.000000,4,0.021077,0.024478,250,1.822678
s2_m1_c18_h09_t02,3151785,latent_intent,2,1,0.180000,9,1,1,1.000000,0.972089,0.481481,0,2,2,1.000000,7,0.035593,0.039460,125,0.000000
s2_m1_c18_h09_t03,3159704,language_prior,2,1,0.180000,9,0,0,0.222222,0.862054,0.203187,2,0,0,0.000000,8,0.024847,0.034405,250,0.768020
s2_m1_c18_h09_t03,3159704,nearest_demo_replay,2,1,0.180000,9,0,0,0.000000,11.294051,0.000000,2,0,0,0.000000,0,0.004302,0.007072,250,22.152586
s2_m1_c18_h09_t03,3159704,phase_retrieval,2,1,0.180000,9,0,0,0.222222,0.947548,0.203187,2,0,0,0.000000,3,0.015485,0.022465,250,0.925543
s2_m1_c18_h09_t03,3159704,full_demo_attention,2,1,0.180000,9,0,0,0.111111,1.277359,0.108455,2,0,0,0.000000,2,0.024820,0.031796,250,1.394951
s2_m1_c18_h09_t03,3159704,latent_intent,2,1,0.180000,9,1,1,1.000000,0.817236,0.501048,0,2,2,1.000000,7,0.040816,0.044755,105,0.000000
s2_m1_c18_h09_t04,3167623,language_prior,2,1,0.180000,9,0,0,0.333333,0.837314,0.273130,2,1,0,0.000000,9,0.027857,0.038850,250,0.667848
s2_m1_c18_h09_t04,3167623,nearest_demo_replay,2,1,0.180000,9,0,0,0.000000,11.303825,0.000000,2,0,0,0.000000,0,0.014393,0.020770,250,22.084000
s2_m1_c18_h09_t04,3167623,phase_retrieval,2,1,0.180000,9,0,0,0.000000,1.087794,0.000000,2,0,0,0.000000,4,0.040248,0.056704,250,1.092825
s2_m1_c18_h09_t04,3167623,full_demo_attention,2,1,0.180000,9,0,0,0.000000,1.097652,0.000000,2,0,0,0.000000,4,0.022779,0.026862,250,1.083594
s2_m1_c18_h09_t04,3167623,latent_intent,2,1,0.180000,9,1,1,1.000000,1.059619,0.446809,0,2,2,1.000000,8,0.036206,0.040839,140,0.000000
s2_m1_c18_h09_t05,3175542,language_prior,2,1,0.180000,9,0,0,0.444444,0.802934,0.402390,2,1,1,1.000000,9,0.027292,0.038821,250,0.811748
s2_m1_c18_h09_t05,3175542,nearest_demo_replay,2,1,0.180000,9,0,0,0.000000,11.271932,0.000000,2,0,0,0.000000,0,0.005560,0.008500,250,22.117226
s2_m1_c18_h09_t05,3175542,phase_retrieval,2,1,0.180000,9,0,0,0.111111,1.160745,0.110226,2,0,0,0.000000,3,0.037509,0.056267,250,1.244569
s2_m1_c18_h09_t05,3175542,full_demo_attention,2,1,0.180000,9,0,0,0.111111,1.039930,0.110226,2,0,0,0.000000,4,0.029633,0.046696,250,1.087292
s2_m1_c18_h09_t05,3175542,latent_intent,2,1,0.180000,9,1,1,1.000000,0.767021,0.491111,0,2,2,1.000000,9,0.040117,0.043339,99,0.000000
s2_m1_c18_h12_t00,3183461,language_prior,2,1,0.180000,12,0,0,0.500000,1.073007,0.416925,2,1,1,1.000000,10,0.026409,0.036974,322,1.109062
s2_m1_c18_h12_t00,3183461,nearest_demo_replay,2,1,0.180000,12,0,0,0.000000,15.947525,0.000000,2,0,0,0.000000,0,0.002205,0.003669,322,30.376694
s2_m1_c18_h12_t00,3183461,phase_retrieval,2,1,0.180000,12,0,0,0.000000,1.464460,0.000000,2,0,0,0.000000,3,0.023494,0.031712,322,1.552765
s2_m1_c18_h12_t00,3183461,full_demo_attention,2,1,0.180000,12,0,0,0.000000,1.080818,0.000000,2,0,0,0.000000,1,0.021878,0.027805,322,1.089775
s2_m1_c18_h12_t00,3183461,latent_intent,2,1,0.180000,12,1,1,1.000000,0.965916,0.482430,0,2,2,1.000000,7,0.035849,0.040830,165,0.000000
s2_m1_c18_h12_t01,3191380,language_prior,2,1,0.180000,12,0,0,0.166667,1.150064,0.125903,2,0,0,0.000000,10,0.026980,0.037272,322,1.006404
s2_m1_c18_h12_t01,3191380,nearest_demo_replay,2,1,0.180000,12,0,0,0.000000,15.759697,0.000000,2,0,0,0.000000,1,0.011118,0.014386,322,30.135366
s2_m1_c18_h12_t01,3191380,phase_retrieval,2,1,0.180000,12,0,0,0.000000,1.228615,0.000000,2,0,0,0.000000,3,0.036377,0.053901,322,1.317887
s2_m1_c18_h12_t01,3191380,full_demo_attention,2,1,0.180000,12,0,0,0.000000,1.955501,0.000000,2,0,0,0.000000,3,0.022121,0.026251,322,2.131267
s2_m1_c18_h12_t01,3191380,latent_intent,2,1,0.180000,12,1,1,1.000000,0.970488,0.421657,0,2,2,1.000000,9,0.037759,0.042445,166,0.000000
s2_m1_c18_h12_t02,3199299,language_prior,2,1,0.180000,12,0,0,0.333333,1.030374,0.300826,2,1,0,0.000000,11,0.028551,0.038131,322,1.076665
s2_m1_c18_h12_t02,3199299,nearest_demo_replay,2,1,0.180000,12,0,0,0.000000,15.311750,0.000000,2,0,0,0.000000,1,0.011994,0.014504,322,29.559654
s2_m1_c18_h12_t02,3199299,phase_retrieval,2,1,0.180000,12,0,0,0.083333,0.567057,0.082043,2,0,0,0.000000,8,0.037040,0.057252,322,0.466957
s2_m1_c18_h12_t02,3199299,full_demo_attention,2,1,0.180000,12,0,0,0.000000,0.924795,0.000000,2,0,0,0.000000,3,0.022032,0.028581,322,0.964186
s2_m1_c18_h12_t02,3199299,latent_intent,2,1,0.180000,12,1,1,1.000000,0.736164,0.477099,0,2,2,1.000000,12,0.042507,0.045586,130,0.000000
s2_m1_c18_h12_t03,3207218,language_prior,2,1,0.180000,12,0,0,0.250000,1.176714,0.208978,2,0,0,0.000000,10,0.025736,0.036302,322,1.013898
s2_m1_c18_h12_t03,3207218,nearest_demo_replay,2,1,0.180000,12,0,0,0.000000,15.941128,0.000000,2,0,0,0.000000,1,0.013269,0.018779,322,30.443876
s2_m1_c18_h12_t03,3207218,phase_retrieval,2,1,0.180000,12,0,0,0.083333,1.637155,0.067595,2,0,0,0.000000,2,0.024630,0.035709,322,1.740085
s2_m1_c18_h12_t03,3207218,full_demo_attention,2,1,0.180000,12,0,0,0.000000,1.041438,0.000000,2,0,0,0.000000,2,0.018252,0.018608,322,1.081979
s2_m1_c18_h12_t03,3207218,latent_intent,2,1,0.180000,12,1,1,1.000000,1.152869,0.457711,0,2,2,1.000000,11,0.037277,0.040660,200,0.000000
s2_m1_c18_h12_t04,3215137,language_prior,2,1,0.180000,12,0,0,0.166667,1.457074,0.137255,2,0,0,0.000000,11,0.028306,0.040333,322,1.561290
s2_m1_c18_h12_t04,3215137,nearest_demo_replay,2,1,0.180000,12,0,0,0.000000,15.940155,0.000000,2,0,0,0.000000,0,0.013079,0.018292,322,30.365446
s2_m1_c18_h12_t04,3215137,phase_retrieval,2,1,0.180000,12,0,0,0.000000,1.446815,0.000000,2,0,0,0.000000,3,0.029515,0.042933,322,1.575765
s2_m1_c18_h12_t04,3215137,full_demo_attention,2,1,0.180000,12,0,0,0.000000,1.325948,0.000000,2,0,0,0.000000,3,0.024897,0.030010,322,1.438055
s2_m1_c18_h12_t04,3215137,latent_intent,2,1,0.180000,12,1,1,1.000000,0.957351,0.471136,0,2,2,1.000000,12,0.037496,0.038671,178,0.000000
s2_m1_c18_h12_t05,3223056,language_prior,2,1,0.180000,12,0,0,0.416667,1.062875,0.362745,2,1,1,1.000000,13,0.028552,0.037752,322,1.177457
s2_m1_c18_h12_t05,3223056,nearest_demo_replay,2,1,0.180000,12,0,0,0.000000,15.944621,0.000000,2,0,0,0.000000,0,0.009310,0.012895,322,30.421686
s2_m1_c18_h12_t05,3223056,phase_retrieval,2,1,0.180000,12,0,0,0.166667,0.464220,0.148091,2,0,0,0.000000,4,0.030256,0.045984,322,0.458985
s2_m1_c18_h12_t05,3223056,full_demo_attention,2,1,0.180000,12,0,0,0.000000,0.757220,0.000000,2,0,0,0.000000,3,0.025050,0.033755,322,0.766446
s2_m1_c18_h12_t05,3223056,latent_intent,2,1,0.180000,12,1,1,1.000000,0.666588,0.491736,0,2,2,1.000000,13,0.044885,0.046855,120,0.000000
s2_m1_c35_h03_t00,3230975,language_prior,2,1,0.350000,3,0,0,0.000000,1.167302,0.000000,2,0,0,0.000000,5,0.025665,0.035101,106,1.180694
s2_m1_c35_h03_t00,3230975,nearest_demo_replay,2,1,0.350000,3,0,0,0.000000,2.916585,0.000000,2,0,0,0.000000,1,0.019445,0.026218,106,5.075701
s2_m1_c35_h03_t00,3230975,phase_retrieval,2,1,0.350000,3,0,0,0.000000,1.267936,0.000000,2,0,0,0.000000,3,0.039336,0.054668,106,1.552596
s2_m1_c35_h03_t00,3230975,full_demo_attention,2,1,0.350000,3,0,0,0.000000,1.252092,0.000000,2,0,0,0.000000,3,0.031092,0.034510,106,1.556708
s2_m1_c35_h03_t00,3230975,latent_intent,2,1,0.350000,3,1,1,1.000000,1.006045,0.340136,0,2,2,1.000000,2,0.036554,0.044148,48,0.000000
s2_m1_c35_h03_t01,3238894,language_prior,2,1,0.350000,3,0,0,0.000000,1.475125,0.000000,2,0,0,0.000000,5,0.027673,0.037327,106,1.695153
s2_m1_c35_h03_t01,3238894,nearest_demo_replay,2,1,0.350000,3,0,0,0.000000,2.783636,0.000000,2,0,0,0.000000,1,0.025960,0.034210,106,5.272171
s2_m1_c35_h03_t01,3238894,phase_retrieval,2,1,0.350000,3,0,0,0.000000,1.385336,0.000000,2,0,0,0.000000,4,0.034662,0.048586,106,1.735561
s2_m1_c35_h03_t01,3238894,full_demo_attention,2,1,0.350000,3,0,0,0.000000,1.471561,0.000000,2,0,0,0.000000,4,0.022363,0.024500,106,1.735861
s2_m1_c35_h03_t01,3238894,latent_intent,2,1,0.350000,3,1,1,1.000000,1.069815,0.387755,0,2,2,1.000000,3,0.037940,0.047398,48,0.000000
s2_m1_c35_h03_t02,3246813,language_prior,2,1,0.350000,3,0,0,0.666667,1.367375,0.566978,2,2,1,0.500000,5,0.032920,0.044842,106,1.620101
s2_m1_c35_h03_t02,3246813,nearest_demo_replay,2,1,0.350000,3,0,0,0.000000,2.618229,0.000000,2,0,0,0.000000,1,0.018302,0.026134,106,5.315105
s2_m1_c35_h03_t02,3246813,phase_retrieval,2,1,0.350000,3,0,0,0.333333,1.472159,0.317757,2,1,0,0.000000,3,0.029883,0.043789,106,1.604837
s2_m1_c35_h03_t02,3246813,full_demo_attention,2,1,0.350000,3,0,0,0.333333,1.294139,0.317757,2,1,0,0.000000,2,0.020423,0.022846,106,1.601303
s2_m1_c35_h03_t02,3246813,latent_intent,2,1,0.350000,3,1,1,1.000000,1.117840,0.451852,0,2,2,1.000000,2,0.034843,0.041265,44,0.000000
s2_m1_c35_h03_t03,3254732,language_prior,2,1,0.350000,3,0,0,0.000000,1.525890,0.000000,2,0,0,0.000000,5,0.027345,0.035435,106,1.741601
s2_m1_c35_h03_t03,3254732,nearest_demo_replay,2,1,0.350000,3,0,0,0.000000,2.451828,0.000000,2,0,0,0.000000,1,0.032061,0.047215,106,5.161021
s2_m1_c35_h03_t03,3254732,phase_retrieval,2,1,0.350000,3,0,0,0.000000,1.507328,0.000000,2,0,0,0.000000,4,0.027186,0.033686,106,1.728904
s2_m1_c35_h03_t03,3254732,full_demo_attention,2,1,0.350000,3,0,0,0.000000,1.474782,0.000000,2,0,0,0.000000,3,0.028638,0.033390,106,1.726201
s2_m1_c35_h03_t03,3254732,latent_intent,2,1,0.350000,3,1,1,1.000000,0.983800,0.381944,0,2,2,1.000000,3,0.036360,0.037798,47,0.000000
s2_m1_c35_h03_t04,3262651,language_prior,2,1,0.350000,3,0,0,0.333333,1.119784,0.286604,2,1,0,0.000000,5,0.030698,0.040902,106,1.250140
s2_m1_c35_h03_t04,3262651,nearest_demo_replay,2,1,0.350000,3,0,0,0.000000,2.667163,0.000000,2,0,0,0.000000,1,0.020950,0.024608,106,5.091406
s2_m1_c35_h03_t04,3262651,phase_retrieval,2,1,0.350000,3,0,0,0.000000,0.793129,0.000000,2,0,0,0.000000,3,0.036198,0.050100,106,0.576919
s2_m1_c35_h03_t04,3262651,full_demo_attention,2,1,0.350000,3,0,0,0.000000,0.610354,0.000000,2,0,0,0.000000,2,0.079660,0.146009,106,0.579939
s2_m1_c35_h03_t04,3262651,latent_intent,2,1,0.350000,3,1,1,1.000000,0.864944,0.387597,0,2,2,1.000000,2,0.034852,0.043026,42,0.000000
s2_m1_c35_h03_t05,3270570,language_prior,2,1,0.350000,3,0,0,0.333333,0.739819,0.271028,2,1,0,0.000000,5,0.030361,0.038624,106,0.727927
s2_m1_c35_h03_t05,3270570,nearest_demo_replay,2,1,0.350000,3,0,0,0.000000,2.914492,0.000000,2,0,0,0.000000,0,0.019778,0.031911,106,5.468987
s2_m1_c35_h03_t05,3270570,phase_retrieval,2,1,0.350000,3,0,0,0.000000,0.723016,0.000000,2,0,0,0.000000,3,0.035942,0.049981,106,0.770038
s2_m1_c35_h03_t05,3270570,full_demo_attention,2,1,0.350000,3,0,0,0.000000,0.718249,0.000000,2,0,0,0.000000,3,0.026884,0.029447,106,0.765630
s2_m1_c35_h03_t05,3270570,latent_intent,2,1,0.350000,3,1,1,1.000000,0.751389,0.367521,0,2,2,1.000000,2,0.036508,0.045411,38,0.000000
s2_m1_c35_h06_t00,3278489,language_prior,2,1,0.350000,6,0,0,0.166667,0.841204,0.138734,2,0,0,0.000000,8,0.025739,0.035284,178,0.866342
s2_m1_c35_h06_t00,3278489,nearest_demo_replay,2,1,0.350000,6,0,0,0.000000,6.689619,0.000000,2,0,0,0.000000,0,0.005820,0.007558,178,13.825250
s2_m1_c35_h06_t00,3278489,phase_retrieval,2,1,0.350000,6,0,0,0.000000,0.771953,0.000000,2,0,0,0.000000,3,0.034759,0.050781,178,0.810175
s2_m1_c35_h06_t00,3278489,full_demo_attention,2,1,0.350000,6,0,0,0.333333,0.464279,0.305400,2,1,0,0.000000,5,0.031189,0.041312,178,0.442129
s2_m1_c35_h06_t00,3278489,latent_intent,2,1,0.350000,6,1,1,1.000000,0.664432,0.440104,0,2,2,1.000000,4,0.040527,0.047284,63,0.000000
s2_m1_c35_h06_t01,3286408,language_prior,2,1,0.350000,6,0,0,0.166667,0.896150,0.141527,2,0,0,0.000000,7,0.026957,0.036988,178,0.801847
s2_m1_c35_h06_t01,3286408,nearest_demo_replay,2,1,0.350000,6,0,0,0.000000,6.679005,0.000000,2,0,0,0.000000,0,0.016755,0.023837,178,13.732795
s2_m1_c35_h06_t01,3286408,phase_retrieval,2,1,0.350000,6,0,0,0.000000,1.262649,0.000000,2,0,0,0.000000,2,0.048066,0.070773,178,1.416871
s2_m1_c35_h06_t01,3286408,full_demo_attention,2,1,0.350000,6,0,0,0.000000,1.304963,0.000000,2,0,0,0.000000,3,0.027883,0.035362,178,1.423399
s2_m1_c35_h06_t01,3286408,latent_intent,2,1,0.350000,6,1,1,1.000000,0.958391,0.402299,0,2,2,1.000000,5,0.039068,0.045834,86,0.000000
s2_m1_c35_h06_t02,3294327,language_prior,2,1,0.350000,6,0,0,0.166667,0.932821,0.139665,2,0,0,0.000000,7,0.026745,0.037053,178,0.915413
s2_m1_c35_h06_t02,3294327,nearest_demo_replay,2,1,0.350000,6,0,0,0.000000,6.727821,0.000000,2,0,0,0.000000,0,0.015515,0.019255,178,13.856210
s2_m1_c35_h06_t02,3294327,phase_retrieval,2,1,0.350000,6,0,0,0.166667,0.598717,0.150838,2,0,0,0.000000,4,0.043787,0.065857,178,0.500180
s2_m1_c35_h06_t02,3294327,full_demo_attention,2,1,0.350000,6,0,0,0.000000,1.199105,0.000000,2,0,0,0.000000,4,0.033271,0.046124,178,1.239131
s2_m1_c35_h06_t02,3294327,latent_intent,2,1,0.350000,6,1,1,1.000000,0.841735,0.397436,0,2,2,1.000000,7,0.038040,0.047576,77,0.000000
s2_m1_c35_h06_t03,3302246,language_prior,2,1,0.350000,6,0,0,0.166667,1.355762,0.130354,2,0,0,0.000000,7,0.030877,0.042233,178,1.452620
s2_m1_c35_h06_t03,3302246,nearest_demo_replay,2,1,0.350000,6,0,0,0.000000,6.705430,0.000000,2,0,0,0.000000,0,0.015044,0.016206,178,13.820498
s2_m1_c35_h06_t03,3302246,phase_retrieval,2,1,0.350000,6,0,0,0.000000,0.630962,0.000000,2,0,0,0.000000,3,0.031788,0.045501,178,0.552918
s2_m1_c35_h06_t03,3302246,full_demo_attention,2,1,0.350000,6,0,0,0.000000,1.398125,0.000000,2,0,0,0.000000,3,0.022665,0.027438,178,1.602385
s2_m1_c35_h06_t03,3302246,latent_intent,2,1,0.350000,6,1,1,1.000000,0.876114,0.405350,0,2,2,1.000000,5,0.037916,0.042989,80,0.000000
s2_m1_c35_h06_t04,3310165,language_prior,2,1,0.350000,6,0,0,0.166667,1.791072,0.122905,2,0,0,0.000000,6,0.030451,0.040169,178,1.982887
s2_m1_c35_h06_t04,3310165,nearest_demo_replay,2,1,0.350000,6,0,0,0.000000,6.734073,0.000000,2,0,0,0.000000,0,0.017541,0.024570,178,13.821036
s2_m1_c35_h06_t04,3310165,phase_retrieval,2,1,0.350000,6,0,0,0.000000,1.532842,0.000000,2,0,0,0.000000,3,0.041355,0.058733,178,1.816590
s2_m1_c35_h06_t04,3310165,full_demo_attention,2,1,0.350000,6,0,0,0.000000,1.690529,0.000000,2,0,0,0.000000,3,0.019686,0.022962,178,1.821173
s2_m1_c35_h06_t04,3310165,latent_intent,2,1,0.350000,6,1,1,1.000000,1.165216,0.388889,0,2,2,1.000000,5,0.032286,0.038183,101,0.000000
s2_m1_c35_h06_t05,3318084,language_prior,2,1,0.350000,6,0,0,0.333333,1.099108,0.299814,2,1,0,0.000000,7,0.030556,0.039892,178,1.175537
s2_m1_c35_h06_t05,3318084,nearest_demo_replay,2,1,0.350000,6,0,0,0.000000,6.670227,0.000000,2,0,0,0.000000,0,0.003838,0.001511,178,13.803091
s2_m1_c35_h06_t05,3318084,phase_retrieval,2,1,0.350000,6,0,0,0.166667,0.952019,0.161080,2,0,0,0.000000,3,0.027931,0.044696,178,0.876231
s2_m1_c35_h06_t05,3318084,full_demo_attention,2,1,0.350000,6,0,0,0.000000,1.165452,0.000000,2,0,0,0.000000,2,0.028791,0.033508,178,1.317243
s2_m1_c35_h06_t05,3318084,latent_intent,2,1,0.350000,6,1,1,1.000000,0.875810,0.469907,0,2,2,1.000000,4,0.040782,0.049490,71,0.000000
s2_m1_c35_h09_t00,3326003,language_prior,2,1,0.350000,9,0,0,0.222222,0.740835,0.203187,2,0,0,0.000000,8,0.026205,0.035851,250,0.659348
s2_m1_c35_h09_t00,3326003,nearest_demo_replay,2,1,0.350000,9,0,0,0.000000,11.133667,0.000000,2,0,0,0.000000,1,0.020402,0.031416,250,21.969559
s2_m1_c35_h09_t00,3326003,phase_retrieval,2,1,0.350000,9,0,0,0.111111,0.581930,0.083665,2,0,0,0.000000,3,0.041249,0.059919,250,0.527869
s2_m1_c35_h09_t00,3326003,full_demo_attention,2,1,0.350000,9,0,0,0.222222,1.113230,0.202302,2,0,0,0.000000,2,0.031887,0.048804,250,1.186643
s2_m1_c35_h09_t00,3326003,latent_intent,2,1,0.350000,9,1,1,1.000000,0.721118,0.487528,0,2,2,1.000000,6,0.041102,0.044013,97,0.000000
s2_m1_c35_h09_t01,3333922,language_prior,2,1,0.350000,9,0,0,0.333333,0.817460,0.290394,2,1,0,0.000000,9,0.028000,0.037839,250,0.720959
s2_m1_c35_h09_t01,3333922,nearest_demo_replay,2,1,0.350000,9,0,0,0.000000,11.081786,0.000000,2,0,0,0.000000,0,0.018853,0.026372,250,21.876009
s2_m1_c35_h09_t01,3333922,phase_retrieval,2,1,0.350000,9,0,0,0.111111,0.639666,0.108455,2,0,0,0.000000,3,0.041985,0.062750,250,0.343952
s2_m1_c35_h09_t01,3333922,full_demo_attention,2,1,0.350000,9,0,0,0.000000,1.081001,0.000000,2,0,0,0.000000,3,0.029694,0.039239,250,1.143358
s2_m1_c35_h09_t01,3333922,latent_intent,2,1,0.350000,9,1,1,1.000000,0.935346,0.456039,0,2,2,1.000000,7,0.039409,0.044028,114,0.000000
s2_m1_c35_h09_t02,3341841,language_prior,2,1,0.350000,9,0,0,0.222222,0.718559,0.203187,2,0,0,0.000000,8,0.025530,0.035725,250,0.633516
s2_m1_c35_h09_t02,3341841,nearest_demo_replay,2,1,0.350000,9,0,0,0.000000,11.226433,0.000000,2,0,0,0.000000,0,0.008763,0.012053,250,22.062290
s2_m1_c35_h09_t02,3341841,phase_retrieval,2,1,0.350000,9,0,0,0.222222,1.137343,0.190350,2,0,0,0.000000,3,0.037944,0.055820,250,1.216783
s2_m1_c35_h09_t02,3341841,full_demo_attention,2,1,0.350000,9,0,0,0.111111,1.208626,0.108455,2,0,0,0.000000,4,0.023096,0.028865,250,1.315040
s2_m1_c35_h09_t02,3341841,latent_intent,2,1,0.350000,9,1,1,1.000000,0.682033,0.479469,0,2,2,1.000000,7,0.041463,0.045513,91,0.000000
s2_m1_c35_h09_t03,3349760,language_prior,2,1,0.350000,9,0,0,0.444444,1.071747,0.378486,2,1,0,0.000000,9,0.025217,0.035866,250,1.005650
s2_m1_c35_h09_t03,3349760,nearest_demo_replay,2,1,0.350000,9,0,0,0.000000,11.235453,0.000000,2,0,0,0.000000,0,0.006506,0.008099,250,22.082240
s2_m1_c35_h09_t03,3349760,phase_retrieval,2,1,0.350000,9,0,0,0.444444,1.225687,0.359894,2,1,1,1.000000,4,0.021935,0.034099,250,0.979246
s2_m1_c35_h09_t03,3349760,full_demo_attention,2,1,0.350000,9,0,0,0.000000,1.479793,0.000000,2,0,0,0.000000,2,0.018900,0.020643,250,1.607149
s2_m1_c35_h09_t03,3349760,latent_intent,2,1,0.350000,9,1,1,1.000000,0.981800,0.465920,0,2,2,1.000000,7,0.037510,0.043903,118,0.000000
s2_m1_c35_h09_t04,3357679,language_prior,2,1,0.350000,9,0,0,0.222222,1.489438,0.167773,2,0,0,0.000000,9,0.026932,0.035766,250,1.520124
s2_m1_c35_h09_t04,3357679,nearest_demo_replay,2,1,0.350000,9,0,0,0.000000,10.346651,0.000000,2,0,0,0.000000,0,0.014863,0.020658,250,20.741533
s2_m1_c35_h09_t04,3357679,phase_retrieval,2,1,0.350000,9,0,0,0.000000,1.574233,0.000000,2,0,0,0.000000,5,0.033578,0.046920,250,1.855737
s2_m1_c35_h09_t04,3357679,full_demo_attention,2,1,0.350000,9,0,0,0.000000,1.706416,0.000000,2,0,0,0.000000,5,0.026385,0.035282,250,1.854891
s2_m1_c35_h09_t04,3357679,latent_intent,2,1,0.350000,9,1,1,1.000000,1.066632,0.427108,0,2,2,1.000000,9,0.034106,0.038488,140,0.000000
s2_m1_c35_h09_t05,3365598,language_prior,2,1,0.350000,9,0,0,0.333333,0.794445,0.286410,2,1,0,0.000000,9,0.027467,0.038917,250,0.818019
s2_m1_c35_h09_t05,3365598,nearest_demo_replay,2,1,0.350000,9,0,0,0.111111,10.302818,0.095175,2,0,0,0.000000,0,0.026364,0.041887,250,20.709119
s2_m1_c35_h09_t05,3365598,phase_retrieval,2,1,0.350000,9,0,0,0.000000,0.738107,0.000000,2,0,0,0.000000,5,0.049331,0.072254,250,0.758842
s2_m1_c35_h09_t05,3365598,full_demo_attention,2,1,0.350000,9,0,0,0.000000,0.752267,0.000000,2,0,0,0.000000,4,0.027698,0.036062,250,0.763509
s2_m1_c35_h09_t05,3365598,latent_intent,2,1,0.350000,9,1,1,1.000000,0.665641,0.429952,0,2,2,1.000000,9,0.045860,0.049527,91,0.000000
s2_m1_c35_h12_t00,3373517,language_prior,2,1,0.350000,12,0,0,0.250000,1.275156,0.219298,2,0,0,0.000000,11,0.024363,0.034167,322,1.265872
s2_m1_c35_h12_t00,3373517,nearest_demo_replay,2,1,0.350000,12,0,0,0.000000,15.939635,0.000000,2,0,0,0.000000,0,0.008343,0.014682,322,30.389185
s2_m1_c35_h12_t00,3373517,phase_retrieval,2,1,0.350000,12,0,0,0.333333,1.440694,0.271414,2,1,0,0.000000,2,0.042228,0.060954,322,1.762712
s2_m1_c35_h12_t00,3373517,full_demo_attention,2,1,0.350000,12,0,0,0.000000,1.258635,0.000000,2,0,0,0.000000,2,0.056515,0.108238,322,1.404795
s2_m1_c35_h12_t00,3373517,latent_intent,2,1,0.350000,12,1,1,1.000000,0.872668,0.473795,0,2,2,1.000000,9,0.037772,0.042691,158,0.000000
s2_m1_c35_h12_t01,3381436,language_prior,2,1,0.350000,12,0,0,0.333333,1.197446,0.296956,2,1,0,0.000000,10,0.026265,0.038337,322,1.225731
s2_m1_c35_h12_t01,3381436,nearest_demo_replay,2,1,0.350000,12,0,0,0.000000,15.938511,0.000000,2,0,0,0.000000,2,0.009254,0.015385,322,30.389203
s2_m1_c35_h12_t01,3381436,phase_retrieval,2,1,0.350000,12,0,0,0.250000,1.510063,0.232456,2,0,0,0.000000,4,0.027397,0.039777,322,1.616334
s2_m1_c35_h12_t01,3381436,full_demo_attention,2,1,0.350000,12,0,0,0.083333,1.340203,0.081011,2,0,0,0.000000,2,0.021036,0.023385,322,1.447285
s2_m1_c35_h12_t01,3381436,latent_intent,2,1,0.350000,12,1,1,1.000000,0.903915,0.470395,0,2,2,1.000000,10,0.039764,0.042684,151,0.000000
s2_m1_c35_h12_t02,3389355,language_prior,2,1,0.350000,12,0,0,0.416667,1.022445,0.357585,2,1,1,1.000000,12,0.027781,0.038643,322,1.118080
s2_m1_c35_h12_t02,3389355,nearest_demo_replay,2,1,0.350000,12,0,0,0.000000,15.954446,0.000000,2,0,0,0.000000,0,0.014116,0.020967,322,30.383114
s2_m1_c35_h12_t02,3389355,phase_retrieval,2,1,0.350000,12,0,0,0.000000,1.046134,0.000000,2,0,0,0.000000,4,0.026302,0.037217,322,1.084385
s2_m1_c35_h12_t02,3389355,full_demo_attention,2,1,0.350000,12,0,0,0.000000,1.266221,0.000000,2,0,0,0.000000,7,0.022634,0.027570,322,1.330600
s2_m1_c35_h12_t02,3389355,latent_intent,2,1,0.350000,12,1,1,1.000000,0.739616,0.450117,0,2,2,1.000000,13,0.040166,0.044009,141,0.000000
s2_m1_c35_h12_t03,3397274,language_prior,2,1,0.350000,12,0,0,0.250000,0.759960,0.224716,2,0,0,0.000000,11,0.026172,0.038520,322,0.744176
s2_m1_c35_h12_t03,3397274,nearest_demo_replay,2,1,0.350000,12,0,0,0.000000,15.944994,0.000000,2,0,0,0.000000,0,0.005788,0.007098,322,30.380963
s2_m1_c35_h12_t03,3397274,phase_retrieval,2,1,0.350000,12,0,0,0.000000,1.089323,0.000000,2,0,0,0.000000,6,0.034196,0.051030,322,1.159482
s2_m1_c35_h12_t03,3397274,full_demo_attention,2,1,0.350000,12,0,0,0.000000,0.308018,0.000000,2,0,0,0.000000,2,0.091087,0.179430,322,0.166055
s2_m1_c35_h12_t03,3397274,latent_intent,2,1,0.350000,12,1,1,1.000000,0.708349,0.437500,0,2,2,1.000000,13,0.045543,0.049167,123,0.000000
s2_m1_c35_h12_t04,3405193,language_prior,2,1,0.350000,12,0,0,0.333333,1.479661,0.295666,2,1,0,0.000000,11,0.026511,0.036453,322,1.637916
s2_m1_c35_h12_t04,3405193,nearest_demo_replay,2,1,0.350000,12,0,0,0.000000,15.957229,0.000000,2,0,0,0.000000,0,0.015027,0.025021,322,30.414283
s2_m1_c35_h12_t04,3405193,phase_retrieval,2,1,0.350000,12,0,0,0.083333,0.751309,0.081527,2,0,0,0.000000,2,0.026176,0.035996,322,0.744350
s2_m1_c35_h12_t04,3405193,full_demo_attention,2,1,0.350000,12,0,0,0.083333,0.785195,0.082301,2,0,0,0.000000,2,0.022180,0.025384,322,0.774344
s2_m1_c35_h12_t04,3405193,latent_intent,2,1,0.350000,12,1,1,1.000000,0.972614,0.468876,0,2,2,1.000000,10,0.037114,0.039755,165,0.000000
s2_m1_c35_h12_t05,3413112,language_prior,2,1,0.350000,12,0,0,0.333333,1.329550,0.285862,2,1,0,0.000000,10,0.026496,0.036812,322,1.241127
s2_m1_c35_h12_t05,3413112,nearest_demo_replay,2,1,0.350000,12,0,0,0.000000,15.914664,0.000000,2,0,0,0.000000,0,0.013638,0.018548,322,30.368607
s2_m1_c35_h12_t05,3413112,phase_retrieval,2,1,0.350000,12,0,0,0.166667,1.654679,0.159701,2,0,0,0.000000,1,0.045688,0.068598,322,1.867061
s2_m1_c35_h12_t05,3413112,full_demo_attention,2,1,0.350000,12,0,0,0.083333,1.100420,0.081011,2,0,0,0.000000,2,0.023539,0.032584,322,1.156629
s2_m1_c35_h12_t05,3413112,latent_intent,2,1,0.350000,12,1,1,1.000000,1.195411,0.491749,0,2,2,1.000000,10,0.034408,0.037167,201,0.000000
