trial,method,label,route,success,completion_steps,completion_time_s,active_steps,idle_steps,idle_fraction,stale_instruction_errors,stale_error_fraction,wrong_instruction_errors,wrong_instruction_fraction,control_smoothness,safety_violations,planner_calls,instruction_switches,instruction_parse_failures,stage_completions,route_stages,path_length,planner_profile,planner_latency,planner_cadence,transport_delay,controller_capacity,controller_noise,sweep
0,direct_blocking,Direct planner actions,mint>cobalt>amber>depot,1,95,7.6000000000000005,88,7,0.07368421052631578,32,0.36363636363636365,18,0.20454545454545456,1.2557080357572232,1,7,7,0,4,4,6.225914427082436,balanced,0,16,4,medium,0.055,latency
0,sync_instruction,Synchronous instructions,mint>cobalt>amber>depot,0,260,20.8,259,1,0.0038461538461538464,0,0.0,244,0.9420849420849421,0.1325540473090682,0,2,2,0,1,4,1.4289427763920854,balanced,0,16,4,medium,0.055,latency
0,async_online,Asynchronous online,mint>cobalt>amber>depot,0,260,20.8,260,0,0.0,3,0.011538461538461539,245,0.9423076923076923,0.12839519612513034,0,3,2,0,1,4,1.4079390390815574,balanced,0,16,4,medium,0.055,latency
1,direct_blocking,Direct planner actions,mint>cobalt>amber>depot,1,170,13.6,158,12,0.07058823529411765,25,0.15822784810126583,53,0.33544303797468356,1.219105317285763,5,12,12,0,4,4,11.761702503073412,balanced,0,16,4,medium,0.055,latency
1,sync_instruction,Synchronous instructions,mint>cobalt>amber>depot,1,75,6.0,72,3,0.04,0,0.0,0,0.0,0.4739723914408591,2,4,4,0,4,4,5.631057659137692,balanced,0,16,4,medium,0.055,latency
1,async_online,Asynchronous online,mint>cobalt>amber>depot,1,75,6.0,75,0,0.0,3,0.04,3,0.04,0.4231217876891708,2,4,4,0,4,4,5.619739312895466,balanced,0,16,4,medium,0.055,latency
2,direct_blocking,Direct planner actions,amber>mint>cobalt>depot,0,260,20.8,242,18,0.06923076923076923,20,0.08264462809917356,90,0.371900826446281,1.19932926019528,70,18,18,0,2,4,12.747221153963977,balanced,0,16,4,medium,0.055,latency
2,sync_instruction,Synchronous instructions,amber>mint>cobalt>depot,1,94,7.5200000000000005,91,3,0.031914893617021274,0,0.0,0,0.0,0.3959409611891126,1,4,4,0,4,4,7.098347186217505,balanced,0,16,4,medium,0.055,latency
2,async_online,Asynchronous online,amber>mint>cobalt>depot,1,94,7.5200000000000005,94,0,0.0,3,0.031914893617021274,3,0.031914893617021274,0.3404714555938153,1,4,4,0,4,4,7.0747152576006425,balanced,0,16,4,medium,0.055,latency
3,direct_blocking,Direct planner actions,mint>amber>depot,1,108,8.64,100,8,0.07407407407407407,20,0.2,36,0.36,1.247208148558258,0,8,8,0,3,3,6.624848554109098,balanced,0,16,4,medium,0.055,latency
3,sync_instruction,Synchronous instructions,mint>amber>depot,1,64,5.12,62,2,0.03125,0,0.0,0,0.0,0.40292734759300547,0,3,3,0,3,3,4.879117371835054,balanced,0,16,4,medium,0.055,latency
3,async_online,Asynchronous online,mint>amber>depot,1,65,5.2,65,0,0.0,3,0.046153846153846156,3,0.046153846153846156,0.34235727757618817,0,3,3,0,3,3,4.919995080114441,balanced,0,16,4,medium,0.055,latency
4,direct_blocking,Direct planner actions,cobalt>mint>depot,1,184,14.72,171,13,0.07065217391304347,23,0.13450292397660818,79,0.4619883040935672,1.2100529632012915,9,13,13,0,3,3,11.606453805610954,balanced,0,16,4,medium,0.055,latency
4,sync_instruction,Synchronous instructions,cobalt>mint>depot,1,56,4.48,54,2,0.03571428571428571,0,0.0,0,0.0,0.45652232876786214,0,3,3,0,3,3,4.234756568917239,balanced,0,16,4,medium,0.055,latency
4,async_online,Asynchronous online,cobalt>mint>depot,1,57,4.5600000000000005,57,0,0.0,3,0.05263157894736842,3,0.05263157894736842,0.4031040965659863,0,3,3,0,3,3,4.263926220292049,balanced,0,16,4,medium,0.055,latency
5,direct_blocking,Direct planner actions,amber>cobalt>depot,1,138,11.040000000000001,128,10,0.07246376811594203,15,0.1171875,29,0.2265625,1.174961764887546,19,10,10,0,3,3,7.9509991785092495,balanced,0,16,4,medium,0.055,latency
5,sync_instruction,Synchronous instructions,amber>cobalt>depot,1,72,5.76,70,2,0.027777777777777776,0,0.0,0,0.0,0.40844817940873573,9,3,3,0,3,3,4.79184516108245,balanced,0,16,4,medium,0.055,latency
5,async_online,Asynchronous online,amber>cobalt>depot,1,72,5.76,72,0,0.0,3,0.041666666666666664,3,0.041666666666666664,0.37236993168834964,8,3,3,0,3,3,4.82066077356733,balanced,0,16,4,medium,0.055,latency
6,direct_blocking,Direct planner actions,cobalt>amber>mint>depot,1,169,13.52,157,12,0.07100591715976332,24,0.15286624203821655,66,0.42038216560509556,1.20587452336385,2,12,12,0,4,4,9.415956379775066,balanced,0,16,4,medium,0.055,latency
6,sync_instruction,Synchronous instructions,cobalt>amber>mint>depot,0,260,20.8,259,1,0.0038461538461538464,0,0.0,244,0.9420849420849421,0.13440959948209108,0,2,2,0,1,4,1.5026124610475105,balanced,0,16,4,medium,0.055,latency
6,async_online,Asynchronous online,cobalt>amber>mint>depot,0,260,20.8,260,0,0.0,3,0.011538461538461539,245,0.9423076923076923,0.13006399348978034,0,3,2,0,1,4,1.4801867461783802,balanced,0,16,4,medium,0.055,latency
7,direct_blocking,Direct planner actions,amber>cobalt>depot,1,116,9.28,108,8,0.06896551724137931,23,0.21296296296296297,37,0.3425925925925926,1.1703178476342622,5,8,8,0,3,3,6.867846898199423,balanced,0,16,4,medium,0.055,latency
7,sync_instruction,Synchronous instructions,amber>cobalt>depot,1,68,5.44,66,2,0.029411764705882353,0,0.0,0,0.0,0.42997199806558006,4,3,3,0,3,3,4.9951301920443205,balanced,0,16,4,medium,0.055,latency
7,async_online,Asynchronous online,amber>cobalt>depot,1,68,5.44,68,0,0.0,3,0.04411764705882353,3,0.04411764705882353,0.387633319846454,3,3,3,0,3,3,5.025461387152156,balanced,0,16,4,medium,0.055,latency
8,direct_blocking,Direct planner actions,cobalt>amber>mint>depot,1,173,13.84,161,12,0.06936416184971098,21,0.13043478260869565,49,0.30434782608695654,1.207828670326641,15,12,12,0,4,4,10.21943977542428,balanced,0,16,4,medium,0.055,latency
8,sync_instruction,Synchronous instructions,cobalt>amber>mint>depot,1,87,6.96,84,3,0.034482758620689655,0,0.0,0,0.0,0.41129044184778085,0,4,4,0,4,4,6.861184523256875,balanced,0,16,4,medium,0.055,latency
8,async_online,Asynchronous online,cobalt>amber>mint>depot,1,86,6.88,86,0,0.0,3,0.03488372093023256,3,0.03488372093023256,0.3585146313577545,0,4,4,0,4,4,6.753884074848957,balanced,0,16,4,medium,0.055,latency
9,direct_blocking,Direct planner actions,mint>amber>depot,1,83,6.640000000000001,77,6,0.07228915662650602,18,0.23376623376623376,18,0.23376623376623376,1.1685820346377025,1,6,6,0,3,3,5.500481100549068,balanced,0,16,4,medium,0.055,latency
9,sync_instruction,Synchronous instructions,mint>amber>depot,1,64,5.12,62,2,0.03125,0,0.0,0,0.0,0.4378411480087142,1,3,3,0,3,3,4.5999347592376445,balanced,0,16,4,medium,0.055,latency
9,async_online,Asynchronous online,mint>amber>depot,1,62,4.96,62,0,0.0,3,0.04838709677419355,3,0.04838709677419355,0.36269464225024023,0,3,3,0,3,3,4.576570681505042,balanced,0,16,4,medium,0.055,latency
10,direct_blocking,Direct planner actions,amber>mint>cobalt>depot,1,236,18.88,220,16,0.06779661016949153,31,0.1409090909090909,101,0.4590909090909091,1.2017767472834975,23,16,16,0,4,4,11.260954166265282,balanced,0,16,4,medium,0.055,latency
10,sync_instruction,Synchronous instructions,amber>mint>cobalt>depot,1,110,8.8,107,3,0.02727272727272727,0,0.0,0,0.0,0.42331298667881645,20,4,4,0,4,4,6.91169801148471,balanced,0,16,4,medium,0.055,latency
10,async_online,Asynchronous online,amber>mint>cobalt>depot,1,109,8.72,109,0,0.0,3,0.027522935779816515,3,0.027522935779816515,0.37264685634969963,21,4,4,0,4,4,6.815093523109409,balanced,0,16,4,medium,0.055,latency
11,direct_blocking,Direct planner actions,cobalt>amber>mint>depot,0,260,20.8,242,18,0.06923076923076923,15,0.06198347107438017,127,0.5247933884297521,1.2218687645761326,5,18,18,0,3,4,17.401834400762954,balanced,0,16,4,medium,0.055,latency
11,sync_instruction,Synchronous instructions,cobalt>amber>mint>depot,1,93,7.44,90,3,0.03225806451612903,0,0.0,0,0.0,0.42516629866920497,9,4,4,0,4,4,6.411659906017179,balanced,0,16,4,medium,0.055,latency
11,async_online,Asynchronous online,cobalt>amber>mint>depot,1,111,8.88,111,0,0.0,3,0.02702702702702703,3,0.02702702702702703,0.3389766835252669,30,4,4,0,4,4,6.141897970470639,balanced,0,16,4,medium,0.055,latency
12,direct_blocking,Direct planner actions,amber>cobalt>depot,1,134,10.72,125,9,0.06716417910447761,18,0.144,32,0.256,1.249781931118739,35,9,9,0,3,3,6.180131318393258,balanced,0,16,4,medium,0.055,latency
12,sync_instruction,Synchronous instructions,amber>cobalt>depot,0,260,20.8,260,0,0.0,0,0.0,260,1.0,0.13255840085237236,8,1,1,0,0,3,1.4834840023356632,balanced,0,16,4,medium,0.055,latency
12,async_online,Asynchronous online,amber>cobalt>depot,0,260,20.8,260,0,0.0,0,0.0,260,1.0,0.13255840085237236,8,2,1,0,0,3,1.4834840023356632,balanced,0,16,4,medium,0.055,latency
13,direct_blocking,Direct planner actions,mint>cobalt>amber>depot,1,155,12.4,144,11,0.07096774193548387,35,0.24305555555555555,64,0.4444444444444444,1.2085122585356098,1,11,11,0,4,4,9.792630245653317,balanced,0,16,4,medium,0.055,latency
13,sync_instruction,Synchronous instructions,mint>cobalt>amber>depot,1,73,5.84,70,3,0.0410958904109589,0,0.0,0,0.0,0.4566373362262664,0,4,4,0,4,4,5.601359081406797,balanced,0,16,4,medium,0.055,latency
13,async_online,Asynchronous online,mint>cobalt>amber>depot,1,73,5.84,73,0,0.0,3,0.0410958904109589,3,0.0410958904109589,0.41073553437438404,0,4,4,0,4,4,5.576304240633074,balanced,0,16,4,medium,0.055,latency
14,direct_blocking,Direct planner actions,mint>cobalt>amber>depot,1,186,14.88,173,13,0.06989247311827956,30,0.17341040462427745,75,0.43352601156069365,1.2076730705745031,15,13,13,0,4,4,12.495425147559239,balanced,0,16,4,medium,0.055,latency
14,sync_instruction,Synchronous instructions,mint>cobalt>amber>depot,1,74,5.92,71,3,0.04054054054054054,0,0.0,0,0.0,0.4684290608196052,0,4,4,0,4,4,5.733576356661887,balanced,0,16,4,medium,0.055,latency
14,async_online,Asynchronous online,mint>cobalt>amber>depot,1,74,5.92,74,0,0.0,3,0.04054054054054054,3,0.04054054054054054,0.4158169531205606,0,4,4,0,4,4,5.738762064591196,balanced,0,16,4,medium,0.055,latency
15,direct_blocking,Direct planner actions,mint>amber>depot,1,93,7.44,86,7,0.07526881720430108,22,0.2558139534883721,26,0.3023255813953488,1.2335444135435651,5,7,7,0,3,3,5.816711631824083,balanced,0,16,4,medium,0.055,latency
15,sync_instruction,Synchronous instructions,mint>amber>depot,1,64,5.12,62,2,0.03125,0,0.0,0,0.0,0.4101805576061507,0,3,3,0,3,3,4.86937098488289,balanced,0,16,4,medium,0.055,latency
15,async_online,Asynchronous online,mint>amber>depot,1,69,5.5200000000000005,69,0,0.0,3,0.043478260869565216,3,0.043478260869565216,0.38533601317881144,3,3,3,0,3,3,4.712721362544847,balanced,0,16,4,medium,0.055,latency
16,direct_blocking,Direct planner actions,amber>mint>cobalt>depot,1,153,12.24,142,11,0.0718954248366013,21,0.14788732394366197,35,0.24647887323943662,1.2260767393251826,17,11,11,0,4,4,8.761862953914795,balanced,0,16,4,medium,0.055,latency
16,sync_instruction,Synchronous instructions,amber>mint>cobalt>depot,1,106,8.48,103,3,0.02830188679245283,0,0.0,0,0.0,0.40384359812890613,13,4,4,0,4,4,6.917808713957085,balanced,0,16,4,medium,0.055,latency
16,async_online,Asynchronous online,amber>mint>cobalt>depot,1,95,7.6000000000000005,95,0,0.0,0,0.0,0,0.0,0.34292836796759113,8,4,4,0,4,4,6.721195781414939,balanced,0,16,4,medium,0.055,latency
17,direct_blocking,Direct planner actions,amber>mint>cobalt>depot,1,197,15.76,183,14,0.07106598984771574,16,0.08743169398907104,30,0.16393442622950818,1.2207638982755327,25,14,14,0,4,4,11.895439792708565,balanced,0,16,4,medium,0.055,latency
17,sync_instruction,Synchronous instructions,amber>mint>cobalt>depot,1,103,8.24,100,3,0.02912621359223301,0,0.0,0,0.0,0.3959747540819012,14,4,4,0,4,4,6.493243845311682,balanced,0,16,4,medium,0.055,latency
17,async_online,Asynchronous online,amber>mint>cobalt>depot,1,102,8.16,102,0,0.0,0,0.0,0,0.0,0.3679345575967696,17,4,4,0,4,4,6.276254993191812,balanced,0,16,4,medium,0.055,latency
18,direct_blocking,Direct planner actions,mint>cobalt>amber>depot,1,124,9.92,115,9,0.07258064516129033,27,0.23478260869565218,41,0.3565217391304348,1.2277807182495015,4,9,9,0,4,4,6.65448109335967,balanced,0,16,4,medium,0.055,latency
18,sync_instruction,Synchronous instructions,mint>cobalt>amber>depot,1,77,6.16,74,3,0.03896103896103896,0,0.0,0,0.0,0.4445802884663367,3,4,4,0,4,4,5.80653484983818,balanced,0,16,4,medium,0.055,latency
18,async_online,Asynchronous online,mint>cobalt>amber>depot,1,76,6.08,76,0,0.0,2,0.02631578947368421,2,0.02631578947368421,0.3969482386736908,3,4,4,0,4,4,5.74217663810735,balanced,0,16,4,medium,0.055,latency
19,direct_blocking,Direct planner actions,amber>mint>cobalt>depot,1,220,17.6,205,15,0.06818181818181818,19,0.09268292682926829,47,0.22926829268292684,1.195355932649047,37,15,15,0,4,4,10.968682527989557,balanced,0,16,4,medium,0.055,latency
19,sync_instruction,Synchronous instructions,amber>mint>cobalt>depot,1,136,10.88,133,3,0.022058823529411766,0,0.0,0,0.0,0.3814082517622927,42,4,4,0,4,4,6.860669577482984,balanced,0,16,4,medium,0.055,latency
19,async_online,Asynchronous online,amber>mint>cobalt>depot,1,128,10.24,128,0,0.0,0,0.0,0,0.0,0.34254839360669787,38,4,4,0,4,4,6.605195552693985,balanced,0,16,4,medium,0.055,latency
20,direct_blocking,Direct planner actions,mint>cobalt>amber>depot,0,260,20.8,242,18,0.06923076923076923,34,0.14049586776859505,123,0.5082644628099173,1.1838238624544386,26,18,18,0,3,4,16.108629019036062,balanced,0,16,4,medium,0.055,latency
20,sync_instruction,Synchronous instructions,mint>cobalt>amber>depot,1,76,6.08,73,3,0.039473684210526314,0,0.0,0,0.0,0.47751684179049375,0,4,4,0,4,4,6.049026430184624,balanced,0,16,4,medium,0.055,latency
20,async_online,Asynchronous online,mint>cobalt>amber>depot,1,76,6.08,76,0,0.0,3,0.039473684210526314,3,0.039473684210526314,0.4221559813052965,0,4,4,0,4,4,6.0288486780329364,balanced,0,16,4,medium,0.055,latency
21,direct_blocking,Direct planner actions,amber>cobalt>depot,1,108,8.64,100,8,0.07407407407407407,0,0.0,16,0.16,1.2011494953540227,19,8,8,0,3,3,6.054307070518735,balanced,0,16,4,medium,0.055,latency
21,sync_instruction,Synchronous instructions,amber>cobalt>depot,1,67,5.36,65,2,0.029850746268656716,0,0.0,0,0.0,0.4283520862759517,4,3,3,0,3,3,4.617709638842309,balanced,0,16,4,medium,0.055,latency
21,async_online,Asynchronous online,amber>cobalt>depot,1,67,5.36,67,0,0.0,3,0.04477611940298507,3,0.04477611940298507,0.3835731852191009,3,3,3,0,3,3,4.627632654695697,balanced,0,16,4,medium,0.055,latency
22,direct_blocking,Direct planner actions,mint>amber>depot,1,97,7.76,90,7,0.07216494845360824,16,0.17777777777777778,30,0.3333333333333333,1.1461406379566261,10,7,7,0,3,3,6.1026123299922395,balanced,0,16,4,medium,0.055,latency
22,sync_instruction,Synchronous instructions,mint>amber>depot,1,73,5.84,71,2,0.0273972602739726,0,0.0,0,0.0,0.4285570003634408,11,3,3,0,3,3,4.412492297527082,balanced,0,16,4,medium,0.055,latency
22,async_online,Asynchronous online,mint>amber>depot,1,72,5.76,72,0,0.0,3,0.041666666666666664,3,0.041666666666666664,0.3833770113004517,7,3,3,0,3,3,4.48355176436376,balanced,0,16,4,medium,0.055,latency
23,direct_blocking,Direct planner actions,cobalt>mint>depot,1,81,6.48,75,6,0.07407407407407407,22,0.29333333333333333,22,0.29333333333333333,1.2202012109611595,0,6,6,0,3,3,5.073929857059585,balanced,0,16,4,medium,0.055,latency
23,sync_instruction,Synchronous instructions,cobalt>mint>depot,1,56,4.48,54,2,0.03571428571428571,0,0.0,0,0.0,0.4598413355537898,0,3,3,0,3,3,4.323490401108569,balanced,0,16,4,medium,0.055,latency
23,async_online,Asynchronous online,cobalt>mint>depot,1,57,4.5600000000000005,57,0,0.0,3,0.05263157894736842,3,0.05263157894736842,0.4116944762072185,0,3,3,0,3,3,4.361555110587434,balanced,0,16,4,medium,0.055,latency
24,direct_blocking,Direct planner actions,cobalt>mint>depot,1,81,6.48,75,6,0.07407407407407407,13,0.17333333333333334,13,0.17333333333333334,1.2254118384434096,4,6,6,0,3,3,4.395625619852671,balanced,0,16,4,medium,0.055,latency
24,sync_instruction,Synchronous instructions,cobalt>mint>depot,1,58,4.64,56,2,0.034482758620689655,0,0.0,0,0.0,0.43742711317590993,4,3,3,0,3,3,3.884485278536551,balanced,0,16,4,medium,0.055,latency
24,async_online,Asynchronous online,cobalt>mint>depot,1,58,4.64,58,0,0.0,2,0.034482758620689655,2,0.034482758620689655,0.4004501881037249,4,3,3,0,3,3,3.8596635737896534,balanced,0,16,4,medium,0.055,latency
25,direct_blocking,Direct planner actions,cobalt>mint>depot,1,81,6.48,75,6,0.07407407407407407,22,0.29333333333333333,22,0.29333333333333333,1.2131746437327684,2,6,6,0,3,3,4.791600017328168,balanced,0,16,4,medium,0.055,latency
25,sync_instruction,Synchronous instructions,cobalt>mint>depot,1,56,4.48,54,2,0.03571428571428571,0,0.0,0,0.0,0.4620827150696503,2,3,3,0,3,3,4.196405516898973,balanced,0,16,4,medium,0.055,latency
25,async_online,Asynchronous online,cobalt>mint>depot,1,57,4.5600000000000005,57,0,0.0,3,0.05263157894736842,3,0.05263157894736842,0.4049184620814437,2,3,3,0,3,3,4.234075985257577,balanced,0,16,4,medium,0.055,latency
26,direct_blocking,Direct planner actions,mint>cobalt>amber>depot,1,147,11.76,137,10,0.06802721088435375,35,0.25547445255474455,63,0.45985401459854014,1.2051768127843987,1,10,10,0,4,4,8.954635731642155,balanced,0,16,4,medium,0.055,latency
26,sync_instruction,Synchronous instructions,mint>cobalt>amber>depot,1,74,5.92,71,3,0.04054054054054054,0,0.0,0,0.0,0.4554984352583704,0,4,4,0,4,4,5.6702535832784395,balanced,0,16,4,medium,0.055,latency
26,async_online,Asynchronous online,mint>cobalt>amber>depot,1,74,5.92,74,0,0.0,3,0.04054054054054054,3,0.04054054054054054,0.4017324423742473,0,4,4,0,4,4,5.6633283569427375,balanced,0,16,4,medium,0.055,latency
27,direct_blocking,Direct planner actions,amber>mint>cobalt>depot,1,170,13.6,158,12,0.07058823529411765,34,0.21518987341772153,63,0.3987341772151899,1.2039558602273677,11,12,12,0,4,4,10.418180295268035,balanced,0,16,4,medium,0.055,latency
27,sync_instruction,Synchronous instructions,amber>mint>cobalt>depot,1,99,7.92,96,3,0.030303030303030304,0,0.0,0,0.0,0.3924151525644097,7,4,4,0,4,4,7.017461431184177,balanced,0,16,4,medium,0.055,latency
27,async_online,Asynchronous online,amber>mint>cobalt>depot,1,102,8.16,102,0,0.0,3,0.029411764705882353,3,0.029411764705882353,0.32764049824001334,10,4,4,0,4,4,6.9931850009985785,balanced,0,16,4,medium,0.055,latency
28,direct_blocking,Direct planner actions,amber>cobalt>depot,1,158,12.64,147,11,0.06962025316455696,20,0.1360544217687075,48,0.32653061224489793,1.1690526423926317,14,11,11,0,3,3,9.391297853487062,balanced,0,16,4,medium,0.055,latency
28,sync_instruction,Synchronous instructions,amber>cobalt>depot,1,68,5.44,66,2,0.029411764705882353,0,0.0,0,0.0,0.4430584001714159,4,3,3,0,3,3,4.936642726823206,balanced,0,16,4,medium,0.055,latency
28,async_online,Asynchronous online,amber>cobalt>depot,1,67,5.36,67,0,0.0,3,0.04477611940298507,3,0.04477611940298507,0.4044512371865667,3,3,3,0,3,3,4.890117764082802,balanced,0,16,4,medium,0.055,latency
29,direct_blocking,Direct planner actions,mint>cobalt>amber>depot,1,183,14.64,170,13,0.07103825136612021,29,0.17058823529411765,87,0.5117647058823529,1.2389916881567116,24,13,13,0,4,4,8.47711287959618,balanced,0,16,4,medium,0.055,latency
29,sync_instruction,Synchronous instructions,mint>cobalt>amber>depot,1,74,5.92,71,3,0.04054054054054054,0,0.0,0,0.0,0.46683843570554956,0,4,4,0,4,4,5.8374388403081845,balanced,0,16,4,medium,0.055,latency
29,async_online,Asynchronous online,mint>cobalt>amber>depot,1,74,5.92,74,0,0.0,3,0.04054054054054054,3,0.04054054054054054,0.4103094243990207,0,4,4,0,4,4,5.823846059770702,balanced,0,16,4,medium,0.055,latency
30,direct_blocking,Direct planner actions,amber>mint>cobalt>depot,1,201,16.080000000000002,187,14,0.06965174129353234,21,0.11229946524064172,53,0.28342245989304815,1.2173673953651127,27,14,14,0,4,4,11.176020769692899,balanced,0,16,4,medium,0.055,latency
30,sync_instruction,Synchronous instructions,amber>mint>cobalt>depot,1,104,8.32,101,3,0.028846153846153848,0,0.0,0,0.0,0.41845825299247036,12,4,4,0,4,4,6.698868059730639,balanced,0,16,4,medium,0.055,latency
30,async_online,Asynchronous online,amber>mint>cobalt>depot,1,103,8.24,103,0,0.0,0,0.0,0,0.0,0.38621307405505656,14,4,4,0,4,4,6.483927175467629,balanced,0,16,4,medium,0.055,latency
31,direct_blocking,Direct planner actions,mint>amber>depot,1,109,8.72,101,8,0.07339449541284404,19,0.18811881188118812,33,0.32673267326732675,1.1943632871683056,1,8,8,0,3,3,7.292406941530768,balanced,0,16,4,medium,0.055,latency
31,sync_instruction,Synchronous instructions,mint>amber>depot,1,64,5.12,62,2,0.03125,0,0.0,0,0.0,0.41277297825136233,0,3,3,0,3,3,4.869506498516788,balanced,0,16,4,medium,0.055,latency
31,async_online,Asynchronous online,mint>amber>depot,1,64,5.12,64,0,0.0,3,0.046875,3,0.046875,0.35595113307149673,0,3,3,0,3,3,4.85215817212855,balanced,0,16,4,medium,0.055,latency
0,direct_blocking,Direct planner actions,mint>cobalt>amber>depot,1,140,11.200000000000001,98,42,0.3,29,0.29591836734693877,15,0.15306122448979592,1.2154552418603906,4,7,7,0,4,4,7.769420211048954,balanced,6,16,4,medium,0.055,latency
0,sync_instruction,Synchronous instructions,mint>cobalt>amber>depot,0,260,20.8,249,11,0.04230769230769231,0,0.0,234,0.9397590361445783,0.13692144795412653,0,2,2,0,1,4,1.688560282741576,balanced,6,16,4,medium,0.055,latency
0,async_online,Asynchronous online,mint>cobalt>amber>depot,0,260,20.8,255,5,0.019230769230769232,6,0.023529411764705882,240,0.9411764705882353,0.1287177098703023,0,3,2,0,1,4,1.405879634081958,balanced,6,16,4,medium,0.055,latency
1,direct_blocking,Direct planner actions,mint>cobalt>amber>depot,1,237,18.96,165,72,0.3037974683544304,31,0.18787878787878787,59,0.3575757575757576,1.2469421651352497,19,12,12,0,4,4,13.662494787083205,balanced,6,16,4,medium,0.055,latency
1,sync_instruction,Synchronous instructions,mint>cobalt>amber>depot,1,95,7.6000000000000005,72,23,0.24210526315789474,0,0.0,0,0.0,0.46873704207475,7,4,4,0,4,4,6.280903299086573,balanced,6,16,4,medium,0.055,latency
1,async_online,Asynchronous online,mint>cobalt>amber>depot,1,89,7.12,84,5,0.056179775280898875,13,0.15476190476190477,13,0.15476190476190477,0.38626460936439405,5,4,4,0,4,4,5.843347576140108,balanced,6,16,4,medium,0.055,latency
2,direct_blocking,Direct planner actions,amber>mint>cobalt>depot,0,260,20.8,182,78,0.3,18,0.0989010989010989,89,0.489010989010989,1.1885998003718161,43,13,13,0,3,4,13.523631732057027,balanced,6,16,4,medium,0.055,latency
2,sync_instruction,Synchronous instructions,amber>mint>cobalt>depot,1,125,10.0,102,23,0.184,0,0.0,0,0.0,0.38986165184112204,10,4,4,0,4,4,7.9897283471953635,balanced,6,16,4,medium,0.055,latency
2,async_online,Asynchronous online,amber>mint>cobalt>depot,1,103,8.24,98,5,0.04854368932038835,0,0.0,0,0.0,0.36768563729454634,10,4,4,0,4,4,6.608672872860035,balanced,6,16,4,medium,0.055,latency
3,direct_blocking,Direct planner actions,mint>amber>depot,1,134,10.72,92,42,0.31343283582089554,14,0.15217391304347827,28,0.30434782608695654,1.3057361833373315,6,7,7,0,3,3,7.738842953157806,balanced,6,16,4,medium,0.055,latency
3,sync_instruction,Synchronous instructions,mint>amber>depot,1,83,6.640000000000001,66,17,0.20481927710843373,0,0.0,0,0.0,0.38976509440826274,2,3,3,0,3,3,5.729546253608158,balanced,6,16,4,medium,0.055,latency
3,async_online,Asynchronous online,mint>amber>depot,1,71,5.68,66,5,0.07042253521126761,5,0.07575757575757576,5,0.07575757575757576,0.33794873293965566,0,3,3,0,3,3,4.958054250567637,balanced,6,16,4,medium,0.055,latency
4,direct_blocking,Direct planner actions,cobalt>mint>depot,1,184,14.72,126,58,0.31521739130434784,6,0.047619047619047616,34,0.2698412698412698,1.2613011838353236,22,10,9,0,3,3,8.905620026737097,balanced,6,16,4,medium,0.055,latency
4,sync_instruction,Synchronous instructions,cobalt>mint>depot,1,73,5.84,56,17,0.2328767123287671,0,0.0,0,0.0,0.46119053626872786,1,3,3,0,3,3,4.7395495200171585,balanced,6,16,4,medium,0.055,latency
4,async_online,Asynchronous online,cobalt>mint>depot,1,66,5.28,61,5,0.07575757575757576,7,0.11475409836065574,7,0.11475409836065574,0.3948708507961485,0,3,3,0,3,3,4.37071463226045,balanced,6,16,4,medium,0.055,latency
5,direct_blocking,Direct planner actions,amber>cobalt>depot,1,179,14.32,125,54,0.3016759776536313,26,0.208,40,0.32,1.1999142394511846,24,9,9,0,3,3,9.30704402489928,balanced,6,16,4,medium,0.055,latency
5,sync_instruction,Synchronous instructions,amber>cobalt>depot,1,119,9.52,102,17,0.14285714285714285,0,0.0,0,0.0,0.29338995415244484,46,3,3,0,3,3,5.513201136651364,balanced,6,16,4,medium,0.055,latency
5,async_online,Asynchronous online,amber>cobalt>depot,1,78,6.24,73,5,0.0641025641025641,6,0.0821917808219178,6,0.0821917808219178,0.3591457033560569,9,3,3,0,3,3,4.942121744817897,balanced,6,16,4,medium,0.055,latency
6,direct_blocking,Direct planner actions,cobalt>amber>mint>depot,1,187,14.96,127,60,0.32085561497326204,21,0.16535433070866143,64,0.5039370078740157,1.2467546763472335,12,10,10,0,4,4,9.763867735131013,balanced,6,16,4,medium,0.055,latency
6,sync_instruction,Synchronous instructions,cobalt>amber>mint>depot,0,260,20.8,249,11,0.04230769230769231,0,0.0,234,0.9397590361445783,0.13766903055390622,0,2,2,0,1,4,1.7598712910068088,balanced,6,16,4,medium,0.055,latency
6,async_online,Asynchronous online,cobalt>amber>mint>depot,0,260,20.8,255,5,0.019230769230769232,6,0.023529411764705882,240,0.9411764705882353,0.12964329929502724,0,3,2,0,1,4,1.4888057693123153,balanced,6,16,4,medium,0.055,latency
7,direct_blocking,Direct planner actions,amber>cobalt>depot,1,154,12.32,106,48,0.3116883116883117,9,0.08490566037735849,23,0.2169811320754717,1.1601828344780398,11,8,8,0,3,3,9.250630595937979,balanced,6,16,4,medium,0.055,latency
7,sync_instruction,Synchronous instructions,amber>cobalt>depot,1,99,7.92,82,17,0.1717171717171717,0,0.0,0,0.0,0.38826790869197775,22,3,3,0,3,3,5.671382776424778,balanced,6,16,4,medium,0.055,latency
7,async_online,Asynchronous online,amber>cobalt>depot,1,78,6.24,73,5,0.0641025641025641,5,0.0684931506849315,5,0.0684931506849315,0.34723300653427924,7,3,3,0,3,3,5.139634786760631,balanced,6,16,4,medium,0.055,latency
8,direct_blocking,Direct planner actions,cobalt>amber>mint>depot,1,240,19.2,168,72,0.3,21,0.125,49,0.2916666666666667,1.2524847354007815,14,12,12,0,4,4,11.93660228796857,balanced,6,16,4,medium,0.055,latency
8,sync_instruction,Synchronous instructions,cobalt>amber>mint>depot,1,111,8.88,88,23,0.2072072072072072,0,0.0,0,0.0,0.4152247563354177,3,4,4,0,4,4,7.881766330331881,balanced,6,16,4,medium,0.055,latency
8,async_online,Asynchronous online,cobalt>amber>mint>depot,1,97,7.76,92,5,0.05154639175257732,6,0.06521739130434782,6,0.06521739130434782,0.36208544788785824,1,4,4,0,4,4,6.909542650266552,balanced,6,16,4,medium,0.055,latency
9,direct_blocking,Direct planner actions,mint>amber>depot,1,168,13.44,114,54,0.32142857142857145,5,0.043859649122807015,33,0.2894736842105263,1.1824716824966468,9,9,9,0,3,3,11.584158627613467,balanced,6,16,4,medium,0.055,latency
9,sync_instruction,Synchronous instructions,mint>amber>depot,1,81,6.48,64,17,0.20987654320987653,0,0.0,0,0.0,0.3977756665065654,2,3,3,0,3,3,5.471080559719921,balanced,6,16,4,medium,0.055,latency
9,async_online,Asynchronous online,mint>amber>depot,1,71,5.68,66,5,0.07042253521126761,6,0.09090909090909091,6,0.09090909090909091,0.3405699739675836,0,3,3,0,3,3,4.792950622689854,balanced,6,16,4,medium,0.055,latency
10,direct_blocking,Direct planner actions,amber>mint>cobalt>depot,0,260,20.8,182,78,0.3,7,0.038461538461538464,91,0.5,1.2110234791010472,30,13,13,0,2,4,11.576307197337002,balanced,6,16,4,medium,0.055,latency
10,sync_instruction,Synchronous instructions,amber>mint>cobalt>depot,1,115,9.200000000000001,92,23,0.2,0,0.0,0,0.0,0.39281636457525576,1,4,4,0,4,4,8.111604130316504,balanced,6,16,4,medium,0.055,latency
10,async_online,Asynchronous online,amber>mint>cobalt>depot,1,110,8.8,105,5,0.045454545454545456,5,0.047619047619047616,5,0.047619047619047616,0.3439023124181473,15,4,4,0,4,4,6.92723462399291,balanced,6,16,4,medium,0.055,latency
11,direct_blocking,Direct planner actions,cobalt>amber>mint>depot,1,187,14.96,127,60,0.32085561497326204,13,0.10236220472440945,28,0.2204724409448819,1.261312116662243,23,10,10,0,4,4,9.058920107990067,balanced,6,16,4,medium,0.055,latency
11,sync_instruction,Synchronous instructions,cobalt>amber>mint>depot,1,120,9.6,97,23,0.19166666666666668,0,0.0,0,0.0,0.38594574137833426,16,4,4,0,4,4,7.087014742612406,balanced,6,16,4,medium,0.055,latency
11,async_online,Asynchronous online,cobalt>amber>mint>depot,1,117,9.36,112,5,0.042735042735042736,6,0.05357142857142857,6,0.05357142857142857,0.33869227055670653,23,4,4,0,4,4,6.375980432962441,balanced,6,16,4,medium,0.055,latency
12,direct_blocking,Direct planner actions,amber>cobalt>depot,1,173,13.84,119,54,0.31213872832369943,17,0.14285714285714285,31,0.2605042016806723,1.282414696967407,29,9,9,0,3,3,6.417741016483246,balanced,6,16,4,medium,0.055,latency
12,sync_instruction,Synchronous instructions,amber>cobalt>depot,0,260,20.8,255,5,0.019230769230769232,0,0.0,255,1.0,0.13480882485462792,6,1,1,0,0,3,1.4868400096715526,balanced,6,16,4,medium,0.055,latency
12,async_online,Asynchronous online,amber>cobalt>depot,0,260,20.8,255,5,0.019230769230769232,0,0.0,255,1.0,0.13480882485462792,6,2,1,0,0,3,1.4868400096715526,balanced,6,16,4,medium,0.055,latency
13,direct_blocking,Direct planner actions,mint>cobalt>amber>depot,0,260,20.8,182,78,0.3,0,0.0,112,0.6153846153846154,1.1848628403729842,16,13,13,0,1,4,13.801431235566072,balanced,6,16,4,medium,0.055,latency
13,sync_instruction,Synchronous instructions,mint>cobalt>amber>depot,1,94,7.5200000000000005,71,23,0.24468085106382978,0,0.0,0,0.0,0.46386004817249654,2,4,4,0,4,4,6.180368851320705,balanced,6,16,4,medium,0.055,latency
13,async_online,Asynchronous online,mint>cobalt>amber>depot,1,88,7.04,83,5,0.056818181818181816,13,0.1566265060240964,13,0.1566265060240964,0.3774007858876166,0,4,4,0,4,4,5.796214400959758,balanced,6,16,4,medium,0.055,latency
14,direct_blocking,Direct planner actions,mint>cobalt>amber>depot,1,260,20.8,182,78,0.3,28,0.15384615384615385,71,0.3901098901098901,1.2137597738380064,22,13,13,0,4,4,14.910700448031918,balanced,6,16,4,medium,0.055,latency
14,sync_instruction,Synchronous instructions,mint>cobalt>amber>depot,1,98,7.84,75,23,0.23469387755102042,0,0.0,0,0.0,0.4689574565903997,3,4,4,0,4,4,6.436403617546597,balanced,6,16,4,medium,0.055,latency
14,async_online,Asynchronous online,mint>cobalt>amber>depot,1,89,7.12,84,5,0.056179775280898875,13,0.15476190476190477,13,0.15476190476190477,0.38492560815604643,0,4,4,0,4,4,5.96414090074923,balanced,6,16,4,medium,0.055,latency
15,direct_blocking,Direct planner actions,mint>amber>depot,1,238,19.04,166,72,0.3025210084033613,10,0.060240963855421686,38,0.2289156626506024,1.2100027786102565,31,12,12,0,3,3,11.912760514239446,balanced,6,16,4,medium,0.055,latency
15,sync_instruction,Synchronous instructions,mint>amber>depot,1,87,6.96,70,17,0.19540229885057472,0,0.0,0,0.0,0.4244399412381689,5,3,3,0,3,3,5.533974711448382,balanced,6,16,4,medium,0.055,latency
15,async_online,Asynchronous online,mint>amber>depot,1,77,6.16,72,5,0.06493506493506493,5,0.06944444444444445,5,0.06944444444444445,0.3634994040057046,4,3,3,0,3,3,4.822508970906927,balanced,6,16,4,medium,0.055,latency
16,direct_blocking,Direct planner actions,amber>mint>cobalt>depot,1,211,16.88,145,66,0.3127962085308057,20,0.13793103448275862,34,0.23448275862068965,1.185951219347396,24,11,11,0,4,4,9.551317526966137,balanced,6,16,4,medium,0.055,latency
16,sync_instruction,Synchronous instructions,amber>mint>cobalt>depot,1,128,10.24,105,23,0.1796875,0,0.0,0,0.0,0.38254236659708996,14,4,4,0,4,4,7.707647883111777,balanced,6,16,4,medium,0.055,latency
16,async_online,Asynchronous online,amber>mint>cobalt>depot,1,103,8.24,98,5,0.04854368932038835,0,0.0,0,0.0,0.38324232519609536,8,4,4,0,4,4,6.690944575143275,balanced,6,16,4,medium,0.055,latency
17,direct_blocking,Direct planner actions,amber>mint>cobalt>depot,0,260,20.8,182,78,0.3,11,0.06043956043956044,53,0.29120879120879123,1.2196162294947606,30,13,13,0,3,4,13.804271421275534,balanced,6,16,4,medium,0.055,latency
17,sync_instruction,Synchronous instructions,amber>mint>cobalt>depot,1,133,10.64,110,23,0.17293233082706766,0,0.0,0,0.0,0.40240646811235176,17,4,4,0,4,4,7.524347841950144,balanced,6,16,4,medium,0.055,latency
17,async_online,Asynchronous online,amber>mint>cobalt>depot,1,103,8.24,98,5,0.04854368932038835,0,0.0,0,0.0,0.3898534564506108,12,4,4,0,4,4,6.274442606509094,balanced,6,16,4,medium,0.055,latency
18,direct_blocking,Direct planner actions,mint>cobalt>amber>depot,1,176,14.08,122,54,0.3068181818181818,22,0.18032786885245902,36,0.29508196721311475,1.2724711312023145,5,9,9,0,4,4,9.356736812866334,balanced,6,16,4,medium,0.055,latency
18,sync_instruction,Synchronous instructions,mint>cobalt>amber>depot,1,95,7.6000000000000005,72,23,0.24210526315789474,0,0.0,0,0.0,0.46725299847316837,2,4,4,0,4,4,6.370990382042159,balanced,6,16,4,medium,0.055,latency
18,async_online,Asynchronous online,mint>cobalt>amber>depot,1,88,7.04,83,5,0.056818181818181816,13,0.1566265060240964,13,0.1566265060240964,0.38294586369615,0,4,4,0,4,4,5.9563368527984135,balanced,6,16,4,medium,0.055,latency
19,direct_blocking,Direct planner actions,amber>mint>cobalt>depot,0,260,20.8,182,78,0.3,20,0.10989010989010989,76,0.4175824175824176,1.250414275011428,38,13,13,0,3,4,11.915708815520006,balanced,6,16,4,medium,0.055,latency
19,sync_instruction,Synchronous instructions,amber>mint>cobalt>depot,1,142,11.36,119,23,0.1619718309859155,0,0.0,0,0.0,0.3818654820018413,31,4,4,0,4,4,7.966920425628917,balanced,6,16,4,medium,0.055,latency
19,async_online,Asynchronous online,amber>mint>cobalt>depot,1,128,10.24,123,5,0.0390625,0,0.0,0,0.0,0.36022986572523735,33,4,4,0,4,4,6.558084293168534,balanced,6,16,4,medium,0.055,latency
20,direct_blocking,Direct planner actions,mint>cobalt>amber>depot,0,260,20.8,182,78,0.3,16,0.08791208791208792,86,0.4725274725274725,1.2426164135324864,61,13,13,0,2,4,10.666147223939587,balanced,6,16,4,medium,0.055,latency
20,sync_instruction,Synchronous instructions,mint>cobalt>amber>depot,1,98,7.84,75,23,0.23469387755102042,0,0.0,0,0.0,0.47912956584841593,3,4,4,0,4,4,6.661453614334674,balanced,6,16,4,medium,0.055,latency
20,async_online,Asynchronous online,mint>cobalt>amber>depot,1,89,7.12,84,5,0.056179775280898875,11,0.13095238095238096,11,0.13095238095238096,0.39471061347537983,0,4,4,0,4,4,6.187531849322756,balanced,6,16,4,medium,0.055,latency
21,direct_blocking,Direct planner actions,amber>cobalt>depot,1,202,16.16,140,62,0.3069306930693069,11,0.07857142857142857,39,0.2785714285714286,1.222190538514599,22,11,10,0,3,3,10.806957414847108,balanced,6,16,4,medium,0.055,latency
21,sync_instruction,Synchronous instructions,amber>cobalt>depot,1,89,7.12,72,17,0.19101123595505617,0,0.0,0,0.0,0.40912734668801953,12,3,3,0,3,3,5.21695907024001,balanced,6,16,4,medium,0.055,latency
21,async_online,Asynchronous online,amber>cobalt>depot,1,75,6.0,70,5,0.06666666666666667,0,0.0,0,0.0,0.3494231634001516,10,3,3,0,3,3,4.495873153102201,balanced,6,16,4,medium,0.055,latency
22,direct_blocking,Direct planner actions,mint>amber>depot,1,134,10.72,92,42,0.31343283582089554,6,0.06521739130434782,20,0.21739130434782608,1.2530499733123885,8,7,7,0,3,3,7.059107640850826,balanced,6,16,4,medium,0.055,latency
22,sync_instruction,Synchronous instructions,mint>amber>depot,1,78,6.24,61,17,0.21794871794871795,0,0.0,0,0.0,0.41254218123680303,2,3,3,0,3,3,5.388835576880586,balanced,6,16,4,medium,0.055,latency
22,async_online,Asynchronous online,mint>amber>depot,1,70,5.6000000000000005,65,5,0.07142857142857142,6,0.09230769230769231,6,0.09230769230769231,0.3510067642215629,0,3,3,0,3,3,4.747566952004022,balanced,6,16,4,medium,0.055,latency
23,direct_blocking,Direct planner actions,cobalt>mint>depot,1,118,9.44,82,36,0.3050847457627119,4,0.04878048780487805,4,0.04878048780487805,1.2747493569363348,6,6,6,0,3,3,5.725747103465917,balanced,6,16,4,medium,0.055,latency
23,sync_instruction,Synchronous instructions,cobalt>mint>depot,1,74,5.92,57,17,0.22972972972972974,0,0.0,0,0.0,0.4653281310481762,1,3,3,0,3,3,4.933200051865898,balanced,6,16,4,medium,0.055,latency
23,async_online,Asynchronous online,cobalt>mint>depot,1,66,5.28,61,5,0.07575757575757576,7,0.11475409836065574,7,0.11475409836065574,0.3875410928016915,0,3,3,0,3,3,4.485224197120781,balanced,6,16,4,medium,0.055,latency
24,direct_blocking,Direct planner actions,cobalt>mint>depot,1,118,9.44,82,36,0.3050847457627119,2,0.024390243902439025,2,0.024390243902439025,1.2351304602958544,18,6,6,0,3,3,5.665852132857672,balanced,6,16,4,medium,0.055,latency
24,sync_instruction,Synchronous instructions,cobalt>mint>depot,1,73,5.84,56,17,0.2328767123287671,0,0.0,0,0.0,0.43577453057021204,5,3,3,0,3,3,4.458302532935822,balanced,6,16,4,medium,0.055,latency
24,async_online,Asynchronous online,cobalt>mint>depot,1,68,5.44,63,5,0.07352941176470588,8,0.12698412698412698,8,0.12698412698412698,0.3725859642848056,5,3,3,0,3,3,4.05035344582719,balanced,6,16,4,medium,0.055,latency
25,direct_blocking,Direct planner actions,cobalt>mint>depot,1,119,9.52,83,36,0.3025210084033613,5,0.060240963855421686,5,0.060240963855421686,1.2801624679566876,8,6,6,0,3,3,6.188018936425738,balanced,6,16,4,medium,0.055,latency
25,sync_instruction,Synchronous instructions,cobalt>mint>depot,1,71,5.68,54,17,0.23943661971830985,0,0.0,0,0.0,0.46856648203187734,3,3,3,0,3,3,4.7828296511605375,balanced,6,16,4,medium,0.055,latency
25,async_online,Asynchronous online,cobalt>mint>depot,1,65,5.2,60,5,0.07692307692307693,8,0.13333333333333333,8,0.13333333333333333,0.39769168793185383,3,3,3,0,3,3,4.361194108479156,balanced,6,16,4,medium,0.055,latency
26,direct_blocking,Direct planner actions,mint>cobalt>amber>depot,1,202,16.16,140,62,0.3069306930693069,22,0.15714285714285714,50,0.35714285714285715,1.272126665129339,8,11,10,0,4,4,10.657989874928635,balanced,6,16,4,medium,0.055,latency
26,sync_instruction,Synchronous instructions,mint>cobalt>amber>depot,1,95,7.6000000000000005,72,23,0.24210526315789474,0,0.0,0,0.0,0.46039761182760625,2,4,4,0,4,4,6.269218257837362,balanced,6,16,4,medium,0.055,latency
26,async_online,Asynchronous online,mint>cobalt>amber>depot,1,88,7.04,83,5,0.056818181818181816,13,0.1566265060240964,13,0.1566265060240964,0.3817143794682745,0,4,4,0,4,4,5.8411264973303,balanced,6,16,4,medium,0.055,latency
27,direct_blocking,Direct planner actions,amber>mint>cobalt>depot,1,183,14.64,126,57,0.3114754098360656,35,0.2777777777777778,35,0.2777777777777778,1.2094544429450853,10,10,9,0,4,4,11.023047633257958,balanced,6,16,4,medium,0.055,latency
27,sync_instruction,Synchronous instructions,amber>mint>cobalt>depot,1,121,9.68,98,23,0.19008264462809918,0,0.0,0,0.0,0.4300047339877743,6,4,4,0,4,4,8.007247329992211,balanced,6,16,4,medium,0.055,latency
27,async_online,Asynchronous online,amber>mint>cobalt>depot,1,102,8.16,97,5,0.049019607843137254,5,0.05154639175257732,5,0.05154639175257732,0.3751025138629619,3,4,4,0,4,4,6.828289721215745,balanced,6,16,4,medium,0.055,latency
28,direct_blocking,Direct planner actions,amber>cobalt>depot,1,238,19.04,166,72,0.3025210084033613,9,0.05421686746987952,51,0.3072289156626506,1.2040046042708759,62,12,12,0,3,3,8.375761317081725,balanced,6,16,4,medium,0.055,latency
28,sync_instruction,Synchronous instructions,amber>cobalt>depot,1,89,7.12,72,17,0.19101123595505617,0,0.0,0,0.0,0.44364971271213877,13,3,3,0,3,3,5.427416628631729,balanced,6,16,4,medium,0.055,latency
28,async_online,Asynchronous online,amber>cobalt>depot,1,77,6.16,72,5,0.06493506493506493,0,0.0,0,0.0,0.4236634522592724,11,3,3,0,3,3,4.761592209210639,balanced,6,16,4,medium,0.055,latency
29,direct_blocking,Direct planner actions,mint>cobalt>amber>depot,0,260,20.8,182,78,0.3,14,0.07692307692307693,56,0.3076923076923077,1.2325726132437245,47,13,13,0,3,4,12.292982285421362,balanced,6,16,4,medium,0.055,latency
29,sync_instruction,Synchronous instructions,mint>cobalt>amber>depot,1,100,8.0,77,23,0.23,0,0.0,0,0.0,0.45103248005846264,10,4,4,0,4,4,6.434849734665089,balanced,6,16,4,medium,0.055,latency
29,async_online,Asynchronous online,mint>cobalt>amber>depot,1,89,7.12,84,5,0.056179775280898875,8,0.09523809523809523,8,0.09523809523809523,0.38935779210015814,8,4,4,0,4,4,5.803662443923999,balanced,6,16,4,medium,0.055,latency
30,direct_blocking,Direct planner actions,amber>mint>cobalt>depot,0,260,20.8,182,78,0.3,17,0.09340659340659341,59,0.3241758241758242,1.2031977164134193,22,13,13,0,3,4,14.302063953293716,balanced,6,16,4,medium,0.055,latency
30,sync_instruction,Synchronous instructions,amber>mint>cobalt>depot,1,123,9.84,100,23,0.18699186991869918,0,0.0,0,0.0,0.3964165937687586,11,4,4,0,4,4,7.810875070081073,balanced,6,16,4,medium,0.055,latency
30,async_online,Asynchronous online,amber>mint>cobalt>depot,1,104,8.32,99,5,0.04807692307692308,7,0.0707070707070707,7,0.0707070707070707,0.35459132439404395,5,4,4,0,4,4,6.761756715905065,balanced,6,16,4,medium,0.055,latency
31,direct_blocking,Direct planner actions,mint>amber>depot,1,138,11.040000000000001,96,42,0.30434782608695654,6,0.0625,20,0.20833333333333334,1.305785620574754,26,7,7,0,3,3,6.413142651461205,balanced,6,16,4,medium,0.055,latency
31,sync_instruction,Synchronous instructions,mint>amber>depot,1,82,6.5600000000000005,65,17,0.2073170731707317,0,0.0,0,0.0,0.3964326978250362,2,3,3,0,3,3,5.781595309129998,balanced,6,16,4,medium,0.055,latency
31,async_online,Asynchronous online,mint>amber>depot,1,71,5.68,66,5,0.07042253521126761,5,0.07575757575757576,5,0.07575757575757576,0.3469112029867629,0,3,3,0,3,3,4.969055791050287,balanced,6,16,4,medium,0.055,latency
0,direct_blocking,Direct planner actions,mint>cobalt>amber>depot,1,231,18.48,123,108,0.4675324675324675,14,0.11382113821138211,31,0.25203252032520324,1.2355212061327778,31,9,9,0,4,4,11.149602135705313,balanced,12,16,4,medium,0.055,latency
0,sync_instruction,Synchronous instructions,mint>cobalt>amber>depot,0,260,20.8,237,23,0.08846153846153847,0,0.0,222,0.9367088607594937,0.1395084595435539,2,2,2,0,1,4,1.9438949896333892,balanced,12,16,4,medium,0.055,latency
0,async_online,Asynchronous online,mint>cobalt>amber>depot,0,260,20.8,249,11,0.04230769230769231,6,0.024096385542168676,234,0.9397590361445783,0.12955031671295378,0,3,2,0,1,4,1.4280330625325242,balanced,12,16,4,medium,0.055,latency
1,direct_blocking,Direct planner actions,mint>cobalt>amber>depot,0,260,20.8,140,120,0.46153846153846156,23,0.16428571428571428,51,0.36428571428571427,1.2420940174823165,33,10,10,0,3,4,14.091960543065518,balanced,12,16,4,medium,0.055,latency
1,sync_instruction,Synchronous instructions,mint>cobalt>amber>depot,1,118,9.44,71,47,0.3983050847457627,0,0.0,0,0.0,0.46225868663839054,19,4,4,0,4,4,6.5947406267861854,balanced,12,16,4,medium,0.055,latency
1,async_online,Asynchronous online,mint>cobalt>amber>depot,1,101,8.08,90,11,0.10891089108910891,19,0.2111111111111111,19,0.2111111111111111,0.35456198865059946,5,4,4,0,4,4,5.903086203419992,balanced,12,16,4,medium,0.055,latency
2,direct_blocking,Direct planner actions,amber>mint>cobalt>depot,0,260,20.8,140,120,0.46153846153846156,10,0.07142857142857142,52,0.37142857142857144,1.157544169646124,36,10,10,0,2,4,15.062143717797397,balanced,12,16,4,medium,0.055,latency
2,sync_instruction,Synchronous instructions,amber>mint>cobalt>depot,1,151,12.08,104,47,0.31125827814569534,0,0.0,0,0.0,0.4073329795159589,21,4,4,0,4,4,8.74930577679641,balanced,12,16,4,medium,0.055,latency
2,async_online,Asynchronous online,amber>mint>cobalt>depot,1,111,8.88,100,11,0.0990990990990991,4,0.04,4,0.04,0.39827162136254385,7,4,4,0,4,4,6.815598333560965,balanced,12,16,4,medium,0.055,latency
3,direct_blocking,Direct planner actions,mint>amber>depot,1,178,14.24,94,84,0.47191011235955055,16,0.1702127659574468,30,0.3191489361702128,1.2574277819263402,20,7,7,0,3,3,7.863245133543312,balanced,12,16,4,medium,0.055,latency
3,sync_instruction,Synchronous instructions,mint>amber>depot,1,114,9.120000000000001,79,35,0.30701754385964913,0,0.0,0,0.0,0.4053972049651821,22,3,3,0,3,3,5.810453709842513,balanced,12,16,4,medium,0.055,latency
3,async_online,Asynchronous online,mint>amber>depot,1,79,6.32,68,11,0.13924050632911392,6,0.08823529411764706,6,0.08823529411764706,0.3304455137498842,0,3,3,0,3,3,5.072737711754006,balanced,12,16,4,medium,0.055,latency
4,direct_blocking,Direct planner actions,cobalt>mint>depot,1,223,17.84,115,108,0.484304932735426,7,0.06086956521739131,35,0.30434782608695654,1.1767605622352033,12,9,9,0,3,3,12.591628834777195,balanced,12,16,4,medium,0.055,latency
4,sync_instruction,Synchronous instructions,cobalt>mint>depot,1,95,7.6000000000000005,60,35,0.3684210526315789,0,0.0,0,0.0,0.46180105309326547,9,3,3,0,3,3,4.885647657040819,balanced,12,16,4,medium,0.055,latency
4,async_online,Asynchronous online,cobalt>mint>depot,1,70,5.6000000000000005,59,11,0.15714285714285714,0,0.0,0,0.0,0.43884157322862954,5,3,3,0,3,3,3.961131083041872,balanced,12,16,4,medium,0.055,latency
5,direct_blocking,Direct planner actions,amber>cobalt>depot,1,183,14.64,98,85,0.4644808743169399,17,0.17346938775510204,31,0.3163265306122449,1.2207606263374942,52,8,7,0,3,3,7.13899401005769,balanced,12,16,4,medium,0.055,latency
5,sync_instruction,Synchronous instructions,amber>cobalt>depot,1,127,10.16,92,35,0.2755905511811024,0,0.0,0,0.0,0.31788027207218855,46,3,3,0,3,3,5.630565830784892,balanced,12,16,4,medium,0.055,latency
5,async_online,Asynchronous online,amber>cobalt>depot,1,126,10.08,115,11,0.0873015873015873,12,0.10434782608695652,12,0.10434782608695652,0.2512267177680939,49,3,3,0,3,3,5.12413859874049,balanced,12,16,4,medium,0.055,latency
6,direct_blocking,Direct planner actions,cobalt>amber>mint>depot,0,260,20.8,140,120,0.46153846153846156,23,0.16428571428571428,79,0.5642857142857143,1.1793804552425289,19,10,10,0,3,4,10.880618088180041,balanced,12,16,4,medium,0.055,latency
6,sync_instruction,Synchronous instructions,cobalt>amber>mint>depot,0,260,20.8,237,23,0.08846153846153847,0,0.0,222,0.9367088607594937,0.13786010031775053,3,2,2,0,1,4,1.9269591691383956,balanced,12,16,4,medium,0.055,latency
6,async_online,Asynchronous online,cobalt>amber>mint>depot,0,260,20.8,249,11,0.04230769230769231,6,0.024096385542168676,234,0.9397590361445783,0.13124739087846293,0,3,2,0,1,4,1.4837014069965184,balanced,12,16,4,medium,0.055,latency
7,direct_blocking,Direct planner actions,amber>cobalt>depot,0,260,20.8,140,120,0.46153846153846156,28,0.2,56,0.4,1.1903336887616889,21,10,10,0,2,3,11.38403263645707,balanced,12,16,4,medium,0.055,latency
7,sync_instruction,Synchronous instructions,amber>cobalt>depot,1,112,8.96,77,35,0.3125,0,0.0,0,0.0,0.37560246671211406,25,3,3,0,3,3,5.833705688831672,balanced,12,16,4,medium,0.055,latency
7,async_online,Asynchronous online,amber>cobalt>depot,1,112,8.96,101,11,0.09821428571428571,12,0.1188118811881188,12,0.1188118811881188,0.2918708879309237,35,3,3,0,3,3,5.293738553909292,balanced,12,16,4,medium,0.055,latency
8,direct_blocking,Direct planner actions,cobalt>amber>mint>depot,1,228,18.240000000000002,120,108,0.47368421052631576,8,0.06666666666666667,8,0.06666666666666667,1.2821218697175198,41,9,9,0,4,4,8.662952897387571,balanced,12,16,4,medium,0.055,latency
8,sync_instruction,Synchronous instructions,cobalt>amber>mint>depot,1,152,12.16,105,47,0.3092105263157895,0,0.0,0,0.0,0.4078132202396367,30,4,4,0,4,4,8.146331143900118,balanced,12,16,4,medium,0.055,latency
8,async_online,Asynchronous online,cobalt>amber>mint>depot,1,108,8.64,97,11,0.10185185185185185,0,0.0,0,0.0,0.39583521738498595,11,4,4,0,4,4,6.404221712517782,balanced,12,16,4,medium,0.055,latency
9,direct_blocking,Direct planner actions,mint>amber>depot,1,228,18.240000000000002,120,108,0.47368421052631576,14,0.11666666666666667,28,0.23333333333333334,1.2581120139209452,40,9,9,0,3,3,9.247335854793837,balanced,12,16,4,medium,0.055,latency
9,sync_instruction,Synchronous instructions,mint>amber>depot,1,96,7.68,61,35,0.3645833333333333,0,0.0,0,0.0,0.41564918471099904,7,3,3,0,3,3,5.8476677246060005,balanced,12,16,4,medium,0.055,latency
9,async_online,Asynchronous online,mint>amber>depot,1,77,6.16,66,11,0.14285714285714285,7,0.10606060606060606,7,0.10606060606060606,0.3503764633650079,0,3,3,0,3,3,4.830105435807199,balanced,12,16,4,medium,0.055,latency
10,direct_blocking,Direct planner actions,amber>mint>cobalt>depot,0,260,20.8,140,120,0.46153846153846156,14,0.1,70,0.5,1.2283700530838277,34,10,10,0,2,4,7.397857296320809,balanced,12,16,4,medium,0.055,latency
10,sync_instruction,Synchronous instructions,amber>mint>cobalt>depot,1,190,15.200000000000001,143,47,0.24736842105263157,0,0.0,0,0.0,0.28934804267175557,76,4,4,0,4,4,8.551523635448222,balanced,12,16,4,medium,0.055,latency
10,async_online,Asynchronous online,amber>mint>cobalt>depot,1,127,10.16,116,11,0.08661417322834646,18,0.15517241379310345,18,0.15517241379310345,0.32359953277821496,13,4,4,0,4,4,7.412229299398792,balanced,12,16,4,medium,0.055,latency
11,direct_blocking,Direct planner actions,cobalt>amber>mint>depot,0,260,20.8,140,120,0.46153846153846156,10,0.07142857142857142,52,0.37142857142857144,1.2135239510342797,46,10,10,0,3,4,11.766031736896606,balanced,12,16,4,medium,0.055,latency
11,sync_instruction,Synchronous instructions,cobalt>amber>mint>depot,1,144,11.52,97,47,0.3263888888888889,0,0.0,0,0.0,0.38878246521485393,25,4,4,0,4,4,7.735396076510608,balanced,12,16,4,medium,0.055,latency
11,async_online,Asynchronous online,cobalt>amber>mint>depot,1,117,9.36,106,11,0.09401709401709402,12,0.11320754716981132,12,0.11320754716981132,0.33998211452108734,19,4,4,0,4,4,6.439364453485494,balanced,12,16,4,medium,0.055,latency
12,direct_blocking,Direct planner actions,amber>cobalt>depot,1,181,14.48,97,84,0.46408839779005523,11,0.1134020618556701,25,0.25773195876288657,1.241400739116883,15,7,7,0,3,3,6.7352720695189765,balanced,12,16,4,medium,0.055,latency
12,sync_instruction,Synchronous instructions,amber>cobalt>depot,0,260,20.8,249,11,0.04230769230769231,0,0.0,249,1.0,0.13167644124436015,5,1,1,0,0,3,1.5106475786493443,balanced,12,16,4,medium,0.055,latency
12,async_online,Asynchronous online,amber>cobalt>depot,0,260,20.8,249,11,0.04230769230769231,0,0.0,249,1.0,0.13167644124436015,5,2,1,0,0,3,1.5106475786493443,balanced,12,16,4,medium,0.055,latency
13,direct_blocking,Direct planner actions,mint>cobalt>amber>depot,0,260,20.8,140,120,0.46153846153846156,0,0.0,98,0.7,1.2268144231552531,32,10,10,0,1,4,12.114135237053937,balanced,12,16,4,medium,0.055,latency
13,sync_instruction,Synchronous instructions,mint>cobalt>amber>depot,1,118,9.44,71,47,0.3983050847457627,0,0.0,0,0.0,0.4680975198689147,15,4,4,0,4,4,6.473583169814221,balanced,12,16,4,medium,0.055,latency
13,async_online,Asynchronous online,mint>cobalt>amber>depot,1,100,8.0,89,11,0.11,19,0.21348314606741572,19,0.21348314606741572,0.36408019023104304,0,4,4,0,4,4,5.893610065478485,balanced,12,16,4,medium,0.055,latency
14,direct_blocking,Direct planner actions,mint>cobalt>amber>depot,1,221,17.68,113,108,0.48868778280542985,18,0.1592920353982301,35,0.30973451327433627,1.2378526133344223,19,9,9,0,4,4,12.794176907370993,balanced,12,16,4,medium,0.055,latency
14,sync_instruction,Synchronous instructions,mint>cobalt>amber>depot,1,120,9.6,73,47,0.39166666666666666,0,0.0,0,0.0,0.4615498258244188,13,4,4,0,4,4,6.872004619205611,balanced,12,16,4,medium,0.055,latency
14,async_online,Asynchronous online,mint>cobalt>amber>depot,1,101,8.08,90,11,0.10891089108910891,19,0.2111111111111111,19,0.2111111111111111,0.36131603986450656,0,4,4,0,4,4,6.023649280589489,balanced,12,16,4,medium,0.055,latency
15,direct_blocking,Direct planner actions,mint>amber>depot,1,258,20.64,138,120,0.46511627906976744,4,0.028985507246376812,32,0.2318840579710145,1.1849169697589534,23,10,10,0,3,3,12.284624116733484,balanced,12,16,4,medium,0.055,latency
15,sync_instruction,Synchronous instructions,mint>amber>depot,1,98,7.84,63,35,0.35714285714285715,0,0.0,0,0.0,0.4017984904954164,7,3,3,0,3,3,6.120233333986722,balanced,12,16,4,medium,0.055,latency
15,async_online,Asynchronous online,mint>amber>depot,1,84,6.72,73,11,0.13095238095238096,5,0.0684931506849315,5,0.0684931506849315,0.36005806744995067,6,3,3,0,3,3,4.872891889057862,balanced,12,16,4,medium,0.055,latency
16,direct_blocking,Direct planner actions,amber>mint>cobalt>depot,0,260,20.8,140,120,0.46153846153846156,6,0.04285714285714286,20,0.14285714285714285,1.2182003405252309,33,10,10,0,3,4,11.19254656117552,balanced,12,16,4,medium,0.055,latency
16,sync_instruction,Synchronous instructions,amber>mint>cobalt>depot,1,146,11.68,99,47,0.3219178082191781,0,0.0,0,0.0,0.39634171468009416,22,4,4,0,4,4,8.586191286406411,balanced,12,16,4,medium,0.055,latency
16,async_online,Asynchronous online,amber>mint>cobalt>depot,1,110,8.8,99,11,0.1,0,0.0,0,0.0,0.37105642560155166,16,4,4,0,4,4,6.546936248215795,balanced,12,16,4,medium,0.055,latency
17,direct_blocking,Direct planner actions,amber>mint>cobalt>depot,0,260,20.8,140,120,0.46153846153846156,3,0.02142857142857143,31,0.22142857142857142,1.1884298511119082,36,10,10,0,2,4,12.116405692043559,balanced,12,16,4,medium,0.055,latency
17,sync_instruction,Synchronous instructions,amber>mint>cobalt>depot,1,139,11.120000000000001,92,47,0.3381294964028777,0,0.0,0,0.0,0.3988013007638775,15,4,4,0,4,4,8.418134382863256,balanced,12,16,4,medium,0.055,latency
17,async_online,Asynchronous online,amber>mint>cobalt>depot,1,121,9.68,110,11,0.09090909090909091,1,0.00909090909090909,1,0.00909090909090909,0.3812832824388517,23,4,4,0,4,4,6.419160628773421,balanced,12,16,4,medium,0.055,latency
18,direct_blocking,Direct planner actions,mint>cobalt>amber>depot,1,229,18.32,121,108,0.47161572052401746,21,0.17355371900826447,35,0.2892561983471074,1.2392051102471138,19,9,9,0,4,4,8.579697489857354,balanced,12,16,4,medium,0.055,latency
18,sync_instruction,Synchronous instructions,mint>cobalt>amber>depot,1,117,9.36,70,47,0.4017094017094017,0,0.0,0,0.0,0.4693262141910447,15,4,4,0,4,4,6.601459045788231,balanced,12,16,4,medium,0.055,latency
18,async_online,Asynchronous online,mint>cobalt>amber>depot,1,101,8.08,90,11,0.10891089108910891,19,0.2111111111111111,19,0.2111111111111111,0.36356340118458225,0,4,4,0,4,4,5.9953394103595485,balanced,12,16,4,medium,0.055,latency
19,direct_blocking,Direct planner actions,amber>mint>cobalt>depot,0,260,20.8,140,120,0.46153846153846156,8,0.05714285714285714,50,0.35714285714285715,1.2433378646283955,41,10,10,0,2,4,9.435394464467764,balanced,12,16,4,medium,0.055,latency
19,sync_instruction,Synchronous instructions,amber>mint>cobalt>depot,1,157,12.56,110,47,0.29936305732484075,0,0.0,0,0.0,0.38452987468648336,31,4,4,0,4,4,8.51734720422476,balanced,12,16,4,medium,0.055,latency
19,async_online,Asynchronous online,amber>mint>cobalt>depot,1,130,10.4,119,11,0.08461538461538462,0,0.0,0,0.0,0.35582871545351713,29,4,4,0,4,4,6.619451475082859,balanced,12,16,4,medium,0.055,latency
20,direct_blocking,Direct planner actions,mint>cobalt>amber>depot,0,260,20.8,140,120,0.46153846153846156,4,0.02857142857142857,60,0.42857142857142855,1.1873762208758003,41,10,10,0,2,4,9.519296928326677,balanced,12,16,4,medium,0.055,latency
20,sync_instruction,Synchronous instructions,mint>cobalt>amber>depot,1,121,9.68,74,47,0.3884297520661157,0,0.0,0,0.0,0.4775477932470046,20,4,4,0,4,4,6.822938881803958,balanced,12,16,4,medium,0.055,latency
20,async_online,Asynchronous online,mint>cobalt>amber>depot,1,101,8.08,90,11,0.10891089108910891,16,0.17777777777777778,16,0.17777777777777778,0.3802916650983183,6,4,4,0,4,4,6.082783024465407,balanced,12,16,4,medium,0.055,latency
21,direct_blocking,Direct planner actions,amber>cobalt>depot,1,257,20.56,137,120,0.4669260700389105,10,0.072992700729927,38,0.2773722627737226,1.2247165660248827,31,10,10,0,3,3,13.124018738821643,balanced,12,16,4,medium,0.055,latency
21,sync_instruction,Synchronous instructions,amber>cobalt>depot,1,105,8.4,70,35,0.3333333333333333,0,0.0,0,0.0,0.3714146915073706,13,3,3,0,3,3,5.584297644750095,balanced,12,16,4,medium,0.055,latency
21,async_online,Asynchronous online,amber>cobalt>depot,1,79,6.32,68,11,0.13924050632911392,0,0.0,0,0.0,0.3515651906725732,8,3,3,0,3,3,4.538604345180022,balanced,12,16,4,medium,0.055,latency
22,direct_blocking,Direct planner actions,mint>amber>depot,1,256,20.48,136,120,0.46875,11,0.08088235294117647,39,0.2867647058823529,1.2368624187938506,37,10,10,0,3,3,11.393707418436247,balanced,12,16,4,medium,0.055,latency
22,sync_instruction,Synchronous instructions,mint>amber>depot,1,103,8.24,68,35,0.33980582524271846,0,0.0,0,0.0,0.4216395297091833,9,3,3,0,3,3,5.83665749780613,balanced,12,16,4,medium,0.055,latency
22,async_online,Asynchronous online,mint>amber>depot,1,77,6.16,66,11,0.14285714285714285,7,0.10606060606060606,7,0.10606060606060606,0.3529668964374441,0,3,3,0,3,3,4.81735909607928,balanced,12,16,4,medium,0.055,latency
23,direct_blocking,Direct planner actions,cobalt>mint>depot,1,156,12.48,84,72,0.46153846153846156,7,0.08333333333333333,7,0.08333333333333333,1.2630219559222458,22,6,6,0,3,3,5.737415101982679,balanced,12,16,4,medium,0.055,latency
23,sync_instruction,Synchronous instructions,cobalt>mint>depot,1,89,7.12,54,35,0.39325842696629215,0,0.0,0,0.0,0.4697423181076798,9,3,3,0,3,3,5.155412387170532,balanced,12,16,4,medium,0.055,latency
23,async_online,Asynchronous online,cobalt>mint>depot,1,78,6.24,67,11,0.14102564102564102,13,0.19402985074626866,13,0.19402985074626866,0.37082745299940173,0,3,3,0,3,3,4.551250917655559,balanced,12,16,4,medium,0.055,latency
24,direct_blocking,Direct planner actions,cobalt>mint>depot,1,152,12.16,80,72,0.47368421052631576,4,0.05,4,0.05,1.293635647709371,29,6,6,0,3,3,5.728858770583439,balanced,12,16,4,medium,0.055,latency
24,sync_instruction,Synchronous instructions,cobalt>mint>depot,1,99,7.92,64,35,0.35353535353535354,0,0.0,0,0.0,0.40030938249883063,24,3,3,0,3,3,4.666527223223917,balanced,12,16,4,medium,0.055,latency
24,async_online,Asynchronous online,cobalt>mint>depot,1,74,5.92,63,11,0.14864864864864866,0,0.0,0,0.0,0.38511065180547027,19,3,3,0,3,3,3.823187773059389,balanced,12,16,4,medium,0.055,latency
25,direct_blocking,Direct planner actions,cobalt>mint>depot,1,152,12.16,80,72,0.47368421052631576,17,0.2125,17,0.2125,1.2497022317142321,18,6,6,0,3,3,6.020470514499671,balanced,12,16,4,medium,0.055,latency
25,sync_instruction,Synchronous instructions,cobalt>mint>depot,1,88,7.04,53,35,0.3977272727272727,0,0.0,0,0.0,0.4640451005512056,11,3,3,0,3,3,5.034188258669273,balanced,12,16,4,medium,0.055,latency
25,async_online,Asynchronous online,cobalt>mint>depot,1,77,6.16,66,11,0.14285714285714285,13,0.19696969696969696,13,0.19696969696969696,0.361446794372053,3,3,3,0,3,3,4.42529555534481,balanced,12,16,4,medium,0.055,latency
26,direct_blocking,Direct planner actions,mint>cobalt>amber>depot,0,260,20.8,140,120,0.46153846153846156,23,0.16428571428571428,51,0.36428571428571427,1.2572906304890126,32,10,10,0,3,4,9.689829108972603,balanced,12,16,4,medium,0.055,latency
26,sync_instruction,Synchronous instructions,mint>cobalt>amber>depot,1,118,9.44,71,47,0.3983050847457627,0,0.0,0,0.0,0.4663491160200064,14,4,4,0,4,4,6.552571746122881,balanced,12,16,4,medium,0.055,latency
26,async_online,Asynchronous online,mint>cobalt>amber>depot,1,100,8.0,89,11,0.11,19,0.21348314606741572,19,0.21348314606741572,0.3639853857969538,0,4,4,0,4,4,5.913586604566593,balanced,12,16,4,medium,0.055,latency
27,direct_blocking,Direct planner actions,amber>mint>cobalt>depot,0,260,20.8,140,120,0.46153846153846156,19,0.1357142857142857,47,0.3357142857142857,1.1986795204216958,49,10,10,0,2,4,12.121556773161757,balanced,12,16,4,medium,0.055,latency
27,sync_instruction,Synchronous instructions,amber>mint>cobalt>depot,1,142,11.36,95,47,0.33098591549295775,0,0.0,0,0.0,0.4351683405442896,20,4,4,0,4,4,8.647741866747952,balanced,12,16,4,medium,0.055,latency
27,async_online,Asynchronous online,amber>mint>cobalt>depot,1,115,9.200000000000001,104,11,0.09565217391304348,5,0.04807692307692308,5,0.04807692307692308,0.42476178888124017,9,4,4,0,4,4,6.980407444357074,balanced,12,16,4,medium,0.055,latency
28,direct_blocking,Direct planner actions,amber>cobalt>depot,0,260,20.8,140,120,0.46153846153846156,0,0.0,42,0.3,1.2228213623606567,64,10,10,0,2,3,10.248797517284803,balanced,12,16,4,medium,0.055,latency
28,sync_instruction,Synchronous instructions,amber>cobalt>depot,1,125,10.0,90,35,0.28,0,0.0,0,0.0,0.36118779089853836,33,3,3,0,3,3,5.750800891327359,balanced,12,16,4,medium,0.055,latency
28,async_online,Asynchronous online,amber>cobalt>depot,1,85,6.8,74,11,0.12941176470588237,0,0.0,0,0.0,0.3887472861785869,14,3,3,0,3,3,4.790413268225003,balanced,12,16,4,medium,0.055,latency
29,direct_blocking,Direct planner actions,mint>cobalt>amber>depot,0,260,20.8,140,120,0.46153846153846156,12,0.08571428571428572,54,0.38571428571428573,1.239666557421399,35,10,10,0,3,4,9.789446384256543,balanced,12,16,4,medium,0.055,latency
29,sync_instruction,Synchronous instructions,mint>cobalt>amber>depot,1,120,9.6,73,47,0.39166666666666666,0,0.0,0,0.0,0.44578330355102674,22,4,4,0,4,4,6.769308307588012,balanced,12,16,4,medium,0.055,latency
29,async_online,Asynchronous online,mint>cobalt>amber>depot,1,101,8.08,90,11,0.10891089108910891,18,0.2,18,0.2,0.35280130665495835,8,4,4,0,4,4,6.053721222455014,balanced,12,16,4,medium,0.055,latency
30,direct_blocking,Direct planner actions,amber>mint>cobalt>depot,0,260,20.8,140,120,0.46153846153846156,25,0.17857142857142858,39,0.2785714285714286,1.217384253908931,36,10,10,0,3,4,9.593451841357835,balanced,12,16,4,medium,0.055,latency
30,sync_instruction,Synchronous instructions,amber>mint>cobalt>depot,1,143,11.44,96,47,0.32867132867132864,0,0.0,0,0.0,0.3970674211253952,15,4,4,0,4,4,8.407629261585981,balanced,12,16,4,medium,0.055,latency
30,async_online,Asynchronous online,amber>mint>cobalt>depot,1,118,9.44,107,11,0.09322033898305085,16,0.14953271028037382,16,0.14953271028037382,0.3281128777173708,5,4,4,0,4,4,7.096180030203441,balanced,12,16,4,medium,0.055,latency
31,direct_blocking,Direct planner actions,mint>amber>depot,1,204,16.32,108,96,0.47058823529411764,7,0.06481481481481481,21,0.19444444444444445,1.19366429701788,13,8,8,0,3,3,10.814955271341395,balanced,12,16,4,medium,0.055,latency
31,sync_instruction,Synchronous instructions,mint>amber>depot,1,98,7.84,63,35,0.35714285714285715,0,0.0,0,0.0,0.4057866284977831,9,3,3,0,3,3,6.119326982978959,balanced,12,16,4,medium,0.055,latency
31,async_online,Asynchronous online,mint>amber>depot,1,79,6.32,68,11,0.13924050632911392,6,0.08823529411764706,6,0.08823529411764706,0.3359964409223033,0,3,3,0,3,3,5.117532397927396,balanced,12,16,4,medium,0.055,latency
0,direct_blocking,Direct planner actions,mint>cobalt>amber>depot,0,260,20.8,92,168,0.6461538461538462,14,0.15217391304347827,31,0.33695652173913043,1.2221958521305096,45,7,7,0,3,4,8.948436976798645,balanced,24,16,4,medium,0.055,latency
0,sync_instruction,Synchronous instructions,mint>cobalt>amber>depot,0,260,20.8,213,47,0.18076923076923077,0,0.0,198,0.9295774647887324,0.14576139599465046,6,2,2,0,1,4,2.0268611333316975,balanced,24,16,4,medium,0.055,latency
0,async_online,Asynchronous online,mint>cobalt>amber>depot,0,260,20.8,237,23,0.08846153846153847,13,0.05485232067510549,222,0.9367088607594937,0.13283382138736125,0,3,2,0,1,4,1.466570288609077,balanced,24,16,4,medium,0.055,latency
1,direct_blocking,Direct planner actions,mint>cobalt>amber>depot,0,260,20.8,92,168,0.6461538461538462,14,0.15217391304347827,42,0.45652173913043476,1.264996113827333,66,7,7,0,1,4,10.197305428798378,balanced,24,16,4,medium,0.055,latency
1,sync_instruction,Synchronous instructions,mint>cobalt>amber>depot,1,166,13.280000000000001,71,95,0.572289156626506,0,0.0,0,0.0,0.4600820917108184,31,4,4,0,4,4,6.59945347854056,balanced,24,16,4,medium,0.055,latency
1,async_online,Asynchronous online,mint>cobalt>amber>depot,1,131,10.48,108,23,0.17557251908396945,38,0.35185185185185186,38,0.35185185185185186,0.31915976111382993,5,4,4,0,4,4,6.040497560979513,balanced,24,16,4,medium,0.055,latency
2,direct_blocking,Direct planner actions,amber>mint>cobalt>depot,0,260,20.8,92,168,0.6461538461538462,0,0.0,42,0.45652173913043476,1.1340144318885594,63,7,7,0,0,4,13.350613048606158,balanced,24,16,4,medium,0.055,latency
2,sync_instruction,Synchronous instructions,amber>mint>cobalt>depot,1,200,16.0,105,95,0.475,0,0.0,0,0.0,0.4162013679330608,31,4,4,0,4,4,8.822544024016098,balanced,24,16,4,medium,0.055,latency
2,async_online,Asynchronous online,amber>mint>cobalt>depot,1,153,12.24,130,23,0.1503267973856209,37,0.2846153846153846,37,0.2846153846153846,0.34674928511502445,7,4,4,0,4,4,7.517095821745189,balanced,24,16,4,medium,0.055,latency
3,direct_blocking,Direct planner actions,mint>amber>depot,0,260,20.8,92,168,0.6461538461538462,17,0.18478260869565216,31,0.33695652173913043,1.2620255714183308,27,7,7,0,2,3,7.886075704148053,balanced,24,16,4,medium,0.055,latency
3,sync_instruction,Synchronous instructions,mint>amber>depot,1,152,12.16,81,71,0.46710526315789475,0,0.0,0,0.0,0.35786294640683564,28,3,3,0,3,3,5.982981813282175,balanced,24,16,4,medium,0.055,latency
3,async_online,Asynchronous online,mint>amber>depot,1,128,10.24,105,23,0.1796875,12,0.11428571428571428,12,0.11428571428571428,0.28689675197676534,35,3,3,0,3,3,4.786130624803295,balanced,24,16,4,medium,0.055,latency
4,direct_blocking,Direct planner actions,cobalt>mint>depot,0,260,20.8,92,168,0.6461538461538462,4,0.043478260869565216,26,0.2826086956521739,1.1863701915172964,42,7,7,0,2,3,8.039424894627333,balanced,24,16,4,medium,0.055,latency
4,sync_instruction,Synchronous instructions,cobalt>mint>depot,1,132,10.56,61,71,0.5378787878787878,0,0.0,0,0.0,0.45774670521527294,15,3,3,0,3,3,5.067735376206981,balanced,24,16,4,medium,0.055,latency
4,async_online,Asynchronous online,cobalt>mint>depot,1,109,8.72,86,23,0.21100917431192662,26,0.3023255813953488,26,0.3023255813953488,0.34692939193365485,5,3,3,0,3,3,4.475232144909893,balanced,24,16,4,medium,0.055,latency
5,direct_blocking,Direct planner actions,amber>cobalt>depot,0,260,20.8,92,168,0.6461538461538462,20,0.21739130434782608,34,0.3695652173913043,1.2297280996768412,50,7,7,0,2,3,7.647050992000622,balanced,24,16,4,medium,0.055,latency
5,sync_instruction,Synchronous instructions,amber>cobalt>depot,1,141,11.28,70,71,0.5035460992907801,0,0.0,0,0.0,0.40923381696754685,31,3,3,0,3,3,5.646534261161673,balanced,24,16,4,medium,0.055,latency
5,async_online,Asynchronous online,amber>cobalt>depot,1,126,10.08,103,23,0.18253968253968253,25,0.24271844660194175,25,0.24271844660194175,0.3091767909652039,22,3,3,0,3,3,5.1124352227732714,balanced,24,16,4,medium,0.055,latency
6,direct_blocking,Direct planner actions,cobalt>amber>mint>depot,0,260,20.8,92,168,0.6461538461538462,19,0.20652173913043478,55,0.5978260869565217,1.2054093140879778,21,7,7,0,2,4,7.646637358291923,balanced,24,16,4,medium,0.055,latency
6,sync_instruction,Synchronous instructions,cobalt>amber>mint>depot,0,260,20.8,213,47,0.18076923076923077,0,0.0,198,0.9295774647887324,0.1388099457665127,4,2,2,0,1,4,1.8990565596659383,balanced,24,16,4,medium,0.055,latency
6,async_online,Asynchronous online,cobalt>amber>mint>depot,0,260,20.8,237,23,0.08846153846153847,13,0.05485232067510549,222,0.9367088607594937,0.13187065987705476,0,3,2,0,1,4,1.513957341936138,balanced,24,16,4,medium,0.055,latency
7,direct_blocking,Direct planner actions,amber>cobalt>depot,0,260,20.8,92,168,0.6461538461538462,28,0.30434782608695654,42,0.45652173913043476,1.1933414620607632,44,7,7,0,2,3,7.486548049790075,balanced,24,16,4,medium,0.055,latency
7,sync_instruction,Synchronous instructions,amber>cobalt>depot,1,168,13.44,97,71,0.4226190476190476,0,0.0,0,0.0,0.3235235482035338,65,3,3,0,3,3,5.8421914096469605,balanced,24,16,4,medium,0.055,latency
7,async_online,Asynchronous online,amber>cobalt>depot,1,122,9.76,99,23,0.1885245901639344,8,0.08080808080808081,8,0.08080808080808081,0.26970148309184494,42,3,3,0,3,3,5.035547029716274,balanced,24,16,4,medium,0.055,latency
8,direct_blocking,Direct planner actions,cobalt>amber>mint>depot,0,260,20.8,92,168,0.6461538461538462,20,0.21739130434782608,34,0.3695652173913043,1.2292910903940608,45,7,7,0,2,4,6.459216388165202,balanced,24,16,4,medium,0.055,latency
8,sync_instruction,Synchronous instructions,cobalt>amber>mint>depot,1,186,14.88,91,95,0.510752688172043,0,0.0,0,0.0,0.41201749021099476,31,4,4,0,4,4,8.219534517585693,balanced,24,16,4,medium,0.055,latency
8,async_online,Asynchronous online,cobalt>amber>mint>depot,1,139,11.120000000000001,116,23,0.16546762589928057,24,0.20689655172413793,24,0.20689655172413793,0.3568679500089097,12,4,4,0,4,4,7.141269383845992,balanced,24,16,4,medium,0.055,latency
9,direct_blocking,Direct planner actions,mint>amber>depot,1,225,18.0,81,144,0.64,15,0.18518518518518517,15,0.18518518518518517,1.2368275283424737,45,6,6,0,3,3,6.575397080653009,balanced,24,16,4,medium,0.055,latency
9,sync_instruction,Synchronous instructions,mint>amber>depot,1,162,12.96,91,71,0.4382716049382716,0,0.0,0,0.0,0.3624459378476895,49,3,3,0,3,3,5.7216546131346195,balanced,24,16,4,medium,0.055,latency
9,async_online,Asynchronous online,mint>amber>depot,1,102,8.16,79,23,0.22549019607843138,19,0.24050632911392406,19,0.24050632911392406,0.30270303855841885,9,3,3,0,3,3,5.126915324010483,balanced,24,16,4,medium,0.055,latency
10,direct_blocking,Direct planner actions,amber>mint>cobalt>depot,0,260,20.8,92,168,0.6461538461538462,14,0.15217391304347827,64,0.6956521739130435,1.213391232698094,22,7,7,0,1,4,5.415762641209942,balanced,24,16,4,medium,0.055,latency
10,sync_instruction,Synchronous instructions,amber>mint>cobalt>depot,1,194,15.52,99,95,0.4896907216494845,0,0.0,0,0.0,0.3847669208137843,59,4,4,0,4,4,8.552891215234185,balanced,24,16,4,medium,0.055,latency
10,async_online,Asynchronous online,amber>mint>cobalt>depot,1,176,14.08,153,23,0.13068181818181818,33,0.21568627450980393,33,0.21568627450980393,0.28121241494737875,37,4,4,0,4,4,7.568433500292082,balanced,24,16,4,medium,0.055,latency
11,direct_blocking,Direct planner actions,cobalt>amber>mint>depot,0,260,20.8,92,168,0.6461538461538462,20,0.21739130434782608,34,0.3695652173913043,1.2780264869763978,68,7,7,0,2,4,6.5877117003927035,balanced,24,16,4,medium,0.055,latency
11,sync_instruction,Synchronous instructions,cobalt>amber>mint>depot,1,187,14.96,92,95,0.5080213903743316,0,0.0,0,0.0,0.42173921872104947,43,4,4,0,4,4,7.885041386864079,balanced,24,16,4,medium,0.055,latency
11,async_online,Asynchronous online,cobalt>amber>mint>depot,1,136,10.88,113,23,0.16911764705882354,24,0.21238938053097345,24,0.21238938053097345,0.3372063831819171,22,4,4,0,4,4,6.66513870678198,balanced,24,16,4,medium,0.055,latency
12,direct_blocking,Direct planner actions,amber>cobalt>depot,0,260,20.8,92,168,0.6461538461538462,9,0.09782608695652174,23,0.25,1.245479475418055,27,7,7,0,2,3,7.439844160275743,balanced,24,16,4,medium,0.055,latency
12,sync_instruction,Synchronous instructions,amber>cobalt>depot,0,260,20.8,237,23,0.08846153846153847,0,0.0,237,1.0,0.12393089417518403,7,1,1,0,0,3,1.6648855262091005,balanced,24,16,4,medium,0.055,latency
12,async_online,Asynchronous online,amber>cobalt>depot,0,260,20.8,237,23,0.08846153846153847,0,0.0,237,1.0,0.12393089417518403,7,2,1,0,0,3,1.6648855262091005,balanced,24,16,4,medium,0.055,latency
13,direct_blocking,Direct planner actions,mint>cobalt>amber>depot,0,260,20.8,92,168,0.6461538461538462,0,0.0,56,0.6086956521739131,1.2629004359709077,17,7,7,0,1,4,7.844695098308375,balanced,24,16,4,medium,0.055,latency
13,sync_instruction,Synchronous instructions,mint>cobalt>amber>depot,1,164,13.120000000000001,69,95,0.5792682926829268,0,0.0,0,0.0,0.48184595897818217,18,4,4,0,4,4,6.494662569960945,balanced,24,16,4,medium,0.055,latency
13,async_online,Asynchronous online,mint>cobalt>amber>depot,1,131,10.48,108,23,0.17557251908396945,39,0.3611111111111111,39,0.3611111111111111,0.3291367653348566,2,4,4,0,4,4,6.044207055799306,balanced,24,16,4,medium,0.055,latency
14,direct_blocking,Direct planner actions,mint>cobalt>amber>depot,0,260,20.8,92,168,0.6461538461538462,16,0.17391304347826086,38,0.41304347826086957,1.279489791744779,49,7,7,0,2,4,7.6844079383363235,balanced,24,16,4,medium,0.055,latency
14,sync_instruction,Synchronous instructions,mint>cobalt>amber>depot,1,182,14.56,87,95,0.521978021978022,0,0.0,0,0.0,0.39197881823128733,34,4,4,0,4,4,6.841752670943058,balanced,24,16,4,medium,0.055,latency
14,async_online,Asynchronous online,mint>cobalt>amber>depot,1,134,10.72,111,23,0.17164179104477612,25,0.22522522522522523,25,0.22522522522522523,0.3063674057057206,16,4,4,0,4,4,5.824499292377946,balanced,24,16,4,medium,0.055,latency
15,direct_blocking,Direct planner actions,mint>amber>depot,0,260,20.8,92,168,0.6461538461538462,20,0.21739130434782608,28,0.30434782608695654,1.2083434801203883,50,7,7,0,2,3,9.770434430361428,balanced,24,16,4,medium,0.055,latency
15,sync_instruction,Synchronous instructions,mint>amber>depot,1,138,11.040000000000001,67,71,0.5144927536231884,0,0.0,0,0.0,0.4195228073003328,24,3,3,0,3,3,6.123936518942808,balanced,24,16,4,medium,0.055,latency
15,async_online,Asynchronous online,mint>amber>depot,1,102,8.16,79,23,0.22549019607843138,19,0.24050632911392406,19,0.24050632911392406,0.31582160175981,0,3,3,0,3,3,5.289105507386193,balanced,24,16,4,medium,0.055,latency
16,direct_blocking,Direct planner actions,amber>mint>cobalt>depot,0,260,20.8,92,168,0.6461538461538462,5,0.05434782608695652,19,0.20652173913043478,1.2097450027480632,51,7,7,0,2,4,7.110871301141361,balanced,24,16,4,medium,0.055,latency
16,sync_instruction,Synchronous instructions,amber>mint>cobalt>depot,1,217,17.36,122,95,0.4377880184331797,0,0.0,0,0.0,0.38311420437199883,67,4,4,0,4,4,8.743842932924489,balanced,24,16,4,medium,0.055,latency
16,async_online,Asynchronous online,amber>mint>cobalt>depot,1,150,12.0,127,23,0.15333333333333332,29,0.2283464566929134,29,0.2283464566929134,0.33406457912096055,20,4,4,0,4,4,7.239994345032757,balanced,24,16,4,medium,0.055,latency
17,direct_blocking,Direct planner actions,amber>mint>cobalt>depot,0,260,20.8,92,168,0.6461538461538462,18,0.1956521739130435,40,0.43478260869565216,1.161854634332065,39,7,7,0,2,4,8.007872041311312,balanced,24,16,4,medium,0.055,latency
17,sync_instruction,Synchronous instructions,amber>mint>cobalt>depot,1,195,15.6,100,95,0.48717948717948717,0,0.0,0,0.0,0.37912057368264895,44,4,4,0,4,4,8.374427848813662,balanced,24,16,4,medium,0.055,latency
17,async_online,Asynchronous online,amber>mint>cobalt>depot,1,151,12.08,128,23,0.152317880794702,37,0.2890625,37,0.2890625,0.3132905856749295,13,4,4,0,4,4,7.395792016055508,balanced,24,16,4,medium,0.055,latency
18,direct_blocking,Direct planner actions,mint>cobalt>amber>depot,0,260,20.8,92,168,0.6461538461538462,23,0.25,31,0.33695652173913043,1.2169318094366017,38,7,7,0,3,4,6.812063313963956,balanced,24,16,4,medium,0.055,latency
18,sync_instruction,Synchronous instructions,mint>cobalt>amber>depot,1,166,13.280000000000001,71,95,0.572289156626506,0,0.0,0,0.0,0.45687734399919977,17,4,4,0,4,4,6.566174159946866,balanced,24,16,4,medium,0.055,latency
18,async_online,Asynchronous online,mint>cobalt>amber>depot,1,131,10.48,108,23,0.17557251908396945,37,0.3425925925925926,37,0.3425925925925926,0.3151653727370277,0,4,4,0,4,4,6.143309074349535,balanced,24,16,4,medium,0.055,latency
19,direct_blocking,Direct planner actions,amber>mint>cobalt>depot,0,260,20.8,92,168,0.6461538461538462,1,0.010869565217391304,29,0.31521739130434784,1.1560402624138777,72,7,7,0,1,4,9.72919155313461,balanced,24,16,4,medium,0.055,latency
19,sync_instruction,Synchronous instructions,amber>mint>cobalt>depot,1,215,17.2,120,95,0.4418604651162791,0,0.0,0,0.0,0.3888614665072852,43,4,4,0,4,4,8.875460730186122,balanced,24,16,4,medium,0.055,latency
19,async_online,Asynchronous online,amber>mint>cobalt>depot,1,150,12.0,127,23,0.15333333333333332,30,0.23622047244094488,30,0.23622047244094488,0.351720665170008,12,4,4,0,4,4,7.264614061524532,balanced,24,16,4,medium,0.055,latency
20,direct_blocking,Direct planner actions,mint>cobalt>amber>depot,0,260,20.8,92,168,0.6461538461538462,17,0.18478260869565216,25,0.2717391304347826,1.223825874806001,75,7,7,0,2,4,7.0662902938274,balanced,24,16,4,medium,0.055,latency
20,sync_instruction,Synchronous instructions,mint>cobalt>amber>depot,1,168,13.44,73,95,0.5654761904761905,0,0.0,0,0.0,0.47328968479705963,24,4,4,0,4,4,6.833637241638945,balanced,24,16,4,medium,0.055,latency
20,async_online,Asynchronous online,mint>cobalt>amber>depot,1,131,10.48,108,23,0.17557251908396945,36,0.3333333333333333,36,0.3333333333333333,0.3379881913640139,11,4,4,0,4,4,6.367487952978004,balanced,24,16,4,medium,0.055,latency
21,direct_blocking,Direct planner actions,amber>cobalt>depot,0,260,20.8,92,168,0.6461538461538462,0,0.0,14,0.15217391304347827,1.1953074658784277,56,7,7,0,2,3,8.079032712370251,balanced,24,16,4,medium,0.055,latency
21,sync_instruction,Synchronous instructions,amber>cobalt>depot,1,134,10.72,63,71,0.5298507462686567,0,0.0,0,0.0,0.4327896946534372,35,3,3,0,3,3,5.670957426028672,balanced,24,16,4,medium,0.055,latency
21,async_online,Asynchronous online,amber>cobalt>depot,1,105,8.4,82,23,0.21904761904761905,25,0.3048780487804878,25,0.3048780487804878,0.2947487302803564,0,3,3,0,3,3,5.108519384447644,balanced,24,16,4,medium,0.055,latency
22,direct_blocking,Direct planner actions,mint>amber>depot,0,260,20.8,92,168,0.6461538461538462,6,0.06521739130434782,34,0.3695652173913043,1.2860479573294137,44,7,7,0,1,3,6.583681437757192,balanced,24,16,4,medium,0.055,latency
22,sync_instruction,Synchronous instructions,mint>amber>depot,1,138,11.040000000000001,67,71,0.5144927536231884,0,0.0,0,0.0,0.4378410277264889,23,3,3,0,3,3,5.987113872502125,balanced,24,16,4,medium,0.055,latency
22,async_online,Asynchronous online,mint>amber>depot,1,101,8.08,78,23,0.22772277227722773,19,0.24358974358974358,19,0.24358974358974358,0.316518550886281,0,3,3,0,3,3,5.236512246140838,balanced,24,16,4,medium,0.055,latency
23,direct_blocking,Direct planner actions,cobalt>mint>depot,1,260,20.8,92,168,0.6461538461538462,18,0.1956521739130435,18,0.1956521739130435,1.2784718920613398,46,7,7,0,3,3,6.777074398729872,balanced,24,16,4,medium,0.055,latency
23,sync_instruction,Synchronous instructions,cobalt>mint>depot,1,132,10.56,61,71,0.5378787878787878,0,0.0,0,0.0,0.4543395802151198,13,3,3,0,3,3,5.220154757434789,balanced,24,16,4,medium,0.055,latency
23,async_online,Asynchronous online,cobalt>mint>depot,1,109,8.72,86,23,0.21100917431192662,26,0.3023255813953488,26,0.3023255813953488,0.34187451110104855,4,3,3,0,3,3,4.596659477381288,balanced,24,16,4,medium,0.055,latency
24,direct_blocking,Direct planner actions,cobalt>mint>depot,1,229,18.32,84,145,0.6331877729257642,18,0.21428571428571427,18,0.21428571428571427,1.3080155542252843,40,7,6,0,3,3,5.945713091162954,balanced,24,16,4,medium,0.055,latency
24,sync_instruction,Synchronous instructions,cobalt>mint>depot,1,124,9.92,53,71,0.5725806451612904,0,0.0,0,0.0,0.4417627495630783,31,3,3,0,3,3,4.7561101105575,balanced,24,16,4,medium,0.055,latency
24,async_online,Asynchronous online,cobalt>mint>depot,1,101,8.08,78,23,0.22772277227722773,26,0.3333333333333333,26,0.3333333333333333,0.32675623198603937,12,3,3,0,3,3,4.246724832719149,balanced,24,16,4,medium,0.055,latency
25,direct_blocking,Direct planner actions,cobalt>mint>depot,1,223,17.84,79,144,0.6457399103139013,28,0.35443037974683544,28,0.35443037974683544,1.2947281292975945,19,6,6,0,3,3,6.455174555472702,balanced,24,16,4,medium,0.055,latency
25,sync_instruction,Synchronous instructions,cobalt>mint>depot,1,124,9.92,53,71,0.5725806451612904,0,0.0,0,0.0,0.4854650084821771,25,3,3,0,3,3,5.095586712811588,balanced,24,16,4,medium,0.055,latency
25,async_online,Asynchronous online,cobalt>mint>depot,1,101,8.08,78,23,0.22772277227722773,26,0.3333333333333333,26,0.3333333333333333,0.34119321710767697,3,3,3,0,3,3,4.550439364161676,balanced,24,16,4,medium,0.055,latency
26,direct_blocking,Direct planner actions,mint>cobalt>amber>depot,0,260,20.8,92,168,0.6461538461538462,3,0.03260869565217391,17,0.18478260869565216,1.2255560449620437,51,7,7,0,3,4,10.350359116835888,balanced,24,16,4,medium,0.055,latency
26,sync_instruction,Synchronous instructions,mint>cobalt>amber>depot,1,165,13.200000000000001,70,95,0.5757575757575758,0,0.0,0,0.0,0.48006716049107234,22,4,4,0,4,4,6.585686661737033,balanced,24,16,4,medium,0.055,latency
26,async_online,Asynchronous online,mint>cobalt>amber>depot,1,131,10.48,108,23,0.17557251908396945,38,0.35185185185185186,38,0.35185185185185186,0.3342181280382873,0,4,4,0,4,4,6.048865796844802,balanced,24,16,4,medium,0.055,latency
27,direct_blocking,Direct planner actions,amber>mint>cobalt>depot,0,260,20.8,92,168,0.6461538461538462,11,0.11956521739130435,11,0.11956521739130435,1.2138258099403727,27,7,7,0,3,4,7.92892199025912,balanced,24,16,4,medium,0.055,latency
27,sync_instruction,Synchronous instructions,amber>mint>cobalt>depot,1,201,16.080000000000002,106,95,0.472636815920398,0,0.0,0,0.0,0.405921200949538,54,4,4,0,4,4,8.572997351094607,balanced,24,16,4,medium,0.055,latency
27,async_online,Asynchronous online,amber>mint>cobalt>depot,1,158,12.64,135,23,0.14556962025316456,36,0.26666666666666666,36,0.26666666666666666,0.3100532183522285,10,4,4,0,4,4,7.657757479981364,balanced,24,16,4,medium,0.055,latency
28,direct_blocking,Direct planner actions,amber>cobalt>depot,0,260,20.8,92,168,0.6461538461538462,0,0.0,28,0.30434782608695654,1.1929930743373385,45,7,7,0,1,3,10.76953760774625,balanced,24,16,4,medium,0.055,latency
28,sync_instruction,Synchronous instructions,amber>cobalt>depot,1,142,11.36,71,71,0.5,0,0.0,0,0.0,0.402115892521374,28,3,3,0,3,3,5.9365462698705995,balanced,24,16,4,medium,0.055,latency
28,async_online,Asynchronous online,amber>cobalt>depot,1,130,10.4,107,23,0.17692307692307693,24,0.22429906542056074,24,0.22429906542056074,0.32153346181446035,24,3,3,0,3,3,5.143382713108907,balanced,24,16,4,medium,0.055,latency
29,direct_blocking,Direct planner actions,mint>cobalt>amber>depot,0,260,20.8,92,168,0.6461538461538462,28,0.30434782608695654,42,0.45652173913043476,1.2409220874787343,38,7,7,0,2,4,8.275707657039359,balanced,24,16,4,medium,0.055,latency
29,sync_instruction,Synchronous instructions,mint>cobalt>amber>depot,1,168,13.44,73,95,0.5654761904761905,0,0.0,0,0.0,0.4642030307227821,24,4,4,0,4,4,6.831721706650856,balanced,24,16,4,medium,0.055,latency
29,async_online,Asynchronous online,mint>cobalt>amber>depot,1,131,10.48,108,23,0.17557251908396945,37,0.3425925925925926,37,0.3425925925925926,0.320307874661314,8,4,4,0,4,4,6.196611767174895,balanced,24,16,4,medium,0.055,latency
30,direct_blocking,Direct planner actions,amber>mint>cobalt>depot,0,260,20.8,92,168,0.6461538461538462,2,0.021739130434782608,16,0.17391304347826086,1.2021664502471,70,7,7,0,1,4,6.5384001547196355,balanced,24,16,4,medium,0.055,latency
30,sync_instruction,Synchronous instructions,amber>mint>cobalt>depot,1,188,15.040000000000001,93,95,0.5053191489361702,0,0.0,0,0.0,0.385811021599429,35,4,4,0,4,4,8.428702452440957,balanced,24,16,4,medium,0.055,latency
30,async_online,Asynchronous online,amber>mint>cobalt>depot,1,144,11.52,121,23,0.1597222222222222,33,0.2727272727272727,33,0.2727272727272727,0.30036382388781585,6,4,4,0,4,4,7.295666451083205,balanced,24,16,4,medium,0.055,latency
31,direct_blocking,Direct planner actions,mint>amber>depot,0,260,20.8,92,168,0.6461538461538462,20,0.21739130434782608,34,0.3695652173913043,1.245573852923639,28,7,7,0,2,3,8.087462158550315,balanced,24,16,4,medium,0.055,latency
31,sync_instruction,Synchronous instructions,mint>amber>depot,1,133,10.64,62,71,0.5338345864661654,0,0.0,0,0.0,0.40374480110553895,11,3,3,0,3,3,6.030060186349312,balanced,24,16,4,medium,0.055,latency
31,async_online,Asynchronous online,mint>amber>depot,1,105,8.4,82,23,0.21904761904761905,12,0.14634146341463414,12,0.14634146341463414,0.35129408023621433,9,3,3,0,3,3,4.89417444850704,balanced,24,16,4,medium,0.055,latency
0,async_online,Asynchronous online,mint>cobalt>amber>depot,0,260,20.8,251,9,0.03461538461538462,0,0.0,236,0.9402390438247012,0.12952713684732134,0,3,2,0,1,4,1.420299389308866,balanced,10,4,4,medium,0.055,cadence
1,async_online,Asynchronous online,mint>cobalt>amber>depot,1,80,6.4,71,9,0.1125,0,0.0,0,0.0,0.43064796807540895,5,4,4,0,4,4,5.453587284350282,balanced,10,4,4,medium,0.055,cadence
2,async_online,Asynchronous online,amber>mint>cobalt>depot,1,103,8.24,94,9,0.08737864077669903,0,0.0,0,0.0,0.37647986421818513,5,4,4,0,4,4,6.615980839624925,balanced,10,4,4,medium,0.055,cadence
3,async_online,Asynchronous online,mint>amber>depot,1,71,5.68,62,9,0.1267605633802817,0,0.0,0,0.0,0.35127275215118814,0,3,3,0,3,3,4.727842487762468,balanced,10,4,4,medium,0.055,cadence
4,async_online,Asynchronous online,cobalt>mint>depot,1,67,5.36,58,9,0.13432835820895522,0,0.0,0,0.0,0.43438142207893243,3,3,3,0,3,3,3.9748570485886927,balanced,10,4,4,medium,0.055,cadence
5,async_online,Asynchronous online,amber>cobalt>depot,1,77,6.16,68,9,0.11688311688311688,0,0.0,0,0.0,0.3818692090066829,10,3,3,0,3,3,4.666754219659431,balanced,10,4,4,medium,0.055,cadence
6,async_online,Asynchronous online,cobalt>amber>mint>depot,0,260,20.8,251,9,0.03461538461538462,0,0.0,236,0.9402390438247012,0.13124597456998502,0,3,2,0,1,4,1.4846187628755607,balanced,10,4,4,medium,0.055,cadence
7,async_online,Asynchronous online,amber>cobalt>depot,1,77,6.16,68,9,0.11688311688311688,0,0.0,0,0.0,0.36433601500535523,7,3,3,0,3,3,4.879776127643899,balanced,10,4,4,medium,0.055,cadence
8,async_online,Asynchronous online,cobalt>amber>mint>depot,1,96,7.68,87,9,0.09375,0,0.0,0,0.0,0.37124298060040206,1,4,4,0,4,4,6.716474300081789,balanced,10,4,4,medium,0.055,cadence
9,async_online,Asynchronous online,mint>amber>depot,1,68,5.44,59,9,0.1323529411764706,0,0.0,0,0.0,0.384096413403533,0,3,3,0,3,3,4.441569530356565,balanced,10,4,4,medium,0.055,cadence
10,async_online,Asynchronous online,amber>mint>cobalt>depot,1,109,8.72,100,9,0.08256880733944955,0,0.0,0,0.0,0.36362797438110755,15,4,4,0,4,4,6.6592158351345265,balanced,10,4,4,medium,0.055,cadence
11,async_online,Asynchronous online,cobalt>amber>mint>depot,1,116,9.28,107,9,0.07758620689655173,0,0.0,0,0.0,0.3513382531633381,29,4,4,0,4,4,6.095238011570332,balanced,10,4,4,medium,0.055,cadence
12,async_online,Asynchronous online,amber>cobalt>depot,0,260,20.8,251,9,0.03461538461538462,0,0.0,251,1.0,0.1314369852623746,6,2,1,0,0,3,1.5045713067862596,balanced,10,4,4,medium,0.055,cadence
13,async_online,Asynchronous online,mint>cobalt>amber>depot,1,79,6.32,70,9,0.11392405063291139,0,0.0,0,0.0,0.4278648366001358,0,4,4,0,4,4,5.498446419120261,balanced,10,4,4,medium,0.055,cadence
14,async_online,Asynchronous online,mint>cobalt>amber>depot,1,80,6.4,71,9,0.1125,0,0.0,0,0.0,0.4225814736647636,0,4,4,0,4,4,5.555267112751885,balanced,10,4,4,medium,0.055,cadence
15,async_online,Asynchronous online,mint>amber>depot,1,76,6.08,67,9,0.11842105263157894,0,0.0,0,0.0,0.39494444084166214,4,3,3,0,3,3,4.544184671149138,balanced,10,4,4,medium,0.055,cadence
16,async_online,Asynchronous online,amber>mint>cobalt>depot,1,108,8.64,99,9,0.08333333333333333,0,0.0,0,0.0,0.3735537574638179,13,4,4,0,4,4,6.6887472674010375,balanced,10,4,4,medium,0.055,cadence
17,async_online,Asynchronous online,amber>mint>cobalt>depot,1,124,9.92,115,9,0.07258064516129033,0,0.0,0,0.0,0.3699250083425968,30,4,4,0,4,4,6.32646223103235,balanced,10,4,4,medium,0.055,cadence
18,async_online,Asynchronous online,mint>cobalt>amber>depot,1,80,6.4,71,9,0.1125,0,0.0,0,0.0,0.4203379749754889,0,4,4,0,4,4,5.585963648117357,balanced,10,4,4,medium,0.055,cadence
19,async_online,Asynchronous online,amber>mint>cobalt>depot,1,130,10.4,121,9,0.06923076923076923,0,0.0,0,0.0,0.3478824877499541,32,4,4,0,4,4,6.56642562075555,balanced,10,4,4,medium,0.055,cadence
20,async_online,Asynchronous online,mint>cobalt>amber>depot,1,83,6.640000000000001,74,9,0.10843373493975904,0,0.0,0,0.0,0.4314032784904003,3,4,4,0,4,4,5.878969133116046,balanced,10,4,4,medium,0.055,cadence
21,async_online,Asynchronous online,amber>cobalt>depot,1,79,6.32,70,9,0.11392405063291139,0,0.0,0,0.0,0.3436232250806123,10,3,3,0,3,3,4.539862910796945,balanced,10,4,4,medium,0.055,cadence
22,async_online,Asynchronous online,mint>amber>depot,1,71,5.68,62,9,0.1267605633802817,0,0.0,0,0.0,0.3941383140312097,1,3,3,0,3,3,4.341180536450383,balanced,10,4,4,medium,0.055,cadence
23,async_online,Asynchronous online,cobalt>mint>depot,1,63,5.04,54,9,0.14285714285714285,0,0.0,0,0.0,0.42395032429600965,0,3,3,0,3,3,4.202340000250664,balanced,10,4,4,medium,0.055,cadence
24,async_online,Asynchronous online,cobalt>mint>depot,1,62,4.96,53,9,0.14516129032258066,0,0.0,0,0.0,0.4258837926864009,6,3,3,0,3,3,3.8062439155468706,balanced,10,4,4,medium,0.055,cadence
25,async_online,Asynchronous online,cobalt>mint>depot,1,62,4.96,53,9,0.14516129032258066,0,0.0,0,0.0,0.42879607554373245,3,3,3,0,3,3,4.068756025345557,balanced,10,4,4,medium,0.055,cadence
26,async_online,Asynchronous online,mint>cobalt>amber>depot,1,80,6.4,71,9,0.1125,0,0.0,0,0.0,0.42962117398824295,0,4,4,0,4,4,5.5175781338897165,balanced,10,4,4,medium,0.055,cadence
27,async_online,Asynchronous online,amber>mint>cobalt>depot,1,102,8.16,93,9,0.08823529411764706,0,0.0,0,0.0,0.38988913882481985,4,4,4,0,4,4,6.537931606678069,balanced,10,4,4,medium,0.055,cadence
28,async_online,Asynchronous online,amber>cobalt>depot,1,84,6.72,75,9,0.10714285714285714,0,0.0,0,0.0,0.38816625569083757,15,3,3,0,3,3,4.795949699119446,balanced,10,4,4,medium,0.055,cadence
29,async_online,Asynchronous online,mint>cobalt>amber>depot,1,83,6.640000000000001,74,9,0.10843373493975904,0,0.0,0,0.0,0.40114104413160434,9,4,4,0,4,4,5.675034591559251,balanced,10,4,4,medium,0.055,cadence
30,async_online,Asynchronous online,amber>mint>cobalt>depot,1,103,8.24,94,9,0.08737864077669903,0,0.0,0,0.0,0.37029241276395963,5,4,4,0,4,4,6.545551422146249,balanced,10,4,4,medium,0.055,cadence
31,async_online,Asynchronous online,mint>amber>depot,1,70,5.6000000000000005,61,9,0.12857142857142856,0,0.0,0,0.0,0.37083225733520847,0,3,3,0,3,3,4.666206187609916,balanced,10,4,4,medium,0.055,cadence
0,async_online,Asynchronous online,mint>cobalt>amber>depot,0,260,20.8,251,9,0.03461538461538462,0,0.0,236,0.9402390438247012,0.12952713684732134,0,3,2,0,1,4,1.420299389308866,balanced,10,8,4,medium,0.055,cadence
1,async_online,Asynchronous online,mint>cobalt>amber>depot,1,80,6.4,71,9,0.1125,0,0.0,0,0.0,0.43064796807540895,5,4,4,0,4,4,5.453587284350282,balanced,10,8,4,medium,0.055,cadence
2,async_online,Asynchronous online,amber>mint>cobalt>depot,1,103,8.24,94,9,0.08737864077669903,0,0.0,0,0.0,0.37647986421818513,5,4,4,0,4,4,6.615980839624925,balanced,10,8,4,medium,0.055,cadence
3,async_online,Asynchronous online,mint>amber>depot,1,71,5.68,62,9,0.1267605633802817,0,0.0,0,0.0,0.35127275215118814,0,3,3,0,3,3,4.727842487762468,balanced,10,8,4,medium,0.055,cadence
4,async_online,Asynchronous online,cobalt>mint>depot,1,67,5.36,58,9,0.13432835820895522,0,0.0,0,0.0,0.43438142207893243,3,3,3,0,3,3,3.9748570485886927,balanced,10,8,4,medium,0.055,cadence
5,async_online,Asynchronous online,amber>cobalt>depot,1,77,6.16,68,9,0.11688311688311688,0,0.0,0,0.0,0.3818692090066829,10,3,3,0,3,3,4.666754219659431,balanced,10,8,4,medium,0.055,cadence
6,async_online,Asynchronous online,cobalt>amber>mint>depot,0,260,20.8,251,9,0.03461538461538462,0,0.0,236,0.9402390438247012,0.13124597456998502,0,3,2,0,1,4,1.4846187628755607,balanced,10,8,4,medium,0.055,cadence
7,async_online,Asynchronous online,amber>cobalt>depot,1,77,6.16,68,9,0.11688311688311688,0,0.0,0,0.0,0.36433601500535523,7,3,3,0,3,3,4.879776127643899,balanced,10,8,4,medium,0.055,cadence
8,async_online,Asynchronous online,cobalt>amber>mint>depot,1,96,7.68,87,9,0.09375,0,0.0,0,0.0,0.37124298060040206,1,4,4,0,4,4,6.716474300081789,balanced,10,8,4,medium,0.055,cadence
9,async_online,Asynchronous online,mint>amber>depot,1,68,5.44,59,9,0.1323529411764706,0,0.0,0,0.0,0.384096413403533,0,3,3,0,3,3,4.441569530356565,balanced,10,8,4,medium,0.055,cadence
10,async_online,Asynchronous online,amber>mint>cobalt>depot,1,109,8.72,100,9,0.08256880733944955,0,0.0,0,0.0,0.36362797438110755,15,4,4,0,4,4,6.6592158351345265,balanced,10,8,4,medium,0.055,cadence
11,async_online,Asynchronous online,cobalt>amber>mint>depot,1,116,9.28,107,9,0.07758620689655173,0,0.0,0,0.0,0.3513382531633381,29,4,4,0,4,4,6.095238011570332,balanced,10,8,4,medium,0.055,cadence
12,async_online,Asynchronous online,amber>cobalt>depot,0,260,20.8,251,9,0.03461538461538462,0,0.0,251,1.0,0.1314369852623746,6,2,1,0,0,3,1.5045713067862596,balanced,10,8,4,medium,0.055,cadence
13,async_online,Asynchronous online,mint>cobalt>amber>depot,1,79,6.32,70,9,0.11392405063291139,0,0.0,0,0.0,0.4278648366001358,0,4,4,0,4,4,5.498446419120261,balanced,10,8,4,medium,0.055,cadence
14,async_online,Asynchronous online,mint>cobalt>amber>depot,1,80,6.4,71,9,0.1125,0,0.0,0,0.0,0.4225814736647636,0,4,4,0,4,4,5.555267112751885,balanced,10,8,4,medium,0.055,cadence
15,async_online,Asynchronous online,mint>amber>depot,1,76,6.08,67,9,0.11842105263157894,0,0.0,0,0.0,0.39494444084166214,4,3,3,0,3,3,4.544184671149138,balanced,10,8,4,medium,0.055,cadence
16,async_online,Asynchronous online,amber>mint>cobalt>depot,1,108,8.64,99,9,0.08333333333333333,0,0.0,0,0.0,0.3735537574638179,13,4,4,0,4,4,6.6887472674010375,balanced,10,8,4,medium,0.055,cadence
17,async_online,Asynchronous online,amber>mint>cobalt>depot,1,124,9.92,115,9,0.07258064516129033,0,0.0,0,0.0,0.3699250083425968,30,4,4,0,4,4,6.32646223103235,balanced,10,8,4,medium,0.055,cadence
18,async_online,Asynchronous online,mint>cobalt>amber>depot,1,80,6.4,71,9,0.1125,0,0.0,0,0.0,0.4203379749754889,0,4,4,0,4,4,5.585963648117357,balanced,10,8,4,medium,0.055,cadence
19,async_online,Asynchronous online,amber>mint>cobalt>depot,1,130,10.4,121,9,0.06923076923076923,0,0.0,0,0.0,0.3478824877499541,32,4,4,0,4,4,6.56642562075555,balanced,10,8,4,medium,0.055,cadence
20,async_online,Asynchronous online,mint>cobalt>amber>depot,1,83,6.640000000000001,74,9,0.10843373493975904,0,0.0,0,0.0,0.4314032784904003,3,4,4,0,4,4,5.878969133116046,balanced,10,8,4,medium,0.055,cadence
21,async_online,Asynchronous online,amber>cobalt>depot,1,79,6.32,70,9,0.11392405063291139,0,0.0,0,0.0,0.3436232250806123,10,3,3,0,3,3,4.539862910796945,balanced,10,8,4,medium,0.055,cadence
22,async_online,Asynchronous online,mint>amber>depot,1,71,5.68,62,9,0.1267605633802817,0,0.0,0,0.0,0.3941383140312097,1,3,3,0,3,3,4.341180536450383,balanced,10,8,4,medium,0.055,cadence
23,async_online,Asynchronous online,cobalt>mint>depot,1,63,5.04,54,9,0.14285714285714285,0,0.0,0,0.0,0.42395032429600965,0,3,3,0,3,3,4.202340000250664,balanced,10,8,4,medium,0.055,cadence
24,async_online,Asynchronous online,cobalt>mint>depot,1,62,4.96,53,9,0.14516129032258066,0,0.0,0,0.0,0.4258837926864009,6,3,3,0,3,3,3.8062439155468706,balanced,10,8,4,medium,0.055,cadence
25,async_online,Asynchronous online,cobalt>mint>depot,1,62,4.96,53,9,0.14516129032258066,0,0.0,0,0.0,0.42879607554373245,3,3,3,0,3,3,4.068756025345557,balanced,10,8,4,medium,0.055,cadence
26,async_online,Asynchronous online,mint>cobalt>amber>depot,1,80,6.4,71,9,0.1125,0,0.0,0,0.0,0.42962117398824295,0,4,4,0,4,4,5.5175781338897165,balanced,10,8,4,medium,0.055,cadence
27,async_online,Asynchronous online,amber>mint>cobalt>depot,1,102,8.16,93,9,0.08823529411764706,0,0.0,0,0.0,0.38988913882481985,4,4,4,0,4,4,6.537931606678069,balanced,10,8,4,medium,0.055,cadence
28,async_online,Asynchronous online,amber>cobalt>depot,1,84,6.72,75,9,0.10714285714285714,0,0.0,0,0.0,0.38816625569083757,15,3,3,0,3,3,4.795949699119446,balanced,10,8,4,medium,0.055,cadence
29,async_online,Asynchronous online,mint>cobalt>amber>depot,1,83,6.640000000000001,74,9,0.10843373493975904,0,0.0,0,0.0,0.40114104413160434,9,4,4,0,4,4,5.675034591559251,balanced,10,8,4,medium,0.055,cadence
30,async_online,Asynchronous online,amber>mint>cobalt>depot,1,103,8.24,94,9,0.08737864077669903,0,0.0,0,0.0,0.37029241276395963,5,4,4,0,4,4,6.545551422146249,balanced,10,8,4,medium,0.055,cadence
31,async_online,Asynchronous online,mint>amber>depot,1,70,5.6000000000000005,61,9,0.12857142857142856,0,0.0,0,0.0,0.37083225733520847,0,3,3,0,3,3,4.666206187609916,balanced,10,8,4,medium,0.055,cadence
0,async_online,Asynchronous online,mint>cobalt>amber>depot,0,260,20.8,251,9,0.03461538461538462,6,0.02390438247011952,236,0.9402390438247012,0.12952713684732134,0,3,2,0,1,4,1.420299389308866,balanced,10,16,4,medium,0.055,cadence
1,async_online,Asynchronous online,mint>cobalt>amber>depot,1,97,7.76,88,9,0.09278350515463918,17,0.19318181818181818,17,0.19318181818181818,0.366176297021732,5,4,4,0,4,4,5.8915901647237305,balanced,10,16,4,medium,0.055,cadence
2,async_online,Asynchronous online,amber>mint>cobalt>depot,1,104,8.32,95,9,0.08653846153846154,1,0.010526315789473684,1,0.010526315789473684,0.3792915818921359,5,4,4,0,4,4,6.6820024718920115,balanced,10,16,4,medium,0.055,cadence
3,async_online,Asynchronous online,mint>amber>depot,1,76,6.08,67,9,0.11842105263157894,5,0.07462686567164178,5,0.07462686567164178,0.3357807455544317,0,3,3,0,3,3,5.009488609725764,balanced,10,16,4,medium,0.055,cadence
4,async_online,Asynchronous online,cobalt>mint>depot,1,79,6.32,70,9,0.11392405063291139,12,0.17142857142857143,12,0.17142857142857143,0.3844636847543489,3,3,3,0,3,3,4.117276952646823,balanced,10,16,4,medium,0.055,cadence
5,async_online,Asynchronous online,amber>cobalt>depot,1,124,9.92,115,9,0.07258064516129033,10,0.08695652173913043,10,0.08695652173913043,0.24911868687997352,52,3,3,0,3,3,5.07304176817131,balanced,10,16,4,medium,0.055,cadence
6,async_online,Asynchronous online,cobalt>amber>mint>depot,0,260,20.8,251,9,0.03461538461538462,6,0.02390438247011952,236,0.9402390438247012,0.13124597456998502,0,3,2,0,1,4,1.4846187628755607,balanced,10,16,4,medium,0.055,cadence
7,async_online,Asynchronous online,amber>cobalt>depot,1,95,7.6000000000000005,86,9,0.09473684210526316,10,0.11627906976744186,10,0.11627906976744186,0.36168131413552235,15,3,3,0,3,3,5.24066295736338,balanced,10,16,4,medium,0.055,cadence
8,async_online,Asynchronous online,cobalt>amber>mint>depot,1,104,8.32,95,9,0.08653846153846154,9,0.09473684210526316,9,0.09473684210526316,0.35262094597558535,1,4,4,0,4,4,7.016750338181877,balanced,10,16,4,medium,0.055,cadence
9,async_online,Asynchronous online,mint>amber>depot,1,74,5.92,65,9,0.12162162162162163,7,0.1076923076923077,7,0.1076923076923077,0.35777117370869504,0,3,3,0,3,3,4.7586345505985586,balanced,10,16,4,medium,0.055,cadence
10,async_online,Asynchronous online,amber>mint>cobalt>depot,1,106,8.48,97,9,0.08490566037735849,5,0.05154639175257732,5,0.05154639175257732,0.3717358216077902,6,4,4,0,4,4,6.959881401570132,balanced,10,16,4,medium,0.055,cadence
11,async_online,Asynchronous online,cobalt>amber>mint>depot,1,115,9.200000000000001,106,9,0.0782608695652174,10,0.09433962264150944,10,0.09433962264150944,0.339163728894923,21,4,4,0,4,4,6.352383219508866,balanced,10,16,4,medium,0.055,cadence
12,async_online,Asynchronous online,amber>cobalt>depot,0,260,20.8,251,9,0.03461538461538462,0,0.0,251,1.0,0.1314369852623746,6,2,1,0,0,3,1.5045713067862596,balanced,10,16,4,medium,0.055,cadence
13,async_online,Asynchronous online,mint>cobalt>amber>depot,1,96,7.68,87,9,0.09375,17,0.19540229885057472,17,0.19540229885057472,0.3614202219685835,0,4,4,0,4,4,5.869953013888921,balanced,10,16,4,medium,0.055,cadence
14,async_online,Asynchronous online,mint>cobalt>amber>depot,1,97,7.76,88,9,0.09278350515463918,17,0.19318181818181818,17,0.19318181818181818,0.36719423548723784,0,4,4,0,4,4,6.014953128578844,balanced,10,16,4,medium,0.055,cadence
15,async_online,Asynchronous online,mint>amber>depot,1,83,6.640000000000001,74,9,0.10843373493975904,5,0.06756756756756757,5,0.06756756756756757,0.3655205754324119,7,3,3,0,3,3,4.888682462761409,balanced,10,16,4,medium,0.055,cadence
16,async_online,Asynchronous online,amber>mint>cobalt>depot,1,108,8.64,99,9,0.08333333333333333,0,0.0,0,0.0,0.3735537574638179,13,4,4,0,4,4,6.6887472674010375,balanced,10,16,4,medium,0.055,cadence
17,async_online,Asynchronous online,amber>mint>cobalt>depot,1,124,9.92,115,9,0.07258064516129033,0,0.0,0,0.0,0.3699250083425968,30,4,4,0,4,4,6.32646223103235,balanced,10,16,4,medium,0.055,cadence
18,async_online,Asynchronous online,mint>cobalt>amber>depot,1,96,7.68,87,9,0.09375,17,0.19540229885057472,17,0.19540229885057472,0.3623305827421185,0,4,4,0,4,4,5.988097853847531,balanced,10,16,4,medium,0.055,cadence
19,async_online,Asynchronous online,amber>mint>cobalt>depot,1,130,10.4,121,9,0.06923076923076923,0,0.0,0,0.0,0.3478824877499541,32,4,4,0,4,4,6.56642562075555,balanced,10,16,4,medium,0.055,cadence
20,async_online,Asynchronous online,mint>cobalt>amber>depot,1,97,7.76,88,9,0.09278350515463918,14,0.1590909090909091,14,0.1590909090909091,0.38576009053809285,3,4,4,0,4,4,6.131109134442714,balanced,10,16,4,medium,0.055,cadence
21,async_online,Asynchronous online,amber>cobalt>depot,1,79,6.32,70,9,0.11392405063291139,0,0.0,0,0.0,0.3436232250806123,10,3,3,0,3,3,4.539862910796945,balanced,10,16,4,medium,0.055,cadence
22,async_online,Asynchronous online,mint>amber>depot,1,74,5.92,65,9,0.12162162162162163,6,0.09230769230769231,6,0.09230769230769231,0.3494689991069015,0,3,3,0,3,3,4.744247751613647,balanced,10,16,4,medium,0.055,cadence
23,async_online,Asynchronous online,cobalt>mint>depot,1,74,5.92,65,9,0.12162162162162163,11,0.16923076923076924,11,0.16923076923076924,0.37212999526969237,0,3,3,0,3,3,4.543936548516894,balanced,10,16,4,medium,0.055,cadence
24,async_online,Asynchronous online,cobalt>mint>depot,1,74,5.92,65,9,0.12162162162162163,12,0.18461538461538463,12,0.18461538461538463,0.37100065394952186,6,3,3,0,3,3,4.154463585172086,balanced,10,16,4,medium,0.055,cadence
25,async_online,Asynchronous online,cobalt>mint>depot,1,73,5.84,64,9,0.1232876712328767,12,0.1875,12,0.1875,0.37098568730690273,3,3,3,0,3,3,4.412293145849958,balanced,10,16,4,medium,0.055,cadence
26,async_online,Asynchronous online,mint>cobalt>amber>depot,1,96,7.68,87,9,0.09375,17,0.19540229885057472,17,0.19540229885057472,0.36742284207162074,0,4,4,0,4,4,5.8989940617524015,balanced,10,16,4,medium,0.055,cadence
27,async_online,Asynchronous online,amber>mint>cobalt>depot,1,115,9.200000000000001,106,9,0.0782608695652174,5,0.04716981132075472,5,0.04716981132075472,0.4093584764711212,11,4,4,0,4,4,6.959761931835963,balanced,10,16,4,medium,0.055,cadence
28,async_online,Asynchronous online,amber>cobalt>depot,1,84,6.72,75,9,0.10714285714285714,0,0.0,0,0.0,0.38816625569083757,15,3,3,0,3,3,4.795949699119446,balanced,10,16,4,medium,0.055,cadence
29,async_online,Asynchronous online,mint>cobalt>amber>depot,1,97,7.76,88,9,0.09278350515463918,14,0.1590909090909091,14,0.1590909090909091,0.36019862211917303,9,4,4,0,4,4,5.9565997272283315,balanced,10,16,4,medium,0.055,cadence
30,async_online,Asynchronous online,amber>mint>cobalt>depot,1,115,9.200000000000001,106,9,0.0782608695652174,14,0.1320754716981132,14,0.1320754716981132,0.34904012072070273,6,4,4,0,4,4,7.008007617657807,balanced,10,16,4,medium,0.055,cadence
31,async_online,Asynchronous online,mint>amber>depot,1,76,6.08,67,9,0.11842105263157894,5,0.07462686567164178,5,0.07462686567164178,0.3385711634365447,0,3,3,0,3,3,5.043727995749374,balanced,10,16,4,medium,0.055,cadence
0,async_online,Asynchronous online,mint>cobalt>amber>depot,0,260,20.8,251,9,0.03461538461538462,13,0.05179282868525897,236,0.9402390438247012,0.12952713684732134,0,3,2,0,1,4,1.420299389308866,balanced,10,32,4,medium,0.055,cadence
1,async_online,Asynchronous online,mint>cobalt>amber>depot,1,118,9.44,109,9,0.07627118644067797,39,0.3577981651376147,39,0.3577981651376147,0.3170861406349438,5,4,4,0,4,4,6.05316802327909,balanced,10,32,4,medium,0.055,cadence
2,async_online,Asynchronous online,amber>mint>cobalt>depot,1,142,11.36,133,9,0.06338028169014084,31,0.23308270676691728,31,0.23308270676691728,0.3390125598447405,14,4,4,0,4,4,7.411188130193273,balanced,10,32,4,medium,0.055,cadence
3,async_online,Asynchronous online,mint>amber>depot,1,89,7.12,80,9,0.10112359550561797,13,0.1625,13,0.1625,0.35771682101094593,7,3,3,0,3,3,4.832570575478153,balanced,10,32,4,medium,0.055,cadence
4,async_online,Asynchronous online,cobalt>mint>depot,1,93,7.44,84,9,0.0967741935483871,26,0.30952380952380953,26,0.30952380952380953,0.3378940128061525,3,3,3,0,3,3,4.415999103122342,balanced,10,32,4,medium,0.055,cadence
5,async_online,Asynchronous online,amber>cobalt>depot,1,130,10.4,121,9,0.06923076923076923,26,0.21487603305785125,26,0.21487603305785125,0.2612129313862944,41,3,3,0,3,3,5.1743336096476895,balanced,10,32,4,medium,0.055,cadence
6,async_online,Asynchronous online,cobalt>amber>mint>depot,0,260,20.8,251,9,0.03461538461538462,13,0.05179282868525897,236,0.9402390438247012,0.13124597456998502,0,3,2,0,1,4,1.4846187628755607,balanced,10,32,4,medium,0.055,cadence
7,async_online,Asynchronous online,amber>cobalt>depot,1,117,9.36,108,9,0.07692307692307693,26,0.24074074074074073,26,0.24074074074074073,0.29862455259369963,24,3,3,0,3,3,5.3781790373148075,balanced,10,32,4,medium,0.055,cadence
8,async_online,Asynchronous online,cobalt>amber>mint>depot,1,131,10.48,122,9,0.06870229007633588,26,0.21311475409836064,26,0.21311475409836064,0.3572663264050901,13,4,4,0,4,4,7.022576670251172,balanced,10,32,4,medium,0.055,cadence
9,async_online,Asynchronous online,mint>amber>depot,1,88,7.04,79,9,0.10227272727272728,21,0.26582278481012656,21,0.26582278481012656,0.3182284884946569,0,3,3,0,3,3,5.13236289884007,balanced,10,32,4,medium,0.055,cadence
10,async_online,Asynchronous online,amber>mint>cobalt>depot,1,135,10.8,126,9,0.06666666666666667,35,0.2777777777777778,35,0.2777777777777778,0.3022168883426248,10,4,4,0,4,4,7.662880335401054,balanced,10,32,4,medium,0.055,cadence
11,async_online,Asynchronous online,cobalt>amber>mint>depot,1,127,10.16,118,9,0.07086614173228346,28,0.23728813559322035,28,0.23728813559322035,0.32658467538216035,15,4,4,0,4,4,6.738342416175128,balanced,10,32,4,medium,0.055,cadence
12,async_online,Asynchronous online,amber>cobalt>depot,0,260,20.8,251,9,0.03461538461538462,0,0.0,251,1.0,0.1314369852623746,6,2,1,0,0,3,1.5045713067862596,balanced,10,32,4,medium,0.055,cadence
13,async_online,Asynchronous online,mint>cobalt>amber>depot,1,118,9.44,109,9,0.07627118644067797,39,0.3577981651376147,39,0.3577981651376147,0.32401565855488373,0,4,4,0,4,4,6.031033726369863,balanced,10,32,4,medium,0.055,cadence
14,async_online,Asynchronous online,mint>cobalt>amber>depot,1,118,9.44,109,9,0.07627118644067797,39,0.3577981651376147,39,0.3577981651376147,0.32273722174468505,0,4,4,0,4,4,6.1609817339813295,balanced,10,32,4,medium,0.055,cadence
15,async_online,Asynchronous online,mint>amber>depot,1,90,7.2,81,9,0.1,18,0.2222222222222222,18,0.2222222222222222,0.3384237712967071,2,3,3,0,3,3,5.160467833651527,balanced,10,32,4,medium,0.055,cadence
16,async_online,Asynchronous online,amber>mint>cobalt>depot,1,136,10.88,127,9,0.0661764705882353,35,0.2755905511811024,35,0.2755905511811024,0.32323781180542854,10,4,4,0,4,4,7.4716669016363,balanced,10,32,4,medium,0.055,cadence
17,async_online,Asynchronous online,amber>mint>cobalt>depot,1,132,10.56,123,9,0.06818181818181818,32,0.2601626016260163,32,0.2601626016260163,0.3155858695526751,6,4,4,0,4,4,7.317318711947766,balanced,10,32,4,medium,0.055,cadence
18,async_online,Asynchronous online,mint>cobalt>amber>depot,1,118,9.44,109,9,0.07627118644067797,39,0.3577981651376147,39,0.3577981651376147,0.32093383665659925,0,4,4,0,4,4,6.143367574716987,balanced,10,32,4,medium,0.055,cadence
19,async_online,Asynchronous online,amber>mint>cobalt>depot,1,144,11.52,135,9,0.0625,27,0.2,27,0.2,0.3036223913264296,21,4,4,0,4,4,7.360028703540597,balanced,10,32,4,medium,0.055,cadence
20,async_online,Asynchronous online,mint>cobalt>amber>depot,1,121,9.68,112,9,0.0743801652892562,39,0.3482142857142857,39,0.3482142857142857,0.32850065785245885,3,4,4,0,4,4,6.379039048951695,balanced,10,32,4,medium,0.055,cadence
21,async_online,Asynchronous online,amber>cobalt>depot,1,104,8.32,95,9,0.08653846153846154,25,0.2631578947368421,25,0.2631578947368421,0.3205599091453414,11,3,3,0,3,3,5.065554474800062,balanced,10,32,4,medium,0.055,cadence
22,async_online,Asynchronous online,mint>amber>depot,1,89,7.12,80,9,0.10112359550561797,13,0.1625,13,0.1625,0.35704026257152854,6,3,3,0,3,3,4.820661478272553,balanced,10,32,4,medium,0.055,cadence
23,async_online,Asynchronous online,cobalt>mint>depot,1,88,7.04,79,9,0.10227272727272728,26,0.3291139240506329,26,0.3291139240506329,0.33590837569899407,0,3,3,0,3,3,4.672235446144823,balanced,10,32,4,medium,0.055,cadence
24,async_online,Asynchronous online,cobalt>mint>depot,1,88,7.04,79,9,0.10227272727272728,26,0.3291139240506329,26,0.3291139240506329,0.32700331394752796,6,3,3,0,3,3,4.283614116995039,balanced,10,32,4,medium,0.055,cadence
25,async_online,Asynchronous online,cobalt>mint>depot,1,87,6.96,78,9,0.10344827586206896,26,0.3333333333333333,26,0.3333333333333333,0.33222590917903294,3,3,3,0,3,3,4.496847213044811,balanced,10,32,4,medium,0.055,cadence
26,async_online,Asynchronous online,mint>cobalt>amber>depot,1,118,9.44,109,9,0.07627118644067797,39,0.3577981651376147,39,0.3577981651376147,0.3264655300954581,0,4,4,0,4,4,6.030769987194542,balanced,10,32,4,medium,0.055,cadence
27,async_online,Asynchronous online,amber>mint>cobalt>depot,1,148,11.84,139,9,0.060810810810810814,25,0.17985611510791366,25,0.17985611510791366,0.3211834916671251,29,4,4,0,4,4,7.2892235306925075,balanced,10,32,4,medium,0.055,cadence
28,async_online,Asynchronous online,amber>cobalt>depot,1,130,10.4,121,9,0.06923076923076923,25,0.2066115702479339,25,0.2066115702479339,0.2866182506537552,41,3,3,0,3,3,5.28211222692716,balanced,10,32,4,medium,0.055,cadence
29,async_online,Asynchronous online,mint>cobalt>amber>depot,1,121,9.68,112,9,0.0743801652892562,39,0.3482142857142857,39,0.3482142857142857,0.3080818551664449,9,4,4,0,4,4,6.177027072569458,balanced,10,32,4,medium,0.055,cadence
30,async_online,Asynchronous online,amber>mint>cobalt>depot,1,128,10.24,119,9,0.0703125,35,0.29411764705882354,35,0.29411764705882354,0.29400630259668814,1,4,4,0,4,4,7.357750562572012,balanced,10,32,4,medium,0.055,cadence
31,async_online,Asynchronous online,mint>amber>depot,1,90,7.2,81,9,0.1,21,0.25925925925925924,21,0.25925925925925924,0.3130151835304946,0,3,3,0,3,3,5.401488157916544,balanced,10,32,4,medium,0.055,cadence
0,async_online,Asynchronous online,mint>cobalt>amber>depot,0,260,20.8,251,9,0.03461538461538462,2,0.00796812749003984,236,0.9402390438247012,0.12952713684732134,0,3,2,0,1,4,1.420299389308866,balanced,10,16,0,medium,0.055,staleness
1,async_online,Asynchronous online,mint>cobalt>amber>depot,1,89,7.12,80,9,0.10112359550561797,9,0.1125,9,0.1125,0.39591640704911457,5,4,4,0,4,4,5.696029912164157,balanced,10,16,0,medium,0.055,staleness
2,async_online,Asynchronous online,amber>mint>cobalt>depot,1,103,8.24,94,9,0.08737864077669903,0,0.0,0,0.0,0.37647986421818513,5,4,4,0,4,4,6.615980839624925,balanced,10,16,0,medium,0.055,staleness
3,async_online,Asynchronous online,mint>amber>depot,1,71,5.68,62,9,0.1267605633802817,1,0.016129032258064516,1,0.016129032258064516,0.35085731089860284,0,3,3,0,3,3,4.741289691602152,balanced,10,16,0,medium,0.055,staleness
4,async_online,Asynchronous online,cobalt>mint>depot,1,67,5.36,58,9,0.13432835820895522,0,0.0,0,0.0,0.43438142207893243,3,3,3,0,3,3,3.9748570485886927,balanced,10,16,0,medium,0.055,staleness
5,async_online,Asynchronous online,amber>cobalt>depot,1,108,8.64,99,9,0.08333333333333333,5,0.050505050505050504,5,0.050505050505050504,0.28357584847576683,39,3,3,0,3,3,4.943213660280994,balanced,10,16,0,medium,0.055,staleness
6,async_online,Asynchronous online,cobalt>amber>mint>depot,0,260,20.8,251,9,0.03461538461538462,2,0.00796812749003984,236,0.9402390438247012,0.13124597456998502,0,3,2,0,1,4,1.4846187628755607,balanced,10,16,0,medium,0.055,staleness
7,async_online,Asynchronous online,amber>cobalt>depot,1,81,6.48,72,9,0.1111111111111111,5,0.06944444444444445,5,0.06944444444444445,0.3612374302102172,6,3,3,0,3,3,5.111731033338017,balanced,10,16,0,medium,0.055,staleness
8,async_online,Asynchronous online,cobalt>amber>mint>depot,1,96,7.68,87,9,0.09375,0,0.0,0,0.0,0.37124298060040206,1,4,4,0,4,4,6.716474300081789,balanced,10,16,0,medium,0.055,staleness
9,async_online,Asynchronous online,mint>amber>depot,1,71,5.68,62,9,0.1267605633802817,3,0.04838709677419355,3,0.04838709677419355,0.3622298473463562,0,3,3,0,3,3,4.645328065248064,balanced,10,16,0,medium,0.055,staleness
10,async_online,Asynchronous online,amber>mint>cobalt>depot,1,107,8.56,98,9,0.08411214953271028,1,0.01020408163265306,1,0.01020408163265306,0.37912395891851547,12,4,4,0,4,4,6.684432413908599,balanced,10,16,0,medium,0.055,staleness
11,async_online,Asynchronous online,cobalt>amber>mint>depot,1,116,9.28,107,9,0.07758620689655173,0,0.0,0,0.0,0.3513382531633381,29,4,4,0,4,4,6.095238011570332,balanced,10,16,0,medium,0.055,staleness
12,async_online,Asynchronous online,amber>cobalt>depot,0,260,20.8,251,9,0.03461538461538462,0,0.0,251,1.0,0.1314369852623746,6,2,1,0,0,3,1.5045713067862596,balanced,10,16,0,medium,0.055,staleness
13,async_online,Asynchronous online,mint>cobalt>amber>depot,1,88,7.04,79,9,0.10227272727272728,9,0.11392405063291139,9,0.11392405063291139,0.3939852300756696,0,4,4,0,4,4,5.6878614647372325,balanced,10,16,0,medium,0.055,staleness
14,async_online,Asynchronous online,mint>cobalt>amber>depot,1,89,7.12,80,9,0.10112359550561797,9,0.1125,9,0.1125,0.3972219227305852,0,4,4,0,4,4,5.806749152864432,balanced,10,16,0,medium,0.055,staleness
15,async_online,Asynchronous online,mint>amber>depot,1,77,6.16,68,9,0.11688311688311688,1,0.014705882352941176,1,0.014705882352941176,0.38026792552424565,4,3,3,0,3,3,4.610239881932709,balanced,10,16,0,medium,0.055,staleness
16,async_online,Asynchronous online,amber>mint>cobalt>depot,1,108,8.64,99,9,0.08333333333333333,0,0.0,0,0.0,0.3735537574638179,13,4,4,0,4,4,6.6887472674010375,balanced,10,16,0,medium,0.055,staleness
17,async_online,Asynchronous online,amber>mint>cobalt>depot,1,124,9.92,115,9,0.07258064516129033,0,0.0,0,0.0,0.3699250083425968,30,4,4,0,4,4,6.32646223103235,balanced,10,16,0,medium,0.055,staleness
18,async_online,Asynchronous online,mint>cobalt>amber>depot,1,89,7.12,80,9,0.10112359550561797,9,0.1125,9,0.1125,0.3914661102300567,0,4,4,0,4,4,5.814529364377489,balanced,10,16,0,medium,0.055,staleness
19,async_online,Asynchronous online,amber>mint>cobalt>depot,1,130,10.4,121,9,0.06923076923076923,0,0.0,0,0.0,0.3478824877499541,32,4,4,0,4,4,6.56642562075555,balanced,10,16,0,medium,0.055,staleness
20,async_online,Asynchronous online,mint>cobalt>amber>depot,1,83,6.640000000000001,74,9,0.10843373493975904,0,0.0,0,0.0,0.4314032784904003,3,4,4,0,4,4,5.878969133116046,balanced,10,16,0,medium,0.055,staleness
21,async_online,Asynchronous online,amber>cobalt>depot,1,79,6.32,70,9,0.11392405063291139,0,0.0,0,0.0,0.3436232250806123,10,3,3,0,3,3,4.539862910796945,balanced,10,16,0,medium,0.055,staleness
22,async_online,Asynchronous online,mint>amber>depot,1,70,5.6000000000000005,61,9,0.12857142857142856,2,0.03278688524590164,2,0.03278688524590164,0.36397394394360716,0,3,3,0,3,3,4.556771331305849,balanced,10,16,0,medium,0.055,staleness
23,async_online,Asynchronous online,cobalt>mint>depot,1,70,5.6000000000000005,61,9,0.12857142857142856,7,0.11475409836065574,7,0.11475409836065574,0.3903414575939171,0,3,3,0,3,3,4.375015679367518,balanced,10,16,0,medium,0.055,staleness
24,async_online,Asynchronous online,cobalt>mint>depot,1,70,5.6000000000000005,61,9,0.12857142857142856,8,0.13114754098360656,8,0.13114754098360656,0.39703337227911,6,3,3,0,3,3,3.985422184646749,balanced,10,16,0,medium,0.055,staleness
25,async_online,Asynchronous online,cobalt>mint>depot,1,69,5.5200000000000005,60,9,0.13043478260869565,7,0.11666666666666667,7,0.11666666666666667,0.39570315027777614,3,3,3,0,3,3,4.282380224439587,balanced,10,16,0,medium,0.055,staleness
26,async_online,Asynchronous online,mint>cobalt>amber>depot,1,89,7.12,80,9,0.10112359550561797,9,0.1125,9,0.1125,0.39098764294386623,0,4,4,0,4,4,5.725105547844456,balanced,10,16,0,medium,0.055,staleness
27,async_online,Asynchronous online,amber>mint>cobalt>depot,1,103,8.24,94,9,0.08737864077669903,1,0.010638297872340425,1,0.010638297872340425,0.38276391106677693,4,4,4,0,4,4,6.6148505445994195,balanced,10,16,0,medium,0.055,staleness
28,async_online,Asynchronous online,amber>cobalt>depot,1,84,6.72,75,9,0.10714285714285714,0,0.0,0,0.0,0.38816625569083757,15,3,3,0,3,3,4.795949699119446,balanced,10,16,0,medium,0.055,staleness
29,async_online,Asynchronous online,mint>cobalt>amber>depot,1,83,6.640000000000001,74,9,0.10843373493975904,0,0.0,0,0.0,0.40114104413160434,9,4,4,0,4,4,5.675034591559251,balanced,10,16,0,medium,0.055,staleness
30,async_online,Asynchronous online,amber>mint>cobalt>depot,1,103,8.24,94,9,0.08737864077669903,0,0.0,0,0.0,0.37029241276395963,5,4,4,0,4,4,6.545551422146249,balanced,10,16,0,medium,0.055,staleness
31,async_online,Asynchronous online,mint>amber>depot,1,71,5.68,62,9,0.1267605633802817,1,0.016129032258064516,1,0.016129032258064516,0.3638657206349036,0,3,3,0,3,3,4.742905925948259,balanced,10,16,0,medium,0.055,staleness
0,async_online,Asynchronous online,mint>cobalt>amber>depot,0,260,20.8,251,9,0.03461538461538462,6,0.02390438247011952,236,0.9402390438247012,0.12952713684732134,0,3,2,0,1,4,1.420299389308866,balanced,10,16,4,medium,0.055,staleness
1,async_online,Asynchronous online,mint>cobalt>amber>depot,1,97,7.76,88,9,0.09278350515463918,17,0.19318181818181818,17,0.19318181818181818,0.366176297021732,5,4,4,0,4,4,5.8915901647237305,balanced,10,16,4,medium,0.055,staleness
2,async_online,Asynchronous online,amber>mint>cobalt>depot,1,104,8.32,95,9,0.08653846153846154,1,0.010526315789473684,1,0.010526315789473684,0.3792915818921359,5,4,4,0,4,4,6.6820024718920115,balanced,10,16,4,medium,0.055,staleness
3,async_online,Asynchronous online,mint>amber>depot,1,76,6.08,67,9,0.11842105263157894,5,0.07462686567164178,5,0.07462686567164178,0.3357807455544317,0,3,3,0,3,3,5.009488609725764,balanced,10,16,4,medium,0.055,staleness
4,async_online,Asynchronous online,cobalt>mint>depot,1,79,6.32,70,9,0.11392405063291139,12,0.17142857142857143,12,0.17142857142857143,0.3844636847543489,3,3,3,0,3,3,4.117276952646823,balanced,10,16,4,medium,0.055,staleness
5,async_online,Asynchronous online,amber>cobalt>depot,1,124,9.92,115,9,0.07258064516129033,10,0.08695652173913043,10,0.08695652173913043,0.24911868687997352,52,3,3,0,3,3,5.07304176817131,balanced,10,16,4,medium,0.055,staleness
6,async_online,Asynchronous online,cobalt>amber>mint>depot,0,260,20.8,251,9,0.03461538461538462,6,0.02390438247011952,236,0.9402390438247012,0.13124597456998502,0,3,2,0,1,4,1.4846187628755607,balanced,10,16,4,medium,0.055,staleness
7,async_online,Asynchronous online,amber>cobalt>depot,1,95,7.6000000000000005,86,9,0.09473684210526316,10,0.11627906976744186,10,0.11627906976744186,0.36168131413552235,15,3,3,0,3,3,5.24066295736338,balanced,10,16,4,medium,0.055,staleness
8,async_online,Asynchronous online,cobalt>amber>mint>depot,1,104,8.32,95,9,0.08653846153846154,9,0.09473684210526316,9,0.09473684210526316,0.35262094597558535,1,4,4,0,4,4,7.016750338181877,balanced,10,16,4,medium,0.055,staleness
9,async_online,Asynchronous online,mint>amber>depot,1,74,5.92,65,9,0.12162162162162163,7,0.1076923076923077,7,0.1076923076923077,0.35777117370869504,0,3,3,0,3,3,4.7586345505985586,balanced,10,16,4,medium,0.055,staleness
10,async_online,Asynchronous online,amber>mint>cobalt>depot,1,106,8.48,97,9,0.08490566037735849,5,0.05154639175257732,5,0.05154639175257732,0.3717358216077902,6,4,4,0,4,4,6.959881401570132,balanced,10,16,4,medium,0.055,staleness
11,async_online,Asynchronous online,cobalt>amber>mint>depot,1,115,9.200000000000001,106,9,0.0782608695652174,10,0.09433962264150944,10,0.09433962264150944,0.339163728894923,21,4,4,0,4,4,6.352383219508866,balanced,10,16,4,medium,0.055,staleness
12,async_online,Asynchronous online,amber>cobalt>depot,0,260,20.8,251,9,0.03461538461538462,0,0.0,251,1.0,0.1314369852623746,6,2,1,0,0,3,1.5045713067862596,balanced,10,16,4,medium,0.055,staleness
13,async_online,Asynchronous online,mint>cobalt>amber>depot,1,96,7.68,87,9,0.09375,17,0.19540229885057472,17,0.19540229885057472,0.3614202219685835,0,4,4,0,4,4,5.869953013888921,balanced,10,16,4,medium,0.055,staleness
14,async_online,Asynchronous online,mint>cobalt>amber>depot,1,97,7.76,88,9,0.09278350515463918,17,0.19318181818181818,17,0.19318181818181818,0.36719423548723784,0,4,4,0,4,4,6.014953128578844,balanced,10,16,4,medium,0.055,staleness
15,async_online,Asynchronous online,mint>amber>depot,1,83,6.640000000000001,74,9,0.10843373493975904,5,0.06756756756756757,5,0.06756756756756757,0.3655205754324119,7,3,3,0,3,3,4.888682462761409,balanced,10,16,4,medium,0.055,staleness
16,async_online,Asynchronous online,amber>mint>cobalt>depot,1,108,8.64,99,9,0.08333333333333333,0,0.0,0,0.0,0.3735537574638179,13,4,4,0,4,4,6.6887472674010375,balanced,10,16,4,medium,0.055,staleness
17,async_online,Asynchronous online,amber>mint>cobalt>depot,1,124,9.92,115,9,0.07258064516129033,0,0.0,0,0.0,0.3699250083425968,30,4,4,0,4,4,6.32646223103235,balanced,10,16,4,medium,0.055,staleness
18,async_online,Asynchronous online,mint>cobalt>amber>depot,1,96,7.68,87,9,0.09375,17,0.19540229885057472,17,0.19540229885057472,0.3623305827421185,0,4,4,0,4,4,5.988097853847531,balanced,10,16,4,medium,0.055,staleness
19,async_online,Asynchronous online,amber>mint>cobalt>depot,1,130,10.4,121,9,0.06923076923076923,0,0.0,0,0.0,0.3478824877499541,32,4,4,0,4,4,6.56642562075555,balanced,10,16,4,medium,0.055,staleness
20,async_online,Asynchronous online,mint>cobalt>amber>depot,1,97,7.76,88,9,0.09278350515463918,14,0.1590909090909091,14,0.1590909090909091,0.38576009053809285,3,4,4,0,4,4,6.131109134442714,balanced,10,16,4,medium,0.055,staleness
21,async_online,Asynchronous online,amber>cobalt>depot,1,79,6.32,70,9,0.11392405063291139,0,0.0,0,0.0,0.3436232250806123,10,3,3,0,3,3,4.539862910796945,balanced,10,16,4,medium,0.055,staleness
22,async_online,Asynchronous online,mint>amber>depot,1,74,5.92,65,9,0.12162162162162163,6,0.09230769230769231,6,0.09230769230769231,0.3494689991069015,0,3,3,0,3,3,4.744247751613647,balanced,10,16,4,medium,0.055,staleness
23,async_online,Asynchronous online,cobalt>mint>depot,1,74,5.92,65,9,0.12162162162162163,11,0.16923076923076924,11,0.16923076923076924,0.37212999526969237,0,3,3,0,3,3,4.543936548516894,balanced,10,16,4,medium,0.055,staleness
24,async_online,Asynchronous online,cobalt>mint>depot,1,74,5.92,65,9,0.12162162162162163,12,0.18461538461538463,12,0.18461538461538463,0.37100065394952186,6,3,3,0,3,3,4.154463585172086,balanced,10,16,4,medium,0.055,staleness
25,async_online,Asynchronous online,cobalt>mint>depot,1,73,5.84,64,9,0.1232876712328767,12,0.1875,12,0.1875,0.37098568730690273,3,3,3,0,3,3,4.412293145849958,balanced,10,16,4,medium,0.055,staleness
26,async_online,Asynchronous online,mint>cobalt>amber>depot,1,96,7.68,87,9,0.09375,17,0.19540229885057472,17,0.19540229885057472,0.36742284207162074,0,4,4,0,4,4,5.8989940617524015,balanced,10,16,4,medium,0.055,staleness
27,async_online,Asynchronous online,amber>mint>cobalt>depot,1,115,9.200000000000001,106,9,0.0782608695652174,5,0.04716981132075472,5,0.04716981132075472,0.4093584764711212,11,4,4,0,4,4,6.959761931835963,balanced,10,16,4,medium,0.055,staleness
28,async_online,Asynchronous online,amber>cobalt>depot,1,84,6.72,75,9,0.10714285714285714,0,0.0,0,0.0,0.38816625569083757,15,3,3,0,3,3,4.795949699119446,balanced,10,16,4,medium,0.055,staleness
29,async_online,Asynchronous online,mint>cobalt>amber>depot,1,97,7.76,88,9,0.09278350515463918,14,0.1590909090909091,14,0.1590909090909091,0.36019862211917303,9,4,4,0,4,4,5.9565997272283315,balanced,10,16,4,medium,0.055,staleness
30,async_online,Asynchronous online,amber>mint>cobalt>depot,1,115,9.200000000000001,106,9,0.0782608695652174,14,0.1320754716981132,14,0.1320754716981132,0.34904012072070273,6,4,4,0,4,4,7.008007617657807,balanced,10,16,4,medium,0.055,staleness
31,async_online,Asynchronous online,mint>amber>depot,1,76,6.08,67,9,0.11842105263157894,5,0.07462686567164178,5,0.07462686567164178,0.3385711634365447,0,3,3,0,3,3,5.043727995749374,balanced,10,16,4,medium,0.055,staleness
0,async_online,Asynchronous online,mint>cobalt>amber>depot,0,260,20.8,251,9,0.03461538461538462,10,0.0398406374501992,236,0.9402390438247012,0.12952713684732134,0,3,2,0,1,4,1.420299389308866,balanced,10,16,8,medium,0.055,staleness
1,async_online,Asynchronous online,mint>cobalt>amber>depot,1,104,8.32,95,9,0.08653846153846154,25,0.2631578947368421,25,0.2631578947368421,0.34670941990757187,5,4,4,0,4,4,5.9494394318831985,balanced,10,16,8,medium,0.055,staleness
2,async_online,Asynchronous online,amber>mint>cobalt>depot,1,115,9.200000000000001,106,9,0.0782608695652174,5,0.04716981132075472,5,0.04716981132075472,0.3810968239913389,11,4,4,0,4,4,6.83603318480972,balanced,10,16,8,medium,0.055,staleness
3,async_online,Asynchronous online,mint>amber>depot,1,79,6.32,70,9,0.11392405063291139,9,0.12857142857142856,9,0.12857142857142856,0.33459988109262434,0,3,3,0,3,3,5.066271659152691,balanced,10,16,8,medium,0.055,staleness
4,async_online,Asynchronous online,cobalt>mint>depot,1,83,6.640000000000001,74,9,0.10843373493975904,16,0.21621621621621623,16,0.21621621621621623,0.3657287137377748,3,3,3,0,3,3,4.288185938594982,balanced,10,16,8,medium,0.055,staleness
5,async_online,Asynchronous online,amber>cobalt>depot,1,126,10.08,117,9,0.07142857142857142,14,0.11965811965811966,14,0.11965811965811966,0.2492970323131476,49,3,3,0,3,3,5.133236913180368,balanced,10,16,8,medium,0.055,staleness
6,async_online,Asynchronous online,cobalt>amber>mint>depot,0,260,20.8,251,9,0.03461538461538462,10,0.0398406374501992,236,0.9402390438247012,0.13124597456998502,0,3,2,0,1,4,1.4846187628755607,balanced,10,16,8,medium,0.055,staleness
7,async_online,Asynchronous online,amber>cobalt>depot,1,114,9.120000000000001,105,9,0.07894736842105263,14,0.13333333333333333,14,0.13333333333333333,0.28250814383861855,37,3,3,0,3,3,5.322879262202417,balanced,10,16,8,medium,0.055,staleness
8,async_online,Asynchronous online,cobalt>amber>mint>depot,1,109,8.72,100,9,0.08256880733944955,15,0.15,15,0.15,0.3467569516599081,1,4,4,0,4,4,7.219078695269678,balanced,10,16,8,medium,0.055,staleness
9,async_online,Asynchronous online,mint>amber>depot,1,79,6.32,70,9,0.11392405063291139,11,0.15714285714285714,11,0.15714285714285714,0.33571928302457216,0,3,3,0,3,3,4.895952106026219,balanced,10,16,8,medium,0.055,staleness
10,async_online,Asynchronous online,amber>mint>cobalt>depot,1,124,9.92,115,9,0.07258064516129033,24,0.20869565217391303,24,0.20869565217391303,0.31181207429977886,9,4,4,0,4,4,7.418808068406868,balanced,10,16,8,medium,0.055,staleness
11,async_online,Asynchronous online,cobalt>amber>mint>depot,1,117,9.36,108,9,0.07692307692307693,14,0.12962962962962962,14,0.12962962962962962,0.3356590541630968,19,4,4,0,4,4,6.505969294297809,balanced,10,16,8,medium,0.055,staleness
12,async_online,Asynchronous online,amber>cobalt>depot,0,260,20.8,251,9,0.03461538461538462,0,0.0,251,1.0,0.1314369852623746,6,2,1,0,0,3,1.5045713067862596,balanced,10,16,8,medium,0.055,staleness
13,async_online,Asynchronous online,mint>cobalt>amber>depot,1,104,8.32,95,9,0.08653846153846154,25,0.2631578947368421,25,0.2631578947368421,0.35397535227184473,0,4,4,0,4,4,5.931242121178817,balanced,10,16,8,medium,0.055,staleness
14,async_online,Asynchronous online,mint>cobalt>amber>depot,1,104,8.32,95,9,0.08653846153846154,25,0.2631578947368421,25,0.2631578947368421,0.34779248670253515,0,4,4,0,4,4,6.078987661857535,balanced,10,16,8,medium,0.055,staleness
15,async_online,Asynchronous online,mint>amber>depot,1,84,6.72,75,9,0.10714285714285714,9,0.12,9,0.12,0.35884172889238636,4,3,3,0,3,3,4.961484463057004,balanced,10,16,8,medium,0.055,staleness
16,async_online,Asynchronous online,amber>mint>cobalt>depot,1,112,8.96,103,9,0.08035714285714286,3,0.02912621359223301,3,0.02912621359223301,0.3639514749536401,15,4,4,0,4,4,6.718888400792949,balanced,10,16,8,medium,0.055,staleness
17,async_online,Asynchronous online,amber>mint>cobalt>depot,1,124,9.92,115,9,0.07258064516129033,4,0.034782608695652174,4,0.034782608695652174,0.36549656349181303,23,4,4,0,4,4,6.644521386459165,balanced,10,16,8,medium,0.055,staleness
18,async_online,Asynchronous online,mint>cobalt>amber>depot,1,104,8.32,95,9,0.08653846153846154,25,0.2631578947368421,25,0.2631578947368421,0.3485681029619119,0,4,4,0,4,4,6.049030448349659,balanced,10,16,8,medium,0.055,staleness
19,async_online,Asynchronous online,amber>mint>cobalt>depot,1,130,10.4,121,9,0.06923076923076923,0,0.0,0,0.0,0.3478824877499541,32,4,4,0,4,4,6.56642562075555,balanced,10,16,8,medium,0.055,staleness
20,async_online,Asynchronous online,mint>cobalt>amber>depot,1,104,8.32,95,9,0.08653846153846154,22,0.23157894736842105,22,0.23157894736842105,0.3626574995441099,3,4,4,0,4,4,6.261712868880742,balanced,10,16,8,medium,0.055,staleness
21,async_online,Asynchronous online,amber>cobalt>depot,1,92,7.36,83,9,0.09782608695652174,14,0.1686746987951807,14,0.1686746987951807,0.3217771094665033,10,3,3,0,3,3,4.785877645500047,balanced,10,16,8,medium,0.055,staleness
22,async_online,Asynchronous online,mint>amber>depot,1,84,6.72,75,9,0.10714285714285714,10,0.13333333333333333,10,0.13333333333333333,0.3725178235127141,4,3,3,0,3,3,4.753320856042209,balanced,10,16,8,medium,0.055,staleness
23,async_online,Asynchronous online,cobalt>mint>depot,1,78,6.24,69,9,0.11538461538461539,16,0.2318840579710145,16,0.2318840579710145,0.36136884166690875,0,3,3,0,3,3,4.6166887916969905,balanced,10,16,8,medium,0.055,staleness
24,async_online,Asynchronous online,cobalt>mint>depot,1,78,6.24,69,9,0.11538461538461539,16,0.2318840579710145,16,0.2318840579710145,0.3555421759108542,6,3,3,0,3,3,4.2406757365548975,balanced,10,16,8,medium,0.055,staleness
25,async_online,Asynchronous online,cobalt>mint>depot,1,77,6.16,68,9,0.11688311688311688,16,0.23529411764705882,16,0.23529411764705882,0.35621751445624517,3,3,3,0,3,3,4.460712287660812,balanced,10,16,8,medium,0.055,staleness
26,async_online,Asynchronous online,mint>cobalt>amber>depot,1,104,8.32,95,9,0.08653846153846154,25,0.2631578947368421,25,0.2631578947368421,0.35408120290091605,0,4,4,0,4,4,5.960527044186005,balanced,10,16,8,medium,0.055,staleness
27,async_online,Asynchronous online,amber>mint>cobalt>depot,1,117,9.36,108,9,0.07692307692307693,9,0.08333333333333333,9,0.08333333333333333,0.3904989598723774,14,4,4,0,4,4,7.014630452855349,balanced,10,16,8,medium,0.055,staleness
28,async_online,Asynchronous online,amber>cobalt>depot,1,96,7.68,87,9,0.09375,14,0.16091954022988506,14,0.16091954022988506,0.3592886090850771,15,3,3,0,3,3,4.993189361958525,balanced,10,16,8,medium,0.055,staleness
29,async_online,Asynchronous online,mint>cobalt>amber>depot,1,104,8.32,95,9,0.08653846153846154,22,0.23157894736842105,22,0.23157894736842105,0.3417765925031563,9,4,4,0,4,4,6.090378140205071,balanced,10,16,8,medium,0.055,staleness
30,async_online,Asynchronous online,amber>mint>cobalt>depot,1,117,9.36,108,9,0.07692307692307693,22,0.2037037037037037,22,0.2037037037037037,0.30636696726741885,1,4,4,0,4,4,7.2064275086579865,balanced,10,16,8,medium,0.055,staleness
31,async_online,Asynchronous online,mint>amber>depot,1,79,6.32,70,9,0.11392405063291139,9,0.12857142857142856,9,0.12857142857142856,0.33206022553295406,0,3,3,0,3,3,5.120304697855865,balanced,10,16,8,medium,0.055,staleness
0,async_online,Asynchronous online,mint>cobalt>amber>depot,0,260,20.8,251,9,0.03461538461538462,18,0.07171314741035857,236,0.9402390438247012,0.12952713684732134,0,3,2,0,1,4,1.420299389308866,balanced,10,16,16,medium,0.055,staleness
1,async_online,Asynchronous online,mint>cobalt>amber>depot,1,120,9.6,111,9,0.075,41,0.36936936936936937,41,0.36936936936936937,0.3163206248896127,5,4,4,0,4,4,6.069742490960922,balanced,10,16,16,medium,0.055,staleness
2,async_online,Asynchronous online,amber>mint>cobalt>depot,1,147,11.76,138,9,0.061224489795918366,36,0.2608695652173913,36,0.2608695652173913,0.32427059628248267,12,4,4,0,4,4,7.339036240279748,balanced,10,16,16,medium,0.055,staleness
3,async_online,Asynchronous online,mint>amber>depot,1,124,9.92,115,9,0.07258064516129033,17,0.14782608695652175,17,0.14782608695652175,0.2689102596102968,45,3,3,0,3,3,4.908428962609464,balanced,10,16,16,medium,0.055,staleness
4,async_online,Asynchronous online,cobalt>mint>depot,1,91,7.28,82,9,0.0989010989010989,24,0.2926829268292683,24,0.2926829268292683,0.34547476834168983,3,3,3,0,3,3,4.398356264086133,balanced,10,16,16,medium,0.055,staleness
5,async_online,Asynchronous online,amber>cobalt>depot,1,128,10.24,119,9,0.0703125,25,0.21008403361344538,25,0.21008403361344538,0.2551495350622826,40,3,3,0,3,3,5.166842972738935,balanced,10,16,16,medium,0.055,staleness
6,async_online,Asynchronous online,cobalt>amber>mint>depot,0,260,20.8,251,9,0.03461538461538462,18,0.07171314741035857,236,0.9402390438247012,0.13124597456998502,0,3,2,0,1,4,1.4846187628755607,balanced,10,16,16,medium,0.055,staleness
7,async_online,Asynchronous online,amber>cobalt>depot,1,114,9.120000000000001,105,9,0.07894736842105263,24,0.22857142857142856,24,0.22857142857142856,0.284921035534864,23,3,3,0,3,3,5.396049448822863,balanced,10,16,16,medium,0.055,staleness
8,async_online,Asynchronous online,cobalt>amber>mint>depot,1,132,10.56,123,9,0.06818181818181818,23,0.18699186991869918,23,0.18699186991869918,0.34085128277789367,17,4,4,0,4,4,7.0181416972520045,balanced,10,16,16,medium,0.055,staleness
9,async_online,Asynchronous online,mint>amber>depot,1,87,6.96,78,9,0.10344827586206896,21,0.2692307692307692,21,0.2692307692307692,0.32501254503381133,0,3,3,0,3,3,4.9425177590168285,balanced,10,16,16,medium,0.055,staleness
10,async_online,Asynchronous online,amber>mint>cobalt>depot,1,131,10.48,122,9,0.06870229007633588,40,0.32786885245901637,40,0.32786885245901637,0.2952006630659083,0,4,4,0,4,4,7.55275998659455,balanced,10,16,16,medium,0.055,staleness
11,async_online,Asynchronous online,cobalt>amber>mint>depot,1,125,10.0,116,9,0.072,23,0.19827586206896552,23,0.19827586206896552,0.32206877522817473,18,4,4,0,4,4,6.638267783175867,balanced,10,16,16,medium,0.055,staleness
12,async_online,Asynchronous online,amber>cobalt>depot,0,260,20.8,251,9,0.03461538461538462,0,0.0,251,1.0,0.1314369852623746,6,2,1,0,0,3,1.5045713067862596,balanced,10,16,16,medium,0.055,staleness
13,async_online,Asynchronous online,mint>cobalt>amber>depot,1,120,9.6,111,9,0.075,41,0.36936936936936937,41,0.36936936936936937,0.32132966529953094,0,4,4,0,4,4,6.042962935175865,balanced,10,16,16,medium,0.055,staleness
14,async_online,Asynchronous online,mint>cobalt>amber>depot,1,120,9.6,111,9,0.075,41,0.36936936936936937,41,0.36936936936936937,0.31809360772483075,0,4,4,0,4,4,6.171444727662295,balanced,10,16,16,medium,0.055,staleness
15,async_online,Asynchronous online,mint>amber>depot,1,87,6.96,78,9,0.10344827586206896,19,0.24358974358974358,19,0.24358974358974358,0.3137033205815002,0,3,3,0,3,3,5.139647402776038,balanced,10,16,16,medium,0.055,staleness
16,async_online,Asynchronous online,amber>mint>cobalt>depot,1,145,11.6,136,9,0.06206896551724138,35,0.25735294117647056,35,0.25735294117647056,0.32976065822790046,17,4,4,0,4,4,7.214104363824914,balanced,10,16,16,medium,0.055,staleness
17,async_online,Asynchronous online,amber>mint>cobalt>depot,1,134,10.72,125,9,0.06716417910447761,35,0.28,35,0.28,0.31396812490505177,6,4,4,0,4,4,7.2274741535379645,balanced,10,16,16,medium,0.055,staleness
18,async_online,Asynchronous online,mint>cobalt>amber>depot,1,120,9.6,111,9,0.075,41,0.36936936936936937,41,0.36936936936936937,0.31756040346481196,0,4,4,0,4,4,6.142126317103174,balanced,10,16,16,medium,0.055,staleness
19,async_online,Asynchronous online,amber>mint>cobalt>depot,1,137,10.96,128,9,0.06569343065693431,8,0.0625,8,0.0625,0.34033001778500027,30,4,4,0,4,4,6.823728873717285,balanced,10,16,16,medium,0.055,staleness
20,async_online,Asynchronous online,mint>cobalt>amber>depot,1,120,9.6,111,9,0.075,38,0.34234234234234234,38,0.34234234234234234,0.3394567756701793,3,4,4,0,4,4,6.36367857995764,balanced,10,16,16,medium,0.055,staleness
21,async_online,Asynchronous online,amber>cobalt>depot,1,104,8.32,95,9,0.08653846153846154,22,0.23157894736842105,22,0.23157894736842105,0.32742901944304426,14,3,3,0,3,3,5.005561480928642,balanced,10,16,16,medium,0.055,staleness
22,async_online,Asynchronous online,mint>amber>depot,1,91,7.28,82,9,0.0989010989010989,18,0.21951219512195122,18,0.21951219512195122,0.3379147340237263,4,3,3,0,3,3,4.782038721015851,balanced,10,16,16,medium,0.055,staleness
23,async_online,Asynchronous online,cobalt>mint>depot,1,87,6.96,78,9,0.10344827586206896,25,0.32051282051282054,25,0.32051282051282054,0.3395171270947035,0,3,3,0,3,3,4.6728209891404715,balanced,10,16,16,medium,0.055,staleness
24,async_online,Asynchronous online,cobalt>mint>depot,1,87,6.96,78,9,0.10344827586206896,25,0.32051282051282054,25,0.32051282051282054,0.3303226756450366,6,3,3,0,3,3,4.2826188240453344,balanced,10,16,16,medium,0.055,staleness
25,async_online,Asynchronous online,cobalt>mint>depot,1,87,6.96,78,9,0.10344827586206896,27,0.34615384615384615,27,0.34615384615384615,0.3341839695606125,3,3,3,0,3,3,4.49322362572582,balanced,10,16,16,medium,0.055,staleness
26,async_online,Asynchronous online,mint>cobalt>amber>depot,1,120,9.6,111,9,0.075,41,0.36936936936936937,41,0.36936936936936937,0.3207079861502791,0,4,4,0,4,4,6.0403026162543245,balanced,10,16,16,medium,0.055,staleness
27,async_online,Asynchronous online,amber>mint>cobalt>depot,1,134,10.72,125,9,0.06716417910447761,24,0.192,24,0.192,0.3538739855841829,18,4,4,0,4,4,7.247118022420035,balanced,10,16,16,medium,0.055,staleness
28,async_online,Asynchronous online,amber>cobalt>depot,1,106,8.48,97,9,0.08490566037735849,22,0.2268041237113402,22,0.2268041237113402,0.33336472736162837,17,3,3,0,3,3,5.271875639996913,balanced,10,16,16,medium,0.055,staleness
29,async_online,Asynchronous online,mint>cobalt>amber>depot,1,120,9.6,111,9,0.075,38,0.34234234234234234,38,0.34234234234234234,0.3089542542775937,9,4,4,0,4,4,6.1582830833492626,balanced,10,16,16,medium,0.055,staleness
30,async_online,Asynchronous online,amber>mint>cobalt>depot,1,131,10.48,122,9,0.06870229007633588,38,0.3114754098360656,38,0.3114754098360656,0.29160302264942606,1,4,4,0,4,4,7.26887429631541,balanced,10,16,16,medium,0.055,staleness
31,async_online,Asynchronous online,mint>amber>depot,1,88,7.04,79,9,0.10227272727272728,19,0.24050632911392406,19,0.24050632911392406,0.3159306923034598,0,3,3,0,3,3,5.278407541567679,balanced,10,16,16,medium,0.055,staleness
0,async_online,Asynchronous online,mint>cobalt>amber>depot,0,260,20.8,251,9,0.03461538461538462,4,0.01593625498007968,234,0.9322709163346613,0.024524709005248817,0,3,2,0,1,4,1.4087082529173733,balanced,10,16,4,small,0.0,capacity_noise
1,async_online,Asynchronous online,mint>cobalt>amber>depot,1,97,7.76,88,9,0.09278350515463918,14,0.1590909090909091,14,0.1590909090909091,0.31202744117489567,5,4,4,0,4,4,5.838618493100137,balanced,10,16,4,small,0.0,capacity_noise
2,async_online,Asynchronous online,amber>mint>cobalt>depot,1,119,9.52,110,9,0.07563025210084033,0,0.0,0,0.0,0.28646791082833767,12,4,4,0,4,4,6.554621452367958,balanced,10,16,4,small,0.0,capacity_noise
3,async_online,Asynchronous online,mint>amber>depot,1,76,6.08,67,9,0.11842105263157894,4,0.05970149253731343,4,0.05970149253731343,0.2981795997675442,0,3,3,0,3,3,4.910866012469986,balanced,10,16,4,small,0.0,capacity_noise
4,async_online,Asynchronous online,cobalt>mint>depot,1,76,6.08,67,9,0.11842105263157894,0,0.0,0,0.0,0.31283514805578466,6,3,3,0,3,3,4.008271126724573,balanced,10,16,4,small,0.0,capacity_noise
5,async_online,Asynchronous online,amber>cobalt>depot,1,134,10.72,125,9,0.06716417910447761,9,0.072,9,0.072,0.16472344360893193,56,3,3,0,3,3,5.138337859362064,balanced,10,16,4,small,0.0,capacity_noise
6,async_online,Asynchronous online,cobalt>amber>mint>depot,0,260,20.8,251,9,0.03461538461538462,4,0.01593625498007968,234,0.9322709163346613,0.024255017710113055,0,3,2,0,1,4,1.47583818477481,balanced,10,16,4,small,0.0,capacity_noise
7,async_online,Asynchronous online,amber>cobalt>depot,1,114,9.120000000000001,105,9,0.07894736842105263,9,0.08571428571428572,9,0.08571428571428572,0.19817614132402356,36,3,3,0,3,3,5.329571115996445,balanced,10,16,4,small,0.0,capacity_noise
8,async_online,Asynchronous online,cobalt>amber>mint>depot,1,120,9.6,111,9,0.075,0,0.0,0,0.0,0.2752387250402457,18,4,4,0,4,4,6.345786592552917,balanced,10,16,4,small,0.0,capacity_noise
9,async_online,Asynchronous online,mint>amber>depot,1,76,6.08,67,9,0.11842105263157894,4,0.05970149253731343,4,0.05970149253731343,0.2889563375824692,0,3,3,0,3,3,4.743314440380228,balanced,10,16,4,small,0.0,capacity_noise
10,async_online,Asynchronous online,amber>mint>cobalt>depot,1,111,8.88,102,9,0.08108108108108109,4,0.0392156862745098,4,0.0392156862745098,0.2838048544075568,9,4,4,0,4,4,6.888137603306795,balanced,10,16,4,small,0.0,capacity_noise
11,async_online,Asynchronous online,cobalt>amber>mint>depot,1,124,9.92,115,9,0.07258064516129033,0,0.0,0,0.0,0.2517684108232635,30,4,4,0,4,4,5.986733991812267,balanced,10,16,4,small,0.0,capacity_noise
12,async_online,Asynchronous online,amber>cobalt>depot,0,260,20.8,251,9,0.03461538461538462,0,0.0,251,1.0,0.02899601021042145,5,2,1,0,0,3,1.455590529506237,balanced,10,16,4,small,0.0,capacity_noise
13,async_online,Asynchronous online,mint>cobalt>amber>depot,1,97,7.76,88,9,0.09278350515463918,15,0.17045454545454544,15,0.17045454545454544,0.3120590754605436,0,4,4,0,4,4,5.819766790487979,balanced,10,16,4,small,0.0,capacity_noise
14,async_online,Asynchronous online,mint>cobalt>amber>depot,1,97,7.76,88,9,0.09278350515463918,14,0.1590909090909091,14,0.1590909090909091,0.31733698802438776,0,4,4,0,4,4,5.970210363617121,balanced,10,16,4,small,0.0,capacity_noise
15,async_online,Asynchronous online,mint>amber>depot,1,85,6.8,76,9,0.10588235294117647,4,0.05263157894736842,4,0.05263157894736842,0.28729622882750755,7,3,3,0,3,3,4.73746283463669,balanced,10,16,4,small,0.0,capacity_noise
16,async_online,Asynchronous online,amber>mint>cobalt>depot,1,114,9.120000000000001,105,9,0.07894736842105263,0,0.0,0,0.0,0.26491988517308224,16,4,4,0,4,4,6.621379461621504,balanced,10,16,4,small,0.0,capacity_noise
17,async_online,Asynchronous online,amber>mint>cobalt>depot,1,130,10.4,121,9,0.06923076923076923,0,0.0,0,0.0,0.24592887159848703,25,4,4,0,4,4,6.241957593557445,balanced,10,16,4,small,0.0,capacity_noise
18,async_online,Asynchronous online,mint>cobalt>amber>depot,1,97,7.76,88,9,0.09278350515463918,15,0.17045454545454544,15,0.17045454545454544,0.31789714747695724,0,4,4,0,4,4,5.962194193546068,balanced,10,16,4,small,0.0,capacity_noise
19,async_online,Asynchronous online,amber>mint>cobalt>depot,1,140,11.200000000000001,131,9,0.06428571428571428,0,0.0,0,0.0,0.2317032062658567,36,4,4,0,4,4,6.701981570198869,balanced,10,16,4,small,0.0,capacity_noise
20,async_online,Asynchronous online,mint>cobalt>amber>depot,1,98,7.84,89,9,0.09183673469387756,12,0.1348314606741573,12,0.1348314606741573,0.3268264246997846,4,4,4,0,4,4,6.022369782967232,balanced,10,16,4,small,0.0,capacity_noise
21,async_online,Asynchronous online,amber>cobalt>depot,1,83,6.640000000000001,74,9,0.10843373493975904,0,0.0,0,0.0,0.26176646645803675,11,3,3,0,3,3,4.561154129892129,balanced,10,16,4,small,0.0,capacity_noise
22,async_online,Asynchronous online,mint>amber>depot,1,86,6.88,77,9,0.10465116279069768,4,0.05194805194805195,4,0.05194805194805195,0.27704496634903847,7,3,3,0,3,3,4.5860462233696975,balanced,10,16,4,small,0.0,capacity_noise
23,async_online,Asynchronous online,cobalt>mint>depot,1,75,6.0,66,9,0.12,10,0.15151515151515152,10,0.15151515151515152,0.31783982590701493,0,3,3,0,3,3,4.583519277859253,balanced,10,16,4,small,0.0,capacity_noise
24,async_online,Asynchronous online,cobalt>mint>depot,1,79,6.32,70,9,0.11392405063291139,0,0.0,0,0.0,0.26977014342571254,18,3,3,0,3,3,3.912271337203152,balanced,10,16,4,small,0.0,capacity_noise
25,async_online,Asynchronous online,cobalt>mint>depot,1,75,6.0,66,9,0.12,10,0.15151515151515152,10,0.15151515151515152,0.30832232838217827,3,3,3,0,3,3,4.436991059716411,balanced,10,16,4,small,0.0,capacity_noise
26,async_online,Asynchronous online,mint>cobalt>amber>depot,1,97,7.76,88,9,0.09278350515463918,14,0.1590909090909091,14,0.1590909090909091,0.313670531686432,0,4,4,0,4,4,5.871028838938228,balanced,10,16,4,small,0.0,capacity_noise
27,async_online,Asynchronous online,amber>mint>cobalt>depot,1,116,9.28,107,9,0.07758620689655173,3,0.028037383177570093,3,0.028037383177570093,0.2976780015523129,10,4,4,0,4,4,6.81995574790199,balanced,10,16,4,small,0.0,capacity_noise
28,async_online,Asynchronous online,amber>cobalt>depot,1,88,7.04,79,9,0.10227272727272728,0,0.0,0,0.0,0.2881352453477367,14,3,3,0,3,3,4.8692742047299244,balanced,10,16,4,small,0.0,capacity_noise
29,async_online,Asynchronous online,mint>cobalt>amber>depot,1,98,7.84,89,9,0.09183673469387756,12,0.1348314606741573,12,0.1348314606741573,0.31711360181274395,9,4,4,0,4,4,5.867700716821365,balanced,10,16,4,small,0.0,capacity_noise
30,async_online,Asynchronous online,amber>mint>cobalt>depot,1,121,9.68,112,9,0.0743801652892562,0,0.0,0,0.0,0.251334658435674,22,4,4,0,4,4,6.383930642098924,balanced,10,16,4,small,0.0,capacity_noise
31,async_online,Asynchronous online,mint>amber>depot,1,76,6.08,67,9,0.11842105263157894,4,0.05970149253731343,4,0.05970149253731343,0.30197453883656383,0,3,3,0,3,3,4.959728146627792,balanced,10,16,4,small,0.0,capacity_noise
0,async_online,Asynchronous online,mint>cobalt>amber>depot,0,260,20.8,251,9,0.03461538461538462,4,0.01593625498007968,234,0.9322709163346613,0.14315606126827188,0,3,2,0,1,4,1.5392678407919484,balanced,10,16,4,small,0.07,capacity_noise
1,async_online,Asynchronous online,mint>cobalt>amber>depot,1,98,7.84,89,9,0.09183673469387756,14,0.15730337078651685,14,0.15730337078651685,0.34975597749327725,5,4,4,0,4,4,5.920172587304676,balanced,10,16,4,small,0.07,capacity_noise
2,async_online,Asynchronous online,amber>mint>cobalt>depot,1,119,9.52,110,9,0.07563025210084033,0,0.0,0,0.0,0.33343621901360854,12,4,4,0,4,4,6.542154741194165,balanced,10,16,4,small,0.07,capacity_noise
3,async_online,Asynchronous online,mint>amber>depot,1,76,6.08,67,9,0.11842105263157894,4,0.05970149253731343,4,0.05970149253731343,0.33340419498852325,0,3,3,0,3,3,4.910570762792189,balanced,10,16,4,small,0.07,capacity_noise
4,async_online,Asynchronous online,cobalt>mint>depot,1,72,5.76,63,9,0.125,0,0.0,0,0.0,0.3693823031321556,2,3,3,0,3,3,4.030047125939641,balanced,10,16,4,small,0.07,capacity_noise
5,async_online,Asynchronous online,amber>cobalt>depot,1,134,10.72,125,9,0.06716417910447761,9,0.072,9,0.072,0.23392615876819717,56,3,3,0,3,3,5.161370454642833,balanced,10,16,4,small,0.07,capacity_noise
6,async_online,Asynchronous online,cobalt>amber>mint>depot,0,260,20.8,251,9,0.03461538461538462,4,0.01593625498007968,234,0.9322709163346613,0.15660405475312883,0,3,2,0,1,4,1.6143419552935627,balanced,10,16,4,small,0.07,capacity_noise
7,async_online,Asynchronous online,amber>cobalt>depot,1,115,9.200000000000001,106,9,0.0782608695652174,9,0.08490566037735849,9,0.08490566037735849,0.26174647901637094,37,3,3,0,3,3,5.331342878108933,balanced,10,16,4,small,0.07,capacity_noise
8,async_online,Asynchronous online,cobalt>amber>mint>depot,1,119,9.52,110,9,0.07563025210084033,0,0.0,0,0.0,0.314744577307168,18,4,4,0,4,4,6.27461531246401,balanced,10,16,4,small,0.07,capacity_noise
9,async_online,Asynchronous online,mint>amber>depot,1,76,6.08,67,9,0.11842105263157894,5,0.07462686567164178,5,0.07462686567164178,0.31799867587829517,0,3,3,0,3,3,4.708825538025899,balanced,10,16,4,small,0.07,capacity_noise
10,async_online,Asynchronous online,amber>mint>cobalt>depot,1,110,8.8,101,9,0.08181818181818182,4,0.039603960396039604,4,0.039603960396039604,0.3400557544026209,9,4,4,0,4,4,6.841294813035543,balanced,10,16,4,small,0.07,capacity_noise
11,async_online,Asynchronous online,cobalt>amber>mint>depot,1,125,10.0,116,9,0.072,0,0.0,0,0.0,0.29566995500574633,31,4,4,0,4,4,5.978559019288127,balanced,10,16,4,small,0.07,capacity_noise
12,async_online,Asynchronous online,amber>cobalt>depot,0,260,20.8,251,9,0.03461538461538462,0,0.0,251,1.0,0.14868794463956628,6,2,1,0,0,3,1.4979800058880193,balanced,10,16,4,small,0.07,capacity_noise
13,async_online,Asynchronous online,mint>cobalt>amber>depot,1,97,7.76,88,9,0.09278350515463918,15,0.17045454545454544,15,0.17045454545454544,0.35132402802874285,0,4,4,0,4,4,5.781241177716396,balanced,10,16,4,small,0.07,capacity_noise
14,async_online,Asynchronous online,mint>cobalt>amber>depot,1,97,7.76,88,9,0.09278350515463918,14,0.1590909090909091,14,0.1590909090909091,0.36121641045382064,0,4,4,0,4,4,5.994852664703562,balanced,10,16,4,small,0.07,capacity_noise
15,async_online,Asynchronous online,mint>amber>depot,1,85,6.8,76,9,0.10588235294117647,4,0.05263157894736842,4,0.05263157894736842,0.3270815976362202,7,3,3,0,3,3,4.738760238371903,balanced,10,16,4,small,0.07,capacity_noise
16,async_online,Asynchronous online,amber>mint>cobalt>depot,1,114,9.120000000000001,105,9,0.07894736842105263,0,0.0,0,0.0,0.31166734349510117,16,4,4,0,4,4,6.64786401322402,balanced,10,16,4,small,0.07,capacity_noise
17,async_online,Asynchronous online,amber>mint>cobalt>depot,1,130,10.4,121,9,0.06923076923076923,0,0.0,0,0.0,0.2906213625788297,25,4,4,0,4,4,6.245517395744518,balanced,10,16,4,small,0.07,capacity_noise
18,async_online,Asynchronous online,mint>cobalt>amber>depot,1,98,7.84,89,9,0.09183673469387756,15,0.16853932584269662,15,0.16853932584269662,0.354537047501046,0,4,4,0,4,4,6.0077689529777105,balanced,10,16,4,small,0.07,capacity_noise
19,async_online,Asynchronous online,amber>mint>cobalt>depot,1,132,10.56,123,9,0.06818181818181818,0,0.0,0,0.0,0.2917982169597807,28,4,4,0,4,4,6.688881573714778,balanced,10,16,4,small,0.07,capacity_noise
20,async_online,Asynchronous online,mint>cobalt>amber>depot,1,98,7.84,89,9,0.09183673469387756,12,0.1348314606741573,12,0.1348314606741573,0.3731307781454809,4,4,4,0,4,4,5.99434753625726,balanced,10,16,4,small,0.07,capacity_noise
21,async_online,Asynchronous online,amber>cobalt>depot,1,83,6.640000000000001,74,9,0.10843373493975904,0,0.0,0,0.0,0.29577843400525927,11,3,3,0,3,3,4.583364222453249,balanced,10,16,4,small,0.07,capacity_noise
22,async_online,Asynchronous online,mint>amber>depot,1,86,6.88,77,9,0.10465116279069768,4,0.05194805194805195,4,0.05194805194805195,0.3130786254063088,7,3,3,0,3,3,4.611972692669902,balanced,10,16,4,small,0.07,capacity_noise
23,async_online,Asynchronous online,cobalt>mint>depot,1,75,6.0,66,9,0.12,10,0.15151515151515152,10,0.15151515151515152,0.36445851055512923,0,3,3,0,3,3,4.598918731080296,balanced,10,16,4,small,0.07,capacity_noise
24,async_online,Asynchronous online,cobalt>mint>depot,1,78,6.24,69,9,0.11538461538461539,0,0.0,0,0.0,0.3253311937990363,18,3,3,0,3,3,3.8850251201525645,balanced,10,16,4,small,0.07,capacity_noise
25,async_online,Asynchronous online,cobalt>mint>depot,1,75,6.0,66,9,0.12,10,0.15151515151515152,10,0.15151515151515152,0.3571775601866998,3,3,3,0,3,3,4.436466694997964,balanced,10,16,4,small,0.07,capacity_noise
26,async_online,Asynchronous online,mint>cobalt>amber>depot,1,97,7.76,88,9,0.09278350515463918,15,0.17045454545454544,15,0.17045454545454544,0.3586564998799878,0,4,4,0,4,4,5.8779541321007915,balanced,10,16,4,small,0.07,capacity_noise
27,async_online,Asynchronous online,amber>mint>cobalt>depot,1,114,9.120000000000001,105,9,0.07894736842105263,4,0.0380952380952381,4,0.0380952380952381,0.3439824886672115,9,4,4,0,4,4,6.815346807600922,balanced,10,16,4,small,0.07,capacity_noise
28,async_online,Asynchronous online,amber>cobalt>depot,1,88,7.04,79,9,0.10227272727272728,0,0.0,0,0.0,0.32561427069507487,14,3,3,0,3,3,4.840852068767426,balanced,10,16,4,small,0.07,capacity_noise
29,async_online,Asynchronous online,mint>cobalt>amber>depot,1,98,7.84,89,9,0.09183673469387756,13,0.14606741573033707,13,0.14606741573033707,0.3540680256091786,9,4,4,0,4,4,5.889284958984202,balanced,10,16,4,small,0.07,capacity_noise
30,async_online,Asynchronous online,amber>mint>cobalt>depot,1,121,9.68,112,9,0.0743801652892562,0,0.0,0,0.0,0.2942476130563644,22,4,4,0,4,4,6.396959364964155,balanced,10,16,4,small,0.07,capacity_noise
31,async_online,Asynchronous online,mint>amber>depot,1,76,6.08,67,9,0.11842105263157894,4,0.05970149253731343,4,0.05970149253731343,0.34370313742316033,0,3,3,0,3,3,4.970119226133461,balanced,10,16,4,small,0.07,capacity_noise
0,async_online,Asynchronous online,mint>cobalt>amber>depot,0,260,20.8,251,9,0.03461538461538462,4,0.01593625498007968,234,0.9322709163346613,0.30638401016915623,0,3,2,0,1,4,1.7889474609150995,balanced,10,16,4,small,0.16,capacity_noise
1,async_online,Asynchronous online,mint>cobalt>amber>depot,1,98,7.84,89,9,0.09183673469387756,14,0.15730337078651685,14,0.15730337078651685,0.46421880830943124,5,4,4,0,4,4,5.95276735846081,balanced,10,16,4,small,0.16,capacity_noise
2,async_online,Asynchronous online,amber>mint>cobalt>depot,1,119,9.52,110,9,0.07563025210084033,0,0.0,0,0.0,0.45594990557577847,12,4,4,0,4,4,6.52586458869925,balanced,10,16,4,small,0.16,capacity_noise
3,async_online,Asynchronous online,mint>amber>depot,1,76,6.08,67,9,0.11842105263157894,4,0.05970149253731343,4,0.05970149253731343,0.4346586107287728,0,3,3,0,3,3,4.909856570190012,balanced,10,16,4,small,0.16,capacity_noise
4,async_online,Asynchronous online,cobalt>mint>depot,1,72,5.76,63,9,0.125,0,0.0,0,0.0,0.49061912873052554,2,3,3,0,3,3,4.038444641576534,balanced,10,16,4,small,0.16,capacity_noise
5,async_online,Asynchronous online,amber>cobalt>depot,1,134,10.72,125,9,0.06716417910447761,8,0.064,8,0.064,0.3722367214297607,56,3,3,0,3,3,5.187974399889171,balanced,10,16,4,small,0.16,capacity_noise
6,async_online,Asynchronous online,cobalt>amber>mint>depot,0,260,20.8,251,9,0.03461538461538462,4,0.01593625498007968,234,0.9322709163346613,0.33972799416546784,0,3,2,0,1,4,1.9121673369287822,balanced,10,16,4,small,0.16,capacity_noise
7,async_online,Asynchronous online,amber>cobalt>depot,1,115,9.200000000000001,106,9,0.0782608695652174,9,0.08490566037735849,9,0.08490566037735849,0.40820856465426153,37,3,3,0,3,3,5.32903002074571,balanced,10,16,4,small,0.16,capacity_noise
8,async_online,Asynchronous online,cobalt>amber>mint>depot,1,119,9.52,110,9,0.07563025210084033,0,0.0,0,0.0,0.43160089723703626,18,4,4,0,4,4,6.25827228222353,balanced,10,16,4,small,0.16,capacity_noise
9,async_online,Asynchronous online,mint>amber>depot,1,76,6.08,67,9,0.11842105263157894,5,0.07462686567164178,5,0.07462686567164178,0.40831799390734025,0,3,3,0,3,3,4.665145231922176,balanced,10,16,4,small,0.16,capacity_noise
10,async_online,Asynchronous online,amber>mint>cobalt>depot,1,114,9.120000000000001,105,9,0.07894736842105263,4,0.0380952380952381,4,0.0380952380952381,0.4673586266564265,11,4,4,0,4,4,6.8851883457789524,balanced,10,16,4,small,0.16,capacity_noise
11,async_online,Asynchronous online,cobalt>amber>mint>depot,1,125,10.0,116,9,0.072,0,0.0,0,0.0,0.40548859604587695,31,4,4,0,4,4,5.94527692975099,balanced,10,16,4,small,0.16,capacity_noise
12,async_online,Asynchronous online,amber>cobalt>depot,0,260,20.8,251,9,0.03461538461538462,0,0.0,251,1.0,0.31458789106571383,6,2,1,0,0,3,1.7174777812650577,balanced,10,16,4,small,0.16,capacity_noise
13,async_online,Asynchronous online,mint>cobalt>amber>depot,1,97,7.76,88,9,0.09278350515463918,15,0.17045454545454544,15,0.17045454545454544,0.46132211116057226,0,4,4,0,4,4,5.73284854502193,balanced,10,16,4,small,0.16,capacity_noise
14,async_online,Asynchronous online,mint>cobalt>amber>depot,1,100,8.0,91,9,0.09,13,0.14285714285714285,13,0.14285714285714285,0.4583024503431987,1,4,4,0,4,4,6.013061546556239,balanced,10,16,4,small,0.16,capacity_noise
15,async_online,Asynchronous online,mint>amber>depot,1,85,6.8,76,9,0.10588235294117647,3,0.039473684210526314,3,0.039473684210526314,0.43737640493124585,7,3,3,0,3,3,4.732684284522195,balanced,10,16,4,small,0.16,capacity_noise
16,async_online,Asynchronous online,amber>mint>cobalt>depot,1,115,9.200000000000001,106,9,0.0782608695652174,0,0.0,0,0.0,0.4273694971747432,16,4,4,0,4,4,6.723704932736943,balanced,10,16,4,small,0.16,capacity_noise
17,async_online,Asynchronous online,amber>mint>cobalt>depot,1,130,10.4,121,9,0.06923076923076923,0,0.0,0,0.0,0.40558333608615366,25,4,4,0,4,4,6.249572900760194,balanced,10,16,4,small,0.16,capacity_noise
18,async_online,Asynchronous online,mint>cobalt>amber>depot,1,101,8.08,92,9,0.0891089108910891,15,0.16304347826086957,15,0.16304347826086957,0.44491106360945976,1,4,4,0,4,4,5.996135042133912,balanced,10,16,4,small,0.16,capacity_noise
19,async_online,Asynchronous online,amber>mint>cobalt>depot,1,141,11.28,132,9,0.06382978723404255,0,0.0,0,0.0,0.3968717670109713,35,4,4,0,4,4,6.7954632951728575,balanced,10,16,4,small,0.16,capacity_noise
20,async_online,Asynchronous online,mint>cobalt>amber>depot,1,98,7.84,89,9,0.09183673469387756,12,0.1348314606741573,12,0.1348314606741573,0.5021519161418617,4,4,4,0,4,4,5.960128713113139,balanced,10,16,4,small,0.16,capacity_noise
21,async_online,Asynchronous online,amber>cobalt>depot,1,85,6.8,76,9,0.10588235294117647,0,0.0,0,0.0,0.39924848453749223,11,3,3,0,3,3,4.722161550105119,balanced,10,16,4,small,0.16,capacity_noise
22,async_online,Asynchronous online,mint>amber>depot,1,86,6.88,77,9,0.10465116279069768,4,0.05194805194805195,4,0.05194805194805195,0.41065639923116853,7,3,3,0,3,3,4.647498229870019,balanced,10,16,4,small,0.16,capacity_noise
23,async_online,Asynchronous online,cobalt>mint>depot,1,75,6.0,66,9,0.12,11,0.16666666666666666,11,0.16666666666666666,0.48373204736061826,0,3,3,0,3,3,4.617874806866234,balanced,10,16,4,small,0.16,capacity_noise
24,async_online,Asynchronous online,cobalt>mint>depot,1,78,6.24,69,9,0.11538461538461539,0,0.0,0,0.0,0.4453316675712193,18,3,3,0,3,3,3.904465169144286,balanced,10,16,4,small,0.16,capacity_noise
25,async_online,Asynchronous online,cobalt>mint>depot,1,75,6.0,66,9,0.12,10,0.15151515151515152,10,0.15151515151515152,0.4779377557256202,3,3,3,0,3,3,4.436412014327205,balanced,10,16,4,small,0.16,capacity_noise
26,async_online,Asynchronous online,mint>cobalt>amber>depot,1,97,7.76,88,9,0.09278350515463918,15,0.17045454545454544,15,0.17045454545454544,0.46683648732364025,0,4,4,0,4,4,5.88725966351254,balanced,10,16,4,small,0.16,capacity_noise
27,async_online,Asynchronous online,amber>mint>cobalt>depot,1,121,9.68,112,9,0.0743801652892562,4,0.03571428571428571,4,0.03571428571428571,0.4323547217449225,15,4,4,0,4,4,6.891995596834771,balanced,10,16,4,small,0.16,capacity_noise
28,async_online,Asynchronous online,amber>cobalt>depot,1,88,7.04,79,9,0.10227272727272728,0,0.0,0,0.0,0.4315141050516974,14,3,3,0,3,3,4.80472643700789,balanced,10,16,4,small,0.16,capacity_noise
29,async_online,Asynchronous online,mint>cobalt>amber>depot,1,98,7.84,89,9,0.09183673469387756,13,0.14606741573033707,13,0.14606741573033707,0.4533269808869761,9,4,4,0,4,4,5.843609400172588,balanced,10,16,4,small,0.16,capacity_noise
30,async_online,Asynchronous online,amber>mint>cobalt>depot,1,121,9.68,112,9,0.0743801652892562,0,0.0,0,0.0,0.3950508153718473,21,4,4,0,4,4,6.470184309751068,balanced,10,16,4,small,0.16,capacity_noise
31,async_online,Asynchronous online,mint>amber>depot,1,77,6.16,68,9,0.11688311688311688,4,0.058823529411764705,4,0.058823529411764705,0.4554203755362634,0,3,3,0,3,3,5.030742648076698,balanced,10,16,4,small,0.16,capacity_noise
0,async_online,Asynchronous online,mint>cobalt>amber>depot,0,260,20.8,251,9,0.03461538461538462,6,0.02390438247011952,236,0.9402390438247012,0.030685095274458257,0,3,2,0,1,4,1.3718451385863344,balanced,10,16,4,medium,0.0,capacity_noise
1,async_online,Asynchronous online,mint>cobalt>amber>depot,1,97,7.76,88,9,0.09278350515463918,17,0.19318181818181818,17,0.19318181818181818,0.33766849053551634,5,4,4,0,4,4,5.8883690078913205,balanced,10,16,4,medium,0.0,capacity_noise
2,async_online,Asynchronous online,amber>mint>cobalt>depot,1,104,8.32,95,9,0.08653846153846154,1,0.010526315789473684,1,0.010526315789473684,0.36518732742883375,5,4,4,0,4,4,6.697523591316107,balanced,10,16,4,medium,0.0,capacity_noise
3,async_online,Asynchronous online,mint>amber>depot,1,76,6.08,67,9,0.11842105263157894,5,0.07462686567164178,5,0.07462686567164178,0.31402184450616877,0,3,3,0,3,3,5.012023927323452,balanced,10,16,4,medium,0.0,capacity_noise
4,async_online,Asynchronous online,cobalt>mint>depot,1,79,6.32,70,9,0.11392405063291139,12,0.17142857142857143,12,0.17142857142857143,0.35973444982552266,3,3,3,0,3,3,4.127260393429985,balanced,10,16,4,medium,0.0,capacity_noise
5,async_online,Asynchronous online,amber>cobalt>depot,1,125,10.0,116,9,0.072,10,0.08620689655172414,10,0.08620689655172414,0.2020544416930925,53,3,3,0,3,3,5.064558051920288,balanced,10,16,4,medium,0.0,capacity_noise
6,async_online,Asynchronous online,cobalt>amber>mint>depot,0,260,20.8,251,9,0.03461538461538462,6,0.02390438247011952,236,0.9402390438247012,0.032848851835680516,0,3,2,0,1,4,1.3801944895314924,balanced,10,16,4,medium,0.0,capacity_noise
7,async_online,Asynchronous online,amber>cobalt>depot,1,95,7.6000000000000005,86,9,0.09473684210526316,10,0.11627906976744186,10,0.11627906976744186,0.3323004701096725,15,3,3,0,3,3,5.240564567014383,balanced,10,16,4,medium,0.0,capacity_noise
8,async_online,Asynchronous online,cobalt>amber>mint>depot,1,104,8.32,95,9,0.08653846153846154,10,0.10526315789473684,10,0.10526315789473684,0.32921870750743293,1,4,4,0,4,4,7.024072588432881,balanced,10,16,4,medium,0.0,capacity_noise
9,async_online,Asynchronous online,mint>amber>depot,1,74,5.92,65,9,0.12162162162162163,7,0.1076923076923077,7,0.1076923076923077,0.3284508654317301,0,3,3,0,3,3,4.769805777530907,balanced,10,16,4,medium,0.0,capacity_noise
10,async_online,Asynchronous online,amber>mint>cobalt>depot,1,109,8.72,100,9,0.08256880733944955,5,0.05,5,0.05,0.3328504612623526,10,4,4,0,4,4,6.972661727376044,balanced,10,16,4,medium,0.0,capacity_noise
11,async_online,Asynchronous online,cobalt>amber>mint>depot,1,115,9.200000000000001,106,9,0.0782608695652174,10,0.09433962264150944,10,0.09433962264150944,0.3176454360524003,21,4,4,0,4,4,6.351916295251205,balanced,10,16,4,medium,0.0,capacity_noise
12,async_online,Asynchronous online,amber>cobalt>depot,0,260,20.8,251,9,0.03461538461538462,0,0.0,251,1.0,0.041751119731822446,6,2,1,0,0,3,1.4303211072515183,balanced,10,16,4,medium,0.0,capacity_noise
13,async_online,Asynchronous online,mint>cobalt>amber>depot,1,96,7.68,87,9,0.09375,17,0.19540229885057472,17,0.19540229885057472,0.34121064564570774,0,4,4,0,4,4,5.863568377812103,balanced,10,16,4,medium,0.0,capacity_noise
14,async_online,Asynchronous online,mint>cobalt>amber>depot,1,97,7.76,88,9,0.09278350515463918,17,0.19318181818181818,17,0.19318181818181818,0.34189457207347396,0,4,4,0,4,4,6.02922083382381,balanced,10,16,4,medium,0.0,capacity_noise
15,async_online,Asynchronous online,mint>amber>depot,1,83,6.640000000000001,74,9,0.10843373493975904,5,0.06756756756756757,5,0.06756756756756757,0.3519255780531613,7,3,3,0,3,3,4.898720410052184,balanced,10,16,4,medium,0.0,capacity_noise
16,async_online,Asynchronous online,amber>mint>cobalt>depot,1,107,8.56,98,9,0.08411214953271028,0,0.0,0,0.0,0.3589814411116319,13,4,4,0,4,4,6.643565002283701,balanced,10,16,4,medium,0.0,capacity_noise
17,async_online,Asynchronous online,amber>mint>cobalt>depot,1,125,10.0,116,9,0.072,0,0.0,0,0.0,0.35000945582681536,31,4,4,0,4,4,6.333441652332886,balanced,10,16,4,medium,0.0,capacity_noise
18,async_online,Asynchronous online,mint>cobalt>amber>depot,1,96,7.68,87,9,0.09375,17,0.19540229885057472,17,0.19540229885057472,0.3418664403980799,0,4,4,0,4,4,5.98248317147964,balanced,10,16,4,medium,0.0,capacity_noise
19,async_online,Asynchronous online,amber>mint>cobalt>depot,1,134,10.72,125,9,0.06716417910447761,0,0.0,0,0.0,0.33415200999873584,36,4,4,0,4,4,6.547802252279331,balanced,10,16,4,medium,0.0,capacity_noise
20,async_online,Asynchronous online,mint>cobalt>amber>depot,1,97,7.76,88,9,0.09278350515463918,14,0.1590909090909091,14,0.1590909090909091,0.3509452428865424,3,4,4,0,4,4,6.134453049112265,balanced,10,16,4,medium,0.0,capacity_noise
21,async_online,Asynchronous online,amber>cobalt>depot,1,79,6.32,70,9,0.11392405063291139,0,0.0,0,0.0,0.3236418973463349,10,3,3,0,3,3,4.532963838545039,balanced,10,16,4,medium,0.0,capacity_noise
22,async_online,Asynchronous online,mint>amber>depot,1,74,5.92,65,9,0.12162162162162163,6,0.09230769230769231,6,0.09230769230769231,0.33097972621630184,0,3,3,0,3,3,4.757309451711134,balanced,10,16,4,medium,0.0,capacity_noise
23,async_online,Asynchronous online,cobalt>mint>depot,1,74,5.92,65,9,0.12162162162162163,11,0.16923076923076924,11,0.16923076923076924,0.35048716931473695,0,3,3,0,3,3,4.54544761979702,balanced,10,16,4,medium,0.0,capacity_noise
24,async_online,Asynchronous online,cobalt>mint>depot,1,74,5.92,65,9,0.12162162162162163,12,0.18461538461538463,12,0.18461538461538463,0.33572111462183557,6,3,3,0,3,3,4.158789251127944,balanced,10,16,4,medium,0.0,capacity_noise
25,async_online,Asynchronous online,cobalt>mint>depot,1,73,5.84,64,9,0.1232876712328767,12,0.1875,12,0.1875,0.3535496151570418,3,3,3,0,3,3,4.415406353897357,balanced,10,16,4,medium,0.0,capacity_noise
26,async_online,Asynchronous online,mint>cobalt>amber>depot,1,96,7.68,87,9,0.09375,17,0.19540229885057472,17,0.19540229885057472,0.34062193690211956,0,4,4,0,4,4,5.902040008683412,balanced,10,16,4,medium,0.0,capacity_noise
27,async_online,Asynchronous online,amber>mint>cobalt>depot,1,115,9.200000000000001,106,9,0.0782608695652174,5,0.04716981132075472,5,0.04716981132075472,0.3886395426455587,11,4,4,0,4,4,6.952599351709561,balanced,10,16,4,medium,0.0,capacity_noise
28,async_online,Asynchronous online,amber>cobalt>depot,1,84,6.72,75,9,0.10714285714285714,0,0.0,0,0.0,0.3740529046881505,15,3,3,0,3,3,4.797491264806731,balanced,10,16,4,medium,0.0,capacity_noise
29,async_online,Asynchronous online,mint>cobalt>amber>depot,1,97,7.76,88,9,0.09278350515463918,14,0.1590909090909091,14,0.1590909090909091,0.33218717658966923,9,4,4,0,4,4,5.966347923793487,balanced,10,16,4,medium,0.0,capacity_noise
30,async_online,Asynchronous online,amber>mint>cobalt>depot,1,115,9.200000000000001,106,9,0.0782608695652174,14,0.1320754716981132,14,0.1320754716981132,0.3244538798278324,6,4,4,0,4,4,6.995047940327806,balanced,10,16,4,medium,0.0,capacity_noise
31,async_online,Asynchronous online,mint>amber>depot,1,76,6.08,67,9,0.11842105263157894,5,0.07462686567164178,5,0.07462686567164178,0.32329772197737666,0,3,3,0,3,3,5.043154218546428,balanced,10,16,4,medium,0.0,capacity_noise
0,async_online,Asynchronous online,mint>cobalt>amber>depot,0,260,20.8,251,9,0.03461538461538462,6,0.02390438247011952,236,0.9402390438247012,0.158150596168328,0,3,2,0,1,4,1.4512080653434212,balanced,10,16,4,medium,0.07,capacity_noise
1,async_online,Asynchronous online,mint>cobalt>amber>depot,1,96,7.68,87,9,0.09375,17,0.19540229885057472,17,0.19540229885057472,0.382423356493524,5,4,4,0,4,4,5.885865255046625,balanced,10,16,4,medium,0.07,capacity_noise
2,async_online,Asynchronous online,amber>mint>cobalt>depot,1,104,8.32,95,9,0.08653846153846154,1,0.010526315789473684,1,0.010526315789473684,0.3887420039795743,5,4,4,0,4,4,6.6777558735188185,balanced,10,16,4,medium,0.07,capacity_noise
3,async_online,Asynchronous online,mint>amber>depot,1,76,6.08,67,9,0.11842105263157894,5,0.07462686567164178,5,0.07462686567164178,0.3494630403471324,0,3,3,0,3,3,5.00884787569749,balanced,10,16,4,medium,0.07,capacity_noise
4,async_online,Asynchronous online,cobalt>mint>depot,1,79,6.32,70,9,0.11392405063291139,12,0.17142857142857143,12,0.17142857142857143,0.3985642552595216,3,3,3,0,3,3,4.1141450595730475,balanced,10,16,4,medium,0.07,capacity_noise
5,async_online,Asynchronous online,amber>cobalt>depot,1,124,9.92,115,9,0.07258064516129033,10,0.08695652173913043,10,0.08695652173913043,0.26846699231898075,52,3,3,0,3,3,5.077330581192614,balanced,10,16,4,medium,0.07,capacity_noise
6,async_online,Asynchronous online,cobalt>amber>mint>depot,0,260,20.8,251,9,0.03461538461538462,6,0.02390438247011952,236,0.9402390438247012,0.15988160686482628,0,3,2,0,1,4,1.5242323163999179,balanced,10,16,4,medium,0.07,capacity_noise
7,async_online,Asynchronous online,amber>cobalt>depot,1,95,7.6000000000000005,86,9,0.09473684210526316,10,0.11627906976744186,10,0.11627906976744186,0.37535931193633115,15,3,3,0,3,3,5.240388158716603,balanced,10,16,4,medium,0.07,capacity_noise
8,async_online,Asynchronous online,cobalt>amber>mint>depot,1,104,8.32,95,9,0.08653846153846154,9,0.09473684210526316,9,0.09473684210526316,0.3659811704450636,1,4,4,0,4,4,7.014641861489109,balanced,10,16,4,medium,0.07,capacity_noise
9,async_online,Asynchronous online,mint>amber>depot,1,74,5.92,65,9,0.12162162162162163,6,0.09230769230769231,6,0.09230769230769231,0.3713329031633939,0,3,3,0,3,3,4.755522909355529,balanced,10,16,4,medium,0.07,capacity_noise
10,async_online,Asynchronous online,amber>mint>cobalt>depot,1,106,8.48,97,9,0.08490566037735849,5,0.05154639175257732,5,0.05154639175257732,0.38229304795456964,6,4,4,0,4,4,6.959385506658986,balanced,10,16,4,medium,0.07,capacity_noise
11,async_online,Asynchronous online,cobalt>amber>mint>depot,1,115,9.200000000000001,106,9,0.0782608695652174,10,0.09433962264150944,10,0.09433962264150944,0.35249873018166616,21,4,4,0,4,4,6.352323826122067,balanced,10,16,4,medium,0.07,capacity_noise
12,async_online,Asynchronous online,amber>cobalt>depot,0,260,20.8,251,9,0.03461538461538462,0,0.0,251,1.0,0.15800827496184355,6,2,1,0,0,3,1.5375753710354585,balanced,10,16,4,medium,0.07,capacity_noise
13,async_online,Asynchronous online,mint>cobalt>amber>depot,1,96,7.68,87,9,0.09375,17,0.19540229885057472,17,0.19540229885057472,0.3725631772145107,0,4,4,0,4,4,5.871588187945396,balanced,10,16,4,medium,0.07,capacity_noise
14,async_online,Asynchronous online,mint>cobalt>amber>depot,1,97,7.76,88,9,0.09278350515463918,17,0.19318181818181818,17,0.19318181818181818,0.37991805563020803,0,4,4,0,4,4,6.011115588614446,balanced,10,16,4,medium,0.07,capacity_noise
15,async_online,Asynchronous online,mint>amber>depot,1,83,6.640000000000001,74,9,0.10843373493975904,5,0.06756756756756757,5,0.06756756756756757,0.3744075310049804,7,3,3,0,3,3,4.886076470042562,balanced,10,16,4,medium,0.07,capacity_noise
16,async_online,Asynchronous online,amber>mint>cobalt>depot,1,108,8.64,99,9,0.08333333333333333,0,0.0,0,0.0,0.38357558130228697,13,4,4,0,4,4,6.68802842901176,balanced,10,16,4,medium,0.07,capacity_noise
17,async_online,Asynchronous online,amber>mint>cobalt>depot,1,125,10.0,116,9,0.072,0,0.0,0,0.0,0.3795637204196297,30,4,4,0,4,4,6.367963615557457,balanced,10,16,4,medium,0.07,capacity_noise
18,async_online,Asynchronous online,mint>cobalt>amber>depot,1,96,7.68,87,9,0.09375,17,0.19540229885057472,17,0.19540229885057472,0.37471443917657626,0,4,4,0,4,4,5.989744277752256,balanced,10,16,4,medium,0.07,capacity_noise
19,async_online,Asynchronous online,amber>mint>cobalt>depot,1,135,10.8,126,9,0.06666666666666667,0,0.0,0,0.0,0.37099620572036235,36,4,4,0,4,4,6.631428370258497,balanced,10,16,4,medium,0.07,capacity_noise
20,async_online,Asynchronous online,mint>cobalt>amber>depot,1,97,7.76,88,9,0.09278350515463918,14,0.1590909090909091,14,0.1590909090909091,0.403292743330652,3,4,4,0,4,4,6.1303902957586045,balanced,10,16,4,medium,0.07,capacity_noise
21,async_online,Asynchronous online,amber>cobalt>depot,1,79,6.32,70,9,0.11392405063291139,0,0.0,0,0.0,0.35524733729586194,10,3,3,0,3,3,4.541304617560359,balanced,10,16,4,medium,0.07,capacity_noise
22,async_online,Asynchronous online,mint>amber>depot,1,74,5.92,65,9,0.12162162162162163,6,0.09230769230769231,6,0.09230769230769231,0.36248641103956303,0,3,3,0,3,3,4.740730887937171,balanced,10,16,4,medium,0.07,capacity_noise
23,async_online,Asynchronous online,cobalt>mint>depot,1,74,5.92,65,9,0.12162162162162163,11,0.16923076923076924,11,0.16923076923076924,0.38526177060942546,0,3,3,0,3,3,4.543607552263061,balanced,10,16,4,medium,0.07,capacity_noise
24,async_online,Asynchronous online,cobalt>mint>depot,1,74,5.92,65,9,0.12162162162162163,12,0.18461538461538463,12,0.18461538461538463,0.3893573548621993,6,3,3,0,3,3,4.15339791518347,balanced,10,16,4,medium,0.07,capacity_noise
25,async_online,Asynchronous online,cobalt>mint>depot,1,73,5.84,64,9,0.1232876712328767,12,0.1875,12,0.1875,0.3827237268625898,3,3,3,0,3,3,4.411141775923538,balanced,10,16,4,medium,0.07,capacity_noise
26,async_online,Asynchronous online,mint>cobalt>amber>depot,1,96,7.68,87,9,0.09375,17,0.19540229885057472,17,0.19540229885057472,0.38109412050098396,0,4,4,0,4,4,5.898300634631436,balanced,10,16,4,medium,0.07,capacity_noise
27,async_online,Asynchronous online,amber>mint>cobalt>depot,1,115,9.200000000000001,106,9,0.0782608695652174,5,0.04716981132075472,5,0.04716981132075472,0.41763877344397066,11,4,4,0,4,4,6.961347805373815,balanced,10,16,4,medium,0.07,capacity_noise
28,async_online,Asynchronous online,amber>cobalt>depot,1,84,6.72,75,9,0.10714285714285714,0,0.0,0,0.0,0.3966274037794564,15,3,3,0,3,3,4.79560006852431,balanced,10,16,4,medium,0.07,capacity_noise
29,async_online,Asynchronous online,mint>cobalt>amber>depot,1,97,7.76,88,9,0.09278350515463918,14,0.1590909090909091,14,0.1590909090909091,0.3724186764376005,9,4,4,0,4,4,5.954106356078142,balanced,10,16,4,medium,0.07,capacity_noise
30,async_online,Asynchronous online,amber>mint>cobalt>depot,1,115,9.200000000000001,106,9,0.0782608695652174,14,0.1320754716981132,14,0.1320754716981132,0.36179025364939266,6,4,4,0,4,4,7.011552669052223,balanced,10,16,4,medium,0.07,capacity_noise
31,async_online,Asynchronous online,mint>amber>depot,1,76,6.08,67,9,0.11842105263157894,5,0.07462686567164178,5,0.07462686567164178,0.347808882023753,0,3,3,0,3,3,5.043965191762234,balanced,10,16,4,medium,0.07,capacity_noise
0,async_online,Asynchronous online,mint>cobalt>amber>depot,0,260,20.8,251,9,0.03461538461538462,6,0.02390438247011952,236,0.9402390438247012,0.3341367289046554,0,3,2,0,1,4,1.6778950383363593,balanced,10,16,4,medium,0.16,capacity_noise
1,async_online,Asynchronous online,mint>cobalt>amber>depot,1,96,7.68,87,9,0.09375,17,0.19540229885057472,17,0.19540229885057472,0.49409659610803086,5,4,4,0,4,4,5.8920817931312826,balanced,10,16,4,medium,0.16,capacity_noise
2,async_online,Asynchronous online,amber>mint>cobalt>depot,1,104,8.32,95,9,0.08653846153846154,1,0.010526315789473684,1,0.010526315789473684,0.4798513370718494,5,4,4,0,4,4,6.652706869517695,balanced,10,16,4,medium,0.16,capacity_noise
3,async_online,Asynchronous online,mint>amber>depot,1,76,6.08,67,9,0.11842105263157894,5,0.07462686567164178,5,0.07462686567164178,0.457224621302699,0,3,3,0,3,3,5.005450560182846,balanced,10,16,4,medium,0.16,capacity_noise
4,async_online,Asynchronous online,cobalt>mint>depot,1,79,6.32,70,9,0.11392405063291139,12,0.17142857142857143,12,0.17142857142857143,0.5151786022030038,3,3,3,0,3,3,4.09759246405104,balanced,10,16,4,medium,0.16,capacity_noise
5,async_online,Asynchronous online,amber>cobalt>depot,1,115,9.200000000000001,106,9,0.0782608695652174,10,0.09433962264150944,10,0.09433962264150944,0.4107056886264564,41,3,3,0,3,3,5.126243678958222,balanced,10,16,4,medium,0.16,capacity_noise
6,async_online,Asynchronous online,cobalt>amber>mint>depot,0,260,20.8,251,9,0.03461538461538462,6,0.02390438247011952,236,0.9402390438247012,0.3345497058336528,0,3,2,0,1,4,1.7845770478489418,balanced,10,16,4,medium,0.16,capacity_noise
7,async_online,Asynchronous online,amber>cobalt>depot,1,95,7.6000000000000005,86,9,0.09473684210526316,10,0.11627906976744186,10,0.11627906976744186,0.47971555983198094,15,3,3,0,3,3,5.237824524599952,balanced,10,16,4,medium,0.16,capacity_noise
8,async_online,Asynchronous online,cobalt>amber>mint>depot,1,105,8.4,96,9,0.08571428571428572,0,0.0,0,0.0,0.4875487392772216,11,4,4,0,4,4,6.612513312750142,balanced,10,16,4,medium,0.16,capacity_noise
9,async_online,Asynchronous online,mint>amber>depot,1,75,6.0,66,9,0.12,6,0.09090909090909091,6,0.09090909090909091,0.4833891904670403,0,3,3,0,3,3,4.789815459799704,balanced,10,16,4,medium,0.16,capacity_noise
10,async_online,Asynchronous online,amber>mint>cobalt>depot,1,106,8.48,97,9,0.08490566037735849,5,0.05154639175257732,5,0.05154639175257732,0.47596993716209557,6,4,4,0,4,4,6.95665586446738,balanced,10,16,4,medium,0.16,capacity_noise
11,async_online,Asynchronous online,cobalt>amber>mint>depot,1,114,9.120000000000001,105,9,0.07894736842105263,10,0.09523809523809523,10,0.09523809523809523,0.4779488793951192,20,4,4,0,4,4,6.299694362054352,balanced,10,16,4,medium,0.16,capacity_noise
12,async_online,Asynchronous online,amber>cobalt>depot,0,260,20.8,251,9,0.03461538461538462,0,0.0,251,1.0,0.3211953812171858,5,2,1,0,0,3,1.776365239408164,balanced,10,16,4,medium,0.16,capacity_noise
13,async_online,Asynchronous online,mint>cobalt>amber>depot,1,96,7.68,87,9,0.09375,18,0.20689655172413793,18,0.20689655172413793,0.47771024112784644,0,4,4,0,4,4,5.881899826832277,balanced,10,16,4,medium,0.16,capacity_noise
14,async_online,Asynchronous online,mint>cobalt>amber>depot,1,96,7.68,87,9,0.09375,17,0.19540229885057472,17,0.19540229885057472,0.49215117450483503,0,4,4,0,4,4,5.984443143123902,balanced,10,16,4,medium,0.16,capacity_noise
15,async_online,Asynchronous online,mint>amber>depot,1,83,6.640000000000001,74,9,0.10843373493975904,5,0.06756756756756757,5,0.06756756756756757,0.46389775884599993,7,3,3,0,3,3,4.871627264449745,balanced,10,16,4,medium,0.16,capacity_noise
16,async_online,Asynchronous online,amber>mint>cobalt>depot,1,110,8.8,101,9,0.08181818181818182,0,0.0,0,0.0,0.48658460878457316,15,4,4,0,4,4,6.655931164745496,balanced,10,16,4,medium,0.16,capacity_noise
17,async_online,Asynchronous online,amber>mint>cobalt>depot,1,124,9.92,115,9,0.07258064516129033,1,0.008695652173913044,1,0.008695652173913044,0.4779346016450093,29,4,4,0,4,4,6.34203292225179,balanced,10,16,4,medium,0.16,capacity_noise
18,async_online,Asynchronous online,mint>cobalt>amber>depot,1,98,7.84,89,9,0.09183673469387756,17,0.19101123595505617,17,0.19101123595505617,0.46941586716409855,0,4,4,0,4,4,6.0721964357266724,balanced,10,16,4,medium,0.16,capacity_noise
19,async_online,Asynchronous online,amber>mint>cobalt>depot,1,130,10.4,121,9,0.06923076923076923,0,0.0,0,0.0,0.4749533479833005,31,4,4,0,4,4,6.665950880931637,balanced,10,16,4,medium,0.16,capacity_noise
20,async_online,Asynchronous online,mint>cobalt>amber>depot,1,97,7.76,88,9,0.09278350515463918,14,0.1590909090909091,14,0.1590909090909091,0.5404897067657212,3,4,4,0,4,4,6.128220343514872,balanced,10,16,4,medium,0.16,capacity_noise
21,async_online,Asynchronous online,amber>cobalt>depot,1,79,6.32,70,9,0.11392405063291139,0,0.0,0,0.0,0.46249511260916215,10,3,3,0,3,3,4.549013221751977,balanced,10,16,4,medium,0.16,capacity_noise
22,async_online,Asynchronous online,mint>amber>depot,1,74,5.92,65,9,0.12162162162162163,5,0.07692307692307693,5,0.07692307692307693,0.46904187375865286,0,3,3,0,3,3,4.720055908961244,balanced,10,16,4,medium,0.16,capacity_noise
23,async_online,Asynchronous online,cobalt>mint>depot,1,74,5.92,65,9,0.12162162162162163,12,0.18461538461538463,12,0.18461538461538463,0.5020580545210811,0,3,3,0,3,3,4.5419550013651895,balanced,10,16,4,medium,0.16,capacity_noise
24,async_online,Asynchronous online,cobalt>mint>depot,1,74,5.92,65,9,0.12162162162162163,12,0.18461538461538463,12,0.18461538461538463,0.5333981891466912,6,3,3,0,3,3,4.148417946596164,balanced,10,16,4,medium,0.16,capacity_noise
25,async_online,Asynchronous online,cobalt>mint>depot,1,73,5.84,64,9,0.1232876712328767,11,0.171875,11,0.171875,0.4792557076141706,3,3,3,0,3,3,4.404798966914624,balanced,10,16,4,medium,0.16,capacity_noise
26,async_online,Asynchronous online,mint>cobalt>amber>depot,1,96,7.68,87,9,0.09375,17,0.19540229885057472,17,0.19540229885057472,0.4954863946692103,0,4,4,0,4,4,5.895379095494283,balanced,10,16,4,medium,0.16,capacity_noise
27,async_online,Asynchronous online,amber>mint>cobalt>depot,1,115,9.200000000000001,106,9,0.0782608695652174,5,0.04716981132075472,5,0.04716981132075472,0.5063005344939534,11,4,4,0,4,4,6.9711972758845,balanced,10,16,4,medium,0.16,capacity_noise
28,async_online,Asynchronous online,amber>cobalt>depot,1,81,6.48,72,9,0.1111111111111111,0,0.0,0,0.0,0.506329247483904,11,3,3,0,3,3,4.762756141722613,balanced,10,16,4,medium,0.16,capacity_noise
29,async_online,Asynchronous online,mint>cobalt>amber>depot,1,97,7.76,88,9,0.09278350515463918,15,0.17045454545454544,15,0.17045454545454544,0.475432081271112,9,4,4,0,4,4,5.9405035654402525,balanced,10,16,4,medium,0.16,capacity_noise
30,async_online,Asynchronous online,amber>mint>cobalt>depot,1,117,9.36,108,9,0.07692307692307693,14,0.12962962962962962,14,0.12962962962962962,0.44730313623071233,8,4,4,0,4,4,7.068926924021061,balanced,10,16,4,medium,0.16,capacity_noise
31,async_online,Asynchronous online,mint>amber>depot,1,75,6.0,66,9,0.12,5,0.07575757575757576,5,0.07575757575757576,0.44866206924586466,0,3,3,0,3,3,4.9861813798817645,balanced,10,16,4,medium,0.16,capacity_noise
0,async_online,Asynchronous online,mint>cobalt>amber>depot,0,260,20.8,251,9,0.03461538461538462,5,0.0199203187250996,235,0.9362549800796812,0.03144294242090058,0,3,2,0,1,4,1.1587563402903178,balanced,10,16,4,large,0.0,capacity_noise
1,async_online,Asynchronous online,mint>cobalt>amber>depot,1,96,7.68,87,9,0.09375,17,0.19540229885057472,17,0.19540229885057472,0.35803152290372403,5,4,4,0,4,4,5.542364034583461,balanced,10,16,4,large,0.0,capacity_noise
2,async_online,Asynchronous online,amber>mint>cobalt>depot,1,103,8.24,94,9,0.08737864077669903,0,0.0,0,0.0,0.3824677863436944,6,4,4,0,4,4,6.438763834107911,balanced,10,16,4,large,0.0,capacity_noise
3,async_online,Asynchronous online,mint>amber>depot,1,74,5.92,65,9,0.12162162162162163,6,0.09230769230769231,6,0.09230769230769231,0.3350892318833038,0,3,3,0,3,3,4.682211815057016,balanced,10,16,4,large,0.0,capacity_noise
4,async_online,Asynchronous online,cobalt>mint>depot,1,78,6.24,69,9,0.11538461538461539,12,0.17391304347826086,12,0.17391304347826086,0.38120461843290865,3,3,3,0,3,3,3.9146184057699664,balanced,10,16,4,large,0.0,capacity_noise
5,async_online,Asynchronous online,amber>cobalt>depot,1,126,10.08,117,9,0.07142857142857142,11,0.09401709401709402,11,0.09401709401709402,0.20878653864139166,54,3,3,0,3,3,4.7657102447017685,balanced,10,16,4,large,0.0,capacity_noise
6,async_online,Asynchronous online,cobalt>amber>mint>depot,0,260,20.8,251,9,0.03461538461538462,5,0.0199203187250996,235,0.9362549800796812,0.033300500104960024,0,3,2,0,1,4,1.1523165421807828,balanced,10,16,4,large,0.0,capacity_noise
7,async_online,Asynchronous online,amber>cobalt>depot,1,86,6.88,77,9,0.10465116279069768,11,0.14285714285714285,11,0.14285714285714285,0.36393504772151564,6,3,3,0,3,3,4.905333652693652,balanced,10,16,4,large,0.0,capacity_noise
8,async_online,Asynchronous online,cobalt>amber>mint>depot,1,103,8.24,94,9,0.08737864077669903,11,0.11702127659574468,11,0.11702127659574468,0.34625993152750545,1,4,4,0,4,4,6.563026787754326,balanced,10,16,4,large,0.0,capacity_noise
9,async_online,Asynchronous online,mint>amber>depot,1,73,5.84,64,9,0.1232876712328767,6,0.09375,6,0.09375,0.3499580943655922,0,3,3,0,3,3,4.497624481097887,balanced,10,16,4,large,0.0,capacity_noise
10,async_online,Asynchronous online,amber>mint>cobalt>depot,1,112,8.96,103,9,0.08035714285714286,4,0.038834951456310676,4,0.038834951456310676,0.3368948133227079,13,4,4,0,4,4,6.681494377272345,balanced,10,16,4,large,0.0,capacity_noise
11,async_online,Asynchronous online,cobalt>amber>mint>depot,1,115,9.200000000000001,106,9,0.0782608695652174,11,0.10377358490566038,11,0.10377358490566038,0.3347809637259631,21,4,4,0,4,4,6.037619859540301,balanced,10,16,4,large,0.0,capacity_noise
12,async_online,Asynchronous online,amber>cobalt>depot,0,260,20.8,251,9,0.03461538461538462,0,0.0,251,1.0,0.043282438704824254,6,2,1,0,0,3,1.2685520780297599,balanced,10,16,4,large,0.0,capacity_noise
13,async_online,Asynchronous online,mint>cobalt>amber>depot,1,95,7.6000000000000005,86,9,0.09473684210526316,18,0.20930232558139536,18,0.20930232558139536,0.362447865872858,0,4,4,0,4,4,5.495594808441295,balanced,10,16,4,large,0.0,capacity_noise
14,async_online,Asynchronous online,mint>cobalt>amber>depot,1,95,7.6000000000000005,86,9,0.09473684210526316,17,0.19767441860465115,17,0.19767441860465115,0.36642746586564984,0,4,4,0,4,4,5.625660307946285,balanced,10,16,4,large,0.0,capacity_noise
15,async_online,Asynchronous online,mint>amber>depot,1,78,6.24,69,9,0.11538461538461539,5,0.07246376811594203,5,0.07246376811594203,0.38131199713702796,3,3,3,0,3,3,4.610082652627949,balanced,10,16,4,large,0.0,capacity_noise
16,async_online,Asynchronous online,amber>mint>cobalt>depot,1,112,8.96,103,9,0.08035714285714286,0,0.0,0,0.0,0.3440123959871925,19,4,4,0,4,4,6.374651587970183,balanced,10,16,4,large,0.0,capacity_noise
17,async_online,Asynchronous online,amber>mint>cobalt>depot,1,124,9.92,115,9,0.07258064516129033,12,0.10434782608695652,12,0.10434782608695652,0.3358588664649148,15,4,4,0,4,4,6.336859189532902,balanced,10,16,4,large,0.0,capacity_noise
18,async_online,Asynchronous online,mint>cobalt>amber>depot,1,95,7.6000000000000005,86,9,0.09473684210526316,17,0.19767441860465115,17,0.19767441860465115,0.3624480077499744,0,4,4,0,4,4,5.594724912260693,balanced,10,16,4,large,0.0,capacity_noise
19,async_online,Asynchronous online,amber>mint>cobalt>depot,1,125,10.0,116,9,0.072,0,0.0,0,0.0,0.33697711940668895,24,4,4,0,4,4,6.543064254783231,balanced,10,16,4,large,0.0,capacity_noise
20,async_online,Asynchronous online,mint>cobalt>amber>depot,1,96,7.68,87,9,0.09375,15,0.1724137931034483,15,0.1724137931034483,0.3703357889885822,3,4,4,0,4,4,5.796132069668956,balanced,10,16,4,large,0.0,capacity_noise
21,async_online,Asynchronous online,amber>cobalt>depot,1,77,6.16,68,9,0.11688311688311688,0,0.0,0,0.0,0.3495820767188243,10,3,3,0,3,3,4.324410152506852,balanced,10,16,4,large,0.0,capacity_noise
22,async_online,Asynchronous online,mint>amber>depot,1,74,5.92,65,9,0.12162162162162163,6,0.09230769230769231,6,0.09230769230769231,0.3409556043008788,0,3,3,0,3,3,4.538213554978862,balanced,10,16,4,large,0.0,capacity_noise
23,async_online,Asynchronous online,cobalt>mint>depot,1,73,5.84,64,9,0.1232876712328767,12,0.1875,12,0.1875,0.36978778033726806,0,3,3,0,3,3,4.228220656937318,balanced,10,16,4,large,0.0,capacity_noise
24,async_online,Asynchronous online,cobalt>mint>depot,1,74,5.92,65,9,0.12162162162162163,12,0.18461538461538463,12,0.18461538461538463,0.3540882230367608,6,3,3,0,3,3,3.862599538948252,balanced,10,16,4,large,0.0,capacity_noise
25,async_online,Asynchronous online,cobalt>mint>depot,1,73,5.84,64,9,0.1232876712328767,12,0.1875,12,0.1875,0.36843306916419516,3,3,3,0,3,3,4.10760540241339,balanced,10,16,4,large,0.0,capacity_noise
26,async_online,Asynchronous online,mint>cobalt>amber>depot,1,95,7.6000000000000005,86,9,0.09473684210526316,17,0.19767441860465115,17,0.19767441860465115,0.36054411062446606,0,4,4,0,4,4,5.51541381036913,balanced,10,16,4,large,0.0,capacity_noise
27,async_online,Asynchronous online,amber>mint>cobalt>depot,1,115,9.200000000000001,106,9,0.0782608695652174,4,0.03773584905660377,4,0.03773584905660377,0.38058565507677866,13,4,4,0,4,4,6.649832744658505,balanced,10,16,4,large,0.0,capacity_noise
28,async_online,Asynchronous online,amber>cobalt>depot,1,80,6.4,71,9,0.1125,0,0.0,0,0.0,0.4078005454068978,13,3,3,0,3,3,4.58022084429296,balanced,10,16,4,large,0.0,capacity_noise
29,async_online,Asynchronous online,mint>cobalt>amber>depot,1,96,7.68,87,9,0.09375,14,0.16091954022988506,14,0.16091954022988506,0.35039089500682996,9,4,4,0,4,4,5.630460165760634,balanced,10,16,4,large,0.0,capacity_noise
30,async_online,Asynchronous online,amber>mint>cobalt>depot,1,115,9.200000000000001,106,9,0.0782608695652174,15,0.14150943396226415,15,0.14150943396226415,0.32940781321400914,7,4,4,0,4,4,6.6153359194765455,balanced,10,16,4,large,0.0,capacity_noise
31,async_online,Asynchronous online,mint>amber>depot,1,74,5.92,65,9,0.12162162162162163,6,0.09230769230769231,6,0.09230769230769231,0.34393566782246326,0,3,3,0,3,3,4.711434410751706,balanced,10,16,4,large,0.0,capacity_noise
0,async_online,Asynchronous online,mint>cobalt>amber>depot,0,260,20.8,251,9,0.03461538461538462,5,0.0199203187250996,235,0.9362549800796812,0.15672882609873623,0,3,2,0,1,4,1.2864162450530539,balanced,10,16,4,large,0.07,capacity_noise
1,async_online,Asynchronous online,mint>cobalt>amber>depot,1,96,7.68,87,9,0.09375,17,0.19540229885057472,17,0.19540229885057472,0.40251883970002267,5,4,4,0,4,4,5.564282932042773,balanced,10,16,4,large,0.07,capacity_noise
2,async_online,Asynchronous online,amber>mint>cobalt>depot,1,106,8.48,97,9,0.08490566037735849,0,0.0,0,0.0,0.43021679158640214,7,4,4,0,4,4,6.428424695531043,balanced,10,16,4,large,0.07,capacity_noise
3,async_online,Asynchronous online,mint>amber>depot,1,74,5.92,65,9,0.12162162162162163,6,0.09230769230769231,6,0.09230769230769231,0.36970267386299527,0,3,3,0,3,3,4.691307413236827,balanced,10,16,4,large,0.07,capacity_noise
4,async_online,Asynchronous online,cobalt>mint>depot,1,78,6.24,69,9,0.11538461538461539,12,0.17391304347826086,12,0.17391304347826086,0.4162439083102957,3,3,3,0,3,3,3.9205334211539538,balanced,10,16,4,large,0.07,capacity_noise
5,async_online,Asynchronous online,amber>cobalt>depot,1,126,10.08,117,9,0.07142857142857142,11,0.09401709401709402,11,0.09401709401709402,0.27525506561223256,54,3,3,0,3,3,4.77245032272584,balanced,10,16,4,large,0.07,capacity_noise
6,async_online,Asynchronous online,cobalt>amber>mint>depot,0,260,20.8,251,9,0.03461538461538462,5,0.0199203187250996,235,0.9362549800796812,0.15221586812541688,0,3,2,0,1,4,1.2973906885374726,balanced,10,16,4,large,0.07,capacity_noise
7,async_online,Asynchronous online,amber>cobalt>depot,1,83,6.640000000000001,74,9,0.10843373493975904,11,0.14864864864864866,11,0.14864864864864866,0.37789420086642467,5,3,3,0,3,3,4.925759247548186,balanced,10,16,4,large,0.07,capacity_noise
8,async_online,Asynchronous online,cobalt>amber>mint>depot,1,102,8.16,93,9,0.08823529411764706,11,0.11827956989247312,11,0.11827956989247312,0.3995040967924459,1,4,4,0,4,4,6.5246777322217175,balanced,10,16,4,large,0.07,capacity_noise
9,async_online,Asynchronous online,mint>amber>depot,1,73,5.84,64,9,0.1232876712328767,6,0.09375,6,0.09375,0.3851914313043847,0,3,3,0,3,3,4.5057712650463175,balanced,10,16,4,large,0.07,capacity_noise
10,async_online,Asynchronous online,amber>mint>cobalt>depot,1,111,8.88,102,9,0.08108108108108109,4,0.0392156862745098,4,0.0392156862745098,0.3793858835358826,13,4,4,0,4,4,6.65089129354918,balanced,10,16,4,large,0.07,capacity_noise
11,async_online,Asynchronous online,cobalt>amber>mint>depot,1,114,9.120000000000001,105,9,0.07894736842105263,11,0.10476190476190476,11,0.10476190476190476,0.3673291059013498,20,4,4,0,4,4,6.016794599361018,balanced,10,16,4,large,0.07,capacity_noise
12,async_online,Asynchronous online,amber>cobalt>depot,0,260,20.8,251,9,0.03461538461538462,0,0.0,251,1.0,0.16963313058567386,5,2,1,0,0,3,1.3288068251153042,balanced,10,16,4,large,0.07,capacity_noise
13,async_online,Asynchronous online,mint>cobalt>amber>depot,1,95,7.6000000000000005,86,9,0.09473684210526316,18,0.20930232558139536,18,0.20930232558139536,0.40386207411111846,0,4,4,0,4,4,5.4785959700423055,balanced,10,16,4,large,0.07,capacity_noise
14,async_online,Asynchronous online,mint>cobalt>amber>depot,1,95,7.6000000000000005,86,9,0.09473684210526316,17,0.19767441860465115,17,0.19767441860465115,0.41389861706737874,0,4,4,0,4,4,5.616815642761442,balanced,10,16,4,large,0.07,capacity_noise
15,async_online,Asynchronous online,mint>amber>depot,1,78,6.24,69,9,0.11538461538461539,5,0.07246376811594203,5,0.07246376811594203,0.4231177374932011,3,3,3,0,3,3,4.607947183264663,balanced,10,16,4,large,0.07,capacity_noise
16,async_online,Asynchronous online,amber>mint>cobalt>depot,1,111,8.88,102,9,0.08108108108108109,0,0.0,0,0.0,0.37892979273787225,19,4,4,0,4,4,6.329596939419578,balanced,10,16,4,large,0.07,capacity_noise
17,async_online,Asynchronous online,amber>mint>cobalt>depot,1,103,8.24,94,9,0.08737864077669903,0,0.0,0,0.0,0.4129241888829426,8,4,4,0,4,4,6.204859648894597,balanced,10,16,4,large,0.07,capacity_noise
18,async_online,Asynchronous online,mint>cobalt>amber>depot,1,95,7.6000000000000005,86,9,0.09473684210526316,17,0.19767441860465115,17,0.19767441860465115,0.4037829523487387,0,4,4,0,4,4,5.605025034422155,balanced,10,16,4,large,0.07,capacity_noise
19,async_online,Asynchronous online,amber>mint>cobalt>depot,1,125,10.0,116,9,0.072,0,0.0,0,0.0,0.3823537047224857,25,4,4,0,4,4,6.490804363541307,balanced,10,16,4,large,0.07,capacity_noise
20,async_online,Asynchronous online,mint>cobalt>amber>depot,1,96,7.68,87,9,0.09375,15,0.1724137931034483,15,0.1724137931034483,0.40121406914162716,3,4,4,0,4,4,5.808700410718002,balanced,10,16,4,large,0.07,capacity_noise
21,async_online,Asynchronous online,amber>cobalt>depot,1,77,6.16,68,9,0.11688311688311688,0,0.0,0,0.0,0.37952587266585897,10,3,3,0,3,3,4.32826707173153,balanced,10,16,4,large,0.07,capacity_noise
22,async_online,Asynchronous online,mint>amber>depot,1,74,5.92,65,9,0.12162162162162163,6,0.09230769230769231,6,0.09230769230769231,0.3963436364196861,0,3,3,0,3,3,4.535581152556473,balanced,10,16,4,large,0.07,capacity_noise
23,async_online,Asynchronous online,cobalt>mint>depot,1,73,5.84,64,9,0.1232876712328767,12,0.1875,12,0.1875,0.4267366367400144,0,3,3,0,3,3,4.228197833553121,balanced,10,16,4,large,0.07,capacity_noise
24,async_online,Asynchronous online,cobalt>mint>depot,1,74,5.92,65,9,0.12162162162162163,12,0.18461538461538463,12,0.18461538461538463,0.3948666504022823,6,3,3,0,3,3,3.8559226615649838,balanced,10,16,4,large,0.07,capacity_noise
25,async_online,Asynchronous online,cobalt>mint>depot,1,73,5.84,64,9,0.1232876712328767,12,0.1875,12,0.1875,0.4142433710920298,3,3,3,0,3,3,4.110527851699194,balanced,10,16,4,large,0.07,capacity_noise
26,async_online,Asynchronous online,mint>cobalt>amber>depot,1,96,7.68,87,9,0.09375,17,0.19540229885057472,17,0.19540229885057472,0.4000654544162147,0,4,4,0,4,4,5.559117643651959,balanced,10,16,4,large,0.07,capacity_noise
27,async_online,Asynchronous online,amber>mint>cobalt>depot,1,115,9.200000000000001,106,9,0.0782608695652174,4,0.03773584905660377,4,0.03773584905660377,0.4229510229574218,13,4,4,0,4,4,6.679030282740364,balanced,10,16,4,large,0.07,capacity_noise
28,async_online,Asynchronous online,amber>cobalt>depot,1,80,6.4,71,9,0.1125,0,0.0,0,0.0,0.42078047955962544,13,3,3,0,3,3,4.562509512180605,balanced,10,16,4,large,0.07,capacity_noise
29,async_online,Asynchronous online,mint>cobalt>amber>depot,1,96,7.68,87,9,0.09375,14,0.16091954022988506,14,0.16091954022988506,0.395028892358947,9,4,4,0,4,4,5.611951394259005,balanced,10,16,4,large,0.07,capacity_noise
30,async_online,Asynchronous online,amber>mint>cobalt>depot,1,115,9.200000000000001,106,9,0.0782608695652174,15,0.14150943396226415,15,0.14150943396226415,0.371252090209024,7,4,4,0,4,4,6.622793962250472,balanced,10,16,4,large,0.07,capacity_noise
31,async_online,Asynchronous online,mint>amber>depot,1,74,5.92,65,9,0.12162162162162163,6,0.09230769230769231,6,0.09230769230769231,0.3760107533526387,0,3,3,0,3,3,4.719035035840123,balanced,10,16,4,large,0.07,capacity_noise
0,async_online,Asynchronous online,mint>cobalt>amber>depot,0,260,20.8,251,9,0.03461538461538462,5,0.0199203187250996,235,0.9362549800796812,0.32732479466844233,0,3,2,0,1,4,1.5284872364884523,balanced,10,16,4,large,0.16,capacity_noise
1,async_online,Asynchronous online,mint>cobalt>amber>depot,1,96,7.68,87,9,0.09375,17,0.19540229885057472,17,0.19540229885057472,0.5094108440305799,5,4,4,0,4,4,5.593402804007884,balanced,10,16,4,large,0.16,capacity_noise
2,async_online,Asynchronous online,amber>mint>cobalt>depot,1,106,8.48,97,9,0.08490566037735849,0,0.0,0,0.0,0.5303482946151343,7,4,4,0,4,4,6.434480350530826,balanced,10,16,4,large,0.16,capacity_noise
3,async_online,Asynchronous online,mint>amber>depot,1,74,5.92,65,9,0.12162162162162163,6,0.09230769230769231,6,0.09230769230769231,0.4644918442661411,0,3,3,0,3,3,4.704447306779574,balanced,10,16,4,large,0.16,capacity_noise
4,async_online,Asynchronous online,cobalt>mint>depot,1,70,5.6000000000000005,61,9,0.12857142857142856,0,0.0,0,0.0,0.5398573079073135,6,3,3,0,3,3,3.89149696833644,balanced,10,16,4,large,0.16,capacity_noise
5,async_online,Asynchronous online,amber>cobalt>depot,1,126,10.08,117,9,0.07142857142857142,11,0.09401709401709402,11,0.09401709401709402,0.41747825488278084,54,3,3,0,3,3,4.7830512033435095,balanced,10,16,4,large,0.16,capacity_noise
6,async_online,Asynchronous online,cobalt>amber>mint>depot,0,260,20.8,251,9,0.03461538461538462,5,0.0199203187250996,235,0.9362549800796812,0.31827400113983495,0,3,2,0,1,4,1.540647686384705,balanced,10,16,4,large,0.16,capacity_noise
7,async_online,Asynchronous online,amber>cobalt>depot,1,88,7.04,79,9,0.10227272727272728,11,0.13924050632911392,11,0.13924050632911392,0.4880409270295623,6,3,3,0,3,3,4.891886432312534,balanced,10,16,4,large,0.16,capacity_noise
8,async_online,Asynchronous online,cobalt>amber>mint>depot,1,101,8.08,92,9,0.0891089108910891,0,0.0,0,0.0,0.5206370308305047,11,4,4,0,4,4,6.1625022573266,balanced,10,16,4,large,0.16,capacity_noise
9,async_online,Asynchronous online,mint>amber>depot,1,73,5.84,64,9,0.1232876712328767,6,0.09375,6,0.09375,0.49313663999504126,0,3,3,0,3,3,4.5165486260302465,balanced,10,16,4,large,0.16,capacity_noise
10,async_online,Asynchronous online,amber>mint>cobalt>depot,1,111,8.88,102,9,0.08108108108108109,4,0.0392156862745098,4,0.0392156862745098,0.48199925561114765,13,4,4,0,4,4,6.656510587384667,balanced,10,16,4,large,0.16,capacity_noise
11,async_online,Asynchronous online,cobalt>amber>mint>depot,1,115,9.200000000000001,106,9,0.0782608695652174,0,0.0,0,0.0,0.4550264848882887,29,4,4,0,4,4,5.857576730354009,balanced,10,16,4,large,0.16,capacity_noise
12,async_online,Asynchronous online,amber>cobalt>depot,0,260,20.8,251,9,0.03461538461538462,0,0.0,251,1.0,0.34610326768263533,5,2,1,0,0,3,1.4976824653043632,balanced,10,16,4,large,0.16,capacity_noise
13,async_online,Asynchronous online,mint>cobalt>amber>depot,1,96,7.68,87,9,0.09375,16,0.1839080459770115,16,0.1839080459770115,0.5208266283830068,0,4,4,0,4,4,5.500059374150133,balanced,10,16,4,large,0.16,capacity_noise
14,async_online,Asynchronous online,mint>cobalt>amber>depot,1,95,7.6000000000000005,86,9,0.09473684210526316,17,0.19767441860465115,17,0.19767441860465115,0.5279709580519022,0,4,4,0,4,4,5.605235895710015,balanced,10,16,4,large,0.16,capacity_noise
15,async_online,Asynchronous online,mint>amber>depot,1,80,6.4,71,9,0.1125,5,0.07042253521126761,5,0.07042253521126761,0.5390714469754434,4,3,3,0,3,3,4.648104913176666,balanced,10,16,4,large,0.16,capacity_noise
16,async_online,Asynchronous online,amber>mint>cobalt>depot,1,112,8.96,103,9,0.08035714285714286,0,0.0,0,0.0,0.4590540859330786,19,4,4,0,4,4,6.342860971787282,balanced,10,16,4,large,0.16,capacity_noise
17,async_online,Asynchronous online,amber>mint>cobalt>depot,1,107,8.56,98,9,0.08411214953271028,0,0.0,0,0.0,0.48248170637998594,12,4,4,0,4,4,6.223712318556522,balanced,10,16,4,large,0.16,capacity_noise
18,async_online,Asynchronous online,mint>cobalt>amber>depot,1,94,7.5200000000000005,85,9,0.09574468085106383,17,0.2,17,0.2,0.5182242295523649,0,4,4,0,4,4,5.6124466311277805,balanced,10,16,4,large,0.16,capacity_noise
19,async_online,Asynchronous online,amber>mint>cobalt>depot,1,129,10.32,120,9,0.06976744186046512,0,0.0,0,0.0,0.4795297324396491,27,4,4,0,4,4,6.5403183356431835,balanced,10,16,4,large,0.16,capacity_noise
20,async_online,Asynchronous online,mint>cobalt>amber>depot,1,96,7.68,87,9,0.09375,15,0.1724137931034483,15,0.1724137931034483,0.4853043136697336,3,4,4,0,4,4,5.794032611488335,balanced,10,16,4,large,0.16,capacity_noise
21,async_online,Asynchronous online,amber>cobalt>depot,1,77,6.16,68,9,0.11688311688311688,0,0.0,0,0.0,0.47957437043154083,10,3,3,0,3,3,4.330297134247578,balanced,10,16,4,large,0.16,capacity_noise
22,async_online,Asynchronous online,mint>amber>depot,1,74,5.92,65,9,0.12162162162162163,6,0.09230769230769231,6,0.09230769230769231,0.5204850764016914,0,3,3,0,3,3,4.530047263343063,balanced,10,16,4,large,0.16,capacity_noise
23,async_online,Asynchronous online,cobalt>mint>depot,1,73,5.84,64,9,0.1232876712328767,12,0.1875,12,0.1875,0.5519185266729499,0,3,3,0,3,3,4.228944083016181,balanced,10,16,4,large,0.16,capacity_noise
24,async_online,Asynchronous online,cobalt>mint>depot,1,74,5.92,65,9,0.12162162162162163,12,0.18461538461538463,12,0.18461538461538463,0.5049605529022149,6,3,3,0,3,3,3.848423874161425,balanced,10,16,4,large,0.16,capacity_noise
25,async_online,Asynchronous online,cobalt>mint>depot,1,73,5.84,64,9,0.1232876712328767,12,0.1875,12,0.1875,0.5353763078587754,3,3,3,0,3,3,4.115124011887475,balanced,10,16,4,large,0.16,capacity_noise
26,async_online,Asynchronous online,mint>cobalt>amber>depot,1,96,7.68,87,9,0.09375,17,0.19540229885057472,17,0.19540229885057472,0.511991742186407,0,4,4,0,4,4,5.559562892276989,balanced,10,16,4,large,0.16,capacity_noise
27,async_online,Asynchronous online,amber>mint>cobalt>depot,1,111,8.88,102,9,0.08108108108108109,4,0.0392156862745098,4,0.0392156862745098,0.5283401660820788,8,4,4,0,4,4,6.729691328581434,balanced,10,16,4,large,0.16,capacity_noise
28,async_online,Asynchronous online,amber>cobalt>depot,1,82,6.5600000000000005,73,9,0.10975609756097561,0,0.0,0,0.0,0.505944070583427,14,3,3,0,3,3,4.5894667587912314,balanced,10,16,4,large,0.16,capacity_noise
29,async_online,Asynchronous online,mint>cobalt>amber>depot,1,96,7.68,87,9,0.09375,14,0.16091954022988506,14,0.16091954022988506,0.5131308341407034,9,4,4,0,4,4,5.5953520955212,balanced,10,16,4,large,0.16,capacity_noise
30,async_online,Asynchronous online,amber>mint>cobalt>depot,1,115,9.200000000000001,106,9,0.0782608695652174,14,0.1320754716981132,14,0.1320754716981132,0.49347511123048554,7,4,4,0,4,4,6.63394483842269,balanced,10,16,4,large,0.16,capacity_noise
31,async_online,Asynchronous online,mint>amber>depot,1,73,5.84,64,9,0.1232876712328767,6,0.09375,6,0.09375,0.47806258489272885,0,3,3,0,3,3,4.684501010913949,balanced,10,16,4,large,0.16,capacity_noise
0,async_online,Asynchronous online,mint>cobalt>amber>depot,0,260,20.8,251,9,0.03461538461538462,6,0.02390438247011952,236,0.9402390438247012,0.12952713684732134,0,3,2,0,1,4,1.420299389308866,balanced,10,16,4,medium,0.055,planner_swap
1,async_online,Asynchronous online,mint>cobalt>amber>depot,1,97,7.76,88,9,0.09278350515463918,17,0.19318181818181818,17,0.19318181818181818,0.366176297021732,5,4,4,0,4,4,5.8915901647237305,balanced,10,16,4,medium,0.055,planner_swap
2,async_online,Asynchronous online,amber>mint>cobalt>depot,1,104,8.32,95,9,0.08653846153846154,1,0.010526315789473684,1,0.010526315789473684,0.3792915818921359,5,4,4,0,4,4,6.6820024718920115,balanced,10,16,4,medium,0.055,planner_swap
3,async_online,Asynchronous online,mint>amber>depot,1,76,6.08,67,9,0.11842105263157894,5,0.07462686567164178,5,0.07462686567164178,0.3357807455544317,0,3,3,0,3,3,5.009488609725764,balanced,10,16,4,medium,0.055,planner_swap
4,async_online,Asynchronous online,cobalt>mint>depot,1,79,6.32,70,9,0.11392405063291139,12,0.17142857142857143,12,0.17142857142857143,0.3844636847543489,3,3,3,0,3,3,4.117276952646823,balanced,10,16,4,medium,0.055,planner_swap
5,async_online,Asynchronous online,amber>cobalt>depot,1,124,9.92,115,9,0.07258064516129033,10,0.08695652173913043,10,0.08695652173913043,0.24911868687997352,52,3,3,0,3,3,5.07304176817131,balanced,10,16,4,medium,0.055,planner_swap
6,async_online,Asynchronous online,cobalt>amber>mint>depot,0,260,20.8,251,9,0.03461538461538462,6,0.02390438247011952,236,0.9402390438247012,0.13124597456998502,0,3,2,0,1,4,1.4846187628755607,balanced,10,16,4,medium,0.055,planner_swap
7,async_online,Asynchronous online,amber>cobalt>depot,1,95,7.6000000000000005,86,9,0.09473684210526316,10,0.11627906976744186,10,0.11627906976744186,0.36168131413552235,15,3,3,0,3,3,5.24066295736338,balanced,10,16,4,medium,0.055,planner_swap
8,async_online,Asynchronous online,cobalt>amber>mint>depot,1,104,8.32,95,9,0.08653846153846154,9,0.09473684210526316,9,0.09473684210526316,0.35262094597558535,1,4,4,0,4,4,7.016750338181877,balanced,10,16,4,medium,0.055,planner_swap
9,async_online,Asynchronous online,mint>amber>depot,1,74,5.92,65,9,0.12162162162162163,7,0.1076923076923077,7,0.1076923076923077,0.35777117370869504,0,3,3,0,3,3,4.7586345505985586,balanced,10,16,4,medium,0.055,planner_swap
10,async_online,Asynchronous online,amber>mint>cobalt>depot,1,106,8.48,97,9,0.08490566037735849,5,0.05154639175257732,5,0.05154639175257732,0.3717358216077902,6,4,4,0,4,4,6.959881401570132,balanced,10,16,4,medium,0.055,planner_swap
11,async_online,Asynchronous online,cobalt>amber>mint>depot,1,115,9.200000000000001,106,9,0.0782608695652174,10,0.09433962264150944,10,0.09433962264150944,0.339163728894923,21,4,4,0,4,4,6.352383219508866,balanced,10,16,4,medium,0.055,planner_swap
12,async_online,Asynchronous online,amber>cobalt>depot,0,260,20.8,251,9,0.03461538461538462,0,0.0,251,1.0,0.1314369852623746,6,2,1,0,0,3,1.5045713067862596,balanced,10,16,4,medium,0.055,planner_swap
13,async_online,Asynchronous online,mint>cobalt>amber>depot,1,96,7.68,87,9,0.09375,17,0.19540229885057472,17,0.19540229885057472,0.3614202219685835,0,4,4,0,4,4,5.869953013888921,balanced,10,16,4,medium,0.055,planner_swap
14,async_online,Asynchronous online,mint>cobalt>amber>depot,1,97,7.76,88,9,0.09278350515463918,17,0.19318181818181818,17,0.19318181818181818,0.36719423548723784,0,4,4,0,4,4,6.014953128578844,balanced,10,16,4,medium,0.055,planner_swap
15,async_online,Asynchronous online,mint>amber>depot,1,83,6.640000000000001,74,9,0.10843373493975904,5,0.06756756756756757,5,0.06756756756756757,0.3655205754324119,7,3,3,0,3,3,4.888682462761409,balanced,10,16,4,medium,0.055,planner_swap
16,async_online,Asynchronous online,amber>mint>cobalt>depot,1,108,8.64,99,9,0.08333333333333333,0,0.0,0,0.0,0.3735537574638179,13,4,4,0,4,4,6.6887472674010375,balanced,10,16,4,medium,0.055,planner_swap
17,async_online,Asynchronous online,amber>mint>cobalt>depot,1,124,9.92,115,9,0.07258064516129033,0,0.0,0,0.0,0.3699250083425968,30,4,4,0,4,4,6.32646223103235,balanced,10,16,4,medium,0.055,planner_swap
18,async_online,Asynchronous online,mint>cobalt>amber>depot,1,96,7.68,87,9,0.09375,17,0.19540229885057472,17,0.19540229885057472,0.3623305827421185,0,4,4,0,4,4,5.988097853847531,balanced,10,16,4,medium,0.055,planner_swap
19,async_online,Asynchronous online,amber>mint>cobalt>depot,1,130,10.4,121,9,0.06923076923076923,0,0.0,0,0.0,0.3478824877499541,32,4,4,0,4,4,6.56642562075555,balanced,10,16,4,medium,0.055,planner_swap
20,async_online,Asynchronous online,mint>cobalt>amber>depot,1,97,7.76,88,9,0.09278350515463918,14,0.1590909090909091,14,0.1590909090909091,0.38576009053809285,3,4,4,0,4,4,6.131109134442714,balanced,10,16,4,medium,0.055,planner_swap
21,async_online,Asynchronous online,amber>cobalt>depot,1,79,6.32,70,9,0.11392405063291139,0,0.0,0,0.0,0.3436232250806123,10,3,3,0,3,3,4.539862910796945,balanced,10,16,4,medium,0.055,planner_swap
22,async_online,Asynchronous online,mint>amber>depot,1,74,5.92,65,9,0.12162162162162163,6,0.09230769230769231,6,0.09230769230769231,0.3494689991069015,0,3,3,0,3,3,4.744247751613647,balanced,10,16,4,medium,0.055,planner_swap
23,async_online,Asynchronous online,cobalt>mint>depot,1,74,5.92,65,9,0.12162162162162163,11,0.16923076923076924,11,0.16923076923076924,0.37212999526969237,0,3,3,0,3,3,4.543936548516894,balanced,10,16,4,medium,0.055,planner_swap
24,async_online,Asynchronous online,cobalt>mint>depot,1,74,5.92,65,9,0.12162162162162163,12,0.18461538461538463,12,0.18461538461538463,0.37100065394952186,6,3,3,0,3,3,4.154463585172086,balanced,10,16,4,medium,0.055,planner_swap
25,async_online,Asynchronous online,cobalt>mint>depot,1,73,5.84,64,9,0.1232876712328767,12,0.1875,12,0.1875,0.37098568730690273,3,3,3,0,3,3,4.412293145849958,balanced,10,16,4,medium,0.055,planner_swap
26,async_online,Asynchronous online,mint>cobalt>amber>depot,1,96,7.68,87,9,0.09375,17,0.19540229885057472,17,0.19540229885057472,0.36742284207162074,0,4,4,0,4,4,5.8989940617524015,balanced,10,16,4,medium,0.055,planner_swap
27,async_online,Asynchronous online,amber>mint>cobalt>depot,1,115,9.200000000000001,106,9,0.0782608695652174,5,0.04716981132075472,5,0.04716981132075472,0.4093584764711212,11,4,4,0,4,4,6.959761931835963,balanced,10,16,4,medium,0.055,planner_swap
28,async_online,Asynchronous online,amber>cobalt>depot,1,84,6.72,75,9,0.10714285714285714,0,0.0,0,0.0,0.38816625569083757,15,3,3,0,3,3,4.795949699119446,balanced,10,16,4,medium,0.055,planner_swap
29,async_online,Asynchronous online,mint>cobalt>amber>depot,1,97,7.76,88,9,0.09278350515463918,14,0.1590909090909091,14,0.1590909090909091,0.36019862211917303,9,4,4,0,4,4,5.9565997272283315,balanced,10,16,4,medium,0.055,planner_swap
30,async_online,Asynchronous online,amber>mint>cobalt>depot,1,115,9.200000000000001,106,9,0.0782608695652174,14,0.1320754716981132,14,0.1320754716981132,0.34904012072070273,6,4,4,0,4,4,7.008007617657807,balanced,10,16,4,medium,0.055,planner_swap
31,async_online,Asynchronous online,mint>amber>depot,1,76,6.08,67,9,0.11842105263157894,5,0.07462686567164178,5,0.07462686567164178,0.3385711634365447,0,3,3,0,3,3,5.043727995749374,balanced,10,16,4,medium,0.055,planner_swap
0,async_online,Asynchronous online,mint>cobalt>amber>depot,1,114,9.120000000000001,97,17,0.14912280701754385,26,0.26804123711340205,26,0.26804123711340205,0.34083954109687087,0,4,4,0,4,4,5.94160207409371,strong_slow,18,16,4,medium,0.055,planner_swap
1,async_online,Asynchronous online,mint>cobalt>amber>depot,1,114,9.120000000000001,97,17,0.14912280701754385,26,0.26804123711340205,26,0.26804123711340205,0.33515354355789584,5,4,4,0,4,4,5.960664082699901,strong_slow,18,16,4,medium,0.055,planner_swap
2,async_online,Asynchronous online,amber>mint>cobalt>depot,1,141,11.28,124,17,0.12056737588652482,25,0.20161290322580644,25,0.20161290322580644,0.34308477973531953,12,4,4,0,4,4,7.308287178663458,strong_slow,18,16,4,medium,0.055,planner_swap
3,async_online,Asynchronous online,mint>amber>depot,1,95,7.6000000000000005,78,17,0.17894736842105263,6,0.07692307692307693,6,0.07692307692307693,0.35434472075996215,12,3,3,0,3,3,4.758376014376986,strong_slow,18,16,4,medium,0.055,planner_swap
4,async_online,Asynchronous online,cobalt>mint>depot,1,86,6.88,69,17,0.19767441860465115,4,0.057971014492753624,4,0.057971014492753624,0.39362118981665367,11,3,3,0,3,3,4.146977522175224,strong_slow,18,16,4,medium,0.055,planner_swap
5,async_online,Asynchronous online,amber>cobalt>depot,1,129,10.32,112,17,0.13178294573643412,18,0.16071428571428573,18,0.16071428571428573,0.26553430308190945,40,3,3,0,3,3,5.113568296856316,strong_slow,18,16,4,medium,0.055,planner_swap
6,async_online,Asynchronous online,cobalt>amber>mint>depot,0,260,20.8,243,17,0.06538461538461539,7,0.02880658436213992,228,0.9382716049382716,0.1310491909580452,0,3,2,0,1,4,1.5021219740039202,strong_slow,18,16,4,medium,0.055,planner_swap
7,async_online,Asynchronous online,amber>cobalt>depot,1,115,9.200000000000001,98,17,0.14782608695652175,17,0.17346938775510204,17,0.17346938775510204,0.3275498416309906,23,3,3,0,3,3,5.084628957146473,strong_slow,18,16,4,medium,0.055,planner_swap
8,async_online,Asynchronous online,cobalt>amber>mint>depot,1,118,9.44,101,17,0.1440677966101695,4,0.039603960396039604,4,0.039603960396039604,0.3843601004085063,10,4,4,0,4,4,6.631030176475099,strong_slow,18,16,4,medium,0.055,planner_swap
9,async_online,Asynchronous online,mint>amber>depot,1,94,7.5200000000000005,77,17,0.18085106382978725,13,0.16883116883116883,13,0.16883116883116883,0.3052550376764516,12,3,3,0,3,3,4.787869825520771,strong_slow,18,16,4,medium,0.055,planner_swap
10,async_online,Asynchronous online,amber>mint>cobalt>depot,1,129,10.32,112,17,0.13178294573643412,3,0.026785714285714284,3,0.026785714285714284,0.34467570795018915,26,4,4,0,4,4,6.901382449201088,strong_slow,18,16,4,medium,0.055,planner_swap
11,async_online,Asynchronous online,cobalt>amber>mint>depot,1,124,9.92,107,17,0.13709677419354838,18,0.16822429906542055,18,0.16822429906542055,0.33366274602340934,19,4,4,0,4,4,6.645283625758092,strong_slow,18,16,4,medium,0.055,planner_swap
12,async_online,Asynchronous online,amber>cobalt>depot,1,110,8.8,93,17,0.15454545454545454,18,0.1935483870967742,18,0.1935483870967742,0.31151184041964214,15,3,3,0,3,3,5.127867131077687,strong_slow,18,16,4,medium,0.055,planner_swap
13,async_online,Asynchronous online,mint>cobalt>amber>depot,1,113,9.040000000000001,96,17,0.1504424778761062,26,0.2708333333333333,26,0.2708333333333333,0.35067089238641586,0,4,4,0,4,4,5.973237870910444,strong_slow,18,16,4,medium,0.055,planner_swap
14,async_online,Asynchronous online,mint>cobalt>amber>depot,1,114,9.120000000000001,97,17,0.14912280701754385,26,0.26804123711340205,26,0.26804123711340205,0.349530452507103,0,4,4,0,4,4,6.080232263758479,strong_slow,18,16,4,medium,0.055,planner_swap
15,async_online,Asynchronous online,mint>amber>depot,1,89,7.12,72,17,0.19101123595505617,13,0.18055555555555555,13,0.18055555555555555,0.32723214032634645,0,3,3,0,3,3,5.166483102898369,strong_slow,18,16,4,medium,0.055,planner_swap
16,async_online,Asynchronous online,amber>mint>cobalt>depot,1,138,11.040000000000001,121,17,0.12318840579710146,25,0.2066115702479339,25,0.2066115702479339,0.33309689033695844,17,4,4,0,4,4,7.04083974605751,strong_slow,18,16,4,medium,0.055,planner_swap
17,async_online,Asynchronous online,amber>mint>cobalt>depot,1,133,10.64,116,17,0.12781954887218044,23,0.19827586206896552,23,0.19827586206896552,0.334315701748161,7,4,4,0,4,4,7.019535206229742,strong_slow,18,16,4,medium,0.055,planner_swap
18,async_online,Asynchronous online,mint>cobalt>amber>depot,1,113,9.040000000000001,96,17,0.1504424778761062,25,0.2604166666666667,25,0.2604166666666667,0.34239033122768664,0,4,4,0,4,4,6.031999000422662,strong_slow,18,16,4,medium,0.055,planner_swap
19,async_online,Asynchronous online,amber>mint>cobalt>depot,1,137,10.96,120,17,0.12408759124087591,3,0.025,3,0.025,0.37847638794512783,27,4,4,0,4,4,6.706073854349706,strong_slow,18,16,4,medium,0.055,planner_swap
20,async_online,Asynchronous online,mint>cobalt>amber>depot,1,114,9.120000000000001,97,17,0.14912280701754385,24,0.24742268041237114,24,0.24742268041237114,0.3568922844275684,10,4,4,0,4,4,6.222550481759055,strong_slow,18,16,4,medium,0.055,planner_swap
21,async_online,Asynchronous online,amber>cobalt>depot,1,103,8.24,86,17,0.1650485436893204,18,0.20930232558139536,18,0.20930232558139536,0.34307900306819383,8,3,3,0,3,3,4.952403283897817,strong_slow,18,16,4,medium,0.055,planner_swap
22,async_online,Asynchronous online,mint>amber>depot,1,91,7.28,74,17,0.18681318681318682,6,0.08108108108108109,6,0.08108108108108109,0.3485700239226866,6,3,3,0,3,3,4.780012051196645,strong_slow,18,16,4,medium,0.055,planner_swap
23,async_online,Asynchronous online,cobalt>mint>depot,1,85,6.8,68,17,0.2,4,0.058823529411764705,4,0.058823529411764705,0.40925427367669986,9,3,3,0,3,3,4.261712210872912,strong_slow,18,16,4,medium,0.055,planner_swap
24,async_online,Asynchronous online,cobalt>mint>depot,1,94,7.5200000000000005,77,17,0.18085106382978725,20,0.2597402597402597,20,0.2597402597402597,0.3179036939056959,17,3,3,0,3,3,4.128323221706226,strong_slow,18,16,4,medium,0.055,planner_swap
25,async_online,Asynchronous online,cobalt>mint>depot,1,89,7.12,72,17,0.19101123595505617,20,0.2777777777777778,20,0.2777777777777778,0.34786072286160274,3,3,3,0,3,3,4.459124076493728,strong_slow,18,16,4,medium,0.055,planner_swap
26,async_online,Asynchronous online,mint>cobalt>amber>depot,1,113,9.040000000000001,96,17,0.1504424778761062,26,0.2708333333333333,26,0.2708333333333333,0.35325876276828877,0,4,4,0,4,4,5.960765176053729,strong_slow,18,16,4,medium,0.055,planner_swap
27,async_online,Asynchronous online,amber>mint>cobalt>depot,1,130,10.4,113,17,0.13076923076923078,9,0.07964601769911504,9,0.07964601769911504,0.372460845247539,19,4,4,0,4,4,7.178684580294524,strong_slow,18,16,4,medium,0.055,planner_swap
28,async_online,Asynchronous online,amber>cobalt>depot,1,97,7.76,80,17,0.17525773195876287,2,0.025,2,0.025,0.3639109437319399,20,3,3,0,3,3,4.89637176187117,strong_slow,18,16,4,medium,0.055,planner_swap
29,async_online,Asynchronous online,mint>cobalt>amber>depot,1,114,9.120000000000001,97,17,0.14912280701754385,25,0.25773195876288657,25,0.25773195876288657,0.33674456119915624,8,4,4,0,4,4,6.088179166894082,strong_slow,18,16,4,medium,0.055,planner_swap
30,async_online,Asynchronous online,amber>mint>cobalt>depot,1,119,9.52,102,17,0.14285714285714285,3,0.029411764705882353,3,0.029411764705882353,0.3542197310347741,14,4,4,0,4,4,6.58571585544091,strong_slow,18,16,4,medium,0.055,planner_swap
31,async_online,Asynchronous online,mint>amber>depot,1,90,7.2,73,17,0.18888888888888888,12,0.1643835616438356,12,0.1643835616438356,0.3230827271750376,0,3,3,0,3,3,5.314343782830069,strong_slow,18,16,4,medium,0.055,planner_swap
0,async_online,Asynchronous online,mint>cobalt>amber>depot,0,260,20.8,256,4,0.015384615384615385,6,0.0234375,241,0.94140625,0.1279194371983967,0,3,2,0,1,4,1.4043670221727935,fast_terse,5,16,4,medium,0.055,planner_swap
1,async_online,Asynchronous online,mint>cobalt>amber>depot,0,260,20.8,256,4,0.015384615384615385,6,0.0234375,222,0.8671875,0.16719142209387877,4,4,3,0,2,4,4.453086770039284,fast_terse,5,16,4,medium,0.055,planner_swap
2,async_online,Asynchronous online,amber>mint>cobalt>depot,0,260,20.8,256,4,0.015384615384615385,0,0.0,231,0.90234375,0.1534157896634235,8,3,2,0,1,4,3.2520664910422097,fast_terse,5,16,4,medium,0.055,planner_swap
3,async_online,Asynchronous online,mint>amber>depot,1,71,5.68,67,4,0.056338028169014086,5,0.07462686567164178,5,0.07462686567164178,0.3335424165680366,0,3,3,0,3,3,5.01698923487519,fast_terse,5,16,4,medium,0.055,planner_swap
4,async_online,Asynchronous online,cobalt>mint>depot,1,64,5.12,60,4,0.0625,6,0.1,6,0.1,0.3888146896988992,0,3,3,0,3,3,4.34609424397817,fast_terse,5,16,4,medium,0.055,planner_swap
5,async_online,Asynchronous online,amber>cobalt>depot,1,77,6.16,73,4,0.05194805194805195,6,0.0821917808219178,6,0.0821917808219178,0.35911289033459687,10,3,3,0,3,3,4.90056056822174,fast_terse,5,16,4,medium,0.055,planner_swap
6,async_online,Asynchronous online,cobalt>amber>mint>depot,0,260,20.8,256,4,0.015384615384615385,6,0.0234375,241,0.94140625,0.13009912727571313,0,3,2,0,1,4,1.487547583376263,fast_terse,5,16,4,medium,0.055,planner_swap
7,async_online,Asynchronous online,amber>cobalt>depot,1,75,6.0,71,4,0.05333333333333334,5,0.07042253521126761,5,0.07042253521126761,0.3667555442558248,4,3,3,0,3,3,5.1423485984595265,fast_terse,5,16,4,medium,0.055,planner_swap
8,async_online,Asynchronous online,cobalt>amber>mint>depot,1,92,7.36,88,4,0.043478260869565216,5,0.056818181818181816,5,0.056818181818181816,0.36251038040364647,0,4,4,0,4,4,6.843543873596182,fast_terse,5,16,4,medium,0.055,planner_swap
9,async_online,Asynchronous online,mint>amber>depot,1,70,5.6000000000000005,66,4,0.05714285714285714,6,0.09090909090909091,6,0.09090909090909091,0.3395250023994282,0,3,3,0,3,3,4.7862484006967625,fast_terse,5,16,4,medium,0.055,planner_swap
10,async_online,Asynchronous online,amber>mint>cobalt>depot,1,109,8.72,105,4,0.03669724770642202,5,0.047619047619047616,5,0.047619047619047616,0.3513337292571288,15,4,4,0,4,4,6.933042782974113,fast_terse,5,16,4,medium,0.055,planner_swap
11,async_online,Asynchronous online,cobalt>amber>mint>depot,1,113,9.040000000000001,109,4,0.035398230088495575,7,0.06422018348623854,7,0.06422018348623854,0.3351527461089604,22,4,4,0,4,4,6.310999674171112,fast_terse,5,16,4,medium,0.055,planner_swap
12,async_online,Asynchronous online,amber>cobalt>depot,0,260,20.8,256,4,0.015384615384615385,0,0.0,256,1.0,0.13453520522866258,6,2,1,0,0,3,1.4897988263554571,fast_terse,5,16,4,medium,0.055,planner_swap
13,async_online,Asynchronous online,mint>cobalt>amber>depot,0,260,20.8,256,4,0.015384615384615385,6,0.0234375,241,0.94140625,0.12955338567935631,0,3,2,0,1,4,1.4907135086240901,fast_terse,5,16,4,medium,0.055,planner_swap
14,async_online,Asynchronous online,mint>cobalt>amber>depot,0,260,20.8,256,4,0.015384615384615385,0,0.0,256,1.0,0.1322618589784941,0,2,1,0,0,4,1.8880142835215263,fast_terse,5,16,4,medium,0.055,planner_swap
15,async_online,Asynchronous online,mint>amber>depot,1,76,6.08,72,4,0.05263157894736842,5,0.06944444444444445,5,0.06944444444444445,0.37011659736748814,4,3,3,0,3,3,4.829854471618545,fast_terse,5,16,4,medium,0.055,planner_swap
16,async_online,Asynchronous online,amber>mint>cobalt>depot,1,103,8.24,99,4,0.038834951456310676,0,0.0,0,0.0,0.37239608596569174,10,4,4,0,4,4,6.660534889414085,fast_terse,5,16,4,medium,0.055,planner_swap
17,async_online,Asynchronous online,amber>mint>cobalt>depot,1,96,7.68,92,4,0.041666666666666664,0,0.0,0,0.0,0.3643100338184604,7,4,4,0,4,4,6.559391741984617,fast_terse,5,16,4,medium,0.055,planner_swap
18,async_online,Asynchronous online,mint>cobalt>amber>depot,1,87,6.96,83,4,0.04597701149425287,11,0.13253012048192772,11,0.13253012048192772,0.37751102928700697,0,4,4,0,4,4,5.957973713554811,fast_terse,5,16,4,medium,0.055,planner_swap
19,async_online,Asynchronous online,amber>mint>cobalt>depot,1,130,10.4,126,4,0.03076923076923077,0,0.0,0,0.0,0.35376438531012944,37,4,4,0,4,4,6.57687742434633,fast_terse,5,16,4,medium,0.055,planner_swap
20,async_online,Asynchronous online,mint>cobalt>amber>depot,1,87,6.96,83,4,0.04597701149425287,10,0.12048192771084337,10,0.12048192771084337,0.3988186936395566,0,4,4,0,4,4,6.17522275817907,fast_terse,5,16,4,medium,0.055,planner_swap
21,async_online,Asynchronous online,amber>cobalt>depot,0,260,20.8,256,4,0.015384615384615385,0,0.0,211,0.82421875,0.14723093389699704,10,3,3,0,2,3,2.89319997103653,fast_terse,5,16,4,medium,0.055,planner_swap
22,async_online,Asynchronous online,mint>amber>depot,0,260,20.8,256,4,0.015384615384615385,6,0.0234375,216,0.84375,0.17336923253151126,0,3,3,0,2,3,5.637873529942646,fast_terse,5,16,4,medium,0.055,planner_swap
23,async_online,Asynchronous online,cobalt>mint>depot,0,260,20.8,256,4,0.015384615384615385,6,0.0234375,221,0.86328125,0.16941017074713866,0,3,3,0,2,3,5.624385265521996,fast_terse,5,16,4,medium,0.055,planner_swap
24,async_online,Asynchronous online,cobalt>mint>depot,1,66,5.28,62,4,0.06060606060606061,7,0.11290322580645161,7,0.11290322580645161,0.37748250722109894,4,3,3,0,3,3,4.031919634309874,fast_terse,5,16,4,medium,0.055,planner_swap
25,async_online,Asynchronous online,cobalt>mint>depot,1,63,5.04,59,4,0.06349206349206349,7,0.11864406779661017,7,0.11864406779661017,0.4037841094825943,3,3,3,0,3,3,4.335097730917107,fast_terse,5,16,4,medium,0.055,planner_swap
26,async_online,Asynchronous online,mint>cobalt>amber>depot,0,260,20.8,256,4,0.015384615384615385,12,0.046875,204,0.796875,0.2042357900456317,3,4,4,0,3,4,7.00755765573789,fast_terse,5,16,4,medium,0.055,planner_swap
27,async_online,Asynchronous online,amber>mint>cobalt>depot,1,102,8.16,98,4,0.0392156862745098,5,0.05102040816326531,5,0.05102040816326531,0.3770380699924181,4,4,4,0,4,4,6.814984122079462,fast_terse,5,16,4,medium,0.055,planner_swap
28,async_online,Asynchronous online,amber>cobalt>depot,1,77,6.16,73,4,0.05194805194805195,0,0.0,0,0.0,0.40879434087755284,12,3,3,0,3,3,4.756057901092297,fast_terse,5,16,4,medium,0.055,planner_swap
29,async_online,Asynchronous online,mint>cobalt>amber>depot,1,87,6.96,83,4,0.04597701149425287,6,0.07228915662650602,6,0.07228915662650602,0.3924334134120972,8,4,4,0,4,4,5.726884180599466,fast_terse,5,16,4,medium,0.055,planner_swap
30,async_online,Asynchronous online,amber>mint>cobalt>depot,1,104,8.32,100,4,0.038461538461538464,6,0.06,6,0.06,0.3496823270140594,6,4,4,0,4,4,6.712495205332024,fast_terse,5,16,4,medium,0.055,planner_swap
31,async_online,Asynchronous online,mint>amber>depot,0,260,20.8,256,4,0.015384615384615385,5,0.01953125,214,0.8359375,0.16905470294983127,0,3,3,0,2,3,5.788095051179835,fast_terse,5,16,4,medium,0.055,planner_swap
0,async_online,Asynchronous online,mint>cobalt>amber>depot,0,260,20.8,251,9,0.03461538461538462,6,0.02390438247011952,236,0.9402390438247012,0.12952713684732134,0,3,2,0,1,4,1.420299389308866,heldout_synonyms,10,16,4,medium,0.055,planner_swap
1,async_online,Asynchronous online,mint>cobalt>amber>depot,1,97,7.76,88,9,0.09278350515463918,17,0.19318181818181818,17,0.19318181818181818,0.366176297021732,5,4,4,0,4,4,5.8915901647237305,heldout_synonyms,10,16,4,medium,0.055,planner_swap
2,async_online,Asynchronous online,amber>mint>cobalt>depot,1,104,8.32,95,9,0.08653846153846154,1,0.010526315789473684,1,0.010526315789473684,0.3792915818921359,5,4,4,0,4,4,6.6820024718920115,heldout_synonyms,10,16,4,medium,0.055,planner_swap
3,async_online,Asynchronous online,mint>amber>depot,1,76,6.08,67,9,0.11842105263157894,5,0.07462686567164178,5,0.07462686567164178,0.3357807455544317,0,3,3,0,3,3,5.009488609725764,heldout_synonyms,10,16,4,medium,0.055,planner_swap
4,async_online,Asynchronous online,cobalt>mint>depot,1,79,6.32,70,9,0.11392405063291139,12,0.17142857142857143,12,0.17142857142857143,0.3844636847543489,3,3,3,0,3,3,4.117276952646823,heldout_synonyms,10,16,4,medium,0.055,planner_swap
5,async_online,Asynchronous online,amber>cobalt>depot,1,124,9.92,115,9,0.07258064516129033,10,0.08695652173913043,10,0.08695652173913043,0.24911868687997352,52,3,3,0,3,3,5.07304176817131,heldout_synonyms,10,16,4,medium,0.055,planner_swap
6,async_online,Asynchronous online,cobalt>amber>mint>depot,0,260,20.8,251,9,0.03461538461538462,6,0.02390438247011952,236,0.9402390438247012,0.13124597456998502,0,3,2,0,1,4,1.4846187628755607,heldout_synonyms,10,16,4,medium,0.055,planner_swap
7,async_online,Asynchronous online,amber>cobalt>depot,1,95,7.6000000000000005,86,9,0.09473684210526316,10,0.11627906976744186,10,0.11627906976744186,0.36168131413552235,15,3,3,0,3,3,5.24066295736338,heldout_synonyms,10,16,4,medium,0.055,planner_swap
8,async_online,Asynchronous online,cobalt>amber>mint>depot,1,104,8.32,95,9,0.08653846153846154,9,0.09473684210526316,9,0.09473684210526316,0.35262094597558535,1,4,4,0,4,4,7.016750338181877,heldout_synonyms,10,16,4,medium,0.055,planner_swap
9,async_online,Asynchronous online,mint>amber>depot,1,74,5.92,65,9,0.12162162162162163,7,0.1076923076923077,7,0.1076923076923077,0.35777117370869504,0,3,3,0,3,3,4.7586345505985586,heldout_synonyms,10,16,4,medium,0.055,planner_swap
10,async_online,Asynchronous online,amber>mint>cobalt>depot,1,106,8.48,97,9,0.08490566037735849,5,0.05154639175257732,5,0.05154639175257732,0.3717358216077902,6,4,4,0,4,4,6.959881401570132,heldout_synonyms,10,16,4,medium,0.055,planner_swap
11,async_online,Asynchronous online,cobalt>amber>mint>depot,1,115,9.200000000000001,106,9,0.0782608695652174,10,0.09433962264150944,10,0.09433962264150944,0.339163728894923,21,4,4,0,4,4,6.352383219508866,heldout_synonyms,10,16,4,medium,0.055,planner_swap
12,async_online,Asynchronous online,amber>cobalt>depot,0,260,20.8,251,9,0.03461538461538462,0,0.0,251,1.0,0.1314369852623746,6,2,1,0,0,3,1.5045713067862596,heldout_synonyms,10,16,4,medium,0.055,planner_swap
13,async_online,Asynchronous online,mint>cobalt>amber>depot,1,96,7.68,87,9,0.09375,17,0.19540229885057472,17,0.19540229885057472,0.3614202219685835,0,4,4,0,4,4,5.869953013888921,heldout_synonyms,10,16,4,medium,0.055,planner_swap
14,async_online,Asynchronous online,mint>cobalt>amber>depot,1,97,7.76,88,9,0.09278350515463918,17,0.19318181818181818,17,0.19318181818181818,0.36719423548723784,0,4,4,0,4,4,6.014953128578844,heldout_synonyms,10,16,4,medium,0.055,planner_swap
15,async_online,Asynchronous online,mint>amber>depot,1,83,6.640000000000001,74,9,0.10843373493975904,5,0.06756756756756757,5,0.06756756756756757,0.3655205754324119,7,3,3,0,3,3,4.888682462761409,heldout_synonyms,10,16,4,medium,0.055,planner_swap
16,async_online,Asynchronous online,amber>mint>cobalt>depot,1,108,8.64,99,9,0.08333333333333333,0,0.0,0,0.0,0.3735537574638179,13,4,4,0,4,4,6.6887472674010375,heldout_synonyms,10,16,4,medium,0.055,planner_swap
17,async_online,Asynchronous online,amber>mint>cobalt>depot,1,124,9.92,115,9,0.07258064516129033,0,0.0,0,0.0,0.3699250083425968,30,4,4,0,4,4,6.32646223103235,heldout_synonyms,10,16,4,medium,0.055,planner_swap
18,async_online,Asynchronous online,mint>cobalt>amber>depot,1,96,7.68,87,9,0.09375,17,0.19540229885057472,17,0.19540229885057472,0.3623305827421185,0,4,4,0,4,4,5.988097853847531,heldout_synonyms,10,16,4,medium,0.055,planner_swap
19,async_online,Asynchronous online,amber>mint>cobalt>depot,1,130,10.4,121,9,0.06923076923076923,0,0.0,0,0.0,0.3478824877499541,32,4,4,0,4,4,6.56642562075555,heldout_synonyms,10,16,4,medium,0.055,planner_swap
20,async_online,Asynchronous online,mint>cobalt>amber>depot,1,97,7.76,88,9,0.09278350515463918,14,0.1590909090909091,14,0.1590909090909091,0.38576009053809285,3,4,4,0,4,4,6.131109134442714,heldout_synonyms,10,16,4,medium,0.055,planner_swap
21,async_online,Asynchronous online,amber>cobalt>depot,1,79,6.32,70,9,0.11392405063291139,0,0.0,0,0.0,0.3436232250806123,10,3,3,0,3,3,4.539862910796945,heldout_synonyms,10,16,4,medium,0.055,planner_swap
22,async_online,Asynchronous online,mint>amber>depot,1,74,5.92,65,9,0.12162162162162163,6,0.09230769230769231,6,0.09230769230769231,0.3494689991069015,0,3,3,0,3,3,4.744247751613647,heldout_synonyms,10,16,4,medium,0.055,planner_swap
23,async_online,Asynchronous online,cobalt>mint>depot,1,74,5.92,65,9,0.12162162162162163,11,0.16923076923076924,11,0.16923076923076924,0.37212999526969237,0,3,3,0,3,3,4.543936548516894,heldout_synonyms,10,16,4,medium,0.055,planner_swap
24,async_online,Asynchronous online,cobalt>mint>depot,1,74,5.92,65,9,0.12162162162162163,12,0.18461538461538463,12,0.18461538461538463,0.37100065394952186,6,3,3,0,3,3,4.154463585172086,heldout_synonyms,10,16,4,medium,0.055,planner_swap
25,async_online,Asynchronous online,cobalt>mint>depot,1,73,5.84,64,9,0.1232876712328767,12,0.1875,12,0.1875,0.37098568730690273,3,3,3,0,3,3,4.412293145849958,heldout_synonyms,10,16,4,medium,0.055,planner_swap
26,async_online,Asynchronous online,mint>cobalt>amber>depot,1,96,7.68,87,9,0.09375,17,0.19540229885057472,17,0.19540229885057472,0.36742284207162074,0,4,4,0,4,4,5.8989940617524015,heldout_synonyms,10,16,4,medium,0.055,planner_swap
27,async_online,Asynchronous online,amber>mint>cobalt>depot,1,115,9.200000000000001,106,9,0.0782608695652174,5,0.04716981132075472,5,0.04716981132075472,0.4093584764711212,11,4,4,0,4,4,6.959761931835963,heldout_synonyms,10,16,4,medium,0.055,planner_swap
28,async_online,Asynchronous online,amber>cobalt>depot,1,84,6.72,75,9,0.10714285714285714,0,0.0,0,0.0,0.38816625569083757,15,3,3,0,3,3,4.795949699119446,heldout_synonyms,10,16,4,medium,0.055,planner_swap
29,async_online,Asynchronous online,mint>cobalt>amber>depot,1,97,7.76,88,9,0.09278350515463918,14,0.1590909090909091,14,0.1590909090909091,0.36019862211917303,9,4,4,0,4,4,5.9565997272283315,heldout_synonyms,10,16,4,medium,0.055,planner_swap
30,async_online,Asynchronous online,amber>mint>cobalt>depot,1,115,9.200000000000001,106,9,0.0782608695652174,14,0.1320754716981132,14,0.1320754716981132,0.34904012072070273,6,4,4,0,4,4,7.008007617657807,heldout_synonyms,10,16,4,medium,0.055,planner_swap
31,async_online,Asynchronous online,mint>amber>depot,1,76,6.08,67,9,0.11842105263157894,5,0.07462686567164178,5,0.07462686567164178,0.3385711634365447,0,3,3,0,3,3,5.043727995749374,heldout_synonyms,10,16,4,medium,0.055,planner_swap
0,async_online,Asynchronous online,mint>cobalt>amber>depot,0,260,20.8,253,7,0.026923076923076925,0,0.0,253,1.0,0.10899169812582836,0,2,1,253,0,4,1.2869861620397833,cipher_interface,8,16,4,medium,0.055,planner_swap
1,async_online,Asynchronous online,mint>cobalt>amber>depot,0,260,20.8,253,7,0.026923076923076925,0,0.0,253,1.0,0.11497461835276994,25,2,1,253,0,4,1.5946094923715697,cipher_interface,8,16,4,medium,0.055,planner_swap
2,async_online,Asynchronous online,amber>mint>cobalt>depot,0,260,20.8,253,7,0.026923076923076925,0,0.0,253,1.0,0.12169669419849359,33,2,1,253,0,4,1.5591497764267714,cipher_interface,8,16,4,medium,0.055,planner_swap
3,async_online,Asynchronous online,mint>amber>depot,0,260,20.8,253,7,0.026923076923076925,0,0.0,253,1.0,0.11809216508839472,39,2,1,253,0,3,1.5047190753399442,cipher_interface,8,16,4,medium,0.055,planner_swap
4,async_online,Asynchronous online,cobalt>mint>depot,0,260,20.8,253,7,0.026923076923076925,0,0.0,253,1.0,0.1083092483057225,10,3,2,253,1,3,1.247654692534349,cipher_interface,8,16,4,medium,0.055,planner_swap
5,async_online,Asynchronous online,amber>cobalt>depot,0,260,20.8,253,7,0.026923076923076925,0,0.0,253,1.0,0.10658140133289795,4,2,1,253,0,3,1.1866811848029395,cipher_interface,8,16,4,medium,0.055,planner_swap
6,async_online,Asynchronous online,cobalt>amber>mint>depot,0,260,20.8,253,7,0.026923076923076925,0,0.0,253,1.0,0.10966681290069177,0,2,1,253,0,4,1.2466300969931208,cipher_interface,8,16,4,medium,0.055,planner_swap
7,async_online,Asynchronous online,amber>cobalt>depot,0,260,20.8,253,7,0.026923076923076925,0,0.0,253,1.0,0.10629652397415089,0,2,1,253,0,3,1.0743857857029244,cipher_interface,8,16,4,medium,0.055,planner_swap
8,async_online,Asynchronous online,cobalt>amber>mint>depot,0,260,20.8,253,7,0.026923076923076925,0,0.0,253,1.0,0.11418255389520265,21,2,1,253,0,4,1.4402104301123893,cipher_interface,8,16,4,medium,0.055,planner_swap
9,async_online,Asynchronous online,mint>amber>depot,0,260,20.8,253,7,0.026923076923076925,0,0.0,253,1.0,0.10579898270597175,7,2,1,253,0,3,1.4720718241145805,cipher_interface,8,16,4,medium,0.055,planner_swap
10,async_online,Asynchronous online,amber>mint>cobalt>depot,0,260,20.8,253,7,0.026923076923076925,0,0.0,253,1.0,0.10464378325948027,61,2,1,253,0,4,1.1097255722362989,cipher_interface,8,16,4,medium,0.055,planner_swap
11,async_online,Asynchronous online,cobalt>amber>mint>depot,0,260,20.8,253,7,0.026923076923076925,0,0.0,253,1.0,0.11512692894158563,21,2,1,253,0,4,2.0424262477548254,cipher_interface,8,16,4,medium,0.055,planner_swap
12,async_online,Asynchronous online,amber>cobalt>depot,0,260,20.8,253,7,0.026923076923076925,0,0.0,253,1.0,0.12618856224067196,39,2,1,253,0,3,1.42705067560311,cipher_interface,8,16,4,medium,0.055,planner_swap
13,async_online,Asynchronous online,mint>cobalt>amber>depot,0,260,20.8,253,7,0.026923076923076925,0,0.0,253,1.0,0.10994967535221954,0,2,1,253,0,4,1.0610133348041004,cipher_interface,8,16,4,medium,0.055,planner_swap
14,async_online,Asynchronous online,mint>cobalt>amber>depot,0,260,20.8,253,7,0.026923076923076925,0,0.0,253,1.0,0.1101708542788743,8,2,1,253,0,4,1.2453042212267673,cipher_interface,8,16,4,medium,0.055,planner_swap
15,async_online,Asynchronous online,mint>amber>depot,0,260,20.8,253,7,0.026923076923076925,0,0.0,253,1.0,0.11628821457264843,20,2,1,253,0,3,1.477426824666732,cipher_interface,8,16,4,medium,0.055,planner_swap
16,async_online,Asynchronous online,amber>mint>cobalt>depot,0,260,20.8,253,7,0.026923076923076925,0,0.0,253,1.0,0.10785290742984975,10,2,1,253,0,4,1.2086703345165997,cipher_interface,8,16,4,medium,0.055,planner_swap
17,async_online,Asynchronous online,amber>mint>cobalt>depot,0,260,20.8,253,7,0.026923076923076925,0,0.0,253,1.0,0.10823615030001535,11,2,1,253,0,4,1.5976703810521664,cipher_interface,8,16,4,medium,0.055,planner_swap
18,async_online,Asynchronous online,mint>cobalt>amber>depot,0,260,20.8,253,7,0.026923076923076925,0,0.0,253,1.0,0.10314482595209165,0,2,1,253,0,4,1.456646554957725,cipher_interface,8,16,4,medium,0.055,planner_swap
19,async_online,Asynchronous online,amber>mint>cobalt>depot,0,260,20.8,253,7,0.026923076923076925,0,0.0,253,1.0,0.11482556925999421,18,2,1,253,0,4,1.146931877720408,cipher_interface,8,16,4,medium,0.055,planner_swap
20,async_online,Asynchronous online,mint>cobalt>amber>depot,0,260,20.8,253,7,0.026923076923076925,0,0.0,253,1.0,0.12178213482917034,22,2,1,253,0,4,1.7808999895599147,cipher_interface,8,16,4,medium,0.055,planner_swap
21,async_online,Asynchronous online,amber>cobalt>depot,0,260,20.8,253,7,0.026923076923076925,0,0.0,253,1.0,0.10553886519202227,8,2,1,253,0,3,1.5928500080685013,cipher_interface,8,16,4,medium,0.055,planner_swap
22,async_online,Asynchronous online,mint>amber>depot,0,260,20.8,253,7,0.026923076923076925,0,0.0,253,1.0,0.11082602056908615,0,2,1,253,0,3,1.2921878397227473,cipher_interface,8,16,4,medium,0.055,planner_swap
23,async_online,Asynchronous online,cobalt>mint>depot,0,260,20.8,253,7,0.026923076923076925,0,0.0,253,1.0,0.10582367305644545,0,2,1,253,0,3,1.5469130068371626,cipher_interface,8,16,4,medium,0.055,planner_swap
24,async_online,Asynchronous online,cobalt>mint>depot,0,260,20.8,253,7,0.026923076923076925,0,0.0,253,1.0,0.1243029501887482,24,2,1,253,0,3,1.4813105234444037,cipher_interface,8,16,4,medium,0.055,planner_swap
25,async_online,Asynchronous online,cobalt>mint>depot,0,260,20.8,253,7,0.026923076923076925,0,0.0,253,1.0,0.10479037667930832,38,2,1,253,0,3,1.5187501374636132,cipher_interface,8,16,4,medium,0.055,planner_swap
26,async_online,Asynchronous online,mint>cobalt>amber>depot,0,260,20.8,253,7,0.026923076923076925,0,0.0,253,1.0,0.10812310100007837,0,2,1,253,0,4,1.524766523130035,cipher_interface,8,16,4,medium,0.055,planner_swap
27,async_online,Asynchronous online,amber>mint>cobalt>depot,0,260,20.8,253,7,0.026923076923076925,0,0.0,253,1.0,0.09999927028820577,0,2,1,253,0,4,1.239914043404613,cipher_interface,8,16,4,medium,0.055,planner_swap
28,async_online,Asynchronous online,amber>cobalt>depot,0,260,20.8,253,7,0.026923076923076925,0,0.0,253,1.0,0.10562864441368441,9,2,1,253,0,3,1.3838968132475804,cipher_interface,8,16,4,medium,0.055,planner_swap
29,async_online,Asynchronous online,mint>cobalt>amber>depot,0,260,20.8,253,7,0.026923076923076925,0,0.0,253,1.0,0.10238369809190806,7,2,1,253,0,4,1.3571716850052347,cipher_interface,8,16,4,medium,0.055,planner_swap
30,async_online,Asynchronous online,amber>mint>cobalt>depot,0,260,20.8,253,7,0.026923076923076925,0,0.0,253,1.0,0.105863771418434,0,2,1,253,0,4,2.1622347794001966,cipher_interface,8,16,4,medium,0.055,planner_swap
31,async_online,Asynchronous online,mint>amber>depot,0,260,20.8,253,7,0.026923076923076925,0,0.0,253,1.0,0.1024140318807055,0,2,1,253,0,3,1.5318479876051811,cipher_interface,8,16,4,medium,0.055,planner_swap
