trial,task,method,success,damaged,stuck,steps,final_progress,final_alignment,peak_axial_force,peak_force_norm,force_overshoot,contact_steps,command_energy,action_smoothness
0,fastener,vision_only,False,False,True,64,0.0,0.0,0.6893251597620376,0.6893251597620376,0.0,60,0.47832783410994545,0.004058445309649208
0,fastener,temporal_history,True,False,False,36,1.0,2.1126992619294544e-05,0.7702401474548701,0.7702401474548701,0.01301984327582495,14,0.47238827999337396,0.00542312687381957
0,fastener,force,True,False,False,37,1.0,-2.8531417687375642e-05,0.769952155520975,0.769952155520975,0.012731851341929779,14,0.4507250713575067,0.006257353994449385
0,fastener,mismatched_gripper_force,True,False,False,26,1.0,-0.00946093931879021,0.7879208726179716,0.7879208726179716,0.030700568438926434,7,0.7033870401950725,0.015731121115223526
0,fastener,matched_multimodal_bc,True,False,False,37,1.0,1.1796198269161621e-05,0.770091988773776,0.770091988773776,0.01287168459473087,14,0.44959229210856394,0.006613439228361825
1,fastener,vision_only,False,False,True,64,0.0,0.0,0.6893251597620376,0.6893251597620376,0.0,60,0.47832783410994545,0.004058445309649208
1,fastener,temporal_history,True,False,False,37,1.0,2.1126992619294544e-05,0.8079498834243675,0.8079498834243675,0.0238564418835433,15,0.48552833435122544,0.005372697471430525
1,fastener,force,True,False,False,38,1.0,-2.8531417687375642e-05,0.8076162291498847,0.8076162291498847,0.02352278760906057,15,0.4608093820212775,0.006421810100267047
1,fastener,mismatched_gripper_force,True,False,False,26,1.0,-0.00946093931879021,0.7879208726179716,0.7879208726179716,0.0038274310771474473,7,0.7033870401950725,0.015731121115223526
1,fastener,matched_multimodal_bc,True,False,False,38,1.0,1.1796198269161621e-05,0.8075734960023555,0.8075734960023555,0.02348005446153134,15,0.46034726428841566,0.006579749754122472
2,fastener,vision_only,False,False,True,64,0.0,0.0,0.6893251597620376,0.6893251597620376,0.0,60,0.47832783410994545,0.004058445309649208
2,fastener,temporal_history,False,False,True,64,0.0,2.0933085587713726e-05,0.9915138254955473,0.9915138254955473,0.0,60,0.8175317267660702,0.0029380528809316094
2,fastener,force,False,False,True,64,0.0,-2.8531417687375642e-05,1.0062401147593005,1.0062401147593005,0.0,60,0.8334643031897273,0.002944313015849317
2,fastener,mismatched_gripper_force,True,False,False,31,1.0,-0.0179088519857364,1.0565889932279449,1.0565889932279449,0.014252252314786329,12,0.7928585138523575,0.012984700389358362
2,fastener,matched_multimodal_bc,False,False,True,64,0.0,1.1796198269161621e-05,0.9928731744586944,0.9928731744586944,0.0,60,0.8162425416913784,0.0029242741556285965
3,fastener,vision_only,False,False,True,64,0.0,0.0,0.6893251597620376,0.6893251597620376,0.0,60,0.47832783410994545,0.004058445309649208
3,fastener,temporal_history,True,False,False,49,1.0,2.0933085587713726e-05,0.9897003450246675,0.9897003450246675,0.000797634554420501,28,0.618635355272386,0.004216752950304725
3,fastener,force,True,False,False,47,1.0,-2.8531417687375642e-05,0.9896763093218448,0.9896763093218448,0.0007735988515977787,25,0.5698449348326567,0.006284806011823024
3,fastener,mismatched_gripper_force,True,False,False,29,1.0,-0.014433017669402403,1.006574685807737,1.006574685807737,0.017671975337489876,10,0.7637109062046675,0.013913958974746472
3,fastener,matched_multimodal_bc,True,False,False,50,1.0,1.1796198269161621e-05,0.9894559996090084,0.9894559996090084,0.0005532891387614036,28,0.5907065068047623,0.005335890004517612
4,fastener,vision_only,False,False,True,64,0.0,0.0,0.6893251597620376,0.6893251597620376,0.0,60,0.47832783410994545,0.004058445309649208
4,fastener,temporal_history,True,False,False,38,1.0,2.1126992619294544e-05,0.8750993215048846,0.8750993215048846,0.007951581044607026,17,0.5130322906633665,0.005373751523674531
4,fastener,force,True,False,False,39,1.0,-2.8531417687375642e-05,0.8728401073341082,0.8728401073341082,0.005692366873830679,17,0.48366274559167394,0.006996239776843809
4,fastener,mismatched_gripper_force,True,False,False,27,1.0,-0.010963530902683098,0.887077022160658,0.887077022160658,0.01992928170038044,8,0.7303518620886713,0.014627225711135625
4,fastener,matched_multimodal_bc,True,False,False,39,1.0,1.1796198269161621e-05,0.8700440146965251,0.8700440146965251,0.002896274236247609,17,0.48320765634597435,0.006679286252074108
5,fastener,vision_only,False,False,True,64,0.0,0.0,0.6893251597620376,0.6893251597620376,0.0,60,0.47832783410994545,0.004058445309649208
5,fastener,temporal_history,True,False,False,37,1.0,2.1126992619294544e-05,0.8440526880238206,0.8440526880238206,0.021580780642421304,16,0.5001638522414584,0.005416565436018365
5,fastener,force,True,False,False,39,1.0,-2.8531417687375642e-05,0.8415296651351782,0.8415296651351782,0.019057757753778937,16,0.47162003912932704,0.006604733189081626
5,fastener,mismatched_gripper_force,True,False,False,27,1.0,-0.010963530902683098,0.887077022160658,0.887077022160658,0.06460511477925868,8,0.7303518620886713,0.014627225711135625
5,fastener,matched_multimodal_bc,True,False,False,39,1.0,1.1796198269161621e-05,0.8409903537099708,0.8409903537099708,0.01851844632857147,16,0.4711561762300291,0.006525596831737218
6,fastener,vision_only,False,False,True,64,0.0,0.0,0.6893251597620376,0.6893251597620376,0.0,60,0.47832783410994545,0.004058445309649208
6,fastener,temporal_history,True,False,False,41,1.0,2.0933085587713726e-05,0.9516189680423174,0.9516189680423174,0.005982509999566732,20,0.5475175129289526,0.005056668139645724
6,fastener,force,True,False,False,42,1.0,-2.8531417687375642e-05,0.9522273978083808,0.9522273978083808,0.006590939765630188,20,0.5194137148044518,0.0068101579579002165
6,fastener,mismatched_gripper_force,True,False,False,28,1.0,-0.012701448060850096,0.9621905825873969,0.9621905825873969,0.01655412454464622,9,0.7478619031305165,0.01441748659770219
6,fastener,matched_multimodal_bc,True,False,False,43,1.0,1.1796198269161621e-05,0.9531247942098808,0.9531247942098808,0.007488336167130183,21,0.5263372339725518,0.006235147727839117
7,fastener,vision_only,False,False,True,64,0.0,0.0,0.6893251597620376,0.6893251597620376,0.0,60,0.47832783410994545,0.004058445309649208
7,fastener,temporal_history,True,False,False,38,1.0,2.1126992619294544e-05,0.8750993215048846,0.8750993215048846,0.02447929195151055,17,0.5130322906633665,0.005373751523674531
7,fastener,force,True,False,False,39,1.0,-2.8531417687375642e-05,0.8728401073341082,0.8728401073341082,0.022220077780734204,17,0.48366274559167394,0.006996239776843809
7,fastener,mismatched_gripper_force,True,False,False,27,1.0,-0.010963530902683098,0.887077022160658,0.887077022160658,0.03645699260728397,8,0.7303518620886713,0.014627225711135625
7,fastener,matched_multimodal_bc,True,False,False,39,1.0,1.1796198269161621e-05,0.8700440146965251,0.8700440146965251,0.019423985143151135,17,0.48320765634597435,0.006679286252074108
8,fastener,vision_only,False,False,True,64,0.0,0.0,0.6893251597620376,0.6893251597620376,0.0,60,0.47832783410994545,0.004058445309649208
8,fastener,temporal_history,True,False,False,40,1.0,2.0933085587713726e-05,0.93171741201055,0.93171741201055,0.004912986319912882,19,0.5366573851174956,0.005200967814003773
8,fastener,force,True,False,False,41,1.0,-2.8531417687375642e-05,0.931754447572763,0.931754447572763,0.004950021882125899,19,0.5083495499539686,0.007122217371589068
8,fastener,mismatched_gripper_force,True,False,False,28,1.0,-0.012701448060850096,0.9621905825873969,0.9621905825873969,0.035386156896759724,9,0.7478619031305165,0.01441748659770219
8,fastener,matched_multimodal_bc,True,False,False,42,1.0,1.1796198269161621e-05,0.9367121987177767,0.9367121987177767,0.009907773027139521,20,0.5160782682696746,0.006462141992700522
9,fastener,vision_only,False,False,True,64,0.0,0.0,0.6893251597620376,0.6893251597620376,0.0,60,0.47832783410994545,0.004058445309649208
9,fastener,temporal_history,True,False,False,37,1.0,2.1126992619294544e-05,0.8079498834243675,0.8079498834243675,0.03418128371767615,15,0.48552833435122544,0.005372697471430525
9,fastener,force,True,False,False,38,1.0,-2.8531417687375642e-05,0.8076162291498847,0.8076162291498847,0.03384762944319342,15,0.4608093820212775,0.006421810100267047
9,fastener,mismatched_gripper_force,True,False,False,26,1.0,-0.00946093931879021,0.7879208726179716,0.7879208726179716,0.014152272911280295,7,0.7033870401950725,0.015731121115223526
9,fastener,matched_multimodal_bc,True,False,False,38,1.0,1.1796198269161621e-05,0.8075734960023555,0.8075734960023555,0.03380489629566419,15,0.46034726428841566,0.006579749754122472
10,fastener,vision_only,False,False,True,64,0.0,0.0,0.6893251597620376,0.6893251597620376,0.0,60,0.47832783410994545,0.004058445309649208
10,fastener,temporal_history,True,False,False,40,1.0,2.0933085587713726e-05,0.93171741201055,0.93171741201055,0.018216718492340633,19,0.5366573851174956,0.005200967814003773
10,fastener,force,True,False,False,41,1.0,-2.8531417687375642e-05,0.931754447572763,0.931754447572763,0.01825375405455365,19,0.5083495499539686,0.007122217371589068
10,fastener,mismatched_gripper_force,True,False,False,28,1.0,-0.012701448060850096,0.9621905825873969,0.9621905825873969,0.048689889069187475,9,0.7478619031305165,0.01441748659770219
10,fastener,matched_multimodal_bc,True,False,False,41,1.0,1.1796198269161621e-05,0.9166585350135108,0.9166585350135108,0.0031578414953014056,19,0.5046701698164715,0.006638975707258565
11,fastener,vision_only,False,False,True,64,0.0,0.0,0.6893251597620376,0.6893251597620376,0.0,60,0.47832783410994545,0.004058445309649208
11,fastener,temporal_history,True,False,False,36,1.0,2.1126992619294544e-05,0.7702401474548701,0.7702401474548701,0.014804298288174644,14,0.47238827999337396,0.00542312687381957
11,fastener,force,True,False,False,37,1.0,-2.8531417687375642e-05,0.769952155520975,0.769952155520975,0.014516306354279473,14,0.4507250713575067,0.006257353994449385
11,fastener,mismatched_gripper_force,True,False,False,26,1.0,-0.00946093931879021,0.7879208726179716,0.7879208726179716,0.03248502345127613,7,0.7033870401950725,0.015731121115223526
11,fastener,matched_multimodal_bc,True,False,False,37,1.0,1.1796198269161621e-05,0.770091988773776,0.770091988773776,0.014656139607080565,14,0.44959229210856394,0.006613439228361825
12,fastener,vision_only,False,False,True,64,0.0,0.0,0.6893251597620376,0.6893251597620376,0.0,60,0.47832783410994545,0.004058445309649208
12,fastener,temporal_history,True,False,False,36,1.0,2.1126992619294544e-05,0.7702401474548701,0.7702401474548701,0.03823256461531521,14,0.47238827999337396,0.00542312687381957
12,fastener,force,True,False,False,37,1.0,-2.8531417687375642e-05,0.769952155520975,0.769952155520975,0.03794457268142004,14,0.4507250713575067,0.006257353994449385
12,fastener,mismatched_gripper_force,True,False,False,26,1.0,-0.00946093931879021,0.7879208726179716,0.7879208726179716,0.0559132897784167,7,0.7033870401950725,0.015731121115223526
12,fastener,matched_multimodal_bc,True,False,False,37,1.0,1.1796198269161621e-05,0.770091988773776,0.770091988773776,0.03808440593422113,14,0.44959229210856394,0.006613439228361825
13,fastener,vision_only,False,False,True,64,0.0,0.0,0.6893251597620376,0.6893251597620376,0.0,60,0.47832783410994545,0.004058445309649208
13,fastener,temporal_history,True,False,False,37,1.0,2.1126992619294544e-05,0.8440526880238206,0.8440526880238206,0.002512994813832381,16,0.5001638522414584,0.005416565436018365
13,fastener,force,True,False,False,39,1.0,-2.8531417687375642e-05,0.8728401073341082,0.8728401073341082,0.03130041412411999,17,0.48366274559167394,0.006996239776843809
13,fastener,mismatched_gripper_force,True,False,False,27,1.0,-0.010963530902683098,0.887077022160658,0.887077022160658,0.04553732895066975,8,0.7303518620886713,0.014627225711135625
13,fastener,matched_multimodal_bc,True,False,False,39,1.0,1.1796198269161621e-05,0.8700440146965251,0.8700440146965251,0.02850432148653692,17,0.48320765634597435,0.006679286252074108
14,fastener,vision_only,False,False,True,64,0.0,0.0,0.6893251597620376,0.6893251597620376,0.0,60,0.47832783410994545,0.004058445309649208
14,fastener,temporal_history,True,False,False,38,1.0,2.1126992619294544e-05,0.8750993215048846,0.8750993215048846,0.0037133663941214534,17,0.5130322906633665,0.005373751523674531
14,fastener,force,True,False,False,39,1.0,-2.8531417687375642e-05,0.8728401073341082,0.8728401073341082,0.0014541522233451065,17,0.48366274559167394,0.006996239776843809
14,fastener,mismatched_gripper_force,True,False,False,27,1.0,-0.010963530902683098,0.887077022160658,0.887077022160658,0.01569106704989487,8,0.7303518620886713,0.014627225711135625
14,fastener,matched_multimodal_bc,True,False,False,40,1.0,1.1796198269161621e-05,0.8952016739347741,0.8952016739347741,0.023815718824011012,18,0.4943789710409856,0.006687729967656757
15,fastener,vision_only,False,False,True,64,0.0,0.0,0.6893251597620376,0.6893251597620376,0.0,60,0.47832783410994545,0.004058445309649208
15,fastener,temporal_history,False,False,True,64,0.0,2.0933085587713726e-05,0.9915138254955473,0.9915138254955473,0.0,60,0.8175317267660702,0.0029380528809316094
15,fastener,force,False,False,True,64,0.0,-2.8531417687375642e-05,1.0062401147593005,1.0062401147593005,0.0,60,0.8334643031897273,0.002944313015849317
15,fastener,mismatched_gripper_force,True,False,False,31,1.0,-0.0179088519857364,1.0565889932279449,1.0565889932279449,0.017444643769501056,12,0.7928585138523575,0.012984700389358362
15,fastener,matched_multimodal_bc,False,False,True,64,0.0,1.1796198269161621e-05,0.9928731744586944,0.9928731744586944,0.0,60,0.8162425416913784,0.0029242741556285965
16,fastener,vision_only,False,False,True,64,0.0,0.0,0.6893251597620376,0.6893251597620376,0.0,60,0.47832783410994545,0.004058445309649208
16,fastener,temporal_history,True,False,False,38,1.0,2.1126992619294544e-05,0.8750993215048846,0.8750993215048846,0.007989052465069868,17,0.5130322906633665,0.005373751523674531
16,fastener,force,True,False,False,39,1.0,-2.8531417687375642e-05,0.8728401073341082,0.8728401073341082,0.005729838294293521,17,0.48366274559167394,0.006996239776843809
16,fastener,mismatched_gripper_force,True,False,False,27,1.0,-0.010963530902683098,0.887077022160658,0.887077022160658,0.019966753120843284,8,0.7303518620886713,0.014627225711135625
16,fastener,matched_multimodal_bc,True,False,False,39,1.0,1.1796198269161621e-05,0.8700440146965251,0.8700440146965251,0.0029337456567104514,17,0.48320765634597435,0.006679286252074108
17,fastener,vision_only,False,False,True,64,0.0,0.0,0.6893251597620376,0.6893251597620376,0.0,60,0.47832783410994545,0.004058445309649208
17,fastener,temporal_history,True,False,False,42,1.0,2.0933085587713726e-05,0.9642679853568974,0.9642679853568974,0.011282044746034892,21,0.5578913008416005,0.004939538171163232
17,fastener,force,True,False,False,43,1.0,-2.8531417687375642e-05,0.9631877637976973,0.9631877637976973,0.010201823186834824,21,0.5302558186337428,0.006644579776487226
17,fastener,mismatched_gripper_force,True,False,False,28,1.0,-0.012701448060850096,0.9621905825873969,0.9621905825873969,0.009204641976534367,9,0.7478619031305165,0.01441748659770219
17,fastener,matched_multimodal_bc,True,False,False,43,1.0,1.1796198269161621e-05,0.9531247942098808,0.9531247942098808,0.00013885359901832928,21,0.5263372339725518,0.006235147727839117
18,fastener,vision_only,False,False,True,64,0.0,0.0,0.6893251597620376,0.6893251597620376,0.0,60,0.47832783410994545,0.004058445309649208
18,fastener,temporal_history,True,False,False,39,1.0,2.1126992619294544e-05,0.9059252173865415,0.9059252173865415,0.03009056034324753,18,0.5251844861374338,0.005294157281990363
18,fastener,force,True,False,False,40,1.0,-2.8531417687375642e-05,0.9024706076937603,0.9024706076937603,0.02663595065046631,18,0.49623607291678995,0.007276567909261148
18,fastener,mismatched_gripper_force,True,False,False,27,1.0,-0.010963530902683098,0.887077022160658,0.887077022160658,0.011242365117363984,8,0.7303518620886713,0.014627225711135625
18,fastener,matched_multimodal_bc,True,False,False,40,1.0,1.1796198269161621e-05,0.8952016739347741,0.8952016739347741,0.019367016891480127,18,0.4943789710409856,0.006687729967656757
19,fastener,vision_only,False,False,True,64,0.0,0.0,0.6893251597620376,0.6893251597620376,0.0,60,0.47832783410994545,0.004058445309649208
19,fastener,temporal_history,False,False,True,64,0.0,2.0933085587713726e-05,0.9915138254955473,0.9915138254955473,0.0,60,0.8175317267660702,0.0029380528809316094
19,fastener,force,False,False,True,64,0.0,-2.8531417687375642e-05,1.0062401147593005,1.0062401147593005,0.0,60,0.8334643031897273,0.002944313015849317
19,fastener,mismatched_gripper_force,True,False,False,30,1.0,-0.0161709348275694,1.036345106891194,1.036345106891194,0.01611782507945425,11,0.7788872124788895,0.013432551665116543
19,fastener,matched_multimodal_bc,False,False,True,64,0.0,1.1796198269161621e-05,0.9928731744586944,0.9928731744586944,0.0,60,0.8162425416913784,0.0029242741556285965
20,fastener,vision_only,False,False,True,64,0.0,0.0,0.6893251597620376,0.6893251597620376,0.0,60,0.47832783410994545,0.004058445309649208
20,fastener,temporal_history,False,False,True,64,0.0,2.0933085587713726e-05,0.9915138254955473,0.9915138254955473,0.0,60,0.8175317267660702,0.0029380528809316094
20,fastener,force,False,False,True,64,0.0,-2.8531417687375642e-05,1.0062401147593005,1.0062401147593005,0.0,60,0.8334643031897273,0.002944313015849317
20,fastener,mismatched_gripper_force,False,False,True,64,0.0,-0.11966773205309723,1.0797156089790487,1.0797156089790487,0.0,61,1.0157019560390292,0.005231833248674227
20,fastener,matched_multimodal_bc,False,False,True,64,0.0,1.1796198269161621e-05,0.9928731744586944,0.9928731744586944,0.0,60,0.8162425416913784,0.0029242741556285965
21,fastener,vision_only,False,False,True,64,0.0,0.0,0.6893251597620376,0.6893251597620376,0.0,60,0.47832783410994545,0.004058445309649208
21,fastener,temporal_history,True,False,False,46,1.0,2.0933085587713726e-05,0.9857463275897562,0.9857463275897562,0.0008160762488680362,25,0.5948659426690351,0.004497869813658375
21,fastener,force,True,False,False,47,1.0,-2.8531417687375642e-05,0.9896763093218448,0.9896763093218448,0.0047460579809566195,25,0.5698449348326567,0.006284806011823024
21,fastener,mismatched_gripper_force,True,False,False,29,1.0,-0.014433017669402403,1.006574685807737,1.006574685807737,0.021644434466848717,10,0.7637109062046675,0.013913958974746472
21,fastener,matched_multimodal_bc,True,False,False,48,1.0,1.1796198269161621e-05,0.9856538390411074,0.9856538390411074,0.000723587700219186,26,0.5745394327624412,0.005624781508816529
22,fastener,vision_only,False,False,True,64,0.0,0.0,0.6893251597620376,0.6893251597620376,0.0,60,0.47832783410994545,0.004058445309649208
22,fastener,temporal_history,True,False,False,36,1.0,2.1126992619294544e-05,0.7702401474548701,0.7702401474548701,0.02231874806143963,14,0.47238827999337396,0.00542312687381957
22,fastener,force,True,False,False,37,1.0,-2.8531417687375642e-05,0.769952155520975,0.769952155520975,0.02203075612754446,14,0.4507250713575067,0.006257353994449385
22,fastener,mismatched_gripper_force,True,False,False,26,1.0,-0.00946093931879021,0.7879208726179716,0.7879208726179716,0.039999473224541116,7,0.7033870401950725,0.015731121115223526
22,fastener,matched_multimodal_bc,True,False,False,37,1.0,1.1796198269161621e-05,0.770091988773776,0.770091988773776,0.02217058938034555,14,0.44959229210856394,0.006613439228361825
23,fastener,vision_only,False,False,True,64,0.0,0.0,0.6893251597620376,0.6893251597620376,0.0,60,0.47832783410994545,0.004058445309649208
23,fastener,temporal_history,False,False,True,64,0.0,2.0933085587713726e-05,0.9915138254955473,0.9915138254955473,0.0,60,0.8175317267660702,0.0029380528809316094
23,fastener,force,False,False,True,64,0.0,-2.8531417687375642e-05,1.0062401147593005,1.0062401147593005,0.0,60,0.8334643031897273,0.002944313015849317
23,fastener,mismatched_gripper_force,True,False,False,31,1.0,-0.0179088519857364,1.0565889932279449,1.0565889932279449,0.0034928415685573366,12,0.7928585138523575,0.012984700389358362
23,fastener,matched_multimodal_bc,False,False,True,64,0.0,1.1796198269161621e-05,0.9928731744586944,0.9928731744586944,0.0,60,0.8162425416913784,0.0029242741556285965
24,fastener,vision_only,False,False,True,64,0.0,0.0,0.6893251597620376,0.6893251597620376,0.0,60,0.47832783410994545,0.004058445309649208
24,fastener,temporal_history,True,False,False,37,1.0,2.1126992619294544e-05,0.8440526880238206,0.8440526880238206,0.01716168705964538,16,0.5001638522414584,0.005416565436018365
24,fastener,force,True,False,False,39,1.0,-2.8531417687375642e-05,0.8415296651351782,0.8415296651351782,0.014638664171003013,16,0.47162003912932704,0.006604733189081626
24,fastener,mismatched_gripper_force,True,False,False,27,1.0,-0.010963530902683098,0.887077022160658,0.887077022160658,0.06018602119648275,8,0.7303518620886713,0.014627225711135625
24,fastener,matched_multimodal_bc,True,False,False,39,1.0,1.1796198269161621e-05,0.8409903537099708,0.8409903537099708,0.014099352745795546,16,0.4711561762300291,0.006525596831737218
25,fastener,vision_only,False,False,True,64,0.0,0.0,0.6893251597620376,0.6893251597620376,0.0,60,0.47832783410994545,0.004058445309649208
25,fastener,temporal_history,True,False,False,41,1.0,2.0933085587713726e-05,0.9516189680423174,0.9516189680423174,0.014018998298883534,20,0.5475175129289526,0.005056668139645724
25,fastener,force,True,False,False,42,1.0,-2.8531417687375642e-05,0.9522273978083808,0.9522273978083808,0.01462742806494699,20,0.5194137148044518,0.0068101579579002165
25,fastener,mismatched_gripper_force,True,False,False,28,1.0,-0.012701448060850096,0.9621905825873969,0.9621905825873969,0.024590612843963022,9,0.7478619031305165,0.01441748659770219
25,fastener,matched_multimodal_bc,True,False,False,43,1.0,1.1796198269161621e-05,0.9531247942098808,0.9531247942098808,0.015524824466446985,21,0.5263372339725518,0.006235147727839117
26,fastener,vision_only,False,False,True,64,0.0,0.0,0.6893251597620376,0.6893251597620376,0.0,60,0.47832783410994545,0.004058445309649208
26,fastener,temporal_history,True,False,False,39,1.0,2.1126992619294544e-05,0.9059252173865415,0.9059252173865415,0.01692500215144155,18,0.5251844861374338,0.005294157281990363
26,fastener,force,True,False,False,40,1.0,-2.8531417687375642e-05,0.9024706076937603,0.9024706076937603,0.01347039245866033,18,0.49623607291678995,0.007276567909261148
26,fastener,mismatched_gripper_force,True,False,False,28,1.0,-0.012701448060850096,0.9621905825873969,0.9621905825873969,0.07319036735229689,9,0.7478619031305165,0.01441748659770219
26,fastener,matched_multimodal_bc,True,False,False,40,1.0,1.1796198269161621e-05,0.8952016739347741,0.8952016739347741,0.006201458699674145,18,0.4943789710409856,0.006687729967656757
27,fastener,vision_only,False,False,True,64,0.0,0.0,0.6893251597620376,0.6893251597620376,0.0,60,0.47832783410994545,0.004058445309649208
27,fastener,temporal_history,True,False,False,36,1.0,2.1126992619294544e-05,0.7702401474548701,0.7702401474548701,0.010451241136099299,14,0.47238827999337396,0.00542312687381957
27,fastener,force,True,False,False,37,1.0,-2.8531417687375642e-05,0.769952155520975,0.769952155520975,0.010163249202204128,14,0.4507250713575067,0.006257353994449385
27,fastener,mismatched_gripper_force,True,False,False,26,1.0,-0.00946093931879021,0.7879208726179716,0.7879208726179716,0.028131966299200784,7,0.7033870401950725,0.015731121115223526
27,fastener,matched_multimodal_bc,True,False,False,37,1.0,1.1796198269161621e-05,0.770091988773776,0.770091988773776,0.010303082455005219,14,0.44959229210856394,0.006613439228361825
28,fastener,vision_only,False,False,True,64,0.0,0.0,0.6893251597620376,0.6893251597620376,0.0,60,0.47832783410994545,0.004058445309649208
28,fastener,temporal_history,False,False,True,64,0.0,2.0933085587713726e-05,0.9915138254955473,0.9915138254955473,0.0,60,0.8175317267660702,0.0029380528809316094
28,fastener,force,False,False,True,64,0.0,-2.8531417687375642e-05,1.0062401147593005,1.0062401147593005,0.0,60,0.8334643031897273,0.002944313015849317
28,fastener,mismatched_gripper_force,True,False,False,30,1.0,-0.0161709348275694,1.036345106891194,1.036345106891194,0.01797424512391843,11,0.7788872124788895,0.013432551665116543
28,fastener,matched_multimodal_bc,False,False,True,64,0.0,1.1796198269161621e-05,0.9928731744586944,0.9928731744586944,0.0,60,0.8162425416913784,0.0029242741556285965
29,fastener,vision_only,False,False,True,64,0.0,0.0,0.6893251597620376,0.6893251597620376,0.0,60,0.47832783410994545,0.004058445309649208
29,fastener,temporal_history,False,False,True,64,0.0,2.0933085587713726e-05,0.9915138254955473,0.9915138254955473,0.0,60,0.8175317267660702,0.0029380528809316094
29,fastener,force,False,False,True,64,0.0,-2.8531417687375642e-05,1.0062401147593005,1.0062401147593005,0.0,60,0.8334643031897273,0.002944313015849317
29,fastener,mismatched_gripper_force,True,False,False,31,1.0,-0.0179088519857364,1.0565889932279449,1.0565889932279449,0.014170670976762167,12,0.7928585138523575,0.012984700389358362
29,fastener,matched_multimodal_bc,False,False,True,64,0.0,1.1796198269161621e-05,0.9928731744586944,0.9928731744586944,0.0,60,0.8162425416913784,0.0029242741556285965
30,fastener,vision_only,False,False,True,64,0.0,0.0,0.6893251597620376,0.6893251597620376,0.0,60,0.47832783410994545,0.004058445309649208
30,fastener,temporal_history,True,False,False,36,1.0,2.1126992619294544e-05,0.7702401474548701,0.7702401474548701,0.018899740362441242,14,0.47238827999337396,0.00542312687381957
30,fastener,force,True,False,False,37,1.0,-2.8531417687375642e-05,0.769952155520975,0.769952155520975,0.01861174842854607,14,0.4507250713575067,0.006257353994449385
30,fastener,mismatched_gripper_force,True,False,False,26,1.0,-0.00946093931879021,0.7879208726179716,0.7879208726179716,0.03658046552554273,7,0.7033870401950725,0.015731121115223526
30,fastener,matched_multimodal_bc,True,False,False,37,1.0,1.1796198269161621e-05,0.770091988773776,0.770091988773776,0.018751581681347163,14,0.44959229210856394,0.006613439228361825
31,fastener,vision_only,False,False,True,64,0.0,0.0,0.6893251597620376,0.6893251597620376,0.0,60,0.47832783410994545,0.004058445309649208
31,fastener,temporal_history,True,False,False,39,1.0,2.1126992619294544e-05,0.9059252173865415,0.9059252173865415,0.020005966953866583,18,0.5251844861374338,0.005294157281990363
31,fastener,force,True,False,False,40,1.0,-2.8531417687375642e-05,0.9024706076937603,0.9024706076937603,0.016551357261085364,18,0.49623607291678995,0.007276567909261148
31,fastener,mismatched_gripper_force,True,False,False,27,1.0,-0.010963530902683098,0.887077022160658,0.887077022160658,0.0011577717279830368,8,0.7303518620886713,0.014627225711135625
31,fastener,matched_multimodal_bc,True,False,False,40,1.0,1.1796198269161621e-05,0.8952016739347741,0.8952016739347741,0.00928242350209918,18,0.4943789710409856,0.006687729967656757
32,fastener,vision_only,False,False,True,64,0.0,0.0,0.6893251597620376,0.6893251597620376,0.0,60,0.47832783410994545,0.004058445309649208
32,fastener,temporal_history,True,False,False,37,1.0,2.1126992619294544e-05,0.8079498834243675,0.8079498834243675,0.03345259661403932,15,0.48552833435122544,0.005372697471430525
32,fastener,force,True,False,False,38,1.0,-2.8531417687375642e-05,0.8076162291498847,0.8076162291498847,0.03311894233955659,15,0.4608093820212775,0.006421810100267047
32,fastener,mismatched_gripper_force,True,False,False,26,1.0,-0.00946093931879021,0.7879208726179716,0.7879208726179716,0.013423585807643468,7,0.7033870401950725,0.015731121115223526
32,fastener,matched_multimodal_bc,True,False,False,38,1.0,1.1796198269161621e-05,0.8075734960023555,0.8075734960023555,0.03307620919202736,15,0.46034726428841566,0.006579749754122472
33,fastener,vision_only,False,False,True,64,0.0,0.0,0.6893251597620376,0.6893251597620376,0.0,60,0.47832783410994545,0.004058445309649208
33,fastener,temporal_history,False,False,True,64,0.0,2.0933085587713726e-05,0.9915138254955473,0.9915138254955473,0.0,60,0.8175317267660702,0.0029380528809316094
33,fastener,force,False,False,True,64,0.0,-2.8531417687375642e-05,1.0062401147593005,1.0062401147593005,0.0,60,0.8334643031897273,0.002944313015849317
33,fastener,mismatched_gripper_force,True,False,False,31,1.0,-0.0179088519857364,1.0565889932279449,1.0565889932279449,0.012313682313616736,12,0.7928585138523575,0.012984700389358362
33,fastener,matched_multimodal_bc,False,False,True,64,0.0,1.1796198269161621e-05,0.9928731744586944,0.9928731744586944,0.0,60,0.8162425416913784,0.0029242741556285965
34,fastener,vision_only,False,False,True,64,0.0,0.0,0.6893251597620376,0.6893251597620376,0.0,60,0.47832783410994545,0.004058445309649208
34,fastener,temporal_history,True,False,False,42,1.0,2.0933085587713726e-05,0.9642679853568974,0.9642679853568974,0.00517776704197237,21,0.5578913008416005,0.004939538171163232
34,fastener,force,True,False,False,43,1.0,-2.8531417687375642e-05,0.9631877637976973,0.9631877637976973,0.004097545482772302,21,0.5302558186337428,0.006644579776487226
34,fastener,mismatched_gripper_force,True,False,False,28,1.0,-0.012701448060850096,0.9621905825873969,0.9621905825873969,0.003100364272471845,9,0.7478619031305165,0.01441748659770219
34,fastener,matched_multimodal_bc,True,False,False,44,1.0,1.1796198269161621e-05,0.9644514348507326,0.9644514348507326,0.005361216535807567,22,0.5366266875031186,0.006101849858534247
35,fastener,vision_only,False,False,True,64,0.0,0.0,0.6893251597620376,0.6893251597620376,0.0,60,0.47832783410994545,0.004058445309649208
35,fastener,temporal_history,True,False,False,37,1.0,2.1126992619294544e-05,0.8079498834243675,0.8079498834243675,0.02376748841276688,15,0.48552833435122544,0.005372697471430525
35,fastener,force,True,False,False,38,1.0,-2.8531417687375642e-05,0.8076162291498847,0.8076162291498847,0.02343383413828415,15,0.4608093820212775,0.006421810100267047
35,fastener,mismatched_gripper_force,True,False,False,26,1.0,-0.00946093931879021,0.7879208726179716,0.7879208726179716,0.0037384776063710268,7,0.7033870401950725,0.015731121115223526
35,fastener,matched_multimodal_bc,True,False,False,38,1.0,1.1796198269161621e-05,0.8075734960023555,0.8075734960023555,0.02339110099075492,15,0.46034726428841566,0.006579749754122472
36,fastener,vision_only,False,False,True,64,0.0,0.0,0.6893251597620376,0.6893251597620376,0.0,60,0.47832783410994545,0.004058445309649208
36,fastener,temporal_history,True,False,False,39,1.0,2.1126992619294544e-05,0.9059252173865415,0.9059252173865415,0.029290723407394137,18,0.5251844861374338,0.005294157281990363
36,fastener,force,True,False,False,40,1.0,-2.8531417687375642e-05,0.9024706076937603,0.9024706076937603,0.02583611371461292,18,0.49623607291678995,0.007276567909261148
36,fastener,mismatched_gripper_force,True,False,False,27,1.0,-0.010963530902683098,0.887077022160658,0.887077022160658,0.01044252818151059,8,0.7303518620886713,0.014627225711135625
36,fastener,matched_multimodal_bc,True,False,False,40,1.0,1.1796198269161621e-05,0.8952016739347741,0.8952016739347741,0.018567179955626734,18,0.4943789710409856,0.006687729967656757
37,fastener,vision_only,False,False,True,64,0.0,0.0,0.6893251597620376,0.6893251597620376,0.0,60,0.47832783410994545,0.004058445309649208
37,fastener,temporal_history,True,False,False,45,1.0,2.0933085587713726e-05,0.9830322072005067,0.9830322072005067,9.079961112257173e-05,24,0.5862385262426338,0.0046000941276051555
37,fastener,force,True,False,False,46,1.0,-2.8531417687375642e-05,0.9847660700314562,0.9847660700314562,0.0018246624420721336,24,0.5604013895856379,0.006395675129876377
37,fastener,mismatched_gripper_force,True,False,False,29,1.0,-0.014433017669402403,1.006574685807737,1.006574685807737,0.023633278218352816,10,0.7637109062046675,0.013913958974746472
37,fastener,matched_multimodal_bc,True,False,False,48,1.0,1.1796198269161621e-05,0.9856538390411074,0.9856538390411074,0.002712431451723285,26,0.5745394327624412,0.005624781508816529
38,fastener,vision_only,False,False,True,64,0.0,0.0,0.6893251597620376,0.6893251597620376,0.0,60,0.47832783410994545,0.004058445309649208
38,fastener,temporal_history,False,False,True,64,0.0,2.0933085587713726e-05,0.9915138254955473,0.9915138254955473,0.0,60,0.8175317267660702,0.0029380528809316094
38,fastener,force,False,False,True,64,0.0,-2.8531417687375642e-05,1.0062401147593005,1.0062401147593005,0.0,60,0.8334643031897273,0.002944313015849317
38,fastener,mismatched_gripper_force,False,False,True,64,0.0,-0.11966773205309723,1.0797156089790487,1.0797156089790487,0.0,61,1.0157019560390292,0.005231833248674227
38,fastener,matched_multimodal_bc,False,False,True,64,0.0,1.1796198269161621e-05,0.9928731744586944,0.9928731744586944,0.0,60,0.8162425416913784,0.0029242741556285965
39,fastener,vision_only,False,False,True,64,0.0,0.0,0.6893251597620376,0.6893251597620376,0.0,60,0.47832783410994545,0.004058445309649208
39,fastener,temporal_history,True,False,False,37,1.0,2.1126992619294544e-05,0.8440526880238206,0.8440526880238206,0.010764994949849171,16,0.5001638522414584,0.005416565436018365
39,fastener,force,True,False,False,39,1.0,-2.8531417687375642e-05,0.8415296651351782,0.8415296651351782,0.008241972061206804,16,0.47162003912932704,0.006604733189081626
39,fastener,mismatched_gripper_force,True,False,False,27,1.0,-0.010963530902683098,0.887077022160658,0.887077022160658,0.053789329086686544,8,0.7303518620886713,0.014627225711135625
39,fastener,matched_multimodal_bc,True,False,False,39,1.0,1.1796198269161621e-05,0.8409903537099708,0.8409903537099708,0.007702660635999337,16,0.4711561762300291,0.006525596831737218
40,fastener,vision_only,False,False,True,64,0.0,0.0,0.6893251597620376,0.6893251597620376,0.0,60,0.47832783410994545,0.004058445309649208
40,fastener,temporal_history,True,False,False,38,1.0,2.1126992619294544e-05,0.8750993215048846,0.8750993215048846,0.012537052413140959,17,0.5130322906633665,0.005373751523674531
40,fastener,force,True,False,False,39,1.0,-2.8531417687375642e-05,0.8728401073341082,0.8728401073341082,0.010277838242364612,17,0.48366274559167394,0.006996239776843809
40,fastener,mismatched_gripper_force,True,False,False,27,1.0,-0.010963530902683098,0.887077022160658,0.887077022160658,0.024514753068914374,8,0.7303518620886713,0.014627225711135625
40,fastener,matched_multimodal_bc,True,False,False,39,1.0,1.1796198269161621e-05,0.8700440146965251,0.8700440146965251,0.007481745604781542,17,0.48320765634597435,0.006679286252074108
41,fastener,vision_only,False,False,True,64,0.0,0.0,0.6893251597620376,0.6893251597620376,0.0,60,0.47832783410994545,0.004058445309649208
41,fastener,temporal_history,True,False,False,39,1.0,2.1126992619294544e-05,0.9059252173865415,0.9059252173865415,0.019048606545617908,18,0.5251844861374338,0.005294157281990363
41,fastener,force,True,False,False,40,1.0,-2.8531417687375642e-05,0.9024706076937603,0.9024706076937603,0.015593996852836689,18,0.49623607291678995,0.007276567909261148
41,fastener,mismatched_gripper_force,True,False,False,27,1.0,-0.010963530902683098,0.887077022160658,0.887077022160658,0.00020041131973436155,8,0.7303518620886713,0.014627225711135625
41,fastener,matched_multimodal_bc,True,False,False,40,1.0,1.1796198269161621e-05,0.8952016739347741,0.8952016739347741,0.008325063093850504,18,0.4943789710409856,0.006687729967656757
42,fastener,vision_only,False,False,True,64,0.0,0.0,0.6893251597620376,0.6893251597620376,0.0,60,0.47832783410994545,0.004058445309649208
42,fastener,temporal_history,False,False,True,64,0.0,2.0933085587713726e-05,0.9915138254955473,0.9915138254955473,0.0,60,0.8175317267660702,0.0029380528809316094
42,fastener,force,False,False,True,64,0.0,-2.8531417687375642e-05,1.0062401147593005,1.0062401147593005,0.0,60,0.8334643031897273,0.002944313015849317
42,fastener,mismatched_gripper_force,True,False,False,30,1.0,-0.0161709348275694,1.036345106891194,1.036345106891194,0.008367381256638495,11,0.7788872124788895,0.013432551665116543
42,fastener,matched_multimodal_bc,False,False,True,64,0.0,1.1796198269161621e-05,0.9928731744586944,0.9928731744586944,0.0,60,0.8162425416913784,0.0029242741556285965
43,fastener,vision_only,False,False,True,64,0.0,0.0,0.6893251597620376,0.6893251597620376,0.0,60,0.47832783410994545,0.004058445309649208
43,fastener,temporal_history,True,False,False,37,1.0,2.1126992619294544e-05,0.8079498834243675,0.8079498834243675,0.01808213442038098,15,0.48552833435122544,0.005372697471430525
43,fastener,force,True,False,False,38,1.0,-2.8531417687375642e-05,0.8076162291498847,0.8076162291498847,0.01774848014589825,15,0.4608093820212775,0.006421810100267047
43,fastener,mismatched_gripper_force,True,False,False,27,1.0,-0.010963530902683098,0.887077022160658,0.887077022160658,0.0972092731566715,8,0.7303518620886713,0.014627225711135625
43,fastener,matched_multimodal_bc,True,False,False,38,1.0,1.1796198269161621e-05,0.8075734960023555,0.8075734960023555,0.01770574699836902,15,0.46034726428841566,0.006579749754122472
44,fastener,vision_only,False,False,True,64,0.0,0.0,0.6893251597620376,0.6893251597620376,0.0,60,0.47832783410994545,0.004058445309649208
44,fastener,temporal_history,False,False,True,64,0.0,2.0933085587713726e-05,0.9915138254955473,0.9915138254955473,0.0,60,0.8175317267660702,0.0029380528809316094
44,fastener,force,False,False,True,64,0.0,-2.8531417687375642e-05,1.0062401147593005,1.0062401147593005,0.0,60,0.8334643031897273,0.002944313015849317
44,fastener,mismatched_gripper_force,True,False,False,32,1.0,-0.019646769143903398,1.0703548359369353,1.0703548359369353,0.008582647334128168,13,0.8065382218727748,0.012590998597903835
44,fastener,matched_multimodal_bc,False,False,True,64,0.0,1.1796198269161621e-05,0.9928731744586944,0.9928731744586944,0.0,60,0.8162425416913784,0.0029242741556285965
45,fastener,vision_only,False,False,True,64,0.0,0.0,0.6893251597620376,0.6893251597620376,0.0,60,0.47832783410994545,0.004058445309649208
45,fastener,temporal_history,True,False,False,40,1.0,2.0933085587713726e-05,0.93171741201055,0.93171741201055,0.014230666584573504,19,0.5366573851174956,0.005200967814003773
45,fastener,force,True,False,False,41,1.0,-2.8531417687375642e-05,0.931754447572763,0.931754447572763,0.01426770214678652,19,0.5083495499539686,0.007122217371589068
45,fastener,mismatched_gripper_force,True,False,False,28,1.0,-0.012701448060850096,0.9621905825873969,0.9621905825873969,0.044703837161420346,9,0.7478619031305165,0.01441748659770219
45,fastener,matched_multimodal_bc,True,False,False,42,1.0,1.1796198269161621e-05,0.9367121987177767,0.9367121987177767,0.019225453291800143,20,0.5160782682696746,0.006462141992700522
46,fastener,vision_only,False,False,True,64,0.0,0.0,0.6893251597620376,0.6893251597620376,0.0,60,0.47832783410994545,0.004058445309649208
46,fastener,temporal_history,True,False,False,39,1.0,2.1126992619294544e-05,0.9059252173865415,0.9059252173865415,0.012589504730809997,18,0.5251844861374338,0.005294157281990363
46,fastener,force,True,False,False,40,1.0,-2.8531417687375642e-05,0.9024706076937603,0.9024706076937603,0.009134895038028779,18,0.49623607291678995,0.007276567909261148
46,fastener,mismatched_gripper_force,True,False,False,28,1.0,-0.012701448060850096,0.9621905825873969,0.9621905825873969,0.06885486993166534,9,0.7478619031305165,0.01441748659770219
46,fastener,matched_multimodal_bc,True,False,False,40,1.0,1.1796198269161621e-05,0.8952016739347741,0.8952016739347741,0.001865961279042594,18,0.4943789710409856,0.006687729967656757
47,fastener,vision_only,False,False,True,64,0.0,0.0,0.6893251597620376,0.6893251597620376,0.0,60,0.47832783410994545,0.004058445309649208
47,fastener,temporal_history,True,False,False,37,1.0,2.1126992619294544e-05,0.8440526880238206,0.8440526880238206,0.017230272914006473,16,0.5001638522414584,0.005416565436018365
47,fastener,force,True,False,False,39,1.0,-2.8531417687375642e-05,0.8415296651351782,0.8415296651351782,0.014707250025364105,16,0.47162003912932704,0.006604733189081626
47,fastener,mismatched_gripper_force,True,False,False,27,1.0,-0.010963530902683098,0.887077022160658,0.887077022160658,0.060254607050843845,8,0.7303518620886713,0.014627225711135625
47,fastener,matched_multimodal_bc,True,False,False,39,1.0,1.1796198269161621e-05,0.8409903537099708,0.8409903537099708,0.014167938600156638,16,0.4711561762300291,0.006525596831737218
48,fastener,vision_only,False,False,True,64,0.0,0.0,0.6893251597620376,0.6893251597620376,0.0,60,0.47832783410994545,0.004058445309649208
48,fastener,temporal_history,True,False,False,37,1.0,2.1126992619294544e-05,0.8440526880238206,0.8440526880238206,0.005050799037236153,16,0.5001638522414584,0.005416565436018365
48,fastener,force,True,False,False,39,1.0,-2.8531417687375642e-05,0.8415296651351782,0.8415296651351782,0.0025277761485937855,16,0.47162003912932704,0.006604733189081626
48,fastener,mismatched_gripper_force,True,False,False,27,1.0,-0.010963530902683098,0.887077022160658,0.887077022160658,0.048075133174073525,8,0.7303518620886713,0.014627225711135625
48,fastener,matched_multimodal_bc,True,False,False,39,1.0,1.1796198269161621e-05,0.8409903537099708,0.8409903537099708,0.0019884647233863184,16,0.4711561762300291,0.006525596831737218
49,fastener,vision_only,False,False,True,64,0.0,0.0,0.6893251597620376,0.6893251597620376,0.0,60,0.47832783410994545,0.004058445309649208
49,fastener,temporal_history,False,False,True,64,0.0,2.0933085587713726e-05,0.9915138254955473,0.9915138254955473,0.0,60,0.8175317267660702,0.0029380528809316094
49,fastener,force,False,False,True,64,0.0,-2.8531417687375642e-05,1.0062401147593005,1.0062401147593005,0.0,60,0.8334643031897273,0.002944313015849317
49,fastener,mismatched_gripper_force,True,False,False,31,1.0,-0.0179088519857364,1.0565889932279449,1.0565889932279449,0.003928424723303792,12,0.7928585138523575,0.012984700389358362
49,fastener,matched_multimodal_bc,False,False,True,64,0.0,1.1796198269161621e-05,0.9928731744586944,0.9928731744586944,0.0,60,0.8162425416913784,0.0029242741556285965
50,fastener,vision_only,False,False,True,64,0.0,0.0,0.6893251597620376,0.6893251597620376,0.0,60,0.47832783410994545,0.004058445309649208
50,fastener,temporal_history,False,False,True,64,0.0,2.0933085587713726e-05,0.9915138254955473,0.9915138254955473,0.0,60,0.8175317267660702,0.0029380528809316094
50,fastener,force,False,False,True,64,0.0,-2.8531417687375642e-05,1.0062401147593005,1.0062401147593005,0.0,60,0.8334643031897273,0.002944313015849317
50,fastener,mismatched_gripper_force,True,False,False,34,1.0,-0.021384686302070396,1.0797156089790487,1.0797156089790487,0.006217153456838487,14,0.7646402242014636,0.011868697800425558
50,fastener,matched_multimodal_bc,False,False,True,64,0.0,1.1796198269161621e-05,0.9928731744586944,0.9928731744586944,0.0,60,0.8162425416913784,0.0029242741556285965
51,fastener,vision_only,False,False,True,64,0.0,0.0,0.6893251597620376,0.6893251597620376,0.0,60,0.47832783410994545,0.004058445309649208
51,fastener,temporal_history,True,False,False,38,1.0,2.1126992619294544e-05,0.8750993215048846,0.8750993215048846,0.02860562503615116,17,0.5130322906633665,0.005373751523674531
51,fastener,force,True,False,False,39,1.0,-2.8531417687375642e-05,0.8728401073341082,0.8728401073341082,0.026346410865374814,17,0.48366274559167394,0.006996239776843809
51,fastener,mismatched_gripper_force,True,False,False,27,1.0,-0.010963530902683098,0.887077022160658,0.887077022160658,0.04058332569192458,8,0.7303518620886713,0.014627225711135625
51,fastener,matched_multimodal_bc,True,False,False,39,1.0,1.1796198269161621e-05,0.8700440146965251,0.8700440146965251,0.023550318227791744,17,0.48320765634597435,0.006679286252074108
52,fastener,vision_only,False,False,True,64,0.0,0.0,0.6893251597620376,0.6893251597620376,0.0,60,0.47832783410994545,0.004058445309649208
52,fastener,temporal_history,False,False,True,64,0.0,2.0933085587713726e-05,0.9915138254955473,0.9915138254955473,0.0,60,0.8175317267660702,0.0029380528809316094
52,fastener,force,False,False,True,64,0.0,-2.8531417687375642e-05,1.0062401147593005,1.0062401147593005,0.0,60,0.8334643031897273,0.002944313015849317
52,fastener,mismatched_gripper_force,False,False,True,64,0.0,-0.11966773205309723,1.0797156089790487,1.0797156089790487,0.0,61,1.0157019560390292,0.005231833248674227
52,fastener,matched_multimodal_bc,False,False,True,64,0.0,1.1796198269161621e-05,0.9928731744586944,0.9928731744586944,0.0,60,0.8162425416913784,0.0029242741556285965
53,fastener,vision_only,False,False,True,64,0.0,0.0,0.6893251597620376,0.6893251597620376,0.0,60,0.47832783410994545,0.004058445309649208
53,fastener,temporal_history,True,False,False,37,1.0,2.1126992619294544e-05,0.8440526880238206,0.8440526880238206,0.01671522936760006,16,0.5001638522414584,0.005416565436018365
53,fastener,force,True,False,False,39,1.0,-2.8531417687375642e-05,0.8415296651351782,0.8415296651351782,0.014192206478957692,16,0.47162003912932704,0.006604733189081626
53,fastener,mismatched_gripper_force,True,False,False,27,1.0,-0.010963530902683098,0.887077022160658,0.887077022160658,0.05973956350443743,8,0.7303518620886713,0.014627225711135625
53,fastener,matched_multimodal_bc,True,False,False,39,1.0,1.1796198269161621e-05,0.8409903537099708,0.8409903537099708,0.013652895053750225,16,0.4711561762300291,0.006525596831737218
54,fastener,vision_only,False,False,True,64,0.0,0.0,0.6893251597620376,0.6893251597620376,0.0,60,0.47832783410994545,0.004058445309649208
54,fastener,temporal_history,True,False,False,40,1.0,2.0933085587713726e-05,0.93171741201055,0.93171741201055,0.006610202603382409,19,0.5366573851174956,0.005200967814003773
54,fastener,force,True,False,False,41,1.0,-2.8531417687375642e-05,0.931754447572763,0.931754447572763,0.006647238165595426,19,0.5083495499539686,0.007122217371589068
54,fastener,mismatched_gripper_force,True,False,False,28,1.0,-0.012701448060850096,0.9621905825873969,0.9621905825873969,0.03708337318022925,9,0.7478619031305165,0.01441748659770219
54,fastener,matched_multimodal_bc,True,False,False,42,1.0,1.1796198269161621e-05,0.9367121987177767,0.9367121987177767,0.011604989310609048,20,0.5160782682696746,0.006462141992700522
55,fastener,vision_only,False,False,True,64,0.0,0.0,0.6893251597620376,0.6893251597620376,0.0,60,0.47832783410994545,0.004058445309649208
55,fastener,temporal_history,False,False,True,64,0.0,2.0933085587713726e-05,0.9915138254955473,0.9915138254955473,0.0,60,0.8175317267660702,0.0029380528809316094
55,fastener,force,True,False,False,52,1.0,-2.8531417687375642e-05,1.0046899378254408,1.0046899378254408,0.0018244761202745874,30,0.6126304478273632,0.005747669642387503
55,fastener,mismatched_gripper_force,True,False,False,29,1.0,-0.014433017669402403,1.006574685807737,1.006574685807737,0.003709224102570685,10,0.7637109062046675,0.013913958974746472
55,fastener,matched_multimodal_bc,False,False,True,64,0.0,1.1796198269161621e-05,0.9928731744586944,0.9928731744586944,0.0,60,0.8162425416913784,0.0029242741556285965
56,fastener,vision_only,False,False,True,64,0.0,0.0,0.6893251597620376,0.6893251597620376,0.0,60,0.47832783410994545,0.004058445309649208
56,fastener,temporal_history,True,False,False,41,1.0,2.0933085587713726e-05,0.9516189680423174,0.9516189680423174,0.006025177911131441,20,0.5475175129289526,0.005056668139645724
56,fastener,force,True,False,False,42,1.0,-2.8531417687375642e-05,0.9522273978083808,0.9522273978083808,0.006633607677194897,20,0.5194137148044518,0.0068101579579002165
56,fastener,mismatched_gripper_force,True,False,False,28,1.0,-0.012701448060850096,0.9621905825873969,0.9621905825873969,0.01659679245621093,9,0.7478619031305165,0.01441748659770219
56,fastener,matched_multimodal_bc,True,False,False,43,1.0,1.1796198269161621e-05,0.9531247942098808,0.9531247942098808,0.007531004078694892,21,0.5263372339725518,0.006235147727839117
57,fastener,vision_only,False,False,True,64,0.0,0.0,0.6893251597620376,0.6893251597620376,0.0,60,0.47832783410994545,0.004058445309649208
57,fastener,temporal_history,False,False,True,64,0.0,2.0933085587713726e-05,0.9915138254955473,0.9915138254955473,0.0,60,0.8175317267660702,0.0029380528809316094
57,fastener,force,True,False,False,49,1.0,-2.8531417687375642e-05,0.9973323529769645,0.9973323529769645,0.0015791681052256257,27,0.5878847647413094,0.006084338444130641
57,fastener,mismatched_gripper_force,True,False,False,29,1.0,-0.014433017669402403,1.006574685807737,1.006574685807737,0.010821500935997985,10,0.7637109062046675,0.013913958974746472
57,fastener,matched_multimodal_bc,False,False,True,64,0.0,1.1796198269161621e-05,0.9928731744586944,0.9928731744586944,0.0,60,0.8162425416913784,0.0029242741556285965
58,fastener,vision_only,False,False,True,64,0.0,0.0,0.6893251597620376,0.6893251597620376,0.0,60,0.47832783410994545,0.004058445309649208
58,fastener,temporal_history,True,False,False,37,1.0,2.1126992619294544e-05,0.8079498834243675,0.8079498834243675,0.0035690201363230978,15,0.48552833435122544,0.005372697471430525
58,fastener,force,True,False,False,38,1.0,-2.8531417687375642e-05,0.8076162291498847,0.8076162291498847,0.003235365861840367,15,0.4608093820212775,0.006421810100267047
58,fastener,mismatched_gripper_force,True,False,False,27,1.0,-0.010963530902683098,0.887077022160658,0.887077022160658,0.08269615887261361,8,0.7303518620886713,0.014627225711135625
58,fastener,matched_multimodal_bc,True,False,False,38,1.0,1.1796198269161621e-05,0.8075734960023555,0.8075734960023555,0.003192632714311139,15,0.46034726428841566,0.006579749754122472
59,fastener,vision_only,False,False,True,64,0.0,0.0,0.6893251597620376,0.6893251597620376,0.0,60,0.47832783410994545,0.004058445309649208
59,fastener,temporal_history,False,False,True,64,0.0,2.0933085587713726e-05,0.9915138254955473,0.9915138254955473,0.0,60,0.8175317267660702,0.0029380528809316094
59,fastener,force,False,False,True,64,0.0,-2.8531417687375642e-05,1.0062401147593005,1.0062401147593005,0.0,60,0.8334643031897273,0.002944313015849317
59,fastener,mismatched_gripper_force,True,False,False,30,1.0,-0.0161709348275694,1.036345106891194,1.036345106891194,0.016668845211647465,11,0.7788872124788895,0.013432551665116543
59,fastener,matched_multimodal_bc,False,False,True,64,0.0,1.1796198269161621e-05,0.9928731744586944,0.9928731744586944,0.0,60,0.8162425416913784,0.0029242741556285965
60,fastener,vision_only,False,False,True,64,0.0,0.0,0.6893251597620376,0.6893251597620376,0.0,60,0.47832783410994545,0.004058445309649208
60,fastener,temporal_history,True,False,False,36,1.0,2.1126992619294544e-05,0.7702401474548701,0.7702401474548701,0.011838872686276258,14,0.47238827999337396,0.00542312687381957
60,fastener,force,True,False,False,37,1.0,-2.8531417687375642e-05,0.769952155520975,0.769952155520975,0.011550880752381087,14,0.4507250713575067,0.006257353994449385
60,fastener,mismatched_gripper_force,True,False,False,26,1.0,-0.00946093931879021,0.7879208726179716,0.7879208726179716,0.029519597849377743,7,0.7033870401950725,0.015731121115223526
60,fastener,matched_multimodal_bc,True,False,False,37,1.0,1.1796198269161621e-05,0.770091988773776,0.770091988773776,0.011690714005182179,14,0.44959229210856394,0.006613439228361825
61,fastener,vision_only,False,False,True,64,0.0,0.0,0.6893251597620376,0.6893251597620376,0.0,60,0.47832783410994545,0.004058445309649208
61,fastener,temporal_history,True,False,False,36,1.0,2.1126992619294544e-05,0.7702401474548701,0.7702401474548701,0.026150748530605505,14,0.47238827999337396,0.00542312687381957
61,fastener,force,True,False,False,37,1.0,-2.8531417687375642e-05,0.769952155520975,0.769952155520975,0.025862756596710335,14,0.4507250713575067,0.006257353994449385
61,fastener,mismatched_gripper_force,True,False,False,26,1.0,-0.00946093931879021,0.7879208726179716,0.7879208726179716,0.04383147369370699,7,0.7033870401950725,0.015731121115223526
61,fastener,matched_multimodal_bc,True,False,False,37,1.0,1.1796198269161621e-05,0.770091988773776,0.770091988773776,0.026002589849511426,14,0.44959229210856394,0.006613439228361825
62,fastener,vision_only,False,False,True,64,0.0,0.0,0.6893251597620376,0.6893251597620376,0.0,60,0.47832783410994545,0.004058445309649208
62,fastener,temporal_history,True,False,False,44,1.0,2.0933085587713726e-05,0.9790408536869042,0.9790408536869042,0.0010883047212184582,23,0.5772189545241232,0.004707073060805276
62,fastener,force,True,False,False,45,1.0,-2.8531417687375642e-05,0.9789432071168469,0.9789432071168469,0.0009906581511611723,23,0.5506276171796988,0.006497803155846784
62,fastener,mismatched_gripper_force,True,False,False,29,1.0,-0.014433017669402403,1.006574685807737,1.006574685807737,0.02862213684205117,10,0.7637109062046675,0.013913958974746472
62,fastener,matched_multimodal_bc,True,False,False,46,1.0,1.1796198269161621e-05,0.978321470667167,0.978321470667167,0.000368921701481284,24,0.556816086815637,0.005829081951878011
63,fastener,vision_only,False,False,True,64,0.0,0.0,0.6893251597620376,0.6893251597620376,0.0,60,0.47832783410994545,0.004058445309649208
63,fastener,temporal_history,True,False,False,39,1.0,2.1126992619294544e-05,0.9059252173865415,0.9059252173865415,0.02556551349535474,18,0.5251844861374338,0.005294157281990363
63,fastener,force,True,False,False,40,1.0,-2.8531417687375642e-05,0.9024706076937603,0.9024706076937603,0.022110903802573523,18,0.49623607291678995,0.007276567909261148
63,fastener,mismatched_gripper_force,True,False,False,27,1.0,-0.010963530902683098,0.887077022160658,0.887077022160658,0.006717318269471195,8,0.7303518620886713,0.014627225711135625
63,fastener,matched_multimodal_bc,True,False,False,40,1.0,1.1796198269161621e-05,0.8952016739347741,0.8952016739347741,0.014841970043587338,18,0.4943789710409856,0.006687729967656757
64,fastener,vision_only,False,False,True,64,0.0,0.0,0.6893251597620376,0.6893251597620376,0.0,60,0.47832783410994545,0.004058445309649208
64,fastener,temporal_history,True,False,False,39,1.0,2.1126992619294544e-05,0.9059252173865415,0.9059252173865415,0.027379534657982263,18,0.5251844861374338,0.005294157281990363
64,fastener,force,True,False,False,40,1.0,-2.8531417687375642e-05,0.9024706076937603,0.9024706076937603,0.023924924965201044,18,0.49623607291678995,0.007276567909261148
64,fastener,mismatched_gripper_force,True,False,False,27,1.0,-0.010963530902683098,0.887077022160658,0.887077022160658,0.008531339432098717,8,0.7303518620886713,0.014627225711135625
64,fastener,matched_multimodal_bc,True,False,False,40,1.0,1.1796198269161621e-05,0.8952016739347741,0.8952016739347741,0.01665599120621486,18,0.4943789710409856,0.006687729967656757
65,fastener,vision_only,False,False,True,64,0.0,0.0,0.6893251597620376,0.6893251597620376,0.0,60,0.47832783410994545,0.004058445309649208
65,fastener,temporal_history,True,False,False,44,1.0,2.0933085587713726e-05,0.9790408536869042,0.9790408536869042,0.0030175243288341758,23,0.5772189545241232,0.004707073060805276
65,fastener,force,True,False,False,45,1.0,-2.8531417687375642e-05,0.9789432071168469,0.9789432071168469,0.00291987775877689,23,0.5506276171796988,0.006497803155846784
65,fastener,mismatched_gripper_force,True,False,False,29,1.0,-0.014433017669402403,1.006574685807737,1.006574685807737,0.03055135644966689,10,0.7637109062046675,0.013913958974746472
65,fastener,matched_multimodal_bc,True,False,False,46,1.0,1.1796198269161621e-05,0.978321470667167,0.978321470667167,0.0022981413090970015,24,0.556816086815637,0.005829081951878011
66,fastener,vision_only,False,False,True,64,0.0,0.0,0.6893251597620376,0.6893251597620376,0.0,60,0.47832783410994545,0.004058445309649208
66,fastener,temporal_history,False,False,True,64,0.0,2.0933085587713726e-05,0.9915138254955473,0.9915138254955473,0.0,60,0.8175317267660702,0.0029380528809316094
66,fastener,force,False,False,True,64,0.0,-2.8531417687375642e-05,1.0062401147593005,1.0062401147593005,0.0,60,0.8334643031897273,0.002944313015849317
66,fastener,mismatched_gripper_force,False,False,True,64,0.0,-0.11966773205309723,1.0797156089790487,1.0797156089790487,0.0,61,1.0157019560390292,0.005231833248674227
66,fastener,matched_multimodal_bc,False,False,True,64,0.0,1.1796198269161621e-05,0.9928731744586944,0.9928731744586944,0.0,60,0.8162425416913784,0.0029242741556285965
67,fastener,vision_only,False,False,True,64,0.0,0.0,0.6893251597620376,0.6893251597620376,0.0,60,0.47832783410994545,0.004058445309649208
67,fastener,temporal_history,True,False,False,37,1.0,2.1126992619294544e-05,0.8440526880238206,0.8440526880238206,0.009063080117684974,16,0.5001638522414584,0.005416565436018365
67,fastener,force,True,False,False,39,1.0,-2.8531417687375642e-05,0.8415296651351782,0.8415296651351782,0.006540057229042606,16,0.47162003912932704,0.006604733189081626
67,fastener,mismatched_gripper_force,True,False,False,27,1.0,-0.010963530902683098,0.887077022160658,0.887077022160658,0.052087414254522346,8,0.7303518620886713,0.014627225711135625
67,fastener,matched_multimodal_bc,True,False,False,39,1.0,1.1796198269161621e-05,0.8409903537099708,0.8409903537099708,0.006000745803835139,16,0.4711561762300291,0.006525596831737218
68,fastener,vision_only,False,False,True,64,0.0,0.0,0.6893251597620376,0.6893251597620376,0.0,60,0.47832783410994545,0.004058445309649208
68,fastener,temporal_history,False,False,True,64,0.0,2.0933085587713726e-05,0.9915138254955473,0.9915138254955473,0.0,60,0.8175317267660702,0.0029380528809316094
68,fastener,force,False,False,True,64,0.0,-2.8531417687375642e-05,1.0062401147593005,1.0062401147593005,0.0,60,0.8334643031897273,0.002944313015849317
68,fastener,mismatched_gripper_force,True,False,False,31,1.0,-0.0179088519857364,1.0565889932279449,1.0565889932279449,0.019556829070075166,12,0.7928585138523575,0.012984700389358362
68,fastener,matched_multimodal_bc,False,False,True,64,0.0,1.1796198269161621e-05,0.9928731744586944,0.9928731744586944,0.0,60,0.8162425416913784,0.0029242741556285965
69,fastener,vision_only,False,False,True,64,0.0,0.0,0.6893251597620376,0.6893251597620376,0.0,60,0.47832783410994545,0.004058445309649208
69,fastener,temporal_history,True,False,False,37,1.0,2.1126992619294544e-05,0.8440526880238206,0.8440526880238206,0.02547520800459324,16,0.5001638522414584,0.005416565436018365
69,fastener,force,True,False,False,39,1.0,-2.8531417687375642e-05,0.8415296651351782,0.8415296651351782,0.022952185115950874,16,0.47162003912932704,0.006604733189081626
69,fastener,mismatched_gripper_force,True,False,False,27,1.0,-0.010963530902683098,0.887077022160658,0.887077022160658,0.06849954214143061,8,0.7303518620886713,0.014627225711135625
69,fastener,matched_multimodal_bc,True,False,False,39,1.0,1.1796198269161621e-05,0.8409903537099708,0.8409903537099708,0.022412873690743407,16,0.4711561762300291,0.006525596831737218
70,fastener,vision_only,False,False,True,64,0.0,0.0,0.6893251597620376,0.6893251597620376,0.0,60,0.47832783410994545,0.004058445309649208
70,fastener,temporal_history,True,False,False,37,1.0,2.1126992619294544e-05,0.8079498834243675,0.8079498834243675,0.023633497284302085,15,0.48552833435122544,0.005372697471430525
70,fastener,force,True,False,False,38,1.0,-2.8531417687375642e-05,0.8076162291498847,0.8076162291498847,0.023299843009819354,15,0.4608093820212775,0.006421810100267047
70,fastener,mismatched_gripper_force,True,False,False,26,1.0,-0.00946093931879021,0.7879208726179716,0.7879208726179716,0.0036044864779062324,7,0.7033870401950725,0.015731121115223526
70,fastener,matched_multimodal_bc,True,False,False,38,1.0,1.1796198269161621e-05,0.8075734960023555,0.8075734960023555,0.023257109862290126,15,0.46034726428841566,0.006579749754122472
71,fastener,vision_only,False,False,True,64,0.0,0.0,0.6893251597620376,0.6893251597620376,0.0,60,0.47832783410994545,0.004058445309649208
71,fastener,temporal_history,False,False,True,64,0.0,2.0933085587713726e-05,0.9915138254955473,0.9915138254955473,0.0,60,0.8175317267660702,0.0029380528809316094
71,fastener,force,False,False,True,64,0.0,-2.8531417687375642e-05,1.0062401147593005,1.0062401147593005,0.0,60,0.8334643031897273,0.002944313015849317
71,fastener,mismatched_gripper_force,True,False,False,30,1.0,-0.0161709348275694,1.036345106891194,1.036345106891194,0.022368702637448834,11,0.7788872124788895,0.013432551665116543
71,fastener,matched_multimodal_bc,False,False,True,64,0.0,1.1796198269161621e-05,0.9928731744586944,0.9928731744586944,0.0,60,0.8162425416913784,0.0029242741556285965
72,fastener,vision_only,False,False,True,64,0.0,0.0,0.6893251597620376,0.6893251597620376,0.0,60,0.47832783410994545,0.004058445309649208
72,fastener,temporal_history,False,False,True,64,0.0,2.0933085587713726e-05,0.9915138254955473,0.9915138254955473,0.0,60,0.8175317267660702,0.0029380528809316094
72,fastener,force,False,False,True,64,0.0,-2.8531417687375642e-05,1.0062401147593005,1.0062401147593005,0.0,60,0.8334643031897273,0.002944313015849317
72,fastener,mismatched_gripper_force,False,False,True,64,0.0,-0.11966773205309723,1.0797156089790487,1.0797156089790487,0.0,61,1.0157019560390292,0.005231833248674227
72,fastener,matched_multimodal_bc,False,False,True,64,0.0,1.1796198269161621e-05,0.9928731744586944,0.9928731744586944,0.0,60,0.8162425416913784,0.0029242741556285965
73,fastener,vision_only,False,False,True,64,0.0,0.0,0.6893251597620376,0.6893251597620376,0.0,60,0.47832783410994545,0.004058445309649208
73,fastener,temporal_history,True,False,False,38,1.0,2.1126992619294544e-05,0.8750993215048846,0.8750993215048846,0.028944793940613,17,0.5130322906633665,0.005373751523674531
73,fastener,force,True,False,False,39,1.0,-2.8531417687375642e-05,0.8728401073341082,0.8728401073341082,0.026685579769836654,17,0.48366274559167394,0.006996239776843809
73,fastener,mismatched_gripper_force,True,False,False,27,1.0,-0.010963530902683098,0.887077022160658,0.887077022160658,0.040922494596386416,8,0.7303518620886713,0.014627225711135625
73,fastener,matched_multimodal_bc,True,False,False,39,1.0,1.1796198269161621e-05,0.8700440146965251,0.8700440146965251,0.023889487132253584,17,0.48320765634597435,0.006679286252074108
74,fastener,vision_only,False,False,True,64,0.0,0.0,0.6893251597620376,0.6893251597620376,0.0,60,0.47832783410994545,0.004058445309649208
74,fastener,temporal_history,True,False,False,36,1.0,2.1126992619294544e-05,0.7702401474548701,0.7702401474548701,0.0349119974205353,14,0.47238827999337396,0.00542312687381957
74,fastener,force,True,False,False,37,1.0,-2.8531417687375642e-05,0.769952155520975,0.769952155520975,0.03462400548664013,14,0.4507250713575067,0.006257353994449385
74,fastener,mismatched_gripper_force,True,False,False,26,1.0,-0.00946093931879021,0.7879208726179716,0.7879208726179716,0.052592722583636786,7,0.7033870401950725,0.015731121115223526
74,fastener,matched_multimodal_bc,True,False,False,37,1.0,1.1796198269161621e-05,0.770091988773776,0.770091988773776,0.03476383873944122,14,0.44959229210856394,0.006613439228361825
75,fastener,vision_only,False,False,True,64,0.0,0.0,0.6893251597620376,0.6893251597620376,0.0,60,0.47832783410994545,0.004058445309649208
75,fastener,temporal_history,False,False,True,64,0.0,2.0933085587713726e-05,0.9915138254955473,0.9915138254955473,0.0,60,0.8175317267660702,0.0029380528809316094
75,fastener,force,True,False,False,49,1.0,-2.8531417687375642e-05,0.9973323529769645,0.9973323529769645,0.0017259201092330034,27,0.5878847647413094,0.006084338444130641
75,fastener,mismatched_gripper_force,True,False,False,29,1.0,-0.014433017669402403,1.006574685807737,1.006574685807737,0.010968252940005363,10,0.7637109062046675,0.013913958974746472
75,fastener,matched_multimodal_bc,False,False,True,64,0.0,1.1796198269161621e-05,0.9928731744586944,0.9928731744586944,0.0,60,0.8162425416913784,0.0029242741556285965
76,fastener,vision_only,False,False,True,64,0.0,0.0,0.6893251597620376,0.6893251597620376,0.0,60,0.47832783410994545,0.004058445309649208
76,fastener,temporal_history,True,False,False,39,1.0,2.1126992619294544e-05,0.9059252173865415,0.9059252173865415,0.003142845093285551,18,0.5251844861374338,0.005294157281990363
76,fastener,force,True,False,False,41,1.0,-2.8531417687375642e-05,0.931754447572763,0.931754447572763,0.02897207527950707,19,0.5083495499539686,0.007122217371589068
76,fastener,mismatched_gripper_force,True,False,False,28,1.0,-0.012701448060850096,0.9621905825873969,0.9621905825873969,0.059408210294140895,9,0.7478619031305165,0.01441748659770219
76,fastener,matched_multimodal_bc,True,False,False,41,1.0,1.1796198269161621e-05,0.9166585350135108,0.9166585350135108,0.013876162720254825,19,0.5046701698164715,0.006638975707258565
77,fastener,vision_only,False,False,True,64,0.0,0.0,0.6893251597620376,0.6893251597620376,0.0,60,0.47832783410994545,0.004058445309649208
77,fastener,temporal_history,True,False,False,37,1.0,2.1126992619294544e-05,0.8440526880238206,0.8440526880238206,0.02701043994222685,16,0.5001638522414584,0.005416565436018365
77,fastener,force,True,False,False,39,1.0,-2.8531417687375642e-05,0.8415296651351782,0.8415296651351782,0.02448741705358448,16,0.47162003912932704,0.006604733189081626
77,fastener,mismatched_gripper_force,True,False,False,27,1.0,-0.010963530902683098,0.887077022160658,0.887077022160658,0.07003477407906422,8,0.7303518620886713,0.014627225711135625
77,fastener,matched_multimodal_bc,True,False,False,39,1.0,1.1796198269161621e-05,0.8409903537099708,0.8409903537099708,0.023948105628377014,16,0.4711561762300291,0.006525596831737218
78,fastener,vision_only,False,False,True,64,0.0,0.0,0.6893251597620376,0.6893251597620376,0.0,60,0.47832783410994545,0.004058445309649208
78,fastener,temporal_history,True,False,False,36,1.0,2.1126992619294544e-05,0.7702401474548701,0.7702401474548701,0.038364029720271864,14,0.47238827999337396,0.00542312687381957
78,fastener,force,True,False,False,37,1.0,-2.8531417687375642e-05,0.769952155520975,0.769952155520975,0.03807603778637669,14,0.4507250713575067,0.006257353994449385
78,fastener,mismatched_gripper_force,True,False,False,26,1.0,-0.00946093931879021,0.7879208726179716,0.7879208726179716,0.05604475488337335,7,0.7033870401950725,0.015731121115223526
78,fastener,matched_multimodal_bc,True,False,False,37,1.0,1.1796198269161621e-05,0.770091988773776,0.770091988773776,0.038215871039177784,14,0.44959229210856394,0.006613439228361825
79,fastener,vision_only,False,False,True,64,0.0,0.0,0.6893251597620376,0.6893251597620376,0.0,60,0.47832783410994545,0.004058445309649208
79,fastener,temporal_history,True,False,False,41,1.0,2.0933085587713726e-05,0.9516189680423174,0.9516189680423174,0.009493010634559984,20,0.5475175129289526,0.005056668139645724
79,fastener,force,True,False,False,42,1.0,-2.8531417687375642e-05,0.9522273978083808,0.9522273978083808,0.01010144040062344,20,0.5194137148044518,0.0068101579579002165
79,fastener,mismatched_gripper_force,True,False,False,28,1.0,-0.012701448060850096,0.9621905825873969,0.9621905825873969,0.020064625179639473,9,0.7478619031305165,0.01441748659770219
79,fastener,matched_multimodal_bc,True,False,False,43,1.0,1.1796198269161621e-05,0.9531247942098808,0.9531247942098808,0.010998836802123435,21,0.5263372339725518,0.006235147727839117
80,fastener,vision_only,False,False,True,64,0.0,0.0,0.6893251597620376,0.6893251597620376,0.0,60,0.47832783410994545,0.004058445309649208
80,fastener,temporal_history,True,False,False,39,1.0,2.1126992619294544e-05,0.9059252173865415,0.9059252173865415,0.026528603643729776,18,0.5251844861374338,0.005294157281990363
80,fastener,force,True,False,False,40,1.0,-2.8531417687375642e-05,0.9024706076937603,0.9024706076937603,0.023073993950948557,18,0.49623607291678995,0.007276567909261148
80,fastener,mismatched_gripper_force,True,False,False,27,1.0,-0.010963530902683098,0.887077022160658,0.887077022160658,0.0076804084178462295,8,0.7303518620886713,0.014627225711135625
80,fastener,matched_multimodal_bc,True,False,False,40,1.0,1.1796198269161621e-05,0.8952016739347741,0.8952016739347741,0.015805060191962372,18,0.4943789710409856,0.006687729967656757
81,fastener,vision_only,False,False,True,64,0.0,0.0,0.6893251597620376,0.6893251597620376,0.0,60,0.47832783410994545,0.004058445309649208
81,fastener,temporal_history,True,False,False,40,1.0,2.0933085587713726e-05,0.93171741201055,0.93171741201055,0.014972695306890937,19,0.5366573851174956,0.005200967814003773
81,fastener,force,True,False,False,41,1.0,-2.8531417687375642e-05,0.931754447572763,0.931754447572763,0.015009730869103954,19,0.5083495499539686,0.007122217371589068
81,fastener,mismatched_gripper_force,True,False,False,28,1.0,-0.012701448060850096,0.9621905825873969,0.9621905825873969,0.04544586588373778,9,0.7478619031305165,0.01441748659770219
81,fastener,matched_multimodal_bc,True,False,False,42,1.0,1.1796198269161621e-05,0.9367121987177767,0.9367121987177767,0.019967482014117577,20,0.5160782682696746,0.006462141992700522
82,fastener,vision_only,False,False,True,64,0.0,0.0,0.6893251597620376,0.6893251597620376,0.0,60,0.47832783410994545,0.004058445309649208
82,fastener,temporal_history,False,False,True,64,0.0,2.0933085587713726e-05,0.9915138254955473,0.9915138254955473,0.0,60,0.8175317267660702,0.0029380528809316094
82,fastener,force,False,False,True,64,0.0,-2.8531417687375642e-05,1.0062401147593005,1.0062401147593005,0.0,60,0.8334643031897273,0.002944313015849317
82,fastener,mismatched_gripper_force,True,False,False,30,1.0,-0.0161709348275694,1.036345106891194,1.036345106891194,0.013057075580037658,11,0.7788872124788895,0.013432551665116543
82,fastener,matched_multimodal_bc,False,False,True,64,0.0,1.1796198269161621e-05,0.9928731744586944,0.9928731744586944,0.0,60,0.8162425416913784,0.0029242741556285965
83,fastener,vision_only,False,False,True,64,0.0,0.0,0.6893251597620376,0.6893251597620376,0.0,60,0.47832783410994545,0.004058445309649208
83,fastener,temporal_history,True,False,False,37,1.0,2.1126992619294544e-05,0.8079498834243675,0.8079498834243675,0.02442117472275873,15,0.48552833435122544,0.005372697471430525
83,fastener,force,True,False,False,38,1.0,-2.8531417687375642e-05,0.8076162291498847,0.8076162291498847,0.024087520448276,15,0.4608093820212775,0.006421810100267047
83,fastener,mismatched_gripper_force,True,False,False,26,1.0,-0.00946093931879021,0.7879208726179716,0.7879208726179716,0.004392163916362879,7,0.7033870401950725,0.015731121115223526
83,fastener,matched_multimodal_bc,True,False,False,38,1.0,1.1796198269161621e-05,0.8075734960023555,0.8075734960023555,0.024044787300746773,15,0.46034726428841566,0.006579749754122472
84,fastener,vision_only,False,False,True,64,0.0,0.0,0.6893251597620376,0.6893251597620376,0.0,60,0.47832783410994545,0.004058445309649208
84,fastener,temporal_history,True,False,False,43,1.0,2.0933085587713726e-05,0.9731712161669008,0.9731712161669008,0.00325293061611609,22,0.567779867841961,0.004819146228919686
84,fastener,force,True,False,False,44,1.0,-2.8531417687375642e-05,0.9717998364944883,0.9717998364944883,0.0018815509437035693,22,0.5406654654838614,0.00654809263085408
84,fastener,mismatched_gripper_force,True,False,False,29,1.0,-0.014433017669402403,1.006574685807737,1.006574685807737,0.03665640025695216,10,0.7637109062046675,0.013913958974746472
84,fastener,matched_multimodal_bc,True,False,False,45,1.0,1.1796198269161621e-05,0.9724599127838387,0.9724599127838387,0.0025416272330539558,23,0.5466471110589306,0.005958290581604997
85,fastener,vision_only,False,False,True,64,0.0,0.0,0.6893251597620376,0.6893251597620376,0.0,60,0.47832783410994545,0.004058445309649208
85,fastener,temporal_history,True,False,False,38,1.0,2.1126992619294544e-05,0.8750993215048846,0.8750993215048846,0.027844852506724083,17,0.5130322906633665,0.005373751523674531
85,fastener,force,True,False,False,39,1.0,-2.8531417687375642e-05,0.8728401073341082,0.8728401073341082,0.025585638335947736,17,0.48366274559167394,0.006996239776843809
85,fastener,mismatched_gripper_force,True,False,False,27,1.0,-0.010963530902683098,0.887077022160658,0.887077022160658,0.0398225531624975,8,0.7303518620886713,0.014627225711135625
85,fastener,matched_multimodal_bc,True,False,False,39,1.0,1.1796198269161621e-05,0.8700440146965251,0.8700440146965251,0.022789545698364666,17,0.48320765634597435,0.006679286252074108
86,fastener,vision_only,False,False,True,64,0.0,0.0,0.6893251597620376,0.6893251597620376,0.0,60,0.47832783410994545,0.004058445309649208
86,fastener,temporal_history,True,False,False,39,1.0,2.1126992619294544e-05,0.9059252173865415,0.9059252173865415,0.01921210104481552,18,0.5251844861374338,0.005294157281990363
86,fastener,force,True,False,False,40,1.0,-2.8531417687375642e-05,0.9024706076937603,0.9024706076937603,0.015757491352034303,18,0.49623607291678995,0.007276567909261148
86,fastener,mismatched_gripper_force,True,False,False,27,1.0,-0.010963530902683098,0.887077022160658,0.887077022160658,0.0003639058189319755,8,0.7303518620886713,0.014627225711135625
86,fastener,matched_multimodal_bc,True,False,False,40,1.0,1.1796198269161621e-05,0.8952016739347741,0.8952016739347741,0.008488557593048118,18,0.4943789710409856,0.006687729967656757
87,fastener,vision_only,False,False,True,64,0.0,0.0,0.6893251597620376,0.6893251597620376,0.0,60,0.47832783410994545,0.004058445309649208
87,fastener,temporal_history,False,False,True,64,0.0,2.0933085587713726e-05,0.9915138254955473,0.9915138254955473,0.0,60,0.8175317267660702,0.0029380528809316094
87,fastener,force,False,False,True,64,0.0,-2.8531417687375642e-05,1.0062401147593005,1.0062401147593005,0.0,60,0.8334643031897273,0.002944313015849317
87,fastener,mismatched_gripper_force,False,False,True,64,0.0,-0.11966773205309723,1.0797156089790487,1.0797156089790487,0.0,61,1.0157019560390292,0.005231833248674227
87,fastener,matched_multimodal_bc,False,False,True,64,0.0,1.1796198269161621e-05,0.9928731744586944,0.9928731744586944,0.0,60,0.8162425416913784,0.0029242741556285965
88,fastener,vision_only,False,False,True,64,0.0,0.0,0.6893251597620376,0.6893251597620376,0.0,60,0.47832783410994545,0.004058445309649208
88,fastener,temporal_history,False,False,True,64,0.0,2.0933085587713726e-05,0.9915138254955473,0.9915138254955473,0.0,60,0.8175317267660702,0.0029380528809316094
88,fastener,force,True,False,False,53,1.0,-2.8531417687375642e-05,1.0058439765840836,1.0058439765840836,0.0002255006842679652,31,0.6201879356160059,0.005615418034851104
88,fastener,mismatched_gripper_force,True,False,False,29,1.0,-0.014433017669402403,1.006574685807737,1.006574685807737,0.0009562099079212238,10,0.7637109062046675,0.013913958974746472
88,fastener,matched_multimodal_bc,False,False,True,64,0.0,1.1796198269161621e-05,0.9928731744586944,0.9928731744586944,0.0,60,0.8162425416913784,0.0029242741556285965
89,fastener,vision_only,False,False,True,64,0.0,0.0,0.6893251597620376,0.6893251597620376,0.0,60,0.47832783410994545,0.004058445309649208
89,fastener,temporal_history,True,False,False,51,1.0,2.0933085587713726e-05,0.9906752763843378,0.9906752763843378,3.391786548490039e-05,30,0.6329280739619826,0.004048082832292536
89,fastener,force,True,False,False,48,1.0,-2.8531417687375642e-05,0.9936588526335794,0.9936588526335794,0.0030174941147265155,26,0.5790211546698731,0.00619282600137931
89,fastener,mismatched_gripper_force,True,False,False,29,1.0,-0.014433017669402403,1.006574685807737,1.006574685807737,0.01593332728888397,10,0.7637109062046675,0.013913958974746472
89,fastener,matched_multimodal_bc,True,False,False,52,1.0,1.1796198269161621e-05,0.991293080832618,0.991293080832618,0.0006517223137650907,30,0.6059023015507206,0.005126639416105157
90,fastener,vision_only,False,False,True,64,0.0,0.0,0.6893251597620376,0.6893251597620376,0.0,60,0.47832783410994545,0.004058445309649208
90,fastener,temporal_history,True,False,False,36,1.0,2.1126992619294544e-05,0.7702401474548701,0.7702401474548701,0.02386262092337499,14,0.47238827999337396,0.00542312687381957
90,fastener,force,True,False,False,37,1.0,-2.8531417687375642e-05,0.769952155520975,0.769952155520975,0.023574628989479818,14,0.4507250713575067,0.006257353994449385
90,fastener,mismatched_gripper_force,True,False,False,26,1.0,-0.00946093931879021,0.7879208726179716,0.7879208726179716,0.041543346086476474,7,0.7033870401950725,0.015731121115223526
90,fastener,matched_multimodal_bc,True,False,False,37,1.0,1.1796198269161621e-05,0.770091988773776,0.770091988773776,0.02371446224228091,14,0.44959229210856394,0.006613439228361825
91,fastener,vision_only,False,False,True,64,0.0,0.0,0.6893251597620376,0.6893251597620376,0.0,60,0.47832783410994545,0.004058445309649208
91,fastener,temporal_history,False,False,True,64,0.0,2.0933085587713726e-05,0.9915138254955473,0.9915138254955473,0.0,60,0.8175317267660702,0.0029380528809316094
91,fastener,force,False,False,True,64,0.0,-2.8531417687375642e-05,1.0062401147593005,1.0062401147593005,0.0,60,0.8334643031897273,0.002944313015849317
91,fastener,mismatched_gripper_force,False,False,True,64,0.0,-0.11966773205309723,1.0797156089790487,1.0797156089790487,0.0,61,1.0157019560390292,0.005231833248674227
91,fastener,matched_multimodal_bc,False,False,True,64,0.0,1.1796198269161621e-05,0.9928731744586944,0.9928731744586944,0.0,60,0.8162425416913784,0.0029242741556285965
92,fastener,vision_only,False,False,True,64,0.0,0.0,0.6893251597620376,0.6893251597620376,0.0,60,0.47832783410994545,0.004058445309649208
92,fastener,temporal_history,True,False,False,41,1.0,2.0933085587713726e-05,0.9516189680423174,0.9516189680423174,0.010697490343032467,20,0.5475175129289526,0.005056668139645724
92,fastener,force,True,False,False,42,1.0,-2.8531417687375642e-05,0.9522273978083808,0.9522273978083808,0.011305920109095924,20,0.5194137148044518,0.0068101579579002165
92,fastener,mismatched_gripper_force,True,False,False,28,1.0,-0.012701448060850096,0.9621905825873969,0.9621905825873969,0.021269104888111956,9,0.7478619031305165,0.01441748659770219
92,fastener,matched_multimodal_bc,True,False,False,43,1.0,1.1796198269161621e-05,0.9531247942098808,0.9531247942098808,0.012203316510595918,21,0.5263372339725518,0.006235147727839117
93,fastener,vision_only,False,False,True,64,0.0,0.0,0.6893251597620376,0.6893251597620376,0.0,60,0.47832783410994545,0.004058445309649208
93,fastener,temporal_history,True,False,False,38,1.0,2.1126992619294544e-05,0.8750993215048846,0.8750993215048846,0.0042732365955832075,17,0.5130322906633665,0.005373751523674531
93,fastener,force,True,False,False,39,1.0,-2.8531417687375642e-05,0.8728401073341082,0.8728401073341082,0.0020140224248068606,17,0.48366274559167394,0.006996239776843809
93,fastener,mismatched_gripper_force,True,False,False,27,1.0,-0.010963530902683098,0.887077022160658,0.887077022160658,0.016250937251356623,8,0.7303518620886713,0.014627225711135625
93,fastener,matched_multimodal_bc,True,False,False,40,1.0,1.1796198269161621e-05,0.8952016739347741,0.8952016739347741,0.024375589025472766,18,0.4943789710409856,0.006687729967656757
94,fastener,vision_only,False,False,True,64,0.0,0.0,0.6893251597620376,0.6893251597620376,0.0,60,0.47832783410994545,0.004058445309649208
94,fastener,temporal_history,False,False,True,64,0.0,2.0933085587713726e-05,0.9915138254955473,0.9915138254955473,0.0,60,0.8175317267660702,0.0029380528809316094
94,fastener,force,False,False,True,64,0.0,-2.8531417687375642e-05,1.0062401147593005,1.0062401147593005,0.0,60,0.8334643031897273,0.002944313015849317
94,fastener,mismatched_gripper_force,False,False,True,64,0.0,-0.11966773205309723,1.0797156089790487,1.0797156089790487,0.0,61,1.0157019560390292,0.005231833248674227
94,fastener,matched_multimodal_bc,False,False,True,64,0.0,1.1796198269161621e-05,0.9928731744586944,0.9928731744586944,0.0,60,0.8162425416913784,0.0029242741556285965
95,fastener,vision_only,False,False,True,64,0.0,0.0,0.6893251597620376,0.6893251597620376,0.0,60,0.47832783410994545,0.004058445309649208
95,fastener,temporal_history,False,False,True,64,0.0,2.0933085587713726e-05,0.9915138254955473,0.9915138254955473,0.0,60,0.8175317267660702,0.0029380528809316094
95,fastener,force,False,False,True,64,0.0,-2.8531417687375642e-05,1.0062401147593005,1.0062401147593005,0.0,60,0.8334643031897273,0.002944313015849317
95,fastener,mismatched_gripper_force,False,False,True,64,0.0,-0.11966773205309723,1.0797156089790487,1.0797156089790487,0.0,61,1.0157019560390292,0.005231833248674227
95,fastener,matched_multimodal_bc,False,False,True,64,0.0,1.1796198269161621e-05,0.9928731744586944,0.9928731744586944,0.0,60,0.8162425416913784,0.0029242741556285965
96,fastener,vision_only,False,False,True,64,0.0,0.0,0.6893251597620376,0.6893251597620376,0.0,60,0.47832783410994545,0.004058445309649208
96,fastener,temporal_history,False,False,True,64,0.0,2.0933085587713726e-05,0.9915138254955473,0.9915138254955473,0.0,60,0.8175317267660702,0.0029380528809316094
96,fastener,force,False,False,True,64,0.0,-2.8531417687375642e-05,1.0062401147593005,1.0062401147593005,0.0,60,0.8334643031897273,0.002944313015849317
96,fastener,mismatched_gripper_force,True,False,False,32,1.0,-0.019646769143903398,1.0703548359369353,1.0703548359369353,0.004861474772077212,13,0.8065382218727748,0.012590998597903835
96,fastener,matched_multimodal_bc,False,False,True,64,0.0,1.1796198269161621e-05,0.9928731744586944,0.9928731744586944,0.0,60,0.8162425416913784,0.0029242741556285965
97,fastener,vision_only,False,False,True,64,0.0,0.0,0.6893251597620376,0.6893251597620376,0.0,60,0.47832783410994545,0.004058445309649208
97,fastener,temporal_history,False,False,True,64,0.0,2.0933085587713726e-05,0.9915138254955473,0.9915138254955473,0.0,60,0.8175317267660702,0.0029380528809316094
97,fastener,force,True,False,False,48,1.0,-2.8531417687375642e-05,0.9936588526335794,0.9936588526335794,0.0019993503330951734,26,0.5790211546698731,0.00619282600137931
97,fastener,mismatched_gripper_force,True,False,False,29,1.0,-0.014433017669402403,1.006574685807737,1.006574685807737,0.014915183507252627,10,0.7637109062046675,0.013913958974746472
97,fastener,matched_multimodal_bc,True,False,False,53,1.0,1.1796198269161621e-05,0.991798715569402,0.991798715569402,0.00013921326891774832,31,0.6130701292610783,0.0050280501965646734
98,fastener,vision_only,False,False,True,64,0.0,0.0,0.6893251597620376,0.6893251597620376,0.0,60,0.47832783410994545,0.004058445309649208
98,fastener,temporal_history,True,False,False,38,1.0,2.1126992619294544e-05,0.8750993215048846,0.8750993215048846,0.011486612073323688,17,0.5130322906633665,0.005373751523674531
98,fastener,force,True,False,False,39,1.0,-2.8531417687375642e-05,0.8728401073341082,0.8728401073341082,0.00922739790254734,17,0.48366274559167394,0.006996239776843809
98,fastener,mismatched_gripper_force,True,False,False,27,1.0,-0.010963530902683098,0.887077022160658,0.887077022160658,0.023464312729097103,8,0.7303518620886713,0.014627225711135625
98,fastener,matched_multimodal_bc,True,False,False,39,1.0,1.1796198269161621e-05,0.8700440146965251,0.8700440146965251,0.006431305264964271,17,0.48320765634597435,0.006679286252074108
99,fastener,vision_only,False,False,True,64,0.0,0.0,0.6893251597620376,0.6893251597620376,0.0,60,0.47832783410994545,0.004058445309649208
99,fastener,temporal_history,True,False,False,36,1.0,2.1126992619294544e-05,0.7702401474548701,0.7702401474548701,0.02395302559131207,14,0.47238827999337396,0.00542312687381957
99,fastener,force,True,False,False,37,1.0,-2.8531417687375642e-05,0.769952155520975,0.769952155520975,0.0236650336574169,14,0.4507250713575067,0.006257353994449385
99,fastener,mismatched_gripper_force,True,False,False,26,1.0,-0.00946093931879021,0.7879208726179716,0.7879208726179716,0.04163375075441356,7,0.7033870401950725,0.015731121115223526
99,fastener,matched_multimodal_bc,True,False,False,37,1.0,1.1796198269161621e-05,0.770091988773776,0.770091988773776,0.023804866910217992,14,0.44959229210856394,0.006613439228361825
100,fastener,vision_only,False,False,True,64,0.0,0.0,0.6893251597620376,0.6893251597620376,0.0,60,0.47832783410994545,0.004058445309649208
100,fastener,temporal_history,False,False,True,64,0.0,2.0933085587713726e-05,0.9915138254955473,0.9915138254955473,0.0,60,0.8175317267660702,0.0029380528809316094
100,fastener,force,False,False,True,64,0.0,-2.8531417687375642e-05,1.0062401147593005,1.0062401147593005,0.0,60,0.8334643031897273,0.002944313015849317
100,fastener,mismatched_gripper_force,True,False,False,32,1.0,-0.019646769143903398,1.0703548359369353,1.0703548359369353,0.006440718906104426,13,0.8065382218727748,0.012590998597903835
100,fastener,matched_multimodal_bc,False,False,True,64,0.0,1.1796198269161621e-05,0.9928731744586944,0.9928731744586944,0.0,60,0.8162425416913784,0.0029242741556285965
101,fastener,vision_only,False,False,True,64,0.0,0.0,0.6893251597620376,0.6893251597620376,0.0,60,0.47832783410994545,0.004058445309649208
101,fastener,temporal_history,False,False,True,64,0.0,2.0933085587713726e-05,0.9915138254955473,0.9915138254955473,0.0,60,0.8175317267660702,0.0029380528809316094
101,fastener,force,False,False,True,64,0.0,-2.8531417687375642e-05,1.0062401147593005,1.0062401147593005,0.0,60,0.8334643031897273,0.002944313015849317
101,fastener,mismatched_gripper_force,True,False,False,30,1.0,-0.0161709348275694,1.036345106891194,1.036345106891194,0.014010453998150929,11,0.7788872124788895,0.013432551665116543
101,fastener,matched_multimodal_bc,False,False,True,64,0.0,1.1796198269161621e-05,0.9928731744586944,0.9928731744586944,0.0,60,0.8162425416913784,0.0029242741556285965
102,fastener,vision_only,False,False,True,64,0.0,0.0,0.6893251597620376,0.6893251597620376,0.0,60,0.47832783410994545,0.004058445309649208
102,fastener,temporal_history,False,False,True,64,0.0,2.0933085587713726e-05,0.9915138254955473,0.9915138254955473,0.0,60,0.8175317267660702,0.0029380528809316094
102,fastener,force,False,False,True,64,0.0,-2.8531417687375642e-05,1.0062401147593005,1.0062401147593005,0.0,60,0.8334643031897273,0.002944313015849317
102,fastener,mismatched_gripper_force,True,False,False,34,1.0,-0.021384686302070396,1.0797156089790487,1.0797156089790487,0.002607599459768295,14,0.7646402242014636,0.011868697800425558
102,fastener,matched_multimodal_bc,False,False,True,64,0.0,1.1796198269161621e-05,0.9928731744586944,0.9928731744586944,0.0,60,0.8162425416913784,0.0029242741556285965
103,fastener,vision_only,False,False,True,64,0.0,0.0,0.6893251597620376,0.6893251597620376,0.0,60,0.47832783410994545,0.004058445309649208
103,fastener,temporal_history,False,False,True,64,0.0,2.0933085587713726e-05,0.9915138254955473,0.9915138254955473,0.0,60,0.8175317267660702,0.0029380528809316094
103,fastener,force,False,False,True,64,0.0,-2.8531417687375642e-05,1.0062401147593005,1.0062401147593005,0.0,60,0.8334643031897273,0.002944313015849317
103,fastener,mismatched_gripper_force,True,False,False,30,1.0,-0.0161709348275694,1.036345106891194,1.036345106891194,0.022879774938612707,11,0.7788872124788895,0.013432551665116543
103,fastener,matched_multimodal_bc,False,False,True,64,0.0,1.1796198269161621e-05,0.9928731744586944,0.9928731744586944,0.0,60,0.8162425416913784,0.0029242741556285965
104,fastener,vision_only,False,False,True,64,0.0,0.0,0.6893251597620376,0.6893251597620376,0.0,60,0.47832783410994545,0.004058445309649208
104,fastener,temporal_history,True,False,False,37,1.0,2.1126992619294544e-05,0.8440526880238206,0.8440526880238206,0.018598309091775955,16,0.5001638522414584,0.005416565436018365
104,fastener,force,True,False,False,39,1.0,-2.8531417687375642e-05,0.8415296651351782,0.8415296651351782,0.016075286203133587,16,0.47162003912932704,0.006604733189081626
104,fastener,mismatched_gripper_force,True,False,False,27,1.0,-0.010963530902683098,0.887077022160658,0.887077022160658,0.06162264322861333,8,0.7303518620886713,0.014627225711135625
104,fastener,matched_multimodal_bc,True,False,False,39,1.0,1.1796198269161621e-05,0.8409903537099708,0.8409903537099708,0.01553597477792612,16,0.4711561762300291,0.006525596831737218
105,fastener,vision_only,False,False,True,64,0.0,0.0,0.6893251597620376,0.6893251597620376,0.0,60,0.47832783410994545,0.004058445309649208
105,fastener,temporal_history,True,False,False,40,1.0,2.0933085587713726e-05,0.93171741201055,0.93171741201055,0.017327027848634047,19,0.5366573851174956,0.005200967814003773
105,fastener,force,True,False,False,41,1.0,-2.8531417687375642e-05,0.931754447572763,0.931754447572763,0.017364063410847064,19,0.5083495499539686,0.007122217371589068
105,fastener,mismatched_gripper_force,True,False,False,28,1.0,-0.012701448060850096,0.9621905825873969,0.9621905825873969,0.04780019842548089,9,0.7478619031305165,0.01441748659770219
105,fastener,matched_multimodal_bc,True,False,False,41,1.0,1.1796198269161621e-05,0.9166585350135108,0.9166585350135108,0.002268150851594819,19,0.5046701698164715,0.006638975707258565
106,fastener,vision_only,False,False,True,64,0.0,0.0,0.6893251597620376,0.6893251597620376,0.0,60,0.47832783410994545,0.004058445309649208
106,fastener,temporal_history,True,False,False,41,1.0,2.0933085587713726e-05,0.9516189680423174,0.9516189680423174,0.0026259566490763886,20,0.5475175129289526,0.005056668139645724
106,fastener,force,True,False,False,42,1.0,-2.8531417687375642e-05,0.9522273978083808,0.9522273978083808,0.003234386415139845,20,0.5194137148044518,0.0068101579579002165
106,fastener,mismatched_gripper_force,True,False,False,28,1.0,-0.012701448060850096,0.9621905825873969,0.9621905825873969,0.013197571194155877,9,0.7478619031305165,0.01441748659770219
106,fastener,matched_multimodal_bc,True,False,False,43,1.0,1.1796198269161621e-05,0.9531247942098808,0.9531247942098808,0.00413178281663984,21,0.5263372339725518,0.006235147727839117
107,fastener,vision_only,False,False,True,64,0.0,0.0,0.6893251597620376,0.6893251597620376,0.0,60,0.47832783410994545,0.004058445309649208
107,fastener,temporal_history,True,False,False,39,1.0,2.1126992619294544e-05,0.9059252173865415,0.9059252173865415,0.0234506591680127,18,0.5251844861374338,0.005294157281990363
107,fastener,force,True,False,False,40,1.0,-2.8531417687375642e-05,0.9024706076937603,0.9024706076937603,0.01999604947523148,18,0.49623607291678995,0.007276567909261148
107,fastener,mismatched_gripper_force,True,False,False,27,1.0,-0.010963530902683098,0.887077022160658,0.887077022160658,0.0046024639421291536,8,0.7303518620886713,0.014627225711135625
107,fastener,matched_multimodal_bc,True,False,False,40,1.0,1.1796198269161621e-05,0.8952016739347741,0.8952016739347741,0.012727115716245296,18,0.4943789710409856,0.006687729967656757
108,fastener,vision_only,False,False,True,64,0.0,0.0,0.6893251597620376,0.6893251597620376,0.0,60,0.47832783410994545,0.004058445309649208
108,fastener,temporal_history,True,False,False,39,1.0,2.1126992619294544e-05,0.9059252173865415,0.9059252173865415,0.02719328324031589,18,0.5251844861374338,0.005294157281990363
108,fastener,force,True,False,False,40,1.0,-2.8531417687375642e-05,0.9024706076937603,0.9024706076937603,0.023738673547534672,18,0.49623607291678995,0.007276567909261148
108,fastener,mismatched_gripper_force,True,False,False,27,1.0,-0.010963530902683098,0.887077022160658,0.887077022160658,0.008345088014432345,8,0.7303518620886713,0.014627225711135625
108,fastener,matched_multimodal_bc,True,False,False,40,1.0,1.1796198269161621e-05,0.8952016739347741,0.8952016739347741,0.016469739788548488,18,0.4943789710409856,0.006687729967656757
109,fastener,vision_only,False,False,True,64,0.0,0.0,0.6893251597620376,0.6893251597620376,0.0,60,0.47832783410994545,0.004058445309649208
109,fastener,temporal_history,True,False,False,37,1.0,2.1126992619294544e-05,0.8440526880238206,0.8440526880238206,0.03258529716484082,16,0.5001638522414584,0.005416565436018365
109,fastener,force,True,False,False,39,1.0,-2.8531417687375642e-05,0.8415296651351782,0.8415296651351782,0.030062274276198453,16,0.47162003912932704,0.006604733189081626
109,fastener,mismatched_gripper_force,True,False,False,27,1.0,-0.010963530902683098,0.887077022160658,0.887077022160658,0.07560963130167819,8,0.7303518620886713,0.014627225711135625
109,fastener,matched_multimodal_bc,True,False,False,39,1.0,1.1796198269161621e-05,0.8409903537099708,0.8409903537099708,0.029522962850990986,16,0.4711561762300291,0.006525596831737218
110,fastener,vision_only,False,False,True,64,0.0,0.0,0.6893251597620376,0.6893251597620376,0.0,60,0.47832783410994545,0.004058445309649208
110,fastener,temporal_history,True,False,False,40,1.0,2.0933085587713726e-05,0.93171741201055,0.93171741201055,0.005913048118606601,19,0.5366573851174956,0.005200967814003773
110,fastener,force,True,False,False,41,1.0,-2.8531417687375642e-05,0.931754447572763,0.931754447572763,0.005950083680819618,19,0.5083495499539686,0.007122217371589068
110,fastener,mismatched_gripper_force,True,False,False,28,1.0,-0.012701448060850096,0.9621905825873969,0.9621905825873969,0.03638621869545344,9,0.7478619031305165,0.01441748659770219
110,fastener,matched_multimodal_bc,True,False,False,42,1.0,1.1796198269161621e-05,0.9367121987177767,0.9367121987177767,0.01090783482583324,20,0.5160782682696746,0.006462141992700522
111,fastener,vision_only,False,False,True,64,0.0,0.0,0.6893251597620376,0.6893251597620376,0.0,60,0.47832783410994545,0.004058445309649208
111,fastener,temporal_history,True,False,False,38,1.0,2.1126992619294544e-05,0.8750993215048846,0.8750993215048846,0.008943427412981153,17,0.5130322906633665,0.005373751523674531
111,fastener,force,True,False,False,39,1.0,-2.8531417687375642e-05,0.8728401073341082,0.8728401073341082,0.006684213242204806,17,0.48366274559167394,0.006996239776843809
111,fastener,mismatched_gripper_force,True,False,False,27,1.0,-0.010963530902683098,0.887077022160658,0.887077022160658,0.02092112806875457,8,0.7303518620886713,0.014627225711135625
111,fastener,matched_multimodal_bc,True,False,False,39,1.0,1.1796198269161621e-05,0.8700440146965251,0.8700440146965251,0.0038881206046217365,17,0.48320765634597435,0.006679286252074108
112,fastener,vision_only,False,False,True,64,0.0,0.0,0.6893251597620376,0.6893251597620376,0.0,60,0.47832783410994545,0.004058445309649208
112,fastener,temporal_history,False,False,True,64,0.0,2.0933085587713726e-05,0.9915138254955473,0.9915138254955473,0.0,60,0.8175317267660702,0.0029380528809316094
112,fastener,force,False,False,True,64,0.0,-2.8531417687375642e-05,1.0062401147593005,1.0062401147593005,0.0,60,0.8334643031897273,0.002944313015849317
112,fastener,mismatched_gripper_force,True,False,False,32,1.0,-0.019646769143903398,1.0703548359369353,1.0703548359369353,0.007344953334838866,13,0.8065382218727748,0.012590998597903835
112,fastener,matched_multimodal_bc,False,False,True,64,0.0,1.1796198269161621e-05,0.9928731744586944,0.9928731744586944,0.0,60,0.8162425416913784,0.0029242741556285965
113,fastener,vision_only,False,False,True,64,0.0,0.0,0.6893251597620376,0.6893251597620376,0.0,60,0.47832783410994545,0.004058445309649208
113,fastener,temporal_history,True,False,False,37,1.0,2.1126992619294544e-05,0.8440526880238206,0.8440526880238206,0.007312781133050117,16,0.5001638522414584,0.005416565436018365
113,fastener,force,True,False,False,39,1.0,-2.8531417687375642e-05,0.8415296651351782,0.8415296651351782,0.004789758244407749,16,0.47162003912932704,0.006604733189081626
113,fastener,mismatched_gripper_force,True,False,False,27,1.0,-0.010963530902683098,0.887077022160658,0.887077022160658,0.05033711526988749,8,0.7303518620886713,0.014627225711135625
113,fastener,matched_multimodal_bc,True,False,False,39,1.0,1.1796198269161621e-05,0.8409903537099708,0.8409903537099708,0.004250446819200282,16,0.4711561762300291,0.006525596831737218
114,fastener,vision_only,False,False,True,64,0.0,0.0,0.6893251597620376,0.6893251597620376,0.0,60,0.47832783410994545,0.004058445309649208
114,fastener,temporal_history,True,False,False,44,1.0,2.0933085587713726e-05,0.9790408536869042,0.9790408536869042,0.0025787022735335174,23,0.5772189545241232,0.004707073060805276
114,fastener,force,True,False,False,45,1.0,-2.8531417687375642e-05,0.9789432071168469,0.9789432071168469,0.0024810557034762315,23,0.5506276171796988,0.006497803155846784
114,fastener,mismatched_gripper_force,True,False,False,29,1.0,-0.014433017669402403,1.006574685807737,1.006574685807737,0.03011253439436623,10,0.7637109062046675,0.013913958974746472
114,fastener,matched_multimodal_bc,True,False,False,46,1.0,1.1796198269161621e-05,0.978321470667167,0.978321470667167,0.0018593192537963432,24,0.556816086815637,0.005829081951878011
115,fastener,vision_only,False,False,True,64,0.0,0.0,0.6893251597620376,0.6893251597620376,0.0,60,0.47832783410994545,0.004058445309649208
115,fastener,temporal_history,False,False,True,64,0.0,2.0933085587713726e-05,0.9915138254955473,0.9915138254955473,0.0,60,0.8175317267660702,0.0029380528809316094
115,fastener,force,True,False,False,49,1.0,-2.8531417687375642e-05,0.9973323529769645,0.9973323529769645,0.0007261768337272212,27,0.5878847647413094,0.006084338444130641
115,fastener,mismatched_gripper_force,True,False,False,29,1.0,-0.014433017669402403,1.006574685807737,1.006574685807737,0.00996850966449958,10,0.7637109062046675,0.013913958974746472
115,fastener,matched_multimodal_bc,False,False,True,64,0.0,1.1796198269161621e-05,0.9928731744586944,0.9928731744586944,0.0,60,0.8162425416913784,0.0029242741556285965
116,fastener,vision_only,False,False,True,64,0.0,0.0,0.6893251597620376,0.6893251597620376,0.0,60,0.47832783410994545,0.004058445309649208
116,fastener,temporal_history,False,False,True,64,0.0,2.0933085587713726e-05,0.9915138254955473,0.9915138254955473,0.0,60,0.8175317267660702,0.0029380528809316094
116,fastener,force,False,False,True,64,0.0,-2.8531417687375642e-05,1.0062401147593005,1.0062401147593005,0.0,60,0.8334643031897273,0.002944313015849317
116,fastener,mismatched_gripper_force,True,False,False,32,1.0,-0.019646769143903398,1.0703548359369353,1.0703548359369353,0.0009408957179117827,13,0.8065382218727748,0.012590998597903835
116,fastener,matched_multimodal_bc,False,False,True,64,0.0,1.1796198269161621e-05,0.9928731744586944,0.9928731744586944,0.0,60,0.8162425416913784,0.0029242741556285965
117,fastener,vision_only,False,False,True,64,0.0,0.0,0.6893251597620376,0.6893251597620376,0.0,60,0.47832783410994545,0.004058445309649208
117,fastener,temporal_history,False,False,True,64,0.0,2.0933085587713726e-05,0.9915138254955473,0.9915138254955473,0.0,60,0.8175317267660702,0.0029380528809316094
117,fastener,force,False,False,True,64,0.0,-2.8531417687375642e-05,1.0062401147593005,1.0062401147593005,0.0,60,0.8334643031897273,0.002944313015849317
117,fastener,mismatched_gripper_force,True,False,False,31,1.0,-0.0179088519857364,1.0565889932279449,1.0565889932279449,0.01032199763296493,12,0.7928585138523575,0.012984700389358362
117,fastener,matched_multimodal_bc,False,False,True,64,0.0,1.1796198269161621e-05,0.9928731744586944,0.9928731744586944,0.0,60,0.8162425416913784,0.0029242741556285965
118,fastener,vision_only,False,False,True,64,0.0,0.0,0.6893251597620376,0.6893251597620376,0.0,60,0.47832783410994545,0.004058445309649208
118,fastener,temporal_history,True,False,False,45,1.0,2.0933085587713726e-05,0.9830322072005067,0.9830322072005067,0.002543842809524688,24,0.5862385262426338,0.0046000941276051555
118,fastener,force,True,False,False,46,1.0,-2.8531417687375642e-05,0.9847660700314562,0.9847660700314562,0.00427770564047425,24,0.5604013895856379,0.006395675129876377
118,fastener,mismatched_gripper_force,True,False,False,29,1.0,-0.014433017669402403,1.006574685807737,1.006574685807737,0.026086321416754932,10,0.7637109062046675,0.013913958974746472
118,fastener,matched_multimodal_bc,True,False,False,47,1.0,1.1796198269161621e-05,0.9825622277680791,0.9825622277680791,0.0020738633770971404,25,0.5657954733056323,0.005741160915379726
119,fastener,vision_only,False,False,True,64,0.0,0.0,0.6893251597620376,0.6893251597620376,0.0,60,0.47832783410994545,0.004058445309649208
119,fastener,temporal_history,False,False,True,64,0.0,2.0933085587713726e-05,0.9915138254955473,0.9915138254955473,0.0,60,0.8175317267660702,0.0029380528809316094
119,fastener,force,False,False,True,64,0.0,-2.8531417687375642e-05,1.0062401147593005,1.0062401147593005,0.0,60,0.8334643031897273,0.002944313015849317
119,fastener,mismatched_gripper_force,True,False,False,31,1.0,-0.0179088519857364,1.0565889932279449,1.0565889932279449,0.019278591283703683,12,0.7928585138523575,0.012984700389358362
119,fastener,matched_multimodal_bc,False,False,True,64,0.0,1.1796198269161621e-05,0.9928731744586944,0.9928731744586944,0.0,60,0.8162425416913784,0.0029242741556285965
0,insertion,vision_only,False,False,True,64,0.0,0.04855018214507116,0.4131357992414387,0.435359106599587,0.0,60,0.1825716023583972,0.024934735394949625
0,insertion,temporal_history,False,False,True,64,0.0,0.10215648896716052,0.6684190947801174,0.686147761448124,0.0,60,0.3828716407067181,0.002161742390681287
0,insertion,force,True,False,False,38,1.0,6.978511303596765e-05,0.6921980540692445,0.6921991587103917,0.03238019766754863,14,0.4634219691638681,0.01679193601823691
0,insertion,mismatched_gripper_force,True,False,False,31,1.0,-0.027067600418340883,0.7431525241065522,0.7431860391653619,0.08134565796931448,10,0.6381202910701648,0.018952992355040586
0,insertion,matched_multimodal_bc,True,False,False,38,1.0,0.0003353512783310584,0.6928457948345178,0.6928484650248395,0.032824454625342336,14,0.45580296786903957,0.01790324198521892
1,insertion,vision_only,False,False,True,64,0.0,-0.6,0.39999999991373947,1.6382663279825815,0.0,60,0.46501376801385463,0.005709860970385404
1,insertion,temporal_history,False,False,True,64,0.0,-0.1379136176064486,0.6191180116781702,0.898726009476268,0.0,60,0.35281795226536383,0.0016118118720897438
1,insertion,force,True,False,False,41,1.0,-8.018300961384242e-05,0.772044921776063,0.7720462112743544,0.02096464762516248,17,0.5335493940038635,0.0321187051350241
1,insertion,mismatched_gripper_force,False,False,True,64,0.0,-0.0694766095975457,1.0182936643849674,1.0329832093099056,0.21797391791197318,61,0.9632584498088964,0.013198729144756432
1,insertion,matched_multimodal_bc,True,False,False,41,1.0,2.1488702632273678e-05,0.7685051386261318,0.7685056912583884,0.017570113664426956,17,0.5286306415628746,0.03274410726520666
2,insertion,vision_only,False,False,True,64,0.0,0.08229233635365782,0.3668633971706863,0.4782689725785842,0.0,60,0.14859313495856583,0.0032185445045325206
2,insertion,temporal_history,False,False,True,64,0.0,0.4419279213948824,0.5999042100924601,1.279735594110518,0.0,60,0.33877674430304305,0.0020215199881497966
2,insertion,force,True,False,False,39,1.0,5.090679230368208e-05,0.7262733034017033,0.7262738713138244,0.006431532423650244,15,0.4638535564870442,0.014084925532611644
2,insertion,mismatched_gripper_force,True,False,False,31,1.0,-0.027812453171051753,0.7627725169514814,0.7627843957085888,0.04168629720905437,10,0.6357281969217564,0.01784484340568678
2,insertion,matched_multimodal_bc,True,False,False,39,1.0,0.00030147773390464363,0.7238776562915673,0.7238797777953674,0.0037874116968901195,15,0.4566072548420868,0.014811186670577847
3,insertion,vision_only,False,False,True,64,0.0,0.051719110782258486,0.4131829779054773,0.4417235265173644,0.0,60,0.18331262213207639,0.01736581765216413
3,insertion,temporal_history,False,False,True,64,0.0,0.051699599638652304,0.6675220702301158,0.6804447928375096,0.0,60,0.4140019480827062,0.0022855263158035044
3,insertion,force,True,False,False,41,1.0,6.881467376182665e-05,0.7627621378265834,0.7627630574982015,0.008903076154999079,17,0.49872428538558977,0.022346303821462042
3,insertion,mismatched_gripper_force,True,False,False,32,1.0,-0.02707541371623341,0.7586018537833553,0.7586276506131023,0.0029699719932041457,11,0.6466939861186696,0.021463306812674953
3,insertion,matched_multimodal_bc,True,False,False,41,1.0,0.00015953512467047618,0.7585108695375176,0.7585112575732764,0.00477546573673715,17,0.49260937235220614,0.022967539124594177
4,insertion,vision_only,False,False,True,64,0.0,0.04920724313868378,0.41316297502815647,0.4356071993596258,0.0,60,0.18806207580846387,0.01736581765216413
4,insertion,temporal_history,False,False,True,64,0.0,0.05229057186405325,0.6675811689412556,0.6807966509689258,0.0,60,0.41594750731200225,0.0023188280837783304
4,insertion,force,False,False,True,64,0.0,-1.9866536388201626e-05,0.852534812308743,0.8525348133191305,0.0,60,0.6425828181565114,0.019114792411529673
4,insertion,mismatched_gripper_force,True,False,False,34,1.0,-0.0295116044450926,0.8939167173939001,0.8939185420125041,0.028326518599325556,13,0.6703881377447475,0.019793122953602058
4,insertion,matched_multimodal_bc,False,False,True,64,0.0,5.061928206859933e-06,0.8398754122528339,0.8398754198240131,0.0,60,0.638787036756596,0.013464302336952009
5,insertion,vision_only,False,False,True,64,0.0,0.056917852475728836,0.40332078294515744,0.45892042356555285,0.0,60,0.17143898794110768,0.01736581765216413
5,insertion,temporal_history,False,False,True,64,0.0,0.051973551585147965,0.6675494653015251,0.6806075070144574,0.0,60,0.4156655150654466,0.0022735450848713297
5,insertion,force,True,False,False,38,1.0,0.00010270384657132846,0.6870555019503375,0.6870580331760482,0.029233045750066244,14,0.49355668141859843,0.026057301679992453
5,insertion,mismatched_gripper_force,True,False,False,32,1.0,-0.02720128050462846,0.7299371731243887,0.7299872630802167,0.06985467499120113,11,0.6438621385832306,0.021675907412414975
5,insertion,matched_multimodal_bc,True,False,False,38,1.0,0.0005091487724786258,0.6856314378762938,0.6856432471094169,0.027177982260616962,14,0.48495498989913893,0.02657808745056198
6,insertion,vision_only,False,False,True,64,0.0,0.04687111089495918,0.413160537445183,0.43558490296024766,0.0,60,0.18652948042205342,0.024934735394949625
6,insertion,temporal_history,False,False,True,64,0.0,0.0821305656033006,0.6684016304870835,0.6860065405643686,0.0,60,0.3983427517382775,0.002152005566994566
6,insertion,force,True,False,False,39,1.0,4.2775340740044974e-05,0.7279339004795293,0.7279342635473663,0.03289189271476578,15,0.4671837012225398,0.016000164974737274
6,insertion,mismatched_gripper_force,True,False,False,31,1.0,-0.02720047514630513,0.7449067304162214,0.744924672571664,0.04827340659197432,10,0.6338550330714904,0.018821375263585995
6,insertion,matched_multimodal_bc,True,False,False,39,1.0,0.00020467943538769187,0.7232207560621484,0.7232214240436047,0.028101368923372783,15,0.4607821554770756,0.01670244459098441
7,insertion,vision_only,False,False,True,64,0.0,-0.6,0.3999999998959126,1.6382663279782288,0.0,60,0.46501376801385463,0.005709860970385404
7,insertion,temporal_history,False,False,True,64,0.0,-0.06202493990355513,0.615708444497866,0.8388493022821447,0.0,60,0.34760299503165104,0.0016937482700906234
7,insertion,force,False,False,True,64,0.0,-9.771136494461823e-06,0.8520261818527295,0.8520261951676045,0.0,60,0.6531713489860533,0.027058718893622248
7,insertion,mismatched_gripper_force,False,False,True,64,0.0,-0.06967920246497636,1.0182927042442707,1.0329793954981492,0.09795599206717287,61,0.960177483009922,0.012865147144575711
7,insertion,matched_multimodal_bc,False,False,True,64,0.0,-1.733114453915074e-05,0.8427751676961319,0.8427751776377388,0.0,60,0.6503611543595778,0.017403088234849186
8,insertion,vision_only,False,False,True,64,0.0,0.052080947849191386,0.4131806308485165,0.4921659732870661,0.0,60,0.18799528566376433,0.017440587209712564
8,insertion,temporal_history,False,False,True,64,0.0,0.3445473812665796,0.6294653638843514,1.0814613690753687,0.0,60,0.35603193445447534,0.0016226053147118558
8,insertion,force,True,False,False,39,1.0,5.3536368101152895e-05,0.7181413478520421,0.7181419160536284,0.025902438794233706,15,0.5093830813565718,0.029298146194865985
8,insertion,mismatched_gripper_force,True,False,False,33,1.0,-0.02712860893273101,0.7845304034481316,0.7845524443227522,0.09059837345322108,12,0.6541876782329813,0.021023889226697522
8,insertion,matched_multimodal_bc,True,False,False,39,1.0,0.0002002393551107887,0.7160765847955841,0.7160766372631036,0.024028047313690792,15,0.5039644918061315,0.030553874945106797
9,insertion,vision_only,False,False,True,64,0.0,0.05089943581886652,0.4131395411682093,0.5530721443421962,0.0,60,0.19573199827549853,0.01724743407034552
9,insertion,temporal_history,True,False,False,44,1.0,0.01790915660696051,0.7467345453101958,0.7479985365641738,0.012072077170339979,20,0.4751301431069944,0.005951881902319022
9,insertion,force,True,False,False,40,1.0,0.0001258011358582046,0.7387952723890039,0.7387988254075231,0.01622573663279092,16,0.5419874394674252,0.036783427025460357
9,insertion,mismatched_gripper_force,True,False,False,34,1.0,-0.02649862718113849,0.8020511170030129,0.8021100655052384,0.07706863219578286,13,0.6639451293400535,0.021203193494518914
9,insertion,matched_multimodal_bc,True,False,False,40,1.0,0.00023305647431027708,0.7351237931269174,0.7351250833118173,0.012825312048839743,16,0.5358722895796506,0.03747424571191184
10,insertion,vision_only,False,False,True,64,0.0,-0.6,0.3999999998489753,1.6382663279667686,0.0,60,0.4649175202668142,0.005635091412836972
10,insertion,temporal_history,False,False,True,64,0.0,-0.6,0.47742295030361015,1.669565718495025,0.0,60,0.6384500330901137,0.002122412976413357
10,insertion,force,True,False,False,37,1.0,-9.45916384586799e-05,0.6529704283298576,0.6529731014595725,0.026103494234319458,13,0.4770278433329457,0.022703739333697265
10,insertion,mismatched_gripper_force,False,False,True,64,0.0,-0.06878308959285086,1.0182964552889386,1.0329966891029452,0.3434580425831396,61,0.9679771281418268,0.010789642445593103
10,insertion,matched_multimodal_bc,True,False,False,37,1.0,6.564313341455216e-05,0.6513771767925581,0.651381751210815,0.024341080913310997,13,0.46971560481580565,0.023624516107368838
11,insertion,vision_only,False,False,True,64,0.0,-0.6,0.39999999981757306,1.6382663279591014,0.0,60,0.4695060426107204,0.01514661378003071
11,insertion,temporal_history,False,False,True,64,0.0,-0.6,0.47647860408223164,1.6695337544992597,0.0,60,0.6393917316775939,0.002255674574886879
11,insertion,force,True,False,False,45,1.0,-9.906754403040071e-06,0.8478949431860279,0.8478949548495033,0.016752851123971513,21,0.5056725677633844,0.01649932217621015
11,insertion,mismatched_gripper_force,False,False,True,64,0.0,-0.06809504876600125,1.0182981543061065,1.033005637119585,0.13914875169135044,61,0.9751479560895006,0.010033927870699512
11,insertion,matched_multimodal_bc,True,False,False,47,1.0,3.0752802014125054e-05,0.8380369329428342,0.8380369418217221,0.006900786552325067,23,0.5084052636952342,0.01610530645647185
12,insertion,vision_only,False,False,True,64,0.0,-0.6,0.39999999982672374,1.6382663279613356,0.0,60,0.46494728331789076,0.005704441451847009
12,insertion,temporal_history,False,False,True,64,0.0,-0.6,0.47677402486884746,1.6695375871483453,0.0,60,0.6376910865797092,0.002192061726159997
12,insertion,force,False,False,True,64,0.0,-1.123643603848783e-05,0.8511997511391358,0.8511997553732238,0.0,60,0.6357921113919316,0.01667367860100762
12,insertion,mismatched_gripper_force,False,False,True,64,0.0,-0.06800042797861527,1.0182886921772636,1.0329557664272029,0.11334969688454977,61,0.9722278220523707,0.01009284861664723
12,insertion,matched_multimodal_bc,False,False,True,64,0.0,-1.7897881563163484e-05,0.8381066015990524,0.8381066080296269,0.0,60,0.6308436920828915,0.011227279059503187
13,insertion,vision_only,False,False,True,64,0.0,-0.6,0.3999999998879158,1.6382663279762764,0.0,60,0.46501376801385463,0.005709860970385404
13,insertion,temporal_history,False,False,True,64,0.0,-0.04596129070211185,0.6146961580505559,0.8226221973659813,0.0,60,0.34303768108285193,0.0017083804146025444
13,insertion,force,True,False,False,36,1.0,-0.00010416483974710223,0.6091757440425069,0.6091796820016661,0.0073923662484208785,12,0.4939750183563814,0.029517074579989887
13,insertion,mismatched_gripper_force,False,False,True,64,0.0,-0.06949903309183755,1.0182995219954996,1.0330226484833473,0.3670243572094126,61,0.9600760480121932,0.012673337168696258
13,insertion,matched_multimodal_bc,True,False,False,36,1.0,0.00021466865574432605,0.6074776902131902,0.6074787155565277,0.005993187207679496,12,0.4882337815154166,0.029964439318238358
14,insertion,vision_only,False,False,True,64,0.0,-0.6,0.3999999999007481,1.6382663279794094,0.0,60,0.46501376801385463,0.005709860970385404
14,insertion,temporal_history,False,False,True,64,0.0,-0.07609006529150206,0.6163295719090811,0.8488020958974559,0.0,60,0.35031496959109687,0.0016908564924699274
14,insertion,force,True,False,False,38,1.0,-9.321072271809378e-05,0.6786253460324096,0.678627597556743,0.01091868169305732,14,0.5088124233486176,0.03068120819830932
14,insertion,mismatched_gripper_force,False,False,True,64,0.0,-0.06981097636506493,1.0182727406589944,1.032992248095794,0.3003295949422222,61,0.953172913469809,0.012856845756391424
14,insertion,matched_multimodal_bc,True,False,False,38,1.0,0.00011747687928927397,0.6775203239220035,0.6775224697562005,0.009827143072245748,14,0.4995492034095641,0.03148567915154161
15,insertion,vision_only,False,False,True,64,0.0,0.049796504096951105,0.41318337068449007,0.5477916454185416,0.0,60,0.1988983007264235,0.01724743407034552
15,insertion,temporal_history,True,False,False,40,1.0,0.013892018130777641,0.632597895594243,0.6336429931414144,0.026706261439233048,16,0.4576632245973949,0.0064282382841950175
15,insertion,force,True,False,False,36,1.0,0.00028086664504391683,0.608195489483998,0.6082124230910011,0.011603299952005375,12,0.5317750493317617,0.04045366035379385
15,insertion,mismatched_gripper_force,True,False,False,32,1.0,-0.025507562520365852,0.6307396567495507,0.6309643245926752,0.030026603346589797,11,0.6402055480016431,0.021772570588350863
15,insertion,matched_multimodal_bc,True,False,False,36,1.0,0.0005925254176467603,0.6082050486905896,0.6082149126592448,0.011925574290724716,12,0.5266331105438957,0.04064861957660117
16,insertion,vision_only,False,False,True,64,0.0,-0.6,0.39999999987309653,1.6382663279726581,0.0,60,0.4649175202668142,0.005635091412836972
16,insertion,temporal_history,False,False,True,64,0.0,-0.6,0.47793622526957735,1.6696217405989722,0.0,60,0.64020946919331,0.002202516757968053
16,insertion,force,True,False,False,38,1.0,-0.00012139053228207167,0.6830901227241302,0.6830944139789532,0.02996876746100885,14,0.4914191742362586,0.02554104564930423
16,insertion,mismatched_gripper_force,False,False,True,64,0.0,-0.06769963566580221,1.018258612838049,1.0327975903212894,0.318039286865918,61,0.9707186012976357,0.011623715694979827
16,insertion,matched_multimodal_bc,True,False,False,38,1.0,-8.378678552006292e-05,0.6853369654621277,0.6853483103472786,0.03177512159490492,14,0.48310478673431906,0.025937992124874642
17,insertion,vision_only,False,False,True,64,0.0,0.053078610055562934,0.4131556446181532,0.5614245792395577,0.0,60,0.1917741202118423,0.01724743407034552
17,insertion,temporal_history,True,False,False,42,1.0,0.014188603106081056,0.6945211003139719,0.6953726548301968,0.019987092417468322,18,0.47217913043194715,0.006438969505084216
17,insertion,force,True,False,False,38,1.0,0.0001995914736780123,0.6828503001015969,0.6828590953262386,0.01738406335531606,14,0.5402447839140478,0.03958012459149331
17,insertion,mismatched_gripper_force,True,False,False,33,1.0,-0.025534620683164123,0.7012256138536763,0.7014032492333091,0.031815633173764124,12,0.6498569783807104,0.02199986638659539
17,insertion,matched_multimodal_bc,True,False,False,38,1.0,0.00038175916022616547,0.6831912174510826,0.6831941065410524,0.018162302978649958,14,0.5325853725641192,0.04066755346983272
18,insertion,vision_only,False,False,True,64,0.0,-0.6,0.3999999998555024,1.6382663279683622,0.0,60,0.4649175202668142,0.005635091412836972
18,insertion,temporal_history,False,False,True,64,0.0,-0.6,0.4776477596033495,1.6695772331853933,0.0,60,0.6384500330901137,0.002122412976413357
18,insertion,force,True,False,False,43,1.0,-4.512268232236273e-05,0.8276904145881862,0.8276906280379749,0.008090322232836678,19,0.5137196601394153,0.021269120623694248
18,insertion,mismatched_gripper_force,False,False,True,64,0.0,-0.06968486686355448,1.0182934269639219,1.0329825350732653,0.14911639601066162,61,0.9615273843901179,0.011268858914111916
18,insertion,matched_multimodal_bc,True,False,False,46,1.0,1.0076640877348369e-05,0.8250353076535537,0.8250353722134867,0.005516778276956513,22,0.5172004648130138,0.02001396929994024
19,insertion,vision_only,False,False,True,64,0.0,0.04715153647175795,0.4131885800020488,0.4358418285587023,0.0,60,0.18652948042205342,0.024934735394949625
19,insertion,temporal_history,False,False,True,64,0.0,0.08241099118009938,0.6684296730445892,0.6861951720183819,0.0,60,0.3983427517382775,0.002152005566994566
19,insertion,force,True,False,False,38,1.0,5.5815233052743363e-05,0.6948648754084155,0.6948655748180306,0.027464213037440288,14,0.46291641256369376,0.01648329796410717
19,insertion,mismatched_gripper_force,True,False,False,31,1.0,-0.02709287902233958,0.7448961600602907,0.7449122529040427,0.07606959634428667,10,0.6345214747879311,0.01887724851972139
19,insertion,matched_multimodal_bc,True,False,False,38,1.0,0.00028616549888703857,0.6938519037961313,0.6938530144840709,0.026374474178139762,14,0.45510386007327314,0.01738516479586852
20,insertion,vision_only,False,False,True,64,0.0,0.05657109535680234,0.4088598472441536,0.5755305663850748,0.0,60,0.1846499396972611,0.01724743407034552
20,insertion,temporal_history,True,False,False,46,1.0,0.029775803333872947,0.6488871411381582,0.6509015605249298,0.016445102521739474,18,0.39817897346331316,0.0058030057944972735
20,insertion,force,True,False,False,37,1.0,0.000463578687858298,0.6446185917031475,0.6446424093701268,0.025518944354669726,13,0.5429403750444648,0.04149457748914609
20,insertion,mismatched_gripper_force,True,False,False,33,1.0,-0.025514636137477988,0.6829041028280144,0.683156667021376,0.059607839954527564,12,0.6439228997743518,0.021943833188117278
20,insertion,matched_multimodal_bc,True,False,False,37,1.0,0.0004132724303919874,0.6471248529903859,0.6471325815181302,0.02872152750645729,13,0.537317797569551,0.04248403085891003
21,insertion,vision_only,False,False,True,64,0.0,-0.6,0.39999999993349333,1.6382663279874046,0.0,60,0.4657893380027476,0.005516707831018361
21,insertion,temporal_history,False,False,True,64,0.0,-0.6,0.4737496338125122,1.669500179572666,0.0,60,0.6662378150779051,0.0029274302925740756
21,insertion,force,True,False,False,37,1.0,-0.00040900364525770557,0.6381947730219917,0.6382178358529744,0.0357613660408459,13,0.5392122297001893,0.040978686436420726
21,insertion,mismatched_gripper_force,False,False,True,64,0.0,-0.06954547091444596,1.010580733490969,1.0261112291524317,0.35752104727727296,61,0.9438247779496443,0.014840623070181254
21,insertion,matched_multimodal_bc,True,False,False,36,1.0,-2.3248832811626012e-05,0.6077934019460751,0.6078075734204046,0.0056905759849200654,12,0.535121719295406,0.042707703359779955
22,insertion,vision_only,False,False,True,64,0.0,-0.6,0.39999999983064116,1.6382663279622922,0.0,60,0.4649175202668142,0.005635091412836972
22,insertion,temporal_history,False,False,True,64,0.0,-0.6,0.4768680998193058,1.6695394036397921,0.0,60,0.6375283801111461,0.002183248114587664
22,insertion,force,True,False,False,36,1.0,-0.00010252020487325597,0.6148363030978528,0.6148399900315766,0.028930590664633105,12,0.4672347785203571,0.021354354200100203
22,insertion,mismatched_gripper_force,False,True,False,21,0.0,-0.061949404934285676,1.0123214244708325,1.0245807624212262,0.38065008200119677,18,0.8710528934868275,0.03360565488934353
22,insertion,matched_multimodal_bc,True,False,False,36,1.0,4.752564133333162e-05,0.6140429417630038,0.614046436930921,0.028145586739955375,12,0.46260527473215063,0.022065045400066357
23,insertion,vision_only,False,False,True,64,0.0,0.08241295936194615,0.36687545947277844,0.5366755148225584,0.0,60,0.17119486971297315,0.017384403841263114
23,insertion,temporal_history,False,False,True,64,0.0,0.3626987407482136,0.6312805006120373,1.1204448312290445,0.0,60,0.35602694620433534,0.0016226053147118558
23,insertion,force,True,False,False,37,1.0,0.00012687261376045258,0.6469399100636329,0.6469445941536839,0.0032144982726775018,13,0.5189667361973168,0.03507779335616443
23,insertion,mismatched_gripper_force,True,False,False,32,1.0,-0.026651162218098923,0.6588467398370992,0.6590251866091915,0.010893560624994247,11,0.6307352768391647,0.021757157876338487
23,insertion,matched_multimodal_bc,True,False,False,37,1.0,0.0003816948809340401,0.6475992776096797,0.647603184141469,0.003936440232704119,13,0.5121585661336926,0.03552255884364969
24,insertion,vision_only,False,False,True,64,0.0,-0.6,0.39999999829352473,1.6382663275869889,0.0,60,0.4425759140395833,0.014895783232774296
24,insertion,temporal_history,False,False,True,64,0.4243447941265412,-0.018551433182859182,0.8208354142725369,0.8223019328607886,0.017481253466877233,52,0.4262364728202973,0.0019267846577051657
24,insertion,force,True,False,False,42,1.0,-2.0678831632208713e-05,0.8151390065717848,0.8151390474587562,0.026141498107573935,18,0.4829060173424575,0.012539315813748612
24,insertion,mismatched_gripper_force,False,False,True,64,0.0,-0.06736730886953199,1.0182253803975974,1.0326234669978382,0.1818797421390249,61,0.9815790509585051,0.008109035115104713
24,insertion,matched_multimodal_bc,True,False,False,43,1.0,2.51074426036669e-05,0.8007186793496952,0.8007187453828996,0.011702310383272185,19,0.47821365545020267,0.01247929293373784
25,insertion,vision_only,False,False,True,64,0.0,0.05537916905675875,0.4120273224149783,0.5057694122491002,0.0,60,0.18087110514918314,0.017440587209712564
25,insertion,temporal_history,False,False,True,64,0.0,0.3502317484225153,0.6300338010391394,1.093608060778538,0.0,60,0.3560306873919403,0.0016226053147118558
25,insertion,force,True,False,False,40,1.0,6.251114296896769e-05,0.7404001352799623,0.7404009543603238,0.0006700820590643808,16,0.5167570597218337,0.029739185225049678
25,insertion,mismatched_gripper_force,True,False,False,33,1.0,-0.02715702079861032,0.7678062152578398,0.7678433722967679,0.025913508754098813,12,0.6531468558326811,0.021160980892308758
25,insertion,matched_multimodal_bc,True,False,False,41,1.0,0.00014780987877236618,0.7586897232222514,0.7586899790466983,0.019106206527764513,17,0.5157336659572572,0.029899370753948818
26,insertion,vision_only,False,False,True,64,0.0,-0.6,0.3999999998733784,1.638266327972727,0.0,60,0.4649175202668142,0.005635091412836972
26,insertion,temporal_history,False,False,True,64,0.0,-0.6,0.4779428048772373,1.669622237020579,0.0,60,0.64020946919331,0.002202516757968053
26,insertion,force,True,False,False,37,1.0,-0.00015149665140751082,0.6490096518523365,0.6490174142091857,0.010208738679142626,13,0.4876173650788246,0.026006005637471054
26,insertion,mismatched_gripper_force,False,False,True,64,0.0,-0.06769928089211986,1.0182585773605723,1.0327974040808408,0.33260311480933547,61,0.9707505842306583,0.011620062363554456
26,insertion,matched_multimodal_bc,True,False,False,37,1.0,-0.00012410706820232848,0.6514292291223256,0.6514455009681671,0.012218282452282847,13,0.48113526313319,0.026193105396728315
27,insertion,vision_only,False,False,True,64,0.0,0.06076339494599501,0.36692974332964884,0.5858766593359667,0.0,60,0.17966848102799826,0.01719125070189607
27,insertion,temporal_history,False,False,True,64,0.0,0.04251287533175955,0.6666033975208125,0.6753847711423598,0.0,60,0.43595350244888564,0.004057414635651821
27,insertion,force,False,False,True,64,0.7353851379892228,1.744630945611763e-05,0.8414305298747156,0.8414305445444186,0.0034603991288257863,46,0.6136203666912963,0.024634245988289876
27,insertion,mismatched_gripper_force,True,False,False,36,1.0,-0.02909344744447685,0.8870252811305617,0.8870392523635103,0.047451560626336264,15,0.6732974039760005,0.019941736077194117
27,insertion,matched_multimodal_bc,False,False,True,64,0.3164014131835622,0.00014756007872129617,0.840301317439853,0.8403013424452433,0.0023176255852837002,54,0.6323911436124378,0.025067570508591982
28,insertion,vision_only,False,False,True,64,0.0,0.053628679334719605,0.4130373801295248,0.44820321269641955,0.0,60,0.17856316845568893,0.01736581765216413
28,insertion,temporal_history,False,False,True,64,0.0,0.05558279141169128,0.667910389407385,0.6828144420224243,0.0,60,0.4140019480827062,0.0022855263158035044
28,insertion,force,True,False,False,43,1.0,5.1857575639851766e-05,0.7960383430957376,0.796038827592831,0.005466991640988961,19,0.5101359518791786,0.022150350869867694
28,insertion,mismatched_gripper_force,True,False,False,33,1.0,-0.02767476242794013,0.8331146670769565,0.8331303601909367,0.04108785277225613,12,0.659964373240052,0.020883813147562526
28,insertion,matched_multimodal_bc,True,False,False,45,1.0,5.198054586755819e-05,0.8009945020125694,0.8009945994433719,0.010568229333686063,21,0.5118039138219891,0.021564582532886182
29,insertion,vision_only,False,False,True,64,0.0,0.058859270159178856,0.3669544308778933,0.46459511667688613,0.0,60,0.16289469409280397,0.020029280757886226
29,insertion,temporal_history,False,False,True,64,0.0,0.4331681435474732,0.5990282012862919,1.2596311901588744,0.0,60,0.3407474493809851,0.0020575553978211666
29,insertion,force,True,False,False,36,1.0,0.00011936198873903235,0.6145558281512135,0.6145604708634101,0.0016216028411686345,12,0.4706923152696951,0.02228481739917504
29,insertion,mismatched_gripper_force,True,False,False,31,1.0,-0.027106451813700107,0.6804546111004792,0.6804972737741948,0.06564751515296452,10,0.6296733713134308,0.021400036934365117
29,insertion,matched_multimodal_bc,True,False,False,36,1.0,0.00033956263721882167,0.6143219268372795,0.6143262445419999,0.0014107005042860443,12,0.4653130379724683,0.022840594872505515
30,insertion,vision_only,False,False,True,64,0.0,0.0504300212225265,0.41316966112161624,0.4379528410976749,0.0,60,0.1794052999074722,0.024934735394949625
30,insertion,temporal_history,False,False,True,64,0.0,0.05231534984240294,0.6675836486620069,0.6808114743201611,0.0,60,0.4173495820121212,0.002314548813327376
30,insertion,force,True,False,False,39,1.0,3.670895017979616e-05,0.7227330761334441,0.722733343362692,0.009036596867954438,15,0.46906130945476265,0.016839073042065243
30,insertion,mismatched_gripper_force,True,False,False,31,1.0,-0.02714211010837792,0.740410256511045,0.7404335094336298,0.02488004848216052,10,0.636252399441291,0.01967684639953855
30,insertion,matched_multimodal_bc,True,False,False,39,1.0,0.0001590376101256943,0.7206860796210036,0.7206861556121228,0.007078083681916647,15,0.4629733453362917,0.017795400120688726
31,insertion,vision_only,False,False,True,64,0.0,0.05311091522028102,0.4131588751323898,0.44619613287840904,0.0,60,0.17386427061835347,0.024934735394949625
31,insertion,temporal_history,False,False,True,64,0.0,0.05438176307474171,0.6677902894271036,0.6820670389755313,0.0,60,0.4158312844711124,0.002282641506909278
31,insertion,force,True,False,False,39,1.0,3.009435625562611e-05,0.7234250440990548,0.7234251977401864,0.03232310988763476,15,0.471560247780843,0.017731739392007183
31,insertion,mismatched_gripper_force,True,False,False,31,1.0,-0.02774782135686925,0.7295209911722078,0.7295412021917216,0.0366448775589161,10,0.6335447918701504,0.020131262150364624
31,insertion,matched_multimodal_bc,True,False,False,39,1.0,0.00019955397988297648,0.7179058510309555,0.7179058762992154,0.026886371398555986,15,0.4643029107733253,0.018388654096344312
32,insertion,vision_only,False,False,True,64,0.0,-0.6,0.3999999999101085,1.638266327981695,0.0,60,0.46501376801385463,0.005709860970385404
32,insertion,temporal_history,False,False,True,64,0.0,-0.12798838599675813,0.6182699321783374,0.8845228946634214,0.0,60,0.3523438639018654,0.0016208627491532065
32,insertion,force,True,False,False,42,1.0,-5.861861310056936e-05,0.7924305024094443,0.7924310537234894,0.0049562789869666,18,0.5342631007061731,0.03069676372720651
32,insertion,mismatched_gripper_force,False,False,True,64,0.0,-0.0696977327508274,1.0173857863987612,1.0321055468862999,0.17912663297266995,61,0.9493568563184398,0.013215730883169075
32,insertion,matched_multimodal_bc,True,False,False,43,1.0,1.6106760832648265e-05,0.8000384869606245,0.800038629186996,0.012701784327214805,19,0.5323667796202175,0.030206699943197964
33,insertion,vision_only,False,False,True,64,0.0,-0.6,0.399999999790256,1.6382663279524317,0.0,60,0.4695060426107204,0.01514661378003071
33,insertion,temporal_history,False,False,True,64,0.0,-0.6,0.4771832068732341,1.6695542609064993,0.0,60,0.6344917331224684,0.002209703882943014
33,insertion,force,True,False,False,41,1.0,-4.123904826610139e-05,0.7855144822899989,0.7855146965764385,0.00485360649315314,17,0.4833642749806739,0.016538222328800582
33,insertion,mismatched_gripper_force,False,False,True,64,0.0,-0.06787207374445911,1.0182758568421229,1.032888202765487,0.18994152275104403,61,0.9773183744591173,0.009085096749218221
33,insertion,matched_multimodal_bc,True,False,False,43,1.0,5.666763337921774e-05,0.7894495682534294,0.7894496076145324,0.008892781944437322,19,0.48266532511861626,0.01619581861832605
34,insertion,vision_only,False,False,True,64,0.0,-0.6,0.3999999998496815,1.638266327966941,0.0,60,0.4649175202668142,0.005635091412836972
34,insertion,temporal_history,False,False,True,64,0.0,-0.6,0.4774472736905814,1.6695669643230706,0.0,60,0.6384500330901137,0.002122412976413357
34,insertion,force,True,False,False,36,1.0,-0.00012748512255908106,0.6144657162907345,0.6144718493870248,0.018841313933156134,12,0.4745897081727424,0.023405163583570296
34,insertion,mismatched_gripper_force,False,False,True,64,0.0,-0.06913937766176499,1.0182899080723073,1.032962208743914,0.3747494232790366,61,0.9667382806335258,0.01080960022071272
34,insertion,matched_multimodal_bc,True,False,False,36,1.0,-5.277453445115554e-05,0.6139210693361964,0.6139295111005583,0.018154917717942864,12,0.4697051066185112,0.02384592513226526
35,insertion,vision_only,False,False,True,64,0.0,0.07835793295076907,0.3669683934374205,0.4764025816906214,0.0,60,0.16628088830134508,0.017384403841263114
35,insertion,temporal_history,False,False,True,64,0.0,0.3521245266660969,0.6302230790230409,1.0976653764620585,0.0,60,0.35766693985410825,0.001662988505796375
35,insertion,force,True,False,False,40,1.0,3.063653469511742e-05,0.745277188896408,0.7452773529716538,0.012573460594312191,16,0.5077089732769172,0.02691932840639808
35,insertion,mismatched_gripper_force,True,False,False,33,1.0,-0.02775491501166999,0.805680370518717,0.8056937811312994,0.0715287960137091,12,0.6589205622382706,0.02106435823532029
35,insertion,matched_multimodal_bc,True,False,False,40,1.0,0.00012673820417991328,0.7447585243984538,0.7447585277697013,0.012190720779182485,16,0.5017970510046125,0.02752612257684529
36,insertion,vision_only,False,False,True,64,0.0,0.056757231019097756,0.4088784608103815,0.5759376514448421,0.0,60,0.1846499396972611,0.01724743407034552
36,insertion,temporal_history,False,False,True,64,0.0,0.03400615020417761,0.6973724923387061,0.6993525207632492,0.0,60,0.44725111427783965,0.004070255719971645
36,insertion,force,True,False,False,47,1.0,0.0001337322230445188,0.8127709482598382,0.8127744485234444,0.0006947266877386227,23,0.5674070993191189,0.032696422426072014
36,insertion,mismatched_gripper_force,True,False,False,35,1.0,-0.026669151279802412,0.844183784116304,0.844252699901887,0.02943144238308837,14,0.6646569220621716,0.020578780350277104
36,insertion,matched_multimodal_bc,True,False,False,48,1.0,4.801303128311699e-05,0.8116649122778448,0.8116650359528712,0.00015965320908672975,24,0.5648640646015625,0.032954875273359996
37,insertion,vision_only,False,False,True,64,0.0,0.051398941456480544,0.4131509609729087,0.4411949617665738,0.0,60,0.18331262213207639,0.01736581765216413
37,insertion,temporal_history,False,False,True,64,0.0,0.051379430312874355,0.667490053297541,0.6802554888562723,0.0,60,0.4140019480827062,0.0022855263158035044
37,insertion,force,True,False,False,43,1.0,4.6120674290231316e-05,0.7965941936212952,0.7965945613743216,0.00880713671216149,19,0.507652360361844,0.021413075715722315
37,insertion,mismatched_gripper_force,True,False,False,33,1.0,-0.02833379344883065,0.8341584224053356,0.834160812735633,0.04580139392976157,12,0.6593081850241782,0.020777892051714646
37,insertion,matched_multimodal_bc,True,False,False,44,1.0,5.3696851579551086e-05,0.7986190065626463,0.7986190771708397,0.010961217786618627,20,0.5069122476656687,0.021392152620725007
38,insertion,vision_only,False,False,True,64,0.0,0.0540212202201609,0.41292496106094845,0.44942088542086317,0.0,60,0.17777159284295768,0.01736581765216413
38,insertion,temporal_history,False,False,True,64,0.0,0.056304269500562186,0.6679825372162657,0.6832696385685514,0.0,60,0.4140019480827062,0.0022855263158035044
38,insertion,force,True,False,False,40,1.0,8.297232696740362e-05,0.7444421738429922,0.7444436200479916,0.02310171985040954,16,0.4973969793914758,0.023692136031288183
38,insertion,mismatched_gripper_force,True,False,False,32,1.0,-0.026810119840442088,0.7547884363862839,0.7548477215610735,0.030812105995787875,11,0.6486861334838492,0.021514622677404015
38,insertion,matched_multimodal_bc,True,False,False,40,1.0,0.0002527200517568237,0.7380640377945944,0.738065831001616,0.01667832483841125,16,0.4912181290832187,0.024188106428687794
39,insertion,vision_only,False,False,True,64,0.0,-0.6,0.3999999998866529,1.638266327975968,0.0,60,0.46501376801385463,0.005709860970385404
39,insertion,temporal_history,False,False,True,64,0.0,-0.04261054598472765,0.6145111389138882,0.8200870142944712,0.0,60,0.3422189503921572,0.0017186074626225351
39,insertion,force,True,False,False,37,1.0,-7.179358560984402e-05,0.6482070634617673,0.6482084485833518,0.037553440708560704,13,0.4956602013374699,0.02859394300019802
39,insertion,mismatched_gripper_force,False,False,True,64,0.0,-0.06973489087058828,1.01829319562304,1.0329796920287817,0.3588643479721142,61,0.9681683836994358,0.012677381884121503
39,insertion,matched_multimodal_bc,True,False,False,37,1.0,0.00014842734107789032,0.6456917597883872,0.6456918303000546,0.03534601974712126,13,0.4889526559533312,0.029368379774566158
40,insertion,vision_only,False,False,True,64,0.0,0.046167898702567545,0.41312874226088464,0.435294833313023,0.0,60,0.18732105603478466,0.024934735394949625
40,insertion,temporal_history,False,False,True,64,0.0,0.07506384967095059,0.6684223137687312,0.6861448965357707,0.0,60,0.40379487540881076,0.002151984699511406
40,insertion,force,True,False,False,37,1.0,7.591152884555123e-05,0.6592498869488478,0.6592511875861312,0.016753310241819586,13,0.4575729580216215,0.016624875042915557
40,insertion,mismatched_gripper_force,True,False,False,30,1.0,-0.027724994548524267,0.651119151094461,0.6511954370292309,0.005628313386254358,9,0.6108211752965502,0.01906889299321988
40,insertion,matched_multimodal_bc,True,False,False,37,1.0,0.00033758536379721875,0.6593565849763796,0.6593576051071526,0.01690442882122023,13,0.4492963314513167,0.01740164976621185
41,insertion,vision_only,False,False,True,64,0.0,-0.6,0.3999999998094793,1.6382663279571252,0.0,60,0.4695060426107204,0.01514661378003071
41,insertion,temporal_history,False,False,True,64,0.0,-0.6,0.47641055230399,1.6695280854836372,0.0,60,0.638015288131049,0.0022445295757116995
41,insertion,force,False,False,True,64,0.0,-1.350023623297958e-05,0.8472754760702776,0.8472754768372708,0.0,60,0.6322401912424898,0.01810086177121377
41,insertion,mismatched_gripper_force,False,False,True,64,0.0,-0.06759671660364008,1.0182483210616526,1.0327435944114918,0.09446915676713852,61,0.9741771942260065,0.009904924975692852
41,insertion,matched_multimodal_bc,False,False,True,64,0.0,-1.7305305777263035e-05,0.8396750423201121,0.839675047576922,0.0,60,0.6275383262746139,0.010590175015663575
42,insertion,vision_only,False,False,True,64,0.0,-0.6,0.39999999993117374,1.6382663279868381,0.0,60,0.4657893380027476,0.005516707831018361
42,insertion,temporal_history,False,False,True,64,0.0,-0.6,0.4737496338114665,1.6695001795723692,0.0,60,0.6662378150779051,0.0029274302925740756
42,insertion,force,True,False,False,39,1.0,-0.0001959294523994777,0.7059838091744269,0.7059929097316845,0.025697617358682368,15,0.5401360963530114,0.038380818525258216
42,insertion,mismatched_gripper_force,False,False,True,64,0.0,-0.06956323680767852,1.010902348646813,1.0257111176441693,0.28063714774492665,61,0.9463765490831091,0.014703357149274066
42,insertion,matched_multimodal_bc,True,False,False,38,1.0,7.643074907709161e-05,0.6819319108349683,0.6819357370290984,0.0020131893527404188,14,0.5306416337339671,0.04032954418680166
43,insertion,vision_only,False,False,True,64,0.0,0.05224092512397319,0.4131580977993023,0.44367861528205244,0.0,60,0.1817294709066139,0.01736581765216413
43,insertion,temporal_history,False,False,True,64,0.0,0.052879288387226296,0.6676400391049627,0.6811503025369154,0.0,60,0.4140019480827062,0.0022855263158035044
43,insertion,force,True,False,False,39,1.0,9.850234309599846e-05,0.7187218716836024,0.7187239169776517,0.02570381543792799,15,0.4918118638215529,0.023691007312180597
43,insertion,mismatched_gripper_force,True,False,False,32,1.0,-0.027083025014572732,0.7581628249584351,0.7581955327703032,0.06330704250599895,11,0.6495532159031183,0.021473652219362652
43,insertion,matched_multimodal_bc,True,False,False,39,1.0,0.00032279377745212675,0.7184187197230218,0.7184199463163332,0.025515662579704612,15,0.48407124396473195,0.024542062758774696
44,insertion,vision_only,False,False,True,64,0.0,0.054265707632604854,0.4129494098028873,0.5012023262651739,0.0,60,0.18324583198737687,0.017440587209712564
44,insertion,temporal_history,False,False,True,64,0.0,0.3484186198293217,0.629852488002047,1.0897273921626422,0.0,60,0.35603131092320783,0.001622605314711856
44,insertion,force,True,False,False,38,1.0,9.148208624211047e-05,0.6838498542140166,0.6838518075444455,0.028103469093840427,14,0.508822325710771,0.030808398132217776
44,insertion,mismatched_gripper_force,True,False,False,32,1.0,-0.027901265138259166,0.6819077744989959,0.6820031082063595,0.02291283954005907,11,0.629473710257203,0.021737429750553938
44,insertion,matched_multimodal_bc,True,False,False,38,1.0,0.00033258229606269665,0.6824494892418178,0.6824505895068337,0.02682687529310701,14,0.5004510128045685,0.032087047477339696
45,insertion,vision_only,False,False,True,64,0.0,-0.6,0.3999999997826108,1.638266327950565,0.0,60,0.4695060426107204,0.01514661378003071
45,insertion,temporal_history,False,False,True,64,0.0,-0.6,0.47700414669435276,1.6695450986977842,0.0,60,0.6344917331224684,0.002209703882943014
45,insertion,force,True,False,False,38,1.0,-5.9714877291907324e-05,0.6914628251121595,0.6914636271753432,0.0006717626070509297,14,0.4630198426925142,0.01669652574468299
45,insertion,mismatched_gripper_force,False,False,True,64,0.0,-0.06761058098910404,1.0182497075217154,1.0327508645937464,0.28010343855216313,61,0.9772756037827607,0.009141690147450596
45,insertion,matched_multimodal_bc,True,False,False,39,1.0,0.00010443942872049535,0.7202561381310613,0.7202566782057978,0.02952282482720625,15,0.46266456314667675,0.017432175411218914
46,insertion,vision_only,False,False,True,64,0.0,-0.6,0.39999999993330504,1.6382663279873586,0.0,60,0.4657893380027476,0.005516707831018361
46,insertion,temporal_history,False,False,True,64,0.0,-0.6,0.4737496338124273,1.6695001795726419,0.0,60,0.6662378150779051,0.0029274302925740756
46,insertion,force,False,False,True,64,0.0,-1.8096210434542612e-05,0.8525503518396773,0.8525503571617434,0.0,60,0.6765215913654292,0.027025232086223015
46,insertion,mismatched_gripper_force,False,False,True,64,0.0,-0.06946936368355235,1.0042950655786318,1.0199256230806468,0.08086785601102198,61,0.9419182987560865,0.01473070739656395
46,insertion,matched_multimodal_bc,False,False,True,64,0.0,-2.070193977366733e-05,0.845621497216796,0.8456221824995911,0.0,60,0.6746617141609157,0.02354153239454078
47,insertion,vision_only,False,False,True,64,0.0,-0.6,0.3999999998382274,1.6382663279641445,0.0,60,0.4649175202668142,0.005635091412836972
47,insertion,temporal_history,False,False,True,64,0.0,-0.6,0.47704540092615366,1.669544346904815,0.0,60,0.6375283801111461,0.002183248114587664
47,insertion,force,True,False,False,39,1.0,-5.191268850576491e-05,0.7240775956515668,0.7240780737930624,0.009614983461474047,15,0.48264168484388664,0.020593657248405842
47,insertion,mismatched_gripper_force,False,False,True,64,0.0,-0.06792614112200605,1.018281263446704,1.0329166507697067,0.2560921401935694,61,0.9711507490399307,0.010579539970968619
47,insertion,matched_multimodal_bc,True,False,False,39,1.0,0.00010503529621636723,0.7149189566459897,0.7149197155391884,0.00039307668782351257,15,0.4744638612569503,0.021685424468422455
48,insertion,vision_only,False,False,True,64,0.0,-0.6,0.3999999998011001,1.6382663279550793,0.0,60,0.4695060426107204,0.01514661378003071
48,insertion,temporal_history,False,False,True,64,0.0,-0.6,0.47596074650641096,1.6695175797956827,0.0,60,0.6366568187873406,0.002244715660853916
48,insertion,force,True,False,False,39,1.0,-4.169159251734979e-05,0.7224721989276455,0.7224724692515393,0.009991217959294252,15,0.47247551950161526,0.017846673763238993
48,insertion,mismatched_gripper_force,False,False,True,64,0.0,-0.0682324543847404,1.018297633449849,1.0330028909709876,0.2578954322913881,61,0.9758462859461676,0.009379023086607128
48,insertion,matched_multimodal_bc,True,False,False,39,1.0,0.0001528952441839219,0.7132279949928363,0.7132281320755145,0.0008104682875829106,15,0.4632553692100147,0.01833102713623827
49,insertion,vision_only,False,False,True,64,0.0,-0.6,0.39999999991305824,1.6382663279824152,0.0,60,0.46501376801385463,0.005709860970385404
49,insertion,temporal_history,False,False,True,64,0.0,-0.13559648665098967,0.6189408183553768,0.8965581921555328,0.0,60,0.3528479017172429,0.0016129425873612033
49,insertion,force,True,False,False,39,1.0,-0.00010137277235043455,0.7122309715187368,0.7122333994383128,0.0006837791861921128,15,0.5249357915043651,0.03360458689952604
49,insertion,mismatched_gripper_force,False,False,True,64,0.0,-0.06957342630094449,1.01830334680321,1.0330342694674814,0.25759214475030945,61,0.9630765476461636,0.013191926668733226
49,insertion,matched_multimodal_bc,True,False,False,40,1.0,9.907976992368034e-05,0.7362789439998509,0.7362795520867831,0.025010516876923794,16,0.5222361141750133,0.03353740007149908
50,insertion,vision_only,False,False,True,64,0.0,0.07348373185420143,0.366911174420585,0.47278726747402716,0.0,60,0.16674489828709577,0.017384403841263114
50,insertion,temporal_history,False,False,True,64,0.0,0.3494729320925199,0.6299579194575733,1.0919832463562882,0.0,60,0.3578090025397699,0.0016616826338592733
50,insertion,force,True,False,False,42,1.0,1.7311705780922997e-05,0.7842424843718323,0.7842425268283112,0.006224404021010765,18,0.5152253166294822,0.025712423338772515
50,insertion,mismatched_gripper_force,True,False,False,33,1.0,-0.027776968949759187,0.8069862277497895,0.8070003671102517,0.027399481627786826,12,0.656365199213099,0.020940346263483164
50,insertion,matched_multimodal_bc,True,False,False,42,1.0,6.239154028910318e-05,0.7871838175591869,0.7871838176144352,0.00924402686330772,18,0.5116090303344831,0.026182910460286667
51,insertion,vision_only,False,False,True,64,0.0,0.04847357124666928,0.4131666684102321,0.5427509304861378,0.0,60,0.2004974575757243,0.017440587209712564
51,insertion,temporal_history,False,False,True,64,0.0,0.3651966571696625,0.6315302922661103,1.1258530999487135,0.0,60,0.3560263226730678,0.001622605314711856
51,insertion,force,True,False,False,48,1.0,1.3901075744775582e-05,0.8428661766789851,0.8428661987388096,0.006298639994010369,24,0.5583885630176635,0.027636138116676225
51,insertion,mismatched_gripper_force,True,False,False,35,1.0,-0.029156019672887473,0.8747904604659471,0.8747906204921111,0.03793223108431176,14,0.6698322596045224,0.019869037832869987
51,insertion,matched_multimodal_bc,True,False,False,49,1.0,4.331487424221855e-05,0.8387536532800534,0.8387536735283048,0.002189808844455743,25,0.5560878392947607,0.02739667822682441
52,insertion,vision_only,False,False,True,64,0.0,0.08886865442313295,0.36559050298418977,0.5413553282765551,0.0,60,0.17107911381214427,0.01751793471759952
52,insertion,temporal_history,True,False,False,47,1.0,0.013169237836713187,0.8158304635749363,0.8164386804179072,0.003560433845159694,23,0.495146160475248,0.0055955253185811125
52,insertion,force,True,False,False,44,1.0,4.573383626550964e-05,0.8077823713087028,0.8077827531395038,0.004541046820538686,20,0.5503497968288014,0.032710484822305826
52,insertion,mismatched_gripper_force,True,False,False,34,1.0,-0.026686493832378706,0.8122646586934368,0.8123173003306107,0.0062978760575829185,13,0.6638771530064986,0.02118504388775976
52,insertion,matched_multimodal_bc,True,False,False,45,1.0,5.126270967394313e-05,0.8088020497737489,0.8088021073131865,0.005705735095268283,21,0.5486919999006055,0.03245164892629269
53,insertion,vision_only,False,False,True,64,0.0,0.04995410607563885,0.4131606002883498,0.5488536986703895,0.0,60,0.19791141420259645,0.01757411808604897
53,insertion,temporal_history,True,False,False,42,1.0,0.01324180629762367,0.6956921427084003,0.696427560722113,0.029024199597893596,18,0.4689432767503599,0.006257285317395485
53,insertion,force,True,False,False,38,1.0,0.00013995797689574677,0.6829991829316462,0.68300412317249,0.02494691686670203,14,0.5341615290718867,0.03825802978982696
53,insertion,mismatched_gripper_force,True,False,False,33,1.0,-0.026410655738010345,0.7225291601449136,0.7226219985955737,0.061538412933460296,12,0.6508425486743146,0.02188000544209913
53,insertion,matched_multimodal_bc,True,False,False,38,1.0,0.000368109140182791,0.6833435836975272,0.6833460610133384,0.02551600141416266,14,0.525959737687969,0.03911653312353848
54,insertion,vision_only,False,False,True,64,0.0,0.08019498812470881,0.36693699839612887,0.47708676129519645,0.0,60,0.15967083943920396,0.025094471368298035
54,insertion,temporal_history,False,False,True,64,0.0,0.4131538965513097,0.5991806878469628,1.2139922015895999,0.0,60,0.33959164562965377,0.0020568734296761123
54,insertion,force,True,False,False,37,1.0,7.53076337074246e-05,0.6529372816452953,0.6529386313197556,0.013107434033021281,13,0.4705440380096455,0.02096023533086431
54,insertion,mismatched_gripper_force,True,False,False,31,1.0,-0.02861577251513291,0.6836403282395811,0.6836486842032058,0.042854063819515176,10,0.6260232740744616,0.021007350331760957
54,insertion,matched_multimodal_bc,True,False,False,37,1.0,0.0003272031246947261,0.6527203485947595,0.6527216750808464,0.012892158100460627,13,0.4636452614191507,0.021856727961174032
55,insertion,vision_only,False,False,True,64,0.0,0.06501893657292077,0.3669250968163029,0.46787732365241147,0.0,60,0.16129462144875875,0.024878552026500175
55,insertion,temporal_history,False,False,True,64,0.0,0.04949212638436092,0.6673013255437188,0.6791585030840402,0.0,60,0.4161438514181209,0.002314381203260145
55,insertion,force,False,False,True,64,0.0,-1.2057167057778083e-05,0.8519413586311428,0.8519413587967385,0.0,60,0.6352775824837726,0.019833897729004044
55,insertion,mismatched_gripper_force,True,False,False,34,1.0,-0.03224250448773089,0.8979828537153851,0.8980359808323399,0.021209508185903503,13,0.6658354296407925,0.01842088592402232
55,insertion,matched_multimodal_bc,False,False,True,64,0.0,7.622123444169997e-06,0.840166791918481,0.8401667974345712,0.0,60,0.6323742307611165,0.01141650340926138
56,insertion,vision_only,False,False,True,64,0.0,0.08461675081082894,0.36667916795861216,0.5383484488293977,0.0,60,0.17127786512906826,0.017520125013078054
56,insertion,temporal_history,False,False,True,64,0.0,0.010789360930463633,0.8595575286790967,0.8599949416339788,0.0,60,0.617538205046001,0.004373761531833425
56,insertion,force,False,False,True,64,0.0,-1.3429015262132085e-05,0.8519071359545685,0.8519071372390424,0.0,60,0.6635399616835251,0.028092074253317317
56,insertion,mismatched_gripper_force,True,False,False,35,1.0,-0.028584115272895724,0.8728004019039237,0.8728013429283242,0.01746769572116691,14,0.6737448507436092,0.020352765186430366
56,insertion,matched_multimodal_bc,False,False,True,64,0.0,7.42813932385039e-06,0.8418179028555184,0.8418179089590602,0.0,60,0.6622921593814307,0.021448312309317742
57,insertion,vision_only,False,False,True,64,0.0,0.0582468907346622,0.3913997507671837,0.5820744550001601,0.0,60,0.1814836372463361,0.01724743407034552
57,insertion,temporal_history,False,False,True,64,0.0,0.04242839123892534,0.666594949109205,0.6753418382611298,0.0,60,0.435254647646723,0.004002125443399954
57,insertion,force,True,False,False,42,1.0,0.00033070480684092537,0.768500996228441,0.7685141110317676,0.014844898092874814,18,0.5562504571129064,0.03731518245160615
57,insertion,mismatched_gripper_force,True,False,False,34,1.0,-0.026588796603089604,0.763529566447376,0.7636607610440691,0.006741750919724954,13,0.6522264511969147,0.021325106013704662
57,insertion,matched_multimodal_bc,True,False,False,42,1.0,0.00045297498544278486,0.7646518000630298,0.7646648444346743,0.011003486792687034,18,0.5499730180340037,0.038034030230583014
58,insertion,vision_only,False,False,True,64,0.0,0.050234776874566865,0.41318866734074355,0.43713097282474,0.0,60,0.18647892458300136,0.01736581765216413
58,insertion,temporal_history,False,False,True,64,0.0,0.04889951691724211,0.6672420619579998,0.6788207324228803,0.0,60,0.4140019480827062,0.0022855263158035044
58,insertion,force,True,False,False,39,1.0,8.463051811366217e-05,0.7203612099412285,0.7203627243505074,0.00563542727337385,15,0.4896487660204972,0.023034927054616454
58,insertion,mismatched_gripper_force,True,False,False,32,1.0,-0.027737951564093487,0.7641075053379185,0.7641283349497154,0.04789774432001315,11,0.6473228802411791,0.02134990047385058
58,insertion,matched_multimodal_bc,True,False,False,39,1.0,0.00024561023376131624,0.7204976132193017,0.7204982488170115,0.0059285064222558415,15,0.4838262780275474,0.023560986953704188
59,insertion,vision_only,False,False,True,64,0.0,0.05629434505921237,0.40883217221216217,0.45664803903232304,0.0,60,0.16674009010377225,0.024934735394949625
59,insertion,temporal_history,False,False,True,64,0.0,0.049608703966561536,0.6673129833451243,0.6792253251256477,0.0,60,0.41554619455588593,0.002324668307836176
59,insertion,force,False,False,True,64,0.0,-1.0737854890661231e-05,0.8524362238898264,0.8524362239457821,0.0,60,0.6325884833707859,0.019701424733019456
59,insertion,mismatched_gripper_force,True,False,False,33,1.0,-0.029365630405795734,0.8668351309244287,0.8668359231250442,0.008097455279183041,12,0.6593708082300096,0.018968432279340273
59,insertion,matched_multimodal_bc,False,False,True,64,0.0,6.491042782210169e-06,0.8371890230450463,0.8371890238143305,0.0,60,0.6300973682479101,0.010769928728244034
60,insertion,vision_only,False,False,True,64,0.0,0.08659917094493977,0.36626465900283056,0.5395386956843823,0.0,60,0.17104586013619294,0.017520125013078054
60,insertion,temporal_history,True,False,False,47,1.0,0.011957418198763918,0.8256873243266728,0.8261751649717441,0.014054036140627502,23,0.49875241005232757,0.005644791691960927
60,insertion,force,True,False,False,44,1.0,4.4212630407385917e-05,0.807902743846878,0.8079031048834575,0.004386974489421047,20,0.5477253561215163,0.03195685409822708
60,insertion,mismatched_gripper_force,True,False,False,34,1.0,-0.027719653820777814,0.8128578362901944,0.8128796004952068,0.0075830370957890025,13,0.6643726323269862,0.021147397524029804
60,insertion,matched_multimodal_bc,True,False,False,45,1.0,5.149702091817779e-05,0.8062086793540184,0.8062087403558955,0.002827603330364914,21,0.5452453619663828,0.03189614560446259
61,insertion,vision_only,False,False,True,64,0.0,-0.6,0.39999999989768187,1.638266327978661,0.0,60,0.46501376801385463,0.005709860970385404
61,insertion,temporal_history,False,False,True,64,0.0,-0.06778917038695347,0.6159433417685576,0.8424788505799574,0.0,60,0.34901883559539193,0.0016912504371335048
61,insertion,force,True,False,False,38,1.0,-8.941567395631187e-05,0.678128099819623,0.6781301713973003,0.024791256102313364,14,0.5059623930643109,0.030451482688785315
61,insertion,mismatched_gripper_force,False,False,True,64,0.0,-0.06969943951185165,1.0182950718374464,1.0330146150034103,0.3150537766968682,61,0.9561547816527124,0.0128676735503565
61,insertion,matched_multimodal_bc,True,False,False,38,1.0,0.00011492561490382925,0.677729464292657,0.6777316876097879,0.024375266782111216,14,0.49676444779191603,0.03104855662573302
62,insertion,vision_only,False,False,True,64,0.0,0.056992074496247214,0.40332820514905476,0.5778902038465666,0.0,60,0.18306678847179858,0.01724743407034552
62,insertion,temporal_history,True,False,False,58,1.0,0.03816317487124953,0.6596557561617498,0.6634432438005915,0.0007437574643072153,29,0.3927905750634663,0.004468507140358776
62,insertion,force,True,False,False,37,1.0,0.0006271377478193925,0.6433554698939916,0.6433869917739873,0.0032743784680567822,13,0.5431831081372296,0.04183602939240355
62,insertion,mismatched_gripper_force,True,False,False,33,1.0,-0.025827761012345178,0.6819157342747932,0.682190194909731,0.03764784095670737,12,0.6386976599278205,0.02199086973635614
62,insertion,matched_multimodal_bc,True,False,False,37,1.0,0.0005594794166123422,0.6465304723321224,0.6465451383072013,0.007039763171705515,13,0.537673439466814,0.04285556809056399
63,insertion,vision_only,False,False,True,64,0.0,-0.6,0.39999999985659795,1.6382663279686298,0.0,60,0.4649175202668142,0.005635091412836972
63,insertion,temporal_history,False,False,True,64,0.0,-0.6,0.47768549776455893,1.6695798230735157,0.0,60,0.6384500330901137,0.002122412976413357
63,insertion,force,True,False,False,39,1.0,-7.945425714214996e-05,0.7228851424126941,0.7228864762259154,0.01002044559581139,15,0.4900589456230044,0.02311086718752342
63,insertion,mismatched_gripper_force,False,False,True,64,0.0,-0.06958893387452278,1.0182970618657845,1.0330011232730665,0.25617372258703963,61,0.9619853307920682,0.011366079476317095
63,insertion,matched_multimodal_bc,True,False,False,39,1.0,0.00012141494921899151,0.7137022557961925,0.7137037682121589,0.000817104110706679,15,0.4810449582848827,0.023833679662577455
64,insertion,vision_only,False,False,True,64,0.0,-0.6,0.39999999984166923,1.6382663279649847,0.0,60,0.4649175202668142,0.005635091412836972
64,insertion,temporal_history,False,False,True,64,0.0,-0.6,0.4771368686633447,1.6695480908668294,0.0,60,0.6375283801111461,0.002183248114587664
64,insertion,force,True,False,False,41,1.0,-3.472560793006183e-05,0.7825169088508732,0.782517049207418,0.016342623581250493,17,0.4956518865041683,0.020329802107714047
64,insertion,mismatched_gripper_force,False,False,True,64,0.0,-0.06876167499278908,1.0182943139747966,1.032985399972157,0.20372280575281976,61,0.9695418513124718,0.010606634299422674
64,insertion,matched_multimodal_bc,True,False,False,42,1.0,4.4526614930036084e-05,0.7823177283312505,0.7823178147155235,0.01617627789055387,18,0.4911230317409442,0.020332045709891975
65,insertion,vision_only,False,False,True,64,0.0,0.06064245233271957,0.366917649068356,0.5856119875028563,0.0,60,0.17966848102799826,0.01719125070189607
65,insertion,temporal_history,False,False,True,64,0.0,0.042391932718484106,0.6665913032594861,0.6753233312972117,0.0,60,0.43595350244888564,0.004057414635651821
65,insertion,force,True,False,False,43,1.0,0.0003285920094263203,0.7887928331027022,0.7888048981009895,0.005610258040934402,19,0.5582583454874006,0.036821343783309174
65,insertion,mismatched_gripper_force,True,False,False,35,1.0,-0.026732036335035732,0.8337877122989453,0.8338334114694187,0.04911240740784406,14,0.6673757385107093,0.0206567100755414
65,insertion,matched_multimodal_bc,True,False,False,45,1.0,0.0007420202064227653,0.7853779422574744,0.7853983674970417,0.0018136624819558023,21,0.5553156471823658,0.03559243683684995
66,insertion,vision_only,False,False,True,64,0.0,-0.6,0.39999999989513824,1.6382663279780398,0.0,60,0.46501376801385463,0.005709860970385404
66,insertion,temporal_history,False,False,True,64,0.0,-0.06116828878478232,0.6156228054170069,0.8372650369932721,0.0,60,0.34760299503165104,0.0016937482700906234
66,insertion,force,True,False,False,41,1.0,-4.601435196663518e-05,0.7706228021173246,0.7706231248627111,0.019815108472877818,17,0.5169812940074565,0.027985297876337235
66,insertion,mismatched_gripper_force,False,False,True,64,0.0,-0.06975632758336638,1.0182979918219555,1.0330055627088142,0.21812016131801437,61,0.9621736670066556,0.012835194329619997
66,insertion,matched_multimodal_bc,True,False,False,41,1.0,8.104895258381534e-05,0.7673052690665447,0.767305509168105,0.016524380180040876,17,0.5112986204257808,0.028757615310351304
67,insertion,vision_only,False,False,True,64,0.0,-0.6,0.3999999998798366,1.6382663279743037,0.0,60,0.4649175202668142,0.005635091412836972
67,insertion,temporal_history,False,False,True,64,0.0,-0.6,0.4764796891323836,1.6695347978946884,0.0,60,0.6406117516073383,0.0023640904501122818
67,insertion,force,False,False,True,64,0.0,-1.0255127999028004e-05,0.8558915952565773,0.8558916141227976,0.0,60,0.6483805371194131,0.024533997781037306
67,insertion,mismatched_gripper_force,False,False,True,64,0.0,-0.06963606262112144,1.018297384990855,1.0330017105245317,0.10161189031918838,61,0.9670405240940245,0.011738443306681235
67,insertion,matched_multimodal_bc,False,False,True,64,0.0,-6.00777369717241e-05,0.8456748994859616,0.8456791350132666,0.0,60,0.6473796784169804,0.014813376226074853
68,insertion,vision_only,False,False,True,64,0.0,-0.6,0.39999999985126256,1.638266327967327,0.0,60,0.4649175202668142,0.005635091412836972
68,insertion,temporal_history,False,False,True,64,0.0,-0.6,0.4775017270213514,1.6695697533971579,0.0,60,0.6384500330901137,0.002122412976413357
68,insertion,force,True,False,False,40,1.0,-5.243846797410203e-05,0.758818039899129,0.758818518638415,0.008952169229566986,16,0.49282363554749403,0.021770565803096373
68,insertion,mismatched_gripper_force,False,False,True,64,0.0,-0.06969939099523395,1.0183037199722436,1.0330351177253574,0.21952193389705954,61,0.9655665620514549,0.010827083463812583
68,insertion,matched_multimodal_bc,True,False,False,41,1.0,4.030605707269892e-05,0.7663092449997515,0.7663096447022801,0.016468995742034087,17,0.4898404086033499,0.021914612984440113
69,insertion,vision_only,False,False,True,64,0.0,-0.6,0.39999999987523305,1.6382663279731797,0.0,60,0.4649175202668142,0.005635091412836972
69,insertion,temporal_history,False,False,True,64,0.0,-0.6,0.4780121487751541,1.669618675888714,0.0,60,0.6383317368134805,0.0023054833443605046
69,insertion,force,False,False,True,64,0.0,-1.4180748011784174e-05,0.8497691027807559,0.849769105379104,0.0,60,0.6475218950701549,0.021647923789754542
69,insertion,mismatched_gripper_force,False,False,True,64,0.0,-0.06823945433330808,1.018298333216936,1.0330065820520002,0.11844298035416412,61,0.9711523618150818,0.011689948328827937
69,insertion,matched_multimodal_bc,False,False,True,64,0.0,-3.11487888556045e-05,0.8455471777491805,0.8455495276851732,0.0,60,0.6457039826760782,0.014700360159835956
70,insertion,vision_only,False,False,True,64,0.0,-0.6,0.39999999992844837,1.6382663279861729,0.0,60,0.4657893380027476,0.005516707831018361
70,insertion,temporal_history,False,False,True,64,0.0,-0.6,0.47374963381023794,1.6695001795720206,0.0,60,0.6662378150779051,0.0029274302925740756
70,insertion,force,True,False,False,42,1.0,-0.00010767963409294006,0.7918331317789169,0.7918354949747449,0.02406024014124608,18,0.5475047095878837,0.0344775363234747
70,insertion,mismatched_gripper_force,False,False,True,64,0.0,-0.06956915338765482,1.018225709180939,1.0329103078852762,0.200137309069517,61,0.9551132535641802,0.014338660818218952
70,insertion,matched_multimodal_bc,True,False,False,41,1.0,1.8130852032130618e-05,0.7676726674769351,0.7676732792956845,0.00018362573712737973,17,0.5385156709009434,0.035854072861040906
71,insertion,vision_only,False,False,True,64,0.0,-0.6,0.3999999920905358,1.638266326072464,0.0,60,0.42106394845006834,0.014895783232774296
71,insertion,temporal_history,False,False,True,64,0.0,-0.0194079297645932,0.8454504330335237,0.8468983095282169,0.0,60,0.43032834487041904,0.0018548080773394095
71,insertion,force,False,False,True,64,0.0,-1.0922991029172932e-05,0.8472774480341099,0.8472774489005628,0.0,60,0.6271158635107055,0.016846460687234003
71,insertion,mismatched_gripper_force,False,False,True,64,0.0,-0.06715018060375787,1.0182036676479256,1.0325100624943095,0.09708307026679741,61,0.9846533596083801,0.00806359532304726
71,insertion,matched_multimodal_bc,False,False,True,64,0.0,-1.0183526474816077e-05,0.8398760217252778,0.839876022067261,0.0,60,0.6241528477741585,0.0074696787777566494
72,insertion,vision_only,False,False,True,64,0.0,0.06711310370255329,0.36691941310369647,0.4690300844191101,0.0,60,0.15015187346493597,0.00325701167623418
72,insertion,temporal_history,False,False,True,64,0.0,0.29597766655820457,0.6246044503362063,0.9802916682888506,0.0,60,0.3546817564950087,0.0016202472439438929
72,insertion,force,True,False,False,38,1.0,4.485019275151813e-05,0.7055555062574052,0.7055558977356658,0.01723426619421642,14,0.455538891120538,0.012338556934005804
72,insertion,mismatched_gripper_force,True,False,False,31,1.0,-0.029106067672952613,0.7669650397979559,0.7669650625066834,0.07866759196282969,10,0.6320165966066527,0.017048572651576936
72,insertion,matched_multimodal_bc,True,False,False,38,1.0,0.00018350156287473101,0.7106666901501459,0.7106668608770759,0.022423841204562533,14,0.4531561965722681,0.01366582544968738
73,insertion,vision_only,False,False,True,64,0.0,0.05719802103242073,0.4066665021867679,0.45879086264602703,0.0,60,0.1668525721564602,0.02008546412633568
73,insertion,temporal_history,False,False,True,64,0.0,0.4226411448827247,0.5990320399369318,1.2355731694954384,0.0,60,0.3403629517415076,0.002057714459410824
73,insertion,force,True,False,False,37,1.0,8.407544955802308e-05,0.6533557287853005,0.6533575072897593,0.037601760177819576,13,0.47167299960133935,0.021277870510850793
73,insertion,mismatched_gripper_force,True,False,False,31,1.0,-0.027981914239041047,0.6836119541732086,0.6836364197158942,0.0662530836243943,10,0.6255768105990493,0.02126573703203966
73,insertion,matched_multimodal_bc,True,False,False,37,1.0,0.00032724642120484656,0.6530573882312423,0.6530590028467389,0.037323943167574924,13,0.46477593967250785,0.022100929169559115
74,insertion,vision_only,False,False,True,64,0.0,-0.6,0.39999999992847046,1.6382663279861782,0.0,60,0.4657893380027476,0.005516707831018361
74,insertion,temporal_history,False,False,True,64,0.0,-0.6,0.4737496338102479,1.6695001795720235,0.0,60,0.6662378150779051,0.0029274302925740756
74,insertion,force,True,False,False,42,1.0,-0.00010768855393589373,0.7918332726434938,0.7918356445141858,0.006672640461494295,18,0.5475791829382897,0.03453699540660008
74,insertion,mismatched_gripper_force,False,False,True,64,0.0,-0.06962266403011766,1.0182310602108124,1.0329385184179707,0.18271582992049207,61,0.9551132535641802,0.014338660818218957
74,insertion,matched_multimodal_bc,True,False,False,42,1.0,2.8850097726627714e-05,0.7858691015807275,0.7858695357372653,0.0010389113492784707,18,0.5429617274660756,0.03485303289249253
75,insertion,vision_only,False,False,True,64,0.0,-0.6,0.39999999978158274,1.638266327950314,0.0,60,0.4695060426107204,0.01514661378003071
75,insertion,temporal_history,False,False,True,64,0.0,-0.6,0.4769800693851938,1.6695439720001521,0.0,60,0.6344917331224684,0.002209703882943014
75,insertion,force,True,False,False,39,1.0,-4.9676404159721115e-05,0.7235308922356102,0.723531318586678,0.02585866188337982,15,0.46871362384443416,0.016471813151554857
75,insertion,mismatched_gripper_force,False,False,True,64,0.0,-0.06806246295056388,1.0182948957880804,1.0329884564671086,0.2729009098531092,61,0.9791342561590806,0.009123342009353446
75,insertion,matched_multimodal_bc,True,False,False,39,1.0,0.00010384090194117548,0.7205497611474387,0.7205503014383289,0.022846353560492805,15,0.46236429293097625,0.01741015932374204
76,insertion,vision_only,False,False,True,64,0.0,0.08649428617723989,0.3662541705260615,0.5393099019336479,0.0,60,0.17104586013619294,0.017520125013078054
76,insertion,temporal_history,True,False,False,40,1.0,0.011882239185433642,0.6492303193879485,0.6498710172028546,0.025991726102710055,16,0.4629327168970715,0.006328262676874881
76,insertion,force,True,False,False,37,1.0,0.0001525757239214226,0.6465536541665274,0.646560277323854,0.03092587927222168,13,0.5260663627828848,0.037644705970327444
76,insertion,mismatched_gripper_force,True,False,False,32,1.0,-0.02649725840112386,0.6416880365978079,0.641844902855713,0.022264890555658945,11,0.6315387088328187,0.02180637951524162
76,insertion,matched_multimodal_bc,True,False,False,37,1.0,0.0004177881026206076,0.6473239699975953,0.647328733542736,0.03182635992764116,13,0.5190644392518304,0.03843105313041399
77,insertion,vision_only,False,False,True,64,0.0,-0.6,0.3999999998859901,1.638266327975806,0.0,60,0.4650047681806667,0.005443689902589726
77,insertion,temporal_history,False,False,True,64,0.0,-0.6,0.4765575020181164,1.6695368527181804,0.0,60,0.6404596523601817,0.0022810865220332503
77,insertion,force,True,False,False,42,1.0,-3.0338096794504388e-05,0.8081639835305887,0.8081640800555319,0.015107036809016039,18,0.5172335194116163,0.024173768342890357
77,insertion,mismatched_gripper_force,False,False,True,64,0.0,-0.06974483838500559,1.0182968822449467,1.032999543120723,0.1758440167132449,61,0.9653404741315461,0.011759518545509605
77,insertion,matched_multimodal_bc,True,False,False,43,1.0,3.9417974814977903e-05,0.7991789512658457,0.7991789616735029,0.006206113148978676,19,0.5132988796477506,0.02371117927156492
78,insertion,vision_only,False,False,True,64,0.0,-0.6,0.39999999990726365,1.6382663279810004,0.0,60,0.46501376801385463,0.005709860970385404
78,insertion,temporal_history,False,False,True,64,0.0,-0.09757861715245467,0.6170696604936021,0.8623731338532813,0.0,60,0.35281214796952964,0.001658568391119037
78,insertion,force,True,False,False,38,1.0,-0.00010032814365226144,0.6800761516612559,0.6800787940361763,0.021857479564817095,14,0.5144909001996986,0.032369899186281303
78,insertion,mismatched_gripper_force,False,False,True,64,0.0,-0.06953674729569964,1.0182558347527537,1.0329596930791127,0.3097944712305398,61,0.9546409342927186,0.01305101770718231
78,insertion,matched_multimodal_bc,True,False,False,38,1.0,7.017698343128053e-05,0.6794983550143736,0.679502657742881,0.02112662082102612,14,0.5054411264983516,0.03341731979692739
79,insertion,vision_only,False,False,True,64,0.0,-0.6,0.399999999836784,1.638266327963792,0.0,60,0.4649175202668142,0.005635091412836972
79,insertion,temporal_history,False,False,True,64,0.0,-0.6,0.47701166480441126,1.6695434063152288,0.0,60,0.6375283801111461,0.002183248114587664
79,insertion,force,True,False,False,38,1.0,-6.406065251573123e-05,0.6876225655821839,0.6876235498713167,0.030831416378905407,14,0.4764999337706692,0.021052670039730315
79,insertion,mismatched_gripper_force,False,False,True,64,0.0,-0.06770677869835605,1.01825932718693,1.0328013403011196,0.3140043142206306,61,0.9708034129644998,0.010536053724857749
79,insertion,matched_multimodal_bc,True,False,False,38,1.0,0.00013803992846236129,0.6853166515748526,0.6853178790100681,0.028482800822591803,14,0.4667599266710491,0.022092271471098605
80,insertion,vision_only,False,False,True,64,0.0,0.054066000725643215,0.41292943911149627,0.4494966034415556,0.0,60,0.17777159284295768,0.01736581765216413
80,insertion,temporal_history,True,False,False,47,1.0,0.04849409357505708,0.6171716367608663,0.6243952602016085,0.005804454575998208,18,0.3553546077631859,0.0031691765357393163
80,insertion,force,True,False,False,36,1.0,0.00020364896018587074,0.6118828169745467,0.6118940239842662,0.02713528743005955,12,0.4836642208425866,0.026029398140853827
80,insertion,mismatched_gripper_force,True,False,False,31,1.0,-0.02723466433875647,0.6602891371940989,0.6604081170399059,0.07254122121225226,10,0.6248715729226257,0.022066112403783932
80,insertion,matched_multimodal_bc,True,False,False,36,1.0,0.00035762465733577546,0.6142217287286003,0.6142323734120217,0.02950433628678295,12,0.47957761222142303,0.026141272313306384
81,insertion,vision_only,False,False,True,64,0.0,-0.6,0.39999999985169077,1.6382663279674317,0.0,60,0.4649175202668142,0.005635091412836972
81,insertion,temporal_history,False,False,True,64,0.0,-0.6,0.47751647427570265,1.6695705087469794,0.0,60,0.6384500330901137,0.002122412976413357
81,insertion,force,True,False,False,36,1.0,-0.00013800083178442822,0.6132721671367647,0.6132793984632415,0.018427396896381842,12,0.4752199038404087,0.023592884307905446
81,insertion,mismatched_gripper_force,False,False,True,64,0.0,-0.06944685251790475,1.0183022078795152,1.0330271971732243,0.3751522244003995,61,0.9647498580685212,0.010832794171502054
81,insertion,matched_multimodal_bc,True,False,False,36,1.0,-2.8477442600782768e-05,0.6136506657142222,0.6136575631192674,0.018831432611637666,12,0.47049021692939796,0.024003991145440592
82,insertion,vision_only,False,False,True,64,0.0,0.05622282419905773,0.4088250201283822,0.5747689141792136,0.0,60,0.1846499396972611,0.01724743407034552
82,insertion,temporal_history,True,False,False,43,1.0,0.020000391909569752,0.6488523476795802,0.6507976574427745,0.028508744779889406,18,0.4575161369433723,0.006117013503172343
82,insertion,force,True,False,False,37,1.0,0.0004636836347204708,0.6446181253839024,0.6446419454437865,0.037355631673697376,13,0.5426088342224975,0.04143435689465427
82,insertion,mismatched_gripper_force,True,False,False,33,1.0,-0.02632564866346705,0.6863518983808998,0.6866088765897795,0.07483492301387396,12,0.639512858264917,0.022146426141313937
82,insertion,matched_multimodal_bc,True,False,False,36,1.0,0.0007299361348197251,0.6083255213442396,0.6083397013309028,0.0014249727127270129,12,0.537590223029269,0.043228830570085225
83,insertion,vision_only,False,False,True,64,0.0,0.048295427804159595,0.41314885391061884,0.43547816446161036,0.0,60,0.18336317797112842,0.024934735394949625
83,insertion,temporal_history,False,False,True,64,0.0,0.09949289969435561,0.6684033657140459,0.6860340253687716,0.0,60,0.3847081527519116,0.0021617423906812867
83,insertion,force,True,False,False,44,1.0,1.3052337236128134e-05,0.8263344786356068,0.8263344912407345,0.0013501851435014922,21,0.5028246240764577,0.015632011565520208
83,insertion,mismatched_gripper_force,True,False,False,33,1.0,-0.0293213984589113,0.8787053527621163,0.8787061151787398,0.05361478015730181,12,0.6588555256790344,0.017571677712413844
83,insertion,matched_multimodal_bc,True,False,False,47,1.0,4.678992519341295e-05,0.8269998415274545,0.8269998707575722,0.0019943849438470718,23,0.5011791535790293,0.014429797922640918
84,insertion,vision_only,False,False,True,64,0.0,-0.6,0.3999999997922771,1.638266327952925,0.0,60,0.4695060426107204,0.01514661378003071
84,insertion,temporal_history,False,False,True,64,0.0,-0.6,0.4772305439706741,1.6695566830911284,0.0,60,0.6344917331224684,0.002209703882943014
84,insertion,force,True,False,False,38,1.0,-6.593262256276748e-05,0.6925886099701934,0.6925895878305208,0.02588826804240585,14,0.4650294323116202,0.017303474249254134
84,insertion,mismatched_gripper_force,False,False,True,64,0.0,-0.06803151675103557,1.0182918011481896,1.0329721461451276,0.3039956593080728,61,0.9776560434802612,0.009101139283124993
84,insertion,matched_multimodal_bc,True,False,False,38,1.0,0.0002025841423321817,0.6847519755735142,0.6847522630864556,0.018221062439406133,14,0.454243643268218,0.017985643509677723
85,insertion,vision_only,False,False,True,64,0.0,-0.6,0.39999999992593926,1.6382663279855603,0.0,60,0.4657893380027476,0.005516707831018361
85,insertion,temporal_history,False,False,True,64,0.0,-0.6,0.47374963380935364,1.6695001795717697,0.0,60,0.6662378150779051,0.0029274302925740756
85,insertion,force,True,False,False,39,1.0,-0.00012612765544018514,0.7099430703971257,0.7099472345426724,0.02106515588986213,15,0.5317652758062038,0.03593446934063063
85,insertion,mismatched_gripper_force,False,False,True,64,0.0,-0.06958559728644201,1.0176445701950336,1.0323420196558064,0.27847366281880404,61,0.9516795155313382,0.014041157538837836
85,insertion,matched_multimodal_bc,True,False,False,39,1.0,7.007651851711417e-05,0.7123961027541926,0.7123977902131219,0.02377918436990456,15,0.5261342781783126,0.036911709806753124
86,insertion,vision_only,False,False,True,64,0.0,-0.6,0.3999999998087751,1.6382663279569534,0.0,60,0.4695060426107204,0.01514661378003071
86,insertion,temporal_history,False,False,True,64,0.0,-0.6,0.47639409415351386,1.6695276266413501,0.0,60,0.638015288131049,0.0022445295757116995
86,insertion,force,True,False,False,41,1.0,-2.7091050373093956e-05,0.7759085761904425,0.7759086597130839,0.015140799026667318,17,0.48403529224970737,0.017490288086575666
86,insertion,mismatched_gripper_force,False,False,True,64,0.0,-0.06810168416654148,1.018298817852629,1.033009136394448,0.2095944571771411,61,0.9753989983714597,0.00990769547517899
86,insertion,matched_multimodal_bc,True,False,False,42,1.0,0.00010368203670640456,0.7732872429027514,0.773287310029201,0.012534307351352636,18,0.47826083932197494,0.017347089663397177
87,insertion,vision_only,False,False,True,64,0.0,-0.6,0.39999999987845214,1.6382663279739658,0.0,60,0.4649175202668142,0.005635091412836972
87,insertion,temporal_history,False,False,True,64,0.0,-0.6,0.4764321568306781,1.6695334714026762,0.0,60,0.6406117516073383,0.0023640904501122818
87,insertion,force,True,False,False,41,1.0,-5.618953666203639e-05,0.7811858399515645,0.7811863621955523,0.022462613350467397,17,0.5092886272894277,0.02452011998630671
87,insertion,mismatched_gripper_force,False,False,True,64,0.0,-0.06893103994712226,1.0182971920597526,1.0330005808526654,0.21116506635205456,61,0.9690936884677666,0.011727479868036829
87,insertion,matched_multimodal_bc,True,False,False,41,1.0,-0.00020947498200072837,0.767993531524606,0.7680047598006002,0.008314935306662496,17,0.5022406020990855,0.02459794722200725
88,insertion,vision_only,False,False,True,64,0.0,-0.6,0.39999999975157907,1.6382663279429883,0.0,60,0.4695060426107204,0.01514661378003071
88,insertion,temporal_history,False,False,True,64,0.0,-0.6,0.47799121839314984,1.669593979250448,0.0,60,0.6309258212958322,0.0022470187129253307
88,insertion,force,True,False,False,40,1.0,-3.7678317473373234e-05,0.7600094790547358,0.7600096589941158,0.02590977251425408,16,0.47122030160302464,0.01454179311129323
88,insertion,mismatched_gripper_force,False,False,True,64,0.0,-0.0678679153388585,1.018275441086437,1.0328860155899482,0.23658210008159775,61,0.9807443919381588,0.008622235347514533
88,insertion,matched_multimodal_bc,True,False,False,40,1.0,6.203904493781971e-05,0.7588077289118335,0.7588086402755505,0.024512881415981513,16,0.4658993313237739,0.015427306327303674
89,insertion,vision_only,False,False,True,64,0.0,-0.6,0.3999999997877929,1.6382663279518304,0.0,60,0.4695060426107204,0.01514661378003071
89,insertion,temporal_history,False,False,True,64,0.0,-0.6,0.47712551932795655,1.6695513091154406,0.0,60,0.6344917331224684,0.002209703882943014
89,insertion,force,True,False,False,38,1.0,-6.932240572344456e-05,0.6928243354685181,0.692825458658217,0.009826971095042603,14,0.46418321898970616,0.017029074504173104
89,insertion,mismatched_gripper_force,False,False,True,64,0.0,-0.06826148848082451,1.0183005368898401,1.0330182035752873,0.2875742744380746,61,0.9772179484987582,0.009051849763165636
89,insertion,matched_multimodal_bc,True,False,False,38,1.0,0.0001305463437754213,0.689560752979429,0.6895623501921428,0.00649221507354214,14,0.45520367821046515,0.01810827684167153
90,insertion,vision_only,False,False,True,64,0.0,-0.6,0.39999999989018376,1.6382663279768301,0.0,60,0.46501376801385463,0.005709860970385404
90,insertion,temporal_history,False,False,True,64,0.0,-0.050085185738684396,0.6149913271244318,0.8271940525419618,0.0,60,0.34444818643752606,0.0016967974024564856
90,insertion,force,True,False,False,37,1.0,-8.93344646556251e-05,0.6448388398229781,0.6448412489922143,0.001220858140052128,13,0.49784477891687723,0.029451522461843706
90,insertion,mismatched_gripper_force,False,False,True,64,0.0,-0.0695402202167858,1.0182921188677672,1.0329753733383613,0.32554481385967715,61,0.961998939278168,0.012720140571863743
90,insertion,matched_multimodal_bc,True,False,False,37,1.0,0.00014790752381891177,0.6438174551012779,0.6438186297165077,0.00035366571545247805,13,0.4902806927081382,0.029933166751450215
91,insertion,vision_only,False,False,True,64,0.0,0.05751362289689202,0.40338035998687977,0.459916367316243,0.0,60,0.16515693887830976,0.024934735394949625
91,insertion,temporal_history,False,False,True,64,0.0,0.051485856211100474,0.6675006985695615,0.6803183140510589,0.0,60,0.41554619455588593,0.002324668307836176
91,insertion,force,True,False,False,45,1.0,8.61531770266735e-06,0.8344213970304875,0.8344214026873604,0.01370674778436598,21,0.5073860751283227,0.016774711914927812
91,insertion,mismatched_gripper_force,True,False,False,33,1.0,-0.028396023088930158,0.8662351464878821,0.8662351690118427,0.045298841593388595,12,0.659422826656091,0.019054215247713533
91,insertion,matched_multimodal_bc,True,False,False,45,1.0,3.4717191408707995e-05,0.8256899949740815,0.8256899997362475,0.004978918516679309,21,0.5015332539241616,0.017020130973915363
92,insertion,vision_only,False,False,True,64,0.0,-0.6,0.3999999998747221,1.638266327973055,0.0,60,0.4649175202668142,0.005635091412836972
92,insertion,temporal_history,False,False,True,64,0.0,-0.6,0.47800022159093136,1.6696177759900457,0.0,60,0.6383317368134805,0.0023054833443605046
92,insertion,force,True,False,False,36,1.0,-0.0002345463476861919,0.6108120357323065,0.6108272971961377,0.013568713742830973,12,0.48586961547843927,0.02678583264196634
92,insertion,mismatched_gripper_force,False,False,True,64,0.0,-0.0682017333892145,1.0182945611264929,1.0329866940452892,0.37421957525494554,61,0.9713846276681231,0.011663302506660951
92,insertion,matched_multimodal_bc,True,False,False,36,1.0,-0.00015814351108781892,0.613925760822177,0.6139437676328955,0.016584021824652906,12,0.48221654153098625,0.026736818492937776
93,insertion,vision_only,False,False,True,64,0.0,-0.6,0.3999999999319165,1.6382663279870195,0.0,60,0.4657893380027476,0.005516707831018361
93,insertion,temporal_history,False,False,True,64,0.0,-0.6,0.47374963381180135,1.6695001795724642,0.0,60,0.6662378150779051,0.0029274302925740756
93,insertion,force,True,False,False,45,1.0,-0.0001358466423236365,0.8457798202251665,0.8457833060323316,0.010429624467849563,21,0.5642045078376738,0.033518479165455244
93,insertion,mismatched_gripper_force,False,False,True,64,0.0,-0.06970716080179752,1.0048824633749343,1.0204915994297588,0.11888271887164725,61,0.9445931984468502,0.014709046798509186
93,insertion,matched_multimodal_bc,True,False,False,47,1.0,-9.799380749101214e-06,0.8367325783584187,0.8367328028402891,0.0019196405173833586,23,0.5684184511586803,0.03299681963116432
94,insertion,vision_only,False,False,True,64,0.0,0.05724007883985249,0.40335300558341314,0.5784326821173554,0.0,60,0.18306678847179858,0.01724743407034552
94,insertion,temporal_history,False,False,True,64,0.0,0.04076370493725635,0.6664284804790529,0.6745093826256086,0.0,60,0.435254647646723,0.004002125443399954
94,insertion,force,True,False,False,41,1.0,0.0003424407793304302,0.7541714992592774,0.7541856683379595,0.013056288748270917,17,0.5518952074800464,0.037883299116202154
94,insertion,mismatched_gripper_force,True,False,False,34,1.0,-0.026595505989804594,0.7716459325867971,0.771800176383744,0.027084735876244825,13,0.6530535441745529,0.021315436100766562
94,insertion,matched_multimodal_bc,True,False,False,41,1.0,0.0004664125143252606,0.7532523529649728,0.7532638353117832,0.012276350471113973,17,0.5467753623529851,0.03874294536380443
95,insertion,vision_only,False,False,True,64,0.0,-0.6,0.39999999992465474,1.6382663279852465,0.0,60,0.4657893380027476,0.005516707831018361
95,insertion,temporal_history,False,False,True,64,0.0,-0.6,0.4737496338089625,1.6695001795716586,0.0,60,0.6662378150779051,0.0029274302925740756
95,insertion,force,True,False,False,42,1.0,-9.043772539811467e-05,0.793771561797233,0.7937731362644413,0.006768115757294302,18,0.5422581708658109,0.033216599944110546
95,insertion,mismatched_gripper_force,False,False,True,64,0.0,-0.06947012863814943,1.0182923846902552,1.0330153261402761,0.18121386724404254,61,0.9586070664816585,0.013936945601962389
95,insertion,matched_multimodal_bc,True,False,False,43,1.0,-1.3545792748745897e-05,0.7994435456774773,0.7994439178090647,0.012683522086195498,19,0.5416271830546996,0.03279873831015564
96,insertion,vision_only,False,False,True,64,0.0,0.05702251486134299,0.40333124918441454,0.5129233106632238,0.0,60,0.17691322708552687,0.017440587209712564
96,insertion,temporal_history,False,False,True,64,0.0,0.3532326358029985,0.6303338898980568,1.1000435918314173,0.0,60,0.3560300638606728,0.0016226053147118558
96,insertion,force,True,False,False,37,1.0,0.00011622824266161461,0.6475995111409724,0.6476035487077647,0.039083604182850284,13,0.5101647268161184,0.03265738681021843
96,insertion,mismatched_gripper_force,True,False,False,32,1.0,-0.026750993110791935,0.67143179054504,0.6715717250234887,0.05916230785311638,11,0.6298119388505043,0.021986924296012546
96,insertion,matched_multimodal_bc,True,False,False,37,1.0,0.0003572266470929516,0.6472111020834749,0.6472140793993276,0.0387913281079697,13,0.5030716754860068,0.03347964730558279
97,insertion,vision_only,False,False,True,64,0.0,0.08643011731697842,0.3662477536387715,0.4805768136510281,0.0,60,0.14812912497281513,0.0032185445045325206
97,insertion,temporal_history,False,False,True,64,0.0,0.44319218123768284,0.6000306360767288,1.282643322405312,0.0,60,0.33877674430304305,0.0020215199881497966
97,insertion,force,True,False,False,41,1.0,2.515061252256227e-05,0.7757249705472985,0.7757250760614588,0.016183049494344348,17,0.47489355823737595,0.013788479749676725
97,insertion,mismatched_gripper_force,True,False,False,31,1.0,-0.02768322367966126,0.7633965422078555,0.7634188476754583,0.001985286565397648,10,0.6366732329227645,0.017880772894353254
97,insertion,matched_multimodal_bc,True,False,False,41,1.0,9.169408951645368e-05,0.7730805249116526,0.7730806239268917,0.013541281739086197,17,0.4692736053956397,0.014556059586876183
98,insertion,vision_only,False,False,True,64,0.0,0.04847256550993755,0.41316656775658456,0.47790921645641815,0.0,60,0.19511946617834552,0.017440587209712564
98,insertion,temporal_history,False,False,True,64,0.0,0.34589446924996,0.6296000727066456,1.0843346625694485,0.0,60,0.35672796923727457,0.0016506371883780258
98,insertion,force,True,False,False,36,1.0,0.00010786547917514349,0.6086721543151816,0.6086760406180636,0.011788228777139587,12,0.4958003522126945,0.02992997212600081
98,insertion,mismatched_gripper_force,True,False,False,31,1.0,-0.025633663029420266,0.6316154519926949,0.6318307016969427,0.030024645886111867,10,0.635147413445737,0.02172577383510062
98,insertion,matched_multimodal_bc,True,False,False,36,1.0,0.00036370670375601,0.6080948585799681,0.6080963373142644,0.01145203551497087,12,0.4901401782130056,0.03028639296413643
99,insertion,vision_only,False,False,True,64,0.0,0.04485020328374576,0.4131895392710053,0.43585059942682125,0.0,60,0.19127893409844088,0.024934735394949625
99,insertion,temporal_history,False,False,True,64,0.0,0.060914928865967104,0.6684149380910497,0.6860949632590921,0.0,60,0.41328055005681585,0.0021151260497843396
99,insertion,force,True,False,False,45,1.0,9.476101309542851e-06,0.8412285907318293,0.8412285980232137,0.01133374495655759,21,0.4991369764492165,0.013605461122320401
99,insertion,mismatched_gripper_force,True,False,False,33,1.0,-0.029602583295469675,0.88105526525154,0.8810614359547907,0.050412208302108796,12,0.657884062381349,0.017337793660799992
99,insertion,matched_multimodal_bc,True,False,False,46,1.0,3.46730177402076e-05,0.83522053920261,0.8352205435182978,0.005334249343955655,22,0.49867449780661227,0.01388337224132609
100,insertion,vision_only,False,False,True,64,0.0,0.057799196507553406,0.3985299432514823,0.5153299170410518,0.0,60,0.17612165147279563,0.017440587209712564
100,insertion,temporal_history,False,False,True,64,0.0,0.35405111021138935,0.6304157374210969,1.101801559578211,0.0,60,0.3560294403294053,0.0016226053147118558
100,insertion,force,True,False,False,37,1.0,0.00012147498354062988,0.6469031413099795,0.6469074972887698,0.027784570900038497,13,0.5108160138327543,0.03284865985511986
100,insertion,mismatched_gripper_force,True,False,False,32,1.0,-0.026739584807767867,0.6699764114850308,0.6701398482329519,0.04680507472848505,11,0.628979071357239,0.021894712466935418
100,insertion,matched_multimodal_bc,True,False,False,37,1.0,0.0003556887676361603,0.6472233423610524,0.647226279947355,0.02823078853249128,13,0.5039890619873857,0.03370021756301063
101,insertion,vision_only,False,False,True,64,0.0,0.07831542949337067,0.36696414309270564,0.5340063529980923,0.0,60,0.17165887969872384,0.017384403841263114
101,insertion,temporal_history,False,False,True,64,0.0,0.3617618764414075,0.6311868141637897,1.1184190402588567,0.0,60,0.3560275697356028,0.0016226053147118558
101,insertion,force,True,False,False,37,1.0,0.00012795339091294653,0.6469380547701531,0.646942796763728,0.02880181385474956,13,0.5176016553399776,0.03485209284593588
101,insertion,mismatched_gripper_force,True,False,False,32,1.0,-0.026640935219138906,0.6612159861702545,0.6613888047943081,0.038933593606968575,11,0.6309775211307014,0.021884742203185377
101,insertion,matched_multimodal_bc,True,False,False,37,1.0,0.0003800531934913206,0.6475913851730491,0.647595270691455,0.029524018770187177,13,0.5110543680012307,0.03518283110648245
102,insertion,vision_only,False,False,True,64,0.0,0.058166229201633016,0.39139168461164664,0.4622137869302342,0.0,60,0.16357378765284727,0.024934735394949625
102,insertion,temporal_history,False,False,True,64,0.0,0.046291826286994034,0.6669812955340106,0.6773725540731811,0.0,60,0.4161438514181209,0.002314381203260145
102,insertion,force,True,False,False,38,1.0,4.5675541485538014e-05,0.6875970249584775,0.6875974710088153,0.005429538759416541,14,0.47054386652816665,0.019391348622061592
102,insertion,mismatched_gripper_force,True,False,False,31,1.0,-0.02717084091951298,0.719672573657095,0.7197253046140755,0.034870368368415505,10,0.6373913108429404,0.020509382777488917
102,insertion,matched_multimodal_bc,True,False,False,38,1.0,0.00025816576422998277,0.6858870095948735,0.6858871256557868,0.0038337237023781112,14,0.46169059339693813,0.0202587715197713
103,insertion,vision_only,False,False,True,64,0.0,-0.6,0.399999999829319,1.6382663279619694,0.0,60,0.46501514927338594,0.005456681685985938
103,insertion,temporal_history,False,False,True,64,0.0,-0.6,0.4766585236690437,1.6695387705987652,0.0,60,0.6393917316775939,0.002255674574886879
103,insertion,force,True,False,False,39,1.0,-4.721176505354526e-05,0.7208465486972505,0.720846936111151,0.007011302623807114,15,0.4777289277911063,0.01941541849682524
103,insertion,mismatched_gripper_force,False,False,True,64,0.0,-0.06759077956184524,1.0182477272650545,1.0327404814288632,0.25689685661011075,61,0.9707506261145558,0.01005585787716713
103,insertion,matched_multimodal_bc,True,False,False,40,1.0,0.00010467073428932684,0.7388372644586259,0.738837506396983,0.025054542107599387,16,0.4737749693764125,0.019225239889456545
104,insertion,vision_only,False,False,True,64,0.0,-0.6,0.39999999985742785,1.6382663279688323,0.0,60,0.4649175202668142,0.005635091412836972
104,insertion,temporal_history,False,False,True,64,0.0,-0.6,0.47771407788645726,1.669582744178604,0.0,60,0.6384500330901137,0.002122412976413357
104,insertion,force,True,False,False,42,1.0,-5.055106163288854e-05,0.8070646083573371,0.8070649994893547,0.0029393416113763227,18,0.5060300121191841,0.021492378140494477
104,insertion,mismatched_gripper_force,False,False,True,64,0.0,-0.06954624050832194,1.0183030739657448,1.0330342894550053,0.16449400412330129,61,0.9607394142101635,0.011378611672802436
104,insertion,matched_multimodal_bc,True,False,False,44,1.0,1.0941979628175477e-05,0.8081055601532563,0.8081057454926672,0.004056379200187754,20,0.5074050060801034,0.021039316934663713
105,insertion,vision_only,False,False,True,64,0.0,-0.6,0.3999999999340341,1.6382663279875367,0.0,60,0.4657893380027476,0.005516707831018361
105,insertion,temporal_history,False,False,True,64,0.0,-0.6,0.4737496338127559,1.669500179572735,0.0,60,0.6662378150779051,0.0029274302925740756
105,insertion,force,True,False,False,45,1.0,-0.0001574823834581942,0.846050821204043,0.8460555972328624,0.019530274071571596,21,0.5672128587369414,0.03427498065894461
105,insertion,mismatched_gripper_force,False,False,True,64,0.0,-0.06958747623766628,1.0047648383778578,1.0203656752518235,0.1268730629218766,61,0.9442118428616513,0.014841720155644748
105,insertion,matched_multimodal_bc,True,False,False,47,1.0,-8.690387918860644e-05,0.8284972956609654,0.8284990502696112,0.0023141851146359915,23,0.5704242406619413,0.03345621245136994
106,insertion,vision_only,False,False,True,64,0.0,0.05404496842789941,0.4129273358835683,0.565692765709757,0.0,60,0.18939939337364858,0.01724743407034552
106,insertion,temporal_history,True,False,False,45,1.0,0.0162259460174205,0.7748493182097507,0.7758411600414293,0.01252142304918058,21,0.48727606490950787,0.0060440728499679955
106,insertion,force,True,False,False,41,1.0,0.00015052834576324603,0.7563912096092724,0.7563960993337172,0.004784025211504006,17,0.5485869736360174,0.03696771345856452
106,insertion,mismatched_gripper_force,True,False,False,34,1.0,-0.026291571863989595,0.7791626332855585,0.7792411258734459,0.02484713956204665,13,0.6594234818022352,0.021176520171603857
106,insertion,matched_multimodal_bc,True,False,False,41,1.0,0.00019216527330506315,0.753994183005934,0.7539949977587413,0.002863536379302034,17,0.5430137673892435,0.037765331474991407
107,insertion,vision_only,False,False,True,64,0.0,0.04936426666385144,0.4131786774400179,0.5461302679356129,0.0,60,0.19949456542805893,0.01757411808604897
107,insertion,temporal_history,True,False,False,39,1.0,0.011143603343639277,0.610383217960409,0.6111174500316534,0.007650947289232879,15,0.4594318270876586,0.0066100919096366536
107,insertion,force,True,False,False,36,1.0,0.0002567680010273605,0.6081515323941373,0.6081663443616633,0.01295414916497839,12,0.529569472208392,0.039913019329767804
107,insertion,mismatched_gripper_force,True,False,False,32,1.0,-0.02549937265859448,0.6369372982143477,0.6372352652900766,0.03677696662218777,11,0.6340901402202423,0.02181863909746245
107,insertion,matched_multimodal_bc,True,False,False,36,1.0,0.0005811504014891497,0.6081572454393164,0.6081668637737156,0.01319910933936097,12,0.5241241341739896,0.0401358709954339
108,insertion,vision_only,False,False,True,64,0.0,0.05140118200006171,0.41315118503313847,0.5548861766821808,0.0,60,0.1949404226627673,0.01724743407034552
108,insertion,temporal_history,True,False,False,48,1.0,0.01107520053524688,0.8350614813644897,0.8354728340787756,0.000362555331595793,24,0.5060933883666264,0.00574829686497302
108,insertion,force,True,False,False,55,1.0,1.2623381920615106e-05,0.8339323109366266,0.8339323259734567,0.006894718934137178,31,0.5806864873862055,0.02727167979496123
108,insertion,mismatched_gripper_force,True,False,False,35,1.0,-0.027260645658457566,0.864807908289505,0.8648364327068266,0.03555572489269687,14,0.6758312479412336,0.020458114953545242
108,insertion,matched_multimodal_bc,True,False,False,49,1.0,4.4245744662337904e-05,0.8344916736792762,0.8344917016855304,0.007437897408338778,25,0.5662418423016261,0.030961416702048872
109,insertion,vision_only,False,False,True,64,0.0,0.04827281626711,0.4131851226449398,0.4767627558233854,0.0,60,0.1959110417910768,0.017440587209712564
109,insertion,temporal_history,False,False,True,64,0.0,0.3453657828037028,0.6295472040620247,1.0832066000717946,0.0,60,0.35672796923727457,0.0016506371883780258
109,insertion,force,True,False,False,46,1.0,8.329415312942255e-06,0.8354159208874934,0.8354159263487838,0.001058516566759815,22,0.5358263942139356,0.024088194025576944
109,insertion,mismatched_gripper_force,True,False,False,34,1.0,-0.02785286415371422,0.8659572909854025,0.8659655545348313,0.030321044620108095,13,0.6690084252580832,0.02025396550530613
109,insertion,matched_multimodal_bc,True,False,False,46,1.0,3.451253792150423e-05,0.8358225132256709,0.8358225180560555,0.0014673167029142231,22,0.5324760351044325,0.024454653316538514
110,insertion,vision_only,False,False,True,64,0.0,0.053567700506858336,0.4130312822474359,0.49896996180340947,0.0,60,0.18403740760010812,0.017440587209712564
110,insertion,temporal_history,False,False,True,64,0.0,0.34739167550014555,0.6297497935691386,1.087531996632491,0.0,60,0.35603131092320783,0.001622605314711856
110,insertion,force,True,False,False,47,1.0,1.0901923778079611e-05,0.850317488669394,0.8503174988888202,0.016820277026326824,23,0.542957566748377,0.025070583441766665
110,insertion,mismatched_gripper_force,True,False,False,34,1.0,-0.028061324968519527,0.8519564291753712,0.8519725552094572,0.01675539758399347,13,0.6630564448246686,0.02027390758454169
110,insertion,matched_multimodal_bc,True,False,False,46,1.0,3.793351312154068e-05,0.8343124671040106,0.834312478732237,0.0008135534097055697,22,0.5379839168150976,0.02639526626535821
111,insertion,vision_only,False,False,True,64,0.0,-0.6,0.39999999990327395,1.6382663279800262,0.0,60,0.46501376801385463,0.005709860970385404
111,insertion,temporal_history,False,False,True,64,0.0,-0.08769460926623168,0.6166207264616083,0.8540416375946337,0.0,60,0.35234996266838314,0.0016614081110220239
111,insertion,force,True,False,False,42,1.0,-5.1178531861583675e-05,0.7958467250533561,0.7958471121173609,0.007378625165471608,18,0.5288415492618381,0.02869950147222232
111,insertion,mismatched_gripper_force,False,False,True,64,0.0,-0.06951498421763343,1.018253554004552,1.0329481158644738,0.1791986896869444,61,0.9531273088530892,0.013014483215511156
111,insertion,matched_multimodal_bc,True,False,False,43,1.0,-6.485620068917138e-06,0.797340008757659,0.7973405011581558,0.008844596396343718,19,0.5259249876691542,0.028620850671676773
112,insertion,vision_only,False,False,True,64,0.0,0.04851693138444167,0.4131324741653898,0.4353288175458954,0.0,60,0.1825716023583972,0.024934735394949625
112,insertion,temporal_history,False,False,True,64,0.0,0.10212323820653103,0.668415769704506,0.6861253774499128,0.0,60,0.3828716407067181,0.002161742390681287
112,insertion,force,False,False,True,64,0.0,-1.1341206965329669e-05,0.8558937607894562,0.8558937690606382,0.0,60,0.6305968771923597,0.0176549525460098
112,insertion,mismatched_gripper_force,True,False,False,33,1.0,-0.02918269897288163,0.8787107796115794,0.8787111473237074,0.0019469871338130273,12,0.6590604663091973,0.017601742328443828
112,insertion,matched_multimodal_bc,False,False,True,64,0.0,4.386066971516056e-06,0.8414492944268944,0.8414493004498594,0.0,60,0.6233241684466566,0.009747319707127066
113,insertion,vision_only,False,False,True,64,0.0,0.08057845086703834,0.3669753446701792,0.4777645168429295,0.0,60,0.14883192943676143,0.003517565668150037
113,insertion,temporal_history,False,False,True,64,0.0,0.28803251948381403,0.6237954370768402,0.9642393808919113,0.0,60,0.3525895269511935,0.0016878040249365734
113,insertion,force,True,False,False,37,1.0,7.256508983766053e-05,0.6641737216667019,0.6641749045204313,0.028928061715202458,13,0.4535543445409096,0.013704492978431994
113,insertion,mismatched_gripper_force,True,False,False,30,1.0,-0.027949361905383364,0.6691940183513553,0.6692180219899478,0.03226743448158198,9,0.6179117514892408,0.01765705643140255
113,insertion,matched_multimodal_bc,True,False,False,37,1.0,0.0003467339687495746,0.6627789708938265,0.6627811457104641,0.02740194244084415,13,0.44397894430893764,0.014432687836340833
114,insertion,vision_only,False,False,True,64,0.0,0.048865570036765435,0.41316733813619666,0.5443240707834592,0.0,60,0.2002861410407902,0.01757411808604897
114,insertion,temporal_history,False,False,True,64,0.0,0.010486965742414686,0.859527289186037,0.8599404712296825,0.0,60,0.6186885972178887,0.004477584862159876
114,insertion,force,False,False,True,64,0.0,-1.1711551363430596e-05,0.8524493573024086,0.8524493575948097,0.0,60,0.6681771873382534,0.0273515506249889
114,insertion,mismatched_gripper_force,True,False,False,35,1.0,-0.02786004684397422,0.8723762355218749,0.8724075374707799,0.01503912560923204,14,0.671478537575113,0.020427093300543365
114,insertion,matched_multimodal_bc,False,False,True,64,0.0,5.988589952290256e-06,0.8421823520795787,0.8421823607335629,0.0,60,0.6656755112963659,0.022020017510634784
115,insertion,vision_only,False,False,True,64,0.0,0.05277645856471677,0.413173120360977,0.44508663483778954,0.0,60,0.1746558462310847,0.024934735394949625
115,insertion,temporal_history,True,False,False,47,1.0,0.04642781679099356,0.6307830018143342,0.6370774953714959,0.0018811855081407591,18,0.3569208314020369,0.0031689116223464994
115,insertion,force,True,False,False,36,1.0,7.12393180129457e-05,0.6162356617985171,0.616237201723253,0.013069793655942519,12,0.45809091566206017,0.018626804333913116
115,insertion,mismatched_gripper_force,True,False,False,30,1.0,-0.02705434803028022,0.6408231869714208,0.6408873404095665,0.03494249474565514,9,0.6230712792242519,0.02005136439635906
115,insertion,matched_multimodal_bc,True,False,False,36,1.0,0.00024239550551175736,0.6144567042950279,0.6144574474244252,0.011409703411412564,12,0.45193128625716966,0.018839779454227577
116,insertion,vision_only,False,False,True,64,0.0,-0.6,0.39999999988114243,1.6382663279746226,0.0,60,0.4649175202668142,0.005635091412836972
116,insertion,temporal_history,False,False,True,64,0.0,-0.6,0.47652452512393395,1.6695360491450606,0.0,60,0.6406117516073383,0.0023640904501122818
116,insertion,force,False,False,True,64,0.0,-1.0410101626717111e-05,0.8499530075266954,0.8499530100445433,0.0,60,0.6498434093059899,0.02432029472850727
116,insertion,mismatched_gripper_force,False,False,True,64,0.0,-0.06957130261646381,1.0182926673320436,1.0329771334951483,0.11548870211181372,61,0.9646796699516202,0.011740038369643654
116,insertion,matched_multimodal_bc,False,False,True,64,0.0,-1.7323203861698454e-05,0.846816291287805,0.8468164313633298,0.0,60,0.6447454056820285,0.014893866364429622
117,insertion,vision_only,False,False,True,64,0.0,0.07195646266008036,0.3669735480250387,0.47256186775033204,0.0,60,0.1496878634791853,0.00325701167623418
117,insertion,temporal_history,False,False,True,64,0.0,0.29023717695707696,0.6240218041316746,0.9686789753750438,0.0,60,0.3531857702971264,0.0016114914904696437
117,insertion,force,True,False,False,40,1.0,2.2983680813042464e-05,0.767445492837248,0.7674455821374235,0.006609433079159621,16,0.46815168751363945,0.012299246062123927
117,insertion,mismatched_gripper_force,True,False,False,31,1.0,-0.028636796410085184,0.7663908546384897,0.7663924317448555,0.004941253106730548,10,0.6344202860664541,0.017155792018730093
117,insertion,matched_multimodal_bc,True,False,False,41,1.0,7.062696819510704e-05,0.7792515479158684,0.7792516072216953,0.018436988415423405,17,0.46878522590585975,0.012844069097055173
118,insertion,vision_only,False,False,True,64,0.0,0.0804565329305479,0.36696315287653136,0.4775427502502019,0.0,60,0.14875984350768395,0.00325701167623418
118,insertion,temporal_history,False,False,True,64,0.0,0.30007338304816206,0.6250161440516998,0.988623859298678,0.0,60,0.35443359814004405,0.001615685449068144
118,insertion,force,True,False,False,39,1.0,3.135476200608555e-05,0.7338788793812032,0.7338790797644522,0.013216621781517723,15,0.4645584647300224,0.0131690311103484
118,insertion,mismatched_gripper_force,True,False,False,31,1.0,-0.02931532593495312,0.7619956384908884,0.7619973920818401,0.04130221610555629,10,0.6317720315138835,0.017189479973161316
118,insertion,matched_multimodal_bc,True,False,False,39,1.0,0.00017371839176790903,0.7213350183364433,0.7213353150099372,0.0006395048721626884,15,0.4548391688897529,0.013575145138977443
119,insertion,vision_only,False,False,True,64,0.0,-0.6,0.3999999998872592,1.638266327976116,0.0,60,0.46501376801385463,0.005709860970385404
119,insertion,temporal_history,False,False,True,64,0.0,-0.04523500805906976,0.6146235518557688,0.8213032604665893,0.0,60,0.34303768108285193,0.0017083804146025444
119,insertion,force,True,False,False,36,1.0,-0.00010142434655695643,0.6097190010003036,0.6097226406199999,0.010726774796469773,12,0.4937433306849711,0.029417005636630477
119,insertion,mismatched_gripper_force,False,False,True,64,0.0,-0.0694909202847178,1.0182974915298049,1.03300521927501,0.3700900111143465,61,0.9621650138691582,0.012679469970415578
119,insertion,matched_multimodal_bc,True,False,False,36,1.0,0.00023712214902641996,0.6078689007159344,0.6078692133998237,0.009302186021241443,12,0.4879784918244508,0.029902440781284335
