trial,split,severity,method,success,damaged,intervention,jammed,recovered,steps,final_depth,final_abs_error,peak_force,peak_lateral_force,force_excess,contact_steps,action_variation,mean_wrench_prediction_error,final_stiffness_estimate
0,main,1.35,action_only_bc,False,False,True,False,False,58,0.013420818336503978,0.22147944850097287,2.2831049009100526,1.3237793309104384,0.24329369874033757,41,0.0465310261944942,0.6078675131199336,0.9994019914626153
0,main,1.35,force_conditioned_bc,False,False,False,False,False,58,0.24405349183651914,0.033110124504542926,1.728815862245863,0.9367275464720318,0.0,55,0.09529319346839762,0.2341524242679599,1.8368646874257104
0,main,1.35,future_wrench_aux,False,False,False,False,False,58,0.24405349183651914,0.033110124504542926,1.728815862245863,0.9367275464720318,0.0,55,0.09529319346839762,0.2341524242679599,1.8368646874257104
0,main,1.35,critic_reranking,True,False,False,False,False,19,1.0441086199596836,0.029406900788960626,1.728815862245863,0.9367275464720318,0.0,16,0.044177178077757236,0.15013319417918328,1.752418577962365
0,main,1.35,bounded_adaptation,True,False,False,False,False,21,1.060494080944696,7.191934178874236e-18,1.728815862245863,0.9367275464720318,0.0,18,0.02203714153295502,0.1322619431319835,1.0176024225961644
1,main,1.35,action_only_bc,False,False,False,False,False,58,0.006756561130849751,0.12247552546724896,1.5484087589760096,0.8538004474168329,0.0,47,0.017855615663942455,0.2868277171859047,0.9994019914626153
1,main,1.35,force_conditioned_bc,False,False,False,False,False,58,0.15481664356878364,0.037985758088696274,1.6171544604613066,0.8991185265545195,0.0,55,0.10810752405476395,0.23862521151837834,1.8459334620278556
1,main,1.35,future_wrench_aux,False,False,False,False,False,58,0.07462996227120229,0.02415946182830355,1.6171544604613066,0.8991185265545195,0.0,55,0.10898841487676664,0.24118099559560247,1.8214626581250668
1,main,1.35,critic_reranking,False,False,False,True,False,58,0.09019210938734794,0.032465665239890626,1.6171544604613066,0.8991185265545195,0.0,55,0.11629388818365576,0.2571919528987745,1.9204048435190848
1,main,1.35,bounded_adaptation,True,False,False,False,False,25,1.0136259746488456,9.013670037267829e-20,1.6171544604613066,0.8991185265545195,0.0,22,0.011142588109914206,0.1692671121708772,1.0865409171012432
2,main,1.35,action_only_bc,False,False,False,False,False,58,0.006050708700507602,0.157479300032198,1.0151035945837128,0.25998066728182423,0.0,40,0.03931407734269707,0.1540275984033817,0.9994019914626153
2,main,1.35,force_conditioned_bc,True,False,False,True,True,34,1.029652109716574,1.340953033826974e-08,1.0400823855100778,0.26945653683324877,0.0,31,0.006584796845337417,0.05579506063679064,0.7963879157332042
2,main,1.35,future_wrench_aux,True,False,False,True,True,34,1.029652109716574,1.340953033826974e-08,1.0400823855100778,0.26945653683324877,0.0,31,0.006584796845337417,0.05579506063679064,0.7963879157332042
2,main,1.35,critic_reranking,True,False,False,False,False,28,1.0103907083758141,8.021126245793244e-07,1.0400823855100778,0.26945653683324877,0.0,25,0.007903269508101433,0.061287203865018944,0.6681278271221278
2,main,1.35,bounded_adaptation,True,False,False,False,False,27,1.0197390591787285,4.256668429704648e-11,1.0400823855100778,0.26945653683324877,0.0,24,0.008514873319494215,0.06371007354720205,0.6562516584811604
3,main,1.35,action_only_bc,False,False,False,False,False,58,0.006050708700507602,0.17501170702913305,1.0369904849736382,0.25618845640166343,0.0,40,0.03931407734269707,0.16003883152777976,0.9994019914626153
3,main,1.35,force_conditioned_bc,True,False,False,True,True,28,1.0536629810276976,4.067896393611677e-06,1.0646466754897725,0.2655261060770195,0.0,25,0.00832993384154895,0.08371032393217064,0.7919962376709262
3,main,1.35,future_wrench_aux,True,False,False,True,True,28,1.0536629810276976,4.067896393611677e-06,1.0646466754897725,0.2655261060770195,0.0,25,0.00832993384154895,0.08371032393217064,0.7919962376709262
3,main,1.35,critic_reranking,True,False,False,False,False,24,1.0557790081932192,3.2750534893924424e-05,1.0646466754897725,0.2655261060770195,0.0,21,0.009395946691513245,0.08314720106520712,0.6602016957744817
3,main,1.35,bounded_adaptation,True,False,False,False,False,23,1.046395808036232,1.309506507632249e-08,1.0646466754897725,0.2655261060770195,0.0,20,0.010111580783672355,0.08367331934445664,0.558554570208003
4,main,1.35,action_only_bc,False,False,False,False,False,58,0.006050708700507602,0.17455290699482476,1.3045501307709009,0.39783273893931237,0.0,40,0.03931407734269707,0.2193289839394543,0.9994019914626153
4,main,1.35,force_conditioned_bc,True,False,False,True,True,27,1.0187400153973365,9.02452267447114e-12,1.340437702939751,0.41233309074196506,0.0,24,0.009846911575658653,0.07370367992299712,0.6926991281015021
4,main,1.35,future_wrench_aux,True,False,False,False,False,27,1.0259872099509986,9.399999931391541e-12,1.340437702939751,0.41233309074196506,0.0,24,0.007916657530350079,0.07213498077278555,0.45525615247780343
4,main,1.35,critic_reranking,True,False,False,False,False,24,1.0605515748782963,4.0036791906340177e-10,1.340437702939751,0.41233309074196506,0.0,21,0.010284892091009641,0.07442028293563631,0.5698118499729415
4,main,1.35,bounded_adaptation,True,False,False,False,False,23,1.0310160493483116,1.1558988881529263e-16,1.340437702939751,0.41233309074196506,0.0,20,0.010931287149685213,0.0776196650478765,0.6070356390656123
5,main,1.35,action_only_bc,False,False,True,False,False,58,0.013420818336503978,0.22314655974700084,2.5134523946893266,1.5791817562809063,1.79308606027727,41,0.0465310261944942,0.7150771634882583,0.9994019914626153
5,main,1.35,force_conditioned_bc,False,False,False,False,False,58,0.13573168935654914,0.029682636074434318,1.9032676281488896,1.1174544106056064,0.0,55,0.11139440968317642,0.24298550991263093,1.8011731412294183
5,main,1.35,future_wrench_aux,False,False,False,False,False,58,0.13573168935654914,0.029682636074434318,1.9032676281488896,1.1174544106056064,0.0,55,0.11139440968317642,0.24298550991263093,1.8011731412294183
5,main,1.35,critic_reranking,False,False,False,False,False,58,0.08768819675952888,0.03292204210239306,1.9032676281488896,1.1174544106056064,0.0,55,0.11695011968442273,0.27617598124838805,1.9606666859066864
5,main,1.35,bounded_adaptation,True,False,False,False,False,23,1.0405065528643889,1.5609815799587985e-13,1.9032676281488896,1.1174544106056064,0.0,20,0.02111422186031001,0.18723406881650617,1.0390461824553792
6,main,1.35,action_only_bc,False,False,False,False,False,58,0.006966078136424915,0.13128436299356297,0.8155235617159545,0.19515485630689305,0.0,47,0.017854730212312205,0.12859278711849995,0.9994019914626153
6,main,1.35,force_conditioned_bc,True,False,False,True,True,23,1.009263746493628,1.8184632700907624e-05,0.8496777563725245,0.20530015738589175,0.0,20,0.008892851987716693,0.10022897998678577,0.9994019914626153
6,main,1.35,future_wrench_aux,True,False,False,True,True,23,1.009263746493628,1.8184632700907624e-05,0.8496777563725245,0.20530015738589175,0.0,20,0.008892851987716693,0.10022897998678577,0.9994019914626153
6,main,1.35,critic_reranking,True,False,False,False,False,21,1.0660313337664145,5.8223837347646e-05,0.8496777563725245,0.20530015738589175,0.0,18,0.010488211458837878,0.09391443661935293,0.5623893567928206
6,main,1.35,bounded_adaptation,True,False,False,False,False,20,1.0285315311147611,1.9342781494324096e-08,0.8496777563725245,0.20530015738589175,0.0,17,0.011379611712805673,0.09422031766485098,0.5543053185604849
7,main,1.35,action_only_bc,False,False,False,False,False,58,0.006050708700507602,0.14932409950942663,1.0591522971165535,0.3257139109240008,0.0,40,0.03931407734269707,0.17415845200952185,0.9994019914626153
7,main,1.35,force_conditioned_bc,True,False,False,True,True,20,1.026904143694695,2.7087339705623234e-08,1.0879372474999078,0.33758564955468284,0.0,17,0.012069865649975994,0.09998876018470779,0.6315781043501624
7,main,1.35,future_wrench_aux,True,False,False,True,True,20,1.026904143694695,2.7087339705623234e-08,1.0879372474999078,0.33758564955468284,0.0,17,0.012069865649975994,0.09998876018470779,0.6315781043501624
7,main,1.35,critic_reranking,True,False,False,False,False,18,1.009746035107983,3.860630536650309e-07,1.0879372474999078,0.33758564955468284,0.0,15,0.013143586603716237,0.0889955130061728,0.6381854065922271
7,main,1.35,bounded_adaptation,True,False,False,False,False,18,1.0127307755392574,5.6797104241570804e-14,1.0879372474999078,0.33758564955468284,0.0,15,0.012933048998342042,0.08848403439009106,0.5505749470415913
8,main,1.35,action_only_bc,False,False,False,False,False,58,0.013420818336503978,0.2092920249127278,2.194296566682619,1.4529340080452948,0.0,41,0.0465310261944942,0.5873262573001338,0.9994019914626153
8,main,1.35,force_conditioned_bc,False,False,False,False,False,58,0.16451886857490278,0.03989085462969582,1.648549002426196,1.028119473361172,0.0,55,0.11268004146924317,0.24825260344338868,1.9285672835076972
8,main,1.35,future_wrench_aux,False,False,False,False,False,58,0.16451886857490278,0.03989085462969582,1.648549002426196,1.028119473361172,0.0,55,0.11268004146924317,0.24825260344338868,1.9285672835076972
8,main,1.35,critic_reranking,False,False,False,False,False,58,0.12708011498451782,0.04075821914998684,1.648549002426196,1.028119473361172,0.0,55,0.11704357832323481,0.2583537968856691,1.9786356611321327
8,main,1.35,bounded_adaptation,True,False,False,False,False,19,1.056380977476862,5.313772454201394e-10,1.648549002426196,1.028119473361172,0.0,16,0.026410835050500594,0.15384736329476642,1.0483380394040471
9,main,1.35,action_only_bc,False,False,False,False,False,58,0.006050708700507602,0.19059951785031715,1.9348895990776978,1.1093254839382733,0.0,40,0.03931407734269707,0.4279702717161467,0.9994019914626153
9,main,1.35,force_conditioned_bc,True,False,False,False,False,23,1.0479237598903157,0.005313358190848884,1.9939165411450326,1.1497585810826658,0.0,20,0.01679604959793192,0.12553600161059297,0.9704960293353468
9,main,1.35,future_wrench_aux,True,False,False,False,False,23,1.0479237598903157,0.005313358190848884,1.9939165411450326,1.1497585810826658,0.0,20,0.01679604959793192,0.12553600161059297,0.9704960293353468
9,main,1.35,critic_reranking,True,False,False,False,False,20,1.019527101645319,0.010869955972645092,1.9939165411450326,1.1497585810826658,0.0,17,0.027781699065946918,0.14890643498433467,1.5808304217669344
9,main,1.35,bounded_adaptation,True,False,False,False,False,21,1.013361713577208,1.092300948553765e-12,1.9939165411450326,1.1497585810826658,0.0,18,0.013590755069008902,0.1374738277774416,0.9568393115729974
10,main,1.35,action_only_bc,False,False,False,False,False,58,0.013420818336503978,0.23631400770061636,1.5479483540034529,0.5606280941171539,0.0,41,0.0465310261944942,0.2872748511011537,0.9994019914626153
10,main,1.35,force_conditioned_bc,True,False,False,True,True,25,1.0122949277151114,3.244447288480777e-11,1.2000982509852538,0.3967094566467309,0.0,22,0.01612699270787655,0.08107284956816257,0.4779909526390098
10,main,1.35,future_wrench_aux,True,False,False,True,True,25,1.0122949277151114,3.244447288480777e-11,1.2000982509852538,0.3967094566467309,0.0,22,0.01612699270787655,0.08107284956816257,0.4779909526390098
10,main,1.35,critic_reranking,True,False,False,False,False,23,1.0162735356830086,1.815609839857104e-09,1.2000982509852538,0.3967094566467309,0.0,20,0.019242365283296283,0.07811922598492968,0.525164148989754
10,main,1.35,bounded_adaptation,True,False,False,False,False,22,1.041351244314156,1.4939488262768883e-19,1.2000982509852538,0.3967094566467309,0.0,19,0.01857092024335371,0.08002714753524673,0.5388908417259505
11,main,1.35,action_only_bc,False,False,False,False,False,58,0.013420818336503978,0.20523693276319321,1.4376247392924386,0.5124141896065362,0.0,41,0.0465310261944942,0.2612670161475795,0.9994019914626153
11,main,1.35,force_conditioned_bc,True,False,False,True,True,29,1.0336152460886305,1.6669253294563338e-13,1.1281560534563146,0.3625925223333613,0.0,26,0.013313947064913232,0.06374415699481437,0.4570962044569428
11,main,1.35,future_wrench_aux,True,False,False,True,True,29,1.0336152460886305,1.6669253294563338e-13,1.1281560534563146,0.3625925223333613,0.0,26,0.013313947064913232,0.06374415699481437,0.4570962044569428
11,main,1.35,critic_reranking,True,False,False,False,False,25,1.0144017491180277,7.318847308360451e-11,1.1281560534563146,0.3625925223333613,0.0,22,0.014437734270734928,0.06454756028093424,0.49420897856673585
11,main,1.35,bounded_adaptation,True,False,False,False,False,23,1.001660210967725,1.6187684077227083e-12,1.1281560534563146,0.3625925223333613,0.0,20,0.015113249580260103,0.06544238645517302,0.5055012167414911
12,main,1.35,action_only_bc,False,False,False,False,False,58,0.006050708700507602,0.1655867002394668,1.080675834039775,0.2946742513952591,0.0,40,0.03931407734269707,0.16980537676612614,0.9994019914626153
12,main,1.35,force_conditioned_bc,True,False,False,True,True,32,1.0129136726402441,2.1617578678181912e-08,1.1089111489609151,0.30541464526984763,0.0,29,0.00753528198196256,0.06598543836324039,0.6510656066794097
12,main,1.35,future_wrench_aux,True,False,False,True,True,32,1.0129136726402441,2.1617578678181912e-08,1.1089111489609151,0.30541464526984763,0.0,29,0.00753528198196256,0.06598543836324039,0.6510656066794097
12,main,1.35,critic_reranking,True,False,False,False,False,27,1.020730181216004,7.327987029383529e-07,1.1089111489609151,0.30541464526984763,0.0,24,0.008530254249806215,0.06005759450131091,0.49024409146389336
12,main,1.35,bounded_adaptation,True,False,False,False,False,26,1.0345814610187718,3.1671109839863165e-12,1.1089111489609151,0.30541464526984763,0.0,23,0.009487068451288506,0.06504380370074654,0.6687502307987784
13,main,1.35,action_only_bc,False,False,False,False,False,58,0.013420818336503978,0.19590405412839573,1.37569407690306,0.2959008519138038,0.0,41,0.0465310261944942,0.2181967579785087,0.9994019914626153
13,main,1.35,force_conditioned_bc,True,False,False,True,True,30,1.0065050065450865,2.9478115685580933e-07,1.0915946801246883,0.20938420214007278,0.0,27,0.011445886428581664,0.06644248290905479,0.7910756050641063
13,main,1.35,future_wrench_aux,True,False,False,True,True,30,1.0065050065450865,2.9478115685580933e-07,1.0915946801246883,0.20938420214007278,0.0,27,0.011445886428581664,0.06644248290905479,0.7910756050641063
13,main,1.35,critic_reranking,True,False,False,False,False,26,1.0076776255577162,3.611208827974249e-06,1.0915946801246883,0.20938420214007278,0.0,23,0.015069733145092445,0.0781348908544604,0.5577435234722727
13,main,1.35,bounded_adaptation,True,False,False,False,False,27,1.0408603002354333,1.7528710489345883e-07,1.0915946801246883,0.20938420214007278,0.0,24,0.013741519022484409,0.07117291228462609,0.6726254814242347
14,main,1.35,action_only_bc,False,False,False,False,False,58,0.013420818336503978,0.21732141029049587,1.3603261405705898,0.374992044673567,0.0,41,0.0465310261944942,0.22722037756846772,0.9994019914626153
14,main,1.35,force_conditioned_bc,True,False,False,True,True,35,1.0266180055407574,2.0600965592344866e-08,1.074654110430509,0.2653504022547442,0.0,32,0.011784230527792351,0.06979698867204633,0.5821075792560569
14,main,1.35,future_wrench_aux,True,False,False,True,True,35,1.0266180055407574,2.0600965592344866e-08,1.074654110430509,0.2653504022547442,0.0,32,0.011784230527792351,0.06979698867204633,0.5821075792560569
14,main,1.35,critic_reranking,True,False,False,False,False,30,1.0049249073884532,1.044563465599774e-06,1.074654110430509,0.2653504022547442,0.0,27,0.013939805379115947,0.06134910403202339,0.551246937699322
14,main,1.35,bounded_adaptation,True,False,False,False,False,29,1.0016008787278898,1.603187079508439e-11,1.074654110430509,0.2653504022547442,0.0,27,0.00838812986537772,0.053008083629141244,0.6689531292842139
15,main,1.35,action_only_bc,False,False,False,False,False,58,0.0066729061885643474,0.12842702261484412,0.8475687474384587,0.26421222180187176,0.0,47,0.017855969967320237,0.12395451608360344,0.9994019914626153
15,main,1.35,force_conditioned_bc,True,False,False,True,True,32,1.0124969942115354,6.037640890744379e-11,0.8805019787709164,0.2783512308466976,0.0,29,0.00675973830014599,0.05456658041339659,0.8107081348956562
15,main,1.35,future_wrench_aux,True,False,False,True,True,32,1.0124969942115354,6.037640890744379e-11,0.8805019787709164,0.2783512308466976,0.0,29,0.00675973830014599,0.05456658041339659,0.8107081348956562
15,main,1.35,critic_reranking,True,False,False,False,False,26,1.0109685915513908,1.0244818478180802e-08,0.8805019787709164,0.2783512308466976,0.0,23,0.008459876030544844,0.06287137303972325,0.5176555120357821
15,main,1.35,bounded_adaptation,True,False,False,False,False,25,1.0207176805731768,1.8451242504259357e-29,0.8805019787709164,0.2783512308466976,0.0,22,0.008294161681904803,0.0653929675116874,0.5659036351938029
16,main,1.35,action_only_bc,False,False,True,False,False,58,0.013420818336503978,0.2225110849176306,2.3052060377520798,1.3097230214321944,0.32072158779191806,41,0.0465310261944942,0.6158069766713197,0.9994019914626153
16,main,1.35,force_conditioned_bc,True,False,False,False,False,25,1.000674827750448,0.027721556081225944,1.7558909606231479,0.9267810758008579,0.0,23,0.036757701427221456,0.1275755949060535,1.7452149524104628
16,main,1.35,future_wrench_aux,False,False,False,False,False,58,0.7299316877862525,0.029289981560643503,1.7558909606231479,0.9267810758008579,0.0,55,0.07755162525454218,0.19675879880442754,1.7833058733428524
16,main,1.35,critic_reranking,True,False,False,False,False,21,1.0126430198890484,0.024688255549368526,1.7558909606231479,0.9267810758008579,0.0,18,0.04407001930254691,0.19189611940242096,1.712295835537025
16,main,1.35,bounded_adaptation,True,False,False,False,False,22,1.0012655510768214,9.95192391646543e-13,1.7558909606231479,0.9267810758008579,0.0,19,0.02166078383314224,0.16056716989393446,0.8985842272055392
17,main,1.35,action_only_bc,False,False,True,False,False,58,0.013420818336503978,0.22277447633406885,2.22291082340764,1.3830127639740044,0.06295485743650797,41,0.0465310261944942,0.5946659087100827,0.9994019914626153
17,main,1.35,force_conditioned_bc,True,False,False,False,False,31,1.0097531219408424,0.01988305315331499,1.7042399940714572,0.9786420764296715,0.0,28,0.03035793565887191,0.12309373654907221,1.694009864343632
17,main,1.35,future_wrench_aux,True,False,False,False,False,31,1.0097531219408424,0.01988305315331499,1.7042399940714572,0.9786420764296715,0.0,28,0.03035793565887191,0.12309373654907221,1.694009864343632
17,main,1.35,critic_reranking,True,False,False,False,False,26,1.0390609329876443,0.009607771527005513,1.7042399940714572,0.9786420764296715,0.0,23,0.02516144934356336,0.18842312871768724,1.4534405523020557
17,main,1.35,bounded_adaptation,True,False,False,False,False,27,1.010911846844438,9.754096400187514e-11,1.7042399940714572,0.9786420764296715,0.0,24,0.018729273814576952,0.16666168820782123,0.8773633986529972
18,main,1.35,action_only_bc,False,False,False,False,False,58,0.013420818336503978,0.21696643451692355,1.7229488010796026,0.44973301077566763,0.0,41,0.0465310261944942,0.3076682207968457,0.9994019914626153
18,main,1.35,force_conditioned_bc,True,False,False,True,True,32,1.0285536049612052,1.5287993303089947e-12,1.3528139850871512,0.31823831201657654,0.0,29,0.012225541213101288,0.07312726603200548,0.5969767927303704
18,main,1.35,future_wrench_aux,True,False,False,True,True,32,1.0277172200578168,1.5738950284425124e-12,1.3528139850871512,0.31823831201657654,0.0,29,0.012053857633471695,0.07182699523374558,0.5958609929611456
18,main,1.35,critic_reranking,True,False,False,False,False,29,1.0505054975015238,1.838461132935017e-10,1.3528139850871512,0.31823831201657654,0.0,26,0.015011879925738493,0.09628404186066507,0.6688424449402695
18,main,1.35,bounded_adaptation,True,False,False,False,False,29,1.0289463376759693,5.752224805970462e-14,1.3528139850871512,0.31823831201657654,0.0,26,0.014956209901079705,0.09685213100224133,0.6173573315765475
19,main,1.35,action_only_bc,False,False,False,False,False,58,0.006050708700507602,0.16645681533642642,0.9565904571210948,0.25175705347263183,0.0,40,0.03931407734269707,0.14684744071207045,0.9994019914626153
19,main,1.35,force_conditioned_bc,True,False,False,True,True,26,1.0222040754413122,7.008776568682538e-06,0.9817871835171261,0.26093318576854446,0.0,23,0.008838334987265961,0.0933184239387306,0.7925628187535346
19,main,1.35,future_wrench_aux,True,False,False,True,True,26,1.0222040754413122,7.008776568682538e-06,0.9817871835171261,0.26093318576854446,0.0,23,0.008838334987265961,0.0933184239387306,0.7925628187535346
19,main,1.35,critic_reranking,True,False,False,False,False,22,1.001654740948118,5.592582203722938e-05,0.9817871835171261,0.26093318576854446,0.0,19,0.010035004145813695,0.08260898687913738,0.5601700654186937
19,main,1.35,bounded_adaptation,True,False,False,False,False,22,1.0493434102540555,2.9372884067199385e-07,0.9817871835171261,0.26093318576854446,0.0,19,0.01027517839703213,0.0823043498039252,0.656096295238245
20,main,1.35,action_only_bc,False,False,False,False,False,58,0.006050708700507602,0.14083119855041099,1.0079090956112258,0.3111345427411947,0.0,40,0.03931407734269707,0.1630220082932192,0.9994019914626153
20,main,1.35,force_conditioned_bc,True,False,False,True,True,22,1.05365169421982,5.327112542675161e-09,1.0345977073315653,0.32247488727828166,0.0,19,0.010626200356910606,0.08930022470404264,0.6171402016807287
20,main,1.35,future_wrench_aux,True,False,False,True,True,22,1.05365169421982,5.327112542675161e-09,1.0345977073315653,0.32247488727828166,0.0,19,0.010626200356910606,0.08930022470404264,0.6171402016807287
20,main,1.35,critic_reranking,True,False,False,False,False,20,1.0677610138517153,7.26964918078314e-08,1.0345977073315653,0.32247488727828166,0.0,17,0.011636997819398181,0.07842454829357307,0.6209222965367425
20,main,1.35,bounded_adaptation,True,False,False,False,False,20,1.072566379993527,5.489307403380218e-31,1.0345977073315653,0.32247488727828166,0.0,17,0.011579242302711979,0.07849885429828259,0.5380697827512098
21,main,1.35,action_only_bc,False,False,False,False,False,58,0.006050708700507602,0.16464078174330057,2.0512685674523743,1.1588167834505243,0.0,40,0.03931407734269707,0.461782292377494,0.9994019914626153
21,main,1.35,force_conditioned_bc,False,False,False,False,False,58,0.10221942544261753,0.044666518195713385,2.112887276285734,1.2010537574101114,0.0,55,0.10976606019697624,0.24866168491957252,2.051126636213636
21,main,1.35,future_wrench_aux,False,False,False,False,False,58,0.13388852088086486,0.04460057204877695,2.112887276285734,1.2010537574101114,0.0,55,0.10978552653532858,0.2519564757810666,1.953119124366938
21,main,1.35,critic_reranking,False,False,False,False,False,58,0.09319250182415938,0.033305052771542054,2.112887276285734,1.2010537574101114,0.0,55,0.11431275549213088,0.26223519263366923,1.9593093025599129
21,main,1.35,bounded_adaptation,True,False,False,False,False,22,1.0298850731063176,4.2603946326047743e-11,2.112887276285734,1.2010537574101114,0.0,19,0.01325278284643912,0.16371669730415564,0.9678033133124574
22,main,1.35,action_only_bc,False,False,False,False,False,58,0.013420818336503978,0.19350675813974777,1.5623702496101075,0.5036212827621551,0.0,41,0.0465310261944942,0.2797950172629331,0.9994019914626153
22,main,1.35,force_conditioned_bc,True,False,False,True,True,28,1.0051114695364844,6.405821934040497e-17,1.2303533057289318,0.35637052002348274,0.0,25,0.013369481658218565,0.06276938900226955,0.5376703127521072
22,main,1.35,future_wrench_aux,True,False,False,True,True,28,1.0049708044576755,6.441706948385551e-17,1.2303533057289318,0.35637052002348274,0.0,25,0.013346943127521176,0.06267441234934401,0.5373495906023301
22,main,1.35,critic_reranking,True,False,False,False,False,25,1.0455594115718783,2.6301712505139287e-14,1.2303533057289318,0.35637052002348274,0.0,22,0.01296267770784953,0.08150445643342202,0.633413906402448
22,main,1.35,bounded_adaptation,True,False,False,False,False,24,1.0157153668582133,9.019051582429974e-18,1.2303533057289318,0.35637052002348274,0.0,21,0.01318950854191409,0.07964552732354362,0.5491167626189065
23,main,1.35,action_only_bc,False,False,False,False,False,58,0.013420818336503978,0.2002424553281839,1.3007202675648926,0.3115218533766305,0.0,41,0.0465310261944942,0.2084291630059812,0.9994019914626153
23,main,1.35,force_conditioned_bc,True,False,False,True,True,35,1.0344398261728052,4.2756987398830604e-09,1.0574221855757062,0.22043787402634252,0.0,32,0.009788985650097318,0.05929704799623665,0.7931496159472632
23,main,1.35,future_wrench_aux,True,False,False,True,True,35,1.0344398261728052,4.2756987398830604e-09,1.0574221855757062,0.22043787402634252,0.0,32,0.009788985650097318,0.05929704799623665,0.7931496159472632
23,main,1.35,critic_reranking,True,False,False,False,False,30,1.0409838838935357,1.4324617350423713e-07,1.0574221855757062,0.22043787402634252,0.0,27,0.013456206525473897,0.08967122188508816,0.6598769699716767
23,main,1.35,bounded_adaptation,True,False,False,False,False,30,1.0146505447450662,2.86047429717226e-10,1.0574221855757062,0.22043787402634252,0.0,27,0.012772316351751694,0.08512437757190085,0.5684392431278115
24,main,1.35,action_only_bc,False,False,True,False,False,58,0.013420818336503978,0.2351696989160949,2.749224811959565,1.4123133980766043,4.57737025175892,41,0.0465310261944942,0.8151252581718329,0.9994019914626153
24,main,1.35,force_conditioned_bc,False,False,False,True,False,58,0.11137847802368257,0.03570173075115266,2.0857950825563596,0.9993756763976709,0.0,55,0.10075789961198624,0.22856744394487424,1.8717723269313862
24,main,1.35,future_wrench_aux,False,False,False,False,False,58,0.17001403618672586,0.03605844375517252,2.0857950825563596,0.9993756763976709,0.0,55,0.096465522805582,0.23660062066394727,1.8781281482568968
24,main,1.35,critic_reranking,False,False,False,False,False,58,0.7417087633654647,0.03605844375517111,2.0857950825563596,0.9993756763976709,0.0,55,0.09568677446406043,0.24651284653514158,1.8781280314014648
24,main,1.35,bounded_adaptation,True,False,False,False,False,24,1.0123031242251581,6.754020192644169e-17,2.0857950825563596,0.9993756763976709,0.0,21,0.019597456362118515,0.19336473905028861,0.9476623954587509
25,main,1.35,action_only_bc,False,False,False,False,False,58,0.006050708700507602,0.17551669218634003,2.0816239139672024,1.234114443797065,0.0,40,0.03931407734269707,0.48092752673710243,0.9994019914626153
25,main,1.35,force_conditioned_bc,False,False,False,False,False,58,0.1564728041474608,0.040825002681211954,2.1452255856976437,1.2790958941611144,0.0,55,0.10882039429775812,0.2558424983228845,1.886707213565518
25,main,1.35,future_wrench_aux,False,False,False,False,False,58,0.07421639917248886,0.024873129082436496,2.1452255856976437,1.2790958941611144,0.0,55,0.11069659796179816,0.2589784608411364,1.8509679160715475
25,main,1.35,critic_reranking,False,False,False,False,False,58,0.08420945280063769,0.04086022463594506,2.1452255856976437,1.2790958941611144,0.0,55,0.11265982813779679,0.2728062608306541,2.0456240283040708
25,main,1.35,bounded_adaptation,True,False,False,False,False,21,1.0686572537357533,6.160812320742565e-25,2.1452255856976437,1.2790958941611144,0.0,18,0.014019559093015494,0.1667374442489941,1.2395871339050328
26,main,1.35,action_only_bc,False,False,False,False,False,58,0.006050708700507602,0.1793930932708528,1.9674355440078444,1.1322520964595721,0.0,40,0.03931407734269707,0.4382764984698209,0.9994019914626153
26,main,1.35,force_conditioned_bc,False,False,False,False,False,58,0.14100531156901527,0.03908298790512366,2.025115790191844,1.1735208310833944,0.0,55,0.09718891921353863,0.23610911025310008,1.9442195795129886
26,main,1.35,future_wrench_aux,False,False,False,False,False,58,0.14100531156901527,0.03908298790512366,2.025115790191844,1.1735208310833944,0.0,55,0.09718891921353863,0.23610911025310008,1.9442195795129886
26,main,1.35,critic_reranking,True,False,False,False,False,23,1.0191172269006372,0.02779064698560143,2.025115790191844,1.1735208310833944,0.0,20,0.022807719893720105,0.19649303930337572,1.7205888321363516
26,main,1.35,bounded_adaptation,True,False,False,False,False,24,1.0096859423656344,4.685051325964211e-20,2.025115790191844,1.1735208310833944,0.0,21,0.012278795047413362,0.17139463590829987,1.017605811243708
27,main,1.35,action_only_bc,False,False,False,False,False,58,0.007113515309419531,0.12045603545934915,1.2186949470214514,0.670230947302187,0.0,47,0.01785410876768943,0.21806036803525017,0.9994019914626153
27,main,1.35,force_conditioned_bc,True,False,False,False,False,24,1.0040146880276908,0.00404769587877156,1.2724630117081481,0.7045579467629732,0.0,21,0.017433753977168183,0.09303184100508306,1.0401806936459286
27,main,1.35,future_wrench_aux,True,False,False,False,False,24,1.0040146880276908,0.00404769587877156,1.2724630117081481,0.7045579467629732,0.0,21,0.017433753977168183,0.09303184100508306,1.0401806936459286
27,main,1.35,critic_reranking,True,False,False,False,False,21,1.0448780466398968,0.0007412968566644022,1.2724630117081481,0.7045579467629732,0.0,18,0.013266919813966003,0.1197689509459755,0.9802156936369041
27,main,1.35,bounded_adaptation,True,False,False,False,False,21,1.035163156720272,1.439440471202741e-13,1.2724630117081481,0.7045579467629732,0.0,18,0.012618881425976548,0.11532144663595854,0.9249049378927081
28,main,1.35,action_only_bc,False,False,False,False,False,58,0.006050708700507602,0.1825408902443344,2.0438586662030143,1.3177930162793037,0.0,40,0.03931407734269707,0.4850811980513406,0.9994019914626153
28,main,1.35,force_conditioned_bc,False,False,False,False,False,58,0.07290478193057955,0.02460268574660749,2.106867503841569,1.3658244135697202,0.0,55,0.10518692078517394,0.25485892934900894,1.8960995064113637
28,main,1.35,future_wrench_aux,False,False,False,False,False,58,0.07290478193057955,0.02460268574660749,2.106867503841569,1.3658244135697202,0.0,55,0.10518692078517394,0.25485892934900894,1.8960995064113637
28,main,1.35,critic_reranking,False,False,False,False,False,58,0.10694132458388048,0.03254227734256284,2.106867503841569,1.3658244135697202,0.0,54,0.11959413452591033,0.25617263662089856,1.9135689064859038
28,main,1.35,bounded_adaptation,True,False,False,False,False,21,1.03543873254663,4.2826027973215996e-16,2.106867503841569,1.3658244135697202,0.0,17,0.017197980326748488,0.15903784522127085,1.396991394045091
29,main,1.35,action_only_bc,False,False,False,False,False,58,0.006050708700507602,0.1386412724225036,0.8889600156077285,0.27097584872558683,0.0,40,0.03931407734269707,0.13548991972004368,0.9994019914626153
29,main,1.35,force_conditioned_bc,True,False,False,False,False,30,1.0307383837213189,2.9333235897055527e-09,0.9103601628514633,0.2808524746338,0.0,27,0.00637404924061528,0.06406826910751204,0.8003340000225967
29,main,1.35,future_wrench_aux,True,False,False,False,False,30,1.0307383837213189,2.9333235897055527e-09,0.9103601628514633,0.2808524746338,0.0,27,0.00637404924061528,0.06406826910751204,0.8003340000225967
29,main,1.35,critic_reranking,True,False,False,False,False,25,1.03862637828867,1.3155376756212126e-07,0.9103601628514633,0.2808524746338,0.0,22,0.008935751669940017,0.05807726410346152,0.5812879121267972
29,main,1.35,bounded_adaptation,True,False,False,False,False,24,1.0173521249411093,5.6386891159986616e-21,0.9103601628514633,0.2808524746338,0.0,21,0.00963922595599482,0.0629267200601085,0.5542209108623491
30,main,1.35,action_only_bc,False,False,False,False,False,58,0.006050708700507602,0.17280891578930013,1.8349917367774338,1.037866566638268,0.0,40,0.03931407734269707,0.39741660295823267,0.9994019914626153
30,main,1.35,force_conditioned_bc,False,False,False,False,False,58,0.6632580634295918,0.030834148999369593,1.8873419778503195,1.0756951032755253,0.0,55,0.07176650437769917,0.2038709125363444,1.8067646250301679
30,main,1.35,future_wrench_aux,False,False,False,False,False,58,0.6632580634295918,0.030834148999369593,1.8873419778503195,1.0756951032755253,0.0,55,0.07176650437769917,0.2038709125363444,1.8067646250301679
30,main,1.35,critic_reranking,True,False,False,False,False,25,1.047017317577306,0.02345476476886153,1.8873419778503195,1.0756951032755253,0.0,22,0.024039741287576355,0.19070724491315416,1.7043169011682004
30,main,1.35,bounded_adaptation,True,False,False,False,False,26,1.029128890873562,4.26763151894901e-19,1.8873419778503195,1.0756951032755253,0.0,23,0.011343267255176703,0.16605437155078787,0.9462516151895737
31,main,1.35,action_only_bc,False,False,False,False,False,58,0.006050708700507602,0.14370613071140204,0.9573542805967734,0.21992897492866012,0.0,40,0.03931407734269707,0.1432334062085877,0.9994019914626153
31,main,1.35,force_conditioned_bc,True,False,False,True,True,30,1.0011200711116897,6.21201562641321e-07,0.9812248774535739,0.22794502588656987,0.0,27,0.007179753387705579,0.0682126252953345,0.646450597241464
31,main,1.35,future_wrench_aux,True,False,False,True,True,30,1.0011200711116897,6.21201562641321e-07,0.9812248774535739,0.22794502588656987,0.0,27,0.007179753387705579,0.0682126252953345,0.646450597241464
31,main,1.35,critic_reranking,True,False,False,False,False,26,1.032894678382156,7.141487494301125e-06,0.9812248774535739,0.22794502588656987,0.0,23,0.008134531337022816,0.057233107143876236,0.5520864506350962
31,main,1.35,bounded_adaptation,True,False,False,False,False,25,1.0386010312104084,6.975356221170722e-09,0.9812248774535739,0.22794502588656987,0.0,22,0.008713101040519507,0.0570744610054906,0.6635873068540367
32,main,1.35,action_only_bc,False,False,False,False,False,58,0.013420818336503978,0.2066893733985293,1.2900982229408815,0.4065211203901597,0.0,41,0.0465310261944942,0.2242218624629166,0.9994019914626153
32,main,1.35,force_conditioned_bc,True,False,False,True,True,25,1.0437692157534448,8.355982662018052e-08,1.0077685532681135,0.28766088335148604,0.0,22,0.015249454558074136,0.09077946764626096,0.5898008651760405
32,main,1.35,future_wrench_aux,True,False,False,True,True,25,1.0437692157534448,8.355982662018052e-08,1.0077685532681135,0.28766088335148604,0.0,22,0.015249454558074136,0.09077946764626096,0.5898008651760405
32,main,1.35,critic_reranking,True,False,False,False,False,22,1.0092144103506526,1.6643811624577203e-06,1.0077685532681135,0.28766088335148604,0.0,19,0.01554514366905115,0.08448005738525119,0.6137577187603699
32,main,1.35,bounded_adaptation,True,False,False,False,False,22,1.0121934427861594,1.4625180831652548e-08,1.0077685532681135,0.28766088335148604,0.0,19,0.015979922596965027,0.08343030307364357,0.6966869427282792
33,main,1.35,action_only_bc,False,False,False,False,False,58,0.006050708700507602,0.1629362723460636,1.8742892759335976,1.0357894554867175,0.0,40,0.03931407734269707,0.404155048186027,0.9994019914626153
33,main,1.35,force_conditioned_bc,False,False,False,False,False,58,0.17039238771612963,0.0364463309539476,1.9300566453598034,1.073542284824191,0.0,55,0.10739957971294431,0.22557324332110562,1.8399670371286008
33,main,1.35,future_wrench_aux,False,False,False,False,False,58,0.16605816649874766,0.03953394100753716,1.9300566453598034,1.073542284824191,0.0,55,0.10577698942991581,0.22930661429860788,1.8807835806836621
33,main,1.35,critic_reranking,False,False,False,False,False,58,0.11001693840641169,0.04178921680499937,1.9300566453598034,1.073542284824191,0.0,55,0.10492812212905571,0.23373919492858067,1.9909733558453828
33,main,1.35,bounded_adaptation,True,False,False,False,False,20,1.0665677827513016,9.557676027053183e-22,1.9300566453598034,1.073542284824191,0.0,17,0.014417335264858453,0.14601160488326087,1.0628362271443206
34,main,1.35,action_only_bc,False,False,False,False,False,58,0.006050708700507602,0.15879291642576848,1.201444728548681,0.2875992305930435,0.0,40,0.03931407734269707,0.18956734930241462,0.9994019914626153
34,main,1.35,force_conditioned_bc,True,False,False,True,True,24,1.0278989885232221,1.0483889427228794e-07,1.234241165928261,0.2980817515461708,0.0,21,0.009852568662074703,0.0843015478404811,0.6991407666734747
34,main,1.35,future_wrench_aux,True,False,False,True,True,24,1.0266796029043825,1.0727663717957784e-07,1.234241165928261,0.2980817515461708,0.0,21,0.009763140544539663,0.08379852370072598,0.698831885377508
34,main,1.35,critic_reranking,True,False,False,False,False,21,1.0196098827347586,1.314189666604698e-06,1.234241165928261,0.2980817515461708,0.0,18,0.01074073978831334,0.08135191527020061,0.5274459920747373
34,main,1.35,bounded_adaptation,True,False,False,False,False,21,1.05726538281595,3.050223491266878e-11,1.234241165928261,0.2980817515461708,0.0,18,0.010651316467821945,0.08239526973014485,0.5319946710974979
35,main,1.35,action_only_bc,False,False,False,False,False,58,0.013420818336503978,0.2139027535514376,1.2649448570193378,0.29003503669113423,0.0,41,0.0465310261944942,0.20168561984301064,0.9994019914626153
35,main,1.35,force_conditioned_bc,True,False,False,True,True,34,1.049089481293793,6.026658646000307e-06,0.9943268040729158,0.20523345694161843,0.0,31,0.011327700884670576,0.0825134373035491,0.9425342279982265
35,main,1.35,future_wrench_aux,True,False,False,True,True,34,1.049089481293793,6.026658646000307e-06,0.9943268040729158,0.20523345694161843,0.0,31,0.011327700884670576,0.0825134373035491,0.9425342279982265
35,main,1.35,critic_reranking,True,False,False,True,True,28,1.038605102527806,6.0980144496491245e-05,0.9943268040729158,0.20523345694161843,0.0,25,0.014333833744465861,0.07487712498185803,0.7596210427875141
35,main,1.35,bounded_adaptation,True,False,False,True,True,27,1.0388142298098157,3.1378046059214213e-08,0.9943268040729158,0.20523345694161843,0.0,24,0.015506959360512836,0.0710419644031009,0.6002662687371609
36,main,1.35,action_only_bc,False,False,False,False,False,58,0.013420818336503978,0.23613430744951455,1.6717047940309333,0.6026474077071107,0.0,41,0.0465310261944942,0.3193692885753762,0.9994019914626153
36,main,1.35,force_conditioned_bc,True,False,False,True,True,28,1.0357851924106611,2.3068795510931185e-15,1.2988364347596244,0.4264429987896563,0.0,25,0.014551914688383993,0.0717684338698448,0.4416715120465126
36,main,1.35,future_wrench_aux,True,False,False,True,True,28,1.035682685728038,2.3181958426136205e-15,1.2988364347596244,0.4264429987896563,0.0,25,0.014465159468351477,0.07152344670152788,0.4413483065310607
36,main,1.35,critic_reranking,True,False,False,False,False,25,1.0222299803611756,1.5541373809918615e-12,1.2988364347596244,0.4264429987896563,0.0,22,0.017748410458762288,0.08107605388144734,0.5445921894000487
36,main,1.35,bounded_adaptation,True,False,False,False,False,24,1.0259158942006241,5.453637195522545e-15,1.2988364347596244,0.4264429987896563,0.0,21,0.01816961959125123,0.08069451521866972,0.522721358313218
37,main,1.35,action_only_bc,False,False,False,False,False,58,0.013420818336503978,0.21147733779027517,1.3467106410431828,0.3593472304870978,0.0,41,0.0465310261944942,0.2230503144302576,0.9994019914626153
37,main,1.35,force_conditioned_bc,True,False,False,True,True,35,1.02930912860086,5.448680785119554e-08,1.0617780673253572,0.2542798801022167,0.0,32,0.011135720194465189,0.07129859717048971,0.6491763061969675
37,main,1.35,future_wrench_aux,True,False,False,True,True,35,1.02930912860086,5.448680785119554e-08,1.0617780673253572,0.2542798801022167,0.0,32,0.011135720194465189,0.07129859717048971,0.6491763061969675
37,main,1.35,critic_reranking,True,False,False,False,False,30,1.04423317727186,1.339135416058707e-06,1.0617780673253572,0.2542798801022167,0.0,27,0.013807623917980306,0.06224444949486058,0.5496206060635771
37,main,1.35,bounded_adaptation,True,False,False,False,False,29,1.040925414755191,2.3964466686875135e-11,1.0617780673253572,0.2542798801022167,0.0,27,0.008253170356565606,0.05408314958572253,0.6690417869661441
38,main,1.35,action_only_bc,False,False,False,False,False,58,0.006050708700507602,0.15062878223596654,0.9169566331245215,0.2083859758100454,0.0,40,0.03931407734269707,0.1385653709583021,0.9994019914626153
38,main,1.35,force_conditioned_bc,True,False,False,True,True,25,1.0147873909846907,4.2508290635801104e-05,0.9412717756895933,0.21598130335408056,0.0,22,0.008650477866200325,0.10347066265998577,0.9994019914626153
38,main,1.35,future_wrench_aux,True,False,False,True,True,25,1.0147873909846907,4.2508290635801104e-05,0.9412717756895933,0.21598130335408056,0.0,22,0.008650477866200325,0.10347066265998577,0.9994019914626153
38,main,1.35,critic_reranking,True,False,False,False,False,22,1.056187972118678,0.00016196346249059416,0.9412717756895933,0.21598130335408056,0.0,19,0.00954761475834762,0.08802120278641817,0.6482663631251188
38,main,1.35,bounded_adaptation,True,False,False,False,False,21,1.0419446139581114,8.496030082051673e-08,0.9412717756895933,0.21598130335408056,0.0,18,0.010364023457247119,0.08975130721618108,0.5424357179331663
39,main,1.35,action_only_bc,False,False,True,False,False,58,0.013420818336503978,0.22741619311057623,2.673937988702503,1.51687646594848,3.5778294213535506,41,0.0465310261944942,0.7829343969312993,0.9994019914626153
39,main,1.35,force_conditioned_bc,False,False,False,True,False,58,0.10834698810972829,0.02279858741355035,2.04126334669063,1.0733661850361815,0.0,55,0.10770516477312199,0.23084154335076978,1.7638952927406237
39,main,1.35,future_wrench_aux,False,False,False,False,False,58,0.09337872066875992,0.03821535591702996,2.04126334669063,1.0733661850361815,0.0,55,0.10617546832094106,0.2350844416552341,1.9914172632569591
39,main,1.35,critic_reranking,False,False,False,False,False,58,0.10418817169596345,0.038055140723269765,2.04126334669063,1.0733661850361815,0.0,55,0.10648972030372855,0.2625082666248409,1.93279939355581
39,main,1.35,bounded_adaptation,True,False,False,False,False,27,1.0266606431361918,1.2292586664802683e-16,2.04126334669063,1.0733661850361815,0.0,24,0.017453123385425155,0.20266381932426045,1.0022380586621193
40,main,1.35,action_only_bc,False,False,False,False,False,58,0.006595076675159127,0.1321464654993707,1.3809623962046984,0.8739545024328438,0.0,47,0.017856299988593147,0.2643468234703706,0.9994019914626153
40,main,1.35,force_conditioned_bc,False,False,False,False,False,58,0.2845522996508781,0.029424892214070197,1.4448495351453492,0.9210773390132191,0.0,55,0.08781543338923826,0.22437811898569898,1.8306181167429187
40,main,1.35,future_wrench_aux,False,False,False,False,False,58,0.2845522996508781,0.029424892214070197,1.4448495351453492,0.9210773390132191,0.0,55,0.08781543338923826,0.22437811898569898,1.8306181167429187
40,main,1.35,critic_reranking,True,False,False,False,False,22,1.006708361621471,0.011080291229523712,1.4448495351453492,0.9210773390132191,0.0,19,0.01768037005357435,0.1410821283650278,1.4261019716952315
40,main,1.35,bounded_adaptation,True,False,False,False,False,23,1.0335133255043685,1.5927379729837599e-10,1.4448495351453492,0.9210773390132191,0.0,20,0.01233316107535476,0.12657773853012763,0.966745893781355
41,main,1.35,action_only_bc,False,False,False,False,False,58,0.0066723292029161885,0.13087685682561237,1.3733034852099695,0.7930231616466309,0.0,47,0.01785597241253527,0.2532423051042476,0.9994019914626153
41,main,1.35,force_conditioned_bc,True,False,False,False,False,36,1.0132526120946281,0.02631305066871855,1.434382728469107,0.8354632546720948,0.0,33,0.06627737580095251,0.15348793461204643,1.7577203885010804
41,main,1.35,future_wrench_aux,True,False,False,False,False,36,1.0132526120946281,0.02631305066871855,1.434382728469107,0.8354632546720948,0.0,33,0.06627737580095251,0.15348793461204643,1.7577203885010804
41,main,1.35,critic_reranking,True,False,False,False,False,24,1.009700789227231,0.025485383804419663,1.434382728469107,0.8354632546720948,0.0,21,0.04379341203361576,0.1620292771367177,1.7439242535346442
41,main,1.35,bounded_adaptation,True,False,False,False,False,24,1.0305085073069251,1.5455369860379374e-16,1.434382728469107,0.8354632546720948,0.0,21,0.011174161330486045,0.1405575741867683,0.9753042659096895
42,main,1.35,action_only_bc,False,False,False,False,False,58,0.006050708700507602,0.1576054512171327,1.6486246512599518,1.0301283632885625,0.0,40,0.03931407734269707,0.3762356777876099,0.9994019914626153
42,main,1.35,force_conditioned_bc,True,False,False,False,False,19,1.0207001490280248,0.009388521212833872,1.6990884669207584,1.0676748550865982,0.0,16,0.018593911170458274,0.11993268210038167,1.427873829590723
42,main,1.35,future_wrench_aux,True,False,False,False,False,19,1.0207001490280248,0.009388521212833872,1.6990884669207584,1.0676748550865982,0.0,16,0.018593911170458274,0.11993268210038167,1.427873829590723
42,main,1.35,critic_reranking,True,False,False,False,False,17,1.0062665241315847,0.024144110776955705,1.6990884669207584,1.0676748550865982,0.0,14,0.039731055574785554,0.15976928205495675,1.73957262459765
42,main,1.35,bounded_adaptation,True,False,False,False,False,18,1.0739285301487482,9.794750769929549e-11,1.6990884669207584,1.0676748550865982,0.0,15,0.015619306238931067,0.11429098423069169,1.052312655574135
43,main,1.35,action_only_bc,False,False,False,False,False,58,0.013420818336503978,0.19573392905233417,1.26379091285887,0.3153706265951089,0.0,41,0.0465310261944942,0.20427817659724667,0.9994019914626153
43,main,1.35,force_conditioned_bc,True,False,False,True,True,35,1.0182265375714483,3.527210260038172e-08,1.012456726138222,0.22316132786014195,0.0,32,0.009972445543740646,0.06123638678939725,0.792405586573809
43,main,1.35,future_wrench_aux,True,False,False,True,True,35,1.0182265375714483,3.527210260038172e-08,1.012456726138222,0.22316132786014195,0.0,32,0.009972445543740646,0.06123638678939725,0.792405586573809
43,main,1.35,critic_reranking,True,False,False,False,False,29,1.0011188391858725,1.5009808890046758e-06,1.012456726138222,0.22316132786014195,0.0,27,0.007515232257535978,0.054602028650747814,0.6618130082933346
43,main,1.35,bounded_adaptation,True,False,False,False,False,29,1.004279671330626,9.43922235839864e-10,1.012456726138222,0.22316132786014195,0.0,27,0.007672625843091398,0.05421149550267458,0.6651239322062587
44,main,1.35,action_only_bc,False,False,False,False,False,58,0.006050708700507602,0.1658974166815181,1.07744388872556,0.2734485877301974,0.0,40,0.03931407734269707,0.1682108777555229,0.9994019914626153
44,main,1.35,force_conditioned_bc,True,False,False,True,True,27,1.0543075328512033,5.12470119998167e-07,1.1062932804548857,0.2834153409255176,0.0,24,0.008803161742941702,0.08114458174940722,0.671383804245587
44,main,1.35,future_wrench_aux,True,False,False,True,True,27,1.0543075328512033,5.12470119998167e-07,1.1062932804548857,0.2834153409255176,0.0,24,0.008803161742941702,0.08114458174940722,0.671383804245587
44,main,1.35,critic_reranking,True,False,False,False,False,23,1.0113498201377091,9.187316555868648e-06,1.1062932804548857,0.2834153409255176,0.0,20,0.010038554309834087,0.08003841575073166,0.6776293222871492
44,main,1.35,bounded_adaptation,True,False,False,False,False,23,1.0200419351615018,4.6376376381200976e-08,1.1062932804548857,0.2834153409255176,0.0,20,0.010267721396491437,0.0818544419774521,0.6768162684886437
45,main,1.35,action_only_bc,False,False,False,False,False,58,0.006050708700507602,0.1485147404416906,1.1670589776306943,0.28534076784725576,0.0,40,0.03931407734269707,0.18162957767926616,0.9994019914626153
45,main,1.35,force_conditioned_bc,True,False,False,True,True,30,1.0244316201281845,1.5725955285087154e-10,1.196737186881544,0.2957409715319892,0.0,27,0.007649239558391161,0.062402586407238475,0.6646031825113432
45,main,1.35,future_wrench_aux,True,False,False,True,True,30,1.0242366158140868,1.5812224109276915e-10,1.196737186881544,0.2957409715319892,0.0,27,0.007636539003708308,0.062341734379151754,0.664706494857701
45,main,1.35,critic_reranking,True,False,False,False,False,25,1.0041022084412108,1.4213831110579638e-08,1.196737186881544,0.2957409715319892,0.0,22,0.009142443115284076,0.08155745088245973,0.5265115247734631
45,main,1.35,bounded_adaptation,True,False,False,False,False,25,1.0321853220201778,3.888505045141172e-16,1.196737186881544,0.2957409715319892,0.0,22,0.009062234170024693,0.08607970517561067,0.5335677869232432
46,main,1.35,action_only_bc,False,False,False,False,False,58,0.006552973675503464,0.13367574834814505,0.9676244159026569,0.33319810237345227,0.0,47,0.017856478674857172,0.1499609490025532,0.9994019914626153
46,main,1.35,force_conditioned_bc,True,False,False,True,True,30,1.038441916336291,1.1400516351073361e-15,1.0069465521943894,0.351236869347203,0.0,27,0.007219038467007323,0.058642890322267355,0.5146669521817007
46,main,1.35,future_wrench_aux,True,False,False,True,True,30,1.038441916336291,1.1400516351073361e-15,1.0069465521943894,0.351236869347203,0.0,27,0.007219038467007323,0.058642890322267355,0.5146669521817007
46,main,1.35,critic_reranking,True,False,False,False,False,24,1.0170213282193403,3.558073924194897e-12,1.0069465521943894,0.351236869347203,0.0,21,0.008616856791173107,0.07580957576371826,0.5496943285323566
46,main,1.35,bounded_adaptation,True,False,False,False,False,24,1.0209820773342282,5.296895813740858e-21,1.0069465521943894,0.351236869347203,0.0,21,0.008699036383502801,0.07630151057794642,0.5695868375661387
47,main,1.35,action_only_bc,False,False,False,False,False,58,0.006050708700507602,0.1566176547052518,1.774937669808895,0.9292474985225654,0.0,40,0.03931407734269707,0.3678796225171031,0.9994019914626153
47,main,1.35,force_conditioned_bc,True,False,False,False,False,33,1.0252073601850988,0.02495559850528818,1.825669815688307,0.9631170480127283,0.0,30,0.0595169242810814,0.1529546493118042,1.7327697292287776
47,main,1.35,future_wrench_aux,True,False,False,False,False,28,1.015852358535697,0.022417881685565813,1.825669815688307,0.9631170480127283,0.0,25,0.028732169508627493,0.13487399138820552,1.7073067359812621
47,main,1.35,critic_reranking,True,False,False,False,False,23,1.0250892731275552,0.022105695323935238,1.825669815688307,0.9631170480127283,0.0,20,0.03495413726485958,0.17292175184995867,1.7064306335639703
47,main,1.35,bounded_adaptation,True,False,False,False,False,24,1.0330528624769157,1.8821147045614056e-16,1.825669815688307,0.9631170480127283,0.0,21,0.01171207614785269,0.14536878256228433,0.9494504371203749
48,main,1.35,action_only_bc,False,False,False,False,False,58,0.006589564811194873,0.13410814920219158,1.4377365415870984,0.8250675868109728,0.0,47,0.017856323374847084,0.27028318271248297,0.9994019914626153
48,main,1.35,force_conditioned_bc,False,False,False,False,False,58,0.5222244184916914,0.027709443327212795,1.5033939782242647,0.8695781601932522,0.0,55,0.0818965637494657,0.2217522810603963,1.780102867267811
48,main,1.35,future_wrench_aux,False,False,False,False,False,58,0.5222244184916914,0.027709443327212795,1.5033939782242647,0.8695781601932522,0.0,55,0.0818965637494657,0.2217522810603963,1.780102867267811
48,main,1.35,critic_reranking,True,False,False,False,False,23,1.017430620539813,0.02722142258215917,1.5033939782242647,0.8695781601932522,0.0,20,0.04946426049244937,0.1555350446769688,1.7660254100097041
48,main,1.35,bounded_adaptation,True,False,False,False,False,22,1.0051145732726456,1.2202378645973295e-14,1.5033939782242647,0.8695781601932522,0.0,19,0.012079513177689585,0.13271422445423176,0.9915659274170329
49,main,1.35,action_only_bc,False,False,True,False,False,58,0.013420818336503978,0.23204524253933811,2.481931320238882,1.543427262052001,1.5036483366634,41,0.0465310261944942,0.6970626656329256,0.9994019914626153
49,main,1.35,force_conditioned_bc,False,False,False,False,False,58,0.18408727841447112,0.0339745476024914,1.8580142922004992,1.0921539554071131,0.0,55,0.10927081006459335,0.23026340655595073,1.8336689089377725
49,main,1.35,future_wrench_aux,False,False,False,False,False,58,0.18408727841447112,0.0339745476024914,1.8580142922004992,1.0921539554071131,0.0,55,0.10927081006459335,0.23026340655595073,1.8336689089377725
49,main,1.35,critic_reranking,False,False,False,False,False,58,0.11252231010929757,0.038042413553914176,1.8580142922004992,1.0921539554071131,0.0,55,0.11227220741875281,0.25290683181961265,1.9376176281443425
49,main,1.35,bounded_adaptation,True,False,False,False,False,19,1.0175703526826085,5.2509902071639155e-09,1.8580142922004992,1.0921539554071131,0.0,16,0.026697338545864393,0.17699790438517696,0.9773053602424735
50,main,1.35,action_only_bc,False,False,False,False,False,58,0.006050708700507602,0.185763298405936,2.1565710911206595,1.3532357804684214,0.0,40,0.03931407734269707,0.515159382895414,0.9994019914626153
50,main,1.35,force_conditioned_bc,False,False,True,False,False,58,0.10650551461711183,0.0438754192560859,2.222771498711868,1.4025590084688266,0.0227714987118679,55,0.10642458624717394,0.26012050263831726,2.050442991977332
50,main,1.35,future_wrench_aux,False,False,True,False,False,58,0.07809802398951252,0.03767927413517397,2.222771498711868,1.4025590084688266,0.0227714987118679,55,0.10685192938027309,0.2583209847315939,2.042899930044928
50,main,1.35,critic_reranking,False,False,True,False,False,58,0.11791564236048899,0.037324928640342835,2.222771498711868,1.4025590084688266,0.0227714987118679,54,0.11816636549939427,0.2563880328338778,1.9053542988105865
50,main,1.35,bounded_adaptation,True,False,True,False,False,22,1.0045096482287321,1.4184939780013515e-15,2.222771498711868,1.4025590084688266,0.0227714987118679,18,0.01634897120754593,0.17563850991964977,1.4431003926697508
51,main,1.35,action_only_bc,False,False,False,False,False,58,0.0068645376202236316,0.12408292170351243,1.3925665132422815,0.8920487344378373,0.0,47,0.01785515899597317,0.2674233165440084,0.9994019914626153
51,main,1.35,force_conditioned_bc,False,False,False,False,False,58,0.07858448515365157,0.03716835558428937,1.454883268107797,0.9388949854897509,0.0,55,0.1112044938423324,0.24594532759402427,2.0530196852383003
51,main,1.35,future_wrench_aux,False,False,False,False,False,58,0.07858448515365157,0.03716835558428937,1.454883268107797,0.9388949854897509,0.0,55,0.1112044938423324,0.24594532759402427,2.0530196852383003
51,main,1.35,critic_reranking,False,False,False,False,False,58,0.09383932487867075,0.04311185911574449,1.454883268107797,0.9388949854897509,0.0,55,0.11493238612654479,0.24538113394305475,1.9770558444058983
51,main,1.35,bounded_adaptation,True,False,False,False,False,24,1.0185052070640184,5.104224908569748e-15,1.454883268107797,0.9388949854897509,0.0,21,0.011881716394889866,0.15605866496000137,1.0532902874852133
52,main,1.35,action_only_bc,False,False,False,False,False,58,0.006050708700507602,0.14126237249098156,0.9293425354058115,0.3119636976999768,0.0,40,0.03931407734269707,0.14885239830501928,0.9994019914626153
52,main,1.35,force_conditioned_bc,True,False,False,False,False,27,1.035486680668896,2.7732766074571746e-09,0.9533482713828141,0.3233342635774023,0.0,24,0.007504878118557013,0.08327436177320907,0.5912131242240315
52,main,1.35,future_wrench_aux,True,False,False,False,False,27,1.035486680668896,2.7732766074571746e-09,0.9533482713828141,0.3233342635774023,0.0,24,0.007504878118557013,0.08327436177320907,0.5912131242240315
52,main,1.35,critic_reranking,True,False,False,False,False,23,1.0250332575854793,1.0103939859589194e-07,0.9533482713828141,0.3233342635774023,0.0,20,0.010159684446700555,0.07227785306418343,0.6100540714262545
52,main,1.35,bounded_adaptation,True,False,False,False,False,22,1.0313364424800922,8.645270506866074e-30,0.9533482713828141,0.3233342635774023,0.0,19,0.011694689544899228,0.07247258834082067,0.5999967523227588
53,main,1.35,action_only_bc,False,False,False,False,False,58,0.013420818336503978,0.22495616845267274,1.58794482136319,0.46142469956793764,0.0,41,0.0465310261944942,0.27751911558214276,0.9994019914626153
53,main,1.35,force_conditioned_bc,True,False,False,True,True,34,1.0195064439218433,2.6102052206953417e-11,1.2471644667204655,0.32651153905734437,0.0,31,0.012413849421579895,0.06827139187236601,0.725872050877856
53,main,1.35,future_wrench_aux,True,False,False,True,True,34,1.0194337966872873,2.6163125896260835e-11,1.2471644667204655,0.32651153905734437,0.0,31,0.012383841166303608,0.06809765637451282,0.7258296628364196
53,main,1.35,critic_reranking,True,False,False,False,False,29,1.0222642880517148,4.2449393590048484e-09,1.2471644667204655,0.32651153905734437,0.0,26,0.01465339526828024,0.08104026210629205,0.5137960848999857
53,main,1.35,bounded_adaptation,True,False,False,False,False,28,1.0118269282517278,1.660836375869667e-37,1.2471644667204655,0.32651153905734437,0.0,25,0.015275819633714506,0.0857945878769915,0.5264421575600795
54,main,1.35,action_only_bc,False,False,False,False,False,58,0.006050708700507602,0.18129014888722494,1.252678723581397,0.35467944987378247,0.0,40,0.03931407734269707,0.20653553140064115,0.9994019914626153
54,main,1.35,force_conditioned_bc,True,False,False,True,True,26,1.0495066638428292,3.99334931869784e-08,1.2881403684071493,0.3676069349622474,0.0,23,0.009951504452811536,0.09143303919285571,0.7009091955076038
54,main,1.35,future_wrench_aux,True,False,False,True,True,26,1.0478086373007787,4.141070442846436e-08,1.2881403684071493,0.3676069349622474,0.0,23,0.009767549038960181,0.0909229530708578,0.592742547910149
54,main,1.35,critic_reranking,True,False,False,False,False,23,1.0319465043525802,9.196080118165321e-07,1.2881403684071493,0.3676069349622474,0.0,20,0.011783975418681458,0.0811375337972864,0.4865220183123453
54,main,1.35,bounded_adaptation,True,False,False,False,False,21,1.0225970424371682,7.586855573303487e-14,1.2881403684071493,0.3676069349622474,0.0,18,0.011948969614402085,0.0875368290149992,0.5736743454863126
55,main,1.35,action_only_bc,False,False,False,False,False,58,0.013420818336503978,0.20126584557069463,2.1423283151364254,1.1907879792007972,0.0,41,0.0465310261944942,0.5461567621381256,0.9994019914626153
55,main,1.35,force_conditioned_bc,True,False,False,False,False,28,1.0065124674802426,0.010171128568913992,1.6479308503788526,0.8426207269439671,0.0,26,0.018958752222192312,0.10415387451544078,1.5155048800262154
55,main,1.35,future_wrench_aux,True,False,False,False,False,28,1.023195010429919,0.007888562561562397,1.6479308503788526,0.8426207269439671,0.0,25,0.020341071395288294,0.10966646538147382,1.4584221855916564
55,main,1.35,critic_reranking,True,False,False,False,False,24,1.0187039834862472,0.007746443333140637,1.6479308503788526,0.8426207269439671,0.0,21,0.02789735443711372,0.17316317460596528,1.4129492301636382
55,main,1.35,bounded_adaptation,True,False,False,False,False,25,1.0016241900837102,1.880690491347609e-12,1.6479308503788526,0.8426207269439671,0.0,22,0.019135035416718748,0.15378700401193915,0.9127213855790293
56,main,1.35,action_only_bc,False,False,False,False,False,58,0.006912443575107159,0.12250948804731461,1.3990517583436402,0.8305213793212399,0.0,47,0.017854956619097986,0.26436145612562584,0.9994019914626153
56,main,1.35,force_conditioned_bc,False,False,False,False,False,58,0.13048045263879643,0.034219684509851356,1.462935119158371,0.873929071635462,0.0,55,0.10199510359978325,0.2172276818765016,1.8840293387814215
56,main,1.35,future_wrench_aux,False,False,False,False,False,58,0.13048045263879643,0.034219684509851356,1.462935119158371,0.873929071635462,0.0,55,0.10199510359978325,0.2172276818765016,1.8840293387814215
56,main,1.35,critic_reranking,False,False,False,False,False,58,0.32025704055828086,0.03456377102924819,1.462935119158371,0.873929071635462,0.0,55,0.10609608509558932,0.2448610277861557,1.9194655007790749
56,main,1.35,bounded_adaptation,True,False,False,False,False,23,1.046309199615815,9.224904062441674e-13,1.462935119158371,0.873929071635462,0.0,20,0.011781610761626104,0.13244429690071674,1.0384141584145548
57,main,1.35,action_only_bc,False,False,False,False,False,58,0.013420818336503978,0.22510518997511933,1.7541313209968517,0.5746663777578708,0.0,41,0.0465310261944942,0.3361513387344341,0.9994019914626153
57,main,1.35,force_conditioned_bc,True,False,False,True,True,31,1.0121106698010858,1.7177643195857267e-16,1.3675922614425333,0.4066431719453398,0.0,28,0.0130110140367674,0.06829314687514214,0.49838576040197136
57,main,1.35,future_wrench_aux,True,False,False,False,False,33,1.0413846588493139,5.15002394640499e-17,1.3675922614425333,0.4066431719453398,0.0,30,0.01083403054529134,0.06521108481029977,0.44026597104079956
57,main,1.35,critic_reranking,True,False,False,False,False,28,1.0312888525246189,1.5235600942385332e-13,1.3675922614425333,0.4066431719453398,0.0,25,0.015494246914366959,0.09075312134542537,0.5844804778261736
57,main,1.35,bounded_adaptation,True,False,False,False,False,26,1.023303335488972,3.4280603136034695e-23,1.3675922614425333,0.4066431719453398,0.0,23,0.014026432321410041,0.08736487413320863,0.5792213177201466
58,main,1.35,action_only_bc,False,False,False,False,False,58,0.006050708700507602,0.1602502293322911,1.8424327406108667,1.0034459471215387,0.0,40,0.03931407734269707,0.3913938904320315,0.9994019914626153
58,main,1.35,force_conditioned_bc,True,False,False,False,False,38,1.0020981338018051,0.025961264369981724,1.8952399587361501,1.040019908548147,0.0,35,0.06385582533269285,0.16016830019292674,1.7608819335187076
58,main,1.35,future_wrench_aux,True,False,False,False,False,30,1.0235036170402392,0.014667423139856636,1.8952399587361501,1.040019908548147,0.0,27,0.015063329226106837,0.1411606038638803,1.5726920911984348
58,main,1.35,critic_reranking,True,False,False,False,False,26,1.0001026166934788,0.025418857928518362,1.8952399587361501,1.040019908548147,0.0,23,0.04428577317376911,0.18100448128919533,1.7506484175854682
58,main,1.35,bounded_adaptation,True,False,False,False,False,27,1.0464243667906044,7.0194652942259954e-15,1.8952399587361501,1.040019908548147,0.0,24,0.01037275158497736,0.1547537105569411,0.9549912576666268
59,main,1.35,action_only_bc,False,False,False,False,False,58,0.006050708700507602,0.17814664944017133,1.297734791718341,0.3728374152721957,0.0,40,0.03931407734269707,0.21593977522719315,0.9994019914626153
59,main,1.35,force_conditioned_bc,True,False,False,True,True,24,1.0492724453087707,2.1380259773360253e-09,1.334109642202727,0.38642672846208687,0.0,21,0.010965206859338876,0.0859780253695458,0.6264941333792057
59,main,1.35,future_wrench_aux,True,False,False,True,True,24,1.0457172364269054,2.381873433376154e-09,1.334109642202727,0.38642672846208687,0.0,21,0.010629344476495179,0.08492651540187603,0.6245704254833565
59,main,1.35,critic_reranking,True,False,False,False,False,21,1.0262985522453454,6.452747705678439e-08,1.334109642202727,0.38642672846208687,0.0,18,0.011537666461716943,0.0795665580511493,0.5655765964548131
59,main,1.35,bounded_adaptation,True,False,False,False,False,21,1.0145222825893758,5.225193385962547e-13,1.334109642202727,0.38642672846208687,0.0,18,0.01284313063102462,0.07981266246438154,0.5625777688878423
60,main,1.35,action_only_bc,False,False,False,False,False,58,0.006534139377979104,0.1341542931560596,0.820093570974762,0.28046695751375106,0.0,47,0.017856558643641413,0.11913028538110014,0.9994019914626153
60,main,1.35,force_conditioned_bc,True,False,False,True,True,31,1.0185936622773668,1.6622564726870839e-10,0.852351752275982,0.2956784454810605,0.0,28,0.0071303782473190165,0.05915250239312946,0.573031999822018
60,main,1.35,future_wrench_aux,True,False,False,True,True,31,1.0185936622773668,1.6622564726870839e-10,0.852351752275982,0.2956784454810605,0.0,28,0.0071303782473190165,0.05915250239312946,0.573031999822018
60,main,1.35,critic_reranking,True,False,False,False,False,26,1.0300794013817929,1.2784557953820177e-08,0.852351752275982,0.2956784454810605,0.0,23,0.008571293764797839,0.05821759011949704,0.5116790579906692
60,main,1.35,bounded_adaptation,True,False,False,False,False,25,1.0335373903496268,1.9689062343693366e-27,0.852351752275982,0.2956784454810605,0.0,22,0.009470065411054324,0.061180330545444,0.5890642741651181
61,main,1.35,action_only_bc,False,False,False,False,False,58,0.013420818336503978,0.23709420175538012,1.6716886751433009,0.43630263084582843,0.0,41,0.0465310261944942,0.29182446817657315,0.9994019914626153
61,main,1.35,force_conditioned_bc,True,False,False,True,True,23,1.0168610160551683,5.178348439915396e-07,1.281285068066357,0.3087347591614243,0.0,20,0.0172144743574659,0.1135611509101652,0.5486058032232135
61,main,1.35,future_wrench_aux,True,False,False,True,True,23,1.0166895642738083,5.198634584365919e-07,1.281285068066357,0.3087347591614243,0.0,20,0.017117061914983033,0.11326538606178947,0.5483712621997631
61,main,1.35,critic_reranking,True,False,False,False,False,22,1.0504080640798437,2.809225297491564e-06,1.281285068066357,0.3087347591614243,0.0,19,0.018245816318776004,0.10083186067894721,0.4889233791759918
61,main,1.35,bounded_adaptation,True,False,False,False,False,22,1.0568600050103474,4.366089587507066e-11,1.281285068066357,0.3087347591614243,0.0,19,0.01799456651699743,0.10278273633288469,0.5177631091739392
62,main,1.35,action_only_bc,False,False,False,False,False,58,0.006050708700507602,0.17980218642309673,1.9455828352719267,1.0823906274599424,0.0,40,0.03931407734269707,0.4250483916881645,0.9994019914626153
62,main,1.35,force_conditioned_bc,True,False,False,False,False,25,1.0038239219033682,0.015203491107487727,2.0043625877352182,1.1218419931969825,0.0,22,0.026532900261625327,0.1240271055874688,1.6425711463986419
62,main,1.35,future_wrench_aux,True,False,False,False,False,25,1.0090409285095814,0.01304547239060264,2.0043625877352182,1.1218419931969825,0.0,22,0.022658722884942844,0.12315585117598163,1.6019251344862844
62,main,1.35,critic_reranking,True,False,False,False,False,22,1.0255738602398499,0.019158616855018604,2.0043625877352182,1.1218419931969825,0.0,18,0.05221774337662206,0.16350357831819406,1.669810909780698
62,main,1.35,bounded_adaptation,True,False,False,False,False,22,1.0099867289927786,1.0523319758141564e-27,2.0043625877352182,1.1218419931969825,0.0,18,0.016733336119973102,0.1460266701029604,1.1788101951429215
63,main,1.35,action_only_bc,False,False,False,False,False,58,0.006050708700507602,0.15013411403436125,1.0369190439803204,0.30467318545976446,0.0,40,0.03931407734269707,0.16555418178640977,0.9994019914626153
63,main,1.35,force_conditioned_bc,True,False,False,True,True,26,1.0053583348716513,7.64652489350499e-09,1.064000738233466,0.3157780241057246,0.0,23,0.00894709050906848,0.07673877579359269,0.5893238821777372
63,main,1.35,future_wrench_aux,True,False,False,True,True,26,1.0053583348716513,7.64652489350499e-09,1.064000738233466,0.3157780241057246,0.0,23,0.00894709050906848,0.07673877579359269,0.5893238821777372
63,main,1.35,critic_reranking,True,False,False,False,False,23,1.0455518135992676,1.1452825109250538e-07,1.064000738233466,0.3157780241057246,0.0,20,0.009868531665524786,0.0655617134746946,0.527539030507181
63,main,1.35,bounded_adaptation,True,False,False,False,False,22,1.0194790681234613,1.6416124717749432e-15,1.064000738233466,0.3157780241057246,0.0,19,0.010560073993704141,0.07059866127625397,0.5805068441133296
64,main,1.35,action_only_bc,False,False,False,False,False,58,0.007133885279323234,0.12277257046263003,1.3310350010843621,0.788031228144407,0.0,47,0.017854023016135395,0.2533466441967107,0.9994019914626153
64,main,1.35,force_conditioned_bc,True,False,False,False,False,28,1.0364957357516655,0.0269281175468487,1.3931252763902475,0.8283077822965137,0.0,25,0.06445931603369745,0.17057061560960055,1.7831721296132905
64,main,1.35,future_wrench_aux,True,False,False,False,False,28,1.0364957357516655,0.0269281175468487,1.3931252763902475,0.8283077822965137,0.0,25,0.06445931603369745,0.17057061560960055,1.7831721296132905
64,main,1.35,critic_reranking,True,False,False,False,False,19,1.01628778906522,0.02391164997568966,1.3931252763902475,0.8283077822965137,0.0,16,0.039868331603357406,0.13925740426281724,1.730889379094847
64,main,1.35,bounded_adaptation,True,False,False,False,False,19,1.0418094677616774,4.051934458542512e-10,1.3931252763902475,0.8283077822965137,0.0,16,0.01432661007710348,0.11202672509072327,0.9962460297466657
65,main,1.35,action_only_bc,False,False,False,False,False,58,0.013420818336503978,0.2137639685138315,2.106036755646469,1.245848503808424,0.0,41,0.0465310261944942,0.5421012433532251,0.9994019914626153
65,main,1.35,force_conditioned_bc,True,False,False,False,False,31,1.0056408879847016,0.02067355255724515,1.626585238998705,0.8815824397603264,0.0,28,0.04224005933343446,0.121286495015104,1.6857532180877666
65,main,1.35,future_wrench_aux,True,False,False,False,False,31,1.0056408879847016,0.02067355255724515,1.626585238998705,0.8815824397603264,0.0,28,0.04224005933343446,0.121286495015104,1.6857532180877666
65,main,1.35,critic_reranking,True,False,False,False,False,25,1.0514450237394164,0.014979256489009378,1.626585238998705,0.8815824397603264,0.0,22,0.03257297961840728,0.19311735399374136,1.6277299380244217
65,main,1.35,bounded_adaptation,True,False,False,False,False,26,1.0229812891357006,7.992189870386159e-16,1.626585238998705,0.8815824397603264,0.0,23,0.01822543293364787,0.16637939070478314,0.9259925198867497
66,main,1.35,action_only_bc,False,False,False,False,False,58,0.013420818336503978,0.2298392777384032,1.8247229472365991,0.5002433560447449,0.0,41,0.0465310261944942,0.34571499228569846,0.9994019914626153
66,main,1.35,force_conditioned_bc,True,False,False,True,True,34,1.036546224975783,8.326301436967064e-14,1.4263766348620934,0.3539802447470243,0.0,31,0.012084196904507568,0.07592806810788684,0.504891240563351
66,main,1.35,future_wrench_aux,True,False,False,False,False,34,1.0191691418781812,2.0300021802873886e-13,1.4263766348620934,0.3539802447470243,0.0,31,0.009784630612952634,0.06673774192700353,0.5097546106211112
66,main,1.35,critic_reranking,True,False,False,False,False,30,1.0257002381320621,5.3404210873436505e-11,1.4263766348620934,0.3539802447470243,0.0,27,0.014300790875952577,0.09434258743063408,0.5467020516593307
66,main,1.35,bounded_adaptation,True,False,False,False,False,29,1.0015535575501673,6.527967431088021e-19,1.4263766348620934,0.3539802447470243,0.0,26,0.015028738839986537,0.09514850887785066,0.5963881856528441
67,main,1.35,action_only_bc,False,False,False,False,False,58,0.006050708700507602,0.15212366055022933,1.575330374381956,0.9304786045904976,0.0,40,0.03931407734269707,0.34576912476378174,0.9994019914626153
67,main,1.35,force_conditioned_bc,False,False,False,False,False,58,0.7211876381429635,0.028520991471749087,1.6199464586039358,0.9643930258806513,0.0,55,0.07400729421433233,0.1953208227627588,1.7847383379126867
67,main,1.35,future_wrench_aux,False,False,False,False,False,58,0.7211876381429635,0.028520991471749087,1.6199464586039358,0.9643930258806513,0.0,55,0.07400729421433233,0.1953208227627588,1.7847383379126867
67,main,1.35,critic_reranking,True,False,False,False,False,22,1.0034807043689098,0.026237903969523663,1.6199464586039358,0.9643930258806513,0.0,19,0.03833497819894468,0.16053190716522847,1.7458844627799852
67,main,1.35,bounded_adaptation,True,False,False,False,False,23,1.0326317573430386,1.098873009991533e-15,1.6199464586039358,0.9643930258806513,0.0,20,0.012231103580948456,0.1331011984723366,0.9813943759823762
68,main,1.35,action_only_bc,False,False,False,False,False,58,0.006050708700507602,0.1662399049927476,1.0694506370212034,0.2730483894063812,0.0,40,0.03931407734269707,0.16817819665533362,0.9994019914626153
68,main,1.35,force_conditioned_bc,True,False,False,True,True,24,1.048199014923233,6.9816950914498224e-06,1.0993556091602819,0.2830005560282041,0.0,21,0.00970641643020028,0.10720488555911194,0.6561648473297536
68,main,1.35,future_wrench_aux,True,False,False,True,True,24,1.048199014923233,6.9816950914498224e-06,1.0993556091602819,0.2830005560282041,0.0,21,0.00970641643020028,0.10720488555911194,0.6561648473297536
68,main,1.35,critic_reranking,True,False,False,False,False,21,1.0393628713989902,5.039994875130068e-05,1.0993556091602819,0.2830005560282041,0.0,18,0.011010516416630277,0.10340247769609216,0.574535212595396
68,main,1.35,bounded_adaptation,True,False,False,False,False,20,1.007198299870475,3.777417350189235e-09,1.0993556091602819,0.2830005560282041,0.0,17,0.012416527540380527,0.10748211854196014,0.5657343194860788
69,main,1.35,action_only_bc,False,False,True,False,False,58,0.006050708700507602,0.19115685469265858,2.25645121064784,1.3264868770726497,0.056451210647839645,40,0.03931407734269707,0.5403088603817268,0.9994019914626153
69,main,1.35,force_conditioned_bc,False,False,True,False,False,58,0.1532862043391125,0.04091558687327204,2.3280724137321367,1.3748351513510257,0.12807241373213651,55,0.11012076139653171,0.24712808865413277,1.9569263117637457
69,main,1.35,future_wrench_aux,False,False,True,False,False,58,0.26667774876783157,0.04138547281695183,2.3280724137321367,1.3748351513510257,0.12807241373213651,55,0.10401236063076076,0.2400439370563097,2.046805206232916
69,main,1.35,critic_reranking,False,False,True,False,False,58,0.14493320906366702,0.03726278523335937,2.3280724137321367,1.3748351513510257,0.12807241373213651,54,0.11811740405201455,0.2559862431878131,1.9056921930384076
69,main,1.35,bounded_adaptation,True,False,True,False,False,19,1.08,1.294735041437159e-13,2.3280724137321367,1.3748351513510257,0.12807241373213651,15,0.01968568116583554,0.17572533217663774,1.3933007339600387
70,main,1.35,action_only_bc,False,False,False,False,False,58,0.006878943417302462,0.12303620513718708,1.5665326333368437,0.8928098196374393,0.0,47,0.017855098124150547,0.2974574037811788,0.9994019914626153
70,main,1.35,force_conditioned_bc,False,False,False,False,False,58,0.09865303290513211,0.043329039231778874,1.6379987065121087,0.9396289909662817,0.0,55,0.10893979463266878,0.24189332090246154,2.0670156994716873
70,main,1.35,future_wrench_aux,False,False,False,False,False,58,0.12100098586008644,0.048259008058607444,1.6379987065121087,0.9396289909662817,0.0,55,0.10738660763046272,0.24064122434963406,1.9910093967220721
70,main,1.35,critic_reranking,False,False,False,False,False,58,0.09872980072220267,0.03219964009401008,1.6379987065121087,0.9396289909662817,0.0,55,0.11735689355925649,0.24877573012614818,1.8894523149629772
70,main,1.35,bounded_adaptation,True,False,False,False,False,23,1.0344761253986008,4.013352519142976e-16,1.6379987065121087,0.9396289909662817,0.0,20,0.012175274204629698,0.1568747901003687,1.0929837141047125
71,main,1.35,action_only_bc,False,False,False,False,False,58,0.006050708700507602,0.1677538677732237,1.100887147130782,0.2971429255260065,0.0,40,0.03931407734269707,0.17442060906461673,0.9994019914626153
71,main,1.35,force_conditioned_bc,True,False,False,True,True,28,1.0111929142255007,6.105818018178081e-08,1.130037588965322,0.3079732985297069,0.0,25,0.008637034908162615,0.07312416408992005,0.6811957048079275
71,main,1.35,future_wrench_aux,True,False,False,True,True,28,1.0111929142255007,6.105818018178081e-08,1.130037588965322,0.3079732985297069,0.0,25,0.008637034908162615,0.07312416408992005,0.6811957048079275
71,main,1.35,critic_reranking,True,False,False,False,False,25,1.0560625479555286,8.057628390958016e-07,1.130037588965322,0.3079732985297069,0.0,22,0.009483863601311085,0.0722732427285953,0.5762983292109639
71,main,1.35,bounded_adaptation,True,False,False,False,False,24,1.0599103018506486,2.3399412527596574e-09,1.130037588965322,0.3079732985297069,0.0,21,0.010197476651385366,0.0718305774942391,0.690230360962559
72,main,1.35,action_only_bc,False,False,False,False,False,58,0.013420818336503978,0.22490327853545214,1.6566181976063474,0.4631826223758995,0.0,41,0.0465310261944942,0.2928506122961998,0.9994019914626153
72,main,1.35,force_conditioned_bc,True,False,False,True,True,34,1.03850012823797,3.8661029931409956e-11,1.2925737032494162,0.3277554735110246,0.0,31,0.01256086552685935,0.0726302149921722,0.6086090223982278
72,main,1.35,future_wrench_aux,True,False,False,True,True,34,1.0382895221019979,3.891138989946889e-11,1.2925737032494162,0.3277554735110246,0.0,31,0.012484187738687721,0.07216102034636426,0.6082120297954305
72,main,1.35,critic_reranking,True,False,False,False,False,29,1.0120427232260323,6.952672612273106e-09,1.2925737032494162,0.3277554735110246,0.0,26,0.014818547239119698,0.0745727714582619,0.49606529850382997
72,main,1.35,bounded_adaptation,True,False,False,False,False,28,1.02627075835823,1.9529843572885156e-14,1.2925737032494162,0.3277554735110246,0.0,25,0.015772256681209122,0.07885095185864857,0.6695507514686341
73,main,1.35,action_only_bc,False,False,False,False,False,58,0.006969278651009615,0.1311148730471951,0.9015394888397623,0.2513360381987256,0.0,47,0.017854716707723463,0.14618371963483004,0.9994019914626153
73,main,1.35,force_conditioned_bc,True,False,False,False,False,21,1.0004039562828568,1.4958880642537095e-06,0.9409849344422807,0.2643977732852911,0.0,18,0.008841955820773937,0.10966620210018665,0.5097373381409016
73,main,1.35,future_wrench_aux,True,False,False,False,False,21,1.0004039562828568,1.4958880642537095e-06,0.9409849344422807,0.2643977732852911,0.0,18,0.008841955820773937,0.10966620210018665,0.5097373381409016
73,main,1.35,critic_reranking,True,False,False,False,False,20,1.08,3.7888336695458535e-06,0.9409849344422807,0.2643977732852911,0.0,17,0.011587595420039504,0.09829559628442044,0.5319922722505854
73,main,1.35,bounded_adaptation,True,False,False,False,False,19,1.046389496717936,5.71785795742109e-12,0.9409849344422807,0.2643977732852911,0.0,16,0.012701643270846413,0.0974476389182386,0.5861960649095499
74,main,1.35,action_only_bc,False,False,False,False,False,58,0.006050708700507602,0.13895043235119658,1.5620849747799943,0.8595248585286696,0.0,40,0.03931407734269707,0.32874963551479436,0.9994019914626153
74,main,1.35,force_conditioned_bc,True,False,False,False,False,40,1.003049157903695,0.026192806143929985,1.6041072047487233,0.8908531319759994,0.0,37,0.0644571506646641,0.15497629445876115,1.7598365633633835
74,main,1.35,future_wrench_aux,True,False,False,False,False,40,1.003049157903695,0.026192806143929985,1.6041072047487233,0.8908531319759994,0.0,37,0.0644571506646641,0.15497629445876115,1.7598365633633835
74,main,1.35,critic_reranking,True,False,False,False,False,26,1.02103083764021,0.021068277416894758,1.6041072047487233,0.8908531319759994,0.0,23,0.02535854186271459,0.18296148526240058,1.6873447900226575
74,main,1.35,bounded_adaptation,True,False,False,False,False,27,1.0285432519187183,1.1063540653596641e-16,1.6041072047487233,0.8908531319759994,0.0,24,0.010033987371588506,0.15879350169306983,0.9553447907633896
75,main,1.35,action_only_bc,False,False,False,False,False,58,0.013420818336503978,0.2244759600276063,1.7467177173537185,0.5499280766774102,0.0,41,0.0465310261944942,0.33087151493989964,0.9994019914626153
75,main,1.35,force_conditioned_bc,True,False,False,True,True,33,1.0059736507039074,9.083305958708597e-17,1.3722851307562427,0.38913795220524233,0.0,30,0.012114567416008498,0.07109085380804463,0.5420340292866586
75,main,1.35,future_wrench_aux,True,False,False,False,False,34,1.0005042555265125,1.326424264833405e-16,1.3722851307562427,0.38913795220524233,0.0,31,0.010010545980342954,0.0650492339004397,0.545903234766231
75,main,1.35,critic_reranking,True,False,False,True,True,29,1.0438720312369878,7.102989294242826e-14,1.3722851307562427,0.38913795220524233,0.0,26,0.012455416240494057,0.10004367693193573,0.499773289186178
75,main,1.35,bounded_adaptation,True,False,False,True,True,29,1.0364699073669876,2.7376598984934446e-13,1.3722851307562427,0.38913795220524233,0.0,26,0.013017088897103382,0.09437475113998524,0.45044079432290146
76,main,1.35,action_only_bc,False,False,False,False,False,58,0.00721113633845215,0.12034967242573759,1.2336255989077896,0.7012911703731056,0.0,47,0.01785369804964734,0.22405518316727985,0.9994019914626153
76,main,1.35,force_conditioned_bc,True,False,False,False,False,26,1.0112125672552688,0.020384700663263103,1.2882612185123727,0.7368515746590957,0.0,23,0.043452432513212624,0.12396129937938484,1.6830662184815741
76,main,1.35,future_wrench_aux,True,False,False,False,False,26,1.0112125672552688,0.020384700663263103,1.2882612185123727,0.7368515746590957,0.0,23,0.043452432513212624,0.12396129937938484,1.6830662184815741
76,main,1.35,critic_reranking,True,False,False,False,False,20,1.0261567823585929,0.014163146937420648,1.2882612185123727,0.7368515746590957,0.0,17,0.02768656828701732,0.13166531966972073,1.619167942688535
76,main,1.35,bounded_adaptation,True,False,False,False,False,20,1.0153597739289346,8.708414069136805e-14,1.2882612185123727,0.7368515746590957,0.0,17,0.013709999083302206,0.11982960690841518,0.9542253982530322
77,main,1.35,action_only_bc,False,False,True,False,False,58,0.013420818336503978,0.23251151951866134,2.472277985388126,1.5813903428422829,1.4356595545865378,41,0.0465310261944942,0.6989823902765913,0.9994019914626153
77,main,1.35,force_conditioned_bc,False,False,False,False,False,58,0.17208244796739058,0.03432737906467004,1.871401370012025,1.119017241979765,0.0,55,0.10010224522008973,0.22602991959934568,1.872126087182523
77,main,1.35,future_wrench_aux,False,False,False,False,False,58,0.17208244796739058,0.03432737906467004,1.871401370012025,1.119017241979765,0.0,55,0.10010224522008973,0.22602991959934568,1.872126087182523
77,main,1.35,critic_reranking,False,False,False,False,False,58,0.23570549579142902,0.03531791682801672,1.871401370012025,1.119017241979765,0.0,55,0.10352468554027648,0.2495539698041515,1.9332206809991408
77,main,1.35,bounded_adaptation,True,False,False,False,False,25,1.0132302935663429,1.2154725162598956e-09,1.871401370012025,1.119017241979765,0.0,22,0.02052871466085667,0.17397823088015302,0.9299378606170641
78,main,1.35,action_only_bc,False,False,False,False,False,58,0.006050708700507602,0.15282325839606767,0.9807004504460012,0.23720150103607274,0.0,40,0.03931407734269707,0.14634613547913378,0.9994019914626153
78,main,1.35,force_conditioned_bc,True,False,False,True,True,34,1.0171242364162039,4.9541392444377114e-08,1.0043487830617006,0.24584710728333792,0.0,31,0.0063726556443464725,0.05446937621725495,0.7917267688090438
78,main,1.35,future_wrench_aux,True,False,False,True,True,34,1.0171242364162039,4.9541392444377114e-08,1.0043487830617006,0.24584710728333792,0.0,31,0.0063726556443464725,0.05446937621725495,0.7917267688090438
78,main,1.35,critic_reranking,True,False,False,False,False,29,1.0280408742974279,1.2294888410528215e-06,1.0043487830617006,0.24584710728333792,0.0,26,0.0073831732022034986,0.06057977021915871,0.6584633537516994
78,main,1.35,bounded_adaptation,True,False,False,False,False,27,1.0097366083435855,5.05075928662623e-13,1.0043487830617006,0.24584710728333792,0.0,24,0.008267156990955874,0.06235910537874036,0.5527009267304672
79,main,1.35,action_only_bc,False,False,False,False,False,58,0.013420818336503978,0.1935369781000306,1.9625150127265736,1.2143932978064775,0.0,41,0.0465310261944942,0.49320192367779936,0.9994019914626153
79,main,1.35,force_conditioned_bc,False,False,False,False,False,58,0.4236111611973734,0.02988163047579137,1.4995183113440054,0.8593242300618029,0.0,55,0.08764112402196117,0.2213094269758805,1.814634238019707
79,main,1.35,future_wrench_aux,False,False,False,False,False,58,0.4236111611973734,0.02988163047579137,1.4995183113440054,0.8593242300618029,0.0,55,0.08764112402196117,0.2213094269758805,1.814634238019707
79,main,1.35,critic_reranking,True,False,False,False,False,21,1.0204994845295225,0.028769341513691413,1.4995183113440054,0.8593242300618029,0.0,18,0.05706230996056598,0.16944960909095302,1.7848493085351782
79,main,1.35,bounded_adaptation,True,False,False,False,False,21,1.0212708286550636,2.400872618938722e-11,1.4995183113440054,0.8593242300618029,0.0,18,0.02330891618185043,0.13882945741620456,0.9680895008109557
80,main,1.35,action_only_bc,False,False,False,False,False,58,0.006050708700507602,0.16820009641478237,1.8528501496027578,1.0327128456057235,0.0,40,0.03931407734269707,0.40062008790418463,0.9994019914626153
80,main,1.35,force_conditioned_bc,True,False,False,False,False,19,1.0429569446449491,0.015061713526719988,1.9098876441422785,1.0703535375516064,0.0,16,0.024468219558626943,0.14118763131629994,1.5879024806104987
80,main,1.35,future_wrench_aux,True,False,False,False,False,19,1.073990054692961,0.0009015731165475142,1.9098876441422785,1.0703535375516064,0.0,16,0.015100306048807938,0.12928596965985947,1.0668455721363652
80,main,1.35,critic_reranking,True,False,False,False,False,17,1.0270143586655132,0.01868545488152927,1.9098876441422785,1.0703535375516064,0.0,14,0.03171685808548254,0.1507663580929377,1.6378147195530652
80,main,1.35,bounded_adaptation,True,False,False,False,False,18,1.02892482356006,1.1384097715719556e-13,1.9098876441422785,1.0703535375516064,0.0,15,0.01672972021739541,0.12764993127319976,1.0596812349365434
81,main,1.35,action_only_bc,False,False,False,False,False,58,0.006050708700507602,0.17513926085962034,1.7530708910593555,1.0272316010939382,0.0,40,0.03931407734269707,0.3849526530306835,0.9994019914626153
81,main,1.35,force_conditioned_bc,True,False,False,False,False,25,1.0229319209879186,0.004448634347583358,1.8042667868091065,1.0646725106540145,0.0,22,0.013399879095393743,0.1278403143451262,1.0523172550041444
81,main,1.35,future_wrench_aux,True,False,False,False,False,25,1.0229319209879186,0.004448634347583358,1.8042667868091065,1.0646725106540145,0.0,22,0.013399879095393743,0.1278403143451262,1.0523172550041444
81,main,1.35,critic_reranking,True,False,False,False,False,22,1.0110594881760255,0.017198093269232842,1.8042667868091065,1.0646725106540145,0.0,19,0.028769843051909497,0.15624289682040274,1.6448052993993774
81,main,1.35,bounded_adaptation,True,False,False,False,False,24,1.0413692979469622,7.896585969615706e-14,1.8042667868091065,1.0646725106540145,0.0,21,0.012339400731705556,0.13414997398218645,0.9080509323896814
82,main,1.35,action_only_bc,False,False,True,False,False,58,0.013420818336503978,0.2019206662242554,2.293707674861699,1.187180848998765,0.2751676116632469,41,0.0465310261944942,0.5988304916080632,0.9994019914626153
82,main,1.35,force_conditioned_bc,True,False,False,True,True,31,1.015545530632905,0.026488871059302324,1.7533187633269172,0.8400682635952375,0.0,28,0.0760400317266502,0.16832957893338582,1.7496174887161018
82,main,1.35,future_wrench_aux,True,False,False,False,False,29,1.0351800720008029,0.02637658899778612,1.7533187633269172,0.8400682635952375,0.0,26,0.05505449550378371,0.1435623911043012,1.7470797910249858
82,main,1.35,critic_reranking,True,False,False,False,False,21,1.0247303784299213,0.017696904022969973,1.7533187633269172,0.8400682635952375,0.0,18,0.03658517390653034,0.1816068115867521,1.6514493878404903
82,main,1.35,bounded_adaptation,True,False,False,False,False,23,1.0474120658246504,4.548643824706014e-15,1.7533187633269172,0.8400682635952375,0.0,20,0.020151707102487492,0.15692311805422515,0.946562103835537
83,main,1.35,action_only_bc,False,False,False,False,False,58,0.006783956332292843,0.12991616441604723,1.4106694968991402,0.8504370492612712,0.0,47,0.017855499731834524,0.2704297409655458,0.9994019914626153
83,main,1.35,force_conditioned_bc,False,False,False,False,False,58,0.22816251151459005,0.030168826116632623,1.4763406619253854,0.8954552124776265,0.0,55,0.09183780268847615,0.22958336432927523,1.8364508758720794
83,main,1.35,future_wrench_aux,False,False,False,False,False,58,0.22816251151459005,0.030168826116632623,1.4763406619253854,0.8954552124776265,0.0,55,0.09183780268847615,0.22958336432927523,1.8364508758720794
83,main,1.35,critic_reranking,True,False,False,False,False,29,1.011281085008537,0.03016443944263432,1.4763406619253854,0.8954552124776265,0.0,26,0.06670627861291666,0.17107485954345553,1.8343563245635939
83,main,1.35,bounded_adaptation,True,False,False,False,False,21,1.0257437114390802,5.892834560260029e-11,1.4763406619253854,0.8954552124776265,0.0,18,0.013260142319941418,0.12391961368476528,0.9968491610444289
84,main,1.35,action_only_bc,False,False,False,False,False,58,0.0064504224061181815,0.1359795140926303,1.0606802431277154,0.31571038942681634,0.0,47,0.0178569143639025,0.17061163863300277,0.9994019914626153
84,main,1.35,force_conditioned_bc,True,False,False,False,False,28,1.0140665472441135,4.991709738610524e-13,1.1054155608715475,0.33297088015454646,0.0,25,0.007117578560881992,0.06031738621132611,0.49448419222712137
84,main,1.35,future_wrench_aux,True,False,False,False,False,28,1.0140665472441135,4.991709738610524e-13,1.1054155608715475,0.33297088015454646,0.0,25,0.007117578560881992,0.06031738621132611,0.49448419222712137
84,main,1.35,critic_reranking,True,False,False,False,False,24,1.0072199271007223,1.0393190969518276e-10,1.1054155608715475,0.33297088015454646,0.0,21,0.01018059313094019,0.07637318231198552,0.6144674849420598
84,main,1.35,bounded_adaptation,True,False,False,False,False,24,1.0349801273604609,6.58754137622613e-17,1.1054155608715475,0.33297088015454646,0.0,21,0.010292917165693244,0.07811178818054194,0.6469569338248492
85,main,1.35,action_only_bc,False,False,False,False,False,58,0.006050708700507602,0.16312768414980833,1.0221377267307226,0.2397150266710892,0.0,40,0.03931407734269707,0.15630506520871137,0.9994019914626153
85,main,1.35,force_conditioned_bc,True,False,False,True,True,27,1.0113865599783964,5.029758119047803e-06,1.049193601364974,0.24845224681134342,0.0,24,0.0083969802880172,0.08658427863529156,0.79144112440628
85,main,1.35,future_wrench_aux,True,False,False,True,True,27,1.0113865599783964,5.029758119047803e-06,1.049193601364974,0.24845224681134342,0.0,24,0.0083969802880172,0.08658427863529156,0.79144112440628
85,main,1.35,critic_reranking,True,False,False,False,False,23,1.0156882549639403,3.764774396852885e-05,1.049193601364974,0.24845224681134342,0.0,20,0.009648088576617824,0.08373303904220024,0.5606958833765604
85,main,1.35,bounded_adaptation,True,False,False,False,False,23,1.057441599427473,3.089813466044196e-07,1.049193601364974,0.24845224681134342,0.0,20,0.00983879793061085,0.08294449438411691,0.6599977599323266
86,main,1.35,action_only_bc,False,False,False,False,False,58,0.013420818336503978,0.23498160813859095,1.5288713791527546,0.39107941689166814,0.0,41,0.0465310261944942,0.25526466933609226,0.9994019914626153
86,main,1.35,force_conditioned_bc,True,False,False,True,True,34,1.0391385615482167,1.3515743439491197e-07,1.187582001750335,0.27673408558864254,0.0,31,0.012168998939957217,0.07902388563536722,0.6575324235807523
86,main,1.35,future_wrench_aux,True,False,False,True,True,34,1.0391385615482167,1.3515743439491197e-07,1.187582001750335,0.27673408558864254,0.0,31,0.012168998939957217,0.07902388563536722,0.6575324235807523
86,main,1.35,critic_reranking,True,False,False,False,False,28,1.009346793770859,4.187123624001055e-06,1.187582001750335,0.27673408558864254,0.0,25,0.014829817047524207,0.0772280673917676,0.5541732665691302
86,main,1.35,bounded_adaptation,True,False,False,False,False,27,1.0537984776361682,4.036052859867442e-11,1.187582001750335,0.27673408558864254,0.0,24,0.01618252205970902,0.07227751400090482,0.6225419174998058
87,main,1.35,action_only_bc,False,False,False,False,False,58,0.006050708700507602,0.15566405414993362,1.9021347608050139,1.026978929832274,0.0,40,0.03931407734269707,0.4071719036942067,0.9994019914626153
87,main,1.35,force_conditioned_bc,False,False,False,False,False,58,0.1547963722348366,0.030224678022786215,1.958249007257912,1.064410629938663,0.0,55,0.108353674644639,0.23133094313376606,1.7762487616278229
87,main,1.35,future_wrench_aux,False,False,False,False,False,58,0.1518942996047348,0.04120866045987685,1.958249007257912,1.064410629938663,0.0,55,0.10698122791960497,0.23439542644467898,1.9021965186209124
87,main,1.35,critic_reranking,False,False,False,False,False,58,0.10161214077676049,0.040574810925981364,1.958249007257912,1.064410629938663,0.0,55,0.11250749795938716,0.24636879676247941,1.9520661762248102
87,main,1.35,bounded_adaptation,True,False,False,False,False,21,1.0388289146464167,8.918612763312016e-20,1.958249007257912,1.064410629938663,0.0,18,0.013533403120849562,0.15156697828495513,1.0855908989390597
88,main,1.35,action_only_bc,False,False,False,False,False,58,0.006050708700507602,0.15688682081566935,1.6163015472475264,1.0510628708493732,0.0,40,0.03931407734269707,0.3771296471089703,0.9994019914626153
88,main,1.35,force_conditioned_bc,False,False,False,False,False,58,0.6025344707920675,0.033973909916259,1.6644368683458726,1.0893723911635043,0.0,55,0.08566089011528172,0.1989081835396412,1.899410972224076
88,main,1.35,future_wrench_aux,False,False,False,False,False,58,0.6025344707920675,0.033973909916259,1.6644368683458726,1.0893723911635043,0.0,55,0.08566089011528172,0.1989081835396412,1.899410972224076
88,main,1.35,critic_reranking,False,False,False,False,False,58,0.8307606533523304,0.033973909916262486,1.6644368683458726,1.0893723911635043,0.0,55,0.09782776099751009,0.21873599536737237,1.8994119596339132
88,main,1.35,bounded_adaptation,True,False,False,False,False,20,1.0021787527993078,2.7488828755730944e-11,1.6644368683458726,1.0893723911635043,0.0,17,0.014050513411534724,0.12419997545011212,1.0409718083794615
89,main,1.35,action_only_bc,False,False,False,False,False,58,0.013420818336503978,0.20694365371032988,1.2565740924957338,0.4155873962033819,0.0,41,0.0465310261944942,0.22106424808923075,0.9994019914626153
89,main,1.35,force_conditioned_bc,True,False,False,False,False,27,1.025992593851354,2.1950525195466412e-08,0.9880854392901698,0.29407632594063526,0.0,24,0.01248208618323924,0.08403191884857637,0.5676917297578818
89,main,1.35,future_wrench_aux,True,False,False,False,False,27,1.025992593851354,2.1950525195466412e-08,0.9880854392901698,0.29407632594063526,0.0,24,0.01248208618323924,0.08403191884857637,0.5676917297578818
89,main,1.35,critic_reranking,True,False,False,False,False,23,1.0070690691403172,5.447676082539594e-07,0.9880854392901698,0.29407632594063526,0.0,20,0.01502000017201137,0.07653104906426311,0.5543644665082724
89,main,1.35,bounded_adaptation,True,False,False,False,False,23,1.053491315636734,9.51491806432056e-16,0.9880854392901698,0.29407632594063526,0.0,20,0.01564736295383867,0.06965216958864506,0.5646683136007723
90,main,1.35,action_only_bc,False,False,False,False,False,58,0.006050708700507602,0.17815244597575886,1.085325572789382,0.30234396748071324,0.0,40,0.03931407734269707,0.1740272794583533,0.9994019914626153
90,main,1.35,force_conditioned_bc,True,False,False,True,True,25,1.025286930308217,7.865438699379251e-07,1.1147003918332807,0.3133639099459031,0.0,22,0.009582216013923195,0.08845874981114685,0.6646278581352014
90,main,1.35,future_wrench_aux,True,False,False,True,True,25,1.025286930308217,7.865438699379251e-07,1.1147003918332807,0.3133639099459031,0.0,22,0.009582216013923195,0.08845874981114685,0.6646278581352014
90,main,1.35,critic_reranking,True,False,False,False,False,22,1.0378969756818894,7.447158598493075e-06,1.1147003918332807,0.3133639099459031,0.0,19,0.010587806806049557,0.07828907006613507,0.5753700893845224
90,main,1.35,bounded_adaptation,True,False,False,False,False,21,1.0048027027361264,1.9614144141889714e-11,1.1147003918332807,0.3133639099459031,0.0,18,0.011328107279405386,0.08081940750742948,0.502441449192941
91,main,1.35,action_only_bc,False,False,False,False,False,58,0.013420818336503978,0.19286708881894393,1.3217566375209209,0.3048554374585993,0.0,41,0.0465310261944942,0.21282935650639026,0.9994019914626153
91,main,1.35,force_conditioned_bc,True,False,False,True,True,26,1.0412501955733104,2.5208164272644484e-06,1.03468763524009,0.21572061089883565,0.0,23,0.0126897120092546,0.09031479414770584,0.652945347948944
91,main,1.35,future_wrench_aux,True,False,False,True,True,26,1.0412501955733104,2.5208164272644484e-06,1.03468763524009,0.21572061089883565,0.0,23,0.0126897120092546,0.09031479414770584,0.652945347948944
91,main,1.35,critic_reranking,True,False,False,False,False,23,1.0486706775577972,1.7587269461580175e-05,1.03468763524009,0.21572061089883565,0.0,20,0.017511710550885528,0.09017291132478182,0.5663877453466984
91,main,1.35,bounded_adaptation,True,False,False,False,False,23,1.056116198833569,2.5570641232210674e-07,1.03468763524009,0.21572061089883565,0.0,20,0.016762702177417793,0.08341394548444056,0.6460857909823056
92,main,1.35,action_only_bc,False,False,False,False,False,58,0.006050708700507602,0.14030767500796132,1.1081161785076628,0.33271169154554836,0.0,40,0.03931407734269707,0.17858721667078808,0.9994019914626153
92,main,1.35,force_conditioned_bc,True,False,False,True,True,31,1.0347974500350805,8.547981701323645e-15,1.1356278254071446,0.3448384878196028,0.0,28,0.007571488786525059,0.05946596131611815,0.5743997956839627
92,main,1.35,future_wrench_aux,True,False,False,True,True,31,1.0347974500350805,8.547981701323645e-15,1.1356278254071446,0.3448384878196028,0.0,28,0.007571488786525059,0.05946596131611815,0.5743997956839627
92,main,1.35,critic_reranking,True,False,False,False,False,26,1.030618579315047,6.6404292761326354e-12,1.1356278254071446,0.3448384878196028,0.0,23,0.008912514312613305,0.0837247293997124,0.5151373967317265
92,main,1.35,bounded_adaptation,True,False,False,False,False,25,1.0039692634255066,4.583499376782455e-19,1.1356278254071446,0.3448384878196028,0.0,22,0.009340669470042215,0.08633686536588676,0.6390702065855958
93,main,1.35,action_only_bc,False,False,False,False,False,58,0.006050708700507602,0.1489471020042111,1.0629249544632775,0.2499955736753287,0.0,40,0.03931407734269707,0.16225398217289502,0.9994019914626153
93,main,1.35,force_conditioned_bc,True,False,False,True,True,28,1.0155559796135847,2.8327527611843902e-08,1.089500338588582,0.2591075029174095,0.0,25,0.007792842534963201,0.06244758708657289,0.8040903963435785
93,main,1.35,future_wrench_aux,True,False,False,True,True,28,1.0155559796135847,2.8327527611843902e-08,1.089500338588582,0.2591075029174095,0.0,25,0.007792842534963201,0.06244758708657289,0.8040903963435785
93,main,1.35,critic_reranking,True,False,False,False,False,24,1.0450671644529836,5.057754474842217e-07,1.089500338588582,0.2591075029174095,0.0,21,0.009302449632802471,0.07006521472346126,0.6931143817718256
93,main,1.35,bounded_adaptation,True,False,False,False,False,24,1.0432854668729656,8.643884262423199e-08,1.089500338588582,0.2591075029174095,0.0,21,0.009171745118580935,0.07164252084143799,0.6960612740872817
94,main,1.35,action_only_bc,False,False,False,False,False,58,0.006050708700507602,0.18294848344568818,2.0898160198975515,1.3392396858936264,0.0,40,0.03931407734269707,0.49787434690510146,0.9994019914626153
94,main,1.35,force_conditioned_bc,False,False,False,False,False,58,0.11096544324380031,0.02179526238198029,2.1554138647407677,1.3880527791682198,0.0,55,0.10949098841163173,0.2613078233902056,1.7985454974308885
94,main,1.35,future_wrench_aux,False,False,False,False,False,58,0.07216658268045145,0.030897014457727884,2.1554138647407677,1.3880527791682198,0.0,55,0.11325773934214327,0.26597394369079,1.9942249955556632
94,main,1.35,critic_reranking,False,False,False,False,False,58,0.11584064168727093,0.04623498370510613,2.1554138647407677,1.3880527791682198,0.0,54,0.1223072558444446,0.2694449287434891,2.0154961050938947
94,main,1.35,bounded_adaptation,True,False,False,False,False,19,1.0490461823453965,1.5932464912768173e-13,2.1554138647407677,1.3880527791682198,0.0,15,0.018970482875982686,0.16125858799158196,1.436744993518944
95,main,1.35,action_only_bc,False,False,False,False,False,58,0.006050708700507602,0.1617876321690676,0.953373941330983,0.2543295804013862,0.0,40,0.03931407734269707,0.1461093771104186,0.9994019914626153
95,main,1.35,force_conditioned_bc,True,False,False,True,True,27,1.0485796205682103,2.611543908634532e-06,0.9784353469334836,0.26359947709081805,0.0,24,0.008517721549972527,0.08904390691427164,0.7928840808309073
95,main,1.35,future_wrench_aux,True,False,False,True,True,27,1.0485796205682103,2.611543908634532e-06,0.9784353469334836,0.26359947709081805,0.0,24,0.008517721549972527,0.08904390691427164,0.7928840808309073
95,main,1.35,critic_reranking,True,False,False,False,False,23,1.0071563039480416,3.089354310079325e-05,0.9784353469334836,0.26359947709081805,0.0,20,0.009607013248804015,0.08133998841394705,0.561044889921259
95,main,1.35,bounded_adaptation,True,False,False,False,False,22,1.0314771919822676,3.2011153470667137e-10,0.9784353469334836,0.26359947709081805,0.0,19,0.010549736620340911,0.07986827132689832,0.5560055170105347
96,main,1.35,action_only_bc,False,False,False,False,False,58,0.007015382779685728,0.1342848846412385,1.4009580004046291,0.9044073382256838,0.0,47,0.01785452224236211,0.27926157274624214,0.9994019914626153
96,main,1.35,force_conditioned_bc,False,False,False,False,False,58,0.16786636446191255,0.030938599964500144,1.4676724217726644,0.9511911762089642,0.0,55,0.11114150604877024,0.23084609474373755,1.7974827089989993
96,main,1.35,future_wrench_aux,False,False,False,False,False,58,0.16786636446191255,0.030938599964500144,1.4676724217726644,0.9511911762089642,0.0,55,0.11114150604877024,0.23084609474373755,1.7974827089989993
96,main,1.35,critic_reranking,False,False,False,False,False,58,0.14310572717856182,0.03857525495709058,1.4676724217726644,0.9511911762089642,0.0,55,0.11672897324505864,0.24484958613768895,1.9107599157083746
96,main,1.35,bounded_adaptation,True,False,False,False,False,17,1.0356519436874512,9.129106180555587e-10,1.4676724217726644,0.9511911762089642,0.0,14,0.017147256243345493,0.125053884433862,0.9995394451301244
97,main,1.35,action_only_bc,False,False,False,False,False,58,0.013420818336503978,0.20412562568041953,2.1489532420951893,1.22467466312911,0.0,41,0.0465310261944942,0.5520236437074381,0.9994019914626153
97,main,1.35,force_conditioned_bc,True,False,False,False,False,30,1.0110646444389202,0.023477670523668545,1.6463310900914239,0.866599489531543,0.0,27,0.05576870090913897,0.13933267933615603,1.7210682104481383
97,main,1.35,future_wrench_aux,True,False,False,False,False,30,1.0110646444389202,0.023477670523668545,1.6463310900914239,0.866599489531543,0.0,27,0.05576870090913897,0.13933267933615603,1.7210682104481383
97,main,1.35,critic_reranking,True,False,False,False,False,22,1.0328525150239907,0.008155988891665095,1.6463310900914239,0.866599489531543,0.0,19,0.02204219327599182,0.13734665422280584,1.3293996789255933
97,main,1.35,bounded_adaptation,True,False,False,False,False,23,1.0032108575596492,2.0958071870512813e-17,1.6463310900914239,0.866599489531543,0.0,20,0.017355123349011674,0.13192253757776254,1.0395006588575173
98,main,1.35,action_only_bc,False,False,False,False,False,58,0.013420818336503978,0.21132474940842538,1.495511572147473,0.4425181084814131,0.0,41,0.0465310261944942,0.25827556322417256,0.9994019914626153
98,main,1.35,force_conditioned_bc,True,False,False,True,True,28,1.0506151814241937,3.8876493604067673e-10,1.1683258098991847,0.3131329311072944,0.0,25,0.013875089554061134,0.07434854978750531,0.6365875818177693
98,main,1.35,future_wrench_aux,True,False,False,True,True,28,1.0506151814241937,3.8876493604067673e-10,1.1683258098991847,0.3131329311072944,0.0,25,0.013875089554061134,0.07434854978750531,0.6365875818177693
98,main,1.35,critic_reranking,True,False,False,False,False,25,1.029777660818057,1.9375688076321263e-08,1.1683258098991847,0.3131329311072944,0.0,22,0.016595950384674676,0.07713967601014562,0.5196319891087332
98,main,1.35,bounded_adaptation,True,False,False,False,False,25,1.0622584384014326,3.897491974930073e-19,1.1683258098991847,0.3131329311072944,0.0,22,0.016597274576769735,0.07855637037834728,0.55707726873847
99,main,1.35,action_only_bc,False,False,False,False,False,58,0.0071675363377830415,0.11966500701341877,0.886977052364197,0.2855722585717524,0.0,47,0.017853881412382325,0.1374107791555769,0.9994019914626153
99,main,1.35,force_conditioned_bc,True,False,False,False,False,24,1.032555925403064,1.4678607764656673e-12,0.922506892768266,0.30011779274794786,0.0,21,0.007246120378600306,0.06174641288124386,0.5609014529064017
99,main,1.35,future_wrench_aux,True,False,False,False,False,24,1.032555925403064,1.4678607764656673e-12,0.922506892768266,0.30011779274794786,0.0,21,0.007246120378600306,0.06174641288124386,0.5609014529064017
99,main,1.35,critic_reranking,True,False,False,False,False,20,1.0003530219191676,3.0614090427505337e-10,0.922506892768266,0.30011779274794786,0.0,17,0.009925863052978328,0.06642743954119174,0.5747894708277077
99,main,1.35,bounded_adaptation,True,False,False,False,False,20,1.0009694654234371,3.679164506636348e-20,0.922506892768266,0.30011779274794786,0.0,17,0.009552258259503798,0.06908997497025796,0.5812694952170315
100,main,1.35,action_only_bc,False,False,False,False,False,58,0.006050708700507602,0.17707445723492943,1.2463017780307322,0.39100970328452683,0.0,40,0.03931407734269707,0.21099755397878542,0.9994019914626153
100,main,1.35,force_conditioned_bc,True,False,False,True,True,24,1.0020375499319027,4.800844778052641e-09,1.2815435725296562,0.40526136661166534,0.0,21,0.011088484824243973,0.09468274493445616,0.6142300713479643
100,main,1.35,future_wrench_aux,True,False,False,True,True,24,1.00034077310156,5.044969807182692e-09,1.2815435725296562,0.40526136661166534,0.0,21,0.010911346768610847,0.09436373756321714,0.6130058874263885
100,main,1.35,critic_reranking,True,False,False,False,False,22,1.0694922465026597,4.230004948393784e-08,1.2815435725296562,0.40526136661166534,0.0,19,0.01118255201572067,0.0818783453803552,0.5548804714553544
100,main,1.35,bounded_adaptation,True,False,False,False,False,21,1.0431353144452895,2.693681275342336e-16,1.2815435725296562,0.40526136661166534,0.0,18,0.01222586249216174,0.08605735347768328,0.6036264780247551
101,main,1.35,action_only_bc,False,False,False,False,False,58,0.006818516635180957,0.12662777979672796,0.8269768080903127,0.18707517700717047,0.0,47,0.017855353544885252,0.12839882226255944,0.9994019914626153
101,main,1.35,force_conditioned_bc,True,False,False,True,True,27,1.0198154278154652,3.450362230558941e-06,0.8608021624079883,0.19694436987658587,0.0,24,0.007399625072065855,0.08183776518947916,0.8019275301415906
101,main,1.35,future_wrench_aux,True,False,False,True,True,27,1.0198154278154652,3.450362230558941e-06,0.8608021624079883,0.19694436987658587,0.0,24,0.007399625072065855,0.08183776518947916,0.8019275301415906
101,main,1.35,critic_reranking,True,False,False,False,False,23,1.0155988696750085,2.8344303998871942e-05,0.8608021624079883,0.19694436987658587,0.0,20,0.009406993415023603,0.07601939005762748,0.5570658637625249
101,main,1.35,bounded_adaptation,True,False,False,False,False,23,1.054485592739005,2.98810023776967e-08,0.8608021624079883,0.19694436987658587,0.0,20,0.009742858773322262,0.07506399503101,0.6568693115432186
102,main,1.35,action_only_bc,False,False,False,False,False,58,0.006050708700507602,0.16807396589217352,1.2414915301629372,0.42689063000139776,0.0,40,0.03931407734269707,0.2145780977665096,0.9994019914626153
102,main,1.35,force_conditioned_bc,True,False,False,True,True,26,1.0225302783870889,3.686798533953639e-13,1.2756860310541889,0.44245009434508153,0.0,23,0.010325463990433664,0.07541081433943211,0.5304923827900019
102,main,1.35,future_wrench_aux,True,False,False,False,False,27,1.0503698705924458,1.497216131930211e-13,1.2756860310541889,0.44245009434508153,0.0,24,0.008272973526045713,0.07407896765773068,0.4620220230517068
102,main,1.35,critic_reranking,True,False,False,False,False,23,1.0513544320405734,4.270815259347432e-11,1.2756860310541889,0.44245009434508153,0.0,20,0.011069856349160283,0.073330294342609,0.6047485111752056
102,main,1.35,bounded_adaptation,True,False,False,False,False,23,1.0578356368303279,5.175430663622077e-16,1.2756860310541889,0.44245009434508153,0.0,20,0.011297096069390618,0.07621730751596675,0.551975426053531
103,main,1.35,action_only_bc,False,False,False,False,False,58,0.013420818336503978,0.2137783087386343,1.2887282691608397,0.424086759334098,0.0,41,0.0465310261944942,0.22534583539967434,0.9994019914626153
103,main,1.35,force_conditioned_bc,True,False,False,True,True,36,1.0331017043189183,3.9572386463122045e-10,1.0246616794600079,0.3000906119973113,0.0,33,0.011396380145954378,0.0640862206412521,0.7168698467295556
103,main,1.35,future_wrench_aux,True,False,False,True,True,36,1.0331017043189183,3.9572386463122045e-10,1.0246616794600079,0.3000906119973113,0.0,33,0.011396380145954378,0.0640862206412521,0.7168698467295556
103,main,1.35,critic_reranking,True,False,False,True,True,31,1.0442297417837927,3.6728926568744746e-08,1.0246616794600079,0.3000906119973113,0.0,28,0.013966561953387255,0.06066994540266077,0.6624199733150467
103,main,1.35,bounded_adaptation,True,False,False,False,False,28,1.0088880686095436,5.334858798441106e-18,1.0246616794600079,0.3000906119973113,0.0,25,0.01372718167203767,0.0599124378380878,0.6370383070918417
104,main,1.35,action_only_bc,False,False,True,False,False,58,0.013420818336503978,0.21948091290528188,2.4213861023706116,1.6183752471077808,0.9918513991554669,41,0.0465310261944942,0.6795104850783676,0.9994019914626153
104,main,1.35,force_conditioned_bc,False,False,False,False,False,58,0.06879953624421062,0.03132661422450267,1.8130019782283362,1.145188355110301,0.0,55,0.11673046212814556,0.27554442220132047,2.021496408781645
104,main,1.35,future_wrench_aux,False,False,False,False,False,58,0.06879953624421062,0.03132661422450267,1.8130019782283362,1.145188355110301,0.0,55,0.11673046212814556,0.27554442220132047,2.021496408781645
104,main,1.35,critic_reranking,False,False,False,False,False,58,0.07917180284447106,0.03941522358573579,1.8130019782283362,1.145188355110301,0.0,55,0.11930374625867539,0.2910767718573872,2.09795116663002
104,main,1.35,bounded_adaptation,True,False,False,False,False,19,1.0372301234247567,1.4872408840373822e-09,1.8130019782283362,1.145188355110301,0.0,16,0.026388900174146454,0.1736289379334654,1.0660987036492393
105,main,1.35,action_only_bc,False,False,False,False,False,58,0.006050708700507602,0.14063151798995263,1.6180144630164444,0.9549779358101342,0.0,40,0.03931407734269707,0.3561692233083005,0.9994019914626153
105,main,1.35,force_conditioned_bc,False,False,False,False,False,58,0.09539069716267017,0.029404971814566014,1.665411025854351,0.9897853176006269,0.0,55,0.10345293108083722,0.2252572792205949,1.8790308626932646
105,main,1.35,future_wrench_aux,False,False,False,False,False,58,0.09539069716267017,0.029404971814566014,1.665411025854351,0.9897853176006269,0.0,55,0.10345293108083722,0.2252572792205949,1.8790308626932646
105,main,1.35,critic_reranking,False,False,False,False,False,58,0.1893726524013274,0.036193901665641126,1.665411025854351,0.9897853176006269,0.0,55,0.10108122751554924,0.22304767386735463,1.9420685760373801
105,main,1.35,bounded_adaptation,True,False,False,False,False,20,1.0412864086513574,6.250955674581326e-17,1.665411025854351,0.9897853176006269,0.0,17,0.014571319927407015,0.1276993263507629,1.1862363374908726
106,main,1.35,action_only_bc,False,False,False,False,False,58,0.006050708700507602,0.14473571395703166,1.6789440511376705,1.005145257217636,0.0,40,0.03931407734269707,0.3720283785326311,0.9994019914626153
106,main,1.35,force_conditioned_bc,False,False,False,False,False,58,0.09808675711662636,0.03941813440596411,1.7253860503081673,1.0417811557142826,0.0,55,0.10534981682854061,0.2355586937125475,1.9966237998731338
106,main,1.35,future_wrench_aux,False,False,False,False,False,58,0.09808675711662636,0.03941813440596411,1.7253860503081673,1.0417811557142826,0.0,55,0.10534981682854061,0.2355586937125475,1.9966237998731338
106,main,1.35,critic_reranking,False,False,False,False,False,58,0.10414989992102305,0.034214328797861536,1.7253860503081673,1.0417811557142826,0.0,55,0.10861740028007154,0.2419740022335739,1.9228674918301856
106,main,1.35,bounded_adaptation,True,False,False,False,False,27,1.0057293053971628,1.6929195224013017e-16,1.7253860503081673,1.0417811557142826,0.0,24,0.010419426747626269,0.16557119601036552,1.0422001770284501
107,main,1.35,action_only_bc,False,False,False,False,False,58,0.006884751640754855,0.12787017565947648,0.8857570399636001,0.29730438745486404,0.0,47,0.017855073585119653,0.13744451786625966,0.9994019914626153
107,main,1.35,force_conditioned_bc,True,False,False,False,False,24,1.0480615894516188,1.1868106519435858e-11,0.9216859411675721,0.3128861018594078,0.0,21,0.007392570405861841,0.06541455860698121,0.5404657786896223
107,main,1.35,future_wrench_aux,True,False,False,False,False,24,1.0480615894516188,1.1868106519435858e-11,0.9216859411675721,0.3128861018594078,0.0,21,0.007392570405861841,0.06541455860698121,0.5404657786896223
107,main,1.35,critic_reranking,True,False,False,False,False,20,1.0081369437844385,1.8512639911004383e-09,0.9216859411675721,0.3128861018594078,0.0,17,0.010154440843358101,0.06440694492922339,0.5456122811948699
107,main,1.35,bounded_adaptation,True,False,False,False,False,20,1.0090566971357302,1.079585512006555e-26,0.9216859411675721,0.3128861018594078,0.0,17,0.0098873572317281,0.06589274194293933,0.5572968382529607
108,main,1.35,action_only_bc,False,False,False,False,False,58,0.007630041409463068,0.12182938256196765,1.2266982638688335,0.8178967431701971,0.0,47,0.017851942456106877,0.2402599135216248,0.9994019914626153
108,main,1.35,force_conditioned_bc,False,False,False,False,False,58,0.35151596175355837,0.03150001439207231,1.2851251522956846,0.8575789570422125,0.0,55,0.09562479364733385,0.23526520489854919,1.8652618946759227
108,main,1.35,future_wrench_aux,False,False,False,False,False,58,0.35151596175355837,0.03150001439207231,1.2851251522956846,0.8575789570422125,0.0,55,0.09562479364733385,0.23526520489854919,1.8652618946759227
108,main,1.35,critic_reranking,True,False,False,False,False,17,1.0718597685327922,0.02514100382741092,1.2851251522956846,0.8575789570422125,0.0,14,0.03622792332667743,0.14114950621297856,1.7520809340297734
108,main,1.35,bounded_adaptation,True,False,False,False,False,17,1.08,2.6894187505659194e-08,1.2851251522956846,0.8575789570422125,0.0,14,0.01697485006121735,0.10558037291338442,0.9998348112884156
109,main,1.35,action_only_bc,False,False,True,False,False,58,0.013420818336503978,0.22350442257017472,2.534087841628184,1.4289398583927435,1.9615947832659484,41,0.0465310261944942,0.712808546381122,0.9994019914626153
109,main,1.35,force_conditioned_bc,False,False,False,False,False,58,0.47246092901705866,0.03588831427395066,1.9077797225026085,1.0111408271405369,0.0,56,0.09095404290990028,0.21564523892438758,1.9077628566650922
109,main,1.35,future_wrench_aux,False,False,False,False,False,58,0.13284879210539485,0.035888314273950936,1.9077797225026085,1.0111408271405369,0.0,55,0.10279263707004663,0.23613585480698965,1.9077635309085976
109,main,1.35,critic_reranking,False,False,False,False,False,58,0.9468823257349217,0.0358883142739509,1.9077797225026085,1.0111408271405369,0.0,55,0.10057296739187536,0.23001685533426589,1.9077634454017531
109,main,1.35,bounded_adaptation,True,False,False,False,False,21,1.0625984107502537,3.793549538561683e-11,1.9077797225026085,1.0111408271405369,0.0,18,0.023285435959963848,0.1716757963860074,0.9692479246102621
110,main,1.35,action_only_bc,False,False,False,False,False,58,0.007176656739515536,0.12274324674768966,0.8028885756647346,0.215485622044984,0.0,47,0.0178538430460001,0.1241358349392164,0.9994019914626153
110,main,1.35,force_conditioned_bc,True,False,False,False,False,24,1.0514085014100485,1.380396185765983e-06,0.8364702010193108,0.22645105485149844,0.0,21,0.007383764557283401,0.09634869622560323,0.8089946160971458
110,main,1.35,future_wrench_aux,True,False,False,False,False,24,1.0514085014100485,1.380396185765983e-06,0.8364702010193108,0.22645105485149844,0.0,21,0.007383764557283401,0.09634869622560323,0.8089946160971458
110,main,1.35,critic_reranking,True,False,False,False,False,21,1.0717899390308947,1.0262818500058396e-05,0.8364702010193108,0.22645105485149844,0.0,18,0.010801519233676995,0.09043322213286625,0.5760484780377869
110,main,1.35,bounded_adaptation,True,False,False,False,False,20,1.0358567809923058,7.954604852309392e-11,0.8364702010193108,0.22645105485149844,0.0,17,0.011955505193835713,0.09059850882425056,0.5817120083338596
111,main,1.35,action_only_bc,False,False,False,False,False,58,0.006050708700507602,0.16693569418134221,1.9822424954988014,1.0702067053648336,0.0,40,0.03931407734269707,0.431265527030959,0.9994019914626153
111,main,1.35,force_conditioned_bc,False,False,False,False,False,58,0.13716163883116758,0.037856979690378746,2.0415425367805033,1.1092139870951472,0.0,55,0.10315301429190007,0.22539487156326837,1.9038476197818308
111,main,1.35,future_wrench_aux,False,False,False,False,False,58,0.12145514757470255,0.024170322307549598,2.0415425367805033,1.1092139870951472,0.0,55,0.10131689610304268,0.23440317279046205,1.7750247539086164
111,main,1.35,critic_reranking,False,False,False,False,False,58,0.22164546179168812,0.038030668733441936,2.0415425367805033,1.1092139870951472,0.0,55,0.0959873390683734,0.22086571140190994,1.9373533919484367
111,main,1.35,bounded_adaptation,True,False,False,False,False,21,1.0016582902366897,1.4350508470895327e-10,2.0415425367805033,1.1092139870951472,0.0,18,0.013950417274412038,0.15427423142041952,0.9001881126108892
112,main,1.35,action_only_bc,False,False,False,False,False,58,0.006050708700507602,0.18904299975836475,2.107858041104332,1.3135483627384932,0.0,40,0.03931407734269707,0.49743186594767463,0.9994019914626153
112,main,1.35,force_conditioned_bc,False,False,False,False,False,58,0.0812422984141041,0.027082068114272308,2.1706125367282687,1.3614250493588271,0.0,55,0.09951533654090629,0.24270701734936861,1.8841287823527482
112,main,1.35,future_wrench_aux,False,False,False,False,False,58,0.1538159685163653,0.03481125031738403,2.1706125367282687,1.3614250493588271,0.0,55,0.09910234900952065,0.24140876060190705,1.8419698582924604
112,main,1.35,critic_reranking,False,False,False,False,False,58,0.10848486874343,0.03548469077214655,2.1706125367282687,1.3614250493588271,0.0,54,0.11357629409336442,0.24888608450191846,1.906018225432379
112,main,1.35,bounded_adaptation,True,False,False,False,False,27,1.029341276503341,1.3735903776800723e-23,2.1706125367282687,1.3614250493588271,0.0,23,0.013462996819842183,0.1867841739881671,1.3524746303848891
113,main,1.35,action_only_bc,False,False,False,False,False,58,0.006050708700507602,0.1829974075875554,2.1357371456225045,1.152483876794394,0.0,40,0.03931407734269707,0.482386187104079,0.9994019914626153
113,main,1.35,force_conditioned_bc,False,False,False,True,False,58,0.0930632653802294,0.025459110615478113,2.197580358464416,1.1944900266777823,0.0,55,0.09621558891821334,0.2364554818221954,1.7946544646022218
113,main,1.35,future_wrench_aux,False,False,False,False,False,58,0.5296409942995636,0.0395575840219902,2.197580358464416,1.1944900266777823,0.0,55,0.07704467759951203,0.22312001730588069,1.950126155330395
113,main,1.35,critic_reranking,False,False,False,False,False,58,0.11340591795081667,0.037914575734451166,2.197580358464416,1.1944900266777823,0.0,54,0.10858869683107238,0.24907751361535563,1.9044269486830192
113,main,1.35,bounded_adaptation,True,False,False,False,False,27,1.0007347595102778,7.160507652559746e-19,2.197580358464416,1.1944900266777823,0.0,23,0.013052548229476336,0.19758186216331033,1.2585811959624855
114,main,1.35,action_only_bc,False,False,False,False,False,58,0.013420818336503978,0.1954141920795039,1.2313289743967726,0.4601043305493055,0.0,41,0.0465310261944942,0.22485806959458218,0.9994019914626153
114,main,1.35,force_conditioned_bc,True,False,False,False,False,28,1.0294738507556078,2.0619995277568107e-10,0.9694783667487287,0.3255772247026924,0.0,25,0.012477589606972584,0.07749852786362613,0.5285318513008019
114,main,1.35,future_wrench_aux,True,False,False,False,False,28,1.0294738507556078,2.0619995277568107e-10,0.9694783667487287,0.3255772247026924,0.0,25,0.012477589606972584,0.07749852786362613,0.5285318513008019
114,main,1.35,critic_reranking,True,False,False,False,False,24,1.0407967133547849,1.044685017355353e-08,0.9694783667487287,0.3255772247026924,0.0,21,0.015839546174917663,0.07067011451130621,0.7071611189281023
114,main,1.35,bounded_adaptation,True,False,False,False,False,23,1.0394496208619974,1.957300356312971e-16,0.9694783667487287,0.3255772247026924,0.0,20,0.017614321069942866,0.06563285766907496,0.565635687336374
115,main,1.35,action_only_bc,False,False,False,False,False,58,0.006050708700507602,0.18937975287990294,1.2064189949031248,0.3222433616110849,0.0,40,0.03931407734269707,0.1936553722272174,0.9994019914626153
115,main,1.35,force_conditioned_bc,True,False,False,True,True,32,1.0295962236735672,6.879167755713075e-08,1.2394456585492928,0.33398860440303857,0.0,29,0.008404298603155553,0.0725495978821854,0.8060423390547914
115,main,1.35,future_wrench_aux,True,False,False,True,True,32,1.0294092640919883,6.931327108237516e-08,1.2394456585492928,0.33398860440303857,0.0,29,0.008336859779122154,0.07240991059487974,0.8059956408736084
115,main,1.35,critic_reranking,True,False,False,False,False,27,1.046529969826276,1.6880086240984794e-06,1.2394456585492928,0.33398860440303857,0.0,24,0.009471660283341492,0.07148334985341695,0.5814666894305769
115,main,1.35,bounded_adaptation,True,False,False,False,False,26,1.0545434819869652,2.4915875894439186e-10,1.2394456585492928,0.33398860440303857,0.0,23,0.009816606778013187,0.07511377897070208,0.6695940375829172
116,main,1.35,action_only_bc,False,False,True,False,False,58,0.013420818336503978,0.21179392856233561,2.337036123889167,1.3715237085646872,0.5018378603744074,41,0.0465310261944942,0.6313607197770125,0.9994019914626153
116,main,1.35,force_conditioned_bc,False,False,False,False,False,58,0.5817498738633311,0.027786099302051007,1.7645834175157549,0.9705122360298752,0.0,55,0.0862105763600723,0.2232498317668394,1.7988008872350054
116,main,1.35,future_wrench_aux,False,False,False,False,False,58,0.5817498738633311,0.027786099302051007,1.7645834175157549,0.9705122360298752,0.0,55,0.0862105763600723,0.2232498317668394,1.7988008872350054
116,main,1.35,critic_reranking,True,False,False,False,False,21,1.0530374303377124,0.024311680722284526,1.7645834175157549,0.9705122360298752,0.0,18,0.04050212017305845,0.14011724906931286,1.7397571253547524
116,main,1.35,bounded_adaptation,True,False,False,False,False,21,1.0029341805139083,6.461163775947994e-12,1.7645834175157549,0.9705122360298752,0.0,18,0.019502540305882325,0.13014789672231603,1.0584101709030114
117,main,1.35,action_only_bc,False,False,False,False,False,58,0.006050708700507602,0.1873123723270673,1.1813393735162,0.353825668677001,0.0,40,0.03931407734269707,0.19349745450349728,0.9994019914626153
117,main,1.35,force_conditioned_bc,True,False,False,True,True,33,1.0250657492247854,1.3506489855107514e-09,1.212760937044636,0.3667220348390829,0.0,30,0.008013806844335877,0.062214559855030584,0.8132814846451593
117,main,1.35,future_wrench_aux,True,False,False,True,True,33,1.0248636795286004,1.3580172431740404e-09,1.212760937044636,0.3667220348390829,0.0,30,0.007983359971122329,0.06224286564910926,0.8132210261911184
117,main,1.35,critic_reranking,True,False,False,False,False,28,1.0477296286509996,7.66974601401862e-08,1.212760937044636,0.3667220348390829,0.0,25,0.008555915133170482,0.06470213611716027,0.45245095657874596
117,main,1.35,bounded_adaptation,True,False,False,False,False,26,1.0338980298242246,7.677951880446606e-35,1.212760937044636,0.3667220348390829,0.0,23,0.009764180357442007,0.07221306474100754,0.4981405021753482
118,main,1.35,action_only_bc,False,False,False,False,False,58,0.006916932244409434,0.1325417014659393,0.8414846561342342,0.28921882733044196,0.0,47,0.017854937664239557,0.1317767373677701,0.9994019914626153
118,main,1.35,force_conditioned_bc,True,False,False,True,True,23,1.0078556115572288,1.022312703455862e-07,0.8780510854008472,0.30432825178248785,0.0,20,0.00998940758732146,0.10638963243437768,0.7031965691324791
118,main,1.35,future_wrench_aux,True,False,False,True,True,23,1.0078556115572288,1.022312703455862e-07,0.8780510854008472,0.30432825178248785,0.0,20,0.00998940758732146,0.10638963243437768,0.7031965691324791
118,main,1.35,critic_reranking,True,False,False,False,False,20,1.0249745303353894,1.4991530213987807e-06,0.8780510854008472,0.30432825178248785,0.0,17,0.01150081428937009,0.09318496530289624,0.5394304137389461
118,main,1.35,bounded_adaptation,True,False,False,False,False,19,1.0372585751185854,1.5462491617859304e-17,0.8780510854008472,0.30432825178248785,0.0,16,0.012207337839079374,0.09744085307223391,0.5855403104624031
119,main,1.35,action_only_bc,False,False,False,False,False,58,0.013420818336503978,0.23593064952198262,1.659169664604477,0.488548540086981,0.0,41,0.0465310261944942,0.2975562218036818,0.9994019914626153
119,main,1.35,force_conditioned_bc,True,False,False,True,True,33,1.036639083759335,5.087877815951041e-11,1.2926917818921069,0.34570480487365507,0.0,30,0.013191251686222191,0.07419719722372103,0.6123287332431115
119,main,1.35,future_wrench_aux,True,False,False,True,True,33,1.0364855422924815,5.111972552004003e-11,1.2926917818921069,0.34570480487365507,0.0,30,0.013114825547336251,0.07377866138221582,0.6120402196907153
119,main,1.35,critic_reranking,True,False,False,False,False,29,1.043823885098012,4.645529579097497e-09,1.2926917818921069,0.34570480487365507,0.0,26,0.01501114000911015,0.07459210015413095,0.49824966671267834
119,main,1.35,bounded_adaptation,True,False,False,False,False,28,1.0512152562594557,2.9876507406683422e-22,1.2926917818921069,0.34570480487365507,0.0,25,0.01600663651055872,0.07886294349149382,0.5698996041127856
120,main,1.35,action_only_bc,False,False,False,False,False,58,0.013420818336503978,0.21188928813746238,1.3656088987236348,0.42047637264453486,0.0,41,0.0465310261944942,0.23644224779284892,0.9994019914626153
120,main,1.35,force_conditioned_bc,True,False,False,True,True,28,1.0497055817783114,4.1665792462939264e-08,1.0620083150521615,0.29753584430562674,0.0,25,0.014731859529159376,0.09262572341642675,0.6204023505614565
120,main,1.35,future_wrench_aux,True,False,False,True,True,28,1.0497055817783114,4.1665792462939264e-08,1.0620083150521615,0.29753584430562674,0.0,25,0.014731859529159376,0.09262572341642675,0.6204023505614565
120,main,1.35,critic_reranking,True,False,False,True,True,25,1.0098849050544974,1.0308385944824075e-06,1.0620083150521615,0.29753584430562674,0.0,22,0.01724866922674927,0.08051573249629199,0.5831443582426383
120,main,1.35,bounded_adaptation,True,False,False,False,False,23,1.0092769384203137,3.0571348361685247e-11,1.0620083150521615,0.29753584430562674,0.0,20,0.016190645489674103,0.07931479906321372,0.6679003869868871
121,main,1.35,action_only_bc,False,False,False,False,False,58,0.013420818336503978,0.19515637803810237,1.4265960071695485,0.39887518578502973,0.0,41,0.0465310261944942,0.24191143413384725,0.9994019914626153
121,main,1.35,force_conditioned_bc,True,False,False,True,True,26,1.0560980957209014,3.2533128618496773e-09,1.1149406437966034,0.2822504970462223,0.0,23,0.01382944503067431,0.07867926815107863,0.5338078906134236
121,main,1.35,future_wrench_aux,True,False,False,True,True,26,1.0560980957209014,3.2533128618496773e-09,1.1149406437966034,0.2822504970462223,0.0,23,0.01382944503067431,0.07867926815107863,0.5338078906134236
121,main,1.35,critic_reranking,True,False,False,False,False,23,1.0671301525182249,7.288894849318853e-08,1.1149406437966034,0.2822504970462223,0.0,20,0.017284938704575068,0.07066496464100658,0.586948153643178
121,main,1.35,bounded_adaptation,True,False,False,False,False,23,1.033023684829843,5.444962049342341e-14,1.1149406437966034,0.2822504970462223,0.0,20,0.017728925019528028,0.07469504408951609,0.56208275665342
122,main,1.35,action_only_bc,False,False,False,False,False,58,0.006050708700507602,0.14266318904022532,1.5279296764278731,0.9205810459475444,0.0,40,0.03931407734269707,0.3378995923410114,0.9994019914626153
122,main,1.35,force_conditioned_bc,False,False,False,False,False,58,0.11655067871524817,0.038721849038689374,1.569828972349731,0.9541347174344194,0.0,55,0.10060164401195666,0.21820793495828109,1.9158008932663875
122,main,1.35,future_wrench_aux,False,False,False,False,False,58,0.11655067871524817,0.038721849038689374,1.569828972349731,0.9541347174344194,0.0,55,0.10060164401195666,0.21820793495828109,1.9158008932663875
122,main,1.35,critic_reranking,False,False,False,False,False,58,0.11321024903026414,0.03739517414053555,1.569828972349731,0.9541347174344194,0.0,55,0.10301127375564419,0.22969641889236742,1.9107451041685088
122,main,1.35,bounded_adaptation,True,False,False,False,False,24,1.0050984936812768,1.4858286821341052e-16,1.569828972349731,0.9541347174344194,0.0,21,0.011762783898960972,0.14987484795223252,0.9964021927518244
123,main,1.35,action_only_bc,False,False,False,False,False,58,0.013420818336503978,0.19968018663624426,2.1622065666271033,1.4232734312449657,0.0,41,0.0465310261944942,0.5744898223780154,0.9994019914626153
123,main,1.35,force_conditioned_bc,False,False,False,False,False,58,0.0751552361629617,0.02725095062033442,1.6256897596180404,1.007131172150872,0.0,55,0.11774887256408813,0.24695024537705862,1.923818267492745
123,main,1.35,future_wrench_aux,False,False,False,False,False,58,0.0751552361629617,0.02725095062033442,1.6256897596180404,1.007131172150872,0.0,55,0.11774887256408813,0.24695024537705862,1.923818267492745
123,main,1.35,critic_reranking,False,False,False,False,False,58,0.12426217693623659,0.04409623387690957,1.6256897596180404,1.007131172150872,0.0,55,0.11983758468331795,0.2717764759473093,2.004035515565353
123,main,1.35,bounded_adaptation,True,False,False,False,False,18,1.0128689035542915,3.4816128897296264e-13,1.6256897596180404,1.007131172150872,0.0,15,0.027594667893193165,0.15366387558377126,1.198827218449656
124,main,1.35,action_only_bc,False,False,False,False,False,58,0.013420818336503978,0.20861337915594894,1.36724378571314,0.4747955611256292,0.0,41,0.0465310261944942,0.24553142867622404,0.9994019914626153
124,main,1.35,force_conditioned_bc,True,False,False,False,False,28,1.0004068615335004,1.4082803151149374e-09,1.065667488347963,0.33597297575505997,0.0,25,0.012483430214037196,0.0857066538700385,0.5972917108919826
124,main,1.35,future_wrench_aux,True,False,False,False,False,28,1.0004068615335004,1.4082803151149374e-09,1.065667488347963,0.33597297575505997,0.0,25,0.012483430214037196,0.0857066538700385,0.5972917108919826
124,main,1.35,critic_reranking,True,False,False,False,False,25,1.051817249366123,2.2175119725770724e-08,1.065667488347963,0.33597297575505997,0.0,22,0.014295077171653181,0.0740873806929807,0.5649128287865306
124,main,1.35,bounded_adaptation,True,False,False,False,False,23,1.0458759327783738,2.1814237076780288e-20,1.065667488347963,0.33597297575505997,0.0,20,0.016020625225554662,0.07444770253673988,0.5822996429217261
125,main,1.35,action_only_bc,False,False,False,False,False,58,0.006050708700507602,0.1385121854435694,1.0888738649292657,0.23578387434978307,0.0,40,0.03931407734269707,0.16403879833534768,0.9994019914626153
125,main,1.35,force_conditioned_bc,True,False,False,True,True,30,1.0064865349055354,2.869417951482959e-09,1.1152479571361504,0.2443778104259838,0.0,27,0.0070930175534392155,0.05994017131819432,0.6741228264373568
125,main,1.35,future_wrench_aux,True,False,False,True,True,30,1.0064865349055354,2.869417951482959e-09,1.1152479571361504,0.2443778104259838,0.0,27,0.0070930175534392155,0.05994017131819432,0.6741228264373568
125,main,1.35,critic_reranking,True,False,False,False,False,26,1.040833137611164,6.480229077129251e-08,1.1152479571361504,0.2443778104259838,0.0,23,0.008409762150361384,0.08275995933235744,0.6947170830761052
125,main,1.35,bounded_adaptation,True,False,False,False,False,26,1.0368690350522376,1.3472147658816188e-08,1.1152479571361504,0.2443778104259838,0.0,23,0.008317825319129618,0.08291731977187444,0.6952530002990045
126,main,1.35,action_only_bc,False,False,False,False,False,58,0.006050708700507602,0.19118917738911487,2.0749247339608106,1.1820239646961763,0.0,40,0.03931407734269707,0.471193474938384,0.9994019914626153
126,main,1.35,force_conditioned_bc,True,False,False,False,False,23,1.0245013664580402,0.027529605493760063,2.1396624488280844,1.2251068024057081,0.0,20,0.049196938275159766,0.18261019765209607,1.7684751860160148
126,main,1.35,future_wrench_aux,True,False,False,False,False,22,1.0451123000937053,0.025336203384259594,2.1396624488280844,1.2251068024057081,0.0,19,0.03637930490915912,0.16636485787360256,1.7402545357465893
126,main,1.35,critic_reranking,True,False,False,False,False,21,1.0164102478195014,0.02792179423151538,2.1396624488280844,1.2251068024057081,0.0,17,0.06685072059760086,0.21116188411761333,1.7713766909401438
126,main,1.35,bounded_adaptation,True,False,False,False,False,19,1.0213037214277627,1.3605189029931333e-14,2.1396624488280844,1.2251068024057081,0.0,15,0.01952679313736907,0.15657443563741835,1.2420444190611835
127,main,1.35,action_only_bc,False,False,False,False,False,58,0.006050708700507602,0.142523546290447,0.8663947121738385,0.2051562342789942,0.0,40,0.03931407734269707,0.1303377850121966,0.9994019914626153
127,main,1.35,force_conditioned_bc,True,False,False,True,True,22,1.0390196703027588,3.16396500189447e-05,0.8885374061722437,0.21263384303357846,0.0,19,0.009348347033336642,0.09931013267640969,0.8052650724448134
127,main,1.35,future_wrench_aux,True,False,False,True,True,22,1.0390196703027588,3.16396500189447e-05,0.8885374061722437,0.21263384303357846,0.0,19,0.009348347033336642,0.09931013267640969,0.8052650724448134
127,main,1.35,critic_reranking,True,False,False,False,False,20,1.0533659104363478,0.00011033355995019824,0.8885374061722437,0.21263384303357846,0.0,17,0.010330139606290556,0.08618123325052328,0.665486490751996
127,main,1.35,bounded_adaptation,True,False,False,False,False,20,1.050979413873329,1.44023926435008e-06,0.8885374061722437,0.21263384303357846,0.0,17,0.010512671997764794,0.08605571618560197,0.5648459119331675
128,main,1.35,action_only_bc,False,False,False,False,False,58,0.006050708700507602,0.14704735616306266,0.9562280925266136,0.24849828731983448,0.0,40,0.03931407734269707,0.14603514560081207,0.9994019914626153
128,main,1.35,force_conditioned_bc,True,False,False,True,True,27,1.0414226720730215,1.2315025144136265e-06,0.9815690710202704,0.2575556429263672,0.0,24,0.008102359005946864,0.09334130366541177,0.6441579783712568
128,main,1.35,future_wrench_aux,True,False,False,True,True,27,1.0414226720730215,1.2315025144136265e-06,0.9815690710202704,0.2575556429263672,0.0,24,0.008102359005946864,0.09334130366541177,0.6441579783712568
128,main,1.35,critic_reranking,True,False,False,False,False,23,1.0327092089572434,1.562774999815579e-05,0.9815690710202704,0.2575556429263672,0.0,20,0.009573911680016351,0.08097486193497738,0.5689339912806498
128,main,1.35,bounded_adaptation,True,False,False,False,False,21,1.0063246438519802,1.851506790623718e-12,0.9815690710202704,0.2575556429263672,0.0,18,0.011290760488600957,0.08361744082191269,0.5538878141125705
129,main,1.35,action_only_bc,False,False,False,False,False,58,0.013420818336503978,0.23479276633506838,1.6059087341437006,0.5786968590202421,0.0,41,0.0465310261944942,0.30131977745000627,0.9994019914626153
129,main,1.35,force_conditioned_bc,True,False,False,True,True,34,1.0361281216185474,3.218372530603481e-17,1.26957816407275,0.4094952053136248,0.0,31,0.011804433955849309,0.06593507755199925,0.45936323773000376
129,main,1.35,future_wrench_aux,True,False,False,True,True,34,1.036094875697653,3.2224726018670394e-17,1.26957816407275,0.4094952053136248,0.0,31,0.011759858321318864,0.06574189380117319,0.4592238197742101
129,main,1.35,critic_reranking,True,False,False,False,False,29,1.0102881842711104,1.5971956609337244e-13,1.26957816407275,0.4094952053136248,0.0,26,0.015163090848832411,0.09713005260997114,0.5706068834184235
129,main,1.35,bounded_adaptation,True,False,False,False,False,28,1.0058823875837668,2.9818717414071466e-16,1.26957816407275,0.4094952053136248,0.0,25,0.015816582846991417,0.09596474309612538,0.49700242694881963
130,main,1.35,action_only_bc,False,False,False,False,False,58,0.006050708700507602,0.159838096461132,1.0291869049673774,0.3587135080521538,0.0,40,0.03931407734269707,0.17024532399681505,0.9994019914626153
130,main,1.35,force_conditioned_bc,True,False,False,False,False,33,1.026056085110915,9.058223978105257e-12,1.055336713306947,0.37178802795463317,0.0,30,0.006379041890139553,0.05979239120302347,0.4731786259755006
130,main,1.35,future_wrench_aux,True,False,False,False,False,33,1.026056085110915,9.058223978105257e-12,1.055336713306947,0.37178802795463317,0.0,30,0.006379041890139553,0.05979239120302347,0.4731786259755006
130,main,1.35,critic_reranking,True,False,False,False,False,27,1.0268513919337456,2.206089755233458e-09,1.055336713306947,0.37178802795463317,0.0,24,0.008944768833116817,0.06068760407813317,0.5468946865963271
130,main,1.35,bounded_adaptation,True,False,False,False,False,26,1.012671052362433,1.0003588513378323e-22,1.055336713306947,0.37178802795463317,0.0,23,0.00979242913684621,0.06673288255298654,0.5685926822786949
131,main,1.35,action_only_bc,False,False,False,False,False,58,0.013420818336503978,0.21899625844043774,1.4575052147374734,0.30100917303448793,0.0,41,0.0465310261944942,0.2298835173646634,0.9994019914626153
131,main,1.35,force_conditioned_bc,True,False,False,True,True,39,1.0329787646116602,5.281953745982982e-07,1.1470372169872847,0.2129989323282822,0.0,36,0.010175740471068786,0.0668136158449959,0.9428866959335089
131,main,1.35,future_wrench_aux,True,False,False,True,True,39,1.0329787646116602,5.281953745982982e-07,1.1470372169872847,0.2129989323282822,0.0,36,0.010175740471068786,0.0668136158449959,0.9428866959335089
131,main,1.35,critic_reranking,True,False,False,True,True,32,1.0104483677819414,1.2577410369869735e-05,1.1470372169872847,0.2129989323282822,0.0,29,0.01362997598361948,0.07330102279365024,0.5436293179029122
131,main,1.35,bounded_adaptation,True,False,False,True,True,31,1.049252455807196,3.1949049379460506e-08,1.1470372169872847,0.2129989323282822,0.0,28,0.012639295485095688,0.06485351541797245,0.7292237797389403
132,main,1.35,action_only_bc,False,False,False,False,False,58,0.006050708700507602,0.18422740100888504,2.1255275913724176,1.1819723537771711,0.0,40,0.03931407734269707,0.48350867110371454,0.9994019914626153
132,main,1.35,force_conditioned_bc,False,False,False,True,False,58,0.33303036988578744,0.030348080681672305,2.1890144306906083,1.2250533103532284,0.0,55,0.08355864954873304,0.23192531120744492,1.8267666671044163
132,main,1.35,future_wrench_aux,False,False,False,False,False,58,0.5158438234168952,0.03034808067717236,2.1890144306906083,1.2250533103532284,0.0,55,0.07654647188562282,0.22025637214429464,1.8267657754332123
132,main,1.35,critic_reranking,False,False,False,False,False,58,0.33552047591038653,0.030348080682204473,2.1890144306906083,1.2250533103532284,0.0,54,0.09746359448928539,0.23492587071410773,1.826766896866387
132,main,1.35,bounded_adaptation,True,False,False,False,False,26,1.0170311184384864,3.857997804104497e-36,2.1890144306906083,1.2250533103532284,0.0,22,0.01392554266068716,0.17468576195527358,1.223186144494573
133,main,1.35,action_only_bc,False,False,False,False,False,58,0.006050708700507602,0.19033552638335555,2.0913232963319532,1.2034287631214207,0.0,40,0.03931407734269707,0.47845083731011334,0.9994019914626153
133,main,1.35,force_conditioned_bc,False,False,False,False,False,58,0.1253705373665435,0.024418243710604887,2.1550901175000114,1.2472917706788598,0.0,55,0.09946200253837023,0.23476879890495894,1.767352695473939
133,main,1.35,future_wrench_aux,False,False,False,False,False,58,0.5248128371150427,0.036135945032468635,2.1550901175000114,1.2472917706788598,0.0,55,0.08634473262317259,0.21689771104895314,1.9014047175341424
133,main,1.35,critic_reranking,False,False,False,False,False,58,0.36064984064524264,0.036135945032471306,2.1550901175000114,1.2472917706788598,0.0,54,0.10691925832833914,0.2551332964471974,1.9014059038481885
133,main,1.35,bounded_adaptation,True,False,False,False,False,22,1.0565802566961486,1.2643412114289617e-15,2.1550901175000114,1.2472917706788598,0.0,18,0.016696006875585732,0.1634230718081075,1.2672372807615313
134,main,1.35,action_only_bc,False,False,False,False,False,58,0.006050708700507602,0.18401320252487305,1.9784995636460139,1.1267885460085203,0.0,40,0.03931407734269707,0.4392732510635646,0.9994019914626153
134,main,1.35,force_conditioned_bc,False,False,False,False,False,58,0.27945859921461186,0.03449231240908448,2.0352073423195445,1.167858143166072,0.0,55,0.08528881516316279,0.23299175257070556,1.8624965971129062
134,main,1.35,future_wrench_aux,False,False,False,False,False,58,0.636943988902549,0.03449231240136167,2.0352073423195445,1.167858143166072,0.0,55,0.07052266175471204,0.2100309531026347,1.862491569680846
134,main,1.35,critic_reranking,False,False,False,False,False,58,0.3885601410388825,0.03449231240912952,2.0352073423195445,1.167858143166072,0.0,54,0.09998823036591983,0.25107196583126545,1.8624970855969014
134,main,1.35,bounded_adaptation,True,False,False,False,False,28,1.0422267863603027,1.2299965206303144e-20,2.0352073423195445,1.167858143166072,0.0,24,0.012646698865087238,0.18525659912932338,1.2267625308619656
135,main,1.35,action_only_bc,False,False,False,False,False,58,0.013420818336503978,0.19736998867593528,2.1861940223824416,1.2278416788749151,0.0,41,0.0465310261944942,0.5635560125585655,0.9994019914626153
135,main,1.35,force_conditioned_bc,False,False,False,False,False,58,0.10079210513960431,0.029537019827707872,1.6623982170291887,0.8688405208121613,0.0,55,0.10457887760830138,0.225372289044187,1.838751766937781
135,main,1.35,future_wrench_aux,False,False,False,False,False,58,0.10079210513960431,0.029537019827707872,1.6623982170291887,0.8688405208121613,0.0,55,0.10457887760830138,0.225372289044187,1.838751766937781
135,main,1.35,critic_reranking,False,False,False,False,False,58,0.38766001570750497,0.03538277190249088,1.6623982170291887,0.8688405208121613,0.0,55,0.10451171918311558,0.2356657862159374,1.8862333386102124
135,main,1.35,bounded_adaptation,True,False,False,False,False,20,1.0507701709536843,1.6876563767881423e-17,1.6623982170291887,0.8688405208121613,0.0,17,0.01980023774284651,0.13217289870012405,1.1849776227882785
136,main,1.35,action_only_bc,False,False,False,False,False,58,0.013420818336503978,0.21969054373545946,1.5410676154105982,0.44168329310315163,0.0,41,0.0465310261944942,0.265229876854192,0.9994019914626153
136,main,1.35,force_conditioned_bc,True,False,False,True,True,32,1.0013298452397192,5.642673939293255e-11,1.215263721647147,0.31254220231830643,0.0,29,0.012266733652580096,0.06648719714578843,0.58648645466222
136,main,1.35,future_wrench_aux,True,False,False,True,True,32,1.0013261196844443,5.643446484491549e-11,1.215263721647147,0.31254220231830643,0.0,29,0.012265051377087909,0.06647743177921966,0.5864816462661794
136,main,1.35,critic_reranking,True,False,False,False,False,28,1.0236163532827032,4.334122957131448e-09,1.215263721647147,0.31254220231830643,0.0,25,0.014751687023638318,0.08239252175054605,0.5668599403952725
136,main,1.35,bounded_adaptation,True,False,False,False,False,28,1.0512066391704051,5.765373532218309e-30,1.215263721647147,0.31254220231830643,0.0,25,0.014789979430978074,0.086993633436992,0.509920664765998
137,main,1.35,action_only_bc,False,False,True,False,False,58,0.013420818336503978,0.22945734099327023,2.3770778206729593,1.4973299008440757,0.7397933717787697,41,0.0465310261944942,0.6576304599710339,0.9994019914626153
137,main,1.35,force_conditioned_bc,False,False,False,False,False,58,0.1186298644886998,0.02441335212965854,1.8067981892546783,1.0595347211776154,0.0,55,0.10252427964065135,0.22232225426337954,1.7859308127255518
137,main,1.35,future_wrench_aux,False,False,False,False,False,58,0.1186298644886998,0.02441335212965854,1.8067981892546783,1.0595347211776154,0.0,55,0.10252427964065135,0.22232225426337954,1.7859308127255518
137,main,1.35,critic_reranking,False,False,False,False,False,58,0.2459525554608325,0.03656705443014168,1.8067981892546783,1.0595347211776154,0.0,55,0.10389617030483063,0.24694809393603695,1.9294174308710996
137,main,1.35,bounded_adaptation,True,False,False,False,False,25,1.0568548049894488,6.374370901476e-20,1.8067981892546783,1.0595347211776154,0.0,22,0.019954155676492082,0.1721817957532512,1.1119861051380875
138,main,1.35,action_only_bc,False,False,False,False,False,58,0.013420818336503978,0.19512624303745849,2.0984744173137324,1.1339228481030204,0.0,41,0.0465310261944942,0.5234052857116452,0.9994019914626153
138,main,1.35,force_conditioned_bc,True,False,False,False,False,26,1.0023222374079985,0.02671209960691239,1.6149233920332375,0.8023820455495414,0.0,24,0.04395413351058315,0.1273262272005635,1.7418517952853776
138,main,1.35,future_wrench_aux,True,False,False,False,False,29,1.0030961982600233,0.02721366417740983,1.6149233920332375,0.8023820455495414,0.0,26,0.060482654172800486,0.14569071529506536,1.7539663734758375
138,main,1.35,critic_reranking,True,False,False,False,False,21,1.0330442854073303,0.0050836682993856755,1.6149233920332375,0.8023820455495414,0.0,18,0.026052639699173003,0.16795308932657244,1.0421329327804567
138,main,1.35,bounded_adaptation,True,False,False,False,False,23,1.0565279832233305,8.428995170611833e-18,1.6149233920332375,0.8023820455495414,0.0,20,0.020012732516337516,0.15061105029280117,0.9641769942575702
139,main,1.35,action_only_bc,False,False,False,False,False,58,0.006050708700507602,0.1820500573018797,1.4004758239011554,0.447492294049446,0.0,40,0.03931407734269707,0.23998408301840995,0.9994019914626153
139,main,1.35,force_conditioned_bc,True,False,False,True,True,28,1.0161891677586514,1.3423709319876417e-13,1.439741725230893,0.4638026553082838,0.0,25,0.009880544332119122,0.0739758890041065,0.49079941346642486
139,main,1.35,future_wrench_aux,True,False,False,False,False,29,1.028668528763668,8.113817785969775e-14,1.439741725230893,0.4638026553082838,0.0,26,0.008464195194531596,0.07139750200373998,0.39915410138545343
139,main,1.35,critic_reranking,True,False,False,False,False,24,1.0057222780541863,4.94085861198096e-11,1.439741725230893,0.4638026553082838,0.0,21,0.010966331734483178,0.07542631278521617,0.5625728191956949
139,main,1.35,bounded_adaptation,True,False,False,False,False,24,1.03928656941584,2.122745004482342e-36,1.439741725230893,0.4638026553082838,0.0,21,0.011146901258092015,0.07889063113199966,0.5898191651543165
140,main,1.35,action_only_bc,False,False,True,False,False,58,0.013420818336503978,0.2273533524534098,2.5578861463787006,1.5493409486432834,2.262347855955764,41,0.0465310261944942,0.7334084696307871,0.9994019914626153
140,main,1.35,force_conditioned_bc,False,False,False,False,False,58,0.10043292935786854,0.023133245447728844,1.9543777830658073,1.09633857515597,0.0,55,0.10906159585074233,0.23779582971340912,1.7843708196812955
140,main,1.35,future_wrench_aux,False,False,False,False,False,58,0.10043292935786854,0.023133245447728844,1.9543777830658073,1.09633857515597,0.0,55,0.10906159585074233,0.23779582971340912,1.7843708196812955
140,main,1.35,critic_reranking,False,False,False,False,False,58,0.11457730389383283,0.042729156295284745,1.9543777830658073,1.09633857515597,0.0,55,0.11526405417489947,0.24793648213414202,1.9281560826793462
140,main,1.35,bounded_adaptation,True,False,False,False,False,26,1.025723907808561,8.325929401160495e-26,1.9543777830658073,1.09633857515597,0.0,23,0.015820761791847916,0.17890909674167096,1.1355630795627352
141,main,1.35,action_only_bc,False,False,False,False,False,58,0.006050708700507602,0.17250741628771418,1.2046054295604318,0.35484455223007066,0.0,40,0.03931407734269707,0.20116503341608066,0.9994019914626153
141,main,1.35,force_conditioned_bc,True,False,False,True,True,20,1.0088710927493265,1.9575993893820793e-07,1.2388129415459284,0.3677780550290338,0.0,17,0.012843631425835937,0.1101331813567183,0.5596593805239014
141,main,1.35,future_wrench_aux,True,False,False,True,True,20,1.0075081272195134,2.0204150655815579e-07,1.2388129415459284,0.3677780550290338,0.0,17,0.012720045330207872,0.10985924905712385,0.6214836960829824
141,main,1.35,critic_reranking,True,False,False,False,False,18,1.0054560075603305,1.5821222587442156e-06,1.2388129415459284,0.3677780550290338,0.0,15,0.013287072436336176,0.09960754821267424,0.5802896038410884
141,main,1.35,bounded_adaptation,True,False,False,False,False,18,1.0492839490069839,1.1374782281656234e-08,1.2388129415459284,0.3677780550290338,0.0,15,0.013237414551875153,0.097446993181521,0.626348338087743
142,main,1.35,action_only_bc,False,False,False,False,False,58,0.006050708700507602,0.17983340956656646,1.1778543916558395,0.32608941484373155,0.0,40,0.03931407734269707,0.19072648267384007,0.9994019914626153
142,main,1.35,force_conditioned_bc,True,False,False,True,True,27,1.0514563031601292,1.5425781687267424e-08,1.2093542817197855,0.337974839977324,0.0,24,0.009120103271961855,0.07113220406291855,0.6620412478742685
142,main,1.35,future_wrench_aux,True,False,False,True,True,27,1.0511236360298821,1.5541587386221314e-08,1.2093542817197855,0.337974839977324,0.0,24,0.009082640021968603,0.07101094688604974,0.6622484332023897
142,main,1.35,critic_reranking,True,False,False,False,False,24,1.063071770484634,2.5056338569478427e-07,1.2093542817197855,0.337974839977324,0.0,21,0.010039238916181543,0.07607022386153613,0.5221423895672039
142,main,1.35,bounded_adaptation,True,False,False,False,False,23,1.032611290047673,7.353776019805486e-15,1.2093542817197855,0.337974839977324,0.0,20,0.01044011176113605,0.0806219022536032,0.4907299823416942
143,main,1.35,action_only_bc,False,False,False,False,False,58,0.013420818336503978,0.2163044619761067,1.3649153566403607,0.4389311504625539,0.0,41,0.0465310261944942,0.23928087579770982,0.9994019914626153
143,main,1.35,force_conditioned_bc,True,False,False,True,True,26,1.011593092358205,3.129530983740984e-09,1.073891235577506,0.31059474191983116,0.0,23,0.014801329420288794,0.07223129734444854,0.6396338452448819
143,main,1.35,future_wrench_aux,True,False,False,True,True,26,1.011593092358205,3.129530983740984e-09,1.073891235577506,0.31059474191983116,0.0,23,0.014801329420288794,0.07223129734444854,0.6396338452448819
143,main,1.35,critic_reranking,True,False,False,False,False,23,1.0055278931112066,1.1373080830182716e-07,1.073891235577506,0.31059474191983116,0.0,20,0.015090233464313941,0.06735365026057619,0.6209668216147162
143,main,1.35,bounded_adaptation,True,False,False,False,False,23,1.0448887137328224,9.397550557062208e-19,1.073891235577506,0.31059474191983116,0.0,20,0.015435310938941777,0.06458702043193283,0.5181440651904649
144,main,1.35,action_only_bc,False,False,True,False,False,58,0.013420818336503978,0.23306808670079443,2.3560645323545972,1.4121785842744126,0.6134816033672426,41,0.0465310261944942,0.641546421956786,0.9994019914626153
144,main,1.35,force_conditioned_bc,False,False,False,False,False,58,0.5876060348636544,0.029745688821727158,1.7775374388521819,0.9992802799828691,0.0,55,0.0850696615836237,0.22160809802613854,1.7994149286920318
144,main,1.35,future_wrench_aux,False,False,False,False,False,58,0.5876060348636544,0.029745688821727158,1.7775374388521819,0.9992802799828691,0.0,55,0.0850696615836237,0.22160809802613854,1.7994149286920318
144,main,1.35,critic_reranking,True,False,False,False,False,20,1.0377514758384148,0.026721459366792565,1.7775374388521819,0.9992802799828691,0.0,17,0.05016875423840637,0.20002172266504586,1.7498900158046944
144,main,1.35,bounded_adaptation,True,False,False,False,False,21,1.0692286734617256,5.0362642649013076e-11,1.7775374388521819,0.9992802799828691,0.0,18,0.02382221376329312,0.16669727236687057,0.9204297559672825
145,main,1.35,action_only_bc,False,False,False,False,False,58,0.013420818336503978,0.2088939547489603,1.4390725419915853,0.3912577179310867,0.0,41,0.0465310261944942,0.24276179292509106,0.9994019914626153
145,main,1.35,force_conditioned_bc,True,False,False,True,True,25,1.0007926082580556,1.155551059791012e-07,1.1213742771508781,0.2768602542719632,0.0,22,0.014713496907685837,0.08315174893510541,0.696485696972316
145,main,1.35,future_wrench_aux,True,False,False,True,True,25,1.0007926082580556,1.155551059791012e-07,1.1213742771508781,0.2768602542719632,0.0,22,0.014713496907685837,0.08315174893510541,0.696485696972316
145,main,1.35,critic_reranking,True,False,False,False,False,23,1.0465672389223324,7.178126651452079e-07,1.1213742771508781,0.2768602542719632,0.0,20,0.0175246998373865,0.08234917493064879,0.5094149175363224
145,main,1.35,bounded_adaptation,True,False,False,False,False,23,1.0419311431311593,5.562007626034131e-10,1.1213742771508781,0.2768602542719632,0.0,20,0.01748540149516309,0.08208131473381904,0.5900826682014464
146,main,1.35,action_only_bc,False,False,False,False,False,58,0.013420818336503978,0.20858335866306058,1.3686122152991687,0.371043767342031,0.0,41,0.0465310261944942,0.2303910965447912,0.9994019914626153
146,main,1.35,force_conditioned_bc,True,False,False,True,True,23,1.0710725189865054,2.118194512234834e-06,1.0570733279926636,0.26255653771010207,0.0,20,0.015319866331463925,0.10427817109492865,0.5801159817612989
146,main,1.35,future_wrench_aux,True,False,False,True,True,23,1.0710725189865054,2.118194512234834e-06,1.0570733279926636,0.26255653771010207,0.0,20,0.015319866331463925,0.10427817109492865,0.5801159817612989
146,main,1.35,critic_reranking,True,False,False,False,False,20,1.0147500467978767,2.5696234544006452e-05,1.0570733279926636,0.26255653771010207,0.0,17,0.020637624740161817,0.09276161770966021,0.5693187194724215
146,main,1.35,bounded_adaptation,True,False,False,False,False,20,1.0156041748792282,8.448748869814269e-08,1.0570733279926636,0.26255653771010207,0.0,17,0.020658881234186483,0.09328148839799265,0.5786907694142281
147,main,1.35,action_only_bc,False,False,False,False,False,58,0.006050708700507602,0.18184086513501277,1.0692498973695432,0.30467775917907175,0.0,40,0.03931407734269707,0.1696453010083583,0.9994019914626153
147,main,1.35,force_conditioned_bc,True,False,False,True,True,33,1.015003980575887,8.217969985955369e-08,1.0972894842028407,0.3157827645296102,0.0,30,0.007852338570968306,0.06846161358839749,0.8028546807570813
147,main,1.35,future_wrench_aux,True,False,False,True,True,33,1.015003980575887,8.217969985955369e-08,1.0972894842028407,0.3157827645296102,0.0,30,0.007852338570968306,0.06846161358839749,0.8028546807570813
147,main,1.35,critic_reranking,True,False,False,False,False,28,1.0244918448606386,1.8026592814882617e-06,1.0972894842028407,0.3157827645296102,0.0,25,0.008916475223983802,0.06134088677129403,0.683413301305167
147,main,1.35,bounded_adaptation,True,False,False,False,False,26,1.0328188442960782,1.1962729703393686e-10,1.0972894842028407,0.3157827645296102,0.0,23,0.009740510325993885,0.06542284579387639,0.6647143908840247
148,main,1.35,action_only_bc,False,False,True,False,False,58,0.013420818336503978,0.2344526191495095,2.610206328730231,1.5542056977006524,2.777158067320718,41,0.0465310261944942,0.7494962797263184,0.9994019914626153
148,main,1.35,force_conditioned_bc,False,False,False,False,False,58,0.1799738222698389,0.03559449040660977,1.9520531732585675,1.0997809498345181,0.0,55,0.1114175384978364,0.2339366874796509,1.852027267577279
148,main,1.35,future_wrench_aux,False,False,False,False,False,58,0.1799738222698389,0.03559449040660977,1.9520531732585675,1.0997809498345181,0.0,55,0.1114175384978364,0.2339366874796509,1.852027267577279
148,main,1.35,critic_reranking,False,False,False,False,False,58,0.1263738911249517,0.04025654092925603,1.9520531732585675,1.0997809498345181,0.0,55,0.11329351548394752,0.24216810527050767,1.9563617685454895
148,main,1.35,bounded_adaptation,True,False,False,False,False,20,1.0713385008966196,6.1917863760407755e-12,1.9520531732585675,1.0997809498345181,0.0,16,0.02685732361242306,0.15929035545787099,1.3804368543698742
149,main,1.35,action_only_bc,False,False,False,False,False,58,0.013420818336503978,0.20907623285745966,1.5386527003055075,0.383994918283569,0.0,41,0.0465310261944942,0.2558467793549433,0.9994019914626153
149,main,1.35,force_conditioned_bc,True,False,False,True,True,31,1.0270791052658752,3.0711890998006476e-09,1.2079785502761466,0.2717209804251217,0.0,28,0.011853689455483239,0.06627798461320725,0.6693043320598216
149,main,1.35,future_wrench_aux,True,False,False,True,True,31,1.0270791052658752,3.0711890998006476e-09,1.2079785502761466,0.2717209804251217,0.0,28,0.011853689455483239,0.06627798461320725,0.6693043320598216
149,main,1.35,critic_reranking,True,False,False,False,False,27,1.0451212805398646,8.459099085490741e-08,1.2079785502761466,0.2717209804251217,0.0,24,0.015336875658088948,0.08199081375656332,0.668430521499593
149,main,1.35,bounded_adaptation,True,False,False,False,False,27,1.0516572243465536,2.9941949756028727e-10,1.2079785502761466,0.2717209804251217,0.0,24,0.01474753735338938,0.07745868788772693,0.6719969063320601
150,main,1.35,action_only_bc,False,False,True,False,False,58,0.013420818336503978,0.21288803151039978,2.3478294482762556,1.3805396768665392,0.5695224405821668,41,0.0465310261944942,0.6379032821682167,0.9994019914626153
150,main,1.35,force_conditioned_bc,False,False,False,False,False,58,0.10661476417187818,0.036697628840015914,1.7861056368931698,0.9768920802148233,0.0,55,0.10564067903311714,0.21990781168519674,1.9203906919957952
150,main,1.35,future_wrench_aux,False,False,False,False,False,58,0.10661476417187818,0.036697628840015914,1.7861056368931698,0.9768920802148233,0.0,55,0.10564067903311714,0.21990781168519674,1.9203906919957952
150,main,1.35,critic_reranking,False,False,False,False,False,58,0.15506706386119345,0.037633905727563824,1.7861056368931698,0.9768920802148233,0.0,55,0.10903964119984384,0.23562338834069094,1.942468012863471
150,main,1.35,bounded_adaptation,True,False,False,False,False,23,1.0490493958854012,3.279860036532218e-19,1.7861056368931698,0.9768920802148233,0.0,20,0.017824134146324663,0.14402445397690353,1.1044609844164608
151,main,1.35,action_only_bc,False,False,True,False,False,58,0.013420818336503978,0.21703070247569728,2.2974053756274677,1.4665303982055842,0.28626451423304244,41,0.0465310261944942,0.6285737441174516,0.9994019914626153
151,main,1.35,force_conditioned_bc,False,False,False,False,False,58,0.13590944038324465,0.026639852592818695,1.7647717287181008,1.0377404977255313,0.0,55,0.10511552435813827,0.22119944206736275,1.7705369556907802
151,main,1.35,future_wrench_aux,False,False,False,False,False,58,0.13590944038324465,0.026639852592818695,1.7647717287181008,1.0377404977255313,0.0,55,0.10511552435813827,0.22119944206736275,1.7705369556907802
151,main,1.35,critic_reranking,False,False,False,False,False,58,0.10933784615652978,0.034354061798806415,1.7647717287181008,1.0377404977255313,0.0,55,0.10630525882753954,0.24745219095880697,1.924229915100646
151,main,1.35,bounded_adaptation,True,False,False,False,False,28,1.042771680774667,3.381232602337063e-13,1.7647717287181008,1.0377404977255313,0.0,25,0.01756521703659378,0.18237747823773312,0.945081225083593
152,main,1.35,action_only_bc,False,False,True,False,False,58,0.013420818336503978,0.23274654361958835,2.5821643520701585,1.398533386687237,2.4930092313871057,41,0.0465310261944942,0.7329017064373579,0.9994019914626153
152,main,1.35,force_conditioned_bc,False,False,False,True,False,58,0.1616477393352812,0.033458449030489945,1.9458419809400713,0.9896247186982172,0.0,55,0.09783627232953734,0.23615891922145624,1.8437002513400749
152,main,1.35,future_wrench_aux,False,False,False,False,False,58,0.4221973346815851,0.03345844903044347,1.9458419809400713,0.9896247186982172,0.0,55,0.0903608544908085,0.2305732382155202,1.8437000881353673
152,main,1.35,critic_reranking,True,False,False,False,False,23,1.0130271182131154,0.03319185843628172,1.9458419809400713,0.9896247186982172,0.0,20,0.0629019952543154,0.21569530834720907,1.8233122149389538
152,main,1.35,bounded_adaptation,True,False,False,False,False,21,1.028478987165376,6.508348868878556e-12,1.9458419809400713,0.9896247186982172,0.0,18,0.023376048229255788,0.1780224323361497,0.906889112665348
153,main,1.35,action_only_bc,False,False,False,False,False,58,0.006050708700507602,0.14909073982398421,1.7427912863124448,1.0020122805376612,0.0,40,0.03931407734269707,0.37791248674244,0.9994019914626153
153,main,1.35,force_conditioned_bc,False,False,False,False,False,58,0.0951617751924806,0.0324445780260944,1.7922902190537908,1.0385339871652066,0.0,55,0.10317273651826327,0.22323091854324367,1.9167788599217772
153,main,1.35,future_wrench_aux,False,False,False,False,False,58,0.0951617751924806,0.0324445780260944,1.7922902190537908,1.0385339871652066,0.0,55,0.10317273651826327,0.22323091854324367,1.9167788599217772
153,main,1.35,critic_reranking,False,False,False,False,False,58,0.11160372607112207,0.035944789860794794,1.7922902190537908,1.0385339871652066,0.0,55,0.10582746537290383,0.2358608170203006,1.906253046837784
153,main,1.35,bounded_adaptation,True,False,False,False,False,25,1.0191594404452982,3.201299429986681e-16,1.7922902190537908,1.0385339871652066,0.0,22,0.0108678964183226,0.15550015146499838,1.0468353053699715
154,main,1.35,action_only_bc,False,False,True,False,False,58,0.013420818336503978,0.22023734633598144,2.496515442040102,1.4217068407551063,1.6524292069294684,41,0.0465310261944942,0.6991601914929224,0.9994019914626153
154,main,1.35,force_conditioned_bc,False,False,False,False,False,58,0.27091148641330837,0.02896266307172244,1.8978078296866494,1.0060226275229065,0.0,55,0.089675527186815,0.23129244223454826,1.8135041278734354
154,main,1.35,future_wrench_aux,False,False,False,False,False,58,0.6138297992641438,0.02896266305875738,1.8978078296866494,1.0060226275229065,0.0,55,0.07768418824639399,0.20576329891345235,1.813503376860909
154,main,1.35,critic_reranking,True,False,False,False,False,25,1.0093527461765428,0.027583754529650013,1.8978078296866494,1.0060226275229065,0.0,22,0.046410594513422165,0.20134992206334096,1.7724874362744862
154,main,1.35,bounded_adaptation,True,False,False,False,False,26,1.0397551601449757,9.107103980344631e-10,1.8978078296866494,1.0060226275229065,0.0,23,0.019557739581376313,0.17255105077771254,0.8841189311971649
155,main,1.35,action_only_bc,False,False,False,False,False,58,0.006050708700507602,0.18464526347379548,1.459323329846073,0.48247687982312504,0.0,40,0.03931407734269707,0.2553506160385101,0.9994019914626153
155,main,1.35,force_conditioned_bc,True,False,False,True,True,22,1.034476919010329,7.6024922530362e-12,1.5024313060393284,0.5000623719390684,0.0,19,0.013027157517080779,0.10560808208825588,0.44953487470512404
155,main,1.35,future_wrench_aux,True,False,False,False,False,22,1.0156292553003952,1.8090803576993442e-11,1.5024313060393284,0.5000623719390684,0.0,19,0.011576922608635923,0.10212028763158565,0.6828029643882821
155,main,1.35,critic_reranking,True,False,False,False,False,20,1.02788928463998,3.752211885112023e-10,1.5024313060393284,0.5000623719390684,0.0,17,0.013922880563462692,0.09153120462624419,0.6239279591526726
155,main,1.35,bounded_adaptation,True,False,False,False,False,20,1.066810689933266,1.9856508063597616e-21,1.5024313060393284,0.5000623719390684,0.0,17,0.014025283193944226,0.08907466369461291,0.6312510137977978
156,main,1.35,action_only_bc,False,False,False,False,False,58,0.013420818336503978,0.2394893518498248,1.599933577059692,0.4987770591531991,0.0,41,0.0465310261944942,0.28627090140656997,0.9994019914626153
156,main,1.35,force_conditioned_bc,True,False,False,True,True,26,1.0238257638547985,3.5221608742794393e-09,1.2358809682700131,0.35294266948236697,0.0,23,0.016677570445936016,0.09049070097582515,0.7312875791428473
156,main,1.35,future_wrench_aux,True,False,False,True,True,26,1.0237905529477238,3.5266065720758924e-09,1.2358809682700131,0.35294266948236697,0.0,23,0.016652133053400988,0.09042067735994001,0.7312672929480302
156,main,1.35,critic_reranking,True,False,False,False,False,24,1.0641911749596427,5.6202974409336244e-08,1.2358809682700131,0.35294266948236697,0.0,21,0.01823704644990834,0.07970674724063315,0.6004465091053403
156,main,1.35,bounded_adaptation,True,False,False,False,False,24,1.0716487412583435,6.542102463521985e-19,1.2358809682700131,0.35294266948236697,0.0,21,0.018125492365607752,0.0826898569621095,0.5337708113603268
157,main,1.35,action_only_bc,False,False,False,False,False,58,0.006931082486496059,0.12203874385761718,1.3238098288233924,0.6725259347721302,0.0,47,0.01785487791851618,0.2379962338423188,0.9994019914626153
157,main,1.35,force_conditioned_bc,True,False,False,False,False,25,1.0030405669136508,0.00590505258992788,1.3826760999848289,0.7076105391896427,0.0,22,0.022112108596770777,0.09584691229928241,1.5395757382905122
157,main,1.35,future_wrench_aux,True,False,False,False,False,25,1.0168729646181998,0.00479079784666597,1.3826760999848289,0.7076105391896427,0.0,22,0.018599282749947196,0.09662946973125315,1.2908412964264757
157,main,1.35,critic_reranking,True,False,False,False,False,21,1.0122945893019992,0.0012467704250936635,1.3826760999848289,0.7076105391896427,0.0,18,0.013976572663920517,0.12874659902709912,0.9837164258000055
157,main,1.35,bounded_adaptation,True,False,False,False,False,22,1.048965121115686,2.646620743775942e-15,1.3826760999848289,0.7076105391896427,0.0,19,0.011947954977272074,0.12101096246724988,0.92795258025105
158,main,1.35,action_only_bc,False,False,False,False,False,58,0.006050708700507602,0.18563421549424572,1.1595015675545721,0.44197949829578814,0.0,40,0.03931407734269707,0.2063866295974417,0.9994019914626153
158,main,1.35,force_conditioned_bc,True,False,False,False,False,23,1.0078173193644488,1.271667766616506e-08,1.1928260484690516,0.4580889271777246,0.0,20,0.010606866667418023,0.1111419744481435,0.5650308380153659
158,main,1.35,future_wrench_aux,True,False,False,False,False,23,1.0078173193644488,1.271667766616506e-08,1.1928260484690516,0.4580889271777246,0.0,20,0.010606866667418023,0.1111419744481435,0.5650308380153659
158,main,1.35,critic_reranking,True,False,False,False,False,21,1.0309617414869874,1.2433334152656536e-07,1.1928260484690516,0.4580889271777246,0.0,18,0.012638120097508875,0.09813444043079848,0.5127980755006865
158,main,1.35,bounded_adaptation,True,False,False,False,False,20,1.0788625954012763,2.4827816983980993e-23,1.1928260484690516,0.4580889271777246,0.0,17,0.012977138612615374,0.09714496113160878,0.6165220138817047
159,main,1.35,action_only_bc,False,False,True,False,False,58,0.013420818336503978,0.22441878631710252,2.3858107391929493,1.3250790594377329,0.7930535881605509,41,0.0465310261944942,0.648224771204439,0.9994019914626153
159,main,1.35,force_conditioned_bc,True,False,False,False,False,30,1.0346265296166268,0.01808745356032249,1.8194017985756001,0.9376472552830276,0.0,27,0.04154525391542499,0.12430490330380009,1.6639893824696441
159,main,1.35,future_wrench_aux,True,False,False,False,False,29,1.0321750116322381,0.016367292218855245,1.8194017985756001,0.9376472552830276,0.0,26,0.03247945170135629,0.11893229819767967,1.6536223548542186
159,main,1.35,critic_reranking,True,False,False,False,False,24,1.0336793931344257,0.0032287330804608343,1.8194017985756001,0.9376472552830276,0.0,21,0.023549711615257096,0.18364300944755765,0.9603684202901157
159,main,1.35,bounded_adaptation,True,False,False,False,False,25,1.0071138335682635,5.536011902895413e-10,1.8194017985756001,0.9376472552830276,0.0,22,0.0201738388579506,0.1658421334430865,0.8258121934879312
160,main,1.35,action_only_bc,False,False,False,False,False,58,0.006687158141450713,0.1272324516931087,0.9405862694738574,0.1877413804508597,0.0,47,0.017855909575346177,0.14480356575325207,0.9994019914626153
160,main,1.35,force_conditioned_bc,True,False,False,True,True,33,1.0160730697356066,2.6335389950159323e-08,0.9769305318076031,0.19777420607595117,0.0,30,0.006058533091099846,0.05470460491303671,0.7930863105681546
160,main,1.35,future_wrench_aux,True,False,False,True,True,33,1.0160730697356066,2.6335389950159323e-08,0.9769305318076031,0.19777420607595117,0.0,30,0.006058533091099846,0.05470460491303671,0.7930863105681546
160,main,1.35,critic_reranking,True,False,False,True,True,27,1.0086248864964742,8.67872604332506e-07,0.9769305318076031,0.19777420607595117,0.0,24,0.008980849820379704,0.08027084360553172,0.6535635549276132
160,main,1.35,bounded_adaptation,True,False,False,True,True,27,1.002610893542671,4.320883590764725e-08,0.9769305318076031,0.19777420607595117,0.0,24,0.008956156785151971,0.07899179179483148,0.6869090628096469
161,main,1.35,action_only_bc,False,False,False,False,False,58,0.006028405301959448,0.13687306853265735,0.9445409428212085,0.24682021379227698,0.0,47,0.01785699029704355,0.1478632552744318,0.9994019914626153
161,main,1.35,force_conditioned_bc,True,False,False,True,True,32,1.0427898222469822,3.3186719855036154e-09,0.9834083318679723,0.26038676331128424,0.0,29,0.00684668767348144,0.06073407381171797,0.8028645707692581
161,main,1.35,future_wrench_aux,True,False,False,True,True,32,1.0427898222469822,3.3186719855036154e-09,0.9834083318679723,0.26038676331128424,0.0,29,0.00684668767348144,0.06073407381171797,0.8028645707692581
161,main,1.35,critic_reranking,True,False,False,False,False,26,1.03255072323596,2.2232263401770415e-07,0.9834083318679723,0.26038676331128424,0.0,23,0.008800540079537551,0.06315490354497935,0.6815820565554251
161,main,1.35,bounded_adaptation,True,False,False,False,False,25,1.0088212606453053,6.574233806977084e-11,0.9834083318679723,0.26038676331128424,0.0,22,0.009600288656842685,0.0649179855935706,0.6893983175632423
162,main,1.35,action_only_bc,False,False,True,False,False,58,0.013420818336503978,0.22792384392784826,2.6609789330463385,1.596537097508246,3.399541091908399,41,0.0465310261944942,0.7790040736939174,0.9994019914626153
162,main,1.35,force_conditioned_bc,False,False,False,False,False,58,0.10284981859835701,0.043396477472314295,2.025059924221196,1.1297353292046977,0.0,55,0.1121045967397144,0.24586343493042467,2.031906755440343
162,main,1.35,future_wrench_aux,False,False,False,False,False,58,0.12902632238362227,0.02670475022976696,2.025059924221196,1.1297353292046977,0.0,55,0.10998823513760883,0.2440589097026347,1.789267631961032
162,main,1.35,critic_reranking,False,False,False,False,False,58,0.10667149580006076,0.0354712037974829,2.025059924221196,1.1297353292046977,0.0,55,0.11167211531150881,0.26810746606370184,1.9081906012463263
162,main,1.35,bounded_adaptation,True,False,False,False,False,27,1.0162441195482377,2.225323776404395e-19,2.025059924221196,1.1297353292046977,0.0,24,0.01846200929255521,0.19891129188254247,1.1237694101838331
163,main,1.35,action_only_bc,False,False,False,False,False,58,0.006050708700507602,0.14025042306503616,1.486870340029078,0.9244609135656539,0.0,40,0.03931407734269707,0.3356358657325269,0.9994019914626153
163,main,1.35,force_conditioned_bc,False,False,False,False,False,58,0.08353595789960132,0.026806554234825822,1.5297452232333126,0.9581559998731397,0.0,55,0.11065296409260877,0.23141844313278168,1.8531075233164742
163,main,1.35,future_wrench_aux,False,False,False,False,False,58,0.08353595789960132,0.026806554234825822,1.5297452232333126,0.9581559998731397,0.0,55,0.11065296409260877,0.23141844313278168,1.8531075233164742
163,main,1.35,critic_reranking,False,False,False,False,False,58,0.1027463141218445,0.03222188503463751,1.5297452232333126,0.9581559998731397,0.0,55,0.11541404974145059,0.2425454698023285,1.9263783665798964
163,main,1.35,bounded_adaptation,True,False,False,False,False,18,1.0345939591939086,2.58939601817535e-14,1.5297452232333126,0.9581559998731397,0.0,15,0.016232944171705576,0.1336438262902577,1.2493560351881683
164,main,1.35,action_only_bc,False,False,False,False,False,58,0.013420818336503978,0.23331168794301088,1.6938040978494404,0.4246266053298849,0.0,41,0.0465310261944942,0.29512191078152944,0.9994019914626153
164,main,1.35,force_conditioned_bc,True,False,False,True,True,28,1.0228979648250454,1.9202604195511e-08,1.3111335823170458,0.3004726157069163,0.0,25,0.015070881581819785,0.0881521547036789,0.6283246117314049
164,main,1.35,future_wrench_aux,True,False,False,True,True,28,1.0225633715349078,1.938462105229608e-08,1.3111335823170458,0.3004726157069163,0.0,25,0.014948939227083027,0.08745510110553367,0.6278212621260232
164,main,1.35,critic_reranking,True,False,False,False,False,26,1.0574672645857366,2.215449529780162e-07,1.3111335823170458,0.3004726157069163,0.0,23,0.015083380183255817,0.0860394138486127,0.5206020393084453
164,main,1.35,bounded_adaptation,True,False,False,False,False,25,1.0180685678117583,3.875559776351134e-14,1.3111335823170458,0.3004726157069163,0.0,22,0.01658210743008884,0.0777168828137473,0.5054647239547031
165,main,1.35,action_only_bc,False,False,False,False,False,58,0.007004229772088668,0.11898443749303253,0.8640645490574814,0.20944476440636545,0.0,47,0.017854569273074865,0.12983403155746087,0.9994019914626153
165,main,1.35,force_conditioned_bc,True,False,False,False,False,30,1.0294613542102065,4.633984303011224e-09,0.8974147218233101,0.22029126048034556,0.0,27,0.005749643523154678,0.05461508629100479,0.6782819431415439
165,main,1.35,future_wrench_aux,True,False,False,False,False,30,1.0294613542102065,4.633984303011224e-09,0.8974147218233101,0.22029126048034556,0.0,27,0.005749643523154678,0.05461508629100479,0.6782819431415439
165,main,1.35,critic_reranking,True,False,False,False,False,25,1.0019868847137496,2.0089233989259001e-07,0.8974147218233101,0.22029126048034556,0.0,22,0.008909193319725742,0.06714389328396682,0.6954732080648307
165,main,1.35,bounded_adaptation,True,False,False,False,False,25,1.0270830673115765,1.382381880570944e-09,0.8974147218233101,0.22029126048034556,0.0,22,0.009031178261993636,0.06810920953142655,0.6966727352454891
166,main,1.35,action_only_bc,False,False,False,False,False,58,0.013420818336503978,0.19831865709055269,1.415924910806525,0.5121643633634186,0.0,41,0.0465310261944942,0.2594538277143845,0.9994019914626153
166,main,1.35,force_conditioned_bc,True,False,False,False,False,22,1.0142588593435389,5.036265727775047e-11,1.0962691569423584,0.3624157412654783,0.0,19,0.01596983822329574,0.09539784872925329,0.6007518138701757
166,main,1.35,future_wrench_aux,True,False,False,False,False,22,1.0142588593435389,5.036265727775047e-11,1.0962691569423584,0.3624157412654783,0.0,19,0.01596983822329574,0.09539784872925329,0.6007518138701757
166,main,1.35,critic_reranking,True,False,False,False,False,20,1.059236512138024,9.208275506910652e-10,1.0962691569423584,0.3624157412654783,0.0,17,0.016819367656954767,0.08332271972208763,0.6267816055422795
166,main,1.35,bounded_adaptation,True,False,False,False,False,20,1.07387685409476,6.953162423537388e-28,1.0962691569423584,0.3624157412654783,0.0,17,0.017035265710297162,0.08131014298569542,0.6189159797882073
167,main,1.35,action_only_bc,False,False,False,False,False,58,0.006050708700507602,0.1748206149896467,2.1424172488913076,1.2897750234767509,0.0,40,0.03931407734269707,0.5036512021820828,0.9994019914626153
167,main,1.35,force_conditioned_bc,False,False,True,False,False,58,0.08163327433992057,0.042225069299273395,2.2069531467407093,1.3367852108146525,0.006953146740709126,55,0.10827556477417116,0.26256574839153457,2.1105386699096043
167,main,1.35,future_wrench_aux,False,False,True,False,False,58,0.129285147485212,0.029940844431147168,2.2069531467407093,1.3367852108146525,0.006953146740709126,55,0.10633499682776952,0.26026597170626636,1.800662340523883
167,main,1.35,critic_reranking,False,False,True,False,False,58,0.10492449713208639,0.04550457672977737,2.2069531467407093,1.3367852108146525,0.006953146740709126,55,0.11099580723414772,0.2740405083180793,1.9562427013238404
167,main,1.35,bounded_adaptation,True,False,True,False,False,23,1.0548094929597187,3.394315201774107e-36,2.2069531467407093,1.3367852108146525,0.006953146740709126,20,0.011523170041658608,0.183852171038179,1.2745065076598348
168,main,1.35,action_only_bc,False,False,True,False,False,58,0.013420818336503978,0.2180341650206547,2.4544404737496226,1.5309830435254022,1.2726448696245471,41,0.0465310261944942,0.686142872836307,0.9994019914626153
168,main,1.35,force_conditioned_bc,False,False,False,False,False,58,0.07466701437741637,0.028340606806685924,1.8418325975096457,1.083348226222502,0.0,55,0.11625228526709752,0.2487527033540864,1.9350204781159817
168,main,1.35,future_wrench_aux,False,False,False,False,False,58,0.07466701437741637,0.028340606806685924,1.8418325975096457,1.083348226222502,0.0,55,0.11625228526709752,0.2487527033540864,1.9350204781159817
168,main,1.35,critic_reranking,True,False,False,False,False,18,1.0064972975701227,0.03223685459885747,1.8418325975096457,1.083348226222502,0.0,15,0.03903387738818863,0.21186564802013796,1.8089692594471158
168,main,1.35,bounded_adaptation,True,False,False,False,False,19,1.0247166594828574,1.4265295564525542e-10,1.8418325975096457,1.083348226222502,0.0,16,0.02607768856154917,0.1790453649370238,1.0576312712819855
169,main,1.35,action_only_bc,False,False,True,False,False,58,0.013420818336503978,0.22146155672700502,2.381942194279392,1.2626901680335765,0.7734116263897097,41,0.0465310261944942,0.6424949855999962,0.9994019914626153
169,main,1.35,force_conditioned_bc,True,False,False,True,True,30,1.0303272503438834,0.015268198419386338,1.8257245532192865,0.8934998722505912,0.0,27,0.035226447238623074,0.12206825969788726,1.6358669804440527
169,main,1.35,future_wrench_aux,True,False,False,False,False,29,1.0355054534250243,0.011477275280674047,1.8257245532192865,0.8934998722505912,0.0,26,0.0246858810283407,0.1277886596920975,1.5907947009951031
169,main,1.35,critic_reranking,True,False,False,False,False,24,1.004391900268303,0.008468122375240347,1.8257245532192865,0.8934998722505912,0.0,21,0.02846859213537884,0.19500898545011303,1.48053446089896
169,main,1.35,bounded_adaptation,True,False,False,False,False,26,1.028702806594482,1.0978613161740995e-14,1.8257245532192865,0.8934998722505912,0.0,23,0.018085966232108695,0.16994129634258684,0.888854981312287
170,main,1.35,action_only_bc,False,False,False,False,False,58,0.006050708700507602,0.15233125185460286,1.7140037100829062,0.9742749831954228,0.0,40,0.03931407734269707,0.3696709554060189,0.9994019914626153
170,main,1.35,force_conditioned_bc,False,False,False,False,False,58,0.15995172683295153,0.03622726715383299,1.7633845164364033,1.009785710760286,0.0,55,0.10633983657034737,0.22360190748907438,1.8377277556758025
170,main,1.35,future_wrench_aux,False,False,False,False,False,58,0.15995172683295153,0.03622726715383299,1.7633845164364033,1.009785710760286,0.0,55,0.10633983657034737,0.22360190748907438,1.8377277556758025
170,main,1.35,critic_reranking,False,False,False,False,False,58,0.11045238094574691,0.03948303812808329,1.7633845164364033,1.009785710760286,0.0,55,0.11186190615952465,0.23866793272518616,1.925868590059613
170,main,1.35,bounded_adaptation,True,False,False,False,False,21,1.0333155026793102,2.6988689984925454e-19,1.7633845164364033,1.009785710760286,0.0,18,0.013032503795467481,0.14487031111070794,1.040131476871354
171,main,1.35,action_only_bc,False,False,False,False,False,58,0.006050708700507602,0.17407908506099923,2.0407603643492838,1.0389128840296333,0.0,40,0.03931407734269707,0.43963734336220067,0.9994019914626153
171,main,1.35,force_conditioned_bc,False,False,False,True,False,58,0.7090278754949098,0.029389190672229375,2.100303849461219,1.0767795572222492,0.0,55,0.07168869951259013,0.2028497291758381,1.7866553595960117
171,main,1.35,future_wrench_aux,True,False,False,False,False,27,1.014222169720816,0.0027366840108227165,2.100303849461219,1.0767795572222492,0.0,24,0.0110750243159336,0.1603748688180648,1.0697870383058232
171,main,1.35,critic_reranking,True,False,False,False,False,25,1.001985125059768,0.02832058336861282,2.100303849461219,1.0767795572222492,0.0,22,0.0403438852394574,0.19340186925786448,1.7671868884669526
171,main,1.35,bounded_adaptation,True,False,False,False,False,26,1.02886110424139,2.0652250767443087e-15,2.100303849461219,1.0767795572222492,0.0,23,0.011521222834282687,0.16694892498165215,0.8946713097184491
172,main,1.35,action_only_bc,False,False,False,False,False,58,0.006050708700507602,0.1804232578562317,1.9453917323400383,1.1819234627019188,0.0,40,0.03931407734269707,0.4428611973041317,0.9994019914626153
172,main,1.35,force_conditioned_bc,False,False,False,False,False,58,0.5580230377967159,0.028640339965176113,2.002838696923042,1.225002637278352,0.0,55,0.07388893587367056,0.21098400986732202,1.811832413773388
172,main,1.35,future_wrench_aux,False,False,False,False,False,58,0.5580230377967159,0.028640339965176113,2.002838696923042,1.225002637278352,0.0,55,0.07388893587367056,0.21098400986732202,1.811832413773388
172,main,1.35,critic_reranking,False,False,False,True,False,58,0.3206625642894748,0.028640339983817632,2.002838696923042,1.225002637278352,0.0,54,0.10194817896852233,0.23275503091512256,1.8118334957477047
172,main,1.35,bounded_adaptation,True,False,False,False,False,27,1.0130579329932716,9.354909880319062e-29,2.002838696923042,1.225002637278352,0.0,23,0.013266117700679304,0.16273516702449994,1.2285165127357494
173,main,1.35,action_only_bc,False,False,False,False,False,58,0.013420818336503978,0.20391115651711214,2.11221819144166,1.336860719355017,0.0,41,0.0465310261944942,0.5510762154694414,0.9994019914626153
173,main,1.35,force_conditioned_bc,False,False,False,False,False,58,0.388120303439427,0.031028702409311167,1.5993623122930378,0.9459841473389681,0.0,55,0.09091141301914972,0.22440898926727612,1.848905516973126
173,main,1.35,future_wrench_aux,False,False,False,False,False,58,0.388120303439427,0.031028702409311167,1.5993623122930378,0.9459841473389681,0.0,55,0.09091141301914972,0.22440898926727612,1.848905516973126
173,main,1.35,critic_reranking,True,False,False,False,False,21,1.0025521490229605,0.029871869487767766,1.5993623122930378,0.9459841473389681,0.0,18,0.055802161279487415,0.18471738484933095,1.8083165429035024
173,main,1.35,bounded_adaptation,True,False,False,False,False,21,1.0423315113202762,1.9637012342031235e-09,1.5993623122930378,0.9459841473389681,0.0,18,0.02393610572633079,0.1443076948390544,0.9620526790803086
174,main,1.35,action_only_bc,False,False,False,False,False,58,0.006050708700507602,0.1538586242923473,1.7006437917002535,1.0014101976425984,0.0,40,0.03931407734269707,0.37375807547138323,0.9994019914626153
174,main,1.35,force_conditioned_bc,False,False,False,False,False,58,0.09463714668729112,0.033318835364163454,1.7487729851208975,1.0379099593346512,0.0,55,0.10266009359172035,0.22186791296496186,1.9054986069634994
174,main,1.35,future_wrench_aux,False,False,False,False,False,58,0.09463714668729112,0.033318835364163454,1.7487729851208975,1.0379099593346512,0.0,55,0.10266009359172035,0.22186791296496186,1.9054986069634994
174,main,1.35,critic_reranking,False,False,False,False,False,58,0.11752028601664342,0.036496429622328894,1.7487729851208975,1.0379099593346512,0.0,55,0.10407881957701828,0.2335266946069102,1.9131118456803402
174,main,1.35,bounded_adaptation,True,False,False,False,False,24,1.0150006143114694,4.356279449504715e-19,1.7487729851208975,1.0379099593346512,0.0,21,0.011619700286298941,0.15202103053648194,1.0458720122645033
175,main,1.35,action_only_bc,False,False,False,False,False,58,0.006050708700507602,0.14899148662002687,1.5037889835645677,0.9339502733946936,0.0,40,0.03931407734269707,0.3390538721919906,0.9994019914626153
175,main,1.35,force_conditioned_bc,True,False,False,False,False,23,1.047271860880521,0.019228685825474247,1.5475012856971861,0.9679912313271996,0.0,20,0.022715646299831298,0.10735061893129133,1.652059306961176
175,main,1.35,future_wrench_aux,True,False,False,False,False,23,1.047271860880521,0.019228685825474247,1.5475012856971861,0.9679912313271996,0.0,20,0.022715646299831298,0.10735061893129133,1.652059306961176
175,main,1.35,critic_reranking,True,False,False,False,False,20,1.0545165167675505,0.02508766077873458,1.5475012856971861,0.9679912313271996,0.0,17,0.0371979832104017,0.14188997173411827,1.7405878304656404
175,main,1.35,bounded_adaptation,True,False,False,False,False,20,1.0329379857137178,1.4656615596198873e-13,1.5475012856971861,0.9679912313271996,0.0,17,0.014005349902232348,0.12074790610807269,1.0270323046517957
176,main,1.35,action_only_bc,False,False,True,False,False,58,0.006050708700507602,0.1888813775208002,2.2395647466015105,1.265866508499219,0.039564746601510326,40,0.03931407734269707,0.5277384229374701,0.9994019914626153
176,main,1.35,force_conditioned_bc,False,False,True,True,False,58,0.11768914843763081,0.0400295612525825,2.3074317404266242,1.3120052696212248,0.10743174042662407,55,0.1015438975685143,0.23553929146405772,1.937515098533669
176,main,1.35,future_wrench_aux,False,False,True,False,False,58,0.32635022350299775,0.04034639683888783,2.3074317404266242,1.3120052696212248,0.10743174042662407,55,0.09029358396038739,0.22849588908783433,2.003007132616627
176,main,1.35,critic_reranking,False,False,True,False,False,58,0.12443718136889025,0.03901848950100662,2.3074317404266242,1.3120052696212248,0.10743174042662407,54,0.11395365591855211,0.2458238907186997,1.9246001884724069
176,main,1.35,bounded_adaptation,True,False,True,False,False,24,1.0025810315162833,2.097573356351847e-20,2.3074317404266242,1.3120052696212248,0.10743174042662407,20,0.015148342965660828,0.18441040343392176,1.2973581589500194
177,main,1.35,action_only_bc,False,False,False,False,False,58,0.006050708700507602,0.17545324229885426,2.1457983461476857,1.2184086780303274,0.0,40,0.03931407734269707,0.4944063256208437,0.9994019914626153
177,main,1.35,force_conditioned_bc,False,False,True,False,False,58,0.16203117885258603,0.03357911382917857,2.210019751023193,1.2628176789535515,0.010019751023192747,55,0.10538583141092656,0.23842290359872978,1.8342174999640832
177,main,1.35,future_wrench_aux,False,False,True,False,False,58,0.1379385341219854,0.04048917812556312,2.210019751023193,1.2628176789535515,0.010019751023192747,55,0.09912287566722722,0.23683810591226745,1.9608568368307797
177,main,1.35,critic_reranking,False,False,True,False,False,58,0.09538306457560627,0.03675636438289134,2.210019751023193,1.2628176789535515,0.010019751023192747,54,0.11107670467046293,0.2445960194155223,1.952733976734193
177,main,1.35,bounded_adaptation,True,False,True,False,False,26,1.0498538988268922,5.34880302133105e-30,2.210019751023193,1.2628176789535515,0.010019751023192747,22,0.013679731720835893,0.1766526858991302,1.310053907955575
178,main,1.35,action_only_bc,False,False,False,False,False,58,0.006050708700507602,0.14673876300438474,1.5683191792624016,0.9215684225797441,0.0,40,0.03931407734269707,0.34288083071695696,0.9994019914626153
178,main,1.35,force_conditioned_bc,False,False,False,False,False,58,0.14966461893737196,0.029215488862791905,1.611621027412857,0.9551580823278335,0.0,55,0.09923969509757632,0.2185247192068531,1.764307715791018
178,main,1.35,future_wrench_aux,False,False,False,False,False,58,0.14966461893737196,0.029215488862791905,1.611621027412857,0.9551580823278335,0.0,55,0.09923969509757632,0.2185247192068531,1.764307715791018
178,main,1.35,critic_reranking,False,False,False,False,False,58,0.23885670099044398,0.038217860938829167,1.611621027412857,0.9551580823278335,0.0,55,0.09904521348558909,0.22873562577633463,1.9283441317990473
178,main,1.35,bounded_adaptation,True,False,False,False,False,24,1.0426167840413505,5.515794457911143e-18,1.611621027412857,0.9551580823278335,0.0,21,0.011774366024432313,0.14866116873703553,0.9826265404592625
179,main,1.35,action_only_bc,False,False,False,False,False,58,0.006050708700507602,0.16828114572817973,1.1698544216785998,0.4016761482244188,0.0,40,0.03931407734269707,0.19910179466490519,0.9994019914626153
179,main,1.35,force_conditioned_bc,True,False,False,True,True,30,1.0337326693185795,2.9745076530412596e-13,1.2007976684984074,0.41631658600115257,0.0,27,0.008631520198051967,0.06453613903158682,0.6940100432118821
179,main,1.35,future_wrench_aux,True,False,False,True,True,30,1.0335644022661339,2.992530451312532e-13,1.2007976684984074,0.41631658600115257,0.0,27,0.008614899039782768,0.06450129424314488,0.6940920177596632
179,main,1.35,critic_reranking,True,False,False,False,False,25,1.0149059928466755,1.2463233942835098e-10,1.2007976684984074,0.41631658600115257,0.0,22,0.009878026813621647,0.07042904886167337,0.5593798796442064
179,main,1.35,bounded_adaptation,True,False,False,False,False,25,1.04926599168464,2.884774118883619e-17,1.2007976684984074,0.41631658600115257,0.0,22,0.010305435721172219,0.07507743465526454,0.5255625519027891
180,main,1.35,action_only_bc,False,False,True,False,False,58,0.013420818336503978,0.2330899845576332,2.61554753819036,1.4869034298907449,2.8757282107208892,41,0.0465310261944942,0.7522407581379106,0.9994019914626153
180,main,1.35,force_conditioned_bc,False,False,False,False,False,58,0.09222206565023167,0.03671639936957216,1.976917928151778,1.052156782629687,0.0,55,0.11092797803063617,0.23017014585934092,1.954610072870732
180,main,1.35,future_wrench_aux,False,False,False,False,False,58,0.08873993731501237,0.03361568915476101,1.976917928151778,1.052156782629687,0.0,55,0.10954030067524345,0.22999792500906518,1.9303708604747212
180,main,1.35,critic_reranking,False,False,False,False,False,58,0.11541837062868497,0.03837870937445702,1.976917928151778,1.052156782629687,0.0,55,0.11204755774810712,0.2571073836145294,1.9272820678039166
180,main,1.35,bounded_adaptation,True,False,False,False,False,22,1.004276220867495,8.095852305002442e-13,1.976917928151778,1.052156782629687,0.0,19,0.02214219784079152,0.18472583783764177,0.9448332688712561
181,main,1.35,action_only_bc,False,False,False,False,False,58,0.006050708700507602,0.17157101352143805,1.1274343396283062,0.2765635274475646,0.0,40,0.03931407734269707,0.17535175156717658,0.9994019914626153
181,main,1.35,force_conditioned_bc,True,False,False,True,True,29,1.021415779782684,1.1499342139420364e-07,1.1568574221786954,0.28664381509423825,0.0,26,0.008207940456523163,0.06616787692017119,0.665548106627285
181,main,1.35,future_wrench_aux,True,False,False,True,True,29,1.021415779782684,1.1499342139420364e-07,1.1568574221786954,0.28664381509423825,0.0,26,0.008207940456523163,0.06616787692017119,0.665548106627285
181,main,1.35,critic_reranking,True,False,False,False,False,25,1.0220678775574874,2.136352652023972e-06,1.1568574221786954,0.28664381509423825,0.0,22,0.009159423484921289,0.0699944848018861,0.5629294045555134
181,main,1.35,bounded_adaptation,True,False,False,False,False,25,1.0254456645686616,3.73780670948995e-08,1.1568574221786954,0.28664381509423825,0.0,22,0.009135089186378799,0.07135551834766676,0.6783080954124003
182,main,1.35,action_only_bc,False,False,True,False,False,58,0.013420818336503978,0.22881976997401515,2.398519589893638,1.402357852163594,0.8615007304755262,41,0.0465310261944942,0.6566563088376365,0.9994019914626153
182,main,1.35,force_conditioned_bc,True,False,False,False,False,24,1.0106503563412272,0.016120888952009124,1.8088841092002137,0.9923309719827215,0.0,21,0.03313737334619546,0.12885960984087344,1.6564968592925038
182,main,1.35,future_wrench_aux,True,False,False,False,False,24,1.0106503563412272,0.016120888952009124,1.8088841092002137,0.9923309719827215,0.0,21,0.03313737334619546,0.12885960984087344,1.6564968592925038
182,main,1.35,critic_reranking,True,False,False,False,False,21,1.0414020914458488,0.01766503951612952,1.8088841092002137,0.9923309719827215,0.0,18,0.040047895491192,0.1405127343896504,1.6691571093553683
182,main,1.35,bounded_adaptation,True,False,False,False,False,22,1.012797573849273,1.9574958992775407e-30,1.8088841092002137,0.9923309719827215,0.0,18,0.024121330854385916,0.13950071360848723,1.2110793005186906
183,main,1.35,action_only_bc,False,False,False,False,False,58,0.006050708700507602,0.18904870527300083,2.1575096549581163,1.1793067886496493,0.0,40,0.03931407734269707,0.49240308666428284,0.9994019914626153
183,main,1.35,force_conditioned_bc,False,False,True,True,False,58,0.300261479267104,0.03235321220890772,2.2232394029662257,1.222290589742211,0.02323940296622551,55,0.08910855678239106,0.23879478397563744,1.8420016873453133
183,main,1.35,future_wrench_aux,False,False,True,False,False,58,0.6023308475779348,0.03235321220819378,2.2232394029662257,1.222290589742211,0.02323940296622551,55,0.08024822347020917,0.21629601200657106,1.8420009745346135
183,main,1.35,critic_reranking,False,False,True,False,False,58,0.33965821114423017,0.03235321220894517,2.2232394029662257,1.222290589742211,0.02323940296622551,54,0.0999580022963323,0.23986009617923773,1.8420017762944352
183,main,1.35,bounded_adaptation,True,False,True,False,False,23,1.064075906215189,3.734996808321237e-18,2.2232394029662257,1.222290589742211,0.02323940296622551,19,0.01583709946678415,0.16798280293553283,1.2395308547062225
184,main,1.35,action_only_bc,False,False,True,False,False,58,0.013420818336503978,0.22724180450762532,2.427540665021624,1.4744683103340417,1.0607396554217492,41,0.0465310261944942,0.6751353537322932,0.9994019914626153
184,main,1.35,force_conditioned_bc,False,False,False,False,False,58,0.1366177739930363,0.03692698297735353,1.844828371815158,1.0433574920225237,0.0,55,0.10379985824838411,0.22163372256665595,1.891155466661394
184,main,1.35,future_wrench_aux,False,False,False,False,False,58,0.1366177739930363,0.03692698297735353,1.844828371815158,1.0433574920225237,0.0,55,0.10379985824838411,0.22163372256665595,1.891155466661394
184,main,1.35,critic_reranking,False,False,False,False,False,58,0.18127473299656965,0.037349605120939364,1.844828371815158,1.0433574920225237,0.0,55,0.10382911741739358,0.24788055846754273,1.9383522434981773
184,main,1.35,bounded_adaptation,True,False,False,False,False,24,1.02603167804461,3.3968883550779434e-13,1.844828371815158,1.0433574920225237,0.0,21,0.02043823484504575,0.18092941837761103,0.9738474622730083
185,main,1.35,action_only_bc,False,False,True,False,False,58,0.013420818336503978,0.22618535351907906,2.6620670113428164,1.55571973592875,3.402276414946346,41,0.0465310261944942,0.7765065594628654,0.9994019914626153
185,main,1.35,force_conditioned_bc,False,False,False,False,False,58,0.14242686050086925,0.037505402978208986,2.018118561069082,1.1008523076368002,0.0,55,0.11060252352556599,0.23753344845277796,1.85555768249955
185,main,1.35,future_wrench_aux,False,False,False,False,False,58,0.14173518612735286,0.028357798534770877,2.018118561069082,1.1008523076368002,0.0,55,0.10815968856542962,0.23765367537595544,1.7710465511338376
185,main,1.35,critic_reranking,False,False,False,False,False,58,0.08690677607125452,0.03893795243194888,2.018118561069082,1.1008523076368002,0.0,55,0.11225142786405178,0.2716456034302397,1.9877132794248862
185,main,1.35,bounded_adaptation,True,False,False,False,False,24,1.0119653259067616,6.290912399373244e-14,2.018118561069082,1.1008523076368002,0.0,21,0.019970956540672883,0.19367617501760268,1.0089237427347522
186,main,1.35,action_only_bc,False,False,False,False,False,58,0.006050708700507602,0.14195615009906704,1.5358131466407106,0.8265633280568289,0.0,40,0.03931407734269707,0.3202532747218526,0.9994019914626153
186,main,1.35,force_conditioned_bc,True,False,False,False,False,30,1.0266900016506497,0.007997726229551017,1.5777067743456452,0.8566902076996421,0.0,27,0.01698186871640145,0.12172035064764027,1.524000456653947
186,main,1.35,future_wrench_aux,True,False,False,False,False,30,1.0266900016506497,0.007997726229551017,1.5777067743456452,0.8566902076996421,0.0,27,0.01698186871640145,0.12172035064764027,1.524000456653947
186,main,1.35,critic_reranking,True,False,False,False,False,25,1.040479197327429,0.005937047227052868,1.5777067743456452,0.8566902076996421,0.0,22,0.01717930636657759,0.15932835677677765,1.2893128580821054
186,main,1.35,bounded_adaptation,True,False,False,False,False,26,1.047196440980158,7.949206111481979e-16,1.5777067743456452,0.8566902076996421,0.0,23,0.01035077937853725,0.14394271373042875,0.9153636522357805
187,main,1.35,action_only_bc,False,False,False,False,False,58,0.013420818336503978,0.19866726640362212,1.4202285497772726,0.4996667923220284,0.0,41,0.0465310261944942,0.25802090160598873,0.9994019914626153
187,main,1.35,force_conditioned_bc,True,False,False,True,True,22,1.02781888002263,2.855515961091375e-10,1.0966090754749398,0.35357225898326894,0.0,19,0.017507956136461715,0.09290475622365323,0.49292576828675244
187,main,1.35,future_wrench_aux,True,False,False,True,True,22,1.02781888002263,2.855515961091375e-10,1.0966090754749398,0.35357225898326894,0.0,19,0.017507956136461715,0.09290475622365323,0.49292576828675244
187,main,1.35,critic_reranking,True,False,False,False,False,21,1.08,2.7911552773276708e-09,1.0966090754749398,0.35357225898326894,0.0,18,0.017196745821862286,0.08118897373017245,0.5381345965560115
187,main,1.35,bounded_adaptation,True,False,False,False,False,19,1.0205300302662967,6.291727666004208e-22,1.0966090754749398,0.35357225898326894,0.0,16,0.01805149985489552,0.08753699257019432,0.607235547780616
188,main,1.35,action_only_bc,False,False,False,False,False,58,0.007192373636141169,0.11895047124552484,0.7718783526910322,0.22890401363435225,0.0,47,0.017853776942751684,0.11033752018568882,0.9994019914626153
188,main,1.35,force_conditioned_bc,True,False,False,True,True,27,1.0338244060333786,1.7548817062967343e-09,0.8006259434445986,0.24053348565181717,0.0,24,0.006836858444054785,0.056195771317905194,0.5830155896315248
188,main,1.35,future_wrench_aux,True,False,False,True,True,27,1.0338244060333786,1.7548817062967343e-09,0.8006259434445986,0.24053348565181717,0.0,24,0.006836858444054785,0.056195771317905194,0.5830155896315248
188,main,1.35,critic_reranking,True,False,False,False,False,23,1.0449811834337808,5.853878285575877e-08,0.8006259434445986,0.24053348565181717,0.0,20,0.008204264986102845,0.05741204427869137,0.6022856787406616
188,main,1.35,bounded_adaptation,True,False,False,False,False,22,1.0138826319062788,6.2966212226429656e-12,0.8006259434445986,0.24053348565181717,0.0,19,0.00868704935127322,0.057396409680064986,0.6051593371411392
189,main,1.35,action_only_bc,False,False,True,False,False,58,0.013420818336503978,0.22025788910287675,2.382334203999584,1.5060632669404446,0.7731061190064783,41,0.0465310261944942,0.6612978272616469,0.9994019914626153
189,main,1.35,force_conditioned_bc,False,False,False,False,False,58,0.10136986164608755,0.04326540180049092,1.818846757497658,1.0657145914965362,0.0,55,0.10889851451809113,0.23420123123903183,1.9952193400628395
189,main,1.35,future_wrench_aux,False,False,False,False,False,58,0.10136986164608755,0.04326540180049092,1.818846757497658,1.0657145914965362,0.0,55,0.10889851451809113,0.23420123123903183,1.9952193400628395
189,main,1.35,critic_reranking,False,False,False,False,False,58,0.10559370598833445,0.03437721297017308,1.818846757497658,1.0657145914965362,0.0,55,0.11057059424962168,0.2613715943625944,1.9011206311410485
189,main,1.35,bounded_adaptation,True,False,False,False,False,25,1.0081140733165377,2.8877725209948853e-13,1.818846757497658,1.0657145914965362,0.0,22,0.019533932782099823,0.18371390293778345,0.979186660018921
190,main,1.35,action_only_bc,False,False,False,False,False,58,0.006050708700507602,0.17018205830119676,1.1453232893257665,0.32518798335598353,0.0,40,0.03931407734269707,0.18710783960079008,0.9994019914626153
190,main,1.35,force_conditioned_bc,True,False,False,True,True,23,1.0272692419877818,3.8954887226875384e-07,1.1773848535458953,0.3370405527881243,0.0,20,0.010757401585637935,0.10226317972624964,0.6608357616293744
190,main,1.35,future_wrench_aux,True,False,False,True,True,23,1.0272692419877818,3.8954887226875384e-07,1.1773848535458953,0.3370405527881243,0.0,20,0.010757401585637935,0.10226317972624964,0.6608357616293744
190,main,1.35,critic_reranking,True,False,False,False,False,21,1.0371803080735646,2.796477120307226e-06,1.1773848535458953,0.3370405527881243,0.0,18,0.011573531136978666,0.09868877603539919,0.47190914646596765
190,main,1.35,bounded_adaptation,True,False,False,False,False,20,1.08,2.6626781794900186e-11,1.1773848535458953,0.3370405527881243,0.0,17,0.012447188434906404,0.09759712834762599,0.5841162854461606
191,main,1.35,action_only_bc,False,False,False,False,False,58,0.006050708700507602,0.15180131808548536,1.775993779872157,0.8963650451240027,0.0,40,0.03931407734269707,0.36101007190835277,0.9994019914626153
191,main,1.35,force_conditioned_bc,False,False,False,False,False,58,0.19820962538228082,0.030629046078814677,1.8244659738537021,0.9290360830394656,0.0,55,0.08744806678277153,0.22995446610449974,1.7978247560052294
191,main,1.35,future_wrench_aux,False,False,False,False,False,58,0.41254423937853346,0.030629046069468115,1.8244659738537021,0.9290360830394656,0.0,55,0.07837978480701455,0.22597703692506158,1.797824528706382
191,main,1.35,critic_reranking,True,False,False,False,False,32,1.0002680083552369,0.03059872155326406,1.8244659738537021,0.9290360830394656,0.0,29,0.05311023589158108,0.18919553753884838,1.794969039855375
191,main,1.35,bounded_adaptation,True,False,False,False,False,27,1.0161049181128292,1.2746471728746249e-23,1.8244659738537021,0.9290360830394656,0.0,24,0.01043280557437934,0.17349662019854328,0.9561664736365993
192,main,1.35,action_only_bc,False,False,False,False,False,58,0.006050708700507602,0.1758615348787806,1.2445464461054816,0.3750810239228277,0.0,40,0.03931407734269707,0.2097095151840028,0.9994019914626153
192,main,1.35,force_conditioned_bc,True,False,False,True,True,21,1.0478316021773226,3.133580988812731e-08,1.2800552998768477,0.38875211297367085,0.0,18,0.012543720818004098,0.1052333187913083,0.5635049708877926
192,main,1.35,future_wrench_aux,True,False,False,True,True,21,1.0452637099655864,3.336113329299327e-08,1.2800552998768477,0.38875211297367085,0.0,18,0.01232078598441168,0.10474332588247771,0.6303906989208174
192,main,1.35,critic_reranking,True,False,False,False,False,19,1.0527881203767393,3.1089104897278917e-07,1.2800552998768477,0.38875211297367085,0.0,16,0.012798182342510286,0.09626569372330207,0.5866245992258065
192,main,1.35,bounded_adaptation,True,False,False,False,False,18,1.0063863729833655,4.095591625964165e-09,1.2800552998768477,0.38875211297367085,0.0,15,0.013547430964072241,0.0985576338684035,0.6302968342805533
193,main,1.35,action_only_bc,False,False,False,False,False,58,0.006050708700507602,0.1551291873280327,1.1027258317890969,0.27701943933487766,0.0,40,0.03931407734269707,0.17172189053651848,0.9994019914626153
193,main,1.35,force_conditioned_bc,True,False,False,True,True,28,1.009694471072362,2.164695997746921e-08,1.1313647463356395,0.28711634422319576,0.0,25,0.0081398909042777,0.06773820798568421,0.8066016708103447
193,main,1.35,future_wrench_aux,True,False,False,True,True,28,1.009694471072362,2.164695997746921e-08,1.1313647463356395,0.28711634422319576,0.0,25,0.0081398909042777,0.06773820798568421,0.8066016708103447
193,main,1.35,critic_reranking,True,False,False,False,False,24,1.0462538349959227,4.020720253237622e-07,1.1313647463356395,0.28711634422319576,0.0,21,0.009529329189865104,0.06901688721599637,0.5878874535153855
193,main,1.35,bounded_adaptation,True,False,False,False,False,23,1.020523336916797,6.816677109520754e-15,1.1313647463356395,0.28711634422319576,0.0,20,0.010077801917523867,0.07354015332866172,0.5094475272294532
194,main,1.35,action_only_bc,False,False,False,False,False,58,0.006050708700507602,0.14859345211253253,0.9684361935951223,0.34662526780461017,0.0,40,0.03931407734269707,0.1584250221331673,0.9994019914626153
194,main,1.35,force_conditioned_bc,True,False,False,False,False,33,1.0370801386970336,1.1808217324993353e-12,0.9922580268860988,0.35925919114700816,0.0,30,0.006371726785287307,0.05736281469652032,0.44192787610517326
194,main,1.35,future_wrench_aux,True,False,False,False,False,33,1.0370801386970336,1.1808217324993353e-12,0.9922580268860988,0.35925919114700816,0.0,30,0.006371726785287307,0.05736281469652032,0.44192787610517326
194,main,1.35,critic_reranking,True,False,False,False,False,27,1.0157830879681469,5.232156926639361e-10,0.9922580268860988,0.35925919114700816,0.0,24,0.008902061006022779,0.06299549593966354,0.5974895513486715
194,main,1.35,bounded_adaptation,True,False,False,False,False,26,1.0214160183908931,3.2988397889514544e-25,0.9922580268860988,0.35925919114700816,0.0,23,0.010013263591680532,0.0676686560133472,0.5981154665187636
195,main,1.35,action_only_bc,False,False,True,False,False,58,0.006050708700507602,0.1838443832636791,2.208443069602472,1.1197015765089744,0.008443069602471986,40,0.03931407734269707,0.49905986325226065,0.9994019914626153
195,main,1.35,force_conditioned_bc,False,False,True,False,False,58,0.17874625578559977,0.037523789961437286,2.272872731192465,1.1605128652346155,0.07287273119246462,55,0.09246579237081931,0.24314253799169708,1.901549227163367
195,main,1.35,future_wrench_aux,True,False,True,False,False,28,1.003356173453663,0.009527247920861221,2.272872731192465,1.1605128652346155,0.07287273119246462,25,0.012289290354357304,0.18913731068870374,1.3277000705742523
195,main,1.35,critic_reranking,False,False,True,False,False,58,0.32947386272458096,0.03752378996143752,2.272872731192465,1.1605128652346155,0.07287273119246462,54,0.10466030528363944,0.2577236859634291,1.9015495710744394
195,main,1.35,bounded_adaptation,True,False,True,False,False,27,1.0490430410534135,3.698478104748463e-17,2.272872731192465,1.1605128652346155,0.07287273119246462,23,0.01302614409175451,0.20026000280283918,1.252169398306944
196,main,1.35,action_only_bc,False,False,False,False,False,58,0.013420818336503978,0.21784037972554027,1.3375196207203333,0.4016573171822702,0.0,41,0.0465310261944942,0.22924013062777274,0.9994019914626153
196,main,1.35,force_conditioned_bc,True,False,False,True,True,29,1.0296444914307312,5.537427875318196e-08,1.0482463614909168,0.28421917797124285,0.0,26,0.014034609899386721,0.08404579592965325,0.7165101901496007
196,main,1.35,future_wrench_aux,True,False,False,True,True,29,1.0296444914307312,5.537427875318196e-08,1.0482463614909168,0.28421917797124285,0.0,26,0.014034609899386721,0.08404579592965325,0.7165101901496007
196,main,1.35,critic_reranking,True,False,False,True,True,26,1.0389536790066332,1.0132215422673605e-06,1.0482463614909168,0.28421917797124285,0.0,23,0.016475895993502063,0.0712510348750674,0.6508014156378313
196,main,1.35,bounded_adaptation,True,False,False,True,True,25,1.045745698630502,3.2284203067169436e-08,1.0482463614909168,0.28421917797124285,0.0,22,0.014688628487903798,0.07143360105807238,0.782166127314019
197,main,1.35,action_only_bc,False,False,True,False,False,58,0.013420818336503978,0.21072932646896889,2.349092723223379,1.3794096081651859,0.57229192169856,41,0.0465310261944942,0.6361384542657068,0.9994019914626153
197,main,1.35,force_conditioned_bc,False,False,False,False,False,58,0.09669550274261485,0.029160532099552113,1.7708990466586085,0.9760924254255049,0.0,55,0.10622269502917789,0.2267032621566737,1.8635105203088393
197,main,1.35,future_wrench_aux,False,False,False,False,False,58,0.09669550274261485,0.029160532099552113,1.7708990466586085,0.9760924254255049,0.0,55,0.10622269502917789,0.2267032621566737,1.8635105203088393
197,main,1.35,critic_reranking,False,False,False,False,False,58,0.3134544622363753,0.03606777409254468,1.7708990466586085,0.9760924254255049,0.0,55,0.10561839710695273,0.2367379050325255,1.9234108932291807
197,main,1.35,bounded_adaptation,True,False,False,False,False,20,1.050208297603776,7.992997618836518e-16,1.7708990466586085,0.9760924254255049,0.0,17,0.020446170528756795,0.13506735454415622,1.1336205441120344
198,main,1.35,action_only_bc,False,False,True,False,False,58,0.013420818336503978,0.24087905045898264,2.7554357389164363,1.474607877899561,4.686817832615565,41,0.0465310261944942,0.8212770567840917,0.9994019914626153
198,main,1.35,force_conditioned_bc,False,False,False,True,False,58,0.12179037063570362,0.024666895532067135,2.1011017547948234,1.0434562522767168,0.0,55,0.09990100915175563,0.22894799088173737,1.7532271795012173
198,main,1.35,future_wrench_aux,False,False,False,False,False,58,0.1394594839933893,0.03586482721920579,2.1011017547948234,1.0434562522767168,0.0,55,0.09539012582647341,0.23719268153039214,1.8849556422488378
198,main,1.35,critic_reranking,False,False,False,False,False,58,0.6128638235333566,0.03586482721920538,2.1011017547948234,1.0434562522767168,0.0,55,0.09630088216837157,0.2603888114276374,1.8849555929143444
198,main,1.35,bounded_adaptation,True,False,False,False,False,27,1.0261962133794607,2.3462162465262037e-17,2.1011017547948234,1.0434562522767168,0.0,23,0.020632123139331722,0.2137023123737096,1.2611211403745313
199,main,1.35,action_only_bc,False,False,False,False,False,58,0.006574691704597176,0.13419835316559933,1.4398419208775883,0.7918553110743262,0.0,47,0.01785638648925037,0.2686101387774013,0.9994019914626153
199,main,1.35,force_conditioned_bc,True,False,False,False,False,28,1.004514918456608,0.019472286384412965,1.5059777468690092,0.8346354653439609,0.0,25,0.04540681408519046,0.12567127341316056,1.6761208848785634
199,main,1.35,future_wrench_aux,True,False,False,False,False,27,1.0112491243362414,0.018647889146870364,1.5059777468690092,0.8346354653439609,0.0,24,0.03623142915380361,0.11796919373468032,1.6707906152394203
199,main,1.35,critic_reranking,True,False,False,False,False,21,1.0152191367603058,0.0019329796023418268,1.5059777468690092,0.8346354653439609,0.0,18,0.013865806304365772,0.13432235952593327,1.01575421183783
199,main,1.35,bounded_adaptation,True,False,False,False,False,22,1.047671655528167,3.141886572605313e-13,1.5059777468690092,0.8346354653439609,0.0,19,0.012376157884116203,0.12438584608886405,0.9378067275944625
200,main,1.35,action_only_bc,False,False,True,False,False,58,0.006050708700507602,0.18213977890073596,2.2938624388026763,1.2689612390500034,0.09386243880267608,40,0.03931407734269707,0.5447764049634813,0.9994019914626153
200,main,1.35,force_conditioned_bc,False,False,True,True,False,58,0.11838837113258238,0.0451043396707089,2.361546414999026,1.3152127980323374,0.16154641499902578,55,0.10546259650322866,0.25956136793906565,1.9450284769298658
200,main,1.35,future_wrench_aux,False,False,True,False,False,58,0.13188791849792847,0.04721322348436937,2.361546414999026,1.3152127980323374,0.16154641499902578,55,0.10197221090602086,0.2635854680295174,1.9999712862145904
200,main,1.35,critic_reranking,False,False,True,False,False,58,0.08363101058833693,0.038744911354280404,2.361546414999026,1.3152127980323374,0.16154641499902578,54,0.11355535105559418,0.2575708918631169,1.9602532642508392
200,main,1.35,bounded_adaptation,True,False,True,False,False,27,1.000891590279961,2.9590214964371715e-21,2.361546414999026,1.3152127980323374,0.16154641499902578,23,0.012870964885786528,0.20867628183974588,1.3329008737299084
201,main,1.35,action_only_bc,False,False,False,False,False,58,0.013420818336503978,0.2298577732541296,1.5428969683072118,0.5487363580536795,0.0,41,0.0465310261944942,0.28386138718324605,0.9994019914626153
201,main,1.35,force_conditioned_bc,True,False,False,True,True,30,1.0037287669416124,5.8476757624895536e-12,1.2004069412745777,0.3882946729392604,0.0,27,0.013461518191597967,0.0738760947450101,0.44972393123450677
201,main,1.35,future_wrench_aux,True,False,False,True,True,30,1.0037287669416124,5.8476757624895536e-12,1.2004069412745777,0.3882946729392604,0.0,27,0.013461518191597967,0.0738760947450101,0.44972393123450677
201,main,1.35,critic_reranking,True,False,False,False,False,27,1.0443153202797826,4.718319642769265e-10,1.2004069412745777,0.3882946729392604,0.0,24,0.016237462000050936,0.07194177239839906,0.5272733668240268
201,main,1.35,bounded_adaptation,True,False,False,False,False,24,1.0096683954291132,3.4502873745323656e-16,1.2004069412745777,0.3882946729392604,0.0,21,0.015997888814145753,0.07091535222909934,0.5500154524376196
202,main,1.35,action_only_bc,False,False,False,False,False,58,0.013420818336503978,0.19417459564803152,1.345440311562023,0.3787032700583923,0.0,41,0.0465310261944942,0.22806093966884855,0.9994019914626153
202,main,1.35,force_conditioned_bc,True,False,False,True,True,22,1.0250174117094586,1.3977143609633382e-06,1.0386877472741336,0.2679765250291052,0.0,19,0.01609545284656834,0.10474592032720649,0.5948480810694994
202,main,1.35,future_wrench_aux,True,False,False,True,True,22,1.0250174117094586,1.3977143609633382e-06,1.0386877472741336,0.2679765250291052,0.0,19,0.01609545284656834,0.10474592032720649,0.5948480810694994
202,main,1.35,critic_reranking,True,False,False,True,True,20,1.0078118988460494,7.913417784008439e-06,1.0386877472741336,0.2679765250291052,0.0,17,0.022680132014828054,0.1046406100352113,0.5939961937503772
202,main,1.35,bounded_adaptation,True,False,False,False,False,20,1.08,3.3819545697170064e-10,1.0386877472741336,0.2679765250291052,0.0,18,0.011888392249658928,0.08283025122065871,0.5869766048261851
203,main,1.35,action_only_bc,False,False,False,False,False,58,0.006050708700507602,0.15236334385504055,2.0016875193652113,1.0853285305041591,0.0,40,0.03931407734269707,0.43765340228314487,0.9994019914626153
203,main,1.35,force_conditioned_bc,False,False,False,False,False,58,0.12730506365583938,0.0397572195847105,2.0582274743072886,1.1248869779957495,0.0,55,0.10520826042512339,0.24533136072218523,1.855891236707162
203,main,1.35,future_wrench_aux,False,False,False,False,False,58,0.07089708734063813,0.0288562588643254,2.0582274743072886,1.1248869779957495,0.0,55,0.10737898690163453,0.25458328847785167,1.9088504970654996
203,main,1.35,critic_reranking,False,False,False,False,False,58,0.07968380119401805,0.03891733424233391,2.0582274743072886,1.1248869779957495,0.0,55,0.11250109262688153,0.2522179939160022,1.9602905987979031
203,main,1.35,bounded_adaptation,True,False,False,False,False,28,1.0430633816128128,8.804256905738168e-23,2.0582274743072886,1.1248869779957495,0.0,25,0.010085424879381745,0.19471016273226655,1.0899778290742492
204,main,1.35,action_only_bc,False,False,True,False,False,58,0.013420818336503978,0.2101785764211366,2.2319564831350736,1.3732915484734318,0.090132978310411,41,0.0465310261944942,0.5981654543353145,0.9994019914626153
204,main,1.35,force_conditioned_bc,False,False,False,False,False,58,0.14050907166269722,0.027935344190758243,1.7205264858296827,0.9717631879835779,0.0,55,0.10230566922600524,0.21452744767531062,1.775431388194579
204,main,1.35,future_wrench_aux,False,False,False,False,False,58,0.14050907166269722,0.027935344190758243,1.7205264858296827,0.9717631879835779,0.0,55,0.10230566922600524,0.21452744767531062,1.775431388194579
204,main,1.35,critic_reranking,False,False,False,False,False,58,0.13478283360738896,0.03775575822027612,1.7205264858296827,0.9717631879835779,0.0,55,0.09782218758662688,0.24009344089977175,1.9488874948157175
204,main,1.35,bounded_adaptation,True,False,False,False,False,27,1.0248260183830806,1.3269580116305401e-15,1.7205264858296827,0.9717631879835779,0.0,24,0.017711570624495597,0.18093417972317483,0.9831917457008196
205,main,1.35,action_only_bc,False,False,False,False,False,58,0.006050708700507602,0.16599503760613313,1.1790649641827275,0.36025338723812284,0.0,40,0.03931407734269707,0.1955664362403598,0.9994019914626153
205,main,1.35,force_conditioned_bc,True,False,False,True,True,28,1.0129339394186416,1.0189501622159879e-09,1.2115265656349032,0.37338403321506675,0.0,25,0.009062957064533812,0.08153957622312158,0.6715460231518188
205,main,1.35,future_wrench_aux,True,False,False,True,True,28,1.0125035895732732,1.0309146720859452e-09,1.2115265656349032,0.37338403321506675,0.0,25,0.009023625240570054,0.08140002503977138,0.6718099223402109
205,main,1.35,critic_reranking,True,False,False,False,False,24,1.0570339101991728,3.3141404244763235e-08,1.2115265656349032,0.37338403321506675,0.0,21,0.009970654037548236,0.0710861972050394,0.5269148951289295
205,main,1.35,bounded_adaptation,True,False,False,False,False,23,1.038302793510589,1.1032193205181253e-29,1.2115265656349032,0.37338403321506675,0.0,20,0.010981271199631291,0.07777502711489151,0.5836312347586411
206,main,1.35,action_only_bc,False,False,False,False,False,58,0.006050708700507602,0.17151445650275599,1.848570146824286,1.0955841471244006,0.0,40,0.03931407734269707,0.41095946312971243,0.9994019914626153
206,main,1.35,force_conditioned_bc,False,False,False,False,False,58,0.585685432474877,0.033283933375181735,1.9011421988718633,1.1355163950461493,0.0,55,0.07118447313735082,0.20748182686237743,1.8655814197944853
206,main,1.35,future_wrench_aux,False,False,False,False,False,58,0.585685432474877,0.033283933375181735,1.9011421988718633,1.1355163950461493,0.0,55,0.07118447313735082,0.20748182686237743,1.8655814197944853
206,main,1.35,critic_reranking,False,False,False,True,False,58,0.6937643548959491,0.03328393338015557,1.9011421988718633,1.1355163950461493,0.0,55,0.0859848999506436,0.23438167715096406,1.8655862507912795
206,main,1.35,bounded_adaptation,True,False,False,False,False,29,1.0428801137332886,4.265133062982249e-29,1.9011421988718633,1.1355163950461493,0.0,26,0.010209669617877273,0.171297815427997,1.1146740445109917
207,main,1.35,action_only_bc,False,False,False,False,False,58,0.006050708700507602,0.19132364910475996,2.1334862422007568,1.2997690961279764,0.0,40,0.03931407734269707,0.5021865215935531,0.9994019914626153
207,main,1.35,force_conditioned_bc,False,False,False,False,False,58,0.1326229690321949,0.042839174961098334,2.1971689576215523,1.3471435510466971,0.0,55,0.10163542718860627,0.24443544215600213,1.977034317714777
207,main,1.35,future_wrench_aux,False,False,False,False,False,58,0.10092118390543123,0.041950072898335584,2.1971689576215523,1.3471435510466971,0.0,55,0.10229769530810322,0.24528893522297557,2.011601211238315
207,main,1.35,critic_reranking,False,False,False,True,False,58,0.10654307566475359,0.0344125366180175,2.1971689576215523,1.3471435510466971,0.0,55,0.10479693994551322,0.25589675938582074,1.9173702980080214
207,main,1.35,bounded_adaptation,True,False,False,False,False,27,1.0485961104032664,6.995336300817474e-13,2.1971689576215523,1.3471435510466971,0.0,24,0.010794561149729633,0.1783936804935506,0.9233990578810013
208,main,1.35,action_only_bc,False,False,False,False,False,58,0.006880704062462939,0.1215727188680069,1.315877853025487,0.7811358854168752,0.0,47,0.017855090685418226,0.23897480856333048,0.9994019914626153
208,main,1.35,force_conditioned_bc,False,False,False,False,False,58,0.14653516709721595,0.027450120093341218,1.3729239607604482,0.822091677760329,0.0,55,0.09688511580157184,0.21480996470889427,1.7629264841217918
208,main,1.35,future_wrench_aux,False,False,False,False,False,58,0.14653516709721595,0.027450120093341218,1.3729239607604482,0.822091677760329,0.0,55,0.09688511580157184,0.21480996470889427,1.7629264841217918
208,main,1.35,critic_reranking,False,False,False,False,False,58,0.39149571430654123,0.03377289987236638,1.3729239607604482,0.822091677760329,0.0,55,0.09902612973815461,0.2394982796362019,1.8794615951867004
208,main,1.35,bounded_adaptation,True,False,False,False,False,25,1.0036064142470726,1.4602855109344848e-16,1.3729239607604482,0.822091677760329,0.0,22,0.010889431365910177,0.15104032193046377,1.0043174632340908
209,main,1.35,action_only_bc,False,False,False,False,False,58,0.013420818336503978,0.23420910385947888,1.7567444646292734,0.5946084201908292,0.0,41,0.0465310261944942,0.33772493125695513,0.9994019914626153
209,main,1.35,force_conditioned_bc,True,False,False,True,True,23,1.0733055659391297,7.580677802463681e-11,1.3360680689391518,0.42075448192252357,0.0,20,0.017967143084172663,0.10867385579428401,0.48110025566607245
209,main,1.35,future_wrench_aux,True,False,False,False,False,23,1.0186971470976403,2.408385564242274e-10,1.3360680689391518,0.42075448192252357,0.0,20,0.015441783476328573,0.10439771896760025,0.5406430412986396
209,main,1.35,critic_reranking,True,False,False,False,False,21,1.024702454295267,5.945005861563595e-09,1.3360680689391518,0.42075448192252357,0.0,18,0.021313034907574163,0.09910142354052724,0.5488821823971999
209,main,1.35,bounded_adaptation,True,False,False,False,False,20,1.0332815940428703,1.110557810473574e-12,1.3360680689391518,0.42075448192252357,0.0,17,0.02239138329634118,0.09967177014569868,0.5386894355764285
210,main,1.35,action_only_bc,False,False,False,False,False,58,0.013420818336503978,0.21282776685404295,2.165853750294506,1.3061339576428992,0.0,41,0.0465310261944942,0.5657177418770851,0.9994019914626153
210,main,1.35,force_conditioned_bc,False,False,False,False,False,58,0.33271439622200705,0.03182983218767023,1.6446658542209707,0.9242413965363645,0.0,55,0.09155320692402202,0.22882468953843274,1.8313471291140555
210,main,1.35,future_wrench_aux,False,False,False,False,False,58,0.33271439622200705,0.03182983218767023,1.6446658542209707,0.9242413965363645,0.0,55,0.09155320692402202,0.22882468953843274,1.8313471291140555
210,main,1.35,critic_reranking,True,False,False,False,False,20,1.0301781904780356,0.028007115909497685,1.6446658542209707,0.9242413965363645,0.0,17,0.04772887000317001,0.1823586049499343,1.7573101134884657
210,main,1.35,bounded_adaptation,True,False,False,False,False,21,1.0631031178824597,1.2823266807121724e-12,1.6446658542209707,0.9242413965363645,0.0,18,0.0233032130955334,0.15401874742612257,0.967711752093804
211,main,1.35,action_only_bc,False,False,False,False,False,58,0.006050708700507602,0.14553291548897396,0.9769799279528746,0.2887057309467047,0.0,40,0.03931407734269707,0.15491384022753227,0.9994019914626153
211,main,1.35,force_conditioned_bc,True,False,False,True,True,23,1.0475290463505862,3.7317876296985047e-07,1.0033927077784617,0.29922858202560443,0.0,20,0.010022355589634754,0.10361878236097768,0.6938590255008412
211,main,1.35,future_wrench_aux,True,False,False,True,True,23,1.0475290463505862,3.7317876296985047e-07,1.0033927077784617,0.29922858202560443,0.0,20,0.010022355589634754,0.10361878236097768,0.6938590255008412
211,main,1.35,critic_reranking,True,False,False,False,False,20,1.0170267322647257,4.445924155724245e-06,1.0033927077784617,0.29922858202560443,0.0,17,0.01130559758025005,0.09116197738004489,0.5204872010451821
211,main,1.35,bounded_adaptation,True,False,False,False,False,20,1.0683419095123592,4.136942554834523e-15,1.0033927077784617,0.29922858202560443,0.0,17,0.011854253743531787,0.09118494806662095,0.5784477007438538
212,main,1.35,action_only_bc,False,False,False,False,False,58,0.006050708700507602,0.17224861161268853,1.2224984201311164,0.28445936367784963,0.0,40,0.03931407734269707,0.19279638201126958,0.9994019914626153
212,main,1.35,force_conditioned_bc,True,False,False,True,True,24,1.0554082192771521,1.0453066925568724e-06,1.256548695552626,0.29482744162408614,0.0,21,0.009946735224166505,0.0913725510246552,0.804588404700872
212,main,1.35,future_wrench_aux,True,False,False,True,True,24,1.053942280043596,1.0745601228410241e-06,1.256548695552626,0.29482744162408614,0.0,21,0.009813126842225944,0.09072889088824998,0.6823794128679475
212,main,1.35,critic_reranking,True,False,False,False,False,21,1.0047721318515292,1.094690099052314e-05,1.256548695552626,0.29482744162408614,0.0,18,0.010806166492467172,0.09112423962342002,0.5035424821843103
212,main,1.35,bounded_adaptation,True,False,False,False,False,21,1.0415461904754912,7.942279670545801e-10,1.256548695552626,0.29482744162408614,0.0,18,0.010730671961965293,0.08931332621994859,0.5086985943886926
213,main,1.35,action_only_bc,False,False,False,False,False,58,0.006050708700507602,0.19155209381575228,1.3206594310065864,0.37658430284337363,0.0,40,0.03931407734269707,0.22097012722314682,0.9994019914626153
213,main,1.35,force_conditioned_bc,True,False,False,True,True,22,1.0231677787457343,1.6189011450458415e-06,1.3599214024498627,0.390310183948947,0.0,19,0.012641903711019451,0.12260175787515032,0.7008582774231884
213,main,1.35,future_wrench_aux,True,False,False,False,False,23,1.0338408579535727,1.2384790160143716e-06,1.3599214024498627,0.390310183948947,0.0,20,0.01001249755218035,0.11948865480294317,0.45542071668682904
213,main,1.35,critic_reranking,True,False,False,False,False,20,1.0205176427080533,1.0912295143208155e-05,1.3599214024498627,0.390310183948947,0.0,17,0.01249652929740302,0.10773951923996947,0.46066207593661024
213,main,1.35,bounded_adaptation,True,False,False,False,False,19,1.020988119239312,4.1248951053512414e-22,1.3599214024498627,0.390310183948947,0.0,16,0.015022384974538314,0.11532261866241984,0.5244932745774467
214,main,1.35,action_only_bc,False,False,False,False,False,58,0.006050708700507602,0.17459251267943218,1.9878364823198873,1.0155601735843796,0.0,40,0.03931407734269707,0.42340131954842053,0.9994019914626153
214,main,1.35,force_conditioned_bc,True,False,False,True,True,22,1.0031744417150967,0.0041188345982430185,2.0474349765136366,1.0525756787260592,0.0,19,0.015467555461754438,0.13733140599980773,1.06622084302378
214,main,1.35,future_wrench_aux,True,False,False,False,False,23,1.0376321615471165,0.006544774979244063,2.0474349765136366,1.0525756787260592,0.0,20,0.015528635685941152,0.13965406930203714,1.2403587799392475
214,main,1.35,critic_reranking,True,False,False,False,False,21,1.06216326685205,0.01943778645123693,2.0474349765136366,1.0525756787260592,0.0,18,0.03196072969264092,0.16599269779153641,1.6585623525089839
214,main,1.35,bounded_adaptation,True,False,False,False,False,22,1.043776255197999,9.078269967217242e-14,2.0474349765136366,1.0525756787260592,0.0,19,0.01393382798344806,0.14449280912321813,0.9203631453160708
215,main,1.35,action_only_bc,False,False,False,False,False,58,0.006050708700507602,0.1785225632757937,1.154150206392834,0.3257279721989083,0.0,40,0.03931407734269707,0.18868272360843444,0.9994019914626153
215,main,1.35,force_conditioned_bc,True,False,False,True,True,23,1.052543375655792,7.757775720530531e-07,1.186500725364525,0.3376002233400326,0.0,20,0.010819185266403757,0.09998389622107816,0.5808721054582885
215,main,1.35,future_wrench_aux,True,False,False,True,True,23,1.0524958775308526,7.765249669314617e-07,1.186500725364525,0.3376002233400326,0.0,20,0.010813937289956973,0.09997341677970054,0.5808161074780804
215,main,1.35,critic_reranking,True,False,False,False,False,21,1.0570656090202195,4.932852022976228e-06,1.186500725364525,0.3376002233400326,0.0,18,0.011508898715533135,0.09680405695945306,0.4619704483613171
215,main,1.35,bounded_adaptation,True,False,False,False,False,19,1.0177633383021938,2.693291637035609e-11,1.186500725364525,0.3376002233400326,0.0,16,0.012969546725199099,0.09955995840928311,0.525234663631569
216,main,1.35,action_only_bc,False,False,False,False,False,58,0.013420818336503978,0.2225537397730358,1.2684487514016034,0.40114027693641024,0.0,41,0.0465310261944942,0.22102364779540104,0.9994019914626153
216,main,1.35,force_conditioned_bc,True,False,False,True,True,25,1.0785965969404616,8.525768798693876e-06,0.9748169897391324,0.2838533119770982,0.0,22,0.015581950871214638,0.11805147538039398,0.674428073645655
216,main,1.35,future_wrench_aux,True,False,False,True,True,25,1.0785965969404616,8.525768798693876e-06,0.9748169897391324,0.2838533119770982,0.0,22,0.015581950871214638,0.11805147538039398,0.674428073645655
216,main,1.35,critic_reranking,True,False,False,True,True,22,1.019243592244007,5.920835186911408e-05,0.9748169897391324,0.2838533119770982,0.0,19,0.020160232274788,0.10869492444589576,0.5666123308490758
216,main,1.35,bounded_adaptation,True,False,False,False,False,20,1.004278572372404,1.5293620188758158e-08,0.9748169897391324,0.2838533119770982,0.0,17,0.019704841854374232,0.10777000275709259,0.6395917796896343
217,main,1.35,action_only_bc,False,False,False,False,False,58,0.013420818336503978,0.20048114362117245,1.2603927419273515,0.4044441682445489,0.0,41,0.0465310261944942,0.21954044259059924,0.9994019914626153
217,main,1.35,force_conditioned_bc,True,False,False,True,True,27,1.0101928914615328,1.0900430474076224e-08,0.9953683996643758,0.28619119860715647,0.0,24,0.013266440672625538,0.0738331006447722,0.7013250250576778
217,main,1.35,future_wrench_aux,True,False,False,True,True,27,1.0101928914615328,1.0900430474076224e-08,0.9953683996643758,0.28619119860715647,0.0,24,0.013266440672625538,0.0738331006447722,0.7013250250576778
217,main,1.35,critic_reranking,True,False,False,False,False,24,1.0416038922689177,1.3489162544015456e-07,0.9953683996643758,0.28619119860715647,0.0,21,0.014194884485409986,0.06870878863364761,0.5610274473721935
217,main,1.35,bounded_adaptation,True,False,False,False,False,23,1.011101675876073,6.367793272286053e-15,0.9953683996643758,0.28619119860715647,0.0,20,0.015292358360137471,0.06547373645506344,0.5684937575877206
218,main,1.35,action_only_bc,False,False,False,False,False,58,0.006050708700507602,0.17546969000856175,2.085389630641789,1.2084558447365956,0.0,40,0.03931407734269707,0.4775509272826638,0.9994019914626153
218,main,1.35,force_conditioned_bc,False,False,False,False,False,58,0.1172500237068177,0.04430791753435273,2.1476398506523244,1.2525020811860437,0.0,55,0.10551367678404898,0.24646020134859056,1.9729928671327617
218,main,1.35,future_wrench_aux,False,False,False,False,False,58,0.11663847699075879,0.04431500928184811,2.1476398506523244,1.2525020811860437,0.0,55,0.10406181464296886,0.24831489177792412,1.9745060434388702
218,main,1.35,critic_reranking,False,False,False,False,False,58,0.09599173174587858,0.032600571121455306,2.1476398506523244,1.2525020811860437,0.0,54,0.11108410631307092,0.25214831577601776,1.9328999196705565
218,main,1.35,bounded_adaptation,True,False,False,False,False,24,1.0235562987716853,2.696815690924326e-18,2.1476398506523244,1.2525020811860437,0.0,20,0.014641152500020332,0.17359417823616205,1.3430927075879115
219,main,1.35,action_only_bc,False,False,True,False,False,58,0.013420818336503978,0.19360406380288206,2.409541286479819,1.3908978911245715,0.9377426679345549,41,0.0465310261944942,0.6653643254552636,0.9994019914626153
219,main,1.35,force_conditioned_bc,False,False,False,False,False,58,0.14671679910613605,0.04227631396966236,1.8566026436287986,0.9842217192273052,0.0,56,0.10422344472719561,0.2451020052298559,1.9320528966503274
219,main,1.35,future_wrench_aux,False,False,False,False,False,58,0.07634084207244798,0.02966306692107855,1.8566026436287986,0.9842217192273052,0.0,55,0.1124247729382229,0.2484704659532742,1.9467146209469235
219,main,1.35,critic_reranking,False,False,False,False,False,58,0.11069361276558883,0.04004425447889687,1.8566026436287986,0.9842217192273052,0.0,55,0.11345700856109259,0.26031003746870884,1.9144114571070867
219,main,1.35,bounded_adaptation,True,False,False,False,False,28,1.0217052224003074,1.2833226760591428e-15,1.8566026436287986,0.9842217192273052,0.0,25,0.0167508278685284,0.19079201020005776,1.0579476610810148
220,main,1.35,action_only_bc,False,False,False,False,False,58,0.006050708700507602,0.15150612804131408,0.9918708310525052,0.2814547557682882,0.0,40,0.03931407734269707,0.15632685679861488,0.9994019914626153
220,main,1.35,force_conditioned_bc,True,False,False,True,True,24,1.0455365308370752,8.782670592748958e-07,1.0188019199306102,0.29171332067687517,0.0,21,0.009566002829966988,0.10170780037036964,0.8036965580652043
220,main,1.35,future_wrench_aux,True,False,False,True,True,24,1.0455365308370752,8.782670592748958e-07,1.0188019199306102,0.29171332067687517,0.0,21,0.009566002829966988,0.10170780037036964,0.8036965580652043
220,main,1.35,critic_reranking,True,False,False,False,False,21,1.0752770658326276,6.96398121832364e-06,1.0188019199306102,0.29171332067687517,0.0,18,0.010657744311245722,0.08659538890979299,0.4981384974349451
220,main,1.35,bounded_adaptation,True,False,False,False,False,20,1.0510000958715537,1.1201988864415456e-13,1.0188019199306102,0.29171332067687517,0.0,17,0.011774290426145613,0.09197939663795564,0.5634458011466289
221,main,1.35,action_only_bc,False,False,True,False,False,58,0.013420818336503978,0.20961502288077932,2.285914897301455,1.263525620817109,0.2519403158521065,41,0.0465310261944942,0.6078389469258947,0.9994019914626153
221,main,1.35,force_conditioned_bc,False,False,False,False,False,58,0.6495452328702096,0.03482663809024655,1.7717549092679392,0.894091052077801,0.0,56,0.07210836657372803,0.1984608173381661,1.863266179108296
221,main,1.35,future_wrench_aux,False,False,False,False,False,58,0.1163557317454783,0.034826638094469536,1.7717549092679392,0.894091052077801,0.0,55,0.09529465024063302,0.22604647630150623,1.863271382917124
221,main,1.35,critic_reranking,True,False,False,False,False,25,1.0132659903952281,0.009968352086983906,1.7717549092679392,0.894091052077801,0.0,22,0.02295206261569943,0.21066539545762328,1.3065102247862366
221,main,1.35,bounded_adaptation,True,False,False,False,False,27,1.0161606976698978,6.642901187261623e-19,1.7717549092679392,0.894091052077801,0.0,24,0.016996244131781465,0.18424259311141103,0.9347672916759838
222,main,1.35,action_only_bc,False,False,False,False,False,58,0.006050708700507602,0.16952776212184048,2.0069398768705597,1.1945894868965201,0.0,40,0.03931407734269707,0.4570559151858229,0.9994019914626153
222,main,1.35,force_conditioned_bc,False,False,False,False,False,58,0.0733699947731856,0.025266514349364846,2.065676899855779,1.2381303173116667,0.0,55,0.10557227717577881,0.2513915664710298,1.8489299571637492
222,main,1.35,future_wrench_aux,False,False,False,False,False,58,0.07326515292756769,0.030009065449501486,2.065676899855779,1.2381303173116667,0.0,55,0.10692550275210091,0.24779507047662933,1.9301734584279275
222,main,1.35,critic_reranking,False,False,False,False,False,58,0.08201070673462062,0.039012496907725125,2.065676899855779,1.2381303173116667,0.0,55,0.11260219166207143,0.25636510622486225,1.9766139191844911
222,main,1.35,bounded_adaptation,True,False,False,False,False,25,1.0137299634928594,1.3417528571984569e-17,2.065676899855779,1.2381303173116667,0.0,22,0.01108492704916333,0.1801554734377377,1.059725714385753
223,main,1.35,action_only_bc,False,False,False,False,False,58,0.006050708700507602,0.13870099510526018,1.7232435071435503,0.9490056120438642,0.0,40,0.03931407734269707,0.3646874346451008,0.9994019914626153
223,main,1.35,force_conditioned_bc,False,False,False,False,False,58,0.13214632652235292,0.028020823119989366,1.7713378199144991,0.9835953124139659,0.0,55,0.10697681144726362,0.23575065163917472,1.7769759216381296
223,main,1.35,future_wrench_aux,False,False,False,False,False,58,0.13214632652235292,0.028020823119989366,1.7713378199144991,0.9835953124139659,0.0,55,0.10697681144726362,0.23575065163917472,1.7769759216381296
223,main,1.35,critic_reranking,False,False,False,False,False,58,0.08730231027745797,0.03899664309065051,1.7713378199144991,0.9835953124139659,0.0,55,0.11587312538603402,0.24747749612061234,1.9754374526461638
223,main,1.35,bounded_adaptation,True,False,False,False,False,24,1.0461986887574304,7.939358536324304e-20,1.7713378199144991,0.9835953124139659,0.0,21,0.011217943461948383,0.17079267817567148,1.0743322602878569
224,main,1.35,action_only_bc,False,False,False,False,False,58,0.006050708700507602,0.14345850285991787,1.6129181184538717,0.9954898600877721,0.0,40,0.03931407734269707,0.36320086138300256,0.9994019914626153
224,main,1.35,force_conditioned_bc,False,False,False,False,False,58,0.15486724935500176,0.036393643336875656,1.6580515718782014,1.0317738351717036,0.0,55,0.10018875393680715,0.2207777095332543,1.892586396723996
224,main,1.35,future_wrench_aux,False,False,False,False,False,58,0.15486724935500176,0.036393643336875656,1.6580515718782014,1.0317738351717036,0.0,55,0.10018875393680715,0.2207777095332543,1.892586396723996
224,main,1.35,critic_reranking,False,False,False,False,False,58,0.11415554078723478,0.03364795721357375,1.6580515718782014,1.0317738351717036,0.0,55,0.10193787830359408,0.23240259563442753,1.9219759296493821
224,main,1.35,bounded_adaptation,True,False,False,False,False,26,1.0205798298229278,3.3386342011556394e-19,1.6580515718782014,1.0317738351717036,0.0,23,0.010825443978240194,0.1548041944198046,1.1291064938427273
225,main,1.35,action_only_bc,False,False,False,False,False,58,0.007303039637397748,0.11973269716764132,1.3847504856645956,0.7500407729171008,0.0,47,0.01785331193746782,0.25673141445767356,0.9994019914626153
225,main,1.35,force_conditioned_bc,False,False,False,False,False,58,0.13851695495333655,0.03918698836090834,1.44650238284897,0.7877131056727913,0.0,55,0.10453374880105532,0.21336948817838913,1.9035788077007456
225,main,1.35,future_wrench_aux,False,False,False,False,False,58,0.09273141484501736,0.02835196490302861,1.44650238284897,0.7877131056727913,0.0,55,0.10455871334490181,0.21462006253468213,1.8388227706852593
225,main,1.35,critic_reranking,False,False,False,False,False,58,0.1208967336556075,0.03765832645374365,1.44650238284897,0.7877131056727913,0.0,55,0.11126257830430922,0.23378638254669457,1.922188819871113
225,main,1.35,bounded_adaptation,True,False,False,False,False,20,1.000840427444147,7.434701461761904e-18,1.44650238284897,0.7877131056727913,0.0,17,0.013285262528496758,0.1360667179132419,1.0223240054587028
226,main,1.35,action_only_bc,False,False,False,False,False,58,0.006050708700507602,0.19084520325519438,2.0493502211609895,1.090130264356969,0.0,40,0.03931407734269707,0.45003951223559696,0.9994019914626153
226,main,1.35,force_conditioned_bc,True,False,False,True,True,27,1.0119196293166903,0.012580214563367484,2.1101182880386307,1.1298637271836824,0.0,24,0.020522958034412862,0.14242070729673165,1.5774773832059652
226,main,1.35,future_wrench_aux,True,False,False,False,False,28,1.0237047980260106,0.01519430900429121,2.1101182880386307,1.1298637271836824,0.0,25,0.023399622530098477,0.14547664240724648,1.6323572600282898
226,main,1.35,critic_reranking,True,False,False,False,False,24,1.0239383942379847,0.019780575761034487,2.1101182880386307,1.1298637271836824,0.0,20,0.053175122684496756,0.1848171464292063,1.6672095130963556
226,main,1.35,bounded_adaptation,True,False,False,False,False,25,1.0332775818692785,1.8153221215338786e-15,2.1101182880386307,1.1298637271836824,0.0,21,0.01568154476305379,0.16791672551226977,1.2600340805537684
227,main,1.35,action_only_bc,False,False,False,False,False,58,0.013420818336503978,0.20180990181705144,1.3343908328166827,0.43791782811260105,0.0,41,0.0465310261944942,0.23469079217886318,0.9994019914626153
227,main,1.35,force_conditioned_bc,True,False,False,True,True,29,1.0291649465051895,9.91141645273797e-10,1.0462071705651326,0.3098776987265341,0.0,26,0.012835662832194315,0.07830362487636323,0.5979653896043219
227,main,1.35,future_wrench_aux,True,False,False,True,True,29,1.0291649465051895,9.91141645273797e-10,1.0462071705651326,0.3098776987265341,0.0,26,0.012835662832194315,0.07830362487636323,0.5979653896043219
227,main,1.35,critic_reranking,True,False,False,False,False,25,1.0176973174859951,5.534706131900221e-08,1.0462071705651326,0.3098776987265341,0.0,22,0.013921400538272165,0.06931729887571306,0.5546913786432188
227,main,1.35,bounded_adaptation,True,False,False,False,False,25,1.0548357587543524,2.9938183349937214e-11,1.0462071705651326,0.3098776987265341,0.0,22,0.014884031506119999,0.06551240723087319,0.7796422857314396
228,main,1.35,action_only_bc,False,False,True,False,False,58,0.013420818336503978,0.22976982181275976,2.604764765993428,1.5584727136143588,2.7415629461468494,41,0.0465310261944942,0.750119360878112,0.9994019914626153
228,main,1.35,force_conditioned_bc,False,False,False,False,False,58,0.12001461956956735,0.022629658838170946,1.9661583934912708,1.1028003589265563,0.0,55,0.10343389851650667,0.22911109553001208,1.7709896835071488
228,main,1.35,future_wrench_aux,False,False,False,False,False,58,0.12001461956956735,0.022629658838170946,1.9661583934912708,1.1028003589265563,0.0,55,0.10343389851650667,0.22911109553001208,1.7709896835071488
228,main,1.35,critic_reranking,True,False,False,False,False,23,1.0074960844880678,0.03009998647484909,1.9661583934912708,1.1028003589265563,0.0,20,0.03610389470044113,0.17224954527125522,1.7930831075424187
228,main,1.35,bounded_adaptation,True,False,False,False,False,25,1.0477117307028307,1.3011899773427571e-37,1.9661583934912708,1.1028003589265563,0.0,21,0.021063225651025964,0.1574754996179044,1.3098270578123592
229,main,1.35,action_only_bc,False,False,False,False,False,58,0.006669750483220419,0.13240215491690516,1.4878068832796014,0.7800820775594569,0.0,47,0.017855983341177925,0.27440023288615256,0.9994019914626153
229,main,1.35,force_conditioned_bc,False,False,False,False,False,58,0.16922542781947122,0.031482920729545484,1.5549753064286718,0.8218400811009113,0.0,55,0.09207353617129922,0.22689825133544328,1.8110577024294392
229,main,1.35,future_wrench_aux,False,False,False,False,False,58,0.2931039855815849,0.03148292072933394,1.5549753064286718,0.8218400811009113,0.0,55,0.0877660518329473,0.22871861671135552,1.8110576947737471
229,main,1.35,critic_reranking,True,False,False,False,False,27,1.0006271185810622,0.031449503907495346,1.5549753064286718,0.8218400811009113,0.0,24,0.060770638295899494,0.16774743443422258,1.8070895132563183
229,main,1.35,bounded_adaptation,True,False,False,False,False,22,1.0501132897517058,7.528207919820839e-18,1.5549753064286718,0.8218400811009113,0.0,19,0.012601651481888214,0.14096585678780962,0.9470301325222044
230,main,1.35,action_only_bc,False,False,False,False,False,58,0.006658817136121426,0.1362442161884632,1.0429668537864634,0.3233445535666591,0.0,47,0.01785602968141084,0.17367825398636627,0.9994019914626153
230,main,1.35,force_conditioned_bc,True,False,False,False,False,22,1.0358646237387445,2.570957875783986e-10,1.0891326014914116,0.34067168536865844,0.0,19,0.009299021298828524,0.08814551837657826,0.5175818523501674
230,main,1.35,future_wrench_aux,True,False,False,False,False,22,1.0358646237387445,2.570957875783986e-10,1.0891326014914116,0.34067168536865844,0.0,19,0.009299021298828524,0.08814551837657826,0.5175818523501674
230,main,1.35,critic_reranking,True,False,False,False,False,20,1.0434758869894691,5.1452568027263094e-09,1.0891326014914116,0.34067168536865844,0.0,17,0.012396067956175424,0.08231166056634263,0.5576374336410119
230,main,1.35,bounded_adaptation,True,False,False,False,False,19,1.0013618819604142,3.42456721044018e-25,1.0891326014914116,0.34067168536865844,0.0,16,0.013274462230706678,0.08241160247219242,0.5730419374900777
231,main,1.35,action_only_bc,False,False,False,False,False,58,0.013420818336503978,0.22827569207828233,1.5315237052516169,0.4009310747693126,0.0,41,0.0465310261944942,0.2569295808360104,0.9994019914626153
231,main,1.35,force_conditioned_bc,True,False,False,True,True,35,1.0074172097754226,7.272676513072279e-09,1.2016296247166203,0.2837052771588123,0.0,32,0.010964686395701036,0.06958752823817749,0.8896623312328702
231,main,1.35,future_wrench_aux,True,False,False,True,True,35,1.0074172097754226,7.272676513072279e-09,1.2016296247166203,0.2837052771588123,0.0,32,0.010964686395701036,0.06958752823817749,0.8896623312328702
231,main,1.35,critic_reranking,True,False,False,False,False,30,1.0047832030105128,3.1941662653010723e-07,1.2016296247166203,0.2837052771588123,0.0,27,0.013689886898181087,0.07223992769382621,0.5465570825456513
231,main,1.35,bounded_adaptation,True,False,False,False,False,29,1.0400034095536346,7.028834463620947e-14,1.2016296247166203,0.2837052771588123,0.0,26,0.014673204662912836,0.07433141904693544,0.6116693217122955
232,main,1.35,action_only_bc,False,False,False,False,False,58,0.013420818336503978,0.21843603458449795,2.1377553817891277,1.3278312562527563,0.0,41,0.0465310261944942,0.557825542699582,0.9994019914626153
232,main,1.35,force_conditioned_bc,True,False,False,False,False,21,1.0336604038625357,0.018536381821658635,1.61428489991105,0.939594754016198,0.0,18,0.03259363341075035,0.11864392376558279,1.658478650648833
232,main,1.35,future_wrench_aux,True,False,False,False,False,21,1.0336604038625357,0.018536381821658635,1.61428489991105,0.939594754016198,0.0,18,0.03259363341075035,0.11864392376558279,1.658478650648833
232,main,1.35,critic_reranking,True,False,False,False,False,19,1.0479345901881187,0.021793985534486488,1.61428489991105,0.939594754016198,0.0,16,0.04688392445559821,0.1732746986145647,1.6969367832882538
232,main,1.35,bounded_adaptation,True,False,False,False,False,20,1.0778455036155081,1.298781583029908e-09,1.61428489991105,0.939594754016198,0.0,17,0.025036434669573334,0.1442566531771255,0.9090034235314406
233,main,1.35,action_only_bc,False,False,False,False,False,58,0.006050708700507602,0.156857235115145,1.0432433034034885,0.2810957854710639,0.0,40,0.03931407734269707,0.16085673111205825,0.9994019914626153
233,main,1.35,force_conditioned_bc,True,False,False,True,True,33,1.0324363885127112,5.502614714582074e-10,1.0684115316735556,0.2913412665002036,0.0,30,0.00683008988791976,0.055537607609396265,0.8056277978100084
233,main,1.35,future_wrench_aux,True,False,False,True,True,33,1.0324363885127112,5.502614714582074e-10,1.0684115316735556,0.2913412665002036,0.0,30,0.00683008988791976,0.055537607609396265,0.8056277978100084
233,main,1.35,critic_reranking,True,False,False,False,False,27,1.0162107224985033,5.702909935591953e-08,1.0684115316735556,0.2913412665002036,0.0,24,0.008193013876818395,0.07268802835286933,0.5663800794863755
233,main,1.35,bounded_adaptation,True,False,False,False,False,27,1.0460330995896463,2.4007472846952473e-20,1.0684115316735556,0.2913412665002036,0.0,24,0.008324493281691282,0.07804082255282532,0.49886518308107286
234,main,1.35,action_only_bc,False,False,False,False,False,58,0.013420818336503978,0.2391536696475729,1.8096241756889624,0.41837799305986445,0.0,41,0.0465310261944942,0.32629648600173594,0.9994019914626153
234,main,1.35,force_conditioned_bc,True,False,False,True,True,37,1.0340750671515468,3.0662992783038146e-10,1.4150719716744131,0.2960509971607756,0.0,34,0.011082094122595415,0.07079282440501578,0.7998458710415276
234,main,1.35,future_wrench_aux,True,False,False,True,True,36,1.0292969338856501,4.0191885893144166e-10,1.4150719716744131,0.2960509971607756,0.0,33,0.010859737608840786,0.07129728824391045,0.6244162795999955
234,main,1.35,critic_reranking,True,False,False,False,False,30,1.0002102823586572,4.605521258174805e-08,1.4150719716744131,0.2960509971607756,0.0,27,0.013134598869842974,0.0982156751725738,0.5054371698552202
234,main,1.35,bounded_adaptation,True,False,False,False,False,30,1.0157232844280697,2.4101831298363424e-13,1.4150719716744131,0.2960509971607756,0.0,27,0.013602715435784226,0.09895397687436665,0.573041970901141
235,main,1.35,action_only_bc,False,False,False,False,False,58,0.013420818336503978,0.2036891008721374,1.4578525662509751,0.524527339240874,0.0,41,0.0465310261944942,0.2667648625065458,0.9994019914626153
235,main,1.35,force_conditioned_bc,True,False,False,True,True,26,1.001853805380976,1.2698774907223764e-13,1.1397341830683005,0.37116398184483296,0.0,23,0.014867523996628133,0.06769026242906476,0.4465802780470419
235,main,1.35,future_wrench_aux,True,False,False,True,True,26,1.001853805380976,1.2698774907223764e-13,1.1397341830683005,0.37116398184483296,0.0,23,0.014867523996628133,0.06769026242906476,0.4465802780470419
235,main,1.35,critic_reranking,True,False,False,False,False,23,1.0621512612363195,1.1089368187889146e-11,1.1397341830683005,0.37116398184483296,0.0,20,0.014677383799232545,0.0699519802457767,0.6164744408318855
235,main,1.35,bounded_adaptation,True,False,False,False,False,22,1.0074399290209421,1.3033944196381546e-13,1.1397341830683005,0.37116398184483296,0.0,19,0.015458578576851564,0.07115850792347474,0.5303664300160211
236,main,1.35,action_only_bc,False,False,False,False,False,58,0.006050708700507602,0.13963774323120948,1.5464556501210152,0.9076054388129093,0.0,40,0.03931407734269707,0.3401263152354472,0.9994019914626153
236,main,1.35,force_conditioned_bc,False,False,False,False,False,58,0.7343561614606164,0.02962528064140807,1.5927966776208913,0.9406861706699114,0.0,55,0.0858780337637935,0.21003502322774792,1.822207399199684
236,main,1.35,future_wrench_aux,False,False,False,False,False,58,0.7343561614606164,0.02962528064140807,1.5927966776208913,0.9406861706699114,0.0,55,0.0858780337637935,0.21003502322774792,1.822207399199684
236,main,1.35,critic_reranking,True,False,False,False,False,17,1.0638983963210098,0.017448753782192263,1.5927966776208913,0.9406861706699114,0.0,14,0.02845362754904849,0.13611892552357674,1.6130303217107713
236,main,1.35,bounded_adaptation,True,False,False,False,False,17,1.0543697176577718,7.233393528040215e-15,1.5927966776208913,0.9406861706699114,0.0,14,0.017113841396225734,0.11390544877643263,1.1859695802469603
237,main,1.35,action_only_bc,False,False,False,False,False,58,0.006050708700507602,0.13914771136475773,0.9072396767794534,0.23055836480223388,0.0,40,0.03931407734269707,0.13478620935378344,0.9994019914626153
237,main,1.35,force_conditioned_bc,True,False,False,True,True,31,1.0348322342033267,4.851358345778502e-08,0.928915368351882,0.23896183961325668,0.0,28,0.006886150614946502,0.060314623279622885,0.794789286671447
237,main,1.35,future_wrench_aux,True,False,False,True,True,31,1.0348322342033267,4.851358345778502e-08,0.928915368351882,0.23896183961325668,0.0,28,0.006886150614946502,0.060314623279622885,0.794789286671447
237,main,1.35,critic_reranking,True,False,False,False,False,26,1.0421901832826963,1.1781833127875812e-06,0.928915368351882,0.23896183961325668,0.0,23,0.008075237032033906,0.05519342568717751,0.48934918848223996
237,main,1.35,bounded_adaptation,True,False,False,False,False,25,1.0191421148082225,6.587035681059841e-10,0.928915368351882,0.23896183961325668,0.0,22,0.008798879838467373,0.05727316286667655,0.6639485303960696
238,main,1.35,action_only_bc,False,False,False,False,False,58,0.006050708700507602,0.15283317515161174,1.5871441144958593,0.875963514246066,0.0,40,0.03931407734269707,0.336754805380206,0.9994019914626153
238,main,1.35,force_conditioned_bc,True,False,False,False,False,24,1.0098453022641383,0.011425161616168675,1.6324054393183276,0.9078909497726668,0.0,21,0.020850421083810793,0.11456001574730368,1.5706880008514292
238,main,1.35,future_wrench_aux,True,False,False,False,False,24,1.0098453022641383,0.011425161616168675,1.6324054393183276,0.9078909497726668,0.0,21,0.020850421083810793,0.11456001574730368,1.5706880008514292
238,main,1.35,critic_reranking,True,False,False,False,False,21,1.0562664716158205,0.010413562037289107,1.6324054393183276,0.9078909497726668,0.0,18,0.022962460698336108,0.1439801140269148,1.5326159878380035
238,main,1.35,bounded_adaptation,True,False,False,False,False,22,1.0604068071260488,7.672305625782477e-19,1.6324054393183276,0.9078909497726668,0.0,19,0.012457779447444126,0.12668253550231318,0.9888413218433225
239,main,1.35,action_only_bc,False,False,False,False,False,58,0.006050708700507602,0.18483278415416574,1.7381260295713872,1.0102668132653616,0.0,40,0.03931407734269707,0.3803471459497065,0.9994019914626153
239,main,1.35,force_conditioned_bc,True,False,False,False,False,21,1.0175051983607535,0.0013624828495855572,1.7908335892748017,1.0470893840923625,0.0,18,0.0161774606182364,0.11253995436720518,0.8794571826908485
239,main,1.35,future_wrench_aux,True,False,False,False,False,21,1.0175051983607535,0.0013624828495855572,1.7908335892748017,1.0470893840923625,0.0,18,0.0161774606182364,0.11253995436720518,0.8794571826908485
239,main,1.35,critic_reranking,True,False,False,False,False,19,1.0230510042494856,0.0026104437159776206,1.7908335892748017,1.0470893840923625,0.0,16,0.021091193692555597,0.11901958219251423,1.0458409859665014
239,main,1.35,bounded_adaptation,True,False,False,False,False,20,1.016607324440918,6.488342784034585e-11,1.7908335892748017,1.0470893840923625,0.0,17,0.01466445875113021,0.11378619927112957,0.8929014875160439
240,main,1.35,action_only_bc,False,False,False,False,False,58,0.00649162803601774,0.13540315426606245,1.4939436364694176,0.8780494990207932,0.0,47,0.017856739223713138,0.2849974122995622,0.9994019914626153
240,main,1.35,force_conditioned_bc,False,False,False,False,False,58,0.254058575274399,0.02912702711537193,1.563337969937946,0.9258658985211583,0.0,55,0.08860758971316154,0.22807931956917118,1.8185824779918924
240,main,1.35,future_wrench_aux,False,False,False,False,False,58,0.254058575274399,0.02912702711537193,1.563337969937946,0.9258658985211583,0.0,55,0.08860758971316154,0.22807931956917118,1.8185824779918924
240,main,1.35,critic_reranking,True,False,False,False,False,33,1.0047063371041067,0.02912619533495224,1.563337969937946,0.9258658985211583,0.0,30,0.06929891837166802,0.17359103917266547,1.8180351468893954
240,main,1.35,bounded_adaptation,True,False,False,False,False,23,1.0265834759504788,9.698318454271896e-13,1.563337969937946,0.9258658985211583,0.0,20,0.011595635955973405,0.13171906936963032,1.0075199718576955
241,main,1.35,action_only_bc,False,False,False,False,False,58,0.007409523697866948,0.12505188420601498,0.961698432117731,0.3198904775020683,0.0,47,0.017852865236194938,0.15933681997132548,0.9994019914626153
241,main,1.35,force_conditioned_bc,True,False,False,False,False,19,1.0050955930878418,8.407710622388874e-11,1.0036337927447103,0.335779636093855,0.0,16,0.009667504150518048,0.0951720360605087,0.6063124330596162
241,main,1.35,future_wrench_aux,True,False,False,False,False,19,1.0050955930878418,8.407710622388874e-11,1.0036337927447103,0.335779636093855,0.0,16,0.009667504150518048,0.0951720360605087,0.6063124330596162
241,main,1.35,critic_reranking,True,False,False,False,False,17,1.030035025286513,1.894275626003538e-09,1.0036337927447103,0.335779636093855,0.0,14,0.01198430652139772,0.08917340155575534,0.6073050897866032
241,main,1.35,bounded_adaptation,True,False,False,False,False,17,1.0319320295331424,3.114408373950904e-19,1.0036337927447103,0.335779636093855,0.0,14,0.011607650801753452,0.0900394969715207,0.6129798716928637
242,main,1.35,action_only_bc,False,False,False,False,False,58,0.006824942085849181,0.1357530656005095,0.9259231896723205,0.25919178413161637,0.0,47,0.01785532637402314,0.1511157383395102,0.9994019914626153
242,main,1.35,force_conditioned_bc,True,False,False,False,False,21,1.0650310775492215,2.6186152582625657e-07,0.9657882103611488,0.27285682493447305,0.0,18,0.008964194460015278,0.09518785351997906,0.5816084644287925
242,main,1.35,future_wrench_aux,True,False,False,False,False,21,1.0650310775492215,2.6186152582625657e-07,0.9657882103611488,0.27285682493447305,0.0,18,0.008964194460015278,0.09518785351997906,0.5816084644287925
242,main,1.35,critic_reranking,True,False,False,False,False,18,1.0036483873059565,4.2667443429303245e-06,0.9657882103611488,0.27285682493447305,0.0,15,0.013194408545349645,0.09222462864992002,0.6129041737848671
242,main,1.35,bounded_adaptation,True,False,False,False,False,18,1.0075652296365367,1.943355128979402e-08,0.9657882103611488,0.27285682493447305,0.0,15,0.012938056666902495,0.09363505800885409,0.6096192096150552
243,main,1.35,action_only_bc,False,False,False,False,False,58,0.006050708700507602,0.14785560755547947,1.1011425366326484,0.2471207499326134,0.0,40,0.03931407734269707,0.17072802864117373,0.9994019914626153
243,main,1.35,force_conditioned_bc,True,False,False,True,True,21,1.0055774595559,3.3393669379135335e-06,1.1310507865593622,0.25612789655737844,0.0,18,0.01064527085121561,0.10071709365509093,0.686106984330172
243,main,1.35,future_wrench_aux,True,False,False,True,True,21,1.0055774595559,3.3393669379135335e-06,1.1310507865593622,0.25612789655737844,0.0,18,0.01064527085121561,0.10071709365509093,0.686106984330172
243,main,1.35,critic_reranking,True,False,False,False,False,19,1.0162189090977924,1.546129856371997e-05,1.1310507865593622,0.25612789655737844,0.0,16,0.01158765664559348,0.0936270499191141,0.600869936010999
243,main,1.35,bounded_adaptation,True,False,False,False,False,19,1.0134092307449594,5.178173241732725e-07,1.1310507865593622,0.25612789655737844,0.0,16,0.011433559407659413,0.09384399992606927,0.6006976279671206
244,main,1.35,action_only_bc,False,False,False,False,False,58,0.006050708700507602,0.1614021865231152,1.175096147561829,0.28800040029873675,0.0,40,0.03931407734269707,0.18332901811834848,0.9994019914626153
244,main,1.35,force_conditioned_bc,True,False,False,True,True,30,1.0030590421280607,1.9068573759576983e-09,1.2051459411250596,0.29849754323063993,0.0,27,0.007745681377581191,0.06176359455087154,0.809703515061753
244,main,1.35,future_wrench_aux,True,False,False,True,True,30,1.0027640351703402,1.9234869809805413e-09,1.2051459411250596,0.29849754323063993,0.0,27,0.007720804679625791,0.06162853772903173,0.8095880422056618
244,main,1.35,critic_reranking,True,False,False,False,False,25,1.0100514111461367,9.121028179130744e-08,1.2051459411250596,0.29849754323063993,0.0,22,0.00912561674177754,0.08034057492985466,0.5891630736028258
244,main,1.35,bounded_adaptation,True,False,False,False,False,25,1.04033621595691,1.008711896393011e-14,1.2051459411250596,0.29849754323063993,0.0,22,0.009069322138897983,0.08460263208101164,0.5127916206525408
245,main,1.35,action_only_bc,False,False,True,False,False,58,0.013420818336503978,0.23339369381162758,2.601868309163311,1.6374295103434897,2.7174833136197614,41,0.0465310261944942,0.7543430377187015,0.9994019914626153
245,main,1.35,force_conditioned_bc,False,False,False,False,False,58,0.07988023007254366,0.025138820073869868,1.9684609057024236,1.1586714582483006,0.0,55,0.11227271349409625,0.24481276567551427,1.862845368313435
245,main,1.35,future_wrench_aux,False,False,False,False,False,58,0.07988023007254366,0.025138820073869868,1.9684609057024236,1.1586714582483006,0.0,55,0.11227271349409625,0.24481276567551427,1.862845368313435
245,main,1.35,critic_reranking,False,False,False,False,False,58,0.0901165515278575,0.03740274145427299,1.9684609057024236,1.1586714582483006,0.0,55,0.11178717140550044,0.2647921878357362,1.9742929279677743
245,main,1.35,bounded_adaptation,True,False,False,False,False,25,1.035339633955011,1.446807834063609e-12,1.9684609057024236,1.1586714582483006,0.0,22,0.019908861872008504,0.1915567940234583,1.012053243178586
246,main,1.35,action_only_bc,False,False,False,False,False,58,0.013420818336503978,0.21154681553304908,2.1367113745193063,1.2802474414531493,0.0,41,0.0465310261944942,0.5542556616896432,0.9994019914626153
246,main,1.35,force_conditioned_bc,True,False,False,False,False,29,1.012104765694697,0.026351123242998327,1.6322346422941647,0.9059236813168229,0.0,26,0.05659718498443213,0.14381988900544138,1.7555478721972395
246,main,1.35,future_wrench_aux,True,False,False,False,False,29,1.012104765694697,0.026351123242998327,1.6322346422941647,0.9059236813168229,0.0,26,0.05659718498443213,0.14381988900544138,1.7555478721972395
246,main,1.35,critic_reranking,True,False,False,False,False,22,1.0378686515782638,0.02165534951728637,1.6322346422941647,0.9059236813168229,0.0,19,0.041214284449459584,0.1796690259778391,1.709483386959673
246,main,1.35,bounded_adaptation,True,False,False,False,False,23,1.0380981070429227,8.132336148761581e-13,1.6322346422941647,0.9059236813168229,0.0,20,0.02104317476752077,0.15349185830146256,0.944530369734639
247,main,1.35,action_only_bc,False,False,False,False,False,58,0.006050708700507602,0.14364087791962185,0.9025853489005193,0.31249577536869405,0.0,40,0.03931407734269707,0.14634011563443583,0.9994019914626153
247,main,1.35,force_conditioned_bc,True,False,False,False,False,21,1.0569318511291301,6.810271954870222e-08,0.9263392967550892,0.32388573460575937,0.0,18,0.009875131062866943,0.10007112228659983,0.4785093212248329
247,main,1.35,future_wrench_aux,True,False,False,False,False,21,1.0569318511291301,6.810271954870222e-08,0.9263392967550892,0.32388573460575937,0.0,18,0.009875131062866943,0.10007112228659983,0.4785093212248329
247,main,1.35,critic_reranking,True,False,False,False,False,18,1.0096783876376734,1.4294861986853832e-06,0.9263392967550892,0.32388573460575937,0.0,15,0.01342398302537085,0.09218539707264149,0.5769104582008928
247,main,1.35,bounded_adaptation,True,False,False,False,False,18,1.0177849616388386,4.576950717928017e-11,0.9263392967550892,0.32388573460575937,0.0,15,0.01340600769954907,0.09295186728956228,0.6209554378305486
248,main,1.35,action_only_bc,False,False,False,False,False,58,0.013420818336503978,0.19525623754912155,1.2984349547831429,0.43819497348204933,0.0,41,0.0465310261944942,0.23094915281375858,0.9994019914626153
248,main,1.35,force_conditioned_bc,True,False,False,False,False,24,1.0525294561993883,1.070841784451599e-07,1.001824412959645,0.31007381124761485,0.0,21,0.014362754876772842,0.10855413519023611,0.5982373692318148
248,main,1.35,future_wrench_aux,True,False,False,False,False,24,1.0525294561993883,1.070841784451599e-07,1.001824412959645,0.31007381124761485,0.0,21,0.014362754876772842,0.10855413519023611,0.5982373692318148
248,main,1.35,critic_reranking,True,False,False,False,False,21,1.0413411768645287,1.4131447633669858e-06,1.001824412959645,0.31007381124761485,0.0,18,0.016985117314596915,0.09540030991435768,0.5751121928331071
248,main,1.35,bounded_adaptation,True,False,False,False,False,20,1.0594354741436895,2.1375923468930668e-18,1.001824412959645,0.31007381124761485,0.0,18,0.012745804999825182,0.09031440705507292,0.597088522156889
249,main,1.35,action_only_bc,False,False,False,False,False,58,0.013420818336503978,0.22213320586509316,1.4697518369634812,0.49988463735900796,0.0,41,0.0465310261944942,0.2640987945419125,0.9994019914626153
249,main,1.35,force_conditioned_bc,True,False,False,True,True,28,1.00281028773154,6.145941887239075e-10,1.1415783276917928,0.35372640963529695,0.0,25,0.014002389337899301,0.08560642311953115,0.601579457032837
249,main,1.35,future_wrench_aux,True,False,False,True,True,28,1.00281028773154,6.145941887239075e-10,1.1415783276917928,0.35372640963529695,0.0,25,0.014002389337899301,0.08560642311953115,0.601579457032837
249,main,1.35,critic_reranking,True,False,False,False,False,25,1.038666169650853,1.728764060207041e-08,1.1415783276917928,0.35372640963529695,0.0,22,0.01440303980633402,0.07493549185601957,0.568670497916502
249,main,1.35,bounded_adaptation,True,False,False,False,False,24,1.0467959905762472,6.304856032579398e-23,1.1415783276917928,0.35372640963529695,0.0,21,0.016442528845297247,0.06807555744337722,0.5752641709917722
250,main,1.35,action_only_bc,False,False,False,False,False,58,0.006050708700507602,0.1896759733861421,2.1962859020833063,1.1578844659713001,0.0,40,0.03931407734269707,0.5006205596278904,0.9994019914626153
250,main,1.35,force_conditioned_bc,False,False,True,True,False,58,0.563672694415085,0.029350003679040615,2.2635351311468646,1.200087458485628,0.06353513114686438,55,0.08051676594522045,0.2289017624848849,1.7943513817221346
250,main,1.35,future_wrench_aux,False,False,True,False,False,58,0.8454225388273394,0.02935000363598999,2.2635351311468646,1.200087458485628,0.06353513114686438,55,0.07373045304580075,0.1935976910464351,1.7943509808895919
250,main,1.35,critic_reranking,False,False,True,False,False,58,0.5272457231350495,0.029350003685343757,2.2635351311468646,1.200087458485628,0.06353513114686438,54,0.09192804349367174,0.2287489530240037,1.794351522180849
250,main,1.35,bounded_adaptation,True,False,True,False,False,22,1.0396453940708905,1.1111068191800112e-16,2.2635351311468646,1.200087458485628,0.06353513114686438,18,0.016790445252431,0.1711251700405281,1.2261014283309162
251,main,1.35,action_only_bc,False,False,False,False,False,58,0.006050708700507602,0.15417465038984643,1.0616726972645794,0.38195219669563013,0.0,40,0.03931407734269707,0.18057906239542829,0.9994019914626153
251,main,1.35,force_conditioned_bc,True,False,False,False,False,25,1.002464377043494,5.694724963328396e-13,1.0891423195351821,0.3958737287411049,0.0,22,0.00879146385710402,0.06883133402290129,0.46922798214346656
251,main,1.35,future_wrench_aux,True,False,False,False,False,25,1.002464377043494,5.694724963328396e-13,1.0891423195351821,0.3958737287411049,0.0,22,0.00879146385710402,0.06883133402290129,0.46922798214346656
251,main,1.35,critic_reranking,True,False,False,False,False,22,1.0341150629211868,5.049377390775426e-11,1.0891423195351821,0.3958737287411049,0.0,19,0.011250252836327366,0.06931073617483184,0.636554250748389
251,main,1.35,bounded_adaptation,True,False,False,False,False,22,1.0357299596700418,2.7277108696565245e-21,1.0891423195351821,0.3958737287411049,0.0,19,0.011220206925229334,0.06998038377333315,0.5563509258968382
252,main,1.35,action_only_bc,False,False,True,False,False,58,0.013420818336503978,0.2209155303559011,2.4663625372282314,1.5053443474090256,1.3951900977953429,41,0.0465310261944942,0.6927293082201579,0.9994019914626153
252,main,1.35,force_conditioned_bc,False,False,False,False,False,58,0.090441653873382,0.024479271191372623,1.8773676480900163,1.0652058724728646,0.0,55,0.10602141360399947,0.22365627573856617,1.8169710242553352
252,main,1.35,future_wrench_aux,False,False,False,False,False,58,0.090441653873382,0.024479271191372623,1.8773676480900163,1.0652058724728646,0.0,55,0.10602141360399947,0.22365627573856617,1.8169710242553352
252,main,1.35,critic_reranking,False,False,False,False,False,58,0.11355914946534469,0.03697596971311383,1.8773676480900163,1.0652058724728646,0.0,55,0.10181394332085295,0.24613151281169562,1.9352024825432506
252,main,1.35,bounded_adaptation,True,False,False,False,False,26,1.0318308604746098,7.11973430958855e-14,1.8773676480900163,1.0652058724728646,0.0,23,0.018820280147857412,0.1862813793674045,1.0336632309339893
253,main,1.35,action_only_bc,False,False,False,False,False,58,0.013420818336503978,0.1963142999126655,1.2533113217905767,0.32746398167089014,0.0,41,0.0465310261944942,0.2051026973802152,0.9994019914626153
253,main,1.35,force_conditioned_bc,True,False,False,True,True,33,1.0165785097766855,4.613735328636636e-08,1.0011843731296408,0.2317187804235995,0.0,30,0.010639040970480122,0.06341863396828203,0.6600528272433049
253,main,1.35,future_wrench_aux,True,False,False,True,True,33,1.0165785097766855,4.613735328636636e-08,1.0011843731296408,0.2317187804235995,0.0,30,0.010639040970480122,0.06341863396828203,0.6600528272433049
253,main,1.35,critic_reranking,True,False,False,False,False,29,1.055212753172003,7.61977764353406e-07,1.0011843731296408,0.2317187804235995,0.0,27,0.0075933428992075655,0.052756116479846925,0.8045209174351214
253,main,1.35,bounded_adaptation,True,False,False,False,False,28,1.002042021832423,1.7284485271567102e-09,1.0011843731296408,0.2317187804235995,0.0,26,0.008047214171214801,0.052020251840665076,0.6773752365341497
254,main,1.35,action_only_bc,False,False,False,False,False,58,0.006050708700507602,0.1626187958824829,1.8207339485135055,1.168344160649084,0.0,40,0.03931407734269707,0.42441206599991016,0.9994019914626153
254,main,1.35,force_conditioned_bc,False,False,False,False,False,58,0.1324062148059647,0.028105814637646415,1.8743881342979805,1.2109283919045488,0.0,55,0.10690435374211828,0.2433967988260792,1.785146473551741
254,main,1.35,future_wrench_aux,False,False,False,False,False,58,0.1324062148059647,0.028105814637646415,1.8743881342979805,1.2109283919045488,0.0,55,0.10690435374211828,0.2433967988260792,1.785146473551741
254,main,1.35,critic_reranking,False,False,False,False,False,58,0.0891525767745211,0.032217719778197464,1.8743881342979805,1.2109283919045488,0.0,55,0.11280802896934579,0.2551847133266739,1.9435769158019325
254,main,1.35,bounded_adaptation,True,False,False,False,False,23,1.0100599808187067,1.622443358003412e-11,1.8743881342979805,1.2109283919045488,0.0,20,0.012595038249454772,0.1541213327679426,0.9810536745684988
255,main,1.35,action_only_bc,False,False,False,False,False,58,0.013420818336503978,0.19356207474476733,2.021007712669175,1.1138382929301742,0.0,41,0.0465310261944942,0.4967191712455077,0.9994019914626153
255,main,1.35,force_conditioned_bc,True,False,False,False,False,28,1.0268024356024235,0.024071186288288075,1.5657191602818272,0.7881698912654108,0.0,26,0.03898590389778406,0.11729092395874273,1.7157034716793187
255,main,1.35,future_wrench_aux,True,False,False,False,False,31,1.028858041998558,0.024775706951370484,1.5657191602818272,0.7881698912654108,0.0,28,0.05595915926780581,0.13330225786953975,1.7241476029691336
255,main,1.35,critic_reranking,True,False,False,False,False,22,1.0122282583406965,0.008505302707213416,1.5657191602818272,0.7881698912654108,0.0,19,0.02741736796771304,0.17371009950664948,1.3666138075595111
255,main,1.35,bounded_adaptation,True,False,False,False,False,24,1.02690245523689,2.0353167161755053e-17,1.5657191602818272,0.7881698912654108,0.0,21,0.01914470557004679,0.1537765725107306,0.9428493224159371
256,main,1.35,action_only_bc,False,False,True,False,False,58,0.006050708700507602,0.18976383084828138,2.2454093782915128,1.3125983293666472,0.04540937829151259,40,0.03931407734269707,0.5355786236120053,0.9994019914626153
256,main,1.35,force_conditioned_bc,False,False,True,False,False,58,0.07472251334726067,0.0256557451731173,2.3142889804858298,1.3604403888264494,0.11428898048582958,55,0.10833679602382629,0.25239114802807305,1.8561606879934678
256,main,1.35,future_wrench_aux,False,False,True,False,False,58,0.14644229858944718,0.03044831068753187,2.3142889804858298,1.3604403888264494,0.11428898048582958,55,0.10760570735656384,0.25675019416072187,1.7869578090014353
256,main,1.35,critic_reranking,False,False,True,False,False,58,0.12281395121718186,0.039138709105843376,2.3142889804858298,1.3604403888264494,0.11428898048582958,54,0.11966608496745577,0.26298572798140857,1.9164801027830611
256,main,1.35,bounded_adaptation,True,False,True,False,False,22,1.0478212193965037,3.457964279182999e-14,2.3142889804858298,1.3604403888264494,0.11428898048582958,18,0.01617168564286372,0.18122067432544386,1.3762475949373298
257,main,1.35,action_only_bc,False,False,False,False,False,58,0.006050708700507602,0.16447188715387542,1.6961977046861672,0.9518072681222168,0.0,40,0.03931407734269707,0.36287400777394135,0.9994019914626153
257,main,1.35,force_conditioned_bc,True,False,False,False,False,24,1.0269781585344975,0.002605892332157169,1.7457978319445306,0.9864990842680954,0.0,21,0.012355014386666753,0.1147926420118363,1.0260679008288622
257,main,1.35,future_wrench_aux,True,False,False,False,False,24,1.0269781585344975,0.002605892332157169,1.7457978319445306,0.9864990842680954,0.0,21,0.012355014386666753,0.1147926420118363,1.0260679008288622
257,main,1.35,critic_reranking,True,False,False,False,False,21,1.0132264425506883,0.00040468093733039097,1.7457978319445306,0.9864990842680954,0.0,18,0.012781500798676904,0.13546592025097118,0.9475027722143242
257,main,1.35,bounded_adaptation,True,False,False,False,False,22,1.0248901063609923,6.309562813656613e-11,1.7457978319445306,0.9864990842680954,0.0,19,0.012795505346538047,0.1302035159885846,0.8674201745589356
258,main,1.35,action_only_bc,False,False,False,False,False,58,0.006064978991319348,0.13710048879252326,1.5412426121843599,0.8657088660835387,0.0,47,0.017856836448423716,0.292707712143828,0.9994019914626153
258,main,1.35,force_conditioned_bc,False,False,False,False,False,58,0.0983005051392423,0.028947943104450577,1.6113296861582278,0.9131263754269646,0.0,55,0.10085288675173584,0.2151787769796583,1.838178057122343
258,main,1.35,future_wrench_aux,False,False,False,False,False,58,0.14847842282812146,0.02864569746975419,1.6113296861582278,0.9131263754269646,0.0,55,0.09875068598908468,0.21802803287817463,1.7694788986664758
258,main,1.35,critic_reranking,False,False,False,False,False,58,0.4767031109414117,0.03612014887732318,1.6113296861582278,0.9131263754269646,0.0,55,0.1012902894592005,0.2445176482956175,1.9060959674806062
258,main,1.35,bounded_adaptation,True,False,False,False,False,24,1.0398742039237103,4.528754895329398e-17,1.6113296861582278,0.9131263754269646,0.0,21,0.011566202969833055,0.15034188252470895,0.9781365646191233
259,main,1.35,action_only_bc,False,False,False,False,False,58,0.006050708700507602,0.17600329210969046,1.127598589419595,0.3043450509880979,0.0,40,0.03931407734269707,0.17772947546515552,0.9994019914626153
259,main,1.35,force_conditioned_bc,True,False,False,True,True,35,1.0335862366771429,3.860589340386882e-09,1.1566251675811923,0.31543792966995243,0.0,32,0.00701213570510572,0.0582445761417401,0.8020063762959928
259,main,1.35,future_wrench_aux,True,False,False,True,True,35,1.0335862366771429,3.860589340386882e-09,1.1566251675811923,0.31543792966995243,0.0,32,0.00701213570510572,0.0582445761417401,0.8020063762959928
259,main,1.35,critic_reranking,True,False,False,False,False,29,1.024877715889931,2.2935950246407554e-07,1.1566251675811923,0.31543792966995243,0.0,26,0.008141532849030261,0.07101420900419902,0.5702053510599584
259,main,1.35,bounded_adaptation,True,False,False,False,False,28,1.0079610655895612,1.024984927029537e-11,1.1566251675811923,0.31543792966995243,0.0,25,0.008987235844853489,0.07449565382595244,0.6611541596881039
260,main,1.35,action_only_bc,False,False,False,False,False,58,0.006050708700507602,0.14724465892334268,1.7137888909107384,0.9201155265409039,0.0,40,0.03931407734269707,0.3580164836808203,0.9994019914626153
260,main,1.35,force_conditioned_bc,False,False,False,False,False,58,0.14241433683409246,0.03881555380516592,1.761588634854675,0.9536522306077889,0.0,55,0.10184458204624865,0.2161265567901006,1.879207061861732
260,main,1.35,future_wrench_aux,False,False,False,False,False,58,0.14474830119934562,0.03887899121891702,1.761588634854675,0.9536522306077889,0.0,55,0.10116132731446492,0.22098173088741377,1.8806206062122515
260,main,1.35,critic_reranking,False,False,False,False,False,58,0.11404091136560228,0.038652679597583686,1.761588634854675,0.9536522306077889,0.0,55,0.1036253572076366,0.2333946602622669,1.9149466858210928
260,main,1.35,bounded_adaptation,True,False,False,False,False,24,1.0464685651156613,1.2158676233284696e-19,1.761588634854675,0.9536522306077889,0.0,21,0.011790111991097097,0.1570711914429713,0.9846642442864186
261,main,1.35,action_only_bc,False,False,True,False,False,58,0.013420818336503978,0.22419056808658333,2.296228807752832,1.3826783500000364,0.28264341570137264,41,0.0465310261944942,0.6186127715984939,0.9994019914626153
261,main,1.35,force_conditioned_bc,False,False,False,False,False,58,0.1825637408006557,0.03367740179472527,1.743231099110139,0.9784054397229136,0.0,55,0.09719119690554606,0.23153861656164934,1.8583271853515129
261,main,1.35,future_wrench_aux,False,False,False,False,False,58,0.1825637408006557,0.03367740179472527,1.743231099110139,0.9784054397229136,0.0,55,0.09719119690554606,0.23153861656164934,1.8583271853515129
261,main,1.35,critic_reranking,True,False,False,False,False,25,1.0125676377847082,0.03353318312820131,1.743231099110139,0.9784054397229136,0.0,22,0.06071428149246231,0.20091056508816482,1.8443922457640416
261,main,1.35,bounded_adaptation,True,False,False,False,False,22,1.0433386708489267,3.9899472032456434e-13,1.743231099110139,0.9784054397229136,0.0,19,0.022197261038994106,0.16585628470361577,0.9590053592060376
262,main,1.35,action_only_bc,False,False,False,False,False,58,0.013420818336503978,0.2081278397739413,1.2343673351168956,0.3849971103062907,0.0,41,0.0465310261944942,0.21284844613206694,0.9994019914626153
262,main,1.35,force_conditioned_bc,True,False,False,False,False,28,1.0300495810683052,2.4762812258194654e-07,0.9689417913130449,0.2724301476198477,0.0,25,0.0115770849322776,0.08489674666866433,0.6468739686753519
262,main,1.35,future_wrench_aux,True,False,False,False,False,28,1.0300495810683052,2.4762812258194654e-07,0.9689417913130449,0.2724301476198477,0.0,25,0.0115770849322776,0.08489674666866433,0.6468739686753519
262,main,1.35,critic_reranking,True,False,False,True,True,25,1.0659316788950104,1.864098379411759e-06,0.9689417913130449,0.2724301476198477,0.0,22,0.0170628590104751,0.07666909751286473,0.6600193866775186
262,main,1.35,bounded_adaptation,True,False,False,False,False,23,1.0245041575674045,2.725572992268821e-09,0.9689417913130449,0.2724301476198477,0.0,20,0.015459722305220759,0.0799961690061739,0.6661029621903478
263,main,1.35,action_only_bc,False,False,True,False,False,58,0.013420818336503978,0.21212187525317255,2.221275502295543,1.3924743552014982,0.058083287273528406,41,0.0465310261944942,0.5953200923767162,0.9994019914626153
263,main,1.35,force_conditioned_bc,False,False,False,False,False,58,0.09219034164474314,0.0284910629430681,1.706158233715199,0.985337250564288,0.0,55,0.10320597528546623,0.21549234447896137,1.8552387614779524
263,main,1.35,future_wrench_aux,False,False,False,False,False,58,0.09219034164474314,0.0284910629430681,1.706158233715199,0.985337250564288,0.0,55,0.10320597528546623,0.21549234447896137,1.8552387614779524
263,main,1.35,critic_reranking,False,False,False,False,False,58,0.11766585622649307,0.03498701058458674,1.706158233715199,0.985337250564288,0.0,55,0.10334460793611859,0.23963802224583092,1.9093722434381286
263,main,1.35,bounded_adaptation,True,False,False,False,False,26,1.028746851586381,2.3053138539764153e-13,1.706158233715199,0.985337250564288,0.0,23,0.018662701191209555,0.17303963146011092,0.9504081169311548
264,main,1.35,action_only_bc,False,False,False,False,False,58,0.013420818336503978,0.1997423891783085,2.081628724136544,1.285637297225242,0.0,41,0.0465310261944942,0.5378635685759773,0.9994019914626153
264,main,1.35,force_conditioned_bc,False,False,False,False,False,58,0.12387049513754977,0.02483085333118784,1.5970807347477258,0.909737629952626,0.0,55,0.09892683478535526,0.22056103414500944,1.7838720152838476
264,main,1.35,future_wrench_aux,False,False,False,False,False,58,0.12387049513754977,0.02483085333118784,1.5970807347477258,0.909737629952626,0.0,55,0.09892683478535526,0.22056103414500944,1.7838720152838476
264,main,1.35,critic_reranking,False,False,False,False,False,58,0.9170748133056875,0.033995666630794216,1.5970807347477258,0.909737629952626,0.0,55,0.09375240474385399,0.21280493299883668,1.8832613189640441
264,main,1.35,bounded_adaptation,True,False,False,False,False,24,1.0344493962444066,2.761604774720108e-12,1.5970807347477258,0.909737629952626,0.0,21,0.020224991452184194,0.15323247849144572,0.9587952565488362
265,main,1.35,action_only_bc,False,False,False,False,False,58,0.007488990201499974,0.12110852705135718,0.7528484129523649,0.25724031201757647,0.0,47,0.017852532342946297,0.11311602206546384,0.9994019914626153
265,main,1.35,force_conditioned_bc,True,False,False,False,False,20,1.0390298611290654,8.565222134035209e-08,0.7832405184354614,0.2699107306729212,0.0,17,0.00850950775086003,0.09321773706908736,0.49429593957620543
265,main,1.35,future_wrench_aux,True,False,False,False,False,20,1.0390298611290654,8.565222134035209e-08,0.7832405184354614,0.2699107306729212,0.0,17,0.00850950775086003,0.09321773706908736,0.49429593957620543
265,main,1.35,critic_reranking,True,False,False,False,False,18,1.04058817356805,5.934165126672329e-07,0.7832405184354614,0.2699107306729212,0.0,15,0.011181094025457687,0.08418163917463518,0.6466179835859641
265,main,1.35,bounded_adaptation,True,False,False,False,False,18,1.0798457165390807,9.329445576900708e-12,0.7832405184354614,0.2699107306729212,0.0,15,0.01146796277943343,0.08114823086318333,0.6051535324454385
266,main,1.35,action_only_bc,False,False,False,False,False,58,0.013420818336503978,0.20059252353895685,2.1198721128178004,1.120784421223037,0.0,41,0.0465310261944942,0.52561252395068,0.9994019914626153
266,main,1.35,force_conditioned_bc,True,False,False,False,False,20,1.0169471839117574,0.002526863911207163,1.6078285777146732,0.7930850833682955,0.0,18,0.016289652969052142,0.09554555501322141,0.7249812577715691
266,main,1.35,future_wrench_aux,True,False,False,False,False,20,1.0025273965391255,0.0014428224713987667,1.6078285777146732,0.7930850833682955,0.0,17,0.021146471123375386,0.10231671786136802,0.9382748855328192
266,main,1.35,critic_reranking,True,False,False,False,False,19,1.0566450717746356,0.003472664369295201,1.6078285777146732,0.7930850833682955,0.0,16,0.030706496008413256,0.15006058978385853,0.9960744563777435
266,main,1.35,bounded_adaptation,True,False,False,False,False,20,1.076809251865723,3.388879731125019e-13,1.6078285777146732,0.7930850833682955,0.0,17,0.023523836401126697,0.13935778001516141,0.9519701334405901
267,main,1.35,action_only_bc,False,False,False,False,False,58,0.006050708700507602,0.17802933153514122,1.8884895181010213,1.147871618181667,0.0,40,0.03931407734269707,0.428360176793025,0.9994019914626153
267,main,1.35,force_conditioned_bc,True,False,False,False,False,20,1.0074479411207218,0.017639440087544277,1.9472520098467692,1.1897096587921294,0.0,17,0.025172719827393494,0.14509086848814717,1.644410074964693
267,main,1.35,future_wrench_aux,True,False,False,False,False,20,1.0074479411207218,0.017639440087544277,1.9472520098467692,1.1897096587921294,0.0,17,0.025172719827393494,0.14509086848814717,1.644410074964693
267,main,1.35,critic_reranking,True,False,False,False,False,22,1.004515536784342,0.028326883535502476,1.9472520098467692,1.1897096587921294,0.0,18,0.06873522248412257,0.20392077643650472,1.7941135268806878
267,main,1.35,bounded_adaptation,True,False,False,False,False,19,1.0516365342233742,1.0869632802524847e-21,1.9472520098467692,1.1897096587921294,0.0,15,0.019241296128666634,0.1347558024939688,1.260936031430382
268,main,1.35,action_only_bc,False,False,False,False,False,58,0.006050708700507602,0.13983977668571432,1.5908636651143313,0.8707690447814979,0.0,40,0.03931407734269707,0.33593103918201644,0.9994019914626153
268,main,1.35,force_conditioned_bc,False,False,False,False,False,58,0.09255371938287729,0.02947660441572241,1.635069611932451,0.9025071504031108,0.0,55,0.10465221175444092,0.22001678892698617,1.8481371204800365
268,main,1.35,future_wrench_aux,False,False,False,False,False,58,0.09255371938287729,0.02947660441572241,1.635069611932451,0.9025071504031108,0.0,55,0.10465221175444092,0.22001678892698617,1.8481371204800365
268,main,1.35,critic_reranking,False,False,False,False,False,58,0.11982730830783492,0.03806945022711259,1.635069611932451,0.9025071504031108,0.0,55,0.10945950793802767,0.2343632663525665,1.92086417084346
268,main,1.35,bounded_adaptation,True,False,False,False,False,21,1.0166717776626955,3.3543896829802137e-19,1.635069611932451,0.9025071504031108,0.0,18,0.01312305201671502,0.15084712078238566,0.9842866643139866
269,main,1.35,action_only_bc,False,False,False,False,False,58,0.006050708700507602,0.16790129265805398,1.8613990263573472,1.1403048966392653,0.0,40,0.03931407734269707,0.4230375898479949,0.9994019914626153
269,main,1.35,force_conditioned_bc,True,False,False,False,False,20,1.0497264205630954,0.004418107095260108,1.9192086835963393,1.181867142641546,0.0,17,0.015572801389596115,0.12555106223907053,1.1089671244189048
269,main,1.35,future_wrench_aux,True,False,False,False,False,20,1.0497264205630954,0.004418107095260108,1.9192086835963393,1.181867142641546,0.0,17,0.015572801389596115,0.12555106223907053,1.1089671244189048
269,main,1.35,critic_reranking,False,False,False,False,False,58,0.33540738703344736,0.03289383077527787,1.9192086835963393,1.181867142641546,0.0,54,0.10569949774404286,0.24712496747349189,1.8897975519950427
269,main,1.35,bounded_adaptation,True,False,False,False,False,19,1.042256446010951,2.067475127001505e-24,1.9192086835963393,1.181867142641546,0.0,15,0.019163793204070054,0.13215199433266747,1.303293170466842
270,main,1.35,action_only_bc,False,False,True,False,False,58,0.013420818336503978,0.23152181947235156,2.2109406001090286,1.3351462824453049,0.026911019094236988,41,0.0465310261944942,0.5820581828522194,0.9994019914626153
270,main,1.35,force_conditioned_bc,True,False,False,False,False,20,1.042319597114574,0.008334697870799454,1.6618561181453964,0.9447709842063248,0.0,17,0.02989320162991139,0.12280230674487067,1.4610300581278879
270,main,1.35,future_wrench_aux,True,False,False,False,False,20,1.042319597114574,0.008334697870799454,1.6618561181453964,0.9447709842063248,0.0,17,0.02989320162991139,0.12280230674487067,1.4610300581278879
270,main,1.35,critic_reranking,True,False,False,False,False,18,1.0335103147627187,0.006451263357798859,1.6618561181453964,0.9447709842063248,0.0,15,0.03523632580885769,0.1670220817023911,1.3131997559735307
270,main,1.35,bounded_adaptation,True,False,False,False,False,19,1.0494672840633845,9.187250084740897e-09,1.6618561181453964,0.9447709842063248,0.0,16,0.02690207068353806,0.1491900841717676,0.8734411954371081
271,main,1.35,action_only_bc,False,False,False,False,False,58,0.013420818336503978,0.20495372207024257,2.0066255902989463,1.1479759738131134,0.0,41,0.0465310261944942,0.49548923936262,0.9994019914626153
271,main,1.35,force_conditioned_bc,True,False,False,False,False,23,1.0136322960325836,0.012760747380968024,1.5362151717075359,0.8123262633351636,0.0,20,0.03190369633265228,0.10482350657569409,1.6068051476404372
271,main,1.35,future_wrench_aux,True,False,False,False,False,23,1.0136322960325836,0.012760747380968024,1.5362151717075359,0.8123262633351636,0.0,20,0.03190369633265228,0.10482350657569409,1.6068051476404372
271,main,1.35,critic_reranking,True,False,False,False,False,20,1.0224691546920115,0.006023616241841054,1.5362151717075359,0.8123262633351636,0.0,17,0.030231062397023473,0.16047030378325,1.2061926585515041
271,main,1.35,bounded_adaptation,True,False,False,False,False,21,1.0294345145415176,1.4861188041248969e-15,1.5362151717075359,0.8123262633351636,0.0,18,0.02251732206673373,0.14569624745088872,0.954239672893303
272,main,1.35,action_only_bc,False,False,False,False,False,58,0.006050708700507602,0.15518221000458074,1.8577783407065525,1.0888399441718435,0.0,40,0.03931407734269707,0.41232911773747355,0.9994019914626153
272,main,1.35,force_conditioned_bc,False,False,False,False,False,58,0.11504899967097881,0.02277515529504886,1.9140954353057311,1.12852637694097,0.0,55,0.11402329323335386,0.25256612068143763,1.7896841518951918
272,main,1.35,future_wrench_aux,False,False,False,False,False,58,0.11504899967097881,0.02277515529504886,1.9140954353057311,1.12852637694097,0.0,55,0.11402329323335386,0.25256612068143763,1.7896841518951918
272,main,1.35,critic_reranking,False,False,False,False,False,58,0.09383364989392926,0.03475024576467554,1.9140954353057311,1.12852637694097,0.0,55,0.12378635254428519,0.27136246619875437,2.0036272031811246
272,main,1.35,bounded_adaptation,True,False,False,False,False,17,1.0174345076853162,1.2984929723174175e-12,1.9140954353057311,1.12852637694097,0.0,14,0.016338723604510615,0.15461579174211326,1.3399136233155018
273,main,1.35,action_only_bc,False,False,False,False,False,58,0.013420818336503978,0.21293176019603222,1.6013649490619035,0.4678955625678007,0.0,41,0.0465310261944942,0.28192581996783506,0.9994019914626153
273,main,1.35,force_conditioned_bc,True,False,False,True,True,27,1.0452512098428814,3.159218046265351e-11,1.2462817484343518,0.33109042579464476,0.0,24,0.014414156428969507,0.07476490379446071,0.5105518792702177
273,main,1.35,future_wrench_aux,True,False,False,True,True,27,1.045066331656076,3.182438303801765e-11,1.2462817484343518,0.33109042579464476,0.0,24,0.014374769065372375,0.07460151681320741,0.510255946548722
273,main,1.35,critic_reranking,True,False,False,False,False,24,1.0627004999458174,1.6342133212172196e-09,1.2462817484343518,0.33109042579464476,0.0,21,0.016641485229199015,0.0794908501805798,0.6198051056406608
273,main,1.35,bounded_adaptation,True,False,False,False,False,24,1.0247203623233323,3.645949283223266e-15,1.2462817484343518,0.33109042579464476,0.0,21,0.017078833886973274,0.0834678068237838,0.5865751050315111
274,main,1.35,action_only_bc,False,False,False,False,False,58,0.006050708700507602,0.16739996093798218,1.7195591218414115,1.0442815129429552,0.0,40,0.03931407734269707,0.3856351775829644,0.9994019914626153
274,main,1.35,force_conditioned_bc,True,False,False,False,False,26,1.0048675639496076,0.028916122640556194,1.7698532082078284,1.0823438638672445,0.0,23,0.03040059106516559,0.13111066714706945,1.7739491660982052
274,main,1.35,future_wrench_aux,True,False,False,False,False,26,1.0048675639496076,0.028916122640556194,1.7698532082078284,1.0823438638672445,0.0,23,0.03040059106516559,0.13111066714706945,1.7739491660982052
274,main,1.35,critic_reranking,True,False,False,False,False,22,1.0510094097518372,0.02145530729706077,1.7698532082078284,1.0823438638672445,0.0,19,0.02453585400449451,0.15676709685921544,1.6806606499090657
274,main,1.35,bounded_adaptation,True,False,False,False,False,23,1.0483944392928348,8.855979219504938e-11,1.7698532082078284,1.0823438638672445,0.0,20,0.012709649592652124,0.1367717172266413,0.8717510344156936
275,main,1.35,action_only_bc,False,False,True,False,False,58,0.013420818336503978,0.21179350500988164,2.2704856473905313,1.3358828399052673,0.20570720507239182,41,0.0465310261944942,0.6103708881879497,0.9994019914626153
275,main,1.35,force_conditioned_bc,False,False,False,False,False,58,0.1444959862074337,0.036401437075908954,1.7642490584463775,0.945292184111925,0.0,55,0.10101519346233034,0.21552009887877657,1.8448762635140161
275,main,1.35,future_wrench_aux,False,False,False,False,False,58,0.1444959862074337,0.036401437075908954,1.7642490584463775,0.945292184111925,0.0,55,0.10101519346233034,0.21552009887877657,1.8448762635140161
275,main,1.35,critic_reranking,False,False,False,False,False,58,0.1131146279168557,0.0375221453176135,1.7642490584463775,0.945292184111925,0.0,55,0.10846843277321991,0.23796075649712306,1.9029936326226695
275,main,1.35,bounded_adaptation,True,False,False,False,False,28,1.0129965335019788,1.4815647891359574e-36,1.7642490584463775,0.945292184111925,0.0,25,0.014258256236131982,0.17887201431971556,1.1011252162504015
276,main,1.35,action_only_bc,False,False,False,False,False,58,0.006050708700507602,0.14327789618480558,0.9283775060338272,0.33868963359411747,0.0,40,0.03931407734269707,0.1529427308062974,0.9994019914626153
276,main,1.35,force_conditioned_bc,True,False,False,False,False,24,1.005366907306003,1.1879842115576088e-10,0.9518061145982938,0.35103431606575136,0.0,21,0.008891097975192499,0.07502223561427988,0.43532632577885383
276,main,1.35,future_wrench_aux,True,False,False,False,False,24,1.005366907306003,1.1879842115576088e-10,0.9518061145982938,0.35103431606575136,0.0,21,0.008891097975192499,0.07502223561427988,0.43532632577885383
276,main,1.35,critic_reranking,True,False,False,False,False,21,1.0226055681808752,5.08198298440481e-09,0.9518061145982938,0.35103431606575136,0.0,18,0.011629097766606923,0.06993358055970718,0.6158586688861306
276,main,1.35,bounded_adaptation,True,False,False,False,False,21,1.0268135180049318,1.873572492494774e-16,0.9518061145982938,0.35103431606575136,0.0,18,0.011627418337913035,0.07132027208091443,0.6228241832078178
277,main,1.35,action_only_bc,False,False,False,False,False,58,0.006050708700507602,0.17989235816411325,1.1593715972065952,0.2429077363366934,0.0,40,0.03931407734269707,0.17956555440173474,0.9994019914626153
277,main,1.35,force_conditioned_bc,True,False,False,True,True,25,1.0528234418834752,6.79042133083523e-05,1.1927653624816372,0.25176132551555014,0.0,22,0.009671679261339392,0.11502529361126607,0.6436662294259042
277,main,1.35,future_wrench_aux,True,False,False,True,True,25,1.0528234418834752,6.79042133083523e-05,1.1927653624816372,0.25176132551555014,0.0,22,0.009671679261339392,0.11502529361126607,0.6436662294259042
277,main,1.35,critic_reranking,True,False,False,False,False,22,1.0699132211175908,0.0002679398632547392,1.1927653624816372,0.25176132551555014,0.0,19,0.01065619229945415,0.11383245488592433,0.5434538532844074
277,main,1.35,bounded_adaptation,True,False,False,False,False,21,1.0680527006631313,5.2969289556780915e-06,1.1927653624816372,0.25176132551555014,0.0,18,0.011108107283040992,0.11307436982819888,0.6464899835039555
278,main,1.35,action_only_bc,False,False,False,False,False,58,0.013420818336503978,0.22555166693849882,1.5122329968342987,0.47921504516251406,0.0,41,0.0465310261944942,0.2661597295913757,0.9994019914626153
278,main,1.35,force_conditioned_bc,True,False,False,True,True,36,1.034611801481296,3.1790718359327796e-11,1.1859019904443129,0.3391002737433858,0.0,33,0.01199563795740291,0.06795613060249094,0.7237944931397673
278,main,1.35,future_wrench_aux,True,False,False,True,True,36,1.034611801481296,3.1790718359327796e-11,1.1859019904443129,0.3391002737433858,0.0,33,0.01199563795740291,0.06795613060249094,0.7237944931397673
278,main,1.35,critic_reranking,True,False,False,False,False,31,1.0473053005276596,4.3351670408407125e-09,1.1859019904443129,0.3391002737433858,0.0,28,0.013962756392034145,0.0673964814525475,0.5558824629619826
278,main,1.35,bounded_adaptation,True,False,False,False,False,28,1.0225742260589543,3.877623634168929e-23,1.1859019904443129,0.3391002737433858,0.0,25,0.014205448230009188,0.06696489969770034,0.6383846529313609
279,main,1.35,action_only_bc,False,False,True,False,False,58,0.006050708700507602,0.19096543962075022,2.2915987214947666,1.366399576637342,0.09159872149476644,40,0.03931407734269707,0.5551263609044568,0.9994019914626153
279,main,1.35,force_conditioned_bc,False,False,True,False,False,58,0.15596418569874174,0.04391576354425298,2.364325005484335,1.4162026034497217,0.16432500548433504,55,0.11212253768864655,0.2612401037139885,1.968689844189024
279,main,1.35,future_wrench_aux,False,False,True,False,False,58,0.10566634538327242,0.044183934207987614,2.364325005484335,1.4162026034497217,0.16432500548433504,55,0.11062330085647913,0.2699296946755378,2.148879712678905
279,main,1.35,critic_reranking,False,False,True,False,False,58,0.08719726580551744,0.03979313426407514,2.364325005484335,1.4162026034497217,0.16432500548433504,54,0.12322963581106428,0.2722401084259869,2.040430387547454
279,main,1.35,bounded_adaptation,True,False,True,False,False,19,1.0759123803852697,6.649264043988047e-13,2.364325005484335,1.4162026034497217,0.16432500548433504,15,0.01962591180705717,0.18166839972882953,1.4371991705481966
280,main,1.35,action_only_bc,False,False,False,False,False,58,0.006050708700507602,0.14120237252546508,1.4892600694366651,0.7951854873134218,0.0,40,0.03931407734269707,0.309732633892533,0.9994019914626153
280,main,1.35,force_conditioned_bc,True,False,False,False,False,27,1.0090563243369433,0.007176607585422854,1.529823576760721,0.8241686960487071,0.0,24,0.01721870454786096,0.11891685179918736,1.4877027376820706
280,main,1.35,future_wrench_aux,True,False,False,False,False,27,1.0090563243369433,0.007176607585422854,1.529823576760721,0.8241686960487071,0.0,24,0.01721870454786096,0.11891685179918736,1.4877027376820706
280,main,1.35,critic_reranking,True,False,False,False,False,23,1.0301188377337331,0.004540553926680184,1.529823576760721,0.8241686960487071,0.0,20,0.016434081526043712,0.15081136334701742,0.9906779292813029
280,main,1.35,bounded_adaptation,True,False,False,False,False,24,1.0470892585282323,4.116118202770464e-28,1.529823576760721,0.8241686960487071,0.0,21,0.011316214335207792,0.13738085649556941,1.031086254218872
281,main,1.35,action_only_bc,False,False,True,False,False,58,0.013420818336503978,0.23296084804837622,2.641240099486269,1.362095520937112,3.167901980822124,41,0.0465310261944942,0.7603147324910564,0.9994019914626153
281,main,1.35,force_conditioned_bc,False,False,False,True,False,58,0.650675875746523,0.02796164990236453,1.9995289447197704,0.9638406988198307,0.0,55,0.08139178725633447,0.21987680229222495,1.7653069381764346
281,main,1.35,future_wrench_aux,True,False,False,False,False,24,1.012326745640877,0.016884280657785352,1.9995289447197704,0.9638406988198307,0.0,21,0.026553673389837582,0.13995480810902447,1.6139515617321711
281,main,1.35,critic_reranking,True,False,False,False,False,22,1.0495667580937431,0.024625173975454752,1.9995289447197704,0.9638406988198307,0.0,19,0.045306277056719135,0.21166855773164303,1.7285876693860378
281,main,1.35,bounded_adaptation,True,False,False,False,False,23,1.0102110662243167,9.990492752339607e-14,1.9995289447197704,0.9638406988198307,0.0,20,0.02074825807239389,0.17893009616831368,0.9087374895137525
282,main,1.35,action_only_bc,False,False,False,False,False,58,0.006050708700507602,0.1869120783665496,1.2349474009134533,0.37123953564771894,0.0,40,0.03931407734269707,0.20665052258337013,0.9994019914626153
282,main,1.35,force_conditioned_bc,True,False,False,True,True,25,1.0355977123049858,1.330382725324826e-07,1.2703543185619552,0.3847706087421495,0.0,22,0.010567190289144567,0.10114863174723102,0.6992989963134197
282,main,1.35,future_wrench_aux,True,False,False,True,True,25,1.0344750498901707,1.3608236652290877e-07,1.2703543185619552,0.3847706087421495,0.0,22,0.01042586443695035,0.10090639943909756,0.5909527722948045
282,main,1.35,critic_reranking,True,False,False,False,False,23,1.0429784095263106,1.2743739727364238e-06,1.2703543185619552,0.3847706087421495,0.0,20,0.011825594114278875,0.09038968870809487,0.4845253497677149
282,main,1.35,bounded_adaptation,True,False,False,False,False,21,1.067525799432465,4.950509411058803e-16,1.2703543185619552,0.3847706087421495,0.0,18,0.012147472721362676,0.09406315472873056,0.5731397979434331
283,main,1.35,action_only_bc,False,False,False,False,False,58,0.013420818336503978,0.19461285047185875,2.1042512540711904,1.1514711890361256,0.0,41,0.0465310261944942,0.5257518242202585,0.9994019914626153
283,main,1.35,force_conditioned_bc,True,False,False,False,False,23,1.0475027342948404,0.023193914505258286,1.6024777184862853,0.8147995338446766,0.0,21,0.040986054278648675,0.12451422160561322,1.711234645882437
283,main,1.35,future_wrench_aux,True,False,False,False,False,24,1.018885841699895,0.02381516651529917,1.6024777184862853,0.8147995338446766,0.0,21,0.049446408173014544,0.13778258583743463,1.7221507997245267
283,main,1.35,critic_reranking,True,False,False,False,False,19,1.0416320357290538,0.012073521583830415,1.6024777184862853,0.8147995338446766,0.0,16,0.035219816201136234,0.1577052678711693,1.542775839955759
283,main,1.35,bounded_adaptation,True,False,False,False,False,20,1.0257826869158986,4.4218388592332354e-14,1.6024777184862853,0.8147995338446766,0.0,17,0.023363952187735834,0.14551465018017856,0.9969228857060717
284,main,1.35,action_only_bc,False,False,False,False,False,58,0.006050708700507602,0.1437843457188424,1.556502134488306,0.9362854109723857,0.0,40,0.03931407734269707,0.3456528536977471,0.9994019914626153
284,main,1.35,force_conditioned_bc,False,False,False,False,False,58,0.6270376969845126,0.02927072475697022,1.6020478402306906,0.9704114808453377,0.0,55,0.08108552840275077,0.20868313969051272,1.818090494073104
284,main,1.35,future_wrench_aux,False,False,False,False,False,58,0.6270376969845126,0.02927072475697022,1.6020478402306906,0.9704114808453377,0.0,55,0.08108552840275077,0.20868313969051272,1.818090494073104
284,main,1.35,critic_reranking,True,False,False,False,False,20,1.0234308229452669,0.02578039992209164,1.6020478402306906,0.9704114808453377,0.0,17,0.03695473880413778,0.14232556153360104,1.7406715954989465
284,main,1.35,bounded_adaptation,True,False,False,False,False,20,1.0092423309745113,2.731926338921258e-10,1.6020478402306906,0.9704114808453377,0.0,17,0.013991347663146022,0.12027427648435425,0.972321289693368
285,main,1.35,action_only_bc,False,False,False,False,False,58,0.006600109336958912,0.13581197119794694,0.9685681935920828,0.32410388567409043,0.0,47,0.017856278637187126,0.15434877499378666,0.9994019914626153
285,main,1.35,force_conditioned_bc,True,False,False,True,True,27,1.0285400294560796,1.2798998833568147e-11,1.0099880408068267,0.3415707824093875,0.0,24,0.008822904437284547,0.07052748539768823,0.5175612168231813
285,main,1.35,future_wrench_aux,True,False,False,True,True,27,1.0285400294560796,1.2798998833568147e-11,1.0099880408068267,0.3415707824093875,0.0,24,0.008822904437284547,0.07052748539768823,0.5175612168231813
285,main,1.35,critic_reranking,True,False,False,False,False,23,1.0147859803541748,2.0333611034311907e-09,1.0099880408068267,0.3415707824093875,0.0,20,0.010975968486162984,0.0691898004821332,0.5729390975821952
285,main,1.35,bounded_adaptation,True,False,False,False,False,22,1.0404562727335749,3.7024883497476184e-16,1.0099880408068267,0.3415707824093875,0.0,19,0.009869358890966748,0.06790540129235646,0.5501116756791945
286,main,1.35,action_only_bc,False,False,False,False,False,58,0.013420818336503978,0.21775212255015278,1.2613237214212447,0.3730491616360086,0.0,41,0.0465310261944942,0.21471605239361552,0.9994019914626153
286,main,1.35,force_conditioned_bc,True,False,False,True,True,28,1.0327715975649165,8.322607581331942e-07,0.9877960909405121,0.26397558696766577,0.0,25,0.013948385979905985,0.09114907308469243,0.798691721741293
286,main,1.35,future_wrench_aux,True,False,False,True,True,28,1.0327715975649165,8.322607581331942e-07,0.9877960909405121,0.26397558696766577,0.0,25,0.013948385979905985,0.09114907308469243,0.798691721741293
286,main,1.35,critic_reranking,True,False,False,True,True,25,1.068004296233553,6.790853505041748e-06,0.9877960909405121,0.26397558696766577,0.0,22,0.017170463406196677,0.07839180703979816,0.5647296857241664
286,main,1.35,bounded_adaptation,True,False,False,True,True,24,1.0025265609895422,1.4649027737779137e-08,0.9877960909405121,0.26397558696766577,0.0,21,0.018011275186893213,0.0793445764318232,0.6520168101707153
287,main,1.35,action_only_bc,False,False,True,False,False,58,0.013420818336503978,0.21735975836029534,2.3034351803988002,1.4359837281656214,0.30931412838438277,41,0.0465310261944942,0.6259661029645568,0.9994019914626153
287,main,1.35,force_conditioned_bc,False,False,False,False,False,58,0.08943056877380783,0.02574427887267053,1.7507802850055985,1.016125182686773,0.0,55,0.10641814178361868,0.21928487433729674,1.8238882107011682
287,main,1.35,future_wrench_aux,False,False,False,False,False,58,0.08943056877380783,0.02574427887267053,1.7507802850055985,1.016125182686773,0.0,55,0.10641814178361868,0.21928487433729674,1.8238882107011682
287,main,1.35,critic_reranking,False,False,False,False,False,58,0.11592917498914795,0.03488757846406301,1.7507802850055985,1.016125182686773,0.0,55,0.10718622223163433,0.24159911902282477,1.914290175454076
287,main,1.35,bounded_adaptation,True,False,False,False,False,23,1.0309293424846322,1.057192504998144e-11,1.7507802850055985,1.016125182686773,0.0,20,0.021426871491642466,0.16598447706225475,0.9654913529735555
288,main,1.35,action_only_bc,False,False,False,False,False,58,0.006844536793261647,0.12315092148544125,0.7575180123886246,0.22818674598594124,0.0,47,0.017855243531137502,0.10728063175710228,0.9994019914626153
288,main,1.35,force_conditioned_bc,True,False,False,True,True,30,1.0231227239831062,1.813651933174119e-08,0.786833471298609,0.24019384267887325,0.0,27,0.006863433758482847,0.06748512253024912,0.6627428465122649
288,main,1.35,future_wrench_aux,True,False,False,True,True,30,1.0231227239831062,1.813651933174119e-08,0.786833471298609,0.24019384267887325,0.0,27,0.006863433758482847,0.06748512253024912,0.6627428465122649
288,main,1.35,critic_reranking,True,False,False,False,False,25,1.0232109218810874,5.603242314753089e-07,0.786833471298609,0.24019384267887325,0.0,22,0.008437757288360269,0.056580566474264356,0.6787780375687391
288,main,1.35,bounded_adaptation,True,False,False,False,False,24,1.030326680805251,1.0181595072810557e-12,0.786833471298609,0.24019384267887325,0.0,21,0.008608249858458239,0.056931718203888294,0.6729866349248106
289,main,1.35,action_only_bc,False,False,False,False,False,58,0.013420818336503978,0.19380013130493157,2.1575110820482353,1.2190079420567093,0.0,41,0.0465310261944942,0.5523550148716445,0.9994019914626153
289,main,1.35,force_conditioned_bc,False,False,False,False,False,58,0.1280285765176726,0.03379308269017252,1.6385197657342496,0.8625896265560874,0.0,55,0.10269588312256732,0.22623935802313416,1.8652508306985414
289,main,1.35,future_wrench_aux,False,False,False,False,False,58,0.1280285765176726,0.03379308269017252,1.6385197657342496,0.8625896265560874,0.0,55,0.10269588312256732,0.22623935802313416,1.8652508306985414
289,main,1.35,critic_reranking,True,False,False,False,False,36,1.0024518477119497,0.03380025714299088,1.6385197657342496,0.8625896265560874,0.0,33,0.08863661976337033,0.19906248056363327,1.8691506492480698
289,main,1.35,bounded_adaptation,True,False,False,False,False,20,1.0660105100037303,3.4024801788147665e-15,1.6385197657342496,0.8625896265560874,0.0,17,0.01970121862605535,0.1257916548147848,1.0636750223786162
290,main,1.35,action_only_bc,False,False,True,False,False,58,0.013420818336503978,0.22776277567188902,2.7743333843381457,1.5722482211186801,4.861417365689278,41,0.0465310261944942,0.8273031163722098,0.9994019914626153
290,main,1.35,force_conditioned_bc,False,False,False,True,False,58,0.12976484401267888,0.04330593042547607,2.086776949618479,1.11254812960451,0.0,55,0.11221326736647882,0.24317769210354043,1.9709832697936553
290,main,1.35,future_wrench_aux,False,False,False,False,False,58,0.07981588052396237,0.02543107284983879,2.086776949618479,1.11254812960451,0.0,55,0.11165641436302028,0.2431500997552554,1.8512352390321993
290,main,1.35,critic_reranking,False,False,False,False,False,58,0.11973872614184862,0.04209783954867898,2.086776949618479,1.11254812960451,0.0,55,0.11588536630514057,0.27065796202354514,1.959177167703782
290,main,1.35,bounded_adaptation,True,False,False,False,False,22,1.004040653469517,6.806618551645073e-10,2.086776949618479,1.11254812960451,0.0,19,0.02281341995027876,0.19339251394745977,0.9538212887658999
291,main,1.35,action_only_bc,False,False,True,False,False,58,0.013420818336503978,0.21567483946446828,2.398797082252796,1.4138706096973004,0.8715874674849995,41,0.0465310261944942,0.6618271090616608,0.9994019914626153
291,main,1.35,force_conditioned_bc,False,False,False,False,False,58,0.12970224750475298,0.029445820197225,1.840157939546415,1.0004775843869649,0.0,55,0.09415905382546451,0.22756273444437286,1.8263981749986624
291,main,1.35,future_wrench_aux,False,False,False,False,False,58,0.3826367133976609,0.02944582019548318,1.840157939546415,1.0004775843869649,0.0,55,0.08206969571959152,0.2209186951632656,1.826397643934675
291,main,1.35,critic_reranking,True,False,False,False,False,48,1.0034712057566184,0.02944581957002967,1.840157939546415,1.0004775843869649,0.0,45,0.07934597011469083,0.2065808476171551,1.8263842961410324
291,main,1.35,bounded_adaptation,True,False,False,False,False,29,1.0329469394761512,2.523434872270785e-12,1.840157939546415,1.0004775843869649,0.0,26,0.016918162689411594,0.180038774000557,0.9396429955193879
292,main,1.35,action_only_bc,False,False,False,False,False,58,0.006050708700507602,0.15626950711925355,1.6871709983133503,1.009132300431057,0.0,40,0.03931407734269707,0.3752732122953414,0.9994019914626153
292,main,1.35,force_conditioned_bc,False,False,False,False,False,58,0.288947489188689,0.034597533213062796,1.7376907037337899,1.045913520123242,0.0,55,0.0962884571798835,0.23468547212630975,1.889841416293622
292,main,1.35,future_wrench_aux,False,False,False,False,False,58,0.288947489188689,0.034597533213062796,1.7376907037337899,1.045913520123242,0.0,55,0.0962884571798835,0.23468547212630975,1.889841416293622
292,main,1.35,critic_reranking,True,False,False,False,False,20,1.003143896391587,0.03361586149660283,1.7376907037337899,1.045913520123242,0.0,17,0.047087291470488006,0.1665324983275221,1.8307818254195674
292,main,1.35,bounded_adaptation,True,False,False,False,False,19,1.0570501541035489,1.4021656222019184e-13,1.7376907037337899,1.045913520123242,0.0,16,0.014805855307877222,0.1249811803165975,1.0603314895609448
293,main,1.35,action_only_bc,False,False,False,False,False,58,0.006050708700507602,0.15356673736571796,0.978745691680812,0.23701723099343652,0.0,40,0.03931407734269707,0.15000425292973352,0.9994019914626153
293,main,1.35,force_conditioned_bc,True,False,False,True,True,24,1.043322941073387,1.82509214167895e-05,1.005534087952155,0.24565612089942715,0.0,21,0.009149415748780063,0.10773539634503108,0.6469997644711548
293,main,1.35,future_wrench_aux,True,False,False,True,True,24,1.043322941073387,1.82509214167895e-05,1.005534087952155,0.24565612089942715,0.0,21,0.009149415748780063,0.10773539634503108,0.6469997644711548
293,main,1.35,critic_reranking,True,False,False,False,False,21,1.0049820528710147,0.00010691473131616981,1.005534087952155,0.24565612089942715,0.0,18,0.01035248385311632,0.09747292820644435,0.5546498575830828
293,main,1.35,bounded_adaptation,True,False,False,False,False,20,1.0469501464340316,6.135098520393167e-09,1.005534087952155,0.24565612089942715,0.0,17,0.011457847352334079,0.09461340866605208,0.553980133098293
294,main,1.35,action_only_bc,False,False,False,False,False,58,0.006050708700507602,0.18169142546376554,1.4018088193464842,0.4375238217097027,0.0,40,0.03931407734269707,0.24140837033280158,0.9994019914626153
294,main,1.35,force_conditioned_bc,True,False,False,True,True,21,1.0598502052516616,6.470225158547305e-10,1.4431013270440263,0.45347084847714925,0.0,18,0.013363297486507178,0.110893128247596,0.5076300770373479
294,main,1.35,future_wrench_aux,True,False,False,False,False,21,1.0451230448406936,1.1638835685276196e-09,1.4431013270440263,0.45347084847714925,0.0,18,0.011751700651697897,0.10743160436977796,0.6712676216419334
294,main,1.35,critic_reranking,True,False,False,False,False,19,1.0480951285006312,1.694139480592524e-08,1.4431013270440263,0.45347084847714925,0.0,16,0.013920450576388028,0.097972525803459,0.6156249000328882
294,main,1.35,bounded_adaptation,True,False,False,False,False,19,1.08,8.9423184851408e-12,1.4431013270440263,0.45347084847714925,0.0,16,0.014316545274607434,0.09564629104600642,0.6470196514328215
295,main,1.35,action_only_bc,False,False,False,False,False,58,0.006730184084579122,0.12630677573921592,1.4964964169404795,0.7794487489841226,0.0,47,0.01785572733153777,0.2733931379545772,0.9994019914626153
295,main,1.35,force_conditioned_bc,False,False,False,False,False,58,0.1460246169759048,0.03445235963601741,1.5631934985020919,0.8209274947421307,0.0,55,0.09863131868606137,0.21553600944660714,1.8442340097548566
295,main,1.35,future_wrench_aux,False,False,False,False,False,58,0.12238452105705006,0.03495039107190977,1.5631934985020919,0.8209274947421307,0.0,55,0.09737737216708138,0.22143622516684897,1.86563234244812
295,main,1.35,critic_reranking,False,False,False,False,False,58,0.40044076173101745,0.0350115395615322,1.5631934985020919,0.8209274947421307,0.0,55,0.09903792224219729,0.2382843771763898,1.8776959922455474
295,main,1.35,bounded_adaptation,True,False,False,False,False,24,1.0512108729538343,1.0067806460245763e-18,1.5631934985020919,0.8209274947421307,0.0,21,0.011466355838707741,0.15125974948264098,0.9785864071792291
296,main,1.35,action_only_bc,False,False,False,False,False,58,0.006050708700507602,0.17380617259376974,1.8672896155748482,1.0648718799288026,0.0,40,0.03931407734269707,0.40727330894797437,0.9994019914626153
296,main,1.35,force_conditioned_bc,True,False,False,False,False,32,1.0197264355657407,0.01851277477080003,1.920917289339766,1.1036847160088297,0.0,29,0.021035846215984966,0.14771495806003176,1.6761969031541468
296,main,1.35,future_wrench_aux,True,False,False,False,False,32,1.0197264355657407,0.01851277477080003,1.920917289339766,1.1036847160088297,0.0,29,0.021035846215984966,0.14771495806003176,1.6761969031541468
296,main,1.35,critic_reranking,True,False,False,False,False,27,1.0275955174311884,0.02049744179648025,1.920917289339766,1.1036847160088297,0.0,24,0.029574471398945628,0.1879712931010409,1.6987389672549027
296,main,1.35,bounded_adaptation,True,False,False,False,False,28,1.0203957701511106,3.620150324564414e-14,1.920917289339766,1.1036847160088297,0.0,25,0.01045119638803458,0.1650161627527993,0.9048659674948527
297,main,1.35,action_only_bc,False,False,False,False,False,58,0.007546234946120568,0.11901962948399934,1.2920822401422636,0.7299206073495766,0.0,47,0.01785229278802342,0.24416492897053588,0.9994019914626153
297,main,1.35,force_conditioned_bc,False,False,False,False,False,58,0.7713070129344906,0.027870596418037102,1.3518762736775984,0.7656544661861872,0.0,55,0.08394762657862752,0.20895909670868854,1.7793679310859554
297,main,1.35,future_wrench_aux,False,False,False,False,False,58,0.7713070129344906,0.027870596418037102,1.3518762736775984,0.7656544661861872,0.0,55,0.08394762657862752,0.20895909670868854,1.7793679310859554
297,main,1.35,critic_reranking,True,False,False,False,False,17,1.0055389667438064,0.02447598906970578,1.3518762736775984,0.7656544661861872,0.0,14,0.04275965698397656,0.14737864417782764,1.735003581612805
297,main,1.35,bounded_adaptation,True,False,False,False,False,17,1.0367626556259217,1.6456716683364353e-12,1.3518762736775984,0.7656544661861872,0.0,14,0.015726140709136496,0.11162172191558774,1.0264274773534683
298,main,1.35,action_only_bc,False,False,False,False,False,58,0.006050708700507602,0.14546404482257547,0.957476974649588,0.24638173487657658,0.0,40,0.03931407734269707,0.14599956881581655,0.9994019914626153
298,main,1.35,force_conditioned_bc,True,False,False,True,True,26,1.0417696287892793,5.689331019144435e-07,0.982158841948762,0.25536194561283587,0.0,23,0.008332983890585163,0.0827234651717042,0.7984982962053248
298,main,1.35,future_wrench_aux,True,False,False,True,True,26,1.0417696287892793,5.689331019144435e-07,0.982158841948762,0.25536194561283587,0.0,23,0.008332983890585163,0.0827234651717042,0.7984982962053248
298,main,1.35,critic_reranking,True,False,False,False,False,22,1.041876032169419,7.274450729623931e-06,0.982158841948762,0.25536194561283587,0.0,19,0.009766439519466454,0.06981580315898418,0.5051254647375327
298,main,1.35,bounded_adaptation,True,False,False,False,False,22,1.049719649478932,7.182813240530643e-11,0.982158841948762,0.25536194561283587,0.0,19,0.010155015645293442,0.07186481454699761,0.5666389321814986
299,main,1.35,action_only_bc,False,False,False,False,False,58,0.006050708700507602,0.17143300301054376,1.9146455679103853,1.0834184598917682,0.0,40,0.03931407734269707,0.4186491140383988,0.9994019914626153
299,main,1.35,force_conditioned_bc,False,False,False,False,False,58,0.23906095237875602,0.03436924768499802,1.9689878885050338,1.1229072884376643,0.0,55,0.08606092157965059,0.23426869525109553,1.8758261251053119
299,main,1.35,future_wrench_aux,False,False,False,False,False,58,0.23906095237875602,0.03436924768499802,1.9689878885050338,1.1229072884376643,0.0,55,0.08606092157965059,0.23426869525109553,1.8758261251053119
299,main,1.35,critic_reranking,True,False,False,False,False,27,1.0356334309951696,0.01852346885633222,1.9689878885050338,1.1229072884376643,0.0,24,0.016604882054990427,0.20601759251098983,1.58325934799658
299,main,1.35,bounded_adaptation,True,False,False,False,False,29,1.0456067757641279,8.309278586008107e-13,1.9689878885050338,1.1229072884376643,0.0,26,0.010092503125413507,0.182154979812115,0.8260622811162958
300,main,1.35,action_only_bc,False,False,False,False,False,58,0.006050708700507602,0.19106787068527234,1.921256199034034,1.0417593921013693,0.0,40,0.03931407734269707,0.41220669676468624,0.9994019914626153
300,main,1.35,force_conditioned_bc,True,False,False,False,False,31,1.0303468444868602,6.431858666710088e-05,1.9769828483843466,1.079729815851466,0.0,28,0.00875914960885918,0.13567884563426466,0.9452077855697953
300,main,1.35,future_wrench_aux,True,False,False,False,False,31,1.0077265222163494,0.00020574071715949124,1.9769828483843466,1.079729815851466,0.0,28,0.009247647345112634,0.13687373988569357,0.8896248051991805
300,main,1.35,critic_reranking,True,False,False,False,False,27,1.042758300042542,0.0016658219462139297,1.9769828483843466,1.079729815851466,0.0,23,0.01782083347181899,0.167485051965358,1.0407171128358876
300,main,1.35,bounded_adaptation,True,False,False,False,False,28,1.0252423227757432,2.167486271748008e-33,1.9769828483843466,1.079729815851466,0.0,24,0.013888754642584563,0.16101801961721324,1.046371194522778
301,main,1.35,action_only_bc,False,False,True,False,False,58,0.013420818336503978,0.23788749260995637,2.393553906373764,1.4381506646997528,0.8390688028884274,41,0.0465310261944942,0.6609900656979534,0.9994019914626153
301,main,1.35,force_conditioned_bc,True,False,False,False,False,33,1.0064956713843263,0.018023044960063038,1.8304191743366023,1.017658541831746,0.0,30,0.03846848900437605,0.1320897435746897,1.667907218303152
301,main,1.35,future_wrench_aux,True,False,False,False,False,33,1.0064956713843263,0.018023044960063038,1.8304191743366023,1.017658541831746,0.0,30,0.03846848900437605,0.1320897435746897,1.667907218303152
301,main,1.35,critic_reranking,True,False,False,False,False,26,1.0007368004741037,0.016378894736640184,1.8304191743366023,1.017658541831746,0.0,23,0.03693902636685903,0.17261199363682708,1.657585157510765
301,main,1.35,bounded_adaptation,True,False,False,False,False,28,1.0012014342800055,5.636315534053449e-27,1.8304191743366023,1.017658541831746,0.0,24,0.0199179262246113,0.16101566282678048,1.1418550798214706
302,main,1.35,action_only_bc,False,False,False,False,False,58,0.006050708700507602,0.14440169487223245,1.6762112940218765,1.0010052954044146,0.0,40,0.03931407734269707,0.37161135573109333,0.9994019914626153
302,main,1.35,force_conditioned_bc,False,False,False,False,False,58,0.10192375861151758,0.037149560901940305,1.7248444293825227,1.0374902990729953,0.0,55,0.10594429605288777,0.22586763218891553,1.9729868440223084
302,main,1.35,future_wrench_aux,False,False,False,False,False,58,0.10192375861151758,0.037149560901940305,1.7248444293825227,1.0374902990729953,0.0,55,0.10594429605288777,0.22586763218891553,1.9729868440223084
302,main,1.35,critic_reranking,False,False,False,False,False,58,0.11025615077989409,0.03596406383890834,1.7248444293825227,1.0374902990729953,0.0,55,0.106505616991756,0.23319502087122143,1.9133763028204696
302,main,1.35,bounded_adaptation,True,False,False,False,False,23,1.0525588657205056,2.2981021812887506e-12,1.7248444293825227,1.0374902990729953,0.0,20,0.012231366070563143,0.13491455580611644,1.027364659765646
303,main,1.35,action_only_bc,False,False,False,False,False,58,0.013420818336503978,0.20401808908891653,1.2153973603786674,0.28542276697791774,0.0,41,0.0465310261944942,0.1930673578653821,0.9994019914626153
303,main,1.35,force_conditioned_bc,True,False,False,True,True,35,1.0293133677546504,3.8575121225036e-07,0.9789100506685772,0.20196974070791873,0.0,32,0.01059626675664766,0.06119384082260325,0.9418061572763996
303,main,1.35,future_wrench_aux,True,False,False,True,True,35,1.0293133677546504,3.8575121225036e-07,0.9789100506685772,0.20196974070791873,0.0,32,0.01059626675664766,0.06119384082260325,0.9418061572763996
303,main,1.35,critic_reranking,True,False,False,True,True,30,1.039903896891375,5.639635396220532e-06,0.9789100506685772,0.20196974070791873,0.0,27,0.013561237899441842,0.06219730856053472,0.6276948697119398
303,main,1.35,bounded_adaptation,True,False,False,True,True,30,1.0445069387769292,7.436167007375374e-09,0.9789100506685772,0.20196974070791873,0.0,27,0.013568160178694957,0.062163853136895396,0.6323349432090498
304,main,1.35,action_only_bc,False,False,False,False,False,58,0.006050708700507602,0.16786801398651802,1.9530097038457994,0.9930012706136593,0.0,40,0.03931407734269707,0.41077125962137373,0.9994019914626153
304,main,1.35,force_conditioned_bc,False,False,False,True,False,58,0.36652325554580195,0.030206073091157935,2.007717898716907,1.0291945406868284,0.0,55,0.07945724348154673,0.23055395626572636,1.793351691709039
304,main,1.35,future_wrench_aux,False,False,False,False,False,58,0.582026841494487,0.030206072989395143,2.007717898716907,1.0291945406868284,0.0,55,0.07085368247300795,0.21639877083862052,1.7933508642831262
304,main,1.35,critic_reranking,False,False,False,True,False,58,0.35626345875310916,0.030346475184129397,2.007717898716907,1.0291945406868284,0.0,55,0.09622644401031359,0.24070008959907344,1.7933517856232954
304,main,1.35,bounded_adaptation,True,False,False,True,True,28,1.0191085355852767,6.938741797919623e-26,2.007717898716907,1.0291945406868284,0.0,25,0.009976471728910667,0.1839103460340097,0.9810733706251612
305,main,1.35,action_only_bc,False,False,False,False,False,58,0.006540782827357186,0.12732728876735197,0.9777162935231701,0.23298729035742932,0.0,47,0.017856530433629895,0.14836496439502284,0.9994019914626153
305,main,1.35,force_conditioned_bc,True,False,False,False,False,32,1.0171738392289937,2.8395426263312245e-11,1.0150664870779516,0.24561560129750643,0.0,29,0.005500152790486811,0.06271938744515633,0.4741732309748562
305,main,1.35,future_wrench_aux,True,False,False,False,False,32,1.0171738392289937,2.8395426263312245e-11,1.0150664870779516,0.24561560129750643,0.0,29,0.005500152790486811,0.06271938744515633,0.4741732309748562
305,main,1.35,critic_reranking,True,False,False,True,True,27,1.0213087642554608,2.3598809667542735e-09,1.0150664870779516,0.24561560129750643,0.0,24,0.009285472946526506,0.09620834147448291,0.6749419484093373
305,main,1.35,bounded_adaptation,True,False,False,True,True,28,1.0455100743706842,2.9290455129742105e-12,1.0150664870779516,0.24561560129750643,0.0,25,0.008989112829990929,0.09334394715256202,0.6177615981765066
306,main,1.35,action_only_bc,False,False,False,False,False,58,0.013420818336503978,0.19448866468368003,1.2124669803992796,0.3008484438268355,0.0,41,0.0465310261944942,0.19679312167686094,0.9994019914626153
306,main,1.35,force_conditioned_bc,True,False,False,True,True,26,1.0348872155629172,9.713991712704048e-06,0.9481313460347469,0.21288519775574807,0.0,23,0.014221989525998093,0.1009844167088583,0.9419361770878418
306,main,1.35,future_wrench_aux,True,False,False,True,True,26,1.0348872155629172,9.713991712704048e-06,0.9481313460347469,0.21288519775574807,0.0,23,0.014221989525998093,0.1009844167088583,0.9419361770878418
306,main,1.35,critic_reranking,True,False,False,False,False,23,1.0394252859190818,5.8434281888492966e-05,0.9481313460347469,0.21288519775574807,0.0,21,0.009781367702017128,0.07913804191068105,0.808490155344875
306,main,1.35,bounded_adaptation,True,False,False,False,False,23,1.0611650517995017,7.347909905905885e-07,0.9481313460347469,0.21288519775574807,0.0,21,0.009798871148958428,0.07956209422653726,0.6710336333401019
307,main,1.35,action_only_bc,False,False,False,False,False,58,0.013420818336503978,0.22962248674806435,1.6027540573707428,0.41736513811153964,0.0,41,0.0465310261944942,0.27357015425151593,0.9994019914626153
307,main,1.35,force_conditioned_bc,True,False,False,True,True,36,1.0348410521687799,1.2801009933925178e-10,1.2662386998492057,0.29533428470838835,0.0,33,0.011545575132974707,0.06868560155673203,0.7205063439403563
307,main,1.35,future_wrench_aux,True,False,False,True,True,36,1.0347214803530191,1.2850297005392692e-10,1.2662386998492057,0.29533428470838835,0.0,33,0.011501111024212137,0.06834302779453946,0.7204410477197247
307,main,1.35,critic_reranking,True,False,False,False,False,30,1.015685752522117,1.6958786971839362e-08,1.2662386998492057,0.29533428470838835,0.0,27,0.013562191531823834,0.08817804825043865,0.49323954417137544
307,main,1.35,bounded_adaptation,True,False,False,False,False,30,1.038432167001335,4.6464962382238907e-17,1.2662386998492057,0.29533428470838835,0.0,27,0.013741376879019593,0.09145874696917863,0.5430008101557843
308,main,1.35,action_only_bc,False,False,False,False,False,58,0.013420818336503978,0.20310573886643302,2.1696037295871604,1.2653470452759261,0.0,41,0.0465310261944942,0.5614121104000643,0.9994019914626153
308,main,1.35,force_conditioned_bc,False,False,False,False,False,58,0.5442224812155527,0.02924227397210426,1.6401367648154965,0.8953799213209991,0.0,55,0.08754980128958512,0.22452014146916904,1.803468266242507
308,main,1.35,future_wrench_aux,False,False,False,False,False,58,0.5442224812155527,0.02924227397210426,1.6401367648154965,0.8953799213209991,0.0,55,0.08754980128958512,0.22452014146916904,1.803468266242507
308,main,1.35,critic_reranking,True,False,False,False,False,19,1.0732912273051993,0.016898362220126924,1.6401367648154965,0.8953799213209991,0.0,16,0.036950429085931366,0.17112032645204583,1.6139487903733585
308,main,1.35,bounded_adaptation,True,False,False,False,False,19,1.0079433161658853,9.024790477967053e-13,1.6401367648154965,0.8953799213209991,0.0,16,0.02525805040551272,0.15540783621430482,1.0490360517180075
309,main,1.35,action_only_bc,False,False,False,False,False,58,0.006050708700507602,0.1796306581776602,1.2071639338133306,0.4228806123603651,0.0,40,0.03931407734269707,0.2074189132601776,0.9994019914626153
309,main,1.35,force_conditioned_bc,True,False,False,True,True,32,1.0302713569684354,2.4656571464497584e-13,1.239312400814551,0.43829391812824936,0.0,29,0.008246953412830714,0.0628328057291669,0.5682973229883037
309,main,1.35,future_wrench_aux,True,False,False,True,True,32,1.0299274391509874,2.489809481711956e-13,1.239312400814551,0.43829391812824936,0.0,29,0.008203068230241844,0.06288331751947537,0.5680772456707608
309,main,1.35,critic_reranking,True,False,False,False,False,27,1.0453699967921843,9.00489238389123e-11,1.239312400814551,0.43829391812824936,0.0,24,0.009337689125973147,0.07229603591478541,0.5243717737043607
309,main,1.35,bounded_adaptation,True,False,False,False,False,26,1.028175262319604,2.554696963983168e-29,1.239312400814551,0.43829391812824936,0.0,23,0.009836069692770977,0.07756238714124755,0.5881676622729817
310,main,1.35,action_only_bc,False,False,True,False,False,58,0.013420818336503978,0.22270058356470576,2.7738943844471047,1.5054071119910828,4.975278993718059,41,0.0465310261944942,0.8331764746630139,0.9994019914626153
310,main,1.35,force_conditioned_bc,False,False,False,True,False,58,0.15422466305477442,0.043222669361699405,2.1281275754101765,1.0652502857006456,0.0,55,0.10835899126278355,0.24904180737617526,1.9157246202990417
310,main,1.35,future_wrench_aux,False,False,False,False,False,58,0.13216258391971059,0.04572664428470744,2.1281275754101765,1.0652502857006456,0.0,55,0.10744155793475957,0.24978022210132914,1.9784220399849102
310,main,1.35,critic_reranking,False,False,False,False,False,58,0.09959144584027736,0.03860251052924124,2.1281275754101765,1.0652502857006456,0.0,55,0.11332227916541389,0.27662291878959205,1.9088979943959816
310,main,1.35,bounded_adaptation,True,False,False,False,False,29,1.0314528637682605,1.805433090541031e-19,2.1281275754101765,1.0652502857006456,0.0,26,0.016035599034191255,0.22068446531744793,1.0217318765188514
311,main,1.35,action_only_bc,False,False,False,False,False,58,0.013420818336503978,0.21898412235003514,1.270126624503035,0.4342662199392708,0.0,41,0.0465310261944942,0.22685556111645272,0.9994019914626153
311,main,1.35,force_conditioned_bc,True,False,False,False,False,24,1.008214044215891,4.84938263480459e-06,0.9750450343561731,0.30729376204992176,0.0,21,0.015703527829853327,0.11853413643253517,0.6894061622886002
311,main,1.35,future_wrench_aux,True,False,False,False,False,24,1.008214044215891,4.84938263480459e-06,0.9750450343561731,0.30729376204992176,0.0,21,0.015703527829853327,0.11853413643253517,0.6894061622886002
311,main,1.35,critic_reranking,True,False,False,False,False,22,1.068068165166843,2.1199100445567728e-05,0.9750450343561731,0.30729376204992176,0.0,19,0.01982775916098819,0.1029303033524792,0.5361526926327106
311,main,1.35,bounded_adaptation,True,False,False,False,False,20,1.068369302419396,6.072881407314844e-10,0.9750450343561731,0.30729376204992176,0.0,17,0.01991047972768397,0.1051416717427159,0.6581436760694397
312,main,1.35,action_only_bc,False,False,False,False,False,58,0.013420818336503978,0.20447574795258228,2.1163877193606435,1.195399944742054,0.0,41,0.0465310261944942,0.5372131714975721,0.9994019914626153
312,main,1.35,force_conditioned_bc,True,False,False,False,False,27,1.0152733419950342,0.017422745385951316,1.6211773748270757,0.8458842279406956,0.0,24,0.0394796795520201,0.11497100444002248,1.6577631980378986
312,main,1.35,future_wrench_aux,True,False,False,False,False,27,1.0152733419950342,0.017422745385951316,1.6211773748270757,0.8458842279406956,0.0,24,0.0394796795520201,0.11497100444002248,1.6577631980378986
312,main,1.35,critic_reranking,True,False,False,False,False,22,1.0524287196028823,0.008453164890737847,1.6211773748270757,0.8458842279406956,0.0,19,0.024315086333191703,0.13306192176101858,1.3976320754138292
312,main,1.35,bounded_adaptation,True,False,False,False,False,23,1.026837138338646,5.331412060371241e-18,1.6211773748270757,0.8458842279406956,0.0,20,0.017255257154457863,0.12715330364957655,1.0288913279849634
313,main,1.35,action_only_bc,False,False,False,False,False,58,0.006050708700507602,0.18271619038766865,2.050711082852642,1.0981570940953265,0.0,40,0.03931407734269707,0.45131074580966773,0.9994019914626153
313,main,1.35,force_conditioned_bc,True,False,False,True,True,35,1.0085532762187845,0.025469635337108186,2.110320671019673,1.138183121720444,0.0,32,0.04522909826588483,0.15317459155749283,1.741490834501331
313,main,1.35,future_wrench_aux,True,False,False,False,False,34,1.0194752864466972,0.025113957180198536,2.110320671019673,1.138183121720444,0.0,31,0.03571350767135079,0.15806255416249634,1.7354974927254565
313,main,1.35,critic_reranking,True,False,False,False,False,29,1.0315589379311665,0.025544277110498167,2.110320671019673,1.138183121720444,0.0,25,0.06764924364919973,0.1962245065476985,1.7426562262252125
313,main,1.35,bounded_adaptation,True,False,False,False,False,28,1.0289890193476703,7.922539044146148e-29,2.110320671019673,1.138183121720444,0.0,24,0.013779506420965036,0.17988021004038773,1.1626926318636666
314,main,1.35,action_only_bc,False,False,False,False,False,58,0.006050708700507602,0.16365362386826546,1.9105129433941102,1.0572391344129293,0.0,40,0.03931407734269707,0.4130501405966908,0.9994019914626153
314,main,1.35,force_conditioned_bc,False,False,False,False,False,58,0.31949443066721767,0.029774722985994626,1.965727262556127,1.0957737694190697,0.0,55,0.08368606059696924,0.22982443450237797,1.8217753987341827
314,main,1.35,future_wrench_aux,False,False,False,False,False,58,0.6543571940733814,0.029774722940389072,1.965727262556127,1.0957737694190697,0.0,55,0.06980829115233439,0.19986786361229042,1.8217727862835633
314,main,1.35,critic_reranking,True,False,False,False,False,26,1.014200489163832,0.02577322688253985,1.965727262556127,1.0957737694190697,0.0,23,0.02741531570640138,0.1867196204815292,1.738327071280544
314,main,1.35,bounded_adaptation,True,False,False,False,False,27,1.0127957982340041,1.6346917370342342e-11,1.965727262556127,1.0957737694190697,0.0,24,0.010612376537589452,0.16233879272101656,0.8886873141336659
315,main,1.35,action_only_bc,False,False,False,False,False,58,0.00648275741217076,0.13338173366004918,0.902277851691883,0.3060803354873595,0.0,47,0.01785677691851184,0.13723638207824188,0.9994019914626153
315,main,1.35,force_conditioned_bc,True,False,False,True,True,29,1.0325527991996282,1.6361361884133812e-12,0.9386114280712654,0.32276283969679687,0.0,26,0.007890300898632718,0.05838985448714137,0.5110424289833457
315,main,1.35,future_wrench_aux,True,False,False,True,True,29,1.0325527991996282,1.6361361884133812e-12,0.9386114280712654,0.32276283969679687,0.0,26,0.007890300898632718,0.05838985448714137,0.5110424289833457
315,main,1.35,critic_reranking,True,False,False,False,False,24,1.0010064848389109,6.273766475916739e-10,0.9386114280712654,0.32276283969679687,0.0,21,0.00953621201741641,0.06364762064046885,0.6000419237844627
315,main,1.35,bounded_adaptation,True,False,False,False,False,23,1.0078389340682727,7.56493648957671e-19,0.9386114280712654,0.32276283969679687,0.0,20,0.00904488098418925,0.06525013158489268,0.5314297118777176
316,main,1.35,action_only_bc,False,False,False,False,False,58,0.00684068735569331,0.1337933422522598,1.5033551849148932,0.8390742984321198,0.0,47,0.01785525980397306,0.28819186061236374,0.9994019914626153
316,main,1.35,force_conditioned_bc,False,False,False,False,False,58,0.11720573095479088,0.032198161972711886,1.5743983124423393,0.8832428930953701,0.0,55,0.09751164777020171,0.2309342251333653,1.8459950902481697
316,main,1.35,future_wrench_aux,False,False,False,False,False,58,0.25982537462863653,0.03219816197270854,1.5743983124423393,0.8832428930953701,0.0,55,0.09412247599290662,0.2353649918597459,1.845995084656834
316,main,1.35,critic_reranking,True,False,False,False,False,22,1.0041391647450442,0.031998403010071806,1.5743983124423393,0.8832428930953701,0.0,19,0.05672113686591821,0.16826477431574588,1.8307881064522982
316,main,1.35,bounded_adaptation,True,False,False,False,False,19,1.0722660755894362,2.366159007675197e-11,1.5743983124423393,0.8832428930953701,0.0,16,0.014647839252671891,0.12369876072131215,0.9722789301052487
317,main,1.35,action_only_bc,False,False,False,False,False,58,0.006065426293168929,0.13594607835998412,0.9005074854172712,0.19779048533719273,0.0,47,0.01785683456735409,0.13914332992523945,0.9994019914626153
317,main,1.35,force_conditioned_bc,True,False,False,True,True,31,1.0106040951679607,1.615613096149741e-07,0.9358561279732499,0.2086236070502968,0.0,28,0.006733593662228695,0.055722692017781184,0.7910432622988215
317,main,1.35,future_wrench_aux,True,False,False,True,True,31,1.0106040951679607,1.615613096149741e-07,0.9358561279732499,0.2086236070502968,0.0,28,0.006733593662228695,0.055722692017781184,0.7910432622988215
317,main,1.35,critic_reranking,True,False,False,False,False,26,1.0151327384267255,3.06317814061472e-06,0.9358561279732499,0.2086236070502968,0.0,23,0.008291151556285313,0.06691607680939739,0.5625249310597824
317,main,1.35,bounded_adaptation,True,False,False,False,False,26,1.0423872108589423,5.983164332182714e-10,0.9358561279732499,0.2086236070502968,0.0,23,0.008404606960596988,0.06731294701449991,0.5651856398451702
318,main,1.35,action_only_bc,False,False,False,False,False,58,0.013420818336503978,0.19644218581424203,1.1851591962053383,0.31044531597851005,0.0,41,0.0465310261944942,0.19451218736049186,0.9994019914626153
318,main,1.35,force_conditioned_bc,True,False,False,True,True,25,1.0727396576113843,5.840156586589701e-06,0.9305035743233188,0.21967609884819916,0.0,22,0.013982816928004944,0.09535188341348988,0.7920988083496373
318,main,1.35,future_wrench_aux,True,False,False,True,True,25,1.0727396576113843,5.840156586589701e-06,0.9305035743233188,0.21967609884819916,0.0,22,0.013982816928004944,0.09535188341348988,0.7920988083496373
318,main,1.35,critic_reranking,True,False,False,False,False,22,1.0094503138985007,4.9740820558641056e-05,0.9305035743233188,0.21967609884819916,0.0,20,0.010037149781762619,0.07919871898678904,0.6810458454042052
318,main,1.35,bounded_adaptation,True,False,False,False,False,23,1.0330816036106674,2.576804090022686e-06,0.9305035743233188,0.21967609884819916,0.0,21,0.009802706832756535,0.07927669333552208,0.6810458454042052
319,main,1.35,action_only_bc,False,False,False,False,False,58,0.006050708700507602,0.18090538364513029,1.2176484340099698,0.41158084440617115,0.0,40,0.03931407734269707,0.20964366816002736,0.9994019914626153
319,main,1.35,force_conditioned_bc,True,False,False,True,True,26,1.0020867818904733,6.96171400028161e-09,1.2525836287876797,0.42658229213778365,0.0,23,0.010314232694829553,0.10047380864464031,0.6109689883494958
319,main,1.35,future_wrench_aux,True,False,False,True,True,26,1.0014837172912152,7.074955331340862e-09,1.2525836287876797,0.42658229213778365,0.0,23,0.010238022649961263,0.10044973125961253,0.6105489133816997
319,main,1.35,critic_reranking,True,False,False,False,False,24,1.06824139048018,9.583400644697503e-08,1.2525836287876797,0.42658229213778365,0.0,21,0.011610628375408945,0.08526213405145174,0.5020301131580869
319,main,1.35,bounded_adaptation,True,False,False,False,False,22,1.0616646857029075,4.050422845317671e-18,1.2525836287876797,0.42658229213778365,0.0,19,0.011778151919617305,0.09026600524345273,0.5865877654528514
