demo_seed,step,noisy_target_observation,hidden_mode,target_position,target_velocity,robot_position,robot_velocity,expert_action,robot_impulse,next_target_position,next_robot_position
17,0,0.28000448377649484,1.0,0.0,0.643746339683197,-0.7,0.0,2.0900267295087485,0.0,0.0643746339683197,-0.6790997327049124
17,1,0.1340622863276927,1.0,0.0643746339683197,0.6114024827949405,-0.6790997327049124,0.20900267295087485,1.9110568379988124,0.0,0.12551488224781376,-0.6397577055832796
17,2,-0.4334171777604679,1.0,0.12551488224781376,0.6649441795831215,-0.6397577055832796,0.3934202712163281,1.8238690644955333,0.0,0.19200930020612592,-0.5834359326845837
17,3,0.4675607246109925,1.0,0.19200930020612592,0.8200524369256597,-0.5834359326845837,0.563217728986959,1.8559598250146956,0.0,0.2740145438986919,-0.5103568582684991
17,4,0.09999810499788583,1.0,0.2740145438986919,0.8514862399800399,-0.5103568582684991,0.7307907441608459,1.7353423190157646,0.0,0.3591631678966959,-0.42226289104357156
17,5,0.7285565761415933,1.0,0.3591631678966959,0.9540375777409328,-0.42226289104357156,0.8809396722492753,1.6988879616878076,0.0,0.45456692567078916,-0.3199990511529636
17,6,0.31677830941904395,1.0,0.45456692567078916,0.846427946619469,-0.3199990511529636,1.0226383989060792,1.4045152523476037,0.0,0.5392097203327361,-0.2069625016153791
17,7,0.24274948303889843,1.0,0.5392097203327361,0.9262385688632163,-0.2069625016153791,1.130365495375845,1.337439473005448,0.0,0.6318335772190578,-0.0841687269329428
17,8,0.8392383488473889,1.0,0.6318335772190578,0.8676132083677602,-0.0841687269329428,1.2279377468243629,1.106771940849804,0.0,0.7185948980558338,0.04576336636815356
17,9,0.3295927705573099,-1.0,0.7185948980558338,-0.6839590454149177,0.04576336636815356,1.2993209330109636,-0.9642380671267268,0.0,0.650198993514342,0.16189525201234758
17,10,0.9649590613488319,-1.0,0.650198993514342,-0.6368030739352857,0.16189525201234758,1.16131885644194,-1.1024746737954254,0.0,0.5865186861208134,0.2632861705779731
17,11,0.401104909085379,-1.0,0.5865186861208134,-0.6856441263068772,0.2632861705779731,1.0139091856562554,-1.3133949871738069,0.0,0.5179542734901257,0.34829862987776056
17,12,0.6639693988467277,-1.0,0.5179542734901257,-0.713930028218309,0.34829862987776056,0.8501245929978746,-1.4604714668145045,0.0,0.44656127066829476,0.4159859758118098
17,13,-0.016222734775043268,-1.0,0.44656127066829476,-0.6591428051129866,0.4159859758118098,0.6768734593404921,-1.4681942011375582,0.0,0.3806469901569961,0.4668253846645939
17,14,0.3544249998222119,-1.0,0.3806469901569961,-0.7594068039770968,0.4668253846645939,0.5083940885278406,-1.631111225705003,0.29063328420103046,0.3047063097592864,0.5287901485971419
17,15,0.11205181585541676,-1.0,0.3047063097592864,-0.9264733044428226,0.5287901485971419,0.61964763932548,-2.2093796541286728,0.0,0.21205897931500417,0.5666782435425617
17,16,0.6570404936057168,-1.0,0.21205897931500417,-0.8399679794717599,0.5666782435425617,0.3788809494541973,-2.091231090395512,0.0,0.12806218136782815,0.5824416085457729
17,17,-0.1352772586521046,-1.0,0.12806218136782815,-0.6831515520683243,0.5824416085457729,0.1576336500321118,-1.849809439617296,0.0,0.05974702616099571,0.5792024514727083
17,18,-0.024266744140149205,1.0,0.05974702616099571,0.7869406632850894,0.5792024514727083,-0.032391570730645386,0.04489033159759459,0.0,0.13844109248950465,0.5765158507419578
17,19,-0.1363707130619421,1.0,0.13844109248950465,0.8107459237969963,0.5765158507419578,-0.026866007307505275,0.2190422207951327,0.0,0.21951568486920428,0.5761056434425426
17,20,0.19045966963845556,1.0,0.21951568486920428,0.7312986210508217,0.5761056434425426,-0.0041020729941518355,0.2477695502809485,0.0,0.29264554697428646,0.5781862582795182
17,21,0.30773663128282963,1.0,0.29264554697428646,0.7360083666372489,0.5781862582795182,0.020806148369755872,0.3588735610940801,0.0,0.3662463836380114,0.5837890290526514
17,22,0.680554156767953,1.0,0.3662463836380114,0.6901269423835525,0.5837890290526514,0.0560277077313317,0.3910237867087051,0.0,0.43525907787636664,0.5931227490281313
17,23,0.6186788666013208,1.0,0.43525907787636664,0.7872086540017051,0.5931227490281313,0.0933371997547996,0.5821508363188017,0.0,0.5139799432765372,0.6079792983275839
17,24,0.03351808532057626,1.0,0.5139799432765372,0.7585558742070381,0.6079792983275839,0.14856549299452618,0.6069239301570031,0.0,0.5898355306972409,0.6284296773510241
17,25,1.1252880065331463,1.0,0.5898355306972409,0.7623771037367214,0.6284296773510241,0.20450379023440166,0.6554075720592303,0.0,0.666073241070913,0.6547797199663065
17,26,0.6835966492894506,1.0,0.666073241070913,0.7033006903087542,0.6547797199663065,0.2635004261528238,0.6127939191143686,0.0,0.7364033101017885,0.6864145004090435
17,27,1.0553884731848573,1.0,0.7364033101017885,0.7868373423988334,0.6864145004090435,0.3163478044273703,0.7320582211453985,0.0,0.8150870443416718,0.7243575500890669
17,28,0.696411285460323,1.0,0.8150870443416718,0.760738973564601,0.7243575500890669,0.37943049680023433,0.7089601750793553,0.0,0.8911609416981319,0.7681760239301231
17,29,1.1009818763208572,1.0,0.8911609416981319,0.7510738518507197,0.7681760239301231,0.4381847384105624,0.6950043295753647,0.0,0.9662683268832039,0.8175423499040192
17,30,0.9180344145032406,1.0,0.9662683268832039,0.7651268495273482,0.8175423499040192,0.49366325973896086,0.7017282938518576,0.0,1.0427810118359386,0.8723462363852692
17,31,0.9362054720646202,1.0,1.0427810118359386,0.6797427596241988,0.8723462363852692,0.5480388648124999,0.579345834666499,0.0,1.1107552877983584,0.9311898568457841
17,32,1.0597578939378416,1.0,1.1107552877983584,0.7175683678373496,0.9311898568457841,0.5884362046051498,0.6005349667059817,0.0,1.1825121245820933,0.9941558311186225
17,33,0.9112468106983216,1.0,1.1825121245820933,0.6343878409382173,0.9941558311186225,0.6296597427283832,0.47078539660131713,0.0,1.245950908675915,1.0598147481807432
17,34,1.3694323599773792,1.0,1.245950908675915,0.6712234486038441,1.0598147481807432,0.6565891706212067,0.48389422678954835,0.0,1.3130732535362994,1.1282115221647715
17,35,1.4119498490476583,1.0,1.3130732535362994,0.6976305153015202,1.1282115221647715,0.6839677398402829,0.48540176260240697,0.0,1.3828363050664514,1.199273617007335
17,36,1.5703126909690739,1.0,1.3828363050664514,0.7041097347480358,1.199273617007335,0.7106209484256345,0.46301449947627316,0.0,1.453247278541255,1.2726918698096992
17,37,1.814060135634865,1.0,1.453247278541255,0.7226913529720199,1.2726918698096992,0.7341825280236415,0.45565967264899926,0.0,1.525516413838457,1.3483173352488778
17,38,1.8194910975311298,1.0,1.525516413838457,0.7031344573949685,1.3483173352488778,0.7562546543917849,0.40212196316213367,0.0,1.5958298595779539,1.4255440054256239
17,39,1.7170762008563398,1.0,1.5958298595779539,0.7713024618513622,1.4255440054256239,0.7722667017674612,0.45670733371240857,0.0,1.67296010576309,1.5048664954938382
17,40,1.9752644853314199,1.0,1.67296010576309,0.7847006564734228,1.5048664954938382,0.7932249006821432,0.4471923440265427,0.0,1.7514301714104323,1.5861225893201352
17,41,1.7985705315828693,1.0,1.7514301714104323,0.7618634375767043,1.5861225893201352,0.8125609382629689,0.39353138709816216,0.0,1.8276165151681028,1.668713802014972
17,42,2.107159110569773,1.0,1.8276165151681028,0.7622339591712467,1.668713802014972,0.8259121269483701,0.3681212256139926,0.0,1.9038399110852273,1.7523433081597142
17,43,1.874544775126376,1.0,1.9038399110852273,0.7314221911017285,1.7523433081597142,0.8362950614474215,0.30546530690304163,0.0,1.9769821301954003,1.836351323176855
17,44,1.4403036181517828,-1.0,1.9769821301954003,-0.8926245171768916,1.836351323176855,0.8400801501714081,-1.724308443409131,0.0,1.887719678477711,1.9004279972793559
17,45,1.6728759011515852,-1.0,1.887719678477711,-0.89403659541426,1.9004279972793559,0.64076674102501,-1.8004506631959145,0.0,1.798316018936285,1.9444497111786176
17,46,1.5118132150138102,-1.0,1.798316018936285,-0.9983350375822622,1.9444497111786176,0.44021713899261816,-1.9655190980046586,0.0,1.6984825151780587,1.9674075392530566
17,47,1.5577887905791041,-1.0,1.6984825151780587,-0.834065952301323,1.9674075392530566,0.2295782807443885,-1.768639940412488,0.0,1.6150759199479263,1.9719443174249884
17,48,1.570394201411729,-1.0,1.6150759199479263,-0.8610080728259415,1.9719443174249884,0.04536778171931924,-1.7711876760778877,0.0,1.5289751126653321,1.9586240419346397
17,49,1.5602939671588032,-1.0,1.5289751126653321,-0.8961218856553603,1.9586240419346397,-0.13320275490348776,-1.761698155283927,0.0,1.439362924099796,1.9281130337071428
17,50,1.5984137740080184,-1.0,1.439362924099796,-0.8539585733793278,1.9281130337071428,-0.30511008227496883,-1.6384609545083442,0.0,1.3539670667618633,1.8821937681978425
17,51,1.0435621588369297,-1.0,1.3539670667618633,-0.9894386457057622,1.8821937681978425,-0.4591926550930042,-1.7170238372555233,0.0,1.255023202191287,1.8205736808122843
17,52,1.1222778366149533,-1.0,1.255023202191287,-0.9696048040683649,1.8205736808122843,-0.6162008738555804,-1.5967194009249162,0.0,1.1580627217844506,1.744958242213815
17,53,1.362434309569489,-1.0,1.1580627217844506,-0.9064567178093892,1.744958242213815,-0.7561543859846935,-1.411268654004992,0.0,1.0674170500035116,1.6576498111104467
17,54,1.2511484933627242,-1.0,1.0674170500035116,-0.9006198712382923,1.6576498111104467,-0.8730843110336826,-1.2874576224417544,0.0,0.9773550628796823,1.5602606735779687
17,55,1.351403179874446,-1.0,0.9773550628796823,-0.8736186170054122,1.5602606735779687,-0.9738913753247802,-1.1347084277024948,0.0,0.8899932011791412,1.454640904169505
17,56,0.819676477587317,-1.0,0.8899932011791412,-0.8894516163343464,1.454640904169505,-1.0561976940846367,-1.0340634179162225,0.0,0.8010480395457065,1.34206033320295
17,57,1.4703571621218265,-1.0,0.8010480395457065,-0.895583296666124,1.34206033320295,-1.1258057096655505,-0.9248221194997355,0.0,0.7114897098790941,1.2238341193123272
17,58,0.5173565310179495,-1.0,0.7114897098790941,-0.8772559284178949,1.2238341193123272,-1.1822621389062264,-0.7898729831960438,0.0,0.6237641170373046,1.1014924144342442
17,59,0.17523995492601302,-1.0,0.6237641170373046,-0.8507068005351137,1.1014924144342442,-1.2234170487808316,-0.6498323476253305,0.0,0.5386934369837932,0.9765673206360064
17,60,0.4358218217541866,1.0,0.5386934369837932,0.7218816871667614,0.9765673206360064,-1.249250937982378,1.3931706837758528,0.0,0.6108816057004693,0.8695715366770707
17,61,0.2107863563679584,1.0,0.6108816057004693,0.7687068383128506,0.8695715366770707,-1.0699578395893565,1.5942323045784823,0.0,0.6877522895317544,0.7819419408506058
17,62,0.876006867389324,1.0,0.6877522895317544,0.8037015655576548,0.7819419408506058,-0.8762959582646489,1.73843133470171,0.0,0.7681224460875199,0.7145008054376049
17,63,0.7323913373153644,1.0,0.7681224460875199,0.7653174628215406,0.7145008054376049,-0.6744113541300091,1.752499023623455,0.0,0.844654192369674,0.6667427765940546
17,64,0.3899554380697514,1.0,0.844654192369674,0.7408617040322056,0.6667427765940546,-0.47758028843550326,1.7455596265219482,0.0,0.9187403627728945,0.6379686009387173
17,65,0.9635242592423053,1.0,0.9187403627728945,0.7711275289947876,0.6379686009387173,-0.2877417565533723,1.7738991020828316,0.0,0.9958531156723733,0.6278541899251792
17,66,1.283567918354149,1.0,0.9958531156723733,0.8655090425418325,0.6278541899251792,-0.10114411013538122,1.8559029958136226,0.0,1.0824040199265565,0.6366224700222105
17,67,0.8975911200981203,1.0,1.0824040199265565,0.9282311325088873,0.6366224700222105,0.08768280097031325,1.8789943749526872,0.0,1.1752271331774453,0.6639001089056638
17,68,1.0476841532861854,1.0,1.1752271331774453,0.8401739103150918,0.6639001089056638,0.2727763888345319,1.6971545658656757,0.0,1.2592445242089545,0.7072764090035032
17,69,1.0227924525599552,1.0,1.2592445242089545,0.7969088719979536,0.7072764090035032,0.4337630009783945,1.5498723190202437,0.0,1.33893541140875,0.7647633906884143
17,70,1.1524466184445497,1.0,1.33893541140875,0.7643337074140418,0.7647633906884143,0.5748698168491102,1.402557059297397,0.0,1.4153687821501542,0.834436359552382
17,71,0.9970316187887012,1.0,1.4153687821501542,0.8063212833179144,0.834436359552382,0.6967296886396784,1.3389655936318403,0.0,1.4960009104819456,0.9152694493490213
17,72,1.4095118096341703,1.0,1.4960009104819456,0.7989383877884798,0.9152694493490213,0.8083308979663928,1.2122946691499699,0.0,1.5758947492607935,1.0056388269636678
17,73,1.2469103824003431,1.0,1.5758947492607935,0.8268423990981432,1.0056388269636678,0.9036937761464652,1.1272453541821013,0.0,1.658578989170608,1.1043888380364666
17,74,1.6865859334664672,1.0,1.658578989170608,0.9111912098064431,1.1043888380364666,0.9875001107279884,1.113697807444731,0.0,1.7496981101512523,1.2111158268293831
17,75,2.0666830240775864,1.0,1.7496981101512523,0.9001944590613185,1.2111158268293831,1.0672698879291658,0.9874839987605624,0.0,1.8397175560573842,1.324302391968532
17,76,2.0464681957168573,1.0,1.8397175560573842,0.9049777894577453,1.324302391968532,1.1318656513914886,0.8827066895836291,0.0,1.9302153350031588,1.4426940539190642
17,77,1.9935382845912273,1.0,1.9302153350031588,0.9042190095778874,1.4426940539190642,1.183916619505324,0.7755123963536756,0.0,2.0206372359609475,1.5650523066507163
17,78,2.3317540306982774,1.0,2.0206372359609475,0.8263029649251741,1.5650523066507163,1.223582527316521,0.5785546272241711,0.0,2.103267532453465,1.6892806415671973
17,79,2.2733800737039687,-1.0,2.103267532453465,-0.8277446983748213,1.6892806415671973,1.2422833491648095,-1.5607864709763581,0.0,2.020493062615983,1.7939258050565872
17,80,1.826327534914073,-1.0,2.020493062615983,-0.8436415212742603,1.7939258050565872,1.0464516348939,-1.721522068927424,0.0,1.936128910488557,1.8780071026250424
17,81,2.0369531718991394,-1.0,1.936128910488557,-0.8744715398040037,1.8780071026250424,0.8408129756845527,-1.855300631579223,0.0,1.8486817565081566,1.940844792355515
17,82,2.0186930592161043,1.0,1.8486817565081566,0.8834287117671777,1.940844792355515,0.6283768973047247,0.26073710054489063,0.0,1.9370246276848744,2.004279047020061
17,83,1.846720861113647,1.0,1.9370246276848744,0.9023076088617943,2.004279047020061,0.6343425466454625,0.32386954719648486,0.0,2.027255388571054,2.0689221010073067
17,84,2.185171866661821,1.0,2.027255388571054,0.6902571347294222,2.0689221010073067,0.6464305398724562,0.09663207651768987,0.0,2.096281102043996,2.1324628980321374
17,85,1.8281112369881112,1.0,2.096281102043996,0.6672587591004622,2.1324628980321374,0.6354079702483066,0.08994987615028757,0.0,2.1630069779540424,2.1948698883136766
17,86,2.260533278039434,1.0,2.1630069779540424,0.7004423506475151,2.1948698883136766,0.6240699028153895,0.15082652092819882,0.0,2.233051213018794,2.2567881201154885
17,87,2.3915437081517963,1.0,2.233051213018794,0.7308075585249643,2.2567881201154885,0.619182318018117,0.20849262273042338,0.0,2.3061319688712905,2.318809894726946
17,88,2.3406707895428167,1.0,2.3061319688712905,0.6956474382254498,2.318809894726946,0.6202177461145796,0.18444178995515903,0.0,2.3756967126938355,2.380691390450389
17,89,2.276064901043632,1.0,2.3756967126938355,0.7047169403930507,2.380691390450389,0.6188149572344289,0.2113295624396433,0.0,2.4461684067331406,2.442705973935078
17,90,2.5122780157790716,1.0,2.4461684067331406,0.7066653547133248,2.442705973935078,0.6201458348468916,0.2279840871581354,0.0,2.516834942204473,2.5050159316198384
17,91,2.2514020067892853,1.0,2.516834942204473,0.7027069558084488,2.5050159316198384,0.6230995768476045,0.23545370431502313,0.0,2.5871056377853177,2.5676865077018367
17,92,2.4054158324947275,1.0,2.5871056377853177,0.7763196471833995,2.5676865077018367,0.6267057608199835,0.33663910606495573,0.0,2.6647376025036578,2.631718016409861
17,93,2.81445428948863,1.0,2.6647376025036578,0.7819617935341081,2.631718016409861,0.6403150870802397,0.3544782078538965,0.0,2.7429337818570687,2.697245298917767
17,94,3.026169989073078,1.0,2.7429337818570687,0.750180165647712,2.697245298917767,0.6552728250790616,0.3229597316796179,0.0,2.81795179842184,2.7639053057022163
17,95,3.0550954946897426,1.0,2.81795179842184,0.7462486414816644,2.7639053057022163,0.6666000678444934,0.32167301252444136,0.0,2.8925766625700065,2.8316489223948076
17,96,2.868857483737253,1.0,2.8925766625700065,0.7636370723711491,2.8316489223948076,0.6774361669259138,0.3445001284302774,0.0,2.9689403698071213,2.900669744637539
17,97,3.094922407613846,1.0,2.9689403698071213,0.7001287329881968,2.900669744637539,0.6902082224273123,0.26624100825547253,0.0,3.038953243105941,2.9701443106510577
17,98,2.8486116306240223,1.0,3.038953243105941,0.6925609908303532,2.9701443106510577,0.6947456601351856,0.25312640557507543,0.0,3.1082093421889763,3.0399269546078944
17,99,3.1682638897842406,1.0,3.1082093421889763,0.7673678377019315,3.0399269546078944,0.6978264395683672,0.3413039350401012,0.0,3.1849461259591694,3.1108895933085132
17,100,2.9938054040141218,1.0,3.1849461259591694,0.8485538934673168,3.1108895933085132,0.7096263870061896,0.4398609374793514,0.0,3.2698015153059012,3.183980036945506
17,101,2.908822377196945,1.0,3.2698015153059012,0.6746585310321215,3.183980036945506,0.7309044363699267,0.22452336260297817,-1.7648328144279215,3.337267368409113,3.0804935385693524
17,102,3.4255471374747017,1.0,3.337267368409113,0.88330656743504,3.0804935385693524,-1.0348649837615347,2.6525234289354436,0.0,3.4255980251526172,3.00684384243059
17,103,3.3220425243025233,1.0,3.4255980251526172,0.8204493018458587,3.00684384243059,-0.7364969613876212,2.5612719352723885,0.0,3.5076429553372033,2.961163655920992
17,104,3.443477180799304,1.0,3.5076429553372033,0.8748230803316286,2.961163655920992,-0.4568018650959785,2.5710351664803297,0.0,3.5951252633703663,2.942655587044505
17,105,3.344103356231715,1.0,3.5951252633703663,0.763842856225053,2.942655587044505,-0.1850806887648742,2.344749551843902,0.0,3.6715095489928715,2.948187271890504
17,106,4.118150938661806,1.0,3.6715095489928715,0.8275127787996752,2.948187271890504,0.05531684845999196,2.302041803573988,0.0,3.754260826872839,2.9765623608571707
17,107,3.8857201285792256,1.0,3.754260826872839,0.8271856152655922,2.9765623608571707,0.283750889666671,2.162377962831988,0.0,3.8369793883993983,3.0256532266052245
17,108,3.5933079817591573,1.0,3.8369793883993983,0.8196153023486193,3.0256532266052245,0.49090865748053636,1.9977242073652035,0.0,3.9189409186342603,3.0931504267229926
17,109,4.104562981691514,1.0,3.9189409186342603,0.7988967572283869,3.0931504267229926,0.6749720011776795,1.8056293039763398,0.0,3.998830594357099,3.176544009476755
17,110,4.00953142800675,1.0,3.998830594357099,0.7872549317785911,3.176544009476755,0.8339358275376277,1.6178574038606874,0.0,4.077556087534958,3.2734475716210043
17,111,3.8531140185840576,1.0,4.077556087534958,0.8475526991181217,3.2734475716210043,0.9690356214424924,1.5168409353370786,0.0,4.162311357446771,3.3824186291300085
17,112,3.928173509700758,1.0,4.162311357446771,0.7874636565254748,3.3824186291300085,1.0897105750900407,1.2711230593504284,0.0,4.241057723099318,3.5006138433922285
17,113,4.518880516466506,1.0,4.241057723099318,0.7788759133685499,3.5006138433922285,1.1819521426222022,1.0906831807149615,0.0,4.3189453144361725,3.625933642605207
17,114,4.22215526368824,1.0,4.3189453144361725,0.762990354301934,3.625933642605207,1.2531979921297878,0.9085067887138975,0.0,4.395244349866366,3.7563282761305095
17,115,4.510547327618112,1.0,4.395244349866366,0.665468141966869,3.7563282761305095,1.3039463352530243,0.6347042397247421,0.0,4.461791164063053,3.8888973237802498
17,116,4.274536369915767,1.0,4.461791164063053,0.715227351687325,3.8888973237802498,1.3256904764974018,0.5511843835347607,0.0,4.533313899231786,4.022736005740546
17,117,4.6755321310112015,1.0,4.533313899231786,0.7418639692874878,4.022736005740546,1.338386819602961,0.4554649444457316,0.0,4.607500296160534,4.15684649932257
17,118,4.73948541665253,1.0,4.607500296160534,0.7303559483747871,4.15684649932257,1.3411049358202394,0.3275389377818452,0.0,4.680535890998013,4.289940846487787
17,119,4.8211444241453965,1.0,4.680535890998013,0.6605222962840396,4.289940846487787,1.3309434716521762,0.1408552230199226,0.0,4.746588120626417,4.4201847267739165
17,120,4.86530832940944,1.0,4.746588120626417,0.6809239439788544,4.4201847267739165,1.3024388028612988,0.07722660643664725,0.0,4.814680515024302,4.5470330689552565
17,121,5.113135559829793,1.0,4.814680515024302,0.7085444761827117,4.5470330689552565,1.268483421813402,0.038292610409311534,0.0,4.8855349626425735,4.670205190290887
17,122,5.111952594639838,1.0,4.8855349626425735,0.7390440571846991,4.670205190290887,1.2317212133563042,0.017772215449603945,0.0,4.959439368361044,4.7896135258982735
17,123,4.790810872022363,1.0,4.959439368361044,0.7652823089521237,4.7896135258982735,1.1940833560738628,0.005513936234440742,0.0,5.035967599256256,4.905255934128568
17,124,5.530817320422658,1.0,5.035967599256256,0.6973444075188588,4.905255934128568,1.1564240823029432,-0.11120836264607692,0.0,5.105702040008142,5.016085701669032
17,125,4.97056921440094,1.0,5.105702040008142,0.8026081977993507,5.016085701669032,1.1082976754046414,-0.00670120896532117,-0.25990749366703964,5.185962859788077,5.097311155191844
17,126,5.01090161922529,1.0,5.185962859788077,0.8625317793521864,5.097311155191844,0.8122545352281212,0.3763651390134548,0.0,5.272216037723296,5.1797010455920605
17,127,5.2779272040921335,-1.0,5.272216037723296,-0.7345714748657256,5.1797010455920605,0.8238989040021668,-1.601136885218661,0.0,5.198758890236723,5.2434430906472835
17,128,5.446707652363549,-1.0,5.198758890236723,-0.7260615168624293,5.2434430906472835,0.6374204505522314,-1.6486432171644791,0.0,5.126152738550481,5.288658958089095
17,129,5.26943225869632,-1.0,5.126152738550481,-0.6609396243327241,5.288658958089095,0.4521586744181121,-1.5916635503363683,0.0,5.0600587761172084,5.3165112822694045
17,130,4.741947583332692,-1.0,5.0600587761172084,-0.6546632504004247,5.3165112822694045,0.2785232418030956,-1.5753956545193382,0.0,4.994592451077166,5.3277183755307504
17,131,4.85899759522602,-1.0,4.994592451077166,-0.622637813711755,5.3277183755307504,0.11207093261346274,-1.502915139417285,0.0,4.93232866970599,5.323537690413561
17,132,5.217197161981433,-1.0,4.93232866970599,-0.6551888554004988,5.323537690413561,-0.041806851171896586,-1.4889977309981308,0.0,4.86680978416594,5.3046008099101405
17,133,4.944294755130242,-1.0,4.86680978416594,-0.6912037277674061,5.3046008099101405,-0.18936880503420897,-1.4647127561335984,0.0,4.797689411389199,5.271622782021493
17,134,4.8703120352864495,-1.0,4.797689411389199,-0.6832512405843858,5.271622782021493,-0.3297802788864741,-1.374322724960662,0.0,4.72936428733076,5.225956823775675
17,135,4.270013558449322,-1.0,4.72936428733076,-0.7702838757211361,5.225956823775675,-0.4566595824581732,-1.3905042173576134,0.0,4.652335899758647,5.167847134020148
17,136,4.66115100534937,-1.0,4.652335899758647,-0.7998869470344606,5.167847134020148,-0.581096897555273,-1.3314044205382989,0.0,4.572347205055201,5.098282910131415
17,137,4.65374143003871,-1.0,4.572347205055201,-0.7911119205659808,5.098282910131415,-0.6956422388873342,-1.2195799254582815,0.0,4.493236012998603,5.018748942152538
17,138,4.180343422956993,-1.0,4.493236012998603,-0.8400097992888257,5.018748942152538,-0.7953396797887677,-1.1745043572782734,0.0,4.40923503306972,4.930015017576202
17,139,3.861965618799311,-1.0,4.40923503306972,-1.0040793852823453,4.930015017576202,-0.8873392457633545,-1.2717748041091652,0.0,4.308827094541486,4.831402830545217
17,140,4.374525245896614,-1.0,4.308827094541486,-0.9930424721859485,4.831402830545217,-0.9861218703098438,-1.157744600931214,0.0,4.209522847322891,4.7243687874899125
17,141,4.446094251380069,1.0,4.209522847322891,0.6438571664028221,4.7243687874899125,-1.0703404305530502,0.9665560632791972,0.0,4.273908563963173,4.63042539444517
17,142,3.8840821645672445,1.0,4.273908563963173,0.7528775163076532,4.63042539444517,-0.9394339304474328,1.2566532232180614,0.0,4.349196315593938,4.5520547222100385
17,143,4.25274432659128,1.0,4.349196315593938,0.639226137809614,4.5520547222100385,-0.7837067223513088,1.2370482864239605,0.0,4.413118929374899,4.488562394350671
17,144,4.8128548749918645,1.0,4.413118929374899,0.63639857343796,4.488562394350671,-0.6349232785936708,1.3130512705140562,0.0,4.476758786718695,4.440232333687945
17,145,4.949826789170613,1.0,4.476758786718695,0.7981994822227679,4.440232333687945,-0.4833006066272677,1.560815935610638,0.0,4.556578734940972,4.4090569943225315
17,146,4.589529999211786,1.0,4.556578734940972,0.6400536913560297,4.4090569943225315,-0.31175339365413135,1.3907225923056497,0.0,4.620584104076575,4.3927864917398685
17,147,3.9531252730920623,1.0,4.620584104076575,0.6712274325754151,4.3927864917398685,-0.16270502582663418,1.42123173917151,0.0,4.687706847334116,4.391248962631566
17,148,4.739221202894502,1.0,4.687706847334116,0.6679583197175627,4.391248962631566,-0.015375291083030873,1.389519667188091,0.0,4.7545026793058724,4.403655831126609
17,149,5.029404719587433,1.0,4.7545026793058724,0.5909552522243543,4.403655831126609,0.12406868495043522,1.2486242864307582,0.0,4.813598204528308,4.428151922694119
17,150,5.56914924340189,1.0,4.813598204528308,0.6551511981982,4.428151922694119,0.2449609156750971,1.2649783897091749,0.0,4.879113324348128,4.46451392322856
17,151,5.1863369154598535,1.0,4.879113324348128,0.6392969772209451,4.46451392322856,0.36362000534441147,1.174739653327435,0.0,4.943043022070222,4.511459736279174
17,152,5.174547883263315,1.0,4.943043022070222,0.5016256239309341,4.511459736279174,0.46945813050613383,0.9250056872367024,0.0,4.993205584463316,4.566153340184535
17,153,4.920688965187582,1.0,4.993205584463316,0.5479033074037816,4.566153340184535,0.5469360390536078,0.8924243955531264,0.0,5.0479959152036935,4.628020992720455
17,154,4.625299611096744,1.0,5.0479959152036935,0.5298481721068647,4.628020992720455,0.6186765253592049,0.7817057475188027,0.0,5.10098073241438,4.695725937850415
17,155,4.873297520864594,1.0,5.10098073241438,0.6854145589813986,4.695725937850415,0.6770494512995906,0.8853064264207917,0.0,5.169522188312519,4.770117389000423
17,156,4.919214323593641,1.0,5.169522188312519,0.7233806722285098,4.770117389000423,0.7439145115000829,0.8511637718544999,0.0,5.24186025553537,4.850639951432176
17,157,5.074389785684478,1.0,5.24186025553537,0.6728889744466828,4.850639951432176,0.8052256243175302,0.7092885404991555,0.0,5.309149152980038,4.935678677271104
17,158,5.535842619695254,1.0,5.309149152980038,0.7275361990757483,4.935678677271104,0.8503872583892848,0.6965209646113273,0.0,5.381902772887613,5.0249613735293
17,159,5.4190717129840635,1.0,5.381902772887613,0.8849998104538671,5.0249613735293,0.8928269625819604,0.815848044012346,0.0,5.470402753933,5.119545503947357
17,160,4.878903225930179,-1.0,5.470402753933,-0.8634642844479256,5.119545503947357,0.9458413041805722,-1.41042584820935,0.0,5.384056325488207,5.196998683709943
17,161,5.29086917107682,-1.0,5.384056325488207,-0.9220604725293232,5.196998683709943,0.7745317976258589,-1.6059464337910763,0.0,5.291850278235275,5.255913897382215
17,162,5.6505731773288375,-1.0,5.291850278235275,-0.9014808947329515,5.255913897382215,0.5891521367227237,-1.6654563439758954,0.0,5.201702188761979,5.296289260777216
17,163,5.451796703091946,-1.0,5.201702188761979,-0.8762723595746365,5.296289260777216,0.40375363395000696,-1.6811237629503704,0.0,5.114074952804516,5.318561374914073
17,164,5.568015126641444,-1.0,5.114074952804516,-0.8498875775277175,5.318561374914073,0.2227211413685697,-1.66176823758641,0.0,5.029086195051744,5.323503099022687
17,165,4.713919208559144,-1.0,5.029086195051744,-0.9470973477125311,5.323503099022687,0.049417241086134434,-1.7662245999116601,0.0,4.934376460280491,5.310624441960708
17,166,5.05350537242791,-1.0,4.934376460280491,-0.905244739869251,5.310624441960708,-0.1287865706197879,-1.678810120696149,0.0,4.843851986293566,5.2813698007177505
17,167,4.747364969914492,-1.0,4.843851986293566,-0.9638175948369426,5.2813698007177505,-0.2925464124295696,-1.6925489532573186,0.0,4.747470226809871,5.236125818461995
17,168,4.432916486601946,-1.0,4.747470226809871,-0.9788718129065797,5.236125818461995,-0.4524398225575552,-1.637857719810623,0.0,4.649583045519213,5.175951066440318
17,169,4.445493782845839,-1.0,4.649583045519213,-0.8724955964022885,5.175951066440318,-0.6017475202167758,-1.4194780040332557,0.0,4.562333485878984,5.103507126443001
17,170,4.037005946642141,-1.0,4.562333485878984,-0.9095915272200071,5.103507126443001,-0.7244393999731645,-1.3638554011883193,0.0,4.471374333156983,5.019742838513716
17,171,3.9819585031286575,-1.0,4.471374333156983,-0.8443253776842741,5.019742838513716,-0.8376428792928552,-1.1776985530925377,0.0,4.386941795388555,4.926882022267242
17,172,4.436693598827698,-1.0,4.386941795388555,-0.8619683427611659,4.926882022267242,-0.9286081624647375,-1.0883817524476367,0.0,4.300744961112438,4.82610893461618
17,173,4.245820588972613,-1.0,4.300744961112438,-0.8403372698825794,4.82610893461618,-1.0077308765106296,-0.9516224589507456,0.0,4.216711234124181,4.719044361180443
17,174,4.084472414282826,-1.0,4.216711234124181,-0.8255308981650937,4.719044361180443,-1.070645734357364,-0.8246689232127448,0.0,4.134158144307671,4.607159164862523
17,175,4.509210686462549,-1.0,4.134158144307671,-0.7811511360972057,4.607159164862523,-1.1188519631792029,-0.6649789797683617,0.0,4.056043030697951,4.492204505029092
17,176,3.948220137688348,-1.0,4.056043030697951,-0.7426991091541424,4.492204505029092,-1.1495465983343045,-0.5171081990669586,0.0,3.9817731197825363,4.375757312319662
17,177,4.152655431216496,-1.0,3.9817731197825363,-0.8170176511608626,4.375757312319662,-1.1644719270943027,-0.5151920319283296,0.0,3.90007135466645,4.25788450945765
17,178,3.578867110211906,-1.0,3.90007135466645,-0.7041156795320155,4.25788450945765,-1.178728028620118,-0.29387277053463484,0.0,3.8296597867132487,4.140844908581876
17,179,3.476779494457566,-1.0,3.8296597867132487,-0.6958624859383382,4.140844908581876,-1.1703960087577379,-0.20616683639518307,0.0,3.760073538119415,4.025488906570175
18,0,0.34308596781725603,1.0,0.0,0.7540444518762066,-0.7,0.0,2.2262448980671152,0.0,0.07540444518762067,-0.6777375510193288
18,1,0.48759973375367976,1.0,0.07540444518762067,0.7822595901451234,-0.6777375510193288,0.22262448980671154,2.1256475725150366,0.0,0.15363040420213303,-0.6349310246808887
18,2,-0.3203781648339463,1.0,0.15363040420213303,0.7197324899162012,-0.6349310246808887,0.42806526338440043,1.8982397419264783,0.0,0.22560365319375314,-0.574511909766014
18,3,0.12760377367596074,1.0,0.22560365319375314,0.7272534661255001,-0.574511909766014,0.6041911491487475,1.7439711155343771,0.0,0.2983289998063032,-0.4985864953730714
18,4,-0.11352234066891292,1.0,0.2983289998063032,0.6156781025589788,-0.4985864953730714,0.7592541439294254,1.4374392716162854,0.0,0.3598968100622011,-0.4107163015245402
18,5,0.5576961727806221,1.0,0.3598968100622011,0.640760951961312,-0.4107163015245402,0.8787019384853123,1.2943369966981138,0.0,0.4239729052583323,-0.3127145839121808
18,6,0.34620355886659876,1.0,0.4239729052583323,0.8004906628029503,-0.3127145839121808,0.9800171761235937,1.3224597885973195,0.0,0.5040219715386274,-0.20462432337744374
18,7,0.6350355339906333,1.0,0.5040219715386274,0.7174595963736458,-0.20462432337744374,1.0809026053473707,1.0621105115014449,0.0,0.575767931175992,-0.0893718460648038
18,8,0.5922762627761903,1.0,0.575767931175992,0.7882513636152021,-0.0893718460648038,1.1525247731263992,0.9938480101775278,0.0,0.6545930675375122,0.03213103207560691
18,9,0.44711882881683707,1.0,0.6545930675375122,0.7055217735640402,0.03213103207560691,1.2150287814041072,0.7470939354818023,0.0,0.7251452448939163,0.1572167574703425
18,10,0.5410590923836411,1.0,0.7251452448939163,0.6624811415162934,0.1572167574703425,1.250857253947356,0.5554317948615102,0.0,0.7913933590455456,0.28385405760106164
18,11,0.9058593777133451,1.0,0.7913933590455456,0.8668125855298797,0.28385405760106164,1.2663730013071914,0.6797695994291459,0.0,0.8780746175985337,0.4132366601218892
18,12,1.0649023760354717,1.0,0.8780746175985337,0.7914029969161251,0.4132366601218892,1.2938260252082758,0.4788155960545172,0.0,0.9572149172901462,0.5432671753225955
18,13,0.7891272387349189,1.0,0.9572149172901462,0.7899639074359873,0.5432671753225955,1.3003051520070628,0.37608833871599734,0.0,1.036211308033745,0.6728975974240392
18,14,0.48839793582328184,1.0,1.036211308033745,0.766995777735042,0.6728975974240392,1.2963042210144364,0.2582507180655743,0.0,1.1129108858072492,0.8009623531988924
18,15,0.380791729219244,1.0,1.1129108858072492,0.5897175160972947,0.8009623531988924,1.280647557748532,-0.03927401793033958,0.0,1.1718826374169786,0.9245362966096469
18,16,1.3341524442681407,1.0,1.1718826374169786,0.6388564057843578,0.9245362966096469,1.235739434107545,-0.050948014175676515,0.0,1.2357682779954144,1.0436463936895004
18,17,1.3956942378861377,1.0,1.2357682779954144,0.7342039743647419,1.0436463936895004,1.1911009707985358,0.011511374967934696,0.0,1.3091886754318887,1.159060081412478
18,18,1.0359290863791122,1.0,1.3091886754318887,0.6643704132601118,1.159060081412478,1.1541368772297762,-0.11360836177911743,0.0,1.3756257167578998,1.2696444475105293
18,19,1.3585971003245068,1.0,1.3756257167578998,0.6151978796657734,1.2696444475105293,1.1058436609805116,-0.20530111453467137,0.0,1.4371455047244772,1.3746371027480961
18,20,1.7947341998251356,1.0,1.4371455047244772,0.6098171148477475,1.3746371027480961,1.049926552375668,-0.23365819950117817,0.0,1.498127216209252,1.473933411023049
18,21,1.5659797692791562,1.0,1.498127216209252,0.6986792046324782,1.473933411023049,0.9929630827495288,-0.13498387957141933,0.0,1.5679951366724998,1.5687023986374893
18,22,1.9659092109317498,1.0,1.5679951366724998,0.6664274594803787,1.5687023986374893,0.9476898761444019,-0.17334489212858484,0.0,1.6346378826205377,1.6587053297269816
18,23,1.8702115850121226,-1.0,1.6346378826205377,-0.875978113089421,1.6587053297269816,0.9000293108949226,-2.071388523252025,0.0,1.5470400713115955,1.7251142817890899
18,24,1.3586403440134738,-1.0,1.5470400713115955,-0.8152322841407851,1.7251142817890899,0.6640895206210825,-2.0335431569493707,0.0,1.465516842897517,1.769062715815717
18,25,1.0653460176015965,-1.0,1.465516842897517,-0.9458049435068123,1.769062715815717,0.4394843402662708,-2.1910875274091675,0.0,1.3709363485468358,1.7896939246794004
18,26,1.6255846664432134,-1.0,1.3709363485468358,-1.0084747256548887,1.7896939246794004,0.2063120886368334,-2.2367954950977076,0.0,1.270088875981347,1.7872969799084688
18,27,1.3453778169676975,-1.0,1.270088875981347,-0.9638358719069368,1.7872969799084688,-0.023969447709316027,-2.122004373975461,0.0,1.1737052887906532,1.7637566936304525
18,28,1.5487114870922964,-1.0,1.1737052887906532,-0.9897954792151327,1.7637566936304525,-0.23540286278016403,-2.0668195098651454,0.0,1.07472574086914,1.7203015014146812
18,29,1.088560313151869,-1.0,1.07472574086914,-0.8885995013730761,1.7203015014146812,-0.4345519221577133,-1.8354560229394015,0.0,0.9858657907318323,1.6598823151204205
18,30,1.1884831656599255,-1.0,0.9858657907318323,-0.7882567276268382,1.6598823151204205,-0.6041918629426066,-1.5860261726482963,0.0,0.9070401179691485,1.5855362810610931
18,31,0.7241281328206788,-1.0,0.9070401179691485,-0.8420980405955926,1.5855362810610931,-0.7434603405932728,-1.5145756242327177,0.0,0.8228303139095893,1.498423563849337
18,32,0.1648464692779349,-1.0,0.8228303139095893,-0.7642534129431038,1.498423563849337,-0.8711271721175599,-1.279016946649829,0.0,0.7464049726152788,1.401308284121859
18,33,0.6131972572038937,-1.0,0.7464049726152788,-0.7312243208505691,1.401308284121859,-0.9711527972747809,-1.094922725399106,0.0,0.673282540530222,1.296351466091669
18,34,0.1309195584045244,-1.0,0.673282540530222,-0.7517803029008043,1.296351466091669,-1.0495681803018986,-0.979079597054177,0.0,0.5981045102401416,1.1849624702679036
18,35,0.36346283733940826,-1.0,0.5981045102401416,-0.6957031355807919,1.1849624702679036,-1.1138899582376556,-0.7752961423440994,0.0,0.5285341966820624,1.0693849608870576
18,36,0.3770124642209035,-1.0,0.5285341966820624,-0.7546105367586591,1.0693849608870576,-1.1557750938084606,-0.7189540781773014,0.0,0.45307314300619644,0.9503163910246256
18,37,0.9309854492262486,-1.0,0.45307314300619644,-0.7443696478361896,0.9503163910246256,-1.19068569862432,-0.5889765403562524,0.0,0.37863617822257745,0.8291682499942289
18,38,0.20649163224160366,-1.0,0.37863617822257745,-0.8072319644118829,0.8291682499942289,-1.2114814103039668,-0.5583603280070655,0.0,0.29791298178138914,0.7063132461967342
18,39,0.6616217256743038,-1.0,0.29791298178138914,-0.871063996516981,0.7063132461967342,-1.2285500379749466,-0.5413269849931659,0.0,0.21080658212969106,0.5819763326708277
18,40,-0.26390938634114774,-1.0,0.21080658212969106,-0.7438043456169633,0.5819763326708277,-1.2433691352590648,-0.2997248133160345,0.0,0.1364261475679947,0.4586209522445899
18,41,0.6730289171253006,1.0,0.1364261475679947,0.995061066864003,0.4586209522445899,-1.2335538042623782,1.9280715234008396,0.0,0.235932254254395,0.35849365922600007
18,42,-0.3661579830038969,1.0,0.235932254254395,0.9634366556888431,0.35849365922600007,-1.001272930185898,2.0144422472734447,0.0,0.3322759198232793,0.28171486205673957
18,43,0.14872515454640978,1.0,0.3322759198232793,1.0047772769047951,0.28171486205673957,-0.7677879716926048,2.1406152641227556,0.0,0.43275364751375883,0.228799139038123
18,44,0.9694860564450907,1.0,0.43275364751375883,0.9345404083210408,0.228799139038123,-0.5291572301861659,2.087088336651886,2.712228167719063,0.526207688345863,0.46967041929452735
18,45,1.0003553630490363,1.0,0.526207688345863,0.862132897251162,0.46967041929452735,2.408712802564043,-1.3598203668420894,0.0,0.6124209780709792,0.6892356149143058
18,46,0.748539756126014,1.0,0.6124209780709792,0.8953540393537088,0.6892356149143058,2.1956519561977847,-1.341779393565998,0.0,0.70195638200635,0.8883569303385914
18,47,0.7764681521473599,1.0,0.70195638200635,0.9845987741323549,0.8883569303385914,1.991213154242856,-1.2196353403161873,0.0,0.8004162594195855,1.068910010266138
18,48,1.0610267831189184,1.0,0.8004162594195855,0.945151738513349,1.068910010266138,1.805530799275466,-1.2252583812413753,0.0,0.8949314332709204,1.2314328078235892
18,49,0.5662877773283483,1.0,0.8949314332709204,0.9264838398719699,1.2314328078235892,1.6252279755745134,-1.1848093750337936,0.0,0.9875798172581174,1.376906782108864
18,50,1.103181644697608,1.0,0.9875798172581174,0.9016200458226257,1.376906782108864,1.4547397428527495,-1.1342308583783256,0.0,1.07774182184038,1.506383280633227
18,51,1.567568050236043,1.0,1.07774182184038,0.8224495210291156,1.506383280633227,1.294764985243629,-1.1367647748016192,0.0,1.1599867739432916,1.620348883456794
18,52,1.613895372982054,1.0,1.1599867739432916,0.6960469881019128,1.620348883456794,1.139656028235671,-1.1886907019415718,0.0,1.229591472753483,1.7187806799705914
18,53,0.6475582130095284,1.0,1.229591472753483,0.7427837276001947,1.7187806799705914,0.9843179651379723,-1.021195993160281,0.0,1.3038698455135025,1.8038506990643444
18,54,1.5430102038776496,1.0,1.3038698455135025,0.674017640670677,1.8038506990643444,0.8507001909375291,-0.985787993325177,0.0,1.3712716095805701,1.8763405976138454
18,55,1.2575509801162523,1.0,1.3712716095805701,0.8312071302158043,1.8763405976138454,0.7248989854950105,-0.6689807568148018,0.0,1.4543923226021507,1.9398210118416144
18,56,1.1464030083123258,1.0,1.4543923226021507,0.8436998572111616,1.9398210118416144,0.63480414227769,-0.5226181008287977,0.0,1.5387623083232669,1.996043871805807
18,57,1.2027659152761077,1.0,1.5387623083232669,0.8831053937988392,1.996043871805807,0.5622285996419242,-0.3456757607251529,0.0,1.6270728477031509,2.0470108426438935
18,58,1.3026805944466342,1.0,1.6270728477031509,0.9259700501333402,2.0470108426438935,0.5096697083808673,-0.1684654725256095,0.0,1.7196698527164849,2.0946622156899055
18,59,1.236127463115839,1.0,1.7196698527164849,0.8255930066866285,2.0946622156899055,0.47651373046011863,-0.17446792522596644,0.0,1.8022291533851478,2.1390440655461855
18,60,2.1247643331631605,1.0,1.8022291533851478,0.7489844638102836,2.1390440655461855,0.4438184985627982,-0.1641211981831579,0.0,1.877127599766176,2.1803644842252328
18,61,1.1871812099161094,1.0,1.877127599766176,0.8690187127655596,2.1803644842252328,0.4132041867904729,0.07838547788621458,0.0,1.964029471042732,2.2211465042854126
18,62,1.7949314861522256,1.0,1.964029471042732,0.8918084436256881,2.2211465042854126,0.4078202006017992,0.19750570574687681,0.0,2.053210315405301,2.2625985567611355
18,63,1.760573802619047,1.0,2.053210315405301,0.8819527553498643,2.2625985567611355,0.4145205247572293,0.26659685535369815,0.0,2.1414055909402876,2.3053901121111724
18,64,2.4755797022591386,1.0,2.1414055909402876,0.9223834307668074,2.3053901121111724,0.42791555350036775,0.38646084165548433,0.0,2.2336439340169685,2.350676946106563
18,65,2.0312475877792293,1.0,2.2336439340169685,0.7523090410990186,2.350676946106563,0.4528683399539044,0.237078836439939,0.0,2.3088748381268704,2.3968853897785003
18,66,2.259152455587541,1.0,2.3088748381268704,0.8468311643900776,2.3968853897785003,0.4620844367193734,0.39782830891088866,0.0,2.3935579545658783,2.4455934463420443
18,67,1.9495209318308555,1.0,2.3935579545658783,0.8554520228246059,2.4455934463420443,0.48708056563544233,0.44878299448526693,0.0,2.479103156848339,2.4972306750404076
18,68,2.3256791197930182,1.0,2.479103156848339,0.8788174536000065,2.4972306750404076,0.5163722869836349,0.5096127452078646,0.0,2.5669849022083397,2.552311639872502
18,69,2.7256381215632848,1.0,2.5669849022083397,0.9151022733294316,2.552311639872502,0.550809648320945,0.5789467121461553,0.0,2.658495129541283,2.6114194809514313
18,70,2.2756346951127826,1.0,2.658495129541283,1.0348225067365133,2.6114194809514313,0.5910784107892904,0.7444634143820644,0.0,2.761977380214934,2.6760805052596552
18,71,2.901532404300252,1.0,2.761977380214934,1.0276592628067895,2.6760805052596552,0.6466102430822395,0.7491276529972998,0.0,2.864743306495613,2.746163653319989
18,72,2.827768046650469,1.0,2.864743306495613,0.968923575349183,2.746163653319989,0.7008314806033378,0.6801199192976408,0.0,2.9616356640305312,2.8208053398353683
18,73,3.049227694520141,1.0,2.9616356640305312,0.8727995678433761,2.8208053398353683,0.746416865153795,0.5547058576361363,0.0,3.048915620814869,2.898605550958617
18,74,3.1747293144132778,1.0,3.048915620814869,1.0444241229762374,2.898605550958617,0.7780021112324872,0.7510352043156081,0.0,3.1533580331124926,2.9814265073690778
18,75,3.382225062958052,1.0,3.1533580331124926,0.8483238950497574,2.9814265073690778,0.8282095641046084,0.4961332907019292,0.0,3.2381904226174685,3.066558526081423
18,76,2.511677521555816,1.0,3.2381904226174685,0.8247734814325339,3.066558526081423,0.8513201871234539,0.44222806168123674,0.0,3.3206677707607217,3.1533886008117857
18,77,3.6809175402626204,1.0,3.3206677707607217,0.8070850836694701,3.1533886008117857,0.868300747303627,0.39450075806851914,0.0,3.401376279127669,3.241385120731462
18,78,3.0208088815218277,1.0,3.401376279127669,0.7447171756861003,3.241385120731462,0.8799651991967629,0.29174589584871546,0.0,3.4758479966962788,3.329483210972196
18,79,2.99155949041459,1.0,3.4758479966962788,0.7168672736183194,3.329483210972196,0.880980902407338,0.2310759889804726,0.0,3.5475347240581105,3.417072922215031
18,80,3.4602533910399442,1.0,3.5475347240581105,0.7286837756922765,3.417072922215031,0.8758971124283504,0.22158682833989035,0.0,3.620403101627338,3.5040756309814944
18,81,3.7117640576516853,1.0,3.620403101627338,0.6561101987978853,3.5040756309814944,0.8700270876646322,0.11197347416233547,0.0,3.6860141215071267,3.589413987809054
18,82,4.094543618979707,1.0,3.6860141215071267,0.661434281694315,3.589413987809054,0.8533835682755976,0.09952883854453551,0.0,3.752157549676558,3.6730168056035772
18,83,3.5501087728726297,1.0,3.752157549676558,0.7083554171324669,3.6730168056035772,0.836028177945232,0.143399729851117,0.0,3.8229930913898045,3.755378330527187
18,84,4.363010558433098,1.0,3.8229930913898045,0.6099792869986188,3.755378330527187,0.8236152492360963,0.013615715341235707,0.0,3.8839910200896663,3.8352404438066534
18,85,3.7831951757399023,1.0,3.8839910200896663,0.6428194460385306,3.8352404438066534,0.7986211327946648,0.04551839254676132,0.0,3.9482729646935195,3.9130021533866444
18,86,4.2262736940689605,1.0,3.9482729646935195,0.680691130406702,3.9130021533866444,0.7776170957999117,0.08940659638008858,0.0,4.01634207773419,3.9891695542238765
18,87,3.7037469711017272,1.0,4.01634207773419,0.6870433130586511,3.9891695542238765,0.7616740083723234,0.09900995133057326,0.0,4.0850464090400544,4.063889697747623
18,88,4.161753459460658,1.0,4.0850464090400544,0.6922885739379552,4.063889697747623,0.7472014352374663,0.10955479770503397,0.0,4.15427526643385,4.13731434465566
18,89,4.0762119736848215,-1.0,4.15427526643385,-0.9415488298486204,4.13731434465566,0.7342464690803707,-1.9023938921077839,0.0,4.0601203834489885,4.189365463941562
18,90,4.2516571621835615,-1.0,4.0601203834489885,-0.9613209548980586,4.189365463941562,0.5205111928590205,-1.9728715307123346,0.0,3.963988287959183,4.220022232103192
18,91,4.075079383333177,-1.0,3.963988287959183,-0.9935474354128084,4.220022232103192,0.3065676816162983,-2.022589945098349,0.0,3.864633544417902,4.2294720842326665
18,92,3.9111090240306803,-1.0,3.864633544417902,-0.9165044320008898,4.2294720842326665,0.09449852129474187,-1.906057719537893,0.0,3.7729831012178128,4.219558963898619
18,93,3.6187465094610616,-1.0,3.7729831012178128,-0.8995549157605836,4.219558963898619,-0.09913120334047917,-1.8330279034163088,1.2933032839792606,3.6830276096417545,4.320963112779023
18,94,3.6492320797084092,-1.0,3.6830276096417545,-0.8809097226488621,4.320963112779023,1.0140414888040459,-3.2,0.0,3.5949366373768683,4.387122328895255
18,95,3.4859976602024463,-1.0,3.5949366373768683,-0.762809349335576,4.387122328895255,0.6615921611623163,-3.1022848449588842,0.0,3.5186557024433105,4.420141601646178
18,96,3.1030321532188747,-1.0,3.5186557024433105,-0.7009883674105656,4.420141601646178,0.3301927275092338,-2.8801719111620496,0.0,3.448556865702254,4.423302538557452
18,97,2.9227275473436642,-1.0,3.448556865702254,-0.764047153491783,4.423302538557452,0.03160936911273332,-2.780067566912838,0.0,3.3721521503530756,4.3985616498184354
18,98,3.199021081006744,-1.0,3.3721521503530756,-0.6575851928458463,4.3985616498184354,-0.24740888739015798,-2.4511959554158698,0.0,3.306393631068491,4.35010050996491
18,99,3.074061959747996,-1.0,3.306393631068491,-0.7009021463536679,4.35010050996491,-0.4846113985352599,-2.2876299082431313,0.0,3.2363034164331244,4.280313827504266
18,100,3.21718752427565,-1.0,3.2363034164331244,-0.6508584449657657,4.280313827504266,-0.6978668246064448,-2.0024692741775647,0.0,3.171217571936548,4.192735626140586
18,101,3.310260886703118,-1.0,3.171217571936548,-0.8179848181902489,4.192735626140586,-0.8757820136367951,-1.9804485364237936,0.0,3.089419090117523,4.088155441856307
18,102,3.3118650685220024,-1.0,3.089419090117523,-0.6949561987955404,4.088155441856307,-1.045801842842797,-1.6078412212443052,0.0,3.019923470237969,3.9708434112566806
18,103,2.571705902544971,-1.0,3.019923470237969,-0.7349951564053032,3.9708434112566806,-1.173120305996258,-1.435144587749095,0.0,2.9464239545974387,3.8429339197587518
18,104,2.7712765776954815,-1.0,2.9464239545974387,-0.8066551972314775,3.8429339197587518,-1.2790949149792872,-1.3117129434010526,0.0,2.865758434874291,3.7060004025547464
18,105,2.5582722476355824,-1.0,2.865758434874291,-0.8653935605720877,3.7060004025547464,-1.3693351720400553,-1.1854067568733129,0.0,2.779219078817082,3.561594690332536
18,106,2.8143196156402466,-1.0,2.779219078817082,-1.0218921846910394,3.561594690332536,-1.4440571222221048,-1.193171751063813,0.0,2.6770298603479783,3.409878243390798
18,107,2.4364062070774875,-1.0,2.6770298603479783,-1.053023772413019,3.409878243390798,-1.5171644694173787,-1.0632311746710472,0.0,2.5717274831066765,3.2523844110044853
18,108,2.7146800992617255,-1.0,2.5717274831066765,-1.0383426506542806,3.2523844110044853,-1.5749383238631274,-0.8878832501126993,0.0,2.4678932180412483,3.0910515487534074
18,109,2.581096886542467,-1.0,2.4678932180412483,-0.8714997702912946,3.0910515487534074,-1.6133286225107772,-0.5351500744909267,0.0,2.380743241012119,2.9295298373494547
18,110,2.7713723427209715,-1.0,2.380743241012119,-0.852394377917308,2.9295298373494547,-1.615217114039525,-0.37198429021044555,0.0,2.295503803220388,2.769456977808324
18,111,2.7040048996160646,-1.0,2.295503803220388,-0.8715805551192755,2.769456977808324,-1.6007285954113049,-0.27245033337811664,0.0,2.2083457477084605,2.6117819464387284
18,112,1.7790373073401906,-1.0,2.2083457477084605,-0.7764718215500935,2.6117819464387284,-1.5767503136959549,-0.04971183788460887,0.0,2.130698565553451,2.458655397694114
18,113,1.981433952445466,-1.0,2.130698565553451,-0.7620726908957921,2.458655397694114,-1.531265487446145,0.05994884910192266,0.0,2.0544912964638717,2.3110283870003463
18,114,1.7568947278761429,-1.0,2.0544912964638717,-0.8223598824356594,2.3110283870003463,-1.4762701069376762,0.059875539984042825,0.0,1.9722553082203058,2.1687241960486197
18,115,1.8158900221384378,-1.0,1.9722553082203058,-0.8813793269738336,2.1687241960486197,-1.4230419095172664,0.04222309369806443,0.0,1.8841173755229224,2.0313959701443287
18,116,2.012360481507785,-1.0,1.8841173755229224,-0.9854077322168113,2.0313959701443287,-1.3732822590429075,-0.047497577342311026,0.0,1.7855766023012412,1.8979872716955521
18,117,1.7833890539723176,-1.0,1.7855766023012412,-0.9500108692887423,1.8979872716955521,-1.3340869844877656,0.019568171761081832,0.0,1.690575515372367,1.7690433333147473
18,118,1.443453471268373,-1.0,1.690575515372367,-1.0653586303836848,1.7690433333147473,-1.289439383808049,-0.10697201871880282,0.0,1.5840396523339986,1.6431558807749402
18,119,1.6916479622884257,-1.0,1.5840396523339986,-0.940442015922693,1.6431558807749402,-1.2588745253980715,0.051007339387707074,0.0,1.4899954507417292,1.521806900110284
18,120,1.1592111448850857,-1.0,1.4899954507417292,-1.020659517590658,1.521806900110284,-1.2134898066465625,-0.04520138857739869,0.0,1.3879294989826634,1.4038890729411229
18,121,1.0667697913532477,-1.0,1.3879294989826634,-0.9632273069744381,1.4038890729411229,-1.1791782716916124,0.019026249339611667,0.0,1.2916067682852195,1.2899348787347709
18,122,0.886840395051024,-1.0,1.2916067682852195,-0.8514470619861669,1.2899348787347709,-1.1395419420635196,0.14807491328210912,0.0,1.2064620620866027,1.1811079678758434
18,123,1.2749496783269132,-1.0,1.2064620620866027,-0.8998228809927789,1.1811079678758434,-1.088269108589276,0.07830638028256276,0.0,1.116479773987325,1.076546581967227
18,124,1.1734726129809696,-1.0,1.116479773987325,-0.8842548766301924,1.076546581967227,-1.0456138590861628,0.07971618463936417,0.0,1.0280542863243056,0.9761283222540802
18,125,1.0536284923880432,-1.0,1.0280542863243056,-0.7318937750048935,0.9761283222540802,-1.004182597131469,0.2465659483869161,0.0,0.9548649088238162,0.8813891063356232
18,126,1.047969582825545,-1.0,0.9548649088238162,-0.7874228987697603,0.8813891063356232,-0.9473921591845704,0.15822472176630203,0.0,0.8761226189468402,0.7912637925442197
18,127,1.2241863460067748,-1.0,0.8761226189468402,-0.7272480290050968,0.7912637925442197,-0.9012531379140339,0.205153307833289,0.0,0.8033978160463305,0.7060740218724741
18,128,0.5542685997126656,-1.0,0.8033978160463305,-0.6903922504581614,0.7060740218724741,-0.8518977067174559,0.22190718195913361,0.0,0.7343585910005144,0.6258293956818157
18,129,0.9579132844532637,-1.0,0.7343585910005144,-0.8528562876031289,0.6258293956818157,-0.802446261906584,-0.009929928848358527,0.0,0.6490729622402015,0.5480532982407749
18,130,1.0623182603588184,-1.0,0.6490729622402015,-0.8211897356936745,0.5480532982407749,-0.7777609744104091,-0.010633922051819171,0.0,0.566953988670834,0.47265969669732905
18,131,0.6006262833189996,-1.0,0.566953988670834,-0.9068402854951192,0.47265969669732905,-0.753936015434458,-0.1538704962293071,0.0,0.4762699601213221,0.39813998544098045
18,132,-0.011261256291375976,-1.0,0.4762699601213221,-0.8665582536598428,0.39813998544098045,-0.7451971125634861,-0.1432020219196135,0.0,0.3896141347553378,0.32457288472563883
18,133,-0.155934172459256,-1.0,0.3896141347553378,-0.8319328330774347,0.32457288472563883,-0.7356710071534159,-0.134656178784602,0.0,0.30642085144759434,0.25201336944534214
18,134,0.3125924745938012,-1.0,0.30642085144759434,-0.7463318747256745,0.25201336944534214,-0.7255951528029668,-0.05919111313892633,0.0,0.23178766397502687,0.18118384752262567
18,135,0.470970174196892,-1.0,0.23178766397502687,-0.767799348448138,0.18118384752262567,-0.7082952192271645,-0.11090515470798552,0.0,0.15500772913021305,0.1115118187543563
18,136,-0.16766509788550643,-1.0,0.15500772913021305,-0.7700029375707872,0.1115118187543563,-0.6967202876826938,-0.13892989163775876,0.0,0.07800743537313432,0.042679995990293956
18,137,0.04658452349558277,-1.0,0.07800743537313432,-0.7570400919241052,0.042679995990293956,-0.6883182276406234,-0.1468546116453606,0.0,0.0023034261807237943,-0.025417754561772005
18,138,0.11100841030046835,-1.0,0.0023034261807237943,-0.6107142766836486,-0.025417754561772005,-0.6809775055206596,0.012078433466003749,0.0,-0.058768001487641074,-0.09121559276151182
18,139,0.28954772328694,-1.0,-0.058768001487641074,-0.6405844900596274,-0.09121559276151182,-0.6579783819973981,-0.04021650026971088,0.0,-0.1228264504936038,-0.15531006514155707
18,140,-0.4818237303513293,-1.0,-0.1228264504936038,-0.5506074069898059,-0.15531006514155707,-0.6409447238004524,0.05308649945677828,0.0,-0.1778871911925844,-0.2168226494108731
18,141,-0.01235469418653054,-1.0,-0.1778871911925844,-0.6650730650986365,-0.2168226494108731,-0.6151258426931601,-0.10345250286516391,0.0,-0.24439449770244803,-0.2774013560122226
18,142,-0.3502185739598997,-1.0,-0.24439449770244803,-0.7681985646906468,-0.2774013560122226,-0.6057870660134953,-0.2515861202056959,0.0,-0.32121435417151273,-0.33855740520438593
18,143,-0.494889874364925,-1.0,-0.32121435417151273,-0.7303519135413743,-0.33855740520438593,-0.6115604919216331,-0.2277614522950671,0.0,-0.39424954552565017,-0.4000340753453507
18,144,-0.3022289997656553,-1.0,-0.39424954552565017,-0.805445863260724,-0.4000340753453507,-0.6147667014096475,-0.3385192244804184,0.0,-0.4747941318517226,-0.46292868428660877
18,145,-0.14282412288708868,-1.0,-0.4747941318517226,-0.7876044574535107,-0.46292868428660877,-0.6289460894125807,-0.33424918906733647,0.0,-0.5535545775970736,-0.52715315763242
18,146,-0.7750472517764255,-1.0,-0.5535545775970736,-0.7952885230767762,-0.52715315763242,-0.6422447334581117,-0.35666698280341047,0.0,-0.6330834299047512,-0.5928891176591993
18,147,-1.1046350281445283,-1.0,-0.6330834299047512,-0.6464981424924227,-0.5928891176591993,-0.6573596002677932,-0.1825571033512301,0.0,-0.6977332441539934,-0.658347097998634
18,148,-0.6915524545901385,-1.0,-0.6977332441539934,-0.5718681364881346,-0.658347097998634,-0.6545798033943468,-0.09181272538619706,0.0,-0.7549200578028069,-0.7226285502210688
18,149,-1.1046804061755102,-1.0,-0.7549200578028069,-0.4791997980644883,-0.7226285502210688,-0.6428145222243474,0.02340420869970619,0.0,-0.8028400376092557,-0.7846189538853885
18,150,-1.1521069695177835,-1.0,-0.8028400376092557,-0.5139216217739843,-0.7846189538853885,-0.6199040366431977,-0.01750296930466727,0.0,-0.8542321997866541,-0.8448006943254966
18,151,-1.1985379784908354,1.0,-0.8542321997866541,1.0375975970438631,-0.8448006943254966,-0.6018174044010821,1.895893021867166,0.0,-0.7504724400822678,-0.8840976888528498
18,152,-1.027853151370501,1.0,-0.7504724400822678,0.9735854150523464,-0.8840976888528498,-0.3929699452735309,1.8622031403524322,0.0,-0.6531138985770331,-0.9035151481518032
18,153,-0.5201963854471852,1.0,-0.6531138985770331,1.0747515813163846,-0.9035151481518032,-0.19417459298953468,1.9944438372780713,0.0,-0.5456387404453946,-0.9023668103804094
18,154,-0.6060184542307134,1.0,-0.5456387404453946,0.9319682943380265,-0.9023668103804094,0.011483377713937565,1.7988702262876057,0.0,-0.452441911011592,-0.8832665171548242
18,155,-0.5745689481124772,1.0,-0.452441911011592,0.8719921696014707,-0.8832665171548242,0.19100293225585216,1.6733827719541514,0.0,-0.3652426940514449,-0.8480436055929161
18,156,-0.34514459011388054,1.0,-0.3652426940514449,0.7980021534094721,-0.8480436055929161,0.35222911561908005,1.508873774412386,0.0,-0.28544247871049766,-0.7988590894568653
18,157,-0.4869131506503385,1.0,-0.28544247871049766,0.8886520783512319,-0.7988590894568653,0.49184516136050804,1.5308686272160181,0.0,-0.19657727087537447,-0.735939791565008
18,158,-0.2702225445859891,1.0,-0.19657727087537447,0.8722442293904203,-0.735939791565008,0.6291929789185736,1.4143896587084888,0.0,-0.10935284793633243,-0.6608900146186052
18,159,0.34867423219179566,1.0,-0.10935284793633243,0.9275372237205644,-0.6608900146186052,0.7504977694640281,1.377829571719872,0.0,-0.016599125564275993,-0.5744635348172885
18,160,0.0203011953621874,1.0,-0.016599125564275993,0.9957351366741185,-0.5744635348172885,0.8642647980131665,1.3543040129967847,0.0,0.08297438810313586,-0.47725966223964617
18,161,-0.033190721232512196,1.0,0.08297438810313586,1.1518820866439543,-0.47725966223964617,0.9720387257764236,1.4383667080741858,0.0,0.19816259676753128,-0.3687826465037465
18,162,0.182108711386389,1.0,0.19816259676753128,1.1293726956899666,-0.3687826465037465,1.0847701573589965,1.3046153140020265,0.0,0.311099866336528,-0.25073074213137536
18,163,0.46832293716117523,1.0,0.311099866336528,0.884501832492889,-0.25073074213137536,1.1805190437237112,0.8922013928844426,0.0,0.39955004958581686,-0.12753448477007567
18,164,0.4885036732454512,1.0,0.39955004958581686,0.7263550536702473,-0.12753448477007567,1.2319625736129967,0.5785941775475101,0.0,0.4721855549528416,-0.002494565868862486
18,165,0.3868531929670359,1.0,0.4721855549528416,0.7442827383070498,-0.002494565868862486,1.2503991890121318,0.48442825686662083,0.0,0.5466138287835466,0.12338835819617808
18,166,0.5043790394735717,1.0,0.5466138287835466,0.8772363890649215,0.12338835819617808,1.2588292406504056,0.5445833583988839,0.0,0.6343374676900387,0.2506888622751262
18,167,0.4182100563863059,1.0,0.6343374676900387,0.8042602992655986,0.2506888622751262,1.273005040789481,0.3663560967816474,0.0,0.7147634976165986,0.37757931119136445
18,168,1.2736202902214973,1.0,0.7147634976165986,0.7903242151140494,0.37757931119136445,1.2689044891623824,0.2674914369320326,0.0,0.7937959191280035,0.5030841801116034
18,169,0.9434507696124251,1.0,0.7937959191280035,0.7058941369664289,0.5030841801116034,1.2550486892023893,0.091794852671371,0.0,0.8643853328246464,0.6254908417531084
18,170,1.1355873108804904,1.0,0.8643853328246464,0.7001697197713328,0.6254908417531084,1.22406661641505,0.021394465164138676,0.0,0.9344023048017797,0.7441944348737266
18,171,0.8373279695115728,1.0,0.9344023048017797,0.7599014316107765,0.7441944348737266,1.1870359312061822,0.04397509963971602,0.0,1.0103924479628574,0.8595392640108822
18,172,1.1815825490356517,1.0,1.0103924479628574,0.7764403436035576,0.8595392640108822,1.153448291371556,0.026861508721413907,0.0,1.0880364823232131,0.971461673702863
18,173,0.7806290872955691,1.0,1.0880364823232131,0.804443226956042,0.971461673702863,1.1192240969198077,0.03396547947256162,0.0,1.1684808050188173,1.080142221079426
18,174,0.8052419447444354,1.0,1.1684808050188173,0.875738752013008,1.080142221079426,1.08680547376563,0.10381799157002738,0.0,1.2560546802201182,1.1863831708556394
18,175,1.7309260981497179,1.0,1.2560546802201182,0.8485126693784958,1.1863831708556394,1.0624094977621326,0.06127546635648909,0.0,1.3409059471579678,1.2898371649025786
18,176,1.5814632783922493,1.0,1.3409059471579678,0.7912359967790241,1.2898371649025786,1.0345399404693931,-0.01461323429829775,0.0,1.4200295468358703,1.3898344987970328
18,177,1.259657851121327,1.0,1.4200295468358703,0.6113632757829572,1.3898344987970328,0.9999733389445428,-0.23907752142796837,0.0,1.481165874414166,1.4842411427925848
18,178,0.8007507150736948,1.0,1.481165874414166,0.5937208434048946,1.4842411427925848,0.9440664399555205,-0.2637137668483264,0.0,1.5405379587546555,1.572989636511796
18,179,1.6829769003716057,1.0,1.5405379587546555,0.7438552459012149,1.572989636511796,0.8874849371921112,-0.07323355921442615,0.0,1.614923483344777,1.658165842839848
19,0,0.44171280167707655,1.0,0.0,0.9585007412072957,-0.7,0.0,2.47874841539101,0.0,0.09585007412072957,-0.6752125158460899
19,1,0.08070708400976108,1.0,0.09585007412072957,0.9276913675928316,-0.6752125158460899,0.247874841539101,2.311896046799707,0.0,0.18861921088001274,-0.6280992707171078
19,2,0.780294966159558,1.0,0.18861921088001274,0.9148941412910029,-0.6280992707171078,0.4711324512898205,2.1461343815947505,0.0,0.28010862500911304,-0.5610323056163057
19,3,-0.639828001813656,1.0,0.28010862500911304,0.8083794890125385,-0.5610323056163057,0.6706696510080213,1.8502562570290875,0.0,0.3609465739103669,-0.4776089208284383
19,4,0.23955517585513184,1.0,0.3609465739103669,0.8681575731458284,-0.4776089208284383,0.8342338478786734,1.7475567278292807,0.0,0.44776233122494974,-0.3793795170754899
19,5,-0.09874562343219956,1.0,0.44776233122494974,0.9501372956983348,-0.3793795170754899,0.982294037529484,1.6722232401372987,0.0,0.5427760607947832,-0.26757122184126286
19,6,0.08069856136937459,1.0,0.5427760607947832,0.9094862079067578,-0.26757122184126286,1.1180829523422704,1.4483708396821473,0.0,0.633724681585459,-0.1448570836577096
19,7,0.15749721810940503,1.0,0.633724681585459,0.9570602799242227,-0.1448570836577096,1.2271413818355326,1.3338472604789682,0.0,0.7294307095778814,-0.01273132529124038
19,8,0.32770256076147253,1.0,0.7294307095778814,0.9860416023190747,-0.01273132529124038,1.3212575836646923,1.2034406805240057,0.0,0.8280348698097888,0.1272008156127419
19,9,0.5209427360649355,1.0,0.8280348698097888,0.7499500735197524,0.1272008156127419,1.3993214090398227,0.7534438615696174,0.0,0.9030298771617641,0.2701895666234929
19,10,0.8249005862044916,1.0,0.9030298771617641,0.8626644070835069,0.2701895666234929,1.4298875101075101,0.734763231631047,0.0,0.9892963178701147,0.41595030991821036
19,11,1.3251201353602309,1.0,0.9892963178701147,0.7533853627821884,0.41595030991821036,1.4576074329471744,0.46063323315249294,0.0,1.0646348541483337,0.5616530417590218
19,12,1.228257283433364,1.0,1.0646348541483337,0.801775057066996,0.5616530417590218,1.4570273184081142,0.3908298640694473,0.0,1.1448123598550333,0.7066015848216217
19,13,1.0252969879077283,1.0,1.1448123598550333,0.8381892793192566,0.7066015848216217,1.4494854306259992,0.32389399161379406,0.0,1.228631287786959,0.8501507144223563
19,14,0.9897507193579076,1.0,1.228631287786959,0.8166368371828568,0.8501507144223563,1.4354912960073467,0.20146969383762892,0.0,1.3102949715052445,0.9911209688142438
19,15,1.174091543032047,1.0,1.3102949715052445,0.7925259537696344,0.9911209688142438,1.4097025439188744,0.08905378676903164,0.0,1.389547566882208,1.1284707129332812
19,16,2.145870031548245,1.0,1.389547566882208,0.7736925402549679,1.1284707129332812,1.3734974411903735,-0.0036698462294920686,0.0,1.4669168209077048,1.2613885667782143
19,17,0.9721424726373878,1.0,1.4669168209077048,0.7538629580093128,1.2613885667782143,1.3291785384493324,-0.0843894420907404,0.0,1.542303116708636,1.3892091548792023
19,18,1.9949766759897463,1.0,1.542303116708636,0.7408522152608294,1.3892091548792023,1.2782058810098798,-0.1439398598287968,0.0,1.616388338234719,1.5115000855626706
19,19,1.7170457244532455,1.0,1.616388338234719,0.7126474367837327,1.5115000855626706,1.222909306834684,-0.20989192030521847,0.0,1.6876530819130924,1.6277787872612157
19,20,1.6846827804498867,1.0,1.6876530819130924,0.7359365739199983,1.6277787872612157,1.1627870169854522,-0.2012772539375552,0.0,1.7612467393050921,1.738323797966032
19,21,2.693015966502613,1.0,1.7612467393050921,0.7663600001416846,1.738323797966032,1.1054501070481622,-0.1718605707483287,0.0,1.8378827393192605,1.8436127626208108
19,22,1.9653962766790218,1.0,1.8378827393192605,0.7671357982670636,1.8436127626208108,1.0528896465477882,-0.16872196112322188,0.0,1.914596319145967,1.9438452607954044
19,23,1.706101509724272,1.0,1.914596319145967,0.8029291292593268,1.9438452607954044,1.0023249817459368,-0.11493429824942437,0.0,1.9948892320718996,2.039720976045917
19,24,2.09943967016786,1.0,1.9948892320718996,0.7503115834825611,2.039720976045917,0.9587571525051244,-0.1629989308813501,0.0,2.0699203904201555,2.1308986790995994
19,25,2.390085704218886,1.0,2.0699203904201555,0.7822583396345544,2.1308986790995994,0.9117770305368254,-0.10408666667196323,0.0,2.148146224383611,2.2181178289888446
19,26,2.388255214650024,1.0,2.148146224383611,0.8485640091395,2.2181178289888446,0.8721914988924506,0.00272800893052684,0.0,2.2330026252975608,2.302573246170939
19,27,2.3432213020340686,1.0,2.2330026252975608,0.9489401222357849,2.302573246170939,0.8445541718209448,0.15645352193345297,0.0,2.3278966375211394,2.385890625222541
19,28,2.2179593721179662,1.0,2.3278966375211394,0.8247325851024164,2.385890625222541,0.8331737905160199,0.03642338531206981,0.0,2.410369896031381,2.4669060819976125
19,29,2.0924111453313565,1.0,2.410369896031381,0.8754119405797313,2.4669060819976125,0.8101545677507143,0.12587950644018953,0.0,2.497911090089354,2.5465878392202836
19,30,2.5756506308457165,1.0,2.497911090089354,0.8780600868168041,2.5465878392202836,0.7968175722267103,0.15769377048848718,0.0,2.5857170987710343,2.625296717916714
19,31,2.811637084520114,1.0,2.5857170987710343,0.7258349243722728,2.625296717916714,0.7870887869643043,-0.0032593901322703206,0.0,2.6583005912082616,2.701454318593536
19,32,2.486960222868016,1.0,2.6583005912082616,0.708476393436626,2.701454318593536,0.7615760067682196,-0.004520856875155202,0.0,2.729148230551924,2.775129667479948
19,33,2.358421514732831,1.0,2.729148230551924,0.6704327680294566,2.775129667479948,0.7367534888641211,-0.03067235310779188,0.0,2.79619150735487,2.846140681670917
19,34,2.3837511582544115,1.0,2.79619150735487,0.7479245818555423,2.846140681670917,0.71011014190969,0.08566523710173322,0.0,2.8709839655404243,2.9157359957787925
19,35,2.4101333612501326,1.0,2.8709839655404243,0.8700920133355218,2.9157359957787925,0.6959531410787533,0.26102158239569734,0.0,2.9579931668739765,2.9857144756591727
19,36,2.8421837601847857,1.0,2.9579931668739765,0.9429677678676719,2.9857144756591727,0.699784798803803,0.3785067333199689,0.0,3.052289943660744,3.0572387115165807
19,37,2.6349419219961847,1.0,3.052289943660744,0.9252382095160191,3.0572387115165807,0.7152423585740781,0.382509491716203,0.0,3.1448137646123455,3.1302992667437133
19,38,3.4366508012335286,1.0,3.1448137646123455,0.9910513796973708,3.1302992667437133,0.730605552271328,0.48366444509832845,0.0,3.2439189025820827,3.205858528654561
19,39,2.6992809289915205,1.0,3.2439189025820827,0.9698975341836231,3.205858528654561,0.7555926191084783,0.474862896418787,0.0,3.340908656000445,3.2837485231484496
19,40,3.056877184985802,1.0,3.340908656000445,0.9431863237725988,3.2837485231484496,0.7788999449388857,0.4527364134495207,0.0,3.4352272883777046,3.363673401953029
19,41,3.702703980461324,1.0,3.4352272883777046,0.8035240557670639,3.363673401953029,0.7992487880457935,0.28551567130989075,0.0,3.515579693954411,3.4438958413489607
19,42,3.6135662799139414,1.0,3.515579693954411,0.7579131590888768,3.4438958413489607,0.8022243939593171,0.2263022651375631,0.0,3.5913710098632987,3.523814185335598
19,43,3.6250281835703504,1.0,3.5913710098632987,0.7496342947119483,3.523814185335598,0.7991834398663753,0.21163586748580826,0.0,3.6663344393344937,3.6032915009895214
19,44,3.5307306665360123,1.0,3.6663344393344937,0.7158758795099793,3.6032915009895214,0.7947731565392321,0.16622433276682902,0.0,3.7379220272854914,3.6818877858701873
19,45,3.6471719639239346,1.0,3.7379220272854914,0.6765654547617237,3.6818877858701873,0.7859628488066596,0.11396069200204845,0.0,3.8055785727616636,3.759108596554692
19,46,3.8902283068120562,1.0,3.8055785727616636,0.6836674467303661,3.759108596554692,0.7722081068450513,0.1194802405075955,0.0,3.8739453174347003,3.835053143702369
19,47,4.12189618675624,1.0,3.8739453174347003,0.7906901954304225,3.835053143702369,0.7594454714767691,0.2510351677107774,0.0,3.9530143369777426,3.911077817018428
19,48,3.971790840546617,1.0,3.9530143369777426,0.83016126504878,3.911077817018428,0.7602467331605902,0.3045726544413551,0.0,4.0360304634826205,3.987715427332787
19,49,4.1035848949510925,1.0,4.0360304634826205,0.8456711141182575,3.987715427332787,0.7663761031435868,0.32909173451247303,0.0,4.120597574894446,4.0651915514622115
19,50,3.7170858694777547,1.0,4.120597574894446,0.8135340683154456,4.0651915514622115,0.7747612412942394,0.2937164143602575,0.0,4.20195098172599,4.143125603763097
19,51,4.4027263761908895,1.0,4.20195098172599,0.7839203983408738,4.143125603763097,0.7793405230088495,0.2586610920230399,0.0,4.2803430215600775,4.221152377310584
19,52,4.854902393126729,1.0,4.2803430215600775,0.7918165978303879,4.221152377310584,0.7802677354748703,0.2681150679334794,0.0,4.3595246813431165,4.299363444783886
19,53,4.180059889837976,1.0,4.3595246813431165,0.7481835719429254,4.299363444783886,0.7821106747330223,0.21408879051441615,0.0,4.434343038537409,4.377212646003186
19,54,4.536025753652512,1.0,4.434343038537409,0.7798038306404325,4.377212646003186,0.7784920121930072,0.251332344226588,0.0,4.512323421601452,4.455083996225735
19,55,4.297929073804891,1.0,4.512323421601452,0.780917329344475,4.455083996225735,0.7787135022254899,0.2526766613487394,0.0,4.5904151545359,4.53299022985465
19,56,4.743970991933571,1.0,4.5904151545359,0.770659935231522,4.53299022985465,0.7790623362891481,0.23998567756763597,0.0,4.667481148059052,4.610803320783115
19,57,4.802697685683757,1.0,4.667481148059052,0.7952544339605472,4.610803320783115,0.778130909284659,0.26995575165286534,0.0,4.747006591455106,4.688825950318399
19,58,4.230605670637453,1.0,4.747006591455106,0.7997866987664849,4.688825950318399,0.7802262953528365,0.27613314895904006,0.0,4.826985261331755,4.767113187198143
19,59,4.733306071040067,1.0,4.826985261331755,0.823585931226126,4.767113187198143,0.7828723687974497,0.3058759749741247,0.0,4.9093438544543675,4.845953992247478
19,60,4.842311674006308,1.0,4.9093438544543675,0.7567119015912427,4.845953992247478,0.7884080504933437,0.22398199052992077,0.0,4.985015044613492,4.924511711440532
19,61,4.8043861659117315,1.0,4.985015044613492,0.7045834036143512,4.924511711440532,0.7855771919305488,0.15723561830662422,0.0,5.055473384974928,5.002127939802476
19,62,5.1899086557324,1.0,5.055473384974928,0.6784308057874462,5.002127939802476,0.7761622836194336,0.1215807209161266,0.0,5.123316465553672,5.078476256065998
19,63,4.955951077338564,1.0,5.123316465553672,0.6491720273503838,5.078476256065998,0.7634831626352244,0.08302452056293469,0.0,5.18823366828871,5.153211671414717
19,64,4.798394774653713,-1.0,5.18823366828871,-0.8584055832334645,5.153211671414717,0.7473541534871907,-1.7800620622379932,0.0,5.102393109965363,5.207754932849897
19,65,5.690680089267952,-1.0,5.102393109965363,-0.909134478608045,5.207754932849897,0.5454326143518012,-1.8904046984867158,0.0,5.011479662104558,5.241648762934284
19,66,5.097014220810276,-1.0,5.011479662104558,-0.862019593836403,5.241648762934284,0.338938300843872,-1.8462922508090158,0.0,4.925277702720918,5.255995067947881
19,67,5.403044476071051,-1.0,4.925277702720918,-0.8051192140841749,5.255995067947881,0.1434630501359665,-1.7567855577066014,0.0,4.844765781312501,5.252314435623976
19,68,4.983340382977435,-1.0,4.844765781312501,-0.7141644456105397,5.252314435623976,-0.03680632323904459,-1.5973114614042494,0.0,4.773349336751447,5.232778468920394
19,69,4.827296615524181,-1.0,4.773349336751447,-0.760802754896105,5.232778468920394,-0.1953596670358201,-1.5844076464216312,0.0,4.697269061261836,5.19802357668711
19,70,4.997421222539623,-1.0,4.697269061261836,-0.8184606494861366,5.19802357668711,-0.34754892233283696,-1.5722683872026555,0.0,4.615422996313223,5.148658157133265
19,71,4.8111733595253146,-1.0,4.615422996313223,-0.8096001668304411,5.148658157133265,-0.49365419553845175,-1.468004348237299,0.0,4.534462979630178,5.08619238752277
19,72,4.427284708415091,-1.0,4.534462979630178,-0.6928603011175709,5.08619238752277,-0.6246576961049513,-1.2204912955712965,0.0,4.465176949518421,5.013520609584098
19,73,4.498439223153902,-1.0,4.465176949518421,-0.7498492659255576,5.013520609584098,-0.7267177793867224,-1.177445946183508,0.0,4.390192022925865,4.9313998690776275
19,74,4.2469739442459735,-1.0,4.390192022925865,-0.7096424239674612,4.9313998690776275,-0.8212074050646981,-1.0153751336626433,0.0,4.319227780529118,4.841753240930738
19,75,4.581366272175034,-1.0,4.319227780529118,-0.6773611610131194,4.841753240930738,-0.8964662814688922,-0.861923540051862,0.0,4.251491664427807,4.7463560694840305
19,76,3.9319393215051854,-1.0,4.251491664427807,-0.7991657883655328,4.7463560694840305,-0.9539717144670739,-0.9007985977950204,0.0,4.171575085591253,4.645003621545667
19,77,4.144306936695131,-1.0,4.171575085591253,-0.7296335181344249,4.645003621545667,-1.0135244793836296,-0.7127394830588712,0.0,4.09861173377781,4.539767057110743
19,78,4.208933880390231,-1.0,4.09861173377781,-0.7070556338239823,4.539767057110743,-1.0523656443492406,-0.5843671293718411,0.7567423127035043,4.027906170395412,4.507728622714368
19,79,4.020140435009222,-1.0,4.027906170395412,-0.8480745348867902,4.507728622714368,-0.3203843439637447,-1.5986400262133231,0.0,3.943098716906733,4.460729017956544
19,80,4.0212859214733285,-1.0,3.943098716906733,-0.7765421995098081,4.460729017956544,-0.4699960475782372,-1.423149823379615,0.0,3.865444496955752,4.401001902317175
19,81,3.4596927652451903,-1.0,3.865444496955752,-0.7050717142888507,4.401001902317175,-0.5972711563936951,-1.2344100528519821,0.0,3.7949373255268672,4.330841953849745
19,82,3.182984564331427,-1.0,3.7949373255268672,-0.7335989436172468,4.330841953849745,-0.7015994846742951,-1.1607387988566142,0.0,3.7215774311651426,4.2513197357447075
19,83,4.176842740794068,-1.0,3.7215774311651426,-0.7399052876068732,4.2513197357447075,-0.7952221810503791,-1.0588230035637856,0.0,3.647586902404455,4.163753998583393
19,84,3.493815754543794,-1.0,3.647586902404455,-0.7147400872629076,4.163753998583393,-0.8756573716131455,-0.9181728955069222,0.0,3.5761128936781645,4.069808636056171
19,85,3.4930033241422,-1.0,3.5761128936781645,-0.7225499051657298,4.069808636056171,-0.9394536252722171,-0.8192599497431607,0.0,3.5038579031615917,3.970676925632389
19,86,3.5672452437155266,-1.0,3.5038579031615917,-0.8101301837239314,3.970676925632389,-0.9913171042378223,-0.8232430090203167,0.0,3.422844884789199,3.8664849998519646
19,87,3.606250492704309,1.0,3.422844884789199,0.7449217050917242,3.8664849998519646,-1.0419192578042435,1.193259313616618,0.0,3.497337055298371,3.77755980883268
19,88,3.7505498081030506,1.0,3.497337055298371,0.7135793992688491,3.77755980883268,-0.889251910192846,1.2965729697610457,0.0,3.5686949952252562,3.704445953623623
19,89,3.8257419631778498,1.0,3.5686949952252562,0.6922904161167198,3.704445953623623,-0.7311385520905703,1.3715348705622694,0.0,3.637924036836928,3.6473870904868786
19,90,3.477992100668394,1.0,3.637924036836928,0.7692136539697857,3.6473870904868786,-0.5705886313674451,1.5315902763360942,0.0,3.7148454022339066,3.6074700137338707
19,91,3.6705504082699774,1.0,3.7148454022339066,0.6949754289363725,3.6074700137338707,-0.3991707675300774,1.4760684293680681,0.0,3.784342945127544,3.5835909677306397
19,92,3.661650531395266,1.0,3.784342945127544,0.6703684776382233,3.5835909677306397,-0.23879046003230808,1.4500262111014015,0.0,3.851379792891366,3.5749763133105263
19,93,3.279223639670623,1.0,3.851379792891366,0.6508687462552555,3.5749763133105263,-0.08614654420113407,1.4056232102609851,0.0,3.9164666675168918,3.5806935599344665
19,94,3.838723988381521,1.0,3.9164666675168918,0.7819395937685232,3.5806935599344665,0.057172466239400754,1.526844557780242,0.0,3.994660626893744,3.601496300244243
19,95,3.9252238172893814,1.0,3.994660626893744,0.9070113588433277,3.601496300244243,0.20802740309776413,1.629084259220435,0.0,4.085361762778077,3.6379241954563106
19,96,3.7198711429737474,1.0,4.085361762778077,0.9119142482401685,3.6379241954563106,0.3642789521206792,1.5714806963951633,0.0,4.176553187602094,3.688901204985544
19,97,3.6203238693830784,1.0,4.176553187602094,0.9399488521359174,3.688901204985544,0.5097700952923337,1.527734400171525,0.0,4.270548072815686,3.7535242942115574
19,98,4.189155050523237,1.0,4.270548072815686,0.9501409339585055,3.7535242942115574,0.6462308922601316,1.4513756069832544,0.0,4.365562166211537,3.830593200652171
19,99,4.191295576447622,1.0,4.365562166211537,0.8479532006216436,3.830593200652171,0.7706890644061328,1.2276912714261168,0.0,4.450357486273701,3.9174728148009454
19,100,4.340683865825885,1.0,4.450357486273701,0.793266401280621,3.9174728148009454,0.8687961414877483,1.053284699244028,0.0,4.529684126401762,4.0121051282894
19,101,4.935363078920898,1.0,4.529684126401762,0.8316448165247917,4.0121051282894,0.9463231348845431,0.9909632032872182,0.0,4.612848608054241,4.113618839779096
19,102,4.541318215384958,1.0,4.612848608054241,0.8353124796105168,4.113618839779096,1.0151371148969595,0.8892920129861995,0.0,4.696379856015293,4.220777032630983
19,103,4.607314223622156,1.0,4.696379856015293,0.6854244648782616,4.220777032630983,1.0715819285188768,0.601203412440805,2.9413205336083736,4.764922302503119,4.624650250796856
19,104,4.320241365463307,1.0,4.764922302503119,0.6553161113948133,4.624650250796856,4.038732181658727,-3.1718500975124826,0.0,4.8304539136426,4.983881025006296
19,105,4.73639268321885,1.0,4.8304539136426,0.6959311721642776,4.983881025006296,3.592307742094399,-3.196288287599074,0.0,4.900047030859028,5.299653531565043
19,106,5.169145476367308,1.0,4.900047030859028,0.6292411986062212,5.299653531565043,3.157725065587471,-3.2,0.0,4.962971150719651,5.57332131791391
19,107,5.137809759294043,1.0,4.962971150719651,0.7211294359058904,5.57332131791391,2.736677863488672,-3.112064712628711,0.0,5.03508409431024,5.807111087973326
19,108,4.808989531630174,1.0,5.03508409431024,0.7899504689123026,5.807111087973326,2.3378977005941635,-2.9074536947938876,0.0,5.11407914120147,6.004345048442903
19,109,5.360519550808441,1.0,5.11407914120147,0.8833670379265953,6.004345048442903,1.9723396046957615,-2.626990221487855,0.0,5.20241584499413,6.168997619962574
19,110,5.808515531021535,1.0,5.20241584499413,0.7856464958383061,6.168997619962574,1.6465257151967116,-2.5467548622878606,0.0,5.28098049457796,6.302913760570737
19,111,4.874292238898207,1.0,5.28098049457796,0.7761589129491658,6.302913760570737,1.3391614060816308,-2.3381397609801295,0.0,5.358596385872877,6.4091631870696375
19,112,5.291103928835815,1.0,5.358596385872877,0.8417619548971573,6.4091631870696375,1.0624942649890057,-2.0195915461544742,0.0,5.4427725813625925,6.491816716459028
19,113,4.875459962396018,1.0,5.4427725813625925,0.771727682380388,6.491816716459028,0.8265352938939101,-1.855510020777233,0.0,5.519945349600631,6.553270232700187
19,114,5.992540546710773,1.0,5.519945349600631,0.7848169818205567,6.553270232700187,0.6145351624115817,-1.5876639817179519,0.0,5.598427047782686,6.596880596604448
19,115,5.093344011973331,1.0,5.598427047782686,0.7440117257478633,6.596880596604448,0.43610363904261584,-1.3861934050163947,0.0,5.672828220357473,6.625233494813609
19,116,5.755488758166157,1.0,5.672828220357473,0.7598897003619418,6.625233494813609,0.28352898209161265,-1.121191408993048,0.0,5.748817190393667,6.641467186190147
19,117,5.8202868283696425,1.0,5.748817190393667,0.6873084541170609,6.641467186190147,0.16233691376537623,-0.9730303108425633,0.0,5.817548035805373,6.64745109633421
19,118,6.191394099363762,1.0,5.817548035805373,0.7216261277360121,6.64745109633421,0.05983910144062786,-0.7069434507370327,0.0,5.8897106485789745,6.646174086846292
19,119,5.865619980452414,1.0,5.8897106485789745,0.8515429591058666,6.646174086846292,-0.012770094879175506,-0.33439320667565775,0.0,5.974864944489561,6.641594009595232
19,120,5.8674750739321775,1.0,5.974864944489561,0.9181463261449216,6.641594009595232,-0.045800772510607664,-0.05144724652037458,0.0,6.066679577104053,6.636646022351001
19,121,5.592067420147196,1.0,6.066679577104053,0.8437164982690946,6.636646022351001,-0.04947987244230568,0.039505817719899694,0.0,6.151051226930963,6.632251428875785
19,122,5.825494936747416,1.0,6.151051226930963,0.8240340450265464,6.632251428875785,-0.04394593475216193,0.1736049034996341,0.0,6.233454631433617,6.629733511426772
19,123,6.182216613657251,1.0,6.233454631433617,0.7452146392470336,6.629733511426772,-0.025179174490129335,0.21366228469738568,0.0,6.30797609535832,6.629432790183102
19,124,6.587436098141794,1.0,6.30797609535832,0.8308366992498774,6.629432790183102,-0.003007212436706628,0.4345460112062952,0.0,6.391059765283308,6.633487152131291
19,125,5.849280986182612,1.0,6.391059765283308,0.8407417034961061,6.633487152131291,0.04054361948189751,0.547254537692929,0.0,6.475133935632918,6.642884319874068
19,126,6.741052688721599,1.0,6.475133935632918,0.9050956737237988,6.642884319874068,0.09397167742776968,0.7087846849036067,0.0,6.565643503005298,6.659068625098112
19,127,6.408557477501809,1.0,6.565643503005298,0.8771824864632475,6.659068625098112,0.1618430522404417,0.7405486900579408,0.0,6.653361751651623,6.682140519455567
19,128,6.163426571074342,1.0,6.653361751651623,0.8116584674846561,6.682140519455567,0.23071894357454165,0.7069025961529851,0.0,6.7345275984000885,6.711543139155112
19,129,6.84568481142192,1.0,6.7345275984000885,0.8616254101774946,6.711543139155112,0.29402619699545485,0.7979011243271847,0.0,6.820690139417838,6.747983886267544
19,130,6.948779870909973,1.0,6.820690139417838,0.7600701921881465,6.747983886267544,0.36440747112431876,0.6905654109998699,0.0,6.896697158636653,6.790164183582377
19,131,7.179696496071628,1.0,6.896697158636653,0.7588649849351121,6.790164183582377,0.42180297314832754,0.6913911384395299,0.0,6.972583657130164,6.8379086227675305
19,132,7.195063994297886,1.0,6.972583657130164,0.8488502283904555,6.8379086227675305,0.4774443918515341,0.7961622341889727,0.0,7.057468679969209,6.892086862240649
19,133,6.8682424760955065,1.0,7.057468679969209,0.7920178308431323,6.892086862240649,0.5417823947311823,0.7152268694213638,0.0,7.136670463053522,6.951683666744841
19,134,7.272257212116102,1.0,7.136670463053522,0.6042642124449178,6.951683666744841,0.5959680450419208,0.46272542824651675,0.0,7.197096884298014,7.014000627787364
19,135,7.186430132210057,1.0,7.197096884298014,0.5876873447507224,7.014000627787364,0.623169610425231,0.4101938543653525,0.0,7.255865618773086,7.0784253846201795
19,136,7.30772024409724,1.0,7.255865618773086,0.7750013846279551,7.0784253846201795,0.6442475683281589,0.6089311964538352,0.0,7.333365757235882,7.146877861198884
19,137,7.224068867199103,1.0,7.333365757235882,0.7572884361019068,7.146877861198884,0.6845247657870414,0.5615028221779073,0.0,7.409094600846072,7.218754886748848
19,138,7.12298153113802,1.0,7.409094600846072,0.6854722419965475,7.218754886748848,0.7187702554996468,0.4439779216709716,0.0,7.477641825045727,7.292771626697924
19,139,7.4325841240739985,1.0,7.477641825045727,0.6827091661654009,7.292771626697924,0.7401673994907553,0.4079799176924129,0.0,7.545912741662267,7.368499630145553
19,140,7.673090085740781,1.0,7.545912741662267,0.8105220178293849,7.368499630145553,0.7572800344762924,0.5340649121251037,0.0,7.626964943445206,7.447144986604109
19,141,7.266226404910117,1.0,7.626964943445206,0.7747427880160702,7.447144986604109,0.7864535645855615,0.46369802054103565,0.0,7.704439222246813,7.527910671861402
19,142,7.697469593703241,1.0,7.704439222246813,0.7046830929448685,7.527910671861402,0.8076568525729271,0.3488217427983485,0.0,7.7749075315413,7.609580072618445
19,143,7.508067107298988,1.0,7.7749075315413,0.8553235467946637,7.609580072618445,0.8166940075704283,0.5046516713497406,0.0,7.860439886220766,7.69368256926476
19,144,7.469370224459936,1.0,7.860439886220766,0.8458708000467183,7.69368256926476,0.8410249664631486,0.47007525964000274,0.0,7.945026966225438,7.779794538614793
19,145,7.820178079110674,1.0,7.945026966225438,0.8876450472717221,7.779794538614793,0.8611196935003281,0.4977459462849244,0.0,8.03379147095261,7.8681283844084735
19,146,8.166605471702262,1.0,8.03379147095261,0.7585279883158744,7.8681283844084735,0.8833384579368101,0.3157533948431045,0.0,8.109644269784196,7.956793081085188
19,147,8.361046513241986,1.0,8.109644269784196,0.869078731139992,7.956793081085188,0.8866469667671426,0.42510761694555566,0.0,8.196552142898195,8.046871583637703
19,148,7.944200978776452,1.0,8.196552142898195,0.8639443218069381,8.046871583637703,0.9007850255251496,0.39805599526207114,0.0,8.282946575078888,8.138048134061158
19,149,8.088690642753363,1.0,8.282946575078888,0.9567629614962306,8.138048134061158,0.9117655042345519,0.49231059388436654,0.0,8.378622871228512,8.231230140809906
19,150,8.077690139446208,1.0,8.378622871228512,0.9972547388694258,8.231230140809906,0.9318200674874829,0.5258750829163055,0.0,8.478348345115455,8.326689074171858
19,151,8.588041770350053,1.0,8.478348345115455,0.9447936676550089,8.326689074171858,0.954589333619514,0.4450710304991013,0.0,8.572827711880956,8.423544031971218
19,152,8.58682086367323,1.0,8.572827711880956,0.9190013591025328,8.423544031971218,0.9685495779935998,0.3941644294313623,0.0,8.664727847791209,8.521241275415312
19,153,8.795804604559017,1.0,8.664727847791209,0.8911843589964746,8.521241275415312,0.9769724344409408,0.34024178609306893,0.0,8.753846283690857,8.619214624930125
19,154,9.163362602210777,1.0,8.753846283690857,1.0712247663628043,8.619214624930125,0.9797334951481376,0.5433109852598741,0.0,8.860968760327138,8.719485937113063
19,155,8.770935033243553,1.0,8.860968760327138,1.0604304661696604,8.719485937113063,1.0027131218293845,0.5185260707447147,0.0,8.967011806944104,8.821733828013596
19,156,8.848202640942933,1.0,8.967011806944104,1.0878181921558716,8.821733828013596,1.0224789090053157,0.5386168738783591,0.0,9.07579362615969,8.926095955144094
19,157,9.37719951348324,1.0,9.07579362615969,1.0657191053520036,8.926095955144094,1.0436212713049815,0.49730145161834677,0.0,9.18236553669489,9.0320915087226
19,158,9.145027507213888,1.0,9.18236553669489,0.8668563865171739,9.0320915087226,1.0599555357850567,0.23562127652313805,0.0,9.269051175346608,9.137051417351824
19,159,9.100109093665985,1.0,9.269051175346608,0.7656148263032045,9.137051417351824,1.0495990862922486,0.08765482216794501,0.0,9.345612657976927,9.239529157126594
19,160,9.60166852433049,1.0,9.345612657976927,0.8857551898169218,9.239529157126594,1.0247773977476913,0.21414586836193925,0.0,9.434188176958619,9.34086906791219
19,161,9.69975293824107,1.0,9.434188176958619,0.8820607437573342,9.34086906791219,1.013399107855959,0.1979163070274463,0.0,9.522394251334353,9.44094526462292
19,162,9.10069739038855,1.0,9.522394251334353,0.8212680357728211,9.44094526462292,1.000761967107313,0.11414658413290504,0.0,9.604521054911634,9.538960488880237
19,163,9.29077966994762,1.0,9.604521054911634,0.861644740495991,9.538960488880237,0.9801522425731694,0.15625844696880736,0.0,9.690685528961234,9.635401810431008
19,164,9.740957692204397,1.0,9.690685528961234,0.8648009343044606,9.635401810431008,0.9644132155077086,0.15767015686383296,0.0,9.77716562239168,9.730333711260792
19,165,10.097115789845287,1.0,9.77716562239168,1.008080916357817,9.730333711260792,0.9493190082978452,0.33483400858130913,0.0,9.877973714027462,9.825576131349838
19,166,10.09946417249335,1.0,9.877973714027462,0.9151154473417524,9.825576131349838,0.9524242008904451,0.22705769448570118,0.0,9.969485258761637,9.92004137094089
19,167,9.718340572307758,1.0,9.969485258761637,0.8471785321764095,9.92004137094089,0.944652395910521,0.1458516640002019,0.0,10.054203111979279,10.01294223950503
19,168,10.052332391290403,1.0,10.054203111979279,0.8613760387710399,10.01294223950503,0.9290086856414045,0.16467290203611923,0.0,10.140340715856382,10.10451700929548
19,169,9.827006384992798,1.0,10.140340715856382,0.9275137389754461,10.10451700929548,0.9157476979044915,0.25021824197262865,0.0,10.233092089753926,10.19566356887236
19,170,10.643595714547743,1.0,10.233092089753926,0.9046057698821819,10.19566356887236,0.9114655957688107,0.22939201387813848,0.0,10.323552666742144,10.286187358681563
19,171,11.021242476392183,1.0,10.323552666742144,0.9321294202489612,10.286187358681563,0.9052378980920226,0.2698058609229189,0.0,10.41676560876704,10.3765124458261
19,172,10.166429187594803,1.0,10.41676560876704,0.8952524400922637,10.3765124458261,0.9032508714453698,0.23169169993704894,0.0,10.506290852776267,10.466264047181381
19,173,10.442994569613061,1.0,10.506290852776267,0.8692495011423952,10.466264047181381,0.8975160135528228,0.20518091003093322,0.0,10.593215802890507,10.555195406393604
19,174,10.26355953817963,1.0,10.593215802890507,0.8436695477137551,10.555195406393604,0.8893135921222258,0.17849035321742057,0.0,10.677582757661883,10.64306586564321
19,175,10.852786181911627,1.0,10.677582757661883,0.8110773528413514,10.64306586564321,0.8787045924960567,0.14289695887275317,0.0,10.758690492946018,10.729553439785557
19,176,10.653885631574386,1.0,10.758690492946018,0.8772828969425763,10.729553439785557,0.8648757414234582,0.22922839757630506,0.0,10.846418782640276,10.81556569553111
19,177,10.930695056565026,1.0,10.846418782640276,0.8319607413685086,10.81556569553111,0.8601225574555381,0.18142104141375057,0.0,10.929614856777127,10.900639769506943
19,178,10.765012098733122,1.0,10.929614856777127,0.9037439369067244,10.900639769506943,0.850740739758336,0.2764498967833893,0.0,11.019989250467798,10.985755972083384
19,179,11.088281420624673,1.0,11.019989250467798,0.7710290162676767,10.985755972083384,0.8511620257644081,0.12183227304911966,0.0,11.097092152094566,11.06936677890787
20,0,-0.025752934941545316,1.0,0.0,0.8982664836348828,-0.7,0.0,2.40435910728908,0.0,0.08982664836348829,-0.6759564089271092
20,1,-0.02887106592834919,1.0,0.08982664836348829,0.8578460248689889,-0.6759564089271092,0.24043591072890802,2.2236807904354534,0.0,0.1756112508503872,-0.6304454048641963
20,2,-0.5578063706895998,1.0,0.1756112508503872,0.7891885684503421,-0.6304454048641963,0.4551100406291283,1.9879871524475674,0.0,0.2545301076954214,-0.566510881406821
20,3,0.3226319287473917,1.0,0.2545301076954214,0.6978430324147746,-0.566510881406821,0.6393452345737529,1.7094494785689547,0.0,0.32431441093689883,-0.48752776791439223
20,4,-0.32467065125169936,1.0,0.32431441093689883,0.7388928923544431,-0.48752776791439223,0.7898311349242884,1.5851180612621232,0.0,0.39820370017234313,-0.3952209334410999
20,5,0.17963827337715324,1.0,0.39820370017234313,0.7325433846934637,-0.3952209334410999,0.9230683447329234,1.4033048903117278,0.0,0.4714580386416895,-0.2918348687678356
20,6,0.011141028355674487,1.0,0.4714580386416895,0.7858450633148726,-0.2918348687678356,1.0338606467326428,1.2970568528322142,0.0,0.5500425449731767,-0.17878658963579364
20,7,0.9733389101638446,1.0,0.5500425449731767,0.8641765064664351,-0.17878658963579364,1.1304827913204196,1.2285849536262021,0.0,0.6364601956198203,-0.057070005899715004
20,8,0.5799818652897888,1.0,0.6364601956198203,0.9892944329395077,-0.057070005899715004,1.2171658373607863,1.2267853682626069,0.0,0.7353896389137711,0.07301950083943518
20,9,0.7683051728555634,1.0,0.7353896389137711,0.8805497795581451,0.07301950083943518,1.3008950673915018,0.9469239124307536,0.0,0.8234446168695856,0.2084153824872401
20,10,0.974155658219936,1.0,0.8234446168695856,0.9020081561633018,0.2084153824872401,1.3539588164780492,0.8301273991670651,0.0,0.9136454324859158,0.3477798699139859
20,11,0.76177670541024,1.0,0.9136454324859158,0.7637585426922533,0.3477798699139859,1.393644874267458,0.5267659730021721,0.0,0.9900212867551411,0.4879523534730976
20,12,1.165791845331205,1.0,0.9900212867551411,0.8512875413779256,0.4879523534730976,1.4017248355911167,0.5083565628028464,0.0,1.0751500408929338,0.6287228831863462
20,13,0.6408971983639147,1.0,1.0751500408929338,0.7576892577234229,0.6287228831863462,1.4077052971324857,0.28354591305650456,0.0,1.1509189666652762,0.7678242150793358
20,14,1.3967897982866986,1.0,1.1509189666652762,0.7655303447490109,0.7678242150793358,1.3910133189298965,0.1935912813226266,0.0,1.2274720011401772,0.9044102171649762
20,15,1.3813486670658244,1.0,1.2274720011401772,0.7042057991675652,0.9044102171649762,1.3658600208564025,0.03320544042684237,0.0,1.2978925810569337,1.0369575215881444
20,16,1.293053020177741,1.0,1.2978925810569337,0.8443088782540954,1.0369575215881444,1.3254730442316818,0.13370462821780238,0.0,1.3823234688823434,1.166600358551949
20,17,0.7743642357696808,-1.0,1.3823234688823434,-0.764483594092337,1.166600358551949,1.2964283696380483,-1.9062992727127575,0.0,1.3058751094731096,1.2730316320057846
20,18,0.7331768900410587,-1.0,1.3058751094731096,-0.7179181733035056,1.2730316320057846,1.064312734538355,-1.9433968819805514,0.0,1.234083292142759,1.356623135889292
20,19,0.8584712009163311,-1.0,1.234083292142759,-0.7563781730350541,1.356623135889292,0.8359150388350725,-2.0385365454062043,0.0,1.1584454748392534,1.417154346194465
20,20,0.985803268660867,-1.0,1.1584454748392534,-0.7477446952230936,1.417154346194465,0.6053121030517297,-2.037653818811978,0.0,1.083671005316944,1.4553720195817526
20,21,1.2415311000084879,-1.0,1.083671005316944,-0.8446943135476932,1.4553720195817526,0.38217673387287654,-2.1321299241878173,0.0,0.9992015739621747,1.4710454281787688
20,22,0.8982825830081138,-1.0,0.9992015739621747,-0.8713272045309922,1.4710454281787688,0.15673408597016272,-2.1135710181651453,0.0,0.9120688535090755,1.4650815775190291
20,23,0.8045765668815414,-1.0,0.9120688535090755,-0.7620555801477864,1.4650815775190291,-0.05963850659739703,-1.9015917489736638,0.0,0.8358632954942968,1.4402926525906645
20,24,0.7840506612990037,-1.0,0.8358632954942968,-0.9072016048862415,1.4402926525906645,-0.24788924928364672,-1.9783045809149595,0.0,0.7451431350056726,1.396513927450858
20,25,0.5159800824856153,-1.0,0.7451431350056726,-0.8783213475614934,1.396513927450858,-0.43778725139806596,-1.830086216294068,0.0,0.6573110002495233,1.3358352593525846
20,26,0.40430933723498536,-1.0,0.6573110002495233,-0.7780353472231355,1.3358352593525846,-0.6067866809827347,-1.5790175181293646,0.0,0.5795074655272097,1.2613081334521623
20,27,0.4590404264733272,-1.0,0.5795074655272097,-0.7150200465619113,1.2613081334521623,-0.7452712590042236,-1.3618461712106882,0.0,0.5080054608710185,1.1755474138684465
20,28,0.7335666520574315,-1.0,0.5080054608710185,-0.6981081433363917,1.1755474138684465,-0.8576071958371573,-1.1966286144366705,0.0,0.43819464653737933,1.080564751167043
20,29,0.4420683863181454,-1.0,0.43819464653737933,-0.7312266984552666,1.080564751167043,-0.9498266270140353,-1.0941317077923953,0.0,0.36507197669185265,0.9776802165941605
20,30,0.4399483566589356,-1.0,0.36507197669185265,-0.6623794142026578,0.9776802165941605,-1.0288453457288258,-0.8710762073442848,0.0,0.29883403527158686,0.8693772250541673
20,31,0.6899521809084891,-1.0,0.29883403527158686,-0.7266359146427434,0.8693772250541673,-1.0830299153999319,-0.8157188445116335,0.0,0.22617044380731252,0.7563827407983374
20,32,-0.27465061248385914,-1.0,0.22617044380731252,-0.7557471302154785,0.7563827407983374,-1.1299448425582974,-0.7277983705633,0.0,0.15059573078576466,0.6397260963330612
20,33,-0.1652459168870643,-1.0,0.15059573078576466,-0.8907358855929162,0.6397260963330612,-1.166566444652762,-0.7800552280843502,0.0,0.06152214222647304,0.5190019122098304
20,34,0.1933301145937241,-1.0,0.06152214222647304,-0.849369821054176,0.5190019122098304,-1.2072418412323085,-0.6277053701771946,0.0,-0.023414839878944577,0.39586384827677096
20,35,0.04914590214548542,-1.0,-0.023414839878944577,-0.8631312807115986,0.39586384827677096,-1.2313806393305942,-0.5486830334697743,0.0,-0.10972796795010445,0.2711793720548717
20,36,-0.28768365673930885,-1.0,-0.10972796795010445,-0.8510633015572484,0.2711793720548717,-1.2468447622189927,-0.44655475610246537,0.0,-0.1948342981058293,0.14601925151104853
20,37,-0.6793044331649207,-1.0,-0.1948342981058293,-0.9997521995666523,0.14601925151104853,-1.2516012054382315,-0.5510917675458966,0.0,-0.29480951806249456,0.01935333714916876
20,38,-0.31573299918740627,-1.0,-0.29480951806249456,-1.0318172401819754,0.01935333714916876,-1.2666591436187977,-0.5255034729665792,0.0,-0.3979912420806921,-0.10851430268279666
20,39,-0.3890402959965392,-1.0,-0.3979912420806921,-0.9831345580089619,-0.10851430268279666,-1.278676398319654,-0.4070932987915377,0.0,-0.49630469788158826,-0.23636111102805457
20,40,-0.23381579013901882,-1.0,-0.49630469788158826,-1.0218620511509868,-0.23636111102805457,-1.278468083452579,-0.4005037812252981,0.0,-0.598490902996687,-0.3641218593185172
20,41,-0.827054799746737,-1.0,-0.598490902996687,-0.9210385431068647,-0.3641218593185172,-1.2776074829046262,-0.22957747449173443,0.0,-0.6905947573073734,-0.4900900384086023
20,42,-0.6537972849809623,-1.0,-0.6905947573073734,-0.7491959495011594,-0.4900900384086023,-1.2596817909008515,0.02647515284923574,0.0,-0.7655143522574893,-0.6117624842393123
20,43,-1.204728541604904,-1.0,-0.7655143522574893,-0.7720245141136312,-0.6117624842393123,-1.2167244583071006,0.03966945045849385,0.0,-0.8427168036688524,-0.7291447172988548
20,44,-1.4192747603081286,-1.0,-0.8427168036688524,-0.75600922747226,-0.7291447172988548,-1.173822330595424,0.08873369141245874,0.0,-0.9183177264160783,-0.8418833819863673
20,45,-0.3754266766447676,-1.0,-0.9183177264160783,-0.8058823046687045,-0.8418833819863673,-1.1273866468751246,0.04708779575806521,0.0,-0.9989059568829488,-0.9505435314462987
20,46,-1.1441730271258925,-1.0,-0.9989059568829488,-0.843755102180413,-0.9505435314462987,-1.086601494599314,0.009423531078667058,0.0,-1.08328146710099,-1.0556323208127256
20,47,-0.826941643619399,-1.0,-1.08328146710099,-0.9400174781464143,-1.0556323208127256,-1.0508878936642694,-0.10864021779662825,0.0,-1.1772832149156316,-1.1584446710973932
20,48,-1.0045823047202522,-1.0,-1.1772832149156316,-0.8722183277197868,-1.1584446710973932,-1.0281235028466755,-0.032511262808668395,0.0,-1.2645050476876103,-1.2582921388010382
20,49,-1.2405292088167696,-1.0,-1.2645050476876103,-0.9529831577552949,-1.2582921388010382,-0.9984746770364488,-0.1400296703796766,0.0,-1.35980336346314,-1.3563447842419631
20,50,-0.9979755585103331,-1.0,-1.35980336346314,-0.955603011457697,-1.3563447842419631,-0.98052645440925,-0.15701531357972037,0.0,-1.4553636646089096,-1.4528298981645758
20,51,-0.9041961642909726,-1.0,-1.4553636646089096,-0.9630200910435145,-1.4528298981645758,-0.9648511392261261,-0.1809235841733256,0.0,-1.551665673713261,-1.5480367242833981
20,52,-1.6722006830647367,-1.0,-1.551665673713261,-1.013365239718858,-1.5480367242833981,-0.9520682611882226,-0.25854795325040214,0.0,-1.6530021976851468,-1.642782411498922
20,53,-1.6254126579977766,-1.0,-1.6530021976851468,-1.0147800570597727,-1.642782411498922,-0.9474568721552398,-0.27733025915033327,0.0,-1.754480203391124,-1.7372695393150526
20,54,-2.126279085121173,-1.0,-1.754480203391124,-0.9759207733580368,-1.7372695393150526,-0.9448712781613055,-0.24498704156853687,0.0,-1.8520722807269276,-1.8311829494567524
20,55,-1.78123952143609,-1.0,-1.8520722807269276,-0.8672817303796494,-1.8311829494567524,-0.9391341014169974,-0.12364739338084402,0.0,-1.9388004537648926,-1.923327604407726
20,56,-1.7859389435432032,-1.0,-1.9388004537648926,-0.8630160213414032,-1.923327604407726,-0.9214465495097379,-0.12693068068216617,0.0,-2.025102055899033,-2.01379293720709
20,57,-2.170923599419299,-1.0,-2.025102055899033,-0.7700166087696895,-2.01379293720709,-0.904653327993643,-0.022006387017335205,0.0,-2.1021037167760017,-2.101583443227048
20,58,-2.2083477314949445,-1.0,-2.1021037167760017,-0.7696648361803871,-2.101583443227048,-0.8779050601995799,-0.029698265538782978,0.0,-2.1790702003940403,-2.1868616357097554
20,59,-2.371848839007151,-1.0,-2.1790702003940403,-0.7833342201115493,-2.1868616357097554,-0.8527819248270717,-0.05758258543526544,0.0,-2.2574036224051954,-2.2699867518873686
20,60,-2.3194007913683534,-1.0,-2.2574036224051954,-0.7694347668762261,-2.2699867518873686,-0.831251161776132,-0.05415942768518037,0.0,-2.334347099092818,-2.35099345862415
20,61,-2.0098823876991663,-1.0,-2.334347099092818,-0.8128552067694689,-2.35099345862415,-0.8100670673678139,-0.12250999449112504,0.0,-2.415632619769765,-2.4306330506902656
20,62,-2.4754564277249727,-1.0,-2.415632619769765,-0.7614239630788276,-2.4306330506902656,-0.7963959206611563,-0.07639208050521193,0.0,-2.4917750160776477,-2.508488096615318
20,63,-2.5399578604414623,-1.0,-2.4917750160776477,-0.7779295715836251,-2.508488096615318,-0.7785504592505205,-0.11234583969804073,0.0,-2.56956797323601,-2.5849752394677488
20,64,-2.848930425998219,-1.0,-2.56956797323601,-0.7914128624736735,-2.5849752394677488,-0.7648714285243079,-0.14577644267574733,0.0,-2.6487092594833777,-2.6604725581756594
20,65,-2.5049404107194526,-1.0,-2.6487092594833777,-0.6853478019256032,-2.6604725581756594,-0.7549731870791048,-0.031920586364338865,0.0,-2.717244039675938,-2.73387316854856
20,66,-2.627139808402466,-1.0,-2.717244039675938,-0.7907849375421516,-2.73387316854856,-0.7340061037290073,-0.17514910053474925,0.0,-2.7963225334301534,-2.8066764503948756
20,67,-2.9138577463097652,-1.0,-2.7963225334301534,-0.875540186550291,-2.8066764503948756,-0.728032818463154,-0.2977029246185613,0.0,-2.8838765520851823,-2.8801270564682944
20,68,-2.412696951463852,-1.0,-2.8838765520851823,-0.8744200469966544,-2.8801270564682944,-0.7345060607341892,-0.3156139611612121,0.0,-2.9713185567848477,-2.954383382758976
20,69,-3.3796736091184365,-1.0,-2.9713185567848477,-0.8482325601820904,-2.954383382758976,-0.7425632629068164,-0.2992058577205868,0.0,-3.0561418128030566,-3.029255565185562
20,70,-2.70326674332004,-1.0,-3.0561418128030566,-0.8714720271951962,-3.029255565185562,-0.748721824265857,-0.33984959619928284,0.0,-3.1432890155225763,-3.10513033373649
20,71,-3.005089003565109,1.0,-3.1432890155225763,0.8355209145564585,-3.10513033373649,-0.7587476855092778,1.757959837957708,0.0,-3.0597369240669305,-3.160997511314211
20,72,-3.411833881367511,1.0,-3.0597369240669305,0.8455695365527611,-3.160997511314211,-0.5586717757772102,1.8182158286161998,0.0,-2.9751799704116544,-3.196894780923283
20,73,-2.8093561984226003,1.0,-2.9751799704116544,0.8544142482983763,-3.196894780923283,-0.35897269609071947,1.8422953269902633,0.0,-2.8897385455818165,-3.213220384634962
20,74,-2.4136447521621878,1.0,-2.8897385455818165,0.7478304551891397,-3.213220384634962,-0.1632560371167901,1.6934308533795361,0.0,-2.8149555000629025,-3.212089260494072
20,75,-2.4790709651298064,1.0,-2.8149555000629025,0.8750734568153768,-3.212089260494072,0.011311241408900802,1.8035363724853077,0.0,-2.727448154381365,-3.1929589686008373
20,76,-2.577387587873089,1.0,-2.727448154381365,0.8574688706525989,-3.1929589686008373,0.19130291893234677,1.7193009966830193,0.0,-2.641701267316105,-3.157247836081356
20,77,-2.2465209856427775,1.0,-2.641701267316105,0.7786433425049097,-3.157247836081356,0.3571113251948136,1.5404187887547234,0.0,-2.5638369330656143,-3.107275271914951
20,78,-2.8948473235560486,1.0,-2.5638369330656143,0.8762567053130058,-3.107275271914951,0.49972564166405187,1.562826034185581,0.0,-2.4762112625343136,-3.043273569460015
20,79,-2.415257099599862,1.0,-2.4762112625343136,0.8525944079437066,-3.043273569460015,0.6400170245493604,1.4300014858461962,0.0,-2.390951821739943,-2.9670199066251746
20,80,-2.7535589955393336,1.0,-2.390951821739943,0.7870612001219149,-2.9670199066251746,0.7625366283484005,1.2370830794224232,0.0,-2.3122457017277513,-2.8808355302068254
20,81,-2.3852742814642043,1.0,-2.3122457017277513,0.7141199334002623,-2.8808355302068254,0.8618437641834941,1.028893348042942,-1.8951725869684701,-2.240833708387725,-2.9766373790502807
20,82,-2.2291221051125722,1.0,-2.240833708387725,0.7371119719560113,-2.9766373790502807,-0.9580184884345536,3.2,0.0,-2.167122511192124,-3.0373735687307457
20,83,-2.1594819654527746,1.0,-2.167122511192124,0.7105938410150419,-3.0373735687307457,-0.6073618968046479,3.125277841744907,0.0,-2.09606312709062,-3.0649134219239866
20,84,-2.0593741718170975,1.0,-2.09606312709062,0.6677830676974776,-3.0649134219239866,-0.27539853193240843,2.906253592577142,0.0,-2.029284820320872,-3.0625094638892723
20,85,-2.1186303989176194,1.0,-2.029284820320872,0.6982691874549306,-3.0625094638892723,0.02403958034714282,2.748586477743879,0.0,-1.9594579015753792,-3.03269656773423
20,86,-1.9154625346288625,1.0,-1.9594579015753792,0.7105879971059971,-3.03269656773423,0.2981289615504222,2.5500322991918374,0.0,-1.8883991018647794,-2.9783373612642308
20,87,-1.743642891843822,1.0,-1.8883991018647794,0.6978055153661005,-2.9783373612642308,0.5435920646999923,2.3074039234311274,0.0,-1.8186185503281693,-2.9026436101669604
20,88,-1.404491370068907,1.0,-1.8186185503281693,0.7905448291332269,-2.9026436101669604,0.7569375109727053,2.1869848381599577,0.0,-1.7395640674148467,-2.807502210723203
20,89,-1.6992219765156795,1.0,-1.7395640674148467,0.8947125889667504,-2.807502210723203,0.9514139944375746,2.0816709183349427,0.0,-1.6500928085181716,-2.6945886268782964
20,90,-1.1992177041106329,1.0,-1.6500928085181716,0.9666853780927166,-2.6945886268782964,1.1291358384490664,1.940581075539216,0.0,-1.5534242707088999,-2.5658824669610345
20,91,-1.7874832418226767,1.0,-1.5534242707088999,0.8947353487028885,-2.5658824669610345,1.287061599172618,1.6266311395832678,0.0,-1.463950735838611,-2.4250285927652926
20,92,-1.2273217639110794,1.0,-1.463950735838611,0.8329045106765489,-2.4250285927652926,1.408538741957421,1.3276654269446069,0.0,-1.3806602847709561,-2.2754053882743683
20,93,-1.200486042014679,1.0,-1.3806602847709561,0.7163260448202443,-2.2754053882743683,1.496232044909244,0.9688974596796077,0.0,-1.3090276802889318,-2.1208811517303574
20,94,-1.2162939475705155,1.0,-1.3090276802889318,0.7218983613248737,-2.1208811517303574,1.545242365440109,0.7709689146907418,0.0,-1.2368378441564445,-1.9635920016088475
20,95,-0.5790156228817193,1.0,-1.2368378441564445,0.6780988788039379,-1.9635920016088475,1.5728915012150997,0.5304112303339545,0.0,-1.1690279562760506,-1.8060319919878862
20,96,-1.1934766443321583,1.0,-1.1690279562760506,0.7246771376847104,-1.8060319919878862,1.575600096209612,0.4190536300874208,0.0,-1.0965602425075796,-1.6493233663739215
20,97,-0.9480525506369464,1.0,-1.0965602425075796,0.7273879428567288,-1.6493233663739215,1.5670862561396464,0.2754953196341644,0.0,-1.0238214482219066,-1.494874463583262
20,98,-1.2922744785060498,1.0,-1.0238214482219066,0.791408174021074,-1.494874463583262,1.5444890279065941,0.22712369403261023,0.0,-0.9446806308197991,-1.3430966887415776
20,99,-1.161332847278675,1.0,-0.9446806308197991,0.7908595168668876,-1.3430966887415776,1.5177777484168442,0.12011457464820996,0.0,-0.8655946791331104,-1.194974656948345
20,100,-0.9505587128432085,1.0,-0.8655946791331104,0.8250610470085814,-1.194974656948345,1.4812203179323262,0.07302201818483967,0.0,-0.7830885744322522,-1.0508623099906476
20,101,-0.31536332475597084,1.0,-0.7830885744322522,0.8600238050968501,-1.0508623099906476,1.4411234695769757,0.04433116702181672,0.0,-0.6970861939225672,-0.9109182464653781
20,102,-0.5730858496157218,1.0,-0.6970861939225672,0.6774975042262359,-0.9109182464653781,1.3994406352526942,-0.2371139520917276,0.0,-0.6293364434999437,-0.7778235324938345
20,103,-0.7848470606955197,1.0,-0.6293364434999437,0.6426512088774895,-0.7778235324938345,1.3309471397154353,-0.32911913909880947,0.0,-0.5650713226121947,-0.6522790407603685
20,104,-0.4230404951694048,1.0,-0.5650713226121947,0.704161076825673,-0.6522790407603685,1.2554449173346605,-0.2872439547475659,0.0,-0.49465521492962744,-0.533624412309849
20,105,0.03747126674309259,1.0,-0.49465521492962744,0.7316812225511156,-0.533624412309849,1.1865462845051948,-0.270154273726417,0.0,-0.4214870926745159,-0.4214682747070103
20,106,-0.5323619272405867,1.0,-0.4214870926745159,0.7646976269243297,-0.4214682747070103,1.121561376028387,-0.23327268881814428,0.0,-0.3450173299820829,-0.31523386039564394
20,107,-0.24870024458142376,1.0,-0.3450173299820829,0.7411688471627979,-0.31523386039564394,1.062344143113664,-0.2552172427582039,0.0,-0.2709004452658031,-0.21495111976982328
20,108,-0.39129786293183844,1.0,-0.2709004452658031,0.807198719578963,-0.21495111976982328,1.0028274062582063,-0.1595846100586599,0.0,-0.19018057330790678,-0.11947327294461552
20,109,-0.25049763816030585,1.0,-0.19018057330790678,0.7742032287150725,-0.11947327294461552,0.9547784682520777,-0.17718490987365584,0.0,-0.11276025043639952,-0.028822566316550946
20,110,0.1804493259250971,1.0,-0.11276025043639952,0.7642938858131092,-0.028822566316550946,0.9065070662806456,-0.16321418623720785,0.0,-0.03633086185508859,0.057295175837043466
20,111,-0.2805233616727864,1.0,-0.03633086185508859,0.7307854563976657,0.057295175837043466,0.8611774215359441,-0.1749244236920685,0.0,0.03674768378467798,0.13890790600480218
20,112,0.11967722762762525,1.0,0.03674768378467798,0.7978366707667155,0.13890790600480218,0.8161273016775871,-0.06060178947180255,0.0,0.11653135086134954,0.21730301091247461
20,113,0.2131985523557917,1.0,0.11653135086134954,0.854398780848135,0.21730301091247461,0.7839510490767241,0.04560632172230509,0.0,0.20197122894616304,0.2936455356803246
20,114,0.13128942151511164,1.0,0.20197122894616304,0.8362601987827083,0.2936455356803246,0.7634252476784994,0.06158736797602154,0.0,0.2855972488244339,0.3681609733353636
20,115,0.07875818877675156,1.0,0.2855972488244339,0.8516871880763834,0.3681609733353636,0.7451543765503895,0.11667869155120468,0.0,0.37076596763207226,0.4414587039009533
20,116,0.5486573400475009,1.0,0.37076596763207226,0.6959322445212907,0.4414587039009533,0.7329773056558975,-0.04093141105232835,0.0,0.4403591920842013,0.5120015929779209
20,117,0.24153560971309268,1.0,0.4403591920842013,0.7914396036134111,0.5120015929779209,0.705428890769676,0.1041891335010218,0.0,0.5195031524455425,0.5813290009394357
20,118,0.1957389637401532,1.0,0.5195031524455425,0.6579933977745372,0.5813290009394357,0.6932740796151485,-0.029693757058055124,0.0,0.5853024922229961,0.6481409942756016
20,119,1.0501813949412768,1.0,0.5853024922229961,0.6572418276682983,0.6481409942756016,0.6681199333616583,-0.006083501656712963,0.0,0.6510266749898259,0.712754168808443
20,120,0.6635139871117045,1.0,0.6510266749898259,0.5307132424692401,0.712754168808443,0.646131745328414,-0.13720334170976467,0.0,0.70409799923675,0.7739276883391358
20,121,0.26909469244382894,1.0,0.70409799923675,0.5652695733827182,0.7739276883391358,0.6117351953069283,-0.07339895678403154,0.0,0.7606249565750218,0.8324096656770061
20,122,0.5742650676489175,1.0,0.7606249565750218,0.5862819999954672,0.8324096656770061,0.5848197733787035,-0.02280420389190772,0.0,0.8192531565745685,0.8887921777011456
20,123,0.6801419138145331,1.0,0.8192531565745685,0.7846678850150436,0.8887921777011456,0.5638251202413942,0.24840127265594733,0.0,0.8977199450760729,0.945854462067072
20,124,0.8797288412792458,1.0,0.8977199450760729,0.7091969722922802,0.945854462067072,0.5706228436592643,0.18765541850539005,0.0,0.9686396423053009,1.0029673075183427
20,125,0.8380139334258745,1.0,0.9686396423053009,0.5495993799677994,1.0029673075183427,0.5711284545127069,0.015564176377762483,0.0,1.0235995803020808,1.0584081836789503
20,126,1.2642172662268947,1.0,1.0235995803020808,0.6274633640027926,1.0584081836789503,0.5544087616060765,0.12839213860985962,0.9208089114587801,1.08634591670236,1.205439764334395
20,127,1.2486779588270478,1.0,1.08634591670236,0.652596557388393,1.205439764334395,1.4703158065544482,-0.9581984666267701,0.0,1.1516055724411993,1.338184349742598
20,128,1.7206721839015582,1.0,1.1516055724411993,0.7728155693774446,1.338184349742598,1.3274458540820289,-0.7845616566125738,0.0,1.2288871293789438,1.4588354918516127
20,129,0.5648388659093989,1.0,1.2288871293789438,0.834642151241693,1.4588354918516127,1.2065114210901466,-0.6614584059356003,0.0,1.3123513445031132,1.5690112133537828
20,130,1.1931477651997417,1.0,1.3123513445031132,0.7050696033033395,1.5690112133537828,1.1017572150217019,-0.7609048730669017,0.0,1.382858304833447,1.6680522630372145
20,131,1.300211699243824,1.0,1.382858304833447,0.7060468626431321,1.6680522630372145,0.9904104968343173,-0.6955719689887347,0.0,1.4534629910977603,1.7569682794408892
20,132,0.7124512335952256,1.0,1.4534629910977603,0.7091441086744247,1.7569682794408892,0.8891601640367456,-0.6193099814604568,0.0,1.5243774019652028,1.8368458835050416
20,133,1.3146474648565856,1.0,1.5243774019652028,0.7404643198106696,1.8368458835050416,0.7987760406415241,-0.5023080985561251,0.0,1.5984238339462697,1.9091443232535799
20,134,2.119573583178285,1.0,1.5984238339462697,0.7335915841155415,1.9091443232535799,0.7229843974853828,-0.4279809161954821,0.0,1.6717829923578238,1.97484940376821
20,135,1.5058774541623312,1.0,1.6717829923578238,0.7431982080010142,1.97484940376821,0.6570508051463023,-0.3327264196315794,0.0,1.7461028131579253,2.0351246575100563
20,136,1.8556572925523032,1.0,1.7461028131579253,0.7767551385571787,2.0351246575100563,0.6027525374184627,-0.20828798022271255,0.0,1.8237783270136432,2.0913882233299366
20,137,1.847084970586608,1.0,1.8237783270136432,0.6570183688176061,2.0913882233299366,0.5626356581988006,-0.2744280638041399,0.0,1.8894801638954037,2.143107074405539
20,138,1.301896221870329,1.0,1.8894801638954037,0.6294072665912558,2.143107074405539,0.517188510756025,-0.23493974649737598,0.0,1.9524208905545293,2.1908215247817484
20,139,1.6659823068980466,1.0,1.9524208905545293,0.772381335279821,2.1908215247817484,0.4771445037620946,0.011848046800023881,0.0,2.029659024082511,2.2371275932139194
20,140,2.226883946538242,1.0,2.029659024082511,0.8669257343903032,2.2371275932139194,0.46306068432171,0.20062271054112363,0.0,2.1163515975215414,2.283958094561672
20,141,2.4520407688627346,1.0,2.1163515975215414,0.8651756723406594,2.283958094561672,0.4683050134775276,0.26669967166506925,0.0,2.2028691647556076,2.3319570165829475
20,142,2.7025949743184325,1.0,2.2028691647556076,0.8893847401390157,2.3319570165829475,0.47998922021275364,0.3555889469677143,0.0,2.291807638769509,2.3819758625692193
20,143,2.0350912153323115,1.0,2.291807638769509,0.938745198901485,2.3819758625692193,0.500188459862717,0.46734122375801784,0.0,2.385682158659658,2.4350675177215106
20,144,2.524499792618523,1.0,2.385682158659658,1.0047694042782385,2.4350675177215106,0.5309165515229118,0.59206492092014,0.0,2.486159099087482,2.49238088911813
20,145,2.2325467758937316,1.0,2.486159099087482,0.9475472775552963,2.49238088911813,0.5731337139661926,0.5569201765595899,0.0,2.5809138268430116,2.553429434395653
20,146,2.4758095523998223,1.0,2.5809138268430116,0.8670475173379654,2.553429434395653,0.6104854527752335,0.4806400845260055,0.0,2.6676185785768083,2.617330827069556
20,147,2.041243511033401,1.0,2.6676185785768083,0.937428600928411,2.617330827069556,0.6390139267390266,0.5797920393590268,0.0,2.7613614386696494,2.684985295571484
20,148,2.8502327891700925,1.0,2.7613614386696494,0.8854083257875422,2.684985295571484,0.6765446850192804,0.5244032278089761,0.0,2.8499022712484035,2.75571885335944
20,149,3.386090453115594,1.0,2.8499022712484035,0.8068726690925078,2.75571885335944,0.707335577879561,0.4280247126502908,0.0,2.9305895381576543,2.828469184424684
20,150,3.038450516030879,1.0,2.9305895381576543,0.8516796655242814,2.828469184424684,0.7275033106524441,0.47686856514341613,0.0,3.0157575047100824,2.9036601905472748
20,151,3.06927465803132,1.0,3.0157575047100824,0.8308852481174398,2.9036601905472748,0.7519100612259075,0.4440177483390293,0.0,3.0988460295218263,2.980885261957333
20,152,3.2413932943638537,1.0,3.0988460295218263,0.8225452482323801,2.980885261957333,0.7722507141005814,0.42320755175569164,0.0,3.1811005543450643,3.0598712065998264
20,153,3.336036206562662,1.0,3.1811005543450643,0.8159151340815143,3.0598712065998264,0.789859446424932,0.402577065173182,0.0,3.262692067753216,3.1403553716654917
20,154,2.865131371944512,1.0,3.262692067753216,0.8708970999253218,3.1403553716654917,0.8048416506566524,0.4567970729805769,0.0,3.349781777745748,3.2228320141788616
20,155,3.6156677059863447,1.0,3.349781777745748,0.8665215044232875,3.2228320141788616,0.8247664251336971,0.4390063741711179,0.0,3.4364339281880767,3.307059467873515
20,156,3.284400900641439,1.0,3.4364339281880767,0.8620223415079593,3.307059467873515,0.8422745369465306,0.4195520795504118,0.0,3.5226361623388724,3.392787163845443
20,157,4.104042499256087,1.0,3.5226361623388724,0.7529513377535808,3.392787163845443,0.8572769597192829,0.2699747416332693,0.0,3.5979312961142305,3.4784713209626026
20,158,3.860985621014014,1.0,3.5979312961142305,0.6738497431860209,3.4784713209626026,0.8568415711715928,0.15352173713507464,0.0,3.6653162704328324,3.5629488024233633
20,159,3.700653757278859,1.0,3.6653162704328324,0.6361970682821025,3.5629488024233633,0.8447748146076093,0.0880696398079247,0.0,3.7289359772610426,3.6456037008754594
20,160,3.7712631012825217,1.0,3.7289359772610426,0.6430372605887815,3.6456037008754594,0.8265489845209583,0.08043929439346803,0.0,3.7932397033199208,3.726418035521023
20,161,3.03239269097524,1.0,3.7932397033199208,0.7728288122779131,3.726418035521023,0.8081433464556345,0.22951315481276807,0.0,3.8705225845477123,3.806941443006056
20,162,3.8914840395825023,1.0,3.8705225845477123,0.746882947149524,3.806941443006056,0.8052340748503309,0.194529772988879,0.0,3.945210879262665,3.886833399181457
20,163,3.969324095585763,1.0,3.945210879262665,0.7376333778244876,3.886833399181457,0.7989195617540082,0.18011001992176784,0.0,4.0189742170451135,3.9659699129584625
20,164,4.011906702975146,1.0,4.0189742170451135,0.902721886288905,3.9659699129584625,0.7913651377700568,0.3819860974685432,0.0,4.109246405674004,4.046393919269289
20,165,3.8898612199872526,1.0,4.109246405674004,0.9071601263822271,4.046393919269289,0.8042400631082693,0.39216778966709015,0.0,4.199962418312227,4.128166035274841
20,166,4.3955401255364865,1.0,4.199962418312227,0.8582254677249805,4.128166035274841,0.8177211600555138,0.3341245432012247,0.0,4.285784965084725,4.210662689000227
20,167,4.409890091609956,1.0,4.285784965084725,0.897085540525715,4.210662689000227,0.8249665372538598,0.38066198918902666,0.0,4.375493519137296,4.294326069698291
20,168,4.265120824076244,1.0,4.375493519137296,0.8863945722490891,4.294326069698291,0.8366338069806389,0.3663915808601154,0.0,4.4641329763622055,4.378976138022618
20,169,4.4751260355309626,1.0,4.4641329763622055,0.9778483918714648,4.378976138022618,0.84650068324327,0.47635719748406213,0.0,4.561917815549352,4.465680976135407
20,170,4.0748164658855295,1.0,4.561917815549352,0.9891062870890358,4.465680976135407,0.8670483811278915,0.4891836172864712,0.0,4.6608284442582555,4.554503095601452
20,171,4.933403248321531,1.0,4.6608284442582555,0.8907141006772421,4.554503095601452,0.8882211946604461,0.364101554958013,0.0,4.74989985432598,4.644123922794163
20,172,4.641131049866447,1.0,4.74989985432598,0.9633295359534768,4.644123922794163,0.8962082719271132,0.444378764712936,0.0,4.846232807921328,4.735320671163837
20,173,4.264213418548155,1.0,4.846232807921328,0.852753496801971,4.735320671163837,0.9119674836967392,0.3007721636702154,0.0,4.931508157601525,4.826606845222384
20,174,5.012212820760369,1.0,4.931508157601525,0.9935732043250933,4.826606845222384,0.9128617405854651,0.462625507628163,0.0,5.030865478034034,4.919598116787339
20,175,5.069312416017593,1.0,5.030865478034034,0.9945695189992112,4.919598116787339,0.9299127156495465,0.45772962283838947,0.0,5.130322429933956,5.014190963890599
20,176,5.574186635187075,1.0,5.130322429933956,0.8187493097313179,5.014190963890599,0.9459284710325999,0.23277371511415754,0.0,5.212197360907087,5.108084577037696
20,177,5.207244690064929,1.0,5.212197360907087,0.9904386169192658,5.108084577037696,0.9389361314709724,0.4299174040091465,0.0,5.311241222599014,5.203272768604177
20,178,4.903341637647174,1.0,5.311241222599014,0.9085621626361593,5.203272768604177,0.951881915664816,0.3223398992980475,0.0,5.402097438862629,5.298638337033512
20,179,5.030920325085558,1.0,5.402097438862629,0.7417773841924806,5.298638337033512,0.9536556842933466,0.10615593935356726,0.0,5.476275177281877,5.3920137666666434
21,0,-0.501244512257543,-1.0,0.0,-0.8178014286223668,-0.7,0.0,0.2850152356513769,0.0,-0.08178014286223668,-0.6971498476434862
21,1,-0.042722366404848375,-1.0,-0.08178014286223668,-0.7782575794604248,-0.6971498476434862,0.028501523565137687,0.14735924346829232,0.0,-0.1596059008082792,-0.692917307727698
21,2,-0.04205159478687294,-1.0,-0.1596059008082792,-0.7339821536809358,-0.692917307727698,0.04232539915788251,0.03571647388919241,0.0,-0.2330041161763728,-0.688463044350323
21,3,-0.34353255670609373,-1.0,-0.2330041161763728,-0.7662275845433928,-0.688463044350323,0.044542633773749514,-0.1504618152517192,0.0,-0.3096268746307121,-0.6856559355535412
21,4,-0.3477067107454301,-1.0,-0.3096268746307121,-0.7889432622871446,-0.6856559355535412,0.02807108796781761,-0.3081658085835983,0.0,-0.38852120085942654,-0.6860203123240924
21,5,-0.9139826594319573,-1.0,-0.38852120085942654,-0.8661626707400484,-0.6860203123240924,-0.0036437677055123872,-0.51551158606354,0.0,-0.47513746793343137,-0.6915281448986215
21,6,-0.4443169357165977,-1.0,-0.47513746793343137,-0.7815429733592718,-0.6915281448986215,-0.055078325745289994,-0.5070505776805445,0.0,-0.5532917652693585,-0.701930232607571
21,7,-0.12553310183839705,-1.0,-0.5532917652693585,-0.8106274545691365,-0.701930232607571,-0.10402087708949517,-0.6169218208732208,0.0,-0.6343545107262722,-0.7181686717185664
21,8,-0.6273944486309746,-1.0,-0.6343545107262722,-0.8884305109499344,-0.7181686717185664,-0.1623843911099534,-0.771651872521974,0.0,-0.7231975618212657,-0.7416039995032295
21,9,-0.5308701320626006,-1.0,-0.7231975618212657,-0.9466046249187694,-0.7416039995032295,-0.2343532778466323,-0.8889338603240833,0.0,-0.8178580243131427,-0.7731787354020243
21,10,-0.6709480644613419,-1.0,-0.8178580243131427,-0.9399389990580523,-0.7731787354020243,-0.31574735898794837,-0.9119466213849179,0.0,-0.9118519242189479,-0.8128625459659069
21,11,-1.1247039323896841,-1.0,-0.9118519242189479,-0.7984154083870608,-0.8128625459659069,-0.3968381056388258,-0.7524933682053789,0.0,-0.991693465057654,-0.858801408273799
21,12,-0.9148346164123745,-1.0,-0.991693465057654,-0.7508463866521536,-0.858801408273799,-0.4593886230789213,-0.6907875383326743,0.0,-1.0667781037228694,-0.9101781023711654
21,13,-1.298015880941306,-1.0,-1.0667781037228694,-0.8877715357329021,-0.9101781023711654,-0.5137669409736633,-0.8466525611084401,0.0,-1.1555552572961596,-0.9683772678685003
21,14,-0.2679771247554308,-1.0,-1.1555552572961596,-0.8773740273067376,-0.9683772678685003,-0.58199165497335,-0.8187449664429733,0.0,-1.2432926600268335,-1.0329015097343504
21,15,-1.1676667599155188,-1.0,-1.2432926600268335,-0.8429911857480831,-1.0329015097343504,-0.6452424186585002,-0.7528132028485512,0.0,-1.3275917786016418,-1.1028891078889786
21,16,-1.6396945481051994,-1.0,-1.3275917786016418,-0.7930722005079311,-1.1028891078889786,-0.6998759815462833,-0.6602743278221245,0.0,-1.406898998652435,-1.1772398461808802
21,17,-1.8525259313191074,-1.0,-1.406898998652435,-0.7767626770200371,-1.1772398461808802,-0.7435073829190146,-0.6034885861271568,0.0,-1.4845752663544387,-1.2552462467087124
21,18,-1.0238198460748211,-1.0,-1.4845752663544387,-0.8333349264869762,-1.2552462467087124,-0.7800640052783219,-0.6343601150137714,0.0,-1.5679087590031364,-1.3371000435697917
21,19,-1.3699692974241995,-1.0,-1.5679087590031364,-0.801017298630003,-1.3371000435697917,-0.8185379686107928,-0.5567876203184089,0.0,-1.6480104888661367,-1.4219023951345005
21,20,-1.515243328400382,-1.0,-1.6480104888661367,-0.8447890665814535,-1.4219023951345005,-0.8480235156470883,-0.5711897792021792,0.0,-1.732489395524282,-1.5097029692411603
21,21,-2.126266004251703,-1.0,-1.732489395524282,-0.9933433169417721,-1.5097029692411603,-0.8780057410665995,-0.7170278569269344,0.0,-1.8318237272184592,-1.6018642035456765
21,22,-1.986429069625453,-1.0,-1.8318237272184592,-0.9940004749559455,-1.6018642035456765,-0.9216123430451617,-0.6853227451678208,0.0,-1.9312237747140537,-1.6979295058041264
21,23,-2.280918216813901,1.0,-1.9312237747140537,0.6471153055369886,-1.6979295058041264,-0.9606530225844986,1.376278678568539,0.0,-1.8665122441603548,-1.7771579316046204
21,24,-1.5237836376804745,1.0,-1.8665122441603548,0.7617023997626995,-1.7771579316046204,-0.7922842580049407,1.6072954563840134,0.0,-1.7903420041840847,-1.8377780932156587
21,25,-1.93353899958388,1.0,-1.7903420041840847,0.851309713318701,-1.8377780932156587,-0.6062016161103813,1.7756359575729082,0.0,-1.7052110328522145,-1.8787020500794145
21,26,-1.1145480130200975,1.0,-1.7052110328522145,0.7700033126693693,-1.8787020500794145,-0.4092395686375582,1.7016140200864274,0.0,-1.6282107015852776,-1.9013003001226658
21,27,-1.4591362234126428,1.0,-1.6282107015852776,0.7960712570444164,-1.9013003001226658,-0.2259825004325136,1.725645385198162,0.0,-1.5486035758808359,-1.9059189523125515
21,28,-1.6313282383997711,1.0,-1.5486035758808359,0.8090264605857451,-1.9059189523125515,-0.04618652189885697,1.7086769732158689,0.0,-1.4677009298222614,-1.893303037900202
21,29,-1.052486636802078,1.0,-1.4677009298222614,0.712458568088802,-1.893303037900202,0.12615914412349336,1.5347831302041928,0.0,-1.3964550730133811,-1.865743001447006
21,30,-2.011176418961421,1.0,-1.3964550730133811,0.6000878102919734,-1.865743001447006,0.27560036453196085,1.3199107305542346,0.0,-1.3364462919841837,-1.8258657788547699
21,31,-1.5721717304682852,1.0,-1.3364462919841837,0.6552255451704769,-1.8258657788547699,0.39877222592236156,1.2959187617776438,0.0,-1.270923737467136,-1.774305439767709
21,32,-1.3776188087098664,1.0,-1.270923737467136,0.7108312332946165,-1.774305439767709,0.5156033908706104,1.2677491619607701,0.0,-1.1998406141376745,-1.711717539911826
21,33,-0.8661983525991783,1.0,-1.1998406141376745,0.7001186847803055,-1.711717539911826,0.6258789985588279,1.1544459398990885,0.0,-1.1298287456596439,-1.6395879934523407
21,34,-0.7938480460010726,1.0,-1.1298287456596439,0.5455375302356124,-1.6395879934523407,0.7212954645948543,0.8594332204328733,0.0,-1.0752749926360827,-1.56117226027523
21,35,-0.9550301680746105,1.0,-1.0752749926360827,0.6203409101254437,-1.56117226027523,0.7841573317711062,0.8416657707776838,0.0,-1.0132409016235384,-1.4768491728520101
21,36,-1.5315119940824036,1.0,-1.0132409016235384,0.6360907367554403,-1.4768491728520101,0.8432308742321992,0.7578549437218323,0.0,-0.9496318279479944,-1.387645874789115
21,37,-1.0944756915815645,1.0,-0.9496318279479944,0.6258628377260909,-1.387645874789115,0.8920329806289521,0.6466319615873956,0.0,-0.8870455441753853,-1.2948307626483584
21,38,-1.20395464514946,1.0,-0.8870455441753853,0.6577235055370108,-1.2948307626483584,0.9281511214075652,0.5921325060352652,0.0,-0.8212731936216842,-1.1990644090357534
21,39,-0.43379093667780677,1.0,-0.8212731936216842,0.6248420166231002,-1.1990644090357534,0.9576635361260496,0.4650469261132049,0.0,-0.7587889919593741,-1.1017121094776197
21,40,-0.8773849003948962,-1.0,-0.7587889919593741,-0.9216621147721934,-1.1017121094776197,0.9735229955813365,-1.5260440896953082,0.0,-0.8509552034365935,-1.0227355244022993
21,41,-0.6610369533840941,-1.0,-0.8509552034365935,-0.8924608419135865,-1.0227355244022993,0.7897658507532028,-1.6136496892675867,0.0,-0.9402012876279522,-0.9624226869420651
21,42,-0.3707080904831973,-1.0,-0.9402012876279522,-0.9109966457152212,-0.9624226869420651,0.6031283746023417,-1.717256062059648,0.0,-1.0313009521994743,-0.921212420901155
21,43,-1.0401062905702325,-1.0,-1.0313009521994743,-0.8659563570404957,-0.921212420901155,0.41210266040910193,-1.70582767727646,0.0,-1.1178965879035239,-0.8983791601463185
21,44,-0.8950767377748724,-1.0,-1.1178965879035239,-0.8553162492356949,-0.8983791601463185,0.22833260754836465,-1.7021720470826964,0.0,-1.2034282128270934,-0.8932982842064637
21,45,-1.3049224317662136,-1.0,-1.2034282128270934,-0.9507872723035232,-0.8932982842064637,0.050808759398547315,-1.801311846611491,0.0,-1.2985069400574458,-0.9063931147627993
21,46,-1.270904478694024,-1.0,-1.2985069400574458,-0.9241702470026701,-0.9063931147627993,-0.13094830556335532,-1.7292651110018706,0.0,-1.3909239647577127,-0.9363615618513508
21,47,-1.3646986706218105,-1.0,-1.3909239647577127,-0.9267280560414579,-0.9363615618513508,-0.29968447088551503,-1.6707809001581793,0.0,-1.4835967703618584,-0.9820788276346504
21,48,-1.4656460766445014,-1.0,-1.4835967703618584,-1.0176453534420942,-0.9820788276346504,-0.4571726578329965,-1.704568914821675,0.0,-1.5853613057060678,-1.043378830061101
21,49,-1.5512752677543407,1.0,-1.5853613057060678,0.632445288759766,-1.043378830061101,-0.6130000242645082,0.4220523771528564,0.0,-1.5221167768300912,-1.098496708638377
21,50,-1.6265541948360207,1.0,-1.5221167768300912,0.7145475095290965,-1.098496708638377,-0.5511787857727583,0.6775067731751592,0.0,-1.4506620258771816,-1.1450757473694284
21,51,-0.87750431712656,1.0,-1.4506620258771816,0.7010828174267374,-1.1450757473694284,-0.4657903873105141,0.7895825709587168,0.0,-1.380553744134508,-1.182268431151499
21,52,-1.561582414007074,1.0,-1.380553744134508,0.8320569932288223,-1.182268431151499,-0.37192683782070596,1.0512857373307705,0.0,-1.2973480448116257,-1.2077580916792356
21,53,-1.2100755726752064,1.0,-1.2973480448116257,0.946532851045548,-1.2077580916792356,-0.2548966052773663,1.2708680932875647,0.0,-1.202694759707071,-1.219723402137209
21,54,-1.2784377972479721,1.0,-1.202694759707071,0.8898440790713692,-1.219723402137209,-0.1196531045797341,1.2560961859576172,0.0,-1.113710351799934,-1.218744860800951
21,55,-1.778009772798523,1.0,-1.113710351799934,0.9086946505300197,-1.218744860800951,0.009785413362579098,1.3062770510257478,0.0,-1.022840886746932,-1.2047348622771958
21,56,-0.7186164155315178,1.0,-1.022840886746932,1.0221450737818842,-1.2047348622771958,0.14009998523755135,1.4517480363521862,0.0,-0.9206263793687437,-1.176655703342679
21,57,-0.8386034444534649,1.0,-0.9206263793687437,0.9425373723549801,-1.176655703342679,0.28079158934516835,1.342856735397754,0.0,-0.8263726421332457,-1.1360465101400892
21,58,-1.2256545346215257,-1.0,-0.8263726421332457,-0.7941583818837712,-1.1360465101400892,0.4060919320258984,-0.8342854744409904,0.0,-0.9057884803216228,-1.1050796658643922
21,59,-1.1117515912542557,-1.0,-0.9057884803216228,-0.830702780013475,-1.1050796658643922,0.3096684427569706,-0.9823811049573374,0.0,-0.9888587583229703,-1.0849275716550908
21,60,-1.460350104854478,-1.0,-0.9888587583229703,-0.9230734060942491,-1.0849275716550908,0.2015209420930138,-1.1738653410596391,0.0,-1.0811660989323952,-1.0771589978710834
21,61,-0.9838162670047649,-1.0,-1.0811660989323952,-0.9878428051019135,-1.0771589978710834,0.07768573784007345,-1.308969025996367,0.0,-1.1799503794425865,-1.0827287087081279
21,62,-0.7002568854135085,-1.0,-1.1799503794425865,-0.9263669229303699,-1.0827287087081279,-0.05569710837044563,-1.2654412768887877,0.0,-1.2725870717356236,-1.1007746015672748
21,63,-0.8960844294752743,-1.0,-1.2725870717356236,-0.9255059975784439,-1.1007746015672748,-0.18045892859147014,-1.27137110179978,0.0,-1.365137671493468,-1.130956736872927
21,64,-1.7418991432033808,-1.0,-1.365137671493468,-0.8788618995495596,-1.130956736872927,-0.3018213530565211,-1.20171675428236,0.0,-1.4530238614484239,-1.1721902113916218
21,65,-1.9586866906088944,-1.0,-1.4530238614484239,-0.828488671106036,-1.1721902113916218,-0.4123347451869484,-1.1097742789747425,0.0,-1.5358727285590275,-1.2232019575154658
21,66,-1.3669133826205586,-1.0,-1.5358727285590275,-0.879153397649772,-1.2232019575154658,-0.5101174612384403,-1.1285720382276954,0.0,-1.6237880683240047,-1.2838670481456238
21,67,-1.1083625110930586,-1.0,-1.6237880683240047,-0.8760849345130822,-1.2838670481456238,-0.6066509063015797,-1.0738353298370025,0.0,-1.7113965617753129,-1.3533292091739868
21,68,-1.6860919065469668,-1.0,-1.7113965617753129,-0.879070173368465,-1.3533292091739868,-0.6946216102836293,-1.0187235756246968,0.0,-1.7993035791121594,-1.430755816805689
21,69,-1.4745371840705954,-1.0,-1.7993035791121594,-0.9089341345940065,-1.430755816805689,-0.7742660763170229,-0.9913676363576941,0.0,-1.89019699257156,-1.515618449356754
21,70,-2.2986217624124134,-1.0,-1.89019699257156,-0.9420804310275133,-1.515618449356754,-0.8486263255106476,-0.96538199548019,0.0,-1.9844050356743113,-1.6074192976209865
21,71,-2.008412006682475,-1.0,-1.9844050356743113,-0.8859995214863766,-1.6074192976209865,-0.9180084826423259,-0.8277241176598836,0.0,-2.073004987822949,-1.7045597599173625
21,72,-1.931622896338471,-1.0,-2.073004987822949,-0.8772523943851412,-1.7045597599173625,-0.9714046229637598,-0.7450555245790365,0.0,-2.160730227261463,-1.806042282666045
21,73,-2.2751488843802763,-1.0,-2.160730227261463,-0.8381618819161599,-1.806042282666045,-1.0148252274868232,-0.625736132806817,0.0,-2.244546415453079,-1.9105347260148375
21,74,-2.3038678744553325,-1.0,-2.244546415453079,-0.7636151473120459,-1.9105347260148375,-1.0449244334879266,-0.463815677228801,0.0,-2.320907930184284,-2.016321567948757
21,75,-2.10733768414869,-1.0,-2.320907930184284,-0.7090188468951644,-2.016321567948757,-1.0578684193391932,-0.3283612057451,0.0,-2.3918098148738003,-2.1220068429982417
21,76,-2.5708627544149905,-1.0,-2.3918098148738003,-0.8172675926855467,-2.1220068429982417,-1.056852750494849,-0.39876558691684244,0.0,-2.473536574142355,-2.2282978451153115
21,77,-2.7634879003692565,-1.0,-2.473536574142355,-0.877424610860271,-2.2282978451153115,-1.062910021170698,-0.4212555208832326,0.0,-2.5612790352283823,-2.3354000903734673
21,78,-2.3296149023353037,-1.0,-2.5612790352283823,-0.8791289045836598,-2.3354000903734673,-1.071022452581559,-0.3790266699317755,0.0,-2.649191925686748,-2.44286533048268
21,79,-2.5686820607283454,1.0,-2.649191925686748,0.7860072837699318,-2.44286533048268,-1.0746524010921268,1.7173998154750731,0.0,-2.570591197309755,-2.5297176847536473
21,80,-2.862075936969436,1.0,-2.570591197309755,0.8606467612454392,-2.5297176847536473,-0.8685235427096714,1.8992324717544729,0.0,-2.4845265211852112,-2.5947984389703986
21,81,-2.347343397726403,1.0,-2.4845265211852112,0.7824930702610775,-2.5947984389703986,-0.6508075421675146,1.8537299089509176,0.0,-2.4062772141591036,-2.639259309962705
21,82,-2.567561034867708,1.0,-2.4062772141591036,0.7626785402117097,-2.639259309962705,-0.44460870992306234,1.83976401981734,0.0,-2.3300093601379324,-2.663899792885084
21,83,-2.131220333839638,1.0,-2.3300093601379324,0.7958721854254222,-2.663899792885084,-0.24640482922379034,1.8593245202676072,0.0,-2.25042214159539,-2.6691585351512708
21,84,-2.246215924316497,1.0,-2.25042214159539,0.8879080254552802,-2.6691585351512708,-0.052587422661868305,1.9264455333106127,0.0,-2.161631339049862,-2.6549845423318335
21,85,-2.2409340118322523,1.0,-2.161631339049862,0.9646090606057698,-2.6549845423318335,0.14173992819437278,1.9551686913156816,0.0,-2.065170432989285,-2.6217124303694614
21,86,-2.2904130705515646,1.0,-2.065170432989285,0.8543063634600292,-2.6217124303694614,0.33272111962372103,1.7353138784215556,0.0,-1.9797397966432821,-2.5721518872056697
21,87,-1.9126265937694353,1.0,-1.9797397966432821,0.829985746990262,-2.5721518872056697,0.49560543163791754,1.6006090618535773,0.0,-1.8967412219442559,-2.5081711908045836
21,88,-1.9040882517957578,1.0,-1.8967412219442559,0.7711339629587495,-2.5081711908045836,0.6398069640108619,1.4116985744342572,0.0,-1.8196278256483809,-2.4321208909439895
21,89,-1.2456859893338694,1.0,-1.8196278256483809,0.8436293067038597,-2.4321208909439895,0.7605029986059401,1.3764662160399057,0.0,-1.735264894977995,-2.3447395385185357
21,90,-1.7422209744280788,1.0,-1.735264894977995,0.8680268062032767,-2.3447395385185357,0.8738135242545406,1.2820369957437794,0.0,-1.6484622143576673,-2.2473340194132585
21,91,-2.04645696815505,1.0,-1.6484622143576673,0.8297491751181104,-2.2473340194132585,0.9740551910527733,1.1098951200182983,0.0,-1.5654872968458562,-2.141946525719167
21,92,-0.9385042767290611,1.0,-1.5654872968458562,0.7846004619837583,-2.141946525719167,1.0538749369409144,0.9288624601776068,0.0,-1.4870272506474804,-2.030642807221511
21,93,-2.0923415672247914,1.0,-1.4870272506474804,0.8149812600108798,-2.030642807221511,1.113037184976566,0.8435015915499988,0.0,-1.4055291246463923,-1.9144657918002792
21,94,-0.9041854994012773,1.0,-1.4055291246463923,0.8844163723791996,-1.9144657918002792,1.1617701542123158,0.8139283922000706,0.0,-1.3170874874084724,-1.7938671569505262
21,95,-1.5699610191889024,1.0,-1.3170874874084724,0.8131211550401872,-1.7938671569505262,1.2059863484975288,0.6199613492050253,0.0,-1.2357753719044537,-1.670928064923915
21,96,-0.8134284173685854,1.0,-1.2357753719044537,0.7925859414210823,-1.670928064923915,1.2293909202661104,0.49301565346162424,-0.028176775782450588,-1.1565167777623455,-1.5498105448857844
21,97,-1.2063172944202654,-1.0,-1.1565167777623455,-0.8318980356856202,-1.5498105448857844,1.2111752003813068,-1.5715345652937511,0.0,-1.2397065813309076,-1.4482841311418113
21,98,-1.0713903684029529,-1.0,-1.2397065813309076,-0.8273166088759436,-1.4482841311418113,1.0152641374397298,-1.7018948891233348,0.0,-1.322438242218502,-1.3670255115288787
21,99,-1.3081591035443136,-1.0,-1.322438242218502,-0.8018208651510158,-1.3670255115288787,0.8125861961293249,-1.7609778261730984,0.0,-1.4026203287336034,-1.305976946005291
21,100,-1.430639003996621,-1.0,-1.4026203287336034,-0.8762790504169757,-1.305976946005291,0.6104856552358766,-1.9020048233100133,0.48858973393367205,-1.490248233775301,-1.217043009418191
21,101,-1.3290414013547531,-1.0,-1.490248233775301,-0.9018073498439777,-1.217043009418191,0.8893393658709994,-2.552968076282515,0.0,-1.5804289687596986,-1.1564846395647035
21,102,-1.7683572225062396,-1.0,-1.5804289687596986,-1.0246431424212668,-1.1564846395647035,0.6055836985348759,-2.685594173362625,0.0,-1.6828932830018253,-1.1247200792801537
21,103,-1.5348724254257762,-1.0,-1.6828932830018253,-0.9634752909095778,-1.1247200792801537,0.31764560284549737,-2.556040294146193,0.0,-1.779240812092783,-1.1195323878661716
21,104,-2.09899142111994,-1.0,-1.779240812092783,-0.84903609468196,-1.1195323878661716,0.05187691413982215,-2.323490921598265,0.0,-1.864144421560979,-1.1377456117934195
21,105,-2.0793018120901112,-1.0,-1.864144421560979,-0.9836700134465103,-1.1377456117934195,-0.18213223927247862,-2.367431413440323,0.0,-1.9625114229056302,-1.1790503266893986
21,106,-2.110774370775248,-1.0,-1.9625114229056302,-0.9816882459462308,-1.1790503266893986,-0.41304714895979167,-2.2280885053358426,0.0,-2.0606802475002532,-1.241314175762065
21,107,-2.0864174450465,-1.0,-2.0606802475002532,-0.8740602896473026,-1.241314175762065,-0.6226384907266627,-1.9415212751670714,0.0,-2.1480862764649835,-1.3210007944160767
21,108,-1.7796962605039521,-1.0,-2.1480862764649835,-0.8688335480728879,-1.3210007944160767,-0.7968661865401166,-1.7664080777933717,0.0,-2.234969631272272,-1.4158015220510936
21,109,-2.4821500347297825,-1.0,-2.234969631272272,-0.9866712111019683,-1.4158015220510936,-0.9480072763501701,-1.7385923076024328,0.0,-2.333636752382469,-1.5249545494778143
21,110,-2.5882008375366703,-1.0,-2.333636752382469,-0.8588923932664871,-1.5249545494778143,-1.091530274267208,-1.4106873930771546,0.0,-2.4195259917091176,-1.6447215539576516
21,111,-2.753439109730731,-1.0,-2.4195259917091176,-0.9469611174699842,-1.6447215539576516,-1.1976700447983728,-1.345331642877351,0.0,-2.514222103456116,-1.7741093307229077
21,112,-2.633048571136368,-1.0,-2.514222103456116,-0.8162743739972029,-1.7741093307229077,-1.29387776765256,-1.0187358254077927,0.0,-2.595849540855836,-1.9095440568857533
21,113,-2.424412401236589,-1.0,-2.595849540855836,-0.8578900904470822,-1.9095440568857533,-1.3543472616284573,-0.9070947823369193,0.0,-2.681638549900544,-2.0497158196347574
21,114,-2.9028763850107584,-1.0,-2.681638549900544,-0.8963132859397824,-2.0497158196347574,-1.4017176274900387,-0.8042004502627959,0.0,-2.771269878494522,-2.193444090478421
21,115,-2.856733948888711,1.0,-2.771269878494522,0.766924319880726,-2.193444090478421,-1.437282708436637,1.3873206710813781,0.0,-2.69457744650645,-2.3186998499442737
21,116,-2.868760408815423,1.0,-2.69457744650645,0.7802465849114862,-2.3186998499442737,-1.2525575946585268,1.5834164531171135,0.0,-2.616552788015301,-2.424113260576048
21,117,-2.589107231830267,1.0,-2.616552788015301,0.8330489849637854,-2.424113260576048,-1.0541341063177425,1.779643182301287,0.0,-2.5332478895189223,-2.5083570102445925
21,118,-3.135448564162415,1.0,-2.5332478895189223,0.8642678861553341,-2.5083570102445925,-0.842437496685446,1.9058820842640454,0.0,-2.446821100903389,-2.570846139081103
21,119,-2.2666517154755574,1.0,-2.446821100903389,0.8416063961908197,-2.570846139081103,-0.6248912883651072,1.9249660727077957,0.0,-2.362660461284307,-2.6120859550677675
21,120,-2.083369117106427,1.0,-2.362660461284307,0.9273369533051268,-2.6120859550677675,-0.4123981598666442,2.0397163686912094,0.0,-2.2699267659537945,-2.6316089332559467
21,121,-2.518739462808162,1.0,-2.2699267659537945,0.9467959084321578,-2.6316089332559467,-0.1952297818817906,2.043396227398577,0.0,-2.1752471751105786,-2.630073213868118
21,122,-2.1943130835843125,1.0,-2.1752471751105786,0.930293482263143,-2.630073213868118,0.015357193878284409,1.9742155687242318,0.0,-2.082217826884264,-2.608844481813458
21,123,-2.35309611825203,1.0,-2.082217826884264,0.9087879476660171,-2.608844481813458,0.21228732054660251,1.8737107404126072,0.0,-1.9913390321176625,-2.5695579617804207
21,124,-1.6890553708300213,1.0,-1.9913390321176625,0.8773119997983162,-2.5695579617804207,0.392865200330372,1.7406768792801326,0.0,-1.903607832137831,-2.5141218415956392
21,125,-1.7122012012289534,1.0,-1.903607832137831,0.855880740865737,-2.5141218415956392,0.5543612018478133,1.6043843705259269,0.0,-1.8180197580512572,-2.4444158335515116
21,126,-0.9464100317113708,1.0,-1.8180197580512572,0.8919763990106591,-2.4444158335515116,0.697060080441276,1.528510507990295,0.0,-1.7288221181501913,-2.361655312684893
21,127,-1.7887603215851864,1.0,-1.7288221181501913,0.9047349562681667,-2.361655312684893,0.8276052086661847,1.4191036117808902,0.0,-1.6383486225233745,-2.2673520923681973
21,128,-1.8985336797705734,1.0,-1.6383486225233745,0.8837666632107757,-2.2673520923681973,0.9430322031669558,1.264924434952927,0.0,-1.5499719562022969,-2.163417330752107
21,129,-1.6911849134766346,1.0,-1.5499719562022969,0.9363582014886056,-2.163417330752107,1.0393476161609059,1.1999613247866254,0.0,-1.4563361360534364,-2.050808868259865
21,130,-1.8305038845056207,1.0,-1.4563361360534364,0.8855811051323899,-2.050808868259865,1.1260846249224195,1.0110783632518539,0.0,-1.3677780255401975,-1.9316930929348561
21,131,-1.3019870993372042,1.0,-1.3677780255401975,0.8974684570540206,-1.9316930929348561,1.1911577532500874,0.9009007782292421,0.0,-1.2780311798347954,-1.8073800146379553
21,132,-1.1817121194422509,1.0,-1.2780311798347954,0.9354260102894573,-1.8073800146379553,1.2431307829690088,0.8292591449758664,0.0,-1.1844885788058497,-1.6787523633967965
21,133,-0.9036492927669264,-1.0,-1.1844885788058497,-0.814306380150083,-1.6787523633967965,1.2862765124115871,-1.4418707160242676,0.0,-1.265919216820858,-1.5686595041555975
21,134,-1.1405940749246644,-1.0,-1.265919216820858,-0.834229480719773,-1.5686595041555975,1.1009285924119896,-1.6261788991522406,0.0,-1.3493421648928352,-1.4783514054016393
21,135,-1.469087347374499,-1.0,-1.3493421648928352,-0.714434385735073,-1.4783514054016393,0.9030809875395819,-1.5918944083580884,0.0,-1.4207856034663424,-1.4068521098913886
21,136,-1.0281330528447417,-1.0,-1.4207856034663424,-0.810413261732543,-1.4068521098913886,0.7149929551025064,-1.777379944210987,0.0,-1.5018269296395967,-1.3554145912795759
21,137,-1.3228494749137336,-1.0,-1.5018269296395967,-0.7331462118975348,-1.3554145912795759,0.5143751861181275,-1.7163923430835282,0.0,-1.5751415508293503,-1.3227869966941763
21,138,-1.3204862051792325,-1.0,-1.5751415508293503,-0.8310100657980167,-1.3227869966941763,0.32627594585399455,-1.835743099557317,0.0,-1.658242557409152,-1.3095609161310828
21,139,-2.0039593123739543,-1.0,-1.658242557409152,-0.7997841431257156,-1.3095609161310828,0.132260805630935,-1.7716682990371684,0.0,-1.7382209717217234,-1.31447475313638
21,140,-1.9827563435335127,-1.0,-1.7382209717217234,-0.8792965544873297,-1.31447475313638,-0.04913837005297175,-1.8182664606191172,0.0,-1.8261506271704564,-1.3374140119636988
21,141,-2.012415945795767,-1.0,-1.8261506271704564,-0.9054693077221331,-1.3374140119636988,-0.2293925882731884,-1.781555115482488,0.0,-1.9166975579426697,-1.3774347656633683
21,142,-2.0278516473104347,-1.0,-1.9166975579426697,-0.9075835980082251,-1.3774347656633683,-0.4002075369966952,-1.6982839954103355,0.0,-2.007455917743492,-1.4331576951987517
21,143,-2.6564100375521265,-1.0,-2.007455917743492,-0.9211469002990041,-1.4331576951987517,-0.5572292953538345,-1.6149773734555135,0.0,-2.0995706077733924,-1.503247264723558
21,144,-1.7318309057413055,-1.0,-2.0995706077733924,-0.822833691460683,-1.503247264723558,-0.7008956952480632,-1.3834573135856711,0.0,-2.1818539769194607,-1.5849285411594272
21,145,-2.237350075559677,-1.0,-2.1818539769194607,-0.764197915507319,-1.5849285411594272,-0.8168127643586922,-1.1904430792309744,0.0,-2.258273768470193,-1.6759004475416583
21,146,-1.995776685303511,-1.0,-2.258273768470193,-0.7194425941768302,-1.6759004475416583,-0.9097190638223115,-1.0106972305127473,0.0,-2.330218027887876,-1.7740682252247857
21,147,-2.089604627000513,-1.0,-2.330218027887876,-0.7341710811437447,-1.7740682252247857,-0.9816777768312722,-0.9048167544664059,-0.5845851863206495,-2.4036351360022503,-1.9366013201987817
21,148,-1.946050994667001,-1.0,-2.4036351360022503,-0.6446210230811229,-1.9366013201987817,-1.6253309497399615,0.04647797448535562,0.0,-2.4680972383103628,-2.0934685763887564
21,149,-2.286324939914917,-1.0,-2.4680972383103628,-0.6223316145077276,-2.0934685763887564,-1.5686725618997472,0.18546362152271934,0.0,-2.5303303997611355,-2.243461444165425
21,150,-2.4070889679029683,-1.0,-2.5303303997611355,-0.6551417559290796,-2.243461444165425,-1.4999286777666834,0.23511747523053916,0.0,-2.5958445753540436,-2.3863033654209342
21,151,-2.8067533785427448,-1.0,-2.5958445753540436,-0.7740850736784721,-2.3863033654209342,-1.4284192125550956,0.15619386881368558,0.0,-2.6732530827218906,-2.5230124065081307
21,152,-2.624364061678231,-1.0,-2.6732530827218906,-0.7393730358743492,-2.5230124065081307,-1.367090410871964,0.2443739811152849,0.0,-2.7471903863093257,-2.652903018469384
21,153,-2.2081698465119426,-1.0,-2.7471903863093257,-0.7166904775225091,-2.652903018469384,-1.2989061196125327,0.30430705534896835,0.0,-2.8188594340615767,-2.7755940602943876
21,154,-3.3341959643363404,-1.0,-2.8188594340615767,-0.7390700234427023,-2.7755940602943876,-1.2269104182500348,0.29546351874149923,0.0,-2.892766436405847,-2.891404353593576
21,155,-3.090499196582133,-1.0,-2.892766436405847,-0.7122578839837118,-2.891404353593576,-1.1581029329918837,0.3338497397188923,0.0,-2.963992224804218,-3.000170220110001
21,156,-2.8668982999505723,-1.0,-2.963992224804218,-0.6889940786745945,-3.000170220110001,-1.0876586651642541,0.3580632025750413,0.0,-3.0328916326716775,-3.1018749468721505
21,157,-2.5328444338748186,-1.0,-3.0328916326716775,-0.7463880555477488,-3.1018749468721505,-1.0170472676214939,0.27372951367197346,0.0,-3.1075304382264526,-3.1975878272411915
21,158,-3.4207956241968454,-1.0,-3.1075304382264526,-0.727769385497083,-3.1975878272411915,-0.9571288036904088,0.2727962224632986,0.0,-3.180307376776161,-3.2875099332137903
21,159,-3.298716426317977,-1.0,-3.180307376776161,-0.7295085127307588,-3.2875099332137903,-0.8992210597259858,0.2415638288994118,0.0,-3.253258228049237,-3.3721388935062717
21,160,-3.1897462075014738,-1.0,-3.253258228049237,-0.733114355135679,-3.3721388935062717,-0.846289602924813,0.2031370855740045,0.0,-3.326569663562805,-3.4520283562136536
21,161,-2.3768429233538497,-1.0,-3.326569663562805,-0.7811621216772561,-3.4520283562136536,-0.7988946270738185,0.10620271956016825,0.0,-3.4046858757305305,-3.5282993289187976
21,162,-3.6455285553625223,-1.0,-3.4046858757305305,-0.8241661954422413,-3.5282993289187976,-0.7627097270514395,0.011684850431137428,0.0,-3.4871024952747547,-3.6020127819930656
21,163,-3.5142314179904908,-1.0,-3.4871024952747547,-0.81476744325978,-3.6020127819930656,-0.7371345307426797,-0.019662504717139567,0.0,-3.5685792396007328,-3.6735640296161285
21,164,-3.3249115028979213,-1.0,-3.5685792396007328,-0.7168750532796007,-3.6735640296161285,-0.7155124762306279,0.0601692707703343,0.0,-3.640266744928693,-3.74222394460755
21,165,-3.830576054467517,-1.0,-3.640266744928693,-0.584332682954847,-3.74222394460755,-0.6865991499142143,0.1878990633665743,0.0,-3.698700013224178,-3.80680775168558
21,166,-3.5613316308650993,-1.0,-3.698700013224178,-0.6759830914632741,-3.80680775168558,-0.6458380707803021,0.043290172515767666,0.0,-3.7662983223705053,-3.8688919752119557
21,167,-3.6201735029826114,-1.0,-3.7662983223705053,-0.7894767795074671,-3.8688919752119557,-0.6208422352637557,-0.1333212179080948,0.0,-3.845246000321252,-3.9303227157645684
21,168,-3.930540707847724,1.0,-3.845246000321252,0.8182733040738264,-3.9303227157645684,-0.614307405526125,1.8129822299037421,0.0,-3.7634186699138694,-3.97165785032046
21,169,-3.634680265683638,-1.0,-3.7634186699138694,-0.879199985669986,-3.97165785032046,-0.41335134555891473,-0.2665505857133803,0.0,-3.851338668480868,-4.014335766427696
21,170,-3.310687183734656,-1.0,-3.851338668480868,-0.891566865094665,-4.014335766427696,-0.42677916107236746,-0.3514223280642934,0.0,-3.9404953549903348,-4.059162212500144
21,171,-3.8783465897832765,-1.0,-3.9404953549903348,-0.8439924885524792,-4.059162212500144,-0.44826446072448106,-0.3521193532084598,0.0,-4.024894603845583,-4.106075405830358
21,172,-4.127815730789712,-1.0,-4.024894603845583,-0.9007212767698627,-4.106075405830358,-0.46913193330214364,-0.46961776317169573,0.0,-4.1149667315225695,-4.156183554605723
21,173,-4.313678148410821,-1.0,-4.1149667315225695,-0.8358586090655958,-4.156183554605723,-0.5010814877536446,-0.42989869735085084,0.0,-4.198552592429129,-4.208987229593784
21,174,-4.103434724715967,-1.0,-4.198552592429129,-0.7764863845927658,-4.208987229593784,-0.528036749880613,-0.38521801884281126,0.0,-4.276201230888406,-4.263953367170655
21,175,-3.938620484661065,-1.0,-4.276201230888406,-0.6834334699820068,-4.263953367170655,-0.5496613757687145,-0.2895544387484671,0.0,-4.344544577886606,-4.320056132732551
21,176,-4.27387617494828,-1.0,-4.344544577886606,-0.5954191437363313,-4.320056132732551,-0.5610276556189624,-0.19156722764945996,0.0,-4.404086492260239,-4.376279282072962
21,177,-4.284057095688559,-1.0,-4.404086492260239,-0.5890550453724169,-4.376279282072962,-0.5622314934041016,-0.1885832518070913,0.0,-4.462991996797481,-4.43258912315255
21,178,-3.6413401938333636,-1.0,-4.462991996797481,-0.49638238427257364,-4.43258912315255,-0.5630984107958795,-0.07802422948407746,0.0,-4.512630235224738,-4.487877291612431
21,179,-4.714074552611493,-1.0,-4.512630235224738,-0.6216681980298571,-4.487877291612431,-0.5528816845988191,-0.23302740142088135,0.0,-4.574797055027724,-4.543726512695805
22,0,-0.5210675776043827,1.0,0.0,0.7798812166931841,-0.7,0.0,2.2581533026160825,0.0,0.07798812166931841,-0.6774184669738391
22,1,-0.1401841343129573,1.0,0.07798812166931841,0.748164018959688,-0.6774184669738391,0.22581533026160827,2.0843786556303674,0.0,0.15280452356528723,-0.6347157564482118
22,2,-0.4354559210879145,1.0,0.15280452356528723,0.7199073778106029,-0.6347157564482118,0.4270271052562735,1.8976196691019807,0.0,0.22479526134634753,-0.5744033359683847
22,3,0.12771684250792043,1.0,0.22479526134634753,0.681041865417674,-0.5744033359683847,0.6031242047982708,1.6863236937848978,0.0,0.29289944788811495,-0.4991576760060631
22,4,0.08633560762260714,1.0,0.29289944788811495,0.6157548437419701,-0.4991576760060631,0.7524565996232159,1.4356834816211859,0.0,0.35447493226231197,-0.4119630423463239
22,5,0.3930150651582674,1.0,0.35447493226231197,0.7357710091275484,-0.4119630423463239,0.8719463365973916,1.4110437958712374,0.0,0.4280520331750668,-0.313448199004984
22,6,-0.11447992824084507,1.0,0.4280520331750668,0.7352715309871022,-0.313448199004984,0.9851484334133989,1.2454299152180965,0.0,0.5015791862737771,-0.20563153149838603
22,7,0.34381932181526687,1.0,0.5015791862737771,0.763912120414091,-0.20563153149838603,1.0781666750659797,1.1196962877706254,0.0,0.5779703983151862,-0.09006803447429293
22,8,0.49808485737417624,1.0,0.5779703983151862,0.9039222779201362,-0.09006803447429293,1.155634970240931,1.138798395138927,0.0,0.6683626261071998,0.03318541459641847
22,9,-0.021236581751596262,1.0,0.6683626261071998,0.8469619927815306,0.03318541459641847,1.2325344907071139,0.9269146871376662,-0.37919414191645484,0.7530588253853528,0.12384448597659826
22,10,1.2310739851642856,1.0,0.7530588253853528,0.8794989954840815,0.12384448597659826,0.9065907138017979,1.298307537837149,0.0,0.841008724933761,0.2245855424509838
22,11,0.9752204575538399,1.0,0.841008724933761,0.769528070498283,0.2245855424509838,1.0074105647438554,1.0329689616774693,0.0,0.9179615319835893,0.3324325747349637
22,12,0.6815546936411998,1.0,0.9179615319835893,0.7404127568055947,0.3324325747349637,1.078470322839799,0.8652444865830782,0.0,0.9920028076641488,0.445480946851687
22,13,1.541150280064526,1.0,0.9920028076641488,0.8107304066281004,0.445480946851687,1.1304837211672332,0.8253095874631639,0.0,1.073075848326959,0.5631648669353068
22,14,1.4636500800252452,1.0,1.073075848326959,0.7952157016612498,0.5631648669353068,1.176839200836198,0.6897455462481918,0.0,1.1525974184930838,0.6839803570387326
22,15,0.4080504340987726,1.0,1.1525974184930838,0.7030795523125556,0.6839803570387326,1.208154901034259,0.466682164710584,0.0,1.2229053737243394,0.8055965731059547
22,16,1.1229678130624312,1.0,1.2229053737243394,0.6295875281346648,0.8055965731059547,1.216162160672221,0.2725916096844907,0.0,1.285864126537806,0.9260469863558706
22,17,1.0889704205838475,1.0,1.285864126537806,0.7058589479738409,0.9260469863558706,1.204504132499159,0.27266817096015683,0.0,1.35645002133519,1.0453696680913906
22,18,1.3575433124350746,1.0,1.35645002133519,0.6731437622959866,1.0453696680913906,1.1932268173552016,0.15394304171361062,0.0,1.4237643975647887,1.1624134544285103
22,19,1.1293189184091847,1.0,1.4237643975647887,0.7607654893995237,1.1624134544285103,1.1704378633711963,0.19408486767077077,0.0,1.499840946504741,1.2776526882795498
22,20,1.4099681634985428,1.0,1.499840946504741,0.7957867802167272,1.2776526882795498,1.1523923385103951,0.1838329958483471,0.0,1.5794196245264138,1.3910425966058395
22,21,1.5896528600831492,1.0,1.5794196245264138,0.7799885613046842,1.3910425966058395,1.1338990832628972,0.12118933743830518,0.0,1.6574184806568821,1.502015921240071
22,22,0.9029164539030051,1.0,1.6574184806568821,0.7860695162557574,1.502015921240071,1.109733246342315,0.0930706788375304,0.0,1.736025432282458,1.6103688062743824
22,23,1.7590706842701478,1.0,1.736025432282458,0.846758481046797,1.6103688062743824,1.083528850343114,0.14050618934746434,0.0,1.8207012803871376,1.7166594608810706
22,24,2.224873975612606,1.0,1.8207012803871376,0.8409371178652836,1.7166594608810706,1.0629065460668807,0.11498283327962455,0.0,1.904794992173666,1.8206986428731409
22,25,1.929123675804352,1.0,1.904794992173666,0.7691553523428402,1.8206986428731409,1.040391819920703,0.01307369543264103,0.0,1.98171052740795,1.9215393079957914
22,26,2.3111589255591416,1.0,1.98171052740795,0.805706090279601,1.9215393079957914,1.0084066512265046,0.0475367936199709,0.0,2.06228113643591,2.0196284397707167
22,27,2.522076161015372,1.0,2.06228113643591,0.7847661575597139,2.0196284397707167,0.9808913177492535,0.0181578097801382,0.0,2.1407577521918815,2.114760297426646
22,28,2.216642382507769,1.0,2.1407577521918815,0.7781036809937871,2.114760297426646,0.9513185765592912,0.010168831955757407,0.0,2.2185681202912604,2.206949623957143
22,29,2.326046483823694,1.0,2.2185681202912604,0.8283979665184336,2.206949623957143,0.9218932653049696,0.07657777829816453,0.0,2.301407916943104,2.2969546698216456
22,30,2.413990330440532,1.0,2.301407916943104,0.847936991888229,2.2969546698216456,0.9000504586450271,0.11038771057938182,0.0,2.3862016161319266,2.385183431324278
22,31,2.253238732255608,1.0,2.3862016161319266,0.9093289452897502,2.385183431324278,0.8822876150263244,0.19850289354935038,0.0,2.4771345106609015,2.4725739013943198
22,32,3.147615992112585,1.0,2.4771345106609015,0.8709547122057616,2.4725739013943198,0.873904700700417,0.1664662609818537,0.0,2.5642299818814775,2.558832539031939
22,33,2.6918310150086904,1.0,2.5642299818814775,0.8248252857939942,2.558832539031939,0.8625863763761891,0.12292880203223105,0.0,2.646712510460877,2.6435601882854765
22,34,2.809914079127614,1.0,2.646712510460877,0.7995979705932751,2.6435601882854765,0.8472764925353741,0.10369497254504317,0.0,2.7266723075202046,2.726613502488351
22,35,3.007774716063301,1.0,2.7266723075202046,0.8305681356957663,2.726613502488351,0.8305331420287464,0.153800637763017,0.0,2.8097291210897812,2.808547117014364
22,36,3.24778736854669,1.0,2.8097291210897812,0.7719482534549119,2.808547117014364,0.8193361452601282,0.09523984803320343,0.0,2.8869239464352723,2.8888112543558764
22,37,2.4808166837247847,1.0,2.8869239464352723,0.760202553706632,2.8888112543558764,0.8026413734151244,0.09258519208869204,0.0,2.9629442018059353,2.9674327912233474
22,38,2.6565890620295747,1.0,2.9629442018059353,0.7186814082823254,2.9674327912233474,0.7862153686747096,0.05374151169801432,0.0,3.0348123426341678,3.0440758540280393
22,39,3.0759633886457833,1.0,3.0348123426341678,0.6934619959736591,3.0440758540280393,0.7664306280469204,0.034535909499540635,0.0,3.104158542231534,3.1186116979179768
22,40,3.25824575027209,1.0,3.104158542231534,0.716232912498441,3.1186116979179768,0.745358438899373,0.07518294807131344,0.0,3.175781833481378,3.191514224284149
22,41,2.8142884191157456,1.0,3.175781833481378,0.9096743722162967,3.191514224284149,0.7290252636617245,0.3288663998571886,0.0,3.2667492707030075,3.2653725338051762
22,42,2.8567787605095205,1.0,3.2667492707030075,0.8580694886637448,3.2653725338051762,0.7385830952102682,0.28675053178993126,0.0,3.352556219569382,3.3397348827394295
22,43,3.579833034921172,1.0,3.352556219569382,0.8646298870945563,3.3397348827394295,0.7436234893425328,0.31073271988753004,0.0,3.439019208278838,3.414824963706662
22,44,3.6516917614687663,1.0,3.439019208278838,0.8582438862125716,3.414824963706662,0.7509008096723248,0.3162447017751102,0.0,3.524843596900095,3.490674609100694
22,45,3.436194451517379,1.0,3.524843596900095,0.8353256662976183,3.490674609100694,0.7584964539403214,0.2984185486691122,0.0,3.6083761635298566,3.5670812513288084
22,46,3.518054120359417,1.0,3.6083761635298566,0.8328516757204673,3.5670812513288084,0.7640664222811423,0.3026976636915164,0.0,3.691661331101903,3.6440698576425383
22,47,3.4970919975824044,1.0,3.691661331101903,0.9622343912864917,3.6440698576425383,0.7698860631372973,0.46802333284447983,0.0,3.7878847702305523,3.7232750618826733
22,48,3.431050103977665,1.0,3.7878847702305523,0.9044321190068682,3.7232750618826733,0.7920520424013519,0.40484698289563875,0.0,3.878327982131239,3.8039941694160806
22,49,3.6087759492801257,1.0,3.878327982131239,0.9895337287629576,3.8039941694160806,0.8071910753340724,0.5120410794445202,0.0,3.977281355007535,3.887250676302864
22,50,4.017410247628143,1.0,3.977281355007535,0.9859199949484372,3.887250676302864,0.8325650688678341,0.5099746270537365,0.0,4.075873354502379,3.9729427212398076
22,51,4.009660881055114,1.0,4.075873354502379,0.8802620882163619,3.9729427212398076,0.8569204493694371,0.3777788786450559,0.0,4.163899563324016,4.05967040952522
22,52,4.439587108630753,1.0,4.163899563324016,0.8191777437742519,4.05967040952522,0.8672768828541207,0.2938677210921468,0.0,4.245817337701441,4.14656148899642
22,53,3.8388995902108234,1.0,4.245817337701441,0.7879826328924848,4.14656148899642,0.8689107947120036,0.24442553727890193,0.0,4.324615600990689,4.233116309297332
22,54,3.803733707231745,1.0,4.324615600990689,0.7230851680824224,4.233116309297332,0.8655482030091097,0.15345825905493693,0.0,4.396924117798931,4.318435957939163
22,55,4.5505669708866945,1.0,4.396924117798931,0.827956507314471,4.318435957939163,0.8531964864183119,0.27187307153471585,0.0,4.479719768530378,4.403744108539803
22,56,4.182266776592355,1.0,4.479719768530378,0.8535760824377574,4.403744108539803,0.8530815060063975,0.29898585148647744,0.0,4.565077376774154,4.489312256836087
22,57,4.453174754876233,1.0,4.565077376774154,0.879913576740085,4.489312256836087,0.8556814829628405,0.32839318204844625,0.0,4.653068734448162,4.575426156207374
22,58,4.64246975637798,1.0,4.653068734448162,0.7934182950909732,4.575426156207374,0.8611389937128743,0.21931442078429103,0.0,4.732410563957259,4.660977555006624
22,59,4.336949252388115,1.0,4.732410563957259,0.8323435736217052,4.660977555006624,0.8555139879924915,0.26180569258936504,0.0,4.8156449213194295,4.746409365970191
22,60,4.337012465910793,1.0,4.8156449213194295,0.7924329407374033,4.746409365970191,0.8543181096356682,0.20970644408933292,0.0,4.89488821539317,4.8312044234238165
22,61,4.952291116230345,1.0,4.89488821539317,0.9646453364472918,4.8312044234238165,0.8479505745362601,0.4188039023926364,0.0,4.991352749037899,4.9174740780628525
22,62,4.158175185037518,1.0,4.991352749037899,0.9179054108872496,4.9174740780628525,0.8626965463903634,0.364457350039709,0.0,5.083143290126625,5.004627677253837
22,63,5.243536655667929,1.0,5.083143290126625,0.9095909929665742,5.004627677253837,0.8715359919098427,0.353485968623042,0.0,5.1741023894232825,5.09252722095694
22,64,4.618820286413497,1.0,5.1741023894232825,0.9125245180483406,5.09252722095694,0.8789954370310319,0.3549366325698506,0.0,5.265354841228117,5.181163345587243
22,65,5.4789820582737985,1.0,5.265354841228117,0.8544396137093198,5.181163345587243,0.8863612463030239,0.2803078812484512,0.0,5.350798802599049,5.2697661930418604
22,66,5.416509345497652,1.0,5.350798802599049,0.8182859490729153,5.2697661930418604,0.8860284745461723,0.23016357651236724,0.0,5.43262739750634,5.357835385143054
22,67,5.4756376610702056,1.0,5.43262739750634,0.7920649620950085,5.357835385143054,0.8806919210119315,0.191838933996887,0.0,5.511833893715841,5.445004752436978
22,68,5.6313982128727655,1.0,5.511833893715841,0.8574562092765213,5.445004752436978,0.8716936729392384,0.2673139732362019,0.0,5.597579514643494,5.532057839709858
22,69,5.612693073706395,1.0,5.597579514643494,0.7976194537939606,5.532057839709858,0.8705308727288029,0.19221770769752333,0.0,5.677341460022889,5.618247405266981
22,70,5.241951869777897,1.0,5.677341460022889,0.7930034887983832,5.618247405266981,0.8618956555712336,0.183692871614639,0.0,5.756641808902728,5.703515833442423
22,71,5.976513339774903,1.0,5.756641808902728,0.822746669503293,5.703515833442423,0.852684281754418,0.21905669559599283,0.0,5.838916475853058,5.788246238872211
22,72,5.851598674535067,1.0,5.838916475853058,0.7942386411297117,5.788246238872211,0.8473040542978759,0.18495540319698983,0.0,5.918340339966028,5.872114825360216
22,73,6.031326479921807,1.0,5.918340339966028,0.7090215821614662,5.872114825360216,0.8386858648800428,0.0805386978661187,0.0,5.989242498182175,5.954105004059265
22,74,5.925252898130917,1.0,5.989242498182175,0.6593838385692208,5.954105004059265,0.8199017869904933,0.018446528420352576,0.0,6.055180882039097,6.033655962324149
22,75,5.953227950790758,1.0,6.055180882039097,0.676106919660144,6.033655962324149,0.7955095826488328,0.039528085471657454,0.0,6.122791574005111,6.111056570779272
22,76,6.37305099489666,1.0,6.122791574005111,0.6508677420002368,6.111056570779272,0.7740060845512359,0.012825028559297597,0.0,6.187878348205135,6.186108610049425
22,77,6.443679011004366,1.0,6.187878348205135,0.7631203678266105,6.186108610049425,0.750520392701526,0.15768125751732565,0.0,6.2641903849877965,6.260335796638106
22,78,6.309811919871041,1.0,6.2641903849877965,0.779827462920135,6.260335796638106,0.7422718658868098,0.1908324459721436,0.0,6.34217313127981,6.334096037715671
22,79,5.9601688416606615,1.0,6.34217313127981,0.789004824124346,6.334096037715671,0.7376024107756463,0.21488104957279514,0.0,6.421073613692244,6.407644761574482
22,80,6.119684621488417,1.0,6.421073613692244,0.7291915458669086,6.407644761574482,0.735487238588105,0.15313333504598192,0.0,6.493992768278935,6.48037125962027
22,81,6.17130597656531,1.0,6.493992768278935,0.7896626686661219,6.48037125962027,0.7272649804578839,0.23680495734041207,0.0,6.572959035145547,6.553138559301997
22,82,6.8851536593644305,1.0,6.572959035145547,0.7736129058383441,6.553138559301997,0.7276729968172728,0.22802317236278474,0.0,6.650320325729381,6.625857537117537
22,83,6.782510579486579,1.0,6.650320325729381,0.7218982582098236,6.625857537117537,0.7271897781553985,0.17325124075787462,0.0,6.722510151550363,6.697982020050558
22,84,6.726612144373418,1.0,6.722510151550363,0.7057426070390919,6.697982020050558,0.7212448293302133,0.15966209217119295,0.0,6.793084412254272,6.769395140451435
22,85,6.735282718307147,1.0,6.793084412254272,0.8979488519848599,6.769395140451435,0.7141312040087657,0.40295422082734755,0.0,6.882879297452758,6.842552583207757
22,86,6.650758597482258,1.0,6.882879297452758,0.8345316844021271,6.842552583207757,0.73157442756322,0.33709790264849776,0.0,6.966332465892971,6.9167399668223615
22,87,7.198152966828037,1.0,6.966332465892971,0.7713363964859457,6.9167399668223615,0.7418738361460467,0.2653790449874209,0.0,7.043466105541565,6.991207144611173
22,88,6.72381668108867,1.0,7.043466105541565,0.8620357200426391,6.991207144611173,0.7446717778881153,0.3793878251913636,0.0,7.129669677545829,7.0670852509626565
22,89,6.868317675005396,1.0,7.129669677545829,0.8994087579858064,7.0670852509626565,0.758781063514832,0.4298308886007667,0.0,7.21961055334441,7.1448335667969
22,90,7.464007821895838,1.0,7.21961055334441,0.8572247722297248,7.1448335667969,0.777483158342434,0.3806527025570474,0.0,7.3053330305673825,7.223900463550018
22,91,7.4874682746684,1.0,7.3053330305673825,0.9390442294907545,7.223900463550018,0.7906689675311809,0.48016745649546483,0.0,7.399237453516458,7.305238894171992
22,92,7.374786391627304,1.0,7.399237453516458,0.8062181196215115,7.305238894171992,0.8133843062197296,0.3155231909891133,0.0,7.479859265478609,7.387129726923953
22,93,7.099631600189832,1.0,7.479859265478609,0.7770169174299101,7.387129726923953,0.8189083275196095,0.2713117954564633,0.0,7.5575609572216,7.469113170982416
22,94,7.178656605838032,1.0,7.5575609572216,0.6777067234195695,7.469113170982416,0.8198344405846283,0.13977004535179918,0.0,7.625331629563557,7.549870845284526
22,95,7.876637301856104,1.0,7.625331629563557,0.8087347544619783,7.549870845284526,0.8075767430211,0.2904342925045943,0.0,7.706205105009754,7.630948616934015
22,96,7.8181201548007095,1.0,7.706205105009754,0.8137918191710135,7.630948616934015,0.8107777164948843,0.2929407972966904,0.0,7.7875842869268554,7.712361307863687
22,97,8.231845847005804,1.0,7.7875842869268554,0.9889508804104886,7.712361307863687,0.814126909296717,0.5056835938122621,0.0,7.886479374967904,7.796225628621732
22,98,7.749061273561103,1.0,7.886479374967904,0.9715659066318201,7.796225628621732,0.8386432075804483,0.4862779574712462,0.0,7.983635965631087,7.882269070690232
22,99,7.96314158861513,1.0,7.983635965631087,0.9600486035933624,7.882269070690232,0.8604344206849985,0.46973263935913345,0.0,8.079640825990422,7.970256449006132
22,100,7.803207053056879,1.0,8.079640825990422,0.8434499829963106,7.970256449006132,0.8798737831589919,0.3201543541044395,0.0,8.163985824290053,8.058629774756966
22,101,8.66091606495162,1.0,8.163985824290053,0.755807430623943,8.058629774756966,0.8837332575083481,0.20041094807301574,0.0,8.239566567352448,8.146179263564504
22,102,7.742567198870541,1.0,8.239566567352448,0.7391340715837792,8.146179263564504,0.8754948880753826,0.166327457934511,0.0,8.313479974510825,8.232590443309546
22,103,8.502896345344176,1.0,8.313479974510825,0.8204371304458907,8.232590443309546,0.8641117974504214,0.25556810150009973,0.0,8.395523687555414,8.318792146317747
22,104,8.882072781633418,1.0,8.395523687555414,0.7476853116123406,8.318792146317747,0.8620170300820179,0.1602268295448067,0.0,8.470292218716649,8.403837663125135
22,105,8.191380570320748,1.0,8.470292218716649,0.6048339020422893,8.403837663125135,0.850455168073874,-0.023067129611037934,0.0,8.530775608920878,8.485931052098575
22,106,8.107372200104514,1.0,8.530775608920878,0.7191893144426631,8.485931052098575,0.8209338897344063,0.10918064923682252,0.0,8.602694540365144,8.566489259117233
22,107,8.307090956672502,1.0,8.602694540365144,0.8054086435265536,8.566489259117233,0.8055820701865876,0.21579827136801363,0.0,8.6832354047178,8.646627586224975
22,108,8.264014114477986,1.0,8.6832354047178,0.743919268092801,8.646627586224975,0.8013832710774181,0.14501232567504785,-0.33426377458418755,8.75762733152708,8.692225232663601
22,109,8.866574020075065,1.0,8.75762733152708,0.790791336214566,8.692225232663601,0.45597646438625794,0.6188458955168568,0.0,8.836706465148538,8.74255221337136
22,110,8.814003853729544,1.0,8.836706465148538,0.8700862198297762,8.74255221337136,0.5032698070775834,0.7203085498460915,0.0,8.923715087131516,8.798471816194931
22,111,8.657518614367651,1.0,8.923715087131516,0.9303546058117468,8.798471816194931,0.5591960282357099,0.7935321597626945,0.0,9.016750547712691,8.860537313325775
22,112,8.937460439894725,1.0,9.016750547712691,0.7890067603594444,8.860537313325775,0.6206549713084366,0.6117301127858507,0.0,9.095651223748636,8.92673401567629
22,113,9.551377349168675,1.0,9.095651223748636,0.7969080222297028,8.92673401567629,0.6619670235051517,0.6016128677071126,0.0,9.175342025971606,8.99682855222866
22,114,9.105225394565256,1.0,9.175342025971606,0.7460014422197031,8.99682855222866,0.7009453655236981,0.5155690737658991,0.0,9.249942170193576,9.069835754349013
22,115,9.136326245937703,1.0,9.249942170193576,0.82604126135512,9.069835754349013,0.7300720212035297,0.5867822048223091,0.0,9.332546296329088,9.146374548049737
22,116,9.917447290183997,1.0,9.332546296329088,0.8248012286999503,9.146374548049737,0.7653879370072476,0.5593899179036291,0.0,9.415026419199084,9.226057999531076
22,117,9.153867789193521,1.0,9.415026419199084,0.735952269922182,9.226057999531076,0.7968345148133786,0.42181638918566144,0.0,9.488621646191302,9.307409744456868
22,118,9.35356602467379,1.0,9.488621646191302,0.7602516037763453,9.307409744456868,0.8135174492579167,0.4199594271516764,0.0,9.564646806568936,9.390357827816551
22,119,10.007696139926619,1.0,9.564646806568936,0.8105895735249303,9.390357827816551,0.829480833596831,0.4525578587185279,0.0,9.645705763921429,9.47517715109591
22,120,9.659470838176928,1.0,9.645705763921429,0.7019097074524175,9.47517715109591,0.8481932327935852,0.29173352799768343,0.0,9.715896734666671,9.560199591310305
22,121,9.147704798713109,1.0,9.715896734666671,0.6366316507653216,9.560199591310305,0.8502244021439588,0.18154418165329367,0.0,9.779559899743203,9.644316755254373
22,122,9.52091536118058,1.0,9.779559899743203,0.6349717568399156,9.644316755254373,0.8411716394406814,0.15115971558891733,0.0,9.843057075427195,9.72725376710812
22,123,9.16938192315141,1.0,9.843057075427195,0.6587776663538694,9.72725376710812,0.8293701185374713,0.15698791387297173,0.0,9.908934842062582,9.809106673721278
22,124,9.713336154436,1.0,9.908934842062582,0.6579588762709123,9.809106673721278,0.8185290661315694,0.13780580418784172,0.0,9.974730729689673,9.889718345364692
22,125,10.067415229393296,1.0,9.974730729689673,0.5717397570203377,9.889718345364692,0.8061167164341434,0.01694895866548185,0.0,10.031904705391707,9.967919933102172
22,126,9.535791310478908,1.0,10.031904705391707,0.5274045074192897,9.967919933102172,0.7820158773747989,-0.05140027584507606,0.0,10.084645156133636,10.0431050672736
22,127,10.538431304271311,1.0,10.084645156133636,0.5987209551740111,10.0431050672736,0.7518513417142978,0.026825635230955297,0.0,10.144517251651036,10.116152533503854
22,128,10.516826859746743,1.0,10.144517251651036,0.6805405930794282,10.116152533503854,0.7304746623025358,0.12594396560772003,0.0,10.21257131095898,10.188121920470817
22,129,10.446891945572808,1.0,10.21257131095898,0.6514558336357059,10.188121920470817,0.7196938696696267,0.09410076379009005,0.0,10.27771689432255,10.258729294692737
22,130,10.052737181780039,1.0,10.27771689432255,0.7019899711907914,10.258729294692737,0.7060737422192076,0.16070724440561293,0.0,10.347915891441628,10.328684305383613
22,131,10.350674678928915,1.0,10.347915891441628,0.8546479285696931,10.328684305383613,0.6995501069087543,0.35654101373670855,0.0,10.433380684298598,10.399966165869747
22,132,10.593262336796917,1.0,10.433380684298598,0.8231213857488402,10.399966165869747,0.712818604861345,0.3299122353887805,0.0,10.515692822873483,10.472266129174214
22,133,10.79674121835817,1.0,10.515692822873483,0.7849590243762266,10.472266129174214,0.72299963304466,0.2906141637513958,0.0,10.594188725311106,10.54515863529045
22,134,10.971300112517827,1.0,10.594188725311106,0.7397952725402187,10.54515863529045,0.7289250611623704,0.2389815139048937,0.0,10.668168252565128,10.618108396350017
22,135,10.014551970953224,1.0,10.668168252565128,0.7872493654015682,10.618108396350017,0.729497610595664,0.2988912091434438,0.0,10.746893189105284,10.691712677147112
22,136,10.527459393381482,1.0,10.746893189105284,0.8053413040780193,10.691712677147112,0.7360428079709471,0.3238355092894774,0.0,10.827427319513086,10.766199976051595
22,137,10.473322913306987,1.0,10.827427319513086,0.8201769061663154,10.766199976051595,0.7448729890448246,0.34407242602209104,0.0,10.909445010129717,10.841744405651355
22,138,10.801195491692738,1.0,10.909445010129717,0.7886925767084152,10.841744405651355,0.7554442959975993,0.3060649397223857,0.0,10.98831426780056,10.917932062901146
22,139,11.044397962529807,1.0,10.98831426780056,0.8196037437541391,10.917932062901146,0.7618765724979147,0.3424473014774676,0.0,11.070274642175974,10.995106188133718
22,140,11.75209398156781,1.0,11.070274642175974,0.8423281453896303,10.995106188133718,0.7717412523257282,0.3690085845923514,0.0,11.154507456714937,11.073500827204771
22,141,11.119058194624577,1.0,11.154507456714937,0.8211056754515808,11.073500827204771,0.7839463907105401,0.3407840635304401,0.0,11.236618024260094,11.152794678460856
22,142,11.501745127159744,1.0,11.236618024260094,0.8943070201225466,11.152794678460856,0.7929385125608468,0.4269569213910477,0.0,11.326048726272349,11.233820695690657
22,143,11.352546875251353,1.0,11.326048726272349,0.7632047861764663,11.233820695690657,0.8102601722980045,0.26240658659116045,0.0,11.402369204889995,11.314877946235015
22,144,11.384969291264538,1.0,11.402369204889995,0.822962874702189,11.314877946235015,0.8105725054435844,0.32711684805315416,0.0,11.484665492360215,11.396612533242486
22,145,12.001966198994568,1.0,11.484665492360215,0.8093195058091182,11.396612533242486,0.8173458700747052,0.3041944004636177,0.0,11.565597442941126,11.478773557470353
22,146,11.22496182754275,1.0,11.565597442941126,0.8653483531732816,11.478773557470353,0.8216102422786764,0.36663864989732337,0.0,11.652132278258454,11.561971815421902
22,147,11.848117425925404,1.0,11.652132278258454,0.9779607739010481,11.561971815421902,0.8319825795154911,0.5009967035241518,0.0,11.74992835564856,11.647517696154244
22,148,12.365907071176785,1.0,11.74992835564856,0.9335953415082678,11.647517696154244,0.8554588073234106,0.44421821913761306,0.0,11.843287889799386,11.734768290894527
22,149,12.865612118744432,1.0,11.843287889799386,0.8855685754097056,11.734768290894527,0.8725059474028228,0.37830720383201166,0.0,11.931844747340357,11.823009938641441
22,150,11.771186940971779,1.0,11.931844747340357,0.8627551362996665,11.823009938641441,0.8824164774691337,0.34030968808049356,0.0,12.018120260970324,11.911830950541258
22,151,11.732374900661538,1.0,12.018120260970324,0.9420539135752668,11.911830950541258,0.8882101189981707,0.4274511826111468,0.0,12.11232565232785,12.002084201886392
22,152,11.727941695719204,1.0,12.11232565232785,1.0101279050962533,12.002084201886392,0.9025325134513439,0.5037955069866591,0.0,12.213338442837475,12.09448730425835
22,153,12.083601832458553,1.0,12.213338442837475,0.9659715743366429,12.09448730425835,0.9240310237195668,0.44261692577159095,0.0,12.309935600271139,12.18835967661212
22,154,12.303097714675218,1.0,12.309935600271139,0.9670230077362993,12.18835967661212,0.9387237235376997,0.4335289636089321,0.0,12.40663790104477,12.283563422686658
22,155,12.404082764395561,1.0,12.40663790104477,1.0463273588423991,12.283563422686658,0.9520374607453865,0.520262739350212,0.0,12.511270636929009,12.380923276280313
22,156,12.843373890986818,1.0,12.511270636929009,1.0180889357641245,12.380923276280313,0.9735985359365553,0.4762039901353981,0.0,12.613079530505422,12.479929654460326
22,157,12.51114787009662,1.0,12.613079530505422,0.8593067285099766,12.479929654460326,0.9900637818001253,0.2680041095031158,0.0,12.69901020335642,12.57844786963361
22,158,12.787231984378627,1.0,12.69901020335642,0.7916423355738081,12.57844786963361,0.9851821517328329,0.16627734250137394,0.0,12.7781744369138,12.675476275346362
22,159,12.272445445570844,1.0,12.7781744369138,0.7657134995096293,12.675476275346362,0.9702840571275196,0.11684951081025632,0.0,12.854745786864763,12.770568267184409
22,160,12.646813307697467,1.0,12.854745786864763,0.8069410189248403,12.770568267184409,0.9509199183804646,0.15383465548134362,0.0,12.935439888757246,12.864155661838451
22,161,12.880014703784942,1.0,12.935439888757246,0.7717079140908606,12.864155661838451,0.9358739465404241,0.10226744983453936,0.0,13.012610680166333,12.95577093436191
22,162,12.291234967004975,1.0,13.012610680166333,0.8794817488085329,12.95577093436191,0.9161527252345845,0.22935312802040733,0.0,13.100558855047186,13.046748049444822
22,163,13.126861370625695,1.0,13.100558855047186,0.8302542590413864,13.046748049444822,0.9097711508291185,0.16965429190990944,0.0,13.183584280951324,13.13651043976418
22,164,13.439241552376032,1.0,13.183584280951324,0.9343101732008303,13.13651043976418,0.8976239031935777,0.298454571745987,0.0,13.277015298271408,13.226384979310778
22,165,13.290615170203637,1.0,13.277015298271408,0.8577407181039545,13.226384979310778,0.8987453954659819,0.20929321169626758,0.0,13.362789370081803,13.315476465708848
22,166,13.418279060461321,1.0,13.362789370081803,0.9393097675181026,13.315476465708848,0.8909148639806972,0.31211582879509164,0.0,13.456720346833613,13.40483818283013
22,167,13.445619914667711,1.0,13.456720346833613,0.9193833371609179,13.40483818283013,0.893617171212824,0.29312239502671344,0.0,13.548658680549705,13.494271548953797
22,168,13.179528968803917,1.0,13.548658680549705,0.9893935276605514,13.494271548953797,0.894333661236685,0.38346685581468937,0.0,13.64759803331576,13.584677715919655
22,169,13.651592656039453,1.0,13.64759803331576,1.0767635735129426,13.584677715919655,0.90406166965858,0.49694084732976895,0.0,13.755274390667054,13.677160294015904
22,170,13.576422820173526,1.0,13.755274390667054,1.1256585632962062,13.677160294015904,0.9248257809624824,0.5636323344648364,0.0,13.867840246996675,13.77231975295772
22,171,13.886117598779274,1.0,13.867840246996675,1.1128008170159256,13.77231975295772,0.9515945894181665,0.5518476040976575,0.0,13.979120328698267,13.869952585254376
22,172,13.9907862793174,1.0,13.979120328698267,0.9815186129426853,13.869952585254376,0.9763283229665509,0.38899107324053717,0.0,14.077272189992536,13.968351077649944
22,173,14.103310179397685,1.0,14.077272189992536,0.8828096803287393,13.968351077649944,0.983984923955675,0.25858984288633147,0.0,14.16555315802541,14.066186716717716
22,174,13.75874277678872,1.0,14.16555315802541,0.650016069352378,14.066186716717716,0.9783563906777266,-0.04067644814219035,0.0,14.23055476496065,14.160484850853898
22,175,14.202847438229362,1.0,14.23055476496065,0.800647666844647,14.160484850853898,0.9429813413618203,0.12829880122071902,0.0,14.310619531645115,14.25304843270993
22,176,14.827018349768263,1.0,14.310619531645115,0.8951928769185198,14.25304843270993,0.925635818560314,0.24015212653613377,0.0,14.400138819336966,14.34505150121193
22,177,14.672093745569908,1.0,14.400138819336966,0.9468558450741047,14.34505150121193,0.9200306850199973,0.3052462879268373,0.0,14.494824403844376,14.437162934401135
22,178,14.414619165757843,1.0,14.494824403844376,0.8367422456898133,14.437162934401135,0.9211143318920411,0.17288034341027092,0.0,14.578498628413357,14.528055605162388
22,179,14.348083793543928,1.0,14.578498628413357,1.024045782491844,14.528055605162388,0.9089267076125228,0.40364309139856913,0.0,14.68090320666254,14.620076141373266
23,0,0.22663966814380535,-1.0,0.0,-0.9526021176673679,-0.7,0.0,0.11853638468080052,0.0,-0.0952602117667368,-0.698814636153192
23,1,-0.1927192619886233,-1.0,-0.0952602117667368,-0.9497282196656993,-0.698814636153192,0.011853638468080054,-0.0687849865636806,0.0,-0.19023303373330674,-0.6983550538151186
23,2,-0.2533108524690253,-1.0,-0.19023303373330674,-0.905254398196108,-0.6983550538151186,0.004595823380733432,-0.1827890591706114,0.0,-0.28075847355291755,-0.6997380687035698
23,3,0.0033001047950716456,-1.0,-0.28075847355291755,-0.8159041469045542,-0.6997380687035698,-0.013830148884511177,-0.218007714069681,0.0,-0.36234888824337297,-0.7032569042562873
23,4,-0.43934978958998566,-1.0,-0.36234888824337297,-0.9517241393853444,-0.7032569042562873,-0.03518835552717492,-0.5077517092134751,0.0,-0.4575213021819074,-0.7117406541634526
23,5,-0.6525173149660745,-1.0,-0.4575213021819074,-0.9287443852865385,-0.7117406541634526,-0.08483749907165283,-0.5876141406377811,0.0,-0.5503957407105613,-0.7258290654799664
23,6,-0.17831940406489416,-1.0,-0.5503957407105613,-0.838218115793556,-0.7258290654799664,-0.14088411316513805,-0.5627194033582473,0.0,-0.6342175522899169,-0.7450938416679342
23,7,-0.3254134496278293,-1.0,-0.6342175522899169,-0.7373395813052859,-0.7450938416679342,-0.19264776187967836,-0.5032130975890339,0.0,-0.7079515104204456,-0.7687742759937775
23,8,-0.5882092291020619,-1.0,-0.7079515104204456,-0.662906821529673,-0.7687742759937775,-0.23680434325843203,-0.4575232478571285,0.0,-0.7742421925734129,-0.7962721688997649
23,9,0.06750178083676384,-1.0,-0.7742421925734129,-0.8064314562404985,-0.7962721688997649,-0.2749789290598751,-0.6664595167403955,0.0,-0.8548853381974627,-0.8295547244001648
23,10,-1.1525922595393467,-1.0,-0.8548853381974627,-0.8458412145488752,-0.8295547244001648,-0.33282555500399863,-0.7420087027386636,0.0,-0.9394694596523503,-0.8691923251519384
23,11,-1.4281188105823182,-1.0,-0.9394694596523503,-0.7994525260497508,-0.8691923251519384,-0.39637600751773705,-0.7011417606035804,0.0,-1.0194147122573254,-0.9145729402856912
23,12,-1.0853004728472544,-1.0,-1.0194147122573254,-0.7400608433333781,-0.9145729402856912,-0.4538061513375275,-0.6314359607598414,0.0,-1.0934207965906633,-0.9648157353427623
23,13,-1.434875340964226,-1.0,-1.0934207965906633,-0.7428724319913305,-0.9648157353427623,-0.5024279505707108,-0.6278174687186635,0.0,-1.1677080397897963,-1.0197289356451937
23,14,-1.0578877534008306,-1.0,-1.1677080397897963,-0.7460371434991449,-1.0197289356451937,-0.5491320030243144,-0.6185286117134287,0.0,-1.2423117541397108,-1.0790701996550816
23,15,-1.4196283988379532,-1.0,-1.2423117541397108,-0.750015127801438,-1.0790701996550816,-0.5934126400988793,-0.6051822865275168,0.0,-1.3173132669198546,-1.1425643660819282
23,16,-1.4972920529157834,-1.0,-1.3173132669198546,-0.8228637402787027,-1.1425643660819282,-0.6349416642684669,-0.6728334383124714,0.0,-1.399599640947725,-1.2107550535662406
23,17,-1.3975802257013559,-1.0,-1.399599640947725,-0.81086875579671,-1.2107550535662406,-0.6819068748431231,-0.6347831814794037,-2.428786469566996,-1.480686516527396,-1.5259901178225486
23,18,-1.7329562424291887,-1.0,-1.480686516527396,-0.7570583755603674,-1.5259901178225486,-3.1523506425630794,2.458812743270212,0.0,-1.5563923540834326,-1.8065495325899525
23,19,-2.13157836816193,-1.0,-1.5563923540834326,-0.79821263558729,-1.8065495325899525,-2.8055941476740394,2.4228720303445006,0.0,-1.6362136176421616,-2.0539023257813547
23,20,-1.8542425369166327,-1.0,-1.6362136176421616,-0.7229213683230125,-2.0539023257813547,-2.47352793191402,2.477120548688308,0.0,-1.7085057544744628,-2.268568624103749
23,21,-1.4984859318758963,-1.0,-1.7085057544744628,-0.9473401516888209,-2.268568624103749,-2.1466629832239406,2.120147353863623,0.0,-1.8032397696433449,-2.45516412734119
23,22,-1.7330258179072755,-1.0,-1.8032397696433449,-0.934343973884907,-2.45516412734119,-1.865955032374412,2.011398037986286,0.0,-1.8966741670318357,-2.6156745940951702
23,23,-1.6178446897910839,-1.0,-1.8966741670318357,-0.7843367867285301,-2.6156745940951702,-1.6051046675398022,2.046854759374227,0.0,-1.9751078457046887,-2.750580178319281
23,24,-1.4717051728769763,-1.0,-1.9751078457046887,-0.7337001283683956,-2.750580178319281,-1.3490558422411059,1.9450127911551884,0.0,-2.048477858541528,-2.8617186559366683
23,25,-1.7859155159784326,1.0,-2.048477858541528,0.9823577578009326,-2.8617186559366683,-1.1113847761738715,3.2,0.0,-1.9502420827614348,-2.9373007022702993
23,26,-1.9678813452292694,1.0,-1.9502420827614348,0.947038295352143,-2.9373007022702993,-0.7558204633363077,3.2,0.0,-1.8555382532262206,-2.978464123121254
23,27,-2.0803998173768012,1.0,-1.8555382532262206,0.8294589819560962,-2.978464123121254,-0.4116342085095458,3.2,0.0,-1.7725923550306109,-2.986310314504978
23,28,-1.6341849692297923,1.0,-1.7725923550306109,0.7913864905013486,-2.986310314504978,-0.07846191383724033,3.2,0.0,-1.693453705980476,-2.961905427764423
23,29,-1.213020880119529,1.0,-1.693453705980476,0.9050348097777555,-2.961905427764423,0.24404886740555137,3.2,0.0,-1.6029502250027003,-2.9062814973995654
23,30,-1.177288550785321,1.0,-1.6029502250027003,0.7537710674418591,-2.9062814973995654,0.5562393036485738,2.758018853393894,0.0,-1.5275731182585144,-2.8248573442724445
23,31,-1.24771424115143,1.0,-1.5275731182585144,0.7061356003195891,-2.8248573442724445,0.8142415312712088,2.417099676685694,0.0,-1.4569595582265555,-2.7218677672785345
23,32,-1.6971456023018636,1.0,-1.4569595582265555,0.6190750294952695,-2.7218677672785345,1.0298957699390996,2.0232472897367644,0.0,-1.3950520552770287,-2.601941383851062
23,33,-1.220739446052214,1.0,-1.3950520552770287,0.6383011387925009,-2.601941383851062,1.1992638342747248,1.7618201382822394,0.0,-1.3312219413977786,-2.4682344433104464
23,34,-1.1193423124589337,1.0,-1.3312219413977786,0.659943995989131,-2.4682344433104464,1.3370694054061576,1.5145810879085468,0.0,-1.2652275417988654,-2.3236603139880447
23,35,-0.8982606096864776,1.0,-1.2652275417988654,0.7450057549570703,-2.3236603139880447,1.4457412932240152,1.360154378036748,0.0,-1.1907269663031583,-2.1701110130235923
23,36,-1.5697197614737737,1.0,-1.1907269663031583,0.7088265503182989,-2.1701110130235923,1.5354930096445216,1.0749936159491544,0.0,-1.1198443112713283,-2.010725353530511
23,37,-1.3280423347536119,1.0,-1.1198443112713283,0.8588675740142527,-2.010725353530511,1.5938565949308123,1.035281957409737,0.0,-1.033957553869903,-1.8460872155671109
23,38,-0.9925338251586431,1.0,-1.033957553869903,0.8929352541292189,-1.8460872155671109,1.646381379634,0.8765144643737198,0.0,-0.9446640284569812,-1.6779523533748024
23,39,-0.9072113792796167,1.0,-0.9446640284569812,0.8398337855743772,-1.6779523533748024,1.681348621923084,0.628362073263087,0.0,-0.8606806498995434,-1.508914186040017
23,40,-1.0427534328739225,1.0,-0.8606806498995434,0.7655030174981572,-1.508914186040017,1.690381673347854,0.3697275114548537,0.0,-0.7841303481497277,-1.3415879649453961
23,41,-0.6342141004319175,1.0,-0.7841303481497277,0.6768148075096129,-1.3415879649453961,1.673262210946208,0.11023755685283998,0.0,-0.7164488673987665,-1.1785138073572747
23,42,-0.8042751120822543,1.0,-0.7164488673987665,0.7254676208094214,-1.1785138073572747,1.6307415758812134,0.03849399594760172,0.0,-0.6439021053178243,-1.0202730828524973
23,43,-0.3123678348889425,1.0,-0.6439021053178243,0.8896013376974123,-1.0202730828524973,1.5824072450477746,0.13341635319528589,0.0,-0.5549419715480831,-0.8657618979999199
23,44,-0.7004929649755139,1.0,-0.5549419715480831,0.8589771329686319,-0.8657618979999199,1.5451118485257744,0.013486182200095231,0.0,-0.4690442582512199,-0.716060209240624
23,45,-0.40951087971562117,1.0,-0.4690442582512199,0.7768518497233587,-0.716060209240624,1.4970168875929593,-0.15547618823386156,0.0,-0.39135907327888403,-0.5727037364039641
23,46,-1.0185689078626623,1.0,-0.39135907327888403,0.7850552904717594,-0.5727037364039641,1.4335647283665984,-0.20021205427090738,0.0,-0.3128535442317081,-0.43593679124078644
23,47,-0.2519051826493656,1.0,-0.3128535442317081,0.7591754869339764,-0.43593679124078644,1.3676694516317764,-0.27076719088310947,0.0,-0.23693599553831043,-0.3062540602316616
23,48,-0.43559353488426483,1.0,-0.23693599553831043,0.7136466905999496,-0.3062540602316616,1.2968273100912486,-0.3520765930221737,0.0,-0.16557132647831546,-0.18424194254505044
23,49,0.04683830971016745,1.0,-0.16557132647831546,0.6120201660030662,-0.18424194254505044,1.2201211768661113,-0.4907416909721704,0.0,-0.10436930987800884,-0.07104162953413257
23,50,-0.15565392429812994,1.0,-0.10436930987800884,0.6665475809175423,-0.07104162953413257,1.1320031301091786,-0.4270732328176439,0.0,-0.0377145517862546,0.03426554113225949
23,51,0.33029351321332145,1.0,-0.0377145517862546,0.8128396927431001,0.03426554113225949,1.0530717066639206,-0.23503144335863904,0.0,0.043569417488055415,0.13385256790374062
23,52,-0.11527114399865505,1.0,0.043569417488055415,0.9003062723693395,0.13385256790374062,0.9958702677148112,-0.10080936299343515,0.0,0.13360004472498938,0.22924471618859998
23,53,-0.2958818104992289,1.0,0.13360004472498938,0.9463555170822671,0.22924471618859998,0.9539214828485938,-0.009811135602103279,0.0,0.2282355964332161,0.32148620437232284
23,54,0.30006365571929705,1.0,0.2282355964332161,0.9258893121173978,0.32148620437232284,0.9224148818372284,0.002424049848548879,0.0,0.32082452764495584,0.41080020543265205
23,55,0.4946757141250166,1.0,0.32082452764495584,0.9293752195123762,0.41080020543265205,0.893140010603292,0.04352638105709007,0.0,0.41376204959619345,0.4976914222696216
23,56,0.1911004093454534,1.0,0.41376204959619345,0.9693401099021102,0.4976914222696216,0.8689121683696956,0.1295079194950836,0.0,0.5106960605864045,0.5830971993627589
23,57,0.12300628120680823,1.0,0.5106960605864045,0.9242104638557097,0.5830971993627589,0.8540577709313737,0.11069715664760327,0.0,0.6031171069719754,0.6668769631553919
23,58,0.8296750334381509,1.0,0.6031171069719754,0.9151095650867689,0.6668769631553919,0.8377976379263301,0.13251705912019246,0.0,0.6946280634806523,0.7493009450978626
23,59,1.0098024372406424,1.0,0.6946280634806523,0.8613150830701122,0.7493009450978626,0.8242398194247068,0.09712748620380734,0.0,0.7807595717876635,0.8300586344802123
23,60,0.9999052234859691,1.0,0.7807595717876635,0.9289142556272224,0.8300586344802123,0.807576893823497,0.20805010120373257,0.0,0.8736509973503858,0.9103125788143642
23,61,0.9009174835295588,1.0,0.8736509973503858,0.8346969855212354,0.9103125788143642,0.8025394433415183,0.12036043590177148,0.0,0.9571206959025094,0.989202001288841
23,62,0.9574960124871978,1.0,0.9571206959025094,0.8784729820208917,0.989202001288841,0.7888942247447669,0.19722478184908282,0.0,1.0449679941045986,1.0675392100626253
23,63,1.5339039574462525,1.0,1.0449679941045986,0.9221306795813385,1.0675392100626253,0.7833720877378426,0.274533947635869,0.0,1.1371810620627325,1.1461149676320073
23,64,1.3776536403473074,1.0,1.1371810620627325,0.9522481330795282,1.1461149676320073,0.7857575756938185,0.33445326457154934,0.0,1.2324058753706852,1.2255208336048844
23,65,0.9616424841816216,1.0,1.2324058753706852,0.9652813554861339,1.2255208336048844,0.7940586597287713,0.37109820857689707,0.0,1.3289340109192986,1.3060966939523984
23,66,1.007699639834111,1.0,1.3289340109192986,0.8930880855600216,1.3060966939523984,0.8057586034751404,0.29916628840649473,0.0,1.4182428194753007,1.3870857896528568
23,67,1.6060545362674779,1.0,1.4182428194753007,0.8341977281332937,1.3870857896528568,0.8098909570045854,0.2374891945613246,0.0,1.5016625922886302,1.4678581262365138
23,68,1.721410382468687,1.0,1.5016625922886302,0.8023653287501529,1.4678581262365138,0.8077233658365711,0.20534990907445433,0.0,1.5818991251636454,1.5480992471402384
23,69,1.3995857702695704,1.0,1.5818991251636454,0.7820335278915125,1.5480992471402384,0.8024112090372463,0.1858094118002123,0.0,1.6601024779527966,1.627630746293046
23,70,1.4343241730027396,1.0,1.6601024779527966,0.7152817662464137,1.627630746293046,0.7953149915280756,0.1083649437803804,0.0,1.731630654577438,1.7057008869107675
23,71,2.0214955738176585,1.0,1.731630654577438,0.714453648146725,1.7057008869107675,0.7807014061772153,0.11058384915846972,0.0,1.8030760193921105,1.7823786215203066
23,72,1.7099932631366221,1.0,1.8030760193921105,0.7006068650470044,1.7823786215203066,0.7667773460953914,0.09842345099572672,0.0,1.873136705896811,1.8575869031322978
23,73,2.1242812073062662,1.0,1.873136705896811,0.669020457056394,1.8575869031322978,0.7520828161199116,0.06532044265308895,0.0,1.9400387516024504,1.9310417241592361
23,74,1.6108588256395728,1.0,1.9400387516024504,0.7373655936916552,1.9310417241592361,0.7345482102693833,0.15601538819628802,0.0,2.013775310971616,2.0037061447952755
23,75,1.7197068247311558,1.0,2.013775310971616,0.7088538943350265,2.0037061447952755,0.7266442063603918,0.13108610025157638,0.0,2.0846607004051187,2.0753561649734773
23,76,1.5746426911412315,1.0,2.0846607004051187,0.7581915795841803,2.0753561649734773,0.7165002017820169,0.20125477946388148,0.0,2.1604798583635367,2.1467259323006154
23,77,2.1523813599223276,1.0,2.1604798583635367,0.8786763571255995,2.1467259323006154,0.7136976732713805,0.3612275073315707,0.0,2.248347494076097,2.2194241421466008
23,78,2.1293374381306216,1.0,2.248347494076097,0.9804217424557762,2.2194241421466008,0.7269820984598534,0.5009978496196049,0.0,2.3463896683216743,2.2948059877737106
23,79,1.8456769403042221,1.0,2.3463896683216743,0.9378661173431908,2.2948059877737106,0.7538184562710986,0.46218508484791965,0.0,2.440176280055993,2.3723974651892323
23,80,2.487810276665202,1.0,2.440176280055993,0.976910013843417,2.3723974651892323,0.7759147741552154,0.5171641617371515,0.0,2.537867281440335,2.4526776569448288
23,81,2.380915985233004,1.0,2.537867281440335,0.9514805198293422,2.4526776569448288,0.8028019175559636,0.4897372338721626,0.0,2.6330153334232693,2.5352862549029678
23,82,2.5677308575108144,1.0,2.6330153334232693,1.0819803178155207,2.5352862549029678,0.8260859795813891,0.649654209204267,0.0,2.741213365204821,2.621747919818489
23,83,3.160349919798879,1.0,2.741213365204821,1.1242139603770032,2.621747919818489,0.8646166491552113,0.7015678334173416,0.0,2.8536347612425215,2.7124584897908868
23,84,3.1444298767794976,1.0,2.8536347612425215,1.1179247690349368,2.7124584897908868,0.9071056997239787,0.6893522072334931,0.0,2.965427238146015,2.807159843596503
23,85,3.1138438239709094,1.0,2.965427238146015,1.0249049703281696,2.807159843596503,0.9470135380561607,0.5641881033129184,0.0,3.067917735178832,2.904472635113468
23,86,2.9698511116718462,1.0,3.067917735178832,0.9514041948081189,2.904472635113468,0.9731279151696555,0.4555733047808121,0.0,3.163058154659644,3.003227150349699
23,87,2.808170352278386,1.0,3.163058154659644,0.9539138266360243,3.003227150349699,0.9875451523623077,0.4368485238884658,0.0,3.2584495373232465,3.103190006337255
23,88,3.062908291887944,1.0,3.2584495373232465,0.9154505460277154,3.103190006337255,0.9996285598755604,0.36820156879897475,0.0,3.349994591926018,3.2036360666211987
23,89,3.2384574660640855,1.0,3.349994591926018,0.8728543125712109,3.2036360666211987,1.00446060283944,0.29405471485794954,0.0,3.4372800231831393,3.303808400124636
23,90,3.8137669580108113,1.0,3.4372800231831393,0.9077212490709308,3.303808400124636,1.0017233350343728,0.31614874347473865,0.0,3.5280521480902323,3.4039367063907107
23,91,3.251943361133971,1.0,3.5280521480902323,0.7975533974594952,3.4039367063907107,1.0012830626607467,0.16324479721280763,0.0,3.607807487836182,3.502493354828399
23,92,3.4455074688335703,1.0,3.607807487836182,0.665786283937672,3.502493354828399,0.9855664843768837,-0.017767601868304728,0.0,3.674386116229949,3.5977185144973984
23,93,3.6718501259788994,1.0,3.674386116229949,0.6393408626103062,3.5977185144973984,0.9522515966899929,-0.06844314799554624,0.0,3.7383202024909794,3.6892120375770343
23,94,3.8554460219499287,1.0,3.7383202024909794,0.6104799630141418,3.6892120375770343,0.9149352307963585,-0.11588913292291306,0.0,3.7993681987923935,3.7766188765888926
23,95,4.123309972644313,1.0,3.7993681987923935,0.6644258645438295,3.7766188765888926,0.8740683901185837,-0.05511962083640648,0.0,3.8658107852467767,3.8606775005440075
23,96,4.263187502358562,1.0,3.8658107852467767,0.6483556128122354,3.8606775005440075,0.8405862395511484,-0.07239979300547184,0.0,3.9306463465280004,3.941322250602504
23,97,3.8862932935896275,1.0,3.9306463465280004,0.6837349865910769,3.941322250602504,0.8064475005849645,-0.022107589712064807,0.0,3.999019845187108,4.019165292762008
23,98,4.575526960981549,1.0,3.999019845187108,0.5818734871038873,4.019165292762008,0.7784304215950392,-0.13600726411505543,0.0,4.057207193897496,4.093157284931257
23,99,4.258478335779257,1.0,4.057207193897496,0.7519460718359878,4.093157284931257,0.7399199216924923,0.08522981252787148,0.0,4.1324018010810954,4.165633831476369
23,100,3.8975749826255988,1.0,4.1324018010810954,0.7995025100669825,4.165633831476369,0.7247654654511198,0.1649026049777912,0.0,4.212352052087794,4.237440154581815
23,101,3.920171455871962,1.0,4.212352052087794,0.7458787627819969,4.237440154581815,0.718063231054463,0.12078088981463997,0.0,4.286939928365993,4.308156484246034
23,102,4.1617771860941515,1.0,4.286939928365993,0.78950182003352,4.308156484246034,0.7071632966421842,0.1932626578890283,0.0,4.365890110369345,4.378542517939888
23,103,4.290409879315403,1.0,4.365890110369345,0.8846903033867837,4.378542517939888,0.7038603369385372,0.33013221689170924,0.0,4.454359140708023,4.449977520724455
23,104,4.690221514442491,1.0,4.454359140708023,0.9260861358936252,4.449977520724455,0.7143500278456749,0.40175484556026964,0.0,4.546967754297386,4.5231441518755195
23,105,4.302331094161751,1.0,4.546967754297386,0.8909437676644268,4.5231441518755195,0.7316663115106403,0.3761395904598468,0.0,4.636062131063828,4.597730846734348
23,106,4.465117791270674,1.0,4.636062131063828,0.9147728210382572,4.597730846734348,0.7458669485882845,0.4174970139740878,0.0,4.727539413167654,4.674105737497435
23,107,4.472874383689454,1.0,4.727539413167654,0.9508009041089955,4.674105737497435,0.7637489076308682,0.4711550635521037,0.0,4.8226195035785535,4.752748182391624
23,108,4.90199300354726,1.0,4.8226195035785535,0.8307066718098371,4.752748182391624,0.7864244489418908,0.3294390124919829,0.0,4.905690170759537,4.8321684591741185
23,109,4.470328759127636,1.0,4.905690170759537,0.7280935568041462,4.8321684591741185,0.7942027678249486,0.20129780286994836,0.0,4.978499526439951,4.911060265128273
23,110,5.14259622161228,1.0,4.978499526439951,0.7131683514974401,4.911060265128273,0.788918059541545,0.17716158500732182,0.0,5.049816361589696,4.989199149141968
23,111,4.812481548296719,1.0,5.049816361589696,0.8125448217593079,4.989199149141968,0.7813888401369478,0.29517641575724585,0.0,5.1310708437656265,5.067789353024797
23,112,5.06543323609496,1.0,5.1310708437656265,0.9184731861034203,5.067789353024797,0.78590203882829,0.4261880019385539,0.0,5.222918162375969,5.148126550402761
23,113,5.351472189027574,1.0,5.222918162375969,0.9010544811013985,5.148126550402761,0.8033719737796401,0.40762619384203835,0.0,5.313023610486108,5.229969219403051
23,114,5.401387639947232,1.0,5.313023610486108,0.9842295414970954,5.229969219403051,0.8184266900028955,0.5098260827495288,0.0,5.411446564635818,5.314291183822826
23,115,6.243277455603041,1.0,5.411446564635818,1.0087620064901315,5.314291183822826,0.8432196441977557,0.5401779061117039,0.0,5.512322765284831,5.401316624442286
23,116,5.2394034128450135,1.0,5.512322765284831,0.951765551076263,5.401316624442286,0.8702544061945979,0.4670246896335654,0.0,5.607499320392457,5.490227497858259
23,117,4.982730886757872,1.0,5.607499320392457,0.8637022104583902,5.490227497858259,0.8891087341597274,0.3500609307366658,0.0,5.693869541438296,5.579793832632287
23,118,5.300714348279133,1.0,5.693869541438296,0.8074158033156102,5.579793832632287,0.8956633477402827,0.2677520632585991,0.0,5.7746111217698575,5.669171565326132
23,119,6.021470614490243,1.0,5.7746111217698575,0.8174509394649212,5.669171565326132,0.8937773269384536,0.26614889637469336,0.0,5.85635621571635,5.758350699537521
23,120,5.535315997306696,1.0,5.85635621571635,0.9171026188271004,5.758350699537521,0.8917913421138924,0.37755102996271445,0.0,5.94806647759906,5.848451611753774
23,121,6.254208332946924,1.0,5.94806647759906,0.9493979442029548,5.848451611753774,0.9010091221625193,0.41073438463378376,0.0,6.043006272019356,5.939776638625443
23,122,5.976864574476334,1.0,6.043006272019356,0.8229274292648059,5.939776638625443,0.913250268716697,0.24837741476824185,0.0,6.125299014945837,6.030663038784902
23,123,6.346588567157636,1.0,6.125299014945837,0.737225195437124,6.030663038784902,0.9088640015945869,0.13124247058826025,0.0,6.199021534489549,6.119953498845141
23,124,5.740241292280173,-1.0,6.199021534489549,-0.8219351940778404,6.119953498845141,0.8929046006023862,-1.8063639293764833,0.0,6.116828015081765,6.188323024889687
23,125,6.427146995941885,-1.0,6.116828015081765,-0.8068011272487731,6.188323024889687,0.6836952604454615,-1.8465451837646258,0.0,6.036147902356888,6.236039274263161
23,126,6.3812728912279155,-1.0,6.036147902356888,-0.8757069164705628,6.236039274263161,0.4771624937347441,-1.9523176982892334,0.0,5.948577210709831,6.262705426673793
23,127,5.668719168847657,-1.0,5.948577210709831,-0.8118735203155352,6.262705426673793,0.26666152410630894,-1.8637955974346385,0.0,5.867389858678278,6.269880306232937
23,128,6.261377732012231,-1.0,5.867389858678278,-0.7177970168155585,6.269880306232937,0.0717487955914432,-1.7064228791143499,0.0,5.795610156996722,6.2597613608550455
23,129,6.582838258378058,-1.0,5.795610156996722,-0.6897059329474364,6.2597613608550455,-0.10118945377891797,-1.6042176278601177,0.0,5.726639563701979,6.233924045450645
23,130,5.725398773887408,-1.0,5.726639563701979,-0.7177108200840009,6.233924045450645,-0.2583731540440044,-1.553557342292569,0.0,5.654868481693579,6.193377950716259
23,131,5.373702208695228,-1.0,5.654868481693579,-0.6519299649761532,6.193377950716259,-0.4054609473438532,-1.375642029726463,0.0,5.589675485195963,6.14037291071611
23,132,5.41002667486969,-1.0,5.589675485195963,-0.7249135358779194,6.14037291071611,-0.5300504000014962,-1.3575055340199313,0.0,5.517184131608171,6.075488976655766
23,133,5.430253782121563,-1.0,5.517184131608171,-0.7918194619585908,6.075488976655766,-0.6488393406034414,-1.3294796912232965,0.0,5.438002185412312,5.99938653157312
23,134,5.7396471789737715,-1.0,5.438002185412312,-0.8630683823415776,5.99938653157312,-0.761024450826461,-1.3053748192215595,0.0,5.351695347178154,5.912665616540903
23,135,5.898737110518444,-1.0,5.351695347178154,-0.7176480131213783,5.912665616540903,-0.8672091503221702,-1.013520686687709,0.0,5.279930545866017,5.81858456392284
23,136,5.154778357983416,-1.0,5.279930545866017,-0.5968731368142027,5.81858456392284,-0.9408105261806317,-0.745797204881002,0.0,5.220243232184596,5.720056132939745
23,137,5.152194822482714,-1.0,5.220243232184596,-0.6610337291103298,5.720056132939745,-0.9852843098309516,-0.7064819965257835,0.0,5.154139859273563,5.617615791782851
23,138,4.738352491584465,-1.0,5.154139859273563,-0.6629298743525959,5.617615791782851,-1.0244034115689395,-0.6005252878202512,0.0,5.087846871838304,5.512448288664775
23,139,4.9308467171723676,-1.0,5.087846871838304,-0.6740138440913135,5.512448288664775,-1.0516750311807586,-0.5136609358419475,0.0,5.020445487429172,5.405509536288058
23,140,5.161127586196167,-1.0,5.020445487429172,-0.6482158218818438,5.405509536288058,-1.069387523767169,-0.3900581304574876,0.0,4.955623905240988,5.298092242682821
23,141,4.354038605879712,1.0,4.955623905240988,1.0283305948937458,5.298092242682821,-1.0741729360523684,1.7643034432813722,0.0,5.058456964730363,5.211755336905766
23,142,5.264365336748634,1.0,5.058456964730363,1.0189566478645504,5.211755336905766,-0.8633690577705554,1.8813469822473077,0.0,5.160352629516818,5.146994681936049
23,143,5.428005393826703,1.0,5.160352629516818,0.9582485912808799,5.146994681936049,-0.6476065496971668,1.888136090438334,0.0,5.256177488644906,5.103187728829747
23,144,5.617176168065494,1.0,5.256177488644906,0.8848178182317052,5.103187728829747,-0.43806953106302404,1.8357540687903755,0.0,5.344659270468076,5.07914013891075
23,145,5.1733260606471685,1.0,5.344659270468076,0.7969295456387867,5.07914013891075,-0.2404758991899697,1.7279180763944226,0.0,5.424352225031955,5.073141252633105
23,146,4.954491982006039,1.0,5.424352225031955,0.6222996410174086,5.073141252633105,-0.05998886277644841,1.4812686615096422,0.0,5.486582189133696,5.082147017331441
23,147,5.402735975639195,1.0,5.486582189133696,0.6723978117306091,5.082147017331441,0.09005764698336219,1.4840558359889435,0.0,5.553821970306757,5.10570515591932
23,148,5.24345532722888,1.0,5.553821970306757,0.6570164861847381,5.10570515591932,0.23558138587878896,1.3930710118821812,0.0,5.61952361892523,5.142440144191208
23,149,5.091482022133731,1.0,5.61952361892523,0.706220359362862,5.142440144191208,0.3673498827188858,1.3690691952162455,0.0,5.690145654861516,5.1916903047905585
23,150,5.461995364500279,1.0,5.690145654861516,0.7321963098660482,5.1916903047905585,0.492501605993506,1.309278154022661,0.0,5.7633652858481215,5.252457241790957
23,151,5.345916280959294,1.0,5.7633652858481215,0.6865172722903977,5.252457241790957,0.6076693700039799,1.1549758742802168,0.0,5.832017013077161,5.322829395550144
23,152,6.4083229479736765,1.0,5.832017013077161,0.6903468706679695,5.322829395550144,0.7037215375918743,1.055667863228455,0.0,5.901051700143958,5.401506319021323
23,153,6.124458401640324,1.0,5.901051700143958,0.7569455681770416,5.401506319021323,0.7867692347117798,1.032879035328153,0.0,5.976746256961662,5.487994371294705
23,154,6.239889353390612,1.0,5.976746256961662,0.787766729973669,5.487994371294705,0.8648805227338182,0.9689583511308428,0.0,6.055522929959029,5.5814043894066465
23,155,5.722779347502905,1.0,6.055522929959029,0.7366625353416133,5.5814043894066465,0.9341001811194203,0.8060923409934077,0.0,6.12918918349319,5.679886210348941
23,156,6.539744041398201,1.0,6.12918918349319,0.7087909399341491,5.679886210348941,0.9848182094229396,0.6725081912414477,0.0,6.200068277486604,5.781941694933495
23,157,6.087360604109249,1.0,6.200068277486604,0.7810720025283846,5.781941694933495,1.0205548458455502,0.6665755127079787,0.0,6.278175477739443,5.887397159138424
23,158,6.532809111948394,1.0,6.278175477739443,0.8099162492038519,5.887397159138424,1.0545546420492904,0.6159040830268858,0.0,6.3591671026598275,5.9956370893190645
23,159,6.0534394730250645,1.0,6.3591671026598275,0.8355893059011061,5.9956370893190645,1.0823993018064018,0.5679640505715562,0.0,6.442726033249938,6.10609298223964
23,160,6.629375480312947,1.0,6.442726033249938,0.8211791256196374,6.10609298223964,1.1045589292057525,0.47714048884326415,0.0,6.524843945811902,6.217785691475189
23,161,6.022679574907467,1.0,6.524843945811902,0.8737929983347967,6.217785691475189,1.1169270923554948,0.47441867649312286,0.0,6.6122232456453816,6.330648420780133
23,162,6.559931046192029,1.0,6.6122232456453816,0.8666506155971717,6.330648420780133,1.1286272930494312,0.4061682785613152,0.0,6.698888307205099,6.443961225532931
23,163,6.625788720432518,1.0,6.698888307205099,1.0310453981839982,6.443961225532931,1.133128047527981,0.5551717179463687,0.0,6.801992847023499,6.5591997377131035
23,164,6.392246532240078,1.0,6.801992847023499,0.9404097187997008,6.5591997377131035,1.1523851218017225,0.40056887705005284,0.0,6.896033818903469,6.674756306274011
23,165,6.903654651920989,1.0,6.896033818903469,0.8590094728004976,6.674756306274011,1.1555656856090726,0.25689612738358475,0.0,6.981934766183518,6.789184025914805
23,166,6.811135493438598,1.0,6.981934766183518,0.9644413741684991,6.789184025914805,1.1442771964079408,0.34618291036687865,0.0,7.078378903600369,6.903411887630763
23,167,6.959492944714706,1.0,7.078378903600369,0.9202444005215576,6.903411887630763,1.1422786171595745,0.2607982661703414,0.0,7.1704033436525245,7.016592440433513
23,168,7.3908171136606455,1.0,7.1704033436525245,0.8391496249012478,7.016592440433513,1.1318055280275021,0.13250415327933562,0.0,7.2543183061426495,7.127476257079368
23,169,7.6417930261529,1.0,7.2543183061426495,0.8652092696166903,7.127476257079368,1.1088381664585556,0.13891116396220027,0.0,7.340839233104319,7.236200903232178
23,170,7.281015181200561,1.0,7.340839233104319,0.6925027584653947,7.236200903232178,1.087246461528102,-0.09278696763628391,0.0,7.4100895089508585,7.340518491031736
23,171,7.794189303974338,1.0,7.4100895089508585,0.7604676994880039,7.340518491031736,1.0431758779955742,-0.02745067987729044,0.0,7.486136278899659,7.441223409222935
23,172,7.785777356334337,1.0,7.486136278899659,0.7796344448707044,7.441223409222935,1.007049181911987,-0.011464292690325478,0.0,7.56409972338673,7.538591127105112
23,173,7.786964367066774,1.0,7.56409972338673,0.8107110453691072,7.538591127105112,0.9736771788217707,0.026058006388981064,0.0,7.64517082792364,7.633103658078949
23,174,8.120439876093492,1.0,7.64517082792364,0.7584666951382316,7.633103658078949,0.9451253097383722,-0.033350942516895576,0.0,7.7210174974374635,7.724258278636454
23,175,7.270369035897329,1.0,7.7210174974374635,0.8682970251577916,7.724258278636454,0.9115462055750547,0.10922786499793313,0.0,7.807847199953243,7.813588229986099
23,176,8.206167587067558,1.0,7.807847199953243,0.8777297016835012,7.813588229986099,0.8932995134964463,0.1354107868470725,0.0,7.895620170121593,7.901413730761026
23,177,8.008625177499814,1.0,7.895620170121593,0.8612815499690418,7.901413730761026,0.8782550077492672,0.13079686889208536,0.0,7.981748325118497,7.9877367842000755
23,178,7.864850544200466,1.0,7.981748325118497,0.8759707390357996,7.9877367842000755,0.8632305343904992,0.16435315229826966,0.0,8.069345399022078,8.072941031452059
23,179,8.019332676102152,1.0,8.069345399022078,0.8032044427756534,8.072941031452059,0.8520424725198302,0.09066097068664689,0.0,8.149665843299644,8.156325352498845
24,0,0.11814094844824566,-1.0,0.0,-0.6595974832655231,-0.7,0.0,0.4803971081670789,0.0,-0.06595974832655231,-0.6951960289183292
24,1,0.4254075004933256,-1.0,-0.06595974832655231,-0.6820405101890811,-0.6951960289183292,0.048039710816707895,0.271325392653729,0.0,-0.1341637993454604,-0.6878325309847346
24,2,-0.6562852848526767,-1.0,-0.1341637993454604,-0.7867967755677121,-0.6878325309847346,0.07363497933594615,-0.024723592596210486,0.0,-0.21284347690223163,-0.6809519009109771
24,3,-0.09272415935813436,-1.0,-0.21284347690223163,-0.6451896592499797,-0.6809519009109771,0.06880630073757482,-0.0030552605319992265,0.0,-0.2773624428272296,-0.6743220036048999
24,4,-0.30690778375048355,-1.0,-0.2773624428272296,-0.6655691982928634,-0.6743220036048999,0.06629897306077251,-0.1572166941668074,0.0,-0.34391936265651596,-0.6694764299542852
24,5,-0.5484691215277226,-1.0,-0.34391936265651596,-0.8945539936081488,-0.6694764299542852,0.04845573650614705,-0.5533721309366451,0.0,-0.43337476201733083,-0.6703196359698567
24,6,-0.4542529162309888,-1.0,-0.43337476201733083,-0.8304956043711141,-0.6703196359698567,-0.008432060155714169,-0.5784603914226534,0.0,-0.5164243224544423,-0.6769204633071564
24,7,-0.5025089766926797,-1.0,-0.5164243224544423,-0.8471383739528755,-0.6769204633071564,-0.06600827337299665,-0.6799893442126337,0.0,-0.6011381598497298,-0.6901099576117888
24,8,-0.839868852104211,-1.0,-0.6011381598497298,-0.8985335525880013,-0.6901099576117888,-0.13189494304632415,-0.806601421387732,0.0,-0.69099151510853,-0.7109434023125504
24,9,-0.8219239340869413,-1.0,-0.69099151510853,-0.9282672156678204,-0.7109434023125504,-0.208334447007615,-0.8907478506643248,0.0,-0.783818236675312,-0.7400176552895308
24,10,-0.6719791774014838,-1.0,-0.783818236675312,-0.9037975661367218,-0.7400176552895308,-0.2907425297698038,-0.8919414134842527,0.0,-0.8741979932889842,-0.7770809463060904
24,11,-0.9878796351777286,-1.0,-0.8741979932889842,-0.9466270125646731,-0.7770809463060904,-0.37063291016559535,-0.9595863417618496,0.0,-0.9688606945454514,-0.8225540754277385
24,12,-0.8269872732725099,-1.0,-0.9688606945454514,-0.9045869657369666,-0.8225540754277385,-0.45473129121648126,-0.9103642922756174,0.0,-1.059319391119148,-0.87567570734025
24,13,-1.301399558916272,-1.0,-1.059319391119148,-0.902471184544259,-0.87567570734025,-0.5312163191251156,-0.8965155928217502,0.0,-1.149566509573574,-0.9360626029597787
24,14,-1.0495578700398291,-1.0,-1.149566509573574,-0.9015585019938098,-0.9360626029597787,-0.6038689561952869,-0.8743445731928251,0.0,-1.239722359772955,-1.0032605636514107
24,15,-1.0760305496367253,-1.0,-1.239722359772955,-0.8569697609253241,-1.0032605636514107,-0.6719796069163202,-0.7902333903054959,0.0,-1.3254193358654873,-1.0762105235039654
24,16,-1.1719794995274804,-1.0,-1.3254193358654873,-0.833051113807531,-1.0762105235039654,-0.7294995985255476,-0.7238798499692913,0.0,-1.4087244472462404,-1.1540648831409313
24,17,-1.300624669209967,-1.0,-1.4087244472462404,-0.7274439749354719,-1.1540648831409313,-0.7785435963696592,-0.5520427264519873,0.0,-1.4814688447397875,-1.234948330534034
24,18,-1.4441380099686134,-1.0,-1.4814688447397875,-0.7293650689034151,-1.234948330534034,-0.8088344739310288,-0.5075526137487814,0.0,-1.554405351630129,-1.3183190337480455
24,19,-1.5869844692659196,-1.0,-1.554405351630129,-0.8297561721483968,-1.3183190337480455,-0.833707032140114,-0.586116176938005,0.0,-1.6373809688449688,-1.4048830362285885
24,20,-1.8041348515683622,-1.0,-1.6373809688449688,-0.8340408071336001,-1.4048830362285885,-0.8656400248054308,-0.5512395461045974,0.0,-1.7207850495583288,-1.4941893860908002
24,21,-1.879803886149725,-1.0,-1.7207850495583288,-0.7205422402074823,-1.4941893860908002,-0.8930634986221168,-0.37135497051794586,0.0,-1.792839273579077,-1.5843514824626006
24,22,-1.7302402814972897,-1.0,-1.792839273579077,-0.6379806596092377,-1.5843514824626006,-0.9016209637180036,-0.22690651627898623,0.0,-1.8566373395400009,-1.6738974569132932
24,23,-2.2670231829009313,-1.0,-1.8566373395400009,-0.75211896158502,-1.6738974569132932,-0.8954597445069261,-0.32670296868463655,0.0,-1.9318492356985029,-1.76384498986841
24,24,-1.426248504050487,-1.0,-1.9318492356985029,-0.7320235348754502,-1.76384498986841,-0.8994753295511682,-0.2704078243281261,0.0,-2.005051589186048,-1.8536182800122445
24,25,-2.3831283713123725,-1.0,-2.005051589186048,-0.7965158511776402,-1.8536182800122445,-0.8977329014383434,-0.3212291516656616,0.0,-2.084703174303812,-1.9437311163881328
24,26,-2.097738221944343,-1.0,-2.084703174303812,-0.8292077459488073,-1.9437311163881328,-0.9011283637588826,-0.33868509144395703,0.0,-2.167623948898693,-2.0343471929144323
24,27,-1.7668000901109648,-1.0,-2.167623948898693,-0.9408508184627955,-2.0343471929144323,-0.906160765262994,-0.45704395584629093,0.0,-2.2617090307449725,-2.126633994550353
24,28,-1.7206175826292927,-1.0,-2.2617090307449725,-1.0276802342694722,-2.126633994550353,-0.9228680163592073,-0.5500624891056763,0.0,-2.36447705417192,-2.2214682434249813
24,29,-2.1296410175158718,-1.0,-2.36447705417192,-0.9978905183533792,-2.2214682434249813,-0.9483424887462804,-0.5012014768646648,0.0,-2.4642661060072575,-2.3182798111042677
24,30,-2.4006128544782475,-1.0,-2.4642661060072575,-0.9387926825605495,-2.3182798111042677,-0.9681156767928658,-0.41296214790030067,0.0,-2.5581453742633125,-2.41612303009682
24,31,-2.931033667517558,-1.0,-2.5581453742633125,-0.8789082634409454,-2.41612303009682,-0.9784321899255242,-0.3208392426357787,0.0,-2.646036200607407,-2.5140436585079686
24,32,-2.485543821841321,-1.0,-2.646036200607407,-0.9303044431135382,-2.5140436585079686,-0.9792062841114852,-0.3649455918121212,0.0,-2.739066644918761,-2.6124802827280815
24,33,-2.7856571382439173,-1.0,-2.739066644918761,-0.9238106768053099,-2.6124802827280815,-0.9843662422011299,-0.34150640159612816,0.0,-2.831447712599292,-2.711181998989112
24,34,-3.200687474227764,-1.0,-2.831447712599292,-0.8945164287829088,-2.711181998989112,-0.9870171626103066,-0.2908513389849031,0.0,-2.920899355477583,-2.809633773719639
24,35,-2.9710329542475225,-1.0,-2.920899355477583,-0.8929348450879718,-2.809633773719639,-0.9845177473052671,-0.2748722252653111,0.0,-3.01019283998638,-2.907683813911442
24,36,-2.6597909524650665,-1.0,-3.01019283998638,-1.0742500032528683,-2.907683813911442,-0.9805004019180297,-0.48681503024199724,0.0,-3.117617840311667,-3.0074644031195272
24,37,-2.8851637647484236,-1.0,-3.117617840311667,-1.0846049697536249,-3.0074644031195272,-0.9978058920808525,-0.4955748097662905,-0.7619694441438077,-3.2260783372870296,-3.1852047059849973
24,38,-3.0480522915469206,-1.0,-3.2260783372870296,-1.012100370405237,-3.1852047059849973,-1.7774030286547018,0.5407130047282096,0.0,-3.327288374327553,-3.3518501891114902
24,39,-3.0134443420151933,-1.0,-3.327288374327553,-0.9270421696736776,-3.3518501891114902,-1.6664548312649303,0.6503198506314682,0.0,-3.419992591294921,-3.5066598182716207
24,40,-3.202018574484259,-1.0,-3.419992591294921,-0.9698787792532861,-3.5066598182716207,-1.5480962916013057,0.5880351837104563,0.0,-3.51698046922025,-3.6506351874615226
24,41,-3.3543968781560176,-1.0,-3.51698046922025,-0.8658176215144515,-3.6506351874615226,-1.4397536918990184,0.6897178426699757,0.0,-3.6035622313716953,-3.783106166410648
24,42,-3.6136888473376128,-1.0,-3.6035622313716953,-1.0676582988974455,-3.783106166410648,-1.3247097894912523,0.40454355964953204,0.0,-3.71032806126144,-3.907292638436906
24,43,-3.606593690191726,-1.0,-3.71032806126144,-0.9201056775882568,-3.907292638436906,-1.241864720262579,0.5320119122288225,0.0,-3.802338629020266,-4.022185024236036
24,44,-3.86625858132482,-1.0,-3.802338629020266,-0.9511592998715884,-4.022185024236036,-1.1489238579912942,0.4384041466986217,0.0,-3.8974545590074245,-4.1290168122226065
24,45,-4.020879439136511,-1.0,-3.8974545590074245,-0.9241883717992667,-4.1290168122226065,-1.0683178798657105,0.4087513031349884,0.0,-3.989873396187351,-4.228342469962257
24,46,-4.174808797422228,-1.0,-3.989873396187351,-0.9702742056785951,-4.228342469962257,-0.9932565773965089,0.2857985487368448,0.0,-4.086900816755211,-4.321631721166871
24,47,-3.5496287148945025,-1.0,-4.086900816755211,-1.0212614249954801,-4.321631721166871,-0.9328925120461361,0.15253145094059561,0.0,-4.189026959254759,-4.4104104018235315
24,48,-3.956492819494916,-1.0,-4.189026959254759,-0.9974863361938859,-4.4104104018235315,-0.8877868065666001,0.10983989044770899,0.0,-4.288775592874148,-4.495249765794702
24,49,-3.9891993224235067,-1.0,-4.288775592874148,-0.9546881472782003,-4.495249765794702,-0.848393639711698,0.09375067971173001,0.0,-4.384244407601968,-4.576436763321677
24,50,-4.323775136432109,-1.0,-4.384244407601968,-1.0062584955557834,-4.576436763321677,-0.8118699752697507,-0.034709909896693064,0.0,-4.484870257157547,-4.655372876026756
24,51,-4.355829617361101,-1.0,-4.484870257157547,-0.909357608752444,-4.655372876026756,-0.789361127050788,0.021202381502095635,0.0,-4.575806018032791,-4.731571009310251
24,52,-4.719604220529875,-1.0,-4.575806018032791,-0.9249552541469398,-4.731571009310251,-0.7619813328349532,-0.05407410553147021,0.0,-4.668301543447486,-4.805871543383989
24,53,-4.782918114514496,-1.0,-4.668301543447486,-0.9001664641250037,-4.805871543383989,-0.7430053407373817,-0.07704547553759811,0.0,-4.7583181898599864,-4.878564915122744
24,54,-4.435692813552321,-1.0,-4.7583181898599864,-0.9386889323493768,-4.878564915122744,-0.7269337173875453,-0.1735439864584576,0.0,-4.8521870830949245,-4.950667538830443
24,55,-4.249439155082037,-1.0,-4.8521870830949245,-0.9624376828269781,-4.950667538830443,-0.7210262370769897,-0.249344146249771,0.0,-4.948430851377623,-5.022956320041993
24,56,-5.454798095737221,-1.0,-4.948430851377623,-0.9363147775152256,-5.022956320041993,-0.7228878121155031,-0.25944443048094024,0.0,-5.042062329129145,-5.095526304559582
24,57,-5.2256948957040334,-1.0,-5.042062329129145,-1.010172106112244,-5.095526304559582,-0.725699845175901,-0.3866693590676153,0.0,-5.143079539740369,-5.169640743163286
24,58,-5.346458313242751,-1.0,-5.143079539740369,-0.9212360494809676,-5.169640743163286,-0.7411443860370337,-0.31038668943771386,0.0,-5.235203144688466,-5.244487386626048
24,59,-5.5714072901996,-1.0,-5.235203144688466,-0.9937572085244994,-5.244487386626048,-0.74846643462762,-0.4242245485842291,0.0,-5.334578865540916,-5.321181182983844
24,60,-5.495941719173908,-1.0,-5.334578865540916,-0.9286479990544093,-5.321181182983844,-0.7669379635779591,-0.36638112980592125,0.0,-5.427443665446357,-5.39908458915625
24,61,-5.56676269273637,-1.0,-5.427443665446357,-0.9893845782517923,-5.39908458915625,-0.7790340617240565,-0.4563684804674012,0.0,-5.526382123271536,-5.479058771135813
24,62,-5.843087041332465,-1.0,-5.526382123271536,-0.9693234693417272,-5.479058771135813,-0.7997418197956269,-0.44493377530271216,0.0,-5.623314470205709,-5.560923117045057
24,63,-5.529075044397491,-1.0,-5.623314470205709,-0.9887731962075254,-5.560923117045057,-0.8186434590924381,-0.47698326861644,0.0,-5.722191789826462,-5.6449376365713695
24,64,-6.211006242206013,-1.0,-5.722191789826462,-0.8689438247504271,-5.6449376365713695,-0.840145195263124,-0.33391335206241773,0.0,-5.809086172301504,-5.729602824993464
24,65,-5.402723043342041,-1.0,-5.809086172301504,-0.7484504100008375,-5.729602824993464,-0.8466518842209458,-0.18239597043891703,0.0,-5.883931213301588,-5.81338268709044
24,66,-5.6617332935930715,-1.0,-5.883931213301588,-0.8102760515497947,-5.81338268709044,-0.8377986209697673,-0.25151714513636414,0.0,-5.964958818456568,-5.896996765051678
24,67,-6.079102582215874,-1.0,-5.964958818456568,-0.7934082766293562,-5.896996765051678,-0.8361407796123712,-0.22764120184331166,0.0,-6.044299646119503,-5.9802116045365885
24,68,-6.348410685418583,-1.0,-6.044299646119503,-0.796081877070844,-5.9802116045365885,-0.8321483948491065,-0.22796818051932216,0.0,-6.123907833826587,-6.063043250963175
24,69,-6.409378779981779,-1.0,-6.123907833826587,-0.7627695187723267,-6.063043250963175,-0.8283164642658674,-0.18488754650197603,0.0,-6.20018478570382,-6.14507316016913
24,70,-6.1810679578996375,-1.0,-6.20018478570382,-0.7170963240267292,-6.14507316016913,-0.8202990920595572,-0.1262564207496515,0.0,-6.271894418106493,-6.225740676487992
24,71,-5.786923876203364,-1.0,-6.271894418106493,-0.6301325931387826,-6.225740676487992,-0.8066751631886165,-0.01658925317257684,0.0,-6.334907677420372,-6.303992724816376
24,72,-5.983339105086943,-1.0,-6.334907677420372,-0.6879451711809192,-6.303992724816376,-0.7825204832838385,-0.08515844127779708,0.0,-6.403702194538464,-6.38059229201103
24,73,-6.1188231322828495,-1.0,-6.403702194538464,-0.861009352080585,-6.38059229201103,-0.7659956719465354,-0.3018044139514134,0.0,-6.489803129746522,-6.457758717194968
24,74,-6.79699357921346,-1.0,-6.489803129746522,-0.8117211908031124,-6.457758717194968,-0.7716642518393876,-0.2515103694308617,0.0,-6.570975248826834,-6.534970920467329
24,75,-6.5797098164157655,-1.0,-6.570975248826834,-0.8510312847964873,-6.534970920467329,-0.7721220327236133,-0.30690350982894987,0.0,-6.656078377306482,-6.612781368333264
24,76,-6.435399049667152,-1.0,-6.656078377306482,-0.8629288368852881,-6.612781368333264,-0.7781044786593527,-0.32880687756146315,0.0,-6.742371260995011,-6.691389950643105
24,77,-6.613204001466496,-1.0,-6.742371260995011,-0.7748012775936112,-6.691389950643105,-0.7860858230983998,-0.22580488772581583,0.0,-6.819851388754372,-6.769741107196288
24,78,-6.701734570485593,-1.0,-6.819851388754372,-0.6893345505987092,-6.769741107196288,-0.7835115655318325,-0.12134504706343657,0.0,-6.888784843814243,-6.846798477210404
24,79,-6.917697657363406,-1.0,-6.888784843814243,-0.7282928749042583,-6.846798477210404,-0.7705737001411576,-0.16801409357564456,0.0,-6.961614131304668,-6.923070152319824
24,80,-7.04697209232248,-1.0,-6.961614131304668,-0.6754987026369683,-6.923070152319824,-0.762716751094205,-0.10469467022970282,0.0,-7.029164001568366,-6.99794808052804
24,81,-7.02188084011876,-1.0,-7.029164001568366,-0.6935740571883029,-6.99794808052804,-0.7487792820821607,-0.12809516836588705,0.0,-7.098521407287196,-7.071710866717252
24,82,-7.015158720937944,-1.0,-7.098521407287196,-0.6808802826146927,-7.071710866717252,-0.7376278618921203,-0.11597739409681473,0.0,-7.166609435548665,-7.144273017689377
24,83,-7.154044463428728,-1.0,-7.166609435548665,-0.7367294444721074,-7.144273017689377,-0.7256215097212539,-0.18928065175541775,0.0,-7.240282379995875,-7.216405986347949
24,84,-6.884374399719513,-1.0,-7.240282379995875,-0.6741589697608543,-7.216405986347949,-0.7213296865857156,-0.11936148498831806,0.0,-7.307698276971961,-7.287424314859329
24,85,-7.480126030583914,-1.0,-7.307698276971961,-0.764661304216822,-7.287424314859329,-0.7101832851138046,-0.23617109124664928,0.0,-7.384164407393643,-7.358531767770812
24,86,-6.7363455645756565,-1.0,-7.384164407393643,-0.7835819556122552,-7.358531767770812,-0.7110745291148277,-0.2685158429128036,0.0,-7.462522602954869,-7.4300489406182555
24,87,-7.272958176726517,-1.0,-7.462522602954869,-0.7368893154478763,-7.4300489406182555,-0.7151717284744336,-0.2192042650027072,0.0,-7.536211534499657,-7.501469606584608
24,88,-7.544283678358483,-1.0,-7.536211534499657,-0.8353016538255718,-7.501469606584608,-0.7142066596635224,-0.3459531164707234,0.0,-7.619741699882214,-7.574064342404744
24,89,-7.314142938847896,-1.0,-7.619741699882214,-0.8126987477880457,-7.574064342404744,-0.725947358201362,-0.3259413387401267,0.0,-7.701011574661019,-7.647595460066037
24,90,-7.508876257111553,-1.0,-7.701011574661019,-0.7907857214444286,-7.647595460066037,-0.7353111766129311,-0.3033634425410082,0.0,-7.7800901468054615,-7.721807216387578
24,91,-8.229528872410876,-1.0,-7.7800901468054615,-0.7495850912764418,-7.721807216387578,-0.7421175632154181,-0.2543375676233015,0.0,-7.855048655933106,-7.796187572183063
24,92,-7.914398949947996,-1.0,-7.855048655933106,-0.6564660978540354,-7.796187572183063,-0.7438035579548549,-0.13863489993471528,0.0,-7.92069526571851,-7.869574105592441
24,93,-7.524269696137492,-1.0,-7.92069526571851,-0.8566146615167369,-7.869574105592441,-0.7338653340937711,-0.3819346524079399,0.0,-8.006356731870184,-7.944431616456797
24,94,-7.907681396802397,-1.0,-8.006356731870184,-0.7868059663705746,-7.944431616456797,-0.7485751086435644,-0.30026296790668433,0.0,-8.085037328507243,-8.019896316652561
24,95,-7.608450976615378,-1.0,-8.085037328507243,-0.7787638211167806,-8.019896316652561,-0.7546470019576388,-0.2899048389548623,0.0,-8.16291371061892,-8.09584519483161
24,96,-8.299863084783079,-1.0,-8.16291371061892,-0.7163369549812595,-8.09584519483161,-0.7594887817904806,-0.21128967272837385,0.0,-8.234547406117045,-8.171476605636212
24,97,-8.19425946272726,-1.0,-8.234547406117045,-0.7046414326955853,-8.171476605636212,-0.7563141080460226,-0.19278333682026705,0.0,-8.305011549386604,-8.246615644663269
24,98,-8.402373439459344,-1.0,-8.305011549386604,-0.7900095054148949,-8.246615644663269,-0.7513903902705766,-0.2947342531414605,0.0,-8.384012499928094,-8.322297576972876
24,99,-8.34118455631745,-1.0,-8.384012499928094,-0.8444272467804854,-8.322297576972876,-0.7568193230960643,-0.36237996799018557,0.0,-8.468455224606142,-8.399181487128477
24,100,-8.62902081027157,-1.0,-8.468455224606142,-0.9144404813157537,-8.399181487128477,-0.7688391015560088,-0.45020935212482927,0.0,-8.559899272737718,-8.478107205680347
24,101,-8.728176494597687,-1.0,-8.559899272737718,-0.8095581811999375,-8.478107205680347,-0.7892571855186994,-0.3223996330434264,0.0,-8.640855090857713,-8.557731297568992
24,102,-8.270243634770399,-1.0,-8.640855090857713,-0.8634027841380072,-8.557731297568992,-0.7962409188864437,-0.38402849116380533,0.0,-8.727195369271513,-8.638647703428838
24,103,-9.016785597246786,-1.0,-8.727195369271513,-0.836813788321561,-8.638647703428838,-0.809164058598458,-0.3476559488576949,0.0,-8.810876748103668,-8.720451343789746
24,104,-8.87011084553084,-1.0,-8.810876748103668,-0.8564699872214153,-8.720451343789746,-0.8180364036090768,-0.3660892084096748,0.0,-8.89652374682581,-8.803298159743202
24,105,-8.582738042732748,-1.0,-8.89652374682581,-0.9973048007291282,-8.803298159743202,-0.8284681595345539,-0.5342471974920165,0.0,-8.996254226898722,-8.888836349561066
24,106,-8.363631723377031,-1.0,-8.996254226898722,-0.979451920665304,-8.888836349561066,-0.8553818981786498,-0.5101952020087337,0.0,-9.094199418965253,-8.976739269324847
24,107,-8.580608725710961,-1.0,-9.094199418965253,-0.9562721498081921,-8.976739269324847,-0.8790291976378064,-0.47531672432817207,0.0,-9.189826633946073,-9.066582462899468
24,108,-8.907123081837257,-1.0,-9.189826633946073,-0.8261637736279208,-9.066582462899468,-0.8984319357462138,-0.3049604443331742,0.0,-9.272443011308864,-9.156600278723033
24,109,-9.30660868426748,-1.0,-9.272443011308864,-0.8490289400851344,-9.156600278723033,-0.9001781582356524,-0.3176727301414924,0.0,-9.357345905317377,-9.246914251741659
24,110,-9.308397998056682,-1.0,-9.357345905317377,-0.9287755124026663,-9.246914251741659,-0.9031397301862607,-0.403039600236799,0.0,-9.450223456557644,-9.338368573626058
24,111,-9.14774031950682,-1.0,-9.450223456557644,-0.9460695090200685,-9.338368573626058,-0.9145432188439803,-0.4150569972770402,0.0,-9.544830407459651,-9.431046927182926
24,112,-9.514406496982973,-1.0,-9.544830407459651,-0.8625140590912476,-9.431046927182926,-0.9267835355686769,-0.3025815891425194,0.0,-9.631081813368775,-9.5237853893174
24,113,-10.101798632836426,-1.0,-9.631081813368775,-0.8180241966040898,-9.5237853893174,-0.9273846213447312,-0.23500441488912768,0.0,-9.712884233029184,-9.61590626481246
24,114,-9.653007470208944,-1.0,-9.712884233029184,-0.7891373469813862,-9.61590626481246,-0.9212087549506126,-0.18672467202480758,0.0,-9.791797967727323,-9.706946519011929
24,115,-9.846913964097212,-1.0,-9.791797967727323,-0.7589850500416329,-9.706946519011929,-0.9104025419946737,-0.13839904783048862,0.0,-9.867696472731486,-9.796457475555318
24,116,-10.644801653367326,-1.0,-9.867696472731486,-0.8406617008159367,-9.796457475555318,-0.8951095654338931,-0.2301443015780049,0.0,-9.95176264281308,-9.8854055245051
24,117,-9.964226954317779,-1.0,-9.95176264281308,-0.7788756950607791,-9.8854055245051,-0.889480489497809,-0.1507176382971271,0.0,-10.029650212319158,-9.973014412271459
24,118,-10.164073093699036,-1.0,-10.029650212319158,-0.7740596607730316,-9.973014412271459,-0.8760888776635918,-0.14084658959616458,0.0,-10.10705617839646,-10.059228281525256
24,119,-9.973037801434643,-1.0,-10.10705617839646,-0.940241958344996,-10.059228281525256,-0.8621386925379733,-0.3444348006029273,0.0,-10.20108037423096,-10.14612765496896
24,120,-10.145670892638952,-1.0,-10.20108037423096,-0.9568422894730291,-10.14612765496896,-0.8689937344370509,-0.37091933697498536,-1.406536862500511,-10.296764603178262,-10.374609128082268
24,121,-9.886521748839188,-1.0,-10.296764603178262,-0.8349916716059397,-10.374609128082268,-2.284814731133075,1.511853124328802,0.0,-10.380263770338857,-10.580660662812662
24,122,-9.989781242542199,-1.0,-10.380263770338857,-0.8764064570163203,-10.580660662812662,-2.0605153473039364,1.451913391330518,0.0,-10.467904416040488,-10.765599414518377
24,123,-10.57783162461892,-1.0,-10.467904416040488,-0.8940257397477882,-10.765599414518377,-1.8493875170571585,1.3884708515055926,0.0,-10.557306990015267,-10.930735417654454
24,124,-10.93258338686957,-1.0,-10.557306990015267,-0.8774440508820727,-10.930735417654454,-1.6513600313607701,1.3411272212219445,0.0,-10.645051395103474,-11.077175796477956
24,125,-10.62581513921931,-1.0,-10.645051395103474,-0.8573613478601587,-11.077175796477956,-1.464403788235031,1.2782128555822783,0.0,-10.73078752988949,-11.206147954623285
24,126,-10.276695694850014,-1.0,-10.73078752988949,-0.8550603402827738,-11.206147954623285,-1.289721581453282,1.177624926034241,0.0,-10.816293563917768,-11.31921675444762
24,127,-10.794747529433097,-1.0,-10.816293563917768,-0.8119424533619477,-11.31921675444762,-1.1306879982433529,1.1148813707337435,0.0,-10.897487809253962,-11.417518538970238
24,128,-10.83847705911461,-1.0,-10.897487809253962,-0.8726568024546492,-11.417518538970238,-0.9830178452261912,0.91649443643112,0.0,-10.984753489499427,-11.503509722023823
24,129,-10.81862858287011,-1.0,-10.984753489499427,-0.9659924646250284,-11.503509722023823,-0.8599118305358411,0.669605758420855,0.0,-11.08135273596193,-11.580053129635484
24,130,-11.101938626848122,-1.0,-11.08135273596193,-0.9317431410373731,-11.580053129635484,-0.7654340761166086,0.5755987290373563,0.0,-11.174527050065668,-11.648391160913198
24,131,-11.21019908855496,-1.0,-11.174527050065668,-0.9102189047153884,-11.648391160913198,-0.6833803127771415,0.4700775861604215,0.0,-11.265548940537208,-11.70984159932842
24,132,-11.285398788370612,-1.0,-11.265548940537208,-0.821273344480487,-11.70984159932842,-0.6145043841522309,0.4528984416901827,0.0,-11.347676274985258,-11.764796639297455
24,133,-11.353040344066043,-1.0,-11.347676274985258,-0.6794261434005416,-11.764796639297455,-0.5495503996903413,0.5096093065527527,0.0,-11.415618889325312,-11.812897024921952
24,134,-11.75482796489358,-1.0,-11.415618889325312,-0.6873494188053362,-11.812897024921952,-0.48100385624497505,0.3911420676864171,0.0,-11.484353831205846,-11.855546777529602
24,135,-10.967627779363104,-1.0,-11.484353831205846,-0.6660183271345896,-11.855546777529602,-0.4264975260764941,0.31199671906804827,0.0,-11.550955663919305,-11.893711770863126
24,136,-11.829071386346648,-1.0,-11.550955663919305,-0.5925735334249851,-11.893711770863126,-0.38164993333524144,0.30300291406821417,0.0,-11.610213017261804,-11.927625455269295
24,137,-11.293007115579826,-1.0,-11.610213017261804,-0.6013105173790276,-11.927625455269295,-0.3391368440616923,0.20068820761553524,0.0,-11.670344068999707,-11.958447019698312
24,138,-11.896648464815016,-1.0,-11.670344068999707,-0.6161603232489511,-11.958447019698312,-0.3082156442901646,0.09565888608463596,0.0,-11.731960101324603,-11.987325705204753
24,139,-11.410197453570197,-1.0,-11.731960101324603,-0.7387559995340465,-11.987325705204753,-0.28878685506441576,-0.13671109442863344,0.0,-11.805835701278008,-12.016647383719276
24,140,-11.735831224346379,-1.0,-11.805835701278008,-0.790295207735874,-12.016647383719276,-0.2932167851452178,-0.2781353446349819,0.0,-11.884865222051596,-12.047812121967683
24,141,-11.711050315834404,-1.0,-11.884865222051596,-0.8533661097636237,-12.047812121967683,-0.31164738248406904,-0.4252256291050437,0.0,-11.970201833027959,-12.082231844883191
24,142,-11.37324426538914,-1.0,-11.970201833027959,-0.8706084091185813,-12.082231844883191,-0.3441972291550832,-0.5065387727164317,0.0,-12.057262673939817,-12.120615524392568
24,143,-11.883903513341107,-1.0,-12.057262673939817,-0.7853964905855608,-12.120615524392568,-0.3838367950937637,-0.44973325768712696,0.0,-12.135802322998373,-12.162268258734516
24,144,-12.335672278667491,-1.0,-12.135802322998373,-0.7490912772401677,-12.162268258734516,-0.416527343419476,-0.43881203568929206,0.0,-12.210711450722389,-12.206976225934413
24,145,-12.379488669352703,-1.0,-12.210711450722389,-0.7686564513159121,-12.206976225934413,-0.44707967199898196,-0.48676722763397406,0.0,-12.28757709585398,-12.255121210460254
24,146,-12.756529125458801,-1.0,-12.28757709585398,-0.9354383865255811,-12.255121210460254,-0.48144984525841195,-0.7097874578161506,0.0,-12.381120934506537,-12.30882343005943
24,147,-12.768883156205174,-1.0,-12.381120934506537,-0.8640473068816659,-12.30882343005943,-0.5370221959917578,-0.6369755014346583,0.0,-12.467525665194703,-12.367176933645778
24,148,-12.729918624484103,-1.0,-12.467525665194703,-0.8154012420050613,-12.367176933645778,-0.5835350358634874,-0.5799538995851001,0.0,-12.54906578939521,-12.429462664113215
24,149,-12.30026183809572,-1.0,-12.54906578939521,-0.899638471402662,-12.429462664113215,-0.6228573046743658,-0.6783191240458931,0.0,-12.639029636535476,-12.496538442446152
24,150,-12.752041568013166,-1.0,-12.639029636535476,-0.8736029185828659,-12.496538442446152,-0.6707577833293754,-0.6382126410192455,0.0,-12.726389928393763,-12.567849922282628
24,151,-12.53213102764732,-1.0,-12.726389928393763,-0.8808235555795332,-12.567849922282628,-0.71311479836476,-0.6323455641633245,0.0,-12.814472283951716,-12.64320289040597
24,152,-13.034254240187419,-1.0,-12.814472283951716,-0.821351789331071,-12.64320289040597,-0.7535296812334201,-0.5400116725884122,0.0,-12.896607462884823,-12.72154468027525
24,153,-13.190778108482789,-1.0,-12.896607462884823,-0.9679621209605119,-12.72154468027525,-0.7834178986927919,-0.6967105735865113,0.0,-12.993403674980874,-12.804346638604576
24,154,-13.124503580963621,-1.0,-12.993403674980874,-1.0193743721804827,-12.804346638604576,-0.8280195832932736,-0.7392623044811086,0.0,-13.095341112198922,-12.891891557312176
24,155,-13.321799912592422,-1.0,-13.095341112198922,-0.8753789034860312,-12.891891557312176,-0.8754491870759997,-0.5382529759159278,0.0,-13.182879002547525,-12.982017568380293
24,156,-13.19134075380266,-1.0,-13.182879002547525,-0.9364000444871641,-12.982017568380293,-0.9012601106811605,-0.5817245919358065,0.0,-13.27651900699624,-13.075076793013586
24,157,-12.643317367690189,-1.0,-13.27651900699624,-0.9637686350327743,-13.075076793013586,-0.930592246332944,-0.5858005014837943,0.0,-13.372895870499518,-13.171016127473454
24,158,-13.323473923153628,-1.0,-13.372895870499518,-0.9589568240640126,-13.171016127473454,-0.9593933445986692,-0.5504261904886724,0.0,-13.46879155290592,-13.269389665135492
24,159,-13.184747538703885,-1.0,-13.46879155290592,-0.9071556777862647,-13.269389665135492,-0.983735376620379,-0.45630860898993153,0.0,-13.559507120684547,-13.369178335682244
24,160,-13.503517554068555,-1.0,-13.559507120684547,-0.7951266756703543,-13.369178335682244,-0.99788670546752,-0.2863086559662513,0.0,-13.639019788251582,-13.468636855331162
24,161,-13.944592837433804,-1.0,-13.639019788251582,-0.8115306049241436,-13.468636855331162,-0.9945851964891845,-0.27313426667045215,-0.45607951305345384,-13.720172848743998,-13.613251996323365
24,162,-14.058341801437704,-1.0,-13.720172848743998,-0.7530872373811692,-13.613251996323365,-1.4461514099220296,0.3905926652742183,0.0,-13.795481572482114,-13.749333526151075
24,163,-13.537062339624292,-1.0,-13.795481572482114,-0.7448801645483978,-13.749333526151075,-1.360815298277103,0.42355517426126443,0.0,-13.869969588936954,-13.876824895281686
24,164,-13.926846751508391,-1.0,-13.869969588936954,-0.8083992745289484,-13.876824895281686,-1.2749136913061092,0.35296858856591984,0.0,-13.950809516389848,-13.996706854714459
24,165,-13.797624318465788,-1.0,-13.950809516389848,-0.7010674563208685,-13.996706854714459,-1.1988195943277218,0.4778523413883659,0.0,-14.020916262021935,-14.1079740680315
24,166,-14.239218817771816,-1.0,-14.020916262021935,-0.6646158747384654,-14.1079740680315,-1.1126721331703981,0.508562075644609,0.0,-14.08737784949578,-14.210595109765947
24,167,-14.5068103084407,-1.0,-14.08737784949578,-0.7360009033475642,-14.210595109765947,-1.0262104173444846,0.396511754077277,0.0,-14.160977939830536,-14.305967160624121
24,168,-14.039097264620935,-1.0,-14.160977939830536,-0.7749619726600313,-14.305967160624121,-0.9537205085817334,0.31255855624381457,0.0,-14.238474137096539,-14.395161720292394
24,169,-14.24990344171186,-1.0,-14.238474137096539,-0.8624008565085143,-14.395161720292394,-0.8919455966827364,0.16134984764119067,0.0,-14.32471422274739,-14.479888555574872
24,170,-14.751745620185753,-1.0,-14.32471422274739,-0.9753459237817143,-14.479888555574872,-0.8472683528247698,-0.02784792967356685,0.0,-14.422248815125561,-14.562182611425046
24,171,-14.273348237382816,-1.0,-14.422248815125561,-0.9440680192794181,-14.562182611425046,-0.8229405585017338,-0.04295889422921553,0.0,-14.516655617053503,-14.642272846430306
24,172,-14.107203980207961,-1.0,-14.516655617053503,-0.8357405883671127,-14.642272846430306,-0.8009023500525998,0.041199715268928114,0.0,-14.600229675890215,-14.719388196762708
24,173,-14.630898997910599,-1.0,-14.600229675890215,-1.0371354872513208,-14.719388196762708,-0.7711535033240238,-0.2507078846510451,0.0,-14.703943224615347,-14.796542934730983
24,174,-14.648296386154886,-1.0,-14.703943224615347,-1.0223552198651769,-14.796542934730983,-0.7715473796827595,-0.2811744841526714,0.0,-14.806178746601866,-14.8740404659258
24,175,-14.944517226343011,-1.0,-14.806178746601866,-0.822227348667613,-14.8740404659258,-0.7749753119481784,-0.07618251730963571,0.0,-14.888401481468627,-14.94981990129548
24,176,-14.997281703162972,-1.0,-14.888401481468627,-0.7089043634720318,-14.94981990129548,-0.7577943536968003,0.03381125917335917,0.0,-14.95929191781583,-15.022836282141597
24,177,-14.83291762518777,-1.0,-14.95929191781583,-0.8036667586898014,-15.022836282141597,-0.7301638084611667,-0.10829937409501197,0.0,-15.03965859368481,-15.094599132541589
24,178,-14.68956336146048,-1.0,-15.03965859368481,-0.854095055492747,-15.094599132541589,-0.7176285039999105,-0.19965746744859547,0.0,-15.125068099234085,-15.166062146403267
24,179,-15.175164349956512,-1.0,-15.125068099234085,-0.7449540999232898,-15.166062146403267,-0.7146301386167729,-0.09381768059466436,0.0,-15.199563509226413,-15.236176520627318
25,0,0.3711525400360332,1.0,0.0,0.9109085205530667,-0.7,0.0,2.4199720228830373,0.0,0.09109085205530668,-0.6758002797711696
25,1,0.4479010575780765,-1.0,0.09109085205530668,-0.8432877344120522,-0.6758002797711696,0.24199720228830374,0.1231911794773779,0.0,0.006762078614101455,-0.651143038794888
25,2,0.29003002361024227,-1.0,0.006762078614101455,-0.9942400211921667,-0.651143038794888,0.2465724097628158,-0.269662989216652,0.0,-0.09266192350511522,-0.6299714594220139
25,3,-0.0674630146613398,-1.0,-0.09266192350511522,-1.001991600571638,-0.6299714594220139,0.2117157937287405,-0.46573856867488783,0.0,-0.19286108356227905,-0.6141347562758207
25,4,-0.013748771601225923,1.0,-0.19286108356227905,0.737705100250548,-0.6141347562758207,0.158367031461932,1.5241367102944503,0.0,-0.11909057353722424,-0.5835634605273612
25,5,-0.34507067678899894,1.0,-0.11909057353722424,0.7849111558571692,-0.5835634605273612,0.30571295748459526,1.5076415130565324,0.0,-0.04059945795150732,-0.5388940311122871
25,6,0.09744356359348685,1.0,-0.04059945795150732,0.8829583767893869,-0.5388940311122871,0.44669429415074147,1.543269546824057,0.0,0.047696379727431376,-0.48022132797025474
25,7,0.23738866650782328,1.0,0.047696379727431376,0.8931696755911787,-0.48022132797025474,0.5867270314203235,1.4636489256044856,0.0,0.13701334728654924,-0.40878966207272255
25,8,0.1653875569085178,1.0,0.13701334728654924,0.8984354964454225,-0.40878966207272255,0.7143166589753217,1.369270913500662,0.0,0.2268568969310915,-0.3259511003489048
25,9,0.8235620958834158,1.0,0.2268568969310915,0.8993752078321893,-0.3259511003489048,0.8283856172381776,1.2636182785406604,0.0,0.31679441771431044,-0.2331271898148426
25,10,0.3095723784137086,1.0,0.31679441771431044,0.8326110729361587,-0.2331271898148426,0.928239105340622,1.0709785883974359,0.0,0.4000555250079263,-0.13256385853389602
25,11,0.16760864974086187,1.0,0.4000555250079263,0.797155881434572,-0.13256385853389602,1.0056333128094657,0.9139183946741287,0.0,0.4797711131513835,-0.026079369907198446
25,12,0.12266616936528901,1.0,0.4797711131513835,0.7717441990335094,-0.026079369907198446,1.0648448862669757,0.770840348884436,0.0,0.5569455330547344,0.08470601857228915
25,13,0.8026917996481464,1.0,0.5569455330547344,0.7979608191027289,0.08470601857228915,1.107853884794876,0.6958781343497742,0.0,0.6367416149650073,0.1989050559639309
25,14,0.5047460750361146,1.0,0.6367416149650073,0.7394739149957998,0.1989050559639309,1.1419903739164174,0.5241580265595658,0.0,0.7106890064645872,0.3146913044246358
25,15,0.5622373841089332,1.0,0.7106890064645872,0.732720105392012,0.3146913044246358,1.1578624846070487,0.42174947009564395,0.0,0.7839610170037884,0.4309898876355545
25,16,0.524755355626386,1.0,0.7839610170037884,0.7763359320783815,0.4309898876355545,1.1629858321091875,0.3906363417333869,0.0,0.8615946102116265,0.5474732796010577
25,17,0.5056610933478378,1.0,0.8615946102116265,0.78314586622832,0.5474732796010577,1.1648339196550321,0.3252339907837438,0.0,0.9399091968344585,0.6634815429315023
25,18,1.1405563563184618,1.0,0.9399091968344585,0.7739862374819352,0.6634815429315023,1.1600826333044454,0.24917739804099126,0.0,1.017307820582652,0.7782693158157825
25,19,0.5001081483969378,1.0,1.017307820582652,0.7725069529593672,0.7782693158157825,1.1478777288428024,0.1909957054385844,0.0,1.0945585158785887,0.8912938370221517
25,20,1.7736612907313023,1.0,1.0945585158785887,0.7000724897489298,0.8912938370221517,1.1302452120636912,0.053871708057461054,0.0,1.1645657648534817,1.0012402906304916
25,21,0.9919956934300679,1.0,1.1645657648534817,0.6392872868079049,1.0012402906304916,1.0994645360833992,-0.06276583636727467,0.0,1.2284944935342723,1.1070407993596918
25,22,1.4629240001325237,1.0,1.2284944935342723,0.6340563690052012,1.1070407993596918,1.058005087292003,-0.10315639171220586,0.0,1.2919001304347923,1.2084241278924357
25,23,1.2077402866852103,1.0,1.2919001304347923,0.7518519028485473,1.2084241278924357,1.0138332853274383,0.01844275512750565,0.0,1.3670853207196472,1.3067476174634067
25,24,1.5741275292370507,1.0,1.3670853207196472,0.8252513523595798,1.3067476174634067,0.9832348957097109,0.09841353069292938,0.0,1.4496104559556051,1.402908890675036
25,25,1.663822176247109,1.0,1.4496104559556051,0.8425369374419058,1.402908890675036,0.9616127321162931,0.11723764478769902,0.0,1.5338641496997958,1.49716537959177
25,26,1.6642949508928297,1.0,1.5338641496997958,0.878988428275723,1.49716537959177,0.9425648891673416,0.16375029999465657,0.0,1.621762992527368,1.5900431638631154
25,27,2.2100143206549294,1.0,1.621762992527368,0.9170347916500363,1.5900431638631154,0.9287778427134523,0.2160029158675371,0.0,1.7134664716923715,1.682108888196453
25,28,1.3733502680654743,1.0,1.7134664716923715,0.725484234700182,1.682108888196453,0.9206572433333755,-0.012705546177870175,0.0,1.7860148951623898,1.771101453889345
25,29,1.8104615768913794,1.0,1.7860148951623898,0.7135313571833252,1.771101453889345,0.8899256569289204,-0.02562084729882705,0.0,1.8573680308807223,1.8569900490070763
25,30,1.6700591716916628,1.0,1.8573680308807223,0.8012539625982246,1.8569900490070763,0.8588859511773123,0.0884176615388747,0.0,1.9374934271405448,1.9410143856964288
25,31,2.0071366638653467,1.0,1.9374934271405448,0.928618182992092,1.9410143856964288,0.8402433668935257,0.2580741474286461,0.0,2.030355245439754,2.0249306850860087
25,32,1.884280328984488,1.0,2.030355245439754,0.9106681767961854,2.0249306850860087,0.8391629938957975,0.2535894914071308,0.0,2.1214220631193728,2.1086975578091933
25,33,1.8303072065682848,1.0,2.1214220631193728,1.004935506846959,2.1086975578091933,0.837668727231845,0.3850835221863888,0.0,2.2219156138040685,2.1936347258270996
25,34,2.183456200484879,-1.0,2.2219156138040685,-0.6062882839338153,2.1936347258270996,0.8493716801790648,-1.588286652088887,0.0,2.161286785410687,2.2599710379475444
25,35,2.072822929110682,-1.0,2.161286785410687,-0.656403853032366,2.2599710379475444,0.6633631212044461,-1.6897559029528262,0.0,2.0956464001074506,2.3072870290506065
25,36,2.1106554734040075,-1.0,2.0956464001074506,-0.775048786351816,2.3072870290506065,0.47315991103062116,-1.8455383212714835,0.0,2.018141521472269,2.3346335252256556
25,37,2.0667848682102368,-1.0,2.018141521472269,-0.8577069821682163,2.3346335252256556,0.27346496175049295,-1.9319165397595301,0.0,1.9323708232554473,2.341785768125508
25,38,1.6696181974124524,-1.0,1.9323708232554473,-0.8512059779569933,2.341785768125508,0.07152242899852415,-1.883755581234949,0.0,1.847250225459748,2.3298715834402155
25,39,1.5737832760199013,-1.0,1.847250225459748,-0.8291632910974378,2.3298715834402155,-0.11914184685292353,-1.791767237573631,0.0,1.7643338963500041,2.300420980289116
25,40,1.2924679002066068,-1.0,1.7643338963500041,-0.8315841444453554,2.300420980289116,-0.2945060315109931,-1.7095361905908284,0.0,1.6811754819054685,2.2548174345329435
25,41,1.6100777291046255,-1.0,1.6811754819054685,-0.7860641990077918,2.2548174345329435,-0.45603545756172414,-1.5531896676956414,0.0,1.6025690620046893,2.1951413055640123
25,42,1.55581744961693,-1.0,1.6025690620046893,-0.7559942255977952,2.1951413055640123,-0.5967612896893131,-1.403312165024246,0.0,1.5269696394449097,2.1233416910718446
25,43,1.6689122003880195,-1.0,1.5269696394449097,-0.7708601985512846,2.1233416910718446,-0.7179961449216796,-1.3014046885529023,0.0,1.4498836195897813,2.040825617357897
25,44,1.6295805061957453,-1.0,1.4498836195897813,-0.7542984447155172,2.040825617357897,-0.8251607371394761,-1.1583825010982283,0.0,1.3744537751182295,1.9493662329918136
25,45,1.0168338947437547,-1.0,1.3744537751182295,-0.7521201601613435,1.9493662329918136,-0.9145938436608357,-1.0321329090215121,0.0,1.2992417591020953,1.8505122198352295
25,46,1.3894605064034773,-1.0,1.2992417591020953,-0.9019826741792798,1.8505122198352295,-0.9885401315658402,-1.0958318168235768,0.0,1.2090434916841672,1.7438632169314203
25,47,1.2231108301798925,-1.0,1.2090434916841672,-0.9679029731849644,1.7438632169314203,-1.066490029038091,-1.0649621331008536,0.0,1.1122531943656708,1.6299773607895245
25,48,0.38234189676109864,-1.0,1.1122531943656708,-0.9047844620520883,1.6299773607895245,-1.1388585614189575,-0.879397029028553,0.0,1.021774748160462,1.5109418817538838
25,49,0.9102196982776731,-1.0,1.021774748160462,-0.8281168548270883,1.5109418817538838,-1.1903547903564062,-0.6778109829850578,0.0,0.9389630626777532,1.388937428217533
25,50,1.073608487592443,-1.0,0.9389630626777532,-0.8192615159440962,1.388937428217533,-1.220044535363507,-0.5631937863078693,0.0,0.8570369110833436,1.2652051793312669
25,51,1.1612591363202502,-1.0,0.8570369110833436,-0.8400065799089547,1.2652051793312669,-1.2373224888626617,-0.49333080914042243,0.0,0.7730362530924481,1.140499054317957
25,52,0.9298185757483981,-1.0,0.7730362530924481,-0.819832629817384,1.140499054317957,-1.2470612501330989,-0.382885167451907,0.0,0.6910529901107096,1.0159546736305538
25,53,0.9567745249798587,-1.0,0.6910529901107096,-0.7881079520954682,1.0159546736305538,-1.2454438068740303,-0.26666543813188315,0.0,0.6122421949011628,0.8927290587438288
25,54,0.30442177672516946,-1.0,0.6122421949011628,-0.7848747627872301,0.8927290587438288,-1.2322561488672497,-0.19435207384054903,0.0,0.5337547186224398,0.7715031427950736
25,55,1.079263247541161,-1.0,0.5337547186224398,-0.932187226963621,0.7715031427950736,-1.2122591594875525,-0.31821369255751425,0.0,0.44053599592607773,0.6509743192311034
25,56,-0.06412810612900433,-1.0,0.44053599592607773,-0.878488078243434,0.6509743192311034,-1.205288235639702,-0.20869102732325123,0.0,0.35268718810173433,0.5322155077479477
25,57,0.5917694090195722,-1.0,0.35268718810173433,-0.8110891429621759,0.5322155077479477,-1.1875881148315568,-0.08685496233064732,0.0,0.27157827380551675,0.41638842860894654
25,58,0.05607840154780411,-1.0,0.27157827380551675,-0.8054081100582476,0.41638842860894654,-1.1582707913900117,-0.0463934713487687,0.0,0.19103746279969197,0.30380388128890573
25,59,0.16691983802815694,-1.0,0.19103746279969197,-0.6564968854233809,0.30380388128890573,-1.1258454732004082,0.1627462191575077,0.0,0.12538777425735387,0.19644950167468128
25,60,0.010824389200169315,-1.0,0.12538777425735387,-0.8006944305520575,0.19644950167468128,-1.0735437961422443,0.006899168495509811,0.0,0.04531833120214812,0.09259945389306712
25,61,-0.3595837523305523,-1.0,0.04531833120214812,-0.9315845296277513,0.09259945389306712,-1.0385004778161415,-0.14755146936152444,0.0,-0.04784012176062702,-0.009402907053150639
25,62,0.3306306408788175,-1.0,-0.04784012176062702,-0.6664699933703186,-0.009402907053150639,-1.0200236094621775,0.17682550091411156,0.0,-0.11448712109765889,-0.10637293743994831
25,63,-0.4907179256742013,-1.0,-0.11448712109765889,-0.7788605908906107,-0.10637293743994831,-0.9697003038679767,0.0412812495447068,0.0,-0.19237318018671995,-0.1998271143589214
25,64,-0.6467893027985533,-1.0,-0.19237318018671995,-0.9600826674739221,-0.1998271143589214,-0.9345417691897308,-0.19064345846250388,0.0,-0.28838144693411216,-0.2921971922011124
25,65,-0.10269710179038344,-1.0,-0.28838144693411216,-0.9601539998121741,-0.2921971922011124,-0.9237007784219098,-0.20884524368107937,0.0,-0.3843968469153296,-0.38369987998916405
25,66,-0.4559722337316966,-1.0,-0.3843968469153296,-0.8635038092638423,-0.38369987998916405,-0.9150268778805166,-0.10693837147970908,0.0,-0.47074722784171386,-0.47334386548279517
25,67,0.12215773404147101,-1.0,-0.47074722784171386,-0.9009688213568339,-0.47334386548279517,-0.896439854936311,-0.16663086705656302,0.0,-0.5608441099773973,-0.5617855521111957
25,68,-0.3837157226532999,-1.0,-0.5608441099773973,-0.9076345604427455,-0.5617855521111957,-0.8844168662840053,-0.19054930460105793,0.0,-0.6516075660216718,-0.6493025978134981
25,69,-0.553681285272374,-1.0,-0.6516075660216718,-0.831288562679317,-0.6493025978134981,-0.8751704570230229,-0.11197658621990392,0.0,-0.7347364222896036,-0.7351388639155257
25,70,-0.5434035383841991,-1.0,-0.7347364222896036,-0.6931762790507388,-0.7351388639155257,-0.8583626610202766,0.045952606451584055,0.0,-0.8040540501946775,-0.8177688434377727
25,71,-0.5684519773046603,-1.0,-0.8040540501946775,-0.675804584541446,-0.8177688434377727,-0.8262997952224693,0.058368490574633114,0.0,-0.8716345086488221,-0.8971709787095614
25,72,-1.4440098557417733,-1.0,-0.8716345086488221,-0.6942863409299092,-0.8971709787095614,-0.794021352717887,0.02352125891771127,0.0,-0.941063142741813,-0.9737970330634758
25,73,-1.3047056955135274,-1.0,-0.941063142741813,-0.7601580429659358,-0.9737970330634758,-0.7662605435391435,-0.0736639152517538,0.0,-1.0170789470384065,-1.0487076928305823
25,74,-1.3403420605415368,-1.0,-1.0170789470384065,-0.7246484700455766,-1.0487076928305823,-0.7491065976710664,-0.04986575323614232,0.0,-1.0895437940429642,-1.121719869017503
25,75,-0.4694411792733778,-1.0,-1.0895437940429642,-0.5575091867044255,-1.121719869017503,-0.7301217618692064,0.13762974308559794,0.0,-1.1452947127134068,-1.1910193581355861
25,76,-1.2698943789220012,-1.0,-1.1452947127134068,-0.7093908930738879,-1.1910193581355861,-0.692994891180832,-0.06386252317534595,0.0,-1.2162338020207955,-1.258739888833644
25,77,-1.2955778224639447,-1.0,-1.2162338020207955,-0.8148017297606649,-1.258739888833644,-0.67720530698058,-0.2165783033210424,0.0,-1.297713974996862,-1.3264591455825747
25,78,-0.9184375892167009,-1.0,-1.297713974996862,-0.8420207504392108,-1.3264591455825747,-0.6771925674893057,-0.27566486534508566,0.0,-1.381916050040783,-1.3947680347689904
25,79,-1.2394770965927115,-1.0,-1.381916050040783,-0.7859729978769339,-1.3947680347689904,-0.6830888918641564,-0.2296571441734654,0.0,-1.4605133498284764,-1.4631876109431754
25,80,-1.5025786791393778,-1.0,-1.4605133498284764,-0.7526390019803747,-1.4631876109431754,-0.6841957617418499,-0.20615623455462723,0.0,-1.5357772500265139,-1.5314793230253327
25,81,-1.7365314058444539,-1.0,-1.5357772500265139,-0.7869116033386339,-1.5314793230253327,-0.6829171208215734,-0.2627240182127458,0.0,-1.6144684103603772,-1.6002129405029886
25,82,-1.847444339746176,-1.0,-1.6144684103603772,-0.8286428424238768,-1.6002129405029886,-0.6873361747765576,-0.32804354611427133,0.0,-1.697332694602765,-1.6700275176825021
25,83,-1.6731022040070158,1.0,-1.697332694602765,0.9079778653517759,-1.6700275176825021,-0.6981457717951349,1.803891146791849,0.0,-1.6065349080675873,-1.7195691169243528
25,84,-1.4454622232929892,1.0,-1.6065349080675873,0.9151928327376446,-1.7195691169243528,-0.4954159924185057,1.8595632268554383,0.0,-1.515015624793823,-1.7489297527219096
25,85,-1.317864740554273,1.0,-1.515015624793823,0.9809968436364691,-1.7489297527219096,-0.29360635797556967,1.9525589144323483,0.0,-1.4169159404301759,-1.7578252590296213
25,86,-1.1496983316389473,1.0,-1.4169159404301759,0.9197390436186272,-1.7578252590296213,-0.08895506307711662,1.8599627745089513,0.0,-1.324942036068313,-1.7478364813903966
25,87,-1.6827442963595367,1.0,-1.324942036068313,0.971151783937994,-1.7478364813903966,0.09988777639224625,1.8768450117974185,0.0,-1.2278268576745137,-1.719398894517653
25,88,-1.2314041762784989,1.0,-1.2278268576745137,0.8705076503252013,-1.719398894517653,0.28437586872743625,1.685890554147623,0.0,-1.1407760926419936,-1.675012404883361
25,89,-1.248218196324628,1.0,-1.1407760926419936,0.999419108934956,-1.675012404883361,0.4438648963429206,1.7565616360211336,0.0,-1.040834181748498,-1.614480666557155
25,90,-1.3063470038014182,1.0,-1.040834181748498,0.9214325462448907,-1.614480666557155,0.6053173832620605,1.563631939083292,0.0,-0.9486909271240089,-1.5402496244665547
25,91,-0.7535898824622802,1.0,-0.9486909271240089,0.868197351085506,-1.5402496244665547,0.7423104209060039,1.3871813767230055,0.0,-0.8618711920154584,-1.4545221619556234
25,92,-0.35746064791347043,1.0,-0.8618711920154584,0.8850156190854729,-1.4545221619556234,0.8572746251093123,1.2892602275950866,0.0,-0.7733696301069111,-1.358645375969091
25,93,-0.6889499066066617,1.0,-0.7733696301069111,0.853907199215934,-1.358645375969091,0.958767859865323,1.1306292680181225,0.0,-0.6879789101853176,-1.2545303544539466
25,94,-1.0847009722115812,1.0,-0.6879789101853176,0.8025478586022212,-1.2545303544539466,1.041150215151445,0.9460590513616898,0.0,-0.6077241243250955,-1.1442864231136698
25,95,-0.512748780358316,1.0,-0.6077241243250955,0.8390138942319294,-1.1442864231136698,1.1024393134027677,0.8712611330623892,0.0,-0.5238227349019026,-1.028857686245658
25,96,-0.10813393283000533,1.0,-0.5238227349019026,0.7889220243998253,-1.028857686245658,1.154287368680118,0.6966316230056079,0.0,-0.44493053246192005,-0.9101563527273665
25,97,-0.636107275840903,1.0,-0.44493053246192005,0.9313723074856082,-0.9101563527273665,1.187013335182915,0.7645485652937414,0.0,-0.3517933017133592,-0.7876079762287229
25,98,-0.5933312140347898,1.0,-0.3517933017133592,0.8521438042425745,-0.7876079762287229,1.2254837649864359,0.5718967928572448,0.0,-0.26657892128910177,-0.6632621798494635
25,99,-0.209368076682235,1.0,-0.26657892128910177,0.9006471822029624,-0.6632621798494635,1.2434579637925944,0.5405324363751036,0.0,-0.17651420306880553,-0.5374901245905892
25,100,-0.3555234123696345,1.0,-0.17651420306880553,0.8258062739532258,-0.5374901245905892,1.2577205525887418,0.36706962292935474,0.0,-0.09393357567348294,-0.4120720788707054
25,101,-0.029481139416967478,1.0,-0.09393357567348294,0.7034356000021982,-0.4120720788707054,1.2541804571988375,0.140409716858797,0.0,-0.023590015673263118,-0.28926331344526995
25,102,0.6068391288211975,1.0,-0.023590015673263118,0.5743550600930674,-0.28926331344526995,1.2280876542543544,-0.08866793687392127,0.0,0.03384549033604362,-0.17127110788218763
25,103,0.07790981212649527,1.0,0.03384549033604362,0.6461333708654231,-0.17127110788218763,1.179922055630823,-0.06147773868983869,0.0,0.09845882742258594,-0.05766943028402234
25,104,-0.029697936147970533,1.0,0.09845882742258594,0.596796500388227,-0.05766943028402234,1.1360167759816528,-0.1669366600440499,0.0,0.15813847746140863,0.05062762703056116
25,105,0.3215429530940242,1.0,0.15813847746140863,0.669260196577543,0.05062762703056116,1.082970573145835,-0.11168768573279336,0.0,0.22506449711916293,0.15434230165375007
25,106,0.1670783421693548,1.0,0.22506449711916293,0.6553819252741275,0.15434230165375007,1.0371467462318888,-0.14877134421892196,0.0,0.2906026896465757,0.2532503932468077
25,107,0.8672898951092884,1.0,0.2906026896465757,0.695546722024857,0.2532503932468077,0.9890809159305762,-0.11043301168683575,0.0,0.36015736184906144,0.3478890957920191
25,108,0.5098599843992045,1.0,0.36015736184906144,0.7285779670421176,0.3478890957920191,0.9463870254521142,-0.07121629522217626,0.0,0.4330151585532732,0.438787196903562
25,109,0.4566976545315423,1.0,0.4330151585532732,0.8776540152598616,0.438787196903562,0.9089810111154288,0.11879437622669473,0.0,0.5207805600792594,0.5279645025418025
25,110,0.16166545089267248,1.0,0.5207805600792594,0.8484136514315599,0.5279645025418025,0.8917730563824046,0.09813885676074702,0.0,0.6056219252224154,0.6152695229672267
25,111,0.8781154637483068,1.0,0.6056219252224154,0.7436131042863569,0.6152695229672267,0.8730502042542423,-0.01618858650120454,0.0,0.6799832356510511,0.6996188968740253
25,112,1.127616047175386,1.0,0.6799832356510511,0.6034877551877631,0.6996188968740253,0.8434937390679861,-0.17668702162700034,0.0,0.7403320111698274,0.7795022205995363
25,113,0.6737974751671731,1.0,0.7403320111698274,0.7264341272992944,0.7795022205995363,0.7988332372551105,-0.014093639348198947,0.0,0.8129754238997569,0.8566883415723491
25,114,0.9492866831495322,1.0,0.8129754238997569,0.7594773779985518,0.8566883415723491,0.771861209728127,0.046631393919382494,0.0,0.888923161699612,0.9318708206132256
25,115,1.1388371637696724,1.0,0.888923161699612,0.8753867482630463,0.9318708206132256,0.7518247904087652,0.21223343518547375,0.0,0.9764618365259167,1.0067697946766487
25,116,1.2943227775886006,1.0,0.9764618365259167,0.7485426598654685,1.0067697946766487,0.7489897406342321,0.08194123468905569,0.0,1.0513161025124635,1.0800914139169329
25,117,1.5553891283073638,1.0,1.0513161025124635,0.7558610805379358,1.0800914139169329,0.7332161924028422,0.11037710634309822,0.0,1.1269022105662572,1.152170512404959
25,118,1.2263027313691994,1.0,1.1269022105662572,0.7162723738815179,1.152170512404959,0.720790984880261,0.0810194892178018,0.0,1.1985294479544089,1.2227532746335463
25,119,1.362735135015467,1.0,1.1985294479544089,0.7794257871324198,1.2227532746335463,0.7058276222858729,0.17665776435196756,0.0,1.2764720266676508,1.2928439661143385
25,120,1.4725401844465407,1.0,1.2764720266676508,0.7683906938381646,1.2928439661143385,0.7009069148079218,0.18272215836544342,0.0,1.3533110960514674,1.3625189770513997
25,121,1.4220181873346462,1.0,1.3533110960514674,0.8804694056170128,1.3625189770513997,0.6967501093706127,0.33875752124799274,0.0,1.4413580366131686,1.433351962850955
25,122,1.8460167985704485,1.0,1.4413580366131686,0.8340463958562814,1.433351962850955,0.7083298579955524,0.30111218444727256,0.0,1.5247626761987967,1.5049294149493972
25,123,1.902258038572636,1.0,1.5247626761987967,0.8148122862676568,1.5049294149493972,0.715774520984422,0.29142145981830203,0.0,1.6062439048255623,1.5771306031788723
25,124,1.0124665171586171,1.0,1.6062439048255623,0.7717931252194863,1.5771306031788723,0.7220118822947507,0.24891164128295395,0.0,1.683423217347511,1.6495104697978338
25,125,1.6945308907961538,1.0,1.683423217347511,0.8179230080527202,1.6495104697978338,0.7237986661896141,0.3128848984129177,0.0,1.765215518152783,1.7227030296691177
25,126,1.1709398261354604,1.0,1.765215518152783,0.8943481312403003,1.7227030296691177,0.7319255987128382,0.4146461671280719,0.0,1.8546503312768132,1.7976998892958012
25,127,2.0958043305462253,1.0,1.8546503312768132,0.9111477714731228,1.7976998892958012,0.7499685962668347,0.44315878935400244,0.0,1.9457651084241254,1.874728437307971
25,128,2.1782857097338315,1.0,1.9457651084241254,0.8427906721570068,1.874728437307971,0.7702854801216962,0.36346456755100803,0.0,2.030044175639826,1.952926717459261
25,129,1.994994316272009,1.0,2.030044175639826,0.7631449855409674,1.952926717459261,0.7819828015129027,0.26406941318859195,0.0,2.1063586741939226,2.031263346777596
25,130,2.8619185162235783,1.0,2.1063586741939226,0.7157958711602438,2.031263346777596,0.7833662931833489,0.20039964876058924,0.0,2.177938261309947,2.1090972004453503
25,131,1.9791408011197957,1.0,2.177938261309947,0.7576905723355342,2.1090972004453503,0.7783385366775407,0.24584835592247073,0.0,2.2537073185435004,2.186898854354961
25,132,2.4995758550624156,1.0,2.2537073185435004,0.7402683338328084,2.186898854354961,0.7780165390961065,0.22090968498140512,0.0,2.3277341519267813,2.264419952189278
25,133,2.3049261795549745,1.0,2.3277341519267813,0.7511174188956863,2.264419952189278,0.7752109783431715,0.23078975459022388,0.0,2.40284589381635,2.341768272438799
25,134,2.380281999488259,1.0,2.40284589381635,0.8485984050235669,2.341768272438799,0.7734832024952124,0.3488552671326013,0.0,2.487705734318707,2.4201299991116616
25,135,1.9724665709113682,1.0,2.487705734318707,0.8735223438038221,2.4201299991116616,0.7836172667286257,0.38101707466569706,0.0,2.575057968699089,2.4997943212776494
25,136,2.671992911782343,1.0,2.575057968699089,0.8740283184844024,2.4997943212776494,0.7966432216598794,0.3821873383150271,0.0,2.6624608005475294,2.580731258517476
25,137,3.1081256086506714,1.0,2.6624608005475294,0.82439143400774,2.580731258517476,0.809369372398266,0.31948523273697815,0.0,2.7448999439483033,2.662273066092998
25,138,2.7765131445620432,1.0,2.7448999439483033,0.8097273155294401,2.662273066092998,0.8154180757552193,0.29668397916819295,0.0,2.8258726755012473,2.744172375617785
25,139,3.358061973916704,1.0,2.8258726755012473,0.7921720721017363,2.744172375617785,0.8189930952478716,0.2695353138197845,-3.6376430452420045,2.905089882711421,2.4623819558517765
25,140,3.0128134493017864,1.0,2.905089882711421,0.803046000628743,2.4623819558517765,-2.8179041976600865,3.2,0.0,2.9853944827742955,2.22160882951828
25,141,3.115149818019838,1.0,2.9853944827742955,0.7932999876272449,2.22160882951828,-2.4077312633349637,3.2,0.0,3.06472448153702,2.0205404432274556
25,142,2.986667339946883,1.0,3.06472448153702,0.8125848951703416,2.0205404432274556,-2.0106838629082446,3.2,0.0,3.145982971054054,1.8579062452979376
25,143,3.135333337573959,1.0,3.145982971054054,0.7702583368910606,1.8579062452979376,-1.6263419792951808,3.2,0.0,3.22300880474316,1.732476341702164
25,144,3.180566508381507,1.0,3.22300880474316,0.8743249451013517,1.732476341702164,-1.2542990359577348,3.2,0.0,3.3104412992532954,1.6430601950214552
25,145,3.626051533466887,1.0,3.3104412992532954,0.8858236255716214,1.6430601950214552,-0.8941614668070873,3.2,0.0,3.3990236618104577,1.588505365034529
25,146,3.340272552113501,1.0,3.3990236618104577,0.888635303206988,1.588505365034529,-0.5455482998692605,3.2,0.0,3.4878871921311565,1.5676962896071847
25,147,3.69092135096542,1.0,3.4878871921311565,0.9320761726199793,1.5676962896071847,-0.2080907542734441,3.2,0.0,3.5810948093931545,1.5795531045935152
25,148,3.8263863693261078,1.0,3.5810948093931545,0.8265885033651006,1.5795531045935152,0.11856814986330616,3.2,0.0,3.6637536597296645,1.6230305015002833
25,149,3.8860595685791433,1.0,3.6637536597296645,0.7422948863837321,1.6230305015002833,0.4347739690676804,3.2,0.0,3.7379831483680377,1.6971166217060347
25,150,3.6772383466653156,1.0,3.7379831483680377,0.6607276753498144,1.6971166217060347,0.7408612020575147,3.2,0.0,3.804055915903019,1.8008319860652022
25,151,3.2851930744021955,1.0,3.804055915903019,0.6526508559654081,1.8008319860652022,1.0371536435916742,3.2,0.0,3.86932100149956,1.9332284587648763
25,152,4.103683718552344,1.0,3.86932100149956,0.7387005326099965,1.9332284587648763,1.3239647269967407,3.103903398485932,0.0,3.9431910547605593,2.09242727832302
25,153,4.039792441988995,1.0,3.9431910547605593,0.7741555253361507,2.09242727832302,1.5919881955814383,2.708407454839083,0.0,4.020606607294174,2.273615810203694
25,154,4.531585758602026,1.0,4.020606607294174,0.8963947324315449,2.273615810203694,1.8118853188067408,2.436500884423269,0.0,4.110246080537329,2.473371317908419
25,155,4.188561453645504,1.0,4.110246080537329,0.7773264003202253,2.473371317908419,1.9975550770472519,1.8907835843593466,0.0,4.187978720569351,2.6856424852101863
25,156,4.182007303974381,1.0,4.187978720569351,0.8199433440850654,2.6856424852101863,2.1227116730176743,1.563104808690952,0.0,4.269973054977857,2.9067520232452067
25,157,4.104925243643468,1.0,4.269973054977857,0.7315369593727774,2.9067520232452067,2.211095380350204,1.1037569041630702,0.0,4.343126750915135,3.131823625104737
25,158,4.586294929943898,1.0,4.343126750915135,0.6676086151022969,3.131823625104737,2.2507160185953046,0.7021556028755036,0.0,4.409887612425365,3.3567144917335177
25,159,4.1561319828839665,1.0,4.409887612425365,0.6221058518764693,3.3567144917335177,2.248908666287805,0.355316900745162,0.0,4.472098197613012,3.5779620196376287
25,160,4.472078599401123,1.0,4.472098197613012,0.7608296711257384,3.5779620196376287,2.2124752790411115,0.27067753010157847,0.0,4.548181164725586,3.794836401949824
25,161,4.483823947819557,1.0,4.548181164725586,0.7826456128175632,3.794836401949824,2.168743823121954,0.08307412868679709,0.0,4.626445726007342,4.005601545314898
25,162,4.46521198353131,1.0,4.626445726007342,0.8806890562089372,4.005601545314898,2.107651433650731,0.02317871336579147,0.0,4.714514631628235,4.2098539912259465
25,163,4.173551617133942,1.0,4.714514631628235,0.8697547331850742,4.2098539912259465,2.0425244591104867,-0.1368814018382094,0.0,4.801490104946743,4.406201544849459
25,164,5.295929807007758,1.0,4.801490104946743,0.9043924106805163,4.406201544849459,1.9634755362351302,-0.21344084967647348,0.0,4.891929346014795,4.594131568260255
25,165,5.122489342079553,1.0,4.891929346014795,0.9265990678017493,4.594131568260255,1.8793002341079585,-0.2779895082322974,0.0,4.98458925279497,4.773267935839582
25,166,4.561633758759159,-1.0,4.98458925279497,-0.705109001841258,4.773267935839582,1.791363675793274,-2.360797040489426,0.0,4.914078352610844,4.923063969251477
25,167,4.505143555510577,-1.0,4.914078352610844,-0.727110230651652,4.923063969251477,1.4979603341189467,-2.487462876464856,0.0,4.841367329545679,5.043191900829543
25,168,4.380287797170692,-1.0,4.841367329545679,-0.6868304859832597,5.043191900829543,1.2012793157806547,-2.4829543886341625,0.0,4.772684280947352,5.134646194710768
25,169,4.647062872651178,-1.0,4.772684280947352,-0.7109063359386394,5.134646194710768,0.9145429388122575,-2.5078689510994105,0.0,4.701593647353488,5.198095261676801
25,170,4.9199551686112715,-1.0,4.701593647353488,-0.736029579879089,5.198095261676801,0.6344906696603241,-2.493739720792143,0.0,4.627990689365579,5.234576561291998
25,171,4.435035451491365,-1.0,4.627990689365579,-0.7565981940151877,5.234576561291998,0.3648129961519794,-2.4396362786322108,0.0,4.55233086996406,5.2454940965331875
25,172,4.654122892691021,-1.0,4.55233086996406,-0.8145666245675931,5.2454940965331875,0.10917535241189497,-2.402975870526352,0.0,4.470874207507301,5.232032511941395
25,173,4.746788386742124,1.0,4.470874207507301,0.7185122918736643,5.232032511941395,-0.13461584591792086,-0.37943354452528133,0.0,4.542725436694668,5.215207362611288
25,174,4.353463888394919,1.0,4.542725436694668,0.6939466779614254,5.215207362611288,-0.16825149330107553,-0.21040334769725721,0.0,4.612120104490811,5.196816584582772
25,175,4.405925809731943,1.0,4.612120104490811,0.8531872979753675,5.196816584582772,-0.18390778028516683,0.1651009941288769,0.0,4.697438834288348,5.180665321392456
25,176,4.539593230430266,1.0,4.697438834288348,0.8545587331062918,5.180665321392456,-0.1615126319031538,0.33099929774198067,0.0,4.7828947075989765,5.168340891601651
25,177,4.628525636991186,1.0,4.7828947075989765,0.7741856623310995,5.168340891601651,-0.1232442979080548,0.3724503653774178,0.0,4.8603132738320864,5.160135347217925
25,178,4.912226647730509,1.0,4.8603132738320864,0.7686046229611022,5.160135347217925,-0.08205544383725527,0.4807140896222788,0.0,4.937173736128197,5.156999521150701
25,179,5.177803228268186,1.0,4.937173736128197,0.8506641110329338,5.156999521150701,-0.031358260672235225,0.6768186485398872,0.0,5.02224014723149,5.1607322280030274
26,0,0.19693793970676227,1.0,0.0,0.8355281804319415,-0.7,0.0,2.3268773028334477,0.0,0.08355281804319416,-0.6767312269716654
26,1,-0.605253714859211,1.0,0.08355281804319416,0.8867705485532201,-0.6767312269716654,0.23268773028334477,2.257364993943205,0.0,0.17222987289851616,-0.6316334047408056
26,2,-0.03293768925628768,1.0,0.17222987289851616,0.8649876656951384,-0.6316334047408056,0.4509782223085983,2.081879697342213,0.0,0.25872863946803,-0.5671599158479113
26,3,0.2988525459526425,1.0,0.25872863946803,0.8375701690661863,-0.5671599158479113,0.6447348889289445,1.8853213527558397,0.0,0.3424856563746486,-0.48589636507203104
26,4,0.32085661979430374,1.0,0.3424856563746486,0.8604471656585578,-0.48589636507203104,0.8126355077588022,1.741891706117934,0.0,0.4285303729405044,-0.38981433085979966
26,5,0.4582753200061983,1.0,0.4285303729405044,0.836083767156692,-0.38981433085979966,0.9608203421223139,1.5376397952406475,0.0,0.5121387496561736,-0.2814305237899532
26,6,0.6762011848121218,1.0,0.5121387496561736,0.911791208688109,-0.2814305237899532,1.0838380706984647,1.4561353243717614,0.0,0.6033178705249844,-0.16195364530262418
26,7,1.1708113800815747,1.0,0.6033178705249844,0.7462253366279743,-0.16195364530262418,1.19476878487329,1.08283337089967,0.0,0.6779404041877819,-0.03547169321789301
26,8,0.7516127111202866,1.0,0.6779404041877819,0.7978186478800101,-0.03547169321789301,1.2648195208473116,0.9770579134426338,0.0,0.7577222689757829,0.09673341553455311
26,9,0.7636958274394878,1.0,0.7577222689757829,0.9223955413466217,0.09673341553455311,1.322051087524461,0.9738342305286687,0.0,0.8499618231104451,0.23444630311220763
26,10,0.9287702364334054,1.0,0.8499618231104451,0.8497550102240066,0.23444630311220763,1.3771288757765452,0.7421658300580153,0.0,0.9349373241328458,0.37517403658795734
26,11,1.2007675328109109,1.0,0.9349373241328458,0.7823126711960613,0.37517403658795734,1.4072773347574972,0.5240770293898075,0.0,1.013168591252452,0.5166392528863811
26,12,1.3108321009671653,1.0,1.013168591252452,0.8142561804639299,0.5166392528863811,1.414652162984238,0.43880088771673487,0.0,1.094594209298845,0.6579655911404227
26,13,1.286661499492215,1.0,1.094594209298845,0.813103825956705,0.6579655911404227,1.4132633825404157,0.3280196169821754,0.0,1.1759045918945155,0.7980496827401568
26,14,1.6785050366835743,1.0,1.1759045918945155,0.8480401398710589,0.7980496827401568,1.40084091599734,0.2754781928791141,0.0,1.2607086058816213,0.9364058653374905
26,15,1.3887305602252464,1.0,1.2607086058816213,0.8037608089131589,0.9364058653374905,1.3835618259733367,0.13986475174238977,0.0,1.3410846867729371,1.0717332976091334
26,16,1.458540964040563,1.0,1.3410846867729371,0.8252801158169177,1.0717332976091334,1.3532743227164288,0.09658297413468009,0.0,1.423612698354629,1.2036960817894304
26,17,1.2896076040204565,1.0,1.423612698354629,0.8721769519590852,1.2036960817894304,1.319627841802971,0.09837504242196776,0.0,1.5108303935505374,1.3324198073001776
26,18,1.8016919754255225,1.0,1.5108303935505374,0.6946864804734835,1.3324198073001776,1.2872372551074727,-0.16360172991492866,0.0,1.5802990415978857,1.4553883562954317
26,19,1.532448203340578,1.0,1.5802990415978857,0.7257053879951524,1.4553883562954317,1.2296854899525407,-0.16383884246661462,0.0,1.652869580397401,1.5727835232981715
26,20,2.1123938239737483,1.0,1.652869580397401,0.786004173991805,1.5727835232981715,1.173951670027398,-0.11377489301531413,0.0,1.7314699977965815,1.6852842960266705
26,21,1.5948196276190028,1.0,1.7314699977965815,0.709106228809193,1.6852842960266705,1.1250077272849899,-0.22006837279555058,0.0,1.8023806206775008,1.791984360299902
26,22,2.028443695966554,1.0,1.8023806206775008,0.6477572135757776,1.791984360299902,1.067000642732315,-0.30113743440428764,0.0,1.8671563420350785,1.8922586481723471
26,23,1.9253510150025166,1.0,1.8671563420350785,0.756017884642478,1.8922586481723471,1.0027428787244523,-0.16563720148116134,0.0,1.9427581304993264,1.9876677868180626
26,24,1.6321987624812415,1.0,1.9427581304993264,0.7236388988192255,1.9876677868180626,0.9540913864571537,-0.19118477992792976,0.0,2.015122020381249,2.0781119852278356
26,25,0.9099805711490991,1.0,2.015122020381249,0.7691133706709253,2.0781119852278356,0.9044419840977318,-0.11634050549021102,0.0,2.0920333574483414,2.164498564233594
26,26,2.2024305049027184,1.0,2.0920333574483414,0.8375462489890722,2.164498564233594,0.8638657900575832,-0.006750094611675871,0.0,2.1757879823472486,2.2480532717650514
26,27,2.112475891819626,1.0,2.1757879823472486,0.887575170161412,2.2480532717650514,0.835547075314573,0.08514012064610692,0.0,2.26454549936339,2.3297856298619632
26,28,2.0607892436739883,1.0,2.26454549936339,0.7557277797702164,2.3297856298619632,0.8173235809691173,-0.04556019342371673,0.0,2.3401182773404114,2.4084469505655366
26,29,2.038263353865207,1.0,2.3401182773404114,0.7869345214188389,2.4084469505655366,0.7866132070357339,0.019512221098263834,0.0,2.4188117294822953,2.484786231217578
26,30,2.6573806526738615,1.0,2.4188117294822953,0.7484679827835126,2.484786231217578,0.7633928065204167,0.0007426836809274022,0.0,2.4936585277606467,2.5586900817255636
26,31,2.4765289743890855,1.0,2.4936585277606467,0.6187131798667188,2.5586900817255636,0.7390385050798561,-0.13218802803354784,0.0,2.5555298457473183,2.6289071287369583
26,32,2.047212736877125,1.0,2.5555298457473183,0.6954423476981265,2.6289071287369583,0.702170470113946,-0.014155667743291172,0.0,2.625074080517131,2.6967356735665553
26,33,3.230048048589988,1.0,2.625074080517131,0.7843595669571211,2.6967356735665553,0.6782854482959706,0.12391039733984044,0.0,2.703510037212843,2.7636328089350037
26,34,2.459447422755314,1.0,2.703510037212843,0.7636268087793381,2.7636328089350037,0.6689713536844836,0.1294320597877773,0.0,2.7798727180907767,2.8296835565695395
26,35,2.5090298948531182,1.0,2.7798727180907767,0.8186676192108719,2.8296835565695395,0.6605074763453578,0.2253716083770903,0.0,2.861739480011864,2.895874396363541
26,36,2.971786856749833,1.0,2.861739480011864,0.8408418980440295,2.895874396363541,0.6619083979400153,0.2802863309967581,0.0,2.945823669816267,2.962749992594102
26,37,2.509531341997451,1.0,2.945823669816267,0.8481379270392837,2.962749992594102,0.6687559623056106,0.31394288233362955,0.0,3.0306374625201955,3.0306249985686216
26,38,3.0486964695482937,1.0,3.0306374625201955,0.7094395010407061,3.0306249985686216,0.6787500597451941,0.16349327936323027,0.0,3.1015814126242662,3.0979629371455886
26,39,3.643948763492454,1.0,3.1015814126242662,0.7817016383411935,3.0979629371455886,0.6733793857696709,0.26504734792877305,0.0,3.1797515764583855,3.1657965351673805
26,40,3.2497961022650848,1.0,3.1797515764583855,0.6948731280565154,3.1657965351673805,0.6783359802179187,0.1717323603093413,0.0,3.249238889264037,3.2331767816555685
26,41,3.2653031030179998,1.0,3.249238889264037,0.619440148761614,3.2331767816555685,0.6738024648818794,0.08723089467028641,0.0,3.3111829041401983,3.2992731692028374
26,42,3.4112539537587825,1.0,3.3111829041401983,0.6237785836664901,3.2992731692028374,0.660963875472688,0.09838749121591055,0.0,3.3735607625068473,3.364238347260753
26,43,3.2627206268958155,1.0,3.3735607625068473,0.763177493433478,3.364238347260753,0.6496517805791531,0.2776363029875093,0.0,3.449878511850195,3.42990100265069
26,44,2.91346549083748,1.0,3.449878511850195,0.819573951893319,3.42990100265069,0.6566265538993711,0.3596743410129941,0.0,3.531835907039527,3.497059196478279
26,45,3.5370384441802116,1.0,3.531835907039527,0.9169483378025058,3.497059196478279,0.6715819382758906,0.4916070765347183,0.0,3.6235307408197777,3.5669843988687324
26,46,3.755006351330349,1.0,3.6235307408197777,0.8667392188138913,3.5669843988687324,0.699252023904534,0.44081904274482897,0.0,3.710204662701167,3.6390801852101395
26,47,3.5579458207051724,1.0,3.710204662701167,0.8907528903971728,3.6390801852101395,0.7209578634140719,0.4746543464141335,0.0,3.799279951740884,3.713615449852763
26,48,3.54404044567828,1.0,3.799279951740884,0.8405494765183235,3.713615449852763,0.7453526464262349,0.41393765324560683,0.0,3.8833348993927164,3.7899049625592784
26,49,3.8766200886553817,1.0,3.8833348993927164,0.7946230910454681,3.7899049625592784,0.762895127065156,0.3531650171645994,0.0,3.962797208497263,3.8672848610308317
26,50,3.9270717681138967,1.0,3.962797208497263,0.8352934792430328,3.8672848610308317,0.773798984715531,0.3957963557267358,0.0,4.046326556421566,3.9461465663085624
26,51,4.404410504611037,1.0,4.046326556421566,0.8259520403483745,3.9461465663085624,0.7886170527773075,0.3773358461231267,0.0,4.128921760456404,4.026258055478637
26,52,4.255728869568824,1.0,4.128921760456404,0.693875806645842,4.026258055478637,0.8011148917007463,0.20569383913069872,0.0,4.1983093411209875,4.105862915386576
26,53,4.286126618329529,1.0,4.1983093411209875,0.7663519649884217,4.105862915386576,0.7960485990793923,0.2816195353360001,0.0,4.27494453761983,4.185736615130821
26,54,4.182585150390872,1.0,4.27494453761983,0.7401753130534903,4.185736615130821,0.7987369974424517,0.2404773209111516,0.0,4.348962068925179,4.2654591296923625
26,55,3.9242188448661026,1.0,4.348962068925179,0.8945033080417912,4.2654591296923625,0.7972251456154085,0.4221056201161429,0.0,4.438412399729358,4.346851579989096
26,56,4.163530350851112,1.0,4.438412399729358,0.8730821977574195,4.346851579989096,0.8139245029673297,0.3930233026342008,0.0,4.525720619505099,4.429569704902676
26,57,4.578497752134975,1.0,4.525720619505099,0.8752872401650381,4.429569704902676,0.8271812491357952,0.39031862202572043,0.0,4.613249343521603,4.513544036039278
26,58,4.786526872202067,1.0,4.613249343521603,0.7539064549633038,4.513544036039278,0.8397433113660218,0.23379881378765932,0.0,4.6886399890179336,4.597169176717386
26,59,4.816545802003977,1.0,4.6886399890179336,0.8471024737567124,4.597169176717386,0.836251406781075,0.3373285807254249,0.0,4.773350236393605,4.681491598701048
26,60,4.3922468714821274,1.0,4.773350236393605,0.8839177732239866,4.681491598701048,0.8432242198366231,0.3761914988343998,0.0,4.861742013716004,4.766877618169577
26,61,5.202287334497079,-1.0,4.861742013716004,-0.8429786492680837,4.766877618169577,0.8538601946852912,-1.7621327045047497,0.0,4.777444148789195,4.8319099579700655
26,62,4.571164082164258,-1.0,4.777444148789195,-0.863639749757831,4.8319099579700655,0.6503233980048868,-1.8501964058406626,0.0,4.691080173813412,4.876359298838532
26,63,4.838154783487327,-1.0,4.691080173813412,-0.9429494945612853,4.876359298838532,0.44449340868466414,-1.9740270861985558,0.0,4.5967852243572835,4.899645989937222
26,64,4.878889116807527,-1.0,4.5967852243572835,-0.7760602498966185,4.899645989937222,0.2328669109868993,-1.763237081481454,0.0,4.519179199367621,4.904555136105939
26,65,4.329846383056146,-1.0,4.519179199367621,-0.8774178747535049,4.904555136105939,0.0490914616871731,-1.8481025930579977,0.0,4.431437411892271,4.890826163666677
26,66,4.7851464834422295,-1.0,4.431437411892271,-0.7845656825141593,4.890826163666677,-0.13728972439261622,-1.6746535980753905,0.0,4.3529808436408555,4.860789982364718
26,67,3.9058666953609045,-1.0,4.3529808436408555,-0.8670479293384377,4.860789982364718,-0.30036181301959153,-1.6948711957015457,0.0,4.266276050707011,4.814766246907406
26,68,4.144534439332517,-1.0,4.266276050707011,-0.68594998554641,4.814766246907406,-0.4602373545731192,-1.3786058728187711,0.0,4.197681052152371,4.75642921225654
26,69,3.8498960075380086,-1.0,4.197681052152371,-0.6090529955534254,4.75642921225654,-0.5833703465086565,-1.1733256818671043,0.0,4.136775752597028,4.688225705895831
26,70,4.438028801395401,-1.0,4.136775752597028,-0.602763100569515,4.688225705895831,-0.6820350636070899,-1.0484580260186913,0.0,4.076499442540077,4.611720131478478
26,71,4.236720888892594,-1.0,4.076499442540077,-0.6752108748177146,4.611720131478478,-0.7650557441735322,-1.0207351735537107,0.0,4.008978355058305,4.527455383706943
26,72,4.715540566556023,-1.0,4.008978355058305,-0.7542599351945939,4.527455383706943,-0.8426474777153502,-1.0059136713641856,0.0,3.933552361538846,4.435827971150456
26,73,4.234985562850787,-1.0,3.933552361538846,-0.7292071347039532,4.435827971150456,-0.9162741255648775,-0.8676928572977392,0.0,3.8606316480684506,4.338455707222798
26,74,3.94081930855016,-1.0,3.8606316480684506,-0.7309538195816417,4.338455707222798,-0.9737226392765753,-0.7642937053784666,0.0,3.7875362661102865,4.236556418687041
26,75,3.3538255470940266,-1.0,3.7875362661102865,-0.8310240748826284,4.236556418687041,-1.0189928853575716,-0.7870594851215916,0.0,3.7044338586220236,4.130047312533212
26,76,3.5378865027792346,-1.0,3.7044338586220236,-0.7505983060763111,4.130047312533212,-1.0650910615382885,-0.5960281831247398,0.0,3.6293740280143925,4.020986215945058
26,77,3.627018925251493,-1.0,3.6293740280143925,-0.7391338148738846,4.020986215945058,-1.0906109658815373,-0.4921712948653647,0.0,3.555460646527004,3.9104933614990713
26,78,3.454079576554623,-1.0,3.555460646527004,-0.7904791739479375,3.9104933614990713,-1.1049285444598647,-0.4728773308411692,0.0,3.4764127291322104,3.7988075050869448
26,79,3.7808632020091206,-1.0,3.4764127291322104,-0.8055445155215546,3.7988075050869448,-1.1168585641212658,-0.41857631985804933,0.0,3.395858277580055,3.6865098328814256
26,80,3.2681366559162246,-1.0,3.395858277580055,-0.7732123273805797,3.6865098328814256,-1.1229767220551903,-0.3134970434646021,0.0,3.318537044841997,3.574670715751837
26,81,3.0996691842878206,-1.0,3.318537044841997,-0.7422764989151722,3.574670715751837,-1.1183911712958845,-0.21624803748276328,2.0018129732633803,3.2443093949504798,3.664429267321906
26,82,3.0528632531560733,-1.0,3.2443093949504798,-0.7579221721192062,3.664429267321906,0.8975855157006878,-2.655720437940081,0.0,3.168517177738559,3.7247583408623317
26,83,2.829994530645572,-1.0,3.168517177738559,-0.7626800041058371,3.7247583408623317,0.6032907354042576,-2.604411229024159,0.0,3.092249177327975,3.757112771759222
26,84,2.475065981920091,-1.0,3.092249177327975,-0.8978334873965531,3.757112771759222,0.32354430896890546,-2.6785435310499013,0.0,3.0024658285883197,3.761646425556913
26,85,3.1950187415225995,-1.0,3.0024658285883197,-0.7446081131099204,3.761646425556913,0.04533653797691034,-2.371678488958405,0.0,2.9280050172773278,3.742318217543494
26,86,3.1716767629833744,-1.0,2.9280050172773278,-0.7695562559726332,3.742318217543494,-0.1932820801341913,-2.2539352124777086,0.0,2.8510493916800645,3.701069160061727
26,87,2.7983099693614477,-1.0,2.8510493916800645,-0.8579704280687059,3.701069160061727,-0.41249057481766804,-2.1990149466123756,0.0,2.765252348873194,3.639149922953253
26,88,2.647494982481484,-1.0,2.765252348873194,-0.7981130806272031,3.639149922953253,-0.6191923710847402,-1.952228176983728,0.0,2.6854410408104736,3.559689819662413
26,89,2.09713633458969,-1.0,2.6854410408104736,-0.9088349466503919,3.559689819662413,-0.7946010329084013,-1.9054403154355004,0.0,2.5945575461454347,3.463718036522525
26,90,3.3309957596894,-1.0,2.5945575461454347,-0.894297377215262,3.463718036522525,-0.9597178313988826,-1.704700445089639,0.0,2.5051278084239086,3.353770345992217
26,91,2.7443413894099717,-1.0,2.5051278084239086,-1.0671611132541312,3.353770345992217,-1.0994769053030822,-1.733481918801986,0.0,2.3984116970984957,3.230006162370859
26,92,2.2243816911698584,-1.0,2.3984116970984957,-1.01941031415944,3.230006162370859,-1.2376418362135821,-1.4978975707165194,0.0,2.2964706656825515,3.095223456918219
26,93,2.072320719727118,-1.0,2.2964706656825515,-1.0298826688322662,3.095223456918219,-1.3478270545263995,-1.334379352541114,0.0,2.193482398799325,2.9514100045146523
26,94,2.1846359313189376,-1.0,2.193482398799325,-0.9766998286435442,2.9514100045146523,-1.4381345240356662,-1.0983491087106834,0.0,2.0958124159349705,2.801215091500893
26,95,2.610370510032551,-1.0,2.0958124159349705,-0.8539029593331076,2.801215091500893,-1.5019491301375933,-0.7825185179288714,0.0,2.01042212000166,2.6480012305242853
26,96,1.8073503670191153,-1.0,2.01042212000166,-0.755658337278313,2.6480012305242853,-1.5321386097660774,-0.5040138607511924,0.0,1.9348562862738286,2.494650074491417
26,97,1.7876202525633629,-1.0,1.9348562862738286,-0.8039928625716904,2.494650074491417,-1.5335115603286822,-0.4183625551334601,0.0,1.8544570000166596,2.342022529900266
26,98,1.4814728732819726,-1.0,1.8544570000166596,-0.7076903652068377,2.342022529900266,-1.5262754459115104,-0.17340461310803024,0.0,1.783687963495976,2.1925450206049515
26,99,1.5948767751807673,-1.0,1.783687963495976,-0.6148270517834014,2.1925450206049515,-1.4947750929531451,0.053816882996696846,0.0,1.7222052583176357,2.048388960437054
26,100,2.0406395005146623,-1.0,1.7222052583176357,-0.5943883885349482,2.048388960437054,-1.4415606016789748,0.17612912300133876,0.0,1.662766419464141,1.9106071854245426
26,101,1.655885961565166,-1.0,1.662766419464141,-0.7336940364514064,1.9106071854245426,-1.3778177501251136,0.0820910855871394,0.0,1.5893970158190003,1.7780553380683028
26,102,1.276375602514692,-1.0,1.5893970158190003,-0.7966398651442244,1.7780553380683028,-1.3255184735623962,0.05892626762618919,0.0,1.5097330293045779,1.6503344125037247
26,103,2.1602680072332627,-1.0,1.5097330293045779,-0.7308861779215952,1.6503344125037247,-1.2772092556457806,0.17831272977647805,0.0,1.4366444115124184,1.528483683854978
26,104,1.217527383953385,-1.0,1.4366444115124184,-0.864050593353526,1.528483683854978,-1.2185072864874678,0.04242751418650109,0.0,1.3502393521770657,1.4109564536648562
26,105,1.586738369933296,-1.0,1.3502393521770657,-0.7832519929395123,1.4109564536648562,-1.1752723019012188,0.15439306796356939,0.0,1.2719141528831144,1.298734025520454
26,106,1.5270984243658026,-1.0,1.2719141528831144,-0.7902866138256305,1.298734025520454,-1.1222242814440229,0.15271476306249204,0.0,1.1928854915005513,1.1916298627072974
26,107,0.6874857983201729,-1.0,1.1928854915005513,-0.6354851841668209,1.1916298627072974,-1.071041628131565,0.34209242035963894,0.0,1.1293369730838692,1.0913739573077583
26,108,0.6623319860985215,-1.0,1.1293369730838692,-0.6852471973442607,1.0913739573077583,-1.002559053995391,0.2766382971608037,0.0,1.060812253349443,0.9970926238526125
26,109,1.0787459075046018,-1.0,1.060812253349443,-0.6714425438594056,0.9970926238526125,-0.9428133345514581,0.27860377418180166,0.0,0.9936679989635026,0.9086143308098494
26,110,0.7679627875060021,1.0,0.9936679989635026,0.8980214636149004,0.9086143308098494,-0.8847829304276312,2.195427870597673,0.0,1.0834701453249926,0.8449216218504315
26,111,1.4039402644544257,1.0,1.0834701453249926,0.787932278336202,0.8449216218504315,-0.6369270895941797,2.083184576247037,0.0,1.162263373158613,0.8040989253401853
26,112,1.285581192682915,1.0,1.162263373158613,0.8034788912862669,0.8040989253401853,-0.40822696510246215,2.0835389725602163,0.0,1.2426112622872396,0.7854179448438692
26,113,0.5792986735843694,1.0,1.2426112622872396,0.7542871173435862,0.7854179448438692,-0.1868098049631617,1.9735025224008842,0.0,1.3180399740215982,0.787069780947444
26,114,1.8804985491614712,1.0,1.3180399740215982,0.8337442339844171,0.787069780947444,0.016518361035747886,1.9946247070704053,0.0,1.40141439742004,0.8086150053664084
26,115,1.075170282071059,1.0,1.40141439742004,0.8910216190772977,0.8086150053664084,0.21545224418964448,1.9708657184605543,0.0,1.4905165593277696,0.8491794397885716
26,116,1.401940524452494,1.0,1.4905165593277696,0.8927055479266326,0.8491794397885716,0.4056443442216313,1.8630384614041948,0.0,1.579787114120433,0.9070761969232675
26,117,1.8147792735141142,1.0,1.579787114120433,0.8602407874636394,0.9070761969232675,0.5789675713469586,1.6989966194180444,0.0,1.665811192866797,0.9801102240238335
26,118,1.7371138500763987,1.0,1.665811192866797,0.8555510438022437,0.9801102240238335,0.7303402710056603,1.5582950468993098,0.0,1.7513662972470212,1.0663901127261746
26,119,1.7771350036828626,1.0,1.7513662972470212,0.8062009036119326,1.0663901127261746,0.8627988870234102,1.3569252259497224,0.0,1.8319863876082145,1.1634782972495379
26,120,1.8649214184608232,1.0,1.8319863876082145,0.800948822398925,1.1634782972495379,0.9708818452336334,1.2064858253309092,0.0,1.9120812698481071,1.2695245181214627
26,121,1.9774424209261094,1.0,1.9120812698481071,0.8209787185348385,1.2695245181214627,1.0604622087192481,1.0891533889296072,0.0,1.994179141701591,1.383068793814782
26,122,2.1961587679257146,1.0,1.994179141701591,0.8508286928779918,1.383068793814782,1.1354427569331929,0.989112684515064,0.0,2.0792620109893902,1.5028707795310658
26,123,1.6557896868138822,1.0,2.0792620109893902,0.8204786882133773,1.5028707795310658,1.198019857162837,0.8216941081204423,0.0,2.161309879810728,1.6270560427856329
26,124,2.288606391094303,1.0,2.161309879810728,0.832757970014588,1.6270560427856329,1.2418526325456705,0.7128804272914877,0.0,2.2445856768121866,1.7543961818889686
26,125,2.259234058907738,1.0,2.2445856768121866,0.7549995921466978,1.7543961818889686,1.2734013910333577,0.5022036013240992,0.0,2.3200856360268562,1.8826834725542387
26,126,2.64439305621196,1.0,2.3200856360268562,0.7850100993592778,1.8826834725542387,1.2828729066527003,0.4316649231477152,0.0,2.398586645962784,2.0111822191496973
26,127,2.5840232721631002,1.0,2.398586645962784,0.929818300821642,2.0111822191496973,1.2849874659545855,0.5157869518666238,0.0,2.4915684760449484,2.1407268753727675
26,128,2.0517538513431117,1.0,2.4915684760449484,0.9191423988781107,2.1407268753727675,1.2954465622307012,0.4239789335157648,0.0,2.5834827159327594,2.2703658919318572
26,129,2.0189917197575817,1.0,2.5834827159327594,0.882256053133944,2.2703658919318572,1.2963901655908951,0.3076426761516501,0.0,2.671708321246154,2.3989328867225725
26,130,2.914617266905651,1.0,2.671708321246154,0.8394721983387756,2.3989328867225725,1.2856699479071516,0.19142927351450406,0.0,2.7556555410800314,2.52530003041513
26,131,2.365063516147292,1.0,2.7556555410800314,0.7440100808814383,2.52530003041513,1.2636714369255733,0.018155135846791848,0.0,2.8300565491681753,2.6478049768679934
26,132,3.081664248675997,1.0,2.8300565491681753,0.783927920226185,2.6478049768679934,1.225049464528634,0.01901445247960931,0.0,2.908449341190794,2.7665799095591614
26,133,3.2943450303014696,1.0,2.908449341190794,0.8384402802913252,2.7665799095591614,1.1877493269116788,0.05079540142104372,0.0,2.9922933692199263,2.8820619984184224
26,134,2.9770585426851737,1.0,2.9922933692199263,0.8486794166794476,2.8820619984184224,1.1548208885926095,0.03948518255966049,0.0,3.0771613108878713,2.9942435122597835
26,135,3.181007747537531,1.0,3.0771613108878713,0.8012829194845599,2.9942435122597835,1.121815138413612,-0.03492356230889898,0.0,3.157289602836327,3.102485982035132
26,136,2.4992962984053637,1.0,3.157289602836327,0.8089803100288439,3.102485982035132,1.0824246977534864,-0.03606855127332809,0.0,3.2381876338392113,3.2069040072649364
26,137,3.588005938251968,1.0,3.2381876338392113,0.7827516734931377,3.2069040072649364,1.044180252298042,-0.07181623898651074,0.0,3.316462801188525,3.3072624932975216
26,138,3.136390977093381,1.0,3.316462801188525,0.8758256050326197,3.3072624932975216,1.0035848603258535,0.04490108847149499,0.0,3.4040453616917867,3.4048585186617792
26,139,3.698492820879425,1.0,3.4040453616917867,0.8288237956394675,3.4048585186617792,0.9759602536425757,-0.0026652191044484463,0.0,3.4869277412557333,3.4993048190233362
26,140,3.56905470502908,1.0,3.4869277412557333,0.8887722431738612,3.4993048190233362,0.9444630036155683,0.08304997265330641,0.0,3.5758049655731194,3.5915593374998562
26,141,3.7395504709313236,1.0,3.5758049655731194,0.8285174964924457,3.5915593374998562,0.9225451847652008,0.025401076100246764,0.0,3.658656715222364,3.68111572214613
26,142,3.4442131673980536,1.0,3.658656715222364,0.7643270099264607,3.68111572214613,0.895563846462739,-0.03794734433566381,0.0,3.7350894162150103,3.7674268290403665
26,143,3.5765619420650285,1.0,3.7350894162150103,0.7802287909873955,3.7674268290403665,0.863111068942365,-0.002508279246959025,0.0,3.8131122953137497,3.8509508977215177
26,144,2.725137784309292,1.0,3.8131122953137497,0.7961693518824182,3.8509508977215177,0.8352406868115134,0.036265013968326404,0.0,3.8927292305019914,3.9321648463445555
26,145,3.992799250056158,1.0,3.8927292305019914,0.7657465007863444,3.9321648463445555,0.8121394862303777,0.019994578620495022,0.0,3.9693038805806258,4.010979894397861
26,146,3.5487509325915183,1.0,3.9693038805806258,0.8474494085156045,4.010979894397861,0.7881504805330551,0.14194138939517756,0.0,4.054048821432186,4.088692274807413
26,147,4.0370885945173915,1.0,4.054048821432186,0.741663099915781,4.088692274807413,0.7771238040955152,0.03588354535152856,0.0,4.128215131423764,4.164276694497374
26,148,3.4713174804513973,1.0,4.128215131423764,0.7497625256110969,4.164276694497374,0.7558441968996116,0.06560642069893313,0.0,4.203191383984874,4.238098476964246
26,149,3.953447884699009,1.0,4.203191383984874,0.7703508653477873,4.238098476964246,0.7382178246687173,0.11167648079052575,0.0,4.280226470519652,4.310674727200083
26,150,4.028844323315305,1.0,4.280226470519652,0.7307564552687358,4.310674727200083,0.7257625023583709,0.0841043199218035,0.0,4.353302116046526,4.381769580627592
26,151,4.26231926705798,1.0,4.353302116046526,0.7744151082883163,4.381769580627592,0.7109485342750834,0.1572418882722631,0.0,4.430743626875358,4.452161817628142
26,152,4.139657317006971,1.0,4.430743626875358,0.6873297621735439,4.452161817628142,0.7039223700055071,0.07011011488589468,0.0,4.499476603092713,4.5210026041935345
26,153,4.464683081013741,1.0,4.499476603092713,0.6225648051591588,4.5210026041935345,0.6884078656539203,0.006216173398424715,0.0,4.561733083608629,4.587702647322819
26,154,5.34911787499488,1.0,4.561733083608629,0.6910566627549153,4.587702647322819,0.6670004312928374,0.1050608327735892,0.0,4.63083874988412,4.653318897399701
26,155,4.538955484763018,1.0,4.63083874988412,0.7375433472760627,4.653318897399701,0.6561625007688255,0.18030713517484662,0.8251814705364494,4.7045930846117265,4.801156645879517
26,156,4.450789150045742,1.0,4.7045930846117265,0.8383044375322894,4.801156645879517,1.4783774847981572,-0.6956329670311,0.0,4.788423528364955,4.937307256737667
26,157,4.7516250639579924,1.0,4.788423528364955,0.8611916712351005,4.937307256737667,1.3615061085815061,-0.64144459752475,0.0,4.874542695488465,5.06268660207311
26,158,4.901172657411433,1.0,4.874542695488465,0.8587787041032081,5.06268660207311,1.2537934533544228,-0.6039576536362752,0.0,4.960420565898786,5.1780142318214555
26,159,5.522691099801555,1.0,4.960420565898786,0.8623284450353192,5.1780142318214555,1.1532762974834538,-0.5485127646959466,0.0,5.0466534104023175,5.2841662497708946
26,160,4.80974316594083,1.0,5.0466534104023175,0.8822328011788317,5.2841662497708946,1.0615201794943887,-0.4644374318451191,0.0,5.1348766905202,5.382277028827501
26,161,5.223348156293829,1.0,5.1348766905202,0.7747365263918888,5.382277028827501,0.9811077905660563,-0.5310541958688813,0.0,5.21235034315939,5.471937720995606
26,162,4.659696606090748,1.0,5.21235034315939,0.8235369199356743,5.471937720995606,0.8966069216810544,-0.40460582064154904,0.0,5.294704035152957,5.554683212807917
26,163,5.413236636822787,1.0,5.294704035152957,0.8117785471903107,5.554683212807917,0.8274549181231058,-0.34724263691090285,0.0,5.375881889871988,5.631308422513125
26,164,5.281746468527406,1.0,5.375881889871988,0.8518141086584436,5.631308422513125,0.7662520970520761,-0.22511336309760518,0.0,5.461063300737832,5.7032304918767895
26,165,4.981280111740468,1.0,5.461063300737832,0.7418480762075116,5.7032304918767895,0.7192206936366491,-0.28700865780927537,0.0,5.535248108358584,5.769980968442725
26,166,5.874771645035634,1.0,5.535248108358584,0.8318757615551091,5.769980968442725,0.6675047656593488,-0.10776922957741797,0.0,5.618435684514094,5.833517737462776
26,167,4.9935251801613925,1.0,5.618435684514094,0.9200477187503535,5.833517737462776,0.6353676902005079,0.07122105999109199,0.0,5.710440456389129,5.895733540474096
26,168,5.488921172889956,1.0,5.710440456389129,0.9198623509874602,5.895733540474096,0.6221580301132008,0.1399718662934651,0.0,5.8024266914878755,5.957358156451988
26,169,5.425108885695512,1.0,5.8024266914878755,1.0520201841814811,5.957358156451988,0.6162461597789249,0.3655632495126492,0.0,5.907628709906024,6.0206664172137145
26,170,5.580626571136671,1.0,5.907628709906024,0.8855060913662103,6.0206664172137145,0.6330826076172642,0.2197435263199137,0.0,5.9961793190426445,6.084146248894265
26,171,6.056282139919843,1.0,5.9961793190426445,0.82675343506054,6.084146248894265,0.6347983168055031,0.19176343942849072,0.0,6.078854662548698,6.147512360355322
26,172,5.36510306858001,1.0,6.078854662548698,0.8221071414213522,6.147512360355322,0.6336611146105761,0.22294140837201132,0.0,6.161065376690834,6.2110801703333465
26,173,6.186150368039398,1.0,6.161065376690834,0.8639497355019725,6.2110801703333465,0.6356780997802387,0.30698855033703704,0.0,6.247460350241031,6.275683695895444
26,174,6.58504165530224,1.0,6.247460350241031,0.8592226933258169,6.275683695895444,0.6460352556209747,0.3305898183946967,0.0,6.333382619573613,6.341525806823501
26,175,6.096599518530343,1.0,6.333382619573613,0.8744150746327636,6.341525806823501,0.6584211092805732,0.3734955560145675,0.0,6.420824127036889,6.408995925762007
26,176,6.560086996691022,1.0,6.420824127036889,0.9024783034643665,6.408995925762007,0.6747011893850516,0.4280066282827211,0.0,6.511071957383326,6.4785870671773065
26,177,6.643666844278752,1.0,6.511071957383326,0.8401296999938802,6.4785870671773065,0.6959114141530021,0.3669502415129254,0.0,6.595084927382714,6.549620794482446
26,178,6.7177409704001025,1.0,6.595084927382714,0.9220922138269988,6.549620794482446,0.7103372730513985,0.47703839323787073,0.0,6.687294148765414,6.6231518264462
26,179,6.657247367615114,1.0,6.687294148765414,0.9815002436395148,6.6231518264462,0.7353103196375408,0.5587402615659275,0.0,6.785444173129365,6.699917268002774
27,0,-0.2566515797979243,-1.0,0.0,-0.6595673091780525,-0.7,0.0,0.48043437316510507,0.0,-0.06595673091780525,-0.6951956562683489
27,1,0.08170202729153807,-1.0,-0.06595673091780525,-0.6399487750535948,-0.6951956562683489,0.04804343731651051,0.3233096655249801,0.0,-0.12995160842316472,-0.6873119548808608
27,2,-0.3649901694673299,-1.0,-0.12995160842316472,-0.7143395008550132,-0.6873119548808608,0.07883701387488018,0.06612849282217237,0.0,-0.20138555850866605,-0.6790192470095507
27,3,-0.19055835833426893,-1.0,-0.20138555850866605,-0.680113625826918,-0.6790192470095507,0.08292707871310125,-0.04339143681836333,0.0,-0.2693969210913578,-0.6714258201583062
27,4,-0.14443774077799948,-1.0,-0.2693969210913578,-0.85751949166109,-0.6714258201583062,0.07593426851244567,-0.39501409086565964,0.0,-0.35514887025746683,-0.6680255238749581
27,5,0.1259774280508863,-1.0,-0.35514887025746683,-0.8109897482227301,-0.6680255238749581,0.03400296283348144,-0.45845364083786844,0.0,-0.43624784507973985,-0.6693185734810557
27,6,-0.4924312760926617,1.0,-0.43624784507973985,0.8425891866367488,-0.6693185734810557,-0.012930496060976814,1.485355513902845,0.0,-0.35198892641606494,-0.6557166903607299
27,7,-0.4491481998017204,1.0,-0.35198892641606494,0.9966937072513001,-0.6557166903607299,0.13601883120325894,1.649993318989564,0.0,-0.2523195556909349,-0.6260501343103588
27,8,-0.2089344091498807,1.0,-0.2523195556909349,1.0450337016621256,-0.6260501343103588,0.29666556050371107,1.6705193534697629,0.0,-0.1478161855247223,-0.5806277145189019
27,9,-0.48464090459020365,1.0,-0.1478161855247223,1.0323963577314144,-0.5806277145189019,0.4542241979145686,1.5987754226272322,0.0,-0.044576549751580874,-0.5206710579344994
27,10,0.28033638029552527,1.0,-0.044576549751580874,0.958663759790945,-0.5206710579344994,0.5995665658440257,1.4351796893439897,0.0,0.05128982622751363,-0.44828121746735783
27,11,-0.0625594139746892,1.0,0.05128982622751363,0.8973337939913655,-0.44828121746735783,0.7238984046714159,1.2723203415098618,0.0,0.1410232056266502,-0.3654846484800661
27,12,0.012035926746042647,1.0,0.1410232056266502,0.9070091938848006,-0.3654846484800661,0.8279656898729167,1.1878319101785915,0.0,0.23172412501513026,-0.2734592505985819
27,13,0.362370518492442,1.0,0.23172412501513026,0.8768449303478589,-0.2734592505985819,0.9202539788148425,1.0512260561093887,0.0,0.31940861804991616,-0.17386640488821126
27,14,-0.10294815419829534,1.0,0.31940861804991616,0.8216942784438166,-0.17386640488821126,0.9959284571037064,0.8816263463547576,0.0,0.4015780458942978,-0.0686442667770249
27,15,0.067454373268729,1.0,0.4015780458942978,0.9182479105671724,-0.0686442667770249,1.0522213811118635,0.8991149978249482,0.0,0.49340283695101506,0.042201912892852966
27,16,0.6514045873461999,1.0,0.49340283695101506,0.8654601483101146,0.042201912892852966,1.1084617966987786,0.7396801061368738,0.0,0.5799488517820265,0.1568978158746635
27,17,1.0769858808292145,1.0,0.5799488517820265,0.7389757228590683,0.1568978158746635,1.1469590298181052,0.4909724528505605,0.0,0.6538464240679334,0.2728331744895617
27,18,0.04960929242626244,1.0,0.6538464240679334,0.7935745987893649,0.2728331744895617,1.1593535861489819,0.4676178757684223,0.0,0.7332038839468699,0.38973478038646736
27,19,0.7489647169444507,1.0,0.7332038839468699,0.7697019608003399,0.38973478038646736,1.1690160589690566,0.358532901257655,0.0,0.8101740800269038,0.5064808639072486
27,20,1.1495366820020743,1.0,0.8101740800269038,0.8019145355640936,0.5064808639072486,1.1674608352078122,0.32636302427481506,0.0,0.8903655335833132,0.622754702998113
27,21,0.8169223087627976,1.0,0.8903655335833132,0.8727076028269253,0.622754702998113,1.1627383909086437,0.3519986156197972,0.0,0.9776362938660057,0.7388277653942676
27,22,0.9262076017038389,1.0,0.9776362938660057,0.7760342068360128,0.7388277653942676,1.160730623961547,0.18143086795556718,0.0,1.055239714549607,0.853000798473301
27,23,1.3580535927185708,1.0,1.055239714549607,0.6650773332796083,0.853000798473301,1.1417303307903341,-0.003304345988368318,0.0,1.121747447877568,0.9634872510339216
27,24,1.2958949553119417,1.0,1.121747447877568,0.640929699327524,0.9634872510339216,1.1048645256062066,-0.07577820905627919,0.0,1.1858404178103203,1.0696803550220397
27,25,1.2628868913683833,1.0,1.1858404178103203,0.7473374562593854,1.0696803550220397,1.06193103988118,0.022830282763420917,0.0,1.2605741634362588,1.1727035825101721
27,26,0.8316738259853578,1.0,1.2605741634362588,0.892879024087891,1.1727035825101721,1.0302322748813244,0.18352228083641522,0.0,1.349862065845048,1.2742652895270485
27,27,1.3543107421609673,1.0,1.349862065845048,0.9838100435592458,1.2742652895270485,1.0156170701687635,0.2884615163067659,0.0,1.4482430702009725,1.3754616370824526
27,28,1.6459061621881093,1.0,1.4482430702009725,0.9106566004845592,1.3754616370824526,1.0119634755540396,0.19674490353595073,0.0,1.5393087302494284,1.475387150551443
27,29,1.438494885818208,-1.0,1.5393087302494284,-0.7553485153109442,1.475387150551443,0.9992551346899055,-1.8638183853921442,0.0,1.4637738787183339,1.5534768637355045
27,30,1.403292458234662,-1.0,1.4637738787183339,-0.7434237603878572,1.5534768637355045,0.780897131840614,-1.9040208547934143,0.0,1.389431502679548,1.6100274975497417
27,31,1.2306128654835355,-1.0,1.389431502679548,-0.8169264554081976,1.6100274975497417,0.5655063381423729,-2.010788417988474,0.0,1.3077388571387283,1.6446606269020387
27,32,1.2985279318164777,-1.0,1.3077388571387283,-0.8163154583246035,1.6446606269020387,0.34633129352296965,-1.9951027232921281,0.0,1.226107311306268,1.6582344688821409
27,33,1.0282916686717813,-1.0,1.226107311306268,-0.8291936114916185,1.6582344688821409,0.1357384198010218,-1.9660146924985868,0.0,1.143187950157106,1.6517138009938939
27,34,1.306104830367154,-1.0,1.143187950157106,-0.747367343167884,1.6517138009938939,-0.06520667888246962,-1.7953044800338012,0.0,1.0684512158403177,1.6274487496777328
27,35,1.1764530667948325,-1.0,1.0684512158403177,-0.7973144122580187,1.6274487496777328,-0.24265051316161074,-1.76404569791818,0.0,0.9887197746145158,1.586319723024507
27,36,1.1513464331795753,-1.0,0.9887197746145158,-0.6723563786534207,1.586319723024507,-0.4112902665322572,-1.5040652523365883,0.0,0.9214841367491737,1.5314661727008185
27,37,0.6282883744156633,-1.0,0.9214841367491737,-0.6543515240562306,1.5314661727008185,-0.5485355032368838,-1.3606286203212596,0.0,0.8560489843435507,1.4647616497842755
27,38,0.3115088240235644,-1.0,0.8560489843435507,-0.6889371396823959,1.4647616497842755,-0.6670452291654295,-1.276558307949399,0.0,0.7871552703753111,1.387426088521568
27,39,0.9790893195283862,-1.0,0.7871552703753111,-0.8377790061951546,1.387426088521568,-0.7733556126270756,-1.3331346929631616,0.0,0.7033773697557957,1.2992339182896353
27,40,0.4057446790707761,1.0,0.7033773697557957,0.8221909927162836,1.2992339182896353,-0.8819217023193254,0.8390890486522986,0.0,0.7855964690274241,1.2222547879916477
27,41,0.9946477224232352,1.0,0.7855964690274241,0.8282294315968981,1.2222547879916477,-0.7697913029798771,1.0233263260672265,0.0,0.8684194121871139,1.1579722531238679
27,42,1.01564623976641,1.0,0.8684194121871139,0.9234597937095184,1.1579722531238679,-0.6428253486777984,1.279766705609949,0.0,0.9607653915580658,1.1085444264279565
27,43,0.9571718415620916,1.0,0.9607653915580658,0.921624653850659,1.1085444264279565,-0.4942782669591139,1.3838074133033358,0.0,1.0529278569431317,1.0745363643193475
27,44,0.4551011715514979,1.0,1.0529278569431317,1.04748181595458,1.0745363643193475,-0.3400806210860887,1.6107489561983004,0.0,1.1576760385385898,1.0577240497601972
27,45,1.2537457447555833,1.0,1.1576760385385898,0.9791739903837176,1.0577240497601972,-0.16812314559150385,1.5707203602349964,0.0,1.2555934375769615,1.0571569328692896
27,46,1.3178261072137414,1.0,1.2555934375769615,0.8211994283129321,1.0571569328692896,-0.005671168909076069,1.3872435550301945,0.0,1.3377133804082548,1.070480399269193
27,47,1.9255741775456752,1.0,1.3377133804082548,0.8614971603814603,1.070480399269193,0.1332346639990338,1.418433610979383,0.0,1.423863096446401,1.0975618508540932
27,48,1.62500516060053,1.0,1.423863096446401,0.7579224396144044,1.0975618508540932,0.270814515849003,1.2553362756281057,0.0,1.4996553404078414,1.1363300587445577
27,49,1.4228315576780002,1.0,1.4996553404078414,0.7843205569956353,1.1363300587445577,0.3876820789046455,1.2337214761168065,0.0,1.578087396107405,1.1861948987436954
27,50,1.0990622750131922,1.0,1.578087396107405,0.7468845190792605,1.1861948987436954,0.4986483999913775,1.1238226811948029,0.0,1.652775848015331,1.2457022906748088
27,51,2.0219482141569682,1.0,1.652775848015331,0.8500845510749651,1.2457022906748088,0.5950739193111337,1.1781128863808576,0.0,1.7377843031228275,1.315086574927935
27,52,1.4259279278692707,1.0,1.7377843031228275,0.7824268600450285,1.315086574927935,0.6938428425312633,1.019752984658335,0.0,1.8160269891273304,1.3924480919315447
27,53,1.6388952950699514,1.0,1.8160269891273304,0.8496471643461644,1.3924480919315447,0.7736151700360964,1.0206392792418155,0.0,1.900991705561947,1.477540433183457
27,54,2.0052714873134687,1.0,1.900991705561947,0.723409737988461,1.477540433183457,0.8509234125191228,0.7833262971708769,0.0,1.973332679360793,1.5677430824870169
27,55,1.9294654569785374,1.0,1.973332679360793,0.8227984595575526,1.5677430824870169,0.9020264930355986,0.8193690340826851,0.0,2.0556125253165485,1.6632529373536897
27,56,2.330759631601104,1.0,2.0556125253165485,0.7448509841315007,1.6632529373536897,0.9550985486667279,0.642902727033628,0.0,2.1300976237296987,1.7621355041349653
27,57,2.0596687472900155,1.0,2.1300976237296987,0.7889736887980264,1.7621355041349653,0.9888256678127555,0.6168454757124262,0.0,2.2089949926095014,1.8640222835363642
27,58,2.495507651781003,1.0,2.2089949926095014,0.8760036252798211,1.8640222835363642,1.0188677940139899,0.6502528052911932,0.0,2.2965953551374834,1.9691512140498304
27,59,2.488889055475005,1.0,2.2965953551374834,0.8299935767195348,1.9691512140498304,1.0512893051346615,0.5269599578693889,0.0,2.379594712809437,2.0761856183655594
27,60,2.0134713650982725,1.0,2.379594712809437,0.8215466816078654,2.0761856183655594,1.0703440431572913,0.4520557311917316,0.0,2.4617493809702236,2.1843154790551025
27,61,2.0722291263243338,1.0,2.4617493809702236,0.9135157531822147,2.1843154790551025,1.0812986068954311,0.5060811364828065,0.0,2.553100956288445,2.294045995567408
27,62,2.5958046883138444,1.0,2.553100956288445,0.9001611815215331,2.294045995567408,1.0973051651230579,0.4387803131338007,0.0,2.6431170744405983,2.4046529386826583
27,63,2.864098139467843,1.0,2.6431170744405983,0.8869973132858607,2.4046529386826583,1.1060694311525001,0.3752274303501022,0.0,2.7318168057691845,2.515472733921721
27,64,3.210096857528849,1.0,2.7318168057691845,0.9618758900227018,2.515472733921721,1.1081979523906302,0.42454540708568217,0.0,2.8280043947714546,2.6269917497839907
27,65,2.5803812768552916,1.0,2.8280043947714546,0.9602026888776813,2.6269917497839907,1.1151901586226982,0.38677404743691174,0.0,2.924024663659223,2.738809897613037
27,66,2.6067561065339357,1.0,2.924024663659223,0.9180685469438671,2.738809897613037,1.118181478290463,0.30237142045613363,0.0,3.0158315183536097,2.850073578916115
27,67,3.3428332894463377,1.0,3.0158315183536097,0.9190218323821876,2.850073578916115,1.1126368130307815,0.2733754972690465,0.0,3.1077337015918287,2.960510577390185
27,68,3.0665872160352086,1.0,3.1077337015918287,0.7441941461113738,2.960510577390185,1.1043699847407011,0.03185406624285064,0.0,3.182153116202966,3.0677321325755136
27,69,3.416010836268981,1.0,3.182153116202966,0.5844880280047416,3.0677321325755136,1.0722155518532839,-0.19230479514930493,0.0,3.2406019190034403,3.1695995500434186
27,70,2.9313582845298183,1.0,3.2406019190034403,0.5838364391837307,3.1695995500434186,1.0186741746790484,-0.2172154984450536,0.0,3.298985562921813,3.2660350551679
27,71,3.6765136962821097,1.0,3.298985562921813,0.6871897986100712,3.2660350551679,0.9643550512448135,-0.1029349631788769,0.0,3.3677045427828203,3.3583552744966094
27,72,3.1764145534623403,1.0,3.3677045427828203,0.6623705473050185,3.3583552744966094,0.9232021932870917,-0.1340385307002581,0.0,3.4339415975133223,3.4463808614997973
27,73,3.55893846860978,1.0,3.4339415975133223,0.6686401352405267,3.4463808614997973,0.880255870031879,-0.121510734886401,0.0,3.500805611037375,3.5303745223700194
27,74,3.384298147009665,1.0,3.500805611037375,0.7320337349022148,3.5303745223700194,0.8399366087022188,-0.03257426249848662,0.0,3.5740089845275964,3.611354643467409
27,75,3.514347621516037,1.0,3.5740089845275964,0.806602765530529,3.611354643467409,0.8098012109738991,0.07677367486895573,0.0,3.6546692610806493,3.690511137438372
27,76,4.14910081712272,1.0,3.6546692610806493,0.8558942602147569,3.690511137438372,0.7915649397096299,0.15957875340832586,0.0,3.740258687102125,3.7687304111363478
27,77,3.69401357240534,1.0,3.740258687102125,0.8074546606980633,3.7687304111363478,0.7821927369797543,0.12323144267005334,0.0,3.821004153171931,3.8456789825026885
27,78,4.352290724151473,1.0,3.821004153171931,0.848507694474581,3.8456789825026885,0.7694857136634076,0.19429856906762816,0.0,3.905854922619389,3.9221081852759827
27,79,4.395244444229249,1.0,3.905854922619389,0.8295051854094111,3.9221081852759827,0.7642920277329414,0.1918637389463361,0.0,3.98880544116033,3.9980102909499946
27,80,4.256676524312089,1.0,3.98880544116033,0.8378548757286016,3.9980102909499946,0.7590210567401209,0.22074968983681761,0.0,4.072590928733191,4.073691026140806
27,81,4.002701788199894,1.0,4.072590928733191,0.917420499973914,4.073691026140806,0.7568073519081188,0.33633141776017,0.0,4.164332978730582,4.150313291983114
27,82,3.540306324106649,1.0,4.164332978730582,1.069079901986341,4.150313291983114,0.766222658423076,0.5417163080917167,0.0,4.271240968929216,4.2299008083993845
27,83,3.600003747229601,1.0,4.271240968929216,0.8773212217615685,4.2299008083993845,0.7958751641627092,0.3243020834848805,0.0,4.358973091105373,4.310184545125184
27,84,4.563045237259923,1.0,4.358973091105373,0.8172130406219225,4.310184545125184,0.8028373672579906,0.256537679610534,0.0,4.440694395167565,4.390464579071862
27,85,3.987369078526379,1.0,4.440694395167565,0.7098684753598793,4.390464579071862,0.8028003394667883,0.12667237040637291,0.0,4.511681242703553,4.469442375636311
27,86,4.363193364140746,1.0,4.511681242703553,0.665033230582106,4.469442375636311,0.7897779656444883,0.07019107991658419,0.0,4.578184565761763,4.546594793509864
27,87,4.369734036189274,1.0,4.578184565761763,0.8012434779545513,4.546594793509864,0.7715241787355231,0.23787638626758517,0.0,4.658308913557218,4.623657097874139
27,88,4.833414623608926,-1.0,4.658308913557218,-0.6451606069183211,4.623657097874139,0.7706230436427449,-1.541821686355312,0.0,4.593792852865386,4.682835191635204
27,89,4.307636997412857,-1.0,4.593792852865386,-0.6204384697358976,4.682835191635204,0.5917809376106459,-1.5523398213391746,0.0,4.531749005891796,4.724596188182522
27,90,4.771987991120145,-1.0,4.531749005891796,-0.713716171286841,4.724596188182522,0.41760996547318774,-1.6766972225239394,0.0,4.460377388763112,4.748253860615087
27,91,4.9725252675565965,-1.0,4.460377388763112,-0.8542284289513177,4.748253860615087,0.2365767243256518,-1.8359491432229658,0.0,4.37495454586798,4.75279499609758
27,92,4.888578558713167,-1.0,4.37495454586798,-0.9783288380168923,4.75279499609758,0.04541135482493436,-1.9549228704418034,0.0,4.277121662066291,4.7376415865402155
27,93,4.250802457709975,-1.0,4.277121662066291,-0.848771077100846,4.7376415865402155,-0.1515340955736439,-1.74108334014398,0.0,4.192244554356206,4.705562252687247
27,94,3.958518572830149,-1.0,4.192244554356206,-0.7726684012055909,4.705562252687247,-0.3207933385296853,-1.5670502119451601,0.0,4.114977714235647,4.658838955398122
27,95,4.022776207662124,-1.0,4.114977714235647,-0.8050041346675236,4.658838955398122,-0.4672329728912514,-1.5097287809291553,0.0,4.034477300768895,4.598513515812957
27,96,4.561443165718071,-1.0,4.034477300768895,-0.7185602202933089,4.598513515812957,-0.6032543958516469,-1.2974717542495224,0.0,3.9626212787395643,4.527143772752023
27,97,3.508711322978262,-1.0,3.9626212787395643,-0.6981327439600713,4.527143772752023,-0.7136974306093464,-1.157178250573923,0.0,3.892808004343557,4.446486078963299
27,98,3.4035249418801943,-1.0,3.892808004343557,-0.6509420251257587,4.446486078963299,-0.8065769378872396,-0.9813120542952332,0.0,3.8277138018309813,4.358596310832862
27,99,3.4912019358132627,-1.0,3.8277138018309813,-0.7205967286301672,4.358596310832862,-0.8788976813043713,-0.949227036142146,0.0,3.7556541289679646,4.2640267449211775
27,100,4.585336580804092,-1.0,3.7556541289679646,-0.6468456798039711,4.2640267449211775,-0.945695659116846,-0.7463633119986599,0.0,3.6909695609875675,4.16501977199868
27,101,3.833091163152325,-1.0,3.6909695609875675,-0.7916782285101963,4.16501977199868,-0.9900697292249729,-0.8151422868944297,0.0,3.6118017381365477,4.061029599340759
27,102,3.4640732782943706,-1.0,3.6118017381365477,-0.7696854273282621,4.061029599340759,-1.0399017265792168,-0.6897362330700165,0.0,3.5348331954037215,3.9534697498771902
27,103,3.403466909334794,-1.0,3.5348331954037215,-0.6768193832402213,3.9534697498771902,-1.0755984946356836,-0.4809711447101222,0.0,3.4671512570796996,3.844542104149355
27,104,3.79686718537039,-1.0,3.4671512570796996,-0.7388150930791875,3.844542104149355,-1.089276457278354,-0.4668694268893871,0.0,3.393269747771781,3.7344314488159167
27,105,3.127312963743808,-1.0,3.393269747771781,-0.7301180547165746,3.7344314488159167,-1.1011065533343853,-0.3766830635055162,0.0,3.3202579423001235,3.6240775038180932
27,106,2.972076114911008,-1.0,3.3202579423001235,-0.7353121902024864,3.6240775038180932,-1.1035394499782367,-0.3114603212311662,0.0,3.246726723279875,3.5141402818478884
27,107,3.075600347773336,-1.0,3.246726723279875,-0.7745286694932744,3.5141402818478884,-1.0993722197020497,-0.2969171594878669,0.0,3.1692738563305474,3.4047518793858513
27,108,3.0783545641156262,-1.0,3.1692738563305474,-0.8352779916536925,3.4047518793858513,-1.0938840246203707,-0.3186244364932332,0.0,3.0857460571651782,3.2956776614376673
27,109,2.946259885899433,-1.0,3.0857460571651782,-0.8975071597671509,3.2956776614376673,-1.0907421794818422,-0.35151552176060213,0.0,2.995995341188463,3.1865786632462187
27,110,3.3649215287844667,-1.0,2.995995341188463,-0.8812965610419172,3.1865786632462187,-1.0909899819144835,-0.29544091768340836,0.0,2.9078656850842712,3.0780164238200625
27,111,3.5567204001825137,-1.0,2.9078656850842712,-0.6916153256168798,3.0780164238200625,-1.0856223942615608,-0.029020279823421258,0.0,2.8387041525225833,2.972637973257309
27,112,3.004340107781005,-1.0,2.8387041525225833,-0.7520974703821255,2.972637973257309,-1.053784505627533,-0.07014421337225835,0.0,2.7634944054843706,2.8699301909788413
27,113,2.5117488734022855,-1.0,2.7634944054843706,-0.7947487976221236,2.8699301909788413,-1.0270778227846777,-0.09998925430418143,0.0,2.6840195257221584,2.7695091651902426
27,114,2.2411099567254373,-1.0,2.6840195257221584,-0.7180866141564028,2.7695091651902426,-1.0042102578859862,0.009427969281172066,0.0,2.612210864306518,2.672395891919691
27,115,2.7179590924063217,-1.0,2.612210864306518,-0.9234930835194848,2.672395891919691,-0.9711327327055174,-0.2321668898901401,0.0,2.5198615559545696,2.5760685744948955
27,116,2.4092013632557783,-1.0,2.5198615559545696,-0.9653493123885135,2.5760685744948955,-0.9632731742479548,-0.28475255213906475,0.0,2.423326624715718,2.479976205706303
27,117,2.2151914231536285,-1.0,2.423326624715718,-0.9608406054842366,2.479976205706303,-0.9609236878859267,-0.28247000032539116,0.0,2.3272425641672942,2.384134092715691
27,118,2.5507114934574457,-1.0,2.3272425641672942,-0.9104355132560542,2.384134092715691,-0.9584211299061162,-0.2232950002843395,0.0,2.2361990128416886,2.2891259773379358
27,119,1.742371026928464,-1.0,2.2361990128416886,-0.9240453966127138,2.2891259773379358,-0.9500811537775544,-0.24152573766832658,0.0,2.1437944731804173,2.194742864275585
27,120,2.034503389776908,-1.0,2.1437944731804173,-0.9141578907491369,2.194742864275585,-0.9438311306235053,-0.2322168314465643,0.0,2.0523786841055034,2.1010578425167643
27,121,1.6202657384034354,-1.0,2.0523786841055034,-0.9354878223995546,2.1010578425167643,-0.9368502175882096,-0.2616911752566625,0.0,1.958829901865548,2.007753829701659
27,122,1.929879454614968,-1.0,1.958829901865548,-0.9365573505520266,2.007753829701659,-0.9330401281510532,-0.26746545986995274,0.0,1.8651741668103452,1.9147608906979376
27,123,1.7536401493588571,-1.0,1.8651741668103452,-0.9008960688981984,1.9147608906979376,-0.9299293900372148,-0.22791622474224552,0.0,1.7750845599205254,1.8224645634949128
27,124,2.115456034569109,-1.0,1.7750845599205254,-0.9636416227664963,1.8224645634949128,-0.9229632720302484,-0.30863897509747873,0.0,1.6787203976438758,1.7300353290114099
27,125,2.03330521944957,-1.0,1.6787203976438758,-0.8005861159023379,1.7300353290114099,-0.9242923448350283,-0.11314951409254548,0.0,1.598661786053642,1.6394323348904536
27,126,2.077005646940816,-1.0,1.598661786053642,-0.9464914255016141,1.6394323348904536,-0.9060299412095619,-0.29301098757255484,0.0,1.5040126435034806,1.5487985267056423
27,127,1.8316688570348825,1.0,1.5040126435034806,0.7898111199439635,1.5487985267056423,-0.9063380818481115,1.8442178351473129,0.0,1.582993755497877,1.4795071787342182
27,128,1.4762429241495314,1.0,1.582993755497877,0.8568043536191494,1.4795071787342182,-0.6929134797142407,1.9771626974323713,0.0,1.668674190859792,1.4322047808722034
27,129,1.8151462295059912,1.0,1.668674190859792,0.8520241675115354,1.4322047808722034,-0.4730239786201478,1.9863934329049404,0.0,1.7538766076109455,1.4062799940708224
27,130,1.6869322986756583,1.0,1.7538766076109455,0.8906167175279438,1.4062799940708224,-0.259247868013809,2.015175642610738,0.0,1.8429382793637399,1.401336556873193
27,131,2.3301473654023637,-1.0,1.8429382793637399,-0.8721967924154009,1.401336556873193,-0.04943437197629327,-0.20829376145040046,0.0,1.7557186001221998,1.3944683720513837
27,132,1.3318467993663032,-1.0,1.7557186001221998,-0.7896366709192401,1.3944683720513837,-0.06868184821809194,-0.23477242602525528,0.0,1.6767549330302758,1.3854722448836199
27,133,2.5089261699632,-1.0,1.6767549330302758,-0.7887428368151006,1.3854722448836199,-0.08996127167763852,-0.3407650951338151,0.0,1.5978806493487658,1.3733563428338864
27,134,2.02379748786999,-1.0,1.5978806493487658,-0.7594120360564643,1.3733563428338864,-0.1211590204973356,-0.39528692595500403,0.0,1.5219394457431195,1.3576752803901944
27,135,1.7416951994393757,-1.0,1.5219394457431195,-0.7113528336688294,1.3576752803901944,-0.15681062443692126,-0.40998088801932575,0.0,1.4508041623762364,1.3383962030645071
27,136,1.7536656617492712,-1.0,1.4508041623762364,-0.6900162081349958,1.3383962030645071,-0.19279077325687236,-0.4417849804003046,0.0,1.3818025415627369,1.3153162064092387
27,137,1.0798309501605505,-1.0,1.3818025415627369,-0.6249609182423611,1.3153162064092387,-0.2307999665526829,-0.4064870491150274,0.0,1.3193064497385008,1.2889098991557888
27,138,1.827411140564731,-1.0,1.3193064497385008,-0.6457580510050186,1.2889098991557888,-0.2640630725344998,-0.4640113482519561,0.0,1.2547306446379989,1.2587084802519297
27,139,1.0271938088936374,-1.0,1.2547306446379989,-0.5971206438337877,1.2587084802519297,-0.3020141890385914,-0.427688092529979,0.0,1.19501858025462,1.2251966258276943
27,140,1.4880703198185032,-1.0,1.19501858025462,-0.7273121306528381,1.2251966258276943,-0.3351185442423544,-0.6021853942119701,0.0,1.1222873671893363,1.1867352968029148
27,141,1.3482720556747811,-1.0,1.1222873671893363,-0.6790848614060696,1.1867352968029148,-0.38461329024779606,-0.5540545188614303,0.0,1.0543788810487293,1.1439641851183138
27,142,1.1107430052299463,-1.0,1.0543788810487293,-0.8384148608818014,1.1439641851183138,-0.4277111168460096,-0.752078493029446,0.0,0.9705373949605491,1.0950409640773255
27,143,0.7641303816598494,-1.0,0.9705373949605491,-0.872161061977673,1.0950409640773255,-0.4892322104098819,-0.7937566934780864,0.0,0.8833212887627818,1.039745719174868
27,144,1.2266964509145135,-1.0,0.8833212887627818,-1.0676752348736835,1.039745719174868,-0.5529524490245743,-1.0273640398555557,0.0,0.7765537652754134,0.9759462817107337
27,145,0.5803755332272844,-1.0,0.7765537652754134,-1.0007047074730804,0.9759462817107337,-0.6379943746413435,-0.9348523757611862,0.0,0.6764832945281054,0.9048399024878399
27,146,0.7431773201722004,-1.0,0.6764832945281054,-0.8349218332560452,0.9048399024878399,-0.7110637922289391,-0.7069712069563385,0.0,0.5929911112025009,0.8289392153305152
27,147,0.8362362360041541,-1.0,0.5929911112025009,-0.9611784818568208,0.8289392153305152,-0.759006871573247,-0.8266022025780908,0.0,0.49687326301681883,0.747201328136444
27,148,0.6227457690795888,-1.0,0.49687326301681883,-0.9770203649900311,0.747201328136444,-0.8173788719407121,-0.8114792556962472,0.0,0.3991712265178157,0.6599642607756206
27,149,0.7618482431698099,-1.0,0.3991712265178157,-0.9662732313705137,0.6599642607756206,-0.8723706736082341,-0.7598253468308778,0.0,0.30254390338076437,0.5679205261020348
27,150,0.38648664354677753,-1.0,0.30254390338076437,-0.9875413159886033,0.5679205261020348,-0.9204373467358583,-0.7441010632076241,0.0,0.20378977178190405,0.47138118030592746
27,151,0.5252096618133484,-1.0,0.20378977178190405,-0.8352291554820089,0.47138118030592746,-0.9653934579610732,-0.5128889819305975,0.0,0.12026685623370315,0.3728022037559896
27,152,0.21984387159529453,-1.0,0.12026685623370315,-0.920831617860673,0.3728022037559896,-0.9857897654993787,-0.5693381871998136,0.0,0.02818369444763584,0.27168437258365163
27,153,-0.29275044356613056,-1.0,0.02818369444763584,-0.73360231801679,0.27168437258365163,-1.01117831172338,-0.29473788999281597,0.0,-0.04517653735404316,0.1708549331089003
27,154,-0.49975457412939883,-1.0,-0.04517653735404316,-0.666118576566249,0.1708549331089003,-1.0082943947475134,-0.1636055479308739,0.0,-0.11178839501066806,0.07161598021803225
27,155,0.47152303809409746,-1.0,-0.11178839501066806,-0.7301403871387205,0.07161598021803225,-0.9923895289086804,-0.19901246693530106,0.0,-0.18480243372454014,-0.02643745084968102
27,156,0.11254540468319374,-1.0,-0.18480243372454014,-0.6390530748556724,-0.02643745084968102,-0.9805343106771327,-0.05264473955425547,0.0,-0.24870774121010739,-0.12187961951877002
27,157,-0.801606855561024,1.0,-0.24870774121010739,0.9715454498534566,-0.12187961951877002,-0.95442168669089,1.9673693764654794,0.0,-0.1515531962247617,-0.19459394502579339
27,158,-0.003910179109506612,1.0,-0.1515531962247617,0.8967087153653581,-0.19459394502579339,-0.7271432550702336,1.9505610665818711,0.0,-0.061882324688225895,-0.2454758014507733
27,159,-0.026886653433563022,1.0,-0.061882324688225895,0.8808669577801245,-0.2454758014507733,-0.508818564249799,1.9617781173314555,0.0,0.026204371089786557,-0.2751116572968393
27,160,-0.16955614073527753,1.0,0.026204371089786557,0.9411857269303091,-0.2751116572968393,-0.29635855846065984,2.0309755116578825,0.0,0.12032294378281748,-0.2834894106392523
27,161,0.4046498725566266,1.0,0.12032294378281748,0.906827769176194,-0.2834894106392523,-0.08377753342413044,1.954951560708766,0.0,0.21100572070043688,-0.2720495602676205
27,162,0.6695152008846508,1.0,0.21100572070043688,0.8692837775319618,-0.2720495602676205,0.11439850371631835,1.8470993061407448,0.0,0.29793409845363306,-0.24250479204647343
27,163,0.5735617421927058,1.0,0.29793409845363306,0.8413183249918931,-0.24250479204647343,0.29544768221147066,1.728620012468141,0.0,0.3820659309528224,-0.19661925628372165
27,164,0.7245637411651284,1.0,0.3820659309528224,0.7776174223269433,-0.19661925628372165,0.4588553576275177,1.5491269874524878,0.0,0.4598276731855167,-0.13671078779085305
27,165,0.07770291089613551,1.0,0.4598276731855167,0.8279276860071664,-0.13671078779085305,0.5990846849286859,1.4970479258500142,0.0,0.5426204417862334,-0.0637489110312561
27,166,0.5875016091346827,1.0,0.5426204417862334,0.8349541915460688,-0.0637489110312561,0.7296187675959694,1.3868520232959827,0.0,0.6261158609408403,0.020746705904993584
27,167,0.45951167893527634,1.0,0.6261158609408403,0.7629756755569026,0.020746705904993584,0.8449561693624967,1.1750039182984695,0.0,0.7024134284965305,0.11428850228226797
27,168,0.36604906683889366,1.0,0.7024134284965305,0.7511571264559266,0.11428850228226797,0.9354179637727438,1.0335213027080743,0.0,0.7775291411421232,0.2151721742025503
27,169,0.8469513445482115,1.0,0.7775291411421232,0.7617713059281688,0.2151721742025503,1.0088367192028234,0.9218693964965339,0.0,0.8537062717349402,0.32204626258634894
27,170,1.1562019278936824,1.0,0.8537062717349402,0.6755802086518294,0.32204626258634894,1.0687408838379864,0.6957346465800175,0.0,0.9212642926001231,0.4324577266076662
27,171,0.2569898610782303,1.0,0.9212642926001231,0.7334116459703867,0.4324577266076662,1.1041146402131725,0.6507351576356416,0.0,0.9946054571971618,0.5458433753566577
27,172,1.811139046822852,1.0,0.9946054571971618,0.7093660704477249,0.5458433753566577,1.133856487489915,0.5157276365434618,0.0,1.0655420642419342,0.6607579597111162
27,173,0.8150530918391797,1.0,1.0655420642419342,0.7809748109646849,0.6607579597111162,1.149145843544584,0.506751349201586,0.0,1.1436395453384027,0.7770627908582478
27,174,1.2141306601477173,1.0,1.1436395453384027,0.7442033601999211,0.7770627908582478,1.163048311471316,0.3760574185903076,0.0,1.218059881358395,0.8934064415945743
27,175,1.4205815854002797,1.0,1.218059881358395,0.784394506826342,0.8934064415945743,1.1634365073632646,0.34772774676217283,0.0,1.2964993320410292,1.00950437297496
27,176,0.9069350158217917,1.0,1.2964993320410292,0.7881292829518928,1.00950437297496,1.1609793138038575,0.2852520592237652,0.0,1.3753122603362185,1.124739691143411
27,177,1.0201762843889377,1.0,1.3753122603362185,0.801222036724085,1.124739691143411,1.1523531816845107,0.24309762759220233,-0.5430236760121872,1.455434464008627,1.184416087805175
27,178,1.7151653104795863,1.0,1.455434464008627,0.8273093983432122,1.184416087805175,0.5967639666176394,0.8965089379817317,0.0,1.5381654038429482,1.2511479291535799
27,179,1.600586809742825,1.0,1.5381654038429482,0.9040520769014329,1.2511479291535799,0.6673184134840481,0.9468023089903508,0.0,1.6285706115330916,1.3252123746687392
28,0,-0.0797812430248126,1.0,0.0,0.7615726950570099,-0.7,0.0,2.2355422783954073,0.0,0.076157269505701,-0.6776445772160459
28,1,0.09133061834437163,1.0,0.076157269505701,0.7889071703262438,-0.6776445772160459,0.22355422783954074,2.1341018325566252,0.0,0.15504798653832538,-0.6346635096356121
28,2,-0.13516265372565803,1.0,0.15504798653832538,0.7520964974822282,-0.6346635096356121,0.42981067580433796,1.9385042327177815,0.0,0.23025763628654822,-0.5736727938905744
28,3,0.003003899635644125,1.0,0.23025763628654822,0.7056976457018813,-0.5736727938905744,0.6099071574503773,1.7184053729466042,0.0,0.30082740085673637,-0.49744972731991177
28,4,0.26333013387679327,1.0,0.30082740085673637,0.6934720143781289,-0.49744972731991177,0.7622306657066256,1.5329084258918315,0.0,0.37017460229454924,-0.40833671462059207
28,5,0.1800232052106166,1.0,0.37017460229454924,0.7018103732701707,-0.40833671462059207,0.8911301269931967,1.3712951139388156,0.0,0.4403556396215663,-0.3083623671882625
28,6,0.4917446361678894,1.0,0.4403556396215663,0.8182948915665735,-0.3083623671882625,0.999743474323296,1.345991855643441,0.0,0.5221851287782237,-0.198127280317333
28,7,0.25130831733331427,1.0,0.5221851287782237,0.838821091266135,-0.198127280317333,1.1023508687092947,1.211053592395697,0.0,0.6060672379048372,-0.07930918030231632
28,8,1.2338145181384303,1.0,0.6060672379048372,0.8414259570905639,-0.07930918030231632,1.188181000150167,1.059517380532405,0.0,0.6902098336138935,0.04630191431754388
28,9,1.0990544001021976,1.0,0.6902098336138935,0.8567422427378725,0.04630191431754388,1.256110946198602,0.9303898269709873,0.0,0.7758840578876808,0.17719735217927843
28,10,0.838182474028354,1.0,0.7758840578876808,0.9323740352787195,0.17719735217927843,1.3089543786173454,0.8846502415815501,0.0,0.8691214614155527,0.31275063844525297
28,11,0.5663243703202085,1.0,0.8691214614155527,0.9654290389041114,0.31275063844525297,1.3555328626597454,0.7982813797488992,0.0,0.9656643653059638,0.45194903334820535
28,12,0.9389198477935062,1.0,0.9656643653059638,0.9554287544100722,0.45194903334820535,1.3919839490295234,0.668744729337293,-1.213079429327657,1.061207240746971,0.47207258397487045
28,13,1.1114823409769394,1.0,1.061207240746971,0.8568625406061301,0.47207258397487045,0.20123550626665088,1.936827071096973,0.0,1.146893494807584,0.510920451692452
28,14,0.7892860561166227,1.0,1.146893494807584,0.7751059713520175,0.510920451692452,0.38847867717581536,1.7259033933481296,0.0,1.2244040919427857,0.5657842215765523
28,15,1.4183313766448185,1.0,1.2244040919427857,0.843477235976736,0.5657842215765523,0.5486376988410022,1.6840715628257483,0.0,1.3087518155404592,0.6357330664526187
28,16,1.1428410934358828,1.0,1.3087518155404592,0.8590030208501168,0.6357330664526187,0.699488448760665,1.5714905453637011,0.0,1.394652117625471,0.7191584537462881
28,17,1.0687248966149905,1.0,1.394652117625471,0.985732871214029,0.7191584537462881,0.8342538729366938,1.5910768075422856,0.0,1.4932254047468738,0.8158249967219828
28,18,1.2019658284201205,1.0,1.4932254047468738,0.9241506782240649,0.8158249967219828,0.9666654297569482,1.379518141207973,0.0,1.5856404725692803,0.9231933917345352
28,19,1.4809061742044498,-1.0,1.5856404725692803,-0.6947656808800744,0.9231933917345352,1.073683950125523,-0.7598766639744126,0.0,1.516163904481273,1.0195272314669417
28,20,1.9350823059081488,-1.0,1.516163904481273,-0.736378666703879,1.0195272314669417,0.9633383973240651,-1.0021551254930459,0.0,1.442526037810885,1.1027568370729808
28,21,1.2249311609298235,-1.0,1.442526037810885,-0.7675790377749658,1.1027568370729808,0.8322960560603905,-1.19329794915037,0.0,1.3657681340333885,1.1713901158081228
28,22,1.6399696059802684,-1.0,1.3657681340333885,-0.7842932077574241,1.1713901158081228,0.686332787351421,-1.3296522045826695,0.0,1.287338813257646,1.2245306075779137
28,23,1.6037485495252513,-1.0,1.287338813257646,-0.7914335110279003,1.2245306075779137,0.5314049176979085,-1.419200369194756,0.0,1.208195462154856,1.2617785999191236
28,24,0.9829293481012202,-1.0,1.208195462154856,-0.7926463764186782,1.2617785999191236,0.3724799234120999,-1.4691509993236673,0.0,1.1289308245129883,1.283143146512178
28,25,1.323608156765342,-1.0,1.1289308245129883,-0.8893532297209128,1.283143146512178,0.21364546593054595,-1.6079717736309018,0.0,1.039995501540897,1.287744309877946
28,26,1.189596146446888,-1.0,1.039995501540897,-0.9059799406013764,1.287744309877946,0.0460116336576783,-1.625532737406803,0.0,0.9493975074807594,1.2759429086419412
28,27,0.8671681108168849,-1.0,0.9493975074807594,-0.8899368950199219,1.2759429086419412,-0.11801401236004772,-1.57926634451974,0.0,0.8604038179787672,1.2487264888002911
28,28,1.0692021615009237,-1.0,0.8604038179787672,-0.7830497063462117,1.2487264888002911,-0.2721641984165002,-1.3996909200200656,0.0,0.782098847344146,1.2083840851933734
28,29,0.6226660721850119,-1.0,0.782098847344146,-0.7517171588172085,1.2083840851933734,-0.40342403606917876,-1.2934031432876856,0.0,0.7069271314624251,1.156398607069
28,30,0.49023052268615297,-1.0,0.7069271314624251,-0.8134605144370683,1.156398607069,-0.5198547812437336,-1.2902984448960226,0.0,0.6255810800187183,1.0931736797956464
28,31,0.12944291886037912,-1.0,0.6255810800187183,-0.7355461522912259,1.0931736797956464,-0.6322492727335365,-1.1095840712967675,0.0,0.5520264647895957,1.0208761094820724
28,32,0.4243292735800206,-1.0,0.5520264647895957,-0.7094354443514881,1.0208761094820724,-0.7229757031357401,-0.9844001281626427,0.0,0.4810829203544469,0.9410480601369063
28,33,0.37274771168155874,-1.0,0.4810829203544469,-0.7995620886408874,0.9410480601369063,-0.7982804934516607,-1.0002001699448022,-1.01184523609552,0.40112671149035817,0.7525879830617855
28,34,0.3854892368294179,-1.0,0.40112671149035817,-0.721297590130053,0.7525879830617855,-1.8846007707512076,0.43782493307101156,0.0,0.32899695247735283,0.5745368777837787
28,35,0.6432587525289444,-1.0,0.32899695247735283,-0.8871305977842905,0.5745368777837787,-1.7805110527800678,0.3196814553385846,0.0,0.24028389269892378,0.40538022242805394
28,36,-0.303626407194599,-1.0,0.24028389269892378,-0.865631441781628,0.40538022242805394,-1.6915665535572473,0.4016618406359083,0.0,0.15372074852076098,0.24565319845007147
28,37,0.18957301491783785,-1.0,0.15372074852076098,-0.7477234814124248,0.24565319845007147,-1.5972702397798246,0.5836202198552467,0.0,0.07894840037951849,0.09687364143793689
28,38,-0.22154916051109425,-1.0,0.07894840037951849,-0.8359166845635887,0.09687364143793689,-1.4877955701213457,0.49666654723330683,0.0,-0.004643268076840387,-0.04217830427747632
28,39,-0.544208390469466,-1.0,-0.004643268076840387,-0.8348795417099254,-0.04217830427747632,-1.390519457154132,0.4984090129712571,0.0,-0.08813122224783293,-0.17179649760028373
28,40,0.4032215696701428,-1.0,-0.08813122224783293,-0.7205712080442652,-0.17179649760028373,-1.296181933228074,0.6258663473568441,0.0,-0.16018834305225946,-0.29100824526319286
28,41,-0.5810291281191272,-1.0,-0.16018834305225946,-0.7481590114208104,-0.29100824526319286,-1.1921174766290912,0.5697637904460716,0.0,-0.23500424419434052,-0.4007075790964282
28,42,-0.05408903369146356,-1.0,-0.23500424419434052,-0.7445743202551516,-0.4007075790964282,-1.0969933383323531,0.5388448893027208,0.0,-0.30946167621985565,-0.5015080853539727
28,43,-0.5075216475861192,-1.0,-0.30946167621985565,-0.7267599780476258,-0.5015080853539727,-1.0080050625754458,0.5161425997135167,0.0,-0.38213767402461823,-0.5939215494141408
28,44,-0.20914774235470115,-1.0,-0.38213767402461823,-0.6192776117527815,-0.5939215494141408,-0.9241346406016798,0.5973336915876953,0.0,-0.4440654351998964,-0.6774044457085064
28,45,-0.5164371744397777,-1.0,-0.4440654351998964,-0.744786571913794,-0.6774044457085064,-0.8348289629436565,0.38843616421823235,0.0,-0.5185440923912757,-0.75433152767927
28,46,-0.09782667480641793,-1.0,-0.5185440923912757,-0.8557408106194587,-0.75433152767927,-0.7692708197076362,0.18710121486077597,0.0,-0.6041181734532216,-0.8269259308783614
28,47,-0.907631562574996,-1.0,-0.6041181734532216,-0.7126532170553683,-0.8269259308783614,-0.7259440319909143,0.29430886176358884,0.0,-0.6753834951587584,-0.8942542245574461
28,48,-0.8341740465028343,-1.0,-0.6753834951587584,-0.7241478309258177,-0.8942542245574461,-0.6732829367908462,0.21753536182457586,0.0,-0.7477982782513402,-0.9572526592205542
28,49,-0.7881181957881034,-1.0,-0.7477982782513402,-0.8331251066808375,-0.9572526592205542,-0.6299843466310815,0.0200646620048473,0.0,-0.8311107889194239,-1.0180344973543944
28,50,-0.31619247978199105,-1.0,-0.8311107889194239,-0.8270576646622988,-1.0180344973543944,-0.6078183813384022,-0.03739805484792122,0.0,-0.9138165553856538,-1.077245297216431
28,51,-1.0164898782134388,-1.0,-0.9138165553856538,-0.7521936816485865,-1.077245297216431,-0.5921079986203654,-0.004902625897682589,0.0,-0.9890359235505124,-1.1346103777418592
28,52,-0.9079565742403918,-1.0,-0.9890359235505124,-0.7740934515139475,-1.1346103777418592,-0.573650805254282,-0.08435932684873756,0.0,-1.0664452687019073,-1.190983368958961
28,53,-1.2812096188894915,-1.0,-1.0664452687019073,-0.708351632229184,-1.190983368958961,-0.5637299121710188,-0.05250237254792313,0.0,-1.1372804319248258,-1.246077448182595
28,54,-0.7901728150789362,-1.0,-1.1372804319248258,-0.7898629417141227,-1.246077448182595,-0.5509407922363385,-0.19571842109191334,0.0,-1.216266726096238,-1.3013657010819917
28,55,-1.0355201157243688,-1.0,-1.216266726096238,-0.784839050691479,-1.3013657010819917,-0.5528825289939671,-0.23131646843666706,0.0,-1.294750631165386,-1.3571978945729744
28,56,-0.6031326491698744,-1.0,-1.294750631165386,-0.9499532992914181,-1.3571978945729744,-0.5583219349098268,-0.47142685566554465,0.0,-1.3897459610945277,-1.415957726428901
28,57,-0.9682331776055241,-1.0,-1.3897459610945277,-0.9355707620725194,-1.415957726428901,-0.5875983185592668,-0.48995989080374097,0.0,-1.4833030373017797,-1.4777368425734754
28,58,-1.1501408190532019,-1.0,-1.4833030373017797,-0.9774917346988642,-1.4777368425734754,-0.6177911614457443,-0.5688190330824285,0.0,-1.581052210771666,-1.5432272173322477
28,59,-1.5866368499423362,-1.0,-1.581052210771666,-0.8115695459817468,-1.5432272173322477,-0.6549037475877233,-0.3846156921832719,0.0,-1.6622091653698408,-1.610468057020572
28,60,-1.306290322453542,-1.0,-1.6622091653698408,-0.7672559648117745,-1.610468057020572,-0.6724083968832434,-0.33725335026128317,0.0,-1.7389347618510183,-1.6789297233414828
28,61,-1.3209990878671887,-1.0,-1.7389347618510183,-0.7158118988435209,-1.6789297233414828,-0.684616663209108,-0.2761895199448256,0.0,-1.8105159517353704,-1.7479625115395727
28,62,-2.1157147917601598,-1.0,-1.8105159517353704,-0.7251050975388541,-1.7479625115395727,-0.6903278819808991,-0.2863843837427664,0.0,-1.8830264614892558,-1.8176500943527514
28,63,-1.6277835891864123,-1.0,-1.8830264614892558,-0.8101991027677137,-1.8176500943527514,-0.696875828131787,-0.38982255158228346,0.0,-1.9640463717660273,-1.8890059000317312
28,64,-2.2323987142881427,-1.0,-1.9640463717660273,-0.8617768479534093,-1.8890059000317312,-0.7135580567897981,-0.45388332030162,0.0,-2.050224056561368,-1.9626171531319998
28,65,-1.8240164526780802,-1.0,-2.050224056561368,-0.8774435126326805,-1.9626171531319998,-0.7361125310026866,-0.47279735189287087,0.0,-2.137968407824636,-2.0386008196519887
28,66,-2.2944447475231593,-1.0,-2.137968407824636,-0.8935950624893287,-2.0386008196519887,-0.7598366651998877,-0.48959144183383696,0.0,-2.227327914073569,-2.117048923261676
28,67,-2.608004067147908,-1.0,-2.227327914073569,-0.9023551694782026,-2.117048923261676,-0.784481036096875,-0.4947196794058639,0.0,-2.3175634310213895,-2.1979338843499123
28,68,-2.4682248664463193,-1.0,-2.3175634310213895,-0.7528719438511714,-2.1979338843499123,-0.8088496108823614,-0.3018194205719501,0.0,-2.3928506254065067,-2.2792487208890444
28,69,-3.1889354301143324,-1.0,-2.3928506254065067,-0.8387870271940804,-2.2792487208890444,-0.8131483653913208,-0.39225971828110745,0.0,-2.4767293281259146,-2.3618840798417353
28,70,-2.2782625138678516,-1.0,-2.4767293281259146,-0.8826014448833011,-2.3618840798417353,-0.8263535895269093,-0.4348052247533539,0.0,-2.564989472614245,-2.4462231595554735
28,71,-2.0592948973062155,-1.0,-2.564989472614245,-0.9455426440037216,-2.4462231595554735,-0.8433907971373836,-0.5019025075090705,0.0,-2.659543737014617,-2.532882413793463
28,72,-2.247988407841259,-1.0,-2.659543737014617,-0.8663334582577707,-2.532882413793463,-0.8665925423798944,-0.3943230994085935,0.0,-2.7461770828403944,-2.6207118028899226
28,73,-2.0634448698110557,-1.0,-2.7461770828403944,-0.890152149646305,-2.6207118028899226,-0.8782938909645971,-0.4092400872087324,0.0,-2.835192297805025,-2.709823052407383
28,74,-2.621056309661733,-1.0,-2.835192297805025,-0.9425172727259168,-2.709823052407383,-0.8911124951746032,-0.46027381586881144,0.0,-2.9294440250776166,-2.8006854800989727
28,75,-2.852184289935663,-1.0,-2.9294440250776166,-0.7734991143792945,-2.8006854800989727,-0.9086242769158971,-0.2394192237072281,0.0,-3.006793936515546,-2.891034502341504
28,76,-3.259197005535793,-1.0,-3.006793936515546,-0.7772226757828338,-2.891034502341504,-0.9034902224253112,-0.2253602242672015,0.0,-3.0845162040938296,-2.980745958114946
28,77,-2.767304498843061,-1.0,-3.0845162040938296,-0.760953816389174,-2.980745958114946,-0.8971145577344214,-0.18978263268042253,0.0,-3.160611585732747,-3.069484473630442
28,78,-3.1729578694984077,-1.0,-3.160611585732747,-0.7113292482765576,-3.069484473630442,-0.8873851551549622,-0.11532236609810256,0.0,-3.231744510560403,-3.1565365803104233
28,79,-3.367696073491318,-1.0,-3.231744510560403,-0.6921491142294002,-3.1565365803104233,-0.8705210667998137,-0.07989170689596672,0.0,-3.3009594219833427,-3.241601936645605
28,80,-3.745773772358199,-1.0,-3.3009594219833427,-0.7316747368011317,-3.241601936645605,-0.8506535633518163,-0.12024340630480554,0.0,-3.374126895663456,-3.3251476356411085
28,81,-3.671641420403304,-1.0,-3.374126895663456,-0.7583465305786744,-3.3251476356411085,-0.8354569899550387,-0.14993975685321453,0.0,-3.449961548721323,-3.4075192698372883
28,82,-3.236132777624653,-1.0,-3.449961548721323,-0.7573627700658799,-3.4075192698372883,-0.8237163419617989,-0.14895907790693722,0.0,-3.525697825727911,-3.48874460251826
28,83,-3.6911398059841933,-1.0,-3.525697825727911,-0.7611378970219271,-3.48874460251826,-0.8122533268097151,-0.1555027726097342,0.0,-3.601811615430104,-3.5689257522795375
28,84,-3.6918594478633877,-1.0,-3.601811615430104,-0.8394382089079556,-3.5689257522795375,-0.8018114976127776,-0.25564296233645634,0.0,-3.6857554363208993,-3.649097534871819
28,85,-3.5642240548072017,-1.0,-3.6857554363208993,-0.8008708524854966,-3.649097534871819,-0.8017178259228144,-0.21508890328143185,0.0,-3.765842521569449,-3.728854709453962
28,86,-3.37128848939703,-1.0,-3.765842521569449,-0.8455586442618804,-3.728854709453962,-0.7975717458214275,-0.2752420449645745,0.0,-3.850398385995637,-3.8088120748991217
28,87,-3.6054707169199633,-1.0,-3.850398385995637,-0.7690949382033244,-3.8088120748991217,-0.7995736544515993,-0.18721458703547947,0.0,-3.9273078798159693,-3.888082950520391
28,88,-4.405462148386285,-1.0,-3.9273078798159693,-0.6633199029184781,-3.888082950520391,-0.7927087562126961,-0.059422005277809525,0.0,-3.9936398701078173,-3.9654113781745584
28,89,-3.359437930131205,-1.0,-3.9936398701078173,-0.6576295938634328,-3.9654113781745584,-0.7732842765416708,-0.05244676812911479,0.0,-4.059402829494161,-4.040789763825083
28,90,-3.9827705887642284,-1.0,-4.059402829494161,-0.6235076721018464,-4.040789763825083,-0.7537838565052488,-0.012993097203062437,0.0,-4.1217535967043455,-4.113885972106822
28,91,-3.770281682509292,-1.0,-4.1217535967043455,-0.6419838158226219,-4.113885972106822,-0.7309620828173871,-0.03989493108809897,0.0,-4.1859519782866075,-4.185042051034427
28,92,-3.9422164756648628,-1.0,-4.1859519782866075,-0.7023552778267135,-4.185042051034427,-0.7115607892760406,-0.12195330479268277,0.0,-4.256187506069279,-4.255140668484274
28,93,-4.533257219116822,-1.0,-4.256187506069279,-0.9391754799001218,-4.255140668484274,-0.7009861744984756,-0.42578288398550895,0.0,-4.3501050540592905,-4.327253959015581
28,94,-4.110659883715554,-1.0,-4.3501050540592905,-1.0486535477595236,-4.327253959015581,-0.7211329053130753,-0.5801721067351436,0.0,-4.454970408835242,-4.4028613453172385
28,95,-5.165521287912083,-1.0,-4.454970408835242,-1.0290383317586858,-4.4028613453172385,-0.7560738630165712,-0.5733865510628839,0.0,-4.557874242011111,-4.481783160767871
28,96,-4.733639133988104,-1.0,-4.557874242011111,-1.0112485957861415,-4.481783160767871,-0.7892181545063293,-0.5609814538642321,0.0,-4.658999101589725,-4.563789292662726
28,97,-4.554101285779586,-1.0,-4.658999101589725,-0.8821997896686175,-4.563789292662726,-0.8200613189485499,-0.4045905018597131,0.0,-4.747219080556587,-4.647217133355543
28,98,-5.14633649767537,-1.0,-4.747219080556587,-0.9130268080535359,-4.647217133355543,-0.8342784069281677,-0.4365993829934707,0.0,-4.83852176136194,-4.732341276976125
28,99,-4.432479218044488,-1.0,-4.83852176136194,-0.9332869691383773,-4.732341276976125,-0.8512414362058134,-0.4552397949835494,0.0,-4.931850458275777,-4.819293845950683
28,100,-5.405976454296944,-1.0,-4.931850458275777,-0.9670744626770553,-4.819293845950683,-0.8695256897455823,-0.4895647199747268,0.0,-5.028557904543483,-4.908359579917803
28,101,-5.498890671328284,-1.0,-5.028557904543483,-1.0124134004962604,-4.908359579917803,-0.8906573396711963,-0.5375072435156335,0.0,-5.129799244593109,-4.99995028283313
28,102,-5.948074584872168,-1.0,-5.129799244593109,-0.9486212791881354,-4.99995028283313,-0.9159070291532814,-0.4500654784423613,0.0,-5.224661372511922,-5.0931107380395915
28,103,-5.2671157890272085,-1.0,-5.224661372511922,-0.7593883953560685,-5.0931107380395915,-0.9316045520646125,-0.20302856237071346,0.0,-5.300600212047529,-5.185320344303153
28,104,-5.795538046641051,-1.0,-5.300600212047529,-0.8301507251661234,-5.185320344303153,-0.9220960626356162,-0.270303035139862,0.0,-5.383615284564142,-5.277282273517679
28,105,-5.386819393836744,-1.0,-5.383615284564142,-0.8356750753754398,-5.277282273517679,-0.9196192921452626,-0.26317453177209826,0.0,-5.467182792101686,-5.3689331663150615
28,106,-6.159889068524666,-1.0,-5.467182792101686,-0.7744379379386973,-5.3689331663150615,-0.916508927973824,-0.17585828668703046,0.0,-5.544626585895555,-5.459409813409798
28,107,-5.9358875677780185,-1.0,-5.544626585895555,-0.8119610908415903,-5.459409813409798,-0.9047664709473646,-0.2104181817932815,0.0,-5.625822694979714,-5.549095389615436
28,108,-5.649398880832722,-1.0,-5.625822694979714,-0.8664215409131764,-5.549095389615436,-0.8968557620563771,-0.27027756779249124,0.0,-5.712464849071032,-5.6386138030604185
28,109,-5.271099084828199,-1.0,-5.712464849071032,-0.8248392600788389,-5.6386138030604185,-0.8951841344498221,-0.21535758014468703,0.0,-5.7949487750789155,-5.7274212030766085
28,110,-5.521871532805586,-1.0,-5.7949487750789155,-0.8224728583579181,-5.7274212030766085,-0.8880740001618965,-0.20820228810630592,0.0,-5.877196060914708,-5.815468789173343
28,111,-6.051175577164728,-1.0,-5.877196060914708,-0.8209948369004765,-5.815468789173343,-0.8804758609673464,-0.2036244222778994,0.0,-5.959295544604755,-5.902735096737761
28,112,-6.022223528988873,-1.0,-5.959295544604755,-0.9097089722560079,-5.902735096737761,-0.8726630756441813,-0.3118311798637191,0.0,-6.050266441830356,-5.990327194258755
28,113,-6.0044335364206285,-1.0,-6.050266441830356,-0.8845436329811495,-5.990327194258755,-0.8759209752099394,-0.2835819707687455,0.0,-6.138720805128471,-6.077952164366764
28,114,-6.115213541780479,-1.0,-6.138720805128471,-0.8692778889869348,-6.077952164366764,-0.8762497010800959,-0.26591799217392,0.0,-6.225648594027164,-6.165432315353057
28,115,-6.087829547134949,-1.0,-6.225648594027164,-0.8681948609874108,-6.165432315353057,-0.8748015098629248,-0.2650791835104799,0.0,-6.312468080125905,-6.252763893342893
28,116,-6.731360400275504,-1.0,-6.312468080125905,-0.8051974254502112,-6.252763893342893,-0.8733157798983592,-0.18788999708630566,0.0,-6.392987822670926,-6.339179760807917
28,117,-6.3925867364559465,-1.0,-6.392987822670926,-0.8261501589149303,-6.339179760807917,-0.8641586746502422,-0.2124737523237514,0.0,-6.475602838562419,-6.424955058037297
28,118,-6.716251175459688,-1.0,-6.475602838562419,-0.910017948679446,-6.424955058037297,-0.8577529722938096,-0.3169299396820898,0.0,-6.566604633430363,-6.511154845152159
28,119,-6.96628379539562,-1.0,-6.566604633430363,-0.8717349684281636,-6.511154845152159,-0.8619978711486167,-0.2740770296174122,0.0,-6.65377813027318,-6.5973370093755195
28,120,-6.6833181260946075,-1.0,-6.65377813027318,-0.9274479775011057,-6.5973370093755195,-0.8618216422336021,-0.3449016015292557,0.0,-6.746522928023291,-6.684210360359025
28,121,-6.562873970037346,-1.0,-6.746522928023291,-0.9556440878267487,-6.684210360359025,-0.8687335098350525,-0.3833285133181219,0.0,-6.842087336805966,-6.772137049244239
28,122,-6.738196006869635,-1.0,-6.842087336805966,-0.9341081372838246,-6.772137049244239,-0.879266888852143,-0.3598013482399687,0.0,-6.9354981505343485,-6.860848097567526
28,123,-7.542414644419907,-1.0,-6.9354981505343485,-1.0294502669383032,-6.860848097567526,-0.8871104832328713,-0.4780076702629105,0.0,-7.038443177228179,-6.951500469047097
28,124,-7.1069248280466235,-1.0,-7.038443177228179,-0.9042327970503499,-6.951500469047097,-0.9065237147957105,-0.325721613956686,0.0,-7.128866456933213,-7.042509180778889
28,125,-6.673987214716914,-1.0,-7.128866456933213,-0.9222929205535111,-7.042509180778889,-0.9100871173179164,-0.34320124458527485,0.0,-7.2210957489885645,-7.134037626181116
28,126,-7.008054346297522,-1.0,-7.2210957489885645,-0.8551563246673446,-7.134037626181116,-0.9152844540222705,-0.2561269114345656,0.0,-7.306611381455299,-7.225198430444817
28,127,-7.196103003488718,-1.0,-7.306611381455299,-0.8611776399495763,-7.225198430444817,-0.9116080426370144,-0.25697989993825215,0.0,-7.392729145450256,-7.316011887971463
28,128,-7.487593657425241,-1.0,-7.392729145450256,-0.8068317632985541,-7.316011887971463,-0.9081345752664552,-0.1848228499797036,0.0,-7.473412321780112,-7.405767543357053
28,129,-7.625063071868487,-1.0,-7.473412321780112,-0.9035180042186307,-7.405767543357053,-0.897556553855899,-0.298553193743974,0.0,-7.563764122201975,-7.4956365497077435
28,130,-7.168567924547853,-1.0,-7.563764122201975,-0.8714080625145693,-7.4956365497077435,-0.8986900635069077,-0.2586003996375685,0.0,-7.650904928453432,-7.585215751851588
28,131,-7.527272296773594,-1.0,-7.650904928453432,-0.777312203725724,-7.585215751851588,-0.8957920214384435,-0.1409239258043155,0.0,-7.728636148826005,-7.673337658784872
28,132,-7.289840309032291,-1.0,-7.728636148826005,-0.8861602164640171,-7.673337658784872,-0.8812190693328449,-0.27143005110966995,0.0,-7.817252170472407,-7.761353965207388
28,133,-7.8085022310684,-1.0,-7.817252170472407,-0.8027578175296998,-7.761353965207388,-0.8801630642251609,-0.17064636695304464,0.0,-7.897527952225377,-7.848260213493915
28,134,-8.092128324962369,-1.0,-7.897527952225377,-0.7702177296871002,-7.848260213493915,-0.8690624828652602,-0.12984860580825,0.0,-7.974549725194087,-7.933683947893354
28,135,-8.16508702719714,-1.0,-7.974549725194087,-0.7987564428943351,-7.933683947893354,-0.8542373439943969,-0.1651166837867408,0.0,-8.05442536948352,-8.018025289629879
28,136,-7.5797156409648165,-1.0,-8.05442536948352,-0.7267320802239645,-8.018025289629879,-0.8434134173652502,-0.0792701785723172,0.0,-8.127098577505915,-8.100460410216558
28,137,-8.92852933336286,-1.0,-8.127098577505915,-0.7398855392643247,-8.100460410216558,-0.8243512058667939,-0.09747048431661774,0.0,-8.201087131432347,-8.18123231178763
28,138,-8.342679213816227,-1.0,-8.201087131432347,-0.8400759544223714,-8.18123231178763,-0.8077190157107182,-0.2261202535581016,0.0,-8.285094726874584,-8.261680715044008
28,139,-8.100389789161476,-1.0,-8.285094726874584,-0.7988646359895586,-8.261680715044008,-0.8044840325637854,-0.18520551314169792,0.0,-8.364981190473541,-8.3414068245276
28,140,-8.389470126410707,-1.0,-8.364981190473541,-0.8510755797309139,-8.3414068245276,-0.7972610948359141,-0.2575667683899601,0.0,-8.450088748446632,-8.421157366191615
28,141,-8.642043393051983,-1.0,-8.450088748446632,-0.822258424886964,-8.421157366191615,-0.7975054166401608,-0.2316315244350139,0.0,-8.532314590935329,-8.500672205766733
28,142,-8.516930165668287,-1.0,-8.532314590935329,-0.8646867419564391,-8.500672205766733,-0.7951483957511771,-0.29152072333936674,0.0,-8.618783265130972,-8.58055777770884
28,143,-8.32111614301168,-1.0,-8.618783265130972,-0.9709612376757649,-8.58055777770884,-0.7988557194210761,-0.431055774868383,0.0,-8.715879388898548,-8.662197569097485
28,144,-8.542973358650883,-1.0,-8.715879388898548,-0.9644257453006343,-8.662197569097485,-0.81639791388644,-0.43315935249749016,0.0,-8.812321963428612,-8.745556480686666
28,145,-8.483538900257123,-1.0,-8.812321963428612,-0.884663102215747,-8.745556480686666,-0.8335891158918229,-0.3408065026226344,0.0,-8.900788273650187,-8.82965597213122
28,146,-8.579829394088378,-1.0,-8.900788273650187,-0.9709437607500869,-8.82965597213122,-0.8409949144455481,-0.4476656421686186,0.0,-8.997882649725195,-8.915540936271237
28,147,-8.888502697728594,-1.0,-8.997882649725195,-0.8262962728051624,-8.915540936271237,-0.8588496414001524,-0.27101594333403894,0.0,-9.080512277005711,-9.001387740992111
28,148,-9.338401802469278,-1.0,-9.080512277005711,-0.8178101659859383,-9.001387740992111,-0.8584680472087515,-0.25498449704860476,0.0,-9.162293293604305,-9.087037292932404
28,149,-9.175152685402571,-1.0,-9.162293293604305,-0.7679803537668702,-9.087037292932404,-0.8564955194029319,-0.1883590427720227,0.0,-9.239091328980992,-9.171829649638328
28,150,-9.613359765227997,-1.0,-9.239091328980992,-0.7493651270192392,-9.171829649638328,-0.8479235670592403,-0.15958029324048792,0.0,-9.314027841682917,-9.255504453862066
28,151,-9.288953689053907,-1.0,-9.314027841682917,-0.7064088790755235,-9.255504453862066,-0.8367480422373934,-0.10209778877758227,0.0,-9.38466872959047,-9.337522642238422
28,152,-8.975493482845556,-1.0,-9.38466872959047,-0.7634401542383538,-9.337522642238422,-0.820181883763555,-0.168877874133921,0.0,-9.461012745014305,-9.418605027328073
28,153,-9.837844902985013,-1.0,-9.461012745014305,-0.8633564015322092,-9.418605027328073,-0.8108238508965134,-0.29333439017046736,0.0,-9.547348385167526,-9.50002611999656
28,154,-9.642675916435634,-1.0,-9.547348385167526,-0.9182267837888679,-9.50002611999656,-0.8142109266848717,-0.3666347955264213,0.0,-9.639171063546412,-9.58250808565492
28,155,-10.09416846627171,-1.0,-9.639171063546412,-0.8615011974595582,-9.58250808565492,-0.8248196565835979,-0.30271984854903505,0.0,-9.725321183292367,-9.665377826897704
28,156,-9.990962607564315,-1.0,-9.725321183292367,-0.8910438192579602,-9.665377826897704,-0.8286974124278262,-0.3412020430644921,0.0,-9.814425565218164,-9.749007756851363
28,157,-9.504795203879652,-1.0,-9.814425565218164,-0.8459652198497455,-9.749007756851363,-0.836299299536585,-0.28767572747960213,0.0,-9.899022087203138,-9.8328382863213
28,158,-9.858442372971414,-1.0,-9.899022087203138,-0.8332183990295952,-9.8328382863213,-0.8383052946993745,-0.2712441949986065,0.0,-9.982343927106097,-9.916698680798186
28,159,-9.645983008814397,-1.0,-9.982343927106097,-0.7584809857099618,-9.916698680798186,-0.8386039447688552,-0.17763358101413873,0.0,-10.058192025677092,-9.999651878461952
28,160,-10.794463702148288,-1.0,-10.058192025677092,-0.8263998128981296,-9.999651878461952,-0.8295319766376658,-0.25789446580764963,0.0,-10.140832006966905,-10.082529518458555
28,161,-9.88941237812171,-1.0,-10.140832006966905,-0.9512528645257177,-10.082529518458555,-0.8287763999660254,-0.4124416714653807,0.0,-10.235957293419476,-10.16687949068992
28,162,-9.732288373148396,-1.0,-10.235957293419476,-0.8431130800068328,-10.16687949068992,-0.8434997223136507,-0.283363880428785,0.0,-10.32026860142016,-10.25136390261417
28,163,-9.75048335504185,-1.0,-10.32026860142016,-0.8308377680009501,-10.25136390261417,-0.8448441192424924,-0.2664720110676387,0.0,-10.403352378220255,-10.335809533467518
28,164,-10.551142941804459,-1.0,-10.403352378220255,-0.9571287799192512,-10.335809533467518,-0.8444563085334965,-0.4203291820326668,0.0,-10.49906525621218,-10.421756195953888
28,165,-10.826723942466083,-1.0,-10.49906525621218,-0.947406074234876,-10.421756195953888,-0.8594666248636913,-0.4106283070510361,0.0,-10.593805863635668,-10.509058848311204
28,166,-10.427195305221154,-1.0,-10.593805863635668,-0.7595725360290444,-10.509058848311204,-0.8730265235731568,-0.1781762105943134,0.0,-10.669763117238572,-10.595349577899029
28,167,-10.580550662870854,-1.0,-10.669763117238572,-0.8761784517170297,-10.595349577899029,-0.8629072958782471,-0.31369277497652803,0.0,-10.757380962410275,-10.682015931889808
28,168,-10.893042176276875,-1.0,-10.757380962410275,-0.7829316913613917,-10.682015931889808,-0.866663539907796,-0.1963492283909966,0.0,-10.835674131546414,-10.767872454836793
28,169,-10.653310721573714,-1.0,-10.835674131546414,-0.8132846446137542,-10.767872454836793,-0.8585652294698461,-0.22834614706744638,0.0,-10.917002596007789,-10.853265030520149
28,170,-10.453612770621298,-1.0,-10.917002596007789,-0.9393308958474719,-10.853265030520149,-0.8539257568335558,-0.38136610784852787,0.0,-11.010935685592536,-10.939738704860122
28,171,-10.820372389484154,-1.0,-11.010935685592536,-0.904101878891681,-10.939738704860122,-0.8647367433997347,-0.34030665421646805,0.0,-11.101345873481703,-11.026848288163382
28,172,-10.976542026150593,-1.0,-11.101345873481703,-0.8646646116143718,-11.026848288163382,-0.87109583303259,-0.2910307034984243,0.0,-11.18781233464314,-11.114080671835922
28,173,-11.047152547901112,-1.0,-11.18781233464314,-0.7784028259000232,-11.114080671835922,-0.8723238367253895,-0.18179103761822685,0.0,-11.265652617233144,-11.200339529607122
28,174,-11.075043236967765,-1.0,-11.265652617233144,-0.8389077396942908,-11.200339529607122,-0.8625885777119997,-0.2511622640329899,0.0,-11.349543391202573,-11.286349726569973
28,175,-10.957145209810749,-1.0,-11.349543391202573,-0.7293162529718902,-11.286349726569973,-0.8601019696285147,-0.11450678388065291,0.0,-11.422475016499762,-11.37075266506882
28,176,-11.89597440729062,-1.0,-11.422475016499762,-0.7313205876592921,-11.37075266506882,-0.8440293849884676,-0.11263642166857737,0.0,-11.495607075265692,-11.45358107375239
28,177,-11.816199025854619,-1.0,-11.495607075265692,-0.8704838951520262,-11.45358107375239,-0.8282840868356943,-0.28309742213488237,0.0,-11.582655464780895,-11.536589947579435
28,178,-11.726749413416556,-1.0,-11.582655464780895,-0.8330806936530173,-11.536589947579435,-0.8300887382704404,-0.2424826883002163,0.0,-11.665963534146197,-11.619367364327015
28,179,-11.91023128812272,-1.0,-11.665963534146197,-0.8986523578955935,-11.619367364327015,-0.8277741674758079,-0.32687570031694735,0.0,-11.755828769935757,-11.702764660741844
