success,tracking_error,tail_error,jerk,planning_calls,mode_accuracy,persistent_mode_accuracy,event_count,event_evaluable,event_impactful,event_coverage,recovery_recovered,recovery_unrecovered,recovery_rate,recovery_delay_sum,recovery_steps,peak_to_recovery_delay_sum,peak_to_recovery_steps,seed,context,horizon
1.0,0.5743930038541668,0.49861955929358437,804.835545017736,180.0,0.553072625698324,0.5714285714285714,12.0,12.0,3.0,0.25,0.0,3.0,0.0,54.0,18.0,27.0,9.0,17,1,1
0.0,0.6463748014829568,0.58961005102071,827.3997747015698,180.0,0.5698324022346368,0.57,6.0,6.0,2.0,0.3333333333333333,2.0,0.0,1.0,55.0,27.5,37.0,18.5,18,1,1
1.0,0.5567737118661774,0.5217293383479361,755.2435768506803,180.0,0.5810055865921788,0.5757575757575758,4.0,4.0,2.0,0.5,0.0,2.0,0.0,23.0,11.5,11.0,5.5,19,1,1
1.0,0.6026830688293301,0.4853280985332912,802.0750994770448,180.0,0.5698324022346368,0.5757575757575758,4.0,4.0,2.0,0.5,1.0,1.0,0.5,29.0,14.5,12.0,6.0,20,1,1
0.0,0.5560473050510154,0.6251934994292687,851.793421210869,180.0,0.5195530726256983,0.5526315789473685,13.0,11.0,2.0,0.18181818181818182,2.0,0.0,1.0,5.0,2.5,5.0,2.5,21,1,1
1.0,0.5608365477068653,0.40338235920297844,797.9657610011936,180.0,0.5754189944134078,0.5853658536585366,2.0,2.0,2.0,1.0,2.0,0.0,1.0,23.0,11.5,13.0,6.5,22,1,1
0.0,0.5900889163702447,0.7037065058880515,806.0317891337794,180.0,0.5586592178770949,0.5603448275862069,4.0,4.0,2.0,0.5,1.0,1.0,0.5,37.0,18.5,21.0,10.5,23,1,1
1.0,0.41896295886731305,0.3802928653954955,726.3076196804341,180.0,0.6145251396648045,0.6219512195121951,3.0,3.0,0.0,0.0,0.0,0.0,0.0,0.0,nan,0.0,nan,24,1,1
0.0,0.6760964915684209,1.219888506515409,725.1716383209871,180.0,0.5810055865921788,0.5701754385964912,7.0,5.0,2.0,0.4,1.0,1.0,0.5,60.0,30.0,42.0,21.0,25,1,1
1.0,0.6390823518968085,0.4932616452810761,810.8715866127703,180.0,0.5754189944134078,0.5681818181818182,4.0,4.0,3.0,0.75,1.0,2.0,0.3333333333333333,79.0,26.333333333333332,55.0,18.333333333333332,26,1,1
0.0,0.5007998389939309,0.5906940270054541,852.8446898368403,180.0,0.553072625698324,0.569620253164557,8.0,8.0,3.0,0.375,2.0,1.0,0.6666666666666666,83.0,27.666666666666668,56.0,18.666666666666668,27,1,1
0.0,0.5984333907271332,0.6241165471412351,870.0467352578917,180.0,0.5418994413407822,0.5405405405405406,3.0,3.0,1.0,0.3333333333333333,0.0,1.0,0.0,7.0,7.0,1.0,1.0,28,1,1
0.0,0.6278301218429871,0.9506727590767915,819.2600938101906,180.0,0.6033519553072626,0.6363636363636364,3.0,3.0,1.0,0.3333333333333333,0.0,1.0,0.0,15.0,15.0,6.0,6.0,29,1,1
0.0,0.492211612123078,0.5988672560580534,794.983082653349,180.0,0.5642458100558659,0.5743243243243243,4.0,4.0,3.0,0.75,2.0,1.0,0.6666666666666666,77.0,25.666666666666668,53.0,17.666666666666668,30,1,1
0.0,0.5927815424892996,0.6149819253165857,804.6393912393044,180.0,0.5921787709497207,0.6076923076923076,5.0,5.0,1.0,0.2,1.0,0.0,1.0,26.0,26.0,17.0,17.0,31,1,1
1.0,0.5602847784784986,0.3989307503093151,802.7973061211393,180.0,0.5418994413407822,0.553030303030303,3.0,3.0,1.0,0.3333333333333333,1.0,0.0,1.0,22.0,22.0,15.0,15.0,32,1,1
0.0,0.700514042370146,0.9203486908534467,793.7241353235482,180.0,0.5810055865921788,0.5490196078431373,8.0,7.0,5.0,0.7142857142857143,2.0,3.0,0.4,93.0,18.6,53.0,10.6,33,1,1
0.0,0.6113676441400904,0.7296402712374136,859.0174507436702,180.0,0.5586592178770949,0.5402298850574713,10.0,9.0,3.0,0.3333333333333333,1.0,2.0,0.3333333333333333,13.0,4.333333333333333,4.0,1.3333333333333333,34,1,1
1.0,0.4542277194918812,0.5420883556866408,838.3715792906518,180.0,0.5865921787709497,0.6,6.0,4.0,2.0,0.5,0.0,2.0,0.0,49.0,24.5,38.0,19.0,35,1,1
0.0,0.5186400697633715,0.6616991261999438,765.4529547023643,180.0,0.5754189944134078,0.5392156862745098,6.0,6.0,2.0,0.3333333333333333,0.0,2.0,0.0,60.0,30.0,42.0,21.0,36,1,1
1.0,0.49551430324078444,0.38471919883474737,839.4508437726722,180.0,0.5810055865921788,0.582089552238806,3.0,3.0,0.0,0.0,0.0,0.0,0.0,0.0,nan,0.0,nan,37,1,1
0.0,0.7789014285034099,0.76073748513804,643.5367672764236,180.0,0.5977653631284916,0.61,6.0,5.0,2.0,0.4,0.0,2.0,0.0,49.0,24.5,31.0,15.5,38,1,1
0.0,0.6771379342093654,0.46428555112311765,751.7714810857047,180.0,0.5921787709497207,0.5909090909090909,7.0,7.0,3.0,0.42857142857142855,0.0,3.0,0.0,49.0,16.333333333333332,27.0,9.0,39,1,1
1.0,0.5493879719927592,0.4181845116125855,875.7529503757523,180.0,0.5698324022346368,0.5670731707317073,4.0,4.0,3.0,0.75,2.0,1.0,0.6666666666666666,23.0,7.666666666666667,14.0,4.666666666666667,40,1,1
0.0,0.6120285719084371,0.7901876231093655,797.9361713747899,180.0,0.5698324022346368,0.5670731707317073,1.0,1.0,1.0,1.0,0.0,1.0,0.0,23.0,23.0,14.0,14.0,41,1,1
0.0,0.5258104271101285,0.5721522666789484,834.8388752729062,180.0,0.5754189944134078,0.5675675675675675,4.0,4.0,1.0,0.25,1.0,0.0,1.0,57.0,57.0,48.0,48.0,42,1,1
1.0,0.601512803265007,0.48181305883894654,775.0099854693453,180.0,0.6201117318435754,0.6388888888888888,6.0,6.0,4.0,0.6666666666666666,3.0,1.0,0.75,58.0,14.5,32.0,8.0,43,1,1
1.0,0.48070323606108284,0.4806897956056545,852.5622110880068,180.0,0.5418994413407822,0.541095890410959,5.0,5.0,3.0,0.6,2.0,1.0,0.6666666666666666,49.0,16.333333333333332,25.0,8.333333333333334,44,1,1
1.0,0.6108804183060252,0.3118000292321585,804.7919027447809,180.0,0.547486033519553,0.5681818181818182,5.0,5.0,2.0,0.4,0.0,2.0,0.0,21.0,10.5,9.0,4.5,45,1,1
1.0,0.5004091905774763,0.3978987628781392,810.9810664028013,180.0,0.5586592178770949,0.6,9.0,8.0,4.0,0.5,1.0,3.0,0.25,59.0,14.75,33.0,8.25,46,1,1
0.0,0.579702281717698,0.813123666426187,826.6833784390412,180.0,0.5586592178770949,0.5671641791044776,5.0,5.0,2.0,0.4,1.0,1.0,0.5,56.0,28.0,40.0,20.0,47,1,1
1.0,0.5180528221125423,0.35695575560276993,822.8880646411546,180.0,0.5642458100558659,0.584,6.0,6.0,4.0,0.6666666666666666,1.0,3.0,0.25,63.0,15.75,32.0,8.0,48,1,1
0.0,0.7890102783106342,0.6892594091021235,711.76973917078,180.0,0.5921787709497207,0.5833333333333334,9.0,6.0,4.0,0.6666666666666666,3.0,1.0,0.75,43.0,10.75,20.0,5.0,49,1,1
0.0,0.5823389792509018,0.5882994099322105,782.7982376958652,180.0,0.5642458100558659,0.5959595959595959,7.0,6.0,2.0,0.3333333333333333,0.0,2.0,0.0,36.0,18.0,26.0,13.0,50,1,1
1.0,0.7319181928131786,0.5397664438892584,672.2987078362448,180.0,0.5810055865921788,0.5606060606060606,5.0,5.0,4.0,0.8,1.0,3.0,0.25,91.0,22.75,56.0,14.0,51,1,1
0.0,0.5544581648701228,0.5312008411035346,843.1685935591859,180.0,0.5642458100558659,0.5596330275229358,5.0,4.0,2.0,0.5,1.0,1.0,0.5,43.0,21.5,25.0,12.5,52,1,1
1.0,0.5663766135705613,0.38543521930062596,799.8570679795995,180.0,0.5754189944134078,0.56,10.0,10.0,5.0,0.5,1.0,4.0,0.2,64.0,12.8,29.0,5.8,53,1,1
0.0,0.5426110170245977,0.5002153681299639,864.2998221476546,180.0,0.553072625698324,0.53125,5.0,5.0,2.0,0.4,0.0,2.0,0.0,41.0,20.5,32.0,16.0,54,1,1
0.0,0.4709365578823731,0.5432296263848411,765.7656246363571,180.0,0.5921787709497207,0.5724137931034483,4.0,4.0,1.0,0.25,1.0,0.0,1.0,19.0,19.0,11.0,11.0,55,1,1
1.0,0.5322847045029864,0.528816786579778,832.9412081394278,180.0,0.5921787709497207,0.568,6.0,5.0,2.0,0.4,0.0,2.0,0.0,61.0,30.5,47.0,23.5,56,1,1
0.0,0.5480167481885201,0.6990647685027718,751.5827276761819,180.0,0.5865921787709497,0.5833333333333334,4.0,4.0,2.0,0.5,0.0,2.0,0.0,17.0,8.5,3.0,1.5,57,1,1
1.0,0.6500658341945914,0.46590363442355515,812.0242529910977,180.0,0.5810055865921788,0.5689655172413793,5.0,5.0,2.0,0.4,2.0,0.0,1.0,56.0,28.0,38.0,19.0,58,1,1
0.0,0.5768988171820837,0.6992473121935723,857.6084419824966,180.0,0.5810055865921788,0.6081081081081081,13.0,10.0,6.0,0.6,2.0,4.0,0.3333333333333333,90.0,15.0,48.0,8.0,59,1,1
0.0,0.5014439607650143,0.5420074599036693,801.8207466117375,180.0,0.6033519553072626,0.6060606060606061,3.0,3.0,2.0,0.6666666666666666,1.0,1.0,0.5,57.0,28.5,43.0,21.5,60,1,1
0.0,0.556787864083923,0.7632782390446664,739.9589063625002,180.0,0.5810055865921788,0.5754716981132075,8.0,8.0,2.0,0.25,0.0,2.0,0.0,35.0,17.5,18.0,9.0,61,1,1
0.0,0.7623206728572013,0.5955685543981902,758.1336466333694,180.0,0.553072625698324,0.5378787878787878,5.0,5.0,3.0,0.6,2.0,1.0,0.6666666666666666,53.0,17.666666666666668,31.0,10.333333333333334,62,1,1
0.0,0.5364736600117943,0.5971509643909256,831.5600310797187,180.0,0.5810055865921788,0.5725806451612904,3.0,3.0,1.0,0.3333333333333333,0.0,1.0,0.0,18.0,18.0,9.0,9.0,63,1,1
0.0,0.6007388316494274,0.507114028681275,866.2912840469554,180.0,0.5139664804469274,0.5035460992907801,4.0,4.0,2.0,0.5,0.0,2.0,0.0,71.0,35.5,53.0,26.5,64,1,1
1.0,0.4984223139953437,0.3864187060951543,868.9932784493719,180.0,0.5698324022346368,0.5765765765765766,9.0,7.0,3.0,0.42857142857142855,2.0,1.0,0.6666666666666666,66.0,22.0,41.0,13.666666666666666,65,1,1
1.0,0.5266005704250127,0.35133503433413743,813.0659286946304,180.0,0.5586592178770949,0.5565217391304348,9.0,9.0,3.0,0.3333333333333333,1.0,2.0,0.3333333333333333,63.0,21.0,45.0,15.0,66,1,1
0.0,0.5869690301403067,0.7602665654360594,875.8714566444335,180.0,0.5642458100558659,0.5510204081632653,6.0,6.0,3.0,0.5,0.0,3.0,0.0,106.0,35.333333333333336,81.0,27.0,67,1,1
0.0,0.9618502641174711,1.0287921599925058,672.579252786563,180.0,0.553072625698324,0.5930232558139535,8.0,7.0,5.0,0.7142857142857143,3.0,2.0,0.6,115.0,23.0,70.0,14.0,68,1,1
1.0,0.4816392106891398,0.503588796573362,817.5579981237485,180.0,0.5865921787709497,0.5865384615384616,8.0,7.0,6.0,0.8571428571428571,1.0,5.0,0.16666666666666666,99.0,16.5,68.0,11.333333333333334,69,1,1
0.0,0.6550066399517778,0.8271365795074699,799.6057821556086,180.0,0.5586592178770949,0.5652173913043478,7.0,7.0,2.0,0.2857142857142857,0.0,2.0,0.0,25.0,12.5,9.0,4.5,70,1,1
1.0,0.3627619581659979,0.3814429384922255,801.479421337012,180.0,0.6145251396648045,0.6160714285714286,6.0,5.0,1.0,0.2,0.0,1.0,0.0,16.0,16.0,7.0,7.0,71,1,1
0.0,0.4970998891787043,0.5715446179677907,787.1435030608908,180.0,0.5810055865921788,0.5939849624060151,4.0,3.0,2.0,0.6666666666666666,1.0,1.0,0.5,46.0,23.0,29.0,14.5,72,1,1
0.0,0.5526356146482247,0.5511690285989718,713.2248317946222,180.0,0.5810055865921788,0.5853658536585366,7.0,6.0,4.0,0.6666666666666666,2.0,2.0,0.5,82.0,20.5,48.0,12.0,73,1,1
1.0,0.5485320195770563,0.31025213844209293,877.8795966563653,180.0,0.5865921787709497,0.5619834710743802,8.0,8.0,5.0,0.625,2.0,3.0,0.4,77.0,15.4,52.0,10.4,74,1,1
0.0,0.645388679785413,0.8921434226983488,800.1769513666727,180.0,0.5977653631284916,0.5925925925925926,9.0,8.0,4.0,0.5,2.0,2.0,0.5,78.0,19.5,51.0,12.75,75,1,1
1.0,0.6209286983147216,0.5545334486624317,803.2738981018167,180.0,0.5307262569832403,0.5338345864661654,2.0,2.0,0.0,0.0,0.0,0.0,0.0,0.0,nan,0.0,nan,76,1,1
1.0,0.48963022874924217,0.4154960848248604,799.2082339734178,180.0,0.5586592178770949,0.5405405405405406,2.0,2.0,0.0,0.0,0.0,0.0,0.0,0.0,nan,0.0,nan,77,1,1
1.0,0.5450271168262227,0.508002072952814,788.9098495604442,180.0,0.6089385474860335,0.6036585365853658,3.0,1.0,1.0,1.0,1.0,0.0,1.0,14.0,14.0,8.0,8.0,78,1,1
0.0,0.49915195398271295,0.3801100638025028,838.3891479310433,180.0,0.5698324022346368,0.5476190476190477,10.0,9.0,1.0,0.1111111111111111,0.0,1.0,0.0,17.0,17.0,8.0,8.0,79,1,1
0.0,0.6728466436259206,0.5828267547765728,678.6607442541037,180.0,0.6256983240223464,0.5984848484848485,5.0,5.0,3.0,0.6,1.0,2.0,0.3333333333333333,47.0,15.666666666666666,20.0,6.666666666666667,80,1,1
1.0,0.47553785802809656,0.5159666704257797,841.3187379534191,180.0,0.5642458100558659,0.5689655172413793,8.0,7.0,1.0,0.14285714285714285,0.0,1.0,0.0,4.0,4.0,1.0,1.0,81,1,1
1.0,0.4530793137662688,0.43716544249524153,825.9918569491746,180.0,0.5977653631284916,0.6013513513513513,3.0,3.0,1.0,0.3333333333333333,1.0,0.0,1.0,26.0,26.0,17.0,17.0,82,1,1
1.0,0.5036204990642438,0.3858095305640934,880.0796717560719,180.0,0.5586592178770949,0.5546218487394958,9.0,9.0,5.0,0.5555555555555556,2.0,3.0,0.4,76.0,15.2,48.0,9.6,83,1,1
0.0,0.8144777128176078,1.0690826773264666,709.4315757371298,180.0,0.5586592178770949,0.5606060606060606,8.0,6.0,5.0,0.8333333333333334,3.0,2.0,0.6,86.0,17.2,50.0,10.0,84,1,1
1.0,0.4831616640975104,0.5372249970305492,812.2329048655935,180.0,0.6201117318435754,0.6216216216216216,7.0,6.0,2.0,0.3333333333333333,0.0,2.0,0.0,9.0,4.5,2.0,1.0,85,1,1
0.0,0.6371608423877931,0.6502437522246068,790.7328689681393,180.0,0.5083798882681564,0.5086206896551724,5.0,5.0,3.0,0.6,3.0,0.0,1.0,89.0,29.666666666666668,62.0,20.666666666666668,86,1,1
0.0,0.6183815938615018,0.6648489912937073,748.7782681611588,180.0,0.6033519553072626,0.625,11.0,10.0,4.0,0.4,1.0,3.0,0.25,89.0,22.25,57.0,14.25,87,1,1
1.0,0.5650948048627445,0.4620811180559671,789.6486938241796,180.0,0.5921787709497207,0.6013513513513513,3.0,3.0,2.0,0.6666666666666666,0.0,2.0,0.0,16.0,8.0,6.0,3.0,88,1,1
0.0,0.5749142802604585,0.5990143397576193,720.7801294296949,180.0,0.5307262569832403,0.5294117647058824,7.0,7.0,2.0,0.2857142857142857,1.0,1.0,0.5,27.0,13.5,16.0,8.0,89,1,1
0.0,0.6647928547177977,1.2246180708697592,804.3292362529755,180.0,0.5698324022346368,0.5772357723577236,7.0,6.0,4.0,0.6666666666666666,0.0,4.0,0.0,85.0,21.25,60.0,15.0,90,1,1
0.0,0.6530956563587087,0.7589336721254407,731.934872247897,180.0,0.5977653631284916,0.5874125874125874,8.0,7.0,4.0,0.5714285714285714,2.0,2.0,0.5,33.0,8.25,17.0,4.25,91,1,1
1.0,0.7282106868562059,0.4598644243467896,776.7579115083032,180.0,0.5642458100558659,0.5702479338842975,8.0,8.0,6.0,0.75,2.0,4.0,0.3333333333333333,48.0,8.0,21.0,3.5,92,1,1
0.0,0.6291745492728823,0.6661639849154712,855.5991626982282,180.0,0.5810055865921788,0.61,4.0,4.0,3.0,0.75,1.0,2.0,0.3333333333333333,83.0,27.666666666666668,56.0,18.666666666666668,93,1,1
1.0,0.6447545213091048,0.5279201090285486,872.7529892432292,180.0,0.5418994413407822,0.5431034482758621,6.0,6.0,2.0,0.3333333333333333,1.0,1.0,0.5,40.0,20.0,31.0,15.5,94,1,1
0.0,0.6297154062587019,0.6088653795296765,739.4774202574207,180.0,0.553072625698324,0.5454545454545454,5.0,5.0,2.0,0.4,1.0,1.0,0.5,43.0,21.5,27.0,13.5,95,1,1
1.0,0.5200868161888028,0.43944322863489377,767.7365672335623,180.0,0.5698324022346368,0.5825242718446602,10.0,9.0,3.0,0.3333333333333333,1.0,2.0,0.3333333333333333,67.0,22.333333333333332,40.0,13.333333333333334,96,1,1
1.0,0.5049081004828547,0.4906518175765362,855.8411120191638,180.0,0.547486033519553,0.5546875,7.0,7.0,2.0,0.2857142857142857,0.0,2.0,0.0,8.0,4.0,2.0,1.0,97,1,1
0.0,0.6490915940744137,0.8059331668537396,770.5323264237778,180.0,0.5586592178770949,0.5375,11.0,10.0,4.0,0.4,0.0,4.0,0.0,56.0,14.0,26.0,6.5,98,1,1
0.0,0.5450807697635669,0.6288858589704724,798.8457856296734,180.0,0.5418994413407822,0.5303030303030303,7.0,7.0,2.0,0.2857142857142857,0.0,2.0,0.0,37.0,18.5,19.0,9.5,99,1,1
1.0,0.5409846604485965,0.4139834261157961,828.7320936009324,180.0,0.5977653631284916,0.5703125,3.0,3.0,1.0,0.3333333333333333,0.0,1.0,0.0,69.0,69.0,60.0,60.0,100,1,1
1.0,0.542623446350747,0.5913969661913957,813.1884160702627,180.0,0.5754189944134078,0.5853658536585366,1.0,1.0,1.0,1.0,1.0,0.0,1.0,31.0,31.0,23.0,23.0,101,1,1
1.0,0.5270822105756674,0.45029849486602497,891.337102577614,180.0,0.5810055865921788,0.581081081081081,2.0,2.0,2.0,1.0,2.0,0.0,1.0,52.0,26.0,41.0,20.5,102,1,1
1.0,0.5936444441251633,0.37757193120194604,657.1050603924124,180.0,0.5921787709497207,0.5689655172413793,8.0,8.0,3.0,0.375,2.0,1.0,0.6666666666666666,33.0,11.0,17.0,5.666666666666667,103,1,1
1.0,0.506311243957777,0.4465291029618725,882.5276645053397,180.0,0.6033519553072626,0.6158940397350994,2.0,2.0,0.0,0.0,0.0,0.0,0.0,0.0,nan,0.0,nan,104,1,1
0.0,0.7203540874135097,0.9942526324574781,791.1357952845057,180.0,0.5754189944134078,0.5641025641025641,5.0,5.0,2.0,0.4,1.0,1.0,0.5,37.0,18.5,21.0,10.5,105,1,1
0.0,0.611622996276889,0.6687286747643074,794.1504837170581,180.0,0.547486033519553,0.5472972972972973,5.0,5.0,3.0,0.6,1.0,2.0,0.3333333333333333,34.0,11.333333333333334,13.0,4.333333333333333,106,1,1
0.0,0.48178036012161585,0.4685748792799178,724.8664461724699,180.0,0.5698324022346368,0.5950413223140496,7.0,6.0,3.0,0.5,1.0,2.0,0.3333333333333333,36.0,12.0,24.0,8.0,107,1,1
1.0,0.5812555410828355,0.3450156782494079,678.4101854504604,180.0,0.6256983240223464,0.6158536585365854,6.0,5.0,3.0,0.6,2.0,1.0,0.6666666666666666,44.0,14.666666666666666,21.0,7.0,108,1,1
1.0,0.6338314433294827,0.8291048331029128,877.3122360985544,180.0,0.5418994413407822,0.5344827586206896,7.0,7.0,4.0,0.5714285714285714,2.0,2.0,0.5,91.0,22.75,58.0,14.5,109,1,1
1.0,0.46000287200897866,0.47879795367871764,843.6473967801138,180.0,0.5921787709497207,0.5878378378378378,5.0,4.0,1.0,0.25,1.0,0.0,1.0,17.0,17.0,10.0,10.0,110,1,1
1.0,0.5080938714147101,0.3334719087292156,805.1268374295967,180.0,0.6201117318435754,0.6081081081081081,2.0,2.0,1.0,0.5,1.0,0.0,1.0,16.0,16.0,7.0,7.0,111,1,1
0.0,0.6257604510382794,0.6472863521654995,792.3827740443963,180.0,0.547486033519553,0.5658914728682171,3.0,2.0,1.0,0.5,1.0,0.0,1.0,29.0,29.0,20.0,20.0,112,1,1
1.0,0.4681222258509619,0.4578111542465757,766.8812405948509,180.0,0.5418994413407822,0.5258620689655172,7.0,7.0,3.0,0.42857142857142855,1.0,2.0,0.3333333333333333,44.0,14.666666666666666,24.0,8.0,113,1,1
0.0,1.0245502760969356,2.3705282336413984,735.3548379837396,180.0,0.5586592178770949,0.5543478260869565,8.0,8.0,5.0,0.625,1.0,4.0,0.2,75.0,15.0,42.0,8.4,114,1,1
0.0,0.7956501953516215,1.761401541894,753.5103458874114,180.0,0.5083798882681564,0.5104895104895105,7.0,5.0,1.0,0.2,0.0,1.0,0.0,28.0,28.0,19.0,19.0,115,1,1
0.0,0.6059353462428602,0.5885473883118513,858.8879061188048,180.0,0.5418994413407822,0.547945205479452,6.0,6.0,1.0,0.16666666666666666,0.0,1.0,0.0,19.0,19.0,10.0,10.0,116,1,1
0.0,0.5827656418866857,0.7241153439431934,766.582826248023,180.0,0.5810055865921788,0.575,5.0,5.0,2.0,0.4,1.0,1.0,0.5,29.0,14.5,11.0,5.5,117,1,1
1.0,0.49044811834791313,0.5333899579229636,848.7699846072875,180.0,0.6033519553072626,0.6372549019607843,4.0,4.0,3.0,0.75,1.0,2.0,0.3333333333333333,72.0,24.0,45.0,15.0,118,1,1
1.0,0.5058565727820217,0.43051337479891144,775.482033516564,180.0,0.6145251396648045,0.6099290780141844,4.0,4.0,2.0,0.5,1.0,1.0,0.5,37.0,18.5,19.0,9.5,119,1,1
0.0,0.5229573638869538,0.6809564598856864,774.0388680456125,180.0,0.5754189944134078,0.5585585585585585,9.0,9.0,3.0,0.3333333333333333,0.0,3.0,0.0,46.0,15.333333333333334,24.0,8.0,120,1,1
0.0,0.52726047063464,0.7360258144014111,904.6047101945584,180.0,0.553072625698324,0.54,8.0,8.0,2.0,0.25,0.0,2.0,0.0,46.0,23.0,28.0,14.0,121,1,1
0.0,0.6701997100583666,0.6433203919717725,706.3643452910907,180.0,0.5698324022346368,0.581081081081081,7.0,7.0,4.0,0.5714285714285714,1.0,3.0,0.25,32.0,8.0,11.0,2.75,122,1,1
0.0,0.5364744569570624,0.6047293498301964,860.5704017774094,180.0,0.5418994413407822,0.5,8.0,8.0,4.0,0.5,1.0,3.0,0.25,81.0,20.25,54.0,13.5,123,1,1
0.0,0.6187755570219207,0.6038122360652912,786.23453210463,180.0,0.5698324022346368,0.5825242718446602,10.0,9.0,9.0,1.0,6.0,3.0,0.6666666666666666,94.0,10.444444444444445,50.0,5.555555555555555,124,1,1
0.0,0.6713450389110593,0.7356125053005842,788.5505375340006,180.0,0.5810055865921788,0.5929203539823009,11.0,11.0,5.0,0.45454545454545453,2.0,3.0,0.4,75.0,15.0,44.0,8.8,125,1,1
1.0,0.715761423731961,0.553403551668303,760.4421621288307,180.0,0.5586592178770949,0.5603448275862069,7.0,6.0,2.0,0.3333333333333333,0.0,2.0,0.0,37.0,18.5,21.0,10.5,126,1,1
0.0,0.5691552842277084,0.547954404382227,724.0297837582134,180.0,0.5921787709497207,0.6,5.0,4.0,2.0,0.5,0.0,2.0,0.0,52.0,26.0,34.0,17.0,127,1,1
0.0,0.7334960888004458,1.0000149489036974,749.129763571815,180.0,0.5642458100558659,0.5581395348837209,7.0,7.0,2.0,0.2857142857142857,1.0,1.0,0.5,34.0,17.0,16.0,8.0,128,1,1
1.0,0.6881924512919607,0.560085670182573,723.8975187367279,180.0,0.547486033519553,0.527027027027027,5.0,4.0,3.0,0.75,3.0,0.0,1.0,35.0,11.666666666666666,20.0,6.666666666666667,129,1,1
1.0,0.4373546706334172,0.22223722245262875,832.1405649149114,180.0,0.5865921787709497,0.5689655172413793,10.0,9.0,1.0,0.1111111111111111,0.0,1.0,0.0,22.0,22.0,13.0,13.0,130,1,1
0.0,0.543238161400928,0.7474641057298196,837.0552531598463,180.0,0.553072625698324,0.5576923076923077,6.0,6.0,3.0,0.5,1.0,2.0,0.3333333333333333,65.0,21.666666666666668,40.0,13.333333333333334,131,1,1
0.0,0.6024809506692543,0.7197844662238693,730.1259919890268,180.0,0.6033519553072626,0.6013513513513513,7.0,6.0,2.0,0.3333333333333333,1.0,1.0,0.5,52.0,26.0,35.0,17.5,132,1,1
1.0,0.4655337210108273,0.4889553984715085,802.2083842460477,180.0,0.553072625698324,0.5454545454545454,4.0,4.0,1.0,0.25,0.0,1.0,0.0,43.0,43.0,34.0,34.0,133,1,1
0.0,0.6263891157104254,0.8747997323741945,784.9933396106111,180.0,0.5586592178770949,0.5371900826446281,4.0,4.0,3.0,0.75,2.0,1.0,0.6666666666666666,57.0,19.0,31.0,10.333333333333334,134,1,1
1.0,0.7415847850193192,0.45867467650252614,757.7881669801711,180.0,0.5810055865921788,0.6146788990825688,6.0,6.0,3.0,0.5,1.0,2.0,0.3333333333333333,25.0,8.333333333333334,10.0,3.3333333333333335,135,1,1
0.0,0.6744161491899763,0.5443016601248255,815.6224174569035,180.0,0.547486033519553,0.5535714285714286,6.0,5.0,3.0,0.6,1.0,2.0,0.3333333333333333,94.0,31.333333333333332,67.0,22.333333333333332,136,1,1
0.0,0.6456006477956854,0.6672099043598119,278.9003401400686,90.0,0.5730337078651685,0.68,12.0,12.0,4.0,0.3333333333333333,1.0,3.0,0.25,70.0,17.5,38.0,9.5,17,1,2
1.0,0.7112898802690308,0.28828149681455034,317.3057428507727,90.0,0.5955056179775281,0.68,6.0,6.0,3.0,0.5,2.0,1.0,0.6666666666666666,68.0,22.666666666666668,41.0,13.666666666666666,18,1,2
0.0,0.5008903639319693,0.5292308393548213,317.2635282039181,90.0,0.6179775280898876,0.6060606060606061,4.0,4.0,1.0,0.25,0.0,1.0,0.0,9.0,9.0,5.0,5.0,19,1,2
0.0,0.7595639067507536,0.5260700703128047,307.7419155584722,90.0,0.5730337078651685,0.5757575757575758,4.0,4.0,3.0,0.75,2.0,1.0,0.6666666666666666,47.0,15.666666666666666,20.0,6.666666666666667,20,1,2
0.0,0.6375516531305601,0.786821378529271,404.09235094496216,90.0,0.47191011235955055,0.5789473684210527,13.0,11.0,5.0,0.45454545454545453,3.0,2.0,0.6,47.0,9.4,24.0,4.8,21,1,2
1.0,0.68735705418126,0.3387479715447971,342.800782612618,90.0,0.5393258426966292,0.5609756097560976,2.0,2.0,2.0,1.0,2.0,0.0,1.0,19.0,9.5,14.0,7.0,22,1,2
1.0,0.5896367038524376,0.3806866837884611,273.2831197248782,90.0,0.5617977528089888,0.5344827586206896,4.0,4.0,2.0,0.5,2.0,0.0,1.0,74.0,37.0,66.0,33.0,23,1,2
1.0,0.4324580636020975,0.2422189170585192,301.8376469751479,90.0,0.6629213483146067,0.6829268292682927,3.0,3.0,0.0,0.0,0.0,0.0,0.0,0.0,nan,0.0,nan,24,1,2
0.0,0.6363597608519173,1.162044284503859,321.79580070662564,90.0,0.6067415730337079,0.6140350877192983,7.0,5.0,3.0,0.6,2.0,1.0,0.6666666666666666,86.0,28.666666666666668,68.0,22.666666666666668,25,1,2
0.0,0.823471245250205,0.9810652325251333,308.1543106967789,90.0,0.5730337078651685,0.5757575757575758,4.0,4.0,2.0,0.5,2.0,0.0,1.0,33.0,16.5,20.0,10.0,26,1,2
0.0,0.7054737572743629,0.6640197227286547,344.53439797996253,90.0,0.5280898876404494,0.55,8.0,8.0,3.0,0.375,1.0,2.0,0.3333333333333333,62.0,20.666666666666668,35.0,11.666666666666666,27,1,2
0.0,0.6408339768455066,0.7061285799525534,361.79719869350396,90.0,0.5393258426966292,0.5540540540540541,3.0,3.0,2.0,0.6666666666666666,1.0,1.0,0.5,11.0,5.5,5.0,2.5,28,1,2
0.0,0.6155325399288981,0.9707505615037244,284.72694197606876,90.0,0.651685393258427,0.7424242424242424,3.0,3.0,1.0,0.3333333333333333,0.0,1.0,0.0,15.0,15.0,8.0,8.0,29,1,2
1.0,0.41876512627942664,0.3465195851966703,316.8129833538,90.0,0.6404494382022472,0.6081081081081081,4.0,4.0,4.0,1.0,2.0,2.0,0.5,42.0,10.5,17.0,4.25,30,1,2
0.0,0.5577801358644955,0.7896108610757908,311.3392832420193,90.0,0.651685393258427,0.6923076923076923,5.0,5.0,1.0,0.2,0.0,1.0,0.0,30.0,30.0,21.0,21.0,31,1,2
1.0,0.4128626891709122,0.19993817619279702,318.8808396935719,90.0,0.6629213483146067,0.6818181818181818,3.0,3.0,3.0,1.0,2.0,1.0,0.6666666666666666,48.0,16.0,26.0,8.666666666666666,32,1,2
0.0,0.6431930596854556,0.6833055554211406,343.3442709828017,90.0,0.6292134831460674,0.6470588235294118,8.0,7.0,4.0,0.5714285714285714,1.0,3.0,0.25,56.0,14.0,23.0,5.75,33,1,2
1.0,0.6925187924437769,0.4459410174447431,290.4221536781048,90.0,0.5280898876404494,0.4772727272727273,10.0,9.0,6.0,0.6666666666666666,2.0,4.0,0.3333333333333333,33.0,5.5,16.0,2.6666666666666665,34,1,2
0.0,0.4696228870938032,0.5955160945454235,348.6026398949129,90.0,0.651685393258427,0.64,6.0,4.0,2.0,0.5,1.0,1.0,0.5,64.0,32.0,47.0,23.5,35,1,2
0.0,0.5897777827700158,0.7261835957497782,337.4115077443663,90.0,0.5730337078651685,0.5098039215686274,6.0,6.0,1.0,0.16666666666666666,0.0,1.0,0.0,46.0,46.0,37.0,37.0,36,1,2
1.0,0.5760190188223984,0.3153036197401109,330.72579161855197,90.0,0.5393258426966292,0.582089552238806,3.0,3.0,1.0,0.3333333333333333,1.0,0.0,1.0,2.0,2.0,2.0,2.0,37,1,2
0.0,0.8741633476703897,0.8750408795399939,292.84618004842054,90.0,0.6067415730337079,0.62,6.0,5.0,3.0,0.6,1.0,2.0,0.3333333333333333,67.0,22.333333333333332,40.0,13.333333333333334,38,1,2
0.0,0.8322709479226884,0.6434994073893425,297.9707373838675,90.0,0.550561797752809,0.5454545454545454,7.0,7.0,5.0,0.7142857142857143,1.0,4.0,0.2,74.0,14.8,35.0,7.0,39,1,2
1.0,0.6151898876479491,0.34089340651271305,361.8582825856591,90.0,0.5617977528089888,0.5487804878048781,4.0,4.0,2.0,0.5,1.0,1.0,0.5,8.0,4.0,6.0,3.0,40,1,2
0.0,0.6510066495099033,0.6731905373376909,450.72694903517447,90.0,0.5617977528089888,0.5609756097560976,1.0,1.0,1.0,1.0,0.0,1.0,0.0,23.0,23.0,14.0,14.0,41,1,2
1.0,0.4843782606880358,0.38936800437150093,371.8271011036648,90.0,0.6067415730337079,0.6081081081081081,4.0,4.0,1.0,0.25,1.0,0.0,1.0,20.0,20.0,11.0,11.0,42,1,2
0.0,0.7061911482295873,0.5912447158798807,329.9194758617556,90.0,0.6179775280898876,0.6037735849056604,6.0,6.0,3.0,0.5,2.0,1.0,0.6666666666666666,42.0,14.0,25.0,8.333333333333334,43,1,2
1.0,0.424666662134901,0.2850421561822086,288.58736251146956,90.0,0.6404494382022472,0.6575342465753424,5.0,5.0,2.0,0.4,1.0,1.0,0.5,22.0,11.0,8.0,4.0,44,1,2
1.0,0.6417347507605372,0.38748560888210964,330.45823660066975,90.0,0.6067415730337079,0.6363636363636364,5.0,5.0,1.0,0.2,0.0,1.0,0.0,6.0,6.0,2.0,2.0,45,1,2
1.0,0.6049702450392959,0.36587407800563054,328.39351892800454,90.0,0.47191011235955055,0.54,9.0,8.0,6.0,0.75,3.0,3.0,0.5,25.0,4.166666666666667,8.0,1.3333333333333333,46,1,2
0.0,0.6920386738740024,0.9113158274980555,321.09942979416564,90.0,0.5617977528089888,0.5373134328358209,5.0,5.0,2.0,0.4,1.0,1.0,0.5,82.0,41.0,67.0,33.5,47,1,2
1.0,0.45650776809034427,0.30800239238528526,323.64304025933023,90.0,0.5842696629213483,0.5873015873015873,6.0,6.0,4.0,0.6666666666666666,1.0,3.0,0.25,50.0,12.5,22.0,5.5,48,1,2
0.0,0.9458786879034494,0.743106085235456,289.8706200833007,90.0,0.5842696629213483,0.5333333333333333,9.0,6.0,5.0,0.8333333333333334,3.0,2.0,0.6,56.0,11.2,24.0,4.8,49,1,2
0.0,0.8095721176989858,0.9695952956588845,408.52440902044685,90.0,0.4943820224719101,0.56,7.0,6.0,2.0,0.3333333333333333,0.0,2.0,0.0,36.0,18.0,26.0,13.0,50,1,2
0.0,0.8869152395276084,0.6320244286509383,243.34874068799363,90.0,0.6179775280898876,0.6212121212121212,5.0,5.0,3.0,0.6,1.0,2.0,0.3333333333333333,81.0,27.0,54.0,18.0,51,1,2
1.0,0.42507770077343693,0.3907380162285959,298.13395222199995,90.0,0.6179775280898876,0.6111111111111112,5.0,4.0,2.0,0.5,1.0,1.0,0.5,44.0,22.0,26.0,13.0,52,1,2
0.0,0.6809334258778926,0.6274722719767732,403.304640412868,90.0,0.5168539325842697,0.52,10.0,10.0,5.0,0.5,3.0,2.0,0.6,83.0,16.6,56.0,11.2,53,1,2
0.0,0.660045667857936,0.5192827289727183,359.16645410415504,90.0,0.4943820224719101,0.453125,5.0,5.0,3.0,0.6,1.0,2.0,0.3333333333333333,43.0,14.333333333333334,27.0,9.0,54,1,2
0.0,0.5484524556357313,0.6127745024580197,443.8129984890728,90.0,0.5617977528089888,0.5277777777777778,4.0,4.0,1.0,0.25,0.0,1.0,0.0,31.0,31.0,22.0,22.0,55,1,2
0.0,0.6545102927527873,0.5768141292000013,381.33151174966036,90.0,0.5393258426966292,0.532258064516129,6.0,5.0,2.0,0.4,1.0,1.0,0.5,55.0,27.5,40.0,20.0,56,1,2
0.0,0.5520180430952772,0.5632626489750744,360.50581402053183,90.0,0.550561797752809,0.5454545454545454,4.0,4.0,2.0,0.5,0.0,2.0,0.0,69.0,34.5,56.0,28.0,57,1,2
0.0,0.8051701481609291,0.5281915908723899,306.7889771167615,90.0,0.5617977528089888,0.603448275862069,5.0,5.0,3.0,0.6,2.0,1.0,0.6666666666666666,94.0,31.333333333333332,67.0,22.333333333333332,58,1,2
1.0,0.6271170325686264,0.27568644490709276,253.46254636345975,90.0,0.5617977528089888,0.6486486486486487,13.0,10.0,5.0,0.5,2.0,3.0,0.4,59.0,11.8,30.0,6.0,59,1,2
0.0,0.5814800116801049,0.8451838308502551,341.4024723872492,90.0,0.5730337078651685,0.5454545454545454,3.0,3.0,2.0,0.6666666666666666,2.0,0.0,1.0,34.0,17.0,19.0,9.5,60,1,2
0.0,0.6420517488040878,1.0766266693282316,331.0286100034044,90.0,0.5955056179775281,0.5471698113207547,8.0,8.0,4.0,0.5,1.0,3.0,0.25,76.0,19.0,46.0,11.5,61,1,2
0.0,1.0318409983096886,0.7767437272589135,316.0955901819226,90.0,0.449438202247191,0.42424242424242425,5.0,5.0,2.0,0.4,1.0,1.0,0.5,31.0,15.5,17.0,8.5,62,1,2
0.0,0.7901293862547251,0.753154117029387,329.89019183349006,90.0,0.48314606741573035,0.4838709677419355,3.0,3.0,1.0,0.3333333333333333,0.0,1.0,0.0,18.0,18.0,9.0,9.0,63,1,2
0.0,0.6345109487361615,0.6174682104559298,327.9275023322264,90.0,0.5168539325842697,0.5285714285714286,4.0,4.0,2.0,0.5,0.0,2.0,0.0,71.0,35.5,53.0,26.5,64,1,2
1.0,0.6017179305001087,0.4057061954742152,340.5981750879046,90.0,0.5842696629213483,0.6363636363636364,9.0,7.0,5.0,0.7142857142857143,3.0,2.0,0.6,106.0,21.2,70.0,14.0,65,1,2
1.0,0.5642309231450178,0.377741632353648,316.2489154629981,90.0,0.5617977528089888,0.5344827586206896,9.0,9.0,4.0,0.4444444444444444,2.0,2.0,0.5,76.0,19.0,52.0,13.0,66,1,2
0.0,0.7432932094409315,1.1550366079676146,373.7259869653357,90.0,0.4943820224719101,0.5102040816326531,6.0,6.0,4.0,0.6666666666666666,1.0,3.0,0.25,107.0,26.75,75.0,18.75,67,1,2
0.0,1.0697307798978,1.430444602588799,296.3790983665418,90.0,0.5393258426966292,0.5714285714285714,8.0,7.0,4.0,0.5714285714285714,1.0,3.0,0.25,83.0,20.75,47.0,11.75,68,1,2
0.0,0.5353480699510413,0.48297322680946303,281.8786134202043,90.0,0.6067415730337079,0.5471698113207547,8.0,7.0,5.0,0.7142857142857143,1.0,4.0,0.2,92.0,18.4,64.0,12.8,69,1,2
0.0,0.6701680119488623,0.8679325238860842,388.41732641211746,90.0,0.5955056179775281,0.6206896551724138,7.0,7.0,3.0,0.42857142857142855,1.0,2.0,0.3333333333333333,45.0,15.0,20.0,6.666666666666667,70,1,2
1.0,0.4444313683297248,0.4023440626236701,310.2011719510395,90.0,0.6067415730337079,0.5535714285714286,6.0,5.0,2.0,0.4,2.0,0.0,1.0,15.0,7.5,7.0,3.5,71,1,2
1.0,0.46040216548637763,0.37811122811943165,313.5773530657095,90.0,0.5617977528089888,0.6212121212121212,4.0,3.0,3.0,1.0,2.0,1.0,0.6666666666666666,59.0,19.666666666666668,41.0,13.666666666666666,72,1,2
1.0,0.4908770107431721,0.4420774847179618,335.42712472670155,90.0,0.6179775280898876,0.6290322580645161,7.0,6.0,3.0,0.5,1.0,2.0,0.3333333333333333,63.0,21.0,38.0,12.666666666666666,73,1,2
0.0,0.6998025679717799,0.6820491646770829,310.5151420859636,90.0,0.5280898876404494,0.5081967213114754,8.0,8.0,3.0,0.375,1.0,2.0,0.3333333333333333,41.0,13.666666666666666,19.0,6.333333333333333,74,1,2
0.0,0.9104366894659816,1.4153997783548575,319.43849721851393,90.0,0.5955056179775281,0.625,9.0,8.0,4.0,0.5,2.0,2.0,0.5,47.0,11.75,22.0,5.5,75,1,2
0.0,0.5694780041398187,0.5941018028550364,363.6808661221876,90.0,0.5617977528089888,0.5454545454545454,2.0,2.0,0.0,0.0,0.0,0.0,0.0,0.0,nan,0.0,nan,76,1,2
0.0,0.5622475376265615,0.5804295629749803,292.8857040678573,90.0,0.5617977528089888,0.5405405405405406,2.0,2.0,1.0,0.5,1.0,0.0,1.0,1.0,1.0,1.0,1.0,77,1,2
0.0,0.634306718395853,0.6780729888596135,324.4454260963408,90.0,0.5617977528089888,0.573170731707317,3.0,1.0,1.0,1.0,1.0,0.0,1.0,19.0,19.0,12.0,12.0,78,1,2
1.0,0.6096762553516801,0.42346992420388185,369.96717325167435,90.0,0.5617977528089888,0.47619047619047616,10.0,9.0,4.0,0.4444444444444444,2.0,2.0,0.5,55.0,13.75,30.0,7.5,79,1,2
0.0,0.691317414608487,0.6177582418825917,261.7677360537782,90.0,0.6067415730337079,0.5757575757575758,5.0,5.0,5.0,1.0,2.0,3.0,0.4,64.0,12.8,25.0,5.0,80,1,2
0.0,0.5358587560821774,0.6141856024882465,355.6405102416144,90.0,0.6179775280898876,0.6724137931034483,8.0,7.0,5.0,0.7142857142857143,1.0,4.0,0.2,34.0,6.8,13.0,2.6,81,1,2
1.0,0.5721324319042513,0.4179453759270108,319.9647818578675,90.0,0.550561797752809,0.6081081081081081,3.0,3.0,1.0,0.3333333333333333,1.0,0.0,1.0,27.0,27.0,18.0,18.0,82,1,2
1.0,0.506181942342011,0.42872627184871626,237.67931746564233,90.0,0.6292134831460674,0.6610169491525424,9.0,9.0,4.0,0.4444444444444444,1.0,3.0,0.25,55.0,13.75,28.0,7.0,83,1,2
0.0,0.8202037303311105,1.3499826402305668,344.74672937335646,90.0,0.6741573033707865,0.696969696969697,8.0,6.0,5.0,0.8333333333333334,3.0,2.0,0.6,90.0,18.0,53.0,10.6,84,1,2
1.0,0.5123791570052474,0.4445376902153446,309.30302119642784,90.0,0.5842696629213483,0.5675675675675675,7.0,6.0,3.0,0.5,0.0,3.0,0.0,24.0,8.0,8.0,2.6666666666666665,85,1,2
0.0,0.5552527965929935,0.6671382272410873,354.753246067446,90.0,0.5955056179775281,0.603448275862069,5.0,5.0,4.0,0.8,3.0,1.0,0.75,96.0,24.0,69.0,17.25,86,1,2
0.0,0.7417623347428162,0.6918913727424343,324.38616650589336,90.0,0.5730337078651685,0.625,11.0,10.0,5.0,0.5,2.0,3.0,0.4,59.0,11.8,27.0,5.4,87,1,2
1.0,0.7460959157565736,0.3605827047242087,281.7123008261973,90.0,0.48314606741573035,0.527027027027027,3.0,3.0,2.0,0.6666666666666666,0.0,2.0,0.0,16.0,8.0,6.0,3.0,88,1,2
0.0,0.5685440507671534,0.6543780237605775,315.21866138487246,90.0,0.5280898876404494,0.5882352941176471,7.0,7.0,4.0,0.5714285714285714,3.0,1.0,0.75,29.0,7.25,18.0,4.5,89,1,2
0.0,0.9362503984676169,1.253659886827656,372.7323118289204,90.0,0.449438202247191,0.47540983606557374,7.0,6.0,3.0,0.5,0.0,3.0,0.0,23.0,7.666666666666667,7.0,2.3333333333333335,90,1,2
0.0,0.7477211876501902,1.054244608679087,271.1178161367692,90.0,0.5955056179775281,0.6111111111111112,8.0,7.0,6.0,0.8571428571428571,3.0,3.0,0.5,49.0,8.166666666666666,24.0,4.0,91,1,2
1.0,0.6006636730213989,0.4937598125099484,324.0536838597889,90.0,0.651685393258427,0.6,8.0,8.0,6.0,0.75,2.0,4.0,0.3333333333333333,42.0,7.0,16.0,2.6666666666666665,92,1,2
1.0,0.65475434839204,0.36326634463899704,253.99914989451523,90.0,0.5617977528089888,0.64,4.0,4.0,3.0,0.75,2.0,1.0,0.6666666666666666,60.0,20.0,33.0,11.0,93,1,2
0.0,0.8423391183658798,0.9092490689660125,348.623091342515,90.0,0.4943820224719101,0.4482758620689655,6.0,6.0,5.0,0.8333333333333334,2.0,3.0,0.4,73.0,14.6,39.0,7.8,94,1,2
0.0,0.6413120407021077,0.7929202173179046,393.4957800650852,90.0,0.550561797752809,0.5303030303030303,5.0,5.0,2.0,0.4,1.0,1.0,0.5,47.0,23.5,29.0,14.5,95,1,2
1.0,0.5313490776022127,0.39497675382012,264.69166408530845,90.0,0.550561797752809,0.5490196078431373,10.0,9.0,5.0,0.5555555555555556,2.0,3.0,0.4,76.0,15.2,37.0,7.4,96,1,2
0.0,0.563434423652695,0.5475837194261086,371.20514667319515,90.0,0.5280898876404494,0.53125,7.0,7.0,4.0,0.5714285714285714,1.0,3.0,0.25,60.0,15.0,39.0,9.75,97,1,2
0.0,0.728978501316173,0.7983645599618867,384.68614842337087,90.0,0.43820224719101125,0.45,11.0,10.0,4.0,0.4,1.0,3.0,0.25,69.0,17.25,35.0,8.75,98,1,2
0.0,0.6666322797432792,0.7555854958217065,256.7814378424364,90.0,0.5842696629213483,0.5606060606060606,7.0,7.0,5.0,0.7142857142857143,2.0,3.0,0.4,71.0,14.2,31.0,6.2,99,1,2
0.0,0.5720960869044924,0.579225540361442,390.38371039770067,90.0,0.5617977528089888,0.515625,3.0,3.0,1.0,0.3333333333333333,1.0,0.0,1.0,49.0,49.0,40.0,40.0,100,1,2
1.0,0.5924108639950045,0.3544770892412249,390.84488488209183,90.0,0.5730337078651685,0.6097560975609756,1.0,1.0,1.0,1.0,1.0,0.0,1.0,12.0,12.0,4.0,4.0,101,1,2
0.0,0.5807183528989097,0.8154888855733623,322.8825620430482,90.0,0.5617977528089888,0.5135135135135135,2.0,2.0,1.0,0.5,0.0,1.0,0.0,73.0,73.0,64.0,64.0,102,1,2
0.0,0.5676109371037622,0.4367019473010516,371.9740116052426,90.0,0.5842696629213483,0.5172413793103449,8.0,8.0,5.0,0.625,3.0,2.0,0.6,56.0,11.2,31.0,6.2,103,1,2
0.0,0.5766060915754436,0.6370605052993361,375.3872773396929,90.0,0.5842696629213483,0.5789473684210527,2.0,2.0,1.0,0.5,0.0,1.0,0.0,67.0,67.0,58.0,58.0,104,1,2
0.0,0.9771313432276774,1.1390589205743948,278.71983685152117,90.0,0.550561797752809,0.5517241379310345,5.0,5.0,4.0,0.8,1.0,3.0,0.25,69.0,17.25,40.0,10.0,105,1,2
1.0,0.6701523477292286,0.2523566595981628,294.37011473116667,90.0,0.5842696629213483,0.581081081081081,5.0,5.0,4.0,0.8,2.0,2.0,0.5,50.0,12.5,20.0,5.0,106,1,2
0.0,0.6377302025568429,0.5038061575356798,316.51072839553314,90.0,0.5280898876404494,0.5409836065573771,7.0,6.0,5.0,0.8333333333333334,1.0,4.0,0.2,69.0,13.8,41.0,8.2,107,1,2
1.0,0.5117593387258064,0.37984822860378054,315.4646860519954,90.0,0.6404494382022472,0.6097560975609756,6.0,5.0,3.0,0.6,2.0,1.0,0.6666666666666666,43.0,14.333333333333334,25.0,8.333333333333334,108,1,2
0.0,0.7316458387750886,0.9674648430846295,247.08771687020268,90.0,0.6404494382022472,0.6551724137931034,7.0,7.0,5.0,0.7142857142857143,3.0,2.0,0.6,87.0,17.4,49.0,9.8,109,1,2
1.0,0.5128216191674035,0.38980406802126305,357.65612459737497,90.0,0.6067415730337079,0.6081081081081081,5.0,4.0,3.0,0.75,2.0,1.0,0.6666666666666666,46.0,15.333333333333334,28.0,9.333333333333334,110,1,2
1.0,0.4133249104726084,0.25394841766538856,369.09582078375064,90.0,0.6853932584269663,0.6756756756756757,2.0,2.0,2.0,1.0,1.0,1.0,0.5,27.0,13.5,14.0,7.0,111,1,2
0.0,0.6255671845842448,0.660407769250121,419.85617513400734,90.0,0.5617977528089888,0.59375,3.0,2.0,0.0,0.0,0.0,0.0,0.0,0.0,nan,0.0,nan,112,1,2
1.0,0.5524926929214051,0.3053552377165788,319.2444843049442,90.0,0.5280898876404494,0.46551724137931033,7.0,7.0,3.0,0.42857142857142855,1.0,2.0,0.3333333333333333,26.0,8.666666666666666,23.0,7.666666666666667,113,1,2
0.0,1.151335464525945,2.870308075962817,346.1334597050645,90.0,0.5393258426966292,0.5217391304347826,8.0,8.0,6.0,0.75,2.0,4.0,0.3333333333333333,77.0,12.833333333333334,44.0,7.333333333333333,114,1,2
0.0,0.9089722056322185,1.846576674421118,328.73370895789526,90.0,0.550561797752809,0.5833333333333334,7.0,5.0,2.0,0.4,2.0,0.0,1.0,46.0,23.0,28.0,14.0,115,1,2
1.0,0.7341204297311871,0.44547802880506915,293.9236077698817,90.0,0.550561797752809,0.6486486486486487,6.0,6.0,4.0,0.6666666666666666,0.0,4.0,0.0,68.0,17.0,32.0,8.0,116,1,2
1.0,0.48987089009529194,0.4745496144373442,342.5832898931897,90.0,0.5955056179775281,0.5666666666666667,5.0,5.0,2.0,0.4,1.0,1.0,0.5,31.0,15.5,13.0,6.5,117,1,2
0.0,0.6575435987890254,0.8409199908560273,264.769152409328,90.0,0.5955056179775281,0.6666666666666666,4.0,4.0,4.0,1.0,1.0,3.0,0.25,98.0,24.5,62.0,15.5,118,1,2
1.0,0.45324142505432735,0.4591151304267872,257.11452272208567,90.0,0.651685393258427,0.6714285714285714,4.0,4.0,1.0,0.25,1.0,0.0,1.0,19.0,19.0,11.0,11.0,119,1,2
0.0,0.6309823875239411,0.9950310787145058,375.1317879103514,90.0,0.5280898876404494,0.5714285714285714,9.0,9.0,3.0,0.3333333333333333,0.0,3.0,0.0,51.0,17.0,29.0,9.666666666666666,120,1,2
0.0,0.5821968154531155,0.8004156351062929,312.3827387059771,90.0,0.5730337078651685,0.5882352941176471,8.0,8.0,4.0,0.5,3.0,1.0,0.75,43.0,10.75,24.0,6.0,121,1,2
0.0,0.7064211660555096,0.6977507714196274,390.29054712719443,90.0,0.5955056179775281,0.6216216216216216,7.0,7.0,5.0,0.7142857142857143,1.0,4.0,0.2,56.0,11.2,26.0,5.2,122,1,2
0.0,0.6931149052068536,1.0046178673920196,311.7806677142311,90.0,0.5056179775280899,0.5121951219512195,8.0,8.0,7.0,0.875,3.0,4.0,0.42857142857142855,55.0,7.857142857142857,24.0,3.4285714285714284,123,1,2
0.0,0.8676072079425605,0.8937500398501623,257.6083040583599,90.0,0.5056179775280899,0.6078431372549019,10.0,9.0,7.0,0.7777777777777778,3.0,4.0,0.42857142857142855,60.0,8.571428571428571,30.0,4.285714285714286,124,1,2
0.0,0.7156240118203748,1.1911190568061214,257.6991830937959,90.0,0.6067415730337079,0.6071428571428571,11.0,11.0,5.0,0.45454545454545453,3.0,2.0,0.6,66.0,13.2,35.0,7.0,125,1,2
0.0,0.8734329273542499,0.6086663874924343,293.09037159281166,90.0,0.5056179775280899,0.5,7.0,6.0,2.0,0.3333333333333333,0.0,2.0,0.0,37.0,18.5,23.0,11.5,126,1,2
0.0,0.7373647776707564,0.6417997366948898,361.34460407113994,90.0,0.5280898876404494,0.5555555555555556,5.0,4.0,2.0,0.5,1.0,1.0,0.5,40.0,20.0,22.0,11.0,127,1,2
0.0,0.6638902249138724,0.6733976680921328,338.70506911066167,90.0,0.6179775280898876,0.6976744186046512,7.0,7.0,4.0,0.5714285714285714,1.0,3.0,0.25,79.0,19.75,46.0,11.5,128,1,2
0.0,0.9181533889575988,1.0188956942932132,276.92668117850695,90.0,0.449438202247191,0.43243243243243246,5.0,4.0,3.0,0.75,2.0,1.0,0.6666666666666666,43.0,14.333333333333334,28.0,9.333333333333334,129,1,2
0.0,0.5277342798979119,0.6313843458457216,321.5617660371218,90.0,0.5842696629213483,0.5344827586206896,10.0,9.0,2.0,0.2222222222222222,1.0,1.0,0.5,45.0,22.5,27.0,13.5,130,1,2
0.0,0.6822482425199505,0.867738751943063,342.8523753991039,90.0,0.4943820224719101,0.4423076923076923,6.0,6.0,4.0,0.6666666666666666,2.0,2.0,0.5,89.0,22.25,70.0,17.5,131,1,2
0.0,0.4617673499175985,0.5333944762488638,368.3059057452403,90.0,0.6966292134831461,0.7027027027027027,7.0,6.0,5.0,0.8333333333333334,2.0,3.0,0.4,83.0,16.6,54.0,10.8,132,1,2
0.0,0.5540753244122766,0.5646216100879234,364.20558649919496,90.0,0.5168539325842697,0.5454545454545454,4.0,4.0,1.0,0.25,1.0,0.0,1.0,25.0,25.0,16.0,16.0,133,1,2
0.0,0.6970484768154137,1.078627561907352,350.10592473105424,90.0,0.5842696629213483,0.5409836065573771,4.0,4.0,4.0,1.0,2.0,2.0,0.5,101.0,25.25,72.0,18.0,134,1,2
1.0,0.6481648016244683,0.28044953910126325,296.3985614137203,90.0,0.6179775280898876,0.6296296296296297,6.0,6.0,3.0,0.5,1.0,2.0,0.3333333333333333,24.0,8.0,9.0,3.0,135,1,2
1.0,0.5846787548516378,0.3202624656783539,319.25277608386773,90.0,0.6404494382022472,0.6071428571428571,6.0,5.0,2.0,0.4,2.0,0.0,1.0,40.0,20.0,28.0,14.0,136,1,2
0.0,0.8854001199891967,0.8766835079259088,205.71219041856654,45.0,0.5227272727272727,0.6363636363636364,12.0,12.0,5.0,0.4166666666666667,2.0,3.0,0.4,58.0,11.6,33.0,6.6,17,1,4
1.0,0.8196734274263999,0.35382532322930554,174.89096970365128,45.0,0.6590909090909091,0.72,6.0,6.0,2.0,0.3333333333333333,1.0,1.0,0.5,51.0,25.5,33.0,16.5,18,1,4
0.0,0.513851228360327,0.5582089130808908,192.27815138374527,45.0,0.6136363636363636,0.5757575757575758,4.0,4.0,2.0,0.5,1.0,1.0,0.5,28.0,14.0,12.0,6.0,19,1,4
1.0,0.8538813354228962,0.43079699139893257,208.38201162644867,45.0,0.5909090909090909,0.6666666666666666,4.0,4.0,3.0,0.75,2.0,1.0,0.6666666666666666,47.0,15.666666666666666,23.0,7.666666666666667,20,1,4
0.0,0.7678203426155625,1.3016299718549904,218.43430194648184,45.0,0.5227272727272727,0.5555555555555556,13.0,11.0,5.0,0.45454545454545453,1.0,4.0,0.2,63.0,12.6,28.0,5.6,21,1,4
1.0,0.6424469583746943,0.17318787751982564,205.9100614195922,45.0,0.6136363636363636,0.6341463414634146,2.0,2.0,1.0,0.5,1.0,0.0,1.0,10.0,10.0,4.0,4.0,22,1,4
1.0,0.6894390610048351,0.27665239312550344,208.9482744862464,45.0,0.45454545454545453,0.41379310344827586,4.0,4.0,3.0,0.75,2.0,1.0,0.6666666666666666,83.0,27.666666666666668,72.0,24.0,23,1,4
1.0,0.5572833501191798,0.43658329303228577,203.1736644038018,45.0,0.6818181818181818,0.6829268292682927,3.0,3.0,3.0,1.0,3.0,0.0,1.0,33.0,11.0,22.0,7.333333333333333,24,1,4
0.0,0.6028232684545873,1.0278669531366844,116.12217844961887,45.0,0.7045454545454546,0.7241379310344828,7.0,5.0,4.0,0.8,3.0,1.0,0.75,47.0,11.75,28.0,7.0,25,1,4
0.0,1.2488236104247568,1.5041435841342867,188.88386679008508,45.0,0.4318181818181818,0.42424242424242425,4.0,4.0,3.0,0.75,3.0,0.0,1.0,45.0,15.0,29.0,9.666666666666666,26,1,4
0.0,0.9866939640123166,1.0184856999265175,153.86047780337478,45.0,0.4318181818181818,0.5,8.0,8.0,2.0,0.25,1.0,1.0,0.5,43.0,21.5,25.0,12.5,27,1,4
0.0,0.7758283215495229,0.6443214304989772,201.99741766761852,45.0,0.5454545454545454,0.5405405405405406,3.0,3.0,2.0,0.6666666666666666,2.0,0.0,1.0,9.0,4.5,7.0,3.5,28,1,4
0.0,0.732863062828815,1.1341294854621549,168.6202617984427,45.0,0.6136363636363636,0.7575757575757576,3.0,3.0,2.0,0.6666666666666666,1.0,1.0,0.5,16.0,8.0,7.0,3.5,29,1,4
1.0,0.3536171923220145,0.3865256329416089,168.72118611528424,45.0,0.6363636363636364,0.6216216216216216,4.0,4.0,3.0,0.75,2.0,1.0,0.6666666666666666,34.0,11.333333333333334,16.0,5.333333333333333,30,1,4
0.0,0.9717293848262595,1.276607811947985,140.96924977283535,45.0,0.5681818181818182,0.6060606060606061,5.0,5.0,3.0,0.6,2.0,1.0,0.6666666666666666,30.0,10.0,16.0,5.333333333333333,31,1,4
1.0,0.6465699449244535,0.44547850125879274,170.32203370520702,45.0,0.7272727272727273,0.7878787878787878,3.0,3.0,2.0,0.6666666666666666,1.0,1.0,0.5,43.0,21.5,26.0,13.0,32,1,4
0.0,0.8241216875421129,1.1537641698334098,189.37514700833358,45.0,0.5,0.48,8.0,7.0,3.0,0.42857142857142855,0.0,3.0,0.0,30.0,10.0,7.0,2.3333333333333335,33,1,4
1.0,0.8060313795703073,0.36519163049466596,207.73256458454324,45.0,0.5454545454545454,0.4090909090909091,10.0,9.0,6.0,0.6666666666666666,2.0,4.0,0.3333333333333333,81.0,13.5,59.0,9.833333333333334,34,1,4
0.0,0.616905243168927,1.4526813392399232,187.68237289337256,45.0,0.5909090909090909,0.6216216216216216,6.0,4.0,2.0,0.5,1.0,1.0,0.5,54.0,27.0,40.0,20.0,35,1,4
0.0,0.6789998336837565,0.8679818264899418,208.42071632660404,45.0,0.5909090909090909,0.52,6.0,6.0,3.0,0.5,2.0,1.0,0.6666666666666666,48.0,16.0,28.0,9.333333333333334,36,1,4
1.0,0.5600454217945117,0.1135684935093961,217.76206646574582,45.0,0.6136363636363636,0.6764705882352942,3.0,3.0,1.0,0.3333333333333333,1.0,0.0,1.0,7.0,7.0,7.0,7.0,37,1,4
0.0,1.171778150527938,0.9978713811234318,166.45487642538293,45.0,0.6136363636363636,0.68,6.0,5.0,3.0,0.6,1.0,2.0,0.3333333333333333,59.0,19.666666666666668,32.0,10.666666666666666,38,1,4
0.0,0.7789602369943962,0.8389961010287524,196.66220333782283,45.0,0.6136363636363636,0.6060606060606061,7.0,7.0,4.0,0.5714285714285714,0.0,4.0,0.0,66.0,16.5,32.0,8.0,39,1,4
0.0,0.7589243772817086,0.6361346624955984,204.47730809439648,45.0,0.6136363636363636,0.5853658536585366,4.0,4.0,3.0,0.75,2.0,1.0,0.6666666666666666,28.0,9.333333333333334,15.0,5.0,40,1,4
0.0,0.8564986908879386,1.0906926692943006,184.38281965621312,45.0,0.5227272727272727,0.4878048780487805,1.0,1.0,1.0,1.0,1.0,0.0,1.0,14.0,14.0,5.0,5.0,41,1,4
1.0,0.5767909188136546,0.3550919507667056,121.71096677167058,45.0,0.7045454545454546,0.7837837837837838,4.0,4.0,2.0,0.5,2.0,0.0,1.0,58.0,29.0,46.0,23.0,42,1,4
0.0,0.8458743886571949,0.9724589248839581,174.44676520998956,45.0,0.5909090909090909,0.5555555555555556,6.0,6.0,2.0,0.3333333333333333,1.0,1.0,0.5,12.0,6.0,4.0,2.0,43,1,4
0.0,0.6514614193109024,0.6668820162795368,197.8092419186827,45.0,0.6590909090909091,0.6486486486486487,5.0,5.0,3.0,0.6,2.0,1.0,0.6666666666666666,38.0,12.666666666666666,20.0,6.666666666666667,44,1,4
1.0,0.6320227042151247,0.3157182006467441,189.24675703991917,45.0,0.6363636363636364,0.6363636363636364,5.0,5.0,3.0,0.6,1.0,2.0,0.3333333333333333,24.0,8.0,11.0,3.6666666666666665,45,1,4
1.0,0.6020998137608434,0.3633087723654906,269.34097998065727,45.0,0.4772727272727273,0.52,9.0,8.0,6.0,0.75,3.0,3.0,0.5,28.0,4.666666666666667,11.0,1.8333333333333333,46,1,4
0.0,0.5676211345641301,0.6812870434631734,254.6922819707425,45.0,0.6818181818181818,0.7058823529411765,5.0,5.0,3.0,0.6,1.0,2.0,0.3333333333333333,77.0,25.666666666666668,53.0,17.666666666666668,47,1,4
1.0,0.5368611903919143,0.22665510028384045,191.60925323683097,45.0,0.6590909090909091,0.71875,6.0,6.0,5.0,0.8333333333333334,2.0,3.0,0.4,47.0,9.4,20.0,4.0,48,1,4
0.0,1.0652183349912252,1.1214052540274362,217.3865715360108,45.0,0.6136363636363636,0.6333333333333333,9.0,6.0,5.0,0.8333333333333334,3.0,2.0,0.6,64.0,12.8,32.0,6.4,49,1,4
0.0,0.7863981198975903,0.8738867709195004,180.5930771971567,45.0,0.5681818181818182,0.68,7.0,6.0,2.0,0.3333333333333333,1.0,1.0,0.5,12.0,6.0,6.0,3.0,50,1,4
0.0,0.9725224818137159,0.5022056180458048,230.41259607808718,45.0,0.5454545454545454,0.5151515151515151,5.0,5.0,2.0,0.4,1.0,1.0,0.5,42.0,21.0,24.0,12.0,51,1,4
0.0,0.5349564381364201,0.4511027185670305,224.75541246384694,45.0,0.6818181818181818,0.6296296296296297,5.0,4.0,1.0,0.25,0.0,1.0,0.0,20.0,20.0,11.0,11.0,52,1,4
0.0,0.8555098382277572,0.7643532912847977,183.6980965465238,45.0,0.5,0.5833333333333334,10.0,10.0,7.0,0.7,1.0,6.0,0.14285714285714285,105.0,15.0,59.0,8.428571428571429,53,1,4
0.0,0.7676668752195831,0.6286166164660334,226.155943323155,45.0,0.5,0.4375,5.0,5.0,2.0,0.4,1.0,1.0,0.5,26.0,13.0,17.0,8.5,54,1,4
0.0,0.9541670834660436,1.037561969669166,173.63218713779855,45.0,0.5227272727272727,0.4722222222222222,4.0,4.0,1.0,0.25,0.0,1.0,0.0,31.0,31.0,22.0,22.0,55,1,4
1.0,0.6389823149015957,0.43645784607493987,199.80802094506404,45.0,0.5681818181818182,0.5483870967741935,6.0,5.0,2.0,0.4,1.0,1.0,0.5,9.0,4.5,3.0,1.5,56,1,4
0.0,0.7605404329425767,0.7956960017961735,213.80718911681754,45.0,0.5,0.42424242424242425,4.0,4.0,1.0,0.25,0.0,1.0,0.0,8.0,8.0,1.0,1.0,57,1,4
0.0,1.0811413282310762,0.9090265910758799,201.633082893703,45.0,0.5,0.5862068965517241,5.0,5.0,1.0,0.2,0.0,1.0,0.0,56.0,56.0,47.0,47.0,58,1,4
0.0,0.8316338069340522,0.5773339306509508,146.1734333216202,45.0,0.5909090909090909,0.5789473684210527,13.0,10.0,5.0,0.5,1.0,4.0,0.2,78.0,15.6,43.0,8.6,59,1,4
0.0,0.7893947480934669,1.1580672865119654,183.55482034380603,45.0,0.5681818181818182,0.5151515151515151,3.0,3.0,1.0,0.3333333333333333,1.0,0.0,1.0,19.0,19.0,12.0,12.0,60,1,4
0.0,0.8698324750191369,1.4628811970075342,156.77691522290263,45.0,0.5,0.37037037037037035,8.0,8.0,5.0,0.625,2.0,3.0,0.4,80.0,16.0,51.0,10.2,61,1,4
0.0,1.2769061440350482,1.1130438913399385,177.63963627493578,45.0,0.4318181818181818,0.3939393939393939,5.0,5.0,1.0,0.2,0.0,1.0,0.0,16.0,16.0,7.0,7.0,62,1,4
0.0,1.1307317902536165,0.9394444584232904,166.96569459287718,45.0,0.4090909090909091,0.3870967741935484,3.0,3.0,2.0,0.6666666666666666,2.0,0.0,1.0,53.0,26.5,36.0,18.0,63,1,4
0.0,0.6533616062890366,0.6987366934132254,134.42110384845503,45.0,0.5227272727272727,0.5714285714285714,4.0,4.0,1.0,0.25,1.0,0.0,1.0,23.0,23.0,14.0,14.0,64,1,4
1.0,0.6430570709886311,0.47737285219378234,220.31391235217916,45.0,0.5909090909090909,0.6666666666666666,9.0,7.0,6.0,0.8571428571428571,4.0,2.0,0.6666666666666666,115.0,19.166666666666668,82.0,13.666666666666666,65,1,4
1.0,0.6564210588423709,0.37619600620506,180.25857768912766,45.0,0.5681818181818182,0.5666666666666667,9.0,9.0,5.0,0.5555555555555556,3.0,2.0,0.6,61.0,12.2,29.0,5.8,66,1,4
0.0,0.8622905683001499,1.3281816837882496,205.03413631763422,45.0,0.6136363636363636,0.6666666666666666,6.0,6.0,4.0,0.6666666666666666,2.0,2.0,0.5,50.0,12.5,23.0,5.75,67,1,4
0.0,1.4060185220101165,1.561531481533124,181.68331979459325,45.0,0.4772727272727273,0.6190476190476191,8.0,7.0,2.0,0.2857142857142857,0.0,2.0,0.0,44.0,22.0,26.0,13.0,68,1,4
0.0,0.8016023163275872,0.5934666086972699,137.7197859586378,45.0,0.5909090909090909,0.5384615384615384,8.0,7.0,6.0,0.8571428571428571,2.0,4.0,0.3333333333333333,94.0,15.666666666666666,66.0,11.0,69,1,4
0.0,0.9067424018919766,1.1426999175700994,238.03088803295313,45.0,0.5454545454545454,0.5517241379310345,7.0,7.0,4.0,0.5714285714285714,1.0,3.0,0.25,41.0,10.25,22.0,5.5,70,1,4
0.0,0.5304752398425797,0.6065402270146166,221.55000809335505,45.0,0.6136363636363636,0.5714285714285714,6.0,5.0,2.0,0.4,2.0,0.0,1.0,23.0,11.5,10.0,5.0,71,1,4
0.0,0.6210133606053667,0.4567688331405765,167.94082306194431,45.0,0.5681818181818182,0.696969696969697,4.0,3.0,2.0,0.6666666666666666,1.0,1.0,0.5,48.0,24.0,30.0,15.0,72,1,4
0.0,0.5774096663287583,0.5784985286054264,231.65847147823317,45.0,0.6136363636363636,0.6129032258064516,7.0,6.0,5.0,0.8333333333333334,3.0,2.0,0.6,104.0,20.8,69.0,13.8,73,1,4
0.0,0.9135560906127883,1.0876655511763849,223.75656543244818,45.0,0.4772727272727273,0.43333333333333335,8.0,8.0,4.0,0.5,3.0,1.0,0.75,49.0,12.25,27.0,6.75,74,1,4
0.0,1.0951346283394987,1.5903778281066214,202.90057551976713,45.0,0.6363636363636364,0.7,9.0,8.0,5.0,0.625,2.0,3.0,0.4,76.0,15.2,42.0,8.4,75,1,4
1.0,0.6548182511716352,0.38547063625602623,206.9168260716285,45.0,0.5681818181818182,0.5454545454545454,2.0,2.0,0.0,0.0,0.0,0.0,0.0,0.0,nan,0.0,nan,76,1,4
0.0,0.5312864544982092,0.6920396800158626,200.67751070521354,45.0,0.6136363636363636,0.6216216216216216,2.0,2.0,1.0,0.5,1.0,0.0,1.0,10.0,10.0,3.0,3.0,77,1,4
0.0,0.7468205688900511,0.6657143964685086,222.603716508653,45.0,0.5681818181818182,0.5853658536585366,3.0,1.0,1.0,1.0,1.0,0.0,1.0,9.0,9.0,5.0,5.0,78,1,4
0.0,0.8892998619739884,0.7949576429686881,204.906494453816,45.0,0.5454545454545454,0.5238095238095238,10.0,9.0,3.0,0.3333333333333333,0.0,3.0,0.0,55.0,18.333333333333332,33.0,11.0,79,1,4
0.0,0.8885341699913462,0.5657977737975717,151.07775162828392,45.0,0.7272727272727273,0.696969696969697,5.0,5.0,3.0,0.6,0.0,3.0,0.0,41.0,13.666666666666666,18.0,6.0,80,1,4
0.0,0.5528174542811212,0.6692790907648962,197.93027013373992,45.0,0.6818181818181818,0.5862068965517241,8.0,7.0,4.0,0.5714285714285714,1.0,3.0,0.25,24.0,6.0,12.0,3.0,81,1,4
0.0,0.6734009170650364,0.5406425600070559,238.05484124683102,45.0,0.5681818181818182,0.5945945945945946,3.0,3.0,2.0,0.6666666666666666,2.0,0.0,1.0,56.0,28.0,38.0,19.0,82,1,4
1.0,0.6242666869184195,0.47510833073749026,206.27329447059762,45.0,0.6363636363636364,0.6666666666666666,9.0,9.0,4.0,0.4444444444444444,2.0,2.0,0.5,38.0,9.5,14.0,3.5,83,1,4
0.0,1.1893028231831941,1.6810056482725455,155.35294064490876,45.0,0.6363636363636364,0.6363636363636364,8.0,6.0,4.0,0.6666666666666666,2.0,2.0,0.5,114.0,28.5,85.0,21.25,84,1,4
1.0,0.7370944026156094,0.4722063965123873,236.484272099917,45.0,0.5227272727272727,0.4864864864864865,7.0,6.0,3.0,0.5,2.0,1.0,0.6666666666666666,53.0,17.666666666666668,30.0,10.0,85,1,4
0.0,0.7888926324060564,1.0945504194512887,186.6823396951959,45.0,0.5227272727272727,0.6206896551724138,5.0,5.0,3.0,0.6,1.0,2.0,0.3333333333333333,109.0,36.333333333333336,82.0,27.333333333333332,86,1,4
0.0,0.8581445603611235,1.0812629530950157,218.90232241027894,45.0,0.6136363636363636,0.6666666666666666,11.0,10.0,5.0,0.5,0.0,5.0,0.0,80.0,16.0,48.0,9.6,87,1,4
0.0,0.8866525039331188,0.7925443133862785,220.53072415916563,45.0,0.4772727272727273,0.4864864864864865,3.0,3.0,1.0,0.3333333333333333,0.0,1.0,0.0,14.0,14.0,6.0,6.0,88,1,4
0.0,0.7764078489408048,0.6880480084657306,161.50227863910243,45.0,0.45454545454545453,0.52,7.0,7.0,4.0,0.5714285714285714,3.0,1.0,0.75,28.0,7.0,16.0,4.0,89,1,4
0.0,1.213165534944461,1.6122042607772578,231.408116833195,45.0,0.4318181818181818,0.4666666666666667,7.0,6.0,3.0,0.5,0.0,3.0,0.0,23.0,7.666666666666667,7.0,2.3333333333333335,90,1,4
0.0,0.9930960394064263,1.2851965175644608,146.54227806535687,45.0,0.5454545454545454,0.5555555555555556,8.0,7.0,6.0,0.8571428571428571,4.0,2.0,0.6666666666666666,56.0,9.333333333333334,32.0,5.333333333333333,91,1,4
0.0,0.8054111485721651,0.6745157511669603,192.2265670972472,45.0,0.6590909090909091,0.6,8.0,8.0,7.0,0.875,2.0,5.0,0.2857142857142857,59.0,8.428571428571429,22.0,3.142857142857143,92,1,4
1.0,0.7288765132207453,0.2932037768786314,184.33882915000964,45.0,0.5454545454545454,0.56,4.0,4.0,3.0,0.75,2.0,1.0,0.6666666666666666,44.0,14.666666666666666,26.0,8.666666666666666,93,1,4
0.0,0.7893497956290433,0.75633793721271,211.03667239415915,45.0,0.5681818181818182,0.5517241379310345,6.0,6.0,4.0,0.6666666666666666,1.0,3.0,0.25,58.0,14.5,32.0,8.0,94,1,4
0.0,0.7869440286971388,0.7700310807988807,230.153825387205,45.0,0.5227272727272727,0.5151515151515151,5.0,5.0,2.0,0.4,1.0,1.0,0.5,56.0,28.0,42.0,21.0,95,1,4
1.0,0.6132275228929521,0.2785466286237555,138.16114960024336,45.0,0.6363636363636364,0.64,10.0,9.0,7.0,0.7777777777777778,4.0,3.0,0.5714285714285714,126.0,18.0,83.0,11.857142857142858,96,1,4
1.0,0.6285703583026816,0.5603127238062625,146.66736714411658,45.0,0.6363636363636364,0.625,7.0,7.0,7.0,1.0,2.0,5.0,0.2857142857142857,64.0,9.142857142857142,38.0,5.428571428571429,97,1,4
0.0,1.0486263248139138,0.9099847681078892,211.46092971780388,45.0,0.4318181818181818,0.4,11.0,10.0,4.0,0.4,0.0,4.0,0.0,38.0,9.5,9.0,2.25,98,1,4
0.0,0.6688015320242243,0.9532166711101508,227.78852653671944,45.0,0.6363636363636364,0.6363636363636364,7.0,7.0,3.0,0.42857142857142855,1.0,2.0,0.3333333333333333,33.0,11.0,18.0,6.0,99,1,4
0.0,0.8179560469250554,0.5554753380958174,216.20591316328964,45.0,0.5,0.53125,3.0,3.0,1.0,0.3333333333333333,1.0,0.0,1.0,33.0,33.0,24.0,24.0,100,1,4
0.0,0.6456899868501637,0.8431482730595106,261.9842394220677,45.0,0.6363636363636364,0.6585365853658537,1.0,1.0,1.0,1.0,1.0,0.0,1.0,75.0,75.0,66.0,66.0,101,1,4
0.0,0.6120362543810476,0.707089900754704,211.2691564084664,45.0,0.5909090909090909,0.5675675675675675,2.0,2.0,2.0,1.0,2.0,0.0,1.0,42.0,21.0,24.0,12.0,102,1,4
0.0,0.9069989040182824,1.033397051094319,238.18626159903093,45.0,0.5227272727272727,0.4827586206896552,8.0,8.0,5.0,0.625,2.0,3.0,0.4,77.0,15.4,49.0,9.8,103,1,4
0.0,0.7251094405011511,0.6910348096834706,260.5030802440993,45.0,0.5681818181818182,0.5789473684210527,2.0,2.0,1.0,0.5,1.0,0.0,1.0,7.0,7.0,6.0,6.0,104,1,4
0.0,1.3061141353864605,1.5677340861728608,131.3870187581,45.0,0.5227272727272727,0.5517241379310345,5.0,5.0,4.0,0.8,1.0,3.0,0.25,69.0,17.25,39.0,9.75,105,1,4
1.0,0.9143490248620777,0.23246615639675253,129.97931322164337,45.0,0.7045454545454546,0.6756756756756757,5.0,5.0,4.0,0.8,2.0,2.0,0.5,56.0,14.0,30.0,7.5,106,1,4
0.0,0.641348321159059,0.5496826245943247,136.38237393826287,45.0,0.6136363636363636,0.6333333333333333,7.0,6.0,5.0,0.8333333333333334,3.0,2.0,0.6,53.0,10.6,26.0,5.2,107,1,4
1.0,0.6555524939218735,0.48504468919357335,281.9390154799949,45.0,0.6136363636363636,0.5853658536585366,6.0,5.0,3.0,0.6,2.0,1.0,0.6666666666666666,38.0,12.666666666666666,18.0,6.0,108,1,4
0.0,0.891363246101845,1.2043845487990943,175.42208243245915,45.0,0.6136363636363636,0.6896551724137931,7.0,7.0,6.0,0.8571428571428571,3.0,3.0,0.5,90.0,15.0,51.0,8.5,109,1,4
1.0,0.4277419605325046,0.567919097874049,232.3157631571648,45.0,0.6818181818181818,0.6756756756756757,5.0,4.0,2.0,0.5,1.0,1.0,0.5,44.0,22.0,35.0,17.5,110,1,4
1.0,0.656862373006545,0.24500170272445027,177.81988897719359,45.0,0.6136363636363636,0.6216216216216216,2.0,2.0,2.0,1.0,2.0,0.0,1.0,8.0,4.0,5.0,2.5,111,1,4
0.0,0.7765662053326412,0.7484413539376097,165.68104015241138,45.0,0.5909090909090909,0.65625,3.0,2.0,2.0,1.0,2.0,0.0,1.0,37.0,18.5,25.0,12.5,112,1,4
0.0,0.7210042665543787,0.7476915767885881,162.83142241967872,45.0,0.4772727272727273,0.4482758620689655,7.0,7.0,4.0,0.5714285714285714,2.0,2.0,0.5,14.0,3.5,9.0,2.25,113,1,4
0.0,1.2712298603683814,2.6824303122908426,208.45582582291837,45.0,0.5454545454545454,0.5217391304347826,8.0,8.0,7.0,0.875,2.0,5.0,0.2857142857142857,119.0,17.0,75.0,10.714285714285714,114,1,4
0.0,1.2898552462097954,2.5236847750024145,189.57442308786307,45.0,0.4772727272727273,0.4722222222222222,7.0,5.0,1.0,0.2,0.0,1.0,0.0,28.0,28.0,19.0,19.0,115,1,4
0.0,0.7897344305125121,0.5190476058091439,173.51218333876812,45.0,0.5227272727272727,0.631578947368421,6.0,6.0,2.0,0.3333333333333333,0.0,2.0,0.0,30.0,15.0,12.0,6.0,116,1,4
0.0,0.7312904246367234,0.7048640593998461,188.62506430300405,45.0,0.5454545454545454,0.5333333333333333,5.0,5.0,1.0,0.2,0.0,1.0,0.0,14.0,14.0,5.0,5.0,117,1,4
0.0,0.944212809514722,0.9796866205653457,88.53891845474612,45.0,0.5909090909090909,0.6538461538461539,4.0,4.0,3.0,0.75,2.0,1.0,0.6666666666666666,55.0,18.333333333333332,37.0,12.333333333333334,118,1,4
1.0,0.5053638689934615,0.408552247673781,240.18965090911001,45.0,0.6590909090909091,0.6857142857142857,4.0,4.0,2.0,0.5,2.0,0.0,1.0,25.0,12.5,13.0,6.5,119,1,4
0.0,0.8642064889602813,1.2158860526006627,228.0316957594079,45.0,0.4772727272727273,0.5,9.0,9.0,3.0,0.3333333333333333,1.0,2.0,0.3333333333333333,40.0,13.333333333333334,26.0,8.666666666666666,120,1,4
0.0,0.6880591929888731,0.766500298507019,219.54798981238466,45.0,0.5681818181818182,0.6538461538461539,8.0,8.0,3.0,0.375,1.0,2.0,0.3333333333333333,51.0,17.0,33.0,11.0,121,1,4
0.0,1.0230982918833555,0.6807134285316518,151.90981385834147,45.0,0.5227272727272727,0.5405405405405406,7.0,7.0,5.0,0.7142857142857143,1.0,4.0,0.2,55.0,11.0,27.0,5.4,122,1,4
0.0,0.8481956130438996,0.7962589278309555,221.49418794276787,45.0,0.45454545454545453,0.5238095238095238,8.0,8.0,5.0,0.625,2.0,3.0,0.4,61.0,12.2,31.0,6.2,123,1,4
0.0,1.0062921600118722,1.0163210095473536,170.72662943776967,45.0,0.45454545454545453,0.52,10.0,9.0,8.0,0.8888888888888888,5.0,3.0,0.625,82.0,10.25,50.0,6.25,124,1,4
0.0,0.8621423328373325,1.2388022194446906,251.13351742691611,45.0,0.5909090909090909,0.5714285714285714,11.0,11.0,4.0,0.36363636363636365,0.0,4.0,0.0,55.0,13.75,33.0,8.25,125,1,4
0.0,1.0456772990712244,1.0593698859038818,173.5203851377849,45.0,0.45454545454545453,0.4827586206896552,7.0,6.0,3.0,0.5,0.0,3.0,0.0,39.0,13.0,25.0,8.333333333333334,126,1,4
1.0,0.8188192307750733,0.33416318153837166,200.09892550358785,45.0,0.5227272727272727,0.5,5.0,4.0,3.0,0.75,2.0,1.0,0.6666666666666666,31.0,10.333333333333334,15.0,5.0,127,1,4
0.0,0.8192140984589643,0.9097301496865159,195.3937161125762,45.0,0.6818181818181818,0.7619047619047619,7.0,7.0,4.0,0.5714285714285714,2.0,2.0,0.5,75.0,18.75,43.0,10.75,128,1,4
0.0,0.9114182895440066,1.1590329746502057,231.85840649596594,45.0,0.5227272727272727,0.5135135135135135,5.0,4.0,3.0,0.75,2.0,1.0,0.6666666666666666,62.0,20.666666666666668,38.0,12.666666666666666,129,1,4
0.0,0.6868020668052683,0.7726586799982591,188.71388040315304,45.0,0.5909090909090909,0.5172413793103449,10.0,9.0,2.0,0.2222222222222222,2.0,0.0,1.0,38.0,19.0,20.0,10.0,130,1,4
0.0,1.0598879409047974,1.6600750466852212,151.01099428524512,45.0,0.38636363636363635,0.38461538461538464,6.0,6.0,4.0,0.6666666666666666,2.0,2.0,0.5,83.0,20.75,65.0,16.25,131,1,4
1.0,0.4523152564954863,0.493580610572568,141.53796256907583,45.0,0.75,0.7567567567567568,7.0,6.0,3.0,0.5,3.0,0.0,1.0,34.0,11.333333333333334,21.0,7.0,132,1,4
0.0,0.5899001710258323,0.8009326267332122,218.99454508050997,45.0,0.5681818181818182,0.5757575757575758,4.0,4.0,3.0,0.75,2.0,1.0,0.6666666666666666,55.0,18.333333333333332,38.0,12.666666666666666,133,1,4
0.0,0.9680399061927533,1.3946659213029315,182.44752513302404,45.0,0.6136363636363636,0.6129032258064516,4.0,4.0,4.0,1.0,3.0,1.0,0.75,79.0,19.75,55.0,13.75,134,1,4
1.0,0.6575260666564159,0.2531173680220453,143.49630916784997,45.0,0.7045454545454546,0.7407407407407407,6.0,6.0,5.0,0.8333333333333334,2.0,3.0,0.4,34.0,6.8,11.0,2.2,135,1,4
1.0,0.7474293374901966,0.3702541822334037,185.13443601071228,45.0,0.6590909090909091,0.6071428571428571,6.0,5.0,3.0,0.6,2.0,1.0,0.6666666666666666,58.0,19.333333333333332,35.0,11.666666666666666,136,1,4
0.0,1.2839382430734125,1.0600497304498078,88.12391862699101,23.0,0.5909090909090909,1.0,12.0,12.0,6.0,0.5,3.0,3.0,0.5,66.0,11.0,32.0,5.333333333333333,17,1,8
0.0,0.9206127528295011,0.6596998633998085,136.34683160452892,23.0,0.6818181818181818,0.7692307692307693,6.0,6.0,3.0,0.5,2.0,1.0,0.6666666666666666,40.0,13.333333333333334,29.0,9.666666666666666,18,1,8
0.0,0.7540610372860098,1.027834594267468,146.27209363154714,23.0,0.5909090909090909,0.5294117647058824,4.0,4.0,3.0,0.75,2.0,1.0,0.6666666666666666,76.0,25.333333333333332,59.0,19.666666666666668,19,1,8
0.0,1.3030271550801296,0.6035258883989852,102.26273018555985,23.0,0.6363636363636364,0.7058823529411765,4.0,4.0,3.0,0.75,2.0,1.0,0.6666666666666666,39.0,13.0,21.0,7.0,20,1,8
0.0,0.859831416149758,1.3586580889223965,152.43656798091848,23.0,0.5909090909090909,0.5,13.0,11.0,8.0,0.7272727272727273,3.0,5.0,0.375,97.0,12.125,44.0,5.5,21,1,8
0.0,1.039445239957249,0.8397993481266577,122.19609483983946,23.0,0.5454545454545454,0.5238095238095238,2.0,2.0,1.0,0.5,1.0,0.0,1.0,5.0,5.0,4.0,4.0,22,1,8
1.0,1.2062795628205456,0.4107217812681463,121.7104071990084,23.0,0.5909090909090909,0.6,4.0,4.0,2.0,0.5,1.0,1.0,0.5,70.0,35.0,54.0,27.0,23,1,8
1.0,0.6662237106923773,0.5370064613220867,97.85744690742776,23.0,0.8181818181818182,0.8095238095238095,3.0,3.0,2.0,0.6666666666666666,2.0,0.0,1.0,22.0,11.0,11.0,5.5,24,1,8
0.0,0.8479150655626155,1.3434400319384137,78.7649364531284,23.0,0.8181818181818182,0.8571428571428571,7.0,5.0,3.0,0.6,3.0,0.0,1.0,45.0,15.0,28.0,9.333333333333334,25,1,8
0.0,1.9014564823619966,2.08230098223804,103.47678505300155,23.0,0.4090909090909091,0.47058823529411764,4.0,4.0,2.0,0.5,1.0,1.0,0.5,62.0,31.0,46.0,23.0,26,1,8
0.0,1.0670305306325703,1.163840194359705,130.3216418772241,23.0,0.2727272727272727,0.4,8.0,8.0,4.0,0.5,2.0,2.0,0.5,49.0,12.25,29.0,7.25,27,1,8
0.0,1.0701273322730132,1.0927473768853075,152.9727607104741,23.0,0.5454545454545454,0.5263157894736842,3.0,3.0,0.0,0.0,0.0,0.0,0.0,0.0,nan,0.0,nan,28,1,8
0.0,1.221179962347461,1.7677271652677233,134.71544133356556,23.0,0.5454545454545454,0.6470588235294118,3.0,3.0,2.0,0.6666666666666666,1.0,1.0,0.5,25.0,12.5,11.0,5.5,29,1,8
0.0,0.8174535439714867,0.634774151172006,122.53018185258615,23.0,0.6363636363636364,0.6842105263157895,4.0,4.0,2.0,0.5,1.0,1.0,0.5,28.0,14.0,14.0,7.0,30,1,8
0.0,1.2663275419236937,1.6528847592789544,121.88406780085673,23.0,0.5909090909090909,0.5882352941176471,5.0,5.0,4.0,0.8,3.0,1.0,0.75,54.0,13.5,32.0,8.0,31,1,8
0.0,0.9250949366131512,0.6025302604017195,92.96355395838847,23.0,0.7272727272727273,0.8235294117647058,3.0,3.0,3.0,1.0,2.0,1.0,0.6666666666666666,62.0,20.666666666666668,43.0,14.333333333333334,32,1,8
0.0,1.2425168202905505,1.9532401312911807,120.12423190784133,23.0,0.5909090909090909,0.6153846153846154,8.0,7.0,3.0,0.42857142857142855,1.0,2.0,0.3333333333333333,17.0,5.666666666666667,8.0,2.6666666666666665,33,1,8
0.0,1.1182576465490965,0.8908529740203893,118.60420538636819,23.0,0.6363636363636364,0.5833333333333334,10.0,9.0,4.0,0.4444444444444444,2.0,2.0,0.5,29.0,7.25,12.0,3.0,34,1,8
0.0,0.9781312153814371,1.5873455078801253,143.7505488395726,23.0,0.6363636363636364,0.6842105263157895,6.0,4.0,2.0,0.5,1.0,1.0,0.5,87.0,43.5,74.0,37.0,35,1,8
0.0,0.8291098480654177,1.1307174310483314,180.18012564271504,23.0,0.5909090909090909,0.5384615384615384,6.0,6.0,2.0,0.3333333333333333,1.0,1.0,0.5,24.0,12.0,15.0,7.5,36,1,8
0.0,0.8990574408951975,1.176470408849936,86.80224368462594,23.0,0.6818181818181818,0.6666666666666666,3.0,3.0,2.0,0.6666666666666666,2.0,0.0,1.0,27.0,13.5,13.0,6.5,37,1,8
0.0,1.4525644314572848,0.686623190752471,157.47071739250921,23.0,0.5909090909090909,0.6153846153846154,6.0,5.0,1.0,0.2,1.0,0.0,1.0,4.0,4.0,4.0,4.0,38,1,8
0.0,1.3387921844283546,1.3660754867466753,125.66773539131802,23.0,0.5909090909090909,0.6470588235294118,7.0,7.0,6.0,0.8571428571428571,2.0,4.0,0.3333333333333333,65.0,10.833333333333334,29.0,4.833333333333333,39,1,8
0.0,1.1913153297867825,1.0891845574848023,104.56205755981034,23.0,0.5909090909090909,0.5714285714285714,4.0,4.0,2.0,0.5,1.0,1.0,0.5,24.0,12.0,17.0,8.5,40,1,8
0.0,1.1742392758085356,1.3827732303005862,176.6233736270134,23.0,0.5,0.47619047619047616,1.0,1.0,1.0,1.0,0.0,1.0,0.0,23.0,23.0,14.0,14.0,41,1,8
0.0,0.8461376666619363,0.842548803740472,108.62193532632192,23.0,0.5909090909090909,0.6842105263157895,4.0,4.0,2.0,0.5,2.0,0.0,1.0,61.0,30.5,46.0,23.0,42,1,8
0.0,1.1214491740488695,1.2419643423412443,86.8030205115085,23.0,0.6363636363636364,0.6428571428571429,6.0,6.0,4.0,0.6666666666666666,2.0,2.0,0.5,65.0,16.25,40.0,10.0,43,1,8
1.0,0.9039989859025497,0.45936673653850185,105.56662635297782,23.0,0.5909090909090909,0.5789473684210527,5.0,5.0,3.0,0.6,2.0,1.0,0.6666666666666666,14.0,4.666666666666667,9.0,3.0,44,1,8
0.0,0.8397462106626724,0.5792818091460346,143.54699187592715,23.0,0.6363636363636364,0.5882352941176471,5.0,5.0,4.0,0.8,2.0,2.0,0.5,45.0,11.25,22.0,5.5,45,1,8
1.0,0.7840341029306787,0.4295304884101511,130.4437439822013,23.0,0.45454545454545453,0.38461538461538464,9.0,8.0,6.0,0.75,3.0,3.0,0.5,58.0,9.666666666666666,30.0,5.0,46,1,8
0.0,1.1483226558165387,1.3611575840634853,151.84394588588648,23.0,0.5909090909090909,0.7058823529411765,5.0,5.0,2.0,0.4,1.0,1.0,0.5,61.0,30.5,43.0,21.5,47,1,8
1.0,0.9317390800719845,0.35172994110780054,104.38513023463143,23.0,0.7272727272727273,0.8235294117647058,6.0,6.0,4.0,0.6666666666666666,1.0,3.0,0.25,36.0,9.0,19.0,4.75,48,1,8
0.0,1.2809961752833412,1.62896990736632,97.17079997506015,23.0,0.6363636363636364,0.6875,9.0,6.0,3.0,0.5,0.0,3.0,0.0,50.0,16.666666666666668,31.0,10.333333333333334,49,1,8
0.0,0.8736892682288189,0.9799586853473269,143.5304408481172,23.0,0.6363636363636364,0.6153846153846154,7.0,6.0,5.0,0.8333333333333334,3.0,2.0,0.6,47.0,9.4,32.0,6.4,50,1,8
0.0,1.2151888132093116,0.8882357024760354,97.99005569830601,23.0,0.7272727272727273,0.7058823529411765,5.0,5.0,3.0,0.6,2.0,1.0,0.6666666666666666,50.0,16.666666666666668,24.0,8.0,51,1,8
0.0,0.7048343497153859,1.2339030336826637,80.11545262891408,23.0,0.8636363636363636,0.8571428571428571,5.0,4.0,1.0,0.25,0.0,1.0,0.0,20.0,20.0,11.0,11.0,52,1,8
0.0,0.9798536297031144,0.6541923064808729,97.38547898172298,23.0,0.5,0.6923076923076923,10.0,10.0,6.0,0.6,3.0,3.0,0.5,74.0,12.333333333333334,44.0,7.333333333333333,53,1,8
0.0,1.0928940019824671,0.6541642713163683,152.03291059527822,23.0,0.5,0.4375,5.0,5.0,3.0,0.6,1.0,2.0,0.3333333333333333,45.0,15.0,27.0,9.0,54,1,8
0.0,1.4318955199395165,2.0308059057070524,134.60900541181863,23.0,0.45454545454545453,0.3684210526315789,4.0,4.0,3.0,0.75,0.0,3.0,0.0,45.0,15.0,30.0,10.0,55,1,8
0.0,0.94027512263314,0.7247202156073458,139.86700796177084,23.0,0.5,0.4666666666666667,6.0,5.0,1.0,0.2,0.0,1.0,0.0,6.0,6.0,3.0,3.0,56,1,8
0.0,0.991588069616502,1.1507852876897187,225.309721723377,23.0,0.45454545454545453,0.35294117647058826,4.0,4.0,3.0,0.75,2.0,1.0,0.6666666666666666,18.0,6.0,9.0,3.0,57,1,8
0.0,1.4089983184028148,1.5021585481562394,141.44782690902278,23.0,0.5454545454545454,0.6666666666666666,5.0,5.0,2.0,0.4,0.0,2.0,0.0,20.0,10.0,9.0,4.5,58,1,8
0.0,1.118340386316459,0.6175826791818971,137.6236957447558,23.0,0.5909090909090909,0.5454545454545454,13.0,10.0,4.0,0.4,1.0,3.0,0.25,61.0,15.25,29.0,7.25,59,1,8
0.0,0.9495036567418746,0.996531747513344,148.28477861399645,23.0,0.5909090909090909,0.5294117647058824,3.0,3.0,1.0,0.3333333333333333,0.0,1.0,0.0,24.0,24.0,15.0,15.0,60,1,8
0.0,1.149842628087535,1.910543585504745,121.07163293844772,23.0,0.45454545454545453,0.3076923076923077,8.0,8.0,3.0,0.375,2.0,1.0,0.6666666666666666,34.0,11.333333333333334,18.0,6.0,61,1,8
0.0,1.7025733721727752,1.3118783971634764,165.8842254812728,23.0,0.36363636363636365,0.29411764705882354,5.0,5.0,5.0,1.0,4.0,1.0,0.8,37.0,7.4,20.0,4.0,62,1,8
0.0,1.4340949686144506,1.2909813574962508,107.13158787267731,23.0,0.5,0.4375,3.0,3.0,2.0,0.6666666666666666,2.0,0.0,1.0,49.0,24.5,40.0,20.0,63,1,8
0.0,0.9577325412216733,1.2491934117912504,103.9762229555481,23.0,0.5454545454545454,0.6111111111111112,4.0,4.0,2.0,0.5,2.0,0.0,1.0,34.0,17.0,25.0,12.5,64,1,8
0.0,0.8071632556562424,0.790144386501669,122.7835667807327,23.0,0.6363636363636364,0.7692307692307693,9.0,7.0,3.0,0.42857142857142855,2.0,1.0,0.6666666666666666,88.0,29.333333333333332,61.0,20.333333333333332,65,1,8
0.0,1.03213550009805,0.6917282446535461,153.33681009183013,23.0,0.5454545454545454,0.5625,9.0,9.0,5.0,0.5555555555555556,0.0,5.0,0.0,53.0,10.6,33.0,6.6,66,1,8
0.0,0.9941104225494208,1.520371641226604,104.25847900145385,23.0,0.6818181818181818,0.6666666666666666,6.0,6.0,6.0,1.0,3.0,3.0,0.5,75.0,12.5,34.0,5.666666666666667,67,1,8
0.0,1.4108965545888976,2.131852563994708,130.0292310406836,23.0,0.45454545454545453,0.5454545454545454,8.0,7.0,4.0,0.5714285714285714,2.0,2.0,0.5,53.0,13.25,27.0,6.75,68,1,8
0.0,1.1336981180881347,1.043642838620763,141.7947907698437,23.0,0.5909090909090909,0.46153846153846156,8.0,7.0,4.0,0.5714285714285714,1.0,3.0,0.25,69.0,17.25,49.0,12.25,69,1,8
0.0,1.2907671872929791,1.425474353948591,94.62938543966516,23.0,0.6818181818181818,0.7142857142857143,7.0,7.0,4.0,0.5714285714285714,2.0,2.0,0.5,48.0,12.0,33.0,8.25,70,1,8
0.0,0.7505863037374882,1.0587862836495419,88.43149396847537,23.0,0.7727272727272727,0.7857142857142857,6.0,5.0,4.0,0.8,2.0,2.0,0.5,89.0,22.25,67.0,16.75,71,1,8
1.0,0.7437573590055264,0.33905009075036924,91.80078386154287,23.0,0.6363636363636364,0.75,4.0,3.0,3.0,1.0,2.0,1.0,0.6666666666666666,67.0,22.333333333333332,44.0,14.666666666666666,72,1,8
0.0,1.181990726293701,1.0364178973215594,133.19130350183835,23.0,0.5,0.5,7.0,6.0,4.0,0.6666666666666666,3.0,1.0,0.75,112.0,28.0,80.0,20.0,73,1,8
0.0,1.309063745238332,1.7222535104101733,113.23511831330705,23.0,0.5,0.26666666666666666,8.0,8.0,3.0,0.375,2.0,1.0,0.6666666666666666,71.0,23.666666666666668,44.0,14.666666666666666,74,1,8
0.0,1.2547293686259224,1.0480861217933108,124.96087608497048,23.0,0.6363636363636364,0.8,9.0,8.0,5.0,0.625,2.0,3.0,0.4,80.0,16.0,46.0,9.2,75,1,8
0.0,0.8758690814233071,0.6780011722644439,129.21093901990744,23.0,0.5909090909090909,0.5294117647058824,2.0,2.0,1.0,0.5,1.0,0.0,1.0,17.0,17.0,8.0,8.0,76,1,8
0.0,0.8365074946214711,1.4022340839386922,147.6508051488396,23.0,0.6363636363636364,0.631578947368421,2.0,2.0,2.0,1.0,2.0,0.0,1.0,57.0,28.5,47.0,23.5,77,1,8
0.0,1.2844705832440484,1.077258988209792,95.37329105187831,23.0,0.5,0.47619047619047616,3.0,1.0,0.0,0.0,0.0,0.0,0.0,0.0,nan,0.0,nan,78,1,8
0.0,1.3840858375331457,2.0016712319219243,81.1069849222648,23.0,0.36363636363636365,0.2727272727272727,10.0,9.0,3.0,0.3333333333333333,1.0,2.0,0.3333333333333333,25.0,8.333333333333334,16.0,5.333333333333333,79,1,8
0.0,1.3951389104028729,0.6942721795029229,75.89497353540474,23.0,0.8181818181818182,0.7647058823529411,5.0,5.0,3.0,0.6,1.0,2.0,0.3333333333333333,40.0,13.333333333333334,17.0,5.666666666666667,80,1,8
0.0,0.7473796476756503,0.8689679101439647,90.93396129823944,23.0,0.8181818181818182,0.7142857142857143,8.0,7.0,3.0,0.42857142857142855,1.0,2.0,0.3333333333333333,23.0,7.666666666666667,10.0,3.3333333333333335,81,1,8
0.0,1.2081303082565837,1.2196787055937484,80.36763657003503,23.0,0.5909090909090909,0.6842105263157895,3.0,3.0,1.0,0.3333333333333333,1.0,0.0,1.0,31.0,31.0,22.0,22.0,82,1,8
0.0,0.8434510047819663,0.7355168704359021,155.78320134462027,23.0,0.6818181818181818,0.6875,9.0,9.0,4.0,0.4444444444444444,1.0,3.0,0.25,62.0,15.5,38.0,9.5,83,1,8
0.0,1.5147035958168096,2.506851274867517,93.8720921003363,23.0,0.6363636363636364,0.5882352941176471,8.0,6.0,5.0,0.8333333333333334,4.0,1.0,0.8,108.0,21.6,79.0,15.8,84,1,8
1.0,1.117676112245192,0.30828274878476586,119.72144182692561,23.0,0.45454545454545453,0.3684210526315789,7.0,6.0,2.0,0.3333333333333333,2.0,0.0,1.0,31.0,15.5,15.0,7.5,85,1,8
0.0,1.1147223327761868,1.7864538913793981,132.70844437176146,23.0,0.5909090909090909,0.6666666666666666,5.0,5.0,3.0,0.6,0.0,3.0,0.0,79.0,26.333333333333332,55.0,18.333333333333332,86,1,8
0.0,0.6898023466422976,0.6155675054203676,92.1704333029573,23.0,0.8636363636363636,0.8,11.0,10.0,5.0,0.5,1.0,4.0,0.2,52.0,10.4,24.0,4.8,87,1,8
0.0,1.2525057001904545,1.6440345558923506,152.29154067223857,23.0,0.45454545454545453,0.42105263157894735,3.0,3.0,2.0,0.6666666666666666,1.0,1.0,0.5,39.0,19.5,21.0,10.5,88,1,8
0.0,0.8246407217009396,0.9704960950388247,116.17312564169306,23.0,0.5909090909090909,0.7692307692307693,7.0,7.0,6.0,0.8571428571428571,5.0,1.0,0.8333333333333334,57.0,9.5,30.0,5.0,89,1,8
0.0,1.2268391639277865,1.4661460537822835,143.17545021934166,23.0,0.36363636363636365,0.3333333333333333,7.0,6.0,3.0,0.5,1.0,2.0,0.3333333333333333,13.0,4.333333333333333,6.0,2.0,90,1,8
0.0,1.539491046985308,1.9800862757187707,116.9082957595937,23.0,0.5,0.4444444444444444,8.0,7.0,6.0,0.8571428571428571,3.0,3.0,0.5,75.0,12.5,46.0,7.666666666666667,91,1,8
0.0,1.0264646604882453,1.0236060994559872,203.58527510082897,23.0,0.5909090909090909,0.5333333333333333,8.0,8.0,5.0,0.625,2.0,3.0,0.4,21.0,4.2,7.0,1.4,92,1,8
0.0,1.119060429612213,0.6964697153517393,107.06311042590681,23.0,0.5,0.5384615384615384,4.0,4.0,3.0,0.75,2.0,1.0,0.6666666666666666,90.0,30.0,63.0,21.0,93,1,8
1.0,0.8968646433936855,0.373119674467455,213.13053817322958,23.0,0.5,0.4666666666666667,6.0,6.0,4.0,0.6666666666666666,3.0,1.0,0.75,28.0,7.0,19.0,4.75,94,1,8
0.0,1.362093774640902,1.4327006809591647,85.36481185425144,23.0,0.45454545454545453,0.47058823529411764,5.0,5.0,2.0,0.4,1.0,1.0,0.5,14.0,7.0,5.0,2.5,95,1,8
0.0,0.9915115895834546,0.5119642283337388,119.09822208586989,23.0,0.5454545454545454,0.6923076923076923,10.0,9.0,5.0,0.5555555555555556,3.0,2.0,0.6,92.0,18.4,53.0,10.6,96,1,8
0.0,0.8124461854679185,0.8534134031169984,130.3900601743117,23.0,0.6363636363636364,0.625,7.0,7.0,4.0,0.5714285714285714,1.0,3.0,0.25,46.0,11.5,32.0,8.0,97,1,8
0.0,1.3007469999435406,1.338466194049057,105.18902546419126,23.0,0.4090909090909091,0.45454545454545453,11.0,10.0,7.0,0.7,2.0,5.0,0.2857142857142857,60.0,8.571428571428571,26.0,3.7142857142857144,98,1,8
0.0,1.2430693008857983,1.633930629515167,118.6413148594432,23.0,0.5,0.47058823529411764,7.0,7.0,4.0,0.5714285714285714,2.0,2.0,0.5,46.0,11.5,31.0,7.75,99,1,8
0.0,1.1560268788256254,0.8333833639624648,163.7661092367715,23.0,0.4090909090909091,0.375,3.0,3.0,2.0,0.6666666666666666,1.0,1.0,0.5,6.0,3.0,3.0,1.5,100,1,8
1.0,0.7735835292981791,0.44117072126654605,156.21467117042468,23.0,0.7272727272727273,0.7619047619047619,1.0,1.0,0.0,0.0,0.0,0.0,0.0,0.0,nan,0.0,nan,101,1,8
0.0,0.6507399952313323,1.0297239130064042,174.0014800229801,23.0,0.6363636363636364,0.5789473684210527,2.0,2.0,1.0,0.5,1.0,0.0,1.0,22.0,22.0,13.0,13.0,102,1,8
0.0,1.19397168270613,1.3015490903070068,151.06632421955138,23.0,0.5,0.4666666666666667,8.0,8.0,4.0,0.5,1.0,3.0,0.25,78.0,19.5,50.0,12.5,103,1,8
0.0,1.5554303227434407,1.6599430771120791,128.8129760744306,23.0,0.4090909090909091,0.3684210526315789,2.0,2.0,2.0,1.0,2.0,0.0,1.0,12.0,6.0,7.0,3.5,104,1,8
0.0,1.0110794148447075,1.5167168392191104,117.24622358424502,23.0,0.5909090909090909,0.6666666666666666,5.0,5.0,4.0,0.8,1.0,3.0,0.25,69.0,17.25,39.0,9.75,105,1,8
0.0,1.412929636562283,0.5304803972794467,51.8077956508476,23.0,0.7727272727272727,0.7368421052631579,5.0,5.0,4.0,0.8,2.0,2.0,0.5,63.0,15.75,34.0,8.5,106,1,8
0.0,0.8500276304056952,0.8871462971500007,161.15974276393806,23.0,0.5909090909090909,0.5333333333333333,7.0,6.0,5.0,0.8333333333333334,2.0,3.0,0.4,84.0,16.8,55.0,11.0,107,1,8
0.0,1.3270236930740082,1.8673320642991602,110.99991260523785,23.0,0.45454545454545453,0.42857142857142855,6.0,5.0,5.0,1.0,3.0,2.0,0.6,108.0,21.6,72.0,14.4,108,1,8
0.0,1.1286694321104633,1.82563676682273,103.4861194229731,23.0,0.6363636363636364,0.7333333333333333,7.0,7.0,4.0,0.5714285714285714,2.0,2.0,0.5,92.0,23.0,65.0,16.25,109,1,8
0.0,0.8456222923291296,0.6344123516169835,145.14099678572939,23.0,0.7727272727272727,0.7894736842105263,5.0,4.0,4.0,1.0,4.0,0.0,1.0,71.0,17.75,45.0,11.25,110,1,8
0.0,1.0778181189588085,0.6418192911946149,94.85038745692,23.0,0.6363636363636364,0.631578947368421,2.0,2.0,2.0,1.0,1.0,1.0,0.5,22.0,11.0,11.0,5.5,111,1,8
0.0,1.059461860116088,0.7128928125334161,147.3285679174593,23.0,0.5,0.5625,3.0,2.0,1.0,0.5,1.0,0.0,1.0,11.0,11.0,7.0,7.0,112,1,8
0.0,0.6628788695559382,0.7054095487425881,140.06377846920208,23.0,0.5909090909090909,0.6,7.0,7.0,5.0,0.7142857142857143,1.0,4.0,0.2,53.0,10.6,35.0,7.0,113,1,8
0.0,1.5570854417420352,2.9299091872266723,146.16520452093698,23.0,0.5454545454545454,0.5,8.0,8.0,7.0,0.875,3.0,4.0,0.42857142857142855,119.0,17.0,78.0,11.142857142857142,114,1,8
0.0,1.6171142968294356,2.606285317781697,128.95176046080155,23.0,0.5,0.5,7.0,5.0,3.0,0.6,1.0,2.0,0.3333333333333333,44.0,14.666666666666666,23.0,7.666666666666667,115,1,8
0.0,0.9717463359520937,0.6485882571380499,96.73784347700366,23.0,0.6363636363636364,0.7,6.0,6.0,4.0,0.6666666666666666,2.0,2.0,0.5,34.0,8.5,16.0,4.0,116,1,8
0.0,1.179148215666108,1.1559984149175782,146.50653617135978,23.0,0.5,0.4666666666666667,5.0,5.0,4.0,0.8,2.0,2.0,0.5,59.0,14.75,35.0,8.75,117,1,8
0.0,1.0586396278230894,1.0998243626297926,100.08756090090927,23.0,0.5909090909090909,0.6923076923076923,4.0,4.0,2.0,0.5,1.0,1.0,0.5,49.0,24.5,31.0,15.5,118,1,8
0.0,0.7579169162671984,0.7906894859907078,97.37952842086216,23.0,0.6363636363636364,0.6666666666666666,4.0,4.0,3.0,0.75,3.0,0.0,1.0,22.0,7.333333333333333,14.0,4.666666666666667,119,1,8
0.0,1.148777792892521,1.5240180058588395,184.9187727392137,23.0,0.5,0.5714285714285714,9.0,9.0,2.0,0.2222222222222222,0.0,2.0,0.0,37.0,18.5,23.0,11.5,120,1,8
0.0,0.9052527180680395,1.0250285859865922,130.76418698977113,23.0,0.6363636363636364,0.6428571428571429,8.0,8.0,5.0,0.625,1.0,4.0,0.2,60.0,12.0,38.0,7.6,121,1,8
0.0,1.35071162357546,0.6020399204230473,142.83434170996645,23.0,0.5,0.5263157894736842,7.0,7.0,5.0,0.7142857142857143,1.0,4.0,0.2,45.0,9.0,16.0,3.2,122,1,8
0.0,1.19682287377279,1.2627488389589394,153.02827978097963,23.0,0.4090909090909091,0.45454545454545453,8.0,8.0,3.0,0.375,1.0,2.0,0.3333333333333333,65.0,21.666666666666668,45.0,15.0,123,1,8
0.0,1.4187413416246204,2.040897402662273,83.57836857955792,23.0,0.36363636363636365,0.46153846153846156,10.0,9.0,6.0,0.6666666666666666,3.0,3.0,0.5,40.0,6.666666666666667,24.0,4.0,124,1,8
0.0,0.9943961390240079,1.3386569215945454,151.65152139348044,23.0,0.7272727272727273,0.6666666666666666,11.0,11.0,6.0,0.5454545454545454,3.0,3.0,0.5,76.0,12.666666666666666,38.0,6.333333333333333,125,1,8
0.0,1.4032210009739243,1.8442728465321523,151.85675313154073,23.0,0.5454545454545454,0.5333333333333333,7.0,6.0,5.0,0.8333333333333334,1.0,4.0,0.2,45.0,9.0,27.0,5.4,126,1,8
0.0,1.282955356228132,0.8371902184188362,108.48825288852531,23.0,0.5,0.5,5.0,4.0,3.0,0.75,2.0,1.0,0.6666666666666666,23.0,7.666666666666667,14.0,4.666666666666667,127,1,8
0.0,1.1181625205224122,1.3042190897620907,93.60194562528672,23.0,0.6818181818181818,0.8,7.0,7.0,4.0,0.5714285714285714,1.0,3.0,0.25,85.0,21.25,50.0,12.5,128,1,8
0.0,1.7610377157668835,2.041185308158491,106.39602964585137,23.0,0.2727272727272727,0.2631578947368421,5.0,4.0,2.0,0.5,1.0,1.0,0.5,27.0,13.5,18.0,9.0,129,1,8
0.0,0.7482541365153648,0.6397680901327061,153.17819986643718,23.0,0.5909090909090909,0.5,10.0,9.0,5.0,0.5555555555555556,3.0,2.0,0.6,64.0,12.8,41.0,8.2,130,1,8
0.0,1.4975401576235288,2.3314530428437483,121.81957939856471,23.0,0.3181818181818182,0.38461538461538464,6.0,6.0,5.0,0.8333333333333334,4.0,1.0,0.8,61.0,12.2,41.0,8.2,131,1,8
0.0,0.7492881307561343,0.8918161793086696,94.84594745871699,23.0,0.7272727272727273,0.6842105263157895,7.0,6.0,4.0,0.6666666666666666,2.0,2.0,0.5,52.0,13.0,27.0,6.75,132,1,8
0.0,1.0413750003000746,1.089657233193713,124.0513264465378,23.0,0.5909090909090909,0.5882352941176471,4.0,4.0,2.0,0.5,2.0,0.0,1.0,17.0,8.5,8.0,4.0,133,1,8
0.0,1.1612228590350877,2.0430911174319726,175.60877077372066,23.0,0.5454545454545454,0.5,4.0,4.0,4.0,1.0,2.0,2.0,0.5,64.0,16.0,37.0,9.25,134,1,8
0.0,0.8916600258657313,0.9391207900325435,112.44175774529177,23.0,0.7727272727272727,0.7857142857142857,6.0,6.0,4.0,0.6666666666666666,0.0,4.0,0.0,36.0,9.0,11.0,2.75,135,1,8
1.0,0.9581834666502392,0.37638329875593984,129.31450706105926,23.0,0.7272727272727273,0.6428571428571429,6.0,5.0,5.0,1.0,4.0,1.0,0.8,70.0,14.0,44.0,8.8,136,1,8
0.0,2.1932159573131225,1.9982281721383157,76.77544106684532,12.0,0.5454545454545454,1.0,12.0,12.0,6.0,0.5,0.0,6.0,0.0,107.0,17.833333333333332,65.0,10.833333333333334,17,1,16
0.0,1.1551132659109984,0.8534880633998362,73.07405587690985,12.0,0.7272727272727273,0.7142857142857143,6.0,6.0,4.0,0.6666666666666666,2.0,2.0,0.5,62.0,15.5,32.0,8.0,18,1,16
0.0,1.358366089059624,2.1943559366211107,95.96259548433099,12.0,0.36363636363636365,0.3333333333333333,4.0,4.0,1.0,0.25,1.0,0.0,1.0,16.0,16.0,7.0,7.0,19,1,16
0.0,1.7893457777378399,0.9556784214190077,43.982900014163825,12.0,0.7272727272727273,0.7777777777777778,4.0,4.0,3.0,0.75,2.0,1.0,0.6666666666666666,70.0,23.333333333333332,43.0,14.333333333333334,20,1,16
0.0,1.350689650738306,1.4191052117039353,106.88138516181253,12.0,0.5454545454545454,0.6666666666666666,13.0,11.0,7.0,0.6363636363636364,2.0,5.0,0.2857142857142857,90.0,12.857142857142858,49.0,7.0,21,1,16
0.0,1.3513709002481378,0.6919461036719016,68.46273022606934,12.0,0.6363636363636364,0.6363636363636364,2.0,2.0,2.0,1.0,2.0,0.0,1.0,34.0,17.0,18.0,9.0,22,1,16
0.0,2.1299572334950896,1.4877144132316251,79.1776412073233,12.0,0.6363636363636364,0.75,4.0,4.0,3.0,0.75,2.0,1.0,0.6666666666666666,92.0,30.666666666666668,74.0,24.666666666666668,23,1,16
0.0,1.0015970439929647,0.6726114982466463,50.57195649841403,12.0,0.9090909090909091,0.9090909090909091,3.0,3.0,3.0,1.0,2.0,1.0,0.6666666666666666,69.0,23.0,42.0,14.0,24,1,16
0.0,1.4557692174344055,1.8188286842372936,35.58125758287824,12.0,0.8181818181818182,0.8571428571428571,7.0,5.0,4.0,0.8,2.0,2.0,0.5,64.0,16.0,40.0,10.0,25,1,16
0.0,2.449860303120739,3.364120047860072,88.96375298816523,12.0,0.36363636363636365,0.4444444444444444,4.0,4.0,2.0,0.5,1.0,1.0,0.5,67.0,33.5,49.0,24.5,26,1,16
0.0,1.568956258461611,1.0594029637996951,99.85473072777586,12.0,0.2727272727272727,0.5,8.0,8.0,4.0,0.5,2.0,2.0,0.5,33.0,8.25,13.0,3.25,27,1,16
0.0,1.4701304862736668,0.816837642906694,60.429119834693566,12.0,0.5454545454545454,0.6,3.0,3.0,2.0,0.6666666666666666,1.0,1.0,0.5,10.0,5.0,4.0,2.0,28,1,16
0.0,2.204703358319058,3.9561555665200645,88.42743082178788,12.0,0.45454545454545453,0.5555555555555556,3.0,3.0,2.0,0.6666666666666666,1.0,1.0,0.5,16.0,8.0,7.0,3.5,29,1,16
0.0,1.1958424943827903,1.0624810433724563,85.43368152909552,12.0,0.6363636363636364,0.7,4.0,4.0,2.0,0.5,2.0,0.0,1.0,38.0,19.0,24.0,12.0,30,1,16
0.0,1.8626921757149764,2.8277774491459238,97.01984559602333,12.0,0.7272727272727273,0.6666666666666666,5.0,5.0,3.0,0.6,1.0,2.0,0.3333333333333333,53.0,17.666666666666668,31.0,10.333333333333334,31,1,16
0.0,1.4076455030257222,0.6841014190477213,31.012834374713186,12.0,0.8181818181818182,0.8888888888888888,3.0,3.0,1.0,0.3333333333333333,1.0,0.0,1.0,16.0,16.0,10.0,10.0,32,1,16
0.0,1.828202008545598,2.8912842953784956,71.0071235758851,12.0,0.6363636363636364,0.5714285714285714,8.0,7.0,5.0,0.7142857142857143,1.0,4.0,0.2,70.0,14.0,45.0,9.0,33,1,16
1.0,1.722178158847831,0.33761540310633253,92.44562372384567,12.0,0.45454545454545453,0.3333333333333333,10.0,9.0,3.0,0.3333333333333333,1.0,2.0,0.3333333333333333,21.0,7.0,9.0,3.0,34,1,16
0.0,1.335545362661212,2.1492420398199608,53.40464476885922,12.0,0.6363636363636364,0.7,6.0,4.0,2.0,0.5,2.0,0.0,1.0,21.0,10.5,12.0,6.0,35,1,16
0.0,1.2267817859123962,1.2195554600810858,63.470075757340396,12.0,0.5454545454545454,0.42857142857142855,6.0,6.0,4.0,0.6666666666666666,3.0,1.0,0.75,36.0,9.0,20.0,5.0,36,1,16
0.0,1.3361501950322912,2.4435115099518994,71.28669764829127,12.0,0.8181818181818182,0.7777777777777778,3.0,3.0,1.0,0.3333333333333333,1.0,0.0,1.0,22.0,22.0,13.0,13.0,37,1,16
0.0,2.4262351377739733,2.2657342030163976,80.48212910983095,12.0,0.7272727272727273,0.7142857142857143,6.0,5.0,2.0,0.4,0.0,2.0,0.0,45.0,22.5,27.0,13.5,38,1,16
0.0,2.2834895844977097,1.147583071285227,100.03205198508,12.0,0.45454545454545453,0.5555555555555556,7.0,7.0,5.0,0.7142857142857143,3.0,2.0,0.6,62.0,12.4,34.0,6.8,39,1,16
0.0,1.7983327159992364,1.1261592837775076,109.34228686445562,12.0,0.5454545454545454,0.5454545454545454,4.0,4.0,2.0,0.5,1.0,1.0,0.5,42.0,21.0,32.0,16.0,40,1,16
0.0,2.289836250302107,3.6997751805321406,114.10850860488641,12.0,0.36363636363636365,0.36363636363636365,1.0,1.0,1.0,1.0,0.0,1.0,0.0,23.0,23.0,14.0,14.0,41,1,16
0.0,1.6400381788322054,2.334342250258449,71.22358766033967,12.0,0.5454545454545454,0.6,4.0,4.0,2.0,0.5,1.0,1.0,0.5,30.0,15.0,16.0,8.0,42,1,16
0.0,1.7642753620118463,1.3178654974941748,90.8329959831634,12.0,0.6363636363636364,0.625,6.0,6.0,3.0,0.5,0.0,3.0,0.0,61.0,20.333333333333332,36.0,12.0,43,1,16
0.0,1.4767032845388097,1.6389745540412908,88.62584913940056,12.0,0.7272727272727273,0.7,5.0,5.0,5.0,1.0,3.0,2.0,0.6,42.0,8.4,24.0,4.8,44,1,16
0.0,1.2454156458558205,1.17763322096072,70.24448105362742,12.0,0.6363636363636364,0.6666666666666666,5.0,5.0,4.0,0.8,3.0,1.0,0.75,50.0,12.5,29.0,7.25,45,1,16
1.0,1.3562347260433405,0.5193373328920535,85.14227990619973,12.0,0.36363636363636365,0.14285714285714285,9.0,8.0,6.0,0.75,4.0,2.0,0.6666666666666666,59.0,9.833333333333334,31.0,5.166666666666667,46,1,16
0.0,1.6565116955433703,2.331929865274022,78.73119234460167,12.0,0.6363636363636364,0.6666666666666666,5.0,5.0,5.0,1.0,2.0,3.0,0.4,34.0,6.8,15.0,3.0,47,1,16
0.0,1.5505940125844186,1.3933556205162714,94.30981451004395,12.0,0.7272727272727273,0.6666666666666666,6.0,6.0,3.0,0.5,1.0,2.0,0.3333333333333333,42.0,14.0,20.0,6.666666666666667,48,1,16
0.0,2.3025892762435167,2.144474137406338,88.5019925338751,12.0,0.6363636363636364,0.625,9.0,6.0,3.0,0.5,2.0,1.0,0.6666666666666666,28.0,9.333333333333334,13.0,4.333333333333333,49,1,16
0.0,1.681430904249373,2.2057767678116,80.89617844365723,12.0,0.6363636363636364,0.7142857142857143,7.0,6.0,2.0,0.3333333333333333,0.0,2.0,0.0,61.0,30.5,43.0,21.5,50,1,16
0.0,1.5877578789444358,1.6201327114947166,77.50906336753273,12.0,0.7272727272727273,0.6666666666666666,5.0,5.0,4.0,0.8,3.0,1.0,0.75,61.0,15.25,35.0,8.75,51,1,16
0.0,1.1372671810177026,0.9651069373499453,84.83765859907544,12.0,0.8181818181818182,0.7142857142857143,5.0,4.0,3.0,0.75,3.0,0.0,1.0,32.0,10.666666666666666,14.0,4.666666666666667,52,1,16
0.0,1.9067839911860647,1.4540058218748975,65.35070480375795,12.0,0.45454545454545453,0.5714285714285714,10.0,10.0,5.0,0.5,3.0,2.0,0.6,94.0,18.8,66.0,13.2,53,1,16
0.0,1.9684440830010987,1.968361279479209,120.96309320112547,12.0,0.36363636363636365,0.375,5.0,5.0,3.0,0.6,2.0,1.0,0.6666666666666666,18.0,6.0,10.0,3.3333333333333335,54,1,16
0.0,2.376758741864111,4.045625457229063,139.30343818210716,12.0,0.2727272727272727,0.2,4.0,4.0,2.0,0.5,1.0,1.0,0.5,33.0,16.5,15.0,7.5,55,1,16
0.0,1.9940300718185182,2.4778248461213725,80.18300955650064,12.0,0.36363636363636365,0.42857142857142855,6.0,5.0,3.0,0.6,2.0,1.0,0.6666666666666666,22.0,7.333333333333333,13.0,4.333333333333333,56,1,16
0.0,2.1171979215518926,2.3939060031196324,78.15195322369966,12.0,0.36363636363636365,0.3333333333333333,4.0,4.0,3.0,0.75,1.0,2.0,0.3333333333333333,20.0,6.666666666666667,5.0,1.6666666666666667,57,1,16
0.0,2.514727657868109,2.6370258840937333,108.4920299170969,12.0,0.45454545454545453,0.625,5.0,5.0,3.0,0.6,1.0,2.0,0.3333333333333333,97.0,32.333333333333336,79.0,26.333333333333332,58,1,16
0.0,2.099450438972607,1.7380047408794408,86.5806818423224,12.0,0.2727272727272727,0.16666666666666666,13.0,10.0,4.0,0.4,0.0,4.0,0.0,55.0,13.75,26.0,6.5,59,1,16
0.0,2.2350823863244518,3.2459617847799955,77.7323180057866,12.0,0.6363636363636364,0.5555555555555556,3.0,3.0,3.0,1.0,2.0,1.0,0.6666666666666666,83.0,27.666666666666668,56.0,18.666666666666668,60,1,16
0.0,1.7506679308335562,3.336862144667257,89.65025832656534,12.0,0.36363636363636365,0.14285714285714285,8.0,8.0,6.0,0.75,3.0,3.0,0.5,60.0,10.0,27.0,4.5,61,1,16
0.0,2.79247526072942,1.904140306705624,78.6328993027062,12.0,0.2727272727272727,0.3333333333333333,5.0,5.0,5.0,1.0,3.0,2.0,0.6,91.0,18.2,58.0,11.6,62,1,16
0.0,2.1818515040996482,1.8344060010545082,83.14155064741686,12.0,0.5454545454545454,0.5,3.0,3.0,3.0,1.0,1.0,2.0,0.3333333333333333,81.0,27.0,56.0,18.666666666666668,63,1,16
0.0,1.4205004432812844,1.4885627685503748,89.35778538743982,12.0,0.5454545454545454,0.6666666666666666,4.0,4.0,3.0,0.75,1.0,2.0,0.3333333333333333,40.0,13.333333333333334,27.0,9.0,64,1,16
0.0,0.7435486420260398,1.0070123266669824,57.35005577011501,12.0,0.7272727272727273,0.7142857142857143,9.0,7.0,3.0,0.42857142857142855,2.0,1.0,0.6666666666666666,45.0,15.0,19.0,6.333333333333333,65,1,16
0.0,2.0610639105708923,1.8631113136720732,98.33848744343616,12.0,0.2727272727272727,0.25,9.0,9.0,4.0,0.4444444444444444,2.0,2.0,0.5,72.0,18.0,53.0,13.25,66,1,16
0.0,1.3407062072731337,1.704421521994261,88.3057660992706,12.0,0.6363636363636364,0.5714285714285714,6.0,6.0,4.0,0.6666666666666666,1.0,3.0,0.25,46.0,11.5,31.0,7.75,67,1,16
0.0,2.6580498434676834,3.7065236000552684,70.35595727395763,12.0,0.5454545454545454,0.5,8.0,7.0,4.0,0.5714285714285714,2.0,2.0,0.5,56.0,14.0,29.0,7.25,68,1,16
0.0,1.8303253543907578,0.8489120879652383,81.47082262735908,12.0,0.45454545454545453,0.2857142857142857,8.0,7.0,6.0,0.8571428571428571,2.0,4.0,0.3333333333333333,96.0,16.0,67.0,11.166666666666666,69,1,16
0.0,1.693694110343136,1.3428902274646815,65.74511727515771,12.0,0.5454545454545454,0.7142857142857143,7.0,7.0,4.0,0.5714285714285714,1.0,3.0,0.25,84.0,21.0,56.0,14.0,70,1,16
0.0,1.3882000656463778,2.799829117246978,59.46419138886449,12.0,0.6363636363636364,0.5714285714285714,6.0,5.0,3.0,0.6,2.0,1.0,0.6666666666666666,84.0,28.0,66.0,22.0,71,1,16
0.0,1.1964878627268054,0.6809845929149962,57.942023049732974,12.0,0.8181818181818182,0.875,4.0,3.0,2.0,0.6666666666666666,1.0,1.0,0.5,59.0,29.5,41.0,20.5,72,1,16
0.0,1.7240523492144926,2.5971206803742617,93.166005839012,12.0,0.36363636363636365,0.25,7.0,6.0,4.0,0.6666666666666666,1.0,3.0,0.25,116.0,29.0,91.0,22.75,73,1,16
0.0,1.6856301922876367,2.752787362446455,108.9771592953164,12.0,0.5454545454545454,0.2857142857142857,8.0,8.0,4.0,0.5,2.0,2.0,0.5,81.0,20.25,54.0,13.5,74,1,16
0.0,2.1632978555569498,3.382338608925608,74.87787594069509,12.0,0.6363636363636364,0.8,9.0,8.0,4.0,0.5,2.0,2.0,0.5,60.0,15.0,35.0,8.75,75,1,16
0.0,1.9136577598358555,2.4387255567864483,67.81135045320481,12.0,0.45454545454545453,0.4444444444444444,2.0,2.0,1.0,0.5,1.0,0.0,1.0,1.0,1.0,1.0,1.0,76,1,16
0.0,1.2960966968674057,2.1858871344292967,56.55156117602763,12.0,0.7272727272727273,0.7,2.0,2.0,1.0,0.5,1.0,0.0,1.0,19.0,19.0,10.0,10.0,77,1,16
0.0,1.9887803578174492,1.7231784102607,117.88043442358523,12.0,0.36363636363636365,0.36363636363636365,3.0,1.0,0.0,0.0,0.0,0.0,0.0,0.0,nan,0.0,nan,78,1,16
0.0,1.74571111034729,1.7717220367529973,84.74126209124228,12.0,0.45454545454545453,0.3333333333333333,10.0,9.0,6.0,0.6666666666666666,2.0,4.0,0.3333333333333333,75.0,12.5,38.0,6.333333333333333,79,1,16
0.0,2.5308391947628275,2.2661939525798114,103.4556985264834,12.0,0.8181818181818182,0.7777777777777778,5.0,5.0,4.0,0.8,1.0,3.0,0.25,79.0,19.75,43.0,10.75,80,1,16
0.0,1.526551323304692,2.085911970113275,114.60017467993619,12.0,0.7272727272727273,0.5714285714285714,8.0,7.0,5.0,0.7142857142857143,2.0,3.0,0.4,47.0,9.4,30.0,6.0,81,1,16
0.0,1.6631703822120287,1.1773920232872768,59.60978314357731,12.0,0.7272727272727273,0.8,3.0,3.0,2.0,0.6666666666666666,2.0,0.0,1.0,49.0,24.5,33.0,16.5,82,1,16
0.0,1.9166075006941197,2.269689171715386,96.44479989003268,12.0,0.5454545454545454,0.5,9.0,9.0,3.0,0.3333333333333333,1.0,2.0,0.3333333333333333,23.0,7.666666666666667,9.0,3.0,83,1,16
0.0,2.8035138689377748,4.447557114848942,67.57056069392023,12.0,0.6363636363636364,0.6666666666666666,8.0,6.0,5.0,0.8333333333333334,2.0,3.0,0.4,139.0,27.8,97.0,19.4,84,1,16
0.0,1.7798741212086844,1.219023952746554,139.92346945526123,12.0,0.36363636363636365,0.3,7.0,6.0,2.0,0.3333333333333333,2.0,0.0,1.0,32.0,16.0,16.0,8.0,85,1,16
0.0,1.9514632999418742,2.390527348862468,96.94199516227212,12.0,0.7272727272727273,0.75,5.0,5.0,3.0,0.6,1.0,2.0,0.3333333333333333,63.0,21.0,41.0,13.666666666666666,86,1,16
0.0,1.420463346751651,1.678815194451182,55.81005518310348,12.0,1.0,1.0,11.0,10.0,7.0,0.7,2.0,5.0,0.2857142857142857,64.0,9.142857142857142,31.0,4.428571428571429,87,1,16
0.0,1.5209052142306132,2.1476603620921897,72.65808202153787,12.0,0.45454545454545453,0.4,3.0,3.0,0.0,0.0,0.0,0.0,0.0,0.0,nan,0.0,nan,88,1,16
0.0,1.5350326319219145,1.8843805358099044,66.67749896119413,12.0,0.5454545454545454,0.7142857142857143,7.0,7.0,4.0,0.5714285714285714,2.0,2.0,0.5,82.0,20.5,53.0,13.25,89,1,16
0.0,1.793514402978698,2.3558876753759246,110.45446833174593,12.0,0.45454545454545453,0.375,7.0,6.0,3.0,0.5,1.0,2.0,0.3333333333333333,16.0,5.333333333333333,8.0,2.6666666666666665,90,1,16
0.0,2.242078542831349,2.157285765525831,93.40364356707776,12.0,0.5454545454545454,0.4444444444444444,8.0,7.0,6.0,0.8571428571428571,3.0,3.0,0.5,87.0,14.5,54.0,9.0,91,1,16
0.0,1.5332985329665187,2.008197458539493,52.66142269058049,12.0,0.9090909090909091,1.0,8.0,8.0,8.0,1.0,2.0,6.0,0.25,89.0,11.125,47.0,5.875,92,1,16
0.0,1.8074218159715056,0.551816185656603,71.0040795330209,12.0,0.5454545454545454,0.5714285714285714,4.0,4.0,1.0,0.25,1.0,0.0,1.0,39.0,39.0,30.0,30.0,93,1,16
0.0,2.5458559738419915,1.9364612436957505,101.5671243466104,12.0,0.36363636363636365,0.25,6.0,6.0,4.0,0.6666666666666666,1.0,3.0,0.25,89.0,22.25,58.0,14.5,94,1,16
0.0,1.9491749606991347,2.395251454052787,77.9603411046832,12.0,0.36363636363636365,0.3333333333333333,5.0,5.0,4.0,0.8,2.0,2.0,0.5,29.0,7.25,19.0,4.75,95,1,16
0.0,1.5575714440104513,1.5160150521080378,80.51730584984952,12.0,0.36363636363636365,0.5714285714285714,10.0,9.0,7.0,0.7777777777777778,2.0,5.0,0.2857142857142857,90.0,12.857142857142858,48.0,6.857142857142857,96,1,16
0.0,1.453771551578981,0.9551855337547,76.0251954084042,12.0,0.36363636363636365,0.375,7.0,7.0,4.0,0.5714285714285714,1.0,3.0,0.25,31.0,7.75,16.0,4.0,97,1,16
0.0,1.5719045409620536,1.9012645327781785,74.35866025960524,12.0,0.36363636363636365,0.16666666666666666,11.0,10.0,5.0,0.5,1.0,4.0,0.2,54.0,10.8,20.0,4.0,98,1,16
0.0,1.7747207802726055,2.0947267338110174,91.2620421335711,12.0,0.45454545454545453,0.4444444444444444,7.0,7.0,3.0,0.42857142857142855,2.0,1.0,0.6666666666666666,39.0,13.0,27.0,9.0,99,1,16
0.0,2.0150750494613168,2.0535108323194513,68.06357357201536,12.0,0.45454545454545453,0.4444444444444444,3.0,3.0,3.0,1.0,2.0,1.0,0.6666666666666666,19.0,6.333333333333333,12.0,4.0,100,1,16
0.0,0.7527526995969792,0.9035440753986784,29.293613978251525,12.0,1.0,1.0,1.0,1.0,1.0,1.0,1.0,0.0,1.0,20.0,20.0,11.0,11.0,101,1,16
0.0,1.5219325799047403,2.566808560995422,82.98171302760221,12.0,0.5454545454545454,0.5,2.0,2.0,1.0,0.5,1.0,0.0,1.0,37.0,37.0,28.0,28.0,102,1,16
0.0,2.3996187141065675,2.6490317044137277,59.89197831275701,12.0,0.5454545454545454,0.625,8.0,8.0,5.0,0.625,3.0,2.0,0.6,91.0,18.2,63.0,12.6,103,1,16
0.0,2.2158489198470614,3.2815092264315737,118.47209653089523,12.0,0.36363636363636365,0.3,2.0,2.0,1.0,0.5,1.0,0.0,1.0,22.0,22.0,13.0,13.0,104,1,16
0.0,1.820413714181129,3.811075234924875,76.98054075455684,12.0,0.6363636363636364,0.625,5.0,5.0,3.0,0.6,1.0,2.0,0.3333333333333333,44.0,14.666666666666666,25.0,8.333333333333334,105,1,16
0.0,1.8784056294516154,0.9284594491938845,77.85754715372619,12.0,0.8181818181818182,0.8,5.0,5.0,3.0,0.6,2.0,1.0,0.6666666666666666,41.0,13.666666666666666,23.0,7.666666666666667,106,1,16
0.0,1.6214409650982482,1.9826124870885173,62.97200130874689,12.0,0.5454545454545454,0.5,7.0,6.0,4.0,0.6666666666666666,2.0,2.0,0.5,72.0,18.0,46.0,11.5,107,1,16
0.0,2.456058219122553,3.213977520268424,115.03251264861254,12.0,0.2727272727272727,0.2727272727272727,6.0,5.0,3.0,0.6,2.0,1.0,0.6666666666666666,38.0,12.666666666666666,20.0,6.666666666666667,108,1,16
0.0,1.611921328415453,2.549921338648022,95.83816604093234,12.0,0.6363636363636364,0.75,7.0,7.0,4.0,0.5714285714285714,2.0,2.0,0.5,50.0,12.5,26.0,6.5,109,1,16
0.0,1.6594283841635473,0.9021651592253842,70.62842309973185,12.0,0.7272727272727273,0.7,5.0,4.0,3.0,0.75,2.0,1.0,0.6666666666666666,86.0,28.666666666666668,68.0,22.666666666666668,110,1,16
0.0,2.331782993626714,1.1551179559563987,63.901457247574434,12.0,0.5454545454545454,0.6,2.0,2.0,1.0,0.5,1.0,0.0,1.0,20.0,20.0,11.0,11.0,111,1,16
0.0,1.7582282233977524,0.8517630917028972,104.6486279481178,12.0,0.36363636363636365,0.5,3.0,2.0,1.0,0.5,1.0,0.0,1.0,10.0,10.0,6.0,6.0,112,1,16
0.0,1.3112847708147268,1.4469845092449958,85.38571111327988,12.0,0.5454545454545454,0.5,7.0,7.0,4.0,0.5714285714285714,2.0,2.0,0.5,70.0,17.5,43.0,10.75,113,1,16
0.0,1.842115249167079,3.8720506589816144,88.14717497449094,12.0,0.6363636363636364,0.5,8.0,8.0,4.0,0.5,0.0,4.0,0.0,48.0,12.0,16.0,4.0,114,1,16
0.0,1.9650430496281683,1.4382512841677277,86.53168166521536,12.0,0.5454545454545454,0.6666666666666666,7.0,5.0,4.0,0.8,2.0,2.0,0.5,72.0,18.0,45.0,11.25,115,1,16
1.0,1.0575246622641374,0.6382031025249734,92.61482849178607,12.0,0.6363636363636364,0.8,6.0,6.0,6.0,1.0,4.0,2.0,0.6666666666666666,81.0,13.5,46.0,7.666666666666667,116,1,16
0.0,1.4198118915974025,2.385681560875447,58.78918011604873,12.0,0.5454545454545454,0.625,5.0,5.0,4.0,0.8,3.0,1.0,0.75,56.0,14.0,40.0,10.0,117,1,16
0.0,1.705195842703267,1.6138517523273896,77.70295322508744,12.0,0.6363636363636364,0.7142857142857143,4.0,4.0,2.0,0.5,1.0,1.0,0.5,31.0,15.5,22.0,11.0,118,1,16
0.0,1.062448846180039,1.1567379549449217,63.39118505417037,12.0,0.7272727272727273,0.7777777777777778,4.0,4.0,4.0,1.0,3.0,1.0,0.75,50.0,12.5,25.0,6.25,119,1,16
0.0,1.0312824357119343,0.762499834387951,124.29069944271538,12.0,0.6363636363636364,0.5714285714285714,9.0,9.0,6.0,0.6666666666666666,3.0,3.0,0.5,60.0,10.0,29.0,4.833333333333333,120,1,16
0.0,1.5892303874256166,1.47101892682309,71.20110490889508,12.0,0.6363636363636364,0.5714285714285714,8.0,8.0,6.0,0.75,2.0,4.0,0.3333333333333333,63.0,10.5,35.0,5.833333333333333,121,1,16
0.0,2.7460321238221845,1.6551591888239314,50.18925432082614,12.0,0.45454545454545453,0.5,7.0,7.0,6.0,0.8571428571428571,1.0,5.0,0.16666666666666666,76.0,12.666666666666666,42.0,7.0,122,1,16
0.0,1.7030737841324268,2.0175271513842854,83.74263214796349,12.0,0.6363636363636364,0.8,8.0,8.0,5.0,0.625,1.0,4.0,0.2,53.0,10.6,31.0,6.2,123,1,16
0.0,1.8128935063116993,2.8110355674421017,64.86628436117611,12.0,0.18181818181818182,0.2857142857142857,10.0,9.0,5.0,0.5555555555555556,3.0,2.0,0.6,56.0,11.2,29.0,5.8,124,1,16
0.0,1.2912969879594942,0.5849361689820447,48.42046985114663,12.0,0.7272727272727273,0.625,11.0,11.0,5.0,0.45454545454545453,1.0,4.0,0.2,67.0,13.4,43.0,8.6,125,1,16
0.0,1.3665716944003539,1.3337072178002598,93.4721399223645,12.0,0.45454545454545453,0.5,7.0,6.0,3.0,0.5,1.0,2.0,0.3333333333333333,33.0,11.0,14.0,4.666666666666667,126,1,16
0.0,2.1830135187507254,1.3588123185863115,83.69287004551698,12.0,0.5454545454545454,0.5,5.0,4.0,3.0,0.75,2.0,1.0,0.6666666666666666,51.0,17.0,31.0,10.333333333333334,127,1,16
0.0,2.017938955512636,2.9783282926610037,78.07317918189936,12.0,0.5454545454545454,0.8,7.0,7.0,4.0,0.5714285714285714,1.0,3.0,0.25,75.0,18.75,48.0,12.0,128,1,16
0.0,2.3274141417345784,2.9286222038012633,68.6722378526464,12.0,0.2727272727272727,0.3,5.0,4.0,2.0,0.5,1.0,1.0,0.5,35.0,17.5,27.0,13.5,129,1,16
0.0,1.5842905138152408,0.9934352856502449,91.0726521096417,12.0,0.6363636363636364,0.5714285714285714,10.0,9.0,5.0,0.5555555555555556,4.0,1.0,0.8,66.0,13.2,45.0,9.0,130,1,16
0.0,1.6510110144038574,3.4167543944638794,116.2535786151433,12.0,0.2727272727272727,0.42857142857142855,6.0,6.0,3.0,0.5,3.0,0.0,1.0,12.0,4.0,9.0,3.0,131,1,16
0.0,1.24154701597429,2.6711985624749484,86.3385098916664,12.0,0.6363636363636364,0.6,7.0,6.0,4.0,0.6666666666666666,2.0,2.0,0.5,53.0,13.25,27.0,6.75,132,1,16
0.0,1.5461703684039005,0.7734193294096228,85.88714570162263,12.0,0.5454545454545454,0.4444444444444444,4.0,4.0,2.0,0.5,2.0,0.0,1.0,42.0,21.0,24.0,12.0,133,1,16
0.0,2.4820532779611866,3.176454815116574,96.68899108090153,12.0,0.2727272727272727,0.2222222222222222,4.0,4.0,3.0,0.75,0.0,3.0,0.0,47.0,15.666666666666666,24.0,8.0,134,1,16
0.0,1.9165745846486424,1.6046666798510703,60.19406638049984,12.0,0.8181818181818182,0.8571428571428571,6.0,6.0,6.0,1.0,2.0,4.0,0.3333333333333333,51.0,8.5,22.0,3.6666666666666665,135,1,16
0.0,1.8330803023827338,2.069144659796762,75.71205757307293,12.0,0.7272727272727273,0.7142857142857143,6.0,5.0,3.0,0.6,2.0,1.0,0.6666666666666666,70.0,23.333333333333332,45.0,15.0,136,1,16
1.0,0.49742301967115604,0.5297999590068085,445.88835137754404,180.0,0.651685393258427,0.7959183673469388,12.0,12.0,4.0,0.3333333333333333,2.0,2.0,0.5,53.0,13.25,27.0,6.75,17,2,1
1.0,0.5432808400406617,0.45134767621521754,476.6040015533801,180.0,0.6179775280898876,0.63,6.0,6.0,4.0,0.6666666666666666,2.0,2.0,0.5,71.0,17.75,41.0,10.25,18,2,1
1.0,0.5357826035315364,0.49403447152975355,516.3092146217082,180.0,0.6460674157303371,0.6363636363636364,4.0,4.0,2.0,0.5,1.0,1.0,0.5,21.0,10.5,10.0,5.0,19,2,1
1.0,0.5291933029251887,0.4261379726221818,545.3718399244144,180.0,0.6348314606741573,0.6136363636363636,4.0,4.0,2.0,0.5,1.0,1.0,0.5,29.0,14.5,13.0,6.5,20,2,1
1.0,0.4556814133389319,0.46867827215546104,564.3307793123253,180.0,0.6573033707865169,0.6842105263157895,13.0,11.0,3.0,0.2727272727272727,1.0,2.0,0.3333333333333333,27.0,9.0,10.0,3.3333333333333335,21,2,1
1.0,0.5300474989325505,0.46551376454589705,549.7225087049885,180.0,0.6067415730337079,0.6036585365853658,2.0,2.0,1.0,0.5,1.0,0.0,1.0,9.0,9.0,5.0,5.0,22,2,1
0.0,0.5091168395176682,0.5595993387438782,492.1873522543848,180.0,0.6179775280898876,0.646551724137931,4.0,4.0,2.0,0.5,1.0,1.0,0.5,38.0,19.0,22.0,11.0,23,2,1
1.0,0.3050024847107092,0.21891689276494267,468.79770222874635,180.0,0.6910112359550562,0.6890243902439024,3.0,3.0,0.0,0.0,0.0,0.0,0.0,0.0,nan,0.0,nan,24,2,1
0.0,0.599700274647741,1.0701037746419837,469.4424619820795,180.0,0.6348314606741573,0.6403508771929824,7.0,5.0,4.0,0.8,4.0,0.0,1.0,75.0,18.75,48.0,12.0,25,2,1
1.0,0.5460292860029841,0.3961010884370788,524.4474073520228,180.0,0.6573033707865169,0.6287878787878788,4.0,4.0,3.0,0.75,2.0,1.0,0.6666666666666666,61.0,20.333333333333332,37.0,12.333333333333334,26,2,1
0.0,0.46333757684102284,0.5522370866718354,596.750897264975,180.0,0.5955056179775281,0.6075949367088608,8.0,8.0,5.0,0.625,0.0,5.0,0.0,111.0,22.2,73.0,14.6,27,2,1
1.0,0.43838087059123104,0.3901039195817785,495.6720833763111,180.0,0.651685393258427,0.6486486486486487,3.0,3.0,1.0,0.3333333333333333,0.0,1.0,0.0,7.0,7.0,1.0,1.0,28,2,1
0.0,0.5985056344705952,0.9687808272463478,501.0270690632222,180.0,0.6123595505617978,0.6136363636363636,3.0,3.0,1.0,0.3333333333333333,0.0,1.0,0.0,15.0,15.0,7.0,7.0,29,2,1
0.0,0.45569427920025685,0.5802594526570469,519.3695087409532,180.0,0.651685393258427,0.6621621621621622,4.0,4.0,3.0,0.75,2.0,1.0,0.6666666666666666,72.0,24.0,48.0,16.0,30,2,1
0.0,0.5191601368243964,0.6106988058790852,468.66522466057955,180.0,0.6292134831460674,0.6230769230769231,5.0,5.0,2.0,0.4,1.0,1.0,0.5,29.0,14.5,20.0,10.0,31,2,1
1.0,0.5041491217441019,0.46177689376747094,573.5570142338499,180.0,0.6348314606741573,0.6515151515151515,3.0,3.0,3.0,1.0,2.0,1.0,0.6666666666666666,48.0,16.0,27.0,9.0,32,2,1
0.0,0.6521532484239665,0.7931705591556653,469.9991479777345,180.0,0.6292134831460674,0.6470588235294118,8.0,7.0,5.0,0.7142857142857143,2.0,3.0,0.4,78.0,15.6,39.0,7.8,33,2,1
1.0,0.5378344362153934,0.5715410383369288,528.2289237306019,180.0,0.6179775280898876,0.5862068965517241,10.0,9.0,6.0,0.6666666666666666,3.0,3.0,0.5,54.0,9.0,33.0,5.5,34,2,1
1.0,0.3803570145323857,0.36837723034991454,505.0748220283351,180.0,0.6573033707865169,0.66,6.0,4.0,1.0,0.25,0.0,1.0,0.0,4.0,4.0,1.0,1.0,35,2,1
0.0,0.4369135811535047,0.5564219323602559,541.902456564747,180.0,0.651685393258427,0.6274509803921569,6.0,6.0,2.0,0.3333333333333333,1.0,1.0,0.5,48.0,24.0,30.0,15.0,36,2,1
1.0,0.3779428957773399,0.3382478961589803,516.5508628809182,180.0,0.6685393258426966,0.6865671641791045,3.0,3.0,2.0,0.6666666666666666,1.0,1.0,0.5,62.0,31.0,44.0,22.0,37,2,1
0.0,0.7882236033171741,0.7007722730200884,417.42227582373675,180.0,0.651685393258427,0.66,6.0,5.0,2.0,0.4,1.0,1.0,0.5,47.0,23.5,29.0,14.5,38,2,1
1.0,0.6247958950093888,0.47886613521649274,528.2920151288215,180.0,0.6292134831460674,0.6363636363636364,7.0,7.0,5.0,0.7142857142857143,1.0,4.0,0.2,70.0,14.0,34.0,6.8,39,2,1
1.0,0.4307634792540065,0.3390748483588824,594.038064004708,180.0,0.6460674157303371,0.6341463414634146,4.0,4.0,3.0,0.75,2.0,1.0,0.6666666666666666,25.0,8.333333333333334,16.0,5.333333333333333,40,2,1
0.0,0.5329640499809097,0.6989806872334007,605.33054132369,180.0,0.6235955056179775,0.6280487804878049,1.0,1.0,1.0,1.0,0.0,1.0,0.0,23.0,23.0,14.0,14.0,41,2,1
0.0,0.4989799085825104,0.518142957513028,544.8793556388449,180.0,0.6404494382022472,0.6554054054054054,4.0,4.0,1.0,0.25,1.0,0.0,1.0,25.0,25.0,16.0,16.0,42,2,1
1.0,0.5994126151706065,0.5185367789247705,541.7750137861984,180.0,0.6235955056179775,0.6203703703703703,6.0,6.0,3.0,0.5,2.0,1.0,0.6666666666666666,29.0,9.666666666666666,12.0,4.0,43,2,1
1.0,0.41821580657116236,0.2471240404146731,525.423335433858,180.0,0.6179775280898876,0.6301369863013698,5.0,5.0,3.0,0.6,2.0,1.0,0.6666666666666666,40.0,13.333333333333334,17.0,5.666666666666667,44,2,1
1.0,0.529122075504441,0.245332115940441,589.9999342121229,180.0,0.6123595505617978,0.6515151515151515,5.0,5.0,2.0,0.4,0.0,2.0,0.0,21.0,10.5,9.0,4.5,45,2,1
1.0,0.44875643288202854,0.35407824609168875,484.76726094420843,180.0,0.6067415730337079,0.63,9.0,8.0,5.0,0.625,0.0,5.0,0.0,96.0,19.2,61.0,12.2,46,2,1
0.0,0.49310117486791605,0.5984766622538467,528.3249931666624,180.0,0.6123595505617978,0.5970149253731343,5.0,5.0,2.0,0.4,1.0,1.0,0.5,55.0,27.5,39.0,19.5,47,2,1
1.0,0.38900564044673885,0.24785086549514096,552.3355596957922,180.0,0.6404494382022472,0.648,6.0,6.0,4.0,0.6666666666666666,1.0,3.0,0.25,49.0,12.25,30.0,7.5,48,2,1
0.0,0.6810879558528821,0.5828321432802124,480.3637824385294,180.0,0.6685393258426966,0.6583333333333333,9.0,6.0,5.0,0.8333333333333334,3.0,2.0,0.6,64.0,12.8,31.0,6.2,49,2,1
0.0,0.4947893339946044,0.543044847948557,489.22164375630996,180.0,0.6348314606741573,0.6464646464646465,7.0,6.0,2.0,0.3333333333333333,0.0,2.0,0.0,36.0,18.0,26.0,13.0,50,2,1
1.0,0.7291450722385444,0.5218624238638876,423.1729454530915,180.0,0.6292134831460674,0.6439393939393939,5.0,5.0,4.0,0.8,2.0,2.0,0.5,79.0,19.75,44.0,11.0,51,2,1
0.0,0.4781219363088602,0.5450483205914134,482.1334662853619,180.0,0.6460674157303371,0.6697247706422018,5.0,4.0,2.0,0.5,1.0,1.0,0.5,48.0,24.0,30.0,15.0,52,2,1
0.0,0.5528114154138176,0.5677834011415036,536.1507425494024,180.0,0.6348314606741573,0.64,10.0,10.0,4.0,0.4,2.0,2.0,0.5,53.0,13.25,25.0,6.25,53,2,1
1.0,0.4086019445674907,0.35921847189894995,537.5085334202093,180.0,0.6685393258426966,0.703125,5.0,5.0,3.0,0.6,0.0,3.0,0.0,38.0,12.666666666666666,17.0,5.666666666666667,54,2,1
1.0,0.3995714389648072,0.46365052805505513,517.5998580413684,180.0,0.6460674157303371,0.6482758620689655,4.0,4.0,1.0,0.25,1.0,0.0,1.0,22.0,22.0,14.0,14.0,55,2,1
1.0,0.4428094313734231,0.48295003268283837,537.3266521868236,180.0,0.6348314606741573,0.624,6.0,5.0,3.0,0.6,1.0,2.0,0.3333333333333333,79.0,26.333333333333332,56.0,18.666666666666668,56,2,1
0.0,0.4881773080150339,0.5447722844256766,520.6704630588528,180.0,0.6685393258426966,0.6742424242424242,4.0,4.0,3.0,0.75,1.0,2.0,0.3333333333333333,63.0,21.0,41.0,13.666666666666666,57,2,1
1.0,0.5571190542890853,0.41209455852713994,478.70697892019473,180.0,0.6404494382022472,0.6637931034482759,5.0,5.0,3.0,0.6,2.0,1.0,0.6666666666666666,65.0,21.666666666666668,38.0,12.666666666666666,58,2,1
0.0,0.5419541718227863,0.6774162613876973,506.4868676201864,180.0,0.6292134831460674,0.6216216216216216,13.0,10.0,7.0,0.7,3.0,4.0,0.42857142857142855,91.0,13.0,47.0,6.714285714285714,59,2,1
0.0,0.4914472099622037,0.6643899776885882,521.5855493330728,180.0,0.5955056179775281,0.5833333333333334,3.0,3.0,2.0,0.6666666666666666,1.0,1.0,0.5,48.0,24.0,34.0,17.0,60,2,1
0.0,0.45897789034732994,0.5877785594141766,537.8363510013705,180.0,0.6235955056179775,0.6226415094339622,8.0,8.0,3.0,0.375,1.0,2.0,0.3333333333333333,53.0,17.666666666666668,26.0,8.666666666666666,61,2,1
0.0,0.6613300640510487,0.5892485624130667,461.6104227508664,180.0,0.651685393258427,0.6742424242424242,5.0,5.0,3.0,0.6,2.0,1.0,0.6666666666666666,44.0,14.666666666666666,23.0,7.666666666666667,62,2,1
0.0,0.45914497067489163,0.514138954323015,508.6391484974624,180.0,0.6685393258426966,0.6854838709677419,3.0,3.0,2.0,0.6666666666666666,1.0,1.0,0.5,60.0,30.0,42.0,21.0,63,2,1
1.0,0.4965595198102584,0.3817218464984346,589.5007670493084,180.0,0.6235955056179775,0.6382978723404256,4.0,4.0,1.0,0.25,0.0,1.0,0.0,45.0,45.0,36.0,36.0,64,2,1
1.0,0.4020218487141933,0.2906876190128819,577.3311671315057,180.0,0.651685393258427,0.6486486486486487,9.0,7.0,3.0,0.42857142857142855,2.0,1.0,0.6666666666666666,55.0,18.333333333333332,29.0,9.666666666666666,65,2,1
1.0,0.37323923028585426,0.23011286259540487,464.45354979011466,180.0,0.6797752808988764,0.7130434782608696,9.0,9.0,4.0,0.4444444444444444,2.0,2.0,0.5,54.0,13.5,26.0,6.5,66,2,1
0.0,0.6029282974071836,0.806587944626422,530.1946719529051,180.0,0.5955056179775281,0.5918367346938775,6.0,6.0,4.0,0.6666666666666666,1.0,3.0,0.25,100.0,25.0,65.0,16.25,67,2,1
0.0,0.8874629158684575,1.0213367028500036,455.98857688031427,180.0,0.6460674157303371,0.6627906976744186,8.0,7.0,4.0,0.5714285714285714,3.0,1.0,0.75,91.0,22.75,55.0,13.75,68,2,1
0.0,0.459108256186318,0.5547629548630214,497.2778361664936,180.0,0.6404494382022472,0.6346153846153846,8.0,7.0,7.0,1.0,3.0,4.0,0.42857142857142855,115.0,16.428571428571427,77.0,11.0,69,2,1
0.0,0.554582071368343,0.6527330673400326,546.8137994579763,180.0,0.5955056179775281,0.6173913043478261,7.0,7.0,2.0,0.2857142857142857,1.0,1.0,0.5,37.0,18.5,21.0,10.5,70,2,1
1.0,0.3448462922106051,0.49060248647711885,532.2838443598934,180.0,0.651685393258427,0.6339285714285714,6.0,5.0,1.0,0.2,0.0,1.0,0.0,16.0,16.0,7.0,7.0,71,2,1
1.0,0.39920988663652457,0.5133524878543437,485.4212346843435,180.0,0.6573033707865169,0.6541353383458647,4.0,3.0,2.0,0.6666666666666666,1.0,1.0,0.5,40.0,20.0,23.0,11.5,72,2,1
1.0,0.522421330346501,0.408911680368819,480.6673759179966,180.0,0.6797752808988764,0.7073170731707317,7.0,6.0,4.0,0.6666666666666666,3.0,1.0,0.75,73.0,18.25,43.0,10.75,73,2,1
1.0,0.5401005910964624,0.22310141716660542,545.3676745074874,180.0,0.5955056179775281,0.6198347107438017,8.0,8.0,5.0,0.625,1.0,4.0,0.2,82.0,16.4,47.0,9.4,74,2,1
0.0,0.5807437642505838,0.8172511505543699,514.0751354922528,180.0,0.6292134831460674,0.6419753086419753,9.0,8.0,5.0,0.625,2.0,3.0,0.4,80.0,16.0,46.0,9.2,75,2,1
1.0,0.4920061569528157,0.354294995223231,520.2590682269197,180.0,0.6573033707865169,0.6541353383458647,2.0,2.0,2.0,1.0,2.0,0.0,1.0,49.0,24.5,31.0,15.5,76,2,1
1.0,0.37916621927585953,0.36571089256626377,500.7377738940457,180.0,0.651685393258427,0.6418918918918919,2.0,2.0,1.0,0.5,1.0,0.0,1.0,10.0,10.0,5.0,5.0,77,2,1
1.0,0.47360589790120633,0.395227605672706,481.68026175168234,180.0,0.6460674157303371,0.6524390243902439,3.0,1.0,1.0,1.0,1.0,0.0,1.0,18.0,18.0,11.0,11.0,78,2,1
1.0,0.4601757820053354,0.3042894289328128,520.1625532151999,180.0,0.6067415730337079,0.5952380952380952,10.0,9.0,1.0,0.1111111111111111,0.0,1.0,0.0,17.0,17.0,8.0,8.0,79,2,1
1.0,0.6007379444839801,0.4501046525485361,416.5426811705939,180.0,0.6629213483146067,0.6666666666666666,5.0,5.0,3.0,0.6,1.0,2.0,0.3333333333333333,46.0,15.333333333333334,19.0,6.333333333333333,80,2,1
1.0,0.39893203863042354,0.4753125069972329,523.4609437445237,180.0,0.5898876404494382,0.603448275862069,8.0,7.0,1.0,0.14285714285714285,0.0,1.0,0.0,4.0,4.0,1.0,1.0,81,2,1
1.0,0.37240481833401107,0.30180594674705724,435.9664417198334,180.0,0.6629213483146067,0.6756756756756757,3.0,3.0,1.0,0.3333333333333333,1.0,0.0,1.0,37.0,37.0,28.0,28.0,82,2,1
1.0,0.46751903786965715,0.2621286223679363,555.531211276951,180.0,0.6404494382022472,0.6386554621848739,9.0,9.0,5.0,0.5555555555555556,2.0,3.0,0.4,34.0,6.8,16.0,3.2,83,2,1
0.0,0.7225473821102412,0.9454496104974554,495.38354012021017,180.0,0.6797752808988764,0.696969696969697,8.0,6.0,5.0,0.8333333333333334,3.0,2.0,0.6,80.0,16.0,45.0,9.0,84,2,1
0.0,0.44337902672094354,0.6012576341604691,476.90627632360093,180.0,0.6853932584269663,0.6891891891891891,7.0,6.0,2.0,0.3333333333333333,0.0,2.0,0.0,9.0,4.5,2.0,1.0,85,2,1
0.0,0.5846966625214066,0.5788808404734181,557.9023104643841,180.0,0.5955056179775281,0.6120689655172413,5.0,5.0,3.0,0.6,3.0,0.0,1.0,82.0,27.333333333333332,55.0,18.333333333333332,86,2,1
0.0,0.6048090125728521,0.6762540630320822,480.8921721342671,180.0,0.601123595505618,0.6375,11.0,10.0,5.0,0.5,2.0,3.0,0.4,90.0,18.0,49.0,9.8,87,2,1
1.0,0.4693431782385213,0.4690792618685391,430.74840874227124,180.0,0.6460674157303371,0.6486486486486487,3.0,3.0,3.0,1.0,1.0,2.0,0.3333333333333333,42.0,14.0,23.0,7.666666666666667,88,2,1
1.0,0.4827657917523965,0.48066430139540617,476.4992953464522,180.0,0.6348314606741573,0.6470588235294118,7.0,7.0,2.0,0.2857142857142857,1.0,1.0,0.5,35.0,17.5,21.0,10.5,89,2,1
0.0,0.6562849000319475,1.3236636162049729,474.70748740973823,180.0,0.651685393258427,0.6666666666666666,7.0,6.0,4.0,0.6666666666666666,0.0,4.0,0.0,85.0,21.25,60.0,15.0,90,2,1
0.0,0.5836969579949157,0.5351203448046092,439.5335766819547,180.0,0.6685393258426966,0.6643356643356644,8.0,7.0,4.0,0.5714285714285714,2.0,2.0,0.5,47.0,11.75,27.0,6.75,91,2,1
1.0,0.671121971107368,0.32994528105828436,500.54601531492284,180.0,0.6292134831460674,0.6198347107438017,8.0,8.0,7.0,0.875,2.0,5.0,0.2857142857142857,60.0,8.571428571428571,24.0,3.4285714285714284,92,2,1
0.0,0.5342674323718039,0.5033039514683093,512.2735940011675,180.0,0.6741573033707865,0.72,4.0,4.0,3.0,0.75,2.0,1.0,0.6666666666666666,68.0,22.666666666666668,41.0,13.666666666666666,93,2,1
0.0,0.49334305271709317,0.4522043161052233,525.5109668693246,180.0,0.6460674157303371,0.6637931034482759,6.0,6.0,2.0,0.3333333333333333,2.0,0.0,1.0,21.0,10.5,14.0,7.0,94,2,1
1.0,0.521681822138185,0.4238922706209485,558.4931817733528,180.0,0.6235955056179775,0.6363636363636364,5.0,5.0,3.0,0.6,1.0,2.0,0.3333333333333333,37.0,12.333333333333334,16.0,5.333333333333333,95,2,1
1.0,0.4786925432719193,0.3955717040941576,512.9596359796602,180.0,0.6573033707865169,0.6699029126213593,10.0,9.0,3.0,0.3333333333333333,2.0,1.0,0.6666666666666666,43.0,14.333333333333334,20.0,6.666666666666667,96,2,1
1.0,0.43555397986653394,0.5118638613336051,564.3100063811279,180.0,0.6179775280898876,0.6484375,7.0,7.0,3.0,0.42857142857142855,0.0,3.0,0.0,29.0,9.666666666666666,14.0,4.666666666666667,97,2,1
0.0,0.5775064045244963,0.7943025206277251,488.7117719488235,180.0,0.6573033707865169,0.6375,11.0,10.0,6.0,0.6,2.0,4.0,0.3333333333333333,85.0,14.166666666666666,41.0,6.833333333333333,98,2,1
0.0,0.5229425074056293,0.6458149317441803,490.6615456702039,180.0,0.6460674157303371,0.6666666666666666,7.0,7.0,3.0,0.42857142857142855,0.0,3.0,0.0,55.0,18.333333333333332,28.0,9.333333333333334,99,2,1
1.0,0.45747789242096815,0.3899717522193446,646.4226898134702,180.0,0.6629213483146067,0.65625,3.0,3.0,2.0,0.6666666666666666,1.0,1.0,0.5,123.0,61.5,106.0,53.0,100,2,1
1.0,0.41365982182573624,0.526101500472181,450.43498443602016,180.0,0.6573033707865169,0.6463414634146342,1.0,1.0,0.0,0.0,0.0,0.0,0.0,0.0,nan,0.0,nan,101,2,1
1.0,0.40900472814895167,0.3623266305951813,517.1443613709549,180.0,0.651685393258427,0.6486486486486487,2.0,2.0,2.0,1.0,2.0,0.0,1.0,61.0,30.5,49.0,24.5,102,2,1
1.0,0.5515948349911494,0.304888906812444,463.0917685994354,180.0,0.6348314606741573,0.6637931034482759,8.0,8.0,4.0,0.5,2.0,2.0,0.5,58.0,14.5,33.0,8.25,103,2,1
1.0,0.433034752275245,0.3247238941124049,501.8757318883039,180.0,0.6629213483146067,0.6688741721854304,2.0,2.0,1.0,0.5,0.0,1.0,0.0,13.0,13.0,4.0,4.0,104,2,1
0.0,0.6376706302017425,0.7823645191522212,516.9597582495684,180.0,0.6235955056179775,0.6324786324786325,5.0,5.0,2.0,0.4,1.0,1.0,0.5,37.0,18.5,20.0,10.0,105,2,1
1.0,0.620134919247115,0.5000865705988145,451.5679276573538,180.0,0.651685393258427,0.6283783783783784,5.0,5.0,3.0,0.6,1.0,2.0,0.3333333333333333,34.0,11.333333333333334,13.0,4.333333333333333,106,2,1
1.0,0.41894037047686367,0.4547040808405431,463.75971913329863,180.0,0.6629213483146067,0.6942148760330579,7.0,6.0,4.0,0.6666666666666666,1.0,3.0,0.25,45.0,11.25,27.0,6.75,107,2,1
1.0,0.5167603525581944,0.2568360255250341,437.8356023268615,180.0,0.651685393258427,0.6402439024390244,6.0,5.0,3.0,0.6,2.0,1.0,0.6666666666666666,43.0,14.333333333333334,20.0,6.666666666666667,108,2,1
1.0,0.5279578244481383,0.6834607114826287,488.77538660214964,180.0,0.702247191011236,0.75,7.0,7.0,5.0,0.7142857142857143,3.0,2.0,0.6,89.0,17.8,50.0,10.0,109,2,1
1.0,0.460400260216729,0.4273974128530224,583.949048141192,180.0,0.6067415730337079,0.6081081081081081,5.0,4.0,2.0,0.5,2.0,0.0,1.0,35.0,17.5,22.0,11.0,110,2,1
1.0,0.4570219880212792,0.3133939437084381,540.0565737332231,180.0,0.601123595505618,0.5945945945945946,2.0,2.0,1.0,0.5,1.0,0.0,1.0,17.0,17.0,9.0,9.0,111,2,1
0.0,0.4925547029181051,0.5959324955530498,564.261869704767,180.0,0.6123595505617978,0.627906976744186,3.0,2.0,2.0,1.0,1.0,1.0,0.5,57.0,28.5,39.0,19.5,112,2,1
1.0,0.3985507027775515,0.3695466384282231,547.9752041404217,180.0,0.6123595505617978,0.6379310344827587,7.0,7.0,5.0,0.7142857142857143,2.0,3.0,0.4,73.0,14.6,47.0,9.4,113,2,1
0.0,0.9514118250988092,2.149131423925043,469.43278500181725,180.0,0.6123595505617978,0.6195652173913043,8.0,8.0,7.0,0.875,1.0,6.0,0.14285714285714285,88.0,12.571428571428571,39.0,5.571428571428571,114,2,1
0.0,0.6403837700565637,1.5393429996518706,523.8852825360696,180.0,0.6348314606741573,0.6433566433566433,7.0,5.0,2.0,0.4,2.0,0.0,1.0,36.0,18.0,21.0,10.5,115,2,1
1.0,0.4933705634096945,0.44803993635615724,567.6983984145462,180.0,0.6460674157303371,0.6438356164383562,6.0,6.0,2.0,0.3333333333333333,0.0,2.0,0.0,30.0,15.0,12.0,6.0,116,2,1
1.0,0.4832538225081003,0.5600480792790891,525.6189867961926,180.0,0.6853932584269663,0.7,5.0,5.0,3.0,0.6,1.0,2.0,0.3333333333333333,45.0,15.0,18.0,6.0,117,2,1
1.0,0.3823777024931787,0.4179865971259899,511.20587238615684,180.0,0.651685393258427,0.6274509803921569,4.0,4.0,3.0,0.75,2.0,1.0,0.6666666666666666,59.0,19.666666666666668,32.0,10.666666666666666,118,2,1
1.0,0.4481678536784102,0.38876831355131103,536.0417242561585,180.0,0.6629213483146067,0.6595744680851063,4.0,4.0,3.0,0.75,1.0,2.0,0.3333333333333333,58.0,19.333333333333332,33.0,11.0,119,2,1
0.0,0.422265756245521,0.5656669954132133,543.3456930704532,180.0,0.6741573033707865,0.6756756756756757,9.0,9.0,2.0,0.2222222222222222,0.0,2.0,0.0,29.0,14.5,16.0,8.0,120,2,1
0.0,0.43084379886344365,0.5860918655398376,461.59614149622615,180.0,0.6348314606741573,0.61,8.0,8.0,3.0,0.375,2.0,1.0,0.6666666666666666,21.0,7.0,12.0,4.0,121,2,1
1.0,0.5881465903713432,0.556675141634286,529.4669054500395,180.0,0.6123595505617978,0.6148648648648649,7.0,7.0,4.0,0.5714285714285714,1.0,3.0,0.25,33.0,8.25,11.0,2.75,122,2,1
1.0,0.47364119567148005,0.444406672955589,554.1810858499782,180.0,0.6235955056179775,0.6219512195121951,8.0,8.0,4.0,0.5,0.0,4.0,0.0,59.0,14.75,27.0,6.75,123,2,1
1.0,0.5586863033679517,0.45690327292102795,451.0537196694477,180.0,0.6629213483146067,0.6699029126213593,10.0,9.0,9.0,1.0,5.0,4.0,0.5555555555555556,99.0,11.0,54.0,6.0,124,2,1
0.0,0.5965857591656257,0.632641542051876,484.9253935317464,180.0,0.6460674157303371,0.6283185840707964,11.0,11.0,6.0,0.5454545454545454,2.0,4.0,0.3333333333333333,91.0,15.166666666666666,52.0,8.666666666666666,125,2,1
1.0,0.6070911441705727,0.4210771428582361,437.12575712452104,180.0,0.6797752808988764,0.6896551724137931,7.0,6.0,3.0,0.5,1.0,2.0,0.3333333333333333,57.0,19.0,31.0,10.333333333333334,126,2,1
0.0,0.5448975754337126,0.5419406670644005,509.8525486991853,180.0,0.6629213483146067,0.68,5.0,4.0,3.0,0.75,1.0,2.0,0.3333333333333333,50.0,16.666666666666668,26.0,8.666666666666666,127,2,1
0.0,0.7072115853976764,0.8996715903363063,501.9549771421811,180.0,0.6067415730337079,0.6162790697674418,7.0,7.0,2.0,0.2857142857142857,2.0,0.0,1.0,43.0,21.5,25.0,12.5,128,2,1
0.0,0.5971003406502847,0.4148359328772293,447.08197029772083,180.0,0.6235955056179775,0.6283783783783784,5.0,4.0,3.0,0.75,1.0,2.0,0.3333333333333333,49.0,16.333333333333332,26.0,8.666666666666666,129,2,1
1.0,0.37245997516275114,0.19171296667385995,539.7838963514002,180.0,0.6404494382022472,0.6551724137931034,10.0,9.0,4.0,0.4444444444444444,3.0,1.0,0.75,61.0,15.25,34.0,8.5,130,2,1
1.0,0.4522182056148836,0.5543257018175928,425.7546518689608,180.0,0.651685393258427,0.6634615384615384,6.0,6.0,3.0,0.5,0.0,3.0,0.0,74.0,24.666666666666668,47.0,15.666666666666666,131,2,1
0.0,0.5440221313614049,0.6434844916510792,509.36836080402236,180.0,0.6741573033707865,0.6621621621621622,7.0,6.0,4.0,0.6666666666666666,2.0,2.0,0.5,65.0,16.25,36.0,9.0,132,2,1
1.0,0.3713866704835758,0.30313727274954866,513.6675973250605,180.0,0.6123595505617978,0.6060606060606061,4.0,4.0,2.0,0.5,1.0,1.0,0.5,37.0,18.5,23.0,11.5,133,2,1
0.0,0.529703150157594,0.6829422429585217,559.4748067343194,180.0,0.6179775280898876,0.5950413223140496,4.0,4.0,2.0,0.5,2.0,0.0,1.0,59.0,29.5,41.0,20.5,134,2,1
1.0,0.723160319744131,0.482528638767597,502.2966084080082,180.0,0.5955056179775281,0.6055045871559633,6.0,6.0,3.0,0.5,1.0,2.0,0.3333333333333333,23.0,7.666666666666667,8.0,2.6666666666666665,135,2,1
1.0,0.5240572711101447,0.4206797197099047,441.71120956957566,180.0,0.6853932584269663,0.6785714285714286,6.0,5.0,4.0,0.8,2.0,2.0,0.5,77.0,19.25,46.0,11.5,136,2,1
0.0,0.5521052608547063,0.5755582118551364,344.56235180973,90.0,0.6966292134831461,0.84,12.0,12.0,5.0,0.4166666666666667,2.0,3.0,0.4,59.0,11.8,29.0,5.8,17,2,2
1.0,0.56853965747952,0.4283081266692819,392.1139476055436,90.0,0.6292134831460674,0.6,6.0,6.0,4.0,0.6666666666666666,2.0,2.0,0.5,65.0,16.25,36.0,9.0,18,2,2
1.0,0.5544274481463257,0.5318413374232327,451.33165785005065,90.0,0.6179775280898876,0.6060606060606061,4.0,4.0,2.0,0.5,0.0,2.0,0.0,23.0,11.5,11.0,5.5,19,2,2
1.0,0.5771292459359117,0.4313709599161944,311.88863586719293,90.0,0.6404494382022472,0.6060606060606061,4.0,4.0,3.0,0.75,2.0,1.0,0.6666666666666666,50.0,16.666666666666668,25.0,8.333333333333334,20,2,2
1.0,0.4946066254284011,0.44390640611345417,396.2366904132398,90.0,0.6629213483146067,0.7368421052631579,13.0,11.0,5.0,0.45454545454545453,2.0,3.0,0.4,58.0,11.6,31.0,6.2,21,2,2
0.0,0.6386663478578153,0.6978746261683414,481.3639724209215,90.0,0.550561797752809,0.5365853658536586,2.0,2.0,0.0,0.0,0.0,0.0,0.0,0.0,nan,0.0,nan,22,2,2
1.0,0.48652902941362297,0.4665328834184919,381.6007157416116,90.0,0.6404494382022472,0.6379310344827587,4.0,4.0,3.0,0.75,1.0,2.0,0.3333333333333333,46.0,15.333333333333334,24.0,8.0,23,2,2
1.0,0.36105103556434903,0.26612222680001935,385.3241158976523,90.0,0.651685393258427,0.6463414634146342,3.0,3.0,0.0,0.0,0.0,0.0,0.0,0.0,nan,0.0,nan,24,2,2
0.0,0.6367593962004171,1.0923143566377038,367.0950892382676,90.0,0.6292134831460674,0.6140350877192983,7.0,5.0,3.0,0.6,2.0,1.0,0.6666666666666666,53.0,17.666666666666668,35.0,11.666666666666666,25,2,2
0.0,0.571397580002992,0.523601430574005,419.0522384491923,90.0,0.6404494382022472,0.6060606060606061,4.0,4.0,3.0,0.75,2.0,1.0,0.6666666666666666,57.0,19.0,33.0,11.0,26,2,2
0.0,0.507817948890697,0.5779732622003562,474.89152398407447,90.0,0.5842696629213483,0.575,8.0,8.0,5.0,0.625,1.0,4.0,0.2,110.0,22.0,72.0,14.4,27,2,2
1.0,0.47936705388939493,0.4774702939984726,386.0251671747143,90.0,0.6404494382022472,0.6351351351351351,3.0,3.0,1.0,0.3333333333333333,0.0,1.0,0.0,7.0,7.0,1.0,1.0,28,2,2
0.0,0.58784255285322,0.9495300684282549,394.12148291286354,90.0,0.6067415730337079,0.6060606060606061,3.0,3.0,1.0,0.3333333333333333,0.0,1.0,0.0,15.0,15.0,6.0,6.0,29,2,2
0.0,0.45533384554097106,0.6320302141956842,409.7390896692534,90.0,0.651685393258427,0.6756756756756757,4.0,4.0,3.0,0.75,2.0,1.0,0.6666666666666666,72.0,24.0,55.0,18.333333333333332,30,2,2
0.0,0.5310500215914308,0.6758385266973013,351.03788491980066,90.0,0.6404494382022472,0.6153846153846154,5.0,5.0,2.0,0.4,1.0,1.0,0.5,29.0,14.5,19.0,9.5,31,2,2
1.0,0.49585784343677564,0.4699825194564995,429.46548555845305,90.0,0.6292134831460674,0.6363636363636364,3.0,3.0,3.0,1.0,2.0,1.0,0.6666666666666666,46.0,15.333333333333334,25.0,8.333333333333334,32,2,2
0.0,0.6847304129601194,0.7923359927558968,403.53266485992884,90.0,0.6292134831460674,0.6862745098039216,8.0,7.0,5.0,0.7142857142857143,3.0,2.0,0.6,70.0,14.0,32.0,6.4,33,2,2
0.0,0.5983380790069406,0.6498513398083571,469.0108013679059,90.0,0.5955056179775281,0.5454545454545454,10.0,9.0,6.0,0.6666666666666666,2.0,4.0,0.3333333333333333,52.0,8.666666666666666,25.0,4.166666666666667,34,2,2
1.0,0.4411688406805649,0.4661861522649871,399.48521042158575,90.0,0.6292134831460674,0.64,6.0,4.0,3.0,0.75,1.0,2.0,0.3333333333333333,62.0,20.666666666666668,46.0,15.333333333333334,35,2,2
0.0,0.4904150152630764,0.6177899920186367,288.2290303939138,90.0,0.651685393258427,0.5686274509803921,6.0,6.0,4.0,0.6666666666666666,1.0,3.0,0.25,79.0,19.75,46.0,11.5,36,2,2
1.0,0.41947843736650503,0.41604698525881006,344.2079350414553,90.0,0.6853932584269663,0.7164179104477612,3.0,3.0,1.0,0.3333333333333333,1.0,0.0,1.0,32.0,32.0,26.0,26.0,37,2,2
0.0,0.8316524079450801,0.8121428107812473,289.59806959530715,90.0,0.6629213483146067,0.66,6.0,5.0,2.0,0.4,1.0,1.0,0.5,47.0,23.5,29.0,14.5,38,2,2
0.0,0.6533544754881553,0.5143504829499306,382.4162963866527,90.0,0.6179775280898876,0.6515151515151515,7.0,7.0,4.0,0.5714285714285714,0.0,4.0,0.0,59.0,14.75,29.0,7.25,39,2,2
1.0,0.4490855483889588,0.40167573528646067,388.4702775114835,90.0,0.6741573033707865,0.6585365853658537,4.0,4.0,2.0,0.5,1.0,1.0,0.5,19.0,9.5,17.0,8.5,40,2,2
0.0,0.5710370303364385,0.7235373087612752,486.62687870887555,90.0,0.6292134831460674,0.6341463414634146,1.0,1.0,1.0,1.0,0.0,1.0,0.0,23.0,23.0,14.0,14.0,41,2,2
1.0,0.5067882277947853,0.5590716108198817,445.5195500550295,90.0,0.6067415730337079,0.6216216216216216,4.0,4.0,1.0,0.25,1.0,0.0,1.0,25.0,25.0,16.0,16.0,42,2,2
0.0,0.680528294462356,0.6833808505839674,406.48491603882997,90.0,0.6292134831460674,0.6415094339622641,6.0,6.0,3.0,0.5,1.0,2.0,0.3333333333333333,56.0,18.666666666666668,39.0,13.0,43,2,2
1.0,0.37093105973854407,0.1626203664302142,329.00863607603395,90.0,0.651685393258427,0.6575342465753424,5.0,5.0,4.0,0.8,3.0,1.0,0.75,37.0,9.25,15.0,3.75,44,2,2
1.0,0.5548915628000478,0.25262007023950944,408.904859950618,90.0,0.5955056179775281,0.6515151515151515,5.0,5.0,2.0,0.4,0.0,2.0,0.0,21.0,10.5,9.0,4.5,45,2,2
1.0,0.4828700215333427,0.37900549815186835,372.21322221104947,90.0,0.5730337078651685,0.56,9.0,8.0,5.0,0.625,2.0,3.0,0.4,100.0,20.0,73.0,14.6,46,2,2
0.0,0.456104120785316,0.49130095286680986,386.2596914479961,90.0,0.6404494382022472,0.6119402985074627,5.0,5.0,2.0,0.4,1.0,1.0,0.5,59.0,29.5,44.0,22.0,47,2,2
1.0,0.37569173443385223,0.20199180678335915,372.67492893878284,90.0,0.6629213483146067,0.6825396825396826,6.0,6.0,3.0,0.5,3.0,0.0,1.0,41.0,13.666666666666666,33.0,11.0,48,2,2
0.0,0.7210090604832368,0.6126115169868505,371.51373279532476,90.0,0.6629213483146067,0.65,9.0,6.0,5.0,0.8333333333333334,2.0,3.0,0.4,76.0,15.2,44.0,8.8,49,2,2
0.0,0.5770586309191938,0.7419418624458464,466.0135360880246,90.0,0.6067415730337079,0.6,7.0,6.0,2.0,0.3333333333333333,0.0,2.0,0.0,36.0,18.0,26.0,13.0,50,2,2
1.0,0.7013216890232676,0.44160418820375624,352.3142660486723,90.0,0.6404494382022472,0.6363636363636364,5.0,5.0,4.0,0.8,2.0,2.0,0.5,78.0,19.5,44.0,11.0,51,2,2
0.0,0.4772462084493054,0.5744507873401553,412.3264877675065,90.0,0.6292134831460674,0.6111111111111112,5.0,4.0,2.0,0.5,1.0,1.0,0.5,47.0,23.5,29.0,14.5,52,2,2
0.0,0.6063504802613924,0.6152986670255731,456.27664299740746,90.0,0.6404494382022472,0.66,10.0,10.0,4.0,0.4,2.0,2.0,0.5,56.0,14.0,28.0,7.0,53,2,2
1.0,0.4510440664213513,0.48333450233939146,410.7082636274356,90.0,0.6404494382022472,0.703125,5.0,5.0,3.0,0.6,1.0,2.0,0.3333333333333333,40.0,13.333333333333334,22.0,7.333333333333333,54,2,2
1.0,0.38745309441764697,0.42908895342223713,391.98498342946476,90.0,0.6404494382022472,0.6527777777777778,4.0,4.0,1.0,0.25,1.0,0.0,1.0,23.0,23.0,17.0,17.0,55,2,2
1.0,0.44081631923043574,0.4137070597445266,319.82359287158346,90.0,0.651685393258427,0.6451612903225806,6.0,5.0,3.0,0.6,2.0,1.0,0.6666666666666666,71.0,23.666666666666668,47.0,15.666666666666666,56,2,2
0.0,0.5217138275123107,0.558751001367898,426.2153910913025,90.0,0.6966292134831461,0.696969696969697,4.0,4.0,3.0,0.75,1.0,2.0,0.3333333333333333,63.0,21.0,40.0,13.333333333333334,57,2,2
1.0,0.6004954060936405,0.4780869215928959,382.7568128917809,90.0,0.651685393258427,0.6724137931034483,5.0,5.0,3.0,0.6,2.0,1.0,0.6666666666666666,66.0,22.0,39.0,13.0,58,2,2
0.0,0.6067937585964562,0.6779771957578139,440.225988097502,90.0,0.5955056179775281,0.5675675675675675,13.0,10.0,6.0,0.6,2.0,4.0,0.3333333333333333,75.0,12.5,33.0,5.5,59,2,2
0.0,0.5741923707337505,0.7973175788795793,478.04151984899715,90.0,0.5280898876404494,0.5,3.0,3.0,1.0,0.3333333333333333,0.0,1.0,0.0,24.0,24.0,19.0,19.0,60,2,2
0.0,0.4929056933397119,0.648438702937499,451.0233126210658,90.0,0.6179775280898876,0.6037735849056604,8.0,8.0,1.0,0.125,0.0,1.0,0.0,12.0,12.0,3.0,3.0,61,2,2
0.0,0.6952159925470218,0.636922844247293,369.93398127647237,90.0,0.6741573033707865,0.696969696969697,5.0,5.0,3.0,0.6,2.0,1.0,0.6666666666666666,47.0,15.666666666666666,26.0,8.666666666666666,62,2,2
0.0,0.5135799353541604,0.5799670655439224,446.7351455575943,90.0,0.6629213483146067,0.6774193548387096,3.0,3.0,2.0,0.6666666666666666,1.0,1.0,0.5,61.0,30.5,43.0,21.5,63,2,2
1.0,0.5323494697896342,0.35127335014506844,459.16733651168704,90.0,0.6292134831460674,0.6142857142857143,4.0,4.0,1.0,0.25,1.0,0.0,1.0,27.0,27.0,18.0,18.0,64,2,2
1.0,0.37216154864961687,0.2668625004350812,375.96339742880684,90.0,0.7078651685393258,0.6909090909090909,9.0,7.0,3.0,0.42857142857142855,2.0,1.0,0.6666666666666666,43.0,14.333333333333334,24.0,8.0,65,2,2
1.0,0.38196285488140597,0.2677029955098601,332.3539933399271,90.0,0.6966292134831461,0.7068965517241379,9.0,9.0,5.0,0.5555555555555556,2.0,3.0,0.4,66.0,13.2,31.0,6.2,66,2,2
0.0,0.6097956856497404,0.7540304167165355,411.69187320936527,90.0,0.6179775280898876,0.6326530612244898,6.0,6.0,3.0,0.5,1.0,2.0,0.3333333333333333,56.0,18.666666666666668,30.0,10.0,67,2,2
0.0,0.9452456606465316,1.182509915972019,326.41521551808756,90.0,0.6292134831460674,0.6190476190476191,8.0,7.0,4.0,0.5714285714285714,3.0,1.0,0.75,100.0,25.0,64.0,16.0,68,2,2
0.0,0.45044414911762604,0.5563175476950245,334.2633669052059,90.0,0.6179775280898876,0.6226415094339622,8.0,7.0,6.0,0.8571428571428571,4.0,2.0,0.6666666666666666,104.0,17.333333333333332,70.0,11.666666666666666,69,2,2
0.0,0.5894383682291555,0.7497160394214987,412.92219024079355,90.0,0.5730337078651685,0.5862068965517241,7.0,7.0,2.0,0.2857142857142857,1.0,1.0,0.5,29.0,14.5,13.0,6.5,70,2,2
1.0,0.3812497932317615,0.5037609253621507,458.7236457166611,90.0,0.651685393258427,0.6071428571428571,6.0,5.0,2.0,0.4,1.0,1.0,0.5,24.0,12.0,11.0,5.5,71,2,2
1.0,0.4095352526408378,0.49855335012994484,409.935316801175,90.0,0.6404494382022472,0.6515151515151515,4.0,3.0,2.0,0.6666666666666666,1.0,1.0,0.5,37.0,18.5,19.0,9.5,72,2,2
1.0,0.5750406863343694,0.40189398900013595,371.0943683013603,90.0,0.651685393258427,0.6774193548387096,7.0,6.0,4.0,0.6666666666666666,3.0,1.0,0.75,82.0,20.5,48.0,12.0,73,2,2
1.0,0.5603864205503675,0.20797572558923977,394.540654301935,90.0,0.5842696629213483,0.6229508196721312,8.0,8.0,6.0,0.75,2.0,4.0,0.3333333333333333,82.0,13.666666666666666,48.0,8.0,74,2,2
0.0,0.731924159925851,1.0636204925865755,423.5781348480158,90.0,0.5617977528089888,0.6,9.0,8.0,6.0,0.75,4.0,2.0,0.6666666666666666,84.0,14.0,50.0,8.333333333333334,75,2,2
1.0,0.5151636040401861,0.41060259475673744,392.6669854461488,90.0,0.6404494382022472,0.6515151515151515,2.0,2.0,2.0,1.0,2.0,0.0,1.0,47.0,23.5,29.0,14.5,76,2,2
1.0,0.39370414061896203,0.42510904926224113,371.4542757284387,90.0,0.6629213483146067,0.6621621621621622,2.0,2.0,1.0,0.5,1.0,0.0,1.0,12.0,12.0,6.0,6.0,77,2,2
1.0,0.48218573482029903,0.39523390229858457,386.8923119439051,90.0,0.6629213483146067,0.6707317073170732,3.0,1.0,1.0,1.0,1.0,0.0,1.0,18.0,18.0,10.0,10.0,78,2,2
1.0,0.5140362531455912,0.32001572379865845,421.2125748099322,90.0,0.5842696629213483,0.5952380952380952,10.0,9.0,2.0,0.2222222222222222,0.0,2.0,0.0,26.0,13.0,11.0,5.5,79,2,2
1.0,0.61103520756773,0.38436639284794866,318.43228430423295,90.0,0.6853932584269663,0.6818181818181818,5.0,5.0,4.0,0.8,2.0,2.0,0.5,50.0,12.5,23.0,5.75,80,2,2
1.0,0.3983031815675906,0.4911680156565688,423.95758547244594,90.0,0.6404494382022472,0.6206896551724138,8.0,7.0,1.0,0.14285714285714285,0.0,1.0,0.0,4.0,4.0,1.0,1.0,81,2,2
1.0,0.35005695820687466,0.3171262978985101,389.4895765408587,90.0,0.6741573033707865,0.6756756756756757,3.0,3.0,1.0,0.3333333333333333,1.0,0.0,1.0,25.0,25.0,16.0,16.0,82,2,2
1.0,0.497487626197269,0.28352591475698086,414.4986910136379,90.0,0.6292134831460674,0.6440677966101694,9.0,9.0,5.0,0.5555555555555556,2.0,3.0,0.4,38.0,7.6,17.0,3.4,83,2,2
0.0,0.6737767890386962,0.9484253463779859,344.8900582710125,90.0,0.7078651685393258,0.7575757575757576,8.0,6.0,5.0,0.8333333333333334,3.0,2.0,0.6,85.0,17.0,51.0,10.2,84,2,2
1.0,0.4716748903316074,0.5778534367660182,362.7555716949483,90.0,0.7078651685393258,0.7162162162162162,7.0,6.0,2.0,0.3333333333333333,0.0,2.0,0.0,9.0,4.5,2.0,1.0,85,2,2
0.0,0.5262329521973659,0.6178263123988965,439.817840799056,90.0,0.6067415730337079,0.6206896551724138,5.0,5.0,3.0,0.6,3.0,0.0,1.0,75.0,25.0,48.0,16.0,86,2,2
0.0,0.6608510121919761,0.7618605476206131,365.1027661281209,90.0,0.6067415730337079,0.7,11.0,10.0,5.0,0.5,2.0,3.0,0.4,85.0,17.0,44.0,8.8,87,2,2
1.0,0.4501315417443479,0.5002544109515996,298.2657711823504,90.0,0.6741573033707865,0.6891891891891891,3.0,3.0,3.0,1.0,1.0,2.0,0.3333333333333333,37.0,12.333333333333334,18.0,6.0,88,2,2
1.0,0.5212314048901107,0.531750415714282,369.85729265592045,90.0,0.6179775280898876,0.6470588235294118,7.0,7.0,4.0,0.5714285714285714,1.0,3.0,0.25,56.0,14.0,28.0,7.0,89,2,2
0.0,0.7359252459938301,1.5062722093344714,432.9109379051633,90.0,0.6292134831460674,0.6229508196721312,7.0,6.0,4.0,0.6666666666666666,0.0,4.0,0.0,85.0,21.25,60.0,15.0,90,2,2
0.0,0.6349386750502793,0.6442387965147097,419.2387447935371,90.0,0.6741573033707865,0.6805555555555556,8.0,7.0,5.0,0.7142857142857143,3.0,2.0,0.6,42.0,8.4,21.0,4.2,91,2,2
1.0,0.6444360160907836,0.4081284026344294,341.82450804566383,90.0,0.6067415730337079,0.6,8.0,8.0,6.0,0.75,2.0,4.0,0.3333333333333333,47.0,7.833333333333333,19.0,3.1666666666666665,92,2,2
0.0,0.5395073417219929,0.5048550413202739,338.2295215513543,90.0,0.651685393258427,0.72,4.0,4.0,3.0,0.75,2.0,1.0,0.6666666666666666,72.0,24.0,45.0,15.0,93,2,2
0.0,0.5291416879780182,0.45775454028679435,373.94168182721,90.0,0.6292134831460674,0.6724137931034483,6.0,6.0,4.0,0.6666666666666666,2.0,2.0,0.5,44.0,11.0,20.0,5.0,94,2,2
0.0,0.5989859430083254,0.5483627885680484,461.3302282127032,90.0,0.5955056179775281,0.6212121212121212,5.0,5.0,3.0,0.6,1.0,2.0,0.3333333333333333,49.0,16.333333333333332,27.0,9.0,95,2,2
1.0,0.5138168143325214,0.42247364674482873,450.4716719219456,90.0,0.6179775280898876,0.6274509803921569,10.0,9.0,2.0,0.2222222222222222,2.0,0.0,1.0,35.0,17.5,22.0,11.0,96,2,2
1.0,0.4766716461232342,0.5639030247932455,372.2128599197135,90.0,0.6067415730337079,0.640625,7.0,7.0,4.0,0.5714285714285714,0.0,4.0,0.0,61.0,15.25,37.0,9.25,97,2,2
0.0,0.6335029167709961,0.8928959733501785,323.5659448095934,90.0,0.651685393258427,0.65,11.0,10.0,7.0,0.7,2.0,5.0,0.2857142857142857,90.0,12.857142857142858,39.0,5.571428571428571,98,2,2
0.0,0.5249773827908374,0.5973214837896088,373.4439556704004,90.0,0.7078651685393258,0.7424242424242424,7.0,7.0,3.0,0.42857142857142855,0.0,3.0,0.0,55.0,18.333333333333332,28.0,9.333333333333334,99,2,2
1.0,0.5108337402960188,0.365633531693579,412.3234389184683,90.0,0.6853932584269663,0.703125,3.0,3.0,2.0,0.6666666666666666,2.0,0.0,1.0,69.0,34.5,51.0,25.5,100,2,2
0.0,0.4243579505821057,0.5389009457496736,450.57003902887755,90.0,0.6404494382022472,0.6219512195121951,1.0,1.0,0.0,0.0,0.0,0.0,0.0,0.0,nan,0.0,nan,101,2,2
1.0,0.41273474639125907,0.3450163880823379,400.3210815144799,90.0,0.6853932584269663,0.6756756756756757,2.0,2.0,2.0,1.0,2.0,0.0,1.0,95.0,47.5,78.0,39.0,102,2,2
1.0,0.5929731718244514,0.44339425768234675,474.75871322004923,90.0,0.6292134831460674,0.6551724137931034,8.0,8.0,4.0,0.5,2.0,2.0,0.5,61.0,15.25,37.0,9.25,103,2,2
1.0,0.4487721731086506,0.2782309202456106,388.65353829177633,90.0,0.651685393258427,0.6578947368421053,2.0,2.0,1.0,0.5,0.0,1.0,0.0,13.0,13.0,4.0,4.0,104,2,2
0.0,0.6601821923484226,0.7895399769800837,431.0305605817729,90.0,0.651685393258427,0.6551724137931034,5.0,5.0,2.0,0.4,1.0,1.0,0.5,35.0,17.5,18.0,9.0,105,2,2
1.0,0.6658199892878052,0.47990236458531954,366.60662406749583,90.0,0.651685393258427,0.6486486486486487,5.0,5.0,3.0,0.6,1.0,2.0,0.3333333333333333,34.0,11.333333333333334,14.0,4.666666666666667,106,2,2
1.0,0.4583134584144236,0.4296344335944495,418.57559485524735,90.0,0.6292134831460674,0.6229508196721312,7.0,6.0,4.0,0.6666666666666666,1.0,3.0,0.25,52.0,13.0,34.0,8.5,107,2,2
1.0,0.5572090098299765,0.25785136069225284,371.8667058929607,90.0,0.6404494382022472,0.6219512195121951,6.0,5.0,3.0,0.6,2.0,1.0,0.6666666666666666,44.0,14.666666666666666,22.0,7.333333333333333,108,2,2
1.0,0.5438160363699384,0.7197130265833613,343.57274648894116,90.0,0.7191011235955056,0.7413793103448276,7.0,7.0,5.0,0.7142857142857143,3.0,2.0,0.6,87.0,17.4,50.0,10.0,109,2,2
1.0,0.5043697126784014,0.39802411505123086,437.6049654534883,90.0,0.5842696629213483,0.5675675675675675,5.0,4.0,2.0,0.5,2.0,0.0,1.0,52.0,26.0,39.0,19.5,110,2,2
1.0,0.4483017238994667,0.3358160550242792,434.07245953713476,90.0,0.6292134831460674,0.6216216216216216,2.0,2.0,1.0,0.5,1.0,0.0,1.0,18.0,18.0,9.0,9.0,111,2,2
0.0,0.48564483015976645,0.5971444029957459,486.40731614774387,90.0,0.5955056179775281,0.609375,3.0,2.0,1.0,0.5,0.0,1.0,0.0,57.0,57.0,48.0,48.0,112,2,2
1.0,0.4639132035132926,0.4205864930504115,461.8954095153164,90.0,0.5955056179775281,0.6379310344827587,7.0,7.0,1.0,0.14285714285714285,0.0,1.0,0.0,21.0,21.0,12.0,12.0,113,2,2
0.0,1.0487267636051316,2.259261111092719,378.2774906154839,90.0,0.5955056179775281,0.6086956521739131,8.0,8.0,6.0,0.75,2.0,4.0,0.3333333333333333,99.0,16.5,56.0,9.333333333333334,114,2,2
0.0,0.7072723775625938,1.6478895120855166,386.95169174882466,90.0,0.651685393258427,0.6527777777777778,7.0,5.0,2.0,0.4,1.0,1.0,0.5,46.0,23.0,30.0,15.0,115,2,2
1.0,0.46183471695855266,0.3408706075705367,377.55967802545575,90.0,0.6741573033707865,0.6756756756756757,6.0,6.0,3.0,0.5,0.0,3.0,0.0,49.0,16.333333333333332,22.0,7.333333333333333,116,2,2
0.0,0.5244014177528388,0.6070532816500128,412.6702011888601,90.0,0.6741573033707865,0.7166666666666667,5.0,5.0,2.0,0.4,0.0,2.0,0.0,31.0,15.5,13.0,6.5,117,2,2
1.0,0.3827329458499853,0.46873515070571625,386.47269677475896,90.0,0.6629213483146067,0.6470588235294118,4.0,4.0,4.0,1.0,2.0,2.0,0.5,79.0,19.75,43.0,10.75,118,2,2
1.0,0.4559669580008157,0.4505864059344983,349.9817590556917,90.0,0.6853932584269663,0.6714285714285714,4.0,4.0,3.0,0.75,1.0,2.0,0.3333333333333333,55.0,18.333333333333332,29.0,9.666666666666666,119,2,2
0.0,0.46196084700366385,0.614464125183528,375.44714098782583,90.0,0.6853932584269663,0.6428571428571429,9.0,9.0,3.0,0.3333333333333333,1.0,2.0,0.3333333333333333,41.0,13.666666666666666,19.0,6.333333333333333,120,2,2
0.0,0.478816414543434,0.6585648922960835,401.7448652143075,90.0,0.5842696629213483,0.5490196078431373,8.0,8.0,3.0,0.375,1.0,2.0,0.3333333333333333,49.0,16.333333333333332,31.0,10.333333333333334,121,2,2
0.0,0.6361427460505817,0.7385297556339001,419.17155501188773,90.0,0.6067415730337079,0.6081081081081081,7.0,7.0,5.0,0.7142857142857143,2.0,3.0,0.4,51.0,10.2,19.0,3.8,122,2,2
1.0,0.5012412489776908,0.4709950874639598,413.2832965494033,90.0,0.6292134831460674,0.6585365853658537,8.0,8.0,3.0,0.375,1.0,2.0,0.3333333333333333,26.0,8.666666666666666,9.0,3.0,123,2,2
0.0,0.5690030762163216,0.4789110287443947,294.7160694725175,90.0,0.7191011235955056,0.7254901960784313,10.0,9.0,8.0,0.8888888888888888,5.0,3.0,0.625,90.0,11.25,47.0,5.875,124,2,2
0.0,0.6384364984884253,0.7842820504122577,329.94482948006856,90.0,0.651685393258427,0.6071428571428571,11.0,11.0,6.0,0.5454545454545454,2.0,4.0,0.3333333333333333,89.0,14.833333333333334,50.0,8.333333333333334,125,2,2
1.0,0.7136426697467823,0.5436414300070164,362.1694602841771,90.0,0.6179775280898876,0.603448275862069,7.0,6.0,3.0,0.5,1.0,2.0,0.3333333333333333,59.0,19.666666666666668,32.0,10.666666666666666,126,2,2
0.0,0.5648496268466701,0.5018948214357085,338.5118207601278,90.0,0.6741573033707865,0.6666666666666666,5.0,4.0,3.0,0.75,1.0,2.0,0.3333333333333333,51.0,17.0,27.0,9.0,127,2,2
0.0,0.7608222574213759,1.04350132588712,402.2937274330344,90.0,0.6292134831460674,0.6511627906976745,7.0,7.0,2.0,0.2857142857142857,2.0,0.0,1.0,46.0,23.0,28.0,14.0,128,2,2
0.0,0.633145951844356,0.5055119069185257,387.4068755624561,90.0,0.6179775280898876,0.6216216216216216,5.0,4.0,3.0,0.75,2.0,1.0,0.6666666666666666,48.0,16.0,24.0,8.0,129,2,2
1.0,0.4794623776091745,0.20277938475884166,503.1815061699356,90.0,0.5842696629213483,0.603448275862069,10.0,9.0,3.0,0.3333333333333333,2.0,1.0,0.6666666666666666,52.0,17.333333333333332,33.0,11.0,130,2,2
1.0,0.4823226169204615,0.5206451286464119,326.6871990853019,90.0,0.651685393258427,0.6538461538461539,6.0,6.0,3.0,0.5,2.0,1.0,0.6666666666666666,47.0,15.666666666666666,20.0,6.666666666666667,131,2,2
0.0,0.5203606215429294,0.7258772200548878,397.1743249546764,90.0,0.6741573033707865,0.6621621621621622,7.0,6.0,5.0,0.8333333333333334,3.0,2.0,0.6,76.0,15.2,43.0,8.6,132,2,2
1.0,0.4609108970697473,0.43709853880808663,507.63453380062595,90.0,0.5955056179775281,0.5909090909090909,4.0,4.0,1.0,0.25,0.0,1.0,0.0,43.0,43.0,34.0,34.0,133,2,2
0.0,0.535317504006884,0.7611138880476409,395.85514161338006,90.0,0.6404494382022472,0.5901639344262295,4.0,4.0,1.0,0.25,0.0,1.0,0.0,22.0,22.0,13.0,13.0,134,2,2
1.0,0.7651288291981988,0.433941204035491,379.5530370649039,90.0,0.550561797752809,0.5555555555555556,6.0,6.0,3.0,0.5,1.0,2.0,0.3333333333333333,24.0,8.0,9.0,3.0,135,2,2
1.0,0.5646764680986343,0.3532806282127906,341.5852228290514,90.0,0.6853932584269663,0.6428571428571429,6.0,5.0,3.0,0.6,1.0,2.0,0.3333333333333333,52.0,17.333333333333332,30.0,10.0,136,2,2
0.0,0.8442667283874767,0.7581577370536791,141.85963844011647,45.0,0.6590909090909091,0.8181818181818182,12.0,12.0,7.0,0.5833333333333334,3.0,4.0,0.42857142857142855,72.0,10.285714285714286,42.0,6.0,17,2,4
1.0,0.5413791658668452,0.332974226478549,175.44093931433937,45.0,0.7954545454545454,0.76,6.0,6.0,4.0,0.6666666666666666,3.0,1.0,0.75,68.0,17.0,37.0,9.25,18,2,4
0.0,0.7444561220522549,0.8401205181281515,190.35931244512085,45.0,0.5681818181818182,0.48484848484848486,4.0,4.0,1.0,0.25,0.0,1.0,0.0,14.0,14.0,6.0,6.0,19,2,4
1.0,0.71496434485869,0.49171452151706624,171.94227325269895,45.0,0.6363636363636364,0.6363636363636364,4.0,4.0,4.0,1.0,3.0,1.0,0.75,71.0,17.75,37.0,9.25,20,2,4
0.0,0.6051530079595313,0.900442052961504,215.0056755379766,45.0,0.6818181818181818,0.6666666666666666,13.0,11.0,6.0,0.5454545454545454,1.0,5.0,0.16666666666666666,81.0,13.5,33.0,5.5,21,2,4
1.0,0.5411539069557053,0.5320003594432533,203.50477685231724,45.0,0.7045454545454546,0.7073170731707317,2.0,2.0,0.0,0.0,0.0,0.0,0.0,0.0,nan,0.0,nan,22,2,4
1.0,0.525047597545054,0.21488373633123947,157.5373675734892,45.0,0.7045454545454546,0.6896551724137931,4.0,4.0,3.0,0.75,2.0,1.0,0.6666666666666666,42.0,14.0,26.0,8.666666666666666,23,2,4
1.0,0.5605778165057556,0.4945034699767638,157.53455523951123,45.0,0.6818181818181818,0.6829268292682927,3.0,3.0,2.0,0.6666666666666666,2.0,0.0,1.0,25.0,12.5,16.0,8.0,24,2,4
0.0,0.6332930581423524,1.3479336684208334,216.5470020445669,45.0,0.7272727272727273,0.7241379310344828,7.0,5.0,3.0,0.6,1.0,2.0,0.3333333333333333,52.0,17.333333333333332,28.0,9.333333333333334,25,2,4
0.0,0.898111194013638,1.0693321266841798,294.367087264174,45.0,0.5227272727272727,0.45454545454545453,4.0,4.0,2.0,0.5,1.0,1.0,0.5,57.0,28.5,43.0,21.5,26,2,4
1.0,0.7050835726675133,0.514834267602808,193.41940887145512,45.0,0.5681818181818182,0.6,8.0,8.0,4.0,0.5,1.0,3.0,0.25,67.0,16.75,39.0,9.75,27,2,4
0.0,0.43257451339434044,0.5109083679394718,154.79135296274578,45.0,0.7727272727272727,0.7567567567567568,3.0,3.0,1.0,0.3333333333333333,0.0,1.0,0.0,14.0,14.0,5.0,5.0,28,2,4
0.0,0.6852131983211007,1.0220758978463884,154.85459611108132,45.0,0.5454545454545454,0.6060606060606061,3.0,3.0,1.0,0.3333333333333333,0.0,1.0,0.0,15.0,15.0,7.0,7.0,29,2,4
0.0,0.4953086221251478,0.48444009434520274,167.86630888718307,45.0,0.75,0.7837837837837838,4.0,4.0,2.0,0.5,1.0,1.0,0.5,33.0,16.5,19.0,9.5,30,2,4
0.0,0.8375757687769192,1.0948102635619743,154.5563172483082,45.0,0.5454545454545454,0.5151515151515151,5.0,5.0,3.0,0.6,2.0,1.0,0.6666666666666666,69.0,23.0,48.0,16.0,31,2,4
0.0,0.4752908058885852,0.4420715347345024,177.53063134278534,45.0,0.6590909090909091,0.6363636363636364,3.0,3.0,3.0,1.0,2.0,1.0,0.6666666666666666,51.0,17.0,33.0,11.0,32,2,4
0.0,0.8969301304137398,1.470400850794741,175.91652822683977,45.0,0.5454545454545454,0.64,8.0,7.0,3.0,0.42857142857142855,0.0,3.0,0.0,66.0,22.0,40.0,13.333333333333334,33,2,4
0.0,0.9537980474964177,0.7621483159576395,124.52932401426739,45.0,0.5,0.36363636363636365,10.0,9.0,1.0,0.1111111111111111,0.0,1.0,0.0,55.0,55.0,46.0,46.0,34,2,4
0.0,0.7082787415190962,1.0577923641217208,250.98538183702587,45.0,0.5909090909090909,0.5945945945945946,6.0,4.0,2.0,0.5,1.0,1.0,0.5,55.0,27.5,43.0,21.5,35,2,4
0.0,0.7530106392455718,0.8870224632165004,170.15983232565273,45.0,0.7045454545454546,0.68,6.0,6.0,4.0,0.6666666666666666,2.0,2.0,0.5,42.0,10.5,19.0,4.75,36,2,4
1.0,0.4964963105008025,0.3336753382682334,148.3121758010363,45.0,0.7954545454545454,0.8235294117647058,3.0,3.0,2.0,0.6666666666666666,2.0,0.0,1.0,42.0,21.0,24.0,12.0,37,2,4
0.0,1.0900178171153998,0.965213279063308,179.7420521550469,45.0,0.6590909090909091,0.72,6.0,5.0,4.0,0.8,1.0,3.0,0.25,83.0,20.75,47.0,11.75,38,2,4
0.0,0.6181359864236401,0.6259955224470042,173.57424664715322,45.0,0.6818181818181818,0.7575757575757576,7.0,7.0,4.0,0.5714285714285714,0.0,4.0,0.0,59.0,14.75,25.0,6.25,39,2,4
1.0,0.37227294087919,0.482220135131955,157.1241925706185,45.0,0.7727272727272727,0.7560975609756098,4.0,4.0,2.0,0.5,1.0,1.0,0.5,7.0,3.5,5.0,2.5,40,2,4
0.0,0.8819359681041002,1.2483921077294957,175.12258577703844,45.0,0.5454545454545454,0.5365853658536586,1.0,1.0,1.0,1.0,0.0,1.0,0.0,23.0,23.0,14.0,14.0,41,2,4
0.0,0.5416943180520393,0.5992224235474262,169.2100470654685,45.0,0.7045454545454546,0.7567567567567568,4.0,4.0,2.0,0.5,2.0,0.0,1.0,34.0,17.0,22.0,11.0,42,2,4
0.0,0.768890700882069,0.9611984511060814,201.45706091432905,45.0,0.5909090909090909,0.5555555555555556,6.0,6.0,2.0,0.3333333333333333,1.0,1.0,0.5,14.0,7.0,6.0,3.0,43,2,4
0.0,0.5646267765397478,0.4544932835514015,155.3377373924673,45.0,0.6136363636363636,0.6216216216216216,5.0,5.0,3.0,0.6,2.0,1.0,0.6666666666666666,24.0,8.0,11.0,3.6666666666666665,44,2,4
0.0,0.5880672669441706,0.6615055216767579,219.22487061704925,45.0,0.5681818181818182,0.6060606060606061,5.0,5.0,4.0,0.8,2.0,2.0,0.5,27.0,6.75,13.0,3.25,45,2,4
1.0,0.5729459740665961,0.4619916697554921,218.31358656057222,45.0,0.5909090909090909,0.56,9.0,8.0,7.0,0.875,3.0,4.0,0.42857142857142855,56.0,8.0,25.0,3.5714285714285716,46,2,4
0.0,0.5498578074734103,0.6598047279275596,207.57066553846335,45.0,0.6363636363636364,0.6176470588235294,5.0,5.0,3.0,0.6,2.0,1.0,0.6666666666666666,49.0,16.333333333333332,25.0,8.333333333333334,47,2,4
1.0,0.48970735527921294,0.42743086507352857,180.09795523790623,45.0,0.7272727272727273,0.78125,6.0,6.0,3.0,0.5,2.0,1.0,0.6666666666666666,50.0,16.666666666666668,35.0,11.666666666666666,48,2,4
0.0,1.1177021352759624,1.4406931969771677,202.86023703562543,45.0,0.5909090909090909,0.6333333333333333,9.0,6.0,5.0,0.8333333333333334,3.0,2.0,0.6,65.0,13.0,32.0,6.4,49,2,4
0.0,0.567710723545669,0.6343029933742571,150.84543447184666,45.0,0.7045454545454546,0.76,7.0,6.0,3.0,0.5,2.0,1.0,0.6666666666666666,33.0,11.0,19.0,6.333333333333333,50,2,4
0.0,0.8281825667592726,0.47929598908891063,153.02431032220525,45.0,0.5681818181818182,0.5454545454545454,5.0,5.0,3.0,0.6,2.0,1.0,0.6666666666666666,54.0,18.0,31.0,10.333333333333334,51,2,4
0.0,0.5918152860175608,0.554147863113885,193.251792649647,45.0,0.5909090909090909,0.5555555555555556,5.0,4.0,3.0,0.75,2.0,1.0,0.6666666666666666,60.0,20.0,42.0,14.0,52,2,4
0.0,0.6043516481761799,1.094714632864434,181.76992559539957,45.0,0.6818181818181818,0.75,10.0,10.0,8.0,0.8,3.0,5.0,0.375,71.0,8.875,33.0,4.125,53,2,4
0.0,0.7373222119934747,0.7469349118045664,142.43050983424413,45.0,0.6136363636363636,0.75,5.0,5.0,3.0,0.6,1.0,2.0,0.3333333333333333,46.0,15.333333333333334,23.0,7.666666666666667,54,2,4
0.0,0.6834366691284154,0.6391024550708914,172.88647292218394,45.0,0.5909090909090909,0.6111111111111112,4.0,4.0,2.0,0.5,1.0,1.0,0.5,34.0,17.0,18.0,9.0,55,2,4
1.0,0.4879487959824712,0.32882081778211814,124.24253128977045,45.0,0.7954545454545454,0.8064516129032258,6.0,5.0,4.0,0.8,2.0,2.0,0.5,36.0,9.0,12.0,3.0,56,2,4
0.0,0.8198648854901778,0.8042785681307197,145.93818600616683,45.0,0.6590909090909091,0.7272727272727273,4.0,4.0,4.0,1.0,2.0,2.0,0.5,53.0,13.25,30.0,7.5,57,2,4
0.0,0.8918663879848998,0.8840350092337657,123.33201580348579,45.0,0.6136363636363636,0.6551724137931034,5.0,5.0,2.0,0.4,2.0,0.0,1.0,43.0,21.5,25.0,12.5,58,2,4
0.0,0.7658846606668509,0.9130650865831247,157.08762562700707,45.0,0.6363636363636364,0.47368421052631576,13.0,10.0,4.0,0.4,1.0,3.0,0.25,58.0,14.5,27.0,6.75,59,2,4
0.0,0.8911561105127569,1.2333756625785823,169.82751922355118,45.0,0.4772727272727273,0.3939393939393939,3.0,3.0,1.0,0.3333333333333333,1.0,0.0,1.0,6.0,6.0,4.0,4.0,60,2,4
0.0,0.6750628083724328,1.1839700960493191,209.87646034729286,45.0,0.5909090909090909,0.5555555555555556,8.0,8.0,3.0,0.375,0.0,3.0,0.0,52.0,17.333333333333332,25.0,8.333333333333334,61,2,4
0.0,0.8015476940311259,0.6732775250812724,131.56611513498822,45.0,0.6590909090909091,0.696969696969697,5.0,5.0,3.0,0.6,1.0,2.0,0.3333333333333333,52.0,17.333333333333332,32.0,10.666666666666666,62,2,4
0.0,0.8487530165418522,0.6660007349724775,165.66714008479937,45.0,0.6818181818181818,0.6451612903225806,3.0,3.0,2.0,0.6666666666666666,2.0,0.0,1.0,52.0,26.0,36.0,18.0,63,2,4
0.0,0.708962018423314,0.5815972592729176,109.23780814783679,45.0,0.5909090909090909,0.5714285714285714,4.0,4.0,3.0,0.75,2.0,1.0,0.6666666666666666,23.0,7.666666666666667,16.0,5.333333333333333,64,2,4
0.0,0.5512519019222311,0.559624230773372,176.7356915231915,45.0,0.6136363636363636,0.5925925925925926,9.0,7.0,5.0,0.7142857142857143,4.0,1.0,0.8,45.0,9.0,24.0,4.8,65,2,4
1.0,0.41644553133800605,0.2550977858481179,201.60186534195947,45.0,0.7045454545454546,0.7333333333333333,9.0,9.0,5.0,0.5555555555555556,2.0,3.0,0.4,68.0,13.6,28.0,5.6,66,2,4
0.0,0.6596639702645641,0.7437440676218331,163.29802664698767,45.0,0.7045454545454546,0.6666666666666666,6.0,6.0,3.0,0.5,1.0,2.0,0.3333333333333333,76.0,25.333333333333332,49.0,16.333333333333332,67,2,4
0.0,1.28751655189768,1.3073220222807882,155.65786589613083,45.0,0.5909090909090909,0.6190476190476191,8.0,7.0,3.0,0.42857142857142855,0.0,3.0,0.0,80.0,26.666666666666668,53.0,17.666666666666668,68,2,4
0.0,0.7241239565733376,0.6681581413662416,183.17234102504307,45.0,0.5454545454545454,0.5769230769230769,8.0,7.0,6.0,0.8571428571428571,4.0,2.0,0.6666666666666666,62.0,10.333333333333334,37.0,6.166666666666667,69,2,4
0.0,0.7056278244865546,1.3056212411325034,217.24694561668284,45.0,0.5,0.5517241379310345,7.0,7.0,3.0,0.42857142857142855,1.0,2.0,0.3333333333333333,26.0,8.666666666666666,10.0,3.3333333333333335,70,2,4
1.0,0.47067583415563197,0.3279375489382217,164.56388106010027,45.0,0.7045454545454546,0.6785714285714286,6.0,5.0,1.0,0.2,1.0,0.0,1.0,36.0,36.0,27.0,27.0,71,2,4
1.0,0.5526219220342607,0.3652956175310894,204.87568387460402,45.0,0.6590909090909091,0.6666666666666666,4.0,3.0,1.0,0.3333333333333333,1.0,0.0,1.0,25.0,25.0,16.0,16.0,72,2,4
0.0,0.7964768145474109,0.7880126620566373,189.23714774066104,45.0,0.5681818181818182,0.5483870967741935,7.0,6.0,4.0,0.6666666666666666,3.0,1.0,0.75,117.0,29.25,88.0,22.0,73,2,4
1.0,0.5996806332517313,0.32331150488590765,172.97716235815977,45.0,0.6136363636363636,0.6333333333333333,8.0,8.0,7.0,0.875,5.0,2.0,0.7142857142857143,88.0,12.571428571428571,54.0,7.714285714285714,74,2,4
0.0,1.0280820926170735,1.2395770803878288,233.4479318543767,45.0,0.5454545454545454,0.6,9.0,8.0,5.0,0.625,2.0,3.0,0.4,83.0,16.6,49.0,9.8,75,2,4
1.0,0.6401626004019714,0.25908391066780134,214.32534434992382,45.0,0.6818181818181818,0.7575757575757576,2.0,2.0,2.0,1.0,2.0,0.0,1.0,62.0,31.0,44.0,22.0,76,2,4
0.0,0.4515697687154925,0.6841960562755723,125.49788218291671,45.0,0.7727272727272727,0.7837837837837838,2.0,2.0,2.0,1.0,2.0,0.0,1.0,39.0,19.5,23.0,11.5,77,2,4
0.0,0.7353224629666899,0.7649984722354859,153.08994095820492,45.0,0.5909090909090909,0.6097560975609756,3.0,1.0,1.0,1.0,1.0,0.0,1.0,17.0,17.0,11.0,11.0,78,2,4
0.0,0.8854213284123972,0.7979303468930076,129.26723731661951,45.0,0.5227272727272727,0.5714285714285714,10.0,9.0,3.0,0.3333333333333333,1.0,2.0,0.3333333333333333,60.0,20.0,33.0,11.0,79,2,4
0.0,0.9507366265508267,0.41385967551048,160.11400038207032,45.0,0.7045454545454546,0.7272727272727273,5.0,5.0,3.0,0.6,0.0,3.0,0.0,41.0,13.666666666666666,17.0,5.666666666666667,80,2,4
1.0,0.43548336907254304,0.32886322690222525,125.87369701888315,45.0,0.8409090909090909,0.8275862068965517,8.0,7.0,2.0,0.2857142857142857,0.0,2.0,0.0,23.0,11.5,12.0,6.0,81,2,4
1.0,0.4742567120797105,0.48694024176130646,158.75678820680167,45.0,0.6590909090909091,0.6216216216216216,3.0,3.0,2.0,0.6666666666666666,2.0,0.0,1.0,16.0,8.0,7.0,3.5,82,2,4
0.0,0.6655329517848414,0.7433707666708146,163.87854161678143,45.0,0.6136363636363636,0.6,9.0,9.0,3.0,0.3333333333333333,1.0,2.0,0.3333333333333333,20.0,6.666666666666667,9.0,3.0,83,2,4
0.0,0.893412772428081,1.4705954157975671,169.52802206763815,45.0,0.6818181818181818,0.7272727272727273,8.0,6.0,4.0,0.6666666666666666,3.0,1.0,0.75,81.0,20.25,55.0,13.75,84,2,4
0.0,0.5731217187570976,0.7503753815217714,198.3800386904828,45.0,0.6818181818181818,0.6756756756756757,7.0,6.0,3.0,0.5,0.0,3.0,0.0,33.0,11.0,17.0,5.666666666666667,85,2,4
1.0,0.6567182703113603,0.45786331133307534,198.51286246091252,45.0,0.5681818181818182,0.6206896551724138,5.0,5.0,3.0,0.6,2.0,1.0,0.6666666666666666,68.0,22.666666666666668,44.0,14.666666666666666,86,2,4
0.0,0.8643884318852207,1.3415626116344608,207.99787934033742,45.0,0.5909090909090909,0.6190476190476191,11.0,10.0,5.0,0.5,2.0,3.0,0.4,53.0,10.6,30.0,6.0,87,2,4
0.0,0.6757349019101563,0.9058593627670208,180.3536573593917,45.0,0.6136363636363636,0.5945945945945946,3.0,3.0,2.0,0.6666666666666666,1.0,1.0,0.5,31.0,15.5,15.0,7.5,88,2,4
0.0,0.7435364640585198,0.46946519009498533,176.22759630579654,45.0,0.5,0.52,7.0,7.0,5.0,0.7142857142857143,2.0,3.0,0.4,75.0,15.0,46.0,9.2,89,2,4
0.0,0.917240019051472,1.768544971925692,187.61480062592565,45.0,0.6136363636363636,0.5666666666666667,7.0,6.0,4.0,0.6666666666666666,1.0,3.0,0.25,39.0,9.75,14.0,3.5,90,2,4
0.0,0.873851006918793,0.7194512036473643,209.69167265696626,45.0,0.6818181818181818,0.6666666666666666,8.0,7.0,6.0,0.8571428571428571,2.0,4.0,0.3333333333333333,63.0,10.5,42.0,7.0,91,2,4
0.0,0.7788287618702705,0.6811559464547379,172.80008855220458,45.0,0.6363636363636364,0.6666666666666666,8.0,8.0,6.0,0.75,2.0,4.0,0.3333333333333333,56.0,9.333333333333334,24.0,4.0,92,2,4
0.0,0.6837720380946825,0.4839924075217072,128.15986298201514,45.0,0.7272727272727273,0.8,4.0,4.0,3.0,0.75,2.0,1.0,0.6666666666666666,55.0,18.333333333333332,31.0,10.333333333333334,93,2,4
1.0,0.4925672064871904,0.48025528351200564,144.90937939486014,45.0,0.7045454545454546,0.7241379310344828,6.0,6.0,2.0,0.3333333333333333,0.0,2.0,0.0,45.0,22.5,27.0,13.5,94,2,4
0.0,0.6830476211889204,0.5995195643755659,123.24058261190689,45.0,0.6590909090909091,0.6666666666666666,5.0,5.0,3.0,0.6,1.0,2.0,0.3333333333333333,30.0,10.0,10.0,3.3333333333333335,95,2,4
1.0,0.6166573958477722,0.31993280361678195,163.02160966129614,45.0,0.6136363636363636,0.52,10.0,9.0,5.0,0.5555555555555556,1.0,4.0,0.2,57.0,11.4,35.0,7.0,96,2,4
0.0,0.5232742625766537,0.6304386528408965,165.36926427629322,45.0,0.7045454545454546,0.75,7.0,7.0,4.0,0.5714285714285714,2.0,2.0,0.5,28.0,7.0,13.0,3.25,97,2,4
0.0,1.061089403690963,1.1126510279723556,153.16390151558738,45.0,0.5454545454545454,0.6,11.0,10.0,5.0,0.5,2.0,3.0,0.4,51.0,10.2,22.0,4.4,98,2,4
0.0,0.6162418416873197,0.8941115297293035,121.07570853840232,45.0,0.75,0.8181818181818182,7.0,7.0,7.0,1.0,5.0,2.0,0.7142857142857143,112.0,16.0,62.0,8.857142857142858,99,2,4
0.0,0.7658764681877853,0.5126971989324599,162.67384043449127,45.0,0.6363636363636364,0.75,3.0,3.0,2.0,0.6666666666666666,2.0,0.0,1.0,56.0,28.0,39.0,19.5,100,2,4
0.0,0.468247058541032,0.5860961788016064,183.36954054028075,45.0,0.6818181818181818,0.6585365853658537,1.0,1.0,1.0,1.0,1.0,0.0,1.0,15.0,15.0,6.0,6.0,101,2,4
0.0,0.6280503447906388,0.4774805722917392,146.03767755449095,45.0,0.7045454545454546,0.7567567567567568,2.0,2.0,2.0,1.0,2.0,0.0,1.0,46.0,23.0,30.0,15.0,102,2,4
0.0,1.0884146383783875,0.9774567615792504,177.36697493303976,45.0,0.5681818181818182,0.6206896551724138,8.0,8.0,5.0,0.625,3.0,2.0,0.6,75.0,15.0,43.0,8.6,103,2,4
1.0,0.6281559988106987,0.3944814615924105,201.95220258712996,45.0,0.6136363636363636,0.631578947368421,2.0,2.0,1.0,0.5,1.0,0.0,1.0,10.0,10.0,6.0,6.0,104,2,4
0.0,0.8920466122704139,0.9935232596520526,140.8331142013924,45.0,0.7045454545454546,0.6896551724137931,5.0,5.0,3.0,0.6,0.0,3.0,0.0,46.0,15.333333333333334,24.0,8.0,105,2,4
0.0,0.9341817968679924,0.679101130077281,169.9662006465737,45.0,0.7727272727272727,0.7567567567567568,5.0,5.0,4.0,0.8,2.0,2.0,0.5,54.0,13.5,28.0,7.0,106,2,4
1.0,0.38778020715530653,0.25083851118013933,128.94994413238595,45.0,0.7272727272727273,0.7,7.0,6.0,4.0,0.6666666666666666,2.0,2.0,0.5,32.0,8.0,16.0,4.0,107,2,4
1.0,0.9226781832968203,0.26630228983872095,122.08909798173694,45.0,0.6590909090909091,0.6585365853658537,6.0,5.0,4.0,0.8,3.0,1.0,0.75,56.0,14.0,28.0,7.0,108,2,4
0.0,0.7706035632878171,0.84395189559075,113.09744942732429,45.0,0.7272727272727273,0.7586206896551724,7.0,7.0,5.0,0.7142857142857143,2.0,3.0,0.4,65.0,13.0,30.0,6.0,109,2,4
1.0,0.43188964335412516,0.4799733995215713,255.64756254586624,45.0,0.6363636363636364,0.6486486486486487,5.0,4.0,1.0,0.25,1.0,0.0,1.0,15.0,15.0,6.0,6.0,110,2,4
1.0,0.662765884866155,0.4841179053741294,132.6417061793036,45.0,0.6590909090909091,0.6756756756756757,2.0,2.0,1.0,0.5,1.0,0.0,1.0,13.0,13.0,5.0,5.0,111,2,4
0.0,0.5740879801797084,0.6639327852346059,200.33255208301816,45.0,0.6818181818181818,0.75,3.0,2.0,1.0,0.5,1.0,0.0,1.0,38.0,38.0,29.0,29.0,112,2,4
0.0,0.7881191515910296,1.1114454067916562,193.9772141486534,45.0,0.4772727272727273,0.5172413793103449,7.0,7.0,2.0,0.2857142857142857,1.0,1.0,0.5,4.0,2.0,2.0,1.0,113,2,4
0.0,1.2568616329754987,2.1083205015636075,142.1934224990355,45.0,0.5227272727272727,0.5652173913043478,8.0,8.0,6.0,0.75,2.0,4.0,0.3333333333333333,80.0,13.333333333333334,46.0,7.666666666666667,114,2,4
0.0,1.0268312315725652,2.1748498057783006,246.78899241723897,45.0,0.5,0.5,7.0,5.0,1.0,0.2,0.0,1.0,0.0,28.0,28.0,19.0,19.0,115,2,4
1.0,0.5119008367035826,0.4148690183187523,197.1740044989656,45.0,0.7272727272727273,0.7368421052631579,6.0,6.0,2.0,0.3333333333333333,0.0,2.0,0.0,30.0,15.0,12.0,6.0,116,2,4
0.0,0.9624688785783673,0.9830473258609512,120.43633652500448,45.0,0.5454545454545454,0.6,5.0,5.0,3.0,0.6,1.0,2.0,0.3333333333333333,33.0,11.0,15.0,5.0,117,2,4
0.0,0.7772305267463677,0.6522443142300615,197.09296726500568,45.0,0.5681818181818182,0.5769230769230769,4.0,4.0,2.0,0.5,1.0,1.0,0.5,48.0,24.0,30.0,15.0,118,2,4
0.0,0.5489869724824968,0.5993726228661663,143.60967788910264,45.0,0.6590909090909091,0.6857142857142857,4.0,4.0,2.0,0.5,1.0,1.0,0.5,41.0,20.5,23.0,11.5,119,2,4
0.0,0.8207051799419158,0.8772817337313307,255.81012156585516,45.0,0.5909090909090909,0.5,9.0,9.0,2.0,0.2222222222222222,1.0,1.0,0.5,26.0,13.0,17.0,8.5,120,2,4
0.0,0.5473923996548962,0.47408938916127735,192.81297719453545,45.0,0.6363636363636364,0.6923076923076923,8.0,8.0,4.0,0.5,1.0,3.0,0.25,66.0,16.5,39.0,9.75,121,2,4
0.0,0.9235946833297548,0.8174920769640273,159.21603512811842,45.0,0.6363636363636364,0.6486486486486487,7.0,7.0,5.0,0.7142857142857143,1.0,4.0,0.2,53.0,10.6,26.0,5.2,122,2,4
1.0,0.7224470462945185,0.25752816040686705,131.49735955601724,45.0,0.6363636363636364,0.7142857142857143,8.0,8.0,3.0,0.375,1.0,2.0,0.3333333333333333,54.0,18.0,33.0,11.0,123,2,4
0.0,0.7321943154799554,0.5757525693959512,157.7773754207753,45.0,0.6590909090909091,0.68,10.0,9.0,8.0,0.8888888888888888,6.0,2.0,0.75,73.0,9.125,41.0,5.125,124,2,4
0.0,0.6967167892975814,0.7651017578193738,242.1615499976804,45.0,0.6363636363636364,0.5714285714285714,11.0,11.0,6.0,0.5454545454545454,2.0,4.0,0.3333333333333333,69.0,11.5,41.0,6.833333333333333,125,2,4
0.0,0.9228167221003472,1.2469316004295798,207.505357605577,45.0,0.5454545454545454,0.5172413793103449,7.0,6.0,3.0,0.5,1.0,2.0,0.3333333333333333,72.0,24.0,51.0,17.0,126,2,4
0.0,0.7015884540025965,0.6330053898770831,155.70043798125624,45.0,0.6818181818181818,0.6875,5.0,4.0,4.0,1.0,3.0,1.0,0.75,66.0,16.5,42.0,10.5,127,2,4
0.0,1.068576897808113,1.4866909409498432,218.17567659494256,45.0,0.6363636363636364,0.6666666666666666,7.0,7.0,2.0,0.2857142857142857,0.0,2.0,0.0,51.0,25.5,33.0,16.5,128,2,4
0.0,0.72113354741506,0.771818745506017,254.2840686577157,45.0,0.5681818181818182,0.5675675675675675,5.0,4.0,4.0,1.0,2.0,2.0,0.5,75.0,18.75,49.0,12.25,129,2,4
0.0,0.7673118678391551,0.5361761271167396,135.92033772129344,45.0,0.5454545454545454,0.5517241379310345,10.0,9.0,4.0,0.4444444444444444,3.0,1.0,0.75,59.0,14.75,31.0,7.75,130,2,4
0.0,0.8254676100206274,0.8033293742165373,104.14549852623219,45.0,0.5454545454545454,0.5769230769230769,6.0,6.0,4.0,0.6666666666666666,3.0,1.0,0.75,45.0,11.25,21.0,5.25,131,2,4
0.0,0.5950571219817103,0.7345228428350734,135.08753243168866,45.0,0.6590909090909091,0.6216216216216216,7.0,6.0,3.0,0.5,2.0,1.0,0.6666666666666666,42.0,14.0,31.0,10.333333333333334,132,2,4
0.0,0.48835008015501336,0.629563351343921,178.07512592930803,45.0,0.6590909090909091,0.6363636363636364,4.0,4.0,3.0,0.75,3.0,0.0,1.0,74.0,24.666666666666668,53.0,17.666666666666668,133,2,4
0.0,0.7898229440750913,1.073818325979573,137.47266043438472,45.0,0.6363636363636364,0.6451612903225806,4.0,4.0,4.0,1.0,2.0,2.0,0.5,42.0,10.5,16.0,4.0,134,2,4
0.0,0.8908406774258111,0.6815310625760157,137.34908914345257,45.0,0.6136363636363636,0.6666666666666666,6.0,6.0,3.0,0.5,1.0,2.0,0.3333333333333333,25.0,8.333333333333334,10.0,3.3333333333333335,135,2,4
1.0,0.6612964274722376,0.357365507186626,143.89981462687916,45.0,0.7045454545454546,0.6071428571428571,6.0,5.0,3.0,0.6,2.0,1.0,0.6666666666666666,55.0,18.333333333333332,40.0,13.333333333333334,136,2,4
0.0,1.1630809400018995,1.0530169351981586,98.5586263159781,23.0,0.6363636363636364,0.8,12.0,12.0,7.0,0.5833333333333334,2.0,5.0,0.2857142857142857,92.0,13.142857142857142,51.0,7.285714285714286,17,2,8
1.0,0.6001615405182522,0.4373032287137596,67.90020185631002,23.0,0.8636363636363636,0.8461538461538461,6.0,6.0,6.0,1.0,4.0,2.0,0.6666666666666666,58.0,9.666666666666666,33.0,5.5,18,2,8
0.0,1.0190569258832032,1.2202077000455445,97.61300920511714,23.0,0.5909090909090909,0.5294117647058824,4.0,4.0,1.0,0.25,0.0,1.0,0.0,16.0,16.0,7.0,7.0,19,2,8
0.0,1.321664146650646,1.233169068285908,82.09026194514261,23.0,0.5454545454545454,0.47058823529411764,4.0,4.0,3.0,0.75,3.0,0.0,1.0,61.0,20.333333333333332,34.0,11.333333333333334,20,2,8
0.0,0.8162398334348678,0.9851920555377343,168.51416793139614,23.0,0.6363636363636364,0.75,13.0,11.0,7.0,0.6363636363636364,4.0,3.0,0.5714285714285714,66.0,9.428571428571429,35.0,5.0,21,2,8
0.0,0.8765692216017362,1.582348000094228,114.88098116466514,23.0,0.6363636363636364,0.6190476190476191,2.0,2.0,1.0,0.5,1.0,0.0,1.0,5.0,5.0,4.0,4.0,22,2,8
1.0,0.8113404246354811,0.37088625096265854,98.2883822052998,23.0,0.7727272727272727,0.8,4.0,4.0,3.0,0.75,1.0,2.0,0.3333333333333333,50.0,16.666666666666668,25.0,8.333333333333334,23,2,8
1.0,0.5064647032504582,0.2937532778707653,105.8623353062412,23.0,0.7727272727272727,0.7619047619047619,3.0,3.0,3.0,1.0,3.0,0.0,1.0,30.0,10.0,18.0,6.0,24,2,8
0.0,0.8893488431401071,1.2049994890041482,82.57538559852587,23.0,0.8636363636363636,0.8571428571428571,7.0,5.0,4.0,0.8,2.0,2.0,0.5,72.0,18.0,39.0,9.75,25,2,8
0.0,1.778050450276527,1.9312578734268382,97.20912429369672,23.0,0.4090909090909091,0.35294117647058826,4.0,4.0,1.0,0.25,1.0,0.0,1.0,19.0,19.0,10.0,10.0,26,2,8
0.0,0.9426690820693572,1.1336407625290654,69.67315372156018,23.0,0.5909090909090909,0.7,8.0,8.0,4.0,0.5,1.0,3.0,0.25,68.0,17.0,43.0,10.75,27,2,8
0.0,0.8191222580804707,1.1924561466361077,154.85866929998858,23.0,0.6818181818181818,0.631578947368421,3.0,3.0,1.0,0.3333333333333333,0.0,1.0,0.0,14.0,14.0,5.0,5.0,28,2,8
0.0,0.8304743137878435,1.4055031165037364,100.04208696283392,23.0,0.5454545454545454,0.6470588235294118,3.0,3.0,2.0,0.6666666666666666,1.0,1.0,0.5,22.0,11.0,13.0,6.5,29,2,8
0.0,0.8461666969502413,0.7040278381940329,93.9222001077824,23.0,0.7272727272727273,0.7368421052631579,4.0,4.0,2.0,0.5,2.0,0.0,1.0,26.0,13.0,17.0,8.5,30,2,8
0.0,1.2078748504992685,1.7277949511116093,99.91510714330721,23.0,0.5,0.4117647058823529,5.0,5.0,3.0,0.6,2.0,1.0,0.6666666666666666,85.0,28.333333333333332,70.0,23.333333333333332,31,2,8
0.0,0.8958832199916704,0.852201413638176,140.4164417945733,23.0,0.5909090909090909,0.5882352941176471,3.0,3.0,1.0,0.3333333333333333,0.0,1.0,0.0,49.0,49.0,40.0,40.0,32,2,8
0.0,1.0600030090926862,1.920419733811195,112.20823885506202,23.0,0.6363636363636364,0.6923076923076923,8.0,7.0,5.0,0.7142857142857143,1.0,4.0,0.2,86.0,17.2,55.0,11.0,33,2,8
0.0,1.231889669068825,0.7566985480944761,115.53340573361368,23.0,0.5454545454545454,0.4166666666666667,10.0,9.0,2.0,0.2222222222222222,1.0,1.0,0.5,67.0,33.5,50.0,25.0,34,2,8
0.0,0.9633106079860192,1.5240213938749823,137.94465239463293,23.0,0.6363636363636364,0.631578947368421,6.0,4.0,2.0,0.5,2.0,0.0,1.0,22.0,11.0,11.0,5.5,35,2,8
0.0,0.6805694313966357,0.9010905230893853,133.17016947052954,23.0,0.8181818181818182,0.7692307692307693,6.0,6.0,4.0,0.6666666666666666,2.0,2.0,0.5,71.0,17.75,50.0,12.5,36,2,8
0.0,0.6384969893086903,0.7892509818992759,48.82155697364667,23.0,0.8181818181818182,0.8333333333333334,3.0,3.0,2.0,0.6666666666666666,1.0,1.0,0.5,35.0,17.5,17.0,8.5,37,2,8
0.0,1.5400259316437293,1.0600229652243982,91.1811776338346,23.0,0.6363636363636364,0.6923076923076923,6.0,5.0,3.0,0.6,3.0,0.0,1.0,32.0,10.666666666666666,21.0,7.0,38,2,8
0.0,1.167112247614898,1.3632794967206183,69.17621361321493,23.0,0.6363636363636364,0.7058823529411765,7.0,7.0,4.0,0.5714285714285714,0.0,4.0,0.0,59.0,14.75,24.0,6.0,39,2,8
0.0,0.8148759728209652,0.7512580258245821,114.98302075811351,23.0,0.7727272727272727,0.7619047619047619,4.0,4.0,2.0,0.5,1.0,1.0,0.5,10.0,5.0,7.0,3.5,40,2,8
0.0,1.1442049534202559,1.748151833741059,138.52004865806478,23.0,0.5454545454545454,0.5238095238095238,1.0,1.0,1.0,1.0,0.0,1.0,0.0,23.0,23.0,14.0,14.0,41,2,8
0.0,0.8741941380008055,1.273984150351623,108.34453993196148,23.0,0.6818181818181818,0.7368421052631579,4.0,4.0,2.0,0.5,1.0,1.0,0.5,42.0,21.0,24.0,12.0,42,2,8
0.0,1.3507236203859776,1.8416523240040037,80.64282951823742,23.0,0.5909090909090909,0.5714285714285714,6.0,6.0,4.0,0.6666666666666666,3.0,1.0,0.75,38.0,9.5,13.0,3.25,43,2,8
0.0,0.6566250970294287,0.6392051609011463,110.91428194535287,23.0,0.7272727272727273,0.6842105263157895,5.0,5.0,2.0,0.4,1.0,1.0,0.5,14.0,7.0,9.0,4.5,44,2,8
0.0,0.9341555919460096,1.112833235858885,159.20141435921957,23.0,0.5,0.5294117647058824,5.0,5.0,5.0,1.0,3.0,2.0,0.6,37.0,7.4,20.0,4.0,45,2,8
0.0,0.7255594337725301,0.7283670010074197,73.383079730696,23.0,0.6818181818181818,0.6153846153846154,9.0,8.0,6.0,0.75,3.0,3.0,0.5,74.0,12.333333333333334,36.0,6.0,46,2,8
0.0,1.1011791260025836,1.4607869052986953,100.48088530400148,23.0,0.5909090909090909,0.5882352941176471,5.0,5.0,3.0,0.6,2.0,1.0,0.6666666666666666,51.0,17.0,24.0,8.0,47,2,8
1.0,0.6546103186108911,0.4659127258846946,102.48461252941041,23.0,0.7727272727272727,0.8235294117647058,6.0,6.0,5.0,0.8333333333333334,3.0,2.0,0.6,35.0,7.0,16.0,3.2,48,2,8
0.0,0.9905832906456224,1.4460844279066773,66.30519123073256,23.0,0.8181818181818182,0.8125,9.0,6.0,4.0,0.6666666666666666,3.0,1.0,0.75,65.0,16.25,46.0,11.5,49,2,8
0.0,0.6571485765381376,0.6215251478376019,135.84774787105562,23.0,0.6818181818181818,0.6923076923076923,7.0,6.0,5.0,0.8333333333333334,4.0,1.0,0.8,29.0,5.8,17.0,3.4,50,2,8
0.0,0.9064747171776049,0.5226797777983823,76.88165454270408,23.0,0.6818181818181818,0.7058823529411765,5.0,5.0,3.0,0.6,2.0,1.0,0.6666666666666666,51.0,17.0,26.0,8.666666666666666,51,2,8
0.0,0.8377993195728485,1.1837586182827176,159.30839601123424,23.0,0.5454545454545454,0.5,5.0,4.0,2.0,0.5,1.0,1.0,0.5,41.0,20.5,23.0,11.5,52,2,8
0.0,1.0106233009427827,1.6608857772973438,113.04577982498947,23.0,0.6818181818181818,0.7692307692307693,10.0,10.0,9.0,0.9,4.0,5.0,0.4444444444444444,83.0,9.222222222222221,42.0,4.666666666666667,53,2,8
0.0,0.8760053186309581,1.3401652641189232,125.24495752298677,23.0,0.5909090909090909,0.8125,5.0,5.0,3.0,0.6,1.0,2.0,0.3333333333333333,33.0,11.0,14.0,4.666666666666667,54,2,8
0.0,1.2175753984320516,1.7819674863240604,99.34761735286087,23.0,0.45454545454545453,0.42105263157894735,4.0,4.0,3.0,0.75,1.0,2.0,0.3333333333333333,39.0,13.0,26.0,8.666666666666666,55,2,8
1.0,0.5766431031961043,0.40848971089861225,79.789970339506,23.0,0.7272727272727273,0.8,6.0,5.0,1.0,0.2,0.0,1.0,0.0,6.0,6.0,1.0,1.0,56,2,8
0.0,0.9461966111793272,1.081837340188898,98.5181599017586,23.0,0.7272727272727273,0.7647058823529411,4.0,4.0,4.0,1.0,2.0,2.0,0.5,53.0,13.25,29.0,7.25,57,2,8
0.0,1.0484606084156278,1.1870491608348244,96.0026099512192,23.0,0.6363636363636364,0.7333333333333333,5.0,5.0,2.0,0.4,1.0,1.0,0.5,31.0,15.5,20.0,10.0,58,2,8
0.0,0.9758160376800097,1.1539902020970167,156.94627673884645,23.0,0.6363636363636364,0.5454545454545454,13.0,10.0,4.0,0.4,1.0,3.0,0.25,45.0,11.25,18.0,4.5,59,2,8
0.0,1.1511420039405027,0.9012014708641841,117.22496752261739,23.0,0.4090909090909091,0.35294117647058826,3.0,3.0,1.0,0.3333333333333333,0.0,1.0,0.0,24.0,24.0,15.0,15.0,60,2,8
0.0,1.0228107212732362,1.632343871201597,140.11368505930702,23.0,0.5454545454545454,0.6153846153846154,8.0,8.0,2.0,0.25,0.0,2.0,0.0,35.0,17.5,17.0,8.5,61,2,8
0.0,1.293834664274132,0.9845684677688017,127.68186805673551,23.0,0.5909090909090909,0.6470588235294118,5.0,5.0,2.0,0.4,1.0,1.0,0.5,32.0,16.0,17.0,8.5,62,2,8
0.0,1.125285535892166,0.632642953977784,121.36949135739341,23.0,0.7272727272727273,0.75,3.0,3.0,2.0,0.6666666666666666,1.0,1.0,0.5,56.0,28.0,38.0,19.0,63,2,8
0.0,1.0102933112525219,0.6873856588872103,154.70933157062592,23.0,0.5909090909090909,0.5,4.0,4.0,3.0,0.75,2.0,1.0,0.6666666666666666,32.0,10.666666666666666,21.0,7.0,64,2,8
0.0,0.8999254954263457,1.1144456458371792,84.58417233733658,23.0,0.5909090909090909,0.46153846153846156,9.0,7.0,2.0,0.2857142857142857,1.0,1.0,0.5,41.0,20.5,23.0,11.5,65,2,8
0.0,0.7903028895097142,0.6046773394492294,120.05409712862112,23.0,0.7727272727272727,0.8125,9.0,9.0,5.0,0.5555555555555556,1.0,4.0,0.2,55.0,11.0,29.0,5.8,66,2,8
0.0,0.6132630967675682,0.5892819525845108,82.37883404263985,23.0,0.7727272727272727,0.75,6.0,6.0,3.0,0.5,2.0,1.0,0.6666666666666666,28.0,9.333333333333334,16.0,5.333333333333333,67,2,8
0.0,1.1505370090268088,1.7582437410274496,77.17603723393871,23.0,0.6363636363636364,0.6363636363636364,8.0,7.0,4.0,0.5714285714285714,2.0,2.0,0.5,81.0,20.25,54.0,13.5,68,2,8
0.0,0.9881445245084384,1.1983499566151485,98.49115517260361,23.0,0.5454545454545454,0.5384615384615384,8.0,7.0,6.0,0.8571428571428571,3.0,3.0,0.5,96.0,16.0,69.0,11.5,69,2,8
0.0,1.0845769818612863,2.2081454535723655,114.78727091435739,23.0,0.45454545454545453,0.6428571428571429,7.0,7.0,2.0,0.2857142857142857,0.0,2.0,0.0,56.0,28.0,38.0,19.0,70,2,8
0.0,0.8051327531898086,0.6271253123651814,118.37118513260498,23.0,0.7727272727272727,0.7857142857142857,6.0,5.0,4.0,0.8,3.0,1.0,0.75,29.0,7.25,16.0,4.0,71,2,8
0.0,1.0394129131468364,0.6414306458903942,103.40667625252695,23.0,0.6818181818181818,0.8125,4.0,3.0,2.0,0.6666666666666666,1.0,1.0,0.5,46.0,23.0,31.0,15.5,72,2,8
0.0,1.4772445083873056,1.338413934180176,72.06188684670414,23.0,0.5454545454545454,0.5625,7.0,6.0,3.0,0.5,2.0,1.0,0.6666666666666666,90.0,30.0,63.0,21.0,73,2,8
1.0,0.9010430850594667,0.354647633135454,103.70263815408853,23.0,0.5909090909090909,0.6,8.0,8.0,6.0,0.75,4.0,2.0,0.6666666666666666,95.0,15.833333333333334,55.0,9.166666666666666,74,2,8
0.0,1.0602827101635997,0.6072938289447439,139.25111826606158,23.0,0.5,0.6,9.0,8.0,2.0,0.25,1.0,1.0,0.5,38.0,19.0,29.0,14.5,75,2,8
0.0,1.1128496130360603,1.1332723654939816,142.38261407587285,23.0,0.6363636363636364,0.7058823529411765,2.0,2.0,2.0,1.0,2.0,0.0,1.0,69.0,34.5,51.0,25.5,76,2,8
0.0,0.7213158239065843,1.5707363602235969,71.15118858939266,23.0,0.8181818181818182,0.7894736842105263,2.0,2.0,2.0,1.0,2.0,0.0,1.0,44.0,22.0,26.0,13.0,77,2,8
0.0,1.289218994099516,0.9625685474397468,86.2946051908876,23.0,0.5909090909090909,0.5714285714285714,3.0,1.0,1.0,1.0,1.0,0.0,1.0,25.0,25.0,16.0,16.0,78,2,8
0.0,1.0788111670052534,1.2329735686215346,106.84062686958987,23.0,0.45454545454545453,0.5454545454545454,10.0,9.0,6.0,0.6666666666666666,2.0,4.0,0.3333333333333333,51.0,8.5,29.0,4.833333333333333,79,2,8
0.0,1.417750411780231,1.0272784516368083,92.78936370264448,23.0,0.7727272727272727,0.7647058823529411,5.0,5.0,3.0,0.6,1.0,2.0,0.3333333333333333,37.0,12.333333333333334,16.0,5.333333333333333,80,2,8
0.0,0.7542885015945587,0.8593674178152826,82.39199465943027,23.0,0.7727272727272727,0.7857142857142857,8.0,7.0,3.0,0.42857142857142855,1.0,2.0,0.3333333333333333,26.0,8.666666666666666,14.0,4.666666666666667,81,2,8
1.0,0.4788269595360548,0.4955700090853515,126.19217711353035,23.0,0.7272727272727273,0.6842105263157895,3.0,3.0,1.0,0.3333333333333333,1.0,0.0,1.0,6.0,6.0,6.0,6.0,82,2,8
0.0,1.0223659565804313,0.9397762057068074,102.22841094465649,23.0,0.6363636363636364,0.6875,9.0,9.0,6.0,0.6666666666666666,0.0,6.0,0.0,77.0,12.833333333333334,51.0,8.5,83,2,8
0.0,1.0599642871650767,2.1068881135073805,76.05893529745362,23.0,0.6818181818181818,0.7647058823529411,8.0,6.0,5.0,0.8333333333333334,2.0,3.0,0.4,86.0,17.2,50.0,10.0,84,2,8
0.0,0.8297297517370015,1.1359955277710925,161.46965606149124,23.0,0.6363636363636364,0.631578947368421,7.0,6.0,4.0,0.6666666666666666,1.0,3.0,0.25,35.0,8.75,19.0,4.75,85,2,8
0.0,1.032362879285867,0.5896994956167415,115.99646894529239,23.0,0.6363636363636364,0.6666666666666666,5.0,5.0,5.0,1.0,3.0,2.0,0.6,69.0,13.8,34.0,6.8,86,2,8
0.0,1.5472117394112337,1.9410193532651145,112.15042975998489,23.0,0.5,0.5,11.0,10.0,4.0,0.4,1.0,3.0,0.25,74.0,18.5,43.0,10.75,87,2,8
0.0,1.029944822413648,1.5864842790057303,74.11283704578914,23.0,0.6363636363636364,0.631578947368421,3.0,3.0,3.0,1.0,1.0,2.0,0.3333333333333333,40.0,13.333333333333334,22.0,7.333333333333333,88,2,8
0.0,0.9431725822944899,0.7944589161849671,115.2105995816775,23.0,0.5454545454545454,0.5384615384615384,7.0,7.0,2.0,0.2857142857142857,1.0,1.0,0.5,29.0,14.5,12.0,6.0,89,2,8
0.0,0.9213305553980013,1.4317695098881242,131.15640116630533,23.0,0.6363636363636364,0.5333333333333333,7.0,6.0,4.0,0.6666666666666666,2.0,2.0,0.5,58.0,14.5,37.0,9.25,90,2,8
0.0,1.3183956867109838,1.1187477223815614,87.93720780604548,23.0,0.7272727272727273,0.6666666666666666,8.0,7.0,4.0,0.5714285714285714,1.0,3.0,0.25,49.0,12.25,33.0,8.25,91,2,8
0.0,1.3652465785553873,1.1696169126131895,106.78399753924558,23.0,0.5909090909090909,0.6,8.0,8.0,5.0,0.625,2.0,3.0,0.4,39.0,7.8,18.0,3.6,92,2,8
0.0,0.9117981542303476,1.0202734904963593,56.029881691189196,23.0,0.8636363636363636,0.9230769230769231,4.0,4.0,3.0,0.75,2.0,1.0,0.6666666666666666,58.0,19.333333333333332,31.0,10.333333333333334,93,2,8
1.0,0.6091066739764747,0.39495280801526267,130.17925539371328,23.0,0.6818181818181818,0.7333333333333333,6.0,6.0,5.0,0.8333333333333334,4.0,1.0,0.8,49.0,9.8,25.0,5.0,94,2,8
0.0,1.0079326891348541,1.0805155165464193,128.2308713110802,23.0,0.6363636363636364,0.5882352941176471,5.0,5.0,3.0,0.6,1.0,2.0,0.3333333333333333,22.0,7.333333333333333,9.0,3.0,95,2,8
0.0,0.9297538228389294,0.7351883415704062,114.64673773480614,23.0,0.5909090909090909,0.46153846153846156,10.0,9.0,5.0,0.5555555555555556,2.0,3.0,0.4,75.0,15.0,38.0,7.6,96,2,8
0.0,0.8674141967326606,0.8496554592073273,93.50773148529912,23.0,0.7727272727272727,0.8125,7.0,7.0,6.0,0.8571428571428571,3.0,3.0,0.5,77.0,12.833333333333334,41.0,6.833333333333333,97,2,8
0.0,1.5941469294587365,1.311357099790347,76.05823336749174,23.0,0.5454545454545454,0.5454545454545454,11.0,10.0,6.0,0.6,1.0,5.0,0.16666666666666666,78.0,13.0,33.0,5.5,98,2,8
0.0,0.8170119650458162,1.042804860033025,111.28200299177946,23.0,0.8181818181818182,0.8823529411764706,7.0,7.0,6.0,0.8571428571428571,4.0,2.0,0.6666666666666666,85.0,14.166666666666666,43.0,7.166666666666667,99,2,8
0.0,1.1257982184407629,0.546166307046899,94.4539796785135,23.0,0.6818181818181818,0.8125,3.0,3.0,2.0,0.6666666666666666,1.0,1.0,0.5,5.0,2.5,2.0,1.0,100,2,8
1.0,0.6495269422784476,0.46490618556362745,135.44522745778707,23.0,0.7272727272727273,0.7142857142857143,1.0,1.0,1.0,1.0,1.0,0.0,1.0,21.0,21.0,12.0,12.0,101,2,8
0.0,0.602987972738547,0.6246800550807733,105.11984526551693,23.0,0.8181818181818182,0.8421052631578947,2.0,2.0,2.0,1.0,2.0,0.0,1.0,50.0,25.0,35.0,17.5,102,2,8
0.0,1.269054761646415,1.3697665118990703,129.50478571380177,23.0,0.5909090909090909,0.6666666666666666,8.0,8.0,4.0,0.5,1.0,3.0,0.25,48.0,12.0,29.0,7.25,103,2,8
0.0,1.226833709603414,0.7829512870824522,129.41432095796964,23.0,0.5,0.47368421052631576,2.0,2.0,2.0,1.0,1.0,1.0,0.5,14.0,7.0,5.0,2.5,104,2,8
1.0,0.6987295006304234,0.4610673743611577,65.09582090106919,23.0,0.7727272727272727,0.7333333333333333,5.0,5.0,3.0,0.6,2.0,1.0,0.6666666666666666,51.0,17.0,24.0,8.0,105,2,8
0.0,1.3249512123053337,1.077307374281177,96.08791293972952,23.0,0.8181818181818182,0.7894736842105263,5.0,5.0,4.0,0.8,3.0,1.0,0.75,61.0,15.25,33.0,8.25,106,2,8
0.0,0.6483795372476718,0.5845180734468611,136.91290673171846,23.0,0.5909090909090909,0.6,7.0,6.0,4.0,0.6666666666666666,2.0,2.0,0.5,34.0,8.5,18.0,4.5,107,2,8
0.0,1.355709563331628,0.672768680202746,93.54789633537324,23.0,0.5909090909090909,0.5714285714285714,6.0,5.0,4.0,0.8,3.0,1.0,0.75,72.0,18.0,40.0,10.0,108,2,8
0.0,1.0765364163846032,1.3385599750423771,126.726745397037,23.0,0.6818181818181818,0.7333333333333333,7.0,7.0,6.0,0.8571428571428571,3.0,3.0,0.5,84.0,14.0,42.0,7.0,109,2,8
0.0,0.9992652189990663,1.5811340475131184,135.34432508638653,23.0,0.6363636363636364,0.631578947368421,5.0,4.0,4.0,1.0,3.0,1.0,0.75,84.0,21.0,63.0,15.75,110,2,8
0.0,0.9775476161802703,0.6345516214579607,111.11450571188387,23.0,0.6363636363636364,0.631578947368421,2.0,2.0,1.0,0.5,1.0,0.0,1.0,12.0,12.0,7.0,7.0,111,2,8
1.0,0.7396292173080122,0.41450602472357617,100.73992740581359,23.0,0.7272727272727273,0.875,3.0,2.0,1.0,0.5,1.0,0.0,1.0,36.0,36.0,27.0,27.0,112,2,8
0.0,1.0646252129781109,1.2894434239753623,124.56838672523003,23.0,0.45454545454545453,0.5333333333333333,7.0,7.0,3.0,0.42857142857142855,0.0,3.0,0.0,11.0,3.6666666666666665,9.0,3.0,113,2,8
0.0,1.573944191048574,2.4701981274384215,89.91068406537943,23.0,0.5,0.5833333333333334,8.0,8.0,7.0,0.875,3.0,4.0,0.42857142857142855,120.0,17.142857142857142,76.0,10.857142857142858,114,2,8
0.0,1.5640178380938052,3.1631103507555207,122.83223532770673,23.0,0.5454545454545454,0.5555555555555556,7.0,5.0,2.0,0.4,0.0,2.0,0.0,37.0,18.5,22.0,11.0,115,2,8
0.0,0.9304244524674945,0.6775195468852926,63.58020610275996,23.0,0.8181818181818182,0.8,6.0,6.0,4.0,0.6666666666666666,1.0,3.0,0.25,51.0,12.75,25.0,6.25,116,2,8
0.0,1.208594489902782,1.0702990118480558,103.70361940485853,23.0,0.5454545454545454,0.5333333333333333,5.0,5.0,4.0,0.8,2.0,2.0,0.5,43.0,10.75,22.0,5.5,117,2,8
0.0,0.9691939116645879,0.4645965303018867,87.50177766294662,23.0,0.5454545454545454,0.5384615384615384,4.0,4.0,3.0,0.75,3.0,0.0,1.0,38.0,12.666666666666666,29.0,9.666666666666666,118,2,8
1.0,0.7822543587913603,0.34415546419872356,71.25900899124832,23.0,0.6363636363636364,0.6111111111111112,4.0,4.0,3.0,0.75,1.0,2.0,0.3333333333333333,62.0,20.666666666666668,35.0,11.666666666666666,119,2,8
1.0,0.8414214956138236,0.26327604000453825,115.90702752535596,23.0,0.6818181818181818,0.5714285714285714,9.0,9.0,5.0,0.5555555555555556,2.0,3.0,0.4,41.0,8.2,21.0,4.2,120,2,8
1.0,0.7325389950106599,0.44319831964400325,113.62411307316272,23.0,0.6363636363636364,0.5714285714285714,8.0,8.0,5.0,0.625,2.0,3.0,0.4,64.0,12.8,36.0,7.2,121,2,8
0.0,1.53340592528076,0.871558758031487,154.3332399233449,23.0,0.6818181818181818,0.6842105263157895,7.0,7.0,6.0,0.8571428571428571,1.0,5.0,0.16666666666666666,71.0,11.833333333333334,35.0,5.833333333333333,122,2,8
0.0,1.0074574691475002,0.494252446151934,86.30183295771536,23.0,0.6818181818181818,0.6363636363636364,8.0,8.0,6.0,0.75,4.0,2.0,0.6666666666666666,84.0,14.0,51.0,8.5,123,2,8
0.0,1.0289779033733537,0.874908736629506,123.52138413059497,23.0,0.6818181818181818,0.6923076923076923,10.0,9.0,7.0,0.7777777777777778,4.0,3.0,0.5714285714285714,43.0,6.142857142857143,19.0,2.7142857142857144,124,2,8
0.0,0.9956131843824699,0.6743183541069091,138.9419257098266,23.0,0.6363636363636364,0.6,11.0,11.0,5.0,0.45454545454545453,2.0,3.0,0.4,81.0,16.2,61.0,12.2,125,2,8
0.0,1.343666476922603,1.7416276957676748,137.4981865151039,23.0,0.5,0.5333333333333333,7.0,6.0,4.0,0.6666666666666666,2.0,2.0,0.5,34.0,8.5,24.0,6.0,126,2,8
0.0,1.1912596154033561,1.151697406074349,142.89666889810277,23.0,0.5909090909090909,0.625,5.0,4.0,4.0,1.0,3.0,1.0,0.75,69.0,17.25,45.0,11.25,127,2,8
0.0,1.1374027088642942,0.5080527990338133,110.73290165894394,23.0,0.6363636363636364,0.8,7.0,7.0,4.0,0.5714285714285714,3.0,1.0,0.75,47.0,11.75,20.0,5.0,128,2,8
0.0,1.4415736925186031,1.8444097025958301,88.49954409652509,23.0,0.45454545454545453,0.47368421052631576,5.0,4.0,3.0,0.75,2.0,1.0,0.6666666666666666,29.0,9.666666666666666,20.0,6.666666666666667,129,2,8
0.0,0.8244738394671622,0.5388838827717518,151.1561290249319,23.0,0.5909090909090909,0.5714285714285714,10.0,9.0,4.0,0.4444444444444444,2.0,2.0,0.5,64.0,16.0,36.0,9.0,130,2,8
0.0,1.0600980331990644,1.2655590747045522,86.25929702657963,23.0,0.5454545454545454,0.6153846153846154,6.0,6.0,5.0,0.8333333333333334,4.0,1.0,0.8,63.0,12.6,31.0,6.2,131,2,8
0.0,0.9966607767374089,1.4609488108121105,106.83759563769237,23.0,0.5,0.42105263157894735,7.0,6.0,3.0,0.5,1.0,2.0,0.3333333333333333,44.0,14.666666666666666,24.0,8.0,132,2,8
1.0,0.7196795585375886,0.4479838411549837,114.1606484762134,23.0,0.7272727272727273,0.7058823529411765,4.0,4.0,2.0,0.5,2.0,0.0,1.0,20.0,10.0,12.0,6.0,133,2,8
0.0,0.9901642584721635,1.7444345888424506,92.63560458933647,23.0,0.6818181818181818,0.625,4.0,4.0,4.0,1.0,2.0,2.0,0.5,44.0,11.0,20.0,5.0,134,2,8
0.0,1.1999888438191868,0.6763246201965969,140.3507273880374,23.0,0.6818181818181818,0.7142857142857143,6.0,6.0,4.0,0.6666666666666666,2.0,2.0,0.5,30.0,7.5,15.0,3.75,135,2,8
0.0,0.8651942843130895,0.7381357441905478,84.55374403601145,23.0,0.7272727272727273,0.5714285714285714,6.0,5.0,4.0,0.8,3.0,1.0,0.75,45.0,11.25,27.0,6.75,136,2,8
0.0,1.9124762717412456,1.7567060179697715,83.63873899725354,12.0,0.45454545454545453,0.5,12.0,12.0,6.0,0.5,1.0,5.0,0.16666666666666666,103.0,17.166666666666668,61.0,10.166666666666666,17,2,16
0.0,1.0711296737805125,0.5892120211133398,43.685878885274924,12.0,0.9090909090909091,0.8571428571428571,6.0,6.0,3.0,0.5,1.0,2.0,0.3333333333333333,45.0,15.0,24.0,8.0,18,2,16
0.0,1.525414127292114,3.0914633468120796,80.49234868779102,12.0,0.5454545454545454,0.5555555555555556,4.0,4.0,2.0,0.5,0.0,2.0,0.0,25.0,12.5,13.0,6.5,19,2,16
0.0,1.3416537283420074,1.486161552497023,84.22761593002198,12.0,0.5454545454545454,0.4444444444444444,4.0,4.0,2.0,0.5,2.0,0.0,1.0,35.0,17.5,25.0,12.5,20,2,16
0.0,1.3470821760563598,1.860238401524252,96.64909238457106,12.0,0.6363636363636364,0.6666666666666666,13.0,11.0,7.0,0.6363636363636364,1.0,6.0,0.14285714285714285,92.0,13.142857142857142,46.0,6.571428571428571,21,2,16
0.0,1.6681225365238572,1.6694920561609972,85.71074378023103,12.0,0.5454545454545454,0.5454545454545454,2.0,2.0,1.0,0.5,1.0,0.0,1.0,42.0,42.0,33.0,33.0,22,2,16
1.0,1.712466288328341,0.4556781911449649,47.37370868833709,12.0,0.8181818181818182,0.875,4.0,4.0,2.0,0.5,2.0,0.0,1.0,54.0,27.0,40.0,20.0,23,2,16
0.0,1.0908880194003374,0.6213848661251222,34.56459672842663,12.0,0.9090909090909091,0.9090909090909091,3.0,3.0,2.0,0.6666666666666666,1.0,1.0,0.5,47.0,23.5,31.0,15.5,24,2,16
0.0,1.3713549754675232,1.1618428686995388,49.43657032389719,12.0,0.9090909090909091,0.8571428571428571,7.0,5.0,3.0,0.6,2.0,1.0,0.6666666666666666,56.0,18.666666666666668,32.0,10.666666666666666,25,2,16
0.0,2.7848212130727634,3.0212248976567513,107.2380947985242,12.0,0.2727272727272727,0.2222222222222222,4.0,4.0,1.0,0.25,0.0,1.0,0.0,29.0,29.0,20.0,20.0,26,2,16
0.0,1.0752879038716716,0.8937831689934984,76.26809900829372,12.0,0.45454545454545453,0.5,8.0,8.0,3.0,0.375,1.0,2.0,0.3333333333333333,31.0,10.333333333333334,11.0,3.6666666666666665,27,2,16
0.0,0.9030879102416733,0.6601230937746413,46.00933312710351,12.0,1.0,1.0,3.0,3.0,3.0,1.0,2.0,1.0,0.6666666666666666,23.0,7.666666666666667,11.0,3.6666666666666665,28,2,16
0.0,1.3635851219557271,2.403253552372622,73.89327948560194,12.0,0.36363636363636365,0.4444444444444444,3.0,3.0,2.0,0.6666666666666666,0.0,2.0,0.0,31.0,15.5,13.0,6.5,29,2,16
0.0,1.1029839836962276,0.9460423862604483,50.529568498964196,12.0,0.9090909090909091,0.9,4.0,4.0,1.0,0.25,1.0,0.0,1.0,24.0,24.0,17.0,17.0,30,2,16
0.0,1.9005342375794152,2.8420848919178345,59.24217988126188,12.0,0.6363636363636364,0.5555555555555556,5.0,5.0,3.0,0.6,1.0,2.0,0.3333333333333333,95.0,31.666666666666668,73.0,24.333333333333332,31,2,16
0.0,1.5699936706196937,0.9887896457313101,54.62209295139468,12.0,0.7272727272727273,0.7777777777777778,3.0,3.0,2.0,0.6666666666666666,1.0,1.0,0.5,23.0,11.5,9.0,4.5,32,2,16
0.0,2.0885412226915556,4.027788256030896,75.26294715228767,12.0,0.5454545454545454,0.5714285714285714,8.0,7.0,3.0,0.42857142857142855,1.0,2.0,0.3333333333333333,79.0,26.333333333333332,54.0,18.0,33,2,16
0.0,1.8123556404510188,1.6466932055887984,61.25714463953671,12.0,0.5454545454545454,0.3333333333333333,10.0,9.0,6.0,0.6666666666666666,2.0,4.0,0.3333333333333333,105.0,17.5,83.0,13.833333333333334,34,2,16
0.0,1.6775042029430478,3.226581972870563,92.2313215199893,12.0,0.5454545454545454,0.5,6.0,4.0,3.0,0.75,3.0,0.0,1.0,39.0,13.0,26.0,8.666666666666666,35,2,16
1.0,0.8369684022465023,0.42924162760821105,60.40147680585658,12.0,0.7272727272727273,0.5714285714285714,6.0,6.0,2.0,0.3333333333333333,1.0,1.0,0.5,26.0,13.0,16.0,8.0,36,2,16
0.0,0.931744806870127,1.3840508581984514,59.831043712033214,12.0,0.8181818181818182,0.7777777777777778,3.0,3.0,1.0,0.3333333333333333,1.0,0.0,1.0,6.0,6.0,5.0,5.0,37,2,16
0.0,2.4955716332186,1.907864291017692,68.03735976984609,12.0,0.7272727272727273,0.8571428571428571,6.0,5.0,1.0,0.2,0.0,1.0,0.0,20.0,20.0,11.0,11.0,38,2,16
0.0,1.634018634853873,1.4303056715956488,77.04813949108542,12.0,0.5454545454545454,0.6666666666666666,7.0,7.0,4.0,0.5714285714285714,2.0,2.0,0.5,48.0,12.0,20.0,5.0,39,2,16
0.0,1.4541126972017304,1.1448598741533753,92.23351203408687,12.0,0.6363636363636364,0.6363636363636364,4.0,4.0,3.0,0.75,1.0,2.0,0.3333333333333333,38.0,12.666666666666666,26.0,8.666666666666666,40,2,16
0.0,2.2988355584076605,3.755177036178397,109.9498808535114,12.0,0.45454545454545453,0.45454545454545453,1.0,1.0,1.0,1.0,0.0,1.0,0.0,23.0,23.0,14.0,14.0,41,2,16
0.0,1.131897489342811,2.4789810837429056,54.1049205824678,12.0,0.7272727272727273,0.7,4.0,4.0,3.0,0.75,2.0,1.0,0.6666666666666666,43.0,14.333333333333334,25.0,8.333333333333334,42,2,16
0.0,1.9009610830075783,3.043341308100754,63.90314380734724,12.0,0.5454545454545454,0.625,6.0,6.0,3.0,0.5,1.0,2.0,0.3333333333333333,29.0,9.666666666666666,14.0,4.666666666666667,43,2,16
0.0,1.4905879512606632,2.023207304727783,45.70159458136411,12.0,0.7272727272727273,0.7,5.0,5.0,5.0,1.0,2.0,3.0,0.4,47.0,9.4,32.0,6.4,44,2,16
0.0,1.4506850425271658,1.501959389004412,116.66459381837097,12.0,0.45454545454545453,0.5555555555555556,5.0,5.0,5.0,1.0,2.0,3.0,0.4,76.0,15.2,45.0,9.0,45,2,16
0.0,1.251162587312852,1.9369898347842593,59.134990444762124,12.0,0.7272727272727273,0.7142857142857143,9.0,8.0,4.0,0.5,2.0,2.0,0.5,76.0,19.0,48.0,12.0,46,2,16
0.0,1.1767216562067004,1.115770479473493,60.451429665768586,12.0,0.7272727272727273,0.6666666666666666,5.0,5.0,1.0,0.2,0.0,1.0,0.0,14.0,14.0,5.0,5.0,47,2,16
0.0,1.2711060921365553,1.633478865079614,61.48066557318571,12.0,0.7272727272727273,0.7777777777777778,6.0,6.0,6.0,1.0,3.0,3.0,0.5,44.0,7.333333333333333,18.0,3.0,48,2,16
0.0,2.158847684880259,3.038195563799182,68.9536158207662,12.0,0.7272727272727273,0.625,9.0,6.0,4.0,0.6666666666666666,1.0,3.0,0.25,85.0,21.25,53.0,13.25,49,2,16
0.0,1.6514044976978148,2.363105841459755,62.80746282008297,12.0,0.6363636363636364,0.7142857142857143,7.0,6.0,2.0,0.3333333333333333,2.0,0.0,1.0,52.0,26.0,34.0,17.0,50,2,16
0.0,1.3870617809922825,0.8010610390695582,68.16748945486619,12.0,0.7272727272727273,0.7777777777777778,5.0,5.0,3.0,0.6,2.0,1.0,0.6666666666666666,36.0,12.0,19.0,6.333333333333333,51,2,16
0.0,1.15299923603773,0.8444207735357665,81.53022676343404,12.0,0.6363636363636364,0.42857142857142855,5.0,4.0,1.0,0.25,1.0,0.0,1.0,14.0,14.0,5.0,5.0,52,2,16
0.0,1.9583030287860757,3.364609073102376,72.0649624658685,12.0,0.7272727272727273,0.7142857142857143,10.0,10.0,5.0,0.5,1.0,4.0,0.2,91.0,18.2,46.0,9.2,53,2,16
0.0,1.0868879180751243,1.997013545418084,91.66408833759994,12.0,0.5454545454545454,0.75,5.0,5.0,4.0,0.8,3.0,1.0,0.75,42.0,10.5,26.0,6.5,54,2,16
0.0,2.031517103066636,3.3215038490783924,93.48305188914159,12.0,0.45454545454545453,0.4,4.0,4.0,2.0,0.5,0.0,2.0,0.0,42.0,21.0,25.0,12.5,55,2,16
0.0,1.152112076295429,1.5105248545008922,71.10590103873224,12.0,0.6363636363636364,0.8571428571428571,6.0,5.0,3.0,0.6,2.0,1.0,0.6666666666666666,16.0,5.333333333333333,7.0,2.3333333333333335,56,2,16
0.0,1.5117758867723148,2.365728025239917,84.26921251324148,12.0,0.6363636363636364,0.7777777777777778,4.0,4.0,4.0,1.0,2.0,2.0,0.5,37.0,9.25,14.0,3.5,57,2,16
0.0,1.6071228175545678,0.8893187612022088,95.87666780640959,12.0,0.6363636363636364,0.75,5.0,5.0,4.0,0.8,3.0,1.0,0.75,70.0,17.5,52.0,13.0,58,2,16
0.0,2.033959176205171,2.8339377015342135,66.91873441165707,12.0,0.36363636363636365,0.16666666666666666,13.0,10.0,5.0,0.5,0.0,5.0,0.0,59.0,11.8,23.0,4.6,59,2,16
0.0,1.941144325557776,3.063556251119152,80.85432315586267,12.0,0.2727272727272727,0.2222222222222222,3.0,3.0,1.0,0.3333333333333333,0.0,1.0,0.0,24.0,24.0,15.0,15.0,60,2,16
0.0,2.1284626972276066,3.5378892325520748,85.17468066334055,12.0,0.45454545454545453,0.42857142857142855,8.0,8.0,4.0,0.5,2.0,2.0,0.5,46.0,11.5,27.0,6.75,61,2,16
0.0,1.789095882335301,1.93813132321012,87.31506182504512,12.0,0.7272727272727273,0.7777777777777778,5.0,5.0,3.0,0.6,2.0,1.0,0.6666666666666666,38.0,12.666666666666666,20.0,6.666666666666667,62,2,16
0.0,1.8922025077281432,0.9143160609514082,67.43568223029452,12.0,0.7272727272727273,0.75,3.0,3.0,3.0,1.0,2.0,1.0,0.6666666666666666,61.0,20.333333333333332,45.0,15.0,63,2,16
0.0,2.2217873635149257,1.5212452948468367,97.48661235582345,12.0,0.5454545454545454,0.4444444444444444,4.0,4.0,2.0,0.5,0.0,2.0,0.0,48.0,24.0,37.0,18.5,64,2,16
0.0,1.193135732152459,2.0412130695416666,87.20069159438053,12.0,0.6363636363636364,0.42857142857142855,9.0,7.0,3.0,0.42857142857142855,1.0,2.0,0.3333333333333333,27.0,9.0,10.0,3.3333333333333335,65,2,16
0.0,1.241912067252083,0.5900070122845392,101.706178541914,12.0,0.6363636363636364,0.625,9.0,9.0,4.0,0.4444444444444444,1.0,3.0,0.25,66.0,16.5,36.0,9.0,66,2,16
0.0,0.9082205663723033,0.8940593061163226,69.60532005253123,12.0,0.9090909090909091,0.8571428571428571,6.0,6.0,4.0,0.6666666666666666,3.0,1.0,0.75,51.0,12.75,26.0,6.5,67,2,16
0.0,1.6659957251010704,2.857896364691672,59.76923819025579,12.0,0.7272727272727273,0.6666666666666666,8.0,7.0,5.0,0.7142857142857143,1.0,4.0,0.2,98.0,19.6,62.0,12.4,68,2,16
0.0,1.5344711467302057,1.10512480880417,78.4819208952788,12.0,0.36363636363636365,0.42857142857142855,8.0,7.0,7.0,1.0,3.0,4.0,0.42857142857142855,131.0,18.714285714285715,87.0,12.428571428571429,69,2,16
0.0,1.786581644777737,2.9678176146782156,50.81862090053806,12.0,0.36363636363636365,0.5714285714285714,7.0,7.0,5.0,0.7142857142857143,2.0,3.0,0.4,82.0,16.4,65.0,13.0,70,2,16
0.0,0.9572453739638894,1.3680704586283623,61.959622401748256,12.0,0.9090909090909091,0.8571428571428571,6.0,5.0,2.0,0.4,2.0,0.0,1.0,31.0,15.5,22.0,11.0,71,2,16
0.0,1.7142313136953606,1.2850369789776122,69.25186477594404,12.0,0.7272727272727273,0.875,4.0,3.0,2.0,0.6666666666666666,1.0,1.0,0.5,52.0,26.0,34.0,17.0,72,2,16
0.0,2.385181068724061,2.5152691671216734,87.22192376794798,12.0,0.45454545454545453,0.5,7.0,6.0,3.0,0.5,1.0,2.0,0.3333333333333333,80.0,26.666666666666668,55.0,18.333333333333332,73,2,16
0.0,2.015574028582649,1.3046056471623433,74.27544691612438,12.0,0.45454545454545453,0.42857142857142855,8.0,8.0,4.0,0.5,1.0,3.0,0.25,121.0,30.25,87.0,21.75,74,2,16
0.0,2.1711356270735047,3.2301709403885392,82.59092912164311,12.0,0.45454545454545453,0.6,9.0,8.0,3.0,0.375,1.0,2.0,0.3333333333333333,70.0,23.333333333333332,43.0,14.333333333333334,75,2,16
0.0,2.337963493772567,2.8222701298389206,99.63225792059924,12.0,0.36363636363636365,0.4444444444444444,2.0,2.0,0.0,0.0,0.0,0.0,0.0,0.0,nan,0.0,nan,76,2,16
0.0,1.456934829567313,2.2083311954486606,73.19113122587282,12.0,0.7272727272727273,0.7,2.0,2.0,2.0,1.0,2.0,0.0,1.0,42.0,21.0,24.0,12.0,77,2,16
0.0,1.6661579197589378,1.3565906534991052,67.44405097703707,12.0,0.6363636363636364,0.6363636363636364,3.0,1.0,1.0,1.0,1.0,0.0,1.0,21.0,21.0,12.0,12.0,78,2,16
0.0,1.3365402922618692,0.9102460619031507,69.52492110795718,12.0,0.5454545454545454,0.8333333333333334,10.0,9.0,7.0,0.7777777777777778,4.0,3.0,0.5714285714285714,84.0,12.0,41.0,5.857142857142857,79,2,16
0.0,2.2545866208456276,0.8656322217919658,80.16125709457786,12.0,0.8181818181818182,0.7777777777777778,5.0,5.0,4.0,0.8,2.0,2.0,0.5,82.0,20.5,52.0,13.0,80,2,16
0.0,1.4732454260145669,2.2249376552985423,61.654036650532404,12.0,0.5454545454545454,0.5714285714285714,8.0,7.0,4.0,0.5714285714285714,1.0,3.0,0.25,30.0,7.5,18.0,4.5,81,2,16
0.0,0.9527712378154715,0.8807009187906523,61.748596817278525,12.0,0.6363636363636364,0.6,3.0,3.0,2.0,0.6666666666666666,1.0,1.0,0.5,37.0,18.5,19.0,9.5,82,2,16
0.0,1.839572918654295,1.850060951204004,79.87081598293312,12.0,0.5454545454545454,0.75,9.0,9.0,7.0,0.7777777777777778,4.0,3.0,0.5714285714285714,73.0,10.428571428571429,48.0,6.857142857142857,83,2,16
0.0,2.036422566196388,4.24440973893417,31.44460528550187,12.0,0.7272727272727273,0.7777777777777778,8.0,6.0,3.0,0.5,2.0,1.0,0.6666666666666666,66.0,22.0,46.0,15.333333333333334,84,2,16
0.0,1.8071252322112383,1.6678461647173373,64.78759441651765,12.0,0.45454545454545453,0.5,7.0,6.0,3.0,0.5,1.0,2.0,0.3333333333333333,66.0,22.0,44.0,14.666666666666666,85,2,16
0.0,2.0823720931922027,2.6700498937193404,71.42039298786001,12.0,0.6363636363636364,0.75,5.0,5.0,5.0,1.0,1.0,4.0,0.2,131.0,26.2,96.0,19.2,86,2,16
0.0,1.9716163690827164,1.9701030583162624,77.84141334783925,12.0,0.5454545454545454,0.6,11.0,10.0,7.0,0.7,2.0,5.0,0.2857142857142857,86.0,12.285714285714286,59.0,8.428571428571429,87,2,16
0.0,1.5548374731040868,2.6196789369682927,48.62419602857468,12.0,0.7272727272727273,0.7,3.0,3.0,2.0,0.6666666666666666,1.0,1.0,0.5,44.0,22.0,26.0,13.0,88,2,16
0.0,1.9389998469458123,2.2982760406718747,67.81188819668117,12.0,0.45454545454545453,0.5714285714285714,7.0,7.0,5.0,0.7142857142857143,3.0,2.0,0.6,66.0,13.2,38.0,7.6,89,2,16
0.0,1.2842086418307732,2.348523246639594,67.72130401532318,12.0,0.6363636363636364,0.5,7.0,6.0,3.0,0.5,1.0,2.0,0.3333333333333333,34.0,11.333333333333334,18.0,6.0,90,2,16
0.0,1.698370631623006,1.1099951407849449,96.43383220659942,12.0,0.7272727272727273,0.6666666666666666,8.0,7.0,5.0,0.7142857142857143,2.0,3.0,0.4,85.0,17.0,60.0,12.0,91,2,16
0.0,2.966834424620472,2.350504345879938,65.01116337232982,12.0,0.45454545454545453,0.5714285714285714,8.0,8.0,6.0,0.75,2.0,4.0,0.3333333333333333,100.0,16.666666666666668,63.0,10.5,92,2,16
0.0,1.3218285277438486,1.5917093657140997,52.52228893126395,12.0,0.9090909090909091,1.0,4.0,4.0,3.0,0.75,2.0,1.0,0.6666666666666666,70.0,23.333333333333332,43.0,14.333333333333334,93,2,16
0.0,1.236814567906075,1.1163998669910213,57.40025272203694,12.0,0.7272727272727273,0.75,6.0,6.0,5.0,0.8333333333333334,3.0,2.0,0.6,67.0,13.4,36.0,7.2,94,2,16
0.0,2.0093445360506057,1.932651299974282,73.35734422804741,12.0,0.45454545454545453,0.4444444444444444,5.0,5.0,4.0,0.8,1.0,3.0,0.25,40.0,10.0,19.0,4.75,95,2,16
0.0,0.9930707655386993,0.7864583044590621,65.56109401758434,12.0,0.6363636363636364,0.5714285714285714,10.0,9.0,7.0,0.7777777777777778,3.0,4.0,0.42857142857142855,79.0,11.285714285714286,46.0,6.571428571428571,96,2,16
0.0,1.6139914139888232,1.456364864222492,66.78430910414262,12.0,0.6363636363636364,0.75,7.0,7.0,3.0,0.42857142857142855,0.0,3.0,0.0,10.0,3.3333333333333335,4.0,1.3333333333333333,97,2,16
0.0,1.7722513153539783,1.2315378852043715,65.5028862908443,12.0,0.6363636363636364,0.5,11.0,10.0,6.0,0.6,1.0,5.0,0.16666666666666666,77.0,12.833333333333334,36.0,6.0,98,2,16
0.0,1.5226147262289114,1.8822071502268758,47.12635527172033,12.0,0.7272727272727273,0.7777777777777778,7.0,7.0,4.0,0.5714285714285714,1.0,3.0,0.25,76.0,19.0,49.0,12.25,99,2,16
0.0,1.3737628911385267,0.6015206964238466,65.68456436231905,12.0,0.8181818181818182,0.8888888888888888,3.0,3.0,3.0,1.0,2.0,1.0,0.6666666666666666,14.0,4.666666666666667,7.0,2.3333333333333335,100,2,16
0.0,0.8013442366556148,0.7673518869582713,24.038059731791268,12.0,0.9090909090909091,0.9090909090909091,1.0,1.0,0.0,0.0,0.0,0.0,0.0,0.0,nan,0.0,nan,101,2,16
0.0,1.0996947605678624,1.0324157662794886,51.52281469181829,12.0,0.8181818181818182,0.8,2.0,2.0,2.0,1.0,2.0,0.0,1.0,38.0,19.0,29.0,14.5,102,2,16
0.0,2.3415723000228215,1.8084959427539478,92.5968768654707,12.0,0.6363636363636364,0.75,8.0,8.0,4.0,0.5,1.0,3.0,0.25,77.0,19.25,57.0,14.25,103,2,16
0.0,2.1005564988962795,2.0065647694437523,77.78825605934422,12.0,0.36363636363636365,0.3,2.0,2.0,0.0,0.0,0.0,0.0,0.0,0.0,nan,0.0,nan,104,2,16
1.0,0.8899159784928208,0.5183291299678591,58.11111948007521,12.0,0.6363636363636364,0.625,5.0,5.0,3.0,0.6,3.0,0.0,1.0,37.0,12.333333333333334,19.0,6.333333333333333,105,2,16
0.0,1.5077129531381792,1.2590012253318636,53.73070155470965,12.0,0.9090909090909091,0.9,5.0,5.0,4.0,0.8,3.0,1.0,0.75,61.0,15.25,38.0,9.5,106,2,16
0.0,1.8505715070939017,2.056089215696006,77.0563373507558,12.0,0.5454545454545454,0.625,7.0,6.0,5.0,0.8333333333333334,2.0,3.0,0.4,57.0,11.4,29.0,5.8,107,2,16
0.0,2.5103073653593917,1.3851677068491202,72.88718154840605,12.0,0.6363636363636364,0.6363636363636364,6.0,5.0,2.0,0.4,0.0,2.0,0.0,42.0,21.0,24.0,12.0,108,2,16
0.0,1.843397167042211,2.5832977330015168,89.32313226845746,12.0,0.7272727272727273,0.75,7.0,7.0,6.0,0.8571428571428571,2.0,4.0,0.3333333333333333,85.0,14.166666666666666,48.0,8.0,109,2,16
0.0,1.4757889619787805,1.0947703036596594,63.98153405136947,12.0,0.6363636363636364,0.6,5.0,4.0,3.0,0.75,2.0,1.0,0.6666666666666666,77.0,25.666666666666668,54.0,18.0,110,2,16
0.0,2.114068367749432,1.111657165471999,58.518019665330314,12.0,0.5454545454545454,0.6,2.0,2.0,1.0,0.5,1.0,0.0,1.0,28.0,28.0,19.0,19.0,111,2,16
0.0,1.7448561159671503,0.7898441019972885,54.69668310383501,12.0,0.5454545454545454,0.75,3.0,2.0,1.0,0.5,1.0,0.0,1.0,13.0,13.0,8.0,8.0,112,2,16
0.0,1.849595681605365,2.9370029466530614,117.63555994470482,12.0,0.36363636363636365,0.375,7.0,7.0,5.0,0.7142857142857143,2.0,3.0,0.4,69.0,13.8,50.0,10.0,113,2,16
0.0,1.875118879003745,3.76473296153042,65.85141876367082,12.0,0.36363636363636365,0.5,8.0,8.0,6.0,0.75,1.0,5.0,0.16666666666666666,84.0,14.0,42.0,7.0,114,2,16
0.0,2.5777219996178564,5.235152424833633,75.662581795329,12.0,0.5454545454545454,0.5555555555555556,7.0,5.0,5.0,1.0,4.0,1.0,0.8,69.0,13.8,42.0,8.4,115,2,16
0.0,1.1335300650629596,0.8378049175423709,63.6304147225022,12.0,0.8181818181818182,0.8,6.0,6.0,5.0,0.8333333333333334,2.0,3.0,0.4,71.0,14.2,35.0,7.0,116,2,16
0.0,2.0493152302950977,3.132592287101432,79.91384179634181,12.0,0.5454545454545454,0.625,5.0,5.0,4.0,0.8,2.0,2.0,0.5,47.0,11.75,29.0,7.25,117,2,16
0.0,1.5206883127844804,0.4064570591197283,70.0949602017232,12.0,0.5454545454545454,0.42857142857142855,4.0,4.0,2.0,0.5,1.0,1.0,0.5,38.0,19.0,20.0,10.0,118,2,16
0.0,1.0944776478254274,0.7467770421724313,68.04973388383597,12.0,0.6363636363636364,0.5555555555555556,4.0,4.0,2.0,0.5,1.0,1.0,0.5,40.0,20.0,22.0,11.0,119,2,16
0.0,1.4203975161999658,0.6387629177554308,87.14443677207713,12.0,0.7272727272727273,0.5714285714285714,9.0,9.0,6.0,0.6666666666666666,3.0,3.0,0.5,65.0,10.833333333333334,38.0,6.333333333333333,120,2,16
0.0,1.5291372101349412,0.8393347501640744,67.18759515265073,12.0,0.6363636363636364,0.5714285714285714,8.0,8.0,5.0,0.625,2.0,3.0,0.4,66.0,13.2,40.0,8.0,121,2,16
0.0,2.5934937618814184,1.1391553554787135,57.2051017207553,12.0,0.6363636363636364,0.6,7.0,7.0,6.0,0.8571428571428571,2.0,4.0,0.3333333333333333,65.0,10.833333333333334,33.0,5.5,122,2,16
0.0,1.6830142804693184,1.9260239188868993,61.782519539732604,12.0,0.8181818181818182,1.0,8.0,8.0,6.0,0.75,1.0,5.0,0.16666666666666666,80.0,13.333333333333334,51.0,8.5,123,2,16
0.0,2.0881491737047786,1.9593334122111685,53.8115834233385,12.0,0.5454545454545454,0.5714285714285714,10.0,9.0,5.0,0.5555555555555556,2.0,3.0,0.4,46.0,9.2,23.0,4.6,124,2,16
1.0,1.3224932129771967,0.4932594979160984,68.74387516945518,12.0,0.6363636363636364,0.625,11.0,11.0,6.0,0.5454545454545454,2.0,4.0,0.3333333333333333,64.0,10.666666666666666,33.0,5.5,125,2,16
0.0,1.4980548855129103,2.7914163491077475,88.33191051020225,12.0,0.45454545454545453,0.5,7.0,6.0,1.0,0.16666666666666666,1.0,0.0,1.0,11.0,11.0,5.0,5.0,126,2,16
0.0,2.280533815418928,1.7742724789560858,80.45328876397377,12.0,0.45454545454545453,0.625,5.0,4.0,3.0,0.75,3.0,0.0,1.0,67.0,22.333333333333332,49.0,16.333333333333332,127,2,16
0.0,1.155317054292169,0.5414126873813658,70.97748717207743,12.0,0.6363636363636364,0.8,7.0,7.0,4.0,0.5714285714285714,3.0,1.0,0.75,39.0,9.75,21.0,5.25,128,2,16
0.0,2.0040384155213307,2.7333517690848055,50.382723131629426,12.0,0.5454545454545454,0.6,5.0,4.0,3.0,0.75,2.0,1.0,0.6666666666666666,42.0,14.0,30.0,10.0,129,2,16
0.0,1.695466842776115,0.9604402256374018,83.13508963399536,12.0,0.5454545454545454,0.5714285714285714,10.0,9.0,6.0,0.6666666666666666,3.0,3.0,0.5,115.0,19.166666666666668,75.0,12.5,130,2,16
0.0,1.4281315734341544,2.4570110170699953,66.78834493632685,12.0,0.6363636363636364,0.8571428571428571,6.0,6.0,3.0,0.5,3.0,0.0,1.0,13.0,4.333333333333333,9.0,3.0,131,2,16
0.0,1.4962044651516995,2.391523653718681,82.20188535610458,12.0,0.45454545454545453,0.4,7.0,6.0,4.0,0.6666666666666666,3.0,1.0,0.75,44.0,11.0,19.0,4.75,132,2,16
1.0,1.5571417185887326,0.7121615880256318,97.25445104691386,12.0,0.6363636363636364,0.5555555555555556,4.0,4.0,1.0,0.25,0.0,1.0,0.0,43.0,43.0,34.0,34.0,133,2,16
0.0,1.9976023704203933,3.2105777958488937,60.78092932435057,12.0,0.45454545454545453,0.4444444444444444,4.0,4.0,3.0,0.75,1.0,2.0,0.3333333333333333,36.0,12.0,18.0,6.0,134,2,16
0.0,1.6639231535668588,2.436566095152249,90.02193599603656,12.0,0.5454545454545454,0.5714285714285714,6.0,6.0,4.0,0.6666666666666666,1.0,3.0,0.25,64.0,16.0,39.0,9.75,135,2,16
0.0,1.4461551136454682,1.6742118031452426,58.069556939598584,12.0,0.8181818181818182,0.7142857142857143,6.0,5.0,4.0,0.8,1.0,3.0,0.25,96.0,24.0,62.0,15.5,136,2,16
1.0,0.45412260784913816,0.5431494366267775,177.97638434910607,180.0,0.7329545454545454,0.9387755102040817,12.0,12.0,4.0,0.3333333333333333,2.0,2.0,0.5,51.0,12.75,27.0,6.75,17,4,1
1.0,0.468315217883436,0.34325608129813767,184.9673753744376,180.0,0.7443181818181818,0.79,6.0,6.0,4.0,0.6666666666666666,2.0,2.0,0.5,63.0,15.75,38.0,9.5,18,4,1
1.0,0.4451640769951938,0.2733693214782607,205.35379663922808,180.0,0.7670454545454546,0.7878787878787878,4.0,4.0,2.0,0.5,0.0,2.0,0.0,30.0,15.0,12.0,6.0,19,4,1
1.0,0.4273423542199797,0.280349243216433,198.5372580124248,180.0,0.7556818181818182,0.7878787878787878,4.0,4.0,3.0,0.75,2.0,1.0,0.6666666666666666,33.0,11.0,14.0,4.666666666666667,20,4,1
1.0,0.4715584192134331,0.29244116073851467,267.4236344802077,180.0,0.6647727272727273,0.8421052631578947,13.0,11.0,5.0,0.45454545454545453,1.0,4.0,0.2,65.0,13.0,29.0,5.8,21,4,1
1.0,0.3155522303256327,0.3283512804911298,226.15142095524993,180.0,0.7954545454545454,0.7926829268292683,2.0,2.0,1.0,0.5,1.0,0.0,1.0,11.0,11.0,7.0,7.0,22,4,1
0.0,0.42129764692620075,0.5162943613352355,176.1306329781463,180.0,0.75,0.8275862068965517,4.0,4.0,3.0,0.75,1.0,2.0,0.3333333333333333,42.0,14.0,20.0,6.666666666666667,23,4,1
1.0,0.21811086670006583,0.18705635011195665,174.351312461022,180.0,0.7897727272727273,0.774390243902439,3.0,3.0,0.0,0.0,0.0,0.0,0.0,0.0,nan,0.0,nan,24,4,1
0.0,0.5120284707816964,1.0575587101445654,185.59386273032612,180.0,0.7215909090909091,0.7719298245614035,7.0,5.0,4.0,0.8,4.0,0.0,1.0,74.0,18.5,47.0,11.75,25,4,1
1.0,0.44895779730762647,0.23477233217038554,228.82875915039236,180.0,0.7784090909090909,0.7727272727272727,4.0,4.0,3.0,0.75,2.0,1.0,0.6666666666666666,60.0,20.0,38.0,12.666666666666666,26,4,1
1.0,0.426158526899511,0.5421910716640637,202.24806814472706,180.0,0.6875,0.759493670886076,8.0,8.0,6.0,0.75,2.0,4.0,0.3333333333333333,103.0,17.166666666666668,56.0,9.333333333333334,27,4,1
1.0,0.32515379453784643,0.30696061751663484,226.390318110279,180.0,0.7840909090909091,0.7837837837837838,3.0,3.0,1.0,0.3333333333333333,0.0,1.0,0.0,7.0,7.0,1.0,1.0,28,4,1
0.0,0.4420294906076612,0.8756539716465811,200.432723155504,180.0,0.7784090909090909,0.7803030303030303,3.0,3.0,1.0,0.3333333333333333,0.0,1.0,0.0,15.0,15.0,6.0,6.0,29,4,1
1.0,0.2699628426365709,0.3696226235583561,206.2411971437761,180.0,0.8068181818181818,0.8175675675675675,4.0,4.0,3.0,0.75,2.0,1.0,0.6666666666666666,64.0,21.333333333333332,45.0,15.0,30,4,1
0.0,0.3520551147613555,0.4532571764765815,173.78442671540415,180.0,0.7670454545454546,0.7769230769230769,5.0,5.0,2.0,0.4,1.0,1.0,0.5,24.0,12.0,15.0,7.5,31,4,1
1.0,0.35283613510476075,0.23518285816382967,173.18857773201617,180.0,0.8352272727272727,0.8560606060606061,3.0,3.0,3.0,1.0,2.0,1.0,0.6666666666666666,41.0,13.666666666666666,23.0,7.666666666666667,32,4,1
0.0,0.573268434117731,0.6109982901415015,216.58766796335672,180.0,0.7386363636363636,0.803921568627451,8.0,7.0,5.0,0.7142857142857143,2.0,3.0,0.4,76.0,15.2,36.0,7.2,33,4,1
1.0,0.4057461173986798,0.36268888244189695,181.1860966930472,180.0,0.7556818181818182,0.7931034482758621,10.0,9.0,6.0,0.6666666666666666,3.0,3.0,0.5,49.0,8.166666666666666,22.0,3.6666666666666665,34,4,1
1.0,0.23504033513270778,0.20416762102206967,166.55861765901713,180.0,0.8068181818181818,0.8333333333333334,6.0,4.0,1.0,0.25,0.0,1.0,0.0,4.0,4.0,1.0,1.0,35,4,1
0.0,0.42212854383718434,0.5046298896638491,201.27678389906345,180.0,0.7897727272727273,0.8333333333333334,6.0,6.0,2.0,0.3333333333333333,1.0,1.0,0.5,36.0,18.0,18.0,9.0,36,4,1
1.0,0.2674851435094482,0.17503326211885964,205.19953144167346,180.0,0.7954545454545454,0.8208955223880597,3.0,3.0,0.0,0.0,0.0,0.0,0.0,0.0,nan,0.0,nan,37,4,1
0.0,0.7731984890745218,0.6954546585670988,150.99351453274295,180.0,0.7840909090909091,0.81,6.0,5.0,3.0,0.6,1.0,2.0,0.3333333333333333,67.0,22.333333333333332,40.0,13.333333333333334,38,4,1
1.0,0.49267926137966994,0.41663760952228845,200.16952369733332,180.0,0.7840909090909091,0.803030303030303,7.0,7.0,3.0,0.42857142857142855,0.0,3.0,0.0,34.0,11.333333333333334,12.0,4.0,39,4,1
1.0,0.2889712848241801,0.3299788569535021,194.60722569281717,180.0,0.8409090909090909,0.8353658536585366,4.0,4.0,3.0,0.75,2.0,1.0,0.6666666666666666,29.0,9.666666666666666,20.0,6.666666666666667,40,4,1
0.0,0.3350772527681644,0.4900615508749706,205.7657049370302,180.0,0.7954545454545454,0.7865853658536586,1.0,1.0,1.0,1.0,0.0,1.0,0.0,23.0,23.0,14.0,14.0,41,4,1
1.0,0.3163526492833222,0.28499916806027037,178.60933803373266,180.0,0.7840909090909091,0.7972972972972973,4.0,4.0,2.0,0.5,1.0,1.0,0.5,42.0,21.0,27.0,13.5,42,4,1
1.0,0.5184509325710874,0.4039986442077401,198.88768094866504,180.0,0.7670454545454546,0.7777777777777778,6.0,6.0,2.0,0.3333333333333333,1.0,1.0,0.5,12.0,6.0,4.0,2.0,43,4,1
1.0,0.2977469403893611,0.20254890547890142,226.25626871361214,180.0,0.7613636363636364,0.7808219178082192,5.0,5.0,4.0,0.8,3.0,1.0,0.75,46.0,11.5,26.0,6.5,44,4,1
1.0,0.4117143265122825,0.12568542266169364,228.96721249107412,180.0,0.7443181818181818,0.7575757575757576,5.0,5.0,2.0,0.4,0.0,2.0,0.0,21.0,10.5,9.0,4.5,45,4,1
1.0,0.39861297514901634,0.4146102838032636,211.38323294274502,180.0,0.7215909090909091,0.8,9.0,8.0,4.0,0.5,1.0,3.0,0.25,57.0,14.25,31.0,7.75,46,4,1
1.0,0.3292766995423855,0.42028442958705153,223.69834296551852,180.0,0.8238636363636364,0.8432835820895522,5.0,5.0,4.0,0.8,1.0,3.0,0.25,59.0,14.75,34.0,8.5,47,4,1
1.0,0.2904485017051239,0.22149835421115338,201.081888751241,180.0,0.7840909090909091,0.824,6.0,6.0,4.0,0.6666666666666666,2.0,2.0,0.5,41.0,10.25,22.0,5.5,48,4,1
0.0,0.6316719175482548,0.6987586996779676,191.88458182553626,180.0,0.7727272727272727,0.8,9.0,6.0,4.0,0.6666666666666666,2.0,2.0,0.5,52.0,13.0,22.0,5.5,49,4,1
1.0,0.4064261018909632,0.2991002772364454,211.8772179619482,180.0,0.7443181818181818,0.8181818181818182,7.0,6.0,5.0,0.8333333333333334,4.0,1.0,0.8,76.0,15.2,43.0,8.6,50,4,1
1.0,0.6537311717173642,0.47562633549146843,184.3927244398519,180.0,0.7670454545454546,0.7878787878787878,5.0,5.0,5.0,1.0,3.0,2.0,0.6,89.0,17.8,45.0,9.0,51,4,1
1.0,0.38799383261755604,0.5031089998820673,216.9575536991393,180.0,0.7840909090909091,0.8256880733944955,5.0,4.0,3.0,0.75,2.0,1.0,0.6666666666666666,68.0,22.666666666666668,42.0,14.0,52,4,1
0.0,0.45176489868483105,0.6045470874709181,222.81043628350568,180.0,0.7840909090909091,0.81,10.0,10.0,5.0,0.5,1.0,4.0,0.2,69.0,13.8,35.0,7.0,53,4,1
1.0,0.28268685670254806,0.3060414799605579,189.33646225070555,180.0,0.8011363636363636,0.8203125,5.0,5.0,3.0,0.6,0.0,3.0,0.0,38.0,12.666666666666666,19.0,6.333333333333333,54,4,1
1.0,0.27264990874824124,0.32647254477577886,204.41244297285866,180.0,0.75,0.7655172413793103,4.0,4.0,1.0,0.25,1.0,0.0,1.0,23.0,23.0,17.0,17.0,55,4,1
1.0,0.35124602465178784,0.1992632295289202,208.91348230815657,180.0,0.7670454545454546,0.808,6.0,5.0,4.0,0.8,3.0,1.0,0.75,69.0,17.25,38.0,9.5,56,4,1
0.0,0.3622769012564231,0.5598923161206887,180.8718671000193,180.0,0.7784090909090909,0.8106060606060606,4.0,4.0,3.0,0.75,1.0,2.0,0.3333333333333333,42.0,14.0,20.0,6.666666666666667,57,4,1
1.0,0.4304403572393776,0.33741485050971737,191.04593919854744,180.0,0.7670454545454546,0.8017241379310345,5.0,5.0,3.0,0.6,2.0,1.0,0.6666666666666666,62.0,20.666666666666668,35.0,11.666666666666666,58,4,1
1.0,0.4428541142863439,0.48823768634494924,150.81571572202273,180.0,0.75,0.8108108108108109,13.0,10.0,6.0,0.6,3.0,3.0,0.5,81.0,13.5,43.0,7.166666666666667,59,4,1
1.0,0.35648676941912094,0.40646309240773654,218.2733555836193,180.0,0.7272727272727273,0.7272727272727273,3.0,3.0,3.0,1.0,3.0,0.0,1.0,67.0,22.333333333333332,46.0,15.333333333333334,60,4,1
1.0,0.35516032234948813,0.4478309410080557,221.2829989093667,180.0,0.7784090909090909,0.8018867924528302,8.0,8.0,3.0,0.375,0.0,3.0,0.0,39.0,13.0,18.0,6.0,61,4,1
0.0,0.5421871704088933,0.5523055025677304,156.90655307631948,180.0,0.7954545454545454,0.7878787878787878,5.0,5.0,4.0,0.8,2.0,2.0,0.5,58.0,14.5,30.0,7.5,62,4,1
1.0,0.3532918749775497,0.4367108882685816,206.84345468708344,180.0,0.7329545454545454,0.7661290322580645,3.0,3.0,2.0,0.6666666666666666,1.0,1.0,0.5,39.0,19.5,23.0,11.5,63,4,1
1.0,0.3009891165113387,0.28193270413784954,199.35132009295523,180.0,0.8295454545454546,0.8226950354609929,4.0,4.0,2.0,0.5,1.0,1.0,0.5,49.0,24.5,34.0,17.0,64,4,1
1.0,0.35345236853769296,0.21775734208641875,202.95468710047297,180.0,0.7556818181818182,0.8468468468468469,9.0,7.0,4.0,0.5714285714285714,3.0,1.0,0.75,84.0,21.0,49.0,12.25,65,4,1
1.0,0.3409220388837631,0.24409644133092206,191.1610649490101,180.0,0.7784090909090909,0.7913043478260869,9.0,9.0,5.0,0.5555555555555556,3.0,2.0,0.6,61.0,12.2,31.0,6.2,66,4,1
0.0,0.4431567249939895,0.4365244662601842,218.79375166279345,180.0,0.7613636363636364,0.8163265306122449,6.0,6.0,4.0,0.6666666666666666,2.0,2.0,0.5,82.0,20.5,48.0,12.0,67,4,1
0.0,0.8265527465782377,0.8569253391491961,171.84101520417912,180.0,0.7784090909090909,0.8023255813953488,8.0,7.0,5.0,0.7142857142857143,3.0,2.0,0.6,98.0,19.6,53.0,10.6,68,4,1
1.0,0.3651440799254382,0.46755719209667845,221.6657445669571,180.0,0.7727272727272727,0.7788461538461539,8.0,7.0,5.0,0.7142857142857143,2.0,3.0,0.4,47.0,9.4,22.0,4.4,69,4,1
0.0,0.37313802141325164,0.5181731641350885,249.7258841543425,180.0,0.7670454545454546,0.808695652173913,7.0,7.0,4.0,0.5714285714285714,1.0,3.0,0.25,49.0,12.25,22.0,5.5,70,4,1
1.0,0.23444591948973847,0.3146696340482455,169.19642843310527,180.0,0.8181818181818182,0.875,6.0,5.0,3.0,0.6,1.0,2.0,0.3333333333333333,26.0,8.666666666666666,12.0,4.0,71,4,1
1.0,0.30807243958165365,0.4098018756258142,188.65854988057876,180.0,0.7727272727272727,0.7669172932330827,4.0,3.0,2.0,0.6666666666666666,1.0,1.0,0.5,49.0,24.5,32.0,16.0,72,4,1
1.0,0.4260322623552029,0.3232798988277357,161.1209610513096,180.0,0.8125,0.8292682926829268,7.0,6.0,6.0,1.0,4.0,2.0,0.6666666666666666,94.0,15.666666666666666,49.0,8.166666666666666,73,4,1
1.0,0.36003142724891607,0.17658209001011593,239.48935809528646,180.0,0.7670454545454546,0.7933884297520661,8.0,8.0,5.0,0.625,2.0,3.0,0.4,60.0,12.0,28.0,5.6,74,4,1
0.0,0.5188966328407268,0.6979682024988777,216.089441280791,180.0,0.7329545454545454,0.7654320987654321,9.0,8.0,4.0,0.5,2.0,2.0,0.5,62.0,15.5,29.0,7.25,75,4,1
1.0,0.3506973743552091,0.20852183586352832,180.17052376160353,180.0,0.7954545454545454,0.8345864661654135,2.0,2.0,2.0,1.0,2.0,0.0,1.0,45.0,22.5,27.0,13.5,76,4,1
1.0,0.2634615848624356,0.30004376602230187,206.0997547521214,180.0,0.8068181818181818,0.8108108108108109,2.0,2.0,2.0,1.0,2.0,0.0,1.0,39.0,19.5,24.0,12.0,77,4,1
1.0,0.3186753788102862,0.1408291862855377,191.11820739079096,180.0,0.8238636363636364,0.8109756097560976,3.0,1.0,1.0,1.0,1.0,0.0,1.0,15.0,15.0,7.0,7.0,78,4,1
1.0,0.4713196574717025,0.4084023022122383,200.30599408721847,180.0,0.7613636363636364,0.8095238095238095,10.0,9.0,5.0,0.5555555555555556,2.0,3.0,0.4,74.0,14.8,42.0,8.4,79,4,1
1.0,0.59924411419243,0.3136008393954702,151.3189852299466,180.0,0.7954545454545454,0.803030303030303,5.0,5.0,4.0,0.8,1.0,3.0,0.25,57.0,14.25,21.0,5.25,80,4,1
1.0,0.2456341595458838,0.4134257469028268,202.01754246244704,180.0,0.7840909090909091,0.7844827586206896,8.0,7.0,2.0,0.2857142857142857,0.0,2.0,0.0,24.0,12.0,10.0,5.0,81,4,1
1.0,0.24219155204175838,0.16290730741063575,195.15769083038182,180.0,0.8011363636363636,0.8108108108108109,3.0,3.0,2.0,0.6666666666666666,2.0,0.0,1.0,40.0,20.0,25.0,12.5,82,4,1
1.0,0.3647928385821884,0.08408786518691524,210.8493452014938,180.0,0.7840909090909091,0.7899159663865546,9.0,9.0,6.0,0.6666666666666666,3.0,3.0,0.5,47.0,7.833333333333333,22.0,3.6666666666666665,83,4,1
0.0,0.5700094834828491,0.7709960323155189,180.51433360921095,180.0,0.8068181818181818,0.803030303030303,8.0,6.0,5.0,0.8333333333333334,3.0,2.0,0.6,67.0,13.4,36.0,7.2,84,4,1
0.0,0.37933318621436585,0.5905624673711412,174.55123110542257,180.0,0.8238636363636364,0.8243243243243243,7.0,6.0,4.0,0.6666666666666666,0.0,4.0,0.0,45.0,11.25,22.0,5.5,85,4,1
0.0,0.45477896152081565,0.5198358153518139,189.9181374090236,180.0,0.7215909090909091,0.7241379310344828,5.0,5.0,4.0,0.8,3.0,1.0,0.75,68.0,17.0,35.0,8.75,86,4,1
0.0,0.5733201842294423,0.7594352446275688,188.30185336661015,180.0,0.7215909090909091,0.85,11.0,10.0,5.0,0.5,3.0,2.0,0.6,81.0,16.2,49.0,9.8,87,4,1
1.0,0.35746839493688093,0.37841602589345824,177.11001279440075,180.0,0.7897727272727273,0.8040540540540541,3.0,3.0,3.0,1.0,1.0,2.0,0.3333333333333333,38.0,12.666666666666666,19.0,6.333333333333333,88,4,1
1.0,0.40447669942411413,0.5111102165189866,210.32107217384902,180.0,0.7386363636363636,0.7549019607843137,7.0,7.0,3.0,0.42857142857142855,1.0,2.0,0.3333333333333333,47.0,15.666666666666666,28.0,9.333333333333334,89,4,1
0.0,0.5245590975770063,1.2005732732024461,189.06240516438766,180.0,0.7727272727272727,0.7967479674796748,7.0,6.0,4.0,0.6666666666666666,1.0,3.0,0.25,55.0,13.75,32.0,8.0,90,4,1
0.0,0.4450559648576351,0.45792930812731714,175.1692185907083,180.0,0.7840909090909091,0.7832167832167832,8.0,7.0,2.0,0.2857142857142857,1.0,1.0,0.5,43.0,21.5,25.0,12.5,91,4,1
1.0,0.5185450811574508,0.27273525634213175,156.13642616743562,180.0,0.8068181818181818,0.8099173553719008,8.0,8.0,7.0,0.875,1.0,6.0,0.14285714285714285,62.0,8.857142857142858,22.0,3.142857142857143,92,4,1
1.0,0.4817734058335748,0.36238752425387927,162.85554628911896,180.0,0.8409090909090909,0.88,4.0,4.0,4.0,1.0,3.0,1.0,0.75,83.0,20.75,48.0,12.0,93,4,1
0.0,0.4021267553136601,0.4198851107187171,196.1584834257565,180.0,0.8181818181818182,0.8275862068965517,6.0,6.0,4.0,0.6666666666666666,2.0,2.0,0.5,44.0,11.0,20.0,5.0,94,4,1
1.0,0.3755850057031163,0.20121354519353296,180.12073540347134,180.0,0.7954545454545454,0.8409090909090909,5.0,5.0,4.0,0.8,1.0,3.0,0.25,37.0,9.25,10.0,2.5,95,4,1
1.0,0.45238333278028314,0.3583382624049659,167.7245548800965,180.0,0.7897727272727273,0.8058252427184466,10.0,9.0,5.0,0.5555555555555556,4.0,1.0,0.8,83.0,16.6,44.0,8.8,96,4,1
1.0,0.3034796096967787,0.3864529549447758,201.64469100041518,180.0,0.8352272727272727,0.84375,7.0,7.0,3.0,0.42857142857142855,0.0,3.0,0.0,29.0,9.666666666666666,14.0,4.666666666666667,97,4,1
0.0,0.5920989130564411,0.9165734719432831,157.5118761149097,180.0,0.8068181818181818,0.8375,11.0,10.0,7.0,0.7,3.0,4.0,0.42857142857142855,91.0,13.0,48.0,6.857142857142857,98,4,1
0.0,0.4692753992472352,0.636396554177081,171.42972654580967,180.0,0.8068181818181818,0.8106060606060606,7.0,7.0,5.0,0.7142857142857143,2.0,3.0,0.4,78.0,15.6,36.0,7.2,99,4,1
1.0,0.2876966123154184,0.1823584538397143,235.54380006059392,180.0,0.8352272727272727,0.8515625,3.0,3.0,3.0,1.0,2.0,1.0,0.6666666666666666,50.0,16.666666666666668,40.0,13.333333333333334,100,4,1
1.0,0.2677702758528425,0.2776498612472359,192.21143980364147,180.0,0.7727272727272727,0.7621951219512195,1.0,1.0,1.0,1.0,1.0,0.0,1.0,23.0,23.0,15.0,15.0,101,4,1
1.0,0.2847701303333282,0.22194234165151105,182.9750041173875,180.0,0.7727272727272727,0.7905405405405406,2.0,2.0,2.0,1.0,2.0,0.0,1.0,53.0,26.5,35.0,17.5,102,4,1
1.0,0.5125708581221895,0.2118151485898663,200.85609641216018,180.0,0.7727272727272727,0.8620689655172413,8.0,8.0,6.0,0.75,1.0,5.0,0.16666666666666666,73.0,12.166666666666666,39.0,6.5,103,4,1
1.0,0.30962301973480877,0.2515636611703357,225.71813954957568,180.0,0.7159090909090909,0.7417218543046358,2.0,2.0,1.0,0.5,0.0,1.0,0.0,13.0,13.0,4.0,4.0,104,4,1
0.0,0.5366888931391437,0.5570603084213538,167.74745699170913,180.0,0.7840909090909091,0.8376068376068376,5.0,5.0,3.0,0.6,2.0,1.0,0.6666666666666666,54.0,18.0,30.0,10.0,105,4,1
1.0,0.5392074065596087,0.2552952480860408,168.3772233771012,180.0,0.8181818181818182,0.8108108108108109,5.0,5.0,4.0,0.8,2.0,2.0,0.5,46.0,11.5,20.0,5.0,106,4,1
1.0,0.3548614794950095,0.48328154705874893,172.53384756203351,180.0,0.7613636363636364,0.7933884297520661,7.0,6.0,4.0,0.6666666666666666,2.0,2.0,0.5,41.0,10.25,23.0,5.75,107,4,1
1.0,0.44261498848061903,0.191167602577841,168.2581672988184,180.0,0.7727272727272727,0.7621951219512195,6.0,5.0,3.0,0.6,2.0,1.0,0.6666666666666666,47.0,15.666666666666666,25.0,8.333333333333334,108,4,1
0.0,0.48381993663001577,0.7109804921818091,172.44806134387798,180.0,0.8068181818181818,0.8275862068965517,7.0,7.0,7.0,1.0,3.0,4.0,0.42857142857142855,82.0,11.714285714285714,40.0,5.714285714285714,109,4,1
1.0,0.3022773617716594,0.22103729228564417,234.56154061188235,180.0,0.7840909090909091,0.8040540540540541,5.0,4.0,2.0,0.5,2.0,0.0,1.0,33.0,16.5,21.0,10.5,110,4,1
1.0,0.3012062621777352,0.14478847217064025,189.01036336582115,180.0,0.8181818181818182,0.831081081081081,2.0,2.0,2.0,1.0,1.0,1.0,0.5,32.0,16.0,14.0,7.0,111,4,1
1.0,0.31354303846141895,0.41454062208170356,196.00900822372958,180.0,0.7897727272727273,0.7984496124031008,3.0,2.0,2.0,1.0,2.0,0.0,1.0,39.0,19.5,21.0,10.5,112,4,1
1.0,0.2604319871403274,0.21542126616043744,207.95413324212535,180.0,0.7784090909090909,0.7844827586206896,7.0,7.0,5.0,0.7142857142857143,2.0,3.0,0.4,56.0,11.2,38.0,7.6,113,4,1
0.0,0.8706929087743989,2.104741939846482,185.84899429785816,180.0,0.7556818181818182,0.75,8.0,8.0,6.0,0.75,1.0,5.0,0.16666666666666666,79.0,13.166666666666666,37.0,6.166666666666667,114,4,1
0.0,0.4919944995248651,1.1925902703169222,179.1531804682572,180.0,0.8011363636363636,0.7972027972027972,7.0,5.0,2.0,0.4,2.0,0.0,1.0,37.0,18.5,21.0,10.5,115,4,1
1.0,0.49209083881374766,0.3754920129974826,205.50545414404226,180.0,0.7159090909090909,0.7808219178082192,6.0,6.0,4.0,0.6666666666666666,2.0,2.0,0.5,66.0,16.5,31.0,7.75,116,4,1
1.0,0.40153902723136503,0.4789779868130695,184.305711722355,180.0,0.8011363636363636,0.8333333333333334,5.0,5.0,3.0,0.6,1.0,2.0,0.3333333333333333,45.0,15.0,18.0,6.0,117,4,1
0.0,0.32179625796436406,0.47400038090327845,170.46529759308243,180.0,0.7840909090909091,0.7843137254901961,4.0,4.0,4.0,1.0,2.0,2.0,0.5,73.0,18.25,40.0,10.0,118,4,1
1.0,0.3334182025189343,0.2205882651850468,211.29697278775393,180.0,0.7840909090909091,0.7943262411347518,4.0,4.0,3.0,0.75,1.0,2.0,0.3333333333333333,55.0,18.333333333333332,29.0,9.666666666666666,119,4,1
1.0,0.39488357745808633,0.5053519212831712,196.10631048186178,180.0,0.7840909090909091,0.8108108108108109,9.0,9.0,4.0,0.4444444444444444,1.0,3.0,0.25,76.0,19.0,45.0,11.25,120,4,1
1.0,0.36319092573198103,0.36358022532671735,250.2341114198646,180.0,0.6875,0.72,8.0,8.0,4.0,0.5,1.0,3.0,0.25,40.0,10.0,19.0,4.75,121,4,1
1.0,0.4624204541649922,0.37323300637046736,223.74966905755232,180.0,0.7840909090909091,0.777027027027027,7.0,7.0,5.0,0.7142857142857143,2.0,3.0,0.4,45.0,9.0,19.0,3.8,122,4,1
0.0,0.39566396580943525,0.48984721494104283,233.10488144276982,180.0,0.7670454545454546,0.8048780487804879,8.0,8.0,4.0,0.5,1.0,3.0,0.25,33.0,8.25,10.0,2.5,123,4,1
0.0,0.5212299666838602,0.4562025667482751,164.84715020429914,180.0,0.7784090909090909,0.8058252427184466,10.0,9.0,7.0,0.7777777777777778,3.0,4.0,0.42857142857142855,92.0,13.142857142857142,50.0,7.142857142857143,124,4,1
1.0,0.5158016104620291,0.4534480241557847,214.31879291225076,180.0,0.7159090909090909,0.7522123893805309,11.0,11.0,7.0,0.6363636363636364,3.0,4.0,0.42857142857142855,115.0,16.428571428571427,66.0,9.428571428571429,125,4,1
1.0,0.5104834738677441,0.24993326865400445,189.6556584997921,180.0,0.8181818181818182,0.8706896551724138,7.0,6.0,3.0,0.5,2.0,1.0,0.6666666666666666,53.0,17.666666666666668,27.0,9.0,126,4,1
1.0,0.4349896997367522,0.3865619480847478,174.73458494370584,180.0,0.7954545454545454,0.824,5.0,4.0,3.0,0.75,1.0,2.0,0.3333333333333333,45.0,15.0,22.0,7.333333333333333,127,4,1
0.0,0.6191580961721712,0.7762383986035485,216.706727575539,180.0,0.7102272727272727,0.7558139534883721,7.0,7.0,4.0,0.5714285714285714,3.0,1.0,0.75,73.0,18.25,38.0,9.5,128,4,1
1.0,0.515488050100316,0.3442628971965368,188.1955098866567,180.0,0.7727272727272727,0.7837837837837838,5.0,4.0,3.0,0.75,1.0,2.0,0.3333333333333333,49.0,16.333333333333332,26.0,8.666666666666666,129,4,1
1.0,0.3277120333943877,0.1829365774802238,220.3109271760284,180.0,0.7272727272727273,0.7758620689655172,10.0,9.0,4.0,0.4444444444444444,2.0,2.0,0.5,55.0,13.75,27.0,6.75,130,4,1
1.0,0.39662995273436635,0.3385489254598275,184.36069467583096,180.0,0.7784090909090909,0.8365384615384616,6.0,6.0,3.0,0.5,2.0,1.0,0.6666666666666666,49.0,16.333333333333332,25.0,8.333333333333334,131,4,1
0.0,0.4273147664183109,0.45879868547876157,179.03133487069073,180.0,0.8125,0.8243243243243243,7.0,6.0,4.0,0.6666666666666666,2.0,2.0,0.5,55.0,13.75,34.0,8.5,132,4,1
1.0,0.2689813637588883,0.19889403116901685,204.86469697130292,180.0,0.7329545454545454,0.7575757575757576,4.0,4.0,3.0,0.75,1.0,2.0,0.3333333333333333,57.0,19.0,33.0,11.0,133,4,1
0.0,0.37099257527587765,0.6931926266167794,214.7952219549552,180.0,0.7556818181818182,0.7851239669421488,4.0,4.0,3.0,0.75,2.0,1.0,0.6666666666666666,52.0,17.333333333333332,29.0,9.666666666666666,134,4,1
1.0,0.5656090814976154,0.39072515507036487,189.1997339536993,180.0,0.7670454545454546,0.7614678899082569,6.0,6.0,4.0,0.6666666666666666,1.0,3.0,0.25,29.0,7.25,10.0,2.5,135,4,1
1.0,0.4320267302173099,0.37343700624990983,168.68682984289597,180.0,0.7954545454545454,0.8392857142857143,6.0,5.0,3.0,0.6,2.0,1.0,0.6666666666666666,50.0,16.666666666666668,28.0,9.333333333333334,136,4,1
0.0,0.4995008563499224,0.6059485259561934,174.66952540449773,90.0,0.7386363636363636,0.92,12.0,12.0,5.0,0.4166666666666667,2.0,3.0,0.4,57.0,11.4,30.0,6.0,17,4,2
1.0,0.5063658782261825,0.3431167554351846,187.3358363462585,90.0,0.7045454545454546,0.74,6.0,6.0,4.0,0.6666666666666666,2.0,2.0,0.5,63.0,15.75,37.0,9.25,18,4,2
1.0,0.4435164262924466,0.31044999083319585,203.545218316289,90.0,0.75,0.7575757575757576,4.0,4.0,2.0,0.5,1.0,1.0,0.5,29.0,14.5,11.0,5.5,19,4,2
1.0,0.5003910929206115,0.3488063588196299,187.01775514525818,90.0,0.7613636363636364,0.7727272727272727,4.0,4.0,3.0,0.75,2.0,1.0,0.6666666666666666,38.0,12.666666666666666,17.0,5.666666666666667,20,4,2
1.0,0.521414577474993,0.3212929758434983,239.15686815595186,90.0,0.6477272727272727,0.8421052631578947,13.0,11.0,5.0,0.45454545454545453,2.0,3.0,0.4,64.0,12.8,28.0,5.6,21,4,2
1.0,0.3453138837552201,0.3545664798550809,231.7583401023172,90.0,0.7840909090909091,0.7682926829268293,2.0,2.0,1.0,0.5,1.0,0.0,1.0,10.0,10.0,5.0,5.0,22,4,2
0.0,0.45423644126240187,0.5581885950050693,163.2480803983269,90.0,0.75,0.8448275862068966,4.0,4.0,3.0,0.75,1.0,2.0,0.3333333333333333,42.0,14.0,20.0,6.666666666666667,23,4,2
1.0,0.20955370980258112,0.18572390364268898,157.05146316693535,90.0,0.7954545454545454,0.7804878048780488,3.0,3.0,0.0,0.0,0.0,0.0,0.0,0.0,nan,0.0,nan,24,4,2
0.0,0.5594386714315192,1.1928299312796389,204.9179668662352,90.0,0.7159090909090909,0.7543859649122807,7.0,5.0,4.0,0.8,4.0,0.0,1.0,76.0,19.0,49.0,12.25,25,4,2
1.0,0.47132328466429946,0.2518652246336205,200.03089963396792,90.0,0.8181818181818182,0.803030303030303,4.0,4.0,3.0,0.75,2.0,1.0,0.6666666666666666,56.0,18.666666666666668,30.0,10.0,26,4,2
1.0,0.4564707222779744,0.48996115275371593,191.94146689272674,90.0,0.6590909090909091,0.7,8.0,8.0,6.0,0.75,2.0,4.0,0.3333333333333333,105.0,17.5,57.0,9.5,27,4,2
1.0,0.3169795976846782,0.3095172695632694,194.85685483376275,90.0,0.7840909090909091,0.7972972972972973,3.0,3.0,1.0,0.3333333333333333,0.0,1.0,0.0,7.0,7.0,1.0,1.0,28,4,2
0.0,0.43625921698324527,0.8935173826537685,190.10597183167013,90.0,0.7613636363636364,0.7424242424242424,3.0,3.0,1.0,0.3333333333333333,0.0,1.0,0.0,15.0,15.0,6.0,6.0,29,4,2
1.0,0.2773053890113074,0.3814021504658688,199.50184583701673,90.0,0.7954545454545454,0.8108108108108109,4.0,4.0,3.0,0.75,2.0,1.0,0.6666666666666666,66.0,22.0,47.0,15.666666666666666,30,4,2
0.0,0.3494236958586172,0.45455706119110056,177.4552349107835,90.0,0.7840909090909091,0.7846153846153846,5.0,5.0,2.0,0.4,1.0,1.0,0.5,24.0,12.0,15.0,7.5,31,4,2
1.0,0.35114897730218575,0.17939905523688807,172.53747216491843,90.0,0.8522727272727273,0.8939393939393939,3.0,3.0,3.0,1.0,2.0,1.0,0.6666666666666666,41.0,13.666666666666666,23.0,7.666666666666667,32,4,2
0.0,0.6406072131779352,0.6395315669351074,173.07386271178933,90.0,0.7613636363636364,0.8431372549019608,8.0,7.0,6.0,0.8571428571428571,3.0,3.0,0.5,90.0,15.0,42.0,7.0,33,4,2
0.0,0.4588905396484779,0.42943230926930326,148.10831337289608,90.0,0.7840909090909091,0.8181818181818182,10.0,9.0,6.0,0.6666666666666666,3.0,3.0,0.5,49.0,8.166666666666666,22.0,3.6666666666666665,34,4,2
1.0,0.2550655683687263,0.26285893679696337,179.92963971353686,90.0,0.8068181818181818,0.84,6.0,4.0,1.0,0.25,0.0,1.0,0.0,4.0,4.0,1.0,1.0,35,4,2
0.0,0.4385354113537134,0.5453310642824651,176.18196642065277,90.0,0.7954545454545454,0.8235294117647058,6.0,6.0,2.0,0.3333333333333333,1.0,1.0,0.5,32.0,16.0,17.0,8.5,36,4,2
1.0,0.27338979248605594,0.16610017778458064,181.2503554057773,90.0,0.8068181818181818,0.835820895522388,3.0,3.0,0.0,0.0,0.0,0.0,0.0,0.0,nan,0.0,nan,37,4,2
0.0,0.822593539269109,0.7874614326163472,135.88993439388923,90.0,0.7954545454545454,0.78,6.0,5.0,3.0,0.6,2.0,1.0,0.6666666666666666,65.0,21.666666666666668,38.0,12.666666666666666,38,4,2
1.0,0.500049163025278,0.4699885339116895,170.69272452725323,90.0,0.8068181818181818,0.8333333333333334,7.0,7.0,4.0,0.5714285714285714,1.0,3.0,0.25,49.0,12.25,18.0,4.5,39,4,2
1.0,0.30504731950147057,0.37832727754694806,165.77556274858267,90.0,0.8409090909090909,0.8292682926829268,4.0,4.0,3.0,0.75,2.0,1.0,0.6666666666666666,23.0,7.666666666666667,14.0,4.666666666666667,40,4,2
0.0,0.3648341019874206,0.4860818126163723,198.94046042332903,90.0,0.8295454545454546,0.8170731707317073,1.0,1.0,1.0,1.0,0.0,1.0,0.0,23.0,23.0,14.0,14.0,41,4,2
1.0,0.3328580358360404,0.33409821928433814,158.154601199158,90.0,0.7840909090909091,0.7972972972972973,4.0,4.0,1.0,0.25,1.0,0.0,1.0,26.0,26.0,17.0,17.0,42,4,2
1.0,0.5617089146992217,0.4195944992168593,177.56230941467757,90.0,0.7386363636363636,0.7735849056603774,6.0,6.0,2.0,0.3333333333333333,1.0,1.0,0.5,12.0,6.0,4.0,2.0,43,4,2
1.0,0.3100993086819526,0.23092977530907727,197.25478060032202,90.0,0.7613636363636364,0.7808219178082192,5.0,5.0,4.0,0.8,3.0,1.0,0.75,45.0,11.25,24.0,6.0,44,4,2
1.0,0.44534545994723057,0.17298736643891152,182.10374592640358,90.0,0.75,0.7424242424242424,5.0,5.0,3.0,0.6,1.0,2.0,0.3333333333333333,39.0,13.0,19.0,6.333333333333333,45,4,2
1.0,0.4464918989531568,0.44117290863397146,205.3269957995783,90.0,0.7045454545454546,0.76,9.0,8.0,5.0,0.625,1.0,4.0,0.2,74.0,14.8,39.0,7.8,46,4,2
1.0,0.3343383554502595,0.43250763358733085,188.27217883465994,90.0,0.8295454545454546,0.8208955223880597,5.0,5.0,4.0,0.8,2.0,2.0,0.5,57.0,14.25,34.0,8.5,47,4,2
1.0,0.3046696365195836,0.21344844726447362,193.81327916247778,90.0,0.7613636363636364,0.7936507936507936,6.0,6.0,5.0,0.8333333333333334,3.0,2.0,0.6,42.0,8.4,23.0,4.6,48,4,2
0.0,0.6105466154740468,0.6300804655236331,164.6648633936696,90.0,0.7840909090909091,0.8,9.0,6.0,4.0,0.6666666666666666,2.0,2.0,0.5,53.0,13.25,22.0,5.5,49,4,2
1.0,0.44179033289503356,0.3339750982376331,243.22890584188212,90.0,0.7727272727272727,0.84,7.0,6.0,5.0,0.8333333333333334,4.0,1.0,0.8,78.0,15.6,44.0,8.8,50,4,2
1.0,0.7084180169828774,0.44478455606009093,188.73352060684124,90.0,0.7727272727272727,0.7575757575757576,5.0,5.0,5.0,1.0,3.0,2.0,0.6,87.0,17.4,43.0,8.6,51,4,2
0.0,0.37268311126857573,0.5464401870198047,225.37849120806374,90.0,0.7840909090909091,0.8333333333333334,5.0,4.0,3.0,0.75,2.0,1.0,0.6666666666666666,62.0,20.666666666666668,36.0,12.0,52,4,2
0.0,0.4768694480133852,0.6843957177736703,197.3899726611381,90.0,0.7954545454545454,0.86,10.0,10.0,6.0,0.6,2.0,4.0,0.3333333333333333,71.0,11.833333333333334,39.0,6.5,53,4,2
1.0,0.2607578447987524,0.27228912172989994,138.09960221878637,90.0,0.8409090909090909,0.84375,5.0,5.0,3.0,0.6,1.0,2.0,0.3333333333333333,36.0,12.0,15.0,5.0,54,4,2
1.0,0.30134606251555957,0.38401566987586366,210.01601205127398,90.0,0.7613636363636364,0.7638888888888888,4.0,4.0,3.0,0.75,2.0,1.0,0.6666666666666666,39.0,13.0,23.0,7.666666666666667,55,4,2
1.0,0.3580623399604148,0.14827703796530473,186.07347165089206,90.0,0.7727272727272727,0.8225806451612904,6.0,5.0,4.0,0.8,3.0,1.0,0.75,68.0,17.0,38.0,9.5,56,4,2
0.0,0.3893715634214521,0.6116603457282521,168.1609160407565,90.0,0.7613636363636364,0.7878787878787878,4.0,4.0,3.0,0.75,1.0,2.0,0.3333333333333333,42.0,14.0,19.0,6.333333333333333,57,4,2
1.0,0.43029101350843724,0.34055223876886126,170.59111701620125,90.0,0.8181818181818182,0.8275862068965517,5.0,5.0,3.0,0.6,2.0,1.0,0.6666666666666666,62.0,20.666666666666668,35.0,11.666666666666666,58,4,2
1.0,0.4705639699564821,0.4570328917248475,164.52578901672794,90.0,0.75,0.8108108108108109,13.0,10.0,5.0,0.5,2.0,3.0,0.4,58.0,11.6,28.0,5.6,59,4,2
1.0,0.37969934764553886,0.4923494308183047,241.77381744536422,90.0,0.7386363636363636,0.7272727272727273,3.0,3.0,3.0,1.0,2.0,1.0,0.6666666666666666,71.0,23.666666666666668,50.0,16.666666666666668,60,4,2
0.0,0.3816169463838661,0.5577786854483335,227.84832018873834,90.0,0.7840909090909091,0.8113207547169812,8.0,8.0,3.0,0.375,0.0,3.0,0.0,39.0,13.0,18.0,6.0,61,4,2
0.0,0.5881413974924585,0.621153092391916,164.29127820030143,90.0,0.75,0.7424242424242424,5.0,5.0,4.0,0.8,2.0,2.0,0.5,59.0,14.75,31.0,7.75,62,4,2
1.0,0.3793595441319881,0.4402768666958914,187.9394524929373,90.0,0.7386363636363636,0.7741935483870968,3.0,3.0,2.0,0.6666666666666666,1.0,1.0,0.5,39.0,19.5,23.0,11.5,63,4,2
1.0,0.31277811961769886,0.3087737429119425,186.20680734581555,90.0,0.8409090909090909,0.8428571428571429,4.0,4.0,2.0,0.5,0.0,2.0,0.0,52.0,26.0,37.0,18.5,64,4,2
1.0,0.39200044104957105,0.26146592440395283,143.73438395004226,90.0,0.75,0.8181818181818182,9.0,7.0,5.0,0.7142857142857143,3.0,2.0,0.6,89.0,17.8,47.0,9.4,65,4,2
1.0,0.3531809015491512,0.29211198036734604,180.53520296742846,90.0,0.7386363636363636,0.7241379310344828,9.0,9.0,6.0,0.6666666666666666,3.0,3.0,0.5,70.0,11.666666666666666,34.0,5.666666666666667,66,4,2
0.0,0.4686284053120314,0.4903760854120201,182.10312635482248,90.0,0.75,0.7959183673469388,6.0,6.0,4.0,0.6666666666666666,2.0,2.0,0.5,80.0,20.0,48.0,12.0,67,4,2
0.0,0.8858861964000605,1.0552726771728476,185.48086520298574,90.0,0.7954545454545454,0.8333333333333334,8.0,7.0,5.0,0.7142857142857143,3.0,2.0,0.6,103.0,20.6,58.0,11.6,68,4,2
1.0,0.37523317830358444,0.45017762073923284,215.76126840056475,90.0,0.75,0.7547169811320755,8.0,7.0,6.0,0.8571428571428571,3.0,3.0,0.5,91.0,15.166666666666666,51.0,8.5,69,4,2
0.0,0.40170807487473686,0.5784062770638668,212.83777169390072,90.0,0.7613636363636364,0.7931034482758621,7.0,7.0,4.0,0.5714285714285714,1.0,3.0,0.25,49.0,12.25,22.0,5.5,70,4,2
1.0,0.23361476027658581,0.35352946789362477,161.74309527962967,90.0,0.8181818181818182,0.875,6.0,5.0,1.0,0.2,0.0,1.0,0.0,16.0,16.0,7.0,7.0,71,4,2
1.0,0.3105538188423896,0.42540977792469303,181.73635566219315,90.0,0.7954545454545454,0.7878787878787878,4.0,3.0,2.0,0.6666666666666666,1.0,1.0,0.5,39.0,19.5,21.0,10.5,72,4,2
1.0,0.4294859290221447,0.3598653922930991,165.47381475573252,90.0,0.8409090909090909,0.8387096774193549,7.0,6.0,6.0,1.0,3.0,3.0,0.5,99.0,16.5,49.0,8.166666666666666,73,4,2
1.0,0.35123632455233167,0.19150064738364006,196.8563897606706,90.0,0.7613636363636364,0.8032786885245902,8.0,8.0,5.0,0.625,2.0,3.0,0.4,67.0,13.4,32.0,6.4,74,4,2
0.0,0.5312013245713705,0.6977569558195275,231.68022804846404,90.0,0.7159090909090909,0.725,9.0,8.0,4.0,0.5,2.0,2.0,0.5,59.0,14.75,26.0,6.5,75,4,2
1.0,0.37909266359307736,0.24166993825110702,175.4969111022178,90.0,0.7840909090909091,0.8333333333333334,2.0,2.0,2.0,1.0,2.0,0.0,1.0,48.0,24.0,30.0,15.0,76,4,2
1.0,0.282163157592129,0.3996544953124672,172.2367331412885,90.0,0.8409090909090909,0.8378378378378378,2.0,2.0,2.0,1.0,2.0,0.0,1.0,39.0,19.5,23.0,11.5,77,4,2
1.0,0.30995047582285273,0.1524927838468509,162.62752100561804,90.0,0.875,0.8658536585365854,3.0,1.0,1.0,1.0,1.0,0.0,1.0,18.0,18.0,12.0,12.0,78,4,2
1.0,0.46023801257696967,0.3359319540988174,174.4446288357957,90.0,0.7727272727272727,0.7857142857142857,10.0,9.0,4.0,0.4444444444444444,1.0,3.0,0.25,55.0,13.75,29.0,7.25,79,4,2
1.0,0.6218774774422183,0.3301740061515598,160.08611767120158,90.0,0.8181818181818182,0.8333333333333334,5.0,5.0,3.0,0.6,0.0,3.0,0.0,41.0,13.666666666666666,14.0,4.666666666666667,80,4,2
1.0,0.2463182380952729,0.4765020670845612,177.80973197707317,90.0,0.8068181818181818,0.8103448275862069,8.0,7.0,2.0,0.2857142857142857,0.0,2.0,0.0,24.0,12.0,10.0,5.0,81,4,2
1.0,0.26177289374570567,0.1715588582578345,160.29040686812667,90.0,0.8409090909090909,0.8648648648648649,3.0,3.0,2.0,0.6666666666666666,2.0,0.0,1.0,39.0,19.5,24.0,12.0,82,4,2
1.0,0.3791271183174898,0.10318795518680698,165.94555681470453,90.0,0.8068181818181818,0.8305084745762712,9.0,9.0,7.0,0.7777777777777778,3.0,4.0,0.42857142857142855,49.0,7.0,22.0,3.142857142857143,83,4,2
0.0,0.5904151932884338,0.8085944058976584,160.00788896270413,90.0,0.8068181818181818,0.803030303030303,8.0,6.0,5.0,0.8333333333333334,3.0,2.0,0.6,70.0,14.0,38.0,7.6,84,4,2
0.0,0.3932482946800393,0.5863615034972597,180.84818442261664,90.0,0.8068181818181818,0.8108108108108109,7.0,6.0,3.0,0.5,1.0,2.0,0.3333333333333333,36.0,12.0,15.0,5.0,85,4,2
0.0,0.47616598328251747,0.5427581427596812,184.36126785291,90.0,0.7386363636363636,0.7586206896551724,5.0,5.0,4.0,0.8,3.0,1.0,0.75,75.0,18.75,42.0,10.5,86,4,2
0.0,0.630711579594344,0.7746577420872011,165.92361158374962,90.0,0.75,0.9,11.0,10.0,5.0,0.5,1.0,4.0,0.2,97.0,19.4,56.0,11.2,87,4,2
1.0,0.3911057381324187,0.41898639327674,186.4663978392138,90.0,0.7954545454545454,0.8108108108108109,3.0,3.0,3.0,1.0,1.0,2.0,0.3333333333333333,36.0,12.0,17.0,5.666666666666667,88,4,2
1.0,0.4039554572671567,0.5188592073538458,203.34380024749498,90.0,0.7386363636363636,0.7450980392156863,7.0,7.0,4.0,0.5714285714285714,1.0,3.0,0.25,65.0,16.25,37.0,9.25,89,4,2
0.0,0.5532031843363239,1.2736090512727527,172.75898692898593,90.0,0.7840909090909091,0.819672131147541,7.0,6.0,5.0,0.8333333333333334,2.0,3.0,0.4,54.0,10.8,28.0,5.6,90,4,2
0.0,0.46653138732384536,0.4801367186467231,198.45556322827764,90.0,0.7954545454545454,0.8055555555555556,8.0,7.0,2.0,0.2857142857142857,1.0,1.0,0.5,43.0,21.5,25.0,12.5,91,4,2
1.0,0.545964021155284,0.31178073677128837,151.55445368637226,90.0,0.7613636363636364,0.75,8.0,8.0,8.0,1.0,2.0,6.0,0.25,64.0,8.0,24.0,3.0,92,4,2
1.0,0.5248398312804216,0.3633947799699821,137.57504640980477,90.0,0.8181818181818182,0.86,4.0,4.0,4.0,1.0,3.0,1.0,0.75,84.0,21.0,49.0,12.25,93,4,2
0.0,0.43676421219576095,0.44905718960614466,190.47466546622852,90.0,0.8068181818181818,0.8448275862068966,6.0,6.0,3.0,0.5,1.0,2.0,0.3333333333333333,40.0,13.333333333333334,16.0,5.333333333333333,94,4,2
1.0,0.3842715320623228,0.1792177039883221,165.70785572208996,90.0,0.8068181818181818,0.8636363636363636,5.0,5.0,4.0,0.8,1.0,3.0,0.25,37.0,9.25,10.0,2.5,95,4,2
1.0,0.4420541936182139,0.38486963297007654,175.8075640788556,90.0,0.7386363636363636,0.7647058823529411,10.0,9.0,5.0,0.5555555555555556,4.0,1.0,0.8,81.0,16.2,43.0,8.6,96,4,2
1.0,0.30343845156314686,0.41287302414335564,178.79099471025214,90.0,0.8068181818181818,0.8125,7.0,7.0,4.0,0.5714285714285714,1.0,3.0,0.25,42.0,10.5,19.0,4.75,97,4,2
0.0,0.6299305658618438,1.009010179714051,157.17898689438272,90.0,0.8068181818181818,0.85,11.0,10.0,7.0,0.7,2.0,5.0,0.2857142857142857,93.0,13.285714285714286,48.0,6.857142857142857,98,4,2
0.0,0.5196924706715356,0.6465415555588433,148.20146969479393,90.0,0.8295454545454546,0.8181818181818182,7.0,7.0,5.0,0.7142857142857143,2.0,3.0,0.4,78.0,15.6,37.0,7.4,99,4,2
1.0,0.29543539014865317,0.16564232200290854,195.92171686916492,90.0,0.8636363636363636,0.875,3.0,3.0,3.0,1.0,2.0,1.0,0.6666666666666666,83.0,27.666666666666668,62.0,20.666666666666668,100,4,2
1.0,0.2788434390976549,0.21557053068701643,228.43894487729108,90.0,0.7840909090909091,0.7804878048780488,1.0,1.0,1.0,1.0,1.0,0.0,1.0,26.0,26.0,17.0,17.0,101,4,2
1.0,0.2951046851001689,0.19974468308865698,129.81644603006384,90.0,0.8068181818181818,0.8378378378378378,2.0,2.0,2.0,1.0,2.0,0.0,1.0,48.0,24.0,30.0,15.0,102,4,2
1.0,0.5245321018382232,0.2560421770281695,227.1131830050753,90.0,0.7954545454545454,0.8620689655172413,8.0,8.0,6.0,0.75,1.0,5.0,0.16666666666666666,74.0,12.333333333333334,40.0,6.666666666666667,103,4,2
1.0,0.3038575323730796,0.24300829051566464,171.8916660517154,90.0,0.7386363636363636,0.7631578947368421,2.0,2.0,2.0,1.0,1.0,1.0,0.5,21.0,10.5,8.0,4.0,104,4,2
0.0,0.5978290839508721,0.6018326212485536,166.55551944044848,90.0,0.7727272727272727,0.8275862068965517,5.0,5.0,4.0,0.8,2.0,2.0,0.5,59.0,14.75,29.0,7.25,105,4,2
1.0,0.5916816154456123,0.26539655043454907,145.97946957235112,90.0,0.7727272727272727,0.7567567567567568,5.0,5.0,4.0,0.8,2.0,2.0,0.5,46.0,11.5,20.0,5.0,106,4,2
1.0,0.3614060013464524,0.466448599227012,175.90466362791648,90.0,0.75,0.7868852459016393,7.0,6.0,4.0,0.6666666666666666,0.0,4.0,0.0,47.0,11.75,31.0,7.75,107,4,2
1.0,0.48284136062762206,0.18475946479184416,172.56722526734464,90.0,0.7613636363636364,0.7439024390243902,6.0,5.0,4.0,0.8,3.0,1.0,0.75,66.0,16.5,35.0,8.75,108,4,2
0.0,0.5064520315539437,0.7323167604241473,150.2020762924966,90.0,0.8409090909090909,0.8620689655172413,7.0,7.0,6.0,0.8571428571428571,2.0,4.0,0.3333333333333333,71.0,11.833333333333334,37.0,6.166666666666667,109,4,2
1.0,0.3173419454463068,0.22457768105090803,215.66800673498068,90.0,0.7727272727272727,0.7972972972972973,5.0,4.0,3.0,0.75,3.0,0.0,1.0,55.0,18.333333333333332,36.0,12.0,110,4,2
1.0,0.3103490285037422,0.13227943490754107,182.54357450925804,90.0,0.8068181818181818,0.8108108108108109,2.0,2.0,2.0,1.0,1.0,1.0,0.5,32.0,16.0,14.0,7.0,111,4,2
1.0,0.3216144200661331,0.41512216207697306,180.77953984224027,90.0,0.8181818181818182,0.828125,3.0,2.0,2.0,1.0,2.0,0.0,1.0,44.0,22.0,26.0,13.0,112,4,2
1.0,0.2830004048644531,0.21873467333163488,179.64886968069973,90.0,0.7840909090909091,0.8103448275862069,7.0,7.0,5.0,0.7142857142857143,2.0,3.0,0.4,59.0,11.8,41.0,8.2,113,4,2
0.0,0.9068539344781698,2.143407499336897,173.32350279132925,90.0,0.75,0.7391304347826086,8.0,8.0,7.0,0.875,2.0,5.0,0.2857142857142857,102.0,14.571428571428571,52.0,7.428571428571429,114,4,2
0.0,0.5232359850685755,1.2983626449216072,175.69240733837555,90.0,0.8295454545454546,0.8055555555555556,7.0,5.0,2.0,0.4,1.0,1.0,0.5,40.0,20.0,24.0,12.0,115,4,2
1.0,0.4902371510579196,0.29673561347513167,169.70930525042687,90.0,0.7727272727272727,0.8378378378378378,6.0,6.0,4.0,0.6666666666666666,2.0,2.0,0.5,65.0,16.25,30.0,7.5,116,4,2
1.0,0.3931389226416981,0.42918750074888123,137.83854778995473,90.0,0.8295454545454546,0.8666666666666667,5.0,5.0,4.0,0.8,2.0,2.0,0.5,63.0,15.75,27.0,6.75,117,4,2
0.0,0.33529396417906493,0.5060529075606274,162.50478357431464,90.0,0.8068181818181818,0.7843137254901961,4.0,4.0,4.0,1.0,2.0,2.0,0.5,78.0,19.5,46.0,11.5,118,4,2
1.0,0.3563346495521524,0.23597039436390985,202.37168543436943,90.0,0.8068181818181818,0.8142857142857143,4.0,4.0,3.0,0.75,1.0,2.0,0.3333333333333333,54.0,18.0,29.0,9.666666666666666,119,4,2
1.0,0.38724308143983865,0.5282984042144763,203.45610661173836,90.0,0.75,0.7678571428571429,9.0,9.0,4.0,0.4444444444444444,3.0,1.0,0.75,68.0,17.0,37.0,9.25,120,4,2
1.0,0.3757538490313752,0.3859330356312608,239.90031389754472,90.0,0.6704545454545454,0.6666666666666666,8.0,8.0,3.0,0.375,1.0,2.0,0.3333333333333333,26.0,8.666666666666666,14.0,4.666666666666667,121,4,2
1.0,0.4642483263610057,0.43189839858707807,218.05367131853748,90.0,0.7840909090909091,0.7837837837837838,7.0,7.0,5.0,0.7142857142857143,2.0,3.0,0.4,44.0,8.8,17.0,3.4,122,4,2
0.0,0.4365230712374629,0.5117356944870077,197.7426668031158,90.0,0.7840909090909091,0.8292682926829268,8.0,8.0,5.0,0.625,1.0,4.0,0.2,40.0,8.0,12.0,2.4,123,4,2
0.0,0.5507910725328573,0.46352030787162135,177.14324511397018,90.0,0.8181818181818182,0.8431372549019608,10.0,9.0,6.0,0.6666666666666666,3.0,3.0,0.5,84.0,14.0,45.0,7.5,124,4,2
1.0,0.55622389098787,0.4666725479354724,235.9817222869821,90.0,0.7272727272727273,0.8035714285714286,11.0,11.0,7.0,0.6363636363636364,2.0,5.0,0.2857142857142857,114.0,16.285714285714285,70.0,10.0,125,4,2
1.0,0.5660163248481658,0.30000290582373995,202.41901346006443,90.0,0.7840909090909091,0.8275862068965517,7.0,6.0,4.0,0.6666666666666666,2.0,2.0,0.5,60.0,15.0,30.0,7.5,126,4,2
1.0,0.47118685645793396,0.3714308708749829,175.43016422502785,90.0,0.7840909090909091,0.7936507936507936,5.0,4.0,3.0,0.75,1.0,2.0,0.3333333333333333,44.0,14.666666666666666,20.0,6.666666666666667,127,4,2
0.0,0.6434413755553501,0.8462297306054977,191.68545764896714,90.0,0.6931818181818182,0.7209302325581395,7.0,7.0,4.0,0.5714285714285714,3.0,1.0,0.75,75.0,18.75,40.0,10.0,128,4,2
1.0,0.5522100107156253,0.39521968109647204,183.68264061470478,90.0,0.8068181818181818,0.8243243243243243,5.0,4.0,4.0,1.0,2.0,2.0,0.5,63.0,15.75,30.0,7.5,129,4,2
1.0,0.3181347664174376,0.15078434359114587,225.9306503735279,90.0,0.7386363636363636,0.7586206896551724,10.0,9.0,4.0,0.4444444444444444,2.0,2.0,0.5,56.0,14.0,28.0,7.0,130,4,2
1.0,0.4614397430511867,0.38856350685770785,167.2553496793417,90.0,0.75,0.7884615384615384,6.0,6.0,3.0,0.5,2.0,1.0,0.6666666666666666,48.0,16.0,21.0,7.0,131,4,2
0.0,0.43524597434412915,0.49360594207196806,158.3664265525382,90.0,0.8295454545454546,0.8243243243243243,7.0,6.0,4.0,0.6666666666666666,2.0,2.0,0.5,55.0,13.75,33.0,8.25,132,4,2
1.0,0.3094813811955331,0.21025183426704946,207.51572069183757,90.0,0.7159090909090909,0.7424242424242424,4.0,4.0,3.0,0.75,1.0,2.0,0.3333333333333333,59.0,19.666666666666668,35.0,11.666666666666666,133,4,2
0.0,0.3973650864897925,0.711068376711057,201.67656257065886,90.0,0.7613636363636364,0.7704918032786885,4.0,4.0,3.0,0.75,2.0,1.0,0.6666666666666666,51.0,17.0,27.0,9.0,134,4,2
1.0,0.5819471746038185,0.3632142059762428,176.39857519118016,90.0,0.7386363636363636,0.7222222222222222,6.0,6.0,4.0,0.6666666666666666,1.0,3.0,0.25,29.0,7.25,10.0,2.5,135,4,2
1.0,0.4465080590624507,0.36070977364536183,169.51144611604,90.0,0.7954545454545454,0.8392857142857143,6.0,5.0,4.0,0.8,2.0,2.0,0.5,71.0,17.75,40.0,10.0,136,4,2
0.0,0.6453354782064689,0.9139017782639204,122.3086710078227,45.0,0.75,1.0,12.0,12.0,6.0,0.5,2.0,4.0,0.3333333333333333,79.0,13.166666666666666,42.0,7.0,17,4,4
0.0,0.5948324380676414,0.4564075788147952,180.8070420196482,45.0,0.6818181818181818,0.72,6.0,6.0,3.0,0.5,2.0,1.0,0.6666666666666666,59.0,19.666666666666668,33.0,11.0,18,4,4
1.0,0.4378274926486831,0.2753962076477382,99.4152137902488,45.0,0.7272727272727273,0.7575757575757576,4.0,4.0,2.0,0.5,1.0,1.0,0.5,28.0,14.0,10.0,5.0,19,4,4
1.0,0.633731695535531,0.32945405460919447,110.22679107644228,45.0,0.7954545454545454,0.8181818181818182,4.0,4.0,4.0,1.0,3.0,1.0,0.75,60.0,15.0,27.0,6.75,20,4,4
1.0,0.5699999726742072,0.4807085602478951,125.99170132959414,45.0,0.6818181818181818,0.8888888888888888,13.0,11.0,4.0,0.36363636363636365,2.0,2.0,0.5,46.0,11.5,28.0,7.0,21,4,4
0.0,0.43191194901818414,0.6252189235412422,214.13807573438044,45.0,0.7727272727272727,0.7560975609756098,2.0,2.0,1.0,0.5,1.0,0.0,1.0,18.0,18.0,10.0,10.0,22,4,4
0.0,0.6034840790202061,0.6143247185479133,104.02629287568142,45.0,0.75,0.8620689655172413,4.0,4.0,3.0,0.75,1.0,2.0,0.3333333333333333,42.0,14.0,19.0,6.333333333333333,23,4,4
1.0,0.20058226972498394,0.1278468031139198,112.2712257726825,45.0,0.8181818181818182,0.8048780487804879,3.0,3.0,1.0,0.3333333333333333,1.0,0.0,1.0,12.0,12.0,5.0,5.0,24,4,4
0.0,0.73955318679706,1.3495069973984588,167.4160473218503,45.0,0.7045454545454546,0.7586206896551724,7.0,5.0,4.0,0.8,4.0,0.0,1.0,81.0,20.25,54.0,13.5,25,4,4
1.0,0.618307714159629,0.4339931376592624,189.0186636557758,45.0,0.7954545454545454,0.7878787878787878,4.0,4.0,3.0,0.75,2.0,1.0,0.6666666666666666,55.0,18.333333333333332,31.0,10.333333333333334,26,4,4
1.0,0.5231067204990795,0.46038483590311724,132.69963354936448,45.0,0.6818181818181818,0.75,8.0,8.0,7.0,0.875,4.0,3.0,0.5714285714285714,81.0,11.571428571428571,40.0,5.714285714285714,27,4,4
1.0,0.3691363488925932,0.3858113300912445,198.86252547442461,45.0,0.75,0.7567567567567568,3.0,3.0,1.0,0.3333333333333333,0.0,1.0,0.0,7.0,7.0,1.0,1.0,28,4,4
0.0,0.48844463923384757,1.0094839897653332,155.08083457327243,45.0,0.7954545454545454,0.7878787878787878,3.0,3.0,1.0,0.3333333333333333,0.0,1.0,0.0,15.0,15.0,6.0,6.0,29,4,4
0.0,0.4063763487862938,0.6699764706046754,124.44832513699177,45.0,0.8181818181818182,0.8378378378378378,4.0,4.0,3.0,0.75,2.0,1.0,0.6666666666666666,63.0,21.0,44.0,14.666666666666666,30,4,4
1.0,0.3044831970235427,0.2681422506024296,127.5640128915801,45.0,0.8636363636363636,0.8484848484848485,5.0,5.0,2.0,0.4,1.0,1.0,0.5,18.0,9.0,9.0,4.5,31,4,4
1.0,0.3533786312756987,0.22433535220628253,98.04846479258009,45.0,0.8863636363636364,0.9090909090909091,3.0,3.0,2.0,0.6666666666666666,2.0,0.0,1.0,55.0,27.5,40.0,20.0,32,4,4
0.0,0.8440855771338587,0.8745168282402154,86.5224093021947,45.0,0.8181818181818182,0.96,8.0,7.0,6.0,0.8571428571428571,3.0,3.0,0.5,97.0,16.166666666666668,49.0,8.166666666666666,33,4,4
0.0,0.501274783332232,0.5372306883217727,101.99431214246486,45.0,0.8636363636363636,0.8636363636363636,10.0,9.0,7.0,0.7777777777777778,4.0,3.0,0.5714285714285714,58.0,8.285714285714286,27.0,3.857142857142857,34,4,4
1.0,0.28083934416667145,0.13848629268920015,107.44703688307173,45.0,0.8181818181818182,0.8378378378378378,6.0,4.0,2.0,0.5,1.0,1.0,0.5,14.0,7.0,5.0,2.5,35,4,4
0.0,0.6125132044242713,0.7031115897533137,134.04964752472182,45.0,0.8181818181818182,0.8,6.0,6.0,3.0,0.5,2.0,1.0,0.6666666666666666,56.0,18.666666666666668,32.0,10.666666666666666,36,4,4
1.0,0.4454975091188155,0.3472802861384336,162.81049039953538,45.0,0.75,0.7941176470588235,3.0,3.0,2.0,0.6666666666666666,1.0,1.0,0.5,41.0,20.5,23.0,11.5,37,4,4
0.0,0.9294103952021004,0.9478252877255725,117.87421047054423,45.0,0.7272727272727273,0.72,6.0,5.0,3.0,0.6,0.0,3.0,0.0,69.0,23.0,42.0,14.0,38,4,4
0.0,0.61276220509956,0.6405776569058045,116.0831951653338,45.0,0.7954545454545454,0.7575757575757576,7.0,7.0,5.0,0.7142857142857143,1.0,4.0,0.2,74.0,14.8,34.0,6.8,39,4,4
1.0,0.30274540462316396,0.25529668478527817,129.17144343856808,45.0,0.8636363636363636,0.8536585365853658,4.0,4.0,2.0,0.5,1.0,1.0,0.5,8.0,4.0,6.0,3.0,40,4,4
0.0,0.5185952639492042,0.7092890764077067,133.9149161426938,45.0,0.8181818181818182,0.8048780487804879,1.0,1.0,1.0,1.0,0.0,1.0,0.0,23.0,23.0,14.0,14.0,41,4,4
1.0,0.43144584720421286,0.48611153743872076,123.0149935129748,45.0,0.7727272727272727,0.7567567567567568,4.0,4.0,2.0,0.5,1.0,1.0,0.5,38.0,19.0,24.0,12.0,42,4,4
1.0,0.5848227501201207,0.4391745373947196,163.54743149826987,45.0,0.75,0.7777777777777778,6.0,6.0,2.0,0.3333333333333333,1.0,1.0,0.5,14.0,7.0,6.0,3.0,43,4,4
1.0,0.3806370173698094,0.3885305372197653,153.8685602963506,45.0,0.7727272727272727,0.8108108108108109,5.0,5.0,4.0,0.8,3.0,1.0,0.75,44.0,11.0,23.0,5.75,44,4,4
1.0,0.5270926913568903,0.33204396666398445,154.75066413984607,45.0,0.75,0.7575757575757576,5.0,5.0,3.0,0.6,1.0,2.0,0.3333333333333333,23.0,7.666666666666667,9.0,3.0,45,4,4
1.0,0.5839979184954887,0.5379609449325999,163.68818765231381,45.0,0.7045454545454546,0.76,9.0,8.0,7.0,0.875,2.0,5.0,0.2857142857142857,122.0,17.428571428571427,78.0,11.142857142857142,46,4,4
0.0,0.41851899927535513,0.6592796863154204,126.39352322912407,45.0,0.8409090909090909,0.7941176470588235,5.0,5.0,3.0,0.6,2.0,1.0,0.6666666666666666,40.0,13.333333333333334,22.0,7.333333333333333,47,4,4
1.0,0.3239931370531343,0.2136810489803784,159.14041188386668,45.0,0.7272727272727273,0.75,6.0,6.0,3.0,0.5,2.0,1.0,0.6666666666666666,41.0,13.666666666666666,26.0,8.666666666666666,48,4,4
0.0,0.8622749762503448,1.0063559092536454,146.33826368914225,45.0,0.75,0.8,9.0,6.0,5.0,0.8333333333333334,3.0,2.0,0.6,54.0,10.8,23.0,4.6,49,4,4
1.0,0.5295274212015856,0.3622077368852968,142.08651922982006,45.0,0.7954545454545454,0.88,7.0,6.0,3.0,0.5,2.0,1.0,0.6666666666666666,64.0,21.333333333333332,41.0,13.666666666666666,50,4,4
1.0,0.9428484025164342,0.4817525731128723,129.53922685308785,45.0,0.8181818181818182,0.8181818181818182,5.0,5.0,5.0,1.0,3.0,2.0,0.6,90.0,18.0,49.0,9.8,51,4,4
0.0,0.44160637900886884,0.726645329120215,195.60884184636421,45.0,0.75,0.8518518518518519,5.0,4.0,3.0,0.75,1.0,2.0,0.3333333333333333,75.0,25.0,48.0,16.0,52,4,4
0.0,0.5372857033293824,0.8032635621160396,161.30651563917735,45.0,0.7954545454545454,0.8333333333333334,10.0,10.0,4.0,0.4,1.0,3.0,0.25,48.0,12.0,19.0,4.75,53,4,4
1.0,0.3965754579600383,0.2946322818366729,136.31848846992483,45.0,0.7727272727272727,0.78125,5.0,5.0,3.0,0.6,2.0,1.0,0.6666666666666666,34.0,11.333333333333334,16.0,5.333333333333333,54,4,4
1.0,0.346701893203714,0.3854963349672068,155.55031469411057,45.0,0.7954545454545454,0.7777777777777778,4.0,4.0,4.0,1.0,2.0,2.0,0.5,56.0,14.0,41.0,10.25,55,4,4
1.0,0.4859742900537515,0.2752588305661395,131.41406988214905,45.0,0.75,0.8387096774193549,6.0,5.0,5.0,1.0,4.0,1.0,0.8,80.0,16.0,48.0,9.6,56,4,4
0.0,0.4309215266917478,0.6454289832468852,102.51120783864609,45.0,0.75,0.7878787878787878,4.0,4.0,3.0,0.75,1.0,2.0,0.3333333333333333,64.0,21.333333333333332,42.0,14.0,57,4,4
1.0,0.43360437582418493,0.3366514003546789,137.02380842604742,45.0,0.8636363636363636,0.8620689655172413,5.0,5.0,2.0,0.4,1.0,1.0,0.5,34.0,17.0,16.0,8.0,58,4,4
0.0,0.5690368359000634,0.5634290933613887,113.71309676480963,45.0,0.6818181818181818,0.7368421052631579,13.0,10.0,7.0,0.7,3.0,4.0,0.42857142857142855,103.0,14.714285714285714,60.0,8.571428571428571,59,4,4
1.0,0.5060076195069897,0.4672343447197317,216.22913159309394,45.0,0.7045454545454546,0.7272727272727273,3.0,3.0,3.0,1.0,3.0,0.0,1.0,75.0,25.0,50.0,16.666666666666668,60,4,4
1.0,0.4282709714927822,0.5500342832697646,155.97746608945133,45.0,0.8636363636363636,0.9629629629629629,8.0,8.0,4.0,0.5,1.0,3.0,0.25,69.0,17.25,41.0,10.25,61,4,4
0.0,0.6660144657785826,0.5943839344362603,156.67945088685198,45.0,0.7727272727272727,0.7575757575757576,5.0,5.0,4.0,0.8,2.0,2.0,0.5,55.0,13.75,25.0,6.25,62,4,4
0.0,0.39671022533502914,0.5302470964509319,145.2850527120315,45.0,0.7727272727272727,0.7741935483870968,3.0,3.0,2.0,0.6666666666666666,1.0,1.0,0.5,41.0,20.5,26.0,13.0,63,4,4
1.0,0.32884678156801556,0.300300372869466,109.00441242026768,45.0,0.8636363636363636,0.8571428571428571,4.0,4.0,2.0,0.5,2.0,0.0,1.0,14.0,7.0,8.0,4.0,64,4,4
1.0,0.46025179229986657,0.298140883378276,123.06042661959474,45.0,0.7954545454545454,0.8888888888888888,9.0,7.0,6.0,0.8571428571428571,4.0,2.0,0.6666666666666666,109.0,18.166666666666668,66.0,11.0,65,4,4
1.0,0.4511335775802027,0.40767953110281274,138.05581010429484,45.0,0.8181818181818182,0.7666666666666667,9.0,9.0,6.0,0.6666666666666666,4.0,2.0,0.6666666666666666,72.0,12.0,32.0,5.333333333333333,66,4,4
0.0,0.5697201782466027,0.5495427858768641,128.02758569275113,45.0,0.6590909090909091,0.7083333333333334,6.0,6.0,4.0,0.6666666666666666,2.0,2.0,0.5,82.0,20.5,47.0,11.75,67,4,4
0.0,1.1344350900329363,1.779447172526986,147.087182819915,45.0,0.7727272727272727,0.7619047619047619,8.0,7.0,5.0,0.7142857142857143,2.0,3.0,0.4,113.0,22.6,70.0,14.0,68,4,4
0.0,0.47658917958500396,0.5563513310561756,153.31303856583168,45.0,0.75,0.7692307692307693,8.0,7.0,6.0,0.8571428571428571,3.0,3.0,0.5,52.0,8.666666666666666,27.0,4.5,69,4,4
0.0,0.435534103317076,0.6316395693748181,145.6781489878291,45.0,0.7954545454545454,0.8275862068965517,7.0,7.0,4.0,0.5714285714285714,1.0,3.0,0.25,61.0,15.25,34.0,8.5,70,4,4
1.0,0.28337309188011495,0.3672838945915145,120.01552173366979,45.0,0.7954545454545454,0.8571428571428571,6.0,5.0,3.0,0.6,2.0,1.0,0.6666666666666666,34.0,11.333333333333334,21.0,7.0,71,4,4
1.0,0.30783271837489484,0.32546839781467307,123.7990028658265,45.0,0.8181818181818182,0.7878787878787878,4.0,3.0,2.0,0.6666666666666666,1.0,1.0,0.5,30.0,15.0,12.0,6.0,72,4,4
1.0,0.5305030638729573,0.5349983809023658,160.26761575545493,45.0,0.7727272727272727,0.7741935483870968,7.0,6.0,5.0,0.8333333333333334,2.0,3.0,0.4,94.0,18.8,54.0,10.8,73,4,4
1.0,0.4764593350280134,0.258852035346029,116.59198045630525,45.0,0.7272727272727273,0.7666666666666667,8.0,8.0,5.0,0.625,2.0,3.0,0.4,60.0,12.0,24.0,4.8,74,4,4
0.0,0.7785830304544179,1.1188845819068003,185.89317807298394,45.0,0.6818181818181818,0.7,9.0,8.0,5.0,0.625,3.0,2.0,0.6,64.0,12.8,30.0,6.0,75,4,4
1.0,0.47450353711767634,0.3320378521806404,131.68457602248816,45.0,0.7954545454545454,0.8787878787878788,2.0,2.0,1.0,0.5,1.0,0.0,1.0,26.0,26.0,17.0,17.0,76,4,4
1.0,0.37109284790696323,0.34365217478475085,142.36064934936857,45.0,0.7954545454545454,0.7837837837837838,2.0,2.0,2.0,1.0,2.0,0.0,1.0,34.0,17.0,18.0,9.0,77,4,4
1.0,0.42228643642820235,0.3037021867891997,98.28164614631525,45.0,0.8409090909090909,0.8292682926829268,3.0,1.0,1.0,1.0,1.0,0.0,1.0,39.0,39.0,34.0,34.0,78,4,4
1.0,0.5099467819123998,0.3918555335091573,144.84805263078673,45.0,0.75,0.7619047619047619,10.0,9.0,4.0,0.4444444444444444,2.0,2.0,0.5,64.0,16.0,31.0,7.75,79,4,4
1.0,0.8858021263157015,0.4184681538051213,173.3742527959394,45.0,0.7727272727272727,0.7575757575757576,5.0,5.0,3.0,0.6,1.0,2.0,0.3333333333333333,46.0,15.333333333333334,19.0,6.333333333333333,80,4,4
1.0,0.2618383608148712,0.3326841577104338,151.01797344515953,45.0,0.8409090909090909,0.896551724137931,8.0,7.0,2.0,0.2857142857142857,0.0,2.0,0.0,24.0,12.0,11.0,5.5,81,4,4
1.0,0.3605775855081003,0.19871278976322834,109.99369001475931,45.0,0.8636363636363636,0.8918918918918919,3.0,3.0,2.0,0.6666666666666666,2.0,0.0,1.0,35.0,17.5,17.0,8.5,82,4,4
1.0,0.47846636088009264,0.20340123866868404,149.7091624049909,45.0,0.7954545454545454,0.8333333333333334,9.0,9.0,4.0,0.4444444444444444,1.0,3.0,0.25,31.0,7.75,11.0,2.75,83,4,4
0.0,0.6948258780425717,1.0843483333105177,148.39779663802932,45.0,0.8181818181818182,0.7575757575757576,8.0,6.0,5.0,0.8333333333333334,3.0,2.0,0.6,77.0,15.4,43.0,8.6,84,4,4
0.0,0.461616139503189,0.7032636697232317,148.47251154044113,45.0,0.7272727272727273,0.7297297297297297,7.0,6.0,4.0,0.6666666666666666,1.0,3.0,0.25,39.0,9.75,14.0,3.5,85,4,4
0.0,0.44082276843870605,0.49257206879056326,117.17314163795794,45.0,0.7954545454545454,0.7931034482758621,5.0,5.0,4.0,0.8,3.0,1.0,0.75,67.0,16.75,34.0,8.5,86,4,4
0.0,0.6804929865652282,0.8891120490075701,143.48637831957566,45.0,0.7272727272727273,0.8571428571428571,11.0,10.0,6.0,0.6,1.0,5.0,0.16666666666666666,102.0,17.0,61.0,10.166666666666666,87,4,4
1.0,0.4690997811325767,0.3072637217231842,122.96436727249586,45.0,0.7954545454545454,0.8378378378378378,3.0,3.0,3.0,1.0,1.0,2.0,0.3333333333333333,37.0,12.333333333333334,19.0,6.333333333333333,88,4,4
0.0,0.5601989250052015,0.6362786739134031,166.10565811532373,45.0,0.6818181818181818,0.72,7.0,7.0,5.0,0.7142857142857143,2.0,3.0,0.4,73.0,14.6,45.0,9.0,89,4,4
0.0,0.7151883974354204,1.6965315028949637,139.49923257385242,45.0,0.7727272727272727,0.8,7.0,6.0,5.0,0.8333333333333334,1.0,4.0,0.2,96.0,19.2,67.0,13.4,90,4,4
0.0,0.6056695904782765,0.5032428267942758,128.52601277108818,45.0,0.7727272727272727,0.7777777777777778,8.0,7.0,6.0,0.8571428571428571,3.0,3.0,0.5,59.0,9.833333333333334,34.0,5.666666666666667,91,4,4
1.0,0.6527719654649663,0.37284317801830014,126.32162929519046,45.0,0.7272727272727273,0.7666666666666667,8.0,8.0,7.0,0.875,2.0,5.0,0.2857142857142857,51.0,7.285714285714286,20.0,2.857142857142857,92,4,4
1.0,0.6217670823956407,0.470499605976195,110.91070079460626,45.0,0.8409090909090909,0.88,4.0,4.0,4.0,1.0,3.0,1.0,0.75,79.0,19.75,44.0,11.0,93,4,4
0.0,0.531110972239339,0.6392904815463646,103.82318949339069,45.0,0.7954545454545454,0.8275862068965517,6.0,6.0,4.0,0.6666666666666666,4.0,0.0,1.0,65.0,16.25,47.0,11.75,94,4,4
1.0,0.41909128792077793,0.1881390094752669,110.39460410253743,45.0,0.8181818181818182,0.8787878787878788,5.0,5.0,5.0,1.0,2.0,3.0,0.4,38.0,7.6,14.0,2.8,95,4,4
1.0,0.5255212466922133,0.42778618700077076,136.4300591198815,45.0,0.7045454545454546,0.72,10.0,9.0,5.0,0.5555555555555556,3.0,2.0,0.6,65.0,13.0,32.0,6.4,96,4,4
1.0,0.38963928970985445,0.6437358852661853,102.91187214278914,45.0,0.8181818181818182,0.8125,7.0,7.0,3.0,0.42857142857142855,0.0,3.0,0.0,29.0,9.666666666666666,14.0,4.666666666666667,97,4,4
0.0,0.6895589028857482,1.0409490208754637,140.88736031767596,45.0,0.7954545454545454,0.85,11.0,10.0,7.0,0.7,2.0,5.0,0.2857142857142857,92.0,13.142857142857142,46.0,6.571428571428571,98,4,4
0.0,0.603070746817041,0.7333502840961034,96.05031273042832,45.0,0.7954545454545454,0.7575757575757576,7.0,7.0,6.0,0.8571428571428571,3.0,3.0,0.5,84.0,14.0,42.0,7.0,99,4,4
1.0,0.3483176655359111,0.24347687134560866,116.92682080057007,45.0,0.8863636363636364,0.9375,3.0,3.0,3.0,1.0,2.0,1.0,0.6666666666666666,45.0,15.0,24.0,8.0,100,4,4
1.0,0.42484809624090386,0.18060714735397745,193.41494395250788,45.0,0.7727272727272727,0.7560975609756098,1.0,1.0,1.0,1.0,1.0,0.0,1.0,27.0,27.0,18.0,18.0,101,4,4
1.0,0.3169823391739538,0.17969455920258307,128.0925616252212,45.0,0.8181818181818182,0.8378378378378378,2.0,2.0,2.0,1.0,2.0,0.0,1.0,46.0,23.0,28.0,14.0,102,4,4
1.0,0.6675709482013658,0.40223535499489377,194.47525338151192,45.0,0.7727272727272727,0.8275862068965517,8.0,8.0,5.0,0.625,2.0,3.0,0.4,57.0,11.4,32.0,6.4,103,4,4
1.0,0.35943968029588486,0.3389380878123168,132.07956240253483,45.0,0.7727272727272727,0.8157894736842105,2.0,2.0,2.0,1.0,1.0,1.0,0.5,24.0,12.0,10.0,5.0,104,4,4
0.0,0.7844560308205695,0.9068962087168485,93.49334973426824,45.0,0.7727272727272727,0.7931034482758621,5.0,5.0,3.0,0.6,0.0,3.0,0.0,46.0,15.333333333333334,24.0,8.0,105,4,4
1.0,0.7764061759638413,0.5012642757339599,141.74413795375057,45.0,0.7045454545454546,0.6756756756756757,5.0,5.0,4.0,0.8,3.0,1.0,0.75,47.0,11.75,22.0,5.5,106,4,4
0.0,0.44224661234463114,0.5992537886588337,113.7525472006955,45.0,0.7954545454545454,0.8,7.0,6.0,4.0,0.6666666666666666,1.0,3.0,0.25,32.0,8.0,15.0,3.75,107,4,4
1.0,0.5837932358979298,0.2170958608689334,174.71100575667944,45.0,0.7272727272727273,0.7073170731707317,6.0,5.0,4.0,0.8,3.0,1.0,0.75,67.0,16.75,35.0,8.75,108,4,4
0.0,0.5600794945615475,0.6479925992188587,77.13103293218148,45.0,0.8636363636363636,0.8620689655172413,7.0,7.0,5.0,0.7142857142857143,2.0,3.0,0.4,61.0,12.2,28.0,5.6,109,4,4
1.0,0.4222707392113976,0.3944437713192128,165.25665999829224,45.0,0.7727272727272727,0.7837837837837838,5.0,4.0,1.0,0.25,1.0,0.0,1.0,27.0,27.0,18.0,18.0,110,4,4
1.0,0.3253263298807942,0.16984443269432095,85.02409129335499,45.0,0.8181818181818182,0.8108108108108109,2.0,2.0,2.0,1.0,1.0,1.0,0.5,29.0,14.5,11.0,5.5,111,4,4
0.0,0.340431926548664,0.49510159420599803,129.99086921179682,45.0,0.7954545454545454,0.78125,3.0,2.0,2.0,1.0,1.0,1.0,0.5,54.0,27.0,36.0,18.0,112,4,4
1.0,0.38822780165201054,0.3196956739812492,142.39552837809453,45.0,0.75,0.7931034482758621,7.0,7.0,4.0,0.5714285714285714,1.0,3.0,0.25,49.0,12.25,35.0,8.75,113,4,4
0.0,1.0037927086787708,2.319902923587754,155.5622717540703,45.0,0.7272727272727273,0.782608695652174,8.0,8.0,6.0,0.75,2.0,4.0,0.3333333333333333,73.0,12.166666666666666,35.0,5.833333333333333,114,4,4
0.0,0.6269424483367315,1.5128007087687723,139.3788677878737,45.0,0.8409090909090909,0.8333333333333334,7.0,5.0,2.0,0.4,1.0,1.0,0.5,44.0,22.0,27.0,13.5,115,4,4
1.0,0.5233971543119809,0.2380841408051322,129.69193274390497,45.0,0.7727272727272727,0.7894736842105263,6.0,6.0,3.0,0.5,0.0,3.0,0.0,49.0,16.333333333333332,22.0,7.333333333333333,116,4,4
0.0,0.5509409619108288,0.6007026510667438,87.67909369708649,45.0,0.8636363636363636,0.9,5.0,5.0,3.0,0.6,0.0,3.0,0.0,67.0,22.333333333333332,40.0,13.333333333333334,117,4,4
0.0,0.4633144640987218,0.5841124738520332,116.13429148656726,45.0,0.8181818181818182,0.8076923076923077,4.0,4.0,4.0,1.0,2.0,2.0,0.5,81.0,20.25,46.0,11.5,118,4,4
1.0,0.45840191294071975,0.28616785794847643,114.13720804182282,45.0,0.7954545454545454,0.8285714285714286,4.0,4.0,3.0,0.75,1.0,2.0,0.3333333333333333,58.0,19.333333333333332,31.0,10.333333333333334,119,4,4
0.0,0.47900563893925663,0.5941140288407684,182.21791524558756,45.0,0.7272727272727273,0.7142857142857143,9.0,9.0,3.0,0.3333333333333333,0.0,3.0,0.0,43.0,14.333333333333334,21.0,7.0,120,4,4
1.0,0.3923016850167084,0.4244136773919689,212.0317683280441,45.0,0.6818181818181818,0.7307692307692307,8.0,8.0,3.0,0.375,1.0,2.0,0.3333333333333333,35.0,11.666666666666666,18.0,6.0,121,4,4
0.0,0.6310945385575941,0.5092316167344688,126.34442147204845,45.0,0.7954545454545454,0.8108108108108109,7.0,7.0,6.0,0.8571428571428571,2.0,4.0,0.3333333333333333,59.0,9.833333333333334,24.0,4.0,122,4,4
1.0,0.5155283341892998,0.4954013850313438,143.6992945931563,45.0,0.8181818181818182,0.9047619047619048,8.0,8.0,5.0,0.625,2.0,3.0,0.4,43.0,8.6,20.0,4.0,123,4,4
1.0,0.6275926096528509,0.4452602030512172,109.80408679877591,45.0,0.8636363636363636,0.88,10.0,9.0,6.0,0.6666666666666666,2.0,4.0,0.3333333333333333,75.0,12.5,34.0,5.666666666666667,124,4,4
1.0,0.6868910731537136,0.3571108420961061,185.2880456284389,45.0,0.7272727272727273,0.7857142857142857,11.0,11.0,7.0,0.6363636363636364,3.0,4.0,0.42857142857142855,80.0,11.428571428571429,45.0,6.428571428571429,125,4,4
0.0,0.6893432813479268,0.5697681431947393,139.72120418653833,45.0,0.7727272727272727,0.8620689655172413,7.0,6.0,5.0,0.8333333333333334,1.0,4.0,0.2,81.0,16.2,44.0,8.8,126,4,4
0.0,0.6800366665089475,0.7502824581033244,153.76590507441878,45.0,0.7727272727272727,0.78125,5.0,4.0,3.0,0.75,1.0,2.0,0.3333333333333333,49.0,16.333333333333332,25.0,8.333333333333334,127,4,4
0.0,0.7816832918246068,1.1371569176849157,154.35142227211207,45.0,0.7045454545454546,0.7619047619047619,7.0,7.0,3.0,0.42857142857142855,2.0,1.0,0.6666666666666666,56.0,18.666666666666668,29.0,9.666666666666666,128,4,4
0.0,0.7053835075003807,0.5925238112246708,167.86301321236965,45.0,0.75,0.7837837837837838,5.0,4.0,4.0,1.0,2.0,2.0,0.5,52.0,13.0,30.0,7.5,129,4,4
1.0,0.3472399098445956,0.2478301645483646,124.98283942431065,45.0,0.7727272727272727,0.7586206896551724,10.0,9.0,5.0,0.5555555555555556,3.0,2.0,0.6,63.0,12.6,35.0,7.0,130,4,4
1.0,0.4782050249006551,0.32775058345064984,127.92423564472159,45.0,0.7727272727272727,0.8076923076923077,6.0,6.0,5.0,0.8333333333333334,4.0,1.0,0.8,79.0,15.8,36.0,7.2,131,4,4
0.0,0.450676246654737,0.4879979823373751,116.79541052321127,45.0,0.8181818181818182,0.8108108108108109,7.0,6.0,4.0,0.6666666666666666,3.0,1.0,0.75,54.0,13.5,28.0,7.0,132,4,4
1.0,0.3676223058376639,0.23384394477582665,158.21435064941323,45.0,0.6590909090909091,0.696969696969697,4.0,4.0,3.0,0.75,2.0,1.0,0.6666666666666666,46.0,15.333333333333334,28.0,9.333333333333334,133,4,4
0.0,0.47993268100953057,0.7713489937497602,156.19283309603486,45.0,0.7954545454545454,0.8064516129032258,4.0,4.0,4.0,1.0,2.0,2.0,0.5,72.0,18.0,39.0,9.75,134,4,4
0.0,0.8638651086025168,0.5466351444542522,127.54240266398809,45.0,0.7727272727272727,0.7037037037037037,6.0,6.0,4.0,0.6666666666666666,1.0,3.0,0.25,29.0,7.25,10.0,2.5,135,4,4
0.0,0.47874170672962213,0.44235252565937605,110.16410185684298,45.0,0.8181818181818182,0.8214285714285714,6.0,5.0,4.0,0.8,2.0,2.0,0.5,65.0,16.25,33.0,8.25,136,4,4
0.0,0.6306899638975876,0.7852503628299365,61.60882615189321,23.0,0.7727272727272727,1.0,12.0,12.0,6.0,0.5,2.0,4.0,0.3333333333333333,82.0,13.666666666666666,46.0,7.666666666666667,17,4,8
0.0,0.655069878685771,0.7336007241775012,49.45025132549548,23.0,0.7727272727272727,0.8461538461538461,6.0,6.0,6.0,1.0,4.0,2.0,0.6666666666666666,90.0,15.0,63.0,10.5,18,4,8
0.0,0.46084953331115125,0.6540134553925306,68.75374345552515,23.0,0.6818181818181818,0.6470588235294118,4.0,4.0,3.0,0.75,1.0,2.0,0.3333333333333333,35.0,11.666666666666666,12.0,4.0,19,4,8
1.0,1.1968413793047208,0.5270382707264105,44.079059734307755,23.0,0.8181818181818182,0.8823529411764706,4.0,4.0,4.0,1.0,3.0,1.0,0.75,73.0,18.25,37.0,9.25,20,4,8
1.0,0.805423767435619,0.4791468248766444,93.8874739194002,23.0,0.6363636363636364,1.0,13.0,11.0,6.0,0.5454545454545454,3.0,3.0,0.5,77.0,12.833333333333334,46.0,7.666666666666667,21,4,8
0.0,0.9738699378631862,1.6812413584630232,91.597212671433,23.0,0.6363636363636364,0.6190476190476191,2.0,2.0,2.0,1.0,2.0,0.0,1.0,27.0,13.5,16.0,8.0,22,4,8
1.0,0.7108165683579859,0.49769033739795276,66.28242696307719,23.0,0.7727272727272727,0.8666666666666667,4.0,4.0,2.0,0.5,1.0,1.0,0.5,40.0,20.0,22.0,11.0,23,4,8
1.0,0.36265696353108456,0.4293473434747082,80.04568475357405,23.0,0.7727272727272727,0.7619047619047619,3.0,3.0,2.0,0.6666666666666666,1.0,1.0,0.5,26.0,13.0,14.0,7.0,24,4,8
0.0,0.9220298305000827,2.041643323216776,60.81053100505525,23.0,0.8636363636363636,0.8571428571428571,7.0,5.0,3.0,0.6,2.0,1.0,0.6666666666666666,63.0,21.0,36.0,12.0,25,4,8
0.0,1.1779899969373147,1.2974661507630947,75.18763372605271,23.0,0.6818181818181818,0.7058823529411765,4.0,4.0,3.0,0.75,2.0,1.0,0.6666666666666666,57.0,19.0,30.0,10.0,26,4,8
0.0,0.7815045365287012,0.7945294771866578,85.67377578427902,23.0,0.6363636363636364,0.8,8.0,8.0,7.0,0.875,3.0,4.0,0.42857142857142855,112.0,16.0,59.0,8.428571428571429,27,4,8
0.0,0.7405931280631329,0.6208363114539022,98.6205984400077,23.0,0.7727272727272727,0.7368421052631579,3.0,3.0,1.0,0.3333333333333333,1.0,0.0,1.0,17.0,17.0,8.0,8.0,28,4,8
0.0,0.7334628043217296,1.1087775385983643,88.4238070769477,23.0,0.8636363636363636,0.8235294117647058,3.0,3.0,2.0,0.6666666666666666,1.0,1.0,0.5,16.0,8.0,7.0,3.5,29,4,8
0.0,0.692489530336591,1.0203053956908437,60.85371300908802,23.0,0.7727272727272727,0.7894736842105263,4.0,4.0,3.0,0.75,2.0,1.0,0.6666666666666666,42.0,14.0,23.0,7.666666666666667,30,4,8
0.0,0.7052489021329547,1.2459957447668681,65.3738837778429,23.0,0.9090909090909091,0.8823529411764706,5.0,5.0,4.0,0.8,3.0,1.0,0.75,43.0,10.75,25.0,6.25,31,4,8
1.0,0.42683630436974435,0.16836710907702993,30.786836366062282,23.0,0.9545454545454546,0.9411764705882353,3.0,3.0,2.0,0.6666666666666666,1.0,1.0,0.5,43.0,21.5,25.0,12.5,32,4,8
0.0,0.974908794267842,0.9842949561132176,37.00522189252172,23.0,0.8181818181818182,0.9230769230769231,8.0,7.0,5.0,0.7142857142857143,4.0,1.0,0.8,91.0,18.2,58.0,11.6,33,4,8
0.0,0.7046003398060281,0.7295828122867971,61.60255818228182,23.0,0.9545454545454546,1.0,10.0,9.0,5.0,0.5555555555555556,2.0,3.0,0.4,67.0,13.4,37.0,7.4,34,4,8
1.0,0.4105537319216151,0.4064060975084871,67.45439132581834,23.0,0.9090909090909091,0.8947368421052632,6.0,4.0,2.0,0.5,1.0,1.0,0.5,6.0,3.0,3.0,1.5,35,4,8
0.0,0.627665703010449,0.8906832715244941,71.90612105809052,23.0,0.8636363636363636,0.7692307692307693,6.0,6.0,3.0,0.5,1.0,2.0,0.3333333333333333,34.0,11.333333333333334,14.0,4.666666666666667,36,4,8
0.0,0.7206891178961574,0.8218164832272984,63.545397677873616,23.0,0.8181818181818182,0.8333333333333334,3.0,3.0,2.0,0.6666666666666666,1.0,1.0,0.5,38.0,19.0,20.0,10.0,37,4,8
0.0,1.240693923025359,0.8108435106616307,74.54853859184911,23.0,0.7272727272727273,0.6153846153846154,6.0,5.0,3.0,0.6,2.0,1.0,0.6666666666666666,69.0,23.0,50.0,16.666666666666668,38,4,8
0.0,1.1104642643494953,1.2349543273838581,58.363949200025985,23.0,0.7272727272727273,0.6470588235294118,7.0,7.0,4.0,0.5714285714285714,1.0,3.0,0.25,48.0,12.0,17.0,4.25,39,4,8
0.0,0.528283917372903,0.7597530026158027,97.46534975865151,23.0,0.8636363636363636,0.8571428571428571,4.0,4.0,2.0,0.5,1.0,1.0,0.5,8.0,4.0,5.0,2.5,40,4,8
0.0,0.7921057002970435,1.1322460031852895,74.87465497573594,23.0,0.8181818181818182,0.8095238095238095,1.0,1.0,1.0,1.0,0.0,1.0,0.0,23.0,23.0,14.0,14.0,41,4,8
0.0,0.8089941125504607,0.7358836765422124,53.53383557225878,23.0,0.7727272727272727,0.7894736842105263,4.0,4.0,2.0,0.5,1.0,1.0,0.5,46.0,23.0,28.0,14.0,42,4,8
0.0,0.8828248702618994,0.9306391606785005,85.46690451442245,23.0,0.7727272727272727,0.7857142857142857,6.0,6.0,4.0,0.6666666666666666,3.0,1.0,0.75,50.0,12.5,25.0,6.25,43,4,8
0.0,0.4621731402176349,0.48951081047002215,48.71339090918296,23.0,0.8181818181818182,0.8947368421052632,5.0,5.0,4.0,0.8,2.0,2.0,0.5,15.0,3.75,9.0,2.25,44,4,8
0.0,0.8433031632066836,0.5709621102048624,128.94188563270774,23.0,0.7272727272727273,0.7647058823529411,5.0,5.0,3.0,0.6,1.0,2.0,0.3333333333333333,50.0,16.666666666666668,27.0,9.0,45,4,8
0.0,0.8693609311259649,0.5242027002460933,91.1716368564662,23.0,0.6363636363636364,0.6153846153846154,9.0,8.0,5.0,0.625,3.0,2.0,0.6,78.0,15.6,49.0,9.8,46,4,8
0.0,0.7737440951986028,1.3514701585320503,90.41403062852937,23.0,0.7272727272727273,0.6470588235294118,5.0,5.0,3.0,0.6,2.0,1.0,0.6666666666666666,40.0,13.333333333333334,20.0,6.666666666666667,47,4,8
1.0,0.570568294741944,0.3234272530486264,99.40054439615083,23.0,0.8181818181818182,0.8823529411764706,6.0,6.0,5.0,0.8333333333333334,3.0,2.0,0.6,46.0,9.2,23.0,4.6,48,4,8
0.0,0.561712615394599,0.6593723520045454,47.54417053056755,23.0,0.9090909090909091,1.0,9.0,6.0,3.0,0.5,2.0,1.0,0.6666666666666666,52.0,17.333333333333332,25.0,8.333333333333334,49,4,8
1.0,0.6842134083548098,0.28424001722217024,73.84284770580948,23.0,0.8636363636363636,0.9230769230769231,7.0,6.0,3.0,0.5,2.0,1.0,0.6666666666666666,24.0,8.0,14.0,4.666666666666667,50,4,8
1.0,0.8391442588759648,0.39658290118086104,74.13234861075132,23.0,0.8181818181818182,0.8235294117647058,5.0,5.0,4.0,0.8,3.0,1.0,0.75,49.0,12.25,23.0,5.75,51,4,8
0.0,1.0731736532902685,1.6167897148103028,88.44407019821497,23.0,0.7272727272727273,0.9285714285714286,5.0,4.0,3.0,0.75,2.0,1.0,0.6666666666666666,86.0,28.666666666666668,59.0,19.666666666666668,52,4,8
0.0,0.8017411300078587,1.1197422534724513,59.9912835673511,23.0,0.8181818181818182,0.9230769230769231,10.0,10.0,5.0,0.5,2.0,3.0,0.4,72.0,14.4,30.0,6.0,53,4,8
0.0,0.7213992476731723,0.7907088247902108,39.28314873128487,23.0,0.8181818181818182,0.9375,5.0,5.0,3.0,0.6,1.0,2.0,0.3333333333333333,48.0,16.0,26.0,8.666666666666666,54,4,8
0.0,0.7196195180025369,1.0267703712880427,117.37945471896072,23.0,0.7727272727272727,0.7368421052631579,4.0,4.0,4.0,1.0,2.0,2.0,0.5,44.0,11.0,21.0,5.25,55,4,8
1.0,0.6889103463124201,0.49791082467360404,71.5211878565578,23.0,0.5909090909090909,0.6666666666666666,6.0,5.0,4.0,0.8,2.0,2.0,0.5,73.0,18.25,48.0,12.0,56,4,8
0.0,0.6588698001457545,0.9192368785225614,82.07447343939273,23.0,0.6818181818181818,0.7058823529411765,4.0,4.0,4.0,1.0,2.0,2.0,0.5,64.0,16.0,40.0,10.0,57,4,8
0.0,0.7999229319014796,0.6151087017905976,64.25567414494321,23.0,0.8181818181818182,0.8666666666666667,5.0,5.0,3.0,0.6,1.0,2.0,0.3333333333333333,47.0,15.666666666666666,27.0,9.0,58,4,8
0.0,0.9348801979477135,1.1068339813656596,102.76595849867087,23.0,0.6818181818181818,0.7272727272727273,13.0,10.0,5.0,0.5,2.0,3.0,0.4,73.0,14.6,35.0,7.0,59,4,8
0.0,1.0300759724812043,0.6472248367981883,64.4667974523209,23.0,0.5909090909090909,0.7058823529411765,3.0,3.0,0.0,0.0,0.0,0.0,0.0,0.0,nan,0.0,nan,60,4,8
0.0,0.7563337078090779,0.7384920500862342,71.28227744159702,23.0,0.8636363636363636,1.0,8.0,8.0,4.0,0.5,2.0,2.0,0.5,58.0,14.5,30.0,7.5,61,4,8
0.0,1.1286673321385945,0.7349933822431612,76.23237547088172,23.0,0.6818181818181818,0.6470588235294118,5.0,5.0,3.0,0.6,1.0,2.0,0.3333333333333333,41.0,13.666666666666666,17.0,5.666666666666667,62,4,8
0.0,0.7268508255201173,0.5990939891988043,75.13935437696813,23.0,0.8181818181818182,0.875,3.0,3.0,3.0,1.0,1.0,2.0,0.3333333333333333,34.0,11.333333333333334,14.0,4.666666666666667,63,4,8
0.0,0.6816701200000512,0.723407032238951,79.95824722482315,23.0,0.7272727272727273,0.7222222222222222,4.0,4.0,1.0,0.25,1.0,0.0,1.0,10.0,10.0,6.0,6.0,64,4,8
1.0,0.5232929569051219,0.3529869405748249,79.38000022203832,23.0,0.9090909090909091,0.9230769230769231,9.0,7.0,5.0,0.7142857142857143,2.0,3.0,0.4,75.0,15.0,39.0,7.8,65,4,8
0.0,0.7951397462741038,0.6577751437654604,66.61523930686927,23.0,0.7727272727272727,0.75,9.0,9.0,6.0,0.6666666666666666,2.0,4.0,0.3333333333333333,50.0,8.333333333333334,22.0,3.6666666666666665,66,4,8
0.0,0.6074643574791507,0.4237967783614378,68.00743389716294,23.0,0.8181818181818182,0.75,6.0,6.0,5.0,0.8333333333333334,3.0,2.0,0.6,47.0,9.4,23.0,4.6,67,4,8
0.0,1.5748060438456482,3.038939011618155,90.91553182753051,23.0,0.7727272727272727,0.8181818181818182,8.0,7.0,4.0,0.5714285714285714,1.0,3.0,0.25,85.0,21.25,49.0,12.25,68,4,8
0.0,0.6205714200072273,1.0528792632701016,93.3657981731989,23.0,0.7727272727272727,0.8461538461538461,8.0,7.0,4.0,0.5714285714285714,3.0,1.0,0.75,18.0,4.5,10.0,2.5,69,4,8
0.0,0.6641590452798097,0.8518678160980353,87.03197093651663,23.0,0.7727272727272727,0.8571428571428571,7.0,7.0,2.0,0.2857142857142857,0.0,2.0,0.0,56.0,28.0,38.0,19.0,70,4,8
1.0,0.52584618953818,0.4360292718395295,75.5611213153323,23.0,0.8181818181818182,0.9285714285714286,6.0,5.0,2.0,0.4,1.0,1.0,0.5,18.0,9.0,9.0,4.5,71,4,8
1.0,0.4792526770825971,0.49922436588076513,82.46648645691539,23.0,0.8636363636363636,0.875,4.0,3.0,2.0,0.6666666666666666,1.0,1.0,0.5,42.0,21.0,24.0,12.0,72,4,8
1.0,0.8644897164116834,0.36305205592236656,88.30593587687036,23.0,0.7272727272727273,0.75,7.0,6.0,4.0,0.6666666666666666,2.0,2.0,0.5,57.0,14.25,27.0,6.75,73,4,8
0.0,0.7631122613247363,0.4989673387149963,80.2920994610687,23.0,0.6818181818181818,0.7333333333333333,8.0,8.0,4.0,0.5,3.0,1.0,0.75,61.0,15.25,32.0,8.0,74,4,8
1.0,0.7529668122008231,0.4329593045482621,123.13524714458484,23.0,0.6818181818181818,0.7,9.0,8.0,4.0,0.5,1.0,3.0,0.25,50.0,12.5,24.0,6.0,75,4,8
0.0,0.9130558593443999,1.2550557861414213,91.26587255213232,23.0,0.6818181818181818,0.7647058823529411,2.0,2.0,2.0,1.0,2.0,0.0,1.0,53.0,26.5,35.0,17.5,76,4,8
0.0,0.6745015178969082,0.8985601042430224,62.72118371214207,23.0,0.8636363636363636,0.8421052631578947,2.0,2.0,2.0,1.0,2.0,0.0,1.0,43.0,21.5,25.0,12.5,77,4,8
1.0,0.5958976890930081,0.28647533879334586,55.183937034021355,23.0,0.8181818181818182,0.8095238095238095,3.0,1.0,1.0,1.0,1.0,0.0,1.0,13.0,13.0,7.0,7.0,78,4,8
0.0,0.8288600209559926,0.6484351576380915,96.20202388550565,23.0,0.5454545454545454,0.5454545454545454,10.0,9.0,4.0,0.4444444444444444,0.0,4.0,0.0,60.0,15.0,34.0,8.5,79,4,8
0.0,1.2852776681223117,0.7791466446614076,95.96238871376377,23.0,0.7727272727272727,0.8235294117647058,5.0,5.0,3.0,0.6,1.0,2.0,0.3333333333333333,34.0,11.333333333333334,15.0,5.0,80,4,8
0.0,0.6126883606996911,0.6924026904390473,57.175471873176534,23.0,0.7727272727272727,0.8571428571428571,8.0,7.0,2.0,0.2857142857142857,1.0,1.0,0.5,38.0,19.0,20.0,10.0,81,4,8
0.0,0.5321383662521428,0.4991340107115408,83.60925635159172,23.0,0.8636363636363636,0.8947368421052632,3.0,3.0,2.0,0.6666666666666666,2.0,0.0,1.0,43.0,21.5,26.0,13.0,82,4,8
0.0,0.8866741301753136,0.6207889994042459,91.67975479443534,23.0,0.7272727272727273,0.8125,9.0,9.0,5.0,0.5555555555555556,1.0,4.0,0.2,51.0,10.2,24.0,4.8,83,4,8
0.0,0.8606540596477689,1.805681347177822,68.98816220443389,23.0,0.8636363636363636,0.8235294117647058,8.0,6.0,5.0,0.8333333333333334,2.0,3.0,0.4,72.0,14.4,43.0,8.6,84,4,8
0.0,0.837310897993443,1.0493817628630306,126.31535170543908,23.0,0.7272727272727273,0.6842105263157895,7.0,6.0,5.0,0.8333333333333334,1.0,4.0,0.2,71.0,14.2,37.0,7.4,85,4,8
0.0,0.5485107352097559,0.7136990267071356,84.02787778312374,23.0,0.6818181818181818,0.6666666666666666,5.0,5.0,4.0,0.8,3.0,1.0,0.75,76.0,19.0,48.0,12.0,86,4,8
0.0,1.130206516349467,1.0908024889591803,94.53093396055806,23.0,0.7272727272727273,0.7,11.0,10.0,4.0,0.4,1.0,3.0,0.25,59.0,14.75,33.0,8.25,87,4,8
0.0,0.9060621056338138,0.9266553507982751,50.11536680804585,23.0,0.7272727272727273,0.7894736842105263,3.0,3.0,2.0,0.6666666666666666,1.0,1.0,0.5,39.0,19.5,21.0,10.5,88,4,8
0.0,0.7612484346620647,0.9314771458734932,62.19786028409195,23.0,0.7272727272727273,0.8461538461538461,7.0,7.0,3.0,0.42857142857142855,1.0,2.0,0.3333333333333333,50.0,16.666666666666668,24.0,8.0,89,4,8
0.0,0.8663574939165579,1.323266189611169,62.286081990189146,23.0,0.7727272727272727,0.8666666666666667,7.0,6.0,5.0,0.8333333333333334,2.0,3.0,0.4,67.0,13.4,34.0,6.8,90,4,8
0.0,1.047126683019856,1.0199218091568791,90.41832396956033,23.0,0.7272727272727273,0.7777777777777778,8.0,7.0,5.0,0.7142857142857143,3.0,2.0,0.6,74.0,14.8,46.0,9.2,91,4,8
0.0,0.9727677116117703,0.6698884872411438,90.6858699978316,23.0,0.5454545454545454,0.6,8.0,8.0,5.0,0.625,1.0,4.0,0.2,29.0,5.8,10.0,2.0,92,4,8
0.0,1.0493682879263764,1.0173809893073773,51.16181017741482,23.0,0.8181818181818182,0.8461538461538461,4.0,4.0,3.0,0.75,2.0,1.0,0.6666666666666666,58.0,19.333333333333332,31.0,10.333333333333334,93,4,8
0.0,0.6751659563639358,0.6049816311738168,78.71071215114854,23.0,0.8636363636363636,0.8,6.0,6.0,5.0,0.8333333333333334,3.0,2.0,0.6,72.0,14.4,37.0,7.4,94,4,8
0.0,0.6840950965224424,0.8724534252268025,93.49113185661466,23.0,0.8181818181818182,0.8235294117647058,5.0,5.0,3.0,0.6,1.0,2.0,0.3333333333333333,73.0,24.333333333333332,55.0,18.333333333333332,95,4,8
1.0,0.5424727935454227,0.33970940538725464,77.01841759816983,23.0,0.6818181818181818,0.6153846153846154,10.0,9.0,6.0,0.6666666666666666,4.0,2.0,0.6666666666666666,72.0,12.0,36.0,6.0,96,4,8
0.0,0.6554258599481307,0.7001292456867927,74.27893153836473,23.0,0.8181818181818182,0.8125,7.0,7.0,4.0,0.5714285714285714,1.0,3.0,0.25,53.0,13.25,30.0,7.5,97,4,8
0.0,1.1229353544711094,1.3203503676962498,88.60770690992037,23.0,0.7727272727272727,0.8181818181818182,11.0,10.0,7.0,0.7,2.0,5.0,0.2857142857142857,111.0,15.857142857142858,53.0,7.571428571428571,98,4,8
0.0,0.8962669785876255,1.4683073756227842,85.65631417205779,23.0,0.8181818181818182,0.7647058823529411,7.0,7.0,5.0,0.7142857142857143,2.0,3.0,0.4,72.0,14.4,31.0,6.2,99,4,8
1.0,0.594228221577972,0.2466021313113294,46.93424089462417,23.0,0.9545454545454546,1.0,3.0,3.0,3.0,1.0,2.0,1.0,0.6666666666666666,40.0,13.333333333333334,24.0,8.0,100,4,8
0.0,0.6943251224097259,0.7775740386733064,70.43620831209554,23.0,0.8181818181818182,0.8095238095238095,1.0,1.0,1.0,1.0,1.0,0.0,1.0,11.0,11.0,7.0,7.0,101,4,8
0.0,0.37414083398916426,0.6689863626404732,69.57124419376676,23.0,0.9090909090909091,0.8947368421052632,2.0,2.0,0.0,0.0,0.0,0.0,0.0,0.0,nan,0.0,nan,102,4,8
0.0,0.9253093942091615,1.1519433663444962,98.99983030389662,23.0,0.7272727272727273,0.8,8.0,8.0,5.0,0.625,2.0,3.0,0.4,65.0,13.0,32.0,6.4,103,4,8
0.0,0.6976364144020304,0.535502362515516,112.2657845057639,23.0,0.6363636363636364,0.6842105263157895,2.0,2.0,2.0,1.0,1.0,1.0,0.5,14.0,7.0,5.0,2.5,104,4,8
0.0,0.6667332168720397,0.44278034489291185,42.454184040956655,23.0,0.8636363636363636,0.8,5.0,5.0,3.0,0.6,0.0,3.0,0.0,46.0,15.333333333333334,26.0,8.666666666666666,105,4,8
0.0,1.1845672919072348,1.1524647285395742,66.65574896898029,23.0,0.8181818181818182,0.7894736842105263,5.0,5.0,4.0,0.8,2.0,2.0,0.5,59.0,14.75,30.0,7.5,106,4,8
0.0,0.6963057515621389,0.7475616269799199,85.71076782264419,23.0,0.7272727272727273,0.8,7.0,6.0,4.0,0.6666666666666666,1.0,3.0,0.25,29.0,7.25,9.0,2.25,107,4,8
0.0,1.2746018682410605,1.0489185040028988,91.51515646273306,23.0,0.5909090909090909,0.5714285714285714,6.0,5.0,3.0,0.6,2.0,1.0,0.6666666666666666,51.0,17.0,25.0,8.333333333333334,108,4,8
0.0,0.8946079152047013,1.1531040312986667,51.74457752792269,23.0,0.9090909090909091,0.9333333333333333,7.0,7.0,5.0,0.7142857142857143,3.0,2.0,0.6,63.0,12.6,28.0,5.6,109,4,8
0.0,0.78448112164908,1.0486330290102073,68.98510375609558,23.0,0.7727272727272727,0.8421052631578947,5.0,4.0,3.0,0.75,3.0,0.0,1.0,70.0,23.333333333333332,47.0,15.666666666666666,110,4,8
1.0,0.5492202982160987,0.28052266064302755,52.33434589577539,23.0,0.8636363636363636,0.8947368421052632,2.0,2.0,2.0,1.0,1.0,1.0,0.5,26.0,13.0,15.0,7.5,111,4,8
1.0,0.3631132920563843,0.1991433151159448,91.9612493130859,23.0,0.7272727272727273,0.6875,3.0,2.0,1.0,0.5,1.0,0.0,1.0,3.0,3.0,3.0,3.0,112,4,8
0.0,0.7175391255641115,0.5733093631934576,52.66662279752703,23.0,0.7727272727272727,0.8,7.0,7.0,4.0,0.5714285714285714,2.0,2.0,0.5,65.0,16.25,44.0,11.0,113,4,8
0.0,0.9644457576799439,1.9560175767824919,53.78954136803278,23.0,0.8636363636363636,0.9166666666666666,8.0,8.0,6.0,0.75,2.0,4.0,0.3333333333333333,75.0,12.5,41.0,6.833333333333333,114,4,8
0.0,0.8992300819612069,2.231149891875774,60.830434170601286,23.0,0.8636363636363636,0.8333333333333334,7.0,5.0,4.0,0.8,3.0,1.0,0.75,87.0,21.75,59.0,14.75,115,4,8
1.0,0.8774746143200285,0.5133747942059059,70.1154020013016,23.0,0.8181818181818182,0.8,6.0,6.0,3.0,0.5,0.0,3.0,0.0,49.0,16.333333333333332,26.0,8.666666666666666,116,4,8
0.0,0.7865148731043441,0.981079011348333,79.55999230251561,23.0,0.8181818181818182,0.8,5.0,5.0,5.0,1.0,3.0,2.0,0.6,75.0,15.0,39.0,7.8,117,4,8
1.0,0.5884051164056143,0.43333957235689624,60.1764728268454,23.0,0.8636363636363636,0.9230769230769231,4.0,4.0,3.0,0.75,1.0,2.0,0.3333333333333333,75.0,25.0,51.0,17.0,118,4,8
0.0,0.8746449047426403,0.8112392415394052,73.99965309669436,23.0,0.7272727272727273,0.7777777777777778,4.0,4.0,3.0,0.75,1.0,2.0,0.3333333333333333,57.0,19.0,30.0,10.0,119,4,8
1.0,0.5976817062700811,0.3709826485087909,92.33736494943055,23.0,0.8181818181818182,0.8571428571428571,9.0,9.0,6.0,0.6666666666666666,3.0,3.0,0.5,91.0,15.166666666666666,50.0,8.333333333333334,120,4,8
0.0,0.9004258803977788,0.8180316668469895,79.95086916765285,23.0,0.7272727272727273,0.7857142857142857,8.0,8.0,4.0,0.5,1.0,3.0,0.25,63.0,15.75,32.0,8.0,121,4,8
0.0,0.9546105922146203,0.6556802495623881,54.669539157603154,23.0,0.8636363636363636,0.8421052631578947,7.0,7.0,5.0,0.7142857142857143,2.0,3.0,0.4,54.0,10.8,22.0,4.4,122,4,8
0.0,0.7462481834936644,0.6299483619870153,81.94388159489465,23.0,0.8636363636363636,1.0,8.0,8.0,6.0,0.75,4.0,2.0,0.6666666666666666,81.0,13.5,42.0,7.0,123,4,8
0.0,1.0179180571955646,0.7717168810473737,56.92608399368782,23.0,0.8636363636363636,0.9230769230769231,10.0,9.0,8.0,0.8888888888888888,4.0,4.0,0.5,75.0,9.375,38.0,4.75,124,4,8
0.0,0.9099332849919749,0.5395082532452121,67.54891325049982,23.0,0.7727272727272727,0.8,11.0,11.0,5.0,0.45454545454545453,3.0,2.0,0.6,67.0,13.4,39.0,7.8,125,4,8
0.0,1.2409492396172879,1.5580670785777568,74.45089054810268,23.0,0.8181818181818182,0.8666666666666667,7.0,6.0,4.0,0.6666666666666666,1.0,3.0,0.25,40.0,10.0,21.0,5.25,126,4,8
0.0,1.1937486458178082,1.488222815908687,87.17543898401746,23.0,0.7272727272727273,0.75,5.0,4.0,2.0,0.5,0.0,2.0,0.0,52.0,26.0,34.0,17.0,127,4,8
0.0,0.956135014483313,0.5689994098421935,58.88828463291148,23.0,0.7727272727272727,0.9,7.0,7.0,4.0,0.5714285714285714,2.0,2.0,0.5,55.0,13.75,28.0,7.0,128,4,8
0.0,1.2517054637767113,1.1806604538573395,85.53258569455589,23.0,0.5454545454545454,0.5789473684210527,5.0,4.0,2.0,0.5,1.0,1.0,0.5,29.0,14.5,20.0,10.0,129,4,8
1.0,0.6001558424763371,0.3132933417621667,70.44406205641252,23.0,0.7272727272727273,0.7142857142857143,10.0,9.0,3.0,0.3333333333333333,1.0,2.0,0.3333333333333333,43.0,14.333333333333334,27.0,9.0,130,4,8
0.0,0.7714750575340953,0.5773800825358361,61.60876060245432,23.0,0.7272727272727273,0.7692307692307693,6.0,6.0,4.0,0.6666666666666666,3.0,1.0,0.75,65.0,16.25,37.0,9.25,131,4,8
0.0,0.5763768622993471,1.12969473281695,97.1892519589245,23.0,0.7272727272727273,0.6842105263157895,7.0,6.0,3.0,0.5,2.0,1.0,0.6666666666666666,29.0,9.666666666666666,15.0,5.0,132,4,8
1.0,0.7278371465771301,0.18654315824135054,62.08522429583151,23.0,0.6363636363636364,0.7647058823529411,4.0,4.0,0.0,0.0,0.0,0.0,0.0,0.0,nan,0.0,nan,133,4,8
0.0,0.862714368312011,1.2955342524822975,56.565296969048596,23.0,0.8181818181818182,0.875,4.0,4.0,3.0,0.75,2.0,1.0,0.6666666666666666,47.0,15.666666666666666,25.0,8.333333333333334,134,4,8
1.0,0.9681690687998639,0.5367981790336391,50.213999603046865,23.0,0.8636363636363636,0.8571428571428571,6.0,6.0,4.0,0.6666666666666666,1.0,3.0,0.25,28.0,7.0,9.0,2.25,135,4,8
0.0,0.6474049086070232,0.6681679521291909,70.2920519247682,23.0,0.8181818181818182,0.8571428571428571,6.0,5.0,4.0,0.8,3.0,1.0,0.75,30.0,7.5,15.0,3.75,136,4,8
0.0,0.7383521574379353,0.8418996299436902,23.607174324960457,12.0,0.6363636363636364,1.0,12.0,12.0,7.0,0.5833333333333334,3.0,4.0,0.42857142857142855,80.0,11.428571428571429,44.0,6.285714285714286,17,4,16
0.0,0.9029409238691686,0.5288694320400007,35.01207714574887,12.0,0.9090909090909091,1.0,6.0,6.0,5.0,0.8333333333333334,3.0,2.0,0.6,76.0,15.2,46.0,9.2,18,4,16
0.0,1.1419619183862983,1.6411728830374184,49.694084425673196,12.0,0.6363636363636364,0.6666666666666666,4.0,4.0,3.0,0.75,1.0,2.0,0.3333333333333333,47.0,15.666666666666666,27.0,9.0,19,4,16
0.0,1.8927503813037359,0.9535168198270653,61.559490615604425,12.0,0.8181818181818182,0.8888888888888888,4.0,4.0,3.0,0.75,2.0,1.0,0.6666666666666666,68.0,22.666666666666668,41.0,13.666666666666666,20,4,16
0.0,0.965621493471971,0.47874153885515525,59.03195781608006,12.0,0.6363636363636364,1.0,13.0,11.0,7.0,0.6363636363636364,2.0,5.0,0.2857142857142857,80.0,11.428571428571429,41.0,5.857142857142857,21,4,16
0.0,1.497495485886439,1.7360666975151322,74.87501152647782,12.0,0.5454545454545454,0.5454545454545454,2.0,2.0,1.0,0.5,1.0,0.0,1.0,29.0,29.0,20.0,20.0,22,4,16
0.0,1.4900876726197396,0.8762383031178702,37.67310075147007,12.0,0.8181818181818182,1.0,4.0,4.0,3.0,0.75,2.0,1.0,0.6666666666666666,57.0,19.0,39.0,13.0,23,4,16
0.0,0.8434412742430639,0.7850615167403793,52.880462436440226,12.0,0.8181818181818182,0.8181818181818182,3.0,3.0,3.0,1.0,2.0,1.0,0.6666666666666666,56.0,18.666666666666668,29.0,9.666666666666666,24,4,16
0.0,1.1682015037486966,1.1722859002319157,34.01256006721277,12.0,0.9090909090909091,1.0,7.0,5.0,4.0,0.8,3.0,1.0,0.75,85.0,21.25,58.0,14.5,25,4,16
0.0,1.54404107397152,2.19359045767078,52.462849467839234,12.0,0.7272727272727273,0.7777777777777778,4.0,4.0,3.0,0.75,2.0,1.0,0.6666666666666666,58.0,19.333333333333332,33.0,11.0,26,4,16
0.0,0.9903166980184706,1.065849368641178,56.74672576237657,12.0,0.7272727272727273,0.5,8.0,8.0,7.0,0.875,3.0,4.0,0.42857142857142855,97.0,13.857142857142858,51.0,7.285714285714286,27,4,16
0.0,0.9064038326430158,0.733205343674238,49.532322886304954,12.0,0.9090909090909091,0.9,3.0,3.0,3.0,1.0,2.0,1.0,0.6666666666666666,19.0,6.333333333333333,10.0,3.3333333333333335,28,4,16
0.0,1.2777931502949769,2.7585083477156034,55.22946204190385,12.0,0.9090909090909091,0.8888888888888888,3.0,3.0,2.0,0.6666666666666666,1.0,1.0,0.5,19.0,9.5,10.0,5.0,29,4,16
0.0,1.1729339867843684,2.289521433389695,51.88873292426249,12.0,0.8181818181818182,0.9,4.0,4.0,3.0,0.75,2.0,1.0,0.6666666666666666,58.0,19.333333333333332,33.0,11.0,30,4,16
0.0,1.303884237233003,2.723449205500161,46.31138924980126,12.0,1.0,1.0,5.0,5.0,5.0,1.0,2.0,3.0,0.4,77.0,15.4,46.0,9.2,31,4,16
1.0,0.6631547110974784,0.45323435694196645,34.59422841930518,12.0,0.9090909090909091,0.8888888888888888,3.0,3.0,1.0,0.3333333333333333,1.0,0.0,1.0,23.0,23.0,14.0,14.0,32,4,16
0.0,1.6371444351106845,2.0526890567527762,56.164808839750656,12.0,0.6363636363636364,0.8571428571428571,8.0,7.0,4.0,0.5714285714285714,0.0,4.0,0.0,51.0,12.75,25.0,6.25,33,4,16
0.0,1.1994022040382422,0.7523459726931986,58.695937580221255,12.0,1.0,1.0,10.0,9.0,5.0,0.5555555555555556,1.0,4.0,0.2,102.0,20.4,69.0,13.8,34,4,16
0.0,0.8705307132049972,0.8492561657297526,26.948248112239636,12.0,0.9090909090909091,0.9,6.0,4.0,4.0,1.0,3.0,1.0,0.75,31.0,7.75,16.0,4.0,35,4,16
0.0,0.8991976385538496,1.0696260689381185,56.077398792492474,12.0,0.8181818181818182,0.7142857142857143,6.0,6.0,4.0,0.6666666666666666,2.0,2.0,0.5,65.0,16.25,43.0,10.75,36,4,16
0.0,0.8283144023277313,1.083289240531431,46.647168748563075,12.0,0.9090909090909091,0.8888888888888888,3.0,3.0,2.0,0.6666666666666666,1.0,1.0,0.5,15.0,7.5,6.0,3.0,37,4,16
0.0,2.1415699564049477,0.6084545386485445,63.13044715851621,12.0,0.7272727272727273,0.5714285714285714,6.0,5.0,1.0,0.2,1.0,0.0,1.0,16.0,16.0,7.0,7.0,38,4,16
0.0,1.3197448659429662,0.9865311720163005,71.74249751473356,12.0,0.7272727272727273,0.6666666666666666,7.0,7.0,4.0,0.5714285714285714,1.0,3.0,0.25,56.0,14.0,25.0,6.25,39,4,16
0.0,0.9267547870327857,1.2127792185801836,50.92029280886482,12.0,0.8181818181818182,0.8181818181818182,4.0,4.0,2.0,0.5,1.0,1.0,0.5,26.0,13.0,17.0,8.5,40,4,16
0.0,1.1779145404333995,1.1612673627711254,49.46542252513462,12.0,0.8181818181818182,0.8181818181818182,1.0,1.0,0.0,0.0,0.0,0.0,0.0,0.0,nan,0.0,nan,41,4,16
0.0,1.7729832262073848,1.7232876757553912,36.736320867185775,12.0,0.7272727272727273,0.7,4.0,4.0,1.0,0.25,1.0,0.0,1.0,43.0,43.0,34.0,34.0,42,4,16
0.0,1.124926520787951,1.0267886323254811,43.15043697870479,12.0,0.7272727272727273,0.75,6.0,6.0,3.0,0.5,1.0,2.0,0.3333333333333333,26.0,8.666666666666666,13.0,4.333333333333333,43,4,16
1.0,0.5934552671741652,0.3065508008603412,27.148075427808077,12.0,0.8181818181818182,0.9,5.0,5.0,2.0,0.4,2.0,0.0,1.0,4.0,2.0,4.0,2.0,44,4,16
0.0,1.287798818278175,1.1566813881074238,60.64060684812081,12.0,0.7272727272727273,0.8888888888888888,5.0,5.0,4.0,0.8,2.0,2.0,0.5,49.0,12.25,34.0,8.5,45,4,16
0.0,1.3050016092435839,1.404227379569826,73.62859343401048,12.0,0.6363636363636364,0.5714285714285714,9.0,8.0,3.0,0.375,2.0,1.0,0.6666666666666666,73.0,24.333333333333332,64.0,21.333333333333332,46,4,16
0.0,1.177079725551035,1.709080586003946,46.038408322090945,12.0,0.7272727272727273,0.6666666666666666,5.0,5.0,2.0,0.4,1.0,1.0,0.5,49.0,24.5,37.0,18.5,47,4,16
0.0,1.0098836332209276,1.580553768920802,39.48913211397027,12.0,0.8181818181818182,0.8888888888888888,6.0,6.0,4.0,0.6666666666666666,0.0,4.0,0.0,37.0,9.25,15.0,3.75,48,4,16
0.0,0.9925372263629846,1.5944381189310282,21.665707454437705,12.0,0.9090909090909091,1.0,9.0,6.0,5.0,0.8333333333333334,3.0,2.0,0.6,64.0,12.8,38.0,7.6,49,4,16
1.0,0.935099274804014,0.48360392493285786,57.395937809592624,12.0,1.0,1.0,7.0,6.0,2.0,0.3333333333333333,2.0,0.0,1.0,34.0,17.0,25.0,12.5,50,4,16
0.0,1.673770729591349,0.9540060492354283,56.022163306931375,12.0,0.7272727272727273,0.7777777777777778,5.0,5.0,4.0,0.8,3.0,1.0,0.75,62.0,15.5,36.0,9.0,51,4,16
0.0,1.1298631686698315,1.7171889320567795,41.91605042730779,12.0,0.9090909090909091,1.0,5.0,4.0,3.0,0.75,2.0,1.0,0.6666666666666666,60.0,20.0,33.0,11.0,52,4,16
0.0,0.9905545250216657,2.0776976663205695,35.89996732386007,12.0,0.8181818181818182,0.8571428571428571,10.0,10.0,6.0,0.6,1.0,5.0,0.16666666666666666,94.0,15.666666666666666,40.0,6.666666666666667,53,4,16
0.0,0.7968208802706704,0.6014376578901385,37.019130125825505,12.0,0.9090909090909091,1.0,5.0,5.0,3.0,0.6,1.0,2.0,0.3333333333333333,44.0,14.666666666666666,24.0,8.0,54,4,16
0.0,1.0892110941799802,1.4119901559099917,50.979038424587245,12.0,0.9090909090909091,0.9,4.0,4.0,4.0,1.0,2.0,2.0,0.5,59.0,14.75,39.0,9.75,55,4,16
0.0,1.2320075480866655,1.1478458437494272,68.08887043462992,12.0,0.36363636363636365,0.5714285714285714,6.0,5.0,4.0,0.8,3.0,1.0,0.75,35.0,8.75,12.0,3.0,56,4,16
0.0,1.188837216362032,1.8538615051549843,65.29535001544883,12.0,0.5454545454545454,0.6666666666666666,4.0,4.0,3.0,0.75,1.0,2.0,0.3333333333333333,33.0,11.0,10.0,3.3333333333333335,57,4,16
0.0,1.0164412592154504,0.8994926166611751,39.213906079552025,12.0,0.8181818181818182,0.75,5.0,5.0,3.0,0.6,1.0,2.0,0.3333333333333333,36.0,12.0,18.0,6.0,58,4,16
0.0,1.6695138099834568,2.0707773235404505,63.38997502578164,12.0,0.5454545454545454,0.6666666666666666,13.0,10.0,5.0,0.5,0.0,5.0,0.0,86.0,17.2,50.0,10.0,59,4,16
0.0,1.472388415317625,1.4758783243903915,52.10621981136629,12.0,0.7272727272727273,0.8888888888888888,3.0,3.0,0.0,0.0,0.0,0.0,0.0,0.0,nan,0.0,nan,60,4,16
1.0,0.9283656865509986,0.5128752855434187,47.26386110594914,12.0,0.8181818181818182,1.0,8.0,8.0,4.0,0.5,2.0,2.0,0.5,39.0,9.75,22.0,5.5,61,4,16
0.0,1.9606441007955664,1.2468847028049796,87.2998922436646,12.0,0.45454545454545453,0.4444444444444444,5.0,5.0,4.0,0.8,3.0,1.0,0.75,56.0,14.0,38.0,9.5,62,4,16
0.0,1.159317733254524,0.8589196479345252,50.24074134685582,12.0,0.7272727272727273,0.75,3.0,3.0,3.0,1.0,2.0,1.0,0.6666666666666666,30.0,10.0,15.0,5.0,63,4,16
0.0,1.3516451727002805,1.5705032125400287,39.43621340166986,12.0,0.6363636363636364,0.6666666666666666,4.0,4.0,2.0,0.5,2.0,0.0,1.0,7.0,3.5,7.0,3.5,64,4,16
0.0,0.9739569703426091,0.9606150673622722,39.43089118899693,12.0,0.9090909090909091,0.8571428571428571,9.0,7.0,4.0,0.5714285714285714,2.0,2.0,0.5,107.0,26.75,76.0,19.0,65,4,16
0.0,1.297478687014638,1.189689924395417,61.522818225066,12.0,0.6363636363636364,0.5,9.0,9.0,4.0,0.4444444444444444,1.0,3.0,0.25,60.0,15.0,27.0,6.75,66,4,16
0.0,0.8950580342269366,0.87462263038721,38.570600641956496,12.0,0.7272727272727273,0.7142857142857143,6.0,6.0,3.0,0.5,1.0,2.0,0.3333333333333333,39.0,13.0,16.0,5.333333333333333,67,4,16
0.0,2.1184763484347497,2.449202320788688,83.33939390105414,12.0,0.7272727272727273,0.8333333333333334,8.0,7.0,4.0,0.5714285714285714,3.0,1.0,0.75,46.0,11.5,28.0,7.0,68,4,16
0.0,1.0599441651082282,1.365957282077468,46.35285624681841,12.0,0.8181818181818182,1.0,8.0,7.0,6.0,0.8571428571428571,3.0,3.0,0.5,79.0,13.166666666666666,53.0,8.833333333333334,69,4,16
0.0,1.0826260290781502,1.503736151391324,41.6835467391294,12.0,0.7272727272727273,0.8571428571428571,7.0,7.0,4.0,0.5714285714285714,1.0,3.0,0.25,87.0,21.75,63.0,15.75,70,4,16
0.0,0.7965057528900468,1.20035983480337,32.597929907890766,12.0,0.8181818181818182,0.8571428571428571,6.0,5.0,2.0,0.4,2.0,0.0,1.0,43.0,21.5,27.0,13.5,71,4,16
0.0,1.0476728745668538,1.165808196997164,44.5983608837694,12.0,0.8181818181818182,0.75,4.0,3.0,3.0,1.0,1.0,2.0,0.3333333333333333,98.0,32.666666666666664,71.0,23.666666666666668,72,4,16
0.0,1.6924954608394156,0.8470903665931931,57.38470219529419,12.0,0.8181818181818182,0.875,7.0,6.0,3.0,0.5,0.0,3.0,0.0,80.0,26.666666666666668,55.0,18.333333333333332,73,4,16
0.0,1.383716934344845,1.709631227616525,36.97765826025535,12.0,0.6363636363636364,0.7142857142857143,8.0,8.0,3.0,0.375,1.0,2.0,0.3333333333333333,103.0,34.333333333333336,79.0,26.333333333333332,74,4,16
0.0,1.4909074620140268,2.0152288678103276,52.133033558246645,12.0,0.5454545454545454,0.6,9.0,8.0,4.0,0.5,1.0,3.0,0.25,80.0,20.0,52.0,13.0,75,4,16
0.0,1.9104405875196313,2.856884430149068,70.92731411487067,12.0,0.45454545454545453,0.5555555555555556,2.0,2.0,1.0,0.5,1.0,0.0,1.0,32.0,32.0,23.0,23.0,76,4,16
0.0,0.7547577733895514,1.3014509034942716,47.555054077841156,12.0,0.9090909090909091,0.9,2.0,2.0,1.0,0.5,1.0,0.0,1.0,23.0,23.0,14.0,14.0,77,4,16
0.0,0.6213312848036174,0.4094747526313198,30.632067672624558,12.0,1.0,1.0,3.0,1.0,1.0,1.0,1.0,0.0,1.0,16.0,16.0,9.0,9.0,78,4,16
0.0,1.0667968486236548,0.766649069062233,53.164551539817396,12.0,0.7272727272727273,0.8333333333333334,10.0,9.0,6.0,0.6666666666666666,2.0,4.0,0.3333333333333333,81.0,13.5,42.0,7.0,79,4,16
0.0,2.306843648429896,1.5335051046064088,53.86905033542683,12.0,0.7272727272727273,0.8888888888888888,5.0,5.0,4.0,0.8,2.0,2.0,0.5,50.0,12.5,24.0,6.0,80,4,16
0.0,1.034307925996423,1.5903406089229106,38.68856908954684,12.0,0.7272727272727273,0.8571428571428571,8.0,7.0,4.0,0.5714285714285714,2.0,2.0,0.5,35.0,8.75,21.0,5.25,81,4,16
0.0,1.102543168684825,0.5258897713987677,52.663738544316445,12.0,0.8181818181818182,0.9,3.0,3.0,2.0,0.6666666666666666,2.0,0.0,1.0,54.0,27.0,36.0,18.0,82,4,16
0.0,1.3209320976274563,0.7241721656860417,51.437285056870586,12.0,0.7272727272727273,0.875,9.0,9.0,6.0,0.6666666666666666,1.0,5.0,0.16666666666666666,82.0,13.666666666666666,51.0,8.5,83,4,16
0.0,1.555465846965722,3.459190214743459,34.42456149209136,12.0,0.9090909090909091,0.8888888888888888,8.0,6.0,3.0,0.5,1.0,2.0,0.3333333333333333,90.0,30.0,63.0,21.0,84,4,16
0.0,1.452977515677215,1.3189357434010895,61.09665676625659,12.0,0.45454545454545453,0.4,7.0,6.0,3.0,0.5,1.0,2.0,0.3333333333333333,36.0,12.0,22.0,7.333333333333333,85,4,16
0.0,1.2013781895117686,2.2991010743246276,53.1509596006835,12.0,0.5454545454545454,0.5,5.0,5.0,2.0,0.4,0.0,2.0,0.0,72.0,36.0,54.0,27.0,86,4,16
0.0,1.6087905175933517,0.7174530109633882,38.985538404754095,12.0,0.7272727272727273,0.8,11.0,10.0,6.0,0.6,2.0,4.0,0.3333333333333333,83.0,13.833333333333334,54.0,9.0,87,4,16
0.0,1.2932769962277715,1.452317341494618,58.03745856042482,12.0,0.7272727272727273,0.8,3.0,3.0,1.0,0.3333333333333333,1.0,0.0,1.0,32.0,32.0,23.0,23.0,88,4,16
0.0,1.303522314425738,1.6711034140001813,58.41117760750105,12.0,0.6363636363636364,0.8571428571428571,7.0,7.0,4.0,0.5714285714285714,1.0,3.0,0.25,65.0,16.25,36.0,9.0,89,4,16
0.0,1.4472642536116351,2.8805844624075236,60.48429284247422,12.0,0.7272727272727273,0.875,7.0,6.0,4.0,0.6666666666666666,1.0,3.0,0.25,93.0,23.25,68.0,17.0,90,4,16
0.0,1.335698810236871,0.5250507888430164,49.95327741763918,12.0,0.7272727272727273,0.7777777777777778,8.0,7.0,5.0,0.7142857142857143,3.0,2.0,0.6,83.0,16.6,49.0,9.8,91,4,16
0.0,1.6698469774272129,0.896786423440563,78.80973129265516,12.0,0.5454545454545454,0.7142857142857143,8.0,8.0,7.0,0.875,2.0,5.0,0.2857142857142857,62.0,8.857142857142858,25.0,3.5714285714285716,92,4,16
0.0,1.3626272245120459,1.4137366290957198,40.71110423737884,12.0,0.8181818181818182,0.8571428571428571,4.0,4.0,2.0,0.5,1.0,1.0,0.5,42.0,21.0,24.0,12.0,93,4,16
0.0,0.9883321308136153,0.8556359953677399,43.87078229208173,12.0,0.9090909090909091,0.875,6.0,6.0,4.0,0.6666666666666666,2.0,2.0,0.5,45.0,11.25,26.0,6.5,94,4,16
0.0,1.258650428395271,2.382668501045036,67.76090247669691,12.0,0.8181818181818182,0.7777777777777778,5.0,5.0,4.0,0.8,1.0,3.0,0.25,79.0,19.75,56.0,14.0,95,4,16
0.0,1.0644784487099386,0.7623207658697333,70.34860113381102,12.0,0.7272727272727273,0.7142857142857143,10.0,9.0,7.0,0.7777777777777778,3.0,4.0,0.42857142857142855,66.0,9.428571428571429,33.0,4.714285714285714,96,4,16
1.0,0.9424125700221964,0.6878324052716323,45.46138553852409,12.0,0.8181818181818182,0.875,7.0,7.0,4.0,0.5714285714285714,0.0,4.0,0.0,15.0,3.75,5.0,1.25,97,4,16
0.0,1.4845533765855587,1.566485664661691,56.43338429654838,12.0,0.7272727272727273,0.6666666666666666,11.0,10.0,7.0,0.7,1.0,6.0,0.14285714285714285,81.0,11.571428571428571,37.0,5.285714285714286,98,4,16
0.0,1.2973218933120119,1.9582635869257854,53.947357035892615,12.0,0.7272727272727273,0.6666666666666666,7.0,7.0,5.0,0.7142857142857143,4.0,1.0,0.8,73.0,14.6,47.0,9.4,99,4,16
1.0,1.1177862348226637,0.45280859014169483,34.33547643543786,12.0,1.0,1.0,3.0,3.0,3.0,1.0,2.0,1.0,0.6666666666666666,55.0,18.333333333333332,38.0,12.666666666666666,100,4,16
0.0,1.4264175812867939,1.8405002279391776,49.262355542448255,12.0,0.7272727272727273,0.7272727272727273,1.0,1.0,1.0,1.0,1.0,0.0,1.0,23.0,23.0,14.0,14.0,101,4,16
0.0,0.6877873341060722,0.8718235904935017,50.21072456596202,12.0,0.8181818181818182,0.8,2.0,2.0,2.0,1.0,2.0,0.0,1.0,59.0,29.5,46.0,23.0,102,4,16
0.0,1.7428589424125909,1.7150063001588733,61.411679120752915,12.0,0.6363636363636364,0.75,8.0,8.0,3.0,0.375,1.0,2.0,0.3333333333333333,62.0,20.666666666666668,43.0,14.333333333333334,103,4,16
0.0,1.228025760577142,0.8482733158671353,45.00960028368909,12.0,0.6363636363636364,0.6,2.0,2.0,1.0,0.5,1.0,0.0,1.0,25.0,25.0,16.0,16.0,104,4,16
1.0,0.8858169532352687,0.6168846190946579,53.524698511719194,12.0,0.8181818181818182,0.75,5.0,5.0,5.0,1.0,4.0,1.0,0.8,82.0,16.4,45.0,9.0,105,4,16
0.0,1.484786300298964,0.9660202158934049,57.16129277062444,12.0,0.9090909090909091,0.9,5.0,5.0,5.0,1.0,3.0,2.0,0.6,69.0,13.8,39.0,7.8,106,4,16
0.0,1.6910927977702348,2.676189765134132,63.70503145219233,12.0,0.7272727272727273,0.875,7.0,6.0,5.0,0.8333333333333334,2.0,3.0,0.4,50.0,10.0,21.0,4.2,107,4,16
0.0,2.3057524990493046,1.3613432077998278,85.32780704793032,12.0,0.5454545454545454,0.5454545454545454,6.0,5.0,2.0,0.4,0.0,2.0,0.0,42.0,21.0,24.0,12.0,108,4,16
0.0,1.160052543966521,1.3515754644010964,52.23046047607275,12.0,1.0,1.0,7.0,7.0,6.0,0.8571428571428571,3.0,3.0,0.5,80.0,13.333333333333334,42.0,7.0,109,4,16
0.0,1.502909544255014,2.3178594497862175,44.155883558235914,12.0,0.7272727272727273,0.8,5.0,4.0,1.0,0.25,0.0,1.0,0.0,41.0,41.0,32.0,32.0,110,4,16
0.0,1.2830104234790702,0.8954074419599984,31.075495524673073,12.0,0.8181818181818182,0.9,2.0,2.0,2.0,1.0,1.0,1.0,0.5,39.0,19.5,21.0,10.5,111,4,16
0.0,1.2573135801322337,0.7609657159219373,44.69808487218356,12.0,0.5454545454545454,0.5,3.0,2.0,0.0,0.0,0.0,0.0,0.0,0.0,nan,0.0,nan,112,4,16
0.0,1.2483876503258378,1.3848691413315188,39.227748922203865,12.0,0.7272727272727273,0.75,7.0,7.0,4.0,0.5714285714285714,1.0,3.0,0.25,55.0,13.75,36.0,9.0,113,4,16
0.0,1.1644354401475798,2.308099399746718,49.002850201881714,12.0,0.8181818181818182,0.8333333333333334,8.0,8.0,6.0,0.75,2.0,4.0,0.3333333333333333,93.0,15.5,51.0,8.5,114,4,16
0.0,1.2174553170488644,2.179182393629122,44.75073385762652,12.0,0.7272727272727273,0.6666666666666666,7.0,5.0,5.0,1.0,4.0,1.0,0.8,83.0,16.6,48.0,9.6,115,4,16
0.0,1.1655668521337073,1.1775689431759548,76.40110528051844,12.0,0.8181818181818182,0.8,6.0,6.0,4.0,0.6666666666666666,3.0,1.0,0.75,29.0,7.25,19.0,4.75,116,4,16
0.0,1.188137108942336,2.1449831908054153,39.1465086103746,12.0,0.8181818181818182,0.875,5.0,5.0,5.0,1.0,3.0,2.0,0.6,96.0,19.2,66.0,13.2,117,4,16
0.0,0.6115765323107604,0.6425115976430271,30.15264694508594,12.0,1.0,1.0,4.0,4.0,3.0,0.75,2.0,1.0,0.6666666666666666,53.0,17.666666666666668,27.0,9.0,118,4,16
0.0,1.0360784430530818,0.6180209489456746,48.365341816660205,12.0,0.8181818181818182,0.7777777777777778,4.0,4.0,3.0,0.75,1.0,2.0,0.3333333333333333,52.0,17.333333333333332,25.0,8.333333333333334,119,4,16
1.0,1.2618637928108136,0.4103900203480156,57.70424999094984,12.0,0.9090909090909091,0.8571428571428571,9.0,9.0,6.0,0.6666666666666666,2.0,4.0,0.3333333333333333,78.0,13.0,39.0,6.5,120,4,16
0.0,1.1057717977487727,1.0922089352965725,58.01177845979804,12.0,0.7272727272727273,0.7142857142857143,8.0,8.0,5.0,0.625,2.0,3.0,0.4,34.0,6.8,18.0,3.6,121,4,16
0.0,1.2048729354711296,0.6529022746790107,52.00008489366984,12.0,0.9090909090909091,0.9,7.0,7.0,5.0,0.7142857142857143,2.0,3.0,0.4,62.0,12.4,28.0,5.6,122,4,16
0.0,1.2940307099306274,1.9402484563343014,62.56902294283165,12.0,0.7272727272727273,1.0,8.0,8.0,4.0,0.5,1.0,3.0,0.25,50.0,12.5,28.0,7.0,123,4,16
0.0,1.4642441473848817,0.9140261166381702,41.76026523612189,12.0,0.9090909090909091,1.0,10.0,9.0,7.0,0.7777777777777778,3.0,4.0,0.42857142857142855,70.0,10.0,28.0,4.0,124,4,16
0.0,1.0407973260913252,0.6968678412477067,33.81775361878789,12.0,0.8181818181818182,0.875,11.0,11.0,6.0,0.5454545454545454,3.0,3.0,0.5,64.0,10.666666666666666,34.0,5.666666666666667,125,4,16
0.0,1.6420372189747685,1.7715573594979597,43.58467467949093,12.0,0.9090909090909091,0.875,7.0,6.0,4.0,0.6666666666666666,0.0,4.0,0.0,44.0,11.0,21.0,5.25,126,4,16
0.0,2.2164012424519224,2.5193054575965546,69.61650310421221,12.0,0.45454545454545453,0.5,5.0,4.0,3.0,0.75,2.0,1.0,0.6666666666666666,57.0,19.0,40.0,13.333333333333334,127,4,16
0.0,1.0999080270492458,0.7079452003374598,75.581519435964,12.0,0.7272727272727273,1.0,7.0,7.0,4.0,0.5714285714285714,2.0,2.0,0.5,60.0,15.0,34.0,8.5,128,4,16
0.0,1.9284566100037404,1.9629417589574265,33.90854614841736,12.0,0.7272727272727273,0.8,5.0,4.0,3.0,0.75,2.0,1.0,0.6666666666666666,63.0,21.0,38.0,12.666666666666666,129,4,16
0.0,1.0986502946848342,0.8241001010792037,48.15080548514494,12.0,0.7272727272727273,0.5714285714285714,10.0,9.0,6.0,0.6666666666666666,2.0,4.0,0.3333333333333333,63.0,10.5,33.0,5.5,130,4,16
0.0,1.2859471735728452,1.4572418648842498,53.25806293817648,12.0,0.8181818181818182,0.8571428571428571,6.0,6.0,5.0,0.8333333333333334,3.0,2.0,0.6,73.0,14.6,46.0,9.2,131,4,16
0.0,1.096470052099669,2.2208009013213506,31.41196180186327,12.0,0.7272727272727273,0.7,7.0,6.0,3.0,0.5,1.0,2.0,0.3333333333333333,60.0,20.0,35.0,11.666666666666666,132,4,16
0.0,1.2771420938394666,0.57895008227004,39.10415988411966,12.0,0.5454545454545454,0.6666666666666666,4.0,4.0,2.0,0.5,1.0,1.0,0.5,48.0,24.0,40.0,20.0,133,4,16
0.0,1.4754627542548813,2.957689432816291,40.11064449991669,12.0,0.6363636363636364,0.7777777777777778,4.0,4.0,3.0,0.75,1.0,2.0,0.3333333333333333,39.0,13.0,21.0,7.0,134,4,16
0.0,1.6110050965681961,1.0056928413795492,47.82492234251296,12.0,0.8181818181818182,0.8571428571428571,6.0,6.0,6.0,1.0,3.0,3.0,0.5,47.0,7.833333333333333,27.0,4.5,135,4,16
0.0,0.9758583729699979,0.976426701534265,52.979439041996336,12.0,0.7272727272727273,0.7142857142857143,6.0,5.0,4.0,0.8,3.0,1.0,0.75,74.0,18.5,43.0,10.75,136,4,16
0.0,0.5174552827179958,0.6059721918519118,53.40006363030323,180.0,0.7790697674418605,0.9591836734693877,12.0,12.0,6.0,0.5,3.0,3.0,0.5,86.0,14.333333333333334,43.0,7.166666666666667,17,8,1
0.0,0.5128852041409491,0.40761676265284513,59.402194782532455,180.0,0.8895348837209303,0.96,6.0,6.0,4.0,0.6666666666666666,2.0,2.0,0.5,61.0,15.25,35.0,8.75,18,8,1
1.0,0.44588263438531894,0.13728898111678534,65.15608563511582,180.0,0.9244186046511628,0.9924242424242424,4.0,4.0,2.0,0.5,0.0,2.0,0.0,30.0,15.0,12.0,6.0,19,8,1
1.0,0.36547860394274934,0.1185575847672944,57.016935846405104,180.0,0.9476744186046512,0.9772727272727273,4.0,4.0,4.0,1.0,3.0,1.0,0.75,50.0,12.5,22.0,5.5,20,8,1
1.0,0.5618432222193751,0.3680185052482538,57.68862997781151,180.0,0.7558139534883721,0.9736842105263158,13.0,11.0,7.0,0.6363636363636364,2.0,5.0,0.2857142857142857,84.0,12.0,41.0,5.857142857142857,21,8,1
1.0,0.20994984740659453,0.1444387028587178,49.2567062244667,180.0,0.9883720930232558,0.9878048780487805,2.0,2.0,1.0,0.5,1.0,0.0,1.0,14.0,14.0,7.0,7.0,22,8,1
0.0,0.41672022704725215,0.5729816601639447,56.0711113124204,180.0,0.9069767441860465,0.9827586206896551,4.0,4.0,3.0,0.75,1.0,2.0,0.3333333333333333,36.0,12.0,15.0,5.0,23,8,1
1.0,0.16853534534194733,0.1486773196841806,47.73428654303203,180.0,1.0,1.0,3.0,3.0,1.0,0.3333333333333333,1.0,0.0,1.0,15.0,15.0,8.0,8.0,24,8,1
0.0,0.531343872140431,0.9625315882741539,50.85798371327629,180.0,0.8837209302325582,1.0,7.0,5.0,5.0,1.0,4.0,1.0,0.8,77.0,15.4,45.0,9.0,25,8,1
1.0,0.39359443107404735,0.1425022442077789,57.16566235572963,180.0,0.936046511627907,0.9848484848484849,4.0,4.0,3.0,0.75,2.0,1.0,0.6666666666666666,49.0,16.333333333333332,30.0,10.0,26,8,1
0.0,0.44026211998098447,0.5597300816842122,58.85605975372328,180.0,0.8081395348837209,0.9493670886075949,8.0,8.0,6.0,0.75,3.0,3.0,0.5,77.0,12.833333333333334,38.0,6.333333333333333,27,8,1
1.0,0.2697399506293491,0.12753922055514125,49.39933222292842,180.0,0.9186046511627907,0.9527027027027027,3.0,3.0,1.0,0.3333333333333333,0.0,1.0,0.0,14.0,14.0,5.0,5.0,28,8,1
0.0,0.3778039380667663,0.9541154843921935,47.75443329196834,180.0,0.9244186046511628,0.9772727272727273,3.0,3.0,1.0,0.3333333333333333,0.0,1.0,0.0,15.0,15.0,6.0,6.0,29,8,1
1.0,0.27281709861925507,0.3794826155194787,38.71300405196588,180.0,0.9534883720930233,0.9662162162162162,4.0,4.0,3.0,0.75,2.0,1.0,0.6666666666666666,58.0,19.333333333333332,38.0,12.666666666666666,30,8,1
0.0,0.2823793342249035,0.558014098569913,50.88610666150525,180.0,0.9302325581395349,0.9538461538461539,5.0,5.0,2.0,0.4,1.0,1.0,0.5,23.0,11.5,14.0,7.0,31,8,1
1.0,0.3388017768641395,0.13104763975660133,53.080521871463105,180.0,0.9244186046511628,0.9848484848484849,3.0,3.0,3.0,1.0,2.0,1.0,0.6666666666666666,37.0,12.333333333333334,19.0,6.333333333333333,32,8,1
0.0,0.571474513508753,0.5564164371559512,57.24755655948669,180.0,0.8837209302325582,0.9803921568627451,8.0,7.0,5.0,0.7142857142857143,3.0,2.0,0.6,79.0,15.8,38.0,7.6,33,8,1
0.0,0.42895830757273234,0.40057240714046627,44.86924468037669,180.0,0.877906976744186,1.0,10.0,9.0,6.0,0.6666666666666666,3.0,3.0,0.5,49.0,8.166666666666666,22.0,3.6666666666666665,34,8,1
1.0,0.14907358917858926,0.1548081203174308,42.86829957952335,180.0,0.9709302325581395,1.0,6.0,4.0,1.0,0.25,0.0,1.0,0.0,4.0,4.0,1.0,1.0,35,8,1
0.0,0.4617003762183968,0.5497240981650064,60.250058224332506,180.0,0.872093023255814,0.9901960784313726,6.0,6.0,3.0,0.5,1.0,2.0,0.3333333333333333,55.0,18.333333333333332,29.0,9.666666666666666,36,8,1
1.0,0.23083909393417668,0.16199009927886357,41.692149265350096,180.0,0.936046511627907,0.9776119402985075,3.0,3.0,1.0,0.3333333333333333,0.0,1.0,0.0,14.0,14.0,5.0,5.0,37,8,1
0.0,0.8402428737215183,0.8278691894643722,47.93769743468325,180.0,0.8895348837209303,0.98,6.0,5.0,4.0,0.8,3.0,1.0,0.75,77.0,19.25,42.0,10.5,38,8,1
1.0,0.4079092870290235,0.3405133133254644,56.21461334847818,180.0,0.9418604651162791,0.9924242424242424,7.0,7.0,4.0,0.5714285714285714,1.0,3.0,0.25,47.0,11.75,19.0,4.75,39,8,1
1.0,0.22658249174530903,0.2704076913326982,57.99820887727063,180.0,0.9883720930232558,0.9878048780487805,4.0,4.0,3.0,0.75,2.0,1.0,0.6666666666666666,28.0,9.333333333333334,22.0,7.333333333333333,40,8,1
1.0,0.21706216915628518,0.3612010418434329,45.47913338954635,180.0,0.9767441860465116,0.975609756097561,1.0,1.0,1.0,1.0,0.0,1.0,0.0,23.0,23.0,14.0,14.0,41,8,1
1.0,0.284544506876138,0.181796520876552,55.46129289813761,180.0,0.9767441860465116,1.0,4.0,4.0,1.0,0.25,1.0,0.0,1.0,23.0,23.0,15.0,15.0,42,8,1
1.0,0.5218824933033613,0.3508309255687408,65.61493332536325,180.0,0.9244186046511628,0.9907407407407407,6.0,6.0,3.0,0.5,2.0,1.0,0.6666666666666666,32.0,10.666666666666666,15.0,5.0,43,8,1
1.0,0.24585830380868007,0.14912959791496835,61.12746415643559,180.0,0.9244186046511628,0.9794520547945206,5.0,5.0,5.0,1.0,3.0,2.0,0.6,44.0,8.8,22.0,4.4,44,8,1
1.0,0.3594289398386661,0.17210762563421914,49.93064975103282,180.0,0.9127906976744186,0.9848484848484849,5.0,5.0,4.0,0.8,2.0,2.0,0.5,64.0,16.0,32.0,8.0,45,8,1
1.0,0.3919232530918589,0.4403910867595415,55.78765135391257,180.0,0.8604651162790697,0.99,9.0,8.0,6.0,0.75,2.0,4.0,0.3333333333333333,81.0,13.5,37.0,6.166666666666667,46,8,1
1.0,0.2931316065744959,0.4249242888403491,50.96061382539574,180.0,0.936046511627907,0.9776119402985075,5.0,5.0,4.0,0.8,1.0,3.0,0.25,58.0,14.5,33.0,8.25,47,8,1
1.0,0.2795142727805145,0.24247247065045383,50.736603883420926,180.0,0.872093023255814,0.944,6.0,6.0,5.0,0.8333333333333334,3.0,2.0,0.6,41.0,8.2,17.0,3.4,48,8,1
0.0,0.5017000802957224,0.6821073150767025,52.977437508433,180.0,0.877906976744186,0.9916666666666667,9.0,6.0,4.0,0.6666666666666666,2.0,2.0,0.5,51.0,12.75,22.0,5.5,49,8,1
1.0,0.44302121150502705,0.20979653559991923,52.14539866821103,180.0,0.8953488372093024,0.98989898989899,7.0,6.0,6.0,1.0,5.0,1.0,0.8333333333333334,95.0,15.833333333333334,59.0,9.833333333333334,50,8,1
0.0,0.6783795245169475,0.5059162679930245,63.275018363057654,180.0,0.936046511627907,0.9696969696969697,5.0,5.0,5.0,1.0,3.0,2.0,0.6,91.0,18.2,47.0,9.4,51,8,1
0.0,0.3753192972514807,0.6695451102046781,53.52970532003207,180.0,0.8953488372093024,0.9908256880733946,5.0,4.0,3.0,0.75,2.0,1.0,0.6666666666666666,53.0,17.666666666666668,27.0,9.0,52,8,1
0.0,0.4015872224600495,0.5770479043614404,68.98302391738962,180.0,0.9069767441860465,0.97,10.0,10.0,5.0,0.5,2.0,3.0,0.4,44.0,8.8,25.0,5.0,53,8,1
1.0,0.303204263243603,0.3935686460260407,43.579726897682036,180.0,0.9302325581395349,0.9921875,5.0,5.0,3.0,0.6,0.0,3.0,0.0,38.0,12.666666666666666,17.0,5.666666666666667,54,8,1
1.0,0.20456325989285154,0.2294905387753232,44.6380391793727,180.0,0.9302325581395349,0.9517241379310345,4.0,4.0,3.0,0.75,2.0,1.0,0.6666666666666666,42.0,14.0,24.0,8.0,55,8,1
1.0,0.3421639704521959,0.13765627027995142,48.05050390032552,180.0,0.9127906976744186,1.0,6.0,5.0,5.0,1.0,3.0,2.0,0.6,71.0,14.2,38.0,7.6,56,8,1
0.0,0.31611316783254495,0.6266827207619156,46.717664121150825,180.0,0.9302325581395349,0.9848484848484849,4.0,4.0,3.0,0.75,1.0,2.0,0.3333333333333333,41.0,13.666666666666666,18.0,6.0,57,8,1
1.0,0.41378613488911625,0.3761322441517172,50.88248477068914,180.0,0.8895348837209303,0.9741379310344828,5.0,5.0,3.0,0.6,2.0,1.0,0.6666666666666666,63.0,21.0,36.0,12.0,58,8,1
1.0,0.47141427812098907,0.4710707919145131,44.19224980197451,180.0,0.7732558139534884,0.9594594594594594,13.0,10.0,7.0,0.7,4.0,3.0,0.5714285714285714,88.0,12.571428571428571,45.0,6.428571428571429,59,8,1
1.0,0.3034422499266577,0.23463114889222908,53.79374508909546,180.0,0.9418604651162791,0.9924242424242424,3.0,3.0,3.0,1.0,3.0,0.0,1.0,64.0,21.333333333333332,43.0,14.333333333333334,60,8,1
1.0,0.34936642849855876,0.3642408224471996,59.3412597599705,180.0,0.8953488372093024,1.0,8.0,8.0,5.0,0.625,1.0,4.0,0.2,80.0,16.0,45.0,9.0,61,8,1
0.0,0.4657122723855541,0.6104167910845709,47.8718739202706,180.0,0.9476744186046512,1.0,5.0,5.0,4.0,0.8,2.0,2.0,0.5,53.0,13.25,26.0,6.5,62,8,1
1.0,0.31076078143926,0.42598655807165636,48.38728776747642,180.0,0.872093023255814,0.9596774193548387,3.0,3.0,2.0,0.6666666666666666,1.0,1.0,0.5,33.0,16.5,17.0,8.5,63,8,1
1.0,0.2362220173800378,0.31918730161292874,43.85807564708005,180.0,0.9651162790697675,1.0,4.0,4.0,2.0,0.5,1.0,1.0,0.5,22.0,11.0,7.0,3.5,64,8,1
1.0,0.3723261487846735,0.20447003133483307,50.56113117585978,180.0,0.872093023255814,0.954954954954955,9.0,7.0,6.0,0.8571428571428571,4.0,2.0,0.6666666666666666,85.0,14.166666666666666,40.0,6.666666666666667,65,8,1
1.0,0.3587204337980902,0.27183391875734,50.13311400756589,180.0,0.9302325581395349,1.0,9.0,9.0,6.0,0.6666666666666666,1.0,5.0,0.16666666666666666,51.0,8.5,25.0,4.166666666666667,66,8,1
0.0,0.45143102471338464,0.38301475523309964,57.96911218023754,180.0,0.8430232558139535,0.9591836734693877,6.0,6.0,4.0,0.6666666666666666,2.0,2.0,0.5,59.0,14.75,36.0,9.0,67,8,1
0.0,0.8767756306942502,0.9713743465773359,53.63246159684634,180.0,0.8837209302325582,1.0,8.0,7.0,6.0,0.8571428571428571,3.0,3.0,0.5,98.0,16.333333333333332,52.0,8.666666666666666,68,8,1
0.0,0.3567531300007012,0.5694700215943963,68.9549408136509,180.0,0.8662790697674418,0.9903846153846154,8.0,7.0,5.0,0.7142857142857143,2.0,3.0,0.4,46.0,9.2,21.0,4.2,69,8,1
1.0,0.33422271945498444,0.47397197511650696,63.808682824894,180.0,0.8837209302325582,1.0,7.0,7.0,4.0,0.5714285714285714,1.0,3.0,0.25,49.0,12.25,22.0,5.5,70,8,1
1.0,0.24631689179051552,0.3300335694635353,44.3841469351232,180.0,0.9127906976744186,1.0,6.0,5.0,3.0,0.6,1.0,2.0,0.3333333333333333,27.0,9.0,14.0,4.666666666666667,71,8,1
1.0,0.2585932601227257,0.42160400532489456,40.09507372879713,180.0,0.9534883720930233,0.9849624060150376,4.0,3.0,3.0,1.0,2.0,1.0,0.6666666666666666,47.0,15.666666666666666,25.0,8.333333333333334,72,8,1
1.0,0.4299711124790981,0.25078980270822016,46.850309353330424,180.0,0.9127906976744186,0.975609756097561,7.0,6.0,6.0,1.0,3.0,3.0,0.5,96.0,16.0,52.0,8.666666666666666,73,8,1
1.0,0.3328087707404832,0.19657121007960476,46.78037008450369,180.0,0.8953488372093024,0.9917355371900827,8.0,8.0,5.0,0.625,2.0,3.0,0.4,60.0,12.0,28.0,5.6,74,8,1
0.0,0.5272977979105555,0.5302954168326726,72.76826046364204,180.0,0.8313953488372093,0.9876543209876543,9.0,8.0,4.0,0.5,2.0,2.0,0.5,61.0,15.25,30.0,7.5,75,8,1
1.0,0.32976997334113506,0.09841067292675194,53.4624662660277,180.0,0.9244186046511628,0.9774436090225563,2.0,2.0,2.0,1.0,2.0,0.0,1.0,41.0,20.5,23.0,11.5,76,8,1
1.0,0.2500441893417489,0.21764281766773527,43.09413924023292,180.0,0.9651162790697675,1.0,2.0,2.0,2.0,1.0,2.0,0.0,1.0,38.0,19.0,22.0,11.0,77,8,1
1.0,0.24348246883957753,0.08514125765127961,38.0230815185232,180.0,0.9883720930232558,0.9878048780487805,3.0,1.0,1.0,1.0,1.0,0.0,1.0,11.0,11.0,7.0,7.0,78,8,1
1.0,0.5552555111563309,0.5033330154229103,56.152580701143116,180.0,0.9011627906976745,1.0,10.0,9.0,6.0,0.6666666666666666,3.0,3.0,0.5,94.0,15.666666666666666,51.0,8.5,79,8,1
1.0,0.6203313945483467,0.2126856122344766,50.05564621441978,180.0,0.9418604651162791,0.9848484848484849,5.0,5.0,4.0,0.8,1.0,3.0,0.25,57.0,14.25,21.0,5.25,80,8,1
0.0,0.2017144807780585,0.42868845118049087,44.42164492407493,180.0,0.9186046511627907,1.0,8.0,7.0,4.0,0.5714285714285714,1.0,3.0,0.25,34.0,8.5,18.0,4.5,81,8,1
1.0,0.2050255233803416,0.07454876248569987,44.224230205468416,180.0,0.9593023255813954,0.9864864864864865,3.0,3.0,2.0,0.6666666666666666,2.0,0.0,1.0,39.0,19.5,24.0,12.0,82,8,1
1.0,0.39076182737248494,0.11717823897180095,58.687631294743035,180.0,0.9011627906976745,0.957983193277311,9.0,9.0,6.0,0.6666666666666666,1.0,5.0,0.16666666666666666,41.0,6.833333333333333,20.0,3.3333333333333335,83,8,1
0.0,0.5587048084831181,0.8599334825468848,56.08567720458141,180.0,0.9302325581395349,0.9621212121212122,8.0,6.0,5.0,0.8333333333333334,3.0,2.0,0.6,71.0,14.2,39.0,7.8,84,8,1
0.0,0.3479639466164638,0.6374040099856171,57.80942589514867,180.0,0.9534883720930233,0.9864864864864865,7.0,6.0,3.0,0.5,1.0,2.0,0.3333333333333333,37.0,12.333333333333334,16.0,5.333333333333333,85,8,1
0.0,0.4646873973705127,0.4888772751515588,57.509203512156994,180.0,0.8488372093023255,0.9137931034482759,5.0,5.0,4.0,0.8,3.0,1.0,0.75,62.0,15.5,36.0,9.0,86,8,1
0.0,0.6557798714550164,0.8253496826241872,58.3983114106365,180.0,0.7848837209302325,0.9625,11.0,10.0,7.0,0.7,4.0,3.0,0.5714285714285714,79.0,11.285714285714286,45.0,6.428571428571429,87,8,1
1.0,0.30160086497467914,0.33824181529485775,54.37137411527673,180.0,0.9593023255813954,0.9864864864864865,3.0,3.0,3.0,1.0,1.0,2.0,0.3333333333333333,37.0,12.333333333333334,18.0,6.0,88,8,1
0.0,0.41944860969802467,0.6201431962563811,66.75780544690198,180.0,0.877906976744186,0.9411764705882353,7.0,7.0,4.0,0.5714285714285714,1.0,3.0,0.25,64.0,16.0,41.0,10.25,89,8,1
0.0,0.5391538216602387,1.1955285194158618,51.956064441100146,180.0,0.9302325581395349,0.991869918699187,7.0,6.0,6.0,1.0,3.0,3.0,0.5,71.0,11.833333333333334,36.0,6.0,90,8,1
0.0,0.3664527745282185,0.49840644602908574,53.205866454137485,180.0,0.9186046511627907,0.972027972027972,8.0,7.0,2.0,0.2857142857142857,1.0,1.0,0.5,44.0,22.0,27.0,13.5,91,8,1
1.0,0.5309225172579356,0.29571717281735477,52.20519993773826,180.0,0.9127906976744186,1.0,8.0,8.0,8.0,1.0,2.0,6.0,0.25,64.0,8.0,25.0,3.125,92,8,1
0.0,0.5342704266096799,0.4349503914118209,40.29471072677467,180.0,0.8837209302325582,1.0,4.0,4.0,4.0,1.0,3.0,1.0,0.75,80.0,20.0,44.0,11.0,93,8,1
0.0,0.4454881950679297,0.5529530270006024,54.46984767468638,180.0,0.9127906976744186,0.9913793103448276,6.0,6.0,5.0,0.8333333333333334,3.0,2.0,0.6,61.0,12.2,28.0,5.6,94,8,1
1.0,0.34346716429058705,0.15313337638632724,66.62605763970618,180.0,0.9186046511627907,0.9772727272727273,5.0,5.0,4.0,0.8,1.0,3.0,0.25,36.0,9.0,10.0,2.5,95,8,1
1.0,0.49588492421394653,0.38070087939463143,52.37869731484395,180.0,0.9244186046511628,0.9902912621359223,10.0,9.0,5.0,0.5555555555555556,4.0,1.0,0.8,82.0,16.4,42.0,8.4,96,8,1
1.0,0.33162359695845134,0.43283252341116324,55.75802229316339,180.0,0.9186046511627907,1.0,7.0,7.0,5.0,0.7142857142857143,1.0,4.0,0.2,49.0,9.8,21.0,4.2,97,8,1
0.0,0.6474691567449188,1.0792968780248124,46.79443422832444,180.0,0.8662790697674418,0.9875,11.0,10.0,7.0,0.7,3.0,4.0,0.42857142857142855,93.0,13.285714285714286,51.0,7.285714285714286,98,8,1
0.0,0.4899271671395065,0.7801752887336131,59.59472489088523,180.0,0.9244186046511628,0.9848484848484849,7.0,7.0,5.0,0.7142857142857143,2.0,3.0,0.4,81.0,16.2,40.0,8.0,99,8,1
1.0,0.2677212787619919,0.13328903614916496,49.50673694364787,180.0,0.9302325581395349,0.9921875,3.0,3.0,3.0,1.0,2.0,1.0,0.6666666666666666,27.0,9.0,16.0,5.333333333333333,100,8,1
1.0,0.14666616648291564,0.051661096103799445,44.52098074515516,180.0,0.9651162790697675,0.9634146341463414,1.0,1.0,1.0,1.0,1.0,0.0,1.0,28.0,28.0,19.0,19.0,101,8,1
1.0,0.2090199062750832,0.06383116896900874,47.96381208673956,180.0,0.9651162790697675,0.9864864864864865,2.0,2.0,2.0,1.0,2.0,0.0,1.0,44.0,22.0,32.0,16.0,102,8,1
1.0,0.5935023652864909,0.2020783833429067,61.89521104703889,180.0,0.872093023255814,0.9741379310344828,8.0,8.0,6.0,0.75,1.0,5.0,0.16666666666666666,74.0,12.333333333333334,40.0,6.666666666666667,103,8,1
1.0,0.22433063596594746,0.21274988881281187,53.62397896937983,180.0,0.9011627906976745,0.9470198675496688,2.0,2.0,1.0,0.5,0.0,1.0,0.0,13.0,13.0,4.0,4.0,104,8,1
0.0,0.5129242562610459,0.500411842416115,52.39478880435227,180.0,0.9069767441860465,0.9829059829059829,5.0,5.0,4.0,0.8,2.0,2.0,0.5,60.0,15.0,31.0,7.75,105,8,1
1.0,0.5182506158888787,0.16039720394783955,53.55136235523984,180.0,0.9825581395348837,1.0,5.0,5.0,4.0,0.8,1.0,3.0,0.25,44.0,11.0,17.0,4.25,106,8,1
1.0,0.3212367701413476,0.5156081593702552,45.46622471249095,180.0,0.9069767441860465,0.9669421487603306,7.0,6.0,4.0,0.6666666666666666,2.0,2.0,0.5,32.0,8.0,15.0,3.75,107,8,1
1.0,0.326069616344643,0.12030737450285081,44.833065471313766,180.0,0.9767441860465116,0.975609756097561,6.0,5.0,5.0,1.0,4.0,1.0,0.8,77.0,15.4,39.0,7.8,108,8,1
0.0,0.4828620543836481,0.6029264817568454,42.85114991328325,180.0,0.9302325581395349,1.0,7.0,7.0,6.0,0.8571428571428571,2.0,4.0,0.3333333333333333,70.0,11.666666666666666,35.0,5.833333333333333,109,8,1
1.0,0.264567301362317,0.15974869144489143,50.2041764937334,180.0,0.9767441860465116,1.0,5.0,4.0,2.0,0.5,2.0,0.0,1.0,43.0,21.5,28.0,14.0,110,8,1
1.0,0.2401585757937748,0.09614980590853595,42.600631503297464,180.0,0.9651162790697675,0.9864864864864865,2.0,2.0,1.0,0.5,0.0,1.0,0.0,17.0,17.0,8.0,8.0,111,8,1
0.0,0.27951985984533767,0.43665887039812196,50.58617110160908,180.0,0.9186046511627907,0.9767441860465116,3.0,2.0,2.0,1.0,2.0,0.0,1.0,40.0,20.0,22.0,11.0,112,8,1
1.0,0.2576446081137822,0.21073362478767754,52.73420528580184,180.0,0.8837209302325582,0.9741379310344828,7.0,7.0,6.0,0.8571428571428571,3.0,3.0,0.5,57.0,9.5,33.0,5.5,113,8,1
0.0,0.8962508682280129,2.225475360793995,53.10118913254354,180.0,0.877906976744186,1.0,8.0,8.0,5.0,0.625,1.0,4.0,0.2,66.0,13.2,32.0,6.4,114,8,1
0.0,0.45145646297735903,1.0331048665237577,49.6978925192437,180.0,0.9709302325581395,0.972027972027972,7.0,5.0,3.0,0.6,3.0,0.0,1.0,50.0,16.666666666666668,27.0,9.0,115,8,1
1.0,0.5174148082251132,0.27684002070192854,55.54148885630399,180.0,0.813953488372093,0.9863013698630136,6.0,6.0,5.0,0.8333333333333334,2.0,3.0,0.4,85.0,17.0,40.0,8.0,116,8,1
0.0,0.4125721646344036,0.5312631058987353,56.631557638955364,180.0,0.9127906976744186,0.975,5.0,5.0,4.0,0.8,2.0,2.0,0.5,60.0,15.0,24.0,6.0,117,8,1
0.0,0.3756792314553771,0.5944007146963189,46.85811015186389,180.0,0.8953488372093024,0.9901960784313726,4.0,4.0,4.0,1.0,2.0,2.0,0.5,75.0,18.75,43.0,10.75,118,8,1
1.0,0.2975919154941264,0.14832401632766523,55.85695931417738,180.0,0.9244186046511628,0.9716312056737588,4.0,4.0,3.0,0.75,1.0,2.0,0.3333333333333333,50.0,16.666666666666668,24.0,8.0,119,8,1
0.0,0.3894680052015698,0.5128180354825341,61.159924294805265,180.0,0.8837209302325582,0.9819819819819819,9.0,9.0,4.0,0.4444444444444444,3.0,1.0,0.75,82.0,20.5,47.0,11.75,120,8,1
1.0,0.32070699192626445,0.27902908967653195,50.12538842383333,180.0,0.8372093023255814,0.94,8.0,8.0,5.0,0.625,1.0,4.0,0.2,69.0,13.8,42.0,8.4,121,8,1
1.0,0.4223934892116986,0.4026543648612067,74.77684655650204,180.0,0.9476744186046512,0.9662162162162162,7.0,7.0,5.0,0.7142857142857143,2.0,3.0,0.4,46.0,9.2,18.0,3.6,122,8,1
0.0,0.46905747361545624,0.6100392226356749,56.141040446978664,180.0,0.8430232558139535,0.975609756097561,8.0,8.0,5.0,0.625,1.0,4.0,0.2,55.0,11.0,25.0,5.0,123,8,1
0.0,0.5478530821588306,0.47874463900838815,46.99668857403762,180.0,0.8546511627906976,1.0,10.0,9.0,7.0,0.7777777777777778,4.0,3.0,0.5714285714285714,76.0,10.857142857142858,37.0,5.285714285714286,124,8,1
1.0,0.4849984650212541,0.3513528963469553,62.33039497469941,180.0,0.9244186046511628,1.0,11.0,11.0,7.0,0.6363636363636364,3.0,4.0,0.42857142857142855,112.0,16.0,74.0,10.571428571428571,125,8,1
1.0,0.5084993782160239,0.1814981387383163,46.03895364806288,180.0,0.9127906976744186,0.9913793103448276,7.0,6.0,4.0,0.6666666666666666,3.0,1.0,0.75,67.0,16.75,32.0,8.0,126,8,1
0.0,0.4696342253685608,0.4896050857769394,42.08392179957125,180.0,0.9127906976744186,0.976,5.0,4.0,3.0,0.75,1.0,2.0,0.3333333333333333,46.0,15.333333333333334,22.0,7.333333333333333,127,8,1
0.0,0.5724397090316894,0.7060033488990148,57.56478768104542,180.0,0.8081395348837209,0.9651162790697675,7.0,7.0,6.0,0.8571428571428571,4.0,2.0,0.6666666666666666,81.0,13.5,43.0,7.166666666666667,128,8,1
0.0,0.5282253991949057,0.4112925889893328,42.730234602870006,180.0,0.9651162790697675,1.0,5.0,4.0,4.0,1.0,3.0,1.0,0.75,62.0,15.5,31.0,7.75,129,8,1
1.0,0.3163300043087699,0.25159765719480903,50.063693599682544,180.0,0.9069767441860465,0.9741379310344828,10.0,9.0,4.0,0.4444444444444444,2.0,2.0,0.5,58.0,14.5,30.0,7.5,130,8,1
1.0,0.4259021904635743,0.38062604216692986,58.3108163077677,180.0,0.872093023255814,0.9807692307692307,6.0,6.0,3.0,0.5,2.0,1.0,0.6666666666666666,51.0,17.0,26.0,8.666666666666666,131,8,1
1.0,0.3749404747449527,0.37069963008073614,58.31739286738753,180.0,0.9302325581395349,0.9594594594594594,7.0,6.0,4.0,0.6666666666666666,2.0,2.0,0.5,52.0,13.0,29.0,7.25,132,8,1
1.0,0.2559278377847015,0.12653189531471754,48.523147935623896,180.0,0.9011627906976745,0.9621212121212122,4.0,4.0,3.0,0.75,3.0,0.0,1.0,53.0,17.666666666666668,27.0,9.0,133,8,1
0.0,0.37222127011604583,0.7257161438750032,47.91168771067901,180.0,0.9127906976744186,0.9917355371900827,4.0,4.0,3.0,0.75,2.0,1.0,0.6666666666666666,46.0,15.333333333333334,23.0,7.666666666666667,134,8,1
1.0,0.599312112478183,0.42916048998641987,48.01472926908234,180.0,0.877906976744186,0.9724770642201835,6.0,6.0,4.0,0.6666666666666666,1.0,3.0,0.25,29.0,7.25,10.0,2.5,135,8,1
1.0,0.40008349398583853,0.44134635670330347,40.10241948738325,180.0,0.9186046511627907,1.0,6.0,5.0,4.0,0.8,3.0,1.0,0.75,53.0,13.25,28.0,7.0,136,8,1
0.0,0.5567419942060574,0.6540716728466045,60.53431646051974,90.0,0.7674418604651163,0.96,12.0,12.0,6.0,0.5,3.0,3.0,0.5,89.0,14.833333333333334,46.0,7.666666666666667,17,8,2
0.0,0.5675109295394992,0.4291636557672167,52.186472245952864,90.0,0.9186046511627907,0.98,6.0,6.0,4.0,0.6666666666666666,2.0,2.0,0.5,62.0,15.5,36.0,9.0,18,8,2
1.0,0.4418249122453465,0.15724378736727915,60.65130628274134,90.0,0.9302325581395349,1.0,4.0,4.0,2.0,0.5,0.0,2.0,0.0,30.0,15.0,12.0,6.0,19,8,2
1.0,0.39440981890079324,0.11822310716414916,48.14001761864537,90.0,0.9534883720930233,0.9848484848484849,4.0,4.0,3.0,0.75,2.0,1.0,0.6666666666666666,36.0,12.0,16.0,5.333333333333333,20,8,2
0.0,0.6097584738472318,0.4036833322360677,64.68676523211656,90.0,0.7558139534883721,1.0,13.0,11.0,6.0,0.5454545454545454,2.0,4.0,0.3333333333333333,76.0,12.666666666666666,40.0,6.666666666666667,21,8,2
1.0,0.22908927416379907,0.13098384553373393,48.13092049456302,90.0,0.9883720930232558,0.9878048780487805,2.0,2.0,1.0,0.5,1.0,0.0,1.0,13.0,13.0,6.0,6.0,22,8,2
0.0,0.43414733936160266,0.5909274292207044,64.80890566885358,90.0,0.9186046511627907,0.9827586206896551,4.0,4.0,3.0,0.75,1.0,2.0,0.3333333333333333,38.0,12.666666666666666,17.0,5.666666666666667,23,8,2
1.0,0.1818513314107003,0.1567745548648633,45.28298693088588,90.0,1.0,1.0,3.0,3.0,1.0,0.3333333333333333,1.0,0.0,1.0,17.0,17.0,10.0,10.0,24,8,2
0.0,0.551192127825412,1.0086292391470317,53.970287641896995,90.0,0.872093023255814,1.0,7.0,5.0,5.0,1.0,4.0,1.0,0.8,76.0,15.2,44.0,8.8,25,8,2
1.0,0.40967530782337147,0.1440997432393778,57.91409540102633,90.0,0.9418604651162791,0.9848484848484849,4.0,4.0,2.0,0.5,1.0,1.0,0.5,41.0,20.5,24.0,12.0,26,8,2
0.0,0.4879107560870529,0.5952103292563286,48.07667035729152,90.0,0.7906976744186046,0.95,8.0,8.0,6.0,0.75,3.0,3.0,0.5,78.0,13.0,39.0,6.5,27,8,2
1.0,0.2801219715579767,0.13495357752317577,45.10690482222306,90.0,0.9418604651162791,0.972972972972973,3.0,3.0,0.0,0.0,0.0,0.0,0.0,0.0,nan,0.0,nan,28,8,2
0.0,0.40150211578288586,0.9955884496519671,50.2778422004446,90.0,0.9069767441860465,0.9696969696969697,3.0,3.0,1.0,0.3333333333333333,0.0,1.0,0.0,15.0,15.0,6.0,6.0,29,8,2
1.0,0.2772459663021375,0.39400528688131015,42.00889986933436,90.0,0.9651162790697675,0.9864864864864865,4.0,4.0,3.0,0.75,2.0,1.0,0.6666666666666666,44.0,14.666666666666666,24.0,8.0,30,8,2
0.0,0.3089472636938333,0.6160032748316856,61.23192823534283,90.0,0.9418604651162791,0.9692307692307692,5.0,5.0,2.0,0.4,1.0,1.0,0.5,23.0,11.5,14.0,7.0,31,8,2
1.0,0.3522899758874651,0.11625005353434352,47.92197548796399,90.0,0.9302325581395349,0.9848484848484849,3.0,3.0,3.0,1.0,2.0,1.0,0.6666666666666666,38.0,12.666666666666666,19.0,6.333333333333333,32,8,2
0.0,0.6281066504339485,0.6003896071775163,56.2298509401841,90.0,0.8953488372093024,0.9803921568627451,8.0,7.0,6.0,0.8571428571428571,4.0,2.0,0.6666666666666666,87.0,14.5,42.0,7.0,33,8,2
0.0,0.45861302569693485,0.41315483729382374,52.41868764374914,90.0,0.8953488372093024,1.0,10.0,9.0,6.0,0.6666666666666666,3.0,3.0,0.5,50.0,8.333333333333334,23.0,3.8333333333333335,34,8,2
1.0,0.1576513964580295,0.16384209398449853,53.35997879527027,90.0,0.9767441860465116,1.0,6.0,4.0,1.0,0.25,0.0,1.0,0.0,4.0,4.0,1.0,1.0,35,8,2
0.0,0.48641296770101355,0.5789406901757163,47.151464852825065,90.0,0.8837209302325582,1.0,6.0,6.0,3.0,0.5,1.0,2.0,0.3333333333333333,54.0,18.0,28.0,9.333333333333334,36,8,2
1.0,0.25526310852481615,0.16735113638704285,44.23100924779329,90.0,0.9186046511627907,0.9701492537313433,3.0,3.0,1.0,0.3333333333333333,0.0,1.0,0.0,14.0,14.0,5.0,5.0,37,8,2
0.0,0.9030917239764699,0.9053481927891429,51.76450587942703,90.0,0.872093023255814,0.96,6.0,5.0,4.0,0.8,3.0,1.0,0.75,78.0,19.5,42.0,10.5,38,8,2
1.0,0.4280825706431604,0.36024789335166346,60.49772347367617,90.0,0.9302325581395349,0.9848484848484849,7.0,7.0,4.0,0.5714285714285714,1.0,3.0,0.25,45.0,11.25,17.0,4.25,39,8,2
1.0,0.2189249580863764,0.284576520516108,50.51725475446829,90.0,0.9767441860465116,0.975609756097561,4.0,4.0,3.0,0.75,2.0,1.0,0.6666666666666666,24.0,8.0,17.0,5.666666666666667,40,8,2
1.0,0.23444858177843417,0.3634493190863345,54.68457713226809,90.0,0.9651162790697675,0.9634146341463414,1.0,1.0,1.0,1.0,0.0,1.0,0.0,23.0,23.0,14.0,14.0,41,8,2
1.0,0.29088213511302685,0.18292219771089924,53.55286262608494,90.0,0.9767441860465116,1.0,4.0,4.0,1.0,0.25,1.0,0.0,1.0,23.0,23.0,14.0,14.0,42,8,2
1.0,0.566239508079116,0.37824939387973955,72.68563730057598,90.0,0.9302325581395349,1.0,6.0,6.0,3.0,0.5,2.0,1.0,0.6666666666666666,35.0,11.666666666666666,18.0,6.0,43,8,2
1.0,0.2687830036619987,0.15294509743247922,56.274378617052015,90.0,0.9302325581395349,0.9863013698630136,5.0,5.0,5.0,1.0,3.0,2.0,0.6,49.0,9.8,27.0,5.4,44,8,2
1.0,0.37712793232268804,0.20886198192256147,48.19371996775268,90.0,0.8953488372093024,0.9696969696969697,5.0,5.0,5.0,1.0,3.0,2.0,0.6,84.0,16.8,44.0,8.8,45,8,2
1.0,0.4132172903703277,0.4586540936599917,66.17868583479842,90.0,0.8488372093023255,1.0,9.0,8.0,6.0,0.75,2.0,4.0,0.3333333333333333,81.0,13.5,37.0,6.166666666666667,46,8,2
1.0,0.29447963727470566,0.43233106116388,45.967930019570495,90.0,0.9302325581395349,0.9701492537313433,5.0,5.0,4.0,0.8,1.0,3.0,0.25,58.0,14.5,35.0,8.75,47,8,2
1.0,0.281015371293633,0.24137890374724083,53.804894890347676,90.0,0.8488372093023255,0.9206349206349206,6.0,6.0,4.0,0.6666666666666666,2.0,2.0,0.5,34.0,8.5,14.0,3.5,48,8,2
0.0,0.5185273743170394,0.7094523388378629,52.53750057595216,90.0,0.8837209302325582,1.0,9.0,6.0,4.0,0.6666666666666666,2.0,2.0,0.5,51.0,12.75,21.0,5.25,49,8,2
1.0,0.47717599754865225,0.22172906849037122,69.50531671294398,90.0,0.9069767441860465,1.0,7.0,6.0,6.0,1.0,5.0,1.0,0.8333333333333334,95.0,15.833333333333334,59.0,9.833333333333334,50,8,2
0.0,0.7338973531575683,0.49873992247347215,66.60575584749323,90.0,0.9302325581395349,0.9696969696969697,5.0,5.0,5.0,1.0,3.0,2.0,0.6,91.0,18.2,47.0,9.4,51,8,2
0.0,0.3736432022927095,0.7069246680673614,45.6970857445827,90.0,0.8837209302325582,0.9814814814814815,5.0,4.0,3.0,0.75,2.0,1.0,0.6666666666666666,53.0,17.666666666666668,26.0,8.666666666666666,52,8,2
0.0,0.42208408545789716,0.6205390880817425,68.70300936964021,90.0,0.9186046511627907,0.98,10.0,10.0,4.0,0.4,2.0,2.0,0.5,44.0,11.0,26.0,6.5,53,8,2
1.0,0.32467974062570826,0.41425724021399324,38.45051635383737,90.0,0.9302325581395349,1.0,5.0,5.0,4.0,0.8,1.0,3.0,0.25,39.0,9.75,18.0,4.5,54,8,2
1.0,0.20868655459247631,0.234963763477356,49.41074293474253,90.0,0.9418604651162791,0.9722222222222222,4.0,4.0,4.0,1.0,3.0,1.0,0.75,47.0,11.75,29.0,7.25,55,8,2
1.0,0.3768608701763218,0.13705387853459888,50.692143259243295,90.0,0.9069767441860465,1.0,6.0,5.0,5.0,1.0,3.0,2.0,0.6,73.0,14.6,38.0,7.6,56,8,2
0.0,0.3314862875968578,0.6484401129405567,42.970465559697246,90.0,0.9302325581395349,0.9848484848484849,4.0,4.0,3.0,0.75,1.0,2.0,0.3333333333333333,42.0,14.0,19.0,6.333333333333333,57,8,2
1.0,0.44499620159810377,0.38861530211064355,54.29090115265488,90.0,0.8953488372093024,0.9827586206896551,5.0,5.0,3.0,0.6,2.0,1.0,0.6666666666666666,65.0,21.666666666666668,38.0,12.666666666666666,58,8,2
1.0,0.4936934867375519,0.473337581102105,54.77999300112676,90.0,0.7558139534883721,0.972972972972973,13.0,10.0,7.0,0.7,4.0,3.0,0.5714285714285714,90.0,12.857142857142858,46.0,6.571428571428571,59,8,2
1.0,0.3185973407289121,0.26594282921478557,49.98587294550441,90.0,0.9302325581395349,0.9848484848484849,3.0,3.0,3.0,1.0,3.0,0.0,1.0,64.0,21.333333333333332,42.0,14.0,60,8,2
1.0,0.3682002920002337,0.39883150224869346,48.29178415277145,90.0,0.8953488372093024,1.0,8.0,8.0,5.0,0.625,2.0,3.0,0.4,75.0,15.0,40.0,8.0,61,8,2
0.0,0.4934386472062815,0.6677939580321635,55.1902413197622,90.0,0.9418604651162791,1.0,5.0,5.0,4.0,0.8,2.0,2.0,0.5,54.0,13.5,25.0,6.25,62,8,2
0.0,0.33615786318514956,0.430795787659753,60.59315852401963,90.0,0.872093023255814,0.967741935483871,3.0,3.0,3.0,1.0,2.0,1.0,0.6666666666666666,34.0,11.333333333333334,18.0,6.0,63,8,2
1.0,0.2521781824700089,0.33880103873179984,49.19019931282501,90.0,0.9651162790697675,1.0,4.0,4.0,2.0,0.5,1.0,1.0,0.5,22.0,11.0,7.0,3.5,64,8,2
1.0,0.39855570598001033,0.21140637390903977,54.95568209705875,90.0,0.8488372093023255,0.9454545454545454,9.0,7.0,6.0,0.8571428571428571,3.0,3.0,0.5,88.0,14.666666666666666,45.0,7.5,65,8,2
1.0,0.3731845680211785,0.3140050659970909,50.14785088943722,90.0,0.9418604651162791,1.0,9.0,9.0,5.0,0.5555555555555556,1.0,4.0,0.2,51.0,10.2,25.0,5.0,66,8,2
0.0,0.4879098243744461,0.4367830535436796,64.99806881320809,90.0,0.872093023255814,0.9795918367346939,6.0,6.0,4.0,0.6666666666666666,2.0,2.0,0.5,60.0,15.0,36.0,9.0,67,8,2
0.0,0.97212062941324,1.1702184857598812,58.72633753594476,90.0,0.8837209302325582,1.0,8.0,7.0,5.0,0.7142857142857143,3.0,2.0,0.6,98.0,19.6,53.0,10.6,68,8,2
0.0,0.37083144759693865,0.6015163546645134,69.70060436066566,90.0,0.8488372093023255,0.9811320754716981,8.0,7.0,6.0,0.8571428571428571,2.0,4.0,0.3333333333333333,71.0,11.833333333333334,38.0,6.333333333333333,69,8,2
0.0,0.364029885153831,0.5238460139660809,73.18214398192207,90.0,0.8953488372093024,1.0,7.0,7.0,4.0,0.5714285714285714,1.0,3.0,0.25,50.0,12.5,23.0,5.75,70,8,2
1.0,0.2546634856223508,0.35247031319993327,53.47258803670461,90.0,0.9302325581395349,1.0,6.0,5.0,3.0,0.6,1.0,2.0,0.3333333333333333,27.0,9.0,14.0,4.666666666666667,71,8,2
1.0,0.2667887166992298,0.4199398160590635,40.31234199975106,90.0,0.9534883720930233,1.0,4.0,3.0,3.0,1.0,2.0,1.0,0.6666666666666666,48.0,16.0,25.0,8.333333333333334,72,8,2
1.0,0.4409907914097724,0.24331644553163,50.44246551362818,90.0,0.9186046511627907,0.967741935483871,7.0,6.0,6.0,1.0,3.0,3.0,0.5,93.0,15.5,46.0,7.666666666666667,73,8,2
1.0,0.3497021229652622,0.21659316424160086,54.18987956201917,90.0,0.8953488372093024,0.9836065573770492,8.0,8.0,4.0,0.5,2.0,2.0,0.5,55.0,13.75,25.0,6.25,74,8,2
0.0,0.5733249088363598,0.6041404025871974,80.73930657894219,90.0,0.8488372093023255,1.0,9.0,8.0,4.0,0.5,2.0,2.0,0.5,60.0,15.0,26.0,6.5,75,8,2
1.0,0.34735794999496394,0.10987286805340789,51.136932250776944,90.0,0.9302325581395349,0.9696969696969697,2.0,2.0,2.0,1.0,2.0,0.0,1.0,44.0,22.0,26.0,13.0,76,8,2
1.0,0.25563357773635526,0.2446537679565689,36.69474752586913,90.0,0.9651162790697675,1.0,2.0,2.0,2.0,1.0,2.0,0.0,1.0,40.0,20.0,23.0,11.5,77,8,2
1.0,0.2527247632461875,0.1020001960116534,38.545902679091796,90.0,1.0,1.0,3.0,1.0,1.0,1.0,1.0,0.0,1.0,12.0,12.0,7.0,7.0,78,8,2
1.0,0.5788977980246066,0.48704841180878744,59.45578160920271,90.0,0.8953488372093024,1.0,10.0,9.0,6.0,0.6666666666666666,2.0,4.0,0.3333333333333333,79.0,13.166666666666666,41.0,6.833333333333333,79,8,2
1.0,0.637664593150479,0.19633455040810016,62.80440115840541,90.0,0.9302325581395349,0.9696969696969697,5.0,5.0,4.0,0.8,1.0,3.0,0.25,56.0,14.0,20.0,5.0,80,8,2
0.0,0.220803160041955,0.47113869115727897,42.78004993384712,90.0,0.9186046511627907,1.0,8.0,7.0,5.0,0.7142857142857143,1.0,4.0,0.2,38.0,7.6,20.0,4.0,81,8,2
1.0,0.22841278728848152,0.07893463230537469,47.82112386916667,90.0,0.9534883720930233,1.0,3.0,3.0,2.0,0.6666666666666666,1.0,1.0,0.5,39.0,19.5,24.0,12.0,82,8,2
1.0,0.41328068404425755,0.12213140186639762,55.01060342648366,90.0,0.8837209302325582,0.9491525423728814,9.0,9.0,6.0,0.6666666666666666,1.0,5.0,0.16666666666666666,41.0,6.833333333333333,20.0,3.3333333333333335,83,8,2
0.0,0.5833871677791727,0.9126561010804766,48.50200659026164,90.0,0.9186046511627907,0.9545454545454546,8.0,6.0,5.0,0.8333333333333334,3.0,2.0,0.6,72.0,14.4,39.0,7.8,84,8,2
0.0,0.3726678662155012,0.6658782296453746,55.553519177644375,90.0,0.9534883720930233,0.9864864864864865,7.0,6.0,3.0,0.5,1.0,2.0,0.3333333333333333,37.0,12.333333333333334,16.0,5.333333333333333,85,8,2
0.0,0.4790878560626036,0.5110809595970023,55.39737557244781,90.0,0.872093023255814,0.9482758620689655,5.0,5.0,4.0,0.8,3.0,1.0,0.75,65.0,16.25,38.0,9.5,86,8,2
0.0,0.732611510566853,0.8889055490542508,63.26473058184829,90.0,0.7674418604651163,0.95,11.0,10.0,7.0,0.7,4.0,3.0,0.5714285714285714,82.0,11.714285714285714,48.0,6.857142857142857,87,8,2
1.0,0.3318341035236714,0.34612496952540533,51.13487219722492,90.0,0.9534883720930233,0.9864864864864865,3.0,3.0,3.0,1.0,1.0,2.0,0.3333333333333333,36.0,12.0,17.0,5.666666666666667,88,8,2
0.0,0.449677189581347,0.6835508961440357,79.42118995661377,90.0,0.8604651162790697,0.9411764705882353,7.0,7.0,5.0,0.7142857142857143,1.0,4.0,0.2,69.0,13.8,45.0,9.0,89,8,2
0.0,0.5860370975361351,1.277618066592576,50.38277822946053,90.0,0.9302325581395349,1.0,7.0,6.0,5.0,0.8333333333333334,2.0,3.0,0.4,56.0,11.2,29.0,5.8,90,8,2
0.0,0.40474054960100414,0.5485532231694691,66.63592370673649,90.0,0.9302325581395349,0.9861111111111112,8.0,7.0,2.0,0.2857142857142857,1.0,1.0,0.5,44.0,22.0,26.0,13.0,91,8,2
1.0,0.5444289996415739,0.3279080260688945,48.050305942900984,90.0,0.9069767441860465,1.0,8.0,8.0,8.0,1.0,2.0,6.0,0.25,64.0,8.0,26.0,3.25,92,8,2
0.0,0.560315845384351,0.4380031658724867,41.35233190031261,90.0,0.8837209302325582,1.0,4.0,4.0,4.0,1.0,3.0,1.0,0.75,79.0,19.75,43.0,10.75,93,8,2
0.0,0.47325754921579616,0.5871863916663783,46.553104926178996,90.0,0.9069767441860465,0.9827586206896551,6.0,6.0,5.0,0.8333333333333334,3.0,2.0,0.6,61.0,12.2,28.0,5.6,94,8,2
1.0,0.3754346275067478,0.18195594888978062,72.67242109195662,90.0,0.9186046511627907,0.9696969696969697,5.0,5.0,4.0,0.8,1.0,3.0,0.25,37.0,9.25,11.0,2.75,95,8,2
1.0,0.4947438393475716,0.40280507051917097,65.59277832057478,90.0,0.9186046511627907,0.9803921568627451,10.0,9.0,5.0,0.5555555555555556,4.0,1.0,0.8,84.0,16.8,42.0,8.4,96,8,2
1.0,0.34700124064332083,0.4613906333778591,43.43744139191385,90.0,0.9186046511627907,1.0,7.0,7.0,4.0,0.5714285714285714,1.0,3.0,0.25,46.0,11.5,22.0,5.5,97,8,2
0.0,0.6905805819063524,1.1748459311476975,50.59895358513148,90.0,0.8604651162790697,1.0,11.0,10.0,7.0,0.7,2.0,5.0,0.2857142857142857,95.0,13.571428571428571,52.0,7.428571428571429,98,8,2
0.0,0.5304576839732568,0.8141496068945737,63.362786537120584,90.0,0.9186046511627907,0.9848484848484849,7.0,7.0,5.0,0.7142857142857143,2.0,3.0,0.4,81.0,16.2,41.0,8.2,99,8,2
1.0,0.27367255382584355,0.1269008096130425,46.60063907187236,90.0,0.9418604651162791,1.0,3.0,3.0,3.0,1.0,2.0,1.0,0.6666666666666666,28.0,9.333333333333334,16.0,5.333333333333333,100,8,2
1.0,0.15490402745261353,0.04985026653710851,61.49863338596627,90.0,0.9767441860465116,0.975609756097561,1.0,1.0,1.0,1.0,1.0,0.0,1.0,28.0,28.0,19.0,19.0,101,8,2
1.0,0.21810769008053946,0.06368622045347262,53.06878746175868,90.0,0.9767441860465116,1.0,2.0,2.0,2.0,1.0,2.0,0.0,1.0,44.0,22.0,32.0,16.0,102,8,2
1.0,0.6159019916562322,0.21888602338019958,75.99940606521066,90.0,0.8604651162790697,0.9655172413793104,8.0,8.0,7.0,0.875,2.0,5.0,0.2857142857142857,76.0,10.857142857142858,42.0,6.0,103,8,2
1.0,0.2255605119301495,0.22208607847975428,57.386900673653585,90.0,0.9302325581395349,0.9605263157894737,2.0,2.0,2.0,1.0,1.0,1.0,0.5,24.0,12.0,8.0,4.0,104,8,2
0.0,0.5664429552322758,0.5612739478303074,53.99270954426033,90.0,0.9069767441860465,0.9827586206896551,5.0,5.0,4.0,0.8,2.0,2.0,0.5,62.0,15.5,33.0,8.25,105,8,2
1.0,0.5709173769333016,0.16113917235441777,51.87504606050347,90.0,0.9883720930232558,1.0,5.0,5.0,4.0,0.8,1.0,3.0,0.25,44.0,11.0,17.0,4.25,106,8,2
0.0,0.3303242735980177,0.528437394093482,48.61103488072639,90.0,0.9069767441860465,0.9672131147540983,7.0,6.0,4.0,0.6666666666666666,2.0,2.0,0.5,34.0,8.5,17.0,4.25,107,8,2
1.0,0.34363731561954797,0.12312674622703691,52.095976360703936,90.0,0.9883720930232558,0.9878048780487805,6.0,5.0,5.0,1.0,4.0,1.0,0.8,80.0,16.0,42.0,8.4,108,8,2
0.0,0.5106746216626825,0.6085647668404585,43.62643717125354,90.0,0.9302325581395349,1.0,7.0,7.0,6.0,0.8571428571428571,2.0,4.0,0.3333333333333333,69.0,11.5,34.0,5.666666666666667,109,8,2
1.0,0.26707176630164337,0.15189736090643782,49.633668015124215,90.0,0.9767441860465116,1.0,5.0,4.0,2.0,0.5,2.0,0.0,1.0,42.0,21.0,26.0,13.0,110,8,2
1.0,0.24197850424934822,0.09578346999196374,44.55376978741257,90.0,0.9651162790697675,0.9864864864864865,2.0,2.0,1.0,0.5,0.0,1.0,0.0,17.0,17.0,8.0,8.0,111,8,2
0.0,0.2891903043685962,0.45525375624788916,45.41791281598841,90.0,0.9186046511627907,0.984375,3.0,2.0,2.0,1.0,2.0,0.0,1.0,40.0,20.0,22.0,11.0,112,8,2
1.0,0.2862689827734697,0.22383661334900562,53.36813300686133,90.0,0.8953488372093024,0.9827586206896551,7.0,7.0,6.0,0.8571428571428571,3.0,3.0,0.5,60.0,10.0,35.0,5.833333333333333,113,8,2
0.0,0.9323473684390439,2.2972153186789472,66.53164937715252,90.0,0.8837209302325582,1.0,8.0,8.0,5.0,0.625,1.0,4.0,0.2,66.0,13.2,32.0,6.4,114,8,2
0.0,0.5128173639347349,1.212260276651939,55.09812735240991,90.0,0.9767441860465116,0.9722222222222222,7.0,5.0,3.0,0.6,3.0,0.0,1.0,52.0,17.333333333333332,28.0,9.333333333333334,115,8,2
1.0,0.5453755468582979,0.2766446522648711,59.30808203415514,90.0,0.8023255813953488,0.972972972972973,6.0,6.0,5.0,0.8333333333333334,2.0,3.0,0.4,84.0,16.8,39.0,7.8,116,8,2
0.0,0.41966705505493646,0.5451152172070683,65.40506797190793,90.0,0.9186046511627907,0.9833333333333333,5.0,5.0,3.0,0.6,1.0,2.0,0.3333333333333333,46.0,15.333333333333334,19.0,6.333333333333333,117,8,2
0.0,0.39892698343582966,0.6507144325714986,36.96324020344169,90.0,0.9069767441860465,1.0,4.0,4.0,4.0,1.0,2.0,2.0,0.5,77.0,19.25,42.0,10.5,118,8,2
1.0,0.30877146584814275,0.13548103579037604,57.063844211646234,90.0,0.9302325581395349,0.9714285714285714,4.0,4.0,3.0,0.75,1.0,2.0,0.3333333333333333,49.0,16.333333333333332,25.0,8.333333333333334,119,8,2
0.0,0.4089278371991624,0.5640947745800886,62.27183298382004,90.0,0.8604651162790697,0.9642857142857143,9.0,9.0,4.0,0.4444444444444444,3.0,1.0,0.75,81.0,20.25,45.0,11.25,120,8,2
1.0,0.34926020555121945,0.3122941469413279,58.02199349021944,90.0,0.8488372093023255,0.9607843137254902,8.0,8.0,4.0,0.5,1.0,3.0,0.25,42.0,10.5,23.0,5.75,121,8,2
1.0,0.4492726717028486,0.4410252186217753,69.90324193050381,90.0,0.9651162790697675,0.9864864864864865,7.0,7.0,6.0,0.8571428571428571,2.0,4.0,0.3333333333333333,53.0,8.833333333333334,21.0,3.5,122,8,2
0.0,0.5160281970721395,0.6541819588401732,49.5258961505745,90.0,0.8488372093023255,1.0,8.0,8.0,5.0,0.625,1.0,4.0,0.2,56.0,11.2,27.0,5.4,123,8,2
0.0,0.5941203083590583,0.5313207393186704,49.594834949932846,90.0,0.8488372093023255,1.0,10.0,9.0,7.0,0.7777777777777778,4.0,3.0,0.5714285714285714,76.0,10.857142857142858,37.0,5.285714285714286,124,8,2
1.0,0.49008345342130877,0.33611784420034363,66.52945788743894,90.0,0.9418604651162791,1.0,11.0,11.0,7.0,0.6363636363636364,3.0,4.0,0.42857142857142855,106.0,15.142857142857142,67.0,9.571428571428571,125,8,2
1.0,0.5653334677417989,0.22048029798559926,38.96184481498761,90.0,0.9069767441860465,0.9827586206896551,7.0,6.0,4.0,0.6666666666666666,2.0,2.0,0.5,69.0,17.25,33.0,8.25,126,8,2
0.0,0.508238832983884,0.4946124337980423,48.19298675720662,90.0,0.9186046511627907,0.9841269841269841,5.0,4.0,3.0,0.75,1.0,2.0,0.3333333333333333,45.0,15.0,21.0,7.0,127,8,2
0.0,0.5877736362102676,0.7193086962655889,60.10941271985165,90.0,0.8255813953488372,0.9767441860465116,7.0,7.0,6.0,0.8571428571428571,4.0,2.0,0.6666666666666666,83.0,13.833333333333334,45.0,7.5,128,8,2
0.0,0.5721129577483662,0.46386770606868755,49.13280941162149,90.0,0.9651162790697675,1.0,5.0,4.0,4.0,1.0,3.0,1.0,0.75,64.0,16.0,32.0,8.0,129,8,2
1.0,0.32409297365772965,0.23432179585134333,60.692891658176094,90.0,0.8953488372093024,0.9655172413793104,10.0,9.0,4.0,0.4444444444444444,2.0,2.0,0.5,58.0,14.5,30.0,7.5,130,8,2
1.0,0.4619733475968478,0.42574719716882226,55.800965669638906,90.0,0.8604651162790697,0.9807692307692307,6.0,6.0,4.0,0.6666666666666666,2.0,2.0,0.5,74.0,18.5,38.0,9.5,131,8,2
1.0,0.3788177302458197,0.36765859769776627,58.59232862971858,90.0,0.9302325581395349,0.9594594594594594,7.0,6.0,4.0,0.6666666666666666,2.0,2.0,0.5,53.0,13.25,31.0,7.75,132,8,2
1.0,0.2906081573867287,0.15466461964408612,52.36831485055177,90.0,0.9069767441860465,0.9696969696969697,4.0,4.0,3.0,0.75,3.0,0.0,1.0,54.0,18.0,29.0,9.666666666666666,133,8,2
0.0,0.39334369771922145,0.7838235905250355,46.77836843837019,90.0,0.9302325581395349,1.0,4.0,4.0,3.0,0.75,2.0,1.0,0.6666666666666666,46.0,15.333333333333334,22.0,7.333333333333333,134,8,2
1.0,0.6193616844094343,0.41548740792744565,46.50573196721992,90.0,0.8604651162790697,0.9444444444444444,6.0,6.0,4.0,0.6666666666666666,1.0,3.0,0.25,29.0,7.25,10.0,2.5,135,8,2
1.0,0.43070604148080177,0.4481095202845358,44.7659093160911,90.0,0.9418604651162791,1.0,6.0,5.0,4.0,0.8,3.0,1.0,0.75,52.0,13.0,26.0,6.5,136,8,2
0.0,0.6622284868722305,0.8062181989219577,70.32800995916111,45.0,0.7209302325581395,1.0,12.0,12.0,6.0,0.5,2.0,4.0,0.3333333333333333,78.0,13.0,40.0,6.666666666666667,17,8,4
0.0,0.6259270692180461,0.500727862107447,66.60186351582266,45.0,0.9302325581395349,1.0,6.0,6.0,4.0,0.6666666666666666,2.0,2.0,0.5,64.0,16.0,35.0,8.75,18,8,4
1.0,0.4496282765651655,0.10898461239836964,41.403906852652966,45.0,0.9069767441860465,1.0,4.0,4.0,1.0,0.25,0.0,1.0,0.0,14.0,14.0,5.0,5.0,19,8,4
1.0,0.4635289644142228,0.15892701176334997,63.834621835549406,45.0,0.9534883720930233,0.9696969696969697,4.0,4.0,4.0,1.0,3.0,1.0,0.75,55.0,13.75,25.0,6.25,20,8,4
0.0,0.6594320443102213,0.5229928916588602,65.65791339277524,45.0,0.7441860465116279,1.0,13.0,11.0,6.0,0.5454545454545454,2.0,4.0,0.3333333333333333,82.0,13.666666666666666,46.0,7.666666666666667,21,8,4
1.0,0.24966651944167875,0.19836118783145665,47.615959293016836,45.0,0.9767441860465116,0.975609756097561,2.0,2.0,1.0,0.5,1.0,0.0,1.0,16.0,16.0,7.0,7.0,22,8,4
0.0,0.5506742752467504,0.5983677082108229,63.845832150334346,45.0,0.9069767441860465,0.9655172413793104,4.0,4.0,3.0,0.75,1.0,2.0,0.3333333333333333,41.0,13.666666666666666,19.0,6.333333333333333,23,8,4
1.0,0.2008655168024485,0.18310425080497766,56.09256978220238,45.0,1.0,1.0,3.0,3.0,1.0,0.3333333333333333,1.0,0.0,1.0,17.0,17.0,10.0,10.0,24,8,4
0.0,0.6150163921075134,1.119315574933786,60.617577179841895,45.0,0.8837209302325582,1.0,7.0,5.0,5.0,1.0,4.0,1.0,0.8,80.0,16.0,47.0,9.4,25,8,4
1.0,0.453015731965767,0.17065027921108403,47.77471330565033,45.0,0.9534883720930233,1.0,4.0,4.0,3.0,0.75,2.0,1.0,0.6666666666666666,50.0,16.666666666666668,28.0,9.333333333333334,26,8,4
0.0,0.5631657769672479,0.6449456086751073,61.14946007152808,45.0,0.7674418604651163,0.95,8.0,8.0,6.0,0.75,3.0,3.0,0.5,79.0,13.166666666666666,40.0,6.666666666666667,27,8,4
1.0,0.29452691767319045,0.1435064239120668,46.60336959686582,45.0,0.9534883720930233,1.0,3.0,3.0,0.0,0.0,0.0,0.0,0.0,0.0,nan,0.0,nan,28,8,4
0.0,0.4811905929673058,1.1576592367836427,58.27266240667894,45.0,0.8604651162790697,0.9393939393939394,3.0,3.0,1.0,0.3333333333333333,0.0,1.0,0.0,15.0,15.0,6.0,6.0,29,8,4
0.0,0.3530584533409409,0.5618885719547635,38.1174961509945,45.0,0.9767441860465116,1.0,4.0,4.0,3.0,0.75,2.0,1.0,0.6666666666666666,60.0,20.0,37.0,12.333333333333334,30,8,4
0.0,0.3658976434518507,0.7357885804895941,76.98957722342058,45.0,0.9534883720930233,0.9696969696969697,5.0,5.0,2.0,0.4,1.0,1.0,0.5,24.0,12.0,13.0,6.5,31,8,4
1.0,0.36050155004559586,0.1254795674448401,44.31336986694331,45.0,0.9302325581395349,0.9696969696969697,3.0,3.0,3.0,1.0,2.0,1.0,0.6666666666666666,41.0,13.666666666666666,21.0,7.0,32,8,4
0.0,0.773064536486782,0.7731284321384178,50.39339047592908,45.0,0.8604651162790697,1.0,8.0,7.0,5.0,0.7142857142857143,3.0,2.0,0.6,71.0,14.2,35.0,7.0,33,8,4
0.0,0.5436399810764713,0.5442677290605982,63.14219478375739,45.0,0.9069767441860465,1.0,10.0,9.0,6.0,0.6666666666666666,3.0,3.0,0.5,50.0,8.333333333333334,23.0,3.8333333333333335,34,8,4
1.0,0.15931912161457112,0.12794599110633298,39.93585091434044,45.0,0.9767441860465116,1.0,6.0,4.0,1.0,0.25,0.0,1.0,0.0,4.0,4.0,1.0,1.0,35,8,4
0.0,0.5911470031338879,0.7064864793968831,47.97226114550725,45.0,0.8837209302325582,1.0,6.0,6.0,4.0,0.6666666666666666,2.0,2.0,0.5,74.0,18.5,39.0,9.75,36,8,4
1.0,0.3228793155194158,0.20254088565286987,53.854592417130576,45.0,0.9069767441860465,0.9705882352941176,3.0,3.0,1.0,0.3333333333333333,0.0,1.0,0.0,14.0,14.0,5.0,5.0,37,8,4
0.0,1.0093830567826336,1.0544980131673027,58.023745750251976,45.0,0.8604651162790697,0.92,6.0,5.0,5.0,1.0,4.0,1.0,0.8,95.0,19.0,50.0,10.0,38,8,4
1.0,0.5147198285822133,0.4198273312182818,68.34577073703151,45.0,0.9302325581395349,0.9696969696969697,7.0,7.0,3.0,0.42857142857142855,0.0,3.0,0.0,34.0,11.333333333333334,9.0,3.0,39,8,4
1.0,0.22765190138852498,0.24504182696929241,49.04637424364126,45.0,0.9767441860465116,0.975609756097561,4.0,4.0,3.0,0.75,2.0,1.0,0.6666666666666666,24.0,8.0,17.0,5.666666666666667,40,8,4
0.0,0.3287973204584329,0.4589486673177144,46.734760684818326,45.0,0.9534883720930233,0.9512195121951219,1.0,1.0,1.0,1.0,0.0,1.0,0.0,23.0,23.0,14.0,14.0,41,8,4
1.0,0.31501362888227197,0.27381336075621193,46.711453811891495,45.0,0.9534883720930233,1.0,4.0,4.0,3.0,0.75,2.0,1.0,0.6666666666666666,41.0,13.666666666666666,25.0,8.333333333333334,42,8,4
0.0,0.5728220767218395,0.3867242819850954,86.81442454757727,45.0,0.9302325581395349,1.0,6.0,6.0,3.0,0.5,2.0,1.0,0.6666666666666666,34.0,11.333333333333334,17.0,5.666666666666667,43,8,4
1.0,0.28035790914631026,0.17758194252528914,44.02681831365292,45.0,0.9534883720930233,1.0,5.0,5.0,5.0,1.0,3.0,2.0,0.6,32.0,6.4,17.0,3.4,44,8,4
1.0,0.40875576494442445,0.24378227015532664,64.81412165150408,45.0,0.8837209302325582,0.9393939393939394,5.0,5.0,4.0,0.8,2.0,2.0,0.5,66.0,16.5,34.0,8.5,45,8,4
0.0,0.47397699069090415,0.5624342689184304,73.75428302995134,45.0,0.813953488372093,1.0,9.0,8.0,5.0,0.625,1.0,4.0,0.2,59.0,11.8,24.0,4.8,46,8,4
0.0,0.3300290742286495,0.4870886499630062,61.53103898497329,45.0,0.9069767441860465,0.9411764705882353,5.0,5.0,4.0,0.8,1.0,3.0,0.25,59.0,14.75,34.0,8.5,47,8,4
1.0,0.29255985462759404,0.21200843880052858,71.81679361146567,45.0,0.8604651162790697,0.9375,6.0,6.0,4.0,0.6666666666666666,2.0,2.0,0.5,35.0,8.75,15.0,3.75,48,8,4
0.0,0.6260569295085644,0.8340950784810379,44.296018913562456,45.0,0.8837209302325582,1.0,9.0,6.0,4.0,0.6666666666666666,2.0,2.0,0.5,52.0,13.0,21.0,5.25,49,8,4
1.0,0.5793721503179481,0.21942252954307576,71.53648413009718,45.0,0.9069767441860465,1.0,7.0,6.0,5.0,0.8333333333333334,4.0,1.0,0.8,85.0,17.0,51.0,10.2,50,8,4
0.0,0.8853624049063523,0.49669484901570765,69.06159516733221,45.0,0.9534883720930233,1.0,5.0,5.0,5.0,1.0,3.0,2.0,0.6,93.0,18.6,49.0,9.8,51,8,4
0.0,0.4481245968131808,0.8914295684279908,66.55820426883223,45.0,0.8372093023255814,0.9629629629629629,5.0,4.0,3.0,0.75,2.0,1.0,0.6666666666666666,57.0,19.0,30.0,10.0,52,8,4
0.0,0.45877172320923554,0.7646808407058092,69.23709226687838,45.0,0.9302325581395349,1.0,10.0,10.0,3.0,0.3,1.0,2.0,0.3333333333333333,40.0,13.333333333333334,20.0,6.666666666666667,53,8,4
1.0,0.38569606356665137,0.45629149820727755,38.54244264213855,45.0,0.9534883720930233,1.0,5.0,5.0,4.0,0.8,1.0,3.0,0.25,41.0,10.25,20.0,5.0,54,8,4
1.0,0.2686288269967812,0.2695840535174484,49.63073708387656,45.0,0.9534883720930233,0.9722222222222222,4.0,4.0,4.0,1.0,3.0,1.0,0.75,46.0,11.5,27.0,6.75,55,8,4
1.0,0.4512231469813069,0.15312365261609526,49.93831665906031,45.0,0.9302325581395349,1.0,6.0,5.0,4.0,0.8,3.0,1.0,0.75,73.0,18.25,42.0,10.5,56,8,4
0.0,0.397579608248055,0.7158922354462598,51.50800225555247,45.0,0.9069767441860465,0.9696969696969697,4.0,4.0,3.0,0.75,1.0,2.0,0.3333333333333333,43.0,14.333333333333334,19.0,6.333333333333333,57,8,4
0.0,0.491340235188322,0.4167037511869264,47.25873024957914,45.0,0.9069767441860465,1.0,5.0,5.0,3.0,0.6,2.0,1.0,0.6666666666666666,65.0,21.666666666666668,38.0,12.666666666666666,58,8,4
0.0,0.5415209726480319,0.5600351045385034,70.79328798675121,45.0,0.7209302325581395,0.9473684210526315,13.0,10.0,7.0,0.7,2.0,5.0,0.2857142857142857,99.0,14.142857142857142,53.0,7.571428571428571,59,8,4
1.0,0.3760004210050981,0.2731187643663435,41.840073529585844,45.0,0.9534883720930233,1.0,3.0,3.0,3.0,1.0,3.0,0.0,1.0,69.0,23.0,45.0,15.0,60,8,4
1.0,0.4283740511026838,0.40456724079745343,49.303386138436636,45.0,0.9069767441860465,1.0,8.0,8.0,4.0,0.5,1.0,3.0,0.25,76.0,19.0,43.0,10.75,61,8,4
0.0,0.5820285531447142,0.7422034026335882,57.41712493609579,45.0,0.9534883720930233,1.0,5.0,5.0,4.0,0.8,2.0,2.0,0.5,56.0,14.0,26.0,6.5,62,8,4
0.0,0.39507718874449366,0.5135678012179505,65.77063749403112,45.0,0.9069767441860465,0.967741935483871,3.0,3.0,3.0,1.0,2.0,1.0,0.6666666666666666,35.0,11.666666666666666,19.0,6.333333333333333,63,8,4
1.0,0.28233898362069554,0.3647132185266476,54.308440032439435,45.0,0.9534883720930233,1.0,4.0,4.0,3.0,0.75,2.0,1.0,0.6666666666666666,22.0,7.333333333333333,9.0,3.0,64,8,4
1.0,0.43779899472362627,0.22474437429743363,71.86779880664997,45.0,0.8372093023255814,0.9259259259259259,9.0,7.0,6.0,0.8571428571428571,4.0,2.0,0.6666666666666666,92.0,15.333333333333334,48.0,8.0,65,8,4
1.0,0.43587144502710373,0.42933962137397924,58.61842950527441,45.0,0.9534883720930233,1.0,9.0,9.0,5.0,0.5555555555555556,1.0,4.0,0.2,52.0,10.4,21.0,4.2,66,8,4
0.0,0.553620764615425,0.5009585404441572,70.65804138213109,45.0,0.8604651162790697,0.9583333333333334,6.0,6.0,4.0,0.6666666666666666,2.0,2.0,0.5,61.0,15.25,35.0,8.75,67,8,4
0.0,1.1841027524199041,1.5524588094553144,63.168755768162185,45.0,0.8837209302325582,1.0,8.0,7.0,5.0,0.7142857142857143,3.0,2.0,0.6,103.0,20.6,58.0,11.6,68,8,4
0.0,0.4300684947616648,0.717187989178125,76.89321543548468,45.0,0.8604651162790697,1.0,8.0,7.0,6.0,0.8571428571428571,3.0,3.0,0.5,49.0,8.166666666666666,24.0,4.0,69,8,4
0.0,0.45465055869486865,0.6167010201013458,59.89142196554078,45.0,0.9069767441860465,1.0,7.0,7.0,4.0,0.5714285714285714,1.0,3.0,0.25,53.0,13.25,26.0,6.5,70,8,4
1.0,0.3068888197338491,0.3853480208979764,70.6794433807634,45.0,0.9069767441860465,1.0,6.0,5.0,4.0,0.8,2.0,2.0,0.5,59.0,14.75,37.0,9.25,71,8,4
1.0,0.26678204591109406,0.3642130743870823,47.3851162057907,45.0,0.9767441860465116,1.0,4.0,3.0,2.0,0.6666666666666666,1.0,1.0,0.5,37.0,18.5,19.0,9.5,72,8,4
1.0,0.5090164988560174,0.37211990430570024,63.16991783709145,45.0,0.9069767441860465,0.9354838709677419,7.0,6.0,6.0,1.0,3.0,3.0,0.5,96.0,16.0,48.0,8.0,73,8,4
1.0,0.4279552600968256,0.26116644853538123,53.03306320954104,45.0,0.8604651162790697,0.9666666666666667,8.0,8.0,4.0,0.5,2.0,2.0,0.5,60.0,15.0,29.0,7.25,74,8,4
0.0,0.6942498321128533,0.631374937915796,64.60400971060757,45.0,0.8372093023255814,1.0,9.0,8.0,5.0,0.625,3.0,2.0,0.6,81.0,16.2,39.0,7.8,75,8,4
1.0,0.3893709778466262,0.11781039507914615,61.64226273902451,45.0,0.9069767441860465,0.9393939393939394,2.0,2.0,2.0,1.0,2.0,0.0,1.0,43.0,21.5,25.0,12.5,76,8,4
1.0,0.29370984778059206,0.22912075014520758,35.14202328792486,45.0,0.9534883720930233,1.0,2.0,2.0,2.0,1.0,2.0,0.0,1.0,39.0,19.5,22.0,11.0,77,8,4
1.0,0.28105059641238384,0.15006618439687844,33.2730883941638,45.0,1.0,1.0,3.0,1.0,1.0,1.0,1.0,0.0,1.0,12.0,12.0,7.0,7.0,78,8,4
0.0,0.6428445061839609,0.6012112942603046,51.28859980806925,45.0,0.8837209302325582,1.0,10.0,9.0,5.0,0.5555555555555556,2.0,3.0,0.4,78.0,15.6,41.0,8.2,79,8,4
1.0,0.7938773321812974,0.25166897794218696,68.10209880191577,45.0,0.9302325581395349,0.9393939393939394,5.0,5.0,4.0,0.8,1.0,3.0,0.25,56.0,14.0,20.0,5.0,80,8,4
0.0,0.24469985505453318,0.4812934884144956,37.88204872865486,45.0,0.9302325581395349,1.0,8.0,7.0,4.0,0.5714285714285714,1.0,3.0,0.25,33.0,8.25,18.0,4.5,81,8,4
1.0,0.28378813623708865,0.08995549810180066,47.287621810006314,45.0,0.9767441860465116,1.0,3.0,3.0,2.0,0.6666666666666666,1.0,1.0,0.5,38.0,19.0,22.0,11.0,82,8,4
1.0,0.4712582838301267,0.150336620980447,62.418067458563506,45.0,0.8604651162790697,0.9333333333333333,9.0,9.0,5.0,0.5555555555555556,1.0,4.0,0.2,40.0,8.0,17.0,3.4,83,8,4
0.0,0.688263644131025,1.1516935002576978,44.37294001624968,45.0,0.9534883720930233,0.9696969696969697,8.0,6.0,6.0,1.0,4.0,2.0,0.6666666666666666,87.0,14.5,47.0,7.833333333333333,84,8,4
0.0,0.40496242178398795,0.7830655352431515,61.84238351556913,45.0,0.9302325581395349,0.972972972972973,7.0,6.0,3.0,0.5,1.0,2.0,0.3333333333333333,38.0,12.666666666666666,15.0,5.0,85,8,4
0.0,0.5155475599392696,0.5150713520337138,58.86319323864279,45.0,0.9302325581395349,0.9655172413793104,5.0,5.0,4.0,0.8,3.0,1.0,0.75,67.0,16.75,39.0,9.75,86,8,4
0.0,0.842256674282246,1.0534392069860037,68.27168604922909,45.0,0.7906976744186046,0.9523809523809523,11.0,10.0,7.0,0.7,4.0,3.0,0.5714285714285714,86.0,12.285714285714286,52.0,7.428571428571429,87,8,4
1.0,0.3679118667496842,0.2819930435918961,53.606755287578515,45.0,0.9302325581395349,0.972972972972973,3.0,3.0,3.0,1.0,1.0,2.0,0.3333333333333333,38.0,12.666666666666666,20.0,6.666666666666667,88,8,4
0.0,0.5398978085509757,0.7789472339764368,65.98319788961228,45.0,0.8604651162790697,0.96,7.0,7.0,5.0,0.7142857142857143,1.0,4.0,0.2,71.0,14.2,44.0,8.8,89,8,4
0.0,0.726514257407569,1.6758387333632492,45.95961047403811,45.0,0.9534883720930233,1.0,7.0,6.0,5.0,0.8333333333333334,2.0,3.0,0.4,65.0,13.0,35.0,7.0,90,8,4
0.0,0.4466844542641384,0.5953040859848656,63.14132432548003,45.0,0.9534883720930233,1.0,8.0,7.0,3.0,0.42857142857142855,1.0,2.0,0.3333333333333333,51.0,17.0,29.0,9.666666666666666,91,8,4
0.0,0.6241561742404665,0.3700074022564644,51.041972088108025,45.0,0.9069767441860465,1.0,8.0,8.0,8.0,1.0,2.0,6.0,0.25,65.0,8.125,25.0,3.125,92,8,4
0.0,0.6423644267137135,0.5498951378480439,35.67015700896123,45.0,0.9069767441860465,1.0,4.0,4.0,4.0,1.0,3.0,1.0,0.75,79.0,19.75,43.0,10.75,93,8,4
0.0,0.5519451574739046,0.7051147623357167,43.08603482966206,45.0,0.9302325581395349,1.0,6.0,6.0,5.0,0.8333333333333334,3.0,2.0,0.6,64.0,12.8,30.0,6.0,94,8,4
1.0,0.42228369228987583,0.14402408976542955,64.65924700242213,45.0,0.9302325581395349,0.9696969696969697,5.0,5.0,5.0,1.0,2.0,3.0,0.4,39.0,7.8,13.0,2.6,95,8,4
1.0,0.5279505691202511,0.39607633400243436,71.27216001235684,45.0,0.9069767441860465,1.0,10.0,9.0,6.0,0.6666666666666666,4.0,2.0,0.6666666666666666,86.0,14.333333333333334,43.0,7.166666666666667,96,8,4
1.0,0.4105408986884177,0.5452973611083334,41.61508352536651,45.0,0.9302325581395349,1.0,7.0,7.0,4.0,0.5714285714285714,1.0,3.0,0.25,45.0,11.25,21.0,5.25,97,8,4
0.0,0.7797114621506418,1.3100520395070177,64.54954572589736,45.0,0.8837209302325582,1.0,11.0,10.0,7.0,0.7,2.0,5.0,0.2857142857142857,95.0,13.571428571428571,50.0,7.142857142857143,98,8,4
0.0,0.5923284782855188,0.93390423482625,55.222364929028764,45.0,0.9302325581395349,0.9696969696969697,7.0,7.0,5.0,0.7142857142857143,2.0,3.0,0.4,81.0,16.2,39.0,7.8,99,8,4
1.0,0.32440911908078585,0.12158710765584815,44.55348701204174,45.0,0.9534883720930233,1.0,3.0,3.0,3.0,1.0,2.0,1.0,0.6666666666666666,29.0,9.666666666666666,17.0,5.666666666666667,100,8,4
1.0,0.21240807294031272,0.0666857534087825,79.38179702147885,45.0,0.9767441860465116,0.975609756097561,1.0,1.0,1.0,1.0,1.0,0.0,1.0,30.0,30.0,21.0,21.0,101,8,4
1.0,0.25033909521575326,0.0720274337148652,58.165594680874776,45.0,1.0,1.0,2.0,2.0,1.0,0.5,1.0,0.0,1.0,21.0,21.0,13.0,13.0,102,8,4
1.0,0.795000914131844,0.34478051081458566,71.99577406064653,45.0,0.8372093023255814,0.9655172413793104,8.0,8.0,7.0,0.875,2.0,5.0,0.2857142857142857,79.0,11.285714285714286,44.0,6.285714285714286,103,8,4
1.0,0.25123322475500154,0.21382832140664665,54.42296307919571,45.0,0.9302325581395349,0.9473684210526315,2.0,2.0,2.0,1.0,1.0,1.0,0.5,27.0,13.5,10.0,5.0,104,8,4
0.0,0.6432529689368311,0.6958440163079248,58.64100154488781,45.0,0.9302325581395349,1.0,5.0,5.0,4.0,0.8,2.0,2.0,0.5,59.0,14.75,28.0,7.0,105,8,4
1.0,0.7268819465922971,0.2887576182507541,59.57975400042786,45.0,1.0,1.0,5.0,5.0,4.0,0.8,2.0,2.0,0.5,49.0,12.25,22.0,5.5,106,8,4
0.0,0.37292194564665315,0.5880953852816856,66.6886283349343,45.0,0.9302325581395349,0.9666666666666667,7.0,6.0,4.0,0.6666666666666666,2.0,2.0,0.5,34.0,8.5,16.0,4.0,107,8,4
1.0,0.41440173475792413,0.1650667288154506,44.499047420324736,45.0,1.0,1.0,6.0,5.0,5.0,1.0,4.0,1.0,0.8,81.0,16.2,44.0,8.8,108,8,4
0.0,0.5845451352383144,0.7098025297207472,47.6604367200869,45.0,0.9302325581395349,1.0,7.0,7.0,5.0,0.7142857142857143,2.0,3.0,0.4,64.0,12.8,28.0,5.6,109,8,4
1.0,0.3428364944100387,0.27892546306317173,38.36398942496484,45.0,0.9767441860465116,1.0,5.0,4.0,2.0,0.5,2.0,0.0,1.0,45.0,22.5,29.0,14.5,110,8,4
1.0,0.28794834408010106,0.12853523427317878,41.412038369580145,45.0,0.9534883720930233,0.972972972972973,2.0,2.0,1.0,0.5,0.0,1.0,0.0,17.0,17.0,8.0,8.0,111,8,4
0.0,0.3114589178032703,0.45830815371460415,43.33865932134861,45.0,0.9069767441860465,0.96875,3.0,2.0,2.0,1.0,2.0,0.0,1.0,42.0,21.0,24.0,12.0,112,8,4
1.0,0.3380892674733407,0.26190524255318154,54.399186602920224,45.0,0.9069767441860465,1.0,7.0,7.0,5.0,0.7142857142857143,2.0,3.0,0.4,64.0,12.8,42.0,8.4,113,8,4
0.0,0.9819099609187266,2.3500016512462425,79.69289283340207,45.0,0.8837209302325582,1.0,8.0,8.0,6.0,0.75,2.0,4.0,0.3333333333333333,69.0,11.5,33.0,5.5,114,8,4
0.0,0.6057458565961304,1.432987015944796,49.05112917847318,45.0,1.0,1.0,7.0,5.0,2.0,0.4,1.0,1.0,0.5,46.0,23.0,30.0,15.0,115,8,4
1.0,0.598042283605499,0.27681099588539865,68.14895690229517,45.0,0.813953488372093,0.9473684210526315,6.0,6.0,5.0,0.8333333333333334,2.0,3.0,0.4,83.0,16.6,38.0,7.6,116,8,4
0.0,0.5412378905566819,0.7063512093437757,65.30436006934467,45.0,0.9302325581395349,1.0,5.0,5.0,2.0,0.4,0.0,2.0,0.0,31.0,15.5,13.0,6.5,117,8,4
0.0,0.45626616724838337,0.7326700912419442,46.16290509627231,45.0,0.9302325581395349,1.0,4.0,4.0,4.0,1.0,2.0,2.0,0.5,81.0,20.25,45.0,11.25,118,8,4
1.0,0.359484782809702,0.15650994222918183,50.39021068290259,45.0,0.9069767441860465,0.9714285714285714,4.0,4.0,2.0,0.5,1.0,1.0,0.5,39.0,19.5,21.0,10.5,119,8,4
0.0,0.4566330951861237,0.6228383723587024,65.55870853301323,45.0,0.8372093023255814,0.9642857142857143,9.0,9.0,4.0,0.4444444444444444,2.0,2.0,0.5,82.0,20.5,49.0,12.25,120,8,4
1.0,0.3688533035727556,0.33218611688629074,71.87459654895605,45.0,0.8372093023255814,0.9615384615384616,8.0,8.0,5.0,0.625,2.0,3.0,0.4,44.0,8.8,24.0,4.8,121,8,4
0.0,0.5889030404727855,0.5375362708920278,77.56389217373147,45.0,0.9534883720930233,0.972972972972973,7.0,7.0,6.0,0.8571428571428571,2.0,4.0,0.3333333333333333,62.0,10.333333333333334,24.0,4.0,122,8,4
0.0,0.5681685041704639,0.6844417191356623,55.72419758448214,45.0,0.8372093023255814,1.0,8.0,8.0,5.0,0.625,2.0,3.0,0.4,54.0,10.8,28.0,5.6,123,8,4
0.0,0.7218651150454136,0.5972749679959239,47.87246905386715,45.0,0.8372093023255814,1.0,10.0,9.0,7.0,0.7777777777777778,3.0,4.0,0.42857142857142855,79.0,11.285714285714286,39.0,5.571428571428571,124,8,4
1.0,0.5753681551349701,0.35118346777301296,86.51094924757072,45.0,0.9767441860465116,1.0,11.0,11.0,7.0,0.6363636363636364,3.0,4.0,0.42857142857142855,105.0,15.0,67.0,9.571428571428571,125,8,4
1.0,0.656124801404236,0.3665361695140838,47.88249153738798,45.0,0.8837209302325582,1.0,7.0,6.0,4.0,0.6666666666666666,1.0,3.0,0.25,75.0,18.75,39.0,9.75,126,8,4
0.0,0.6263744508307304,0.6728624748705451,57.89723866862483,45.0,0.9069767441860465,0.96875,5.0,4.0,3.0,0.75,1.0,2.0,0.3333333333333333,47.0,15.666666666666666,23.0,7.666666666666667,127,8,4
0.0,0.7191872811213372,0.8913963537144285,78.07689095493586,45.0,0.813953488372093,1.0,7.0,7.0,7.0,1.0,5.0,2.0,0.7142857142857143,88.0,12.571428571428571,48.0,6.857142857142857,128,8,4
0.0,0.6621480596999011,0.5283084650676846,53.35419221741304,45.0,0.9534883720930233,1.0,5.0,4.0,4.0,1.0,2.0,2.0,0.5,68.0,17.0,36.0,9.0,129,8,4
1.0,0.37057291221061933,0.27229311104786963,68.14106382629038,45.0,0.8604651162790697,0.9310344827586207,10.0,9.0,5.0,0.5555555555555556,3.0,2.0,0.6,68.0,13.6,36.0,7.2,130,8,4
0.0,0.5333122132649899,0.46278384893096985,61.514392311698906,45.0,0.8604651162790697,1.0,6.0,6.0,4.0,0.6666666666666666,2.0,2.0,0.5,74.0,18.5,38.0,9.5,131,8,4
1.0,0.40069979344325507,0.3705528664048891,60.44881854594236,45.0,0.9069767441860465,0.9459459459459459,7.0,6.0,4.0,0.6666666666666666,2.0,2.0,0.5,56.0,14.0,33.0,8.25,132,8,4
1.0,0.31587957883725193,0.17967617190700608,55.97633759282347,45.0,0.8837209302325582,0.9393939393939394,4.0,4.0,2.0,0.5,2.0,0.0,1.0,43.0,21.5,28.0,14.0,133,8,4
0.0,0.447807429216335,0.7958393653290375,51.73184731303885,45.0,0.9302325581395349,1.0,4.0,4.0,3.0,0.75,2.0,1.0,0.6666666666666666,48.0,16.0,24.0,8.0,134,8,4
1.0,0.7556334527510524,0.5175176804758281,52.60030067135971,45.0,0.8372093023255814,0.9259259259259259,6.0,6.0,4.0,0.6666666666666666,1.0,3.0,0.25,29.0,7.25,10.0,2.5,135,8,4
0.0,0.48841185162184136,0.5165664148862354,58.17498939507326,45.0,0.9302325581395349,1.0,6.0,5.0,3.0,0.6,2.0,1.0,0.6666666666666666,50.0,16.666666666666668,26.0,8.666666666666666,136,8,4
0.0,0.7603125814693442,0.8492779271726734,53.23650887831163,23.0,0.7727272727272727,1.0,12.0,12.0,5.0,0.4166666666666667,2.0,3.0,0.4,61.0,12.2,31.0,6.2,17,8,8
0.0,0.783781737163131,1.0156724210624681,48.93546639502428,23.0,0.9090909090909091,1.0,6.0,6.0,3.0,0.5,2.0,1.0,0.6666666666666666,72.0,24.0,45.0,15.0,18,8,8
1.0,0.49393918466587916,0.18142777324303702,26.240438630472596,23.0,0.8636363636363636,1.0,4.0,4.0,1.0,0.25,0.0,1.0,0.0,14.0,14.0,5.0,5.0,19,8,8
1.0,0.8154794919679821,0.41772014376226374,27.025375496894444,23.0,0.9545454545454546,1.0,4.0,4.0,4.0,1.0,3.0,1.0,0.75,72.0,18.0,36.0,9.0,20,8,8
0.0,0.8320229977329758,0.9628073508538967,63.03172895903612,23.0,0.7727272727272727,1.0,13.0,11.0,7.0,0.6363636363636364,2.0,5.0,0.2857142857142857,78.0,11.142857142857142,34.0,4.857142857142857,21,8,8
1.0,0.33591033456081737,0.2149909019665252,30.251309363080807,23.0,1.0,1.0,2.0,2.0,1.0,0.5,1.0,0.0,1.0,6.0,6.0,5.0,5.0,22,8,8
0.0,0.8386254253600018,0.6244004479815325,48.64951833195555,23.0,0.9090909090909091,0.9333333333333333,4.0,4.0,3.0,0.75,1.0,2.0,0.3333333333333333,50.0,16.666666666666668,25.0,8.333333333333334,23,8,8
1.0,0.35946315000518564,0.46974970516517245,27.59339648888115,23.0,1.0,1.0,3.0,3.0,1.0,0.3333333333333333,1.0,0.0,1.0,25.0,25.0,16.0,16.0,24,8,8
0.0,0.8542594549938338,2.0751359453812754,30.861737382586195,23.0,0.8636363636363636,1.0,7.0,5.0,3.0,0.6,2.0,1.0,0.6666666666666666,64.0,21.333333333333332,37.0,12.333333333333334,25,8,8
1.0,0.5730135333940451,0.18147858161229932,41.41821318682903,23.0,0.9090909090909091,1.0,4.0,4.0,4.0,1.0,3.0,1.0,0.75,72.0,18.0,39.0,9.75,26,8,8
0.0,0.7603696523616653,0.9143615658842463,58.847894832812116,23.0,0.6818181818181818,1.0,8.0,8.0,4.0,0.5,2.0,2.0,0.5,60.0,15.0,33.0,8.25,27,8,8
1.0,0.38235802148856607,0.230654739529242,60.26739401809725,23.0,0.9545454545454546,1.0,3.0,3.0,1.0,0.3333333333333333,1.0,0.0,1.0,3.0,3.0,3.0,3.0,28,8,8
0.0,0.5638981011257519,1.1901963363125134,43.279620361942655,23.0,0.9090909090909091,1.0,3.0,3.0,1.0,0.3333333333333333,0.0,1.0,0.0,15.0,15.0,6.0,6.0,29,8,8
0.0,0.39237247859643526,0.7546296662576816,15.921347445517524,23.0,0.9545454545454546,1.0,4.0,4.0,2.0,0.5,1.0,1.0,0.5,34.0,17.0,17.0,8.5,30,8,8
0.0,0.7092802871238005,1.1600899269329494,35.38139706915758,23.0,1.0,1.0,5.0,5.0,3.0,0.6,2.0,1.0,0.6666666666666666,31.0,10.333333333333334,17.0,5.666666666666667,31,8,8
1.0,0.36640194314805336,0.12491581129098679,20.45073794946679,23.0,0.9545454545454546,1.0,3.0,3.0,2.0,0.6666666666666666,2.0,0.0,1.0,36.0,18.0,19.0,9.5,32,8,8
0.0,0.9441061189737585,0.922444718925795,38.00992969417449,23.0,0.8181818181818182,1.0,8.0,7.0,5.0,0.7142857142857143,2.0,3.0,0.4,85.0,17.0,45.0,9.0,33,8,8
0.0,0.6533621001704255,0.4713249693601198,43.02300713244153,23.0,0.9545454545454546,1.0,10.0,9.0,5.0,0.5555555555555556,3.0,2.0,0.6,52.0,10.4,31.0,6.2,34,8,8
1.0,0.3145475865599639,0.3014644654737276,29.52296607226652,23.0,0.9545454545454546,1.0,6.0,4.0,1.0,0.25,0.0,1.0,0.0,4.0,4.0,1.0,1.0,35,8,8
0.0,0.7075930269858279,0.9703361395566293,43.99577261610851,23.0,0.8636363636363636,1.0,6.0,6.0,4.0,0.6666666666666666,2.0,2.0,0.5,73.0,18.25,40.0,10.0,36,8,8
1.0,0.45994382949971496,0.16286366099474864,44.60364649161146,23.0,0.9545454545454546,1.0,3.0,3.0,1.0,0.3333333333333333,0.0,1.0,0.0,14.0,14.0,5.0,5.0,37,8,8
0.0,1.4452211571322984,1.3996313322893152,59.38954589196829,23.0,0.8636363636363636,0.8461538461538461,6.0,5.0,4.0,0.8,2.0,2.0,0.5,87.0,21.75,51.0,12.75,38,8,8
0.0,0.794022277406033,0.7597100916248621,50.9787273240506,23.0,0.9090909090909091,0.9411764705882353,7.0,7.0,4.0,0.5714285714285714,1.0,3.0,0.25,51.0,12.75,16.0,4.0,39,8,8
0.0,0.419593425892286,0.6179245638152379,47.27134340334684,23.0,1.0,1.0,4.0,4.0,3.0,0.75,2.0,1.0,0.6666666666666666,32.0,10.666666666666666,18.0,6.0,40,8,8
0.0,0.4240560499526056,0.5027393073307111,44.598246355546756,23.0,0.9545454545454546,0.9523809523809523,1.0,1.0,1.0,1.0,0.0,1.0,0.0,23.0,23.0,14.0,14.0,41,8,8
1.0,0.5605191298705056,0.22756974671977342,36.29046309986363,23.0,1.0,1.0,4.0,4.0,2.0,0.5,2.0,0.0,1.0,43.0,21.5,25.0,12.5,42,8,8
0.0,0.6386317761707557,0.7269630051337398,38.00094126558478,23.0,0.8636363636363636,1.0,6.0,6.0,4.0,0.6666666666666666,3.0,1.0,0.75,57.0,14.25,31.0,7.75,43,8,8
1.0,0.40942123554662513,0.34259199241660326,44.61001511160414,23.0,0.9545454545454546,1.0,5.0,5.0,4.0,0.8,2.0,2.0,0.5,28.0,7.0,13.0,3.25,44,8,8
1.0,0.6463795845372551,0.4468282159364984,60.98344503148974,23.0,0.8181818181818182,0.8823529411764706,5.0,5.0,4.0,0.8,2.0,2.0,0.5,67.0,16.75,37.0,9.25,45,8,8
0.0,0.6087997381226681,0.8051611146326969,54.044418010097985,23.0,0.8181818181818182,1.0,9.0,8.0,7.0,0.875,3.0,4.0,0.42857142857142855,87.0,12.428571428571429,43.0,6.142857142857143,46,8,8
0.0,0.5384151145184869,0.6141423180862448,61.16373582060096,23.0,0.9090909090909091,0.9411764705882353,5.0,5.0,4.0,0.8,2.0,2.0,0.5,56.0,14.0,29.0,7.25,47,8,8
1.0,0.4752533634532019,0.31130596826397805,89.68479991293482,23.0,0.8181818181818182,0.8823529411764706,6.0,6.0,5.0,0.8333333333333334,3.0,2.0,0.6,46.0,9.2,23.0,4.6,48,8,8
0.0,0.694421206986511,0.6461128986411963,31.819143904234576,23.0,0.9090909090909091,1.0,9.0,6.0,4.0,0.6666666666666666,2.0,2.0,0.5,59.0,14.75,29.0,7.25,49,8,8
0.0,0.5617939674941606,0.40655115388207475,54.41479823079571,23.0,0.9545454545454546,1.0,7.0,6.0,3.0,0.5,3.0,0.0,1.0,61.0,20.333333333333332,34.0,11.333333333333334,50,8,8
1.0,0.7597903831673436,0.5150332498324601,39.96134701436475,23.0,1.0,1.0,5.0,5.0,5.0,1.0,3.0,2.0,0.6,80.0,16.0,37.0,7.4,51,8,8
0.0,0.699193181363828,1.085059830952732,44.82785382068116,23.0,0.8636363636363636,1.0,5.0,4.0,4.0,1.0,3.0,1.0,0.75,90.0,22.5,54.0,13.5,52,8,8
0.0,0.6494864040568175,1.2165271554322352,64.90664959229764,23.0,0.9545454545454546,1.0,10.0,10.0,5.0,0.5,2.0,3.0,0.4,61.0,12.2,21.0,4.2,53,8,8
0.0,0.5198526935855131,0.627174318639867,50.61988825364735,23.0,0.9090909090909091,1.0,5.0,5.0,4.0,0.8,1.0,3.0,0.25,44.0,11.0,22.0,5.5,54,8,8
1.0,0.3140951894199332,0.2031838661587295,38.689763355617266,23.0,0.9545454545454546,0.9473684210526315,4.0,4.0,3.0,0.75,1.0,2.0,0.3333333333333333,41.0,13.666666666666666,27.0,9.0,55,8,8
1.0,0.6279084935954132,0.33245656036343446,37.60434268328546,23.0,0.9090909090909091,1.0,6.0,5.0,4.0,0.8,3.0,1.0,0.75,71.0,17.75,42.0,10.5,56,8,8
0.0,0.5779370078307337,0.9141428672998283,55.77264036323298,23.0,0.9090909090909091,0.9411764705882353,4.0,4.0,3.0,0.75,1.0,2.0,0.3333333333333333,42.0,14.0,19.0,6.333333333333333,57,8,8
0.0,0.7053366476324939,0.6813775555999017,37.50538191994524,23.0,0.9090909090909091,1.0,5.0,5.0,3.0,0.6,2.0,1.0,0.6666666666666666,65.0,21.666666666666668,38.0,12.666666666666666,58,8,8
0.0,0.6831426242819905,0.7354968947069739,60.463595478841334,23.0,0.7272727272727273,1.0,13.0,10.0,6.0,0.6,2.0,4.0,0.3333333333333333,95.0,15.833333333333334,52.0,8.666666666666666,59,8,8
1.0,0.5800417875908609,0.40035200852490554,47.99971535420401,23.0,0.9090909090909091,1.0,3.0,3.0,3.0,1.0,3.0,0.0,1.0,58.0,19.333333333333332,36.0,12.0,60,8,8
1.0,0.5565436229840481,0.3292131964961849,34.00163462435592,23.0,0.8636363636363636,1.0,8.0,8.0,5.0,0.625,1.0,4.0,0.2,75.0,15.0,44.0,8.8,61,8,8
0.0,0.8123727415105664,0.9461079824585942,43.24962154030032,23.0,0.9545454545454546,1.0,5.0,5.0,4.0,0.8,2.0,2.0,0.5,57.0,14.25,27.0,6.75,62,8,8
0.0,0.5768107639962957,0.6475850487733946,53.15736228520366,23.0,0.9545454545454546,1.0,3.0,3.0,3.0,1.0,2.0,1.0,0.6666666666666666,40.0,13.333333333333334,24.0,8.0,63,8,8
0.0,0.47173999362503805,0.6355459206457675,41.19592575867629,23.0,0.9090909090909091,1.0,4.0,4.0,2.0,0.5,1.0,1.0,0.5,15.0,7.5,7.0,3.5,64,8,8
1.0,0.5244047452096607,0.35618240111224475,74.6405775923509,23.0,0.8636363636363636,0.9230769230769231,9.0,7.0,5.0,0.7142857142857143,3.0,2.0,0.6,95.0,19.0,51.0,10.2,65,8,8
0.0,0.6073713953406011,0.6807270139731643,50.73632090052418,23.0,0.9545454545454546,1.0,9.0,9.0,7.0,0.7777777777777778,2.0,5.0,0.2857142857142857,64.0,9.142857142857142,25.0,3.5714285714285716,66,8,8
0.0,0.7129629356747131,0.6488250941314255,48.951103874131,23.0,0.9090909090909091,0.9166666666666666,6.0,6.0,5.0,0.8333333333333334,3.0,2.0,0.6,116.0,23.2,71.0,14.2,67,8,8
0.0,1.7585268796300295,2.5704627882115436,53.52783807529311,23.0,0.8181818181818182,1.0,8.0,7.0,5.0,0.7142857142857143,2.0,3.0,0.4,115.0,23.0,70.0,14.0,68,8,8
0.0,0.5026437020399201,0.6942848244375306,76.02738399829178,23.0,0.9090909090909091,1.0,8.0,7.0,6.0,0.8571428571428571,4.0,2.0,0.6666666666666666,46.0,7.666666666666667,23.0,3.8333333333333335,69,8,8
0.0,0.4502531075592754,0.5762214795477624,55.57101630915668,23.0,0.9090909090909091,1.0,7.0,7.0,4.0,0.5714285714285714,1.0,3.0,0.25,59.0,14.75,32.0,8.0,70,8,8
1.0,0.39069895487419354,0.43240256928989734,58.3055048343376,23.0,0.9545454545454546,1.0,6.0,5.0,3.0,0.6,1.0,2.0,0.3333333333333333,31.0,10.333333333333334,14.0,4.666666666666667,71,8,8
0.0,0.38774265982448414,0.6680657614918726,62.46500577654965,23.0,1.0,1.0,4.0,3.0,2.0,0.6666666666666666,1.0,1.0,0.5,37.0,18.5,19.0,9.5,72,8,8
1.0,0.6503609767077145,0.3519977284579154,41.14357146626405,23.0,0.9090909090909091,1.0,7.0,6.0,5.0,0.8333333333333334,2.0,3.0,0.4,85.0,17.0,44.0,8.8,73,8,8
1.0,0.6375949617433632,0.24014197496428785,42.28864630646886,23.0,0.7272727272727273,0.9333333333333333,8.0,8.0,5.0,0.625,2.0,3.0,0.4,78.0,15.6,46.0,9.2,74,8,8
0.0,0.8326609797748205,0.5001851668886468,60.10890101685868,23.0,0.8636363636363636,1.0,9.0,8.0,7.0,0.875,4.0,3.0,0.5714285714285714,93.0,13.285714285714286,50.0,7.142857142857143,75,8,8
1.0,0.6671774169417829,0.38001514745533566,54.14025004465138,23.0,0.8636363636363636,0.9411764705882353,2.0,2.0,2.0,1.0,2.0,0.0,1.0,54.0,27.0,36.0,18.0,76,8,8
1.0,0.4405954234541699,0.3360274013735937,31.202815596814524,23.0,0.9545454545454546,1.0,2.0,2.0,2.0,1.0,2.0,0.0,1.0,41.0,20.5,23.0,11.5,77,8,8
1.0,0.3369431668256997,0.1898382448522728,27.325339216741803,23.0,1.0,1.0,3.0,1.0,1.0,1.0,1.0,0.0,1.0,13.0,13.0,7.0,7.0,78,8,8
0.0,0.8920699843218579,1.032112576546991,49.88552491131201,23.0,0.8636363636363636,1.0,10.0,9.0,4.0,0.4444444444444444,2.0,2.0,0.5,74.0,18.5,38.0,9.5,79,8,8
1.0,1.02922685617797,0.2960854640465079,66.01017470850164,23.0,0.9545454545454546,0.9411764705882353,5.0,5.0,3.0,0.6,1.0,2.0,0.3333333333333333,35.0,11.666666666666666,14.0,4.666666666666667,80,8,8
0.0,0.4039341710128844,0.6396390365475786,29.86171535510607,23.0,0.8636363636363636,1.0,8.0,7.0,4.0,0.5714285714285714,2.0,2.0,0.5,38.0,9.5,20.0,5.0,81,8,8
1.0,0.41283539889005016,0.34917562835906685,46.86753542277166,23.0,0.9545454545454546,1.0,3.0,3.0,2.0,0.6666666666666666,2.0,0.0,1.0,43.0,21.5,26.0,13.0,82,8,8
1.0,0.6330383142108731,0.24102513056330999,52.22921931783843,23.0,0.8181818181818182,0.9375,9.0,9.0,5.0,0.5555555555555556,1.0,4.0,0.2,39.0,7.8,16.0,3.2,83,8,8
0.0,0.8741525099751808,1.5423728621786823,34.7942577201639,23.0,1.0,1.0,8.0,6.0,6.0,1.0,4.0,2.0,0.6666666666666666,95.0,15.833333333333334,53.0,8.833333333333334,84,8,8
0.0,0.5568159161881837,0.9829227293572731,41.417357755481945,23.0,0.9090909090909091,0.9473684210526315,7.0,6.0,5.0,0.8333333333333334,1.0,4.0,0.2,65.0,13.0,32.0,6.4,85,8,8
0.0,0.6372871255615496,0.6762981952558501,70.52045284339687,23.0,0.9090909090909091,0.9333333333333333,5.0,5.0,5.0,1.0,2.0,3.0,0.4,91.0,18.2,62.0,12.4,86,8,8
0.0,1.0581993669900267,1.3962754906535813,76.11431954965889,23.0,0.7272727272727273,0.9,11.0,10.0,6.0,0.6,2.0,4.0,0.3333333333333333,95.0,15.833333333333334,58.0,9.666666666666666,87,8,8
1.0,0.5290278216760905,0.3503121931892711,41.790095875245676,23.0,0.9090909090909091,0.9473684210526315,3.0,3.0,2.0,0.6666666666666666,1.0,1.0,0.5,38.0,19.0,20.0,10.0,88,8,8
0.0,0.7632937144699481,0.9138571159901769,78.85864818638284,23.0,0.8181818181818182,0.9230769230769231,7.0,7.0,4.0,0.5714285714285714,1.0,3.0,0.25,57.0,14.25,30.0,7.5,89,8,8
0.0,0.8244752727611135,1.6028200689849124,45.900590554238434,23.0,0.9090909090909091,1.0,7.0,6.0,5.0,0.8333333333333334,2.0,3.0,0.4,61.0,12.2,27.0,5.4,90,8,8
0.0,0.6566518801012166,0.8321893897595598,55.306006103618465,23.0,0.9090909090909091,1.0,8.0,7.0,3.0,0.42857142857142855,1.0,2.0,0.3333333333333333,51.0,17.0,28.0,9.333333333333334,91,8,8
0.0,0.9292116860211412,0.5194070806248267,45.157724487014534,23.0,0.8636363636363636,1.0,8.0,8.0,8.0,1.0,2.0,6.0,0.25,72.0,9.0,33.0,4.125,92,8,8
0.0,0.8688945221243848,0.8588156382787802,37.41460355891774,23.0,0.9545454545454546,1.0,4.0,4.0,4.0,1.0,4.0,0.0,1.0,83.0,20.75,48.0,12.0,93,8,8
0.0,0.6339181838058541,0.8179627869596334,44.81344660386985,23.0,1.0,1.0,6.0,6.0,6.0,1.0,4.0,2.0,0.6666666666666666,80.0,13.333333333333334,39.0,6.5,94,8,8
1.0,0.5355911131791533,0.3411735315146066,80.90859060156923,23.0,0.9545454545454546,0.9411764705882353,5.0,5.0,5.0,1.0,2.0,3.0,0.4,49.0,9.8,21.0,4.2,95,8,8
1.0,0.53549288014619,0.4218141892365949,45.60968344833258,23.0,0.9090909090909091,1.0,10.0,9.0,4.0,0.4444444444444444,2.0,2.0,0.5,52.0,13.0,22.0,5.5,96,8,8
1.0,0.4720385928679767,0.47989612350799277,28.042642435358545,23.0,0.9090909090909091,1.0,7.0,7.0,4.0,0.5714285714285714,1.0,3.0,0.25,48.0,12.0,24.0,6.0,97,8,8
0.0,1.238471885161937,1.6246250040383725,58.18756568942642,23.0,0.9090909090909091,1.0,11.0,10.0,6.0,0.6,1.0,5.0,0.16666666666666666,97.0,16.166666666666668,49.0,8.166666666666666,98,8,8
0.0,0.7002551766597633,1.2358081198103492,45.60693383255541,23.0,1.0,1.0,7.0,7.0,5.0,0.7142857142857143,2.0,3.0,0.4,79.0,15.8,38.0,7.6,99,8,8
1.0,0.5382154386252879,0.18833634830570314,51.52006343041423,23.0,0.9545454545454546,1.0,3.0,3.0,3.0,1.0,2.0,1.0,0.6666666666666666,33.0,11.0,21.0,7.0,100,8,8
1.0,0.3708249944262943,0.38969065994617597,66.48628692692436,23.0,0.9545454545454546,0.9523809523809523,1.0,1.0,1.0,1.0,1.0,0.0,1.0,9.0,9.0,6.0,6.0,101,8,8
1.0,0.4179285140022391,0.33229122789018517,40.8114973989876,23.0,1.0,1.0,2.0,2.0,2.0,1.0,2.0,0.0,1.0,41.0,20.5,23.0,11.5,102,8,8
0.0,1.0949003475241879,0.6334141431308455,58.28187392132234,23.0,0.8636363636363636,1.0,8.0,8.0,6.0,0.75,3.0,3.0,0.5,82.0,13.666666666666666,48.0,8.0,103,8,8
1.0,0.38064297291387766,0.33411444011686525,35.966720832148226,23.0,0.9545454545454546,0.9473684210526315,2.0,2.0,2.0,1.0,1.0,1.0,0.5,15.0,7.5,6.0,3.0,104,8,8
0.0,0.7132561592860998,0.7553593979979145,36.27619508077524,23.0,0.9545454545454546,1.0,5.0,5.0,4.0,0.8,2.0,2.0,0.5,62.0,15.5,32.0,8.0,105,8,8
1.0,0.899895418852395,0.30227291930531414,43.091800355454424,23.0,1.0,1.0,5.0,5.0,3.0,0.6,1.0,2.0,0.3333333333333333,33.0,11.0,13.0,4.333333333333333,106,8,8
0.0,0.5966125704960751,0.8408503489614348,66.26659583209674,23.0,0.9090909090909091,0.9333333333333333,7.0,6.0,4.0,0.6666666666666666,1.0,3.0,0.25,35.0,8.75,15.0,3.75,107,8,8
1.0,0.7405422550116477,0.35237558549447995,29.5483964283997,23.0,1.0,1.0,6.0,5.0,5.0,1.0,4.0,1.0,0.8,83.0,16.6,44.0,8.8,108,8,8
0.0,0.8428284618397683,1.1144352051079662,31.95798405699347,23.0,0.9545454545454546,1.0,7.0,7.0,5.0,0.7142857142857143,2.0,3.0,0.4,73.0,14.6,37.0,7.4,109,8,8
1.0,0.47513307417634815,0.3330506076995741,22.369624275753154,23.0,0.9545454545454546,1.0,5.0,4.0,2.0,0.5,2.0,0.0,1.0,40.0,20.0,25.0,12.5,110,8,8
1.0,0.5340847588971086,0.21252902962033562,36.76172192496797,23.0,0.9090909090909091,0.9473684210526315,2.0,2.0,1.0,0.5,0.0,1.0,0.0,17.0,17.0,8.0,8.0,111,8,8
0.0,0.38741587756064705,0.5402827684863517,37.080216666119036,23.0,0.9545454545454546,1.0,3.0,2.0,2.0,1.0,2.0,0.0,1.0,43.0,21.5,25.0,12.5,112,8,8
1.0,0.378186332311502,0.16555248965302882,36.29920908600928,23.0,0.9090909090909091,1.0,7.0,7.0,3.0,0.42857142857142855,1.0,2.0,0.3333333333333333,43.0,14.333333333333334,28.0,9.333333333333334,113,8,8
0.0,1.288150046844868,3.0362819281825955,56.2514707584423,23.0,0.9090909090909091,1.0,8.0,8.0,7.0,0.875,2.0,5.0,0.2857142857142857,79.0,11.285714285714286,38.0,5.428571428571429,114,8,8
0.0,0.8786096373419585,2.024281458817574,41.144031959716216,23.0,1.0,1.0,7.0,5.0,2.0,0.4,0.0,2.0,0.0,48.0,24.0,30.0,15.0,115,8,8
1.0,0.6843590799044542,0.21830696764525628,46.74034476861834,23.0,0.9090909090909091,0.9,6.0,6.0,4.0,0.6666666666666666,1.0,3.0,0.25,70.0,17.5,34.0,8.5,116,8,8
0.0,0.6556297468895111,1.0450247817228493,68.9700872884003,23.0,0.9090909090909091,1.0,5.0,5.0,2.0,0.4,0.0,2.0,0.0,31.0,15.5,13.0,6.5,117,8,8
0.0,0.5111778826790978,0.8782160574816749,35.027955497117055,23.0,0.9090909090909091,1.0,4.0,4.0,3.0,0.75,2.0,1.0,0.6666666666666666,68.0,22.666666666666668,41.0,13.666666666666666,118,8,8
1.0,0.5380091278877707,0.4181970734139938,44.06742752952612,23.0,0.8636363636363636,0.9444444444444444,4.0,4.0,3.0,0.75,1.0,2.0,0.3333333333333333,50.0,16.666666666666668,26.0,8.666666666666666,119,8,8
0.0,0.5850694170005668,0.6800379646203056,68.66456754642948,23.0,0.8181818181818182,0.9285714285714286,9.0,9.0,4.0,0.4444444444444444,3.0,1.0,0.75,85.0,21.25,52.0,13.0,120,8,8
1.0,0.48332066015126013,0.412646236050699,41.50926155382192,23.0,0.9090909090909091,1.0,8.0,8.0,6.0,0.75,3.0,3.0,0.5,88.0,14.666666666666666,49.0,8.166666666666666,121,8,8
0.0,0.7531786793537292,0.6231867933720486,79.50103873936885,23.0,0.9545454545454546,0.9473684210526315,7.0,7.0,7.0,1.0,2.0,5.0,0.2857142857142857,69.0,9.857142857142858,28.0,4.0,122,8,8
0.0,0.8099025380238023,0.7942601818350189,63.61403486140493,23.0,0.8181818181818182,1.0,8.0,8.0,6.0,0.75,3.0,3.0,0.5,88.0,14.666666666666666,46.0,7.666666666666667,123,8,8
0.0,1.1062969150030637,0.850503606317387,52.75755308275072,23.0,0.8636363636363636,1.0,10.0,9.0,8.0,0.8888888888888888,4.0,4.0,0.5,85.0,10.625,40.0,5.0,124,8,8
0.0,0.7478815030712374,0.7932628969303912,67.97236833393553,23.0,1.0,1.0,11.0,11.0,6.0,0.5454545454545454,3.0,3.0,0.5,88.0,14.666666666666666,50.0,8.333333333333334,125,8,8
0.0,1.1305458700962903,1.1338404708312533,55.03300023597589,23.0,0.8636363636363636,1.0,7.0,6.0,3.0,0.5,0.0,3.0,0.0,55.0,18.333333333333332,28.0,9.333333333333334,126,8,8
0.0,0.8891568191897237,0.7620207543916059,41.32233855949773,23.0,0.9090909090909091,1.0,5.0,4.0,3.0,0.75,1.0,2.0,0.3333333333333333,46.0,15.333333333333334,22.0,7.333333333333333,127,8,8
0.0,0.8851824328993849,0.849410324581682,57.11241885357594,23.0,0.8181818181818182,1.0,7.0,7.0,5.0,0.7142857142857143,2.0,3.0,0.4,70.0,14.0,38.0,7.6,128,8,8
0.0,0.9635956616155557,0.6045511047314605,42.64114099567039,23.0,0.9545454545454546,1.0,5.0,4.0,3.0,0.75,1.0,2.0,0.3333333333333333,50.0,16.666666666666668,25.0,8.333333333333334,129,8,8
0.0,0.7333795313123352,0.5030521873345807,48.65591516427025,23.0,0.8181818181818182,0.9285714285714286,10.0,9.0,6.0,0.6666666666666666,3.0,3.0,0.5,78.0,13.0,42.0,7.0,130,8,8
0.0,0.7637463210677999,0.7832799531230032,44.95644395846515,23.0,0.8181818181818182,1.0,6.0,6.0,4.0,0.6666666666666666,3.0,1.0,0.75,63.0,15.75,36.0,9.0,131,8,8
1.0,0.5181824868435974,0.372871484510812,55.0059203219597,23.0,0.9090909090909091,0.9473684210526315,7.0,6.0,4.0,0.6666666666666666,3.0,1.0,0.75,51.0,12.75,25.0,6.25,132,8,8
1.0,0.43519871623414313,0.1267913260517533,40.395601039854064,23.0,0.8636363636363636,0.9411764705882353,4.0,4.0,2.0,0.5,1.0,1.0,0.5,49.0,24.5,31.0,15.5,133,8,8
0.0,0.5123522395225166,0.7944411204088226,46.82868981387424,23.0,0.9090909090909091,1.0,4.0,4.0,4.0,1.0,3.0,1.0,0.75,55.0,13.75,30.0,7.5,134,8,8
1.0,0.9958133433966239,0.46702304617741447,46.30766077610922,23.0,0.8636363636363636,0.9285714285714286,6.0,6.0,5.0,0.8333333333333334,2.0,3.0,0.4,30.0,6.0,11.0,2.2,135,8,8
0.0,0.6361418145930228,0.7708437404658898,43.036362925147834,23.0,0.9545454545454546,1.0,6.0,5.0,4.0,0.8,2.0,2.0,0.5,51.0,12.75,28.0,7.0,136,8,8
0.0,0.9295097177833547,0.9611396494767054,43.79109410352764,12.0,0.5454545454545454,1.0,12.0,12.0,6.0,0.5,2.0,4.0,0.3333333333333333,79.0,13.166666666666666,50.0,8.333333333333334,17,8,16
0.0,0.6498518367371088,0.8474174605993016,45.45470970991584,12.0,1.0,1.0,6.0,6.0,2.0,0.3333333333333333,2.0,0.0,1.0,36.0,18.0,20.0,10.0,18,8,16
0.0,0.7466261847254494,0.4951241812076214,39.20575941269115,12.0,0.9090909090909091,1.0,4.0,4.0,3.0,0.75,1.0,2.0,0.3333333333333333,24.0,8.0,10.0,3.3333333333333335,19,8,16
0.0,1.221023035949333,0.6207535874535589,34.89414863297573,12.0,1.0,1.0,4.0,4.0,3.0,0.75,2.0,1.0,0.6666666666666666,78.0,26.0,51.0,17.0,20,8,16
0.0,0.9967550479464046,0.9831413413719309,89.59511681860631,12.0,0.9090909090909091,1.0,13.0,11.0,9.0,0.8181818181818182,4.0,5.0,0.4444444444444444,91.0,10.11111111111111,48.0,5.333333333333333,21,8,16
0.0,0.6162176081947357,0.5290730739411755,19.781588023177132,12.0,1.0,1.0,2.0,2.0,1.0,0.5,1.0,0.0,1.0,17.0,17.0,9.0,9.0,22,8,16
0.0,1.77007105423897,0.8883644649654784,40.04935980851994,12.0,0.9090909090909091,1.0,4.0,4.0,3.0,0.75,2.0,1.0,0.6666666666666666,61.0,20.333333333333332,43.0,14.333333333333334,23,8,16
0.0,0.6055927689811142,0.7031216364768085,27.905684056589713,12.0,1.0,1.0,3.0,3.0,2.0,0.6666666666666666,2.0,0.0,1.0,29.0,14.5,20.0,10.0,24,8,16
0.0,0.98528319292123,1.9801812203224984,26.171266643024115,12.0,0.9090909090909091,1.0,7.0,5.0,2.0,0.4,1.0,1.0,0.5,45.0,22.5,27.0,13.5,25,8,16
1.0,1.1358167459157957,0.4749477551189298,29.7463120353545,12.0,0.8181818181818182,1.0,4.0,4.0,4.0,1.0,3.0,1.0,0.75,79.0,19.75,47.0,11.75,26,8,16
0.0,0.8900067264908216,0.9364003914629531,26.892434001110654,12.0,0.7272727272727273,1.0,8.0,8.0,6.0,0.75,2.0,4.0,0.3333333333333333,87.0,14.5,49.0,8.166666666666666,27,8,16
1.0,0.779710306470167,0.4415132244540029,41.10303043146867,12.0,1.0,1.0,3.0,3.0,3.0,1.0,2.0,1.0,0.6666666666666666,13.0,4.333333333333333,7.0,2.3333333333333335,28,8,16
0.0,0.990707206499415,1.930385044499837,44.695625205098594,12.0,1.0,1.0,3.0,3.0,2.0,0.6666666666666666,1.0,1.0,0.5,17.0,8.5,8.0,4.0,29,8,16
0.0,0.6815814545066953,1.5373853436507685,19.36719927106567,12.0,0.9090909090909091,1.0,4.0,4.0,2.0,0.5,1.0,1.0,0.5,44.0,22.0,27.0,13.5,30,8,16
0.0,1.3926268491101192,2.7218493582152297,40.543495169935944,12.0,1.0,1.0,5.0,5.0,3.0,0.6,1.0,2.0,0.3333333333333333,58.0,19.333333333333332,36.0,12.0,31,8,16
1.0,0.5471919572548054,0.23555061894930585,23.981475619382092,12.0,1.0,1.0,3.0,3.0,2.0,0.6666666666666666,1.0,1.0,0.5,28.0,14.0,12.0,6.0,32,8,16
0.0,1.6315539286535676,1.9328587799080796,43.242478163867496,12.0,0.7272727272727273,1.0,8.0,7.0,4.0,0.5714285714285714,1.0,3.0,0.25,63.0,15.75,32.0,8.0,33,8,16
0.0,0.8261158909141434,0.7186254769973286,37.87002186992678,12.0,1.0,1.0,10.0,9.0,4.0,0.4444444444444444,2.0,2.0,0.5,75.0,18.75,54.0,13.5,34,8,16
1.0,0.5577037761041365,0.4333732944056389,31.794380103178575,12.0,0.9090909090909091,1.0,6.0,4.0,3.0,0.75,2.0,1.0,0.6666666666666666,13.0,4.333333333333333,8.0,2.6666666666666665,35,8,16
0.0,0.9282577118968656,1.0411050204903411,32.43002427727644,12.0,0.7272727272727273,1.0,6.0,6.0,4.0,0.6666666666666666,2.0,2.0,0.5,110.0,27.5,74.0,18.5,36,8,16
0.0,0.79169845631892,0.7877573459639927,44.549315560471946,12.0,1.0,1.0,3.0,3.0,0.0,0.0,0.0,0.0,0.0,0.0,nan,0.0,nan,37,8,16
0.0,2.38312263966343,2.024045020937998,61.2540907790572,12.0,0.9090909090909091,0.8571428571428571,6.0,5.0,2.0,0.4,0.0,2.0,0.0,45.0,22.5,27.0,13.5,38,8,16
0.0,0.8743201604007181,0.5297967853965495,40.37943433232353,12.0,0.9090909090909091,1.0,7.0,7.0,5.0,0.7142857142857143,1.0,4.0,0.2,74.0,14.8,31.0,6.2,39,8,16
0.0,0.7992734006901449,0.8007808558327197,43.023037986793305,12.0,1.0,1.0,4.0,4.0,2.0,0.5,2.0,0.0,1.0,49.0,24.5,31.0,15.5,40,8,16
0.0,0.8406412393040076,0.8832710195622256,38.01311879652768,12.0,0.9090909090909091,0.9090909090909091,1.0,1.0,1.0,1.0,0.0,1.0,0.0,23.0,23.0,14.0,14.0,41,8,16
0.0,1.30040287132958,0.5690619876821381,29.614617968964918,12.0,1.0,1.0,4.0,4.0,1.0,0.25,1.0,0.0,1.0,44.0,44.0,35.0,35.0,42,8,16
0.0,0.7743580531170451,0.7052819733999123,32.34483496678007,12.0,0.9090909090909091,1.0,6.0,6.0,3.0,0.5,1.0,2.0,0.3333333333333333,62.0,20.666666666666668,41.0,13.666666666666666,43,8,16
0.0,0.49330647617418955,0.5232927986182079,14.604524532078736,12.0,1.0,1.0,5.0,5.0,3.0,0.6,2.0,1.0,0.6666666666666666,39.0,13.0,25.0,8.333333333333334,44,8,16
0.0,1.1707910745201164,1.2214269174828973,53.909618634880616,12.0,0.8181818181818182,1.0,5.0,5.0,3.0,0.6,3.0,0.0,1.0,89.0,29.666666666666668,62.0,20.666666666666668,45,8,16
0.0,0.853337181581091,1.3074236570688218,51.91596634272231,12.0,0.8181818181818182,1.0,9.0,8.0,6.0,0.75,4.0,2.0,0.6666666666666666,49.0,8.166666666666666,29.0,4.833333333333333,46,8,16
1.0,0.6807769327101446,0.555628173519099,37.0256514846024,12.0,1.0,1.0,5.0,5.0,3.0,0.6,1.0,2.0,0.3333333333333333,34.0,11.333333333333334,16.0,5.333333333333333,47,8,16
0.0,0.8745386732334577,1.405994832833725,27.29682385211755,12.0,0.7272727272727273,0.7777777777777778,6.0,6.0,2.0,0.3333333333333333,0.0,2.0,0.0,21.0,10.5,4.0,2.0,48,8,16
0.0,1.130587063547249,0.9897946879757984,36.34222639587128,12.0,0.9090909090909091,1.0,9.0,6.0,4.0,0.6666666666666666,1.0,3.0,0.25,67.0,16.75,41.0,10.25,49,8,16
0.0,1.0887372746825315,1.0461756146710983,46.2919705186398,12.0,0.9090909090909091,1.0,7.0,6.0,2.0,0.3333333333333333,0.0,2.0,0.0,36.0,18.0,26.0,13.0,50,8,16
0.0,1.085495880620576,0.9399715500603413,32.43349411073557,12.0,1.0,1.0,5.0,5.0,4.0,0.8,2.0,2.0,0.5,76.0,19.0,41.0,10.25,51,8,16
0.0,0.976920353809804,1.4105472778896355,28.969302749711645,12.0,1.0,1.0,5.0,4.0,3.0,0.75,2.0,1.0,0.6666666666666666,97.0,32.333333333333336,70.0,23.333333333333332,52,8,16
0.0,1.1725868129056156,2.3966881669366953,44.923015492863804,12.0,1.0,1.0,10.0,10.0,6.0,0.6,3.0,3.0,0.5,66.0,11.0,38.0,6.333333333333333,53,8,16
0.0,0.7154623890251058,0.8683258519060735,41.917432212259776,12.0,1.0,1.0,5.0,5.0,4.0,0.8,3.0,1.0,0.75,59.0,14.75,29.0,7.25,54,8,16
0.0,0.5098127254669167,0.5198559961734074,19.82977863673323,12.0,1.0,1.0,4.0,4.0,2.0,0.5,1.0,1.0,0.5,12.0,6.0,8.0,4.0,55,8,16
0.0,1.2671376372114667,0.9743224709053387,47.80232152984283,12.0,0.8181818181818182,1.0,6.0,5.0,3.0,0.6,1.0,2.0,0.3333333333333333,57.0,19.0,34.0,11.333333333333334,56,8,16
0.0,0.8258761328964024,1.8620530915391873,25.48975174298186,12.0,0.9090909090909091,1.0,4.0,4.0,4.0,1.0,2.0,2.0,0.5,25.0,6.25,10.0,2.5,57,8,16
0.0,1.2940762467190927,1.2418272614051635,34.84834202983989,12.0,1.0,1.0,5.0,5.0,4.0,0.8,2.0,2.0,0.5,85.0,21.25,58.0,14.5,58,8,16
0.0,1.142868385343939,0.8998879991961036,36.979960441371986,12.0,0.7272727272727273,1.0,13.0,10.0,5.0,0.5,1.0,4.0,0.2,83.0,16.6,47.0,9.4,59,8,16
0.0,1.1176619888045625,0.6063813862716008,35.481011309259316,12.0,1.0,1.0,3.0,3.0,2.0,0.6666666666666666,2.0,0.0,1.0,42.0,21.0,26.0,13.0,60,8,16
1.0,0.8737335537828942,0.42208453249491323,29.844546668348848,12.0,0.8181818181818182,1.0,8.0,8.0,3.0,0.375,0.0,3.0,0.0,39.0,13.0,18.0,6.0,61,8,16
0.0,1.2581399420269876,1.5982801094503316,64.65273006352261,12.0,0.9090909090909091,1.0,5.0,5.0,3.0,0.6,2.0,1.0,0.6666666666666666,43.0,14.333333333333334,25.0,8.333333333333334,62,8,16
0.0,0.9884627649260431,1.128845414561655,44.30953777526909,12.0,0.9090909090909091,1.0,3.0,3.0,2.0,0.6666666666666666,2.0,0.0,1.0,36.0,18.0,27.0,13.5,63,8,16
0.0,0.5486391764763574,0.4736256507693991,37.72467468637131,12.0,0.9090909090909091,1.0,4.0,4.0,3.0,0.75,3.0,0.0,1.0,42.0,14.0,24.0,8.0,64,8,16
0.0,0.6756582751569155,0.6660266061768161,29.25162575103523,12.0,0.8181818181818182,0.8571428571428571,9.0,7.0,4.0,0.5714285714285714,3.0,1.0,0.75,83.0,20.75,57.0,14.25,65,8,16
0.0,0.8196332745644841,0.6799885229249346,58.74863783416745,12.0,1.0,1.0,9.0,9.0,5.0,0.5555555555555556,3.0,2.0,0.6,52.0,10.4,22.0,4.4,66,8,16
0.0,1.2009624173836035,1.4653922945599431,39.05728036094833,12.0,0.8181818181818182,0.8571428571428571,6.0,6.0,3.0,0.5,2.0,1.0,0.6666666666666666,58.0,19.333333333333332,40.0,13.333333333333334,67,8,16
0.0,2.8985598913689588,3.31304320132487,52.701340974976695,12.0,0.6363636363636364,1.0,8.0,7.0,5.0,0.7142857142857143,3.0,2.0,0.6,57.0,11.4,36.0,7.2,68,8,16
0.0,0.9650002479843408,0.9305426774652662,29.714905090970518,12.0,0.9090909090909091,1.0,8.0,7.0,6.0,0.8571428571428571,3.0,3.0,0.5,105.0,17.5,76.0,12.666666666666666,69,8,16
0.0,0.5503220486684515,0.6283483095917884,19.151042743557177,12.0,0.9090909090909091,1.0,7.0,7.0,3.0,0.42857142857142855,2.0,1.0,0.6666666666666666,59.0,19.666666666666668,34.0,11.333333333333334,70,8,16
0.0,0.742691629094719,0.7252428765971588,33.06378365005703,12.0,0.9090909090909091,1.0,6.0,5.0,4.0,0.8,2.0,2.0,0.5,89.0,22.25,59.0,14.75,71,8,16
0.0,0.8348000370001074,0.9523127213887823,37.58668329713067,12.0,1.0,1.0,4.0,3.0,2.0,0.6666666666666666,1.0,1.0,0.5,46.0,23.0,28.0,14.0,72,8,16
1.0,0.7370712859956206,0.4590054181599928,28.415884948541642,12.0,0.9090909090909091,1.0,7.0,6.0,4.0,0.6666666666666666,1.0,3.0,0.25,58.0,14.5,24.0,6.0,73,8,16
0.0,1.0041757081559846,0.8329099240855508,32.745637635807086,12.0,0.7272727272727273,0.8571428571428571,8.0,8.0,5.0,0.625,2.0,3.0,0.4,79.0,15.8,42.0,8.4,74,8,16
0.0,1.0023625920585204,1.0809036676102282,45.94129916571654,12.0,0.9090909090909091,1.0,9.0,8.0,7.0,0.875,4.0,3.0,0.5714285714285714,106.0,15.142857142857142,63.0,9.0,75,8,16
0.0,1.1972755074988173,0.9195491912084471,41.49939495665233,12.0,0.8181818181818182,0.8888888888888888,2.0,2.0,1.0,0.5,1.0,0.0,1.0,29.0,29.0,20.0,20.0,76,8,16
0.0,0.7734870142645691,0.6817117045335502,31.590073483796537,12.0,0.9090909090909091,1.0,2.0,2.0,1.0,0.5,1.0,0.0,1.0,16.0,16.0,7.0,7.0,77,8,16
1.0,0.468427007984126,0.266218905388129,36.71609631646465,12.0,1.0,1.0,3.0,1.0,0.0,0.0,0.0,0.0,0.0,0.0,nan,0.0,nan,78,8,16
0.0,1.1621591547111765,0.9157938634553151,61.35188246653481,12.0,1.0,1.0,10.0,9.0,6.0,0.6666666666666666,3.0,3.0,0.5,62.0,10.333333333333334,35.0,5.833333333333333,79,8,16
0.0,1.913152403238071,0.7424146735974801,63.31948488766677,12.0,1.0,1.0,5.0,5.0,4.0,0.8,2.0,2.0,0.5,50.0,12.5,25.0,6.25,80,8,16
0.0,0.5034181607626691,0.5768992295257233,23.157569521255052,12.0,0.9090909090909091,1.0,8.0,7.0,3.0,0.42857142857142855,0.0,3.0,0.0,27.0,9.0,11.0,3.6666666666666665,81,8,16
0.0,0.793787851428719,0.5026645260205203,27.888684530487662,12.0,0.9090909090909091,1.0,3.0,3.0,2.0,0.6666666666666666,1.0,1.0,0.5,68.0,34.0,51.0,25.5,82,8,16
1.0,0.6276475082108336,0.2308612024317327,24.775872028548154,12.0,0.8181818181818182,0.875,9.0,9.0,6.0,0.6666666666666666,2.0,4.0,0.3333333333333333,49.0,8.166666666666666,24.0,4.0,83,8,16
0.0,1.7687366946404754,3.1295562480207333,27.273593389262896,12.0,1.0,1.0,8.0,6.0,3.0,0.5,1.0,2.0,0.3333333333333333,99.0,33.0,72.0,24.0,84,8,16
0.0,0.6840339743775,1.0344463774980661,29.39053208589032,12.0,0.8181818181818182,0.9,7.0,6.0,4.0,0.6666666666666666,1.0,3.0,0.25,36.0,9.0,20.0,5.0,85,8,16
0.0,0.8512077014128989,1.698797415022863,42.27628909524963,12.0,0.9090909090909091,0.875,5.0,5.0,3.0,0.6,1.0,2.0,0.3333333333333333,78.0,26.0,58.0,19.333333333333332,86,8,16
0.0,1.8108921144247245,1.9482594315671962,40.09623412927748,12.0,0.7272727272727273,1.0,11.0,10.0,7.0,0.7,3.0,4.0,0.42857142857142855,101.0,14.428571428571429,64.0,9.142857142857142,87,8,16
0.0,0.9431975311752954,0.5720485867477123,39.58239232106153,12.0,0.9090909090909091,0.9,3.0,3.0,3.0,1.0,1.0,2.0,0.3333333333333333,43.0,14.333333333333334,24.0,8.0,88,8,16
0.0,1.136173466727597,1.817440141705316,60.9568064971565,12.0,0.8181818181818182,1.0,7.0,7.0,3.0,0.42857142857142855,1.0,2.0,0.3333333333333333,58.0,19.333333333333332,34.0,11.333333333333334,89,8,16
0.0,0.8360917178846421,1.3755555470621956,34.96608042895342,12.0,0.8181818181818182,1.0,7.0,6.0,5.0,0.8333333333333334,2.0,3.0,0.4,87.0,17.4,53.0,10.6,90,8,16
1.0,0.9514775022121864,0.41975289647794195,32.16855046726752,12.0,0.9090909090909091,1.0,8.0,7.0,6.0,0.8571428571428571,4.0,2.0,0.6666666666666666,62.0,10.333333333333334,36.0,6.0,91,8,16
0.0,1.7938069298336465,1.9634133653212353,37.74861429703697,12.0,0.8181818181818182,1.0,8.0,8.0,8.0,1.0,2.0,6.0,0.25,99.0,12.375,54.0,6.75,92,8,16
0.0,1.4368245718874586,1.5399896696606399,41.32341485310371,12.0,0.9090909090909091,1.0,4.0,4.0,4.0,1.0,3.0,1.0,0.75,109.0,27.25,73.0,18.25,93,8,16
0.0,0.9524664413260037,1.1663588457935012,42.671552561077505,12.0,1.0,1.0,6.0,6.0,2.0,0.3333333333333333,1.0,1.0,0.5,39.0,19.5,23.0,11.5,94,8,16
0.0,1.0309421942961174,0.8303850169916689,32.45653543188695,12.0,0.9090909090909091,0.8888888888888888,5.0,5.0,5.0,1.0,3.0,2.0,0.6,63.0,12.6,33.0,6.6,95,8,16
0.0,1.2910745781315727,1.419949721556493,39.23454974550611,12.0,0.9090909090909091,1.0,10.0,9.0,7.0,0.7777777777777778,3.0,4.0,0.42857142857142855,108.0,15.428571428571429,66.0,9.428571428571429,96,8,16
1.0,0.7069685216634719,0.5497197774625623,35.17173315019418,12.0,0.8181818181818182,1.0,7.0,7.0,5.0,0.7142857142857143,0.0,5.0,0.0,36.0,7.2,17.0,3.4,97,8,16
0.0,1.5768533965595313,1.3862161787295466,53.45595120811342,12.0,0.9090909090909091,1.0,11.0,10.0,7.0,0.7,2.0,5.0,0.2857142857142857,82.0,11.714285714285714,37.0,5.285714285714286,98,8,16
0.0,0.895192603546196,1.5609339317106254,32.81786762719512,12.0,1.0,1.0,7.0,7.0,6.0,0.8571428571428571,3.0,3.0,0.5,73.0,12.166666666666666,40.0,6.666666666666667,99,8,16
1.0,1.1722294776599695,0.40223353099017406,46.337092226213166,12.0,1.0,1.0,3.0,3.0,3.0,1.0,2.0,1.0,0.6666666666666666,50.0,16.666666666666668,33.0,11.0,100,8,16
1.0,0.7121074930482869,0.5565852723728821,18.97645569690731,12.0,1.0,1.0,1.0,1.0,0.0,0.0,0.0,0.0,0.0,0.0,nan,0.0,nan,101,8,16
0.0,0.5771177656071285,0.6108443996271518,36.435567065494396,12.0,1.0,1.0,2.0,2.0,2.0,1.0,2.0,0.0,1.0,17.0,8.5,8.0,4.0,102,8,16
0.0,1.8353139603429747,0.7783160253509864,59.67066222347569,12.0,0.9090909090909091,1.0,8.0,8.0,5.0,0.625,3.0,2.0,0.6,94.0,18.8,66.0,13.2,103,8,16
0.0,0.6893476050130968,0.7045140462854159,25.531330747166514,12.0,1.0,1.0,2.0,2.0,2.0,1.0,1.0,1.0,0.5,46.0,23.0,28.0,14.0,104,8,16
0.0,1.0412346616738708,1.3328113816312372,31.603383311237327,12.0,1.0,1.0,5.0,5.0,4.0,0.8,2.0,2.0,0.5,44.0,11.0,26.0,6.5,105,8,16
1.0,1.1867615968548433,0.3258756561249256,44.60453868345554,12.0,1.0,1.0,5.0,5.0,4.0,0.8,2.0,2.0,0.5,40.0,10.0,18.0,4.5,106,8,16
0.0,1.446936356449996,2.201567142436996,47.332012828706034,12.0,0.8181818181818182,0.875,7.0,6.0,5.0,0.8333333333333334,2.0,3.0,0.4,42.0,8.4,17.0,3.4,107,8,16
0.0,1.4448762556185044,0.5328405965398366,26.530734527028216,12.0,1.0,1.0,6.0,5.0,3.0,0.6,2.0,1.0,0.6666666666666666,56.0,18.666666666666668,29.0,9.666666666666666,108,8,16
0.0,0.9921835202056216,1.2634444937076161,41.36081240472516,12.0,1.0,1.0,7.0,7.0,6.0,0.8571428571428571,3.0,3.0,0.5,88.0,14.666666666666666,48.0,8.0,109,8,16
0.0,0.722377149004001,0.7541997216289996,19.954239546827417,12.0,1.0,1.0,5.0,4.0,2.0,0.5,2.0,0.0,1.0,30.0,15.0,21.0,10.5,110,8,16
1.0,1.0313864638635848,0.5468181009703255,17.738622208869078,12.0,0.9090909090909091,1.0,2.0,2.0,2.0,1.0,1.0,1.0,0.5,38.0,19.0,20.0,10.0,111,8,16
0.0,0.6178700998019507,0.7093984719412266,24.7572446006525,12.0,1.0,1.0,3.0,2.0,1.0,0.5,0.0,1.0,0.0,57.0,57.0,48.0,48.0,112,8,16
1.0,0.513023275767734,0.3890291254474739,21.642152952767365,12.0,0.9090909090909091,1.0,7.0,7.0,4.0,0.5714285714285714,2.0,2.0,0.5,58.0,14.5,38.0,9.5,113,8,16
0.0,1.2522721709125,2.506928850511945,36.70076643825168,12.0,1.0,1.0,8.0,8.0,7.0,0.875,1.0,6.0,0.14285714285714285,87.0,12.428571428571429,37.0,5.285714285714286,114,8,16
0.0,1.1484035931068273,2.1812030821553328,34.69436977471432,12.0,1.0,1.0,7.0,5.0,3.0,0.6,2.0,1.0,0.6666666666666666,57.0,19.0,37.0,12.333333333333334,115,8,16
1.0,0.8903847445226624,0.3721309546891667,51.40501945835906,12.0,0.9090909090909091,1.0,6.0,6.0,2.0,0.3333333333333333,1.0,1.0,0.5,14.0,7.0,5.0,2.5,116,8,16
0.0,0.7267485617043383,1.0223633299842756,46.17725956293718,12.0,0.8181818181818182,1.0,5.0,5.0,5.0,1.0,4.0,1.0,0.8,39.0,7.8,24.0,4.8,117,8,16
0.0,0.7164195082278054,1.143701384090142,32.47555709510003,12.0,1.0,1.0,4.0,4.0,2.0,0.5,1.0,1.0,0.5,41.0,20.5,23.0,11.5,118,8,16
1.0,0.8227679366013306,0.30694525511163623,30.826496465678016,12.0,1.0,1.0,4.0,4.0,3.0,0.75,1.0,2.0,0.3333333333333333,53.0,17.666666666666668,26.0,8.666666666666666,119,8,16
0.0,1.0768012439120453,0.8085293204816512,49.20371755452479,12.0,0.7272727272727273,0.8571428571428571,9.0,9.0,3.0,0.3333333333333333,0.0,3.0,0.0,53.0,17.666666666666668,31.0,10.333333333333334,120,8,16
1.0,0.7514944968667278,0.37608728146261705,27.523637633504595,12.0,0.9090909090909091,1.0,8.0,8.0,3.0,0.375,1.0,2.0,0.3333333333333333,58.0,19.333333333333332,36.0,12.0,121,8,16
0.0,1.1846797841736214,0.6820671361592757,27.94893138388262,12.0,1.0,1.0,7.0,7.0,4.0,0.5714285714285714,1.0,3.0,0.25,61.0,15.25,34.0,8.5,122,8,16
0.0,1.509944779298939,1.9714630332555916,57.06831457282509,12.0,0.8181818181818182,1.0,8.0,8.0,6.0,0.75,2.0,4.0,0.3333333333333333,97.0,16.166666666666668,49.0,8.166666666666666,123,8,16
0.0,1.5037246043496386,1.1467015363681827,44.40466818219172,12.0,0.9090909090909091,1.0,10.0,9.0,6.0,0.6666666666666666,2.0,4.0,0.3333333333333333,66.0,11.0,27.0,4.5,124,8,16
0.0,0.9872221967728956,0.6689354529789622,39.18351852316,12.0,1.0,1.0,11.0,11.0,5.0,0.45454545454545453,2.0,3.0,0.4,67.0,13.4,40.0,8.0,125,8,16
0.0,1.0680164115874742,1.1021369664861254,35.25550168970184,12.0,0.9090909090909091,1.0,7.0,6.0,2.0,0.3333333333333333,0.0,2.0,0.0,37.0,18.5,19.0,9.5,126,8,16
0.0,1.5270140778168984,1.3568992952970642,42.20051626579017,12.0,0.8181818181818182,1.0,5.0,4.0,4.0,1.0,2.0,2.0,0.5,62.0,15.5,36.0,9.0,127,8,16
0.0,1.1192606117224484,0.7499775922771245,40.784171048757656,12.0,0.7272727272727273,1.0,7.0,7.0,4.0,0.5714285714285714,3.0,1.0,0.75,43.0,10.75,25.0,6.25,128,8,16
0.0,1.7244110829839148,0.8970902314878388,38.4294950284646,12.0,0.9090909090909091,1.0,5.0,4.0,3.0,0.75,1.0,2.0,0.3333333333333333,60.0,20.0,34.0,11.333333333333334,129,8,16
0.0,1.2904998243676926,0.7889635689366707,40.15064379803274,12.0,0.8181818181818182,1.0,10.0,9.0,6.0,0.6666666666666666,3.0,3.0,0.5,73.0,12.166666666666666,36.0,6.0,130,8,16
0.0,1.553380467845945,2.2846270783293914,47.394594746460314,12.0,0.9090909090909091,1.0,6.0,6.0,4.0,0.6666666666666666,3.0,1.0,0.75,43.0,10.75,25.0,6.25,131,8,16
0.0,0.8575353953974025,1.0833699679637132,29.89797512457999,12.0,0.9090909090909091,0.9,7.0,6.0,3.0,0.5,1.0,2.0,0.3333333333333333,62.0,20.666666666666668,38.0,12.666666666666666,132,8,16
1.0,0.8192075750173107,0.3936671276159534,37.19001199238739,12.0,0.9090909090909091,1.0,4.0,4.0,2.0,0.5,1.0,1.0,0.5,55.0,27.5,37.0,18.5,133,8,16
0.0,0.9893725615747677,2.2857971450632935,24.396900032046002,12.0,0.9090909090909091,1.0,4.0,4.0,4.0,1.0,2.0,2.0,0.5,59.0,14.75,32.0,8.0,134,8,16
0.0,1.7343046834582931,1.0140824936129464,42.834676601891715,12.0,0.8181818181818182,1.0,6.0,6.0,5.0,0.8333333333333334,2.0,3.0,0.4,45.0,9.0,19.0,3.8,135,8,16
0.0,0.7745526723738325,0.9422820656101193,38.30057287851665,12.0,1.0,1.0,6.0,5.0,3.0,0.6,1.0,2.0,0.3333333333333333,33.0,11.0,17.0,5.666666666666667,136,8,16
0.0,0.6493605772188005,0.7985335466907739,22.023461446501337,180.0,0.6829268292682927,1.0,12.0,12.0,5.0,0.4166666666666667,2.0,3.0,0.4,59.0,11.8,30.0,6.0,17,16,1
0.0,0.65078123756258,0.5804502827446651,29.107247610328518,180.0,0.8170731707317073,1.0,6.0,6.0,4.0,0.6666666666666666,2.0,2.0,0.5,63.0,15.75,34.0,8.5,18,16,1
1.0,0.5180773751667631,0.16161122979623588,38.18495036922765,180.0,0.8841463414634146,1.0,4.0,4.0,1.0,0.25,0.0,1.0,0.0,14.0,14.0,5.0,5.0,19,16,1
1.0,0.4866935210381767,0.13583299143765137,21.072529896256587,180.0,0.9085365853658537,1.0,4.0,4.0,4.0,1.0,3.0,1.0,0.75,57.0,14.25,27.0,6.75,20,16,1
0.0,0.6807664969288554,0.4650379551145932,23.953833077918507,180.0,0.5853658536585366,1.0,13.0,11.0,5.0,0.45454545454545453,2.0,3.0,0.4,58.0,11.6,31.0,6.2,21,16,1
1.0,0.20390361619552094,0.12342669717715095,14.226021006172838,180.0,1.0,1.0,2.0,2.0,1.0,0.5,1.0,0.0,1.0,14.0,14.0,6.0,6.0,22,16,1
0.0,0.5071613598929826,0.7725544751129607,19.481878718703694,180.0,0.8414634146341463,1.0,4.0,4.0,3.0,0.75,1.0,2.0,0.3333333333333333,41.0,13.666666666666666,19.0,6.333333333333333,23,16,1
1.0,0.17621977020417326,0.14844758634690583,21.346997955911174,180.0,1.0,1.0,3.0,3.0,1.0,0.3333333333333333,1.0,0.0,1.0,16.0,16.0,9.0,9.0,24,16,1
0.0,0.6629624986405587,1.0203455362751839,15.508214640061619,180.0,0.8414634146341463,1.0,7.0,5.0,5.0,1.0,4.0,1.0,0.8,81.0,16.2,48.0,9.6,25,16,1
1.0,0.48947871487035477,0.11962828070548284,22.419191487538733,180.0,0.9024390243902439,1.0,4.0,4.0,3.0,0.75,2.0,1.0,0.6666666666666666,58.0,19.333333333333332,31.0,10.333333333333334,26,16,1
0.0,0.5750783144438097,0.7150104212030614,20.993764880978656,180.0,0.7682926829268293,1.0,8.0,8.0,6.0,0.75,3.0,3.0,0.5,84.0,14.0,45.0,7.5,27,16,1
1.0,0.29142961665550904,0.11070632651823199,18.80250321608716,180.0,0.9390243902439024,1.0,3.0,3.0,1.0,0.3333333333333333,0.0,1.0,0.0,14.0,14.0,5.0,5.0,28,16,1
0.0,0.3976612837814462,1.0484456591843763,20.216182895691414,180.0,0.8963414634146342,1.0,3.0,3.0,2.0,0.6666666666666666,0.0,2.0,0.0,31.0,15.5,14.0,7.0,29,16,1
0.0,0.3488986902112315,0.5961475128768154,14.160807791847004,180.0,0.9512195121951219,1.0,4.0,4.0,3.0,0.75,2.0,1.0,0.6666666666666666,49.0,16.333333333333332,25.0,8.333333333333334,30,16,1
0.0,0.31420330622284826,0.7061141238998333,14.090302027047253,180.0,0.9329268292682927,1.0,5.0,5.0,2.0,0.4,1.0,1.0,0.5,23.0,11.5,12.0,6.0,31,16,1
1.0,0.4154860520609046,0.12712900944087482,14.667393989837956,180.0,0.8902439024390244,1.0,3.0,3.0,3.0,1.0,2.0,1.0,0.6666666666666666,42.0,14.0,22.0,7.333333333333333,32,16,1
0.0,0.7398694277607932,0.7095861246501493,20.622202021185714,180.0,0.8109756097560976,1.0,8.0,7.0,6.0,0.8571428571428571,4.0,2.0,0.6666666666666666,96.0,16.0,53.0,8.833333333333334,33,16,1
0.0,0.5316107785306052,0.4633349129917985,21.365499153402798,180.0,0.7865853658536586,1.0,10.0,9.0,6.0,0.6666666666666666,3.0,3.0,0.5,54.0,9.0,27.0,4.5,34,16,1
1.0,0.16206154295502317,0.14240786118878915,17.83259227771327,180.0,0.9634146341463414,1.0,6.0,4.0,1.0,0.25,0.0,1.0,0.0,4.0,4.0,1.0,1.0,35,16,1
0.0,0.6016722720952893,0.7830661578178496,27.525235859689616,180.0,0.7682926829268293,1.0,6.0,6.0,3.0,0.5,1.0,2.0,0.3333333333333333,59.0,19.666666666666668,33.0,11.0,36,16,1
1.0,0.27590749959071814,0.19121780590781168,11.987263064160127,180.0,0.8841463414634146,1.0,3.0,3.0,1.0,0.3333333333333333,0.0,1.0,0.0,14.0,14.0,5.0,5.0,37,16,1
0.0,0.9975498422642514,1.1635777097170692,23.706903615563284,180.0,0.7987804878048781,1.0,6.0,5.0,3.0,0.6,2.0,1.0,0.6666666666666666,62.0,20.666666666666668,35.0,11.666666666666666,38,16,1
1.0,0.4354802565432818,0.29396132037166417,22.82847306078006,180.0,0.8902439024390244,1.0,7.0,7.0,5.0,0.7142857142857143,2.0,3.0,0.4,68.0,13.6,28.0,5.6,39,16,1
1.0,0.22257540026083064,0.24432312110716192,26.677688983383508,180.0,1.0,1.0,4.0,4.0,3.0,0.75,2.0,1.0,0.6666666666666666,29.0,9.666666666666666,20.0,6.666666666666667,40,16,1
1.0,0.20549929607624307,0.3461297938785146,14.5264540719563,180.0,1.0,1.0,1.0,1.0,1.0,1.0,0.0,1.0,0.0,23.0,23.0,14.0,14.0,41,16,1
1.0,0.3005205550961063,0.19833902642718612,25.376894416854118,180.0,0.9512195121951219,1.0,4.0,4.0,2.0,0.5,2.0,0.0,1.0,31.0,15.5,20.0,10.0,42,16,1
0.0,0.648451131383447,0.5311418173801559,25.01584346548667,180.0,0.823170731707317,1.0,6.0,6.0,3.0,0.5,2.0,1.0,0.6666666666666666,37.0,12.333333333333334,20.0,6.666666666666667,43,16,1
1.0,0.26594067159872886,0.15844578922402133,28.422192640147077,180.0,0.9634146341463414,1.0,5.0,5.0,5.0,1.0,3.0,2.0,0.6,47.0,9.4,23.0,4.6,44,16,1
1.0,0.43955010619918533,0.16279915016694474,24.44746806387891,180.0,0.8902439024390244,1.0,5.0,5.0,4.0,0.8,2.0,2.0,0.5,71.0,17.75,42.0,10.5,45,16,1
0.0,0.5198475643929702,0.5919166773757999,20.420255821259012,180.0,0.8109756097560976,1.0,9.0,8.0,4.0,0.5,1.0,3.0,0.25,61.0,15.25,29.0,7.25,46,16,1
1.0,0.3566377331487328,0.4798920474138427,16.38770880866182,180.0,0.8841463414634146,1.0,5.0,5.0,4.0,0.8,1.0,3.0,0.25,61.0,15.25,34.0,8.5,47,16,1
1.0,0.340274570438178,0.29137721328196337,18.229155717686652,180.0,0.8658536585365854,1.0,6.0,6.0,4.0,0.6666666666666666,2.0,2.0,0.5,38.0,9.5,17.0,4.25,48,16,1
0.0,0.5447027413134549,0.7981887213573936,22.88957398358243,180.0,0.8536585365853658,1.0,9.0,6.0,4.0,0.6666666666666666,2.0,2.0,0.5,51.0,12.75,23.0,5.75,49,16,1
1.0,0.5714043498685958,0.2589700426597318,15.699493399358715,180.0,0.8414634146341463,1.0,7.0,6.0,6.0,1.0,4.0,2.0,0.6666666666666666,101.0,16.833333333333332,62.0,10.333333333333334,50,16,1
0.0,0.6659862995269102,0.5141302168764218,36.33858477246981,180.0,0.9085365853658537,1.0,5.0,5.0,4.0,0.8,3.0,1.0,0.75,78.0,19.5,43.0,10.75,51,16,1
0.0,0.5238923684343776,0.9893692450732895,24.352905856236852,180.0,0.8536585365853658,1.0,5.0,4.0,2.0,0.5,1.0,1.0,0.5,43.0,21.5,25.0,12.5,52,16,1
0.0,0.44913633091740385,0.694453687569241,32.56338516126327,180.0,0.8536585365853658,1.0,10.0,10.0,4.0,0.4,0.0,4.0,0.0,49.0,12.25,26.0,6.5,53,16,1
0.0,0.38903853173612235,0.5550593041277617,14.731611525401167,180.0,0.8780487804878049,1.0,5.0,5.0,4.0,0.8,1.0,3.0,0.25,41.0,10.25,20.0,5.0,54,16,1
1.0,0.18815616646056404,0.22507138289385936,14.08799038831404,180.0,0.9817073170731707,1.0,4.0,4.0,3.0,0.75,2.0,1.0,0.6666666666666666,26.0,8.666666666666666,15.0,5.0,55,16,1
1.0,0.4341534424973609,0.21089013929464445,15.360733819729342,180.0,0.8719512195121951,1.0,6.0,5.0,5.0,1.0,3.0,2.0,0.6,72.0,14.4,36.0,7.2,56,16,1
0.0,0.38340710638564324,0.764097444778225,15.275185033202753,180.0,0.8963414634146342,1.0,4.0,4.0,3.0,0.75,1.0,2.0,0.3333333333333333,44.0,14.666666666666666,22.0,7.333333333333333,57,16,1
1.0,0.5189329592937987,0.47194208461869874,18.5552251838956,180.0,0.8353658536585366,1.0,5.0,5.0,3.0,0.6,2.0,1.0,0.6666666666666666,67.0,22.333333333333332,40.0,13.333333333333334,58,16,1
0.0,0.5883719946159358,0.620652715812059,15.504148511858132,180.0,0.6951219512195121,1.0,13.0,10.0,7.0,0.7,4.0,3.0,0.5714285714285714,87.0,12.428571428571429,50.0,7.142857142857143,59,16,1
1.0,0.3953708774850782,0.20961975199951913,19.215388862360136,180.0,0.9085365853658537,1.0,3.0,3.0,3.0,1.0,3.0,0.0,1.0,64.0,21.333333333333332,40.0,13.333333333333334,60,16,1
1.0,0.43313003997073934,0.36136111971498036,28.655340469662217,180.0,0.8414634146341463,1.0,8.0,8.0,6.0,0.75,2.0,4.0,0.3333333333333333,92.0,15.333333333333334,51.0,8.5,61,16,1
0.0,0.5503626750374746,0.8536535523665969,20.89868593621637,180.0,0.9024390243902439,1.0,5.0,5.0,4.0,0.8,2.0,2.0,0.5,53.0,13.25,26.0,6.5,62,16,1
0.0,0.3722847535391901,0.4816592544606364,16.52939246841245,180.0,0.823170731707317,1.0,3.0,3.0,3.0,1.0,2.0,1.0,0.6666666666666666,37.0,12.333333333333334,21.0,7.0,63,16,1
1.0,0.2645558612510066,0.4155847743095272,13.63314031356136,180.0,0.9451219512195121,1.0,4.0,4.0,3.0,0.75,2.0,1.0,0.6666666666666666,26.0,8.666666666666666,11.0,3.6666666666666665,64,16,1
1.0,0.48352729004200967,0.23037010368598246,17.80007281086737,180.0,0.8353658536585366,1.0,9.0,7.0,5.0,0.7142857142857143,3.0,2.0,0.6,79.0,15.8,43.0,8.6,65,16,1
1.0,0.433290579071364,0.32472066546534667,23.709782057732266,180.0,0.9024390243902439,1.0,9.0,9.0,5.0,0.5555555555555556,0.0,5.0,0.0,40.0,8.0,18.0,3.6,66,16,1
1.0,0.5656095673209606,0.4083818293906256,19.764092083363,180.0,0.7804878048780488,1.0,6.0,6.0,4.0,0.6666666666666666,2.0,2.0,0.5,63.0,15.75,38.0,9.5,67,16,1
0.0,0.9866562936956051,1.0514772101176104,33.735469960759396,180.0,0.7560975609756098,1.0,8.0,7.0,6.0,0.8571428571428571,3.0,3.0,0.5,99.0,16.5,53.0,8.833333333333334,68,16,1
0.0,0.4800668905245243,0.8217244738278371,31.963783677708008,180.0,0.7804878048780488,1.0,8.0,7.0,6.0,0.8571428571428571,3.0,3.0,0.5,52.0,8.666666666666666,27.0,4.5,69,16,1
0.0,0.4161904660746144,0.6227274691064727,34.63294524509367,180.0,0.8536585365853658,1.0,7.0,7.0,4.0,0.5714285714285714,2.0,2.0,0.5,48.0,12.0,28.0,7.0,70,16,1
1.0,0.32612015523832066,0.41136430080271946,20.2413893181391,180.0,0.8719512195121951,1.0,6.0,5.0,4.0,0.8,2.0,2.0,0.5,61.0,15.25,38.0,9.5,71,16,1
1.0,0.3246717258910223,0.4960531910118094,10.972566470751708,180.0,0.9024390243902439,1.0,4.0,3.0,3.0,1.0,1.0,2.0,0.3333333333333333,52.0,17.333333333333332,28.0,9.333333333333334,72,16,1
1.0,0.49200065909509905,0.2567389152588127,17.332449507453585,180.0,0.8414634146341463,1.0,7.0,6.0,6.0,1.0,3.0,3.0,0.5,96.0,16.0,48.0,8.0,73,16,1
1.0,0.4237957609944267,0.2719913336306023,15.025030773830904,180.0,0.8353658536585366,1.0,8.0,8.0,5.0,0.625,3.0,2.0,0.6,59.0,11.8,30.0,6.0,74,16,1
0.0,0.690477870816728,0.6219225981518887,34.28780545947787,180.0,0.75,1.0,9.0,8.0,5.0,0.625,3.0,2.0,0.6,65.0,13.0,33.0,6.6,75,16,1
1.0,0.4263375663138963,0.13007897037289898,23.67535318326836,180.0,0.8902439024390244,1.0,2.0,2.0,2.0,1.0,2.0,0.0,1.0,48.0,24.0,30.0,15.0,76,16,1
1.0,0.29925722949346056,0.22128497520818521,12.016182937399439,180.0,0.9451219512195121,1.0,2.0,2.0,2.0,1.0,2.0,0.0,1.0,41.0,20.5,24.0,12.0,77,16,1
1.0,0.26335646727094614,0.10627396214189797,9.01578541864127,180.0,1.0,1.0,3.0,1.0,1.0,1.0,1.0,0.0,1.0,11.0,11.0,7.0,7.0,78,16,1
0.0,0.7094869309428279,0.653477731151493,27.49545839592479,180.0,0.7804878048780488,1.0,10.0,9.0,4.0,0.4444444444444444,1.0,3.0,0.25,58.0,14.5,29.0,7.25,79,16,1
1.0,0.6410288291397276,0.2142113204187882,31.435492921388146,180.0,0.8963414634146342,1.0,5.0,5.0,3.0,0.6,0.0,3.0,0.0,41.0,13.666666666666666,14.0,4.666666666666667,80,16,1
0.0,0.2401246420903291,0.5293027685113466,13.798130802888265,180.0,0.8719512195121951,1.0,8.0,7.0,5.0,0.7142857142857143,1.0,4.0,0.2,39.0,7.8,18.0,3.6,81,16,1
1.0,0.24452146191962565,0.06047631684809812,10.896967081545828,180.0,0.9512195121951219,1.0,3.0,3.0,2.0,0.6666666666666666,2.0,0.0,1.0,41.0,20.5,26.0,13.0,82,16,1
1.0,0.4848355352967422,0.12231914163849626,21.513803174920874,180.0,0.8414634146341463,1.0,9.0,9.0,6.0,0.6666666666666666,1.0,5.0,0.16666666666666666,45.0,7.5,19.0,3.1666666666666665,83,16,1
0.0,0.5930121308293146,1.0784647719065414,29.54734629392585,180.0,0.8963414634146342,1.0,8.0,6.0,5.0,0.8333333333333334,3.0,2.0,0.6,76.0,15.2,43.0,8.6,84,16,1
0.0,0.3778508327095795,0.7778721875120548,25.504392431540108,180.0,0.9390243902439024,1.0,7.0,6.0,3.0,0.5,0.0,3.0,0.0,42.0,14.0,20.0,6.666666666666667,85,16,1
0.0,0.5693878980897651,0.6783266644925283,22.179001163725154,180.0,0.823170731707317,1.0,5.0,5.0,4.0,0.8,3.0,1.0,0.75,68.0,17.0,39.0,9.75,86,16,1
0.0,0.7365836795639145,0.9731297662509618,22.598814793939965,180.0,0.7073170731707317,1.0,11.0,10.0,6.0,0.6,3.0,3.0,0.5,85.0,14.166666666666666,50.0,8.333333333333334,87,16,1
1.0,0.32000796292282063,0.32388518242546077,23.434450520118364,180.0,0.9573170731707317,1.0,3.0,3.0,3.0,1.0,1.0,2.0,0.3333333333333333,40.0,13.333333333333334,21.0,7.0,88,16,1
0.0,0.5144276390441341,0.7761243007337226,30.928119113521213,180.0,0.8048780487804879,1.0,7.0,7.0,5.0,0.7142857142857143,2.0,3.0,0.4,73.0,14.6,35.0,7.0,89,16,1
0.0,0.6340834489121573,1.2134224896824826,21.988720947588497,180.0,0.8841463414634146,1.0,7.0,6.0,6.0,1.0,3.0,3.0,0.5,80.0,13.333333333333334,43.0,7.166666666666667,90,16,1
0.0,0.40318241421472434,0.6370424629348606,21.784270784769436,180.0,0.9085365853658537,1.0,8.0,7.0,2.0,0.2857142857142857,1.0,1.0,0.5,45.0,22.5,28.0,14.0,91,16,1
1.0,0.6325812327136581,0.3194438775097783,23.341762819166878,180.0,0.8902439024390244,1.0,8.0,8.0,8.0,1.0,2.0,6.0,0.25,66.0,8.25,27.0,3.375,92,16,1
0.0,0.726342994864619,0.6503104570891518,16.299285262665126,180.0,0.7865853658536586,1.0,4.0,4.0,3.0,0.75,2.0,1.0,0.6666666666666666,66.0,22.0,39.0,13.0,93,16,1
0.0,0.5407993210393958,0.7885699784323538,18.659559831116795,180.0,0.8536585365853658,1.0,6.0,6.0,4.0,0.6666666666666666,2.0,2.0,0.5,49.0,12.25,25.0,6.25,94,16,1
1.0,0.4286403109798061,0.2314047018239918,36.052901313233306,180.0,0.8963414634146342,1.0,5.0,5.0,4.0,0.8,1.0,3.0,0.25,38.0,9.5,11.0,2.75,95,16,1
0.0,0.6019695534138307,0.5550333168379623,22.976848949835887,180.0,0.8353658536585366,1.0,10.0,9.0,5.0,0.5555555555555556,4.0,1.0,0.8,91.0,18.2,48.0,9.6,96,16,1
1.0,0.39105617689306255,0.41881554620236894,25.46967914455809,180.0,0.8597560975609756,1.0,7.0,7.0,4.0,0.5714285714285714,1.0,3.0,0.25,49.0,12.25,25.0,6.25,97,16,1
0.0,0.7761825314963987,1.3145335834955176,24.896776454886894,180.0,0.774390243902439,1.0,11.0,10.0,7.0,0.7,2.0,5.0,0.2857142857142857,99.0,14.142857142857142,53.0,7.571428571428571,98,16,1
0.0,0.541412172579686,1.003064511784027,37.50719720432529,180.0,0.8719512195121951,1.0,7.0,7.0,5.0,0.7142857142857143,1.0,4.0,0.2,86.0,17.2,46.0,9.2,99,16,1
1.0,0.32716234475742656,0.132488050873608,14.161438387426156,180.0,0.926829268292683,1.0,3.0,3.0,3.0,1.0,2.0,1.0,0.6666666666666666,31.0,10.333333333333334,19.0,6.333333333333333,100,16,1
1.0,0.1374633610278175,0.0587270659696657,11.206659111284347,180.0,1.0,1.0,1.0,1.0,1.0,1.0,1.0,0.0,1.0,28.0,28.0,22.0,22.0,101,16,1
1.0,0.2595751465594171,0.0690811277425489,16.302708138394454,180.0,0.9634146341463414,1.0,2.0,2.0,1.0,0.5,1.0,0.0,1.0,24.0,24.0,15.0,15.0,102,16,1
1.0,0.6678377752626979,0.30218001238366876,30.826579324301296,180.0,0.8536585365853658,1.0,8.0,8.0,7.0,0.875,2.0,5.0,0.2857142857142857,73.0,10.428571428571429,39.0,5.571428571428571,103,16,1
1.0,0.2461354038684496,0.28381505198121193,14.98760192155813,180.0,0.9390243902439024,1.0,2.0,2.0,1.0,0.5,0.0,1.0,0.0,13.0,13.0,4.0,4.0,104,16,1
0.0,0.6259959972581228,0.6897375430748364,25.967072805851018,180.0,0.8597560975609756,1.0,5.0,5.0,4.0,0.8,2.0,2.0,0.5,63.0,15.75,33.0,8.25,105,16,1
1.0,0.5291066562063258,0.1483138355732027,26.915680931776603,180.0,0.9573170731707317,1.0,5.0,5.0,4.0,0.8,1.0,3.0,0.25,43.0,10.75,14.0,3.5,106,16,1
0.0,0.38931371274767657,0.6168330722973581,17.972071274191652,180.0,0.8414634146341463,1.0,7.0,6.0,5.0,0.8333333333333334,3.0,2.0,0.6,58.0,11.6,38.0,7.6,107,16,1
1.0,0.3168099825162545,0.12672859182089055,18.843742615370303,180.0,1.0,1.0,6.0,5.0,5.0,1.0,4.0,1.0,0.8,80.0,16.0,45.0,9.0,108,16,1
0.0,0.6039064681272397,0.7246887388209919,11.490136930938455,180.0,0.8536585365853658,1.0,7.0,7.0,6.0,0.8571428571428571,3.0,3.0,0.5,76.0,12.666666666666666,40.0,6.666666666666667,109,16,1
1.0,0.31546149301631127,0.2622529426068676,17.810384640449684,180.0,0.9512195121951219,1.0,5.0,4.0,2.0,0.5,2.0,0.0,1.0,46.0,23.0,30.0,15.0,110,16,1
1.0,0.2909774009988653,0.0917416483016923,12.185790518198022,180.0,0.9390243902439024,1.0,2.0,2.0,1.0,0.5,0.0,1.0,0.0,17.0,17.0,8.0,8.0,111,16,1
0.0,0.3741123612704819,0.637084364567422,20.252072559242748,180.0,0.8902439024390244,1.0,3.0,2.0,2.0,1.0,2.0,0.0,1.0,46.0,23.0,28.0,14.0,112,16,1
1.0,0.389094546509834,0.36187204626904595,23.60454996652407,180.0,0.8292682926829268,1.0,7.0,7.0,5.0,0.7142857142857143,3.0,2.0,0.6,67.0,13.4,36.0,7.2,113,16,1
0.0,1.0121502334709536,2.43654740881907,25.563948486355702,180.0,0.7804878048780488,1.0,8.0,8.0,7.0,0.875,2.0,5.0,0.2857142857142857,81.0,11.571428571428571,40.0,5.714285714285714,114,16,1
0.0,0.4632723102917901,1.0057768211880715,23.178305062768978,180.0,0.9939024390243902,1.0,7.0,5.0,3.0,0.6,3.0,0.0,1.0,53.0,17.666666666666668,29.0,9.666666666666666,115,16,1
1.0,0.667794192703328,0.32487112536869467,16.913725907134705,180.0,0.7012195121951219,1.0,6.0,6.0,3.0,0.5,1.0,2.0,0.3333333333333333,47.0,15.666666666666666,20.0,6.666666666666667,116,16,1
0.0,0.4985313234627681,0.7881269386896851,25.86914924810705,180.0,0.8719512195121951,1.0,5.0,5.0,3.0,0.6,0.0,3.0,0.0,49.0,16.333333333333332,22.0,7.333333333333333,117,16,1
0.0,0.4978907880191738,0.8381701735412289,19.20013958773566,180.0,0.8170731707317073,1.0,4.0,4.0,3.0,0.75,2.0,1.0,0.6666666666666666,66.0,22.0,39.0,13.0,118,16,1
1.0,0.36058179266135193,0.14999985352979053,23.26919747856501,180.0,0.9390243902439024,1.0,4.0,4.0,3.0,0.75,1.0,2.0,0.3333333333333333,48.0,16.0,25.0,8.333333333333334,119,16,1
0.0,0.5238056270836838,0.7893901376356368,25.752174403040723,180.0,0.8109756097560976,1.0,9.0,9.0,5.0,0.5555555555555556,3.0,2.0,0.6,108.0,21.6,66.0,13.2,120,16,1
1.0,0.40101864582005814,0.3614228498089573,15.829160486754695,180.0,0.8109756097560976,1.0,8.0,8.0,5.0,0.625,2.0,3.0,0.4,46.0,9.2,24.0,4.8,121,16,1
0.0,0.4670576092098476,0.5890188410389339,29.573431474324575,180.0,0.9512195121951219,1.0,7.0,7.0,6.0,0.8571428571428571,2.0,4.0,0.3333333333333333,54.0,9.0,25.0,4.166666666666667,122,16,1
0.0,0.6161068525221005,0.8307876301957083,25.352224660930656,180.0,0.7195121951219512,1.0,8.0,8.0,5.0,0.625,2.0,3.0,0.4,56.0,11.2,26.0,5.2,123,16,1
0.0,0.6580496143882087,0.6758230993741012,23.01988683319473,180.0,0.8109756097560976,1.0,10.0,9.0,9.0,1.0,6.0,3.0,0.6666666666666666,85.0,9.444444444444445,44.0,4.888888888888889,124,16,1
1.0,0.5618161193036055,0.34065367960986365,23.296007852144285,180.0,0.8780487804878049,1.0,11.0,11.0,7.0,0.6363636363636364,4.0,3.0,0.5714285714285714,87.0,12.428571428571429,55.0,7.857142857142857,125,16,1
1.0,0.5804919667850208,0.334634298041068,26.490432412718494,180.0,0.8475609756097561,1.0,7.0,6.0,4.0,0.6666666666666666,2.0,2.0,0.5,73.0,18.25,37.0,9.25,126,16,1
0.0,0.5514387265908061,0.6603131530509947,8.752242783719478,180.0,0.8536585365853658,1.0,5.0,4.0,3.0,0.75,1.0,2.0,0.3333333333333333,50.0,16.666666666666668,26.0,8.666666666666666,127,16,1
0.0,0.7049452781107248,0.9137301000486797,21.053087361063092,180.0,0.7317073170731707,1.0,7.0,7.0,5.0,0.7142857142857143,4.0,1.0,0.8,66.0,13.2,36.0,7.2,128,16,1
0.0,0.5690571246246955,0.588026252077027,17.332155932529304,180.0,0.9512195121951219,1.0,5.0,4.0,4.0,1.0,2.0,2.0,0.5,66.0,16.5,36.0,9.0,129,16,1
1.0,0.415190499011266,0.326448630356523,13.79878883705252,180.0,0.8414634146341463,1.0,10.0,9.0,4.0,0.4444444444444444,2.0,2.0,0.5,61.0,15.25,32.0,8.0,130,16,1
0.0,0.5429138254119356,0.5312288854981371,27.260837484615465,180.0,0.8048780487804879,1.0,6.0,6.0,3.0,0.5,2.0,1.0,0.6666666666666666,59.0,19.666666666666668,32.0,10.666666666666666,131,16,1
1.0,0.44892397501583026,0.3906763896695608,21.52287850235707,180.0,0.9451219512195121,1.0,7.0,6.0,5.0,0.8333333333333334,3.0,2.0,0.6,66.0,13.2,35.0,7.0,132,16,1
1.0,0.3309010188799442,0.13554875554402776,13.792883666926508,180.0,0.8963414634146342,1.0,4.0,4.0,2.0,0.5,1.0,1.0,0.5,49.0,24.5,31.0,15.5,133,16,1
0.0,0.4761090123353998,0.951110326985288,13.66067342494039,180.0,0.8414634146341463,1.0,4.0,4.0,3.0,0.75,2.0,1.0,0.6666666666666666,49.0,16.333333333333332,25.0,8.333333333333334,134,16,1
1.0,0.7225166355929943,0.5330654952256226,22.27970298490698,180.0,0.8658536585365854,1.0,6.0,6.0,4.0,0.6666666666666666,1.0,3.0,0.25,30.0,7.5,11.0,2.75,135,16,1
0.0,0.48629285411728157,0.5969092256774063,14.884854672175438,180.0,0.8353658536585366,1.0,6.0,5.0,4.0,0.8,3.0,1.0,0.75,46.0,11.5,24.0,6.0,136,16,1
0.0,0.6780568705397549,0.8377459231511566,28.29863677653802,90.0,0.6829268292682927,1.0,12.0,12.0,4.0,0.3333333333333333,2.0,2.0,0.5,55.0,13.75,29.0,7.25,17,16,2
0.0,0.70079149069665,0.613082475283207,28.742784914598136,90.0,0.8292682926829268,1.0,6.0,6.0,4.0,0.6666666666666666,2.0,2.0,0.5,64.0,16.0,35.0,8.75,18,16,2
1.0,0.5115329069574861,0.17443344126045504,34.97887631631238,90.0,0.8902439024390244,1.0,4.0,4.0,2.0,0.5,1.0,1.0,0.5,18.0,9.0,8.0,4.0,19,16,2
1.0,0.5246435175421991,0.13995218341469154,19.178467712343284,90.0,0.9146341463414634,1.0,4.0,4.0,4.0,1.0,3.0,1.0,0.75,57.0,14.25,27.0,6.75,20,16,2
0.0,0.7145348173307267,0.4982333821152907,30.83346256473178,90.0,0.6097560975609756,1.0,13.0,11.0,6.0,0.5454545454545454,3.0,3.0,0.5,61.0,10.166666666666666,34.0,5.666666666666667,21,16,2
1.0,0.22422825214695166,0.12293507019149218,10.950568163650852,90.0,1.0,1.0,2.0,2.0,1.0,0.5,1.0,0.0,1.0,14.0,14.0,6.0,6.0,22,16,2
0.0,0.5246845751621119,0.794586291542335,21.947762860624444,90.0,0.8414634146341463,1.0,4.0,4.0,3.0,0.75,1.0,2.0,0.3333333333333333,41.0,13.666666666666666,19.0,6.333333333333333,23,16,2
1.0,0.18770627899925432,0.15783259620889287,14.123441835871759,90.0,1.0,1.0,3.0,3.0,1.0,0.3333333333333333,1.0,0.0,1.0,17.0,17.0,9.0,9.0,24,16,2
0.0,0.6886192761464549,1.0476170830240115,17.12535117599146,90.0,0.8292682926829268,1.0,7.0,5.0,5.0,1.0,4.0,1.0,0.8,81.0,16.2,48.0,9.6,25,16,2
1.0,0.5135895673819897,0.11633548521605852,26.466449160382687,90.0,0.9024390243902439,1.0,4.0,4.0,2.0,0.5,1.0,1.0,0.5,44.0,22.0,26.0,13.0,26,16,2
0.0,0.6176476432046686,0.7466693585970796,16.47362056239932,90.0,0.7682926829268293,1.0,8.0,8.0,6.0,0.75,3.0,3.0,0.5,86.0,14.333333333333334,47.0,7.833333333333333,27,16,2
1.0,0.30622195637578975,0.11705922177416743,15.038111632713733,90.0,0.9390243902439024,1.0,3.0,3.0,1.0,0.3333333333333333,0.0,1.0,0.0,14.0,14.0,5.0,5.0,28,16,2
0.0,0.41239811714820873,1.0628088774054194,24.458671461228317,90.0,0.8902439024390244,1.0,3.0,3.0,2.0,0.6666666666666666,0.0,2.0,0.0,31.0,15.5,14.0,7.0,29,16,2
0.0,0.356865029601086,0.6244491277371577,18.71014191736496,90.0,0.9512195121951219,1.0,4.0,4.0,2.0,0.5,1.0,1.0,0.5,34.0,17.0,18.0,9.0,30,16,2
0.0,0.3381567984257009,0.7632589554392232,16.833738515202114,90.0,0.9390243902439024,1.0,5.0,5.0,2.0,0.4,1.0,1.0,0.5,24.0,12.0,13.0,6.5,31,16,2
1.0,0.4302795093969912,0.11694631616457711,12.084199591411293,90.0,0.8902439024390244,1.0,3.0,3.0,3.0,1.0,2.0,1.0,0.6666666666666666,43.0,14.333333333333334,22.0,7.333333333333333,32,16,2
0.0,0.7919447442225289,0.7586002022594984,20.636848252210427,90.0,0.8048780487804879,1.0,8.0,7.0,6.0,0.8571428571428571,4.0,2.0,0.6666666666666666,97.0,16.166666666666668,53.0,8.833333333333334,33,16,2
0.0,0.5653696064915643,0.4962343473815052,25.808316200067704,90.0,0.7804878048780488,1.0,10.0,9.0,5.0,0.5555555555555556,0.0,5.0,0.0,54.0,10.8,27.0,5.4,34,16,2
1.0,0.1670342550139248,0.14770503736537388,21.772831404914893,90.0,0.9634146341463414,1.0,6.0,4.0,1.0,0.25,0.0,1.0,0.0,4.0,4.0,1.0,1.0,35,16,2
0.0,0.6298048801223887,0.8235874629151922,21.108666407988025,90.0,0.7804878048780488,1.0,6.0,6.0,3.0,0.5,1.0,2.0,0.3333333333333333,59.0,19.666666666666668,33.0,11.0,36,16,2
1.0,0.29513295007316254,0.19654504119232657,13.023231134197239,90.0,0.8902439024390244,1.0,3.0,3.0,1.0,0.3333333333333333,0.0,1.0,0.0,14.0,14.0,5.0,5.0,37,16,2
0.0,1.0592156388412886,1.2261123061295247,24.465311394861335,90.0,0.7926829268292683,1.0,6.0,5.0,3.0,0.6,1.0,2.0,0.3333333333333333,65.0,21.666666666666668,38.0,12.666666666666666,38,16,2
1.0,0.45790142234926273,0.2991954500651876,27.20364369960549,90.0,0.8902439024390244,1.0,7.0,7.0,4.0,0.5714285714285714,1.0,3.0,0.25,49.0,12.25,18.0,4.5,39,16,2
1.0,0.20986049596921624,0.236175533935714,16.689992119765368,90.0,1.0,1.0,4.0,4.0,3.0,0.75,2.0,1.0,0.6666666666666666,26.0,8.666666666666666,18.0,6.0,40,16,2
1.0,0.21745771669399475,0.3535584622447619,14.752942652617328,90.0,1.0,1.0,1.0,1.0,1.0,1.0,0.0,1.0,0.0,23.0,23.0,14.0,14.0,41,16,2
1.0,0.3045385924688827,0.21668268712268718,19.94430928218311,90.0,0.9512195121951219,1.0,4.0,4.0,2.0,0.5,2.0,0.0,1.0,32.0,16.0,21.0,10.5,42,16,2
0.0,0.6951848945527712,0.5635393492383413,27.19397705750769,90.0,0.8170731707317073,1.0,6.0,6.0,3.0,0.5,2.0,1.0,0.6666666666666666,39.0,13.0,22.0,7.333333333333333,43,16,2
1.0,0.28684072192155374,0.16238856862430895,20.988130431977517,90.0,0.9634146341463414,1.0,5.0,5.0,5.0,1.0,3.0,2.0,0.6,46.0,9.2,22.0,4.4,44,16,2
1.0,0.4594300156543762,0.18644157088774954,17.954390059260145,90.0,0.8902439024390244,1.0,5.0,5.0,5.0,1.0,2.0,3.0,0.4,104.0,20.8,67.0,13.4,45,16,2
0.0,0.54516833981043,0.6213281496442162,26.224576972143854,90.0,0.8048780487804879,1.0,9.0,8.0,4.0,0.5,1.0,3.0,0.25,61.0,15.25,28.0,7.0,46,16,2
1.0,0.3599340711869876,0.48817042561777285,16.671294112313365,90.0,0.8780487804878049,1.0,5.0,5.0,4.0,0.8,1.0,3.0,0.25,62.0,15.5,35.0,8.75,47,16,2
1.0,0.3323842650019669,0.279953303249333,22.17583860089642,90.0,0.8780487804878049,1.0,6.0,6.0,4.0,0.6666666666666666,2.0,2.0,0.5,39.0,9.75,18.0,4.5,48,16,2
0.0,0.5656446804176926,0.8268995319621425,21.203732346150996,90.0,0.8658536585365854,1.0,9.0,6.0,4.0,0.6666666666666666,2.0,2.0,0.5,51.0,12.75,23.0,5.75,49,16,2
1.0,0.6107933658515248,0.27170252213036306,19.177624636043465,90.0,0.8414634146341463,1.0,7.0,6.0,6.0,1.0,4.0,2.0,0.6666666666666666,102.0,17.0,63.0,10.5,50,16,2
1.0,0.711710459636526,0.5171399981739673,37.125204036945064,90.0,0.9146341463414634,1.0,5.0,5.0,4.0,0.8,3.0,1.0,0.75,79.0,19.75,44.0,11.0,51,16,2
0.0,0.5306547167148543,1.0338537381872517,21.86643046422929,90.0,0.8414634146341463,1.0,5.0,4.0,2.0,0.5,1.0,1.0,0.5,43.0,21.5,25.0,12.5,52,16,2
0.0,0.4684189404927987,0.7308515881294808,24.515482106286505,90.0,0.8536585365853658,1.0,10.0,10.0,4.0,0.4,1.0,3.0,0.25,46.0,11.5,24.0,6.0,53,16,2
0.0,0.4094500267836942,0.5799773550908414,11.456566726049097,90.0,0.8780487804878049,1.0,5.0,5.0,4.0,0.8,1.0,3.0,0.25,42.0,10.5,21.0,5.25,54,16,2
1.0,0.19634747234176655,0.23763430562506865,16.99275484411728,90.0,0.975609756097561,1.0,4.0,4.0,4.0,1.0,3.0,1.0,0.75,50.0,12.5,30.0,7.5,55,16,2
1.0,0.46764929805140315,0.21713731598754574,17.15276088741284,90.0,0.8780487804878049,1.0,6.0,5.0,5.0,1.0,3.0,2.0,0.6,75.0,15.0,39.0,7.8,56,16,2
0.0,0.39956636214695007,0.7833556822956088,14.040318503957522,90.0,0.8902439024390244,1.0,4.0,4.0,3.0,0.75,1.0,2.0,0.3333333333333333,45.0,15.0,24.0,8.0,57,16,2
1.0,0.5534987906569927,0.48614596980961994,24.053314456347895,90.0,0.8536585365853658,1.0,5.0,5.0,3.0,0.6,2.0,1.0,0.6666666666666666,68.0,22.666666666666668,41.0,13.666666666666666,58,16,2
0.0,0.6105035853526405,0.6414023658457071,20.655366808080778,90.0,0.7073170731707317,1.0,13.0,10.0,7.0,0.7,5.0,2.0,0.7142857142857143,78.0,11.142857142857142,48.0,6.857142857142857,59,16,2
1.0,0.41790775755046083,0.23861148189933526,17.402164929453733,90.0,0.9024390243902439,1.0,3.0,3.0,3.0,1.0,3.0,0.0,1.0,63.0,21.0,39.0,13.0,60,16,2
1.0,0.4477610753242279,0.3819741449133486,17.710907143949903,90.0,0.8414634146341463,1.0,8.0,8.0,5.0,0.625,2.0,3.0,0.4,75.0,15.0,38.0,7.6,61,16,2
0.0,0.5733019481225182,0.8999479592397107,25.421249106609757,90.0,0.9024390243902439,1.0,5.0,5.0,4.0,0.8,2.0,2.0,0.5,53.0,13.25,26.0,6.5,62,16,2
0.0,0.40213952177119805,0.49845672340391456,21.532874935287836,90.0,0.8170731707317073,1.0,3.0,3.0,3.0,1.0,2.0,1.0,0.6666666666666666,37.0,12.333333333333334,21.0,7.0,63,16,2
1.0,0.27540847053281314,0.43434725496928256,14.14181453017958,90.0,0.9390243902439024,1.0,4.0,4.0,3.0,0.75,2.0,1.0,0.6666666666666666,26.0,8.666666666666666,11.0,3.6666666666666665,64,16,2
1.0,0.5161202089136314,0.23579977338163374,22.389759090402503,90.0,0.8292682926829268,1.0,9.0,7.0,5.0,0.7142857142857143,3.0,2.0,0.6,79.0,15.8,43.0,8.6,65,16,2
1.0,0.45030288209660607,0.3620364049244003,24.08362700485295,90.0,0.9024390243902439,1.0,9.0,9.0,5.0,0.5555555555555556,0.0,5.0,0.0,40.0,8.0,17.0,3.4,66,16,2
0.0,0.6009110774825143,0.4591830053562767,28.404580910381394,90.0,0.7804878048780488,1.0,6.0,6.0,4.0,0.6666666666666666,2.0,2.0,0.5,63.0,15.75,38.0,9.5,67,16,2
0.0,1.0604075498833787,1.1679072151929175,40.0436802074264,90.0,0.7560975609756098,1.0,8.0,7.0,5.0,0.7142857142857143,3.0,2.0,0.6,100.0,20.0,55.0,11.0,68,16,2
0.0,0.48672458645234146,0.8655572480478856,28.607312255277044,90.0,0.7926829268292683,1.0,8.0,7.0,6.0,0.8571428571428571,3.0,3.0,0.5,55.0,9.166666666666666,29.0,4.833333333333333,69,16,2
0.0,0.4515949568205006,0.6941114905380587,41.2249923010147,90.0,0.8536585365853658,1.0,7.0,7.0,4.0,0.5714285714285714,2.0,2.0,0.5,48.0,12.0,28.0,7.0,70,16,2
1.0,0.3407197513240354,0.42923947413839475,27.20711933976716,90.0,0.8658536585365854,1.0,6.0,5.0,4.0,0.8,2.0,2.0,0.5,62.0,15.5,38.0,9.5,71,16,2
1.0,0.339164379575266,0.503612773664629,13.329695092394378,90.0,0.8902439024390244,1.0,4.0,3.0,3.0,1.0,1.0,2.0,0.3333333333333333,52.0,17.333333333333332,28.0,9.333333333333334,72,16,2
1.0,0.5036450570092849,0.25383950201604655,18.966973530391638,90.0,0.8414634146341463,1.0,7.0,6.0,5.0,0.8333333333333334,2.0,3.0,0.4,75.0,15.0,36.0,7.2,73,16,2
1.0,0.44493581796068415,0.28951327070988464,18.57868251536906,90.0,0.8292682926829268,1.0,8.0,8.0,5.0,0.625,3.0,2.0,0.6,60.0,12.0,31.0,6.2,74,16,2
0.0,0.7390419629274609,0.6977097872147584,43.89138397028536,90.0,0.7317073170731707,1.0,9.0,8.0,5.0,0.625,3.0,2.0,0.6,66.0,13.2,33.0,6.6,75,16,2
1.0,0.4440850321046641,0.14075678560551005,14.127772420977367,90.0,0.8902439024390244,1.0,2.0,2.0,2.0,1.0,2.0,0.0,1.0,50.0,25.0,32.0,16.0,76,16,2
1.0,0.3122411870377278,0.24176990668286366,12.186142731314957,90.0,0.9390243902439024,1.0,2.0,2.0,2.0,1.0,2.0,0.0,1.0,42.0,21.0,25.0,12.5,77,16,2
1.0,0.2761200068667991,0.11578674611121882,7.681817991308024,90.0,1.0,1.0,3.0,1.0,1.0,1.0,1.0,0.0,1.0,12.0,12.0,7.0,7.0,78,16,2
0.0,0.7446265633305273,0.672205684463705,34.4109285443279,90.0,0.7804878048780488,1.0,10.0,9.0,4.0,0.4444444444444444,1.0,3.0,0.25,58.0,14.5,29.0,7.25,79,16,2
1.0,0.6496288077064715,0.20884350789869974,34.13565125269937,90.0,0.8902439024390244,1.0,5.0,5.0,3.0,0.6,0.0,3.0,0.0,41.0,13.666666666666666,14.0,4.666666666666667,80,16,2
0.0,0.25341233276184266,0.5521453411936776,13.612337225479134,90.0,0.8780487804878049,1.0,8.0,7.0,5.0,0.7142857142857143,1.0,4.0,0.2,39.0,7.8,17.0,3.4,81,16,2
1.0,0.2629160156401693,0.06319527252936111,12.702502928902415,90.0,0.9512195121951219,1.0,3.0,3.0,2.0,0.6666666666666666,2.0,0.0,1.0,42.0,21.0,26.0,13.0,82,16,2
1.0,0.5117914084641236,0.13009146688140288,21.28154340003911,90.0,0.8414634146341463,1.0,9.0,9.0,6.0,0.6666666666666666,1.0,5.0,0.16666666666666666,46.0,7.666666666666667,20.0,3.3333333333333335,83,16,2
0.0,0.6153512598829848,1.1130422742450168,22.325839929583925,90.0,0.8902439024390244,1.0,8.0,6.0,5.0,0.8333333333333334,3.0,2.0,0.6,77.0,15.4,43.0,8.6,84,16,2
0.0,0.402360262677151,0.816492535810121,30.322961755239124,90.0,0.9390243902439024,1.0,7.0,6.0,3.0,0.5,0.0,3.0,0.0,42.0,14.0,20.0,6.666666666666667,85,16,2
0.0,0.5928841586004341,0.7101374525887191,21.43662262809887,90.0,0.8292682926829268,1.0,5.0,5.0,4.0,0.8,3.0,1.0,0.75,71.0,17.75,42.0,10.5,86,16,2
0.0,0.789514320091993,1.0315178237239577,32.15491427060027,90.0,0.7073170731707317,1.0,11.0,10.0,6.0,0.6,3.0,3.0,0.5,86.0,14.333333333333334,51.0,8.5,87,16,2
1.0,0.34737454947688406,0.33511227409018024,23.38457531473617,90.0,0.9512195121951219,1.0,3.0,3.0,3.0,1.0,1.0,2.0,0.3333333333333333,40.0,13.333333333333334,21.0,7.0,88,16,2
0.0,0.5356067457631072,0.8094070647716064,40.29835472945328,90.0,0.8048780487804879,1.0,7.0,7.0,5.0,0.7142857142857143,2.0,3.0,0.4,73.0,14.6,35.0,7.0,89,16,2
0.0,0.680221096855274,1.30130986057274,17.90803717002152,90.0,0.8780487804878049,1.0,7.0,6.0,6.0,1.0,3.0,3.0,0.5,82.0,13.666666666666666,45.0,7.5,90,16,2
0.0,0.4479447115890799,0.6852185813487819,23.968380277770212,90.0,0.9146341463414634,1.0,8.0,7.0,2.0,0.2857142857142857,1.0,1.0,0.5,45.0,22.5,28.0,14.0,91,16,2
1.0,0.6536430857570761,0.34814652240556004,21.221633376067793,90.0,0.8780487804878049,1.0,8.0,8.0,8.0,1.0,2.0,6.0,0.25,66.0,8.25,27.0,3.375,92,16,2
0.0,0.7583963424924358,0.6746235736207384,24.351670839658546,90.0,0.7804878048780488,1.0,4.0,4.0,3.0,0.75,2.0,1.0,0.6666666666666666,66.0,22.0,39.0,13.0,93,16,2
0.0,0.5651176211968576,0.8333079426664161,21.342735754733468,90.0,0.8414634146341463,1.0,6.0,6.0,4.0,0.6666666666666666,2.0,2.0,0.5,50.0,12.5,26.0,6.5,94,16,2
1.0,0.46026871467983266,0.2525539024972635,40.867101282383935,90.0,0.8902439024390244,1.0,5.0,5.0,4.0,0.8,1.0,3.0,0.25,39.0,9.75,12.0,3.0,95,16,2
0.0,0.6104450874321548,0.5871929893384528,27.106372828056784,90.0,0.8292682926829268,1.0,10.0,9.0,5.0,0.5555555555555556,4.0,1.0,0.8,94.0,18.8,51.0,10.2,96,16,2
1.0,0.4048714155948793,0.43653328178600376,18.765534566572693,90.0,0.8536585365853658,1.0,7.0,7.0,4.0,0.5714285714285714,1.0,3.0,0.25,50.0,12.5,26.0,6.5,97,16,2
0.0,0.8133548183999183,1.4046030808536485,31.414561438138065,90.0,0.7682926829268293,1.0,11.0,10.0,7.0,0.7,2.0,5.0,0.2857142857142857,99.0,14.142857142857142,53.0,7.571428571428571,98,16,2
0.0,0.5800056868661149,1.042492570584813,40.8153760818483,90.0,0.8780487804878049,1.0,7.0,7.0,5.0,0.7142857142857143,1.0,4.0,0.2,86.0,17.2,45.0,9.0,99,16,2
1.0,0.33875224855745384,0.12816909089367923,15.266777887018822,90.0,0.926829268292683,1.0,3.0,3.0,3.0,1.0,2.0,1.0,0.6666666666666666,32.0,10.666666666666666,20.0,6.666666666666667,100,16,2
1.0,0.14124085256404095,0.06023096892588436,13.521391451131294,90.0,1.0,1.0,1.0,1.0,1.0,1.0,1.0,0.0,1.0,27.0,27.0,21.0,21.0,101,16,2
1.0,0.2665193511569036,0.07129898923193438,19.567859120451054,90.0,0.9634146341463414,1.0,2.0,2.0,1.0,0.5,1.0,0.0,1.0,24.0,24.0,15.0,15.0,102,16,2
1.0,0.682544922263283,0.29978673277389895,33.80320077181679,90.0,0.8536585365853658,1.0,8.0,8.0,7.0,0.875,2.0,5.0,0.2857142857142857,73.0,10.428571428571429,40.0,5.714285714285714,103,16,2
1.0,0.24894626859953636,0.2911595167702665,13.108132139162324,90.0,0.9390243902439024,1.0,2.0,2.0,1.0,0.5,0.0,1.0,0.0,13.0,13.0,4.0,4.0,104,16,2
0.0,0.6772466552967942,0.7651592696039434,25.188935029953363,90.0,0.8658536585365854,1.0,5.0,5.0,4.0,0.8,2.0,2.0,0.5,64.0,16.0,34.0,8.5,105,16,2
1.0,0.5742845789452115,0.15054076520308865,29.474451644689335,90.0,0.9634146341463414,1.0,5.0,5.0,4.0,0.8,1.0,3.0,0.25,43.0,10.75,14.0,3.5,106,16,2
0.0,0.39879776882813744,0.637091053517688,14.839154640735467,90.0,0.8414634146341463,1.0,7.0,6.0,5.0,0.8333333333333334,3.0,2.0,0.6,62.0,12.4,39.0,7.8,107,16,2
1.0,0.33486336794297167,0.13192662063148863,22.019629841920672,90.0,1.0,1.0,6.0,5.0,5.0,1.0,4.0,1.0,0.8,81.0,16.2,46.0,9.2,108,16,2
0.0,0.6362131033787995,0.7421370361123871,13.754953886498475,90.0,0.8536585365853658,1.0,7.0,7.0,6.0,0.8571428571428571,3.0,3.0,0.5,77.0,12.833333333333334,41.0,6.833333333333333,109,16,2
1.0,0.3181745899168663,0.271807896050462,16.475470615375333,90.0,0.9512195121951219,1.0,5.0,4.0,2.0,0.5,2.0,0.0,1.0,46.0,23.0,30.0,15.0,110,16,2
1.0,0.2968694916695115,0.09194968322338888,15.092323392088105,90.0,0.9390243902439024,1.0,2.0,2.0,2.0,1.0,1.0,1.0,0.5,22.0,11.0,11.0,5.5,111,16,2
0.0,0.3874110774372511,0.6645084373133372,11.211205141924209,90.0,0.8902439024390244,1.0,3.0,2.0,2.0,1.0,2.0,0.0,1.0,47.0,23.5,29.0,14.5,112,16,2
0.0,0.4165159646707432,0.37838818827039905,23.07883153585644,90.0,0.8292682926829268,1.0,7.0,7.0,5.0,0.7142857142857143,3.0,2.0,0.6,68.0,13.6,37.0,7.4,113,16,2
0.0,1.0372258602336504,2.4812223921628167,31.81317919879556,90.0,0.7804878048780488,1.0,8.0,8.0,5.0,0.625,1.0,4.0,0.2,69.0,13.8,33.0,6.6,114,16,2
0.0,0.5167910732373586,1.173085293721512,27.15610087848253,90.0,1.0,1.0,7.0,5.0,3.0,0.6,3.0,0.0,1.0,55.0,18.333333333333332,31.0,10.333333333333334,115,16,2
1.0,0.695408833528986,0.3255612799435632,23.709565460639567,90.0,0.7073170731707317,1.0,6.0,6.0,3.0,0.5,0.0,3.0,0.0,49.0,16.333333333333332,22.0,7.333333333333333,116,16,2
0.0,0.5121044577296229,0.8161039263276093,30.081536266776947,90.0,0.8658536585365854,1.0,5.0,5.0,3.0,0.6,0.0,3.0,0.0,49.0,16.333333333333332,22.0,7.333333333333333,117,16,2
0.0,0.5211338940438167,0.8896132370607478,14.87114356584579,90.0,0.8170731707317073,1.0,4.0,4.0,3.0,0.75,2.0,1.0,0.6666666666666666,66.0,22.0,39.0,13.0,118,16,2
1.0,0.37584859979243646,0.13955388330097215,24.24116508008524,90.0,0.9390243902439024,1.0,4.0,4.0,3.0,0.75,1.0,2.0,0.3333333333333333,48.0,16.0,25.0,8.333333333333334,119,16,2
0.0,0.5511562264144122,0.8519405534319634,22.761581376706275,90.0,0.8048780487804879,1.0,9.0,9.0,5.0,0.5555555555555556,3.0,2.0,0.6,107.0,21.4,65.0,13.0,120,16,2
1.0,0.4204793406528352,0.3812088189520722,21.119708440108337,90.0,0.8170731707317073,1.0,8.0,8.0,5.0,0.625,2.0,3.0,0.4,48.0,9.6,26.0,5.2,121,16,2
0.0,0.47877344796898724,0.615080141636459,32.22712337530622,90.0,0.9512195121951219,1.0,7.0,7.0,6.0,0.8571428571428571,2.0,4.0,0.3333333333333333,55.0,9.166666666666666,24.0,4.0,122,16,2
0.0,0.6605640924626586,0.8820907058629333,23.815328202631783,90.0,0.7195121951219512,1.0,8.0,8.0,5.0,0.625,2.0,3.0,0.4,58.0,11.6,27.0,5.4,123,16,2
0.0,0.701144910133288,0.7229565418012389,27.64263115584112,90.0,0.8048780487804879,1.0,10.0,9.0,9.0,1.0,6.0,3.0,0.6666666666666666,86.0,9.555555555555555,45.0,5.0,124,16,2
1.0,0.5709376243964325,0.32633299817155625,26.744027948544602,90.0,0.8658536585365854,1.0,11.0,11.0,7.0,0.6363636363636364,4.0,3.0,0.5714285714285714,86.0,12.285714285714286,53.0,7.571428571428571,125,16,2
1.0,0.6285287190607551,0.3915409071813553,23.24906908238629,90.0,0.8414634146341463,1.0,7.0,6.0,4.0,0.6666666666666666,1.0,3.0,0.25,75.0,18.75,39.0,9.75,126,16,2
0.0,0.5915390105178495,0.6870525160580047,10.963960405743702,90.0,0.8536585365853658,1.0,5.0,4.0,3.0,0.75,1.0,2.0,0.3333333333333333,50.0,16.666666666666668,26.0,8.666666666666666,127,16,2
0.0,0.7252890146163822,0.927001654718623,27.265051330719626,90.0,0.7317073170731707,1.0,7.0,7.0,5.0,0.7142857142857143,4.0,1.0,0.8,65.0,13.0,36.0,7.2,128,16,2
0.0,0.6054692789497352,0.6293233732361673,20.845774810116893,90.0,0.9512195121951219,1.0,5.0,4.0,4.0,1.0,2.0,2.0,0.5,68.0,17.0,38.0,9.5,129,16,2
1.0,0.4332799185014287,0.33461509181949317,18.56651307983248,90.0,0.8536585365853658,1.0,10.0,9.0,4.0,0.4444444444444444,2.0,2.0,0.5,62.0,15.5,32.0,8.0,130,16,2
0.0,0.5736719065543988,0.5744710544291912,24.09225059107168,90.0,0.8170731707317073,1.0,6.0,6.0,4.0,0.6666666666666666,3.0,1.0,0.75,61.0,15.25,34.0,8.5,131,16,2
1.0,0.45494181572520576,0.3709421578582013,17.512782717888093,90.0,0.9390243902439024,1.0,7.0,6.0,4.0,0.6666666666666666,2.0,2.0,0.5,52.0,13.0,30.0,7.5,132,16,2
1.0,0.36354979208951965,0.15469160554162953,14.11410410300842,90.0,0.8902439024390244,1.0,4.0,4.0,2.0,0.5,1.0,1.0,0.5,50.0,25.0,32.0,16.0,133,16,2
0.0,0.4970510493689318,0.9979054144169204,18.523480119492927,90.0,0.8536585365853658,1.0,4.0,4.0,4.0,1.0,3.0,1.0,0.75,51.0,12.75,27.0,6.75,134,16,2
1.0,0.7531386746981593,0.5315934194105832,17.586565120999115,90.0,0.8658536585365854,1.0,6.0,6.0,4.0,0.6666666666666666,1.0,3.0,0.25,30.0,7.5,11.0,2.75,135,16,2
0.0,0.516843950485626,0.6136528273748451,18.652139384877856,90.0,0.8536585365853658,1.0,6.0,5.0,4.0,0.8,3.0,1.0,0.75,46.0,11.5,23.0,5.75,136,16,2
0.0,0.7514322106097154,0.9330380576284504,36.36729416211307,45.0,0.6341463414634146,1.0,12.0,12.0,5.0,0.4166666666666667,2.0,3.0,0.4,61.0,12.2,31.0,6.2,17,16,4
0.0,0.7928406312156232,0.6852261977376451,39.33364206143425,45.0,0.8536585365853658,1.0,6.0,6.0,4.0,0.6666666666666666,2.0,2.0,0.5,68.0,17.0,38.0,9.5,18,16,4
1.0,0.5430541454455761,0.15490031550730587,29.17356646563815,45.0,0.8780487804878049,1.0,4.0,4.0,2.0,0.5,1.0,1.0,0.5,19.0,9.5,8.0,4.0,19,16,4
1.0,0.597050867725075,0.15291301722123316,24.03600554638894,45.0,0.9024390243902439,1.0,4.0,4.0,4.0,1.0,3.0,1.0,0.75,59.0,14.75,27.0,6.75,20,16,4
0.0,0.7521117858044489,0.5496530375769235,34.76377439521044,45.0,0.5853658536585366,1.0,13.0,11.0,6.0,0.5454545454545454,2.0,4.0,0.3333333333333333,70.0,11.666666666666666,42.0,7.0,21,16,4
1.0,0.23963233996211716,0.1548198392467174,13.712928913628705,45.0,1.0,1.0,2.0,2.0,1.0,0.5,1.0,0.0,1.0,15.0,15.0,6.0,6.0,22,16,4
0.0,0.5934592180343659,0.8490962418823048,28.88024985905674,45.0,0.8536585365853658,1.0,4.0,4.0,3.0,0.75,1.0,2.0,0.3333333333333333,42.0,14.0,20.0,6.666666666666667,23,16,4
1.0,0.20557211568244205,0.192314309979584,19.263875847065457,45.0,1.0,1.0,3.0,3.0,1.0,0.3333333333333333,1.0,0.0,1.0,19.0,19.0,11.0,11.0,24,16,4
0.0,0.7518527354051472,1.120153234751713,24.15270922638245,45.0,0.8292682926829268,1.0,7.0,5.0,5.0,1.0,4.0,1.0,0.8,83.0,16.6,50.0,10.0,25,16,4
1.0,0.5648619713874407,0.11315103846878553,20.91210988698532,45.0,0.9024390243902439,1.0,4.0,4.0,3.0,0.75,2.0,1.0,0.6666666666666666,53.0,17.666666666666668,31.0,10.333333333333334,26,16,4
0.0,0.6804150769923898,0.7940743585140482,27.282870197520342,45.0,0.7560975609756098,1.0,8.0,8.0,7.0,0.875,3.0,4.0,0.42857142857142855,90.0,12.857142857142858,51.0,7.285714285714286,27,16,4
1.0,0.31418726472766567,0.11964797247273125,18.88308993249414,45.0,0.926829268292683,1.0,3.0,3.0,2.0,0.6666666666666666,1.0,1.0,0.5,16.0,8.0,7.0,3.5,28,16,4
0.0,0.4665592193799545,1.1819873928091176,31.972319368868728,45.0,0.8780487804878049,1.0,3.0,3.0,1.0,0.3333333333333333,0.0,1.0,0.0,15.0,15.0,6.0,6.0,29,16,4
0.0,0.4023606071153338,0.7406733735934934,13.652979048757807,45.0,0.9512195121951219,1.0,4.0,4.0,2.0,0.5,1.0,1.0,0.5,35.0,17.5,19.0,9.5,30,16,4
0.0,0.37132792134488696,0.8272918374281332,22.100684082113922,45.0,0.9512195121951219,1.0,5.0,5.0,2.0,0.4,1.0,1.0,0.5,24.0,12.0,12.0,6.0,31,16,4
1.0,0.45480420946393635,0.11908070405259104,11.710465915816973,45.0,0.8780487804878049,1.0,3.0,3.0,3.0,1.0,2.0,1.0,0.6666666666666666,45.0,15.0,24.0,8.0,32,16,4
0.0,0.9062455459257959,0.9096025083301762,26.839489308347094,45.0,0.8048780487804879,1.0,8.0,7.0,5.0,0.7142857142857143,2.0,3.0,0.4,78.0,15.6,41.0,8.2,33,16,4
0.0,0.653416255374865,0.6175478612528571,27.5261283814382,45.0,0.7560975609756098,1.0,10.0,9.0,5.0,0.5555555555555556,0.0,5.0,0.0,54.0,10.8,27.0,5.4,34,16,4
1.0,0.18886803961030588,0.13521355542112343,11.39800581991538,45.0,0.9512195121951219,1.0,6.0,4.0,1.0,0.25,0.0,1.0,0.0,4.0,4.0,1.0,1.0,35,16,4
0.0,0.7052785759999708,0.9320417392065103,27.174161922391455,45.0,0.8048780487804879,1.0,6.0,6.0,2.0,0.3333333333333333,1.0,1.0,0.5,38.0,19.0,20.0,10.0,36,16,4
1.0,0.3318345946572397,0.21078479575007622,16.958195212118902,45.0,0.9024390243902439,1.0,3.0,3.0,1.0,0.3333333333333333,0.0,1.0,0.0,14.0,14.0,5.0,5.0,37,16,4
0.0,1.1509029297600089,1.3685868235364356,34.25809797365774,45.0,0.8048780487804879,1.0,6.0,5.0,3.0,0.6,1.0,2.0,0.3333333333333333,66.0,22.0,39.0,13.0,38,16,4
1.0,0.5095210511697565,0.31867007636196126,32.62948803467586,45.0,0.8780487804878049,1.0,7.0,7.0,4.0,0.5714285714285714,1.0,3.0,0.25,53.0,13.25,19.0,4.75,39,16,4
1.0,0.21468270286809105,0.22515022021316125,18.82287728452402,45.0,1.0,1.0,4.0,4.0,3.0,0.75,2.0,1.0,0.6666666666666666,26.0,8.666666666666666,17.0,5.666666666666667,40,16,4
0.0,0.26966488147716855,0.4228426566464328,16.549087627097787,45.0,1.0,1.0,1.0,1.0,1.0,1.0,0.0,1.0,0.0,23.0,23.0,14.0,14.0,41,16,4
1.0,0.33559380686194257,0.27518443773931983,15.897429423151381,45.0,0.9512195121951219,1.0,4.0,4.0,3.0,0.75,3.0,0.0,1.0,38.0,12.666666666666666,27.0,9.0,42,16,4
0.0,0.7317110675004717,0.5997758812495394,38.88000718991149,45.0,0.8048780487804879,1.0,6.0,6.0,3.0,0.5,2.0,1.0,0.6666666666666666,39.0,13.0,22.0,7.333333333333333,43,16,4
1.0,0.2937669649399128,0.18580338166367186,17.600051280712357,45.0,0.975609756097561,1.0,5.0,5.0,5.0,1.0,3.0,2.0,0.6,36.0,7.2,21.0,4.2,44,16,4
1.0,0.4981286267336161,0.19910553632984598,23.714375337138677,45.0,0.9024390243902439,1.0,5.0,5.0,5.0,1.0,3.0,2.0,0.6,94.0,18.8,55.0,11.0,45,16,4
0.0,0.5944846976455275,0.6902597181290323,28.735278330702883,45.0,0.8048780487804879,1.0,9.0,8.0,5.0,0.625,1.0,4.0,0.2,64.0,12.8,29.0,5.8,46,16,4
0.0,0.3834129539057767,0.49551025366963236,22.99600426639034,45.0,0.9024390243902439,1.0,5.0,5.0,4.0,0.8,1.0,3.0,0.25,63.0,15.75,33.0,8.25,47,16,4
1.0,0.3506417729005294,0.28340527564049,28.285784832265854,45.0,0.8780487804878049,1.0,6.0,6.0,4.0,0.6666666666666666,2.0,2.0,0.5,40.0,10.0,19.0,4.75,48,16,4
0.0,0.6664696204717777,0.9545722709638034,20.258372178444322,45.0,0.8536585365853658,1.0,9.0,6.0,5.0,0.8333333333333334,3.0,2.0,0.6,56.0,11.2,26.0,5.2,49,16,4
1.0,0.6808890041308235,0.2922878033016779,27.771404401006766,45.0,0.8536585365853658,1.0,7.0,6.0,5.0,0.8333333333333334,3.0,2.0,0.6,93.0,18.6,58.0,11.6,50,16,4
0.0,0.8504263017568475,0.5794235739896204,36.807481532895544,45.0,0.9024390243902439,1.0,5.0,5.0,4.0,0.8,3.0,1.0,0.75,82.0,20.5,47.0,11.75,51,16,4
0.0,0.5909286732386451,1.158012987343722,36.009142565968645,45.0,0.8292682926829268,1.0,5.0,4.0,2.0,0.5,1.0,1.0,0.5,45.0,22.5,27.0,13.5,52,16,4
0.0,0.4911688323053203,0.8133222144364083,31.63064831196669,45.0,0.8292682926829268,1.0,10.0,10.0,5.0,0.5,1.0,4.0,0.2,51.0,10.2,25.0,5.0,53,16,4
0.0,0.46822985574589454,0.651856093200528,14.952028182199008,45.0,0.8780487804878049,1.0,5.0,5.0,4.0,0.8,1.0,3.0,0.25,43.0,10.75,22.0,5.5,54,16,4
1.0,0.24122652854801,0.2714446673775754,17.35202265588839,45.0,0.975609756097561,1.0,4.0,4.0,4.0,1.0,3.0,1.0,0.75,48.0,12.0,28.0,7.0,55,16,4
1.0,0.5322898524465165,0.24182359936238348,23.21015265588212,45.0,0.8780487804878049,1.0,6.0,5.0,4.0,0.8,3.0,1.0,0.75,73.0,18.25,42.0,10.5,56,16,4
0.0,0.4532511194852633,0.85380085813606,18.941778400435577,45.0,0.8780487804878049,1.0,4.0,4.0,3.0,0.75,1.0,2.0,0.3333333333333333,46.0,15.333333333333334,24.0,8.0,57,16,4
0.0,0.6241451771752673,0.5255312550023097,28.981071012780713,45.0,0.8536585365853658,1.0,5.0,5.0,3.0,0.6,2.0,1.0,0.6666666666666666,69.0,23.0,42.0,14.0,58,16,4
0.0,0.6563260700211129,0.7171880687912969,26.92803962796631,45.0,0.7073170731707317,1.0,13.0,10.0,7.0,0.7,5.0,2.0,0.7142857142857143,84.0,12.0,53.0,7.571428571428571,59,16,4
1.0,0.4743346714398716,0.2707880882533489,23.11203686954554,45.0,0.9024390243902439,1.0,3.0,3.0,3.0,1.0,3.0,0.0,1.0,68.0,22.666666666666668,44.0,14.666666666666666,60,16,4
1.0,0.49109134824440953,0.3822105400846068,22.002065915000312,45.0,0.8536585365853658,1.0,8.0,8.0,4.0,0.5,1.0,3.0,0.25,78.0,19.5,43.0,10.75,61,16,4
0.0,0.6777285608848568,1.0228097750942913,24.852491322567847,45.0,0.9024390243902439,1.0,5.0,5.0,4.0,0.8,2.0,2.0,0.5,55.0,13.75,27.0,6.75,62,16,4
0.0,0.4506675552452348,0.5383787535451035,21.752193300229422,45.0,0.8292682926829268,1.0,3.0,3.0,3.0,1.0,2.0,1.0,0.6666666666666666,39.0,13.0,23.0,7.666666666666667,63,16,4
1.0,0.27983582362187925,0.4503904280593416,11.870532554803098,45.0,0.9512195121951219,1.0,4.0,4.0,3.0,0.75,2.0,1.0,0.6666666666666666,29.0,9.666666666666666,14.0,4.666666666666667,64,16,4
1.0,0.5512489479153149,0.22423424729436314,24.304903914606147,45.0,0.8292682926829268,1.0,9.0,7.0,5.0,0.7142857142857143,3.0,2.0,0.6,83.0,16.6,47.0,9.4,65,16,4
0.0,0.49226166554654033,0.4360570773345449,30.898704299961615,45.0,0.926829268292683,1.0,9.0,9.0,5.0,0.5555555555555556,0.0,5.0,0.0,40.0,8.0,16.0,3.2,66,16,4
0.0,0.6604571526263399,0.5641029432155317,34.46701023101507,45.0,0.7804878048780488,1.0,6.0,6.0,5.0,0.8333333333333334,3.0,2.0,0.6,86.0,17.2,48.0,9.6,67,16,4
0.0,1.2703475217271807,1.4170963290179577,49.638560435291076,45.0,0.7317073170731707,1.0,8.0,7.0,5.0,0.7142857142857143,3.0,2.0,0.6,104.0,20.8,59.0,11.8,68,16,4
0.0,0.560106719103856,0.9747789244391984,30.089963397937414,45.0,0.8048780487804879,1.0,8.0,7.0,6.0,0.8571428571428571,3.0,3.0,0.5,57.0,9.5,31.0,5.166666666666667,69,16,4
0.0,0.5276658902116051,0.8351312734742916,40.592662357611694,45.0,0.8780487804878049,1.0,7.0,7.0,4.0,0.5714285714285714,1.0,3.0,0.25,57.0,14.25,30.0,7.5,70,16,4
1.0,0.40240755767063646,0.46518972306011425,38.980583874462866,45.0,0.8536585365853658,1.0,6.0,5.0,4.0,0.8,2.0,2.0,0.5,61.0,15.25,37.0,9.25,71,16,4
1.0,0.3595117517432746,0.5228169758909565,16.19465839337215,45.0,0.9024390243902439,1.0,4.0,3.0,3.0,1.0,1.0,2.0,0.3333333333333333,52.0,17.333333333333332,26.0,8.666666666666666,72,16,4
1.0,0.5612299545356042,0.3232912124841684,23.4733226009791,45.0,0.8292682926829268,1.0,7.0,6.0,5.0,0.8333333333333334,2.0,3.0,0.4,77.0,15.4,37.0,7.4,73,16,4
1.0,0.4972321695728799,0.3421814256253421,25.39640779307633,45.0,0.8292682926829268,1.0,8.0,8.0,5.0,0.625,3.0,2.0,0.6,66.0,13.2,35.0,7.0,74,16,4
0.0,0.8325153515188713,0.7588655730114542,42.12390263856923,45.0,0.7073170731707317,1.0,9.0,8.0,6.0,0.75,4.0,2.0,0.6666666666666666,90.0,15.0,49.0,8.166666666666666,75,16,4
1.0,0.4888711888528832,0.12588886275165262,15.586870423590385,45.0,0.8780487804878049,1.0,2.0,2.0,2.0,1.0,2.0,0.0,1.0,53.0,26.5,35.0,17.5,76,16,4
1.0,0.3400028654738781,0.24813344917392136,14.878226218455362,45.0,0.926829268292683,1.0,2.0,2.0,2.0,1.0,2.0,0.0,1.0,44.0,22.0,27.0,13.5,77,16,4
1.0,0.28562460245731786,0.11893933778630471,8.261432664601656,45.0,1.0,1.0,3.0,1.0,1.0,1.0,1.0,0.0,1.0,13.0,13.0,7.0,7.0,78,16,4
0.0,0.822479845877499,0.820640598990864,31.562536620009006,45.0,0.7317073170731707,1.0,10.0,9.0,4.0,0.4444444444444444,1.0,3.0,0.25,58.0,14.5,29.0,7.25,79,16,4
1.0,0.7855255312654332,0.2238338071424209,34.09723709680636,45.0,0.9024390243902439,1.0,5.0,5.0,3.0,0.6,0.0,3.0,0.0,41.0,13.666666666666666,14.0,4.666666666666667,80,16,4
0.0,0.2623783803491883,0.5653684788481926,19.208996728956894,45.0,0.8780487804878049,1.0,8.0,7.0,4.0,0.5714285714285714,1.0,3.0,0.25,34.0,8.5,17.0,4.25,81,16,4
1.0,0.28931788780211326,0.06517555606841147,17.230485111465875,45.0,0.9512195121951219,1.0,3.0,3.0,2.0,0.6666666666666666,2.0,0.0,1.0,44.0,22.0,27.0,13.5,82,16,4
1.0,0.5771175722652878,0.1476509079021496,26.2173418105982,45.0,0.8536585365853658,1.0,9.0,9.0,7.0,0.7777777777777778,2.0,5.0,0.2857142857142857,54.0,7.714285714285714,22.0,3.142857142857143,83,16,4
0.0,0.7128215485500182,1.4281283013910764,27.952379679221462,45.0,0.9024390243902439,1.0,8.0,6.0,6.0,1.0,4.0,2.0,0.6666666666666666,90.0,15.0,47.0,7.833333333333333,84,16,4
0.0,0.4330327814030313,0.9435561292419338,29.917601062341358,45.0,0.926829268292683,1.0,7.0,6.0,4.0,0.6666666666666666,0.0,4.0,0.0,45.0,11.25,20.0,5.0,85,16,4
0.0,0.6485338418797278,0.7541533724272782,28.32462046515326,45.0,0.8536585365853658,1.0,5.0,5.0,4.0,0.8,3.0,1.0,0.75,73.0,18.25,43.0,10.75,86,16,4
0.0,0.9071583916734076,1.1812990267097467,38.711268890873264,45.0,0.7317073170731707,1.0,11.0,10.0,5.0,0.5,2.0,3.0,0.4,83.0,16.6,49.0,9.8,87,16,4
1.0,0.3643026709424845,0.28971824542500496,18.930472517091435,45.0,0.9512195121951219,1.0,3.0,3.0,3.0,1.0,1.0,2.0,0.3333333333333333,41.0,13.666666666666666,22.0,7.333333333333333,88,16,4
0.0,0.5896119461227163,0.8549503770518704,40.06131591960733,45.0,0.7804878048780488,1.0,7.0,7.0,5.0,0.7142857142857143,2.0,3.0,0.4,73.0,14.6,35.0,7.0,89,16,4
0.0,0.8045245776314128,1.6120575445754026,21.994850923474893,45.0,0.8780487804878049,1.0,7.0,6.0,6.0,1.0,3.0,3.0,0.5,88.0,14.666666666666666,50.0,8.333333333333334,90,16,4
0.0,0.49234675131884936,0.7675815853458681,23.639488275279415,45.0,0.926829268292683,1.0,8.0,7.0,3.0,0.42857142857142855,1.0,2.0,0.3333333333333333,52.0,17.333333333333332,30.0,10.0,91,16,4
0.0,0.7564094045988542,0.4161151024536478,25.244863251942796,45.0,0.8780487804878049,1.0,8.0,8.0,8.0,1.0,2.0,6.0,0.25,68.0,8.5,28.0,3.5,92,16,4
0.0,0.8396907759526954,0.7693167148517435,23.69861570902423,45.0,0.8292682926829268,1.0,4.0,4.0,3.0,0.75,2.0,1.0,0.6666666666666666,67.0,22.333333333333332,40.0,13.333333333333334,93,16,4
0.0,0.6360479688406424,0.9317611201309054,24.087120419707297,45.0,0.8536585365853658,1.0,6.0,6.0,4.0,0.6666666666666666,2.0,2.0,0.5,54.0,13.5,26.0,6.5,94,16,4
1.0,0.5347549206288618,0.25884935332171566,36.544733577826534,45.0,0.8780487804878049,1.0,5.0,5.0,5.0,1.0,2.0,3.0,0.4,41.0,8.2,14.0,2.8,95,16,4
0.0,0.6451139833163982,0.6238861176373993,35.693393639960775,45.0,0.8048780487804879,1.0,10.0,9.0,5.0,0.5555555555555556,4.0,1.0,0.8,94.0,18.8,53.0,10.6,96,16,4
1.0,0.4450659049541187,0.4799115674495893,24.658926422076036,45.0,0.8536585365853658,1.0,7.0,7.0,4.0,0.5714285714285714,1.0,3.0,0.25,51.0,12.75,27.0,6.75,97,16,4
0.0,0.8937663732018971,1.514647559489123,41.6839306394915,45.0,0.7560975609756098,1.0,11.0,10.0,7.0,0.7,2.0,5.0,0.2857142857142857,100.0,14.285714285714286,51.0,7.285714285714286,98,16,4
0.0,0.6226077364219635,1.1144168100329914,38.18500258265248,45.0,0.9024390243902439,1.0,7.0,7.0,6.0,0.8571428571428571,2.0,4.0,0.3333333333333333,91.0,15.166666666666666,49.0,8.166666666666666,99,16,4
1.0,0.3766707702943022,0.10118513225570423,20.16307217442244,45.0,0.926829268292683,1.0,3.0,3.0,3.0,1.0,2.0,1.0,0.6666666666666666,34.0,11.333333333333334,22.0,7.333333333333333,100,16,4
1.0,0.16860403049159894,0.06153327335821158,16.44371109905738,45.0,1.0,1.0,1.0,1.0,1.0,1.0,1.0,0.0,1.0,30.0,30.0,28.0,28.0,101,16,4
1.0,0.3100850921639742,0.0888772481310955,16.64763555370152,45.0,0.975609756097561,1.0,2.0,2.0,1.0,0.5,1.0,0.0,1.0,24.0,24.0,15.0,15.0,102,16,4
1.0,0.8585709865122068,0.4127643230250571,31.143814901315096,45.0,0.8536585365853658,1.0,8.0,8.0,7.0,0.875,2.0,5.0,0.2857142857142857,77.0,11.0,42.0,6.0,103,16,4
1.0,0.27346252647033453,0.2978858137251707,10.90920309340071,45.0,0.926829268292683,1.0,2.0,2.0,2.0,1.0,1.0,1.0,0.5,32.0,16.0,16.0,8.0,104,16,4
0.0,0.7639602125225615,0.9248666558206796,31.456298429198224,45.0,0.8780487804878049,1.0,5.0,5.0,4.0,0.8,2.0,2.0,0.5,65.0,16.25,33.0,8.25,105,16,4
1.0,0.7303539927094321,0.2196720411384432,34.21273533518213,45.0,0.975609756097561,1.0,5.0,5.0,4.0,0.8,1.0,3.0,0.25,45.0,11.25,16.0,4.0,106,16,4
0.0,0.44655159745272494,0.7258424944478208,21.723509412097005,45.0,0.8536585365853658,1.0,7.0,6.0,5.0,0.8333333333333334,2.0,3.0,0.4,65.0,13.0,38.0,7.6,107,16,4
1.0,0.39318665523957613,0.1707362541850355,22.539622534508165,45.0,1.0,1.0,6.0,5.0,5.0,1.0,4.0,1.0,0.8,82.0,16.4,47.0,9.4,108,16,4
0.0,0.6886020641707707,0.7880384690666228,24.365095633061095,45.0,0.8536585365853658,1.0,7.0,7.0,6.0,0.8571428571428571,3.0,3.0,0.5,77.0,12.833333333333334,40.0,6.666666666666667,109,16,4
1.0,0.3742378443445484,0.34110739266909784,13.674018210023807,45.0,0.9512195121951219,1.0,5.0,4.0,2.0,0.5,2.0,0.0,1.0,48.0,24.0,32.0,16.0,110,16,4
1.0,0.3338619857340186,0.1051784500400001,14.505622221523923,45.0,0.926829268292683,1.0,2.0,2.0,2.0,1.0,1.0,1.0,0.5,24.0,12.0,12.0,6.0,111,16,4
0.0,0.42735571238055825,0.7190621666874939,13.994786614007504,45.0,0.9024390243902439,1.0,3.0,2.0,2.0,1.0,2.0,0.0,1.0,49.0,24.5,31.0,15.5,112,16,4
0.0,0.4567563206132104,0.41065700995940807,29.83506870767704,45.0,0.8292682926829268,1.0,7.0,7.0,4.0,0.5714285714285714,3.0,1.0,0.75,68.0,17.0,38.0,9.5,113,16,4
0.0,1.1285785548989515,2.7205382963816853,45.53370787042456,45.0,0.7804878048780488,1.0,8.0,8.0,6.0,0.75,2.0,4.0,0.3333333333333333,72.0,12.0,36.0,6.0,114,16,4
0.0,0.6413490092722356,1.490403444106387,32.150587234393704,45.0,1.0,1.0,7.0,5.0,3.0,0.6,2.0,1.0,0.6666666666666666,57.0,19.0,33.0,11.0,115,16,4
1.0,0.7458027529392944,0.33924158324306747,33.65041742489154,45.0,0.7073170731707317,1.0,6.0,6.0,2.0,0.3333333333333333,0.0,2.0,0.0,30.0,15.0,12.0,6.0,116,16,4
0.0,0.5998929620443004,0.9472805615211425,37.77220458117913,45.0,0.8536585365853658,1.0,5.0,5.0,3.0,0.6,0.0,3.0,0.0,49.0,16.333333333333332,22.0,7.333333333333333,117,16,4
0.0,0.576201550222595,0.986795348980546,23.45062565500657,45.0,0.8536585365853658,1.0,4.0,4.0,3.0,0.75,2.0,1.0,0.6666666666666666,69.0,23.0,42.0,14.0,118,16,4
1.0,0.41451669059575647,0.1525218189272888,22.72506578370133,45.0,0.926829268292683,1.0,4.0,4.0,3.0,0.75,1.0,2.0,0.3333333333333333,52.0,17.333333333333332,28.0,9.333333333333334,119,16,4
0.0,0.6142656603453579,0.9437312553118792,29.231990829296834,45.0,0.8048780487804879,1.0,9.0,9.0,4.0,0.4444444444444444,2.0,2.0,0.5,88.0,22.0,55.0,13.75,120,16,4
1.0,0.45083430462135476,0.4149064915791553,31.688264371055226,45.0,0.8048780487804879,1.0,8.0,8.0,5.0,0.625,2.0,3.0,0.4,50.0,10.0,28.0,5.6,121,16,4
0.0,0.5805397211409086,0.6851689900355911,39.792664573075264,45.0,0.9512195121951219,1.0,7.0,7.0,7.0,1.0,1.0,6.0,0.14285714285714285,69.0,9.857142857142858,28.0,4.0,122,16,4
0.0,0.7229608004598569,0.9323510139156725,32.20732136605121,45.0,0.7317073170731707,1.0,8.0,8.0,5.0,0.625,2.0,3.0,0.4,61.0,12.2,27.0,5.4,123,16,4
0.0,0.8111862055672189,0.8036926896169905,37.02361679186705,45.0,0.7804878048780488,1.0,10.0,9.0,9.0,1.0,5.0,4.0,0.5555555555555556,89.0,9.88888888888889,47.0,5.222222222222222,124,16,4
1.0,0.6304652933239527,0.3084886126339864,34.41750054489332,45.0,0.8780487804878049,1.0,11.0,11.0,7.0,0.6363636363636364,4.0,3.0,0.5714285714285714,84.0,12.0,50.0,7.142857142857143,125,16,4
1.0,0.6749667743631061,0.49048310120022565,30.22083681618946,45.0,0.8292682926829268,1.0,7.0,6.0,4.0,0.6666666666666666,1.0,3.0,0.25,77.0,19.25,41.0,10.25,126,16,4
0.0,0.6813484932019622,0.7855482058022577,16.531524052860313,45.0,0.8780487804878049,1.0,5.0,4.0,3.0,0.75,1.0,2.0,0.3333333333333333,51.0,17.0,27.0,9.0,127,16,4
0.0,0.8721316871826984,1.1889432429061277,37.65490921199995,45.0,0.7317073170731707,1.0,7.0,7.0,5.0,0.7142857142857143,4.0,1.0,0.8,69.0,13.8,38.0,7.6,128,16,4
0.0,0.6964645757740493,0.6902669825074189,24.770716999551905,45.0,0.9512195121951219,1.0,5.0,4.0,4.0,1.0,2.0,2.0,0.5,69.0,17.25,37.0,9.25,129,16,4
1.0,0.46581399628064235,0.35639113653356846,23.196823736267596,45.0,0.8780487804878049,1.0,10.0,9.0,4.0,0.4444444444444444,2.0,2.0,0.5,63.0,15.75,34.0,8.5,130,16,4
0.0,0.6276035803001032,0.6342837444004106,36.9242411824344,45.0,0.8048780487804879,1.0,6.0,6.0,4.0,0.6666666666666666,2.0,2.0,0.5,82.0,20.5,46.0,11.5,131,16,4
1.0,0.47612824350907407,0.39060902596282177,15.357693790148675,45.0,0.926829268292683,1.0,7.0,6.0,4.0,0.6666666666666666,2.0,2.0,0.5,53.0,13.25,31.0,7.75,132,16,4
1.0,0.3982528815990953,0.16336745189984814,16.98079408210855,45.0,0.8780487804878049,1.0,4.0,4.0,2.0,0.5,1.0,1.0,0.5,51.0,25.5,33.0,16.5,133,16,4
0.0,0.5611189905614045,1.090109680874111,27.127707588728185,45.0,0.8536585365853658,1.0,4.0,4.0,4.0,1.0,3.0,1.0,0.75,54.0,13.5,29.0,7.25,134,16,4
0.0,0.8607040037793221,0.6079218841084363,20.510774874999107,45.0,0.8536585365853658,1.0,6.0,6.0,5.0,0.8333333333333334,1.0,4.0,0.2,39.0,7.8,12.0,2.4,135,16,4
0.0,0.5810693766830196,0.6651693907672116,27.507859071511202,45.0,0.8536585365853658,1.0,6.0,5.0,4.0,0.8,2.0,2.0,0.5,51.0,12.75,27.0,6.75,136,16,4
0.0,0.8360844568231607,1.0112493568562664,53.41368782800029,23.0,0.6190476190476191,1.0,12.0,12.0,5.0,0.4166666666666667,2.0,3.0,0.4,63.0,12.6,33.0,6.6,17,16,8
0.0,0.8252349474325669,0.8771192210925398,33.48094114462576,23.0,0.9047619047619048,1.0,6.0,6.0,4.0,0.6666666666666666,2.0,2.0,0.5,72.0,18.0,42.0,10.5,18,16,8
1.0,0.5720503326698747,0.15868727426925291,32.12524157291273,23.0,0.8571428571428571,1.0,4.0,4.0,2.0,0.5,0.0,2.0,0.0,23.0,11.5,10.0,5.0,19,16,8
1.0,0.7957422097160247,0.15808280425076565,25.85244747517293,23.0,0.9047619047619048,1.0,4.0,4.0,3.0,0.75,2.0,1.0,0.6666666666666666,56.0,18.666666666666668,29.0,9.666666666666666,20,16,8
0.0,0.8266464802392902,0.7225236403235192,58.72348158217068,23.0,0.5714285714285714,1.0,13.0,11.0,6.0,0.5454545454545454,3.0,3.0,0.5,61.0,10.166666666666666,36.0,6.0,21,16,8
1.0,0.298990961951739,0.14718010095965017,17.185652230232005,23.0,1.0,1.0,2.0,2.0,1.0,0.5,1.0,0.0,1.0,6.0,6.0,5.0,5.0,22,16,8
0.0,0.8158582131827994,0.987593845477756,37.021550747077626,23.0,0.9047619047619048,1.0,4.0,4.0,3.0,0.75,1.0,2.0,0.3333333333333333,49.0,16.333333333333332,24.0,8.0,23,16,8
1.0,0.28769838674908915,0.28717077956480586,27.942462895392122,23.0,1.0,1.0,3.0,3.0,1.0,0.3333333333333333,1.0,0.0,1.0,23.0,23.0,14.0,14.0,24,16,8
0.0,0.9415539241187154,1.7093581825087207,27.623893779533294,23.0,0.8095238095238095,1.0,7.0,5.0,4.0,0.8,2.0,2.0,0.5,82.0,20.5,53.0,13.25,25,16,8
1.0,0.7137657737776353,0.17175080117240588,34.70019677105859,23.0,0.9047619047619048,1.0,4.0,4.0,4.0,1.0,3.0,1.0,0.75,80.0,20.0,46.0,11.5,26,16,8
0.0,0.8142339555962094,0.9927259405708425,39.6994889090092,23.0,0.7142857142857143,1.0,8.0,8.0,7.0,0.875,3.0,4.0,0.42857142857142855,100.0,14.285714285714286,61.0,8.714285714285714,27,16,8
1.0,0.36880768247701795,0.14740417668336933,20.720173629158214,23.0,0.9523809523809523,1.0,3.0,3.0,2.0,0.6666666666666666,1.0,1.0,0.5,17.0,8.5,8.0,4.0,28,16,8
0.0,0.525955533918029,1.246201227555751,31.13370706241633,23.0,0.9047619047619048,1.0,3.0,3.0,2.0,0.6666666666666666,0.0,2.0,0.0,31.0,15.5,13.0,6.5,29,16,8
0.0,0.4390728575511589,0.8705530278439746,16.424613732142028,23.0,0.9523809523809523,1.0,4.0,4.0,2.0,0.5,1.0,1.0,0.5,37.0,18.5,21.0,10.5,30,16,8
0.0,0.5108184898943635,0.9930084746880912,22.01508846104215,23.0,0.9523809523809523,1.0,5.0,5.0,3.0,0.6,2.0,1.0,0.6666666666666666,30.0,10.0,16.0,5.333333333333333,31,16,8
1.0,0.5025728959611505,0.09343781929008821,17.980786837674483,23.0,0.8571428571428571,1.0,3.0,3.0,3.0,1.0,2.0,1.0,0.6666666666666666,48.0,16.0,24.0,8.0,32,16,8
0.0,1.0779472019181118,1.2114856786901338,40.100825493213804,23.0,0.8095238095238095,1.0,8.0,7.0,5.0,0.7142857142857143,2.0,3.0,0.4,85.0,17.0,46.0,9.2,33,16,8
0.0,0.8247059324532124,0.8928606858018311,41.227201370213024,23.0,0.7619047619047619,1.0,10.0,9.0,6.0,0.6666666666666666,1.0,5.0,0.16666666666666666,58.0,9.666666666666666,29.0,4.833333333333333,34,16,8
1.0,0.2314349665792885,0.15462333049228727,9.870415785095394,23.0,0.9523809523809523,1.0,6.0,4.0,1.0,0.25,0.0,1.0,0.0,4.0,4.0,1.0,1.0,35,16,8
0.0,0.7886585935848955,1.1339049102671002,30.654057285463903,23.0,0.8095238095238095,1.0,6.0,6.0,2.0,0.3333333333333333,1.0,1.0,0.5,44.0,22.0,26.0,13.0,36,16,8
1.0,0.39227647575826163,0.15524884072975192,24.163902804408167,23.0,0.9047619047619048,1.0,3.0,3.0,1.0,0.3333333333333333,0.0,1.0,0.0,14.0,14.0,5.0,5.0,37,16,8
0.0,1.5926958411026138,1.7119008593497642,42.72710424794902,23.0,0.8095238095238095,1.0,6.0,5.0,3.0,0.6,0.0,3.0,0.0,69.0,23.0,42.0,14.0,38,16,8
1.0,0.6803772551812807,0.49933132288966775,33.241855468081326,23.0,0.9047619047619048,1.0,7.0,7.0,4.0,0.5714285714285714,1.0,3.0,0.25,54.0,13.5,22.0,5.5,39,16,8
0.0,0.3086402514353382,0.4716009446183585,24.676299897624187,23.0,1.0,1.0,4.0,4.0,3.0,0.75,2.0,1.0,0.6666666666666666,30.0,10.0,19.0,6.333333333333333,40,16,8
0.0,0.33176783340980015,0.43981202400961583,22.237279332083993,23.0,1.0,1.0,1.0,1.0,1.0,1.0,0.0,1.0,0.0,23.0,23.0,14.0,14.0,41,16,8
1.0,0.4609137575908292,0.31822124778839783,18.550491442590367,23.0,0.9523809523809523,1.0,4.0,4.0,2.0,0.5,2.0,0.0,1.0,40.0,20.0,25.0,12.5,42,16,8
0.0,0.8410949667476737,0.8247038085902855,30.52155196079661,23.0,0.7619047619047619,1.0,6.0,6.0,4.0,0.6666666666666666,3.0,1.0,0.75,66.0,16.5,40.0,10.0,43,16,8
1.0,0.3047294347892815,0.16202152921252796,20.84214461179982,23.0,1.0,1.0,5.0,5.0,5.0,1.0,3.0,2.0,0.6,35.0,7.0,20.0,4.0,44,16,8
1.0,0.6265052645655591,0.24408603849040225,36.57654874267925,23.0,0.9047619047619048,1.0,5.0,5.0,5.0,1.0,2.0,3.0,0.4,109.0,21.8,71.0,14.2,45,16,8
0.0,0.6861932515553357,0.8698448738451254,38.39351959774426,23.0,0.8571428571428571,1.0,9.0,8.0,6.0,0.75,2.0,4.0,0.3333333333333333,65.0,10.833333333333334,30.0,5.0,46,16,8
0.0,0.5033908989837275,0.5866297892360575,31.554446968216197,23.0,0.9047619047619048,1.0,5.0,5.0,4.0,0.8,2.0,2.0,0.5,63.0,15.75,33.0,8.25,47,16,8
1.0,0.43623322076368726,0.28529063159814105,30.292335280443872,23.0,0.8571428571428571,1.0,6.0,6.0,4.0,0.6666666666666666,2.0,2.0,0.5,43.0,10.75,22.0,5.5,48,16,8
0.0,0.7625875983174781,1.1017572755325942,25.966149598012105,23.0,0.8571428571428571,1.0,9.0,6.0,5.0,0.8333333333333334,3.0,2.0,0.6,61.0,12.2,31.0,6.2,49,16,8
1.0,0.7890050208452649,0.3569355131230872,25.793059785125834,23.0,0.8571428571428571,1.0,7.0,6.0,3.0,0.5,2.0,1.0,0.6666666666666666,51.0,17.0,32.0,10.666666666666666,50,16,8
0.0,0.8196941127695767,0.6064354260532412,28.416367106421465,23.0,0.9047619047619048,1.0,5.0,5.0,4.0,0.8,3.0,1.0,0.75,76.0,19.0,41.0,10.25,51,16,8
0.0,0.7978610262636171,1.4125822065489928,28.229886620634108,23.0,0.8571428571428571,1.0,5.0,4.0,3.0,0.75,2.0,1.0,0.6666666666666666,74.0,24.666666666666668,47.0,15.666666666666666,52,16,8
0.0,0.6277802235427813,1.0851588447395384,38.33496422428273,23.0,0.8095238095238095,1.0,10.0,10.0,5.0,0.5,2.0,3.0,0.4,60.0,12.0,29.0,5.8,53,16,8
0.0,0.5590617067834913,0.7970839801578173,28.370669946590795,23.0,0.8571428571428571,1.0,5.0,5.0,3.0,0.6,1.0,2.0,0.3333333333333333,43.0,14.333333333333334,23.0,7.666666666666667,54,16,8
1.0,0.3073978208318378,0.25382038569493126,12.114866763505422,23.0,1.0,1.0,4.0,4.0,4.0,1.0,3.0,1.0,0.75,53.0,13.25,33.0,8.25,55,16,8
1.0,0.65325473624204,0.32853407331314316,30.96653656578589,23.0,0.8571428571428571,1.0,6.0,5.0,4.0,0.8,3.0,1.0,0.75,77.0,19.25,46.0,11.5,56,16,8
0.0,0.5580459451987396,0.918488354578643,26.146195513541088,23.0,0.8571428571428571,1.0,4.0,4.0,4.0,1.0,2.0,2.0,0.5,51.0,12.75,28.0,7.0,57,16,8
0.0,0.792090354438221,0.6559128364451531,27.3728934116424,23.0,0.8571428571428571,1.0,5.0,5.0,3.0,0.6,2.0,1.0,0.6666666666666666,70.0,23.333333333333332,43.0,14.333333333333334,58,16,8
0.0,0.7484719584977111,0.8464716443785856,41.53742629006944,23.0,0.7142857142857143,1.0,13.0,10.0,6.0,0.6,3.0,3.0,0.5,84.0,14.0,52.0,8.666666666666666,59,16,8
1.0,0.6600627234534162,0.3172163366335826,21.264478860915556,23.0,0.9047619047619048,1.0,3.0,3.0,3.0,1.0,3.0,0.0,1.0,70.0,23.333333333333332,46.0,15.333333333333334,60,16,8
1.0,0.6540279649091002,0.39813956721622756,25.789185870465133,23.0,0.8095238095238095,1.0,8.0,8.0,5.0,0.625,1.0,4.0,0.2,71.0,14.2,34.0,6.8,61,16,8
0.0,0.8745746951015629,1.3364984807683224,31.28157194118194,23.0,0.9047619047619048,1.0,5.0,5.0,3.0,0.6,2.0,1.0,0.6666666666666666,54.0,18.0,30.0,10.0,62,16,8
0.0,0.5623251556609163,0.5863473682896796,34.71810705346076,23.0,0.8095238095238095,1.0,3.0,3.0,3.0,1.0,2.0,1.0,0.6666666666666666,42.0,14.0,26.0,8.666666666666666,63,16,8
0.0,0.3563677945026059,0.5390345919923625,18.378744695579154,23.0,0.9523809523809523,1.0,4.0,4.0,2.0,0.5,1.0,1.0,0.5,15.0,7.5,8.0,4.0,64,16,8
1.0,0.6368409483225148,0.28726235057429106,36.22773671755986,23.0,0.8095238095238095,1.0,9.0,7.0,6.0,0.8571428571428571,3.0,3.0,0.5,104.0,17.333333333333332,59.0,9.833333333333334,65,16,8
0.0,0.6119182868266576,0.6586710415141535,45.01237494757123,23.0,0.9523809523809523,1.0,9.0,9.0,6.0,0.6666666666666666,1.0,5.0,0.16666666666666666,46.0,7.666666666666667,17.0,2.8333333333333335,66,16,8
0.0,0.7829336328473482,0.6244882119755681,38.977724051343955,23.0,0.7619047619047619,1.0,6.0,6.0,4.0,0.6666666666666666,2.0,2.0,0.5,90.0,22.5,54.0,13.5,67,16,8
0.0,1.6550455627637155,2.1389159483643825,59.85110402173467,23.0,0.7142857142857143,1.0,8.0,7.0,4.0,0.5714285714285714,3.0,1.0,0.75,99.0,24.75,63.0,15.75,68,16,8
0.0,0.6090298423371077,1.0993871303977718,45.15887092841628,23.0,0.8571428571428571,1.0,8.0,7.0,6.0,0.8571428571428571,4.0,2.0,0.6666666666666666,62.0,10.333333333333334,38.0,6.333333333333333,69,16,8
0.0,0.6634363640417044,1.2372560169053008,37.80111642741496,23.0,0.8571428571428571,1.0,7.0,7.0,4.0,0.5714285714285714,2.0,2.0,0.5,53.0,13.25,33.0,8.25,70,16,8
1.0,0.4449572264619265,0.5091913753131604,35.41714554542287,23.0,0.8571428571428571,1.0,6.0,5.0,4.0,0.8,2.0,2.0,0.5,70.0,17.5,43.0,10.75,71,16,8
1.0,0.4461854328935605,0.6500569368082989,20.159840745223523,23.0,0.9047619047619048,1.0,4.0,3.0,3.0,1.0,1.0,2.0,0.3333333333333333,55.0,18.333333333333332,29.0,9.666666666666666,72,16,8
1.0,0.6998258057207593,0.39900941969046816,34.735924014711216,23.0,0.8095238095238095,1.0,7.0,6.0,5.0,0.8333333333333334,2.0,3.0,0.4,79.0,15.8,38.0,7.6,73,16,8
1.0,0.6381004055859105,0.41356955380972055,28.420885754081787,23.0,0.8095238095238095,1.0,8.0,8.0,5.0,0.625,2.0,3.0,0.4,75.0,15.0,41.0,8.2,74,16,8
0.0,0.9932449931275388,0.7675303213027403,46.511247021384754,23.0,0.6666666666666666,1.0,9.0,8.0,8.0,1.0,5.0,3.0,0.625,114.0,14.25,63.0,7.875,75,16,8
1.0,0.624816165960817,0.23115096920400546,24.971307388876586,23.0,0.8571428571428571,1.0,2.0,2.0,2.0,1.0,2.0,0.0,1.0,56.0,28.0,38.0,19.0,76,16,8
1.0,0.4441072117850262,0.29473335678381507,18.160799862020966,23.0,0.9523809523809523,1.0,2.0,2.0,2.0,1.0,2.0,0.0,1.0,47.0,23.5,30.0,15.0,77,16,8
1.0,0.3035598451184888,0.10598161824013527,9.315675811068958,23.0,1.0,1.0,3.0,1.0,1.0,1.0,1.0,0.0,1.0,13.0,13.0,7.0,7.0,78,16,8
0.0,0.9874443783974527,1.0311403711483094,50.87393950745325,23.0,0.7142857142857143,1.0,10.0,9.0,3.0,0.3333333333333333,0.0,3.0,0.0,43.0,14.333333333333334,19.0,6.333333333333333,79,16,8
1.0,1.0375665882523868,0.23096919136977817,33.410429911893665,23.0,0.9047619047619048,1.0,5.0,5.0,4.0,0.8,2.0,2.0,0.5,46.0,11.5,21.0,5.25,80,16,8
0.0,0.3713191984814552,0.6623670090323068,22.48591237769837,23.0,0.8571428571428571,1.0,8.0,7.0,4.0,0.5714285714285714,1.0,3.0,0.25,37.0,9.25,17.0,4.25,81,16,8
1.0,0.37694502108086325,0.11421191425835091,24.895190149255917,23.0,0.9523809523809523,1.0,3.0,3.0,2.0,0.6666666666666666,1.0,1.0,0.5,48.0,24.0,31.0,15.5,82,16,8
1.0,0.6950237653768576,0.16438222165247743,37.30276288674515,23.0,0.8571428571428571,1.0,9.0,9.0,8.0,0.8888888888888888,3.0,5.0,0.375,60.0,7.5,29.0,3.625,83,16,8
0.0,1.0834793640241558,2.2962144030557377,21.499873771388124,23.0,0.9047619047619048,1.0,8.0,6.0,5.0,0.8333333333333334,2.0,3.0,0.4,96.0,19.2,59.0,11.8,84,16,8
0.0,0.560277812976959,1.1331720954981548,33.04669355751243,23.0,0.9523809523809523,1.0,7.0,6.0,5.0,0.8333333333333334,1.0,4.0,0.2,61.0,12.2,28.0,5.6,85,16,8
0.0,0.7788306955222807,0.9518145051059531,34.350592011115346,23.0,0.8571428571428571,1.0,5.0,5.0,5.0,1.0,3.0,2.0,0.6,86.0,17.2,53.0,10.6,86,16,8
0.0,1.0760312360936233,1.5840185230046775,43.876796182789946,23.0,0.6666666666666666,1.0,11.0,10.0,5.0,0.5,2.0,3.0,0.4,86.0,17.2,52.0,10.4,87,16,8
1.0,0.455857959762597,0.28841432906959247,21.848147907428864,23.0,0.9523809523809523,1.0,3.0,3.0,3.0,1.0,1.0,2.0,0.3333333333333333,43.0,14.333333333333334,24.0,8.0,88,16,8
0.0,0.6826228371006577,0.8978345659371862,60.61835650411014,23.0,0.7619047619047619,1.0,7.0,7.0,5.0,0.7142857142857143,2.0,3.0,0.4,59.0,11.8,27.0,5.4,89,16,8
0.0,0.8999020919325554,1.5385725568297015,28.892783818937602,23.0,0.8571428571428571,1.0,7.0,6.0,6.0,1.0,3.0,3.0,0.5,97.0,16.166666666666668,55.0,9.166666666666666,90,16,8
0.0,0.6495043456881658,0.8998901160213564,30.30767939166008,23.0,0.9047619047619048,1.0,8.0,7.0,3.0,0.42857142857142855,1.0,2.0,0.3333333333333333,54.0,18.0,31.0,10.333333333333334,91,16,8
0.0,0.9042822545675515,0.4822892608140625,39.10350926577768,23.0,0.8571428571428571,1.0,8.0,8.0,8.0,1.0,2.0,6.0,0.25,72.0,9.0,32.0,4.0,92,16,8
0.0,1.0694682147668773,1.0302901047195943,33.91908386376636,23.0,0.8571428571428571,1.0,4.0,4.0,3.0,0.75,2.0,1.0,0.6666666666666666,73.0,24.333333333333332,46.0,15.333333333333334,93,16,8
0.0,0.6901829177665317,1.0433852730486382,22.992866142704354,23.0,0.8571428571428571,1.0,6.0,6.0,3.0,0.5,2.0,1.0,0.6666666666666666,49.0,16.333333333333332,28.0,9.333333333333334,94,16,8
1.0,0.6468648601228993,0.398089556548115,54.08571205854115,23.0,0.9047619047619048,1.0,5.0,5.0,5.0,1.0,2.0,3.0,0.4,51.0,10.2,22.0,4.4,95,16,8
0.0,0.7355581676636813,0.6924953252402142,32.67932534624719,23.0,0.8095238095238095,1.0,10.0,9.0,6.0,0.6666666666666666,3.0,3.0,0.5,86.0,14.333333333333334,51.0,8.5,96,16,8
1.0,0.4978033265143389,0.44270775570448534,27.76449143125317,23.0,0.8095238095238095,1.0,7.0,7.0,4.0,0.5714285714285714,1.0,3.0,0.25,55.0,13.75,31.0,7.75,97,16,8
0.0,1.2045999823543556,1.6756897332641143,56.818056453994856,23.0,0.7619047619047619,1.0,11.0,10.0,6.0,0.6,1.0,5.0,0.16666666666666666,99.0,16.5,50.0,8.333333333333334,98,16,8
0.0,0.7188682444542347,1.338030183688449,43.98172938303145,23.0,0.9047619047619048,1.0,7.0,7.0,6.0,0.8571428571428571,3.0,3.0,0.5,74.0,12.333333333333334,41.0,6.833333333333333,99,16,8
1.0,0.5298195877725836,0.11777547176777521,24.66998261936424,23.0,0.9047619047619048,1.0,3.0,3.0,3.0,1.0,2.0,1.0,0.6666666666666666,38.0,12.666666666666666,26.0,8.666666666666666,100,16,8
1.0,0.24052484869254315,0.13194153635523878,18.089506815765496,23.0,1.0,1.0,1.0,1.0,1.0,1.0,1.0,0.0,1.0,37.0,37.0,33.0,33.0,101,16,8
1.0,0.401718335065816,0.2526638529072315,12.47984660511227,23.0,0.9523809523809523,1.0,2.0,2.0,1.0,0.5,1.0,0.0,1.0,29.0,29.0,20.0,20.0,102,16,8
0.0,1.127602791565263,0.6135813330939849,31.63020743560611,23.0,0.8571428571428571,1.0,8.0,8.0,7.0,0.875,2.0,5.0,0.2857142857142857,88.0,12.571428571428571,53.0,7.571428571428571,103,16,8
1.0,0.33483290052707126,0.3503874051999096,9.004944312365259,23.0,0.9047619047619048,1.0,2.0,2.0,1.0,0.5,0.0,1.0,0.0,13.0,13.0,4.0,4.0,104,16,8
0.0,0.8807353893024517,1.1399680989525243,38.50985002941475,23.0,0.9047619047619048,1.0,5.0,5.0,4.0,0.8,2.0,2.0,0.5,68.0,17.0,36.0,9.0,105,16,8
1.0,0.9240394846859898,0.2336926919351525,35.13306930331425,23.0,1.0,1.0,5.0,5.0,3.0,0.6,1.0,2.0,0.3333333333333333,34.0,11.333333333333334,14.0,4.666666666666667,106,16,8
0.0,0.5668938901952318,1.0297442811423723,31.424877758317404,23.0,0.8571428571428571,1.0,7.0,6.0,4.0,0.6666666666666666,0.0,4.0,0.0,47.0,11.75,24.0,6.0,107,16,8
1.0,0.6614128148620121,0.2790707578888443,26.22713515190447,23.0,1.0,1.0,6.0,5.0,5.0,1.0,4.0,1.0,0.8,90.0,18.0,50.0,10.0,108,16,8
0.0,0.8673943635146378,1.0065822763432954,34.9297692816111,23.0,0.8571428571428571,1.0,7.0,7.0,6.0,0.8571428571428571,3.0,3.0,0.5,87.0,14.5,48.0,8.0,109,16,8
1.0,0.4470894277936152,0.4476554519746294,19.942394077526007,23.0,0.9523809523809523,1.0,5.0,4.0,2.0,0.5,2.0,0.0,1.0,48.0,24.0,32.0,16.0,110,16,8
1.0,0.4628540650884894,0.13189590227511977,18.36665192332217,23.0,0.9047619047619048,1.0,2.0,2.0,2.0,1.0,1.0,1.0,0.5,28.0,14.0,15.0,7.5,111,16,8
0.0,0.5041492902067418,0.8452923617609613,19.70667524130263,23.0,0.9047619047619048,1.0,3.0,2.0,2.0,1.0,2.0,0.0,1.0,55.0,27.5,37.0,18.5,112,16,8
0.0,0.5086662351223766,0.4438608562539501,25.31692773461737,23.0,0.8095238095238095,1.0,7.0,7.0,5.0,0.7142857142857143,1.0,4.0,0.2,76.0,15.2,45.0,9.0,113,16,8
0.0,1.2808115880922337,2.9914229222573026,34.553324679979596,23.0,0.7619047619047619,1.0,8.0,8.0,8.0,1.0,3.0,5.0,0.375,86.0,10.75,45.0,5.625,114,16,8
0.0,0.8652435677403941,2.1204003427669096,22.676021272737668,23.0,1.0,1.0,7.0,5.0,2.0,0.4,0.0,2.0,0.0,48.0,24.0,30.0,15.0,115,16,8
1.0,0.8436672573147692,0.31059239742909145,34.5623046038341,23.0,0.7142857142857143,1.0,6.0,6.0,2.0,0.3333333333333333,0.0,2.0,0.0,30.0,15.0,12.0,6.0,116,16,8
0.0,0.6766927808019145,1.1342509634602547,51.943895712110404,23.0,0.8571428571428571,1.0,5.0,5.0,2.0,0.4,0.0,2.0,0.0,31.0,15.5,13.0,6.5,117,16,8
0.0,0.6565911060865562,1.1500830432534865,29.152822856764665,23.0,0.8095238095238095,1.0,4.0,4.0,3.0,0.75,1.0,2.0,0.3333333333333333,74.0,24.666666666666668,47.0,15.666666666666666,118,16,8
1.0,0.565157938520616,0.24488747131751548,23.81522682536788,23.0,0.9523809523809523,1.0,4.0,4.0,3.0,0.75,1.0,2.0,0.3333333333333333,51.0,17.0,27.0,9.0,119,16,8
0.0,0.7636294074214385,1.1648167318672347,35.957615059226995,23.0,0.7619047619047619,1.0,9.0,9.0,4.0,0.4444444444444444,1.0,3.0,0.25,89.0,22.25,53.0,13.25,120,16,8
1.0,0.5381420038615777,0.4709372408938485,37.084389757233915,23.0,0.8571428571428571,1.0,8.0,8.0,4.0,0.5,1.0,3.0,0.25,46.0,11.5,24.0,6.0,121,16,8
0.0,0.8322333075467918,0.8292960255977246,46.661022001809734,23.0,0.9523809523809523,1.0,7.0,7.0,7.0,1.0,1.0,6.0,0.14285714285714285,73.0,10.428571428571429,30.0,4.285714285714286,122,16,8
0.0,0.8404026836838409,1.0422302626494082,52.096024268442136,23.0,0.7142857142857143,1.0,8.0,8.0,6.0,0.75,2.0,4.0,0.3333333333333333,77.0,12.833333333333334,37.0,6.166666666666667,123,16,8
0.0,1.1321543268672003,1.0818961377831688,48.98131104187956,23.0,0.7619047619047619,1.0,10.0,9.0,7.0,0.7777777777777778,2.0,5.0,0.2857142857142857,78.0,11.142857142857142,38.0,5.428571428571429,124,16,8
0.0,0.7562187087215179,0.4924977438158334,39.293337846591534,23.0,0.9047619047619048,1.0,11.0,11.0,6.0,0.5454545454545454,4.0,2.0,0.6666666666666666,89.0,14.833333333333334,56.0,9.333333333333334,125,16,8
0.0,0.9172224565689511,0.8852306281356086,51.64481192282905,23.0,0.8095238095238095,1.0,7.0,6.0,3.0,0.5,0.0,3.0,0.0,55.0,18.333333333333332,28.0,9.333333333333334,126,16,8
0.0,0.910489980329417,0.9447790222345852,24.9048746012979,23.0,0.8571428571428571,1.0,5.0,4.0,3.0,0.75,1.0,2.0,0.3333333333333333,53.0,17.666666666666668,29.0,9.666666666666666,127,16,8
0.0,1.0371488436339178,1.3437043793547487,52.10308545712488,23.0,0.7142857142857143,1.0,7.0,7.0,5.0,0.7142857142857143,3.0,2.0,0.6,73.0,14.6,39.0,7.8,128,16,8
0.0,0.9780946080438172,0.816484471851802,34.01633844366384,23.0,0.9523809523809523,1.0,5.0,4.0,4.0,1.0,2.0,2.0,0.5,67.0,16.75,31.0,7.75,129,16,8
1.0,0.6337848000965661,0.4409124687508035,31.730428600655646,23.0,0.8571428571428571,1.0,10.0,9.0,4.0,0.4444444444444444,1.0,3.0,0.25,50.0,12.5,23.0,5.75,130,16,8
0.0,0.8229580170226797,0.7623049261672654,32.63999690532893,23.0,0.8095238095238095,1.0,6.0,6.0,4.0,0.6666666666666666,2.0,2.0,0.5,72.0,18.0,45.0,11.25,131,16,8
0.0,0.5941196789186108,0.4621788866016076,25.70137593401447,23.0,0.9523809523809523,1.0,7.0,6.0,5.0,0.8333333333333334,3.0,2.0,0.6,77.0,15.4,42.0,8.4,132,16,8
1.0,0.5042510029588229,0.08117874294743756,17.28804187714974,23.0,0.9047619047619048,1.0,4.0,4.0,2.0,0.5,1.0,1.0,0.5,53.0,26.5,35.0,17.5,133,16,8
0.0,0.6553887623553956,1.176904234199076,34.32899741929437,23.0,0.8571428571428571,1.0,4.0,4.0,4.0,1.0,3.0,1.0,0.75,61.0,15.25,34.0,8.5,134,16,8
0.0,1.0197715418963105,0.6995418641804475,38.74158684829323,23.0,0.8571428571428571,1.0,6.0,6.0,6.0,1.0,2.0,4.0,0.3333333333333333,39.0,6.5,12.0,2.0,135,16,8
0.0,0.6814783667288301,0.826758205659559,39.22090236361087,23.0,0.8571428571428571,1.0,6.0,5.0,4.0,0.8,2.0,2.0,0.5,51.0,12.75,27.0,6.75,136,16,8
0.0,1.11125963992201,1.2848911846851498,50.02970474068276,12.0,0.36363636363636365,1.0,12.0,12.0,8.0,0.6666666666666666,5.0,3.0,0.625,68.0,8.5,38.0,4.75,17,16,16
0.0,0.9634461362711128,0.903147865198023,32.985932287956665,12.0,1.0,1.0,6.0,6.0,3.0,0.5,1.0,2.0,0.3333333333333333,76.0,25.333333333333332,49.0,16.333333333333332,18,16,16
1.0,0.7637987820140185,0.448805950735934,36.347888167949485,12.0,0.9090909090909091,1.0,4.0,4.0,3.0,0.75,1.0,2.0,0.3333333333333333,24.0,8.0,10.0,3.3333333333333335,19,16,16
1.0,1.3635128047635636,0.24727382592875086,34.13945545577901,12.0,1.0,1.0,4.0,4.0,3.0,0.75,2.0,1.0,0.6666666666666666,48.0,16.0,26.0,8.666666666666666,20,16,16
0.0,0.8500248956604137,0.728596708444925,75.83481171274724,12.0,0.8181818181818182,1.0,13.0,11.0,7.0,0.6363636363636364,4.0,3.0,0.5714285714285714,56.0,8.0,35.0,5.0,21,16,16
1.0,0.6052486141123589,0.3827977513995085,15.365029809034871,12.0,1.0,1.0,2.0,2.0,2.0,1.0,1.0,1.0,0.5,89.0,44.5,72.0,36.0,22,16,16
0.0,1.7035494877173802,1.7893814206446321,37.43454835282151,12.0,0.8181818181818182,1.0,4.0,4.0,3.0,0.75,2.0,1.0,0.6666666666666666,62.0,20.666666666666668,44.0,14.666666666666666,23,16,16
1.0,0.4583897248295426,0.35369317833289116,16.61122823292147,12.0,1.0,1.0,3.0,3.0,0.0,0.0,0.0,0.0,0.0,0.0,nan,0.0,nan,24,16,16
0.0,1.2514355200315332,1.9660587241681806,28.487794638171156,12.0,0.9090909090909091,1.0,7.0,5.0,3.0,0.6,1.0,2.0,0.3333333333333333,60.0,20.0,38.0,12.666666666666666,25,16,16
1.0,1.3405047639241392,0.7421968499247478,32.67387210149284,12.0,0.8181818181818182,1.0,4.0,4.0,4.0,1.0,2.0,2.0,0.5,96.0,24.0,61.0,15.25,26,16,16
0.0,0.9459212345774026,0.928251513089128,33.670399156377165,12.0,0.6363636363636364,1.0,8.0,8.0,5.0,0.625,1.0,4.0,0.2,99.0,19.8,63.0,12.6,27,16,16
1.0,0.5036253193558524,0.15765687943329013,21.74845903454307,12.0,1.0,1.0,3.0,3.0,3.0,1.0,2.0,1.0,0.6666666666666666,20.0,6.666666666666667,10.0,3.3333333333333335,28,16,16
0.0,0.785956495822247,1.5771839178646416,44.04697871490263,12.0,1.0,1.0,3.0,3.0,2.0,0.6666666666666666,1.0,1.0,0.5,22.0,11.0,12.0,6.0,29,16,16
0.0,0.6992393562146093,1.585307317328635,19.454353509735363,12.0,0.9090909090909091,1.0,4.0,4.0,2.0,0.5,1.0,1.0,0.5,46.0,23.0,29.0,14.5,30,16,16
0.0,0.9667305523086683,1.9403112434624632,23.85608247268828,12.0,1.0,1.0,5.0,5.0,3.0,0.6,1.0,2.0,0.3333333333333333,53.0,17.666666666666668,31.0,10.333333333333334,31,16,16
1.0,0.6910178549741618,0.0609024322531219,27.115761287578394,12.0,0.9090909090909091,1.0,3.0,3.0,3.0,1.0,2.0,1.0,0.6666666666666666,55.0,18.333333333333332,31.0,10.333333333333334,32,16,16
0.0,1.5968223465731355,2.1146572973623345,38.80906756497133,12.0,0.7272727272727273,1.0,8.0,7.0,3.0,0.42857142857142855,1.0,2.0,0.3333333333333333,55.0,18.333333333333332,28.0,9.333333333333334,33,16,16
0.0,1.207120178814706,1.8492684698946382,41.854701774595526,12.0,0.7272727272727273,1.0,10.0,9.0,5.0,0.5555555555555556,2.0,3.0,0.4,38.0,7.6,19.0,3.8,34,16,16
1.0,0.285253296364398,0.21881476823142043,8.232184387306777,12.0,0.9090909090909091,1.0,6.0,4.0,3.0,0.75,2.0,1.0,0.6666666666666666,43.0,14.333333333333334,35.0,11.666666666666666,35,16,16
0.0,1.2544860171875751,1.788347354830594,43.57608853972816,12.0,0.6363636363636364,1.0,6.0,6.0,4.0,0.6666666666666666,2.0,2.0,0.5,79.0,19.75,51.0,12.75,36,16,16
1.0,0.5493405164539519,0.3613692047855629,17.26961123195699,12.0,0.9090909090909091,1.0,3.0,3.0,1.0,0.3333333333333333,1.0,0.0,1.0,3.0,3.0,3.0,3.0,37,16,16
0.0,2.340809615116063,2.04579981885112,48.28869342078689,12.0,0.9090909090909091,1.0,6.0,5.0,1.0,0.2,0.0,1.0,0.0,25.0,25.0,16.0,16.0,38,16,16
0.0,0.9940643315596444,0.7686016870112025,20.738044435994173,12.0,0.8181818181818182,1.0,7.0,7.0,5.0,0.7142857142857143,1.0,4.0,0.2,61.0,12.2,27.0,5.4,39,16,16
1.0,0.4426442941229642,0.4449509391764223,22.847307543454814,12.0,1.0,1.0,4.0,4.0,4.0,1.0,2.0,2.0,0.5,48.0,12.0,29.0,7.25,40,16,16
0.0,0.5586420718953006,0.523334620033265,27.060640999338315,12.0,1.0,1.0,1.0,1.0,1.0,1.0,0.0,1.0,0.0,23.0,23.0,14.0,14.0,41,16,16
1.0,0.9479229567044194,0.3798410466088029,14.351394889622455,12.0,1.0,1.0,4.0,4.0,2.0,0.5,1.0,1.0,0.5,57.0,28.5,39.0,19.5,42,16,16
0.0,1.2088125438138857,1.031101480406083,30.088721658624333,12.0,0.7272727272727273,1.0,6.0,6.0,3.0,0.5,1.0,2.0,0.3333333333333333,59.0,19.666666666666668,37.0,12.333333333333334,43,16,16
1.0,0.3533121024107981,0.24233409712075232,16.95728131476111,12.0,1.0,1.0,5.0,5.0,4.0,0.8,2.0,2.0,0.5,57.0,14.25,34.0,8.5,44,16,16
1.0,1.0865562100675488,0.4902650202021287,33.99685428340655,12.0,0.8181818181818182,1.0,5.0,5.0,4.0,0.8,3.0,1.0,0.75,105.0,26.25,73.0,18.25,45,16,16
0.0,0.8532823338597811,1.2857339117447175,40.65802931211743,12.0,0.9090909090909091,1.0,9.0,8.0,6.0,0.75,4.0,2.0,0.6666666666666666,66.0,11.0,47.0,7.833333333333333,46,16,16
0.0,0.7389772152233156,0.5446909531242529,20.324921758984136,12.0,0.9090909090909091,1.0,5.0,5.0,4.0,0.8,1.0,3.0,0.25,73.0,18.25,43.0,10.75,47,16,16
1.0,0.6827688229377904,0.18530280909121002,23.274038638264468,12.0,0.9090909090909091,1.0,6.0,6.0,3.0,0.5,2.0,1.0,0.6666666666666666,50.0,16.666666666666668,36.0,12.0,48,16,16
0.0,1.2553573783259087,2.1319505589430934,34.83220584271805,12.0,0.8181818181818182,1.0,9.0,6.0,4.0,0.6666666666666666,1.0,3.0,0.25,63.0,15.75,36.0,9.0,49,16,16
1.0,1.1964099339228755,0.5413221118382766,35.14425277600467,12.0,0.9090909090909091,1.0,7.0,6.0,3.0,0.5,1.0,2.0,0.3333333333333333,56.0,18.666666666666668,37.0,12.333333333333334,50,16,16
0.0,1.281652092713149,1.1470650381020417,33.18500778064745,12.0,0.9090909090909091,1.0,5.0,5.0,4.0,0.8,3.0,1.0,0.75,89.0,22.25,54.0,13.5,51,16,16
0.0,1.0007068983983063,1.5850544439463448,30.141923241166516,12.0,0.9090909090909091,1.0,5.0,4.0,3.0,0.75,2.0,1.0,0.6666666666666666,89.0,29.666666666666668,62.0,20.666666666666668,52,16,16
0.0,1.0030331264726233,2.100172523358781,36.214209028039875,12.0,0.8181818181818182,1.0,10.0,10.0,5.0,0.5,1.0,4.0,0.2,74.0,14.8,30.0,6.0,53,16,16
0.0,0.7559891026276787,1.05323130311246,30.538468563353483,12.0,0.9090909090909091,1.0,5.0,5.0,3.0,0.6,1.0,2.0,0.3333333333333333,47.0,15.666666666666666,25.0,8.333333333333334,54,16,16
0.0,0.5441238671317277,0.6563780795377742,19.845024368587556,12.0,1.0,1.0,4.0,4.0,4.0,1.0,3.0,1.0,0.75,51.0,12.75,31.0,7.75,55,16,16
1.0,1.1417699294770771,0.7809361100735643,27.702551891857635,12.0,0.8181818181818182,1.0,6.0,5.0,4.0,0.8,2.0,2.0,0.5,62.0,15.5,40.0,10.0,56,16,16
0.0,0.9330710540418674,1.8338486603588697,33.177766025275965,12.0,0.8181818181818182,1.0,4.0,4.0,4.0,1.0,2.0,2.0,0.5,61.0,15.25,37.0,9.25,57,16,16
0.0,1.256501827122647,1.0796642147273081,29.61788171088589,12.0,0.9090909090909091,1.0,5.0,5.0,4.0,0.8,2.0,2.0,0.5,87.0,21.75,60.0,15.0,58,16,16
0.0,0.9868652915455057,1.1498907078743736,40.09022576680184,12.0,0.8181818181818182,1.0,13.0,10.0,6.0,0.6,2.0,4.0,0.3333333333333333,110.0,18.333333333333332,68.0,11.333333333333334,59,16,16
1.0,0.9396753514853016,0.3539615861586097,30.04714379334103,12.0,1.0,1.0,3.0,3.0,2.0,0.6666666666666666,2.0,0.0,1.0,43.0,21.5,28.0,14.0,60,16,16
1.0,1.0250349258387415,0.4794970541903695,36.080026405610845,12.0,0.8181818181818182,1.0,8.0,8.0,4.0,0.5,1.0,3.0,0.25,61.0,15.25,36.0,9.0,61,16,16
0.0,1.3461604968843022,2.2386827048344133,47.88105179866784,12.0,0.9090909090909091,1.0,5.0,5.0,3.0,0.6,2.0,1.0,0.6666666666666666,48.0,16.0,30.0,10.0,62,16,16
0.0,0.8638289209405567,0.7137479452806026,26.0089782542274,12.0,0.8181818181818182,1.0,3.0,3.0,3.0,1.0,2.0,1.0,0.6666666666666666,46.0,15.333333333333334,30.0,10.0,63,16,16
0.0,0.4768927679606625,0.5912056880984355,26.242421130880924,12.0,0.9090909090909091,1.0,4.0,4.0,3.0,0.75,1.0,2.0,0.3333333333333333,27.0,9.0,10.0,3.3333333333333335,64,16,16
1.0,0.9450943283288182,0.43300331626843336,34.82044795033912,12.0,0.6363636363636364,1.0,9.0,7.0,6.0,0.8571428571428571,3.0,3.0,0.5,117.0,19.5,80.0,13.333333333333334,65,16,16
0.0,0.8224189848288799,1.1420457841567375,32.73093467993424,12.0,1.0,1.0,9.0,9.0,7.0,0.7777777777777778,1.0,6.0,0.14285714285714285,63.0,9.0,24.0,3.4285714285714284,66,16,16
0.0,1.3666731022556295,1.1669698876965735,38.67318950639187,12.0,0.7272727272727273,1.0,6.0,6.0,2.0,0.3333333333333333,0.0,2.0,0.0,32.0,16.0,14.0,7.0,67,16,16
0.0,2.6961552345574558,3.47640367864803,45.589244835529215,12.0,0.6363636363636364,1.0,8.0,7.0,6.0,0.8571428571428571,3.0,3.0,0.5,71.0,11.833333333333334,43.0,7.166666666666667,68,16,16
0.0,1.0151973740441613,1.664798328434258,37.469324908518665,12.0,0.7272727272727273,1.0,8.0,7.0,6.0,0.8571428571428571,3.0,3.0,0.5,100.0,16.666666666666668,64.0,10.666666666666666,69,16,16
0.0,0.8171704821797435,0.8631155539382109,25.348043258674608,12.0,0.8181818181818182,1.0,7.0,7.0,3.0,0.42857142857142855,1.0,2.0,0.3333333333333333,80.0,26.666666666666668,53.0,17.666666666666668,70,16,16
0.0,0.78560482881094,0.7266898095740462,31.20109346196369,12.0,0.9090909090909091,1.0,6.0,5.0,4.0,0.8,2.0,2.0,0.5,54.0,13.5,28.0,7.0,71,16,16
0.0,0.5678586487718222,0.7569855998422672,25.35965481491101,12.0,1.0,1.0,4.0,3.0,3.0,1.0,1.0,2.0,0.3333333333333333,54.0,18.0,27.0,9.0,72,16,16
0.0,1.1232958664370734,0.6317058648745509,34.208371687027636,12.0,0.8181818181818182,1.0,7.0,6.0,4.0,0.6666666666666666,1.0,3.0,0.25,65.0,16.25,31.0,7.75,73,16,16
0.0,1.0829845711584005,0.4637633043078535,28.515916296799126,12.0,0.7272727272727273,1.0,8.0,8.0,6.0,0.75,2.0,4.0,0.3333333333333333,73.0,12.166666666666666,37.0,6.166666666666667,74,16,16
0.0,1.0427704798784125,0.9473479950763893,34.84339490392193,12.0,0.7272727272727273,1.0,9.0,8.0,5.0,0.625,2.0,3.0,0.4,28.0,5.6,10.0,2.0,75,16,16
1.0,1.0168726073651115,0.46320142277591825,30.272988176665994,12.0,0.8181818181818182,1.0,2.0,2.0,1.0,0.5,1.0,0.0,1.0,36.0,36.0,27.0,27.0,76,16,16
0.0,0.7197291989643891,0.528510309966915,20.829663240948367,12.0,0.9090909090909091,1.0,2.0,2.0,1.0,0.5,1.0,0.0,1.0,22.0,22.0,13.0,13.0,77,16,16
1.0,0.42454805976151705,0.15020486938186844,12.153189547348765,12.0,1.0,1.0,3.0,1.0,1.0,1.0,1.0,0.0,1.0,18.0,18.0,11.0,11.0,78,16,16
0.0,1.1341786384250911,1.4286407255714504,51.16823810893455,12.0,0.9090909090909091,1.0,10.0,9.0,4.0,0.4444444444444444,2.0,2.0,0.5,36.0,9.0,18.0,4.5,79,16,16
1.0,1.7973537756689553,0.2992265163798815,31.09186523470125,12.0,0.9090909090909091,1.0,5.0,5.0,4.0,0.8,2.0,2.0,0.5,53.0,13.25,26.0,6.5,80,16,16
0.0,0.46674698410369025,0.6816922895948038,14.626066146429364,12.0,0.9090909090909091,1.0,8.0,7.0,2.0,0.2857142857142857,1.0,1.0,0.5,39.0,19.5,21.0,10.5,81,16,16
1.0,0.7290538476443142,0.13541394732887324,19.996569159140908,12.0,0.9090909090909091,1.0,3.0,3.0,2.0,0.6666666666666666,2.0,0.0,1.0,57.0,28.5,40.0,20.0,82,16,16
1.0,0.9201544092734173,0.1767645209290449,30.97256012348651,12.0,0.9090909090909091,1.0,9.0,9.0,7.0,0.7777777777777778,3.0,4.0,0.42857142857142855,52.0,7.428571428571429,24.0,3.4285714285714284,83,16,16
0.0,1.7550949470326673,3.471355485785478,23.419564703140015,12.0,1.0,1.0,8.0,6.0,5.0,0.8333333333333334,2.0,3.0,0.4,105.0,21.0,68.0,13.6,84,16,16
0.0,0.7852724838267248,1.6573948564939507,34.96720433899657,12.0,0.9090909090909091,1.0,7.0,6.0,5.0,0.8333333333333334,1.0,4.0,0.2,48.0,9.6,23.0,4.6,85,16,16
0.0,1.2328513205429268,2.080697026501554,41.52647972048944,12.0,0.9090909090909091,1.0,5.0,5.0,4.0,0.8,2.0,2.0,0.5,104.0,26.0,71.0,17.75,86,16,16
0.0,1.7795080164761947,2.243884193997459,47.191887120104816,12.0,0.5454545454545454,1.0,11.0,10.0,6.0,0.6,3.0,3.0,0.5,100.0,16.666666666666668,70.0,11.666666666666666,87,16,16
1.0,0.6519507566564253,0.4219865739927865,29.422663748496465,12.0,1.0,1.0,3.0,3.0,1.0,0.3333333333333333,0.0,1.0,0.0,14.0,14.0,5.0,5.0,88,16,16
0.0,0.9564127459142419,1.5028538093534836,59.36332167903405,12.0,0.6363636363636364,1.0,7.0,7.0,3.0,0.42857142857142855,1.0,2.0,0.3333333333333333,53.0,17.666666666666668,32.0,10.666666666666666,89,16,16
0.0,1.1173143543698667,1.7811549043138706,31.152352519879518,12.0,0.7272727272727273,1.0,7.0,6.0,4.0,0.6666666666666666,1.0,3.0,0.25,60.0,15.0,35.0,8.75,90,16,16
0.0,0.9644980414820111,1.1339068384240722,33.06587734061897,12.0,0.9090909090909091,1.0,8.0,7.0,7.0,1.0,3.0,4.0,0.42857142857142855,82.0,11.714285714285714,45.0,6.428571428571429,91,16,16
0.0,1.681803333492046,1.453286796905208,28.914675115754857,12.0,0.8181818181818182,1.0,8.0,8.0,8.0,1.0,2.0,6.0,0.25,95.0,11.875,49.0,6.125,92,16,16
0.0,1.818378871562496,1.8254894274093718,36.53529646925822,12.0,0.7272727272727273,1.0,4.0,4.0,3.0,0.75,2.0,1.0,0.6666666666666666,88.0,29.333333333333332,61.0,20.333333333333332,93,16,16
0.0,0.8587534988597296,1.1874294730114785,34.86538640988912,12.0,0.8181818181818182,1.0,6.0,6.0,3.0,0.5,2.0,1.0,0.6666666666666666,26.0,8.666666666666666,17.0,5.666666666666667,94,16,16
0.0,1.0475329347476303,1.09785270041319,29.094190447241424,12.0,1.0,1.0,5.0,5.0,4.0,0.8,1.0,3.0,0.25,75.0,18.75,43.0,10.75,95,16,16
0.0,1.2667118321779456,0.9393090999204279,34.26013804858253,12.0,0.9090909090909091,1.0,10.0,9.0,7.0,0.7777777777777778,3.0,4.0,0.42857142857142855,110.0,15.714285714285714,68.0,9.714285714285714,96,16,16
1.0,0.671682987011393,0.47893509409547524,34.934763283948,12.0,0.8181818181818182,1.0,7.0,7.0,5.0,0.7142857142857143,0.0,5.0,0.0,36.0,7.2,17.0,3.4,97,16,16
0.0,1.6628378106825727,1.635912805686371,48.65795700722433,12.0,0.7272727272727273,1.0,11.0,10.0,6.0,0.6,1.0,5.0,0.16666666666666666,78.0,13.0,37.0,6.166666666666667,98,16,16
0.0,0.9742253566324375,1.5467195949518984,39.54403251515759,12.0,0.9090909090909091,1.0,7.0,7.0,5.0,0.7142857142857143,2.0,3.0,0.4,65.0,13.0,36.0,7.2,99,16,16
1.0,0.853565840522979,0.3448398665826663,26.807709275889806,12.0,1.0,1.0,3.0,3.0,3.0,1.0,2.0,1.0,0.6666666666666666,43.0,14.333333333333334,31.0,10.333333333333334,100,16,16
1.0,0.40631167849438593,0.13687629975239976,8.718077996616168,12.0,1.0,1.0,1.0,1.0,1.0,1.0,1.0,0.0,1.0,31.0,31.0,22.0,22.0,101,16,16
0.0,0.722784153418779,0.8843463570276504,16.37424764120324,12.0,0.9090909090909091,1.0,2.0,2.0,1.0,0.5,1.0,0.0,1.0,42.0,42.0,33.0,33.0,102,16,16
0.0,1.7128156455226626,0.9102497168913377,36.40830600973662,12.0,0.9090909090909091,1.0,8.0,8.0,6.0,0.75,2.0,4.0,0.3333333333333333,89.0,14.833333333333334,60.0,10.0,103,16,16
1.0,0.4359056071449429,0.4088958629572965,17.246561831887426,12.0,0.9090909090909091,1.0,2.0,2.0,1.0,0.5,0.0,1.0,0.0,13.0,13.0,4.0,4.0,104,16,16
0.0,1.1781650229304217,1.3651973461629174,41.74996418891226,12.0,1.0,1.0,5.0,5.0,5.0,1.0,4.0,1.0,0.8,66.0,13.2,39.0,7.8,105,16,16
1.0,0.8946030184509776,0.4217753148659961,28.293850125682685,12.0,1.0,1.0,5.0,5.0,4.0,0.8,2.0,2.0,0.5,40.0,10.0,18.0,4.5,106,16,16
0.0,0.9687373994071569,1.8596404351955036,29.699107433220593,12.0,0.8181818181818182,1.0,7.0,6.0,4.0,0.6666666666666666,1.0,3.0,0.25,30.0,7.5,9.0,2.25,107,16,16
0.0,1.4445411034811715,0.4760675160541616,27.047309085435273,12.0,1.0,1.0,6.0,5.0,4.0,0.8,3.0,1.0,0.75,82.0,20.5,46.0,11.5,108,16,16
0.0,1.1298669888365618,1.3667119341140048,42.2225791586419,12.0,0.9090909090909091,1.0,7.0,7.0,6.0,0.8571428571428571,2.0,4.0,0.3333333333333333,107.0,17.833333333333332,62.0,10.333333333333334,109,16,16
0.0,0.6949572478942145,0.7847083839708376,28.259938448359552,12.0,1.0,1.0,5.0,4.0,2.0,0.5,2.0,0.0,1.0,58.0,29.0,40.0,20.0,110,16,16
1.0,0.8804940900071105,0.335951201427674,17.820911292681444,12.0,0.9090909090909091,1.0,2.0,2.0,2.0,1.0,1.0,1.0,0.5,35.0,17.5,18.0,9.0,111,16,16
0.0,0.8212596041099234,1.1144624632200408,29.299021860547743,12.0,0.9090909090909091,1.0,3.0,2.0,2.0,1.0,1.0,1.0,0.5,69.0,34.5,51.0,25.5,112,16,16
1.0,0.6191821932381328,0.3524552581071123,28.66207434844871,12.0,0.8181818181818182,1.0,7.0,7.0,3.0,0.42857142857142855,0.0,3.0,0.0,28.0,9.333333333333334,15.0,5.0,113,16,16
0.0,1.4526314926506567,3.211816186809422,27.84704665517335,12.0,0.7272727272727273,1.0,8.0,8.0,8.0,1.0,2.0,6.0,0.25,94.0,11.75,44.0,5.5,114,16,16
0.0,1.0441601742174917,1.9527981716076601,25.901403429637664,12.0,1.0,1.0,7.0,5.0,2.0,0.4,0.0,2.0,0.0,48.0,24.0,30.0,15.0,115,16,16
0.0,0.9924991261024112,0.6151314257030401,58.43623210580476,12.0,0.5454545454545454,1.0,6.0,6.0,3.0,0.5,2.0,1.0,0.6666666666666666,26.0,8.666666666666666,14.0,4.666666666666667,116,16,16
0.0,0.8279919400274313,1.3868007586788131,50.58329990528118,12.0,0.7272727272727273,1.0,5.0,5.0,5.0,1.0,4.0,1.0,0.8,38.0,7.6,27.0,5.4,117,16,16
0.0,0.8488461364362268,1.2512518382140474,31.36216367371818,12.0,0.8181818181818182,1.0,4.0,4.0,2.0,0.5,1.0,1.0,0.5,67.0,33.5,49.0,24.5,118,16,16
1.0,0.8539745916633592,0.42103151870053607,18.829997718252994,12.0,1.0,1.0,4.0,4.0,3.0,0.75,1.0,2.0,0.3333333333333333,63.0,21.0,36.0,12.0,119,16,16
0.0,1.1976517602989818,1.5769003462060418,39.870879100166256,12.0,0.7272727272727273,1.0,9.0,9.0,4.0,0.4444444444444444,1.0,3.0,0.25,64.0,16.0,42.0,10.5,120,16,16
0.0,0.8135069423353207,0.7231639916066354,26.651442817895283,12.0,0.8181818181818182,1.0,8.0,8.0,5.0,0.625,3.0,2.0,0.6,42.0,8.4,23.0,4.6,121,16,16
0.0,0.9834988131509275,0.9261352976533408,25.994628220021056,12.0,0.9090909090909091,1.0,7.0,7.0,7.0,1.0,2.0,5.0,0.2857142857142857,73.0,10.428571428571429,42.0,6.0,122,16,16
0.0,1.11186394585207,0.9760854125461934,51.67283414955912,12.0,0.7272727272727273,1.0,8.0,8.0,4.0,0.5,1.0,3.0,0.25,54.0,13.5,24.0,6.0,123,16,16
0.0,1.8045652233549043,2.213711846703217,44.69790388052194,12.0,0.7272727272727273,1.0,10.0,9.0,5.0,0.5555555555555556,1.0,4.0,0.2,71.0,14.2,35.0,7.0,124,16,16
1.0,0.9410553642040589,0.4613300059260168,38.195208647182476,12.0,0.9090909090909091,1.0,11.0,11.0,6.0,0.5454545454545454,3.0,3.0,0.5,93.0,15.5,58.0,9.666666666666666,125,16,16
0.0,1.0003532925177694,1.2569782045617035,24.157946612081147,12.0,0.8181818181818182,1.0,7.0,6.0,3.0,0.5,1.0,2.0,0.3333333333333333,38.0,12.666666666666666,20.0,6.666666666666667,126,16,16
0.0,1.5728130229142538,1.4833284861291922,34.35292803375015,12.0,0.7272727272727273,1.0,5.0,4.0,3.0,0.75,1.0,2.0,0.3333333333333333,58.0,19.333333333333332,39.0,13.0,127,16,16
0.0,1.2454065719169631,1.2439362564115104,56.92125331420351,12.0,0.6363636363636364,1.0,7.0,7.0,5.0,0.7142857142857143,3.0,2.0,0.6,67.0,13.4,39.0,7.8,128,16,16
0.0,1.7425505439931896,0.9822860698237681,37.59508335565667,12.0,0.9090909090909091,1.0,5.0,4.0,3.0,0.75,1.0,2.0,0.3333333333333333,61.0,20.333333333333332,34.0,11.333333333333334,129,16,16
0.0,1.0481989051155691,0.6630549052401078,28.7182987518329,12.0,0.7272727272727273,1.0,10.0,9.0,6.0,0.6666666666666666,3.0,3.0,0.5,82.0,13.666666666666666,45.0,7.5,130,16,16
0.0,1.0928875545058823,1.6035420890895504,27.68430985885393,12.0,0.9090909090909091,1.0,6.0,6.0,4.0,0.6666666666666666,2.0,2.0,0.5,77.0,19.25,50.0,12.5,131,16,16
1.0,0.7201369194638615,0.39728758066002806,34.39529406214744,12.0,1.0,1.0,7.0,6.0,4.0,0.6666666666666666,3.0,1.0,0.75,72.0,18.0,42.0,10.5,132,16,16
1.0,0.7544075983239154,0.23624445751234044,26.74699151643365,12.0,0.9090909090909091,1.0,4.0,4.0,2.0,0.5,1.0,1.0,0.5,58.0,29.0,40.0,20.0,133,16,16
0.0,1.142763556937913,1.7537440007804246,32.953724850302855,12.0,0.8181818181818182,1.0,4.0,4.0,4.0,1.0,2.0,2.0,0.5,71.0,17.75,44.0,11.0,134,16,16
0.0,1.7307035832614064,1.117722877621421,29.930662501048864,12.0,0.8181818181818182,1.0,6.0,6.0,5.0,0.8333333333333334,2.0,3.0,0.4,48.0,9.6,22.0,4.4,135,16,16
0.0,0.8633134621797176,0.654460505146315,33.094270617418054,12.0,0.9090909090909091,1.0,6.0,5.0,4.0,0.8,2.0,2.0,0.5,59.0,14.75,34.0,8.5,136,16,16
