method,trial_seed,latency_scale,disturbance_scale,success,tracking_rmse,tail_tracking_rmse,final_error,boundary_discontinuity,p95_boundary_discontinuity,handoff_staleness,context_age_ms,rms_jerk,idle_fraction,deadline_miss_steps,simulated_first_action_latency_ms,configured_first_action_latency_ms,emitted_chunks,decoder_launches,decoder_sequential_passes,decoder_slot_updates,causal_pair_interactions
isolated_n_step,1428992204,1.0,0.5,1.0,0.47461192952126785,0.17268956546458253,0.10655040236899127,0.1755009090008811,0.3144941435282143,0.15397613161869247,125.0,13.247172081569962,0.020833333333333332,0,125.0,120.0,30,30,180,180,0
few_step_distilled,1428992204,1.0,0.5,1.0,0.461426374117829,0.18395499319377348,0.08078830894865426,0.25850728013818725,0.44423081276459625,0.06095708790867587,50.0,12.83483221255845,0.008333333333333333,0,50.0,40.0,30,30,60,60,0
streaming_no_causal,1428992204,1.0,0.5,1.0,0.4796279750899486,0.16713276516473488,0.28872166356948487,0.26079444116914835,0.42158743375525537,0.03239136673481238,28.333333333333336,13.308511179370672,0.020833333333333332,0,125.0,120.0,30,30,35,195,0
streaming_causal,1428992204,1.0,0.5,1.0,0.5123456873931406,0.1901850155359166,0.07873152448338518,0.03612082515998207,0.06086325604123671,0.0014014100555291668,28.333333333333336,12.621181225516956,0.020833333333333332,0,125.0,120.0,30,30,35,195,644
future_state_conditioned,1428992204,1.0,0.5,1.0,0.5031166620455051,0.17934892470288544,0.06100794309499158,0.13156185543195215,0.23557379217950852,0.0019171867304719585,125.0,12.861200903219181,0.020833333333333332,0,125.0,120.0,30,30,180,180,0
isolated_n_step,2197443008,1.0,0.5,1.0,0.4509734623287381,0.10181497922902714,0.14670106017832288,0.1873402460269052,0.4013295720769393,0.1449010385804453,125.0,13.513070424465095,0.020833333333333332,0,125.0,120.0,30,30,180,180,0
few_step_distilled,2197443008,1.0,0.5,1.0,0.4369031135300543,0.11270367200835357,0.12237540663406582,0.3103126809090538,0.5695359051001745,0.0575094434021473,50.0,12.12313303545738,0.008333333333333333,0,50.0,40.0,30,30,60,60,0
streaming_no_causal,2197443008,1.0,0.5,0.0,0.45444862130486346,0.2573500878593622,0.20568811785514132,0.2207420522274761,0.37026355882132495,0.029557620582881697,28.333333333333336,13.275516958599198,0.020833333333333332,0,125.0,120.0,30,30,35,195,0
streaming_causal,2197443008,1.0,0.5,1.0,0.4756966748724291,0.11356667294333563,0.11452238980786171,0.03454432970375137,0.060496040555962236,0.0013920325277075624,28.333333333333336,12.694370912556288,0.020833333333333332,0,125.0,120.0,30,30,35,195,644
future_state_conditioned,2197443008,1.0,0.5,1.0,0.4689189603871478,0.10994801429966446,0.11742039947631394,0.12292379476873967,0.27090364558300956,0.0020949553731495064,125.0,12.935646878797801,0.020833333333333332,0,125.0,120.0,30,30,180,180,0
isolated_n_step,389016444,1.0,0.5,0.0,0.4434072554680805,0.23579380707731304,0.05867243976317752,0.20271005086628976,0.5595732269031126,0.09727049216651165,125.0,13.611130707750151,0.020833333333333332,0,125.0,120.0,30,30,180,180,0
few_step_distilled,389016444,1.0,0.5,0.0,0.4292148622310271,0.24956356436297294,0.09219896642418639,0.3290107011825385,0.5511377968283819,0.03728342424633257,50.0,13.353012914982749,0.008333333333333333,0,50.0,40.0,30,30,60,60,0
streaming_no_causal,389016444,1.0,0.5,0.0,0.44933480814521987,0.21093201062749908,0.19458419649826966,0.29485098866820575,0.5318202266318348,0.02176417333225555,28.333333333333336,13.542921379166803,0.020833333333333332,0,125.0,120.0,30,30,35,195,0
streaming_causal,389016444,1.0,0.5,0.0,0.4563761598136974,0.2532815668342946,0.09195101036212144,0.03140409972616274,0.08566411581732422,0.0011423565105953576,28.333333333333336,12.747975621910806,0.020833333333333332,0,125.0,120.0,30,30,35,195,644
future_state_conditioned,389016444,1.0,0.5,0.0,0.45241724383426296,0.23415431848247165,0.08999328239075535,0.1110183298225505,0.35538358889075555,0.0016439104506155947,125.0,12.969660893383303,0.020833333333333332,0,125.0,120.0,30,30,180,180,0
isolated_n_step,45634598,1.0,0.5,1.0,0.4589623399493136,0.1451879494027798,0.08792708905704494,0.19182288512950635,0.42921680131695555,0.11476905240213311,125.0,13.39302639632558,0.020833333333333332,0,125.0,120.0,30,30,180,180,0
few_step_distilled,45634598,1.0,0.5,1.0,0.4507479928475665,0.16205003654948755,0.09003133237839543,0.3094841149467196,0.6207095423983524,0.045931049669530016,50.0,12.705782470641022,0.008333333333333333,0,50.0,40.0,30,30,60,60,0
streaming_no_causal,45634598,1.0,0.5,1.0,0.4638473970691676,0.17626162150145064,0.1900713363404029,0.24615527093314804,0.43490080950783944,0.024752360804008593,28.333333333333336,13.215720070029581,0.020833333333333332,0,125.0,120.0,30,30,35,195,0
streaming_causal,45634598,1.0,0.5,1.0,0.4897268853859482,0.18118652158998286,0.08034221127108183,0.03233824315307281,0.05940049562444918,0.0012358027634002333,28.333333333333336,12.643465462283864,0.020833333333333332,0,125.0,120.0,30,30,35,195,644
future_state_conditioned,45634598,1.0,0.5,1.0,0.48379861740266944,0.17510432483830402,0.08114878207483225,0.12239146672968723,0.2916426467178624,0.0017463222065420203,125.0,12.901797664567937,0.020833333333333332,0,125.0,120.0,30,30,180,180,0
isolated_n_step,2615086584,1.0,0.5,1.0,0.45211541857199145,0.16731459522346107,0.18399096936943127,0.2046821960625454,0.5285979521682326,0.13587062326793078,125.0,13.62796154289874,0.020833333333333332,0,125.0,120.0,30,30,180,180,0
few_step_distilled,2615086584,1.0,0.5,1.0,0.43788441274365786,0.1676781665632886,0.19509800094562973,0.3319266575510537,0.6422843340127703,0.053861701176498446,50.0,13.351482117094783,0.008333333333333333,0,50.0,40.0,30,30,60,60,0
streaming_no_causal,2615086584,1.0,0.5,0.0,0.4508621590817092,0.2471157398608136,0.16787761621972103,0.23701220182784657,0.5145558518107862,0.027724615658886054,28.333333333333336,13.314253793159294,0.020833333333333332,0,125.0,120.0,30,30,35,195,0
streaming_causal,2615086584,1.0,0.5,1.0,0.47431456222776563,0.1452732707739912,0.1961857470428924,0.041445680841541585,0.08072565818100526,0.0014859025617658405,28.333333333333336,12.694372815716813,0.020833333333333332,0,125.0,120.0,30,30,35,195,644
future_state_conditioned,2615086584,1.0,0.5,1.0,0.4681417334656139,0.1451040726641498,0.18912891428925468,0.13052234971963494,0.3317629938414265,0.002038168623114593,125.0,12.980025620907794,0.020833333333333332,0,125.0,120.0,30,30,180,180,0
isolated_n_step,449088113,1.0,0.5,1.0,0.46347354694223636,0.12289574383189317,0.10960961236708837,0.16630748986357197,0.30735107573717957,0.1419784432889732,125.0,13.2813375316842,0.020833333333333332,0,125.0,120.0,30,30,180,180,0
few_step_distilled,449088113,1.0,0.5,1.0,0.44928266663397876,0.14916070017556812,0.14413309667682417,0.3013365202669624,0.5360488593570708,0.056541905433469805,50.0,12.436087366888477,0.008333333333333333,0,50.0,40.0,30,30,60,60,0
streaming_no_causal,449088113,1.0,0.5,1.0,0.4679462755239648,0.19319341279382218,0.042049996216617036,0.21622971340424732,0.36030662392458046,0.029356760100246435,28.333333333333336,13.168755740744619,0.020833333333333332,0,125.0,120.0,30,30,35,195,0
streaming_causal,449088113,1.0,0.5,1.0,0.49629096369555503,0.12723153618739894,0.11337610536633994,0.03135973635759994,0.05286942920736451,0.0013403989978809374,28.333333333333336,12.615703324662764,0.020833333333333332,0,125.0,120.0,30,30,35,195,644
future_state_conditioned,449088113,1.0,0.5,1.0,0.4881821182748432,0.125195468655611,0.1123638015823436,0.12058731657063515,0.303450275810849,0.0022551786561469675,125.0,12.873125946330337,0.020833333333333332,0,125.0,120.0,30,30,180,180,0
isolated_n_step,3043450284,1.0,0.5,1.0,0.4501357634691363,0.11706381105004064,0.11496688840031771,0.19704989610947332,0.46028922085286195,0.12933921322151598,125.0,13.592859109357262,0.020833333333333332,0,125.0,120.0,30,30,180,180,0
few_step_distilled,3043450284,1.0,0.5,1.0,0.4352670122271972,0.12027120775883132,0.1071168989730885,0.2843547858539815,0.6538793980563807,0.05108108541787357,50.0,13.161588892191794,0.008333333333333333,0,50.0,40.0,30,30,60,60,0
streaming_no_causal,3043450284,1.0,0.5,0.0,0.45007952590524525,0.21354082657685147,0.14761567605386702,0.26151315683829385,0.502720310384649,0.026856794956865986,28.333333333333336,13.458054946245586,0.020833333333333332,0,125.0,120.0,30,30,35,195,0
streaming_causal,3043450284,1.0,0.5,1.0,0.4679977068122447,0.15385367747742074,0.12831814660176113,0.03012438009230846,0.06009687448278457,0.001285940128801691,28.333333333333336,12.70492793102331,0.020833333333333332,0,125.0,120.0,30,30,35,195,644
future_state_conditioned,3043450284,1.0,0.5,1.0,0.4625738929216267,0.14835746654659088,0.12235644327899602,0.11500548564615003,0.22905860865116565,0.002058233668556526,125.0,12.919366248044861,0.020833333333333332,0,125.0,120.0,30,30,180,180,0
isolated_n_step,4279135069,1.0,0.5,1.0,0.4574337003857027,0.1463926043915104,0.12987706141150096,0.17844716465938285,0.4897279833745237,0.10656381862726462,125.0,13.342584129482015,0.020833333333333332,0,125.0,120.0,30,30,180,180,0
few_step_distilled,4279135069,1.0,0.5,1.0,0.4470148688858379,0.16595339417257474,0.13784857867335693,0.27800965083580115,0.5322413095015427,0.042240395198274765,50.0,12.623177593516083,0.008333333333333333,0,50.0,40.0,30,30,60,60,0
streaming_no_causal,4279135069,1.0,0.5,1.0,0.46554851146971293,0.17701222152296334,0.08286627388682102,0.23619514781328996,0.5609426371198735,0.02320021910478247,28.333333333333336,13.24579854072339,0.020833333333333332,0,125.0,120.0,30,30,35,195,0
streaming_causal,4279135069,1.0,0.5,1.0,0.4838094953643735,0.16385705247317175,0.14535336687640132,0.02938061302555991,0.05575078189618047,0.0011263248389124874,28.333333333333336,12.641367289140417,0.020833333333333332,0,125.0,120.0,30,30,35,195,644
future_state_conditioned,4279135069,1.0,0.5,1.0,0.47803249176004026,0.15971374049651865,0.1405048061378604,0.1033539690852381,0.2526810406349018,0.00160580021437214,125.0,12.839853427971645,0.020833333333333332,0,125.0,120.0,30,30,180,180,0
isolated_n_step,2699054846,1.0,0.5,1.0,0.45825645894207734,0.13260668987618157,0.045905312538367896,0.21098879229198508,0.6421922622385776,0.12932395281505796,125.0,13.682732695068628,0.020833333333333332,0,125.0,120.0,30,30,180,180,0
few_step_distilled,2699054846,1.0,0.5,1.0,0.4411239046725596,0.14649596169442522,0.0429181725430789,0.3053180829385262,0.7305519979647064,0.050397565182797026,50.0,13.351576329794952,0.008333333333333333,0,50.0,40.0,30,30,60,60,0
streaming_no_causal,2699054846,1.0,0.5,1.0,0.4616512335070343,0.17960930235175587,0.20937946651789852,0.2866423588512065,0.7096264108615372,0.027305269429339217,28.333333333333336,13.685816981296481,0.020833333333333332,0,125.0,120.0,30,30,35,195,0
streaming_causal,2699054846,1.0,0.5,1.0,0.4662106916767618,0.15890352114910716,0.025511295412475855,0.03305290562818108,0.05911576139725742,0.0012667186493932783,28.333333333333336,12.742276231466294,0.020833333333333332,0,125.0,120.0,30,30,35,195,644
future_state_conditioned,2699054846,1.0,0.5,1.0,0.46366639652054176,0.15258880688764856,0.022714043435236572,0.1125283779482316,0.23816145771931735,0.0018270590455086073,125.0,12.925860715745728,0.020833333333333332,0,125.0,120.0,30,30,180,180,0
isolated_n_step,943842069,1.0,0.5,0.0,0.4752899903147198,0.2133555807688021,0.16775398841000547,0.19707529119638514,0.5076700013836595,0.11099704075882265,125.0,13.477590428104227,0.020833333333333332,0,125.0,120.0,30,30,180,180,0
few_step_distilled,943842069,1.0,0.5,0.0,0.46095581633736027,0.226240616642423,0.19377623007564124,0.2891184191263546,0.5641162532676238,0.043834801072479904,50.0,13.028024858694089,0.008333333333333333,0,50.0,40.0,30,30,60,60,0
streaming_no_causal,943842069,1.0,0.5,1.0,0.487317261445799,0.18193879267831564,0.136148325970788,0.31854103761518665,0.68346399380534,0.024252567456572782,28.333333333333336,13.668437998105928,0.020833333333333332,0,125.0,120.0,30,30,35,195,0
streaming_causal,943842069,1.0,0.5,0.0,0.4932284993777434,0.22204002355250285,0.19127383572389614,0.026448432952204032,0.058231098479797336,0.0012276620746922461,28.333333333333336,12.655273858474857,0.020833333333333332,0,125.0,120.0,30,30,35,195,644
future_state_conditioned,943842069,1.0,0.5,0.0,0.48730518666592704,0.20934971484022538,0.18509569390976555,0.10672583253272656,0.3021604859022786,0.0018498668911872684,125.0,12.892926751064737,0.020833333333333332,0,125.0,120.0,30,30,180,180,0
isolated_n_step,957736304,1.0,0.5,1.0,0.4649596657029293,0.19579804117999494,0.027148213926443527,0.17498709733257564,0.3233504970029904,0.15311265789056477,125.0,13.35357344143923,0.020833333333333332,0,125.0,120.0,30,30,180,180,0
few_step_distilled,957736304,1.0,0.5,0.0,0.45609680663675845,0.21351478521670145,0.011103399831004673,0.2759575126773543,0.4542633382930401,0.06094197250046333,50.0,12.231460224538834,0.008333333333333333,0,50.0,40.0,30,30,60,60,0
streaming_no_causal,957736304,1.0,0.5,0.0,0.46445608461749777,0.22373115104511188,0.20034662894290628,0.23242334305132714,0.3483085418378158,0.03182586037154782,28.333333333333336,13.198154712246904,0.020833333333333332,0,125.0,120.0,30,30,35,195,0
streaming_causal,957736304,1.0,0.5,0.0,0.5003423563963193,0.20993448424236016,0.06461310913106844,0.03728616753580686,0.06758377086501888,0.001474241276398173,28.333333333333336,12.605882251400283,0.020833333333333332,0,125.0,120.0,30,30,35,195,644
future_state_conditioned,957736304,1.0,0.5,0.0,0.4906708212513538,0.20060128426730398,0.059137494573885015,0.1361418316844641,0.30107873285062825,0.0022639320817248155,125.0,12.91535505272209,0.020833333333333332,0,125.0,120.0,30,30,180,180,0
isolated_n_step,1759164949,1.0,0.5,1.0,0.4678252327464033,0.09379531823614341,0.1487925090486228,0.2007164086252932,0.4660332104445022,0.1593896801908735,125.0,13.483489679493893,0.020833333333333332,0,125.0,120.0,30,30,180,180,0
few_step_distilled,1759164949,1.0,0.5,1.0,0.45318483886462335,0.09092873475658098,0.15184172598744414,0.29096523529945784,0.5583277266975726,0.0631765724134757,50.0,12.812766166228547,0.008333333333333333,0,50.0,40.0,30,30,60,60,0
streaming_no_causal,1759164949,1.0,0.5,0.0,0.4673618410629796,0.24446858671686292,0.23797596115081365,0.269655652960691,0.5637105738392586,0.03272022854619788,28.333333333333336,13.42738755793661,0.020833333333333332,0,125.0,120.0,30,30,35,195,0
streaming_causal,1759164949,1.0,0.5,1.0,0.49343788358585194,0.09186415659609823,0.12240462462673271,0.03696387877659166,0.066646803791902,0.0014556225044498983,28.333333333333336,12.667163142661932,0.020833333333333332,0,125.0,120.0,30,30,35,195,644
future_state_conditioned,1759164949,1.0,0.5,1.0,0.4858517861834364,0.08976375372398328,0.1282470863991006,0.12819989049678548,0.20219221718197067,0.002304195377362381,125.0,12.901796045924723,0.020833333333333332,0,125.0,120.0,30,30,180,180,0
isolated_n_step,1230043459,1.0,0.5,1.0,0.42562119056108805,0.16744160574117398,0.1472454042352687,0.21595125268569285,0.5615470348912506,0.10016865073070139,125.0,13.631981984013747,0.020833333333333332,0,125.0,120.0,30,30,180,180,0
few_step_distilled,1230043459,1.0,0.5,1.0,0.4108903713452523,0.1808581213321634,0.16670161569405345,0.2908778435890286,0.547129189283689,0.03877011404209514,50.0,12.848248119878415,0.008333333333333333,0,50.0,40.0,30,30,60,60,0
streaming_no_causal,1230043459,1.0,0.5,0.0,0.42392163550724693,0.20997074512625846,0.21529245641652345,0.2650351021017011,0.47173807739122425,0.021393959516247705,28.333333333333336,13.47767784660906,0.020833333333333332,0,125.0,120.0,30,30,35,195,0
streaming_causal,1230043459,1.0,0.5,1.0,0.4334874994446106,0.19101553423415937,0.14106712110188685,0.036814665588683744,0.08092953458183016,0.0011217832650647257,28.333333333333336,12.794577949308092,0.020833333333333332,0,125.0,120.0,30,30,35,195,644
future_state_conditioned,1230043459,1.0,0.5,1.0,0.43126769292645206,0.17922013406505646,0.12639741262123766,0.12563656690379046,0.29013552263388837,0.001537689665771756,125.0,12.99852337352145,0.020833333333333332,0,125.0,120.0,30,30,180,180,0
isolated_n_step,4039245169,1.0,0.5,1.0,0.4640576593042341,0.13245761132470987,0.17769209277607673,0.1923461640095641,0.4129995078725327,0.1295439580928597,125.0,13.435137384507541,0.020833333333333332,0,125.0,120.0,30,30,180,180,0
few_step_distilled,4039245169,1.0,0.5,1.0,0.44952799310852465,0.14465476503982844,0.1674467632716975,0.23541838995945347,0.4524694613053775,0.05132995538350698,50.0,12.078700182206564,0.008333333333333333,0,50.0,40.0,30,30,60,60,0
streaming_no_causal,4039245169,1.0,0.5,0.0,0.47454900450027787,0.23211686184729774,0.24093331192257647,0.27148599918833755,0.4477002418047412,0.027750685520004575,28.333333333333336,13.374975415180948,0.020833333333333332,0,125.0,120.0,30,30,35,195,0
streaming_causal,4039245169,1.0,0.5,1.0,0.4912318337427987,0.1573848652651544,0.17245535953168512,0.030755166876449424,0.05133854685718689,0.0013584376434909627,28.333333333333336,12.650549045292887,0.020833333333333332,0,125.0,120.0,30,30,35,195,644
future_state_conditioned,4039245169,1.0,0.5,1.0,0.48383482912714865,0.14835006425181196,0.15965520320087612,0.12475967063873221,0.25547564152334606,0.0018256923366725116,125.0,12.895929783722504,0.020833333333333332,0,125.0,120.0,30,30,180,180,0
isolated_n_step,3284449574,1.0,0.5,1.0,0.46324029524646615,0.1832759418376255,0.15059473866546982,0.18219626716569087,0.4897488296317159,0.11101809944179797,125.0,13.384730165992753,0.020833333333333332,0,125.0,120.0,30,30,180,180,0
few_step_distilled,3284449574,1.0,0.5,1.0,0.44880161640845145,0.19383380904877776,0.18076256605487745,0.3324114701546376,0.5598729549967572,0.04378358391266664,50.0,12.983895863761683,0.008333333333333333,0,50.0,40.0,30,30,60,60,0
streaming_no_causal,3284449574,1.0,0.5,1.0,0.4736330958542981,0.18097883803253634,0.09611278024488751,0.2489617873391144,0.5617441899818699,0.023460140301285348,28.333333333333336,13.35408965081285,0.020833333333333332,0,125.0,120.0,30,30,35,195,0
streaming_causal,3284449574,1.0,0.5,1.0,0.4881814096889594,0.1753467344083076,0.16802017363147784,0.03104517078152317,0.048205611293919176,0.0011863273299939775,28.333333333333336,12.652868433174474,0.020833333333333332,0,125.0,120.0,30,30,35,195,644
future_state_conditioned,3284449574,1.0,0.5,1.0,0.4821663436759489,0.17114235024455693,0.1651315239704083,0.10999268739506446,0.2961989915689201,0.0019386618068010328,125.0,12.92260300257004,0.020833333333333332,0,125.0,120.0,30,30,180,180,0
isolated_n_step,3622483384,1.0,0.5,1.0,0.44974576467994826,0.18438520158346272,0.05376523227557878,0.20016274602175083,0.43697073174536877,0.12769960891249477,125.0,13.444701976656093,0.020833333333333332,0,125.0,120.0,30,30,180,180,0
few_step_distilled,3622483384,1.0,0.5,1.0,0.4335959674535044,0.19193636550848583,0.03934597679850529,0.3005976403636042,0.6460344956971498,0.05063420116880445,50.0,13.585734525003758,0.008333333333333333,0,50.0,40.0,30,30,60,60,0
streaming_no_causal,3622483384,1.0,0.5,1.0,0.4492239151542981,0.13122203297926122,0.2195838710073494,0.21578903631136306,0.34412697606639825,0.026844668753480547,28.333333333333336,13.137432458269355,0.020833333333333332,0,125.0,120.0,30,30,35,195,0
streaming_causal,3622483384,1.0,0.5,0.0,0.48240231450918564,0.2098049740483858,0.07800173297935487,0.04228034625136535,0.07751924885302752,0.0012635353968199958,28.333333333333336,12.681383831282725,0.020833333333333332,0,125.0,120.0,30,30,35,195,644
future_state_conditioned,3622483384,1.0,0.5,1.0,0.4750131719197607,0.19853791636762605,0.07131730273668654,0.135432115951805,0.26240966942313276,0.002000715985871922,125.0,12.925810202811265,0.020833333333333332,0,125.0,120.0,30,30,180,180,0
isolated_n_step,2275001255,1.0,0.5,1.0,0.4483328643488697,0.15313130400214917,0.0670823975853692,0.201919116296298,0.6660814852776971,0.1194967107503825,125.0,13.71086827080766,0.020833333333333332,0,125.0,120.0,30,30,180,180,0
few_step_distilled,2275001255,1.0,0.5,1.0,0.44141227690343837,0.175942886318303,0.07561620476492771,0.26165794191634,0.5820621903696904,0.04692807022819581,50.0,12.875812831885609,0.008333333333333333,0,50.0,40.0,30,30,60,60,0
streaming_no_causal,2275001255,1.0,0.5,0.0,0.45234967546346194,0.2502592478019761,0.150196660557259,0.27353666430241175,0.710872053547404,0.024862578195904865,28.333333333333336,13.588600139607658,0.020833333333333332,0,125.0,120.0,30,30,35,195,0
streaming_causal,2275001255,1.0,0.5,1.0,0.45760449700965916,0.14330388750355216,0.06819820814363062,0.034373940429866245,0.06864672348540937,0.0012408624196092852,28.333333333333336,12.782663397189188,0.020833333333333332,0,125.0,120.0,30,30,35,195,644
future_state_conditioned,2275001255,1.0,0.5,1.0,0.4540949115933335,0.13637644544807156,0.07023504063121641,0.10542567352679848,0.3279767388210466,0.0015354195244958217,125.0,12.989015203760312,0.020833333333333332,0,125.0,120.0,30,30,180,180,0
isolated_n_step,2629124651,1.0,0.5,1.0,0.4530377221485941,0.10070623118350039,0.11644330833896206,0.17818352701792167,0.45696717084201055,0.11236832130893155,125.0,13.380794222797764,0.020833333333333332,0,125.0,120.0,30,30,180,180,0
few_step_distilled,2629124651,1.0,0.5,1.0,0.43988106917840575,0.11046048206731117,0.10211264527688259,0.29286256745111783,0.6239933345254411,0.044565085252054576,50.0,12.402326793109884,0.008333333333333333,0,50.0,40.0,30,30,60,60,0
streaming_no_causal,2629124651,1.0,0.5,1.0,0.4646435632276913,0.14564242525343743,0.12504717051987754,0.22784000742901273,0.4271229876328906,0.023251403654095792,28.333333333333336,13.192794869465535,0.020833333333333332,0,125.0,120.0,30,30,35,195,0
streaming_causal,2629124651,1.0,0.5,1.0,0.4824183758291513,0.09723227023239873,0.11802303881761807,0.03597660838377242,0.06231659928520094,0.0011645678396478936,28.333333333333336,12.670378486108246,0.020833333333333332,0,125.0,120.0,30,30,35,195,644
future_state_conditioned,2629124651,1.0,0.5,1.0,0.47668888935140225,0.10135331746728454,0.11717695667954647,0.12929085800129647,0.3466006074376731,0.001787514291954424,125.0,12.916580239058305,0.020833333333333332,0,125.0,120.0,30,30,180,180,0
isolated_n_step,2489518099,1.0,0.5,1.0,0.4448137963678588,0.13641721516681365,0.110392233997749,0.18059692831732738,0.38175025681084795,0.12316539843401324,125.0,13.43195208057028,0.020833333333333332,0,125.0,120.0,30,30,180,180,0
few_step_distilled,2489518099,1.0,0.5,1.0,0.4313891001521751,0.1448885472791707,0.13973306348606865,0.295878777350817,0.5594707445731875,0.04907449738503288,50.0,12.768697064998642,0.008333333333333333,0,50.0,40.0,30,30,60,60,0
streaming_no_causal,2489518099,1.0,0.5,0.0,0.4503019048470792,0.2244688229407239,0.07054462294615862,0.20231773294110253,0.2926451662960518,0.02551725103596759,28.333333333333336,13.068326843088848,0.020833333333333332,0,125.0,120.0,30,30,35,195,0
streaming_causal,2489518099,1.0,0.5,1.0,0.4750829061666119,0.115272403316055,0.10688724697219237,0.03650213438921539,0.06466723444982601,0.0011043935258180496,28.333333333333336,12.638364719504422,0.020833333333333332,0,125.0,120.0,30,30,35,195,644
future_state_conditioned,2489518099,1.0,0.5,1.0,0.4684699210285198,0.11212794087254688,0.11749867010305308,0.12856280892150482,0.237522960604868,0.0015399967709691811,125.0,12.879396805147072,0.020833333333333332,0,125.0,120.0,30,30,180,180,0
isolated_n_step,1095561498,1.0,0.5,1.0,0.4555711295037277,0.11413899412047941,0.08339662711263941,0.17978502351180214,0.44236447504663967,0.1074706557045061,125.0,13.379608423093165,0.020833333333333332,0,125.0,120.0,30,30,180,180,0
few_step_distilled,1095561498,1.0,0.5,1.0,0.44503613165056405,0.13505013904911026,0.09704895145126806,0.2942162248386781,0.48229587528190404,0.04284264882003616,50.0,12.871583387619548,0.008333333333333333,0,50.0,40.0,30,30,60,60,0
streaming_no_causal,1095561498,1.0,0.5,1.0,0.4619627328412969,0.1333360722727849,0.061189742372679976,0.21515483254892798,0.47325840823872145,0.022355654877912752,28.333333333333336,13.169938436073744,0.020833333333333332,0,125.0,120.0,30,30,35,195,0
streaming_causal,1095561498,1.0,0.5,1.0,0.4850036144541022,0.11561374635204476,0.1123104916141498,0.03573315616241005,0.06518378357923418,0.0012542951324392333,28.333333333333336,12.650989036580587,0.020833333333333332,0,125.0,120.0,30,30,35,195,644
future_state_conditioned,1095561498,1.0,0.5,1.0,0.47862151513715906,0.11564809400675567,0.10066607164928683,0.11635647318065043,0.29976656659115636,0.0017508513237032336,125.0,12.91630373514246,0.020833333333333332,0,125.0,120.0,30,30,180,180,0
isolated_n_step,3158593013,1.0,0.5,1.0,0.4309167377660169,0.17523373102020323,0.15925908134842207,0.21359769092303382,0.49407430028954635,0.11720147493059492,125.0,13.599319257676024,0.020833333333333332,0,125.0,120.0,30,30,180,180,0
few_step_distilled,3158593013,1.0,0.5,1.0,0.4185864954391002,0.18400464657793197,0.1641939067155062,0.3282211909374808,0.6451561563962935,0.046349006499125434,50.0,13.109144914003714,0.008333333333333333,0,50.0,40.0,30,30,60,60,0
streaming_no_causal,3158593013,1.0,0.5,0.0,0.42845646636223084,0.2431987711878625,0.23491446469536476,0.24625046063956516,0.35522498238175215,0.024427374630829765,28.333333333333336,13.308267448266388,0.020833333333333332,0,125.0,120.0,30,30,35,195,0
streaming_causal,3158593013,1.0,0.5,1.0,0.4480026511946696,0.19654387816536428,0.1525800970614759,0.0418112429168445,0.07131621029146083,0.001151836975978787,28.333333333333336,12.746200495548608,0.020833333333333332,0,125.0,120.0,30,30,35,195,644
future_state_conditioned,3158593013,1.0,0.5,1.0,0.44350117195965616,0.18676385880120566,0.14333251215324935,0.13882360222949025,0.2699437286011897,0.0018601213241992824,125.0,12.999785365974262,0.020833333333333332,0,125.0,120.0,30,30,180,180,0
isolated_n_step,2628351122,1.0,0.5,1.0,0.4622356773860403,0.14100776589283054,0.0690160076898985,0.17085481659964874,0.41462989527919364,0.11122142965239987,125.0,13.21438266657404,0.020833333333333332,0,125.0,120.0,30,30,180,180,0
few_step_distilled,2628351122,1.0,0.5,1.0,0.4470993853703798,0.15112516807130905,0.07819411798967449,0.2871846357822059,0.6029671227978923,0.044508413990781134,50.0,12.991571042625662,0.008333333333333333,0,50.0,40.0,30,30,60,60,0
streaming_no_causal,2628351122,1.0,0.5,0.0,0.47713547058231237,0.20433693931582436,0.07293494245283191,0.23689397778776794,0.4610650072369889,0.023750832391097817,28.333333333333336,13.212755312324896,0.020833333333333332,0,125.0,120.0,30,30,35,195,0
streaming_causal,2628351122,1.0,0.5,1.0,0.49197109564958563,0.13087432214575348,0.08108502695177731,0.02891050979010137,0.05151323568802607,0.0009753795621920417,28.333333333333336,12.627128647991045,0.020833333333333332,0,125.0,120.0,30,30,35,195,644
future_state_conditioned,2628351122,1.0,0.5,1.0,0.485450149279563,0.1243740507349361,0.08422415197348075,0.10670459588518072,0.30241442284904074,0.0017269808878278474,125.0,12.854580727891053,0.020833333333333332,0,125.0,120.0,30,30,180,180,0
isolated_n_step,497554903,1.0,0.5,1.0,0.4585878984992399,0.061587981658326255,0.01965164493075438,0.18776283566651134,0.4236223475284101,0.13382379739877356,125.0,13.275555051249867,0.020833333333333332,0,125.0,120.0,30,30,180,180,0
few_step_distilled,497554903,1.0,0.5,1.0,0.44399173100629286,0.07743551199315717,0.03897744931071455,0.2888990560104369,0.5418431385220226,0.053537605067768924,50.0,12.60814869523656,0.008333333333333333,0,50.0,40.0,30,30,60,60,0
streaming_no_causal,497554903,1.0,0.5,1.0,0.4659074083712667,0.19255520888749095,0.05310197568886807,0.25680394357752817,0.4127829142552994,0.027350783928566862,28.333333333333336,13.238286403898412,0.020833333333333332,0,125.0,120.0,30,30,35,195,0
streaming_causal,497554903,1.0,0.5,1.0,0.4885174817113413,0.06270499278093573,0.029036858236458376,0.034627240315116534,0.07426097041016352,0.0012099580535102558,28.333333333333336,12.633872329383705,0.020833333333333332,0,125.0,120.0,30,30,35,195,644
future_state_conditioned,497554903,1.0,0.5,1.0,0.48212221014387435,0.07027396514697287,0.025827498352970078,0.12589539935619712,0.2653469713791937,0.0018526592274068431,125.0,12.848257437674174,0.020833333333333332,0,125.0,120.0,30,30,180,180,0
isolated_n_step,2756077634,1.0,0.5,1.0,0.44339788742973324,0.14465824562550433,0.08709194826555237,0.22095278122846201,0.6672767393081115,0.11016644701301993,125.0,13.739880744041034,0.020833333333333332,0,125.0,120.0,30,30,180,180,0
few_step_distilled,2756077634,1.0,0.5,1.0,0.4275796768595529,0.15833984021213168,0.07629014213538106,0.3415199985927555,0.7408735499361108,0.04213302418967248,50.0,13.187667000940191,0.008333333333333333,0,50.0,40.0,30,30,60,60,0
streaming_no_causal,2756077634,1.0,0.5,1.0,0.44425103647319053,0.12857574611781566,0.2088686315773268,0.3099061994900921,0.7090452238984826,0.02388405353477856,28.333333333333336,13.78788373903774,0.020833333333333332,0,125.0,120.0,30,30,35,195,0
streaming_causal,2756077634,1.0,0.5,1.0,0.4452332055998103,0.17340920865454967,0.09245922827998028,0.03375135699743006,0.07308264515803699,0.0011892645131291286,28.333333333333336,12.780100523212917,0.020833333333333332,0,125.0,120.0,30,30,35,195,644
future_state_conditioned,2756077634,1.0,0.5,1.0,0.4439088956434829,0.1655884230489139,0.07040273274264104,0.0984277544220018,0.25953976426747066,0.001728741922997501,125.0,12.918774375090496,0.020833333333333332,0,125.0,120.0,30,30,180,180,0
isolated_n_step,538581970,1.0,0.5,1.0,0.46300135805771525,0.15100037289928345,0.17861049893052366,0.2159108821660345,0.5129065019194459,0.11449745270436798,125.0,13.64475237595742,0.020833333333333332,0,125.0,120.0,30,30,180,180,0
few_step_distilled,538581970,1.0,0.5,1.0,0.44851166770496304,0.15063819453003782,0.16480667131381224,0.3091417382118691,0.601952030362798,0.04477704669884138,50.0,12.593434437964143,0.008333333333333333,0,50.0,40.0,30,30,60,60,0
streaming_no_causal,538581970,1.0,0.5,1.0,0.4728414170879537,0.1632867930201013,0.10028902021349757,0.31269146815809157,0.6107849354020407,0.02504243399477479,28.333333333333336,13.689398959729273,0.020833333333333332,0,125.0,120.0,30,30,35,195,0
streaming_causal,538581970,1.0,0.5,1.0,0.4771363790841669,0.16904964070577472,0.19659981829340362,0.02832550949539026,0.06416446456077694,0.0013103644905345499,28.333333333333336,12.685365783720702,0.020833333333333332,0,125.0,120.0,30,30,35,195,644
future_state_conditioned,538581970,1.0,0.5,1.0,0.4725015203873357,0.16186638748081206,0.18139806283797283,0.10674817461386307,0.1917170753149721,0.002087375277000153,125.0,12.893928073687379,0.020833333333333332,0,125.0,120.0,30,30,180,180,0
isolated_n_step,320516146,1.0,0.5,1.0,0.4649415617466575,0.09382798466613995,0.14857068160781126,0.1893112465236836,0.4181966347131342,0.1261147349540498,125.0,13.392960598221466,0.020833333333333332,0,125.0,120.0,30,30,180,180,0
few_step_distilled,320516146,1.0,0.5,1.0,0.4468008221482328,0.09435813956403315,0.17650416276268172,0.2929212553395769,0.5636433041606367,0.050099173076801166,50.0,13.02085338652259,0.008333333333333333,0,50.0,40.0,30,30,60,60,0
streaming_no_causal,320516146,1.0,0.5,0.0,0.4759604432745802,0.2562313661345931,0.15078276822912073,0.2661046532550685,0.4224116107093113,0.0260150502245691,28.333333333333336,13.26677888003646,0.020833333333333332,0,125.0,120.0,30,30,35,195,0
streaming_causal,320516146,1.0,0.5,1.0,0.4950884731923011,0.08169811698613215,0.13833087398550264,0.037853922232929875,0.07542397595934643,0.001254448908812668,28.333333333333336,12.61758721982723,0.020833333333333332,0,125.0,120.0,30,30,35,195,644
future_state_conditioned,320516146,1.0,0.5,1.0,0.487981413818361,0.07850650684409245,0.1380417593958336,0.12495695881953163,0.3014460819286333,0.002044274577991839,125.0,12.909603783054445,0.020833333333333332,0,125.0,120.0,30,30,180,180,0
isolated_n_step,4044946535,1.0,0.5,1.0,0.45237118287143047,0.15664272708218938,0.16093901960163423,0.21677472852132101,0.5691234963783766,0.13930512159009906,125.0,13.698481088108817,0.020833333333333332,0,125.0,120.0,30,30,180,180,0
few_step_distilled,4044946535,1.0,0.5,1.0,0.43300144305900634,0.1537321223552432,0.15596060732911232,0.3397664452924961,0.7214672541760863,0.054477526450718045,50.0,13.232965603238576,0.008333333333333333,0,50.0,40.0,30,30,60,60,0
streaming_no_causal,4044946535,1.0,0.5,0.0,0.4515211275324085,0.26431807764966,0.19875822854341132,0.28510174897368346,0.5367886520377164,0.02874603198971215,28.333333333333336,13.620373667513048,0.020833333333333332,0,125.0,120.0,30,30,35,195,0
streaming_causal,4044946535,1.0,0.5,1.0,0.46664128360733464,0.1678667060380996,0.16302278017311883,0.03981074441570045,0.07349419717951719,0.0015553216017177894,28.333333333333336,12.793505540348798,0.020833333333333332,0,125.0,120.0,30,30,35,195,644
future_state_conditioned,4044946535,1.0,0.5,1.0,0.46093136677654034,0.159741137108396,0.15848391777670784,0.1256594704997852,0.3648466311185257,0.0019695205598144368,125.0,13.014145521570978,0.020833333333333332,0,125.0,120.0,30,30,180,180,0
isolated_n_step,3683088461,1.0,0.5,0.0,0.4507574497617015,0.20688249287350036,0.12093330021206028,0.2003005722319895,0.6041391798680199,0.10603552216534325,125.0,13.603001539238193,0.020833333333333332,0,125.0,120.0,30,30,180,180,0
few_step_distilled,3683088461,1.0,0.5,0.0,0.4366218658017752,0.2139313592176612,0.1482330458018088,0.3130699519334681,0.5681456789227022,0.04141198085569792,50.0,13.311732866856802,0.008333333333333333,0,50.0,40.0,30,30,60,60,0
streaming_no_causal,3683088461,1.0,0.5,1.0,0.4542271890284349,0.19289908942525402,0.1127781923727878,0.26975946471375073,0.5963892858131542,0.023023901705889954,28.333333333333336,13.500342617876079,0.020833333333333332,0,125.0,120.0,30,30,35,195,0
streaming_causal,3683088461,1.0,0.5,0.0,0.4674231454755092,0.2200797988461745,0.13663445253256437,0.0330994352620383,0.09305654917174246,0.0013406531705615345,28.333333333333336,12.784081260663994,0.020833333333333332,0,125.0,120.0,30,30,35,195,644
future_state_conditioned,3683088461,1.0,0.5,0.0,0.46197282316928207,0.20555425420547424,0.1342844990066402,0.10785785901536157,0.36047703633067896,0.0016688443417143732,125.0,12.92969627024942,0.020833333333333332,0,125.0,120.0,30,30,180,180,0
isolated_n_step,3868093799,1.0,0.5,1.0,0.4681515166017034,0.13705667669049756,0.09438367820849818,0.19893781235493163,0.5344371331649197,0.1317938555945892,125.0,13.599195714338618,0.020833333333333332,0,125.0,120.0,30,30,180,180,0
few_step_distilled,3868093799,1.0,0.5,1.0,0.45215103598234974,0.15291898292079814,0.1279773165488813,0.26471832083222147,0.46931568167734905,0.0517508516089154,50.0,13.244751670078816,0.008333333333333333,0,50.0,40.0,30,30,60,60,0
streaming_no_causal,3868093799,1.0,0.5,0.0,0.4744526992441185,0.22230352308278845,0.09795644063117058,0.30005209714974845,0.6959421393330634,0.027949150448929795,28.333333333333336,13.643260518957197,0.020833333333333332,0,125.0,120.0,30,30,35,195,0
streaming_causal,3868093799,1.0,0.5,1.0,0.4830221377559921,0.15247426143797999,0.10961016773059731,0.030549957857839545,0.050796227167545706,0.0014105889938417484,28.333333333333336,12.664840929698647,0.020833333333333332,0,125.0,120.0,30,30,35,195,644
future_state_conditioned,3868093799,1.0,0.5,1.0,0.47710006979459213,0.14887520402231555,0.10639999470904232,0.10488810936785455,0.1868047906021538,0.00199270242355168,125.0,12.88790707644177,0.020833333333333332,0,125.0,120.0,30,30,180,180,0
isolated_n_step,4001391956,1.0,0.5,1.0,0.46651748003179777,0.1444344506566377,0.148764583840907,0.2195435074475221,0.5611413442559727,0.1372673524979758,125.0,13.679827885358893,0.020833333333333332,0,125.0,120.0,30,30,180,180,0
few_step_distilled,4001391956,1.0,0.5,1.0,0.45632141432862,0.15977295291418941,0.16116178638619297,0.3461514288384588,0.5571146969508197,0.05371638607889011,50.0,12.21139465699949,0.008333333333333333,0,50.0,40.0,30,30,60,60,0
streaming_no_causal,4001391956,1.0,0.5,0.0,0.4735145830047215,0.2597629673557127,0.15702766865672071,0.294588704863398,0.6340590919951111,0.028802719762923697,28.333333333333336,13.673772372009697,0.020833333333333332,0,125.0,120.0,30,30,35,195,0
streaming_causal,4001391956,1.0,0.5,1.0,0.4823633105723874,0.14454047214150925,0.1497984690534056,0.03577534847009427,0.07865659319444494,0.001432889567389211,28.333333333333336,12.75668043246441,0.020833333333333332,0,125.0,120.0,30,30,35,195,644
future_state_conditioned,4001391956,1.0,0.5,1.0,0.4764329234385885,0.13947475299348128,0.14816525536394257,0.1250063978803653,0.3081474656249896,0.002183405113542925,125.0,12.989057932217715,0.020833333333333332,0,125.0,120.0,30,30,180,180,0
isolated_n_step,2008734468,1.0,0.5,1.0,0.4608982430041446,0.054963885527150105,0.07950837232038079,0.20046817371738943,0.45693528810615597,0.1265150682346718,125.0,13.377040267209866,0.020833333333333332,0,125.0,120.0,30,30,180,180,0
few_step_distilled,2008734468,1.0,0.5,1.0,0.4488537352492112,0.06004203997696155,0.07992995584417976,0.30510162318524603,0.6425694660928646,0.05055652257360996,50.0,12.521647649619613,0.008333333333333333,0,50.0,40.0,30,30,60,60,0
streaming_no_causal,2008734468,1.0,0.5,0.0,0.47246831330674444,0.2461076010302567,0.11812480858131706,0.2625409188376586,0.4774245109295943,0.02598980366316334,28.333333333333336,13.269453015925407,0.020833333333333332,0,125.0,120.0,30,30,35,195,0
streaming_causal,2008734468,1.0,0.5,1.0,0.49085321806195964,0.0642256494832109,0.0651040066312935,0.037497439132879576,0.07839102731482098,0.0012241573482987761,28.333333333333336,12.598847594944917,0.020833333333333332,0,125.0,120.0,30,30,35,195,644
future_state_conditioned,2008734468,1.0,0.5,1.0,0.48361152794298856,0.06621042948482807,0.07161274111468252,0.13135083400763586,0.35886931077903694,0.0017975654126099305,125.0,12.920512416730018,0.020833333333333332,0,125.0,120.0,30,30,180,180,0
isolated_n_step,2800653827,1.0,0.5,1.0,0.4720884410384091,0.16872600874064111,0.11294450264619138,0.20190622060134114,0.5412270555249206,0.11569415863238029,125.0,13.460355715189284,0.020833333333333332,0,125.0,120.0,30,30,180,180,0
few_step_distilled,2800653827,1.0,0.5,1.0,0.45856838102093805,0.1606030108016084,0.15364109818502125,0.2573942958675301,0.6002806719453512,0.04457845264688223,50.0,12.540016142658171,0.008333333333333333,0,50.0,40.0,30,30,60,60,0
streaming_no_causal,2800653827,1.0,0.5,0.0,0.48577900496827614,0.25795650002572257,0.06032062183918618,0.309782062874285,0.7389084736762725,0.025310087738033636,28.333333333333336,13.666993187832961,0.020833333333333332,0,125.0,120.0,30,30,35,195,0
streaming_causal,2800653827,1.0,0.5,1.0,0.4884225305450216,0.15215967395204325,0.11874204652560504,0.02960903525248619,0.04590489153526846,0.0012296983086082637,28.333333333333336,12.670843979831497,0.020833333333333332,0,125.0,120.0,30,30,35,195,644
future_state_conditioned,2800653827,1.0,0.5,1.0,0.48346741696822665,0.1426195146769729,0.12866037755332604,0.1063993428473965,0.1921088847393678,0.001838161241509363,125.0,12.871655713646557,0.020833333333333332,0,125.0,120.0,30,30,180,180,0
isolated_n_step,3246046092,1.0,0.5,0.0,0.44986953381734024,0.20225867988176746,0.150281479326612,0.21393794360440543,0.5419417732472162,0.1083023626450261,125.0,13.618348174322167,0.020833333333333332,0,125.0,120.0,30,30,180,180,0
few_step_distilled,3246046092,1.0,0.5,0.0,0.4386707935506228,0.20145562991836743,0.16703757011039008,0.3197532827593132,0.5637430024137868,0.04166888264110272,50.0,12.826197191248069,0.008333333333333333,0,50.0,40.0,30,30,60,60,0
streaming_no_causal,3246046092,1.0,0.5,1.0,0.451477015670247,0.1650330478921699,0.146610361052726,0.27986430108733085,0.512915416277965,0.023872484925011282,28.333333333333336,13.52159744728889,0.020833333333333332,0,125.0,120.0,30,30,35,195,0
streaming_causal,3246046092,1.0,0.5,0.0,0.46562586858726623,0.2081965038695116,0.18121554359065822,0.03440785553209916,0.09283421797539346,0.0013551202019328262,28.333333333333336,12.746841035819962,0.020833333333333332,0,125.0,120.0,30,30,35,195,644
future_state_conditioned,3246046092,1.0,0.5,0.0,0.4621542886164887,0.20108760500662848,0.17586856458574043,0.12002213612484684,0.26379629961209383,0.002114317165665323,125.0,12.968552333961389,0.020833333333333332,0,125.0,120.0,30,30,180,180,0
isolated_n_step,3872193481,1.0,0.5,1.0,0.4379197148852552,0.15560912486564643,0.06820099974534204,0.20092504174292866,0.6108654541298455,0.10520003957892046,125.0,13.657122707815544,0.020833333333333332,0,125.0,120.0,30,30,180,180,0
few_step_distilled,3872193481,1.0,0.5,1.0,0.4283866568500874,0.17502928277910781,0.08380964801203097,0.27894258851691334,0.5913860270308904,0.04120875137735837,50.0,12.327533107796967,0.008333333333333333,0,50.0,40.0,30,30,60,60,0
streaming_no_causal,3872193481,1.0,0.5,0.0,0.4417854921424951,0.20940100570460254,0.12981798289891164,0.2454425756769302,0.554452862936713,0.022168183642383227,28.333333333333336,13.476599933026586,0.020833333333333332,0,125.0,120.0,30,30,35,195,0
streaming_causal,3872193481,1.0,0.5,1.0,0.4473166359146646,0.15041361498941888,0.08121353290387173,0.03321484848909277,0.07034684186069397,0.0012232026676163557,28.333333333333336,12.798622225150126,0.020833333333333332,0,125.0,120.0,30,30,35,195,644
future_state_conditioned,3872193481,1.0,0.5,1.0,0.4446360480362273,0.1479022932646731,0.08105565558362607,0.11850820091354923,0.3525311002185534,0.0015902201109028792,125.0,13.023364205715174,0.020833333333333332,0,125.0,120.0,30,30,180,180,0
isolated_n_step,1920198498,1.0,0.5,1.0,0.43805007900450993,0.12263172928774946,0.05982516652872223,0.2122470230136088,0.48597279265358395,0.11748564992551427,125.0,13.612840482827707,0.020833333333333332,0,125.0,120.0,30,30,180,180,0
few_step_distilled,1920198498,1.0,0.5,1.0,0.4209478186781898,0.13050879492279913,0.07439683086655856,0.3616416354053456,0.683535643591529,0.046489287464148585,50.0,12.668276211600997,0.008333333333333333,0,50.0,40.0,30,30,60,60,0
streaming_no_causal,1920198498,1.0,0.5,0.0,0.43697120535800466,0.20794309940575242,0.18688364258741635,0.2723111917384451,0.3832276514197094,0.024828857813419456,28.333333333333336,13.485846793732804,0.020833333333333332,0,125.0,120.0,30,30,35,195,0
streaming_causal,1920198498,1.0,0.5,1.0,0.45239641208397946,0.15719952586513578,0.04942786181986951,0.033577476323499826,0.058639151140384795,0.0012712169239330632,28.333333333333336,12.767768674223896,0.020833333333333332,0,125.0,120.0,30,30,35,195,644
future_state_conditioned,1920198498,1.0,0.5,1.0,0.44866424831480234,0.15063588473563472,0.05085240553822421,0.12302860275641676,0.2657718386452724,0.001927573745726381,125.0,12.960502053544293,0.020833333333333332,0,125.0,120.0,30,30,180,180,0
isolated_n_step,4121120007,1.0,0.5,1.0,0.47533562109480004,0.11976712453192646,0.15902592068154398,0.1983723471007475,0.47573869962761206,0.1246513121787501,125.0,13.399772435024746,0.020833333333333332,0,125.0,120.0,30,30,180,180,0
few_step_distilled,4121120007,1.0,0.5,1.0,0.45954159114372933,0.1205207943779979,0.18134491110633622,0.301339188643522,0.67339374764721,0.048871661770825386,50.0,13.486729398267181,0.008333333333333333,0,50.0,40.0,30,30,60,60,0
streaming_no_causal,4121120007,1.0,0.5,0.0,0.4855160764459175,0.2150554389985596,0.1617590563129252,0.30780122473708227,0.6830978109657587,0.0265558569420268,28.333333333333336,13.614913867779045,0.020833333333333332,0,125.0,120.0,30,30,35,195,0
streaming_causal,4121120007,1.0,0.5,1.0,0.49839361227565393,0.12205149413468022,0.14781021422454285,0.03232990185541176,0.0605661594525776,0.0013470965753895209,28.333333333333336,12.641873582815919,0.020833333333333332,0,125.0,120.0,30,30,35,195,644
future_state_conditioned,4121120007,1.0,0.5,1.0,0.49116586481564456,0.10955319460438699,0.1441823470025837,0.11728976469503292,0.24674189788662212,0.0021121639237538644,125.0,12.876849054593192,0.020833333333333332,0,125.0,120.0,30,30,180,180,0
isolated_n_step,1329282573,1.0,0.5,1.0,0.47172162976804943,0.13905888900634303,0.1719500874962887,0.14868342485248337,0.3693412936756981,0.11890752535178381,125.0,13.10738584770128,0.020833333333333332,0,125.0,120.0,30,30,180,180,0
few_step_distilled,1329282573,1.0,0.5,1.0,0.4558628730798785,0.1233709648317023,0.17981742304594528,0.35947001087762526,0.6671382039284667,0.0469329745060379,50.0,12.458445158107505,0.008333333333333333,0,50.0,40.0,30,30,60,60,0
streaming_no_causal,1329282573,1.0,0.5,1.0,0.4878672447320993,0.17432674123279934,0.1583078271364256,0.2089432848711145,0.4619117924039941,0.024730729652742707,28.333333333333336,13.095521661937056,0.020833333333333332,0,125.0,120.0,30,30,35,195,0
streaming_causal,1329282573,1.0,0.5,1.0,0.5051173691417182,0.13042819042153156,0.15385599940149577,0.029284047621629356,0.051036383074801184,0.0011354105527945156,28.333333333333336,12.576566918593407,0.020833333333333332,0,125.0,120.0,30,30,35,195,644
future_state_conditioned,1329282573,1.0,0.5,1.0,0.49733453094201,0.126966366751918,0.15027894841123413,0.10481925634373065,0.22834022593889042,0.001525457492691685,125.0,12.804936633558729,0.020833333333333332,0,125.0,120.0,30,30,180,180,0
isolated_n_step,2532505121,1.0,0.5,0.0,0.43388934330134116,0.2039703972611704,0.05639267161177119,0.20789310401942332,0.516187322991982,0.09824505676262406,125.0,13.630521827738997,0.020833333333333332,0,125.0,120.0,30,30,180,180,0
few_step_distilled,2532505121,1.0,0.5,0.0,0.4212885687041935,0.22100576950767772,0.06067749030325221,0.3375519737543253,0.6453045710339488,0.03753247741336544,50.0,12.8509623900675,0.008333333333333333,0,50.0,40.0,30,30,60,60,0
streaming_no_causal,2532505121,1.0,0.5,1.0,0.4307018956721175,0.17900692650350317,0.20901597635329278,0.26066177604781426,0.40764369798622885,0.021644283143927898,28.333333333333336,13.495667156325712,0.020833333333333332,0,125.0,120.0,30,30,35,195,0
streaming_causal,2532505121,1.0,0.5,0.0,0.4450954156158268,0.23268751097798251,0.09739014209707336,0.028358331384466137,0.053897007729422124,0.001253138617646768,28.333333333333336,12.783430084169737,0.020833333333333332,0,125.0,120.0,30,30,35,195,644
future_state_conditioned,2532505121,1.0,0.5,0.0,0.4419029426812448,0.22091392439799357,0.0869861261269359,0.11427910856288258,0.30420016889623575,0.0017265484053607708,125.0,12.984655109544061,0.020833333333333332,0,125.0,120.0,30,30,180,180,0
isolated_n_step,2931840188,1.0,0.5,1.0,0.4605733180011385,0.16317343603745701,0.1621550701688056,0.18240335897776586,0.31796731288455754,0.14576954466436975,125.0,13.393084418280582,0.020833333333333332,0,125.0,120.0,30,30,180,180,0
few_step_distilled,2931840188,1.0,0.5,1.0,0.44001124289664606,0.1598521468666561,0.1754597229077707,0.2846994841294409,0.5281022483909289,0.05789232691566626,50.0,13.40345622096795,0.008333333333333333,0,50.0,40.0,30,30,60,60,0
streaming_no_causal,2931840188,1.0,0.5,0.0,0.4712195222850359,0.2817696019769088,0.11213990822859683,0.22020699070334537,0.35020678978155256,0.029990263359068924,28.333333333333336,13.180927537639464,0.020833333333333332,0,125.0,120.0,30,30,35,195,0
streaming_causal,2931840188,1.0,0.5,1.0,0.493469693585336,0.14421835580544032,0.16438674387429722,0.0293723885912077,0.05992146842113792,0.0012688901597448419,28.333333333333336,12.642366616058412,0.020833333333333332,0,125.0,120.0,30,30,35,195,644
future_state_conditioned,2931840188,1.0,0.5,1.0,0.48477368481826444,0.13831281260909042,0.16351153279334485,0.13235912546709966,0.2917615718553005,0.001959381362366727,125.0,12.907273120216185,0.020833333333333332,0,125.0,120.0,30,30,180,180,0
isolated_n_step,1517060746,1.0,0.5,1.0,0.47683649624551644,0.19196367846846016,0.14211784355926263,0.18094001618412084,0.48549804328768414,0.114704477971478,125.0,13.2888652321638,0.020833333333333332,0,125.0,120.0,30,30,180,180,0
few_step_distilled,1517060746,1.0,0.5,1.0,0.464303664753531,0.19476009396146954,0.15538931975945539,0.30310322727716277,0.5304629485204434,0.045033113401983904,50.0,13.04009621495385,0.008333333333333333,0,50.0,40.0,30,30,60,60,0
streaming_no_causal,1517060746,1.0,0.5,0.0,0.4902788884760303,0.25665388922541243,0.12394423176026652,0.274690453123388,0.6803767186435625,0.025169529492223112,28.333333333333336,13.482602814682762,0.020833333333333332,0,125.0,120.0,30,30,35,195,0
streaming_causal,1517060746,1.0,0.5,1.0,0.49973053041184634,0.18456030415601396,0.15627232564650306,0.02684430318154287,0.047229554969277276,0.0011930850787876498,28.333333333333336,12.650273713752542,0.020833333333333332,0,125.0,120.0,30,30,35,195,644
future_state_conditioned,1517060746,1.0,0.5,1.0,0.49307204061363075,0.17077241666630183,0.155771659607554,0.09657562910679922,0.2941210670125279,0.0017642175559000187,125.0,12.860250205589791,0.020833333333333332,0,125.0,120.0,30,30,180,180,0
isolated_n_step,2599050856,1.0,0.5,1.0,0.45144890120388514,0.1698658842446681,0.14070921439366038,0.19334553193793766,0.49653520440703425,0.12083656091903511,125.0,13.49459581166711,0.020833333333333332,0,125.0,120.0,30,30,180,180,0
few_step_distilled,2599050856,1.0,0.5,1.0,0.4326626833064191,0.17658881739273613,0.16604575398309002,0.32843808036697414,0.5061467828459107,0.047872132695260125,50.0,13.558959858353704,0.008333333333333333,0,50.0,40.0,30,30,60,60,0
streaming_no_causal,2599050856,1.0,0.5,1.0,0.4523777094995753,0.1902528115561971,0.06112541413520356,0.2180680399223636,0.48719973702191105,0.024738860449750596,28.333333333333336,13.242391333646824,0.020833333333333332,0,125.0,120.0,30,30,35,195,0
streaming_causal,2599050856,1.0,0.5,1.0,0.47815155484876193,0.1563104201031975,0.1675163306974614,0.04217554119765808,0.08999737107503691,0.001446268838966714,28.333333333333336,12.702560788912379,0.020833333333333332,0,125.0,120.0,30,30,35,195,644
future_state_conditioned,2599050856,1.0,0.5,1.0,0.47160660994681364,0.15175049518359052,0.157916482692154,0.1339617018006815,0.26485392746139946,0.001969412763768752,125.0,12.962255416972859,0.020833333333333332,0,125.0,120.0,30,30,180,180,0
isolated_n_step,576474303,1.0,0.5,1.0,0.4696585071931911,0.09774766359584892,0.16995815246850193,0.17751495059319425,0.33673006922197174,0.1308764983156381,125.0,13.233990687612923,0.020833333333333332,0,125.0,120.0,30,30,180,180,0
few_step_distilled,576474303,1.0,0.5,1.0,0.4541839693459614,0.09469135780600246,0.14370108831695264,0.33525427852785267,0.6618957346666783,0.05195883655597541,50.0,12.661059945175827,0.008333333333333333,0,50.0,40.0,30,30,60,60,0
streaming_no_causal,576474303,1.0,0.5,1.0,0.4844696806143637,0.17269300174431332,0.2169642395844918,0.2706072176165383,0.43638592587740344,0.027162863696967843,28.333333333333336,13.293964302971997,0.020833333333333332,0,125.0,120.0,30,30,35,195,0
streaming_causal,576474303,1.0,0.5,1.0,0.502220689407026,0.08956478149966315,0.13771513672487704,0.033279958649923745,0.05581435179592677,0.0013046485875684956,28.333333333333336,12.568344622420758,0.020833333333333332,0,125.0,120.0,30,30,35,195,644
future_state_conditioned,576474303,1.0,0.5,1.0,0.49390638006858156,0.08753559555980672,0.12307666655377125,0.11369758940530615,0.26622830841729467,0.0017862151540599866,125.0,12.842004381275245,0.020833333333333332,0,125.0,120.0,30,30,180,180,0
isolated_n_step,2240290190,1.0,0.5,1.0,0.47591605818088645,0.18033822458828733,0.14117181164032058,0.15385606261508472,0.39586879660523333,0.10012225058859765,125.0,13.119389979720669,0.020833333333333332,0,125.0,120.0,30,30,180,180,0
few_step_distilled,2240290190,1.0,0.5,1.0,0.4611192331967784,0.18900897030363462,0.1630839591794506,0.24015329338265806,0.5160474060171908,0.039794479972937266,50.0,12.305812731718149,0.008333333333333333,0,50.0,40.0,30,30,60,60,0
streaming_no_causal,2240290190,1.0,0.5,1.0,0.4869542222780326,0.13757721138856277,0.13924856943118127,0.23114314011912201,0.5294104749963245,0.021773361464487332,28.333333333333336,13.212771247740513,0.020833333333333332,0,125.0,120.0,30,30,35,195,0
streaming_causal,2240290190,1.0,0.5,1.0,0.5065883609397178,0.19443778628010536,0.1374803021775118,0.02793130021548556,0.0596201804718406,0.0011773241846236534,28.333333333333336,12.598818383110805,0.020833333333333332,0,125.0,120.0,30,30,35,195,644
future_state_conditioned,2240290190,1.0,0.5,1.0,0.4991620258286494,0.1799838212470928,0.13854894827793265,0.10022267551795787,0.31647269066677036,0.00140903960247666,125.0,12.836038717223293,0.020833333333333332,0,125.0,120.0,30,30,180,180,0
isolated_n_step,3753813352,1.0,0.5,1.0,0.45126728021359924,0.13788423264718488,0.01269637551199032,0.20330162768431348,0.5522877950539449,0.12538626449866114,125.0,13.616027303639301,0.020833333333333332,0,125.0,120.0,30,30,180,180,0
few_step_distilled,3753813352,1.0,0.5,1.0,0.4428928952341381,0.16411071253179416,0.057777483897888185,0.30615201207694737,0.588007602781132,0.049009136353091134,50.0,12.612770793437104,0.008333333333333333,0,50.0,40.0,30,30,60,60,0
streaming_no_causal,3753813352,1.0,0.5,0.0,0.44999993143191913,0.20087241901235067,0.16672929461134703,0.2628322237428201,0.5078509731746914,0.026725511384750805,28.333333333333336,13.505135809427525,0.020833333333333332,0,125.0,120.0,30,30,35,195,0
streaming_causal,3753813352,1.0,0.5,1.0,0.466681393595317,0.17812547583858937,0.03177334880845607,0.03315664724808116,0.0770032286631581,0.0013423806522771071,28.333333333333336,12.757404775222868,0.020833333333333332,0,125.0,120.0,30,30,35,195,644
future_state_conditioned,3753813352,1.0,0.5,1.0,0.46180309483681287,0.17282411499176883,0.03353508850794568,0.12029780446822246,0.26515837749862303,0.0019531535317898687,125.0,12.965991792088095,0.020833333333333332,0,125.0,120.0,30,30,180,180,0
isolated_n_step,1579538008,1.0,0.5,1.0,0.4489708180093857,0.17551325172522045,0.06052994681365425,0.1764869983677251,0.4406057536163085,0.1293234391133263,125.0,13.366353752424489,0.020833333333333332,0,125.0,120.0,30,30,180,180,0
few_step_distilled,1579538008,1.0,0.5,0.0,0.4353636153197365,0.20073044441672755,0.0729475850419481,0.2453372859208616,0.4973471950882455,0.05121143021602453,50.0,12.863969321606412,0.008333333333333333,0,50.0,40.0,30,30,60,60,0
streaming_no_causal,1579538008,1.0,0.5,1.0,0.4507801969602869,0.14611753314983425,0.18801820981663478,0.19633555327483046,0.3892153532857799,0.027187696764716097,28.333333333333336,13.099749448445081,0.020833333333333332,0,125.0,120.0,30,30,35,195,0
streaming_causal,1579538008,1.0,0.5,1.0,0.47847397758273724,0.197083924156718,0.08737265562721115,0.03342627942108646,0.05244588237538802,0.0012090530070512295,28.333333333333336,12.65475715266861,0.020833333333333332,0,125.0,120.0,30,30,35,195,644
future_state_conditioned,1579538008,1.0,0.5,1.0,0.47203419147299397,0.18647007665252133,0.08429245217174915,0.12663311160068866,0.2574424534108909,0.0018928001164256257,125.0,12.887746396833247,0.020833333333333332,0,125.0,120.0,30,30,180,180,0
isolated_n_step,293494470,1.0,0.5,1.0,0.4541202274418919,0.16182001348164923,0.10133547067936628,0.19145777645668796,0.530315431505081,0.10363323376846682,125.0,13.591524083683238,0.020833333333333332,0,125.0,120.0,30,30,180,180,0
few_step_distilled,293494470,1.0,0.5,1.0,0.4459732581556949,0.19061524783366998,0.10710086197489953,0.30996578497995714,0.5719530717662745,0.04048870020238012,50.0,12.753831919017003,0.008333333333333333,0,50.0,40.0,30,30,60,60,0
streaming_no_causal,293494470,1.0,0.5,1.0,0.4596143847695882,0.0829873621688557,0.09696385994507538,0.2712034800924782,0.6063611761179577,0.023318012064273766,28.333333333333336,13.572860332854942,0.020833333333333332,0,125.0,120.0,30,30,35,195,0
streaming_causal,293494470,1.0,0.5,0.0,0.4670719929530548,0.20260553637403758,0.12073426227220481,0.023586045032847246,0.03981197273795002,0.001200830477781762,28.333333333333336,12.685215666987235,0.020833333333333332,0,125.0,120.0,30,30,35,195,644
future_state_conditioned,293494470,1.0,0.5,1.0,0.4629844080973026,0.19442528418305088,0.11374484269562954,0.0902249710335893,0.16446530390780753,0.0017566435595033686,125.0,12.874596116922504,0.020833333333333332,0,125.0,120.0,30,30,180,180,0
isolated_n_step,2865491967,1.0,0.5,1.0,0.477654192490369,0.16766809876747352,0.20656956268716825,0.1501972863329236,0.42740897252309845,0.1062364305051906,125.0,13.160531945385902,0.020833333333333332,0,125.0,120.0,30,30,180,180,0
few_step_distilled,2865491967,1.0,0.5,1.0,0.4617227236767403,0.1691405603455204,0.21151549475623435,0.28202017949922376,0.5389291550702748,0.04216996887132837,50.0,13.003539021199474,0.008333333333333333,0,50.0,40.0,30,30,60,60,0
streaming_no_causal,2865491967,1.0,0.5,1.0,0.49201820450970707,0.1548825977484103,0.15602841238454077,0.23880402153164693,0.619408292389862,0.023482150422153462,28.333333333333336,13.330891505316394,0.020833333333333332,0,125.0,120.0,30,30,35,195,0
streaming_causal,2865491967,1.0,0.5,1.0,0.5043865049901981,0.172096815198441,0.1945960898342738,0.02116180775845615,0.037630227605896,0.0012153592571419937,28.333333333333336,12.600851214960416,0.020833333333333332,0,125.0,120.0,30,30,35,195,644
future_state_conditioned,2865491967,1.0,0.5,1.0,0.4979867600741481,0.165724762821892,0.19064110414381313,0.0964952670160136,0.19105020127341393,0.0015451667047903794,125.0,12.80625152097474,0.020833333333333332,0,125.0,120.0,30,30,180,180,0
isolated_n_step,2047267075,1.0,0.5,1.0,0.44440172434752523,0.15565426515357178,0.22634882380517615,0.22220869076199476,0.5160086499973123,0.1364988751003487,125.0,13.632138994747768,0.020833333333333332,0,125.0,120.0,30,30,180,180,0
few_step_distilled,2047267075,1.0,0.5,1.0,0.4296051871559978,0.14538832171877883,0.21094139404711465,0.25513423093445753,0.5042883381397012,0.05401602893075035,50.0,12.579070230939394,0.008333333333333333,0,50.0,40.0,30,30,60,60,0
streaming_no_causal,2047267075,1.0,0.5,0.0,0.44533809206489766,0.24046776337144599,0.26853989779747417,0.2673521185212438,0.488711796067173,0.028033618628792386,28.333333333333336,13.40273975034941,0.020833333333333332,0,125.0,120.0,30,30,35,195,0
streaming_causal,2047267075,1.0,0.5,1.0,0.46408479082522963,0.144330032304962,0.205803294777847,0.042954262625411604,0.08536748046778604,0.0013220263229481925,28.333333333333336,12.734027509460953,0.020833333333333332,0,125.0,120.0,30,30,35,195,644
future_state_conditioned,2047267075,1.0,0.5,1.0,0.45881817463438285,0.13751558781908457,0.198400241323809,0.15006271706114327,0.280176879201275,0.002012566896215307,125.0,13.002903042303805,0.020833333333333332,0,125.0,120.0,30,30,180,180,0
isolated_n_step,390961870,1.0,1.0,1.0,0.4605527841491077,0.0579270832062935,0.12055107054845574,0.20207736454604022,0.5086519826033288,0.12347821064869935,125.0,13.398248400627802,0.020833333333333332,0,125.0,120.0,30,30,180,180,0
few_step_distilled,390961870,1.0,1.0,1.0,0.4490970174804718,0.06261934859020751,0.13190725481276616,0.26542130506430917,0.5087146964358386,0.049359542776088866,50.0,12.736693149770332,0.008333333333333333,0,50.0,40.0,30,30,60,60,0
streaming_no_causal,390961870,1.0,1.0,0.0,0.47401248063238804,0.20129566753208572,0.16140078970814825,0.24934300774824328,0.5512971977122721,0.02565880729622359,28.333333333333336,13.25917685836443,0.020833333333333332,0,125.0,120.0,30,30,35,195,0
streaming_causal,390961870,1.0,1.0,1.0,0.489818967057497,0.05566248356515117,0.09746131716713602,0.0378734436476041,0.07974887687276325,0.001287225074887785,28.333333333333336,12.616186878236315,0.020833333333333332,0,125.0,120.0,30,30,35,195,644
future_state_conditioned,390961870,1.0,1.0,1.0,0.4834255169520057,0.051143173101602664,0.09639052237817457,0.14623650430922142,0.439061803405597,0.002078718681258058,125.0,13.036565209562976,0.020833333333333332,0,125.0,120.0,30,30,180,180,0
isolated_n_step,180362831,1.0,1.0,0.0,0.45779228621191465,0.22969328830632524,0.15343431318191864,0.258215891975188,0.6452819437586389,0.11120539599531692,125.0,13.891293636637995,0.020833333333333332,0,125.0,120.0,30,30,180,180,0
few_step_distilled,180362831,1.0,1.0,0.0,0.4443727496610085,0.23048116130228868,0.17368782615231146,0.3374046656720257,0.6705791692684263,0.04319303554025746,50.0,12.586355133694516,0.008333333333333333,0,50.0,40.0,30,30,60,60,0
streaming_no_causal,180362831,1.0,1.0,0.0,0.46119454687512806,0.2689638976085489,0.05544545896330769,0.3180196962304007,0.7167345482521256,0.02394014284773853,28.333333333333336,13.787537818662583,0.020833333333333332,0,125.0,120.0,30,30,35,195,0
streaming_causal,180362831,1.0,1.0,0.0,0.47070615639951396,0.22877454296629512,0.20862400001527684,0.04652725989341729,0.14055619700509236,0.0016343813487819695,28.333333333333336,12.794946575679731,0.020833333333333332,0,125.0,120.0,30,30,35,195,644
future_state_conditioned,180362831,1.0,1.0,0.0,0.4658273687494244,0.21611292202661916,0.19150889790768075,0.1588590343439628,0.5446540554623098,0.002237665614701019,125.0,13.222523078877913,0.020833333333333332,0,125.0,120.0,30,30,180,180,0
isolated_n_step,2303613027,1.0,1.0,1.0,0.4437948747579174,0.15874682920149072,0.1288011047514711,0.2395456266835253,0.5640544003985477,0.13377607190290713,125.0,13.750452554318292,0.020833333333333332,0,125.0,120.0,30,30,180,180,0
few_step_distilled,2303613027,1.0,1.0,1.0,0.4261804167059244,0.16086048528005184,0.1323360284368251,0.32908227805909535,0.5870592585704815,0.05296317097504454,50.0,13.134046490666647,0.008333333333333333,0,50.0,40.0,30,30,60,60,0
streaming_no_causal,2303613027,1.0,1.0,0.0,0.44514036983002314,0.2173432294250813,0.18892578637534593,0.25857221905288325,0.424326713912643,0.027817092143222085,28.333333333333336,13.393271331846577,0.020833333333333332,0,125.0,120.0,30,30,35,195,0
streaming_causal,2303613027,1.0,1.0,1.0,0.4599962889270104,0.160711508034089,0.15609862907270505,0.04141196714564826,0.10056767320539226,0.0017025485318571847,28.333333333333336,12.70975993230741,0.020833333333333332,0,125.0,120.0,30,30,35,195,644
future_state_conditioned,2303613027,1.0,1.0,1.0,0.45748419049512173,0.1575932176598681,0.1458329579212945,0.17176725228290035,0.47860149462726254,0.002420518013153559,125.0,13.18705990683795,0.020833333333333332,0,125.0,120.0,30,30,180,180,0
isolated_n_step,2498740965,1.0,1.0,1.0,0.4491152874221292,0.17919388731985303,0.20072581283329605,0.264033423406676,0.7510064728108659,0.1170186136251378,125.0,13.914689917738054,0.020833333333333332,0,125.0,120.0,30,30,180,180,0
few_step_distilled,2498740965,1.0,1.0,1.0,0.4343700006955033,0.17734217785244957,0.1926175708434196,0.3355210713020888,0.6793446923285544,0.04544960851229559,50.0,13.319810091978319,0.008333333333333333,0,50.0,40.0,30,30,60,60,0
streaming_no_causal,2498740965,1.0,1.0,0.0,0.4435618205458746,0.22175407023231922,0.3345287465728782,0.28368958783901993,0.5666138094155733,0.02504123775556797,28.333333333333336,13.536011100999808,0.020833333333333332,0,125.0,120.0,30,30,35,195,0
streaming_causal,2498740965,1.0,1.0,0.0,0.4664831758434049,0.21997206382837164,0.15317660670423416,0.050822774334093816,0.13025387746357825,0.0016477398283425988,28.333333333333336,12.774826593430326,0.020833333333333332,0,125.0,120.0,30,30,35,195,644
future_state_conditioned,2498740965,1.0,1.0,0.0,0.461356814706654,0.20378805429577382,0.1442584776721992,0.1901073180250477,0.678700353866212,0.002658230384449562,125.0,13.42702644045925,0.020833333333333332,0,125.0,120.0,30,30,180,180,0
isolated_n_step,566101029,1.0,1.0,1.0,0.47658327125809385,0.17668012089012927,0.21447779664004343,0.27716026993975973,0.7187804733348135,0.14581284230566255,125.0,13.940366288631221,0.020833333333333332,0,125.0,120.0,30,30,180,180,0
few_step_distilled,566101029,1.0,1.0,1.0,0.46812163556181696,0.17244204471230737,0.18299394929612373,0.30084451768579473,0.6785867358119376,0.05738086002073157,50.0,12.650992959022096,0.008333333333333333,0,50.0,40.0,30,30,60,60,0
streaming_no_causal,566101029,1.0,1.0,0.0,0.47717167911733943,0.26250000197138246,0.31700454741789413,0.32815922365427663,0.6484692953693156,0.030494909059127343,28.333333333333336,13.741412927480273,0.020833333333333332,0,125.0,120.0,30,30,35,195,0
streaming_causal,566101029,1.0,1.0,1.0,0.5003069498351452,0.18397248280831244,0.1838489975022758,0.050989354846466245,0.1212370448094146,0.0017834693365244981,28.333333333333336,12.740592241395309,0.020833333333333332,0,125.0,120.0,30,30,35,195,644
future_state_conditioned,566101029,1.0,1.0,1.0,0.4905012180094711,0.16765846879444737,0.17709613721447862,0.18425855155189355,0.5580270837921003,0.0026913225795813286,125.0,13.259962529437747,0.020833333333333332,0,125.0,120.0,30,30,180,180,0
isolated_n_step,3248250778,1.0,1.0,1.0,0.4623594445177002,0.16027841670530113,0.030841515236787916,0.25794457486961325,0.6246410544252435,0.1361314266869955,125.0,13.848597460307923,0.020833333333333332,0,125.0,120.0,30,30,180,180,0
few_step_distilled,3248250778,1.0,1.0,1.0,0.4487228615405053,0.1611016705229311,0.03497495677833962,0.3056883682193284,0.6182722452829037,0.05336528002116394,50.0,12.930440215329002,0.008333333333333333,0,50.0,40.0,30,30,60,60,0
streaming_no_causal,3248250778,1.0,1.0,0.0,0.46305839936056603,0.22955037462025266,0.19426963653091184,0.2851358517073624,0.7312369007993879,0.0287357419075316,28.333333333333336,13.677155801151958,0.020833333333333332,0,125.0,120.0,30,30,35,195,0
streaming_causal,3248250778,1.0,1.0,1.0,0.47582753316508886,0.17881292544541466,0.026182965124502668,0.04534510430329951,0.1025257374806707,0.0015520151080298688,28.333333333333336,12.781961653207802,0.020833333333333332,0,125.0,120.0,30,30,35,195,644
future_state_conditioned,3248250778,1.0,1.0,1.0,0.470860934673475,0.17464098323879346,0.028329199705359548,0.1631701762996418,0.5845891085368362,0.002358118227797945,125.0,13.182668678694505,0.020833333333333332,0,125.0,120.0,30,30,180,180,0
isolated_n_step,1914986265,1.0,1.0,0.0,0.44518973033507964,0.20073998376694174,0.1511623256717771,0.2264807178072558,0.46815900681658457,0.1318927916368325,125.0,13.609972445418268,0.020833333333333332,0,125.0,120.0,30,30,180,180,0
few_step_distilled,1914986265,1.0,1.0,1.0,0.4299694102488206,0.19696213681516225,0.15703685999089997,0.27214938903075053,0.5686181220762248,0.05194863601312643,50.0,12.591744776853721,0.008333333333333333,0,50.0,40.0,30,30,60,60,0
streaming_no_causal,1914986265,1.0,1.0,0.0,0.4465654494590428,0.22667638258157377,0.10114697849215898,0.2337007416840373,0.38562254409243174,0.027586976867716943,28.333333333333336,13.245119839331805,0.020833333333333332,0,125.0,120.0,30,30,35,195,0
streaming_causal,1914986265,1.0,1.0,0.0,0.47217384622287645,0.20416205538559157,0.18664448141128548,0.04576995920779998,0.08535337853506733,0.0013397571445438786,28.333333333333336,12.705721853069408,0.020833333333333332,0,125.0,120.0,30,30,35,195,644
future_state_conditioned,1914986265,1.0,1.0,0.0,0.46558470154386244,0.20033160641204845,0.1810337256424627,0.16419606221925817,0.3596989683002933,0.0025062209271962585,125.0,13.041880484509146,0.020833333333333332,0,125.0,120.0,30,30,180,180,0
isolated_n_step,2196218840,1.0,1.0,1.0,0.463747176231966,0.19497870853890825,0.0364445781755863,0.2584203245034895,0.6462970304045194,0.10817236833648416,125.0,13.902525427375293,0.020833333333333332,0,125.0,120.0,30,30,180,180,0
few_step_distilled,2196218840,1.0,1.0,0.0,0.452323165575548,0.2226501017366086,0.04204001483348567,0.30724991348286557,0.6054386840036733,0.04245966140923474,50.0,13.19379871914165,0.008333333333333333,0,50.0,40.0,30,30,60,60,0
streaming_no_causal,2196218840,1.0,1.0,1.0,0.4707440050886178,0.1808820430620448,0.18759897675575887,0.3073145303447702,0.6853351261448172,0.023819242194868136,28.333333333333336,13.718740479486641,0.020833333333333332,0,125.0,120.0,30,30,35,195,0
streaming_causal,2196218840,1.0,1.0,0.0,0.4755752295970583,0.215326910834765,0.04453451035356211,0.035827227399108416,0.0818954826354452,0.0013801028380650722,28.333333333333336,12.712696219121904,0.020833333333333332,0,125.0,120.0,30,30,35,195,644
future_state_conditioned,2196218840,1.0,1.0,0.0,0.4714339681135906,0.20833227932461504,0.060722707720667526,0.15809311229792278,0.6072207407072703,0.002337221281543221,125.0,13.214808184215922,0.020833333333333332,0,125.0,120.0,30,30,180,180,0
isolated_n_step,1883795217,1.0,1.0,1.0,0.4551550245848867,0.15595394995519152,0.08631617460821639,0.20533707110706637,0.4810374342520277,0.11248441528324368,125.0,13.427258508361138,0.020833333333333332,0,125.0,120.0,30,30,180,180,0
few_step_distilled,1883795217,1.0,1.0,1.0,0.44000700731642256,0.192302693507458,0.10504447665655046,0.310290807988076,0.5687140746136023,0.0441226847850622,50.0,13.47997904876667,0.008333333333333333,0,50.0,40.0,30,30,60,60,0
streaming_no_causal,1883795217,1.0,1.0,1.0,0.4624565223628144,0.07859455543284748,0.07308176017715388,0.23188623013403775,0.49850996089789984,0.024086003850602822,28.333333333333336,13.211613475408583,0.020833333333333332,0,125.0,120.0,30,30,35,195,0
streaming_causal,1883795217,1.0,1.0,1.0,0.4828410596302451,0.1796670649782312,0.1294494885431958,0.03843240539751077,0.07272043720942367,0.0012123821855263817,28.333333333333336,12.628062093774783,0.020833333333333332,0,125.0,120.0,30,30,35,195,644
future_state_conditioned,1883795217,1.0,1.0,1.0,0.47748308657178734,0.17763563957981432,0.11982693747891797,0.15308887063771556,0.5168300900217357,0.0021898181974708553,125.0,13.064198204282876,0.020833333333333332,0,125.0,120.0,30,30,180,180,0
isolated_n_step,805343600,1.0,1.0,1.0,0.4669515449320003,0.15820094995188422,0.18059956561739005,0.22363185339908948,0.651152349771501,0.10595223408666779,125.0,13.511055811089449,0.020833333333333332,0,125.0,120.0,30,30,180,180,0
few_step_distilled,805343600,1.0,1.0,1.0,0.4510324296573604,0.17537466269302374,0.19518643634536492,0.324393432523737,0.5938906824607603,0.0411949796299765,50.0,12.340147552961012,0.008333333333333333,0,50.0,40.0,30,30,60,60,0
streaming_no_causal,805343600,1.0,1.0,1.0,0.4830121028825851,0.096981790552152,0.10246651193580328,0.31041880788970017,0.564251459901498,0.023039057572302523,28.333333333333336,13.544345001965965,0.020833333333333332,0,125.0,120.0,30,30,35,195,0
streaming_causal,805343600,1.0,1.0,1.0,0.4934459379005034,0.16811288336855912,0.20470875056180818,0.043036000870452513,0.10511312198819195,0.001329316138272259,28.333333333333336,12.669426219566217,0.020833333333333332,0,125.0,120.0,30,30,35,195,644
future_state_conditioned,805343600,1.0,1.0,1.0,0.4863872873955283,0.16453108389830542,0.18605455747585498,0.1549766195261692,0.5790727893364809,0.002080963202306241,125.0,13.189837170154222,0.020833333333333332,0,125.0,120.0,30,30,180,180,0
isolated_n_step,2652561957,1.0,1.0,1.0,0.47231044841520003,0.19717489134199684,0.14882865030127548,0.2309041391147508,0.6239516951210086,0.12696495071984334,125.0,13.691083431816859,0.020833333333333332,0,125.0,120.0,30,30,180,180,0
few_step_distilled,2652561957,1.0,1.0,0.0,0.4628914252484906,0.20810051649553207,0.1522945994395849,0.31888672758949566,0.6404968774946214,0.049605838876379656,50.0,12.794849147484271,0.008333333333333333,0,50.0,40.0,30,30,60,60,0
streaming_no_causal,2652561957,1.0,1.0,0.0,0.48032533000789757,0.2055391978342537,0.22454893551636565,0.3148620324623341,0.612167554686647,0.02783784572443339,28.333333333333336,13.641561323307565,0.020833333333333332,0,125.0,120.0,30,30,35,195,0
streaming_causal,2652561957,1.0,1.0,0.0,0.49688728464788556,0.24415432943690127,0.16868086384734218,0.03804899707174605,0.08092656878153959,0.001617671299351636,28.333333333333336,12.693711383808997,0.020833333333333332,0,125.0,120.0,30,30,35,195,644
future_state_conditioned,2652561957,1.0,1.0,0.0,0.4884853002473678,0.21792600586905922,0.16189525145007475,0.16759736133847913,0.4697742425787652,0.0018572477219370557,125.0,13.161899324603153,0.020833333333333332,0,125.0,120.0,30,30,180,180,0
isolated_n_step,394701474,1.0,1.0,1.0,0.46201592607842035,0.11439401392955069,0.12795517466344172,0.22255986992597734,0.5066710140293987,0.1505517064445154,125.0,13.5440545649933,0.020833333333333332,0,125.0,120.0,30,30,180,180,0
few_step_distilled,394701474,1.0,1.0,1.0,0.4484921887882958,0.1204619432603606,0.1292673478878843,0.2940816328273106,0.5438839147397339,0.05989820585365206,50.0,13.38626654136276,0.008333333333333333,0,50.0,40.0,30,30,60,60,0
streaming_no_causal,394701474,1.0,1.0,1.0,0.46443049276825193,0.1872517732490658,0.253354350429133,0.2606706003459185,0.4407256222009559,0.031038009801350238,28.333333333333336,13.30279103579482,0.020833333333333332,0,125.0,120.0,30,30,35,195,0
streaming_causal,394701474,1.0,1.0,1.0,0.49616869371064115,0.12379609186082426,0.12963854233244337,0.04651784959568064,0.0879590925607566,0.0015315019684323597,28.333333333333336,12.680703189109506,0.020833333333333332,0,125.0,120.0,30,30,35,195,644
future_state_conditioned,394701474,1.0,1.0,1.0,0.48763970517190686,0.11507626671194655,0.11456833540001089,0.17651053992856308,0.5139230034070807,0.002303747254563312,125.0,13.086265846671562,0.020833333333333332,0,125.0,120.0,30,30,180,180,0
isolated_n_step,1703738690,1.0,1.0,1.0,0.4631273977677461,0.1527456059192367,0.013914520191943025,0.2269785123976469,0.5794336022857837,0.14424128136222134,125.0,13.535883303340695,0.020833333333333332,0,125.0,120.0,30,30,180,180,0
few_step_distilled,1703738690,1.0,1.0,1.0,0.4472643183509922,0.1687245422532871,0.027320297835918668,0.304436274679928,0.5135396979599026,0.05741020946662914,50.0,13.243296912186333,0.008333333333333333,0,50.0,40.0,30,30,60,60,0
streaming_no_causal,1703738690,1.0,1.0,1.0,0.47067057918878885,0.19178080217612567,0.17894684761328838,0.22946494614219443,0.4907430482944048,0.030186444013268653,28.333333333333336,13.241003155421923,0.020833333333333332,0,125.0,120.0,30,30,35,195,0
streaming_causal,1703738690,1.0,1.0,1.0,0.5027468862794914,0.18100666433351284,0.01956625987719161,0.051921026659009835,0.13136134340149114,0.001674564620049685,28.333333333333336,12.6808245012029,0.020833333333333332,0,125.0,120.0,30,30,35,195,644
future_state_conditioned,1703738690,1.0,1.0,1.0,0.4924654984865494,0.16688578042268082,0.02777683894284111,0.1823201153168957,0.5525141843526477,0.002607819471006212,125.0,13.12274986355545,0.020833333333333332,0,125.0,120.0,30,30,180,180,0
isolated_n_step,219077729,1.0,1.0,1.0,0.4608310716914803,0.15149466081995774,0.13947149063994876,0.2476213741946158,0.767825094203574,0.10732900478956355,125.0,13.684708615450393,0.020833333333333332,0,125.0,120.0,30,30,180,180,0
few_step_distilled,219077729,1.0,1.0,1.0,0.44817270915488483,0.17437302311525255,0.14670703364973636,0.3709642124788441,0.6439407630116639,0.04207026357993915,50.0,12.751495272474598,0.008333333333333333,0,50.0,40.0,30,30,60,60,0
streaming_no_causal,219077729,1.0,1.0,1.0,0.4723827138609616,0.12860562477006213,0.06524083644899069,0.3110022033652519,0.5823971763544222,0.02305427087403278,28.333333333333336,13.527068152170726,0.020833333333333332,0,125.0,120.0,30,30,35,195,0
streaming_causal,219077729,1.0,1.0,1.0,0.48779186450696166,0.177483604659728,0.184728809860368,0.046133006520790505,0.13141934483482642,0.0014896036893320907,28.333333333333336,12.658160084868323,0.020833333333333332,0,125.0,120.0,30,30,35,195,644
future_state_conditioned,219077729,1.0,1.0,1.0,0.4800686216570572,0.16675822228180567,0.15923617219202896,0.17672669943809743,0.6856083038907367,0.0023676191129550534,125.0,13.320858600397536,0.020833333333333332,0,125.0,120.0,30,30,180,180,0
isolated_n_step,3313678993,1.0,1.0,1.0,0.4618416099056803,0.09630807144778308,0.0854444698432341,0.19886954817984803,0.5864849376481178,0.11726839625083339,125.0,13.343707538654586,0.020833333333333332,0,125.0,120.0,30,30,180,180,0
few_step_distilled,3313678993,1.0,1.0,1.0,0.44341619877325966,0.10578967590284773,0.12912662418821336,0.3077721680470488,0.5101671921226169,0.04672848197236983,50.0,13.159263997899185,0.008333333333333333,0,50.0,40.0,30,30,60,60,0
streaming_no_causal,3313678993,1.0,1.0,0.0,0.4766220678899402,0.20425893108734638,0.03734208073088385,0.2528045992349015,0.4605612671653939,0.02453649932228469,28.333333333333336,13.241145957324461,0.020833333333333332,0,125.0,120.0,30,30,35,195,0
streaming_causal,3313678993,1.0,1.0,1.0,0.49257966417193094,0.08181271721305328,0.055177310178563435,0.04427735453258646,0.1071493864941309,0.0013255048485018071,28.333333333333336,12.625507282440859,0.020833333333333332,0,125.0,120.0,30,30,35,195,644
future_state_conditioned,3313678993,1.0,1.0,1.0,0.48697352871559646,0.08755664502486839,0.08220729714698287,0.13876447060646654,0.5202033837455963,0.0017767094212159174,125.0,13.055043642112214,0.020833333333333332,0,125.0,120.0,30,30,180,180,0
isolated_n_step,875516072,1.0,1.0,1.0,0.46446264636434564,0.15268306855541786,0.2495455978473581,0.24464564703023073,0.5486601147986393,0.11140460571485232,125.0,13.794586338960404,0.020833333333333332,0,125.0,120.0,30,30,180,180,0
few_step_distilled,875516072,1.0,1.0,1.0,0.4473236293779173,0.1329970372385636,0.23515359877188932,0.33485051914488106,0.703073351479398,0.04372179437891144,50.0,12.98215044261083,0.008333333333333333,0,50.0,40.0,30,30,60,60,0
streaming_no_causal,875516072,1.0,1.0,0.0,0.479716967744949,0.20148100722559764,0.22127243294488702,0.34206666543440656,0.5498295560532216,0.023497656102112647,28.333333333333336,13.757887493249864,0.020833333333333332,0,125.0,120.0,30,30,35,195,0
streaming_causal,875516072,1.0,1.0,1.0,0.4854664641462871,0.14789933640107747,0.26345981634671745,0.04282504967774569,0.12069072099748195,0.0015529739431268492,28.333333333333336,12.76833790402599,0.020833333333333332,0,125.0,120.0,30,30,35,195,644
future_state_conditioned,875516072,1.0,1.0,1.0,0.479344216715906,0.14304595413712864,0.24263258810226732,0.15800942215650762,0.5117809425886793,0.0023648556520977004,125.0,13.138790249872473,0.020833333333333332,0,125.0,120.0,30,30,180,180,0
isolated_n_step,1559999756,1.0,1.0,0.0,0.44063811986851015,0.22275253195555994,0.10951805897200548,0.23684161401284937,0.5701505518590639,0.13485435162504128,125.0,13.718883239219876,0.020833333333333332,0,125.0,120.0,30,30,180,180,0
few_step_distilled,1559999756,1.0,1.0,0.0,0.4234101979973293,0.228040651018951,0.1269873196222307,0.3051228211060188,0.5919361562966152,0.053508361174754694,50.0,13.22541579971627,0.008333333333333333,0,50.0,40.0,30,30,60,60,0
streaming_no_causal,1559999756,1.0,1.0,0.0,0.4400903446942371,0.2586438385836144,0.18018460553396978,0.23425810794621635,0.36467000482303463,0.028206018644869015,28.333333333333336,13.310353600658281,0.020833333333333332,0,125.0,120.0,30,30,35,195,0
streaming_causal,1559999756,1.0,1.0,0.0,0.45983934966051826,0.2140026481474308,0.14984518177270092,0.03647742379434276,0.07550601881893343,0.0015017702278460564,28.333333333333336,12.72099486957304,0.020833333333333332,0,125.0,120.0,30,30,35,195,644
future_state_conditioned,1559999756,1.0,1.0,0.0,0.45629159937897934,0.21585780251893733,0.15034052255074687,0.17064325632162058,0.5192952729972673,0.0022361618483902816,125.0,13.186739665777736,0.020833333333333332,0,125.0,120.0,30,30,180,180,0
isolated_n_step,4239829975,1.0,1.0,1.0,0.4769342386688545,0.1796262225011088,0.05493499078748337,0.20541066432518418,0.600613088560747,0.12365779912636823,125.0,13.347397545644307,0.020833333333333332,0,125.0,120.0,30,30,180,180,0
few_step_distilled,4239829975,1.0,1.0,1.0,0.4588262866397013,0.16683458558333283,0.07987257035825124,0.27501506661028075,0.5495044872679691,0.04820401928374322,50.0,12.273585283852606,0.008333333333333333,0,50.0,40.0,30,30,60,60,0
streaming_no_causal,4239829975,1.0,1.0,1.0,0.4956928947304775,0.193953965351883,0.14291728389095484,0.2663331064049731,0.4507933593789389,0.02603161902457559,28.333333333333336,13.290088011751793,0.020833333333333332,0,125.0,120.0,30,30,35,195,0
streaming_causal,4239829975,1.0,1.0,1.0,0.5113945739787078,0.1813727979521631,0.049201086095534086,0.042294556718664285,0.10146341551072961,0.0013604559786536204,28.333333333333336,12.607226562749522,0.020833333333333332,0,125.0,120.0,30,30,35,195,644
future_state_conditioned,4239829975,1.0,1.0,1.0,0.5032505999690232,0.17232720083541814,0.057788217870989624,0.16659719433489986,0.6324541118165546,0.0025981068294984888,125.0,13.161741113705848,0.020833333333333332,0,125.0,120.0,30,30,180,180,0
isolated_n_step,3714163976,1.0,1.0,1.0,0.46830695186071014,0.17476939674175612,0.1621422470954213,0.19402189544863832,0.43868560855561856,0.11841931022399446,125.0,13.314421580117143,0.020833333333333332,0,125.0,120.0,30,30,180,180,0
few_step_distilled,3714163976,1.0,1.0,1.0,0.4510128826533394,0.1901528599591324,0.15488947620299756,0.2935154002858981,0.5270503625290438,0.04642831200607389,50.0,13.051218373212526,0.008333333333333333,0,50.0,40.0,30,30,60,60,0
streaming_no_causal,3714163976,1.0,1.0,1.0,0.48067973896248595,0.12170830679529805,0.16596838984163495,0.2691068062205097,0.43085864511948074,0.024929144629014386,28.333333333333336,13.272313308860367,0.020833333333333332,0,125.0,120.0,30,30,35,195,0
streaming_causal,3714163976,1.0,1.0,1.0,0.49817217883983816,0.18348351510146713,0.16556182325274826,0.036688361694942766,0.08910889874248583,0.0014842867184789177,28.333333333333336,12.59733262832862,0.020833333333333332,0,125.0,120.0,30,30,35,195,644
future_state_conditioned,3714163976,1.0,1.0,1.0,0.4923282554113892,0.18089940915205308,0.14851957303387114,0.16196376080013372,0.3817539603979822,0.0018455989163666678,125.0,13.01103590849458,0.020833333333333332,0,125.0,120.0,30,30,180,180,0
isolated_n_step,421795999,1.0,1.0,1.0,0.4747626741472943,0.08475946983242158,0.18054609705639457,0.2024621879670289,0.4401945702208064,0.1336507229816916,125.0,13.438419013573494,0.020833333333333332,0,125.0,120.0,30,30,180,180,0
few_step_distilled,421795999,1.0,1.0,1.0,0.46181679257989977,0.08627016664793498,0.16807750794294246,0.30360257154680836,0.5288524406822045,0.05293357387096329,50.0,12.916239695835586,0.008333333333333333,0,50.0,40.0,30,30,60,60,0
streaming_no_causal,421795999,1.0,1.0,0.0,0.49048381160159016,0.20827637698887067,0.24674789605019093,0.2901086154101533,0.5266322096376866,0.028514687488577977,28.333333333333336,13.471634543710056,0.020833333333333332,0,125.0,120.0,30,30,35,195,0
streaming_causal,421795999,1.0,1.0,1.0,0.5071792368236798,0.10575473113563516,0.167449894814101,0.035812969738256595,0.08413658813483288,0.0015013946135486076,28.333333333333336,12.613028157343697,0.020833333333333332,0,125.0,120.0,30,30,35,195,644
future_state_conditioned,421795999,1.0,1.0,1.0,0.4979549665928722,0.09862678673336608,0.15697794953887387,0.1447630362090025,0.36153637462544314,0.002566364470203979,125.0,12.995285775940223,0.020833333333333332,0,125.0,120.0,30,30,180,180,0
isolated_n_step,2533016278,1.0,1.0,1.0,0.46723579514086155,0.11864899632614001,0.11632775565000011,0.21194804220854732,0.5858202611954317,0.13364631921349765,125.0,13.405102235120179,0.020833333333333332,0,125.0,120.0,30,30,180,180,0
few_step_distilled,2533016278,1.0,1.0,1.0,0.45010136281392743,0.1023708111771733,0.07669765605757356,0.276899669969729,0.699651910653219,0.05335616783142864,50.0,12.54613935593543,0.008333333333333333,0,50.0,40.0,30,30,60,60,0
streaming_no_causal,2533016278,1.0,1.0,0.0,0.4820493457713685,0.20800677365095738,0.16451433873022486,0.2898633431471255,0.45961337983967215,0.027356676650056193,28.333333333333336,13.419669627551931,0.020833333333333332,0,125.0,120.0,30,30,35,195,0
streaming_causal,2533016278,1.0,1.0,1.0,0.5026847678081344,0.09738139575223978,0.1077792684023015,0.04210585352503228,0.08637325969987657,0.0014935082219390077,28.333333333333336,12.640862772302752,0.020833333333333332,0,125.0,120.0,30,30,35,195,644
future_state_conditioned,2533016278,1.0,1.0,1.0,0.493409384563499,0.09320263892716725,0.07571716710873891,0.1537765125255547,0.2733244325292111,0.001990751675363983,125.0,13.020912981096188,0.020833333333333332,0,125.0,120.0,30,30,180,180,0
isolated_n_step,533552154,1.0,1.0,1.0,0.43906067324458165,0.15920799546395034,0.1347513333766055,0.25649293218839847,0.6676653999739361,0.10469349949100391,125.0,13.873521508740998,0.020833333333333332,0,125.0,120.0,30,30,180,180,0
few_step_distilled,533552154,1.0,1.0,1.0,0.42139368064535304,0.17149315065272838,0.1217683739760763,0.32579271156961787,0.7739429672410857,0.03968195117424682,50.0,13.246781195171216,0.008333333333333333,0,50.0,40.0,30,30,60,60,0
streaming_no_causal,533552154,1.0,1.0,1.0,0.4392464341952744,0.15018687909355946,0.21762621550246414,0.3284899018245796,0.6890389307345666,0.02274726802749023,28.333333333333336,13.842550837316027,0.020833333333333332,0,125.0,120.0,30,30,35,195,0
streaming_causal,533552154,1.0,1.0,1.0,0.44111350822996775,0.18689789200610823,0.1587490220005116,0.04186694169690739,0.11518146828727313,0.0014411964971887147,28.333333333333336,12.81952136784192,0.020833333333333332,0,125.0,120.0,30,30,35,195,644
future_state_conditioned,533552154,1.0,1.0,1.0,0.438733194080934,0.17186663125363014,0.11612878705610856,0.144986280193137,0.5534106866902647,0.0018215300022644358,125.0,13.146153896916626,0.020833333333333332,0,125.0,120.0,30,30,180,180,0
isolated_n_step,1809029645,1.0,1.0,1.0,0.4684983841014846,0.15836955119310264,0.14402174621083078,0.18020015412271476,0.4394636714854786,0.1131948127515256,125.0,13.310279381733823,0.020833333333333332,0,125.0,120.0,30,30,180,180,0
few_step_distilled,1809029645,1.0,1.0,1.0,0.4577830480644152,0.15846035083898782,0.14256405859228377,0.3376798148792257,0.6001663604248839,0.04484337302318956,50.0,12.929808916628115,0.008333333333333333,0,50.0,40.0,30,30,60,60,0
streaming_no_causal,1809029645,1.0,1.0,1.0,0.4807786775341331,0.17003929433092999,0.12556973169008812,0.21749085409717778,0.5189213278723469,0.02403102752876836,28.333333333333336,13.229704544090279,0.020833333333333332,0,125.0,120.0,30,30,35,195,0
streaming_causal,1809029645,1.0,1.0,1.0,0.49563922900125823,0.13545279633166865,0.13798676293091097,0.035060400895175745,0.09452508770470434,0.0014443397524461852,28.333333333333336,12.654992785939276,0.020833333333333332,0,125.0,120.0,30,30,35,195,644
future_state_conditioned,1809029645,1.0,1.0,1.0,0.4910296243858445,0.1436162761701826,0.14161399211287273,0.15280890370070235,0.4669920773354761,0.0022222891653376894,125.0,13.079054087410153,0.020833333333333332,0,125.0,120.0,30,30,180,180,0
isolated_n_step,1108077815,1.0,1.0,1.0,0.4762139427906629,0.11414657532074378,0.07963783275799434,0.20130019473748167,0.5333101331679024,0.147761060790681,125.0,13.361843196853455,0.020833333333333332,0,125.0,120.0,30,30,180,180,0
few_step_distilled,1108077815,1.0,1.0,1.0,0.46076219707099364,0.10899716570399957,0.08198283781178689,0.344293568516674,0.6928090300667611,0.05854327366241227,50.0,13.386272638750642,0.008333333333333333,0,50.0,40.0,30,30,60,60,0
streaming_no_causal,1108077815,1.0,1.0,1.0,0.4802589626910446,0.17847060257553807,0.20161729212509064,0.261771349248629,0.5104176695841445,0.030599442821742595,28.333333333333336,13.260601978062862,0.020833333333333332,0,125.0,120.0,30,30,35,195,0
streaming_causal,1108077815,1.0,1.0,1.0,0.5094890252930011,0.13665551884373403,0.0664429351650358,0.037186012432025545,0.08039883668227862,0.0016263730096894543,28.333333333333336,12.59703987180338,0.020833333333333332,0,125.0,120.0,30,30,35,195,644
future_state_conditioned,1108077815,1.0,1.0,1.0,0.5011357365728506,0.12244218565285202,0.06059213809422339,0.16138602145921263,0.3976273283907057,0.0022507659973261124,125.0,13.069490009412206,0.020833333333333332,0,125.0,120.0,30,30,180,180,0
isolated_n_step,4289445267,1.0,1.0,1.0,0.4468414041353331,0.17449212973071163,0.17538428524051,0.24192458656648314,0.6384705441796422,0.12116977719706695,125.0,13.78577812336929,0.020833333333333332,0,125.0,120.0,30,30,180,180,0
few_step_distilled,4289445267,1.0,1.0,1.0,0.43496785492932616,0.17851541029577833,0.1536816774580673,0.3459896964837626,0.6709498626090197,0.046932764683846474,50.0,12.897172027734722,0.008333333333333333,0,50.0,40.0,30,30,60,60,0
streaming_no_causal,4289445267,1.0,1.0,0.0,0.44198439794750616,0.18743399181103942,0.33464138662489573,0.2954583505360253,0.6643133312747908,0.026082721920607177,28.333333333333336,13.670725034634623,0.020833333333333332,0,125.0,120.0,30,30,35,195,0
streaming_causal,4289445267,1.0,1.0,0.0,0.45818602245473977,0.20826694581339902,0.1362712569126568,0.0482369472019684,0.10184124743853443,0.0014862970283008102,28.333333333333336,12.827914062844558,0.020833333333333332,0,125.0,120.0,30,30,35,195,644
future_state_conditioned,4289445267,1.0,1.0,1.0,0.45403243824315337,0.1929582972412284,0.12778281766390998,0.16441786899162847,0.5596876223796233,0.0023858846557842693,125.0,13.218480066803124,0.020833333333333332,0,125.0,120.0,30,30,180,180,0
isolated_n_step,3054046873,1.0,1.0,1.0,0.49542223208649117,0.1735609900907346,0.24318418230404332,0.2540481668800355,0.6749773513611594,0.14299759681980975,125.0,13.740033122159796,0.020833333333333332,0,125.0,120.0,30,30,180,180,0
few_step_distilled,3054046873,1.0,1.0,1.0,0.48129764560306476,0.17280240647950698,0.2589814215349451,0.35430651961691106,0.634945163789192,0.05595235439573445,50.0,13.361163414907727,0.008333333333333333,0,50.0,40.0,30,30,60,60,0
streaming_no_causal,3054046873,1.0,1.0,0.0,0.5059583012286198,0.2756617170764448,0.31771129768390327,0.3346312152398496,0.7768712736397015,0.03035091709859872,28.333333333333336,13.846360438187798,0.020833333333333332,0,125.0,120.0,30,30,35,195,0
streaming_causal,3054046873,1.0,1.0,1.0,0.5195370450811048,0.18258976398607102,0.2469573925294387,0.04712946232373688,0.12101789259112623,0.0017511431950893645,28.333333333333336,12.750264942407025,0.020833333333333332,0,125.0,120.0,30,30,35,195,644
future_state_conditioned,3054046873,1.0,1.0,1.0,0.5116017108691064,0.16391236192567665,0.22665850424175807,0.1898762212760857,0.6408783387521978,0.002945395952028832,125.0,13.29465654910959,0.020833333333333332,0,125.0,120.0,30,30,180,180,0
isolated_n_step,2511039549,1.0,1.0,1.0,0.45810111131120046,0.18607270908901405,0.12784786298304632,0.20967973935190726,0.4868145917078119,0.11204519229158785,125.0,13.493059602038164,0.020833333333333332,0,125.0,120.0,30,30,180,180,0
few_step_distilled,2511039549,1.0,1.0,1.0,0.4435303031668418,0.17153286050000888,0.13708448736401802,0.2792042549730881,0.4956607328578485,0.043886565320921424,50.0,12.452708058669344,0.008333333333333333,0,50.0,40.0,30,30,60,60,0
streaming_no_causal,2511039549,1.0,1.0,1.0,0.46170051271712803,0.15262686216417692,0.024094124897194594,0.24248316427311287,0.5254823705571963,0.02325382889831977,28.333333333333336,13.311854938092855,0.020833333333333332,0,125.0,120.0,30,30,35,195,0
streaming_causal,2511039549,1.0,1.0,1.0,0.48267976318985883,0.16991088406689822,0.15859695617847505,0.03614290804696174,0.07654365839855078,0.0013495228712554317,28.333333333333336,12.66935965135042,0.020833333333333332,0,125.0,120.0,30,30,35,195,644
future_state_conditioned,2511039549,1.0,1.0,1.0,0.47783258560600705,0.17415746614943511,0.1533733507171652,0.15509321522595354,0.5327425668372116,0.002103224684278944,125.0,13.107945372731182,0.020833333333333332,0,125.0,120.0,30,30,180,180,0
isolated_n_step,1060382645,1.0,1.0,1.0,0.4762962350576786,0.12370786753564011,0.02564629032551904,0.20700035055731233,0.49402595946971983,0.1590963933543684,125.0,13.38433534876241,0.020833333333333332,0,125.0,120.0,30,30,180,180,0
few_step_distilled,1060382645,1.0,1.0,1.0,0.46329745930990485,0.11956913967391208,0.038752821464959085,0.3089289433513138,0.6224438816055061,0.06326352499481916,50.0,13.3109595391924,0.008333333333333333,0,50.0,40.0,30,30,60,60,0
streaming_no_causal,1060382645,1.0,1.0,0.0,0.4785777379843937,0.21493149784295373,0.1553878207474316,0.2486677039769814,0.42983871911860116,0.03282864222676472,28.333333333333336,13.239036898666358,0.020833333333333332,0,125.0,120.0,30,30,35,195,0
streaming_causal,1060382645,1.0,1.0,1.0,0.5114036682376857,0.15052324533354838,0.026416430304448978,0.03813951713178951,0.0904140601235465,0.0016732807352715434,28.333333333333336,12.605218535135622,0.020833333333333332,0,125.0,120.0,30,30,35,195,644
future_state_conditioned,1060382645,1.0,1.0,1.0,0.5017470088228516,0.13695148538494337,0.03660028288975908,0.16233904377842628,0.3861677792529479,0.0025322602961217835,125.0,13.050967892680113,0.020833333333333332,0,125.0,120.0,30,30,180,180,0
isolated_n_step,452658175,1.0,1.0,1.0,0.4376466184252629,0.163128925725249,0.15416708651147537,0.23878145619025248,0.5803354461576913,0.11586258077588327,125.0,13.712330491183657,0.020833333333333332,0,125.0,120.0,30,30,180,180,0
few_step_distilled,452658175,1.0,1.0,1.0,0.42630195852550046,0.17228134764657532,0.14071812222391614,0.3414538591892599,0.5962735038835001,0.045880418246921094,50.0,13.321672735251484,0.008333333333333333,0,50.0,40.0,30,30,60,60,0
streaming_no_causal,452658175,1.0,1.0,0.0,0.443916532745079,0.2149848169589516,0.2268688984501246,0.2543404266273417,0.5444224328423435,0.024110618690015417,28.333333333333336,13.457376438658859,0.020833333333333332,0,125.0,120.0,30,30,35,195,0
streaming_causal,452658175,1.0,1.0,1.0,0.4507713452111951,0.15669606222779456,0.10669479290106984,0.042820238042990344,0.13204188034022799,0.00135319078262813,28.333333333333336,12.789321321398075,0.020833333333333332,0,125.0,120.0,30,30,35,195,644
future_state_conditioned,452658175,1.0,1.0,1.0,0.4476286386360556,0.15279807775878235,0.11368732742877774,0.15544680945086725,0.46849730057002137,0.0022192369597364295,125.0,13.12761095320265,0.020833333333333332,0,125.0,120.0,30,30,180,180,0
isolated_n_step,2842117790,1.0,1.0,1.0,0.4516530528603561,0.1869033591658887,0.16271355798024795,0.25127236057395796,0.6417005899019467,0.12887860206353072,125.0,13.844779556858313,0.020833333333333332,0,125.0,120.0,30,30,180,180,0
few_step_distilled,2842117790,1.0,1.0,0.0,0.44097259723967386,0.20215271417055672,0.15427467874570122,0.3064899536892213,0.5765798027856621,0.05043710924613391,50.0,13.237982285468833,0.008333333333333333,0,50.0,40.0,30,30,60,60,0
streaming_no_causal,2842117790,1.0,1.0,0.0,0.45299990596881534,0.2475518895564074,0.3315854785054843,0.31580259796167415,0.591988610801505,0.027067576854827573,28.333333333333336,13.739364475998556,0.020833333333333332,0,125.0,120.0,30,30,35,195,0
streaming_causal,2842117790,1.0,1.0,0.0,0.4646701145220188,0.20503149872274298,0.1432331580356267,0.046570114492538915,0.11222113200600083,0.001502629301900848,28.333333333333336,12.816207085299045,0.020833333333333332,0,125.0,120.0,30,30,35,195,644
future_state_conditioned,2842117790,1.0,1.0,1.0,0.4592471307399379,0.18823143658947764,0.13273430323598312,0.16502734468119515,0.4708443441342539,0.0024546785808337974,125.0,13.229086577931838,0.020833333333333332,0,125.0,120.0,30,30,180,180,0
isolated_n_step,674922071,1.0,1.0,1.0,0.4623573379071648,0.14421147364865522,0.011023751650465069,0.24939256582806457,0.6209483431490056,0.12867580014004176,125.0,13.79199469556877,0.020833333333333332,0,125.0,120.0,30,30,180,180,0
few_step_distilled,674922071,1.0,1.0,1.0,0.45084760825574194,0.1539582481190324,0.0457960246478721,0.30969055456658984,0.5217824844802726,0.05020751944913031,50.0,12.664472605641652,0.008333333333333333,0,50.0,40.0,30,30,60,60,0
streaming_no_causal,674922071,1.0,1.0,0.0,0.4635573903818919,0.24878370400936378,0.10943108878102437,0.3092361303231637,0.7324422715700578,0.027044470110252978,28.333333333333336,13.74439159632001,0.020833333333333332,0,125.0,120.0,30,30,35,195,0
streaming_causal,674922071,1.0,1.0,1.0,0.47519633784926785,0.13745345743511556,0.04014145908130897,0.04465558327891481,0.11021063780752008,0.001598770475121393,28.333333333333336,12.774601234818014,0.020833333333333332,0,125.0,120.0,30,30,35,195,644
future_state_conditioned,674922071,1.0,1.0,1.0,0.4705190260201181,0.1407270303962283,0.04813018766953945,0.1385061311166666,0.4174535558734761,0.0020399094291413916,125.0,13.070142752380846,0.020833333333333332,0,125.0,120.0,30,30,180,180,0
isolated_n_step,2807852496,1.0,1.0,0.0,0.4331467390092854,0.2679749968856564,0.1876040311119467,0.26978754785764997,0.6759544489868828,0.08630603022106795,125.0,13.97895134558131,0.020833333333333332,0,125.0,120.0,30,30,180,180,0
few_step_distilled,2807852496,1.0,1.0,0.0,0.4179932960598924,0.2788470841975137,0.1928597480363626,0.3890489678795288,0.8590176078487006,0.0329232531153399,50.0,13.67350613187607,0.008333333333333333,0,50.0,40.0,30,30,60,60,0
streaming_no_causal,2807852496,1.0,1.0,1.0,0.4241983401452492,0.19956680573752042,0.28763721795793706,0.294612234411616,0.6437455524722994,0.018834554327718103,28.333333333333336,13.688675735330364,0.020833333333333332,0,125.0,120.0,30,30,35,195,0
streaming_causal,2807852496,1.0,1.0,0.0,0.437109082423553,0.2925075967051752,0.19228431251547415,0.04380624776081456,0.1380878389137362,0.0015148876146392726,28.333333333333336,12.846199296163872,0.020833333333333332,0,125.0,120.0,30,30,35,195,644
future_state_conditioned,2807852496,1.0,1.0,0.0,0.4348422093763882,0.2712595856001519,0.16759617957119857,0.16626658916126422,0.6692959797291874,0.001822554794519336,125.0,13.366343914751045,0.020833333333333332,0,125.0,120.0,30,30,180,180,0
isolated_n_step,734682174,1.0,1.0,1.0,0.4620866090283988,0.16793383424495145,0.08479500072915469,0.23012654321204168,0.6184663907990336,0.10921119451675973,125.0,13.705310319737883,0.020833333333333332,0,125.0,120.0,30,30,180,180,0
few_step_distilled,734682174,1.0,1.0,1.0,0.44401051536686786,0.16314905150579026,0.1227979298234232,0.3198876314309452,0.6257048636910194,0.04245535616759075,50.0,13.031562803136884,0.008333333333333333,0,50.0,40.0,30,30,60,60,0
streaming_no_causal,734682174,1.0,1.0,0.0,0.47553529749097956,0.22493612191971263,0.0433108199109077,0.3161399175570663,0.7422774011247228,0.02358125310554405,28.333333333333336,13.732416571880282,0.020833333333333332,0,125.0,120.0,30,30,35,195,0
streaming_causal,734682174,1.0,1.0,1.0,0.4744567046065634,0.1745060775687798,0.10370446438055037,0.0363797302226972,0.06141879020352194,0.001251875667963747,28.333333333333336,12.730232559930679,0.020833333333333332,0,125.0,120.0,30,30,35,195,644
future_state_conditioned,734682174,1.0,1.0,1.0,0.47010083768104804,0.15916807497127727,0.10857519281481319,0.13064679672261095,0.38965073353652696,0.001631841491251293,125.0,13.012451039217973,0.020833333333333332,0,125.0,120.0,30,30,180,180,0
isolated_n_step,1028081857,1.0,1.0,1.0,0.4543312643425528,0.1861918330041282,0.12472265943544134,0.24304701226731967,0.6169239836179643,0.14177668304952348,125.0,13.706713565644971,0.020833333333333332,0,125.0,120.0,30,30,180,180,0
few_step_distilled,1028081857,1.0,1.0,1.0,0.44185617456739384,0.1668174224022933,0.1486925824446156,0.32445906556445375,0.5871943318228539,0.05614284667256857,50.0,13.168457912038217,0.008333333333333333,0,50.0,40.0,30,30,60,60,0
streaming_no_causal,1028081857,1.0,1.0,0.0,0.45940844632315664,0.2741020431308315,0.11053482546252424,0.22442240026383783,0.43157853266233265,0.029018067030187118,28.333333333333336,13.241606462540206,0.020833333333333332,0,125.0,120.0,30,30,35,195,0
streaming_causal,1028081857,1.0,1.0,1.0,0.4855199167481783,0.16038257640185083,0.14710734133798378,0.05036059181451372,0.09172758498604025,0.001547033889249189,28.333333333333336,12.705515574915744,0.020833333333333332,0,125.0,120.0,30,30,35,195,644
future_state_conditioned,1028081857,1.0,1.0,1.0,0.47753454334780865,0.16006821458895906,0.14810101345454732,0.18377651226038494,0.5087153843332005,0.0024832163548729916,125.0,13.164461003875362,0.020833333333333332,0,125.0,120.0,30,30,180,180,0
isolated_n_step,3841209193,1.0,1.0,0.0,0.46131996485283405,0.23169872144383263,0.03047725651666301,0.24702807699639184,0.6153934996433302,0.113342712334523,125.0,13.80012098993555,0.020833333333333332,0,125.0,120.0,30,30,180,180,0
few_step_distilled,3841209193,1.0,1.0,0.0,0.4447129668243023,0.24382953674795516,0.07965434980799806,0.2999531605186442,0.5434000393031083,0.04337491357034787,50.0,13.347187842165441,0.008333333333333333,0,50.0,40.0,30,30,60,60,0
streaming_no_causal,3841209193,1.0,1.0,0.0,0.4670495101298646,0.21727792297945625,0.2308132726000881,0.331849325939379,0.5763807862760973,0.024931745278488078,28.333333333333336,13.738812584491606,0.020833333333333332,0,125.0,120.0,30,30,35,195,0
streaming_causal,3841209193,1.0,1.0,0.0,0.47631280002273557,0.25087073555985073,0.05848992977317905,0.039522354183572056,0.11806455436311063,0.001494019150361876,28.333333333333336,12.75420794908491,0.020833333333333332,0,125.0,120.0,30,30,35,195,644
future_state_conditioned,3841209193,1.0,1.0,0.0,0.4728710779965812,0.23544243676897078,0.07855650276760222,0.15838325268727643,0.5313887010882167,0.002209227162288261,125.0,13.16251651172759,0.020833333333333332,0,125.0,120.0,30,30,180,180,0
isolated_n_step,290132369,1.0,1.0,1.0,0.44910997511471523,0.19685210534360834,0.20019617552079538,0.2548555281063148,0.717501357602179,0.13048921390865786,125.0,13.927077582431178,0.020833333333333332,0,125.0,120.0,30,30,180,180,0
few_step_distilled,290132369,1.0,1.0,1.0,0.43213004216551176,0.1940787144371926,0.1980790272384951,0.3514189424513217,0.7586717665856686,0.050886480542619565,50.0,13.228844284921392,0.008333333333333333,0,50.0,40.0,30,30,60,60,0
streaming_no_causal,290132369,1.0,1.0,0.0,0.45070741433897876,0.27033448904764806,0.30503969128081976,0.30274965451051383,0.7397980857625144,0.026980123088126296,28.333333333333336,13.806950699089317,0.020833333333333332,0,125.0,120.0,30,30,35,195,0
streaming_causal,290132369,1.0,1.0,1.0,0.452473008285754,0.19194312669399982,0.18164821014931606,0.04628580460834398,0.08905408666256771,0.0014488822749579408,28.333333333333336,12.868352090387845,0.020833333333333332,0,125.0,120.0,30,30,35,195,644
future_state_conditioned,290132369,1.0,1.0,1.0,0.4494326735645576,0.17995335211214394,0.16967741381462081,0.15763071205771392,0.5121532587142861,0.0020602672753637485,125.0,13.211541579051161,0.020833333333333332,0,125.0,120.0,30,30,180,180,0
isolated_n_step,500360693,1.0,1.0,1.0,0.47556667712556294,0.09608723293278881,0.18734649616141408,0.24840575989679908,0.6316387048960591,0.13004427171608787,125.0,13.749215172887945,0.020833333333333332,0,125.0,120.0,30,30,180,180,0
few_step_distilled,500360693,1.0,1.0,1.0,0.46229191961946803,0.09989286998052176,0.20917276642831664,0.3271716952324547,0.6900702810154075,0.05113260354664844,50.0,12.911493436204909,0.008333333333333333,0,50.0,40.0,30,30,60,60,0
streaming_no_causal,500360693,1.0,1.0,0.0,0.483170939550185,0.22677671880411837,0.2253799909986285,0.2975124132938987,0.5846291785741262,0.02717491922669084,28.333333333333336,13.594334485285652,0.020833333333333332,0,125.0,120.0,30,30,35,195,0
streaming_causal,500360693,1.0,1.0,1.0,0.5077915985419218,0.10369092981515808,0.189443510108327,0.045628232721814786,0.1132945689676225,0.0016665808864227598,28.333333333333336,12.740049229059816,0.020833333333333332,0,125.0,120.0,30,30,35,195,644
future_state_conditioned,500360693,1.0,1.0,1.0,0.497182981859448,0.09908320761949811,0.1800162990395896,0.1745983153863666,0.47146641270550577,0.002425650400630236,125.0,13.202494283162336,0.020833333333333332,0,125.0,120.0,30,30,180,180,0
isolated_n_step,3379606974,1.0,1.0,1.0,0.4514886858015092,0.16264639759430938,0.23858405200442823,0.24538237569208582,0.7296758910843648,0.1289909671469978,125.0,13.823268857969126,0.020833333333333332,0,125.0,120.0,30,30,180,180,0
few_step_distilled,3379606974,1.0,1.0,1.0,0.43718878380879794,0.16262194350791473,0.2388936654854231,0.319867304714298,0.6204622962723051,0.05098923265852159,50.0,12.911058483958708,0.008333333333333333,0,50.0,40.0,30,30,60,60,0
streaming_no_causal,3379606974,1.0,1.0,0.0,0.45814257370248207,0.20068900906235312,0.24565853324210293,0.31170395417332863,0.5264805485010963,0.026221705235094053,28.333333333333336,13.572186804062458,0.020833333333333332,0,125.0,120.0,30,30,35,195,0
streaming_causal,3379606974,1.0,1.0,1.0,0.4729779667022105,0.15451043653155674,0.2536057116689765,0.05316588518315108,0.12173260628653253,0.001627222751609811,28.333333333333336,12.742667515095029,0.020833333333333332,0,125.0,120.0,30,30,35,195,644
future_state_conditioned,3379606974,1.0,1.0,1.0,0.46728524666052207,0.146219027288174,0.22613161654864136,0.17154971438348343,0.6754006369770394,0.0019951416295661208,125.0,13.28326945458896,0.020833333333333332,0,125.0,120.0,30,30,180,180,0
isolated_n_step,3464422487,1.0,1.0,0.0,0.4579437795344038,0.22318531040235304,0.02152048760921882,0.2430606182511789,0.7357851481166606,0.11863380516953746,125.0,13.910584529677513,0.020833333333333332,0,125.0,120.0,30,30,180,180,0
few_step_distilled,3464422487,1.0,1.0,0.0,0.45064953119158374,0.24294797426993248,0.04330777912085616,0.30526187750713923,0.5812368735526776,0.04567930351624773,50.0,12.628165382759743,0.008333333333333333,0,50.0,40.0,30,30,60,60,0
streaming_no_causal,3464422487,1.0,1.0,0.0,0.455222811754463,0.20656230297839628,0.1961724869986395,0.2940398536968279,0.5881285999898679,0.02555124750163785,28.333333333333336,13.642463185540949,0.020833333333333332,0,125.0,120.0,30,30,35,195,0
streaming_causal,3464422487,1.0,1.0,0.0,0.47769807746591886,0.2554649991150844,0.0594066885583084,0.04319637487476649,0.11946943016623883,0.0015648585611996104,28.333333333333336,12.814612724894776,0.020833333333333332,0,125.0,120.0,30,30,35,195,644
future_state_conditioned,3464422487,1.0,1.0,0.0,0.47009662209112485,0.2330354014313476,0.052031687296141875,0.14995387097838464,0.5074732858373731,0.0025107678703744224,125.0,13.231914697587339,0.020833333333333332,0,125.0,120.0,30,30,180,180,0
isolated_n_step,2516827435,1.0,1.0,0.0,0.44955267587683956,0.2267628159974826,0.019207077573432266,0.25475446314538835,0.5943102595958659,0.12125282177421756,125.0,13.888236661697427,0.020833333333333332,0,125.0,120.0,30,30,180,180,0
few_step_distilled,2516827435,1.0,1.0,0.0,0.4377967299607377,0.24481287384737166,0.01650646555520568,0.3484711058463735,0.6641524131906721,0.0468223529931845,50.0,13.941199793760328,0.008333333333333333,0,50.0,40.0,30,30,60,60,0
streaming_no_causal,2516827435,1.0,1.0,0.0,0.4407299132552981,0.21752635999963896,0.2196445551123741,0.27789941509876925,0.5784763195741088,0.025947770227190237,28.333333333333336,13.629740757703443,0.020833333333333332,0,125.0,120.0,30,30,35,195,0
streaming_causal,2516827435,1.0,1.0,0.0,0.4681461187294321,0.2593842317743062,0.08169583936853043,0.049379777959491306,0.14947280008540684,0.0016990853169773176,28.333333333333336,12.86541667679654,0.020833333333333332,0,125.0,120.0,30,30,35,195,644
future_state_conditioned,2516827435,1.0,1.0,0.0,0.4604004831198835,0.23483297261164754,0.06532661064988099,0.17861751963413355,0.5412240766400064,0.0024783004150795373,125.0,13.30041616188052,0.020833333333333332,0,125.0,120.0,30,30,180,180,0
isolated_n_step,1918792049,1.0,1.0,1.0,0.46030185024343956,0.15480388482195345,0.17438213704639838,0.24163817614456862,0.5032014858381827,0.15886449631418234,125.0,13.712643371618023,0.020833333333333332,0,125.0,120.0,30,30,180,180,0
few_step_distilled,1918792049,1.0,1.0,1.0,0.445936806935684,0.15860002309530166,0.19545069893247877,0.2940776235218748,0.5812943821385574,0.06286214870073799,50.0,12.321181667937266,0.008333333333333333,0,50.0,40.0,30,30,60,60,0
streaming_no_causal,1918792049,1.0,1.0,0.0,0.4603001558945632,0.2971110287920472,0.2463385520647003,0.2713760991871977,0.5316329003979886,0.032440624943440396,28.333333333333336,13.481139940954645,0.020833333333333332,0,125.0,120.0,30,30,35,195,0
streaming_causal,1918792049,1.0,1.0,1.0,0.48074158731639166,0.15012234667406882,0.1572741807572841,0.04419383385468629,0.09755401591550451,0.0016148939744059015,28.333333333333336,12.722780604157695,0.020833333333333332,0,125.0,120.0,30,30,35,195,644
future_state_conditioned,1918792049,1.0,1.0,1.0,0.4742864254576572,0.14202163164400658,0.16101024605901876,0.17320851116727107,0.3634242055742456,0.0023599974643685813,125.0,13.17834485627019,0.020833333333333332,0,125.0,120.0,30,30,180,180,0
isolated_n_step,1647550358,1.0,1.0,0.0,0.43990710767054825,0.20341571640491243,0.22389507724058744,0.25172919168416635,0.6966867460626092,0.11312976522720568,125.0,13.890555058768587,0.020833333333333332,0,125.0,120.0,30,30,180,180,0
few_step_distilled,1647550358,1.0,1.0,1.0,0.4252061559395234,0.19826651295816142,0.22246972270369864,0.3366300582081548,0.6169378862859524,0.04444752363679634,50.0,13.404534232615676,0.008333333333333333,0,50.0,40.0,30,30,60,60,0
streaming_no_causal,1647550358,1.0,1.0,0.0,0.44110942051234525,0.23697710915140843,0.314797165520954,0.30767044025526513,0.6200912411210536,0.023386823782458203,28.333333333333336,13.725975467174537,0.020833333333333332,0,125.0,120.0,30,30,35,195,0
streaming_causal,1647550358,1.0,1.0,0.0,0.44688535550778824,0.21076869963459385,0.21150731214989835,0.047301265825269605,0.13718609235514312,0.001338922475329618,28.333333333333336,12.849953660316082,0.020833333333333332,0,125.0,120.0,30,30,35,195,644
future_state_conditioned,1647550358,1.0,1.0,1.0,0.4434888324013011,0.1988783807289582,0.19041733192545313,0.1640455488576758,0.541747847846723,0.0024932173846625274,125.0,13.271136886334679,0.020833333333333332,0,125.0,120.0,30,30,180,180,0
isolated_n_step,1592354139,1.0,1.0,1.0,0.44860899463679793,0.199945866943562,0.2528332209951451,0.2600634978132279,0.6063908671527144,0.12497510984088694,125.0,13.870345549001273,0.020833333333333332,0,125.0,120.0,30,30,180,180,0
few_step_distilled,1592354139,1.0,1.0,0.0,0.4372378836827899,0.21062907572612632,0.25475541178619493,0.34597787163158167,0.718983830408385,0.0491920068805532,50.0,13.545187292419435,0.008333333333333333,0,50.0,40.0,30,30,60,60,0
streaming_no_causal,1592354139,1.0,1.0,0.0,0.4469662614491318,0.22950081872031336,0.2377323992931656,0.2980554260245933,0.582452437337762,0.02599035520398776,28.333333333333336,13.683388794576734,0.020833333333333332,0,125.0,120.0,30,30,35,195,0
streaming_causal,1592354139,1.0,1.0,0.0,0.4621918774289058,0.20499723616564494,0.2716840639241216,0.0406079876495396,0.1142594086012097,0.001564902074002006,28.333333333333336,12.7618599495107,0.020833333333333332,0,125.0,120.0,30,30,35,195,644
future_state_conditioned,1592354139,1.0,1.0,1.0,0.45638465467258377,0.19379450088461975,0.25068834029380166,0.1662878726216262,0.4234843521605378,0.002693241288423096,125.0,13.136719489255187,0.020833333333333332,0,125.0,120.0,30,30,180,180,0
isolated_n_step,1861686580,1.0,1.0,0.0,0.46368557675040856,0.20415063424581348,0.059065015473783004,0.20077629265259128,0.5381402940534983,0.11304247322046675,125.0,13.377636894331687,0.020833333333333332,0,125.0,120.0,30,30,180,180,0
few_step_distilled,1861686580,1.0,1.0,0.0,0.4478049955697509,0.2174102047117042,0.060651659420943076,0.29573791552092343,0.5820165786015623,0.04467149257889256,50.0,13.138137100679206,0.008333333333333333,0,50.0,40.0,30,30,60,60,0
streaming_no_causal,1861686580,1.0,1.0,1.0,0.4737903350401463,0.1778144068956912,0.26191234768471167,0.2797504648687943,0.5228336803734767,0.024594139416246923,28.333333333333336,13.359492232932165,0.020833333333333332,0,125.0,120.0,30,30,35,195,0
streaming_causal,1861686580,1.0,1.0,0.0,0.49919162596185046,0.23324527284329175,0.05900579549758901,0.04164945329439295,0.08693172987730265,0.001262258614798837,28.333333333333336,12.645851810765196,0.020833333333333332,0,125.0,120.0,30,30,35,195,644
future_state_conditioned,1861686580,1.0,1.0,0.0,0.48934268784193236,0.2128983924115301,0.05710450021830232,0.15320047727640757,0.40819123128226853,0.0015740426544891405,125.0,13.003541737007913,0.020833333333333332,0,125.0,120.0,30,30,180,180,0
isolated_n_step,3720474203,1.0,1.0,1.0,0.4666427104774076,0.1606699536442006,0.2097199480932115,0.2658201886947831,0.7243922155876503,0.15645981492304592,125.0,13.918072334514155,0.020833333333333332,0,125.0,120.0,30,30,180,180,0
few_step_distilled,3720474203,1.0,1.0,1.0,0.4471108273953304,0.1578835168126172,0.22187204179410386,0.3149527898877843,0.7704830523128612,0.06170029624423432,50.0,13.752446897672325,0.008333333333333333,0,50.0,40.0,30,30,60,60,0
streaming_no_causal,3720474203,1.0,1.0,0.0,0.4616495153754646,0.27035547044546304,0.3452743046971903,0.31376122361716446,0.6217545499575374,0.03239048533884245,28.333333333333336,13.675743625386746,0.020833333333333332,0,125.0,120.0,30,30,35,195,0
streaming_causal,3720474203,1.0,1.0,1.0,0.4881408726534583,0.18770743062852266,0.1781549949473616,0.05103795523405093,0.09672332845780271,0.0016934364472225435,28.333333333333336,12.729312887300432,0.020833333333333332,0,125.0,120.0,30,30,35,195,644
future_state_conditioned,3720474203,1.0,1.0,1.0,0.4782036053376072,0.1684171503197339,0.17174178598346732,0.1850706465065688,0.5024102704624419,0.0025679875960043096,125.0,13.32464638446982,0.020833333333333332,0,125.0,120.0,30,30,180,180,0
isolated_n_step,418495500,1.0,1.0,1.0,0.4426273464476968,0.13885972475031688,0.0874824144486247,0.23742961413320116,0.5156959137478171,0.13427938330437958,125.0,13.700764158937137,0.020833333333333332,0,125.0,120.0,30,30,180,180,0
few_step_distilled,418495500,1.0,1.0,1.0,0.4257212257340391,0.15816458591886218,0.07957981135849439,0.2964119527639843,0.5737272140966378,0.052420449156992954,50.0,13.569180501627688,0.008333333333333333,0,50.0,40.0,30,30,60,60,0
streaming_no_causal,418495500,1.0,1.0,1.0,0.44777087248241987,0.18665186771165543,0.27349451360124305,0.26660441681726565,0.5403544179999943,0.028460350261846925,28.333333333333336,13.519875637071204,0.020833333333333332,0,125.0,120.0,30,30,35,195,0
streaming_causal,418495500,1.0,1.0,1.0,0.45424273182025554,0.1732202425240934,0.028026715839763072,0.03916512087206365,0.09757641746879644,0.0015298949896664993,28.333333333333336,12.771288054096802,0.020833333333333332,0,125.0,120.0,30,30,35,195,644
future_state_conditioned,418495500,1.0,1.0,1.0,0.45187068903516553,0.16837216607354039,0.03649521446798292,0.15916361310422902,0.3667680277008057,0.0020218734991708856,125.0,13.097608948393201,0.020833333333333332,0,125.0,120.0,30,30,180,180,0
isolated_n_step,2380424574,1.0,1.0,0.0,0.47022894175201746,0.2143825173635541,0.16568021453964063,0.20711570999054166,0.5968938072865947,0.11203699131796713,125.0,13.461548613524194,0.020833333333333332,0,125.0,120.0,30,30,180,180,0
few_step_distilled,2380424574,1.0,1.0,0.0,0.46088765951845906,0.2183768663220515,0.1961529666594533,0.28214394409339405,0.6069112660619634,0.04418567290567588,50.0,12.492528444113187,0.008333333333333333,0,50.0,40.0,30,30,60,60,0
streaming_no_causal,2380424574,1.0,1.0,0.0,0.4821725147014934,0.2284753000329433,0.14501540219526468,0.265532226470031,0.5757614502949548,0.023762257725424278,28.333333333333336,13.450037076916406,0.020833333333333332,0,125.0,120.0,30,30,35,195,0
streaming_causal,2380424574,1.0,1.0,0.0,0.4949225889028383,0.2139347562610041,0.20789243700933335,0.033856346420467316,0.09950506180442019,0.0013879178358460467,28.333333333333336,12.671990873463447,0.020833333333333332,0,125.0,120.0,30,30,35,195,644
future_state_conditioned,2380424574,1.0,1.0,1.0,0.4889500384407922,0.19794112448773266,0.1851830043091645,0.1447932700812527,0.47133133999403254,0.0019990684310078896,125.0,13.075605554999903,0.020833333333333332,0,125.0,120.0,30,30,180,180,0
isolated_n_step,1390216778,1.0,1.0,0.0,0.4251275733932091,0.2235585035891099,0.15786897061104643,0.2611744677430604,0.676523219020005,0.09828457256441052,125.0,13.876407817839477,0.020833333333333332,0,125.0,120.0,30,30,180,180,0
few_step_distilled,1390216778,1.0,1.0,0.0,0.4075576223486402,0.2209145119866154,0.13901072516341514,0.36499974615625097,0.6441399462344218,0.03724060074553705,50.0,13.107359436257134,0.008333333333333333,0,50.0,40.0,30,30,60,60,0
streaming_no_causal,1390216778,1.0,1.0,0.0,0.4196996207769531,0.22840120800705227,0.2975145048283346,0.2783963219329616,0.5105627338998154,0.021151359236447977,28.333333333333336,13.55450357684514,0.020833333333333332,0,125.0,120.0,30,30,35,195,0
streaming_causal,1390216778,1.0,1.0,0.0,0.4323833221000931,0.234656735451136,0.15429703814609252,0.049968070772222276,0.13622663298514198,0.0014938343962710655,28.333333333333336,12.848197450413386,0.020833333333333332,0,125.0,120.0,30,30,35,195,644
future_state_conditioned,1390216778,1.0,1.0,0.0,0.43125876561445253,0.2223972221238929,0.1329633205673314,0.18401575931036873,0.48709255114574007,0.0020551180149138725,125.0,13.32347314644388,0.020833333333333332,0,125.0,120.0,30,30,180,180,0
isolated_n_step,1511913284,1.0,1.8,0.0,0.4742817589936717,0.208490255491934,0.2319718889786791,0.29305960290013444,0.8115115759265152,0.12245313184375134,125.0,14.205489737316013,0.020833333333333332,0,125.0,120.0,30,30,180,180,0
few_step_distilled,1511913284,1.0,1.8,0.0,0.4624747845441666,0.21552361948022727,0.2449189431254793,0.321081020613948,0.7754914172471093,0.04799157290626362,50.0,13.9739949967136,0.008333333333333333,0,50.0,40.0,30,30,60,60,0
streaming_no_causal,1511913284,1.0,1.8,0.0,0.4738972388589306,0.22838187960088296,0.2593554999717611,0.3493689818550052,0.7139633481503355,0.025989136039615564,28.333333333333336,13.957316709642546,0.020833333333333332,0,125.0,120.0,30,30,35,195,0
streaming_causal,1511913284,1.0,1.8,0.0,0.4868232374096373,0.2094991977359197,0.23370110493895682,0.057360272435715245,0.14118548310717746,0.0020820024456003772,28.333333333333336,12.807766628696248,0.020833333333333332,0,125.0,120.0,30,30,35,195,644
future_state_conditioned,1511913284,1.0,1.8,1.0,0.47913604938151105,0.1948446321127226,0.21727053212833825,0.2101403439270393,0.7680677567138574,0.0030198800592924216,125.0,13.61515201993498,0.020833333333333332,0,125.0,120.0,30,30,180,180,0
isolated_n_step,1153041493,1.0,1.8,0.0,0.4465516342497922,0.22447226933121703,0.09347821299503448,0.27337350801978244,0.7779240567029939,0.12786004165769022,125.0,13.924588065685551,0.020833333333333332,0,125.0,120.0,30,30,180,180,0
few_step_distilled,1153041493,1.0,1.8,0.0,0.431739040392816,0.2305477193388197,0.08905683135200193,0.3301486399941015,0.9363544012681247,0.05054471566642113,50.0,13.370975831217509,0.008333333333333333,0,50.0,40.0,30,30,60,60,0
streaming_no_causal,1153041493,1.0,1.8,0.0,0.43013402651979893,0.21543109985956688,0.20435713807261094,0.2618698485182137,0.4550443651935792,0.026850912282006697,28.333333333333336,13.460068526722743,0.020833333333333332,0,125.0,120.0,30,30,35,195,0
streaming_causal,1153041493,1.0,1.8,0.0,0.46671567648536527,0.2531785389359382,0.1291186917559418,0.05524632048264713,0.13219465472292546,0.0017705402378450656,28.333333333333336,12.798445090338127,0.020833333333333332,0,125.0,120.0,30,30,35,195,644
future_state_conditioned,1153041493,1.0,1.8,0.0,0.4612533324287173,0.24314609474461013,0.12081172094112605,0.23714791429149765,0.7803398977907151,0.003153175267604411,125.0,13.584726612061008,0.020833333333333332,0,125.0,120.0,30,30,180,180,0
isolated_n_step,1594261779,1.0,1.8,0.0,0.4661822546166554,0.2290038358572323,0.18562692661673832,0.30604061682683564,0.864000275326375,0.15365193427468676,125.0,14.075537520409505,0.020833333333333332,0,125.0,120.0,30,30,180,180,0
few_step_distilled,1594261779,1.0,1.8,0.0,0.45276992856041515,0.225821568020099,0.1853348274764349,0.3600677891987624,0.7352186293939049,0.060806014906164774,50.0,13.668530320472273,0.008333333333333333,0,50.0,40.0,30,30,60,60,0
streaming_no_causal,1594261779,1.0,1.8,0.0,0.46316124703032907,0.2834724168241808,0.3466308992461977,0.29937778018269173,0.6875125482620031,0.031967488949790915,28.333333333333336,13.565897791604971,0.020833333333333332,0,125.0,120.0,30,30,35,195,0
streaming_causal,1594261779,1.0,1.8,0.0,0.49814185562170726,0.25973353318457537,0.1890779947974708,0.06476469131849624,0.17074365951608075,0.0019714108835050823,28.333333333333336,12.732297111013922,0.020833333333333332,0,125.0,120.0,30,30,35,195,644
future_state_conditioned,1594261779,1.0,1.8,0.0,0.48952158862861633,0.23249064338653877,0.17232078802945652,0.23984111799672833,0.9024103484250312,0.003034842239427738,125.0,13.658275040991724,0.020833333333333332,0,125.0,120.0,30,30,180,180,0
isolated_n_step,2335772391,1.0,1.8,0.0,0.45824035858988077,0.2092531049993242,0.17917795407972925,0.31851937020672577,1.0017449975076098,0.12735602474625735,125.0,14.340448183969134,0.020833333333333332,0,125.0,120.0,30,30,180,180,0
few_step_distilled,2335772391,1.0,1.8,0.0,0.446931864169382,0.20384515800483544,0.1603252681213482,0.3850537121580273,0.9793525558485272,0.04993711347663895,50.0,14.057335714103209,0.008333333333333333,0,50.0,40.0,30,30,60,60,0
streaming_no_causal,2335772391,1.0,1.8,0.0,0.45485864227320244,0.27482307264108014,0.365758519010991,0.34394745140660166,0.6131380624429822,0.02711320088142987,28.333333333333336,13.832267526864795,0.020833333333333332,0,125.0,120.0,30,30,35,195,0
streaming_causal,2335772391,1.0,1.8,0.0,0.4750911499199741,0.2438148857667808,0.1813014512365501,0.06233139659084104,0.15655559651516804,0.002038185940652602,28.333333333333336,12.848512746534748,0.020833333333333332,0,125.0,120.0,30,30,35,195,644
future_state_conditioned,2335772391,1.0,1.8,0.0,0.4678200464224053,0.21943160174651408,0.15928046675458235,0.26378022510224247,0.7376002042603129,0.0029968367409022824,125.0,13.969351363756736,0.020833333333333332,0,125.0,120.0,30,30,180,180,0
isolated_n_step,55314247,1.0,1.8,0.0,0.49677240693006225,0.23069448953705862,0.12196598871068057,0.3182508213731338,1.005758322582461,0.13725428091467445,125.0,14.210727759431052,0.020833333333333332,0,125.0,120.0,30,30,180,180,0
few_step_distilled,55314247,1.0,1.8,0.0,0.4871416221263141,0.24844889548024787,0.14744464305673696,0.32273622141022557,0.6949434957966305,0.05379277334231244,50.0,13.431343136495576,0.008333333333333333,0,50.0,40.0,30,30,60,60,0
streaming_no_causal,55314247,1.0,1.8,0.0,0.49715352002744423,0.22198396156432376,0.3086809569995812,0.3861857968559191,0.777650160602968,0.02986130048894771,28.333333333333336,14.183301322820077,0.020833333333333332,0,125.0,120.0,30,30,35,195,0
streaming_causal,55314247,1.0,1.8,0.0,0.5222554575014589,0.25796871069027966,0.07949486596781019,0.05965063299389061,0.18597968053288547,0.002173146266141958,28.333333333333336,12.833724624881972,0.020833333333333332,0,125.0,120.0,30,30,35,195,644
future_state_conditioned,55314247,1.0,1.8,0.0,0.513514143861242,0.25032642145593736,0.0881501771189768,0.24871623598223247,0.7983013743394658,0.00322131269007399,125.0,13.721019620190011,0.020833333333333332,0,125.0,120.0,30,30,180,180,0
isolated_n_step,83162660,1.0,1.8,0.0,0.467363468125966,0.23558297473987497,0.08973749835428337,0.31343487641783535,1.141554588733582,0.13730375341107823,125.0,14.321851790533193,0.020833333333333332,0,125.0,120.0,30,30,180,180,0
few_step_distilled,83162660,1.0,1.8,0.0,0.45158257912599586,0.23925464769043642,0.10335394388038505,0.39976332897845057,1.016468095390277,0.054142826139448624,50.0,14.070354624462986,0.008333333333333333,0,50.0,40.0,30,30,60,60,0
streaming_no_causal,83162660,1.0,1.8,1.0,0.47633076450676665,0.14502042326045095,0.09375978086301366,0.3149276926405263,0.7904806197986094,0.028651399173207383,28.333333333333336,13.813727307822761,0.020833333333333332,0,125.0,120.0,30,30,35,195,0
streaming_causal,83162660,1.0,1.8,0.0,0.5024468263114362,0.24613925883711124,0.18149175774027626,0.06435031563533762,0.17993393101910365,0.0020826229879572947,28.333333333333336,12.777540688931305,0.020833333333333332,0,125.0,120.0,30,30,35,195,644
future_state_conditioned,83162660,1.0,1.8,0.0,0.4907064161461924,0.22801571600812282,0.14656807482238832,0.2612153054013518,0.8689655101628274,0.003242290241196668,125.0,13.926984538359617,0.020833333333333332,0,125.0,120.0,30,30,180,180,0
isolated_n_step,953054455,1.0,1.8,0.0,0.4632337248748566,0.20005987372263664,0.06638396546390675,0.31371673962901586,0.8599915944126384,0.11627613530531576,125.0,14.29761955872443,0.020833333333333332,0,125.0,120.0,30,30,180,180,0
few_step_distilled,953054455,1.0,1.8,0.0,0.44803096742438225,0.20608022359926903,0.06639222250238574,0.40533672684783084,0.8759342568174274,0.044592258932158554,50.0,13.189304497039888,0.008333333333333333,0,50.0,40.0,30,30,60,60,0
streaming_no_causal,953054455,1.0,1.8,0.0,0.4630122670752522,0.20250314039787748,0.14293173427139494,0.3551555170484719,0.7283003588125886,0.024964206021035898,28.333333333333336,13.997312363347145,0.020833333333333332,0,125.0,120.0,30,30,35,195,0
streaming_causal,953054455,1.0,1.8,0.0,0.4743421160599968,0.23779548452302968,0.12477983328944695,0.05295212767328205,0.15523274343599835,0.0019723740185067164,28.333333333333336,12.827076054413917,0.020833333333333332,0,125.0,120.0,30,30,35,195,644
future_state_conditioned,953054455,1.0,1.8,0.0,0.4689282358304796,0.21605474168567668,0.09781511928004975,0.20979379370564283,0.8379309701458169,0.003114888338067188,125.0,13.58347606989013,0.020833333333333332,0,125.0,120.0,30,30,180,180,0
isolated_n_step,1168759708,1.0,1.8,1.0,0.4749404775079146,0.19057250399083825,0.08975487373174058,0.30077402193566344,0.882510969360309,0.128714006161196,125.0,14.151947110639133,0.020833333333333332,0,125.0,120.0,30,30,180,180,0
few_step_distilled,1168759708,1.0,1.8,0.0,0.4623893726212072,0.20481970801164823,0.12591799783891405,0.40626361508116443,0.7272436820644063,0.05025344072867507,50.0,13.927280576088757,0.008333333333333333,0,50.0,40.0,30,30,60,60,0
streaming_no_causal,1168759708,1.0,1.8,1.0,0.4712191060126488,0.1803767821049312,0.12866801844631545,0.30334160053533776,0.667870396333728,0.02763414637994204,28.333333333333336,13.693483099278785,0.020833333333333332,0,125.0,120.0,30,30,35,195,0
streaming_causal,1168759708,1.0,1.8,0.0,0.49412465034608233,0.21486994089362918,0.1460769448484041,0.05650010093152942,0.15862128876368412,0.002119014786764574,28.333333333333336,12.757310175291169,0.020833333333333332,0,125.0,120.0,30,30,35,195,644
future_state_conditioned,1168759708,1.0,1.8,0.0,0.4894853963937599,0.20155581875655162,0.12805733438700256,0.21797144507132557,0.7411412818008029,0.0033838991620854775,125.0,13.65878510376989,0.020833333333333332,0,125.0,120.0,30,30,180,180,0
isolated_n_step,3172579027,1.0,1.8,0.0,0.4606790946501051,0.22544436655477593,0.23018009785863533,0.31456550707499237,0.9787768805930174,0.1320244275990861,125.0,14.234145739708943,0.020833333333333332,0,125.0,120.0,30,30,180,180,0
few_step_distilled,3172579027,1.0,1.8,0.0,0.44856055977966286,0.22291806034843129,0.21842455845756914,0.3467743612447382,0.6956194245359156,0.052082010036500447,50.0,12.835583648451323,0.008333333333333333,0,50.0,40.0,30,30,60,60,0
streaming_no_causal,3172579027,1.0,1.8,0.0,0.46169855408961724,0.2565996557170541,0.3374759928367597,0.3066895593695947,0.6618519187074742,0.027734946981234247,28.333333333333336,13.622097980881557,0.020833333333333332,0,125.0,120.0,30,30,35,195,0
streaming_causal,3172579027,1.0,1.8,0.0,0.48696099993494973,0.2560336496952644,0.2280474538511574,0.06402201499628901,0.19918139805358484,0.0018032442535590991,28.333333333333336,12.775211052338394,0.020833333333333332,0,125.0,120.0,30,30,35,195,644
future_state_conditioned,3172579027,1.0,1.8,0.0,0.4810424135447591,0.24170664466737354,0.21119446298503858,0.25834439480803034,0.9459844202954383,0.0032282046891270303,125.0,13.856267123431918,0.020833333333333332,0,125.0,120.0,30,30,180,180,0
isolated_n_step,982750837,1.0,1.8,0.0,0.4623605802457606,0.2221676124736552,0.15023795513547614,0.3436500235604495,0.9285703155350157,0.11750789518829134,125.0,14.463624962569597,0.020833333333333332,0,125.0,120.0,30,30,180,180,0
few_step_distilled,982750837,1.0,1.8,0.0,0.4498932664944572,0.20748067273965146,0.13186924586356855,0.36622525059774,0.7225023940467569,0.045150190535555385,50.0,13.244277591578864,0.008333333333333333,0,50.0,40.0,30,30,60,60,0
streaming_no_causal,982750837,1.0,1.8,0.0,0.4602027234824833,0.27953192156935724,0.19604916089457258,0.40024035007947156,0.741716191397102,0.025212688838635665,28.333333333333336,14.360689860190647,0.020833333333333332,0,125.0,120.0,30,30,35,195,0
streaming_causal,982750837,1.0,1.8,0.0,0.478926677569901,0.22663061468219542,0.20111173247591152,0.07404769480720602,0.2243354393780459,0.0023002534399074463,28.333333333333336,12.907395835153796,0.020833333333333332,0,125.0,120.0,30,30,35,195,644
future_state_conditioned,982750837,1.0,1.8,0.0,0.46769267637588025,0.20311309190804333,0.1499408248743008,0.24235163756240236,0.7264409220611985,0.0031853570799121734,125.0,13.76130544219288,0.020833333333333332,0,125.0,120.0,30,30,180,180,0
isolated_n_step,2950857491,1.0,1.8,0.0,0.48027023234916383,0.21680488321580832,0.20078739888494693,0.2919360511596814,0.8771636329017495,0.11244628001691756,125.0,13.963088773101,0.020833333333333332,0,125.0,120.0,30,30,180,180,0
few_step_distilled,2950857491,1.0,1.8,0.0,0.46213114151478313,0.2168432455338275,0.21751397714236526,0.35790361650633534,0.649493763298174,0.04396776857035448,50.0,13.65643868674274,0.008333333333333333,0,50.0,40.0,30,30,60,60,0
streaming_no_causal,2950857491,1.0,1.8,1.0,0.4952403657475475,0.19416120420346872,0.2210820855302498,0.31740570996108386,0.731243465336654,0.0247365775076022,28.333333333333336,13.73267083707231,0.020833333333333332,0,125.0,120.0,30,30,35,195,0
streaming_causal,2950857491,1.0,1.8,0.0,0.5120654048272844,0.24874114301054118,0.2617437725923604,0.05738406705889107,0.19029430055474061,0.0020868498023543856,28.333333333333336,12.744762518619497,0.020833333333333332,0,125.0,120.0,30,30,35,195,644
future_state_conditioned,2950857491,1.0,1.8,0.0,0.5027005281497656,0.22690116048685519,0.22076902903608658,0.23292278738648717,0.8201100573296393,0.003109681814453365,125.0,13.645470343744794,0.020833333333333332,0,125.0,120.0,30,30,180,180,0
isolated_n_step,2364271108,1.0,1.8,1.0,0.4527344643880147,0.16905475195933622,0.09828399228014725,0.3090148358553405,0.9450872877702019,0.11903165400242695,125.0,14.244954412116888,0.020833333333333332,0,125.0,120.0,30,30,180,180,0
few_step_distilled,2364271108,1.0,1.8,1.0,0.43411376715054917,0.15714082895641615,0.05635082916755096,0.3804059912348061,0.8363180905325096,0.04601127618892022,50.0,13.747208878543802,0.008333333333333333,0,50.0,40.0,30,30,60,60,0
streaming_no_causal,2364271108,1.0,1.8,0.0,0.4648513334035241,0.24608374321023915,0.21354700108556202,0.3365865270255282,0.7241868020604617,0.025104071040521245,28.333333333333336,13.93137839073689,0.020833333333333332,0,125.0,120.0,30,30,35,195,0
streaming_causal,2364271108,1.0,1.8,1.0,0.46099642819625364,0.17800213422435535,0.09162032037830578,0.05498764403681807,0.17284566889137826,0.0017612656784411359,28.333333333333336,12.820704704721535,0.020833333333333332,0,125.0,120.0,30,30,35,195,644
future_state_conditioned,2364271108,1.0,1.8,1.0,0.4571365075887474,0.16899945923524412,0.07892716957678406,0.21290579683326755,0.8074596064814175,0.0031900860594926365,125.0,13.603184599080155,0.020833333333333332,0,125.0,120.0,30,30,180,180,0
isolated_n_step,816946588,1.0,1.8,1.0,0.46048781120092486,0.13454595662561694,0.03615893483014976,0.2804174072113443,1.0603973454467401,0.14531883993426586,125.0,13.994426562652766,0.020833333333333332,0,125.0,120.0,30,30,180,180,0
few_step_distilled,816946588,1.0,1.8,1.0,0.44159397069275386,0.12766335857231972,0.02835874783683315,0.37962175385926494,0.979439821563731,0.05762907998429788,50.0,13.723258035550629,0.008333333333333333,0,50.0,40.0,30,30,60,60,0
streaming_no_causal,816946588,1.0,1.8,1.0,0.4688702177916654,0.19547532026353726,0.09393536617486979,0.26747126173146807,0.5922503835120867,0.029622823410262258,28.333333333333336,13.393169581922065,0.020833333333333332,0,125.0,120.0,30,30,35,195,0
streaming_causal,816946588,1.0,1.8,1.0,0.49480622619510806,0.12346053921081414,0.07200579495746695,0.055206897013937974,0.12448976708409074,0.0019430164789598935,28.333333333333336,12.67926576267357,0.020833333333333332,0,125.0,120.0,30,30,35,195,644
future_state_conditioned,816946588,1.0,1.8,1.0,0.48784717083719403,0.11005949464283517,0.022344115160834906,0.23016980084251534,0.8590258013572303,0.002553092671089407,125.0,13.741455656974201,0.020833333333333332,0,125.0,120.0,30,30,180,180,0
isolated_n_step,2034341306,1.0,1.8,0.0,0.4619410581737907,0.21608417929016627,0.16176681282333952,0.2981487795832348,1.097752354807516,0.1023922455925286,125.0,14.26907911062195,0.020833333333333332,0,125.0,120.0,30,30,180,180,0
few_step_distilled,2034341306,1.0,1.8,0.0,0.44911146611875874,0.21278065031032634,0.1779925575795164,0.33927240126364633,1.0079432031138724,0.040252368189289664,50.0,13.482076006291368,0.008333333333333333,0,50.0,40.0,30,30,60,60,0
streaming_no_causal,2034341306,1.0,1.8,0.0,0.4667143296114365,0.2131695975530365,0.04875564959130911,0.3432204480494367,0.6262790994200123,0.022348510987946466,28.333333333333336,13.80307991160672,0.020833333333333332,0,125.0,120.0,30,30,35,195,0
streaming_causal,2034341306,1.0,1.8,0.0,0.4871373880655484,0.2240319465913429,0.2319910184614397,0.059090350926169266,0.1833778845863977,0.0019551818894104843,28.333333333333336,12.782373206383511,0.020833333333333332,0,125.0,120.0,30,30,35,195,644
future_state_conditioned,2034341306,1.0,1.8,0.0,0.47920665249565947,0.21044453265544102,0.20176649004771444,0.21363410341613862,0.994986887472357,0.0025240686758157996,125.0,13.805965068115645,0.020833333333333332,0,125.0,120.0,30,30,180,180,0
isolated_n_step,1265201531,1.0,1.8,0.0,0.45853030615132717,0.24893727288808215,0.13839744916597424,0.31086483420763494,1.1375744886149433,0.15443841289790264,125.0,14.34360209385766,0.020833333333333332,0,125.0,120.0,30,30,180,180,0
few_step_distilled,1265201531,1.0,1.8,0.0,0.4419001930674284,0.24334159725822405,0.13345716132085453,0.37665696665208814,0.9063269193790507,0.06105631095056652,50.0,13.556625069380088,0.008333333333333333,0,50.0,40.0,30,30,60,60,0
streaming_no_causal,1265201531,1.0,1.8,0.0,0.4418529643988928,0.2460928865813734,0.23037570672348448,0.2424632032525694,0.598688753229723,0.03169869957882529,28.333333333333336,13.409020186301449,0.020833333333333332,0,125.0,120.0,30,30,35,195,0
streaming_causal,1265201531,1.0,1.8,0.0,0.48696232910520126,0.26246068337170886,0.15831292994582272,0.06684627528801998,0.17655426956654546,0.0023026548077078597,28.333333333333336,12.750505088834682,0.020833333333333332,0,125.0,120.0,30,30,35,195,644
future_state_conditioned,1265201531,1.0,1.8,0.0,0.4804042365314119,0.2485066771700429,0.15624513086592304,0.26729157741627535,1.0710433434677626,0.0031010271259534223,125.0,14.039971563029052,0.020833333333333332,0,125.0,120.0,30,30,180,180,0
isolated_n_step,867607869,1.0,1.8,0.0,0.48255994089217596,0.23051482952884658,0.17870007515388875,0.32067550049505184,0.9355809255229444,0.11552359406797445,125.0,14.230146980345936,0.020833333333333332,0,125.0,120.0,30,30,180,180,0
few_step_distilled,867607869,1.0,1.8,0.0,0.4650175830487074,0.23305315284168845,0.21416972713204246,0.3532474011656562,0.6703989103966662,0.04456923482063721,50.0,13.211733351864034,0.008333333333333333,0,50.0,40.0,30,30,60,60,0
streaming_no_causal,867607869,1.0,1.8,1.0,0.4799191035456899,0.17466193827896986,0.13051648758436604,0.3429942008021928,0.6803465676272967,0.02530477286723587,28.333333333333336,13.910476662959276,0.020833333333333332,0,125.0,120.0,30,30,35,195,0
streaming_causal,867607869,1.0,1.8,0.0,0.5031883524617659,0.23675582852527352,0.22776451501837022,0.05274669271511852,0.18389246939114404,0.002091360740453554,28.333333333333336,12.799811693114027,0.020833333333333332,0,125.0,120.0,30,30,35,195,644
future_state_conditioned,867607869,1.0,1.8,0.0,0.49579155422792004,0.23098269187075204,0.21285764280382444,0.22177426517273896,0.6831686177771307,0.003867420270356983,125.0,13.544282956426098,0.020833333333333332,0,125.0,120.0,30,30,180,180,0
isolated_n_step,1605099539,1.0,1.8,0.0,0.43929853863441104,0.21801322941770673,0.12842875388110317,0.2885611156359725,1.0332058203125392,0.10435648906949654,125.0,14.212273703750967,0.020833333333333332,0,125.0,120.0,30,30,180,180,0
few_step_distilled,1605099539,1.0,1.8,0.0,0.424769683940745,0.228592445949483,0.13412155167484785,0.3772849670216852,0.7902539764313934,0.0410961815775616,50.0,14.13045508265675,0.008333333333333333,0,50.0,40.0,30,30,60,60,0
streaming_no_causal,1605099539,1.0,1.8,0.0,0.4576516761671363,0.2949221552103414,0.25029003051742055,0.3217065543392352,0.6928685225598443,0.022639818655057303,28.333333333333336,13.92845195094348,0.020833333333333332,0,125.0,120.0,30,30,35,195,0
streaming_causal,1605099539,1.0,1.8,0.0,0.44731123265976447,0.21111057416854806,0.1235650861676778,0.05260601233291102,0.14897962387833236,0.0014424108826217403,28.333333333333336,12.862244010116667,0.020833333333333332,0,125.0,120.0,30,30,35,195,644
future_state_conditioned,1605099539,1.0,1.8,1.0,0.44312405852552034,0.18860358560030666,0.10308954004390644,0.22040618786586788,0.7607651088383057,0.002525909922383414,125.0,13.761840419926916,0.020833333333333332,0,125.0,120.0,30,30,180,180,0
isolated_n_step,2634178569,1.0,1.8,0.0,0.4552155791464312,0.26402018224643786,0.20455008164706504,0.34544671534446253,0.9812944609350422,0.13029250888001945,125.0,14.515009945701866,0.020833333333333332,0,125.0,120.0,30,30,180,180,0
few_step_distilled,2634178569,1.0,1.8,0.0,0.4390822188738877,0.267990304631847,0.17285759775327286,0.378369545666533,0.8428231095394646,0.05072186533331202,50.0,13.569560893566257,0.008333333333333333,0,50.0,40.0,30,30,60,60,0
streaming_no_causal,2634178569,1.0,1.8,0.0,0.4444639665871312,0.2718452568903094,0.3671632554237604,0.3587216627486802,0.6921534409758319,0.027044051632653332,28.333333333333336,14.034108588928637,0.020833333333333332,0,125.0,120.0,30,30,35,195,0
streaming_causal,2634178569,1.0,1.8,0.0,0.4675704360569162,0.2945843426492533,0.16643045831919684,0.07218907932347667,0.21278550761907855,0.002280832960057003,28.333333333333336,12.935787006445766,0.020833333333333332,0,125.0,120.0,30,30,35,195,644
future_state_conditioned,2634178569,1.0,1.8,0.0,0.46436565781038963,0.27297783630184724,0.12985460433404292,0.255969410570936,0.9199668565486265,0.003237339894546475,125.0,14.06194489266657,0.020833333333333332,0,125.0,120.0,30,30,180,180,0
isolated_n_step,4129160066,1.0,1.8,0.0,0.48441459199606207,0.21306329264578136,0.16340087072301343,0.35718385440764905,1.2928611071019906,0.12956613058872246,125.0,14.78147772509937,0.020833333333333332,0,125.0,120.0,30,30,180,180,0
few_step_distilled,4129160066,1.0,1.8,0.0,0.4738433461593332,0.21451686364996156,0.12293775839841904,0.38770843017420553,0.960978419117315,0.04934984459484507,50.0,13.485125885349818,0.008333333333333333,0,50.0,40.0,30,30,60,60,0
streaming_no_causal,4129160066,1.0,1.8,0.0,0.4733741427313279,0.2205591603517019,0.38921919751287876,0.4039897244490658,0.6516492430082319,0.028087000833663795,28.333333333333336,14.195382857881603,0.020833333333333332,0,125.0,120.0,30,30,35,195,0
streaming_causal,4129160066,1.0,1.8,0.0,0.5097316913617262,0.2815987389251412,0.15146403820433293,0.06945060096198014,0.19595462375103567,0.002431813664881608,28.333333333333336,12.872116414046634,0.020833333333333332,0,125.0,120.0,30,30,35,195,644
future_state_conditioned,4129160066,1.0,1.8,0.0,0.4980492819785449,0.2490726170622315,0.13556840853952137,0.2620698185279075,1.1953971848280545,0.0039106213024442844,125.0,14.373537025955798,0.020833333333333332,0,125.0,120.0,30,30,180,180,0
isolated_n_step,1209056947,1.0,1.8,1.0,0.4927539734915228,0.17606641537491105,0.2386812184664146,0.282207216208224,0.993535221062734,0.14633421732244548,125.0,14.036882391780573,0.020833333333333332,0,125.0,120.0,30,30,180,180,0
few_step_distilled,1209056947,1.0,1.8,1.0,0.4785374432343033,0.17667021617894038,0.2507643127459454,0.3643813497502233,0.7921247496471635,0.058423978687892744,50.0,13.888724337049233,0.008333333333333333,0,50.0,40.0,30,30,60,60,0
streaming_no_causal,1209056947,1.0,1.8,0.0,0.5072175472922941,0.2846272945587097,0.3181492994419195,0.3486941525176283,0.6802136702438137,0.030511970530906502,28.333333333333336,13.840625018269964,0.020833333333333332,0,125.0,120.0,30,30,35,195,0
streaming_causal,1209056947,1.0,1.8,1.0,0.5311438134568558,0.192449081485002,0.25689551593485205,0.0601012666176046,0.1357790985705087,0.0021040221668106127,28.333333333333336,12.760309250153131,0.020833333333333332,0,125.0,120.0,30,30,35,195,644
future_state_conditioned,1209056947,1.0,1.8,1.0,0.5159726602452329,0.1731835877578983,0.2165834222089518,0.22926763833867636,0.7696356518692345,0.0028264756736059156,125.0,13.75979573172371,0.020833333333333332,0,125.0,120.0,30,30,180,180,0
isolated_n_step,1732655338,1.0,1.8,0.0,0.44834173417583956,0.20349522810384102,0.19483934001972236,0.2676818778997621,0.615330323764714,0.12140312887794429,125.0,13.87656533295897,0.020833333333333332,0,125.0,120.0,30,30,180,180,0
few_step_distilled,1732655338,1.0,1.8,1.0,0.4348572409303604,0.19996435004907895,0.18542893054989631,0.34530054053439224,0.6944331884727136,0.047633815067622653,50.0,13.772482734136995,0.008333333333333333,0,50.0,40.0,30,30,60,60,0
streaming_no_causal,1732655338,1.0,1.8,0.0,0.4524157950252613,0.2731890621329966,0.2506406109477218,0.30147704216282917,0.5572010560649584,0.02532030751009593,28.333333333333336,13.61613643268952,0.020833333333333332,0,125.0,120.0,30,30,35,195,0
streaming_causal,1732655338,1.0,1.8,0.0,0.46047222720267855,0.2194630858535298,0.22232844226156284,0.0503212691564059,0.13507559150317341,0.0016536455929103584,28.333333333333336,12.773556522805915,0.020833333333333332,0,125.0,120.0,30,30,35,195,644
future_state_conditioned,1732655338,1.0,1.8,0.0,0.45699563387932607,0.20475808451818034,0.1983931710810509,0.21497378485556579,0.5261254566905746,0.0031328097155133433,125.0,13.369921620253628,0.020833333333333332,0,125.0,120.0,30,30,180,180,0
isolated_n_step,2888440996,1.0,1.8,1.0,0.49079738773978154,0.19031249589005486,0.07405780886044863,0.3293727546578694,1.0638850515586482,0.11880333805978469,125.0,14.33836745999466,0.020833333333333332,0,125.0,120.0,30,30,180,180,0
few_step_distilled,2888440996,1.0,1.8,1.0,0.47262105248057407,0.17072778903583408,0.10786183887347649,0.34843165827523076,0.8765781257875598,0.04629013261298498,50.0,12.972071547313986,0.008333333333333333,0,50.0,40.0,30,30,60,60,0
streaming_no_causal,2888440996,1.0,1.8,0.0,0.5147583262565915,0.3011682898430878,0.05702434934907019,0.400836246975547,0.8252407652067287,0.026253823230426392,28.333333333333336,14.222137059372026,0.020833333333333332,0,125.0,120.0,30,30,35,195,0
streaming_causal,2888440996,1.0,1.8,1.0,0.5127883356789371,0.1910294556734519,0.0693816146570848,0.05727754088405949,0.2073560452384678,0.001879607231676964,28.333333333333336,12.77389507912621,0.020833333333333332,0,125.0,120.0,30,30,35,195,644
future_state_conditioned,2888440996,1.0,1.8,1.0,0.5056482874233104,0.18081323694409518,0.08943718819547491,0.2529506243254151,1.0199741450390145,0.00360505709814726,125.0,13.867117949513547,0.020833333333333332,0,125.0,120.0,30,30,180,180,0
isolated_n_step,2853632304,1.0,1.8,1.0,0.46002341757848736,0.13547010801136683,0.043460036492486046,0.304991998872946,0.9942123641633198,0.1374075284031647,125.0,14.145831317560642,0.020833333333333332,0,125.0,120.0,30,30,180,180,0
few_step_distilled,2853632304,1.0,1.8,1.0,0.4477051827030323,0.12635243042622873,0.04733244778442208,0.3378903645985003,0.6969493641099817,0.05477621461382269,50.0,13.155475286372964,0.008333333333333333,0,50.0,40.0,30,30,60,60,0
streaming_no_causal,2853632304,1.0,1.8,0.0,0.47408946605091135,0.2108420976223756,0.17918768529458418,0.3205227915479044,0.7624317757722101,0.028964956450896577,28.333333333333336,13.754330129869459,0.020833333333333332,0,125.0,120.0,30,30,35,195,0
streaming_causal,2853632304,1.0,1.8,1.0,0.49198639986327364,0.15153089258038238,0.040444830816083244,0.06376137402333883,0.22363764079879575,0.0020092857100109923,28.333333333333336,12.75862172817541,0.020833333333333332,0,125.0,120.0,30,30,35,195,644
future_state_conditioned,2853632304,1.0,1.8,1.0,0.48488355318213316,0.14940646254047385,0.035396602934232226,0.26315757136869944,0.8818044011775081,0.0030143202143885057,125.0,13.7679691907564,0.020833333333333332,0,125.0,120.0,30,30,180,180,0
isolated_n_step,580087247,1.0,1.8,1.0,0.46771381668209977,0.15913365280168734,0.11110642190477664,0.31639079176876383,0.8481187102999382,0.14196096323398838,125.0,14.174526655182508,0.020833333333333332,0,125.0,120.0,30,30,180,180,0
few_step_distilled,580087247,1.0,1.8,1.0,0.4576231717231228,0.15526903000456696,0.10951429750659959,0.3280663189973067,0.6808737695592585,0.05572116625305849,50.0,12.5805023488387,0.008333333333333333,0,50.0,40.0,30,30,60,60,0
streaming_no_causal,580087247,1.0,1.8,0.0,0.4842644083013714,0.2789974920938306,0.26433241926357176,0.37902871222688206,0.6996528915075213,0.029885124196957755,28.333333333333336,13.996167287541354,0.020833333333333332,0,125.0,120.0,30,30,35,195,0
streaming_causal,580087247,1.0,1.8,1.0,0.4801372247244253,0.16233222587580445,0.1000624859925986,0.06524956891160866,0.19658109133223506,0.0019989417639918743,28.333333333333336,12.827657712730876,0.020833333333333332,0,125.0,120.0,30,30,35,195,644
future_state_conditioned,580087247,1.0,1.8,1.0,0.4760010153854052,0.15548662922217305,0.07512233371283641,0.2438527843872061,0.7955688307470969,0.0029744845864071584,125.0,13.715753079017308,0.020833333333333332,0,125.0,120.0,30,30,180,180,0
isolated_n_step,1478494335,1.0,1.8,1.0,0.4726566662563002,0.09709493834733057,0.09739349947436497,0.3097872154395091,1.092434716715346,0.13105043912148906,125.0,14.25939143693909,0.020833333333333332,0,125.0,120.0,30,30,180,180,0
few_step_distilled,1478494335,1.0,1.8,1.0,0.4561938279246774,0.10536880065246641,0.1060694158611402,0.39024020143488786,0.7772244957019526,0.05204254155996677,50.0,13.960394117168727,0.008333333333333333,0,50.0,40.0,30,30,60,60,0
streaming_no_causal,1478494335,1.0,1.8,0.0,0.4865936983935369,0.20094265845183332,0.08249697271837635,0.3590124571644814,0.7062630864511272,0.027514410075584285,28.333333333333336,13.812579299993356,0.020833333333333332,0,125.0,120.0,30,30,35,195,0
streaming_causal,1478494335,1.0,1.8,1.0,0.5070899570465676,0.1166205652096475,0.13426568160433985,0.066078374510575,0.20065040673932924,0.002197684001238234,28.333333333333336,12.718147072841035,0.020833333333333332,0,125.0,120.0,30,30,35,195,644
future_state_conditioned,1478494335,1.0,1.8,1.0,0.49468693212763415,0.10844063591772209,0.0942751716343219,0.24428168198807707,0.9656506744273091,0.0033500365275825695,125.0,13.95671797537221,0.020833333333333332,0,125.0,120.0,30,30,180,180,0
isolated_n_step,931135538,1.0,1.8,0.0,0.4673829760204094,0.2348580407759475,0.1849516165655557,0.2696260007854829,0.7395488283162579,0.11960650696589291,125.0,13.778880583156603,0.020833333333333332,0,125.0,120.0,30,30,180,180,0
few_step_distilled,931135538,1.0,1.8,0.0,0.45538999449307205,0.23684142795611238,0.21109392226624962,0.32608551052772244,0.6666877880728382,0.047050037190880675,50.0,12.95603112990392,0.008333333333333333,0,50.0,40.0,30,30,60,60,0
streaming_no_causal,931135538,1.0,1.8,0.0,0.47158204568459056,0.2054481381075255,0.08756311998208734,0.279731004377911,0.6479463815017209,0.024406031244366085,28.333333333333336,13.516139874271285,0.020833333333333332,0,125.0,120.0,30,30,35,195,0
streaming_causal,931135538,1.0,1.8,0.0,0.49305663841313646,0.2381070020751756,0.2548819802803776,0.05629956527115145,0.1405088505626508,0.001708638962502764,28.333333333333336,12.733627757451298,0.020833333333333332,0,125.0,120.0,30,30,35,195,644
future_state_conditioned,931135538,1.0,1.8,0.0,0.48735289552626926,0.22004416240106706,0.22201822249686265,0.21848103862405083,0.6601536987146136,0.0036260821561947183,125.0,13.4559245901759,0.020833333333333332,0,125.0,120.0,30,30,180,180,0
isolated_n_step,384359186,1.0,1.8,1.0,0.46192578780286514,0.09806307561381727,0.07427315477636276,0.2831451833148087,0.8605178618635226,0.12598766806665898,125.0,13.846117283245436,0.020833333333333332,0,125.0,120.0,30,30,180,180,0
few_step_distilled,384359186,1.0,1.8,1.0,0.44591580861302804,0.0772077673388693,0.09005219286620478,0.33883099609664,0.6981657397578522,0.0500410644182092,50.0,13.110345361703027,0.008333333333333333,0,50.0,40.0,30,30,60,60,0
streaming_no_causal,384359186,1.0,1.8,0.0,0.4786865587597345,0.2121757721176342,0.04955948764122511,0.33957566877261275,0.6888258590852138,0.026580587783803518,28.333333333333336,13.750600344056263,0.020833333333333332,0,125.0,120.0,30,30,35,195,0
streaming_causal,384359186,1.0,1.8,1.0,0.48945810788049626,0.10159800466206498,0.10995836528916818,0.05949814402270869,0.16021022318861436,0.0017077170277546255,28.333333333333336,12.759165641873958,0.020833333333333332,0,125.0,120.0,30,30,35,195,644
future_state_conditioned,384359186,1.0,1.8,1.0,0.4838097846291958,0.08819217053476905,0.08384482819574976,0.23074335822619377,0.6907670116416494,0.002753336787753821,125.0,13.486298330448061,0.020833333333333332,0,125.0,120.0,30,30,180,180,0
isolated_n_step,2765901055,1.0,1.8,0.0,0.47746658394439573,0.23481264038956634,0.0517261799735863,0.3022217660865606,0.7557159746182,0.1273360672497017,125.0,14.110058314140574,0.020833333333333332,0,125.0,120.0,30,30,180,180,0
few_step_distilled,2765901055,1.0,1.8,0.0,0.4677308144725212,0.2568539249407111,0.04373948995653958,0.36382549889856,0.7210174600024303,0.049513656151066496,50.0,13.463322535169498,0.008333333333333333,0,50.0,40.0,30,30,60,60,0
streaming_no_causal,2765901055,1.0,1.8,0.0,0.4786397241463956,0.2718003969835497,0.30711341354854693,0.3443140322360143,0.6953692258079794,0.027547373430639413,28.333333333333336,13.931903685974726,0.020833333333333332,0,125.0,120.0,30,30,35,195,0
streaming_causal,2765901055,1.0,1.8,0.0,0.49518194345164956,0.2937916265041731,0.06357290280783452,0.054436658546178046,0.17099737258246794,0.0020442709288678814,28.333333333333336,12.804684990384393,0.020833333333333332,0,125.0,120.0,30,30,35,195,644
future_state_conditioned,2765901055,1.0,1.8,0.0,0.4843965063823311,0.2621110207511648,0.033567803831709236,0.21020787292719365,0.6442377890256876,0.0024391563712056266,125.0,13.498502745011626,0.020833333333333332,0,125.0,120.0,30,30,180,180,0
isolated_n_step,3241862916,1.0,1.8,0.0,0.44650744434917106,0.21509151050655348,0.10863439207074768,0.3193294767379836,1.0375865897778043,0.12098352097076849,125.0,14.396603767990728,0.020833333333333332,0,125.0,120.0,30,30,180,180,0
few_step_distilled,3241862916,1.0,1.8,0.0,0.43526665146425725,0.2133443899532346,0.06730843697976004,0.34382312303540175,0.8097922462571596,0.046739403302994885,50.0,13.350620756404535,0.008333333333333333,0,50.0,40.0,30,30,60,60,0
streaming_no_causal,3241862916,1.0,1.8,0.0,0.4526009370790919,0.29281934519740954,0.25007179760028764,0.33798076129888843,0.6738111567119185,0.025464600909273123,28.333333333333336,14.034961505170331,0.020833333333333332,0,125.0,120.0,30,30,35,195,0
streaming_causal,3241862916,1.0,1.8,0.0,0.4557057372529562,0.23702962352797058,0.07413677511715838,0.06261841779001358,0.16237265404903323,0.0017693614961495979,28.333333333333336,12.880520096741318,0.020833333333333332,0,125.0,120.0,30,30,35,195,644
future_state_conditioned,3241862916,1.0,1.8,0.0,0.4509897164991366,0.20049253027989275,0.05003011703043575,0.2191039705445995,0.8673654704296311,0.002609311064498882,125.0,13.818165478862369,0.020833333333333332,0,125.0,120.0,30,30,180,180,0
isolated_n_step,4074607285,1.0,1.8,1.0,0.4663012633686475,0.1652957010308204,0.03610194773445836,0.3483906293761485,1.2042031764979086,0.14446449817880402,125.0,14.61647952867335,0.020833333333333332,0,125.0,120.0,30,30,180,180,0
few_step_distilled,4074607285,1.0,1.8,1.0,0.4483904012732357,0.1338931938113242,0.02681470087735882,0.3505848637993456,0.9621655727118078,0.05722960532704057,50.0,13.026769351053666,0.008333333333333333,0,50.0,40.0,30,30,60,60,0
streaming_no_causal,4074607285,1.0,1.8,1.0,0.4844456750796462,0.15488259527051,0.10118502709248646,0.3168390340220655,0.7408648024819914,0.02949777750848387,28.333333333333336,13.725705512341408,0.020833333333333332,0,125.0,120.0,30,30,35,195,0
streaming_causal,4074607285,1.0,1.8,1.0,0.5034295776538669,0.13905699267717536,0.06265536972126234,0.07211706867141345,0.2181232414238739,0.002372664975272454,28.333333333333336,12.729181097176621,0.020833333333333332,0,125.0,120.0,30,30,35,195,644
future_state_conditioned,4074607285,1.0,1.8,1.0,0.49200370416754696,0.14258154282522462,0.034730005814755584,0.2803735935620091,1.3238067381176508,0.002897371785887356,125.0,14.359547481456968,0.020833333333333332,0,125.0,120.0,30,30,180,180,0
isolated_n_step,3382447642,1.0,1.8,1.0,0.48719301015643673,0.14093325871434656,0.11265649918100414,0.35189543457032496,1.0162977850584405,0.1427563578294347,125.0,14.410176412714705,0.020833333333333332,0,125.0,120.0,30,30,180,180,0
few_step_distilled,3382447642,1.0,1.8,1.0,0.47584140059620267,0.1472667331707797,0.12134560753529838,0.35773943961344723,0.6860855403062717,0.056680269675810815,50.0,13.596768687721244,0.008333333333333333,0,50.0,40.0,30,30,60,60,0
streaming_no_causal,3382447642,1.0,1.8,0.0,0.503329936535929,0.2876020827833989,0.10340669209666853,0.38847115019859946,0.821265714582833,0.02995856733449773,28.333333333333336,14.158874112458424,0.020833333333333332,0,125.0,120.0,30,30,35,195,0
streaming_causal,3382447642,1.0,1.8,1.0,0.5180282878055409,0.15390371462918054,0.09393809331310245,0.07061827484608804,0.24544452692334728,0.0023967474141194387,28.333333333333336,12.824266230998216,0.020833333333333332,0,125.0,120.0,30,30,35,195,644
future_state_conditioned,3382447642,1.0,1.8,1.0,0.5075612836829524,0.1370531133499722,0.10882946283929323,0.2681785055391532,1.0079444740637884,0.00323013543269701,125.0,13.899590624590445,0.020833333333333332,0,125.0,120.0,30,30,180,180,0
isolated_n_step,2518913893,1.0,1.8,1.0,0.47437854745418107,0.17952938953333414,0.026797404845224738,0.26069285280276633,0.8992421424993395,0.10786089968350472,125.0,13.766754676431857,0.020833333333333332,0,125.0,120.0,30,30,180,180,0
few_step_distilled,2518913893,1.0,1.8,1.0,0.46594075418534564,0.18886524800956014,0.02999613611591307,0.32573709317718696,0.6918454970479767,0.043093798630654996,50.0,12.59785144707729,0.008333333333333333,0,50.0,40.0,30,30,60,60,0
streaming_no_causal,2518913893,1.0,1.8,0.0,0.49564827702829967,0.20019461948604475,0.174132181464453,0.3243508384692994,0.6214924462358441,0.023328681373482284,28.333333333333336,13.6200133620846,0.020833333333333332,0,125.0,120.0,30,30,35,195,0
streaming_causal,2518913893,1.0,1.8,0.0,0.5094604546087843,0.2075554731169456,0.024528253304379605,0.05895761344839554,0.19082874027183894,0.0015753263776969743,28.333333333333336,12.686215352125116,0.020833333333333332,0,125.0,120.0,30,30,35,195,644
future_state_conditioned,2518913893,1.0,1.8,1.0,0.5000622902031823,0.1933531454449019,0.02556142400426833,0.23773468829130448,0.8314281053270631,0.0034513100540042364,125.0,13.592181663136406,0.020833333333333332,0,125.0,120.0,30,30,180,180,0
isolated_n_step,33885111,1.0,1.8,0.0,0.45873939917482964,0.24054339849251183,0.08915798344015619,0.2960801099013331,0.962934416248553,0.13126169864863,125.0,14.152601757368133,0.020833333333333332,0,125.0,120.0,30,30,180,180,0
few_step_distilled,33885111,1.0,1.8,0.0,0.44346153583134584,0.24609310533735315,0.08295224730475999,0.34651471284425256,0.8340225632323677,0.050839619393771136,50.0,13.691471786931478,0.008333333333333333,0,50.0,40.0,30,30,60,60,0
streaming_no_causal,33885111,1.0,1.8,0.0,0.45273760564528764,0.24975702793256457,0.3618211222554993,0.3175728904683036,0.602572475333473,0.028179855209938067,28.333333333333336,13.710200659570226,0.020833333333333332,0,125.0,120.0,30,30,35,195,0
streaming_causal,33885111,1.0,1.8,0.0,0.47558204019592526,0.29148931252932037,0.061316180555752026,0.05342905656600852,0.12321797847919191,0.0018970667980831755,28.333333333333336,12.786481275896058,0.020833333333333332,0,125.0,120.0,30,30,35,195,644
future_state_conditioned,33885111,1.0,1.8,0.0,0.46889240871861493,0.2623226370049361,0.03833808793554214,0.21963407428368853,0.6610335350929739,0.0018082828780963624,125.0,13.613038932630392,0.020833333333333332,0,125.0,120.0,30,30,180,180,0
isolated_n_step,2307811697,1.0,1.8,1.0,0.4740420672303245,0.12268702682659637,0.11670698141643107,0.24135878420273482,0.7611545665777958,0.14177193146008943,125.0,13.735197384247188,0.020833333333333332,0,125.0,120.0,30,30,180,180,0
few_step_distilled,2307811697,1.0,1.8,1.0,0.45982613104785086,0.11460689661435619,0.11416003179257213,0.3315860514334701,0.6378973039797297,0.05657686440353442,50.0,12.999014741193086,0.008333333333333333,0,50.0,40.0,30,30,60,60,0
streaming_no_causal,2307811697,1.0,1.8,1.0,0.48569474087184417,0.18398135000451332,0.1356499466374702,0.2700374072556391,0.5340780156771592,0.028746220230528516,28.333333333333336,13.457093122798305,0.020833333333333332,0,125.0,120.0,30,30,35,195,0
streaming_causal,2307811697,1.0,1.8,1.0,0.5097505892545474,0.09296652776126395,0.12180623151334588,0.054170103040023364,0.12662742670970345,0.001812413462261901,28.333333333333336,12.675045844668324,0.020833333333333332,0,125.0,120.0,30,30,35,195,644
future_state_conditioned,2307811697,1.0,1.8,1.0,0.49894251109961474,0.09954232834265689,0.10780194958017468,0.2216679938799989,0.6225857662467339,0.0033179629638874194,125.0,13.483608907791318,0.020833333333333332,0,125.0,120.0,30,30,180,180,0
isolated_n_step,398462318,1.0,1.8,1.0,0.4492294511666174,0.0766453918597728,0.11856198838024734,0.2568405554819588,0.7028524818391667,0.1425892554637759,125.0,13.842024529897541,0.020833333333333332,0,125.0,120.0,30,30,180,180,0
few_step_distilled,398462318,1.0,1.8,1.0,0.43533773227594713,0.08070707419535404,0.12644872690782671,0.3184664200905437,0.6030267838279875,0.05661759211866215,50.0,13.025871663526,0.008333333333333333,0,50.0,40.0,30,30,60,60,0
streaming_no_causal,398462318,1.0,1.8,0.0,0.45694123856382096,0.20061871808250417,0.19218539439231686,0.2332470435624924,0.4580652693671801,0.029250479972681858,28.333333333333336,13.358481318002177,0.020833333333333332,0,125.0,120.0,30,30,35,195,0
streaming_causal,398462318,1.0,1.8,1.0,0.4765553873930632,0.10349157681213185,0.07841547407903592,0.0580327454777487,0.18141310751904788,0.0020044005603006873,28.333333333333336,12.73201819491581,0.020833333333333332,0,125.0,120.0,30,30,35,195,644
future_state_conditioned,398462318,1.0,1.8,1.0,0.47055205812643325,0.0942412541551335,0.08179247823217135,0.23292182838825956,0.7201499306834364,0.003038276722449496,125.0,13.50806863091346,0.020833333333333332,0,125.0,120.0,30,30,180,180,0
isolated_n_step,2269774297,1.0,1.8,1.0,0.46413554398018275,0.15743895145834266,0.08251910644493009,0.32450162751156897,1.2701652710322997,0.13887322236104124,125.0,14.50994755346397,0.020833333333333332,0,125.0,120.0,30,30,180,180,0
few_step_distilled,2269774297,1.0,1.8,1.0,0.45310314732028206,0.14466133932499203,0.07621014113604462,0.41022229405928995,0.8107432304611333,0.05480124399791252,50.0,14.20182793368615,0.008333333333333333,0,50.0,40.0,30,30,60,60,0
streaming_no_causal,2269774297,1.0,1.8,0.0,0.4804702880298596,0.30665000194801645,0.184088880872046,0.3344587817993743,0.6946149654166732,0.02923566072935786,28.333333333333336,13.854202744719961,0.020833333333333332,0,125.0,120.0,30,30,35,195,0
streaming_causal,2269774297,1.0,1.8,1.0,0.48918773026769125,0.15261566095488457,0.04936799734557835,0.06547318901718281,0.1842955720511609,0.002120851284276395,28.333333333333336,12.807964550391358,0.020833333333333332,0,125.0,120.0,30,30,35,195,644
future_state_conditioned,2269774297,1.0,1.8,1.0,0.48144065921703144,0.1349075037544914,0.04649338459092581,0.26670724972335785,1.250674245681894,0.002769942111798628,125.0,14.249266139765824,0.020833333333333332,0,125.0,120.0,30,30,180,180,0
isolated_n_step,4222218816,1.0,1.8,0.0,0.44284759353457526,0.20454165234948046,0.15085326504437607,0.29097487611588624,0.9131447868020215,0.13849827725867772,125.0,14.049101449897716,0.020833333333333332,0,125.0,120.0,30,30,180,180,0
few_step_distilled,4222218816,1.0,1.8,0.0,0.42542966710465463,0.2059035878216904,0.1666748214576559,0.3383286821508852,0.6662276896162054,0.054601723187117215,50.0,13.690256386590125,0.008333333333333333,0,50.0,40.0,30,30,60,60,0
streaming_no_causal,4222218816,1.0,1.8,1.0,0.43610710675711145,0.19506401848985833,0.1518581505910401,0.2694964884982567,0.5924849832399727,0.028839816404656257,28.333333333333336,13.472411770116839,0.020833333333333332,0,125.0,120.0,30,30,35,195,0
streaming_causal,4222218816,1.0,1.8,1.0,0.4669003217514474,0.1737145765562084,0.14752049693339225,0.06611931803465314,0.1632306744215665,0.0018193890971546624,28.333333333333336,12.768547979569245,0.020833333333333332,0,125.0,120.0,30,30,35,195,644
future_state_conditioned,4222218816,1.0,1.8,1.0,0.4634022581887186,0.18895372472166658,0.16685826566833017,0.2571703400940803,0.6700624009143107,0.003759474007303377,125.0,13.645588991882837,0.020833333333333332,0,125.0,120.0,30,30,180,180,0
isolated_n_step,2802276320,1.0,1.8,1.0,0.46318221205876514,0.08622497973535101,0.12424979441622888,0.2389725492253384,0.695145187852207,0.12313041353976585,125.0,13.620550043494314,0.020833333333333332,0,125.0,120.0,30,30,180,180,0
few_step_distilled,2802276320,1.0,1.8,1.0,0.4487425476060426,0.08797690086701894,0.12309044725628872,0.32097058395023553,0.5899897642878347,0.0492618308135195,50.0,12.487035377097465,0.008333333333333333,0,50.0,40.0,30,30,60,60,0
streaming_no_causal,2802276320,1.0,1.8,0.0,0.48146664475449974,0.22821765497215665,0.11563193161632296,0.25749795829461847,0.5523786996211362,0.025207874305569818,28.333333333333336,13.371083695670803,0.020833333333333332,0,125.0,120.0,30,30,35,195,0
streaming_causal,2802276320,1.0,1.8,1.0,0.49885204555251317,0.09728239630106748,0.09376636527705588,0.05476640364192255,0.138857062202686,0.0018387274899156283,28.333333333333336,12.714778369525225,0.020833333333333332,0,125.0,120.0,30,30,35,195,644
future_state_conditioned,2802276320,1.0,1.8,1.0,0.48874495280883223,0.0852065000366813,0.10933849768448568,0.1991554324424773,0.7338312870679263,0.001844147398508098,125.0,13.391885679091434,0.020833333333333332,0,125.0,120.0,30,30,180,180,0
isolated_n_step,2875791518,1.0,1.8,1.0,0.4417040770741165,0.17388123649745554,0.17441403172099762,0.29958231258048373,0.9213646094355123,0.1378620510743795,125.0,14.127344101200515,0.020833333333333332,0,125.0,120.0,30,30,180,180,0
few_step_distilled,2875791518,1.0,1.8,1.0,0.42901242000155687,0.16021283834034802,0.1752322235585423,0.33451344091056434,0.87538040739088,0.05465736108601294,50.0,12.708401868894736,0.008333333333333333,0,50.0,40.0,30,30,60,60,0
streaming_no_causal,2875791518,1.0,1.8,0.0,0.4472805825143929,0.25830181588735673,0.20084673221869073,0.27952267951941195,0.5894099285320548,0.028036259389025674,28.333333333333336,13.544304002631721,0.020833333333333332,0,125.0,120.0,30,30,35,195,0
streaming_causal,2875791518,1.0,1.8,1.0,0.4660562178346836,0.14440651744253122,0.14585914365093902,0.06336390789786277,0.15526647607622593,0.0016247119820266094,28.333333333333336,12.78236979754128,0.020833333333333332,0,125.0,120.0,30,30,35,195,644
future_state_conditioned,2875791518,1.0,1.8,1.0,0.4596784476084569,0.1426227580908658,0.15048798643521175,0.21237206509429818,0.8226884646185931,0.002748990241798656,125.0,13.549322108425432,0.020833333333333332,0,125.0,120.0,30,30,180,180,0
isolated_n_step,1415153725,1.0,1.8,1.0,0.46603024975303425,0.1780351688392422,0.14622190561998666,0.27049599543628894,0.6876372477387811,0.14713184584343478,125.0,13.878842872585071,0.020833333333333332,0,125.0,120.0,30,30,180,180,0
few_step_distilled,1415153725,1.0,1.8,1.0,0.45852791176758473,0.1799074800840636,0.17271826449246233,0.32695557516660945,0.5360645086079208,0.058753072967627946,50.0,12.468129516952262,0.008333333333333333,0,50.0,40.0,30,30,60,60,0
streaming_no_causal,1415153725,1.0,1.8,0.0,0.461611254843957,0.2646324891909056,0.14629931416303696,0.2408524386070262,0.5454939870046553,0.029877874712489805,28.333333333333336,13.374285293634049,0.020833333333333332,0,125.0,120.0,30,30,35,195,0
streaming_causal,1415153725,1.0,1.8,1.0,0.49420458877845347,0.1794472337611783,0.1923149622380245,0.05498871265739698,0.15965796770164048,0.0021409513799578585,28.333333333333336,12.70519210901514,0.020833333333333332,0,125.0,120.0,30,30,35,195,644
future_state_conditioned,1415153725,1.0,1.8,1.0,0.4868917132910355,0.16612525178107887,0.17067290490544776,0.21428628685951587,0.6297551926440039,0.003122394253289908,125.0,13.419138417192489,0.020833333333333332,0,125.0,120.0,30,30,180,180,0
isolated_n_step,401853916,1.0,1.8,1.0,0.4712338055588067,0.08488254453180934,0.11516905140201766,0.2460069717715116,0.6824359593083972,0.133126018206224,125.0,13.651228093838682,0.020833333333333332,0,125.0,120.0,30,30,180,180,0
few_step_distilled,401853916,1.0,1.8,1.0,0.46376353621315985,0.09492794386457527,0.1529924993499691,0.3336078312541196,0.6318532688173895,0.053508785554467427,50.0,12.716445675447464,0.008333333333333333,0,50.0,40.0,30,30,60,60,0
streaming_no_causal,401853916,1.0,1.8,0.0,0.4901452297422641,0.2996298774289231,0.13955875868904485,0.2819652820243207,0.6251693279570598,0.02740725641131762,28.333333333333336,13.517698231176258,0.020833333333333332,0,125.0,120.0,30,30,35,195,0
streaming_causal,401853916,1.0,1.8,1.0,0.5075293695714017,0.09168534067023792,0.11840258057656299,0.05285023163121347,0.13867848994511872,0.001716558991362672,28.333333333333336,12.688373944453954,0.020833333333333332,0,125.0,120.0,30,30,35,195,644
future_state_conditioned,401853916,1.0,1.8,1.0,0.49471515905239716,0.0607145079958023,0.10263610543711181,0.20783726301096453,0.7523241782819691,0.002503235495787613,125.0,13.343235244628467,0.020833333333333332,0,125.0,120.0,30,30,180,180,0
isolated_n_step,1162050510,1.0,1.8,1.0,0.4693353350126963,0.12490786084614232,0.0875721280321528,0.2879050314663185,0.8453958714962467,0.1362513109802602,125.0,14.11017279898429,0.020833333333333332,0,125.0,120.0,30,30,180,180,0
few_step_distilled,1162050510,1.0,1.8,1.0,0.45320485917368886,0.1385037374369088,0.11447467844694292,0.35262962855102437,0.7648581880673344,0.053602517014246974,50.0,13.44898727973233,0.008333333333333333,0,50.0,40.0,30,30,60,60,0
streaming_no_causal,1162050510,1.0,1.8,1.0,0.481688652785546,0.19567458098944748,0.1360349766279506,0.2905658215799772,0.7372166098161357,0.028728498332481693,28.333333333333336,13.723399465698453,0.020833333333333332,0,125.0,120.0,30,30,35,195,0
streaming_causal,1162050510,1.0,1.8,1.0,0.4928314748059975,0.1287523876296938,0.09726986895969877,0.05323458696489107,0.1415249434133088,0.0018732440028120154,28.333333333333336,12.769230167533056,0.020833333333333332,0,125.0,120.0,30,30,35,195,644
future_state_conditioned,1162050510,1.0,1.8,1.0,0.4830953800004591,0.12303512931364428,0.08878335398538667,0.21155925240047482,0.9639948616852962,0.003494280706500252,125.0,13.679583214852663,0.020833333333333332,0,125.0,120.0,30,30,180,180,0
isolated_n_step,1034803345,1.0,1.8,1.0,0.4950228636135705,0.1813383444133006,0.17560466994280885,0.2773394945643359,1.0318816903928412,0.11573492899410191,125.0,14.004368668900895,0.020833333333333332,0,125.0,120.0,30,30,180,180,0
few_step_distilled,1034803345,1.0,1.8,1.0,0.4795144060041539,0.17410893534515562,0.1638517083153853,0.3466412379719043,0.6928335442491818,0.045314867066972325,50.0,13.130442636024812,0.008333333333333333,0,50.0,40.0,30,30,60,60,0
streaming_no_causal,1034803345,1.0,1.8,0.0,0.523042824430934,0.24785093969897526,0.3082060858385262,0.3935990414720333,0.7214534768989751,0.025837101714974324,28.333333333333336,14.084424051205428,0.020833333333333332,0,125.0,120.0,30,30,35,195,0
streaming_causal,1034803345,1.0,1.8,0.0,0.5310333649737465,0.21380886525389742,0.1882170676171548,0.06150159405588848,0.1975810871013782,0.0019759571190763442,28.333333333333336,12.722292652054712,0.020833333333333332,0,125.0,120.0,30,30,35,195,644
future_state_conditioned,1034803345,1.0,1.8,1.0,0.5164269676813672,0.16891860504596276,0.14563362162887242,0.24715496903838455,1.055848028975745,0.0030442175407255855,125.0,13.895463965242728,0.020833333333333332,0,125.0,120.0,30,30,180,180,0
isolated_n_step,1768963413,1.0,1.8,1.0,0.46989861384723014,0.16763256762179785,0.1443319845181592,0.3326812858668376,1.229201220068397,0.12261150570670948,125.0,14.668785034609193,0.020833333333333332,0,125.0,120.0,30,30,180,180,0
few_step_distilled,1768963413,1.0,1.8,1.0,0.4551010902051362,0.1704279544962708,0.14106438188214637,0.41422426307945154,0.9178586439360081,0.04820541753104578,50.0,14.39815448663613,0.008333333333333333,0,50.0,40.0,30,30,60,60,0
streaming_no_causal,1768963413,1.0,1.8,0.0,0.46602997611234204,0.2143442936903197,0.23716949351616862,0.29361331030324345,0.6882996550981326,0.02571512118437964,28.333333333333336,13.753681740238187,0.020833333333333332,0,125.0,120.0,30,30,35,195,0
streaming_causal,1768963413,1.0,1.8,1.0,0.48412921502326156,0.16968681165517993,0.15372518071883934,0.06084549621510433,0.16276817223323797,0.002243632566125929,28.333333333333336,12.812609193922997,0.020833333333333332,0,125.0,120.0,30,30,35,195,644
future_state_conditioned,1768963413,1.0,1.8,1.0,0.4780990345339744,0.1643149113944501,0.14745913710957492,0.27169293914796344,1.2382993742615598,0.0038445982542855664,125.0,14.387609122107008,0.020833333333333332,0,125.0,120.0,30,30,180,180,0
isolated_n_step,287050895,1.0,1.8,1.0,0.45886822034165925,0.1836758144073616,0.1385573220976701,0.2928669213004712,1.0704861111709247,0.1531972075412699,125.0,14.286395147348582,0.020833333333333332,0,125.0,120.0,30,30,180,180,0
few_step_distilled,287050895,1.0,1.8,1.0,0.44590318991760436,0.18823842268937158,0.14776840293421104,0.3259650869170151,0.7819312716557081,0.061035258265399385,50.0,13.275964067444997,0.008333333333333333,0,50.0,40.0,30,30,60,60,0
streaming_no_causal,287050895,1.0,1.8,0.0,0.4533669404774818,0.26876292344766645,0.20190671718164635,0.27080163950170977,0.5187088481614158,0.031109451057545295,28.333333333333336,13.499273827241803,0.020833333333333332,0,125.0,120.0,30,30,35,195,0
streaming_causal,287050895,1.0,1.8,0.0,0.48860816610451957,0.20594045035140066,0.16314101042634832,0.06648902329367319,0.18697961202247804,0.002300570073076929,28.333333333333336,12.748324492765965,0.020833333333333332,0,125.0,120.0,30,30,35,195,644
future_state_conditioned,287050895,1.0,1.8,1.0,0.4786689572179367,0.19451529132707393,0.1567835969442213,0.23471363578537208,0.6339562610459523,0.0033332658579883654,125.0,13.815756693454881,0.020833333333333332,0,125.0,120.0,30,30,180,180,0
isolated_n_step,3743272392,1.0,1.8,0.0,0.481504823386475,0.2024435048784488,0.06182588700131561,0.2930209428820532,0.9060029149049583,0.12253018728428997,125.0,14.102623556985659,0.020833333333333332,0,125.0,120.0,30,30,180,180,0
few_step_distilled,3743272392,1.0,1.8,0.0,0.46697232147685996,0.22519773699602633,0.08685073434778502,0.34541942180251894,0.8644714891712942,0.04763295523481084,50.0,14.080399390273445,0.008333333333333333,0,50.0,40.0,30,30,60,60,0
streaming_no_causal,3743272392,1.0,1.8,1.0,0.48477783602400765,0.18452767298421566,0.2008571551626405,0.34366326550718856,0.6764854983797095,0.026930361642702048,28.333333333333336,13.822852022266412,0.020833333333333332,0,125.0,120.0,30,30,35,195,0
streaming_causal,3743272392,1.0,1.8,0.0,0.5029561811157632,0.2669668753020138,0.08189137935748987,0.0482611500251541,0.13811029136203082,0.001994146369977052,28.333333333333336,12.754655365300406,0.020833333333333332,0,125.0,120.0,30,30,35,195,644
future_state_conditioned,3743272392,1.0,1.8,0.0,0.496588034942279,0.2332268825504938,0.08220356088871518,0.22857484115302107,0.8808273835904418,0.002840506492384709,125.0,13.71157389053253,0.020833333333333332,0,125.0,120.0,30,30,180,180,0
isolated_n_step,3714452439,1.0,1.8,0.0,0.4576068592516971,0.2346713803650252,0.16730047557189145,0.30377608170804615,1.0126134659225232,0.10460179732677542,125.0,14.346801432110134,0.020833333333333332,0,125.0,120.0,30,30,180,180,0
few_step_distilled,3714452439,1.0,1.8,0.0,0.43738411801547694,0.23651065427709145,0.16377808564145377,0.34420891150591915,0.8173266959899183,0.039851278668006924,50.0,13.724259326323507,0.008333333333333333,0,50.0,40.0,30,30,60,60,0
streaming_no_causal,3714452439,1.0,1.8,0.0,0.45811583153095137,0.22125140201142282,0.3672839774866105,0.3721889608078678,0.6877549886978176,0.023633972194676212,28.333333333333336,14.0408950967881,0.020833333333333332,0,125.0,120.0,30,30,35,195,0
streaming_causal,3714452439,1.0,1.8,0.0,0.47503790157227854,0.2932580649262105,0.13642039110805457,0.060509755704793056,0.160567252610843,0.0018175122086519961,28.333333333333336,12.846874256938069,0.020833333333333332,0,125.0,120.0,30,30,35,195,644
future_state_conditioned,3714452439,1.0,1.8,0.0,0.4662791247979857,0.24696739373044155,0.11871544576746429,0.2276906631913263,0.9432793254436329,0.003056570215587118,125.0,13.80230087651773,0.020833333333333332,0,125.0,120.0,30,30,180,180,0
isolated_n_step,3805041506,1.0,1.8,1.0,0.4719199754626411,0.18942324029673857,0.10095012106851756,0.32249195830240746,1.1409563591426664,0.11193507076648795,125.0,14.566735543778467,0.020833333333333332,0,125.0,120.0,30,30,180,180,0
few_step_distilled,3805041506,1.0,1.8,1.0,0.4570013512977309,0.19429239847480556,0.1352597345150032,0.3758959407813985,0.7953451548913252,0.04286622419448812,50.0,14.214274598536868,0.008333333333333333,0,50.0,40.0,30,30,60,60,0
streaming_no_causal,3805041506,1.0,1.8,0.0,0.4736808303652126,0.23701719812051456,0.15062072410876487,0.33270735429860243,0.7779777407212545,0.023867472842625064,28.333333333333336,13.924508644844307,0.020833333333333332,0,125.0,120.0,30,30,35,195,0
streaming_causal,3805041506,1.0,1.8,0.0,0.48592750629577763,0.20692748216885118,0.13653550688655589,0.0651924433840085,0.16632722809373707,0.0020885097730285644,28.333333333333336,12.87738898092788,0.020833333333333332,0,125.0,120.0,30,30,35,195,644
future_state_conditioned,3805041506,1.0,1.8,1.0,0.4793580935421507,0.18123175560540855,0.12195397454865374,0.2524091967463976,1.2069383861731124,0.0028620325061639723,125.0,14.330098630427436,0.020833333333333332,0,125.0,120.0,30,30,180,180,0
isolated_n_step,3308055287,1.5,0.5,1.0,0.49599744333874357,0.161785874525681,0.1762083259774415,0.3257234947528656,0.9557288462230462,0.18967573371535948,200.0,14.129853513386479,0.03333333333333333,0,200.0,180.0,29,30,180,180,0
few_step_distilled,3308055287,1.5,0.5,1.0,0.46210810229830585,0.15260013414959905,0.1795908365904679,0.31226039062133343,0.6510772179034755,0.06672906053960545,75.00000000000001,12.722304162665996,0.0125,0,75.00000000000001,60.0,30,30,60,60,0
streaming_no_causal,3308055287,1.5,0.5,0.0,0.5158950770198935,0.2556974623674946,0.09232829264726578,0.37416799469460466,0.6804360742068143,0.050357449956873135,55.172413793103445,13.954129052839393,0.03333333333333333,0,200.0,180.0,29,30,35,195,0
streaming_causal,3308055287,1.5,0.5,1.0,0.5162821536777961,0.13240795095158597,0.1679056652157822,0.031110524656020006,0.0711075395980819,0.0014997423845139546,55.172413793103445,12.671842173608066,0.03333333333333333,0,200.0,180.0,29,30,35,195,644
future_state_conditioned,3308055287,1.5,0.5,1.0,0.5134095221038707,0.12737188683844244,0.16704333774231497,0.13413741637523327,0.3577250230437317,0.004948957861880725,200.0,12.993747727657565,0.03333333333333333,0,200.0,180.0,29,30,180,180,0
isolated_n_step,3986182584,1.5,0.5,1.0,0.4918772019177142,0.11113296173869458,0.05470747718434168,0.29625100814820904,0.8645015692675724,0.25003496689117705,200.0,13.903477074698262,0.03333333333333333,0,200.0,180.0,29,30,180,180,0
few_step_distilled,3986182584,1.5,0.5,1.0,0.45683007655062713,0.08099238631130605,0.05964604810557324,0.29128635120108454,0.5474473886327119,0.0904469659447121,75.00000000000001,12.356656709803142,0.0125,0,75.00000000000001,60.0,30,30,60,60,0
streaming_no_causal,3986182584,1.5,0.5,0.0,0.504427337001143,0.2620494827322032,0.10154716909439891,0.28723610815368744,0.5397543792196339,0.0631472004424685,55.172413793103445,13.523033893302417,0.03333333333333333,0,200.0,180.0,29,30,35,195,0
streaming_causal,3986182584,1.5,0.5,1.0,0.5271519555366931,0.06423688878667637,0.06950335053524728,0.03934768087937401,0.07103049990396454,0.001832428100803168,55.172413793103445,12.626277173676243,0.03333333333333333,0,200.0,180.0,29,30,35,195,644
future_state_conditioned,3986182584,1.5,0.5,1.0,0.5213483455224598,0.06594007428813761,0.07350629909560613,0.15155702352828174,0.29374341234321527,0.005284519294859671,200.0,12.949525403801417,0.03333333333333333,0,200.0,180.0,29,30,180,180,0
isolated_n_step,498782418,1.5,0.5,1.0,0.47841462774798377,0.13853166038679746,0.13590670263800242,0.2986890455518748,1.044758329213756,0.23868681865364214,200.0,14.20384070464104,0.03333333333333333,0,200.0,180.0,29,30,180,180,0
few_step_distilled,498782418,1.5,0.5,1.0,0.451162385323308,0.13768243289799745,0.12680612905836955,0.2988759575964016,0.5200370214348414,0.08452288015370472,75.00000000000001,12.89323040068934,0.0125,0,75.00000000000001,60.0,30,30,60,60,0
streaming_no_causal,498782418,1.5,0.5,0.0,0.49276010233779766,0.29910179543427,0.23485435211654765,0.2786333001541865,0.6792269897417875,0.061203343595731714,55.172413793103445,13.579509690580638,0.03333333333333333,0,200.0,180.0,29,30,35,195,0
streaming_causal,498782418,1.5,0.5,1.0,0.5025807935500275,0.12791676272045055,0.09841132217865768,0.04120143899914915,0.07502928344941949,0.0017369079636133761,55.172413793103445,12.727532471273028,0.03333333333333333,0,200.0,180.0,29,30,35,195,644
future_state_conditioned,498782418,1.5,0.5,1.0,0.4996818248057681,0.1245493796590361,0.10029434803662399,0.15641199138413783,0.4017726846052791,0.0052031494545501395,200.0,13.011295768580014,0.03333333333333333,0,200.0,180.0,29,30,180,180,0
isolated_n_step,2590859777,1.5,0.5,1.0,0.4634514706925449,0.18382060066691738,0.16016737203317172,0.34134389193977605,0.9428681111688747,0.21526875618836694,200.0,14.385305796147128,0.03333333333333333,0,200.0,180.0,29,30,180,180,0
few_step_distilled,2590859777,1.5,0.5,1.0,0.4308870507607289,0.17318775466417696,0.18223703359942506,0.33141085714097973,0.6129237884579111,0.07634960146234504,75.00000000000001,12.970721012493492,0.0125,0,75.00000000000001,60.0,30,30,60,60,0
streaming_no_causal,2590859777,1.5,0.5,0.0,0.4749500839229189,0.3395871000428712,0.22631532278852923,0.30667981947151446,0.4222393615169746,0.054310544639577595,55.172413793103445,13.59851318353201,0.03333333333333333,0,200.0,180.0,29,30,35,195,0
streaming_causal,2590859777,1.5,0.5,1.0,0.48139181366720746,0.15829283169189864,0.12893611361934085,0.04687710138433887,0.07444157912638927,0.0015493833933800912,55.172413793103445,12.755225761594405,0.03333333333333333,0,200.0,180.0,29,30,35,195,644
future_state_conditioned,2590859777,1.5,0.5,1.0,0.47892400462260093,0.15037740506846273,0.1245385803244211,0.17891692443787507,0.36095425206833137,0.0047486618999333105,200.0,13.11725373961078,0.03333333333333333,0,200.0,180.0,29,30,180,180,0
isolated_n_step,560388592,1.5,0.5,0.0,0.48411179338099597,0.22834719449743487,0.17193076661822476,0.3542171360509915,0.9036119769270496,0.21079808255040322,200.0,14.234538173861434,0.03333333333333333,0,200.0,180.0,29,30,180,180,0
few_step_distilled,560388592,1.5,0.5,0.0,0.44889037698638107,0.23847853827700471,0.17227297437971392,0.3215998118283536,0.614467350843627,0.07697919125997295,75.00000000000001,13.224440031677267,0.0125,0,75.00000000000001,60.0,30,30,60,60,0
streaming_no_causal,560388592,1.5,0.5,0.0,0.4849864752627049,0.23191552584256248,0.2714844939437225,0.3289758196861921,0.5291358136019422,0.05539561975989587,55.172413793103445,13.650061214419667,0.03333333333333333,0,200.0,180.0,29,30,35,195,0
streaming_causal,560388592,1.5,0.5,0.0,0.5078252407425873,0.23665965735706793,0.16883364222383235,0.03700868307138506,0.08662985480826066,0.0015510615157455921,55.172413793103445,12.677624305546034,0.03333333333333333,0,200.0,180.0,29,30,35,195,644
future_state_conditioned,560388592,1.5,0.5,0.0,0.5052044162401916,0.22506812963041223,0.1648515633255646,0.14754069124130903,0.3305889896281222,0.00455947503488849,200.0,12.967090630490995,0.03333333333333333,0,200.0,180.0,29,30,180,180,0
isolated_n_step,668824763,1.5,0.5,1.0,0.5035897470551011,0.17495845342566937,0.18610381454821873,0.2922507040151569,1.036204103027918,0.18966489381342483,200.0,14.103600599795259,0.03333333333333333,0,200.0,180.0,29,30,180,180,0
few_step_distilled,668824763,1.5,0.5,1.0,0.46564845035804237,0.17375974674297043,0.19121187067967763,0.3094399597552454,0.5662534393290971,0.06693857984671821,75.00000000000001,13.01008622620781,0.0125,0,75.00000000000001,60.0,30,30,60,60,0
streaming_no_causal,668824763,1.5,0.5,1.0,0.5172317721926968,0.16621059233762125,0.06077637108312516,0.32755610374923094,0.8805275409077086,0.050633372138268275,55.172413793103445,14.00219229838393,0.03333333333333333,0,200.0,180.0,29,30,35,195,0
streaming_causal,668824763,1.5,0.5,1.0,0.5194061180683175,0.17897999866071412,0.1797971294417397,0.029041528279540835,0.054078632416759795,0.0015711508663010267,55.172413793103445,12.674196567335612,0.03333333333333333,0,200.0,180.0,29,30,35,195,644
future_state_conditioned,668824763,1.5,0.5,1.0,0.5155503698173843,0.17395697322752046,0.17911258731076204,0.12051336010563318,0.237180579305355,0.0049471991840715655,200.0,12.885534378635949,0.03333333333333333,0,200.0,180.0,29,30,180,180,0
isolated_n_step,4042562994,1.5,0.5,1.0,0.4894967427079354,0.1452027365862207,0.16822261956191628,0.2852204489872939,0.8709389118782549,0.19416630724658762,200.0,13.843826506677422,0.03333333333333333,0,200.0,180.0,29,30,180,180,0
few_step_distilled,4042562994,1.5,0.5,1.0,0.45781966611521435,0.14439705960907295,0.17978963572139012,0.3390391558712907,0.712764254360024,0.06902203539031578,75.00000000000001,13.100147686131363,0.0125,0,75.00000000000001,60.0,30,30,60,60,0
streaming_no_causal,4042562994,1.5,0.5,0.0,0.5181494816029281,0.2518008809949522,0.13239585981527782,0.3496007634021541,0.5703857758153122,0.05175910720996742,55.172413793103445,13.778004542368375,0.03333333333333333,0,200.0,180.0,29,30,35,195,0
streaming_causal,4042562994,1.5,0.5,1.0,0.5245371928464642,0.11130496471660885,0.157069891501614,0.035855483189871466,0.08054011029114266,0.0015118960375346403,55.172413793103445,12.667888705123131,0.03333333333333333,0,200.0,180.0,29,30,35,195,644
future_state_conditioned,4042562994,1.5,0.5,1.0,0.5191074244332816,0.10662997857035764,0.15621431806061162,0.14232588470405488,0.3296148039762304,0.004699168676208001,200.0,12.982066945612031,0.03333333333333333,0,200.0,180.0,29,30,180,180,0
isolated_n_step,1967251480,1.5,0.5,1.0,0.4804353186827094,0.1580944987123413,0.17491872968529332,0.33306469471390426,1.1144485791362788,0.16979448575174355,200.0,14.598778023170063,0.03333333333333333,0,200.0,180.0,29,30,180,180,0
few_step_distilled,1967251480,1.5,0.5,1.0,0.448831207826842,0.18902339377577038,0.15759737395954376,0.34361152536805206,0.5262508108346851,0.05901528598831227,75.00000000000001,13.582633570828985,0.0125,0,75.00000000000001,60.0,30,30,60,60,0
streaming_no_causal,1967251480,1.5,0.5,1.0,0.48744783615769993,0.16924067038226956,0.10408130140863002,0.34573427383425587,0.7558933664726855,0.04393313427944095,55.172413793103445,13.907971862948296,0.03333333333333333,0,200.0,180.0,29,30,35,195,0
streaming_causal,1967251480,1.5,0.5,1.0,0.4828407404089565,0.17262634800087281,0.1766171693774645,0.03706590075932143,0.08166873794141487,0.0016125782844649903,55.172413793103445,12.757497998155447,0.03333333333333333,0,200.0,180.0,29,30,35,195,644
future_state_conditioned,1967251480,1.5,0.5,1.0,0.48108048036028067,0.16763866813523598,0.17506389673325798,0.14910676035899625,0.4110354060456102,0.004450020878896804,200.0,13.073059572495898,0.03333333333333333,0,200.0,180.0,29,30,180,180,0
isolated_n_step,2735663650,1.5,0.5,1.0,0.49516785596736423,0.1300995034457591,0.218208449553036,0.25973810334284736,0.675658385039924,0.23966194253412687,200.0,13.535713194255107,0.03333333333333333,0,200.0,180.0,29,30,180,180,0
few_step_distilled,2735663650,1.5,0.5,1.0,0.46164731388236985,0.11618256311249267,0.18406796659057287,0.304601663170565,0.6849734419494207,0.08760435611425114,75.00000000000001,13.33294500179636,0.0125,0,75.00000000000001,60.0,30,30,60,60,0
streaming_no_causal,2735663650,1.5,0.5,0.0,0.531309569434539,0.2628698342981866,0.2635505927957055,0.32371242709941495,0.5117019959803415,0.06231508113000351,55.172413793103445,13.60190942472985,0.03333333333333333,0,200.0,180.0,29,30,35,195,0
streaming_causal,2735663650,1.5,0.5,1.0,0.5401223189110108,0.11414261905900629,0.1390277159304363,0.033364856422882797,0.05387193107552932,0.0016783399815341452,55.172413793103445,12.601132809204012,0.03333333333333333,0,200.0,180.0,29,30,35,195,644
future_state_conditioned,2735663650,1.5,0.5,1.0,0.5339577111248597,0.11004298503173775,0.13217982676094553,0.15699497400427118,0.36420849742672273,0.005231740269562671,200.0,12.954481423910075,0.03333333333333333,0,200.0,180.0,29,30,180,180,0
isolated_n_step,4128079222,1.5,0.5,0.0,0.4738441720913923,0.20748965866979635,0.042694546448384336,0.3375399406273223,1.0049690403248999,0.17068947676163948,200.0,14.412758028121571,0.03333333333333333,0,200.0,180.0,29,30,180,180,0
few_step_distilled,4128079222,1.5,0.5,0.0,0.4412365949383766,0.20647074455889033,0.05680267076416887,0.31368016611157096,0.6605705893155506,0.05937517873634724,75.00000000000001,13.197627152830627,0.0125,0,75.00000000000001,60.0,30,30,60,60,0
streaming_no_causal,4128079222,1.5,0.5,1.0,0.4844295886217092,0.19068215927700802,0.22819079925517594,0.36916240829082575,0.5544968638062585,0.04742786791045803,55.172413793103445,13.894463150012266,0.03333333333333333,0,200.0,180.0,29,30,35,195,0
streaming_causal,4128079222,1.5,0.5,0.0,0.4856300226125796,0.2373816709996306,0.08285288016670114,0.03548288456020947,0.08235246232914964,0.001536104020942903,55.172413793103445,12.735593389455321,0.03333333333333333,0,200.0,180.0,29,30,35,195,644
future_state_conditioned,4128079222,1.5,0.5,0.0,0.4834598512939168,0.2263437630750097,0.08355487871936079,0.163035510315296,0.40488576967730483,0.004672226662347158,200.0,13.125499889115957,0.03333333333333333,0,200.0,180.0,29,30,180,180,0
isolated_n_step,2495899084,1.5,0.5,1.0,0.46603718212375006,0.1578768567735114,0.2308934449911882,0.37762507924672045,1.0985697576274778,0.20974907476776278,200.0,14.785364275268623,0.03333333333333333,0,200.0,180.0,29,30,180,180,0
few_step_distilled,2495899084,1.5,0.5,1.0,0.4267598826233557,0.17721435580679112,0.178005849626248,0.3314798344687583,0.7371797313016478,0.0714804546029023,75.00000000000001,13.527020900447303,0.0125,0,75.00000000000001,60.0,30,30,60,60,0
streaming_no_causal,2495899084,1.5,0.5,0.0,0.4622347169880613,0.288094061224462,0.33139989364097405,0.3373093660731164,0.6327458246974236,0.05198734306482192,55.172413793103445,13.734206685366294,0.03333333333333333,0,200.0,180.0,29,30,35,195,0
streaming_causal,2495899084,1.5,0.5,1.0,0.46818276175899143,0.18626071898641758,0.16187124185282664,0.04795964251355914,0.09234933834718706,0.001597160280399516,55.172413793103445,12.754539330915094,0.03333333333333333,0,200.0,180.0,29,30,35,195,644
future_state_conditioned,2495899084,1.5,0.5,1.0,0.4679305596871471,0.18219247104570363,0.15058559092581228,0.17989055771042775,0.4784262521665651,0.004958168802543433,200.0,13.140720362896573,0.03333333333333333,0,200.0,180.0,29,30,180,180,0
isolated_n_step,1086433721,1.5,0.5,0.0,0.47374165753338976,0.21378216297217595,0.04455408479749668,0.30561577289577163,0.8019378022913765,0.2299045506988874,200.0,14.055254428989642,0.03333333333333333,0,200.0,180.0,29,30,180,180,0
few_step_distilled,1086433721,1.5,0.5,0.0,0.4481230112129834,0.20694075006269927,0.07869081209982644,0.3040669039478996,0.5543190140795626,0.08399998530025274,75.00000000000001,12.991229978286112,0.0125,0,75.00000000000001,60.0,30,30,60,60,0
streaming_no_causal,1086433721,1.5,0.5,0.0,0.4846197477282873,0.2035441302557927,0.14753597187110973,0.2740965938918177,0.5338757167048217,0.059639109444311465,55.172413793103445,13.532382372099947,0.03333333333333333,0,200.0,180.0,29,30,35,195,0
streaming_causal,1086433721,1.5,0.5,0.0,0.511056760087048,0.2019110753982268,0.10908664608542135,0.04020439193307618,0.07543853348973718,0.001850330696594083,55.172413793103445,12.697081954792532,0.03333333333333333,0,200.0,180.0,29,30,35,195,644
future_state_conditioned,1086433721,1.5,0.5,1.0,0.50652260550243,0.19802368791110145,0.10525227799803336,0.18027162798823726,0.3892097955301503,0.0053727276392474144,200.0,13.111822941466235,0.03333333333333333,0,200.0,180.0,29,30,180,180,0
isolated_n_step,749932964,1.5,0.5,1.0,0.4728562613971931,0.1459885180253314,0.15899403548337693,0.35958273202322244,1.1068585520630099,0.17760421958396838,200.0,14.656758532646059,0.03333333333333333,0,200.0,180.0,29,30,180,180,0
few_step_distilled,749932964,1.5,0.5,1.0,0.43156103694840314,0.1962151931731182,0.14130869230039797,0.37752119240200327,0.7580843718691932,0.05742467948607984,75.00000000000001,13.209737543344458,0.0125,0,75.00000000000001,60.0,30,30,60,60,0
streaming_no_causal,749932964,1.5,0.5,1.0,0.4686745309801825,0.1751136590662169,0.2511289499024257,0.33978234345732544,0.7296853046461338,0.04543056363425954,55.172413793103445,13.954345063286999,0.03333333333333333,0,200.0,180.0,29,30,35,195,0
streaming_causal,749932964,1.5,0.5,0.0,0.4654263574074217,0.2070263041460539,0.15875758105990886,0.03282889449755782,0.06616352057573512,0.0015588870010503312,55.172413793103445,12.798717517819888,0.03333333333333333,0,200.0,180.0,29,30,35,195,644
future_state_conditioned,749932964,1.5,0.5,0.0,0.46587961997255845,0.2062585660533416,0.1522775809843766,0.1390317399826522,0.4622393011220249,0.0044563478041693945,200.0,13.048184744290012,0.03333333333333333,0,200.0,180.0,29,30,180,180,0
isolated_n_step,3755203368,1.5,0.5,1.0,0.48067755090966346,0.15069601113276118,0.10458281435872506,0.33642305788562604,1.1782136317791292,0.22045932797059978,200.0,14.71627415893238,0.03333333333333333,0,200.0,180.0,29,30,180,180,0
few_step_distilled,3755203368,1.5,0.5,1.0,0.4475898866349406,0.15290393130235344,0.09528703397610545,0.30584559392886235,0.6088930361715799,0.07665628702420443,75.00000000000001,13.533821594770059,0.0125,0,75.00000000000001,60.0,30,30,60,60,0
streaming_no_causal,3755203368,1.5,0.5,0.0,0.48271744153227136,0.244055096725839,0.21996591727051132,0.3327329692908823,0.7484842241948702,0.05485340802433697,55.172413793103445,13.853508956109279,0.03333333333333333,0,200.0,180.0,29,30,35,195,0
streaming_causal,3755203368,1.5,0.5,1.0,0.48718728244662785,0.14419143173018714,0.05464696415960053,0.04545302082978989,0.09210901161390506,0.001727725874527832,55.172413793103445,12.814014578821997,0.03333333333333333,0,200.0,180.0,29,30,35,195,644
future_state_conditioned,3755203368,1.5,0.5,1.0,0.48534081921764466,0.13570621528870835,0.05821033044272411,0.16681533697071171,0.4715707963480253,0.0050848629382960675,200.0,13.16244652060437,0.03333333333333333,0,200.0,180.0,29,30,180,180,0
isolated_n_step,3461203721,1.5,0.5,1.0,0.46930942738487313,0.16304953186933713,0.19044352509988197,0.35690955659349954,0.9493224478388311,0.22413662819728886,200.0,14.4683096024543,0.03333333333333333,0,200.0,180.0,29,30,180,180,0
few_step_distilled,3461203721,1.5,0.5,1.0,0.4425683859740026,0.18496844465062412,0.1907651751734107,0.3489317458789757,0.6105625914373077,0.08263152122489552,75.00000000000001,13.199245458128798,0.0125,0,75.00000000000001,60.0,30,30,60,60,0
streaming_no_causal,3461203721,1.5,0.5,0.0,0.4615271386618468,0.23582324501321567,0.3250522044188068,0.25500355558491544,0.45305375036501516,0.05867960929483379,55.172413793103445,13.443658487977954,0.03333333333333333,0,200.0,180.0,29,30,35,195,0
streaming_causal,3461203721,1.5,0.5,1.0,0.48873106637580516,0.19008079557266067,0.15031550148725972,0.042473987293672875,0.08089776240374259,0.0017897366279464228,55.172413793103445,12.720226804676718,0.03333333333333333,0,200.0,180.0,29,30,35,195,644
future_state_conditioned,3461203721,1.5,0.5,1.0,0.4873971094383015,0.18300623649015033,0.1407667149421689,0.1611366963337198,0.361371671957075,0.005053580891614263,200.0,13.035953661188303,0.03333333333333333,0,200.0,180.0,29,30,180,180,0
isolated_n_step,1233029428,1.5,0.5,1.0,0.47026022375262844,0.0828720089205573,0.11848215049516267,0.33186331026771443,0.9622881808377597,0.21325589823468924,200.0,14.417326982030067,0.03333333333333333,0,200.0,180.0,29,30,180,180,0
few_step_distilled,1233029428,1.5,0.5,1.0,0.43838221797868687,0.1331975553923618,0.11921772186212841,0.31956763785491066,0.6206684127270223,0.07506118699169685,75.00000000000001,12.857424058659243,0.0125,0,75.00000000000001,60.0,30,30,60,60,0
streaming_no_causal,1233029428,1.5,0.5,0.0,0.478362257313625,0.21043080140307607,0.2319502576514855,0.31839506166333553,0.5719128686467067,0.05477966261156568,55.172413793103445,13.781590705139958,0.03333333333333333,0,200.0,180.0,29,30,35,195,0
streaming_causal,1233029428,1.5,0.5,1.0,0.47757380604397615,0.1391042129895343,0.06245393545468934,0.03149504312978111,0.05860443280798464,0.0016518780933803476,55.172413793103445,12.72949851751299,0.03333333333333333,0,200.0,180.0,29,30,35,195,644
future_state_conditioned,1233029428,1.5,0.5,1.0,0.4770981069498985,0.13964893461680233,0.06460103326877917,0.1396597149413251,0.32057341506207127,0.004983803668857069,200.0,12.978855904829459,0.03333333333333333,0,200.0,180.0,29,30,180,180,0
isolated_n_step,2496309766,1.5,0.5,0.0,0.4632260753035253,0.20358287523222457,0.1905818621274559,0.3208664753150831,1.0340703224814813,0.18564338405679234,200.0,14.470577018798792,0.03333333333333333,0,200.0,180.0,29,30,180,180,0
few_step_distilled,2496309766,1.5,0.5,0.0,0.4387799113711015,0.22607340627619857,0.18010011350532448,0.2962321469576202,0.6088814677282638,0.06520221461125786,75.00000000000001,12.35492034045592,0.0125,0,75.00000000000001,60.0,30,30,60,60,0
streaming_no_causal,2496309766,1.5,0.5,0.0,0.47030689334076403,0.2284612299077108,0.21861652110253876,0.2985532941078194,0.5415364200934659,0.0474307260801104,55.172413793103445,13.613416191590394,0.03333333333333333,0,200.0,180.0,29,30,35,195,0
streaming_causal,2496309766,1.5,0.5,0.0,0.4751241468697588,0.20503158583811612,0.13722664886380415,0.04104447483400769,0.09097842416563007,0.0015919197395831053,55.172413793103445,12.77708222428592,0.03333333333333333,0,200.0,180.0,29,30,35,195,644
future_state_conditioned,2496309766,1.5,0.5,1.0,0.47404936550975635,0.19947946852637702,0.13778220824858278,0.1504773338768748,0.28242726963350817,0.004518073705263944,200.0,13.064493556593623,0.03333333333333333,0,200.0,180.0,29,30,180,180,0
isolated_n_step,487701936,1.5,0.5,1.0,0.5095210227387097,0.17294535069640757,0.20236099591427484,0.2860112167506857,0.907151718993547,0.23407983864296247,200.0,13.892332456922297,0.03333333333333333,0,200.0,180.0,29,30,180,180,0
few_step_distilled,487701936,1.5,0.5,1.0,0.47147761483555284,0.1843353126259047,0.20491751328475294,0.30895601707673076,0.6613317856063498,0.08316835615131146,75.00000000000001,13.209814177158204,0.0125,0,75.00000000000001,60.0,30,30,60,60,0
streaming_no_causal,487701936,1.5,0.5,0.0,0.5282196047730019,0.2861543159365926,0.26631778391811517,0.3340293077181281,0.7856056623818937,0.06193847843759539,55.172413793103445,13.868400310239595,0.03333333333333333,0,200.0,180.0,29,30,35,195,0
streaming_causal,487701936,1.5,0.5,1.0,0.5354393398171643,0.1736654735756579,0.15679375338137544,0.03540508873916861,0.05809819952751654,0.0017475741294663474,55.172413793103445,12.630353361827952,0.03333333333333333,0,200.0,180.0,29,30,35,195,644
future_state_conditioned,487701936,1.5,0.5,1.0,0.5301249779230719,0.16612448922169587,0.14556519966497872,0.13658429659099977,0.25700752866110294,0.005194111999341465,200.0,12.912953793681007,0.03333333333333333,0,200.0,180.0,29,30,180,180,0
isolated_n_step,3037837943,1.5,0.5,1.0,0.48035032214573115,0.08839152448266487,0.1387676324582318,0.28081063878905743,0.8385867854211959,0.204388673947408,200.0,13.817410208928338,0.03333333333333333,0,200.0,180.0,29,30,180,180,0
few_step_distilled,3037837943,1.5,0.5,1.0,0.4470750778963774,0.09868710466793941,0.13450866571178038,0.3634069056208141,0.723753351104472,0.0734880416359864,75.00000000000001,13.639491714211498,0.0125,0,75.00000000000001,60.0,30,30,60,60,0
streaming_no_causal,3037837943,1.5,0.5,1.0,0.5053454238021536,0.15937500104492713,0.1663153147854566,0.2935999991750144,0.5009136741421365,0.052492330708479924,55.172413793103445,13.499702572762626,0.03333333333333333,0,200.0,180.0,29,30,35,195,0
streaming_causal,3037837943,1.5,0.5,1.0,0.5222882188768599,0.08710008389251236,0.13250897385257723,0.04325813740347738,0.08468444724358433,0.0018118343323236627,55.172413793103445,12.655937814638508,0.03333333333333333,0,200.0,180.0,29,30,35,195,644
future_state_conditioned,3037837943,1.5,0.5,1.0,0.5191273063058547,0.09016828585001772,0.1283533930573971,0.1714729984502851,0.33977641012261406,0.005138107316465614,200.0,13.010358539380938,0.03333333333333333,0,200.0,180.0,29,30,180,180,0
isolated_n_step,3273147905,1.5,0.5,0.0,0.5008368719930799,0.2312272089858079,0.16855247367664114,0.3327279975684249,1.107211182393393,0.19569705872785234,200.0,14.426658002578668,0.03333333333333333,0,200.0,180.0,29,30,180,180,0
few_step_distilled,3273147905,1.5,0.5,0.0,0.4659118835546688,0.2377487537146232,0.18544018224580155,0.34261327611084036,0.6155946578152821,0.06795956875473771,75.00000000000001,13.419900575028517,0.0125,0,75.00000000000001,60.0,30,30,60,60,0
streaming_no_causal,3273147905,1.5,0.5,0.0,0.510644922476386,0.25138295644937353,0.07769361173469343,0.3544210182495834,0.9018646244791633,0.05009887483504752,55.172413793103445,14.085346666400655,0.03333333333333333,0,200.0,180.0,29,30,35,195,0
streaming_causal,3273147905,1.5,0.5,0.0,0.505737285621622,0.21230723841485394,0.2077794454693835,0.03195672619791235,0.05397990417024761,0.001681202648686104,55.172413793103445,12.734175396133802,0.03333333333333333,0,200.0,180.0,29,30,35,195,644
future_state_conditioned,3273147905,1.5,0.5,0.0,0.5027294915529174,0.2004037000514899,0.20037414926076597,0.13056093879542183,0.2392915943618291,0.0049328275028979315,200.0,12.993608053293624,0.03333333333333333,0,200.0,180.0,29,30,180,180,0
isolated_n_step,311422844,1.5,0.5,1.0,0.4836570058129207,0.1675502236987626,0.2460208512004281,0.32643546733179696,0.9154465327602097,0.16478842524672324,200.0,14.113093082822784,0.03333333333333333,0,200.0,180.0,29,30,180,180,0
few_step_distilled,311422844,1.5,0.5,1.0,0.4480642532411375,0.16285509141419333,0.21220161401354537,0.2965837365790775,0.6975714221046753,0.05969717217997166,75.00000000000001,13.150732157848044,0.0125,0,75.00000000000001,60.0,30,30,60,60,0
streaming_no_causal,311422844,1.5,0.5,1.0,0.5054547863969598,0.1341693366719455,0.18815826950807782,0.35916361531207597,0.5714580800028827,0.0453635827353236,55.172413793103445,13.883777032624405,0.03333333333333333,0,200.0,180.0,29,30,35,195,0
streaming_causal,311422844,1.5,0.5,1.0,0.5123862143987337,0.16454507788447884,0.23951554879238737,0.03832248735116787,0.09883482681732503,0.0015918640032597036,55.172413793103445,12.703605716904956,0.03333333333333333,0,200.0,180.0,29,30,35,195,644
future_state_conditioned,311422844,1.5,0.5,1.0,0.5083278152496479,0.16500651844327036,0.22714795458816228,0.1555723686386174,0.3694273292202517,0.004525226034281268,200.0,13.025717440759532,0.03333333333333333,0,200.0,180.0,29,30,180,180,0
isolated_n_step,3924229229,1.5,0.5,0.0,0.46133932141360945,0.2077625055494261,0.14064748372421318,0.34009502896624266,0.9242160710499259,0.21053863089819058,200.0,14.363473505100206,0.03333333333333333,0,200.0,180.0,29,30,180,180,0
few_step_distilled,3924229229,1.5,0.5,1.0,0.42740882074088976,0.19330333186042978,0.13591768091272088,0.3260546780885322,0.5888928492455267,0.07595500128784242,75.00000000000001,13.08591621155055,0.0125,0,75.00000000000001,60.0,30,30,60,60,0
streaming_no_causal,3924229229,1.5,0.5,1.0,0.46094352860175886,0.174505631828123,0.1977488440802495,0.24291561361751507,0.41355661101947433,0.05441497607743338,55.172413793103445,13.376678281125336,0.03333333333333333,0,200.0,180.0,29,30,35,195,0
streaming_causal,3924229229,1.5,0.5,0.0,0.48683706805692045,0.20059939347951333,0.15437130507424396,0.04409159622101318,0.0793686730633039,0.0016818599576958334,55.172413793103445,12.749470683592085,0.03333333333333333,0,200.0,180.0,29,30,35,195,644
future_state_conditioned,3924229229,1.5,0.5,0.0,0.48505882143415163,0.20016286980185272,0.15193647281175268,0.1780973663165164,0.41740006078161207,0.0050074689077695715,200.0,13.117576495448217,0.03333333333333333,0,200.0,180.0,29,30,180,180,0
isolated_n_step,3314505500,1.5,0.5,0.0,0.46991993775179125,0.2217255770341711,0.28642405352818695,0.4203593615215419,1.2093865537430017,0.21461025970172373,200.0,15.151776301999393,0.03333333333333333,0,200.0,180.0,29,30,180,180,0
few_step_distilled,3314505500,1.5,0.5,0.0,0.4301714944230892,0.2024702181305677,0.25197099466277006,0.3587946596524577,0.6204980553843986,0.07330920355037379,75.00000000000001,13.765263204439885,0.0125,0,75.00000000000001,60.0,30,30,60,60,0
streaming_no_causal,3314505500,1.5,0.5,0.0,0.4634943072859489,0.2838364127870697,0.33428965364320423,0.33403542267161296,0.7375966184218928,0.05234263030364134,55.172413793103445,13.940355724036115,0.03333333333333333,0,200.0,180.0,29,30,35,195,0
streaming_causal,3314505500,1.5,0.5,1.0,0.45700974141748557,0.19048606783654923,0.22642254428183453,0.04525072351349046,0.09457755779447034,0.001607351599766516,55.172413793103445,12.847055868194094,0.03333333333333333,0,200.0,180.0,29,30,35,195,644
future_state_conditioned,3314505500,1.5,0.5,1.0,0.45670751714732644,0.1841882042363025,0.214900102990994,0.17130806984808084,0.4101314112281986,0.004597755274727479,200.0,13.208139792662235,0.03333333333333333,0,200.0,180.0,29,30,180,180,0
isolated_n_step,1977798690,1.5,0.5,1.0,0.5010645014398806,0.16875300212022618,0.14663920236166517,0.29159138634143394,0.9815696706715006,0.2388061916897724,200.0,14.01226805742045,0.03333333333333333,0,200.0,180.0,29,30,180,180,0
few_step_distilled,1977798690,1.5,0.5,1.0,0.46520318766180807,0.16793568344171536,0.15727216265953176,0.34250242790001556,0.6576331524118698,0.08466419838499063,75.00000000000001,13.269361086646217,0.0125,0,75.00000000000001,60.0,30,30,60,60,0
streaming_no_causal,1977798690,1.5,0.5,0.0,0.5117601045549296,0.29196112703718696,0.2652785087463332,0.3101674958785143,0.8009434994768456,0.06249669227399784,55.172413793103445,13.800643412654676,0.03333333333333333,0,200.0,180.0,29,30,35,195,0
streaming_causal,1977798690,1.5,0.5,1.0,0.5263023382702451,0.17594878745989123,0.10999243964897049,0.03569232199285569,0.06097661312416307,0.0018262219803664979,55.172413793103445,12.712083465185842,0.03333333333333333,0,200.0,180.0,29,30,35,195,644
future_state_conditioned,1977798690,1.5,0.5,1.0,0.5226348102260039,0.17034958534942501,0.11067208137526768,0.14061145618623,0.34341628135856095,0.0053874833501909416,200.0,12.977260964412073,0.03333333333333333,0,200.0,180.0,29,30,180,180,0
isolated_n_step,3978932256,1.5,0.5,1.0,0.4858003060453282,0.07468727586037428,0.13342901983393618,0.29737685791961094,0.9453571659315457,0.20370024729247393,200.0,13.983413470990978,0.03333333333333333,0,200.0,180.0,29,30,180,180,0
few_step_distilled,3978932256,1.5,0.5,1.0,0.4562674619412239,0.08722424792675748,0.13817306344487115,0.27579235507655436,0.6409702300477085,0.0723406388313674,75.00000000000001,12.241587925488878,0.0125,0,75.00000000000001,60.0,30,30,60,60,0
streaming_no_causal,3978932256,1.5,0.5,1.0,0.5069351396436538,0.19605124592303613,0.16002491074009442,0.3004650136725671,0.6477556744387012,0.05237772984371173,55.172413793103445,13.58890967166134,0.03333333333333333,0,200.0,180.0,29,30,35,195,0
streaming_causal,3978932256,1.5,0.5,1.0,0.5176923915846974,0.07333608361054167,0.1332423109684301,0.040817812515696585,0.08094181194352489,0.0016095217773202273,55.172413793103445,12.645419791784136,0.03333333333333333,0,200.0,180.0,29,30,35,195,644
future_state_conditioned,3978932256,1.5,0.5,1.0,0.51354498597667,0.07315361866567217,0.1275228743209688,0.14931412177128167,0.3375444869020418,0.004736934859755218,200.0,12.984659905869158,0.03333333333333333,0,200.0,180.0,29,30,180,180,0
isolated_n_step,298591763,1.5,0.5,1.0,0.4755412911631683,0.07577387137732723,0.10909128530778005,0.3898825788549849,1.048091195843251,0.21122728618834155,200.0,14.726432127080246,0.03333333333333333,0,200.0,180.0,29,30,180,180,0
few_step_distilled,298591763,1.5,0.5,1.0,0.4324341586590478,0.11225198327077555,0.0960417068365374,0.3336802798006361,0.7577867896167405,0.07332151493098692,75.00000000000001,13.917936384372744,0.0125,0,75.00000000000001,60.0,30,30,60,60,0
streaming_no_causal,298591763,1.5,0.5,0.0,0.47523860216894115,0.220009981743342,0.2575132324355161,0.34825046031003204,0.6504616652944307,0.05356379799408708,55.172413793103445,13.90674218488215,0.03333333333333333,0,200.0,180.0,29,30,35,195,0
streaming_causal,298591763,1.5,0.5,1.0,0.47341158685508733,0.1177967121153921,0.0773278041269046,0.03469695815149744,0.06446006116822778,0.0015779283063590064,55.172413793103445,12.717761352418796,0.03333333333333333,0,200.0,180.0,29,30,35,195,644
future_state_conditioned,298591763,1.5,0.5,1.0,0.47303688553437573,0.11773463133989565,0.07647057052283154,0.1545138623581868,0.33375437550195974,0.004774204154843309,200.0,13.017103717326615,0.03333333333333333,0,200.0,180.0,29,30,180,180,0
isolated_n_step,353104086,1.5,0.5,1.0,0.5043358880646109,0.17718420320182454,0.21661804571986476,0.3067335258007379,1.083792189108563,0.1845696169096422,200.0,14.213952800459479,0.03333333333333333,0,200.0,180.0,29,30,180,180,0
few_step_distilled,353104086,1.5,0.5,0.0,0.4771384437666395,0.20479261108437194,0.21233558635785785,0.29941244702750663,0.5876564437562911,0.06450964325257823,75.00000000000001,12.6323750750086,0.0125,0,75.00000000000001,60.0,30,30,60,60,0
streaming_no_causal,353104086,1.5,0.5,1.0,0.5187490499614864,0.17911949911329206,0.1157504559139741,0.359316724444721,0.8869501049623583,0.04907980690159874,55.172413793103445,14.139350192560569,0.03333333333333333,0,200.0,180.0,29,30,35,195,0
streaming_causal,353104086,1.5,0.5,1.0,0.5134293502849799,0.18812661776856424,0.22102081396273002,0.030946973909529846,0.05615170742867736,0.0015224933211894559,55.172413793103445,12.71199464102732,0.03333333333333333,0,200.0,180.0,29,30,35,195,644
future_state_conditioned,353104086,1.5,0.5,1.0,0.5103153488060502,0.1822893679297434,0.2091572054901338,0.12937673835449018,0.33893456270246164,0.004775647881702462,200.0,12.919077181019068,0.03333333333333333,0,200.0,180.0,29,30,180,180,0
isolated_n_step,1930998183,1.5,0.5,1.0,0.48018616132909425,0.1601304674279077,0.10868651069534938,0.3784028659182411,1.1932928966782084,0.2174803502323477,200.0,14.81023617754288,0.03333333333333333,0,200.0,180.0,29,30,180,180,0
few_step_distilled,1930998183,1.5,0.5,1.0,0.44492721306087435,0.1745208759307803,0.07173851375948151,0.3121334543007902,0.7517764306683818,0.07535952479696192,75.00000000000001,13.658795182702807,0.0125,0,75.00000000000001,60.0,30,30,60,60,0
streaming_no_causal,1930998183,1.5,0.5,0.0,0.4798304040144235,0.2884503513502158,0.20057385198459593,0.35709881526251486,0.7761591031436619,0.05455892395775029,55.172413793103445,13.931183154622415,0.03333333333333333,0,200.0,180.0,29,30,35,195,0
streaming_causal,1930998183,1.5,0.5,1.0,0.48057833973252245,0.16539764742501978,0.025065883595009802,0.04431804869388384,0.09667426545534782,0.0016925701313924315,55.172413793103445,12.78574343760546,0.03333333333333333,0,200.0,180.0,29,30,35,195,644
future_state_conditioned,1930998183,1.5,0.5,1.0,0.4785722862167842,0.15599727768399968,0.01704677087946078,0.15333111410113637,0.42800549832810636,0.005046405403089825,200.0,13.087130310311888,0.03333333333333333,0,200.0,180.0,29,30,180,180,0
isolated_n_step,3259512160,1.5,0.5,1.0,0.5050925210791625,0.13898924949388006,0.118070627599601,0.27217771405146224,0.7196053020094697,0.24637151018859574,200.0,13.565328252178581,0.03333333333333333,0,200.0,180.0,29,30,180,180,0
few_step_distilled,3259512160,1.5,0.5,1.0,0.46567584515321375,0.12344933752607767,0.10181596539338339,0.2623908256368557,0.5018440852337711,0.08933947523795252,75.00000000000001,12.828896742446652,0.0125,0,75.00000000000001,60.0,30,30,60,60,0
streaming_no_causal,3259512160,1.5,0.5,0.0,0.5318934555253583,0.2769462984062301,0.16760316272391396,0.28631324471803754,0.5233644417695749,0.06291494275078628,55.172413793103445,13.357791804637019,0.03333333333333333,0,200.0,180.0,29,30,35,195,0
streaming_causal,3259512160,1.5,0.5,1.0,0.547214008930819,0.10278893190635319,0.0778355808877836,0.03675901289367415,0.0723840101356132,0.0016987840557115413,55.172413793103445,12.567791174176675,0.03333333333333333,0,200.0,180.0,29,30,35,195,644
future_state_conditioned,3259512160,1.5,0.5,1.0,0.5407140155728569,0.0993378789565855,0.07436706858490559,0.15881349462708108,0.3049662881005294,0.0051188999156694835,200.0,12.950378194941882,0.03333333333333333,0,200.0,180.0,29,30,180,180,0
isolated_n_step,192303117,1.5,0.5,1.0,0.4790573538586956,0.04524431520438105,0.09413702535656852,0.305330440772293,0.8485522314463904,0.19966554353556595,200.0,13.900214643801789,0.03333333333333333,0,200.0,180.0,29,30,180,180,0
few_step_distilled,192303117,1.5,0.5,1.0,0.44845533599074955,0.07240769080635276,0.06788567931359181,0.3042208957013766,0.5798175301983421,0.07401737533319921,75.00000000000001,13.044216436126748,0.0125,0,75.00000000000001,60.0,30,30,60,60,0
streaming_no_causal,192303117,1.5,0.5,0.0,0.4995852759084426,0.23301487093662102,0.12794630659112408,0.31303627058651534,0.47018055857596774,0.05303019559299669,55.172413793103445,13.525168043323752,0.03333333333333333,0,200.0,180.0,29,30,35,195,0
streaming_causal,192303117,1.5,0.5,1.0,0.5152109575500521,0.09673891044346712,0.09662898417747301,0.03976354744086775,0.07132080031809215,0.00155103467863067,55.172413793103445,12.624585865421322,0.03333333333333333,0,200.0,180.0,29,30,35,195,644
future_state_conditioned,192303117,1.5,0.5,1.0,0.5117635406071495,0.09605021592864818,0.08815876143739429,0.15318789518959866,0.35528808582617283,0.00455580226589612,200.0,12.953996582277133,0.03333333333333333,0,200.0,180.0,29,30,180,180,0
isolated_n_step,1216023406,1.5,0.5,1.0,0.47974465379588205,0.16602829917699985,0.2164078329791498,0.3625688262940608,1.028384519429145,0.2611225821555376,200.0,14.491391735431838,0.03333333333333333,0,200.0,180.0,29,30,180,180,0
few_step_distilled,1216023406,1.5,0.5,1.0,0.4471689343986179,0.15028200930913876,0.19901050135432613,0.3114808548338026,0.7133184067072261,0.09222384586610505,75.00000000000001,12.42718275856647,0.0125,0,75.00000000000001,60.0,30,30,60,60,0
streaming_no_causal,1216023406,1.5,0.5,0.0,0.4793692343857192,0.30342368287033705,0.27889802640731565,0.277147946214833,0.6002259681391188,0.06483079538880232,55.172413793103445,13.520697953736152,0.03333333333333333,0,200.0,180.0,29,30,35,195,0
streaming_causal,1216023406,1.5,0.5,1.0,0.5000333754690586,0.1495354195918222,0.17478820814452936,0.05035456153041858,0.09485056796610523,0.0018067717244819434,55.172413793103445,12.732454461937028,0.03333333333333333,0,200.0,180.0,29,30,35,195,644
future_state_conditioned,1216023406,1.5,0.5,1.0,0.4968951125741283,0.14356819341680338,0.16906876297079504,0.17899583881546824,0.38790758189288477,0.005023149179076129,200.0,13.091924140984238,0.03333333333333333,0,200.0,180.0,29,30,180,180,0
isolated_n_step,2984998693,1.5,0.5,1.0,0.4647718648851796,0.17435325851799727,0.2270446447541395,0.3584095150808437,0.9624012675019211,0.22337935574743895,200.0,14.535980117764396,0.03333333333333333,0,200.0,180.0,29,30,180,180,0
few_step_distilled,2984998693,1.5,0.5,1.0,0.4312648061244136,0.16787523735878168,0.20838389464834364,0.35422576888445456,0.6281338625104156,0.08003813116692164,75.00000000000001,12.959616297710337,0.0125,0,75.00000000000001,60.0,30,30,60,60,0
streaming_no_causal,2984998693,1.5,0.5,0.0,0.46824221399866234,0.33239641278783766,0.29716615257399803,0.28929883789609984,0.4423732199116365,0.05620792281920874,55.172413793103445,13.51317487018219,0.03333333333333333,0,200.0,180.0,29,30,35,195,0
streaming_causal,2984998693,1.5,0.5,1.0,0.4801545392403739,0.17048012963175677,0.17594994783655446,0.04459952740387413,0.09031269260088669,0.001621777080042721,55.172413793103445,12.744098885053184,0.03333333333333333,0,200.0,180.0,29,30,35,195,644
future_state_conditioned,2984998693,1.5,0.5,1.0,0.47876304851271934,0.16276601690958195,0.16319110341159515,0.1881326158121743,0.4023693620702135,0.004735664523508854,200.0,13.120318614595355,0.03333333333333333,0,200.0,180.0,29,30,180,180,0
isolated_n_step,1854763195,1.5,0.5,1.0,0.45791874394316917,0.15837594501575813,0.06047999484056979,0.3461718817783996,1.0093459983851907,0.1884604047016917,200.0,14.596082673010615,0.03333333333333333,0,200.0,180.0,29,30,180,180,0
few_step_distilled,1854763195,1.5,0.5,1.0,0.41881933611224204,0.1638452998003343,0.06547777537736449,0.3108240456972883,0.628213219237733,0.06364914470441448,75.00000000000001,12.372351860787328,0.0125,0,75.00000000000001,60.0,30,30,60,60,0
streaming_no_causal,1854763195,1.5,0.5,0.0,0.456212162407137,0.23006400709006916,0.21980244071227942,0.31733085075585815,0.45891386956280994,0.047971445593779534,55.172413793103445,13.684809916066268,0.03333333333333333,0,200.0,180.0,29,30,35,195,0
streaming_causal,1854763195,1.5,0.5,1.0,0.46118084642742685,0.19079509181277457,0.0789331782424681,0.03635491220802545,0.06463459890529423,0.001519394552932767,55.172413793103445,12.779883149576506,0.03333333333333333,0,200.0,180.0,29,30,35,195,644
future_state_conditioned,1854763195,1.5,0.5,1.0,0.46112006883258316,0.1866344742508672,0.07812077974762452,0.16038000296681076,0.32981705966182934,0.0045127786356049275,200.0,13.10310373203042,0.03333333333333333,0,200.0,180.0,29,30,180,180,0
isolated_n_step,1662675539,1.5,0.5,0.0,0.4809923108230605,0.2082303032072835,0.0648657299511706,0.36267990702580627,1.2052647868434012,0.1829153962556627,200.0,14.74584373734477,0.03333333333333333,0,200.0,180.0,29,30,180,180,0
few_step_distilled,1662675539,1.5,0.5,0.0,0.4440600393587327,0.2241465307204554,0.043546015772392185,0.30428688845145796,0.654306626815002,0.06211319663695836,75.00000000000001,12.808158291922089,0.0125,0,75.00000000000001,60.0,30,30,60,60,0
streaming_no_causal,1662675539,1.5,0.5,1.0,0.47767062231259694,0.19770275707908871,0.19933218133241273,0.3412053101522857,0.8272883279356769,0.04729076743909861,55.172413793103445,13.918792427655024,0.03333333333333333,0,200.0,180.0,29,30,35,195,0
streaming_causal,1662675539,1.5,0.5,0.0,0.4744380803401375,0.22299709276527085,0.09363569151686205,0.038114231543546,0.0766041263530164,0.0015191213529571427,55.172413793103445,12.763698273934834,0.03333333333333333,0,200.0,180.0,29,30,35,195,644
future_state_conditioned,1662675539,1.5,0.5,0.0,0.4736095735370314,0.21709181525508545,0.0988678924467119,0.13081123893256885,0.3336081463164166,0.004152868381814956,200.0,13.010547912052495,0.03333333333333333,0,200.0,180.0,29,30,180,180,0
isolated_n_step,3082036513,1.5,0.5,1.0,0.48295723619073244,0.11242055672170484,0.08469070527214477,0.3025481523022961,0.9478620831181027,0.22141649264612678,200.0,14.031450393139078,0.03333333333333333,0,200.0,180.0,29,30,180,180,0
few_step_distilled,3082036513,1.5,0.5,1.0,0.457597303379966,0.12107934985996173,0.09276360861711014,0.3299643914248906,0.741358154462033,0.08047821963650711,75.00000000000001,13.02674384255009,0.0125,0,75.00000000000001,60.0,30,30,60,60,0
streaming_no_causal,3082036513,1.5,0.5,0.0,0.4988193502378578,0.27001004730766864,0.21628325304292995,0.29119791058767464,0.56975646472926,0.058704968875263615,55.172413793103445,13.504983879253942,0.03333333333333333,0,200.0,180.0,29,30,35,195,0
streaming_causal,3082036513,1.5,0.5,1.0,0.5202138026496975,0.14858389416925186,0.06972202160113465,0.03878675725287629,0.08689139374083665,0.00175974284865417,55.172413793103445,12.680173883627338,0.03333333333333333,0,200.0,180.0,29,30,35,195,644
future_state_conditioned,3082036513,1.5,0.5,1.0,0.5164103170263145,0.14799913412880125,0.06740682233869134,0.16308711430892847,0.3962784338569756,0.005055874361734741,200.0,13.02463172257913,0.03333333333333333,0,200.0,180.0,29,30,180,180,0
isolated_n_step,88179583,1.5,0.5,1.0,0.4661988282617402,0.16974544103207131,0.21415642874149998,0.3625766208174895,1.1495951026424234,0.16678024868215602,200.0,14.736346865969079,0.03333333333333333,0,200.0,180.0,29,30,180,180,0
few_step_distilled,88179583,1.5,0.5,1.0,0.4316406044962183,0.18472171112627692,0.17875730676329754,0.26562753459308736,0.6804460718836287,0.05654555285004566,75.00000000000001,12.751392462516417,0.0125,0,75.00000000000001,60.0,30,30,60,60,0
streaming_no_causal,88179583,1.5,0.5,1.0,0.4643331040927524,0.1587734059251033,0.2645097053072157,0.312337311509987,0.7600303278056774,0.04209369235075222,55.172413793103445,13.725320077441614,0.03333333333333333,0,200.0,180.0,29,30,35,195,0
streaming_causal,88179583,1.5,0.5,1.0,0.464224593397627,0.185930941194023,0.150277215493867,0.03444269926569797,0.060381537377401574,0.00135792546953039,55.172413793103445,12.751685758795508,0.03333333333333333,0,200.0,180.0,29,30,35,195,644
future_state_conditioned,88179583,1.5,0.5,1.0,0.4642172632150271,0.18219122305887786,0.14251008787314068,0.13985583939984353,0.3668368014398444,0.004066302378725898,200.0,13.045619434508867,0.03333333333333333,0,200.0,180.0,29,30,180,180,0
isolated_n_step,3178096327,1.5,0.5,0.0,0.5074507868034198,0.20326551184640576,0.12396058581986245,0.3172145349477544,1.0755628717795314,0.1977696032674447,200.0,14.288707379952164,0.03333333333333333,0,200.0,180.0,29,30,180,180,0
few_step_distilled,3178096327,1.5,0.5,0.0,0.46554757837023425,0.209458683654369,0.15827189853290466,0.3380204786552255,0.7244593687133561,0.06938474388628806,75.00000000000001,13.216258868103132,0.0125,0,75.00000000000001,60.0,30,30,60,60,0
streaming_no_causal,3178096327,1.5,0.5,0.0,0.5175257870797705,0.23225651203062744,0.04381509985920715,0.3603089885818112,0.8868472423304536,0.052094514484977456,55.172413793103445,14.10295593409518,0.03333333333333333,0,200.0,180.0,29,30,35,195,0
streaming_causal,3178096327,1.5,0.5,1.0,0.5171187409559447,0.19977655285463927,0.16033339020832416,0.03543692617627044,0.06391881956103447,0.0016018958819398706,55.172413793103445,12.708497304467887,0.03333333333333333,0,200.0,180.0,29,30,35,195,644
future_state_conditioned,3178096327,1.5,0.5,1.0,0.5129904603200415,0.18814306513950516,0.15647113672092236,0.1355227560613522,0.37099398421381996,0.005064169970764992,200.0,12.994575291528212,0.03333333333333333,0,200.0,180.0,29,30,180,180,0
isolated_n_step,2942551276,1.5,0.5,1.0,0.46686925609031815,0.17849835701051894,0.2393330187513293,0.3453696490196593,0.9547914738737255,0.2027468216618169,200.0,14.428876510787589,0.03333333333333333,0,200.0,180.0,29,30,180,180,0
few_step_distilled,2942551276,1.5,0.5,1.0,0.4377511736249675,0.1836231389050039,0.20136044616802895,0.2910456471689437,0.6142318077420502,0.0739581025221737,75.00000000000001,13.34240817175968,0.0125,0,75.00000000000001,60.0,30,30,60,60,0
streaming_no_causal,2942551276,1.5,0.5,0.0,0.46496516344131145,0.2507622594007725,0.2836674005546231,0.26012615589341775,0.43086596642075536,0.052978803504048,55.172413793103445,13.41188371686898,0.03333333333333333,0,200.0,180.0,29,30,35,195,0
streaming_causal,2942551276,1.5,0.5,0.0,0.488443710823558,0.20363295764193823,0.19368815011862092,0.04622266106911616,0.092347669970293,0.0015814233603016628,55.172413793103445,12.73194579287202,0.03333333333333333,0,200.0,180.0,29,30,35,195,644
future_state_conditioned,2942551276,1.5,0.5,0.0,0.4874047927907955,0.20002477792306694,0.1861760163085584,0.18261330162015435,0.3878533096508793,0.005053936294526402,200.0,13.09034756313665,0.03333333333333333,0,200.0,180.0,29,30,180,180,0
isolated_n_step,3656825094,1.5,0.5,1.0,0.5045687676829157,0.12817240235933108,0.11459957314412465,0.2627360434029759,0.7903269455437207,0.2439305750045957,200.0,13.648270137405351,0.03333333333333333,0,200.0,180.0,29,30,180,180,0
few_step_distilled,3656825094,1.5,0.5,1.0,0.4741016152500638,0.1305210756015809,0.06581083166142863,0.3107245261432901,0.6025129590489567,0.08847505997566957,75.00000000000001,12.919431059793446,0.0125,0,75.00000000000001,60.0,30,30,60,60,0
streaming_no_causal,3656825094,1.5,0.5,0.0,0.52504029066306,0.20127003897237764,0.19787039724221472,0.28463633071239397,0.6149764200515438,0.06351635927993858,55.172413793103445,13.50088692780592,0.03333333333333333,0,200.0,180.0,29,30,35,195,0
streaming_causal,3656825094,1.5,0.5,1.0,0.5463371020306557,0.1293388302075192,0.055304197096863836,0.03496959513601211,0.08585629071726321,0.0018598136042768298,55.172413793103445,12.615654541182094,0.03333333333333333,0,200.0,180.0,29,30,35,195,644
future_state_conditioned,3656825094,1.5,0.5,1.0,0.5400555344911874,0.1263795589936341,0.04511896999952894,0.15666133547204145,0.2894442855317902,0.005611615035124285,200.0,12.977512589501288,0.03333333333333333,0,200.0,180.0,29,30,180,180,0
isolated_n_step,1149202590,1.5,0.5,1.0,0.46256713128651455,0.14546044146957582,0.11492773016415798,0.3278132165201684,1.0664353597724088,0.19928490140867738,200.0,14.584937192021613,0.03333333333333333,0,200.0,180.0,29,30,180,180,0
few_step_distilled,1149202590,1.5,0.5,1.0,0.43226456155914444,0.15173446844409283,0.11376152917015439,0.28559476614318047,0.6248099792794257,0.06856336039258712,75.00000000000001,13.14521325777327,0.0125,0,75.00000000000001,60.0,30,30,60,60,0
streaming_no_causal,1149202590,1.5,0.5,0.0,0.46857879572699457,0.2591323011968406,0.19385396386150042,0.30236949128889484,0.55367378073025,0.050027386399348436,55.172413793103445,13.659406499327176,0.03333333333333333,0,200.0,180.0,29,30,35,195,0
streaming_causal,1149202590,1.5,0.5,1.0,0.46794527149260107,0.1548801524764747,0.11571250549170363,0.03983993262031294,0.06695022260607603,0.0015858261066334768,55.172413793103445,12.76889019048175,0.03333333333333333,0,200.0,180.0,29,30,35,195,644
future_state_conditioned,1149202590,1.5,0.5,1.0,0.4683204004261847,0.15325736137870966,0.11888706184236013,0.16577307336086206,0.35738316602315373,0.004800220960079138,200.0,13.128828193856268,0.03333333333333333,0,200.0,180.0,29,30,180,180,0
isolated_n_step,278332285,1.5,0.5,1.0,0.4692069854457789,0.19032577293025965,0.23299750037435726,0.3798523870959897,1.1004648000071766,0.20140142382178758,200.0,14.779532916039852,0.03333333333333333,0,200.0,180.0,29,30,180,180,0
few_step_distilled,278332285,1.5,0.5,1.0,0.42707916034660115,0.184204352798551,0.21224866835709214,0.31240178937825147,0.6174149610173972,0.06949258089158841,75.00000000000001,12.72365789617828,0.0125,0,75.00000000000001,60.0,30,30,60,60,0
streaming_no_causal,278332285,1.5,0.5,0.0,0.4628376497106353,0.232185771334024,0.244063476918358,0.30943789126453175,0.644506162950196,0.050357469478647644,55.172413793103445,13.739331209610173,0.03333333333333333,0,200.0,180.0,29,30,35,195,0
streaming_causal,278332285,1.5,0.5,1.0,0.4673321827299596,0.18131989960438477,0.21953122526019272,0.03780506294708067,0.070655512207348,0.0015557758550209448,55.172413793103445,12.782909254566574,0.03333333333333333,0,200.0,180.0,29,30,35,195,644
future_state_conditioned,278332285,1.5,0.5,1.0,0.46616121039488506,0.1751687840851564,0.2139596668298432,0.14087381445805908,0.30157825553824186,0.004562074521369814,200.0,13.05710195528712,0.03333333333333333,0,200.0,180.0,29,30,180,180,0
isolated_n_step,2135351787,1.5,0.5,1.0,0.4917700850952829,0.11188268070405578,0.06296015219871877,0.31009041645882746,0.8093139524755861,0.1894248235937853,200.0,13.786235764692108,0.03333333333333333,0,200.0,180.0,29,30,180,180,0
few_step_distilled,2135351787,1.5,0.5,1.0,0.45469528283308386,0.10489403070478104,0.08492377748876129,0.33499751031369973,0.6566830848987916,0.0683321698590007,75.00000000000001,12.913086480063555,0.0125,0,75.00000000000001,60.0,30,30,60,60,0
streaming_no_causal,2135351787,1.5,0.5,1.0,0.5137848610137924,0.16404813582720235,0.0529021783711484,0.26425209599886657,0.5175123746823487,0.048837915449790346,55.172413793103445,13.338459939801814,0.03333333333333333,0,200.0,180.0,29,30,35,195,0
streaming_causal,2135351787,1.5,0.5,1.0,0.5307756927471262,0.08623585102248463,0.06660203149231633,0.03964435114260973,0.08007056641973359,0.0014966235370893163,55.172413793103445,12.602667596097803,0.03333333333333333,0,200.0,180.0,29,30,35,195,644
future_state_conditioned,2135351787,1.5,0.5,1.0,0.5251819759982524,0.08399587202658994,0.06649527398451845,0.15611502609715414,0.40396593276932263,0.004540529641792279,200.0,12.963749698166982,0.03333333333333333,0,200.0,180.0,29,30,180,180,0
isolated_n_step,737083092,1.5,0.5,0.0,0.48817838899419386,0.2178719876104286,0.04847799054140795,0.3555823047035128,1.157408051751355,0.21740654918555727,200.0,14.558526086349483,0.03333333333333333,0,200.0,180.0,29,30,180,180,0
few_step_distilled,737083092,1.5,0.5,0.0,0.4537951119307631,0.22945729164684603,0.07333202410465242,0.29653840158060163,0.5802984225580629,0.07507391569261589,75.00000000000001,13.175658331680655,0.0125,0,75.00000000000001,60.0,30,30,60,60,0
streaming_no_causal,737083092,1.5,0.5,0.0,0.4874207150117934,0.2607853006871732,0.24661673556405464,0.3342157460835885,0.8265207662583393,0.05609093961418936,55.172413793103445,13.898204344186864,0.03333333333333333,0,200.0,180.0,29,30,35,195,0
streaming_causal,737083092,1.5,0.5,0.0,0.49307392694515095,0.23666843035240193,0.0821480323230704,0.036562844823142523,0.0680550693828341,0.0016392105045241487,55.172413793103445,12.77192679551184,0.03333333333333333,0,200.0,180.0,29,30,35,195,644
future_state_conditioned,737083092,1.5,0.5,0.0,0.4917925986126556,0.23010508575592314,0.08755984453903835,0.1459980568885652,0.33579186471909594,0.004986180867746768,200.0,13.004609046726843,0.03333333333333333,0,200.0,180.0,29,30,180,180,0
isolated_n_step,2830485315,1.5,0.5,0.0,0.4966897111963322,0.20954550325060015,0.14819730134138673,0.34779121950154496,0.9982199868131348,0.16818807301871846,200.0,14.214527776807259,0.03333333333333333,0,200.0,180.0,29,30,180,180,0
few_step_distilled,2830485315,1.5,0.5,0.0,0.45897679638157673,0.20276712841316302,0.1698743569894365,0.3334978611435487,0.6176291236445806,0.06086041432589304,75.00000000000001,13.709049670592984,0.0125,0,75.00000000000001,60.0,30,30,60,60,0
streaming_no_causal,2830485315,1.5,0.5,1.0,0.5056138297590357,0.16619774627818526,0.1345984532084059,0.3309239314565097,0.7239998086665123,0.04626022830762591,55.172413793103445,13.891433140887969,0.03333333333333333,0,200.0,180.0,29,30,35,195,0
streaming_causal,2830485315,1.5,0.5,1.0,0.5141497076342655,0.19190324224258823,0.16680990808894802,0.03614205674865873,0.07384404242502032,0.0015674179747051328,55.172413793103445,12.707237330435264,0.03333333333333333,0,200.0,180.0,29,30,35,195,644
future_state_conditioned,2830485315,1.5,0.5,1.0,0.5098354408542186,0.18869899291258035,0.16632684909816062,0.14233584637595623,0.4050860941214088,0.004731865495234539,200.0,13.060721449695796,0.03333333333333333,0,200.0,180.0,29,30,180,180,0
isolated_n_step,3567671934,1.5,0.5,1.0,0.4774458451745974,0.1500082388631064,0.11832424287195459,0.28520404477896383,0.9974413784593609,0.1886638199366038,200.0,14.20773291617115,0.03333333333333333,0,200.0,180.0,29,30,180,180,0
few_step_distilled,3567671934,1.5,0.5,1.0,0.44698529979967494,0.16842826006369988,0.12013259147973586,0.3226571779581467,0.6497549620311367,0.0667925388420889,75.00000000000001,13.164828741785152,0.0125,0,75.00000000000001,60.0,30,30,60,60,0
streaming_no_causal,3567671934,1.5,0.5,1.0,0.4898396770880249,0.17048798967098497,0.08721577945792491,0.31125437831603947,0.6027013988945336,0.05055887419264716,55.172413793103445,13.70451823799625,0.03333333333333333,0,200.0,180.0,29,30,35,195,0
streaming_causal,3567671934,1.5,0.5,1.0,0.4991693166830517,0.18470634915960205,0.1354697407225215,0.031949036687743626,0.09785788413304859,0.0016929760514008923,55.172413793103445,12.73952438395698,0.03333333333333333,0,200.0,180.0,29,30,35,195,644
future_state_conditioned,3567671934,1.5,0.5,1.0,0.4963220092569625,0.1770579368292496,0.13521161771037662,0.14314871209369787,0.3617808983915662,0.004917064561801918,200.0,12.997993700564429,0.03333333333333333,0,200.0,180.0,29,30,180,180,0
isolated_n_step,1502522483,1.5,0.5,1.0,0.47607606676017694,0.1592338374875861,0.1684644897511287,0.2976061852271587,1.0575818934036896,0.20592192659091696,200.0,14.303499340635131,0.03333333333333333,0,200.0,180.0,29,30,180,180,0
few_step_distilled,1502522483,1.5,0.5,1.0,0.45101540215067876,0.15550925323089387,0.17125869348153758,0.2956508627703597,0.572792788957964,0.0718386467375482,75.00000000000001,13.03501642891853,0.0125,0,75.00000000000001,60.0,30,30,60,60,0
streaming_no_causal,1502522483,1.5,0.5,0.0,0.4914790277822698,0.2538598026218857,0.15619119102356468,0.29467249606891094,0.702150802363884,0.05301416069779577,55.172413793103445,13.613206258716255,0.03333333333333333,0,200.0,180.0,29,30,35,195,0
streaming_causal,1502522483,1.5,0.5,1.0,0.4947542396471082,0.12967066276208283,0.14511533596770992,0.03777005315402437,0.07096220438478494,0.0014583280917393777,55.172413793103445,12.69778167889591,0.03333333333333333,0,200.0,180.0,29,30,35,195,644
future_state_conditioned,1502522483,1.5,0.5,1.0,0.4920741045360069,0.11847059208330495,0.1405937004019898,0.14879087843384067,0.3588517118518774,0.004402138838180189,200.0,13.017974777783843,0.03333333333333333,0,200.0,180.0,29,30,180,180,0
isolated_n_step,59359158,1.5,0.5,1.0,0.48508849673758936,0.12640416564161117,0.15567125598400383,0.26564295490368406,0.8306373011152723,0.19812154224294584,200.0,13.706690935576292,0.03333333333333333,0,200.0,180.0,29,30,180,180,0
few_step_distilled,59359158,1.5,0.5,1.0,0.44985884369979107,0.1170257818683202,0.1676464364396973,0.3048684674956085,0.6911844232354839,0.07179135043215693,75.00000000000001,13.610769575333807,0.0125,0,75.00000000000001,60.0,30,30,60,60,0
streaming_no_causal,59359158,1.5,0.5,0.0,0.5164125495853406,0.25559475634608797,0.1457385462383734,0.322815938554177,0.4974184025356894,0.05251232242473004,55.172413793103445,13.584638662954395,0.03333333333333333,0,200.0,180.0,29,30,35,195,0
streaming_causal,59359158,1.5,0.5,1.0,0.5248185142532134,0.09716539432249637,0.14313025781425273,0.03689324828638628,0.06981441674076684,0.001401764817990641,55.172413793103445,12.624202311696779,0.03333333333333333,0,200.0,180.0,29,30,35,195,644
future_state_conditioned,59359158,1.5,0.5,1.0,0.5200050196898967,0.09105910323307462,0.13905242252684585,0.1459832570716973,0.3407285613939247,0.0042310661432772775,200.0,12.928569759035158,0.03333333333333333,0,200.0,180.0,29,30,180,180,0
isolated_n_step,2146317967,1.5,0.5,0.0,0.4876285453370555,0.2044802451507819,0.11150685407682978,0.35188119427766246,0.9854346147895764,0.22309189133350604,200.0,14.436541697476999,0.03333333333333333,0,200.0,180.0,29,30,180,180,0
few_step_distilled,2146317967,1.5,0.5,0.0,0.44596528791863854,0.2029540452466556,0.08693054558612391,0.32040069976300356,0.5754597580952174,0.0767729513572413,75.00000000000001,13.452393406418558,0.0125,0,75.00000000000001,60.0,30,30,60,60,0
streaming_no_causal,2146317967,1.5,0.5,0.0,0.4866441205148234,0.2676095638897815,0.36103698713961396,0.3735974648444561,0.6562331989787679,0.05843541692307881,55.172413793103445,13.982566097382662,0.03333333333333333,0,200.0,180.0,29,30,35,195,0
streaming_causal,2146317967,1.5,0.5,0.0,0.49810614349307786,0.24798361014634207,0.054398998773316665,0.03563830068587782,0.07236981091984035,0.0018544609131124407,55.172413793103445,12.737258212203487,0.03333333333333333,0,200.0,180.0,29,30,35,195,644
future_state_conditioned,2146317967,1.5,0.5,0.0,0.4950406975218447,0.23661612140622,0.050353150776645685,0.14603705678937,0.38497841485007583,0.004996760555981975,200.0,13.024457261970054,0.03333333333333333,0,200.0,180.0,29,30,180,180,0
isolated_n_step,349069951,1.5,1.0,1.0,0.4923858013744882,0.1402853897536692,0.08711871545686467,0.3218000237901286,0.8772845022280095,0.2547848509751559,200.0,13.99242685179537,0.03333333333333333,0,200.0,180.0,29,30,180,180,0
few_step_distilled,349069951,1.5,1.0,1.0,0.4636164589482842,0.1408592928942754,0.10135467356737696,0.3386612453240413,0.629696068317716,0.09215761418242975,75.00000000000001,12.806462785132869,0.0125,0,75.00000000000001,60.0,30,30,60,60,0
streaming_no_causal,349069951,1.5,1.0,0.0,0.5052253227220176,0.24785580438511895,0.19677042991628102,0.2558468277328155,0.5598256509092191,0.06493739406782215,55.172413793103445,13.437476776607754,0.03333333333333333,0,200.0,180.0,29,30,35,195,0
streaming_causal,349069951,1.5,1.0,1.0,0.5294951680907255,0.14594221765576093,0.0709988521176198,0.046012478158138866,0.11001289452467045,0.0021344839758420447,55.172413793103445,12.649178484518368,0.03333333333333333,0,200.0,180.0,29,30,35,195,644
future_state_conditioned,349069951,1.5,1.0,1.0,0.5256167922466891,0.1425299825187832,0.07461520050169415,0.19366446318822586,0.5605774375219401,0.00608586431868761,200.0,13.16598809380278,0.03333333333333333,0,200.0,180.0,29,30,180,180,0
isolated_n_step,4261350624,1.5,1.0,1.0,0.446616949603113,0.18200206677945327,0.16914477429333438,0.35886093624910764,0.9781780093073671,0.22131674706855803,200.0,14.657322870618563,0.03333333333333333,0,200.0,180.0,29,30,180,180,0
few_step_distilled,4261350624,1.5,1.0,1.0,0.4178788857475212,0.17234830579201812,0.13385691749194195,0.3111618171043896,0.7369461893549034,0.07989633038705604,75.00000000000001,12.753014860282807,0.0125,0,75.00000000000001,60.0,30,30,60,60,0
streaming_no_causal,4261350624,1.5,1.0,0.0,0.4491976147523276,0.2787256337832999,0.322407234560098,0.24438000142276814,0.36243935875288913,0.057066201217175705,55.172413793103445,13.350560263352413,0.03333333333333333,0,200.0,180.0,29,30,35,195,0
streaming_causal,4261350624,1.5,1.0,1.0,0.4636484303996459,0.17859113744082894,0.08741720647521146,0.05325016780134529,0.1354233548029029,0.0018457447230138587,55.172413793103445,12.797340406477973,0.03333333333333333,0,200.0,180.0,29,30,35,195,644
future_state_conditioned,4261350624,1.5,1.0,1.0,0.4647857775495856,0.1784959465006306,0.093326525214865,0.21849501991108894,0.5389441180449004,0.005763493349880256,200.0,13.344335207546772,0.03333333333333333,0,200.0,180.0,29,30,180,180,0
isolated_n_step,2167815821,1.5,1.0,1.0,0.510743448245498,0.16700307262868003,0.21971258258425994,0.3796223699905433,0.9736904283738971,0.19711368651796918,200.0,14.40391912224817,0.03333333333333333,0,200.0,180.0,29,30,180,180,0
few_step_distilled,2167815821,1.5,1.0,1.0,0.47390303705219833,0.1737639082373987,0.21481028894500453,0.32872262696385035,0.705279463859174,0.06839272820795123,75.00000000000001,12.724386409847453,0.0125,0,75.00000000000001,60.0,30,30,60,60,0
streaming_no_causal,2167815821,1.5,1.0,1.0,0.5246473121498706,0.18889833175568962,0.13362542789198953,0.40176252820209857,0.8263767592181592,0.052732406657162584,55.172413793103445,14.245247232779885,0.03333333333333333,0,200.0,180.0,29,30,35,195,0
streaming_causal,2167815821,1.5,1.0,1.0,0.5312780942257682,0.18548076283651868,0.21565122995999145,0.04522554628773285,0.10669675806808186,0.002162098410419472,55.172413793103445,12.679658492822151,0.03333333333333333,0,200.0,180.0,29,30,35,195,644
future_state_conditioned,2167815821,1.5,1.0,1.0,0.5246666022562366,0.17274235486662132,0.19973788949591417,0.18616688829253272,0.4775684597589828,0.005741583940222696,200.0,13.196773834323213,0.03333333333333333,0,200.0,180.0,29,30,180,180,0
isolated_n_step,3962811343,1.5,1.0,1.0,0.48999620041802366,0.11066661947460177,0.03882374678543034,0.3489810783892908,0.8242085195636876,0.2422318549751215,200.0,14.114060532729011,0.03333333333333333,0,200.0,180.0,29,30,180,180,0
few_step_distilled,3962811343,1.5,1.0,1.0,0.45319998990837645,0.09332948957802696,0.08319208028263042,0.31067203150751327,0.4759306417320568,0.08839229520502391,75.00000000000001,12.256118939812588,0.0125,0,75.00000000000001,60.0,30,30,60,60,0
streaming_no_causal,3962811343,1.5,1.0,0.0,0.5025914242432483,0.3025994274370377,0.11211493951911111,0.32841907814954124,0.4854626074955925,0.06196257928426717,55.172413793103445,13.673059862380725,0.03333333333333333,0,200.0,180.0,29,30,35,195,0
streaming_causal,3962811343,1.5,1.0,1.0,0.522054946597559,0.06834155768609136,0.052253663621078625,0.049925300646141244,0.07878791817340712,0.0021514649583824633,55.172413793103445,12.639457071477713,0.03333333333333333,0,200.0,180.0,29,30,35,195,644
future_state_conditioned,3962811343,1.5,1.0,1.0,0.5167866079813646,0.07157580638095139,0.054193915129858994,0.20220008863512992,0.4763677683633537,0.006240460806015002,200.0,13.18453487380597,0.03333333333333333,0,200.0,180.0,29,30,180,180,0
isolated_n_step,2400308532,1.5,1.0,1.0,0.4729208223049247,0.19512347752468986,0.11214834682862343,0.3543225499466903,0.8992126118574739,0.16871787777093353,200.0,14.262340675316715,0.03333333333333333,0,200.0,180.0,29,30,180,180,0
few_step_distilled,2400308532,1.5,1.0,1.0,0.4363157284635242,0.1856860573753967,0.1132070826351964,0.32610352629421374,0.6096285387031456,0.06098036956727449,75.00000000000001,13.531199782580233,0.0125,0,75.00000000000001,60.0,30,30,60,60,0
streaming_no_causal,2400308532,1.5,1.0,1.0,0.48284396153228687,0.06918912486182617,0.08944761402117887,0.290434853962049,0.5249776009919416,0.04480950227283425,55.172413793103445,13.513924745149446,0.03333333333333333,0,200.0,180.0,29,30,35,195,0
streaming_causal,2400308532,1.5,1.0,1.0,0.5012654380904696,0.18231250915937916,0.16808432143020316,0.043901072404747436,0.12800289857802913,0.0016287271534256823,55.172413793103445,12.676907726915886,0.03333333333333333,0,200.0,180.0,29,30,35,195,644
future_state_conditioned,2400308532,1.5,1.0,1.0,0.49969974406973433,0.18473905932020682,0.16375448868975362,0.19842073609112992,0.6193009580212491,0.005320593561481699,200.0,13.298380365449326,0.03333333333333333,0,200.0,180.0,29,30,180,180,0
isolated_n_step,1977364431,1.5,1.0,1.0,0.498252850165886,0.16679629724862205,0.12650690881767254,0.33604725593881224,0.8238706880645291,0.2701873722753805,200.0,14.079405531539344,0.03333333333333333,0,200.0,180.0,29,30,180,180,0
few_step_distilled,1977364431,1.5,1.0,1.0,0.4651582196418574,0.15543773978086214,0.1268103513237068,0.3490328926411811,0.70065672801293,0.09764379738938844,75.00000000000001,13.390869783266309,0.0125,0,75.00000000000001,60.0,30,30,60,60,0
streaming_no_causal,1977364431,1.5,1.0,0.0,0.5090555018606169,0.28072444498201454,0.3285273416007717,0.3510458064924154,0.5961058022369322,0.07051410842307215,55.172413793103445,13.794269027148,0.03333333333333333,0,200.0,180.0,29,30,35,195,0
streaming_causal,1977364431,1.5,1.0,1.0,0.5316544340278702,0.17647322230709234,0.08512752185328437,0.04665007900682133,0.11873414439294984,0.0021563532198033406,55.172413793103445,12.668853175509808,0.03333333333333333,0,200.0,180.0,29,30,35,195,644
future_state_conditioned,1977364431,1.5,1.0,1.0,0.5257532809941654,0.17119235820158524,0.08463451494299208,0.2067553446821708,0.48329516898220237,0.007193781466196456,200.0,13.204810062785448,0.03333333333333333,0,200.0,180.0,29,30,180,180,0
isolated_n_step,613627540,1.5,1.0,1.0,0.47112312409078866,0.17978635332548226,0.08289069930355998,0.3272900596162537,1.0751673159569917,0.17522809106465342,200.0,14.515460813637047,0.03333333333333333,0,200.0,180.0,29,30,180,180,0
few_step_distilled,613627540,1.5,1.0,1.0,0.4395082823186494,0.17775078878282063,0.10629837435576348,0.3123677230333254,0.6735722019452078,0.06017743314655499,75.00000000000001,13.58816580110082,0.0125,0,75.00000000000001,60.0,30,30,60,60,0
streaming_no_causal,613627540,1.5,1.0,0.0,0.4802648388634957,0.2209350178363316,0.060855160695494966,0.31509797333869577,0.6737981581673004,0.046016866751790834,55.172413793103445,13.747296002138908,0.03333333333333333,0,200.0,180.0,29,30,35,195,0
streaming_causal,613627540,1.5,1.0,1.0,0.4805321632364684,0.17231065838676488,0.13533486934929692,0.045329293825392525,0.11954133855262092,0.0017176500097085034,55.172413793103445,12.787563630441497,0.03333333333333333,0,200.0,180.0,29,30,35,195,644
future_state_conditioned,613627540,1.5,1.0,1.0,0.4807969459501448,0.17083181595938246,0.14469018247135015,0.19496174373529324,0.615256523767625,0.004927423150349679,200.0,13.26520089104283,0.03333333333333333,0,200.0,180.0,29,30,180,180,0
isolated_n_step,107870185,1.5,1.0,1.0,0.505154959327322,0.13157932956690985,0.1528886791357488,0.314721537877546,0.8054205407127878,0.21510341727285845,200.0,13.814703345159579,0.03333333333333333,0,200.0,180.0,29,30,180,180,0
few_step_distilled,107870185,1.5,1.0,1.0,0.46993720126919475,0.1520020901656192,0.11153649086414608,0.3073712695451813,0.654161910487606,0.07936720826432399,75.00000000000001,13.071230025427985,0.0125,0,75.00000000000001,60.0,30,30,60,60,0
streaming_no_causal,107870185,1.5,1.0,0.0,0.5290893209162187,0.21888421538991099,0.16105875493718763,0.341710672589225,0.6276102933522105,0.05699586044256319,55.172413793103445,13.664999157789833,0.03333333333333333,0,200.0,180.0,29,30,35,195,0
streaming_causal,107870185,1.5,1.0,1.0,0.5425950410514252,0.1530721603131203,0.11869829030953541,0.04637091369193219,0.11001001657124473,0.0021244198855652776,55.172413793103445,12.639464896632115,0.03333333333333333,0,200.0,180.0,29,30,35,195,644
future_state_conditioned,107870185,1.5,1.0,1.0,0.5360111751947599,0.15385385247934086,0.10668561839886068,0.2002311124685244,0.5706399751157598,0.005830353976577036,200.0,13.243963272473597,0.03333333333333333,0,200.0,180.0,29,30,180,180,0
isolated_n_step,325133995,1.5,1.0,1.0,0.4761675401477687,0.13863052590690178,0.041523125689509735,0.31696997719224357,0.6798150369544206,0.25493719141146365,200.0,13.87614481709962,0.03333333333333333,0,200.0,180.0,29,30,180,180,0
few_step_distilled,325133995,1.5,1.0,1.0,0.4469047431648746,0.1314047775339917,0.06902631016492464,0.3538928230307582,0.7225062907036386,0.09341692059473426,75.00000000000001,13.505335162945244,0.0125,0,75.00000000000001,60.0,30,30,60,60,0
streaming_no_causal,325133995,1.5,1.0,0.0,0.5120791401871326,0.30205833199590515,0.15420005060802086,0.2803425861145025,0.4523682263712405,0.06571157372706696,55.172413793103445,13.496780274743191,0.03333333333333333,0,200.0,180.0,29,30,35,195,0
streaming_causal,325133995,1.5,1.0,1.0,0.5244631369478053,0.11099564004397945,0.05338080620364406,0.05201907762770117,0.11082977483509034,0.0018461072801339157,55.172413793103445,12.660722748097239,0.03333333333333333,0,200.0,180.0,29,30,35,195,644
future_state_conditioned,325133995,1.5,1.0,1.0,0.5192833706441202,0.1071651216811324,0.046810304624258454,0.21060198667624266,0.544309018751276,0.006289792651269851,200.0,13.253922564871889,0.03333333333333333,0,200.0,180.0,29,30,180,180,0
isolated_n_step,3223051138,1.5,1.0,0.0,0.5071754596584742,0.20742629494826997,0.052595247328421336,0.4006850596910561,1.1278267902500567,0.19781328219261743,200.0,14.61544619819897,0.03333333333333333,0,200.0,180.0,29,30,180,180,0
few_step_distilled,3223051138,1.5,1.0,1.0,0.46030665250936287,0.1934989625704702,0.07365298657471116,0.34680658529662367,0.7828899080565636,0.06662269848070178,75.00000000000001,13.122813317439848,0.0125,0,75.00000000000001,60.0,30,30,60,60,0
streaming_no_causal,3223051138,1.5,1.0,0.0,0.5153867592615168,0.266750158194349,0.17096905073010202,0.3937704477357587,0.8764395802412434,0.0519283522019922,55.172413793103445,14.157630687038692,0.03333333333333333,0,200.0,180.0,29,30,35,195,0
streaming_causal,3223051138,1.5,1.0,0.0,0.5177991729924615,0.20114627853459316,0.08583454431686523,0.04754973135065873,0.11247704088942294,0.0020048808608710304,55.172413793103445,12.746039469332205,0.03333333333333333,0,200.0,180.0,29,30,35,195,644
future_state_conditioned,3223051138,1.5,1.0,1.0,0.5122926880875092,0.18369141984213652,0.08615496697803943,0.1812823034154232,0.4731776956891465,0.005388238700864415,200.0,13.199485224801581,0.03333333333333333,0,200.0,180.0,29,30,180,180,0
isolated_n_step,1416536646,1.5,1.0,1.0,0.4793722402900335,0.13327345214178787,0.14530221269133922,0.27927795770576613,0.8014619035715252,0.19019679327253053,200.0,13.765884894504184,0.03333333333333333,0,200.0,180.0,29,30,180,180,0
few_step_distilled,1416536646,1.5,1.0,1.0,0.4456727110184947,0.1266376723401467,0.15738620053866717,0.35870937500246164,0.6390346573666615,0.06915450293113619,75.00000000000001,13.22993844757727,0.0125,0,75.00000000000001,60.0,30,30,60,60,0
streaming_no_causal,1416536646,1.5,1.0,1.0,0.5080924011900083,0.1522719244171134,0.07249965232257417,0.25583711715264884,0.4213576120187993,0.049383184316459564,55.172413793103445,13.288265114448551,0.03333333333333333,0,200.0,180.0,29,30,35,195,0
streaming_causal,1416536646,1.5,1.0,1.0,0.5256438961113555,0.11979010818961082,0.13473750622291755,0.04663933659219489,0.09643747729976108,0.0016529048540608528,55.172413793103445,12.62383299081516,0.03333333333333333,0,200.0,180.0,29,30,35,195,644
future_state_conditioned,1416536646,1.5,1.0,1.0,0.5209748552789983,0.11918760742469033,0.1315179560680676,0.1984805804828366,0.5140858437385718,0.00529427309910785,200.0,13.156566563785233,0.03333333333333333,0,200.0,180.0,29,30,180,180,0
isolated_n_step,2965412791,1.5,1.0,1.0,0.4930822735007456,0.11189174187984656,0.014816793095420071,0.3286638615551837,1.0589572566984935,0.21301559221578947,200.0,14.506634364134623,0.03333333333333333,0,200.0,180.0,29,30,180,180,0
few_step_distilled,2965412791,1.5,1.0,1.0,0.46090114093424595,0.17301035199986414,0.03926782553410489,0.318419155094394,0.6850942878038705,0.07235413080843997,75.00000000000001,12.145992573123213,0.0125,0,75.00000000000001,60.0,30,30,60,60,0
streaming_no_causal,2965412791,1.5,1.0,1.0,0.4935574220981488,0.19245162703534877,0.2116680615227896,0.32280530739313035,0.7219010089130412,0.05542926562896992,55.172413793103445,13.961766695849208,0.03333333333333333,0,200.0,180.0,29,30,35,195,0
streaming_causal,2965412791,1.5,1.0,1.0,0.4988455231945894,0.19294494062726425,0.02365926488969522,0.03201164752194947,0.07011510897011823,0.0019435064907956925,55.172413793103445,12.758151218549791,0.03333333333333333,0,200.0,180.0,29,30,35,195,644
future_state_conditioned,2965412791,1.5,1.0,1.0,0.49824068137384186,0.19636805856966225,0.034922102590085206,0.17937507481483142,0.3309738271307103,0.005324329543132077,200.0,13.09711118285262,0.03333333333333333,0,200.0,180.0,29,30,180,180,0
isolated_n_step,2085237015,1.5,1.0,0.0,0.4836205230113815,0.21212478712011065,0.24704224189434115,0.3928171258138034,0.9565947579053481,0.24689250798730675,200.0,14.515547770565382,0.03333333333333333,0,200.0,180.0,29,30,180,180,0
few_step_distilled,2085237015,1.5,1.0,1.0,0.4462332916732379,0.18644852799818915,0.24854169805928944,0.35212055297321326,0.6771308266730208,0.08797228228772842,75.00000000000001,13.871984641929279,0.0125,0,75.00000000000001,60.0,30,30,60,60,0
streaming_no_causal,2085237015,1.5,1.0,0.0,0.4962889056098103,0.25884371364957776,0.2665046015272727,0.3169429544674968,0.6020772503134239,0.061584333952787125,55.172413793103445,13.709513998678517,0.03333333333333333,0,200.0,180.0,29,30,35,195,0
streaming_causal,2085237015,1.5,1.0,1.0,0.5091983143794749,0.16163795649432078,0.21137341629215187,0.05641813616497858,0.12903970870021936,0.0021149172621535567,55.172413793103445,12.7569484366567,0.03333333333333333,0,200.0,180.0,29,30,35,195,644
future_state_conditioned,2085237015,1.5,1.0,1.0,0.5055128576993706,0.15947826669659498,0.20119594317936157,0.23457200546314888,0.6037820275393347,0.005975865216246788,200.0,13.391867824742361,0.03333333333333333,0,200.0,180.0,29,30,180,180,0
isolated_n_step,3541328919,1.5,1.0,0.0,0.4851719435945369,0.20709358157481123,0.141576883331078,0.3907878247676847,1.2394393476820134,0.20471146736294277,200.0,15.058752344740697,0.03333333333333333,0,200.0,180.0,29,30,180,180,0
few_step_distilled,3541328919,1.5,1.0,1.0,0.4519130176824119,0.18848203282699677,0.13180581104240044,0.3585439188112192,0.6658295342062418,0.06891480779831055,75.00000000000001,13.137946722707845,0.0125,0,75.00000000000001,60.0,30,30,60,60,0
streaming_no_causal,3541328919,1.5,1.0,0.0,0.4812328556181822,0.28386838202375037,0.24172301119512907,0.34818866043931684,0.8380709810937068,0.051066027664977386,55.172413793103445,14.02437203448226,0.03333333333333333,0,200.0,180.0,29,30,35,195,0
streaming_causal,3541328919,1.5,1.0,1.0,0.48003998088721306,0.18036797506922425,0.150212073037331,0.052780616770346726,0.13889265374318346,0.002039355895267467,55.172413793103445,12.840963322119851,0.03333333333333333,0,200.0,180.0,29,30,35,195,644
future_state_conditioned,3541328919,1.5,1.0,1.0,0.4781527197583892,0.16738036318783367,0.12688549998852983,0.2205935398420134,0.6283516515039737,0.006178254909198513,200.0,13.520104970749006,0.03333333333333333,0,200.0,180.0,29,30,180,180,0
isolated_n_step,358420541,1.5,1.0,1.0,0.5044718793739142,0.19889826667577915,0.19791434763175456,0.40336835620318556,1.1673001676193804,0.2340507617421737,200.0,14.891137573222686,0.03333333333333333,0,200.0,180.0,29,30,180,180,0
few_step_distilled,358420541,1.5,1.0,0.0,0.4655834192706054,0.21853479228677164,0.13024493073608404,0.3951524983627141,0.722324139913967,0.07983504470463366,75.00000000000001,13.312638992858993,0.0125,0,75.00000000000001,60.0,30,30,60,60,0
streaming_no_causal,358420541,1.5,1.0,0.0,0.49807106315531186,0.21849087124909888,0.40747416878749454,0.4073674892178733,0.8852694378991423,0.05962006301508202,55.172413793103445,14.301551143215868,0.03333333333333333,0,200.0,180.0,29,30,35,195,0
streaming_causal,358420541,1.5,1.0,0.0,0.5061569878593322,0.24527196940515866,0.10178989013069474,0.055279128580685004,0.13589903888129473,0.002189099973321719,55.172413793103445,12.794244780067062,0.03333333333333333,0,200.0,180.0,29,30,35,195,644
future_state_conditioned,358420541,1.5,1.0,0.0,0.5033318799170304,0.2320888314150807,0.10083576412739956,0.20488532383184074,0.6411645306051661,0.00721052162291086,200.0,13.423277732242067,0.03333333333333333,0,200.0,180.0,29,30,180,180,0
isolated_n_step,1660832403,1.5,1.0,1.0,0.5015652857815858,0.19215461463327366,0.06788960215637888,0.39211700985811426,1.201030276627167,0.23922754240657285,200.0,14.84999645471012,0.03333333333333333,0,200.0,180.0,29,30,180,180,0
few_step_distilled,1660832403,1.5,1.0,0.0,0.4606730870427196,0.20270592737440293,0.06151420165571379,0.3219159267699254,0.6678575132924887,0.08217965953503058,75.00000000000001,13.360495829488771,0.0125,0,75.00000000000001,60.0,30,30,60,60,0
streaming_no_causal,1660832403,1.5,1.0,0.0,0.49077956378145016,0.26519581659149505,0.26936190675186866,0.327741144843745,0.8181005606058213,0.06042351032165349,55.172413793103445,13.962050041907654,0.03333333333333333,0,200.0,180.0,29,30,35,195,0
streaming_causal,1660832403,1.5,1.0,0.0,0.5011699838879927,0.2167772807038757,0.05415387256241936,0.044179024071438804,0.0946718116603883,0.0022337086389884243,55.172413793103445,12.784853737133272,0.03333333333333333,0,200.0,180.0,29,30,35,195,644
future_state_conditioned,1660832403,1.5,1.0,0.0,0.49840990824103065,0.2097014846357468,0.04418500639114515,0.18511152329065425,0.4214685740435555,0.0056907664601096326,200.0,13.195259375396093,0.03333333333333333,0,200.0,180.0,29,30,180,180,0
isolated_n_step,2943412294,1.5,1.0,0.0,0.503199828400224,0.2393936740611041,0.16454262868942102,0.3320464361004719,0.8827568495982314,0.24535737600113225,200.0,14.032150496062723,0.03333333333333333,0,200.0,180.0,29,30,180,180,0
few_step_distilled,2943412294,1.5,1.0,0.0,0.4712716416624824,0.2200980721865366,0.10209951438868335,0.3479716263987075,0.5522800773565978,0.08959388433123597,75.00000000000001,12.88921826919804,0.0125,0,75.00000000000001,60.0,30,30,60,60,0
streaming_no_causal,2943412294,1.5,1.0,0.0,0.5238058269418194,0.2000723163959418,0.37135474234843757,0.37688348088700024,0.5762611062864874,0.06547814605837779,55.172413793103445,13.877722935193358,0.03333333333333333,0,200.0,180.0,29,30,35,195,0
streaming_causal,2943412294,1.5,1.0,0.0,0.5522487556369462,0.2596245961755821,0.0902204911119701,0.05488916918045297,0.13092912423521458,0.002031854796129094,55.172413793103445,12.615678235284413,0.03333333333333333,0,200.0,180.0,29,30,35,195,644
future_state_conditioned,2943412294,1.5,1.0,0.0,0.5461313629133809,0.2536255977181306,0.07725471574201417,0.2277265945480564,0.41757264629003604,0.006244723056291595,200.0,13.301479429701509,0.03333333333333333,0,200.0,180.0,29,30,180,180,0
isolated_n_step,1004586828,1.5,1.0,0.0,0.49775231200449815,0.21975492999067936,0.20974272664538984,0.3210952253632048,0.8636048414715891,0.18687224835382582,200.0,14.012703665019936,0.03333333333333333,0,200.0,180.0,29,30,180,180,0
few_step_distilled,1004586828,1.5,1.0,0.0,0.46729384659964235,0.22365761655187932,0.17980286800664885,0.3454102356838761,0.6475552739239179,0.06800715768682959,75.00000000000001,13.237629226928949,0.0125,0,75.00000000000001,60.0,30,30,60,60,0
streaming_no_causal,1004586828,1.5,1.0,0.0,0.5200173933298436,0.23195599840056413,0.3005320262746739,0.38147895735442,0.6408504856251924,0.05255233502233369,55.172413793103445,13.994604532582699,0.03333333333333333,0,200.0,180.0,29,30,35,195,0
streaming_causal,1004586828,1.5,1.0,0.0,0.5303055527843681,0.23949104992105005,0.18147778321561536,0.03531481977195423,0.09061351489685748,0.0018532720046963848,55.172413793103445,12.67033938332874,0.03333333333333333,0,200.0,180.0,29,30,35,195,644
future_state_conditioned,1004586828,1.5,1.0,0.0,0.5240197244286654,0.22580809517907371,0.1722634656751371,0.16936474749177316,0.3920215704838454,0.005133442651968659,200.0,13.044735437000487,0.03333333333333333,0,200.0,180.0,29,30,180,180,0
isolated_n_step,3260076695,1.5,1.0,1.0,0.48388331373798216,0.11802812805723673,0.11499839398572892,0.3230880030119046,0.928396373517798,0.2234892458383854,200.0,14.263873581248191,0.03333333333333333,0,200.0,180.0,29,30,180,180,0
few_step_distilled,3260076695,1.5,1.0,1.0,0.4467261410745343,0.13272597647537404,0.13712916951854617,0.3015077353091644,0.5913632661078932,0.07932575869636958,75.00000000000001,13.51826238215156,0.0125,0,75.00000000000001,60.0,30,30,60,60,0
streaming_no_causal,3260076695,1.5,1.0,0.0,0.4927656642710259,0.269450193745104,0.18336979001357573,0.315436137178037,0.559233263258115,0.056854057407605095,55.172413793103445,13.805625930006078,0.03333333333333333,0,200.0,180.0,29,30,35,195,0
streaming_causal,3260076695,1.5,1.0,1.0,0.49734624716924675,0.15125522459781768,0.07943797342869298,0.03855407371884288,0.07446322807398215,0.0020727681563637353,55.172413793103445,12.70925207863718,0.03333333333333333,0,200.0,180.0,29,30,35,195,644
future_state_conditioned,3260076695,1.5,1.0,1.0,0.4950703179369448,0.15042385676679515,0.09493855214340459,0.16174439145989772,0.3764944718083789,0.005539350473755541,200.0,13.063818949028569,0.03333333333333333,0,200.0,180.0,29,30,180,180,0
isolated_n_step,555464028,1.5,1.0,0.0,0.510666720663242,0.24297684150298962,0.17465997260283286,0.37418396348699606,0.9482755769648751,0.20702578216959963,200.0,14.35664816751606,0.03333333333333333,0,200.0,180.0,29,30,180,180,0
few_step_distilled,555464028,1.5,1.0,0.0,0.47200121671854495,0.220782955223089,0.15025150123865788,0.35106556071890344,0.7242973810763679,0.0718710474229734,75.00000000000001,13.820678372323181,0.0125,0,75.00000000000001,60.0,30,30,60,60,0
streaming_no_causal,555464028,1.5,1.0,0.0,0.5258553155781652,0.23528069286576025,0.327852188158226,0.4434627047299925,0.7706677474320561,0.056329559203217416,55.172413793103445,14.372852262680714,0.03333333333333333,0,200.0,180.0,29,30,35,195,0
streaming_causal,555464028,1.5,1.0,0.0,0.5382679548066023,0.2627581791005856,0.14811594812909476,0.04760379814164802,0.12934909387168775,0.0022285640197922487,55.172413793103445,12.734064792252877,0.03333333333333333,0,200.0,180.0,29,30,35,195,644
future_state_conditioned,555464028,1.5,1.0,0.0,0.5318628941528161,0.24618818455134367,0.1439179499793855,0.18656862870879337,0.5379988749150929,0.006435555443530096,200.0,13.28148955072847,0.03333333333333333,0,200.0,180.0,29,30,180,180,0
isolated_n_step,1646785662,1.5,1.0,1.0,0.5003014677447768,0.17422376039938808,0.0974416633783612,0.35022251565025825,1.1637273374679313,0.21526652016149964,200.0,14.611364959188343,0.03333333333333333,0,200.0,180.0,29,30,180,180,0
few_step_distilled,1646785662,1.5,1.0,1.0,0.4697346389762519,0.17872780339041786,0.10145158670164223,0.3328721202671004,0.6470032682451252,0.07445592652326984,75.00000000000001,12.44919503054563,0.0125,0,75.00000000000001,60.0,30,30,60,60,0
streaming_no_causal,1646785662,1.5,1.0,0.0,0.5065701457745485,0.2490417112357034,0.10708667642741997,0.3252494229808037,0.8937325011956506,0.05403043557622312,55.172413793103445,14.021834974616525,0.03333333333333333,0,200.0,180.0,29,30,35,195,0
streaming_causal,1646785662,1.5,1.0,1.0,0.5000350370198058,0.17065673594542932,0.14462742562208836,0.041026721240104355,0.08045931919785376,0.0021592029138493975,55.172413793103445,12.75741757952299,0.03333333333333333,0,200.0,180.0,29,30,35,195,644
future_state_conditioned,1646785662,1.5,1.0,1.0,0.49737484458979153,0.1630937582634956,0.13586452475402247,0.16150580057906522,0.39819849717872396,0.005171158885996187,200.0,13.121820041512297,0.03333333333333333,0,200.0,180.0,29,30,180,180,0
isolated_n_step,1974937876,1.5,1.0,1.0,0.5042909367985787,0.17317725248194266,0.11786887091823411,0.3242190043714036,0.8500688381398046,0.27487254799717015,200.0,13.950213053740345,0.03333333333333333,0,200.0,180.0,29,30,180,180,0
few_step_distilled,1974937876,1.5,1.0,1.0,0.4683509601930464,0.1575051671676461,0.12795794432542426,0.38778376487531135,0.7098742975341236,0.09928533527795652,75.00000000000001,12.969627724510758,0.0125,0,75.00000000000001,60.0,30,30,60,60,0
streaming_no_causal,1974937876,1.5,1.0,0.0,0.5178390015529739,0.306034569840623,0.2547832756240787,0.2778440999476788,0.5950811560874849,0.07012626106153774,55.172413793103445,13.549678391703344,0.03333333333333333,0,200.0,180.0,29,30,35,195,0
streaming_causal,1974937876,1.5,1.0,1.0,0.5420722749488897,0.1694626076617571,0.12720675447395566,0.052437769680240824,0.11484411399968224,0.002265871015561921,55.172413793103445,12.66584252655533,0.03333333333333333,0,200.0,180.0,29,30,35,195,644
future_state_conditioned,1974937876,1.5,1.0,1.0,0.537075865663349,0.16683878866418092,0.11819626557900864,0.20556053580446113,0.5191863975045011,0.006486830188772673,200.0,13.175136806558756,0.03333333333333333,0,200.0,180.0,29,30,180,180,0
isolated_n_step,1944449151,1.5,1.0,0.0,0.4866802355614849,0.20796330250915412,0.23260917877566495,0.39177200559245806,1.0885090537025144,0.19618256729913516,200.0,14.898132389676816,0.03333333333333333,0,200.0,180.0,29,30,180,180,0
few_step_distilled,1944449151,1.5,1.0,0.0,0.45010502747136877,0.23684353842988445,0.22564428637685247,0.30782239848272813,0.7708287194520914,0.06764875826046762,75.00000000000001,13.221143861231116,0.0125,0,75.00000000000001,60.0,30,30,60,60,0
streaming_no_causal,1944449151,1.5,1.0,0.0,0.4912964615166387,0.2202031334941482,0.22848353399996024,0.40227940614608065,0.7465881399856268,0.05002694947513886,55.172413793103445,14.229543491537441,0.03333333333333333,0,200.0,180.0,29,30,35,195,0
streaming_causal,1944449151,1.5,1.0,0.0,0.4798617153804285,0.23110059569665334,0.23035170107701658,0.04367703422225172,0.11547371979744896,0.001912572209400761,55.172413793103445,12.794332589484068,0.03333333333333333,0,200.0,180.0,29,30,35,195,644
future_state_conditioned,1944449151,1.5,1.0,0.0,0.4781413876400732,0.23178822662259055,0.22212311801252496,0.16799176389410161,0.5720474146285439,0.0058699502887148945,200.0,13.289573862009778,0.03333333333333333,0,200.0,180.0,29,30,180,180,0
isolated_n_step,1267942631,1.5,1.0,1.0,0.4618276720737001,0.14892282739795593,0.1211255488611101,0.34179318124500396,0.8873550931347718,0.21657989209272938,200.0,14.389139228921454,0.03333333333333333,0,200.0,180.0,29,30,180,180,0
few_step_distilled,1267942631,1.5,1.0,1.0,0.42896116364791054,0.14653113374239013,0.13909885623461918,0.3318509542989365,0.6884913010205808,0.07830507132405334,75.00000000000001,13.172130672797719,0.0125,0,75.00000000000001,60.0,30,30,60,60,0
streaming_no_causal,1267942631,1.5,1.0,0.0,0.4654411681331064,0.2973695702166563,0.1767065409135818,0.2776068985367758,0.38700584770558066,0.054533576825571146,55.172413793103445,13.457103145603131,0.03333333333333333,0,200.0,180.0,29,30,35,195,0
streaming_causal,1267942631,1.5,1.0,1.0,0.4839772810427504,0.15032123796525576,0.06646536579274351,0.050321948705506665,0.1158530584602192,0.0018333908685007724,55.172413793103445,12.72848104915598,0.03333333333333333,0,200.0,180.0,29,30,35,195,644
future_state_conditioned,1267942631,1.5,1.0,1.0,0.481961468361519,0.1412528170352386,0.06883164899908142,0.2148647417682176,0.5495869424605234,0.005359597247707763,200.0,13.331876042445884,0.03333333333333333,0,200.0,180.0,29,30,180,180,0
isolated_n_step,1526625264,1.5,1.0,0.0,0.5092522001333214,0.2298702300507666,0.15094128296503664,0.3505883483249933,0.9490746761895789,0.1795053883281492,200.0,14.16127468052158,0.03333333333333333,0,200.0,180.0,29,30,180,180,0
few_step_distilled,1526625264,1.5,1.0,0.0,0.4683689136618614,0.2110701834072469,0.14998516743974624,0.3699491916904956,0.7299947876262024,0.06384730906471778,75.00000000000001,13.318773986908944,0.0125,0,75.00000000000001,60.0,30,30,60,60,0
streaming_no_causal,1526625264,1.5,1.0,0.0,0.5265311038116975,0.24859828043622115,0.251501533721343,0.3440603810100065,0.7482572745443188,0.0493024427572767,55.172413793103445,13.850061168869058,0.03333333333333333,0,200.0,180.0,29,30,35,195,0
streaming_causal,1526625264,1.5,1.0,0.0,0.5330965157737284,0.2152859352668435,0.1076995555329656,0.037691033735610946,0.095263700326049,0.0017652364639437423,55.172413793103445,12.653572373518207,0.03333333333333333,0,200.0,180.0,29,30,35,195,644
future_state_conditioned,1526625264,1.5,1.0,0.0,0.5299247818705792,0.20938691157429384,0.1057448084854948,0.16756649371278182,0.3578380399707109,0.005873934587700704,200.0,13.11875598831448,0.03333333333333333,0,200.0,180.0,29,30,180,180,0
isolated_n_step,1999402953,1.5,1.0,1.0,0.4682034195946244,0.13954958315646254,0.2249606260915948,0.3302298144008743,0.909460632385859,0.2306880785050434,200.0,14.240723018022617,0.03333333333333333,0,200.0,180.0,29,30,180,180,0
few_step_distilled,1999402953,1.5,1.0,1.0,0.437116189159674,0.1279305823128756,0.20604399906345125,0.34529406244051414,0.6330043269771349,0.0823608129101285,75.00000000000001,12.412050657030065,0.0125,0,75.00000000000001,60.0,30,30,60,60,0
streaming_no_causal,1999402953,1.5,1.0,0.0,0.4861909452585899,0.2958612884932734,0.22889823674720985,0.2728515835210658,0.4296205201854761,0.05857989663329381,55.172413793103445,13.42976969400309,0.03333333333333333,0,200.0,180.0,29,30,35,195,0
streaming_causal,1999402953,1.5,1.0,1.0,0.49481802263251246,0.12067582540040009,0.18644651838685744,0.05319640835861583,0.11067001711501001,0.0018294718468364773,55.172413793103445,12.71206108972682,0.03333333333333333,0,200.0,180.0,29,30,35,195,644
future_state_conditioned,1999402953,1.5,1.0,1.0,0.4924702656234303,0.11271769888212936,0.17698936226474415,0.20367378206406314,0.49563705799534846,0.0057527690603765445,200.0,13.172092995760677,0.03333333333333333,0,200.0,180.0,29,30,180,180,0
isolated_n_step,1285192367,1.5,1.0,1.0,0.49905961813884364,0.17672046107527106,0.10582815878400342,0.3550443764456693,1.1215499801903566,0.18676211034562515,200.0,14.490528061876903,0.03333333333333333,0,200.0,180.0,29,30,180,180,0
few_step_distilled,1285192367,1.5,1.0,1.0,0.4624633052610472,0.19340302643937862,0.15255364721618966,0.33775796755205745,0.6821884759389304,0.06344922987097812,75.00000000000001,13.633048011649553,0.0125,0,75.00000000000001,60.0,30,30,60,60,0
streaming_no_causal,1285192367,1.5,1.0,0.0,0.5127396331916755,0.231147848920845,0.02078377596872632,0.3334639754882371,0.9182074270377296,0.048998638467763214,55.172413793103445,13.983093772829182,0.03333333333333333,0,200.0,180.0,29,30,35,195,0
streaming_causal,1285192367,1.5,1.0,1.0,0.5075792250005148,0.1880774523610623,0.16032170118026517,0.04402982349849936,0.09789843580856801,0.0019252279396925005,55.172413793103445,12.72305991260675,0.03333333333333333,0,200.0,180.0,29,30,35,195,644
future_state_conditioned,1285192367,1.5,1.0,1.0,0.5046504804364695,0.1821220278709451,0.1550892592747147,0.1848693665483024,0.6056341732595938,0.005852301574088021,200.0,13.316130300066977,0.03333333333333333,0,200.0,180.0,29,30,180,180,0
isolated_n_step,89308763,1.5,1.0,1.0,0.5028016804945029,0.18882971073507174,0.24635502510118906,0.3576551238732469,0.9745679308977666,0.1745195650980092,200.0,14.282901455297697,0.03333333333333333,0,200.0,180.0,29,30,180,180,0
few_step_distilled,89308763,1.5,1.0,1.0,0.4689774582807722,0.18145472681318003,0.24436496649206937,0.3301404699160737,0.7414207132254176,0.06279115023309481,75.00000000000001,12.866654218691265,0.0125,0,75.00000000000001,60.0,30,30,60,60,0
streaming_no_causal,89308763,1.5,1.0,1.0,0.5179503583632559,0.1454525073199944,0.17083044139779263,0.36879006391723557,0.7704370410839139,0.047432015397908776,55.172413793103445,14.141616973587858,0.03333333333333333,0,200.0,180.0,29,30,35,195,0
streaming_causal,89308763,1.5,1.0,1.0,0.5222175473209513,0.1501273515514108,0.20974102512388515,0.04487335857674052,0.12304067823411674,0.0021980311464534453,55.172413793103445,12.717008267171575,0.03333333333333333,0,200.0,180.0,29,30,35,195,644
future_state_conditioned,89308763,1.5,1.0,1.0,0.5181792681132854,0.15191001647214625,0.20417338597172582,0.2000698569575769,0.7164259356581606,0.006298236869098359,200.0,13.365446999457113,0.03333333333333333,0,200.0,180.0,29,30,180,180,0
isolated_n_step,968723060,1.5,1.0,1.0,0.46699167945800896,0.1831062595227043,0.1325953298880076,0.4055071253079808,1.0701127171692422,0.1992942513913294,200.0,14.954396312303729,0.03333333333333333,0,200.0,180.0,29,30,180,180,0
few_step_distilled,968723060,1.5,1.0,1.0,0.43010035927830537,0.175608357441506,0.11598758244433037,0.34920646691867635,0.872713806165824,0.0678441547514393,75.00000000000001,13.211182728073787,0.0125,0,75.00000000000001,60.0,30,30,60,60,0
streaming_no_causal,968723060,1.5,1.0,0.0,0.47799102457096926,0.31120295415827315,0.2298781664967408,0.37205636686314375,0.6491201686860268,0.050458607890356486,55.172413793103445,13.976443856030688,0.03333333333333333,0,200.0,180.0,29,30,35,195,0
streaming_causal,968723060,1.5,1.0,1.0,0.4636694800882911,0.16939783780584694,0.08418253916149841,0.045912996168195046,0.12169551415384665,0.0015879637162011845,55.172413793103445,12.814805145735217,0.03333333333333333,0,200.0,180.0,29,30,35,195,644
future_state_conditioned,968723060,1.5,1.0,1.0,0.46371098107633496,0.16262569992896914,0.08185101383816017,0.2033149186289597,0.7209748842634879,0.005563818270852626,200.0,13.389095001835319,0.03333333333333333,0,200.0,180.0,29,30,180,180,0
isolated_n_step,2670151773,1.5,1.0,1.0,0.4794861538012966,0.18001970367452716,0.11001303348273034,0.39084189334548164,1.1544857385275609,0.22435274548026385,200.0,14.791804531040123,0.03333333333333333,0,200.0,180.0,29,30,180,180,0
few_step_distilled,2670151773,1.5,1.0,0.0,0.4477198685932103,0.20971670584129334,0.043666191608074764,0.30711035095586503,0.5159839620028795,0.078139743360041,75.00000000000001,13.02119497991554,0.0125,0,75.00000000000001,60.0,30,30,60,60,0
streaming_no_causal,2670151773,1.5,1.0,0.0,0.4810237409290322,0.25747733029407244,0.28034372817280684,0.35718140974358853,0.8092515883544151,0.05717853293473809,55.172413793103445,13.972002221122796,0.03333333333333333,0,200.0,180.0,29,30,35,195,0
streaming_causal,2670151773,1.5,1.0,0.0,0.47670850788246755,0.21402825961719285,0.04086223584704765,0.05017262932850465,0.12061017664973886,0.0020220193264224823,55.172413793103445,12.81900482872227,0.03333333333333333,0,200.0,180.0,29,30,35,195,644
future_state_conditioned,2670151773,1.5,1.0,0.0,0.4778260494757735,0.21602027531036821,0.025521376150853505,0.1881641873932789,0.56897018503133,0.005876754852021447,200.0,13.304479642957167,0.03333333333333333,0,200.0,180.0,29,30,180,180,0
isolated_n_step,57322341,1.5,1.0,1.0,0.4832751484565411,0.1933254235964509,0.07391732646652903,0.3208819242604264,0.8681567147279867,0.18737087204586317,200.0,14.054392709567724,0.03333333333333333,0,200.0,180.0,29,30,180,180,0
few_step_distilled,57322341,1.5,1.0,1.0,0.4504975592536007,0.19476455853331265,0.1231914104375966,0.28882656193676354,0.6474264864517779,0.06789706143805002,75.00000000000001,12.935303542061648,0.0125,0,75.00000000000001,60.0,30,30,60,60,0
streaming_no_causal,57322341,1.5,1.0,1.0,0.494818046378324,0.16198411097825477,0.030632663523225197,0.22413553765867972,0.5554067975670092,0.04796800227621869,55.172413793103445,13.40447812092127,0.03333333333333333,0,200.0,180.0,29,30,35,195,0
streaming_causal,57322341,1.5,1.0,1.0,0.5160286509079929,0.17388454007806592,0.16111493293686444,0.0437510160848991,0.11815845375287369,0.0018921938808423315,55.172413793103445,12.673534246461813,0.03333333333333333,0,200.0,180.0,29,30,35,195,644
future_state_conditioned,57322341,1.5,1.0,1.0,0.5115473089021574,0.16884972825017738,0.14887687187269427,0.2139399574334869,0.6843959778923722,0.005680392229363953,200.0,13.347739371211837,0.03333333333333333,0,200.0,180.0,29,30,180,180,0
isolated_n_step,1374455396,1.5,1.0,1.0,0.4925895214323361,0.1663145875665125,0.1534370830740986,0.402964807587491,1.2428433495714992,0.2063952885712603,200.0,14.99571651390368,0.03333333333333333,0,200.0,180.0,29,30,180,180,0
few_step_distilled,1374455396,1.5,1.0,1.0,0.458243433892071,0.1932684723992059,0.1249453969625728,0.34406816361048653,0.7021390562350516,0.07041219449165398,75.00000000000001,13.135251728267749,0.0125,0,75.00000000000001,60.0,30,30,60,60,0
streaming_no_causal,1374455396,1.5,1.0,1.0,0.4876193163236829,0.19626935242364973,0.2666562035626471,0.3531747305995125,0.8407181109019298,0.051136545694653514,55.172413793103445,14.061075092181245,0.03333333333333333,0,200.0,180.0,29,30,35,195,0
streaming_causal,1374455396,1.5,1.0,0.0,0.48637933506147574,0.20469285016879743,0.153951570825623,0.049038460477691316,0.10377017731328066,0.0019965714119723438,55.172413793103445,12.809924371554882,0.03333333333333333,0,200.0,180.0,29,30,35,195,644
future_state_conditioned,1374455396,1.5,1.0,1.0,0.4846378562943825,0.19364800449456407,0.1406171410035139,0.18660622849079433,0.6476618508944977,0.005387322420121756,200.0,13.33486655207628,0.03333333333333333,0,200.0,180.0,29,30,180,180,0
isolated_n_step,1984267384,1.5,1.0,1.0,0.48069559785536237,0.14255232118810063,0.11655793338190576,0.3528912114462745,1.0719604565892884,0.21047970309573297,200.0,14.668500400937928,0.03333333333333333,0,200.0,180.0,29,30,180,180,0
few_step_distilled,1984267384,1.5,1.0,1.0,0.4431323394108422,0.17145985978600228,0.1289314721152728,0.33057126648951835,0.6690340828198069,0.07268849244245226,75.00000000000001,13.443550995937379,0.0125,0,75.00000000000001,60.0,30,30,60,60,0
streaming_no_causal,1984267384,1.5,1.0,0.0,0.48293346015019617,0.22957128645130684,0.18092272878875237,0.3249402021407909,0.719490993566791,0.05308391766622295,55.172413793103445,13.8928243478887,0.03333333333333333,0,200.0,180.0,29,30,35,195,0
streaming_causal,1984267384,1.5,1.0,1.0,0.48150581858078256,0.16259224634434322,0.14942190550449502,0.04060090937341249,0.12505516475973746,0.001935866909067457,55.172413793103445,12.790148216357839,0.03333333333333333,0,200.0,180.0,29,30,35,195,644
future_state_conditioned,1984267384,1.5,1.0,1.0,0.4799489138179376,0.15790391852965047,0.13748083200662595,0.19005119347216634,0.6239457985627158,0.006224446121951971,200.0,13.286833548168028,0.03333333333333333,0,200.0,180.0,29,30,180,180,0
isolated_n_step,552272991,1.5,1.0,1.0,0.4794654249107545,0.14784612923374066,0.11322699553674725,0.31406599435317084,0.9365397684637113,0.23780373722019166,200.0,14.123247395494008,0.03333333333333333,0,200.0,180.0,29,30,180,180,0
few_step_distilled,552272991,1.5,1.0,1.0,0.45116000909077275,0.1456050790676063,0.16612333967205845,0.31928695969525844,0.5843099939117425,0.0856966600686124,75.00000000000001,12.804300151666416,0.0125,0,75.00000000000001,60.0,30,30,60,60,0
streaming_no_causal,552272991,1.5,1.0,0.0,0.49179005934958836,0.2562674797008608,0.13636111175512897,0.2424164376132125,0.5368266866962689,0.05946111815786696,55.172413793103445,13.415172296235209,0.03333333333333333,0,200.0,180.0,29,30,35,195,0
streaming_causal,552272991,1.5,1.0,1.0,0.5157257651149785,0.11632688694235427,0.1307039624150366,0.053538777316947596,0.12382303037394345,0.0020537844569847325,55.172413793103445,12.693363829234832,0.03333333333333333,0,200.0,180.0,29,30,35,195,644
future_state_conditioned,552272991,1.5,1.0,1.0,0.5102788530067983,0.11173562975711304,0.12319327275821218,0.20539324878556028,0.536584210259321,0.006033301952308878,200.0,13.211585846573339,0.03333333333333333,0,200.0,180.0,29,30,180,180,0
isolated_n_step,167506430,1.5,1.0,0.0,0.5027718394423698,0.22506915301714014,0.19332594473805662,0.40980898645034847,1.0810808692031162,0.18537565120374097,200.0,14.705129481120505,0.03333333333333333,0,200.0,180.0,29,30,180,180,0
few_step_distilled,167506430,1.5,1.0,1.0,0.4644977717472244,0.18378628697860766,0.1842311603988487,0.3473848861847233,0.7332681789093861,0.0653304058831941,75.00000000000001,13.029622494909884,0.0125,0,75.00000000000001,60.0,30,30,60,60,0
streaming_no_causal,167506430,1.5,1.0,1.0,0.5032320211947804,0.19185246336817655,0.06345603772813084,0.387926302942221,0.8633398900658297,0.04908359448312452,55.172413793103445,14.194638640963495,0.03333333333333333,0,200.0,180.0,29,30,35,195,0
streaming_causal,167506430,1.5,1.0,1.0,0.5090538675618952,0.18018509657064358,0.20468516017931307,0.049656328627507906,0.14531654161288168,0.0021605066611100894,55.172413793103445,12.745708600086896,0.03333333333333333,0,200.0,180.0,29,30,35,195,644
future_state_conditioned,167506430,1.5,1.0,1.0,0.5067983542622883,0.18432372270491773,0.20539750442200183,0.203999313738795,0.5782893199282176,0.006645763255603828,200.0,13.344670419982227,0.03333333333333333,0,200.0,180.0,29,30,180,180,0
isolated_n_step,654232264,1.5,1.0,1.0,0.46829306010016364,0.12557123404380327,0.15106618847346096,0.33153493539117884,1.0270444927670437,0.19760879991064229,200.0,14.488605164553363,0.03333333333333333,0,200.0,180.0,29,30,180,180,0
few_step_distilled,654232264,1.5,1.0,1.0,0.42989589624495117,0.1542340548389319,0.1323427866560811,0.34250015443014753,0.5880434600256723,0.0687794498017617,75.00000000000001,13.715703262748907,0.0125,0,75.00000000000001,60.0,30,30,60,60,0
streaming_no_causal,654232264,1.5,1.0,1.0,0.4695084600122209,0.19532905822460267,0.1842792880245078,0.3054607587679917,0.5835213197878004,0.05058658939880698,55.172413793103445,13.702964472200659,0.03333333333333333,0,200.0,180.0,29,30,35,195,0
streaming_causal,654232264,1.5,1.0,1.0,0.4726646740117767,0.16225883219841417,0.14631231919467294,0.040466316390808645,0.10240460267591596,0.0019924761272158615,55.172413793103445,12.729496491432501,0.03333333333333333,0,200.0,180.0,29,30,35,195,644
future_state_conditioned,654232264,1.5,1.0,1.0,0.4729795031627019,0.16629507040926703,0.15046012529784633,0.18133776898713921,0.4418362074856085,0.005935774083528174,200.0,13.18193680140417,0.03333333333333333,0,200.0,180.0,29,30,180,180,0
isolated_n_step,782726149,1.5,1.0,0.0,0.4915350486571688,0.2048720912394244,0.1852267130354002,0.36749814781753365,0.9762774258924249,0.2776624294778264,200.0,14.308969011233083,0.03333333333333333,0,200.0,180.0,29,30,180,180,0
few_step_distilled,782726149,1.5,1.0,1.0,0.45683234536506173,0.18553960624995705,0.18178110636239808,0.2971488918722399,0.5881959037793951,0.0995172694073108,75.00000000000001,12.846885343857892,0.0125,0,75.00000000000001,60.0,30,30,60,60,0
streaming_no_causal,782726149,1.5,1.0,0.0,0.4964988783234672,0.2795662176799011,0.3397018898883104,0.3113213161565475,0.628414893983903,0.07087438312356693,55.172413793103445,13.656405246104129,0.03333333333333333,0,200.0,180.0,29,30,35,195,0
streaming_causal,782726149,1.5,1.0,0.0,0.5195950488067014,0.21155939385534692,0.11155850890245479,0.050502061460731544,0.1048081696942238,0.0021125422084841243,55.172413793103445,12.712187448179161,0.03333333333333333,0,200.0,180.0,29,30,35,195,644
future_state_conditioned,782726149,1.5,1.0,0.0,0.5168803538685436,0.2000728592221252,0.12161187823313364,0.21194459420324172,0.4375222319046282,0.005769725980215751,200.0,13.223682196659711,0.03333333333333333,0,200.0,180.0,29,30,180,180,0
isolated_n_step,1698281614,1.5,1.0,1.0,0.4846606312436263,0.1660109819368869,0.014650153868943241,0.3995281824947486,1.030373710427439,0.21110709631522143,200.0,14.733259347848342,0.03333333333333333,0,200.0,180.0,29,30,180,180,0
few_step_distilled,1698281614,1.5,1.0,1.0,0.45143267233222356,0.1475858290611505,0.04665797078695248,0.34357222746375093,0.7834695208817603,0.07352254005584359,75.00000000000001,13.841247406045033,0.0125,0,75.00000000000001,60.0,30,30,60,60,0
streaming_no_causal,1698281614,1.5,1.0,0.0,0.4983574935813179,0.31479574967701746,0.10987971766549838,0.38962419891935285,0.5920225728316504,0.05437707336974563,55.172413793103445,14.048080892597335,0.03333333333333333,0,200.0,180.0,29,30,35,195,0
streaming_causal,1698281614,1.5,1.0,1.0,0.4969500570193842,0.13183881821804289,0.030405607539983896,0.050859136455424205,0.12933287475151567,0.0018670214776851954,55.172413793103445,12.820991342632492,0.03333333333333333,0,200.0,180.0,29,30,35,195,644
future_state_conditioned,1698281614,1.5,1.0,1.0,0.49564712332912125,0.12707756512509066,0.03321778584222841,0.21081789658188593,0.5947407631320883,0.006551296381937289,200.0,13.466104611171888,0.03333333333333333,0,200.0,180.0,29,30,180,180,0
isolated_n_step,3498500975,1.5,1.0,1.0,0.488850463189012,0.19615283701078454,0.11513288107394737,0.37004651880580147,0.9883261005353061,0.20825277474820092,200.0,14.434785474149955,0.03333333333333333,0,200.0,180.0,29,30,180,180,0
few_step_distilled,3498500975,1.5,1.0,0.0,0.4476641238908925,0.20779494540322366,0.11079232097467888,0.2927452753608366,0.5998662193103498,0.07071241781003311,75.00000000000001,13.1005032482145,0.0125,0,75.00000000000001,60.0,30,30,60,60,0
streaming_no_causal,3498500975,1.5,1.0,0.0,0.49156306118294324,0.25159440258856924,0.35614699432461394,0.38946160731515533,0.6743631823403728,0.05491467206166027,55.172413793103445,14.072987376657236,0.03333333333333333,0,200.0,180.0,29,30,35,195,0
streaming_causal,3498500975,1.5,1.0,0.0,0.49798636232658955,0.23105909317181458,0.08530104762945907,0.03728760822986498,0.08803635918548067,0.0018005634881522255,55.172413793103445,12.736176810587999,0.03333333333333333,0,200.0,180.0,29,30,35,195,644
future_state_conditioned,3498500975,1.5,1.0,0.0,0.4962665741117367,0.22507252587348806,0.0864533122604686,0.17604127892834662,0.3954429635839641,0.004977633132948337,200.0,13.10651198552735,0.03333333333333333,0,200.0,180.0,29,30,180,180,0
isolated_n_step,735120744,1.5,1.0,0.0,0.45692180186363357,0.250000724542749,0.24538401316160197,0.3644708167726516,1.016822275887203,0.18403025480421312,200.0,14.760865886601577,0.03333333333333333,0,200.0,180.0,29,30,180,180,0
few_step_distilled,735120744,1.5,1.0,0.0,0.4271565909206245,0.2576139171052263,0.23935251618884706,0.35225853931553996,0.7296142794546113,0.0640640472900238,75.00000000000001,13.315220942527809,0.0125,0,75.00000000000001,60.0,30,30,60,60,0
streaming_no_causal,735120744,1.5,1.0,0.0,0.45208247954046354,0.2781582862516815,0.27384892607184164,0.26369814854499196,0.5769865446219377,0.046473023497468915,55.172413793103445,13.486572941215547,0.03333333333333333,0,200.0,180.0,29,30,35,195,0
streaming_causal,735120744,1.5,1.0,0.0,0.4628015049524547,0.22965021888668316,0.251318723564857,0.04971376759137202,0.1323684943874983,0.0018684171481527436,55.172413793103445,12.794797698458561,0.03333333333333333,0,200.0,180.0,29,30,35,195,644
future_state_conditioned,735120744,1.5,1.0,0.0,0.46589606190115834,0.23030134195486374,0.23673269577938566,0.2285372066801445,0.7381271278377544,0.005497024145187612,200.0,13.489189016373953,0.03333333333333333,0,200.0,180.0,29,30,180,180,0
isolated_n_step,1342954332,1.5,1.0,1.0,0.49661070966525256,0.19332026668104565,0.0936237378899633,0.31371300762665094,1.0785051230028797,0.20082730603035015,200.0,14.308057682138417,0.03333333333333333,0,200.0,180.0,29,30,180,180,0
few_step_distilled,1342954332,1.5,1.0,1.0,0.4652853015160359,0.1800429599118163,0.09704651112734403,0.371958147784681,0.7025098208665165,0.07104033750350404,75.00000000000001,13.496206285986553,0.0125,0,75.00000000000001,60.0,30,30,60,60,0
streaming_no_causal,1342954332,1.5,1.0,0.0,0.5045726673941776,0.23315653855495802,0.10556772681790667,0.33141902956822306,0.8194602338369973,0.05290783451791817,55.172413793103445,13.877359398939124,0.03333333333333333,0,200.0,180.0,29,30,35,195,0
streaming_causal,1342954332,1.5,1.0,0.0,0.5197359111319516,0.20556830262679712,0.11747314458919542,0.04895642466202888,0.11963043418060174,0.0018420361106494187,55.172413793103445,12.759051518738048,0.03333333333333333,0,200.0,180.0,29,30,35,195,644
future_state_conditioned,1342954332,1.5,1.0,1.0,0.5160307764963051,0.19761468897138307,0.12637647262108465,0.18912638317452626,0.6003780329146116,0.006191050445335426,200.0,13.278506973870394,0.03333333333333333,0,200.0,180.0,29,30,180,180,0
isolated_n_step,3767608576,1.5,1.0,0.0,0.5094974632286222,0.20522002024540395,0.22327865045012169,0.3528988913113703,0.8845373826061258,0.22112985414744596,200.0,14.126674877718834,0.03333333333333333,0,200.0,180.0,29,30,180,180,0
few_step_distilled,3767608576,1.5,1.0,1.0,0.4646240344407689,0.15115530752948148,0.18771567749116608,0.3156274186832256,0.5595574425100012,0.07781226310344816,75.00000000000001,13.584912183256478,0.0125,0,75.00000000000001,60.0,30,30,60,60,0
streaming_no_causal,3767608576,1.5,1.0,0.0,0.5308225320516724,0.2509305630015909,0.20399682631825497,0.3332850399383491,0.6705000234561533,0.05662879173331349,55.172413793103445,13.827150838636372,0.03333333333333333,0,200.0,180.0,29,30,35,195,0
streaming_causal,3767608576,1.5,1.0,1.0,0.5417758956676338,0.15318270269011625,0.20247890963164544,0.046553099104882575,0.10037387039611625,0.0021323484239242616,55.172413793103445,12.682510074411628,0.03333333333333333,0,200.0,180.0,29,30,35,195,644
future_state_conditioned,3767608576,1.5,1.0,1.0,0.5338340279283753,0.14750331550348747,0.19342737667284443,0.2005117312848144,0.713102550345431,0.005774284942679302,200.0,13.342597837388244,0.03333333333333333,0,200.0,180.0,29,30,180,180,0
isolated_n_step,3915742749,1.5,1.0,1.0,0.5082191646292453,0.13132457982103607,0.22869877720949555,0.33063253856175556,0.8450845935547686,0.20571675474128603,200.0,13.955811240809417,0.03333333333333333,0,200.0,180.0,29,30,180,180,0
few_step_distilled,3915742749,1.5,1.0,1.0,0.4748807614109079,0.10486487760865913,0.17612415082065155,0.30629160703177244,0.5289879859632496,0.07562408283405785,75.00000000000001,12.487831248266978,0.0125,0,75.00000000000001,60.0,30,30,60,60,0
streaming_no_causal,3915742749,1.5,1.0,0.0,0.5331185516112122,0.24380004583743717,0.18603826388907838,0.3754729650194686,0.7170409534883279,0.05474868528509656,55.172413793103445,13.933520270974508,0.03333333333333333,0,200.0,180.0,29,30,35,195,0
streaming_causal,3915742749,1.5,1.0,1.0,0.5382176046860266,0.11522259371895358,0.16888572817983152,0.04089283765407435,0.10317579666892139,0.0020180801194222458,55.172413793103445,12.632696677552806,0.03333333333333333,0,200.0,180.0,29,30,35,195,644
future_state_conditioned,3915742749,1.5,1.0,1.0,0.5323061870206278,0.11554190071390742,0.16571264567206664,0.17135106370801653,0.46286728514480513,0.005279886866044651,200.0,13.054693664504585,0.03333333333333333,0,200.0,180.0,29,30,180,180,0
isolated_n_step,2989265171,1.5,1.0,0.0,0.465801518068811,0.24185701230729165,0.18545494444232308,0.3744068221949214,1.0755577877464446,0.1752809535525927,200.0,14.6864283270977,0.03333333333333333,0,200.0,180.0,29,30,180,180,0
few_step_distilled,2989265171,1.5,1.0,0.0,0.4342126725136524,0.2304302458193236,0.15831163029053805,0.33337386762787957,0.5700467367689883,0.060149767965127804,75.00000000000001,12.675985016559272,0.0125,0,75.00000000000001,60.0,30,30,60,60,0
streaming_no_causal,2989265171,1.5,1.0,0.0,0.47427311866568883,0.27998868163012974,0.308104961430421,0.3615561354697633,0.6044322177484205,0.045138132255080184,55.172413793103445,13.905961897874036,0.03333333333333333,0,200.0,180.0,29,30,35,195,0
streaming_causal,2989265171,1.5,1.0,0.0,0.4705222016733633,0.23481702624698614,0.14468691388758156,0.04527203493037318,0.11307335992498697,0.0015479113558145919,55.172413793103445,12.799102567208338,0.03333333333333333,0,200.0,180.0,29,30,35,195,644
future_state_conditioned,2989265171,1.5,1.0,0.0,0.46820823073000245,0.21354773045868308,0.12974019361862008,0.1918982357055963,0.5135240377124725,0.0037051644930526082,200.0,13.232765712995946,0.03333333333333333,0,200.0,180.0,29,30,180,180,0
isolated_n_step,1421717646,1.5,1.0,1.0,0.493130848708586,0.17881224775144036,0.09359410321445295,0.37016601022677686,1.1397700575224228,0.19432163232931884,200.0,14.589349189638806,0.03333333333333333,0,200.0,180.0,29,30,180,180,0
few_step_distilled,1421717646,1.5,1.0,1.0,0.45652732744091695,0.16148290908618632,0.08555126495870385,0.3352996104082465,0.6885515523043758,0.0665122456223709,75.00000000000001,13.616080935161756,0.0125,0,75.00000000000001,60.0,30,30,60,60,0
streaming_no_causal,1421717646,1.5,1.0,0.0,0.5023269456350227,0.28305099561160285,0.12204192095292885,0.35325564028386197,0.8103143699193974,0.049980310733308726,55.172413793103445,13.976562934420489,0.03333333333333333,0,200.0,180.0,29,30,35,195,0
streaming_causal,1421717646,1.5,1.0,1.0,0.5065334625870583,0.17061799126682164,0.08352239551671811,0.05367856844809358,0.122989914222379,0.0019025950044890716,55.172413793103445,12.800907679200796,0.03333333333333333,0,200.0,180.0,29,30,35,195,644
future_state_conditioned,1421717646,1.5,1.0,1.0,0.5010689094263407,0.15693915712208448,0.10156029690014358,0.1851166647979504,0.5320585526417982,0.005058305506743892,200.0,13.18533863765732,0.03333333333333333,0,200.0,180.0,29,30,180,180,0
isolated_n_step,3087841820,1.5,1.0,0.0,0.5011708152473648,0.23562826173807044,0.1600143217021498,0.40453562887531697,1.178343341088957,0.18473175128675123,200.0,14.860150921200207,0.03333333333333333,0,200.0,180.0,29,30,180,180,0
few_step_distilled,3087841820,1.5,1.0,0.0,0.4530182898958961,0.22922982303812667,0.20243479010665935,0.314066449405259,0.6604833347866843,0.06311887543258697,75.00000000000001,13.528913301062278,0.0125,0,75.00000000000001,60.0,30,30,60,60,0
streaming_no_causal,3087841820,1.5,1.0,1.0,0.4949642028020794,0.14142561354849043,0.04138923361418576,0.3855416088834083,0.8754616960664126,0.048349117046366956,55.172413793103445,14.253927920790817,0.03333333333333333,0,200.0,180.0,29,30,35,195,0
streaming_causal,3087841820,1.5,1.0,0.0,0.4940765516983597,0.23800963368606112,0.21368077105018016,0.03901904445020447,0.11934162633717019,0.0019311910251140596,55.172413793103445,12.780113373870893,0.03333333333333333,0,200.0,180.0,29,30,35,195,644
future_state_conditioned,3087841820,1.5,1.0,0.0,0.490306184508896,0.2302345926822013,0.20119212649381213,0.17430320811476094,0.4745847943875422,0.005140131756713824,200.0,13.185611200970083,0.03333333333333333,0,200.0,180.0,29,30,180,180,0
isolated_n_step,3819979998,1.5,1.0,0.0,0.46730447412202714,0.2536852213922719,0.29351161267693493,0.4054053786730651,1.0527120712644613,0.20353641684881343,200.0,14.893860459226898,0.03333333333333333,0,200.0,180.0,29,30,180,180,0
few_step_distilled,3819979998,1.5,1.0,0.0,0.4289947384557673,0.21299104587628445,0.27481712437643074,0.31302930795580025,0.6319600922181968,0.07149142622544866,75.00000000000001,12.88893406065007,0.0125,0,75.00000000000001,60.0,30,30,60,60,0
streaming_no_causal,3819979998,1.5,1.0,0.0,0.4674854674157178,0.24826429709566777,0.21860369609546965,0.32107586883138756,0.6364986989331531,0.051310107587336624,55.172413793103445,13.772022521456657,0.03333333333333333,0,200.0,180.0,29,30,35,195,0
streaming_causal,3819979998,1.5,1.0,1.0,0.4743008878777951,0.19902213048106857,0.269064494662517,0.055058518472652786,0.1474854149519697,0.0019062857327094423,55.172413793103445,12.767713125960313,0.03333333333333333,0,200.0,180.0,29,30,35,195,644
future_state_conditioned,3819979998,1.5,1.0,0.0,0.47437053093696435,0.20380382465770522,0.2665863336587168,0.22562904503225148,0.6816472622711871,0.0057266050170150995,200.0,13.391454493734445,0.03333333333333333,0,200.0,180.0,29,30,180,180,0
isolated_n_step,180738569,1.5,1.0,0.0,0.4811539356262224,0.20323179967739072,0.19102198909509474,0.3868117657531351,1.0790043492620895,0.20388919120327684,200.0,14.644749979215597,0.03333333333333333,0,200.0,180.0,29,30,180,180,0
few_step_distilled,180738569,1.5,1.0,1.0,0.443565543986693,0.19069868167250062,0.17488454586850044,0.32612286527992784,0.6199998972778439,0.06969494426152632,75.00000000000001,12.724995060336624,0.0125,0,75.00000000000001,60.0,30,30,60,60,0
streaming_no_causal,180738569,1.5,1.0,0.0,0.48765517267580166,0.3059737804621167,0.2752263491806077,0.3599007208745763,0.7168818743235446,0.051785645056758776,55.172413793103445,13.95854007223555,0.03333333333333333,0,200.0,180.0,29,30,35,195,0
streaming_causal,180738569,1.5,1.0,0.0,0.48412228001592394,0.21074957258537358,0.15007309727236623,0.04737638246152844,0.1342216064219963,0.001899774732353494,55.172413793103445,12.772143689587477,0.03333333333333333,0,200.0,180.0,29,30,35,195,644
future_state_conditioned,180738569,1.5,1.0,1.0,0.48277700726140244,0.19609116176482042,0.14053297418525937,0.1926000380569622,0.5569700158887982,0.005447198941992639,200.0,13.260280862102405,0.03333333333333333,0,200.0,180.0,29,30,180,180,0
isolated_n_step,3325577656,1.5,1.8,0.0,0.5105031101121538,0.23565983746570163,0.12384715193912182,0.4074321230476844,0.94738365935943,0.18197650196824178,200.0,14.629135374345699,0.03333333333333333,0,200.0,180.0,29,30,180,180,0
few_step_distilled,3325577656,1.5,1.8,0.0,0.46847850865914326,0.20132244886803122,0.1475962344014377,0.4047571056941141,0.841866412983841,0.06563638026411658,75.00000000000001,13.892920940591974,0.0125,0,75.00000000000001,60.0,30,30,60,60,0
streaming_no_causal,3325577656,1.5,1.8,0.0,0.5430687886727523,0.3378680277493685,0.31544819030589305,0.4040218442952138,0.8445117199489119,0.050714183456038515,55.172413793103445,14.244368962722845,0.03333333333333333,0,200.0,180.0,29,30,35,195,0
streaming_causal,3325577656,1.5,1.8,0.0,0.5412140783429352,0.2208005110920263,0.15857026622041429,0.06205505360356012,0.1742951180428117,0.0024585443658468077,55.172413793103445,12.726072389762388,0.03333333333333333,0,200.0,180.0,29,30,35,195,644
future_state_conditioned,3325577656,1.5,1.8,0.0,0.5339445115382183,0.20402483566986188,0.13302970112252302,0.2579489024527694,0.9024810406869184,0.006413106463626728,200.0,13.807706134810434,0.03333333333333333,0,200.0,180.0,29,30,180,180,0
isolated_n_step,205005674,1.5,1.8,1.0,0.5106278564408883,0.13644767606598404,0.17868862816364536,0.350974190887669,0.9248453240428732,0.17407587467879804,200.0,14.103996853614296,0.03333333333333333,0,200.0,180.0,29,30,180,180,0
few_step_distilled,205005674,1.5,1.8,1.0,0.4728878084521069,0.1260690837381101,0.14202730847219858,0.3682682212137681,0.6820693651590383,0.06477940296121618,75.00000000000001,13.341905394724579,0.0125,0,75.00000000000001,60.0,30,30,60,60,0
streaming_no_causal,205005674,1.5,1.8,1.0,0.5544021932371599,0.15545940229655134,0.21324442199569763,0.3645524265683702,0.7750812599967625,0.04927933907581819,55.172413793103445,13.999276344821775,0.03333333333333333,0,200.0,180.0,29,30,35,195,0
streaming_causal,205005674,1.5,1.8,1.0,0.5531197931600991,0.13883165323818458,0.12725262790367983,0.058505255214221674,0.1897727348734397,0.0025300140556624106,55.172413793103445,12.687803634275287,0.03333333333333333,0,200.0,180.0,29,30,35,195,644
future_state_conditioned,205005674,1.5,1.8,1.0,0.5435777238984248,0.13319464542903414,0.11180979626709721,0.2842357599862084,0.831434083175057,0.006729163699371798,200.0,13.700828002807622,0.03333333333333333,0,200.0,180.0,29,30,180,180,0
isolated_n_step,310386022,1.5,1.8,0.0,0.5069495015186214,0.23429799288904957,0.19944577909566194,0.46198237850377794,1.0849825552590584,0.2000304206298139,200.0,15.292416540252685,0.03333333333333333,0,200.0,180.0,29,30,180,180,0
few_step_distilled,310386022,1.5,1.8,0.0,0.4733589508590045,0.2468288716725738,0.17789980534389283,0.3776834074718144,0.9661189689826108,0.06840326623835054,75.00000000000001,14.171028238709622,0.0125,0,75.00000000000001,60.0,30,30,60,60,0
streaming_no_causal,310386022,1.5,1.8,0.0,0.5004507856433223,0.24111497980802565,0.25355706537082356,0.3915774096266898,0.7219614088753523,0.0505510417912033,55.172413793103445,14.226984208703891,0.03333333333333333,0,200.0,180.0,29,30,35,195,0
streaming_causal,310386022,1.5,1.8,0.0,0.516456825237355,0.2943256172721771,0.23030024861252246,0.06791340956797588,0.22120781111955418,0.00314303194775365,55.172413793103445,12.878322865221403,0.03333333333333333,0,200.0,180.0,29,30,35,195,644
future_state_conditioned,310386022,1.5,1.8,0.0,0.5119605835390886,0.2851298472084085,0.23184641294587774,0.29003420872718316,1.0261946425613981,0.009553476053824731,200.0,14.109530295838528,0.03333333333333333,0,200.0,180.0,29,30,180,180,0
isolated_n_step,1024152083,1.5,1.8,0.0,0.4956274998702129,0.2081255609210369,0.10296287076329806,0.4698762478591564,1.2416032679547226,0.23156880035669325,200.0,15.425032106389436,0.03333333333333333,0,200.0,180.0,29,30,180,180,0
few_step_distilled,1024152083,1.5,1.8,1.0,0.45897505155952606,0.18856685603778023,0.049972550818455676,0.4144945423545078,1.0341110800892976,0.08035017942856444,75.00000000000001,14.12010785726188,0.0125,0,75.00000000000001,60.0,30,30,60,60,0
streaming_no_causal,1024152083,1.5,1.8,0.0,0.5059173789316677,0.3437112412043424,0.2058487066320178,0.4095676284751372,0.811586666279879,0.05925914128694895,55.172413793103445,14.301483183392202,0.03333333333333333,0,200.0,180.0,29,30,35,195,0
streaming_causal,1024152083,1.5,1.8,1.0,0.5144811140362866,0.18654354685922286,0.013821501466438105,0.07598705168326887,0.2098392278413085,0.002511088560293687,55.172413793103445,12.889735087392689,0.03333333333333333,0,200.0,180.0,29,30,35,195,644
future_state_conditioned,1024152083,1.5,1.8,1.0,0.5110778033182086,0.1789978274643514,0.009830375845745712,0.3344937844107894,1.4728571859443431,0.008831346640946973,200.0,14.723341133487018,0.03333333333333333,0,200.0,180.0,29,30,180,180,0
isolated_n_step,3437173973,1.5,1.8,0.0,0.5231262187207306,0.27220434838041535,0.10917249147416225,0.4309630984796805,1.1023389916673343,0.19928159244644653,200.0,14.821792978205343,0.03333333333333333,0,200.0,180.0,29,30,180,180,0
few_step_distilled,3437173973,1.5,1.8,0.0,0.4878116348068511,0.28294330642501925,0.1280759210344847,0.37472903470475843,0.7231056020098945,0.06854223126932008,75.00000000000001,12.806256112305478,0.0125,0,75.00000000000001,60.0,30,30,60,60,0
streaming_no_causal,3437173973,1.5,1.8,0.0,0.5332972412388666,0.2818167835395944,0.25906734306988727,0.43120262075527727,0.8234650378159104,0.0531136166246035,55.172413793103445,14.401793979924168,0.03333333333333333,0,200.0,180.0,29,30,35,195,0
streaming_causal,3437173973,1.5,1.8,0.0,0.5456635019739519,0.2953886277983006,0.13905337890021469,0.05650852411337568,0.19087426554075715,0.0028104481914277353,55.172413793103445,12.7952119892857,0.03333333333333333,0,200.0,180.0,29,30,35,195,644
future_state_conditioned,3437173973,1.5,1.8,0.0,0.5400483559981843,0.2869279858883589,0.1440299314075372,0.2534554530932359,0.6808306626718481,0.0068525880401606445,200.0,13.869083118162381,0.03333333333333333,0,200.0,180.0,29,30,180,180,0
isolated_n_step,1732477450,1.5,1.8,0.0,0.4907575064888142,0.21806573159396814,0.07496635956347923,0.3949541765626234,0.9792561942527653,0.18689476246553952,200.0,14.530611969993354,0.03333333333333333,0,200.0,180.0,29,30,180,180,0
few_step_distilled,1732477450,1.5,1.8,0.0,0.46303596261565255,0.2155622820872931,0.11566865884986771,0.36037057334682765,0.7285595747089371,0.0680933757352686,75.00000000000001,13.828795862544181,0.0125,0,75.00000000000001,60.0,30,30,60,60,0
streaming_no_causal,1732477450,1.5,1.8,0.0,0.5126253341664107,0.2877843729661177,0.082858325135483,0.3586546826605574,0.6165417500093859,0.049500234116105817,55.172413793103445,13.897835610587359,0.03333333333333333,0,200.0,180.0,29,30,35,195,0
streaming_causal,1732477450,1.5,1.8,0.0,0.5301527392556389,0.21032779084700154,0.1889947190267324,0.06463577479372043,0.18679607675889748,0.002149976412194016,55.172413793103445,12.773275222182022,0.03333333333333333,0,200.0,180.0,29,30,35,195,644
future_state_conditioned,1732477450,1.5,1.8,0.0,0.5252065938436679,0.2033619924300492,0.17374313564821472,0.2756929767812145,0.8512527038061473,0.007420253737738697,200.0,13.955078674593041,0.03333333333333333,0,200.0,180.0,29,30,180,180,0
isolated_n_step,720840338,1.5,1.8,0.0,0.4809039164840837,0.2847743112927807,0.1076202938356367,0.47265753432252094,1.1654019770716069,0.1650520700916052,200.0,15.554073655432328,0.03333333333333333,0,200.0,180.0,29,30,180,180,0
few_step_distilled,720840338,1.5,1.8,0.0,0.45326078209675147,0.28868157726613464,0.13611556329878477,0.3834225899659721,0.8620668983504972,0.056255184948784474,75.00000000000001,13.890052488388513,0.0125,0,75.00000000000001,60.0,30,30,60,60,0
streaming_no_causal,720840338,1.5,1.8,0.0,0.46808550598333876,0.23577405832494458,0.1617797403490794,0.3888314969286531,0.7159887305362922,0.042839493596492396,55.172413793103445,14.22175571958741,0.03333333333333333,0,200.0,180.0,29,30,35,195,0
streaming_causal,720840338,1.5,1.8,0.0,0.48076414998782335,0.26802017142296297,0.17432086863147078,0.06598281252312686,0.21013848692187156,0.002476703306762912,55.172413793103445,12.943077400549674,0.03333333333333333,0,200.0,180.0,29,30,35,195,644
future_state_conditioned,720840338,1.5,1.8,0.0,0.47835014482570853,0.2605643492194067,0.1736144894269572,0.308697033592028,0.9574958496234012,0.0075037857747259264,200.0,14.400088955560983,0.03333333333333333,0,200.0,180.0,29,30,180,180,0
isolated_n_step,2192517950,1.5,1.8,1.0,0.4951384571724377,0.0490385774413146,0.114058380907399,0.34934792435177137,0.9495621848678765,0.2354108733168501,200.0,14.139311704821544,0.03333333333333333,0,200.0,180.0,29,30,180,180,0
few_step_distilled,2192517950,1.5,1.8,1.0,0.46540125510235447,0.0542963657030889,0.10939923661836956,0.3490409632625219,0.7405896309515257,0.0864201109440655,75.00000000000001,12.888177269545281,0.0125,0,75.00000000000001,60.0,30,30,60,60,0
streaming_no_causal,2192517950,1.5,1.8,0.0,0.5331298968579872,0.25645902402610093,0.18685262608638423,0.2960279377129625,0.6083342237390363,0.061229059870168426,55.172413793103445,13.598141821475696,0.03333333333333333,0,200.0,180.0,29,30,35,195,0
streaming_causal,2192517950,1.5,1.8,1.0,0.5398632405772457,0.044998941223874704,0.0706418090575644,0.06413927338636993,0.16121246537472217,0.002462755208685761,55.172413793103445,12.681693602381369,0.03333333333333333,0,200.0,180.0,29,30,35,195,644
future_state_conditioned,2192517950,1.5,1.8,1.0,0.5319030915574117,0.04106942057414237,0.06185565458550027,0.3059948341940794,0.8525324310639961,0.007111621429699297,200.0,13.894731391696764,0.03333333333333333,0,200.0,180.0,29,30,180,180,0
isolated_n_step,425590905,1.5,1.8,1.0,0.5059166341707081,0.12469365549870096,0.027178418890716437,0.3152905608520075,0.8442307428216215,0.26091141984149785,200.0,13.947423624421607,0.03333333333333333,0,200.0,180.0,29,30,180,180,0
few_step_distilled,425590905,1.5,1.8,1.0,0.4722358720224327,0.11814584892866249,0.04347926694875201,0.3309000177308428,0.7092905969787144,0.0956722384920565,75.00000000000001,13.52528977158164,0.0125,0,75.00000000000001,60.0,30,30,60,60,0
streaming_no_causal,425590905,1.5,1.8,0.0,0.5365697167514735,0.251336229563295,0.21544900747572415,0.2723733615915362,0.6707618834982587,0.06819916577600817,55.172413793103445,13.564433025454372,0.03333333333333333,0,200.0,180.0,29,30,35,195,0
streaming_causal,425590905,1.5,1.8,1.0,0.5561041556192439,0.15656281019575313,0.058300370301473795,0.06298452086797511,0.1455577649692456,0.002877653112056437,55.172413793103445,12.717469485869044,0.03333333333333333,0,200.0,180.0,29,30,35,195,644
future_state_conditioned,425590905,1.5,1.8,1.0,0.5471260587621705,0.14203403927471195,0.04167125993433805,0.26829168406578324,0.5965380936828223,0.007688709656952296,200.0,13.675857697984293,0.03333333333333333,0,200.0,180.0,29,30,180,180,0
isolated_n_step,2786928908,1.5,1.8,0.0,0.4787200532292999,0.2576089078251397,0.18408355830528073,0.48732036204103657,1.0928650049931088,0.1757241185044645,200.0,15.48673506692087,0.03333333333333333,0,200.0,180.0,29,30,180,180,0
few_step_distilled,2786928908,1.5,1.8,0.0,0.4481649513803849,0.24009159488594778,0.13480044325879817,0.3906112532766191,1.0730608774113444,0.061006433147861285,75.00000000000001,14.142147507811769,0.0125,0,75.00000000000001,60.0,30,30,60,60,0
streaming_no_causal,2786928908,1.5,1.8,0.0,0.4792371788185733,0.29175722564725975,0.32790491294126034,0.3744860767558639,0.7282226310128974,0.046247231182876145,55.172413793103445,14.083432986499878,0.03333333333333333,0,200.0,180.0,29,30,35,195,0
streaming_causal,2786928908,1.5,1.8,0.0,0.48941572050387755,0.2555607039713117,0.1191219747462053,0.07095692424730388,0.19248114387217485,0.0025135373635063324,55.172413793103445,12.902565229534455,0.03333333333333333,0,200.0,180.0,29,30,35,195,644
future_state_conditioned,2786928908,1.5,1.8,0.0,0.489657136598026,0.25717979887639264,0.11366487642966353,0.30978719620172246,1.0954199545387646,0.007551017805645702,200.0,14.390305310624786,0.03333333333333333,0,200.0,180.0,29,30,180,180,0
isolated_n_step,1596769007,1.5,1.8,0.0,0.4957310092869651,0.29736465943071244,0.22586136547532618,0.4246937275405004,1.1093494171523228,0.2512655296993001,200.0,14.994629358284765,0.03333333333333333,0,200.0,180.0,29,30,180,180,0
few_step_distilled,1596769007,1.5,1.8,0.0,0.4553318804403007,0.2548816883194165,0.15858593666896872,0.37062538578757187,0.7550932286780824,0.0904053778414929,75.00000000000001,13.566243918283316,0.0125,0,75.00000000000001,60.0,30,30,60,60,0
streaming_no_causal,1596769007,1.5,1.8,0.0,0.5024669585577524,0.30219646797014577,0.4273195891954005,0.35441799713656946,0.8495503301669474,0.06563399715232494,55.172413793103445,14.006757464867187,0.03333333333333333,0,200.0,180.0,29,30,35,195,0
streaming_causal,1596769007,1.5,1.8,0.0,0.5290895643790955,0.2942349172676945,0.12164594816917632,0.06467601547620833,0.1869874615156827,0.0025535400716208286,55.172413793103445,12.751759752721789,0.03333333333333333,0,200.0,180.0,29,30,35,195,644
future_state_conditioned,1596769007,1.5,1.8,0.0,0.5246217367792182,0.2809721582911418,0.11911358493691555,0.30000487205323567,1.0888326961070576,0.007815086087743617,200.0,14.08695173906417,0.03333333333333333,0,200.0,180.0,29,30,180,180,0
isolated_n_step,873588692,1.5,1.8,1.0,0.49356122867644137,0.14219460268061485,0.20324449222479732,0.27669394860189805,0.7065141615818546,0.19958612355856872,200.0,13.659710454205513,0.03333333333333333,0,200.0,180.0,29,30,180,180,0
few_step_distilled,873588692,1.5,1.8,1.0,0.45848681506115346,0.1311091830339182,0.16194255931066054,0.32921841160271403,0.6926449808198952,0.07173097099349866,75.00000000000001,13.423532786349208,0.0125,0,75.00000000000001,60.0,30,30,60,60,0
streaming_no_causal,873588692,1.5,1.8,1.0,0.5376831826376678,0.17314264796624548,0.18327583342215764,0.309129053915965,0.5313581851288037,0.05177232074789859,55.172413793103445,13.538171705415847,0.03333333333333333,0,200.0,180.0,29,30,35,195,0
streaming_causal,873588692,1.5,1.8,1.0,0.5442130848610556,0.13188398872120885,0.13751753586220522,0.04570365086886464,0.1258442367146064,0.0020335911254182014,55.172413793103445,12.59224406273316,0.03333333333333333,0,200.0,180.0,29,30,35,195,644
future_state_conditioned,873588692,1.5,1.8,1.0,0.5350146549185355,0.11097947698090341,0.12121420368518705,0.255285629482283,0.5322583344164464,0.005708809519136177,200.0,13.354431705664712,0.03333333333333333,0,200.0,180.0,29,30,180,180,0
isolated_n_step,514502060,1.5,1.8,0.0,0.4852377518411563,0.2172439428446543,0.13246201132914948,0.4369803953101807,1.2040528732556295,0.18887505250746875,200.0,15.210934530652153,0.03333333333333333,0,200.0,180.0,29,30,180,180,0
few_step_distilled,514502060,1.5,1.8,0.0,0.4548766866980412,0.21989468114165955,0.13413434849371844,0.3831934063966676,0.7586277622178471,0.06589479161171916,75.00000000000001,13.361386461096401,0.0125,0,75.00000000000001,60.0,30,30,60,60,0
streaming_no_causal,514502060,1.5,1.8,0.0,0.497436152684035,0.24927559137664299,0.05396817349403072,0.4230347679385718,0.7259659419462131,0.050037161027458824,55.172413793103445,14.263033551005497,0.03333333333333333,0,200.0,180.0,29,30,35,195,0
streaming_causal,514502060,1.5,1.8,0.0,0.5017409775897339,0.22408364351159288,0.20610833360603492,0.06532346590314245,0.18517388540548263,0.0023961893391848603,55.172413793103445,12.825441006530419,0.03333333333333333,0,200.0,180.0,29,30,35,195,644
future_state_conditioned,514502060,1.5,1.8,0.0,0.4964030076969571,0.22051139416730275,0.18989645126927124,0.26271797410316133,1.0292190119914075,0.006847149087141874,200.0,14.015592119125811,0.03333333333333333,0,200.0,180.0,29,30,180,180,0
isolated_n_step,2802362548,1.5,1.8,0.0,0.4949166443045866,0.34231893012150066,0.292552553027087,0.45928310018639207,1.39070249805608,0.21841765281469963,200.0,15.586130444472161,0.03333333333333333,0,200.0,180.0,29,30,180,180,0
few_step_distilled,2802362548,1.5,1.8,0.0,0.4563017871495141,0.2923628757453471,0.2529742044801507,0.3735930940236982,1.0013093469176004,0.0786031704044065,75.00000000000001,13.935774211220892,0.0125,0,75.00000000000001,60.0,30,30,60,60,0
streaming_no_causal,2802362548,1.5,1.8,0.0,0.4909807008083058,0.37878372309928887,0.4828645461181277,0.36689316638051217,0.9363100780465565,0.05715550924397209,55.172413793103445,14.168231568614475,0.03333333333333333,0,200.0,180.0,29,30,35,195,0
streaming_causal,2802362548,1.5,1.8,0.0,0.5166812517466433,0.34270887721530396,0.19974731254077707,0.07560460746503075,0.22544795621470823,0.002654667665821939,55.172413793103445,12.821694711605897,0.03333333333333333,0,200.0,180.0,29,30,35,195,644
future_state_conditioned,2802362548,1.5,1.8,0.0,0.5117674314394687,0.3243798420028138,0.19685718673108163,0.33512670021461194,1.196761622112857,0.008692654892556185,200.0,14.458754611361279,0.03333333333333333,0,200.0,180.0,29,30,180,180,0
isolated_n_step,1183367100,1.5,1.8,0.0,0.47612688664923375,0.21876952469427913,0.1004719603118899,0.4275018869118807,1.2491891371771762,0.19205859099784345,200.0,15.042874856491771,0.03333333333333333,0,200.0,180.0,29,30,180,180,0
few_step_distilled,1183367100,1.5,1.8,0.0,0.4396038273110275,0.2134395688533504,0.04452734584858246,0.3657640221438562,0.7536102968174228,0.06786790463305338,75.00000000000001,13.260040731287877,0.0125,0,75.00000000000001,60.0,30,30,60,60,0
streaming_no_causal,1183367100,1.5,1.8,0.0,0.48516448648413174,0.270980750287084,0.26674952286003095,0.37762860467869014,0.7971064273811077,0.05011185688201329,55.172413793103445,14.085659434819695,0.03333333333333333,0,200.0,180.0,29,30,35,195,0
streaming_causal,1183367100,1.5,1.8,0.0,0.4877076967975169,0.23538546683868697,0.10056492828496619,0.05833745364580036,0.17629858410264607,0.0021999128163944586,55.172413793103445,12.8085036368463,0.03333333333333333,0,200.0,180.0,29,30,35,195,644
future_state_conditioned,1183367100,1.5,1.8,0.0,0.48789043130822374,0.23448320040783852,0.07735451450193526,0.2808866302057691,0.6953966312010662,0.007226679589410207,200.0,13.977593479944948,0.03333333333333333,0,200.0,180.0,29,30,180,180,0
isolated_n_step,1662745363,1.5,1.8,0.0,0.5120018705018138,0.2107289640466799,0.0282378087010996,0.4463007270478531,1.1534160307952956,0.19397888116460787,200.0,15.184681076055758,0.03333333333333333,0,200.0,180.0,29,30,180,180,0
few_step_distilled,1662745363,1.5,1.8,0.0,0.4652721763999238,0.21331475919189535,0.03191535966921869,0.4058668135709424,0.7906510834961298,0.06644981065080638,75.00000000000001,14.11917507018917,0.0125,0,75.00000000000001,60.0,30,30,60,60,0
streaming_no_causal,1662745363,1.5,1.8,1.0,0.5133724819301058,0.19962511771982702,0.2894601368435039,0.4283735398231851,0.8247779246111772,0.051939614121839846,55.172413793103445,14.39711585588616,0.03333333333333333,0,200.0,180.0,29,30,35,195,0
streaming_causal,1662745363,1.5,1.8,0.0,0.5203384201410979,0.2666246559128538,0.029374593533439602,0.06347134565572558,0.18983116492305688,0.0024904089656114336,55.172413793103445,12.83119367308149,0.03333333333333333,0,200.0,180.0,29,30,35,195,644
future_state_conditioned,1662745363,1.5,1.8,0.0,0.5189610038400013,0.25659425512003553,0.03162829471566226,0.2884603127988826,1.101651956154379,0.008413690673623379,200.0,14.151749224004703,0.03333333333333333,0,200.0,180.0,29,30,180,180,0
isolated_n_step,1478792465,1.5,1.8,1.0,0.4965830614385708,0.16347447256326525,0.21665995515850026,0.44205354778305067,1.114877987548722,0.17217043426988415,200.0,14.902806089862983,0.03333333333333333,0,200.0,180.0,29,30,180,180,0
few_step_distilled,1478792465,1.5,1.8,1.0,0.4632245723802994,0.15529120388798626,0.203365904435521,0.3399582640335363,0.8216587928446943,0.060986428999907645,75.00000000000001,13.55281672316544,0.0125,0,75.00000000000001,60.0,30,30,60,60,0
streaming_no_causal,1478792465,1.5,1.8,1.0,0.5149094457862344,0.18154768199801952,0.13595120417895037,0.42857473012659764,0.747434991207415,0.046031520366910564,55.172413793103445,14.248377416866049,0.03333333333333333,0,200.0,180.0,29,30,35,195,0
streaming_causal,1478792465,1.5,1.8,1.0,0.5307567639613446,0.1617121592914683,0.2519806472835405,0.07117427122654132,0.19365317013284566,0.0027997635138526543,55.172413793103445,12.8194468677677,0.03333333333333333,0,200.0,180.0,29,30,35,195,644
future_state_conditioned,1478792465,1.5,1.8,1.0,0.5240979818443379,0.16517828545476287,0.22836060653632106,0.2834586651818495,0.9733944817797335,0.007335069940798852,200.0,13.9362413223813,0.03333333333333333,0,200.0,180.0,29,30,180,180,0
isolated_n_step,700748632,1.5,1.8,1.0,0.46947838261842295,0.18319262014869744,0.10342942106805027,0.4680150308312426,1.030248292396934,0.20461135559325808,200.0,15.179892218764325,0.03333333333333333,0,200.0,180.0,29,30,180,180,0
few_step_distilled,700748632,1.5,1.8,0.0,0.43971207391718725,0.20052951280275844,0.08550525360129803,0.3436526138585457,0.6812166216415602,0.07224369692834345,75.00000000000001,13.163548363648415,0.0125,0,75.00000000000001,60.0,30,30,60,60,0
streaming_no_causal,700748632,1.5,1.8,0.0,0.4730340138923495,0.2491778677786597,0.17027454752735388,0.37992235328214197,0.6737175165470878,0.052843510276839,55.172413793103445,14.051937872192877,0.03333333333333333,0,200.0,180.0,29,30,35,195,0
streaming_causal,700748632,1.5,1.8,0.0,0.47641955238773276,0.21197599179632295,0.16687047809014638,0.06661891957159329,0.17413152965350287,0.0027092684488520397,55.172413793103445,12.83361610462533,0.03333333333333333,0,200.0,180.0,29,30,35,195,644
future_state_conditioned,700748632,1.5,1.8,0.0,0.47817134860536664,0.21927778161283867,0.15488991446178313,0.3198351681507598,0.9864671909839936,0.00777511965772663,200.0,14.15975694451046,0.03333333333333333,0,200.0,180.0,29,30,180,180,0
isolated_n_step,3169629476,1.5,1.8,1.0,0.4805875893100415,0.135312701960111,0.03482448305301248,0.3896925940116058,1.142000525494863,0.19767168054961468,200.0,14.595476826037107,0.03333333333333333,0,200.0,180.0,29,30,180,180,0
few_step_distilled,3169629476,1.5,1.8,1.0,0.4513301244395116,0.08930892332385736,0.060576564350180016,0.3672685583698915,0.7105866227531783,0.07263966245587092,75.00000000000001,13.494611411287739,0.0125,0,75.00000000000001,60.0,30,30,60,60,0
streaming_no_causal,3169629476,1.5,1.8,0.0,0.5206467378620203,0.2622008230195032,0.07519989808920026,0.3589922170383785,0.8374548564915318,0.052672879121121584,55.172413793103445,13.928659274364424,0.03333333333333333,0,200.0,180.0,29,30,35,195,0
streaming_causal,3169629476,1.5,1.8,1.0,0.5203474258308535,0.0956407544709658,0.057741994795513354,0.06003184544080722,0.16855239959404375,0.002443383662522755,55.172413793103445,12.704447639552587,0.03333333333333333,0,200.0,180.0,29,30,35,195,644
future_state_conditioned,3169629476,1.5,1.8,1.0,0.5159560179253297,0.07891818703220312,0.049537415339718734,0.28183570275175385,0.900289804082278,0.008337489545724355,200.0,13.745239433951035,0.03333333333333333,0,200.0,180.0,29,30,180,180,0
isolated_n_step,1577861447,1.5,1.8,0.0,0.4826810138977278,0.27734441291025,0.30855736060575967,0.519304353936598,1.4070047844461562,0.1777322850607637,200.0,15.960716686658815,0.03333333333333333,0,200.0,180.0,29,30,180,180,0
few_step_distilled,1577861447,1.5,1.8,0.0,0.44138590486669954,0.24775490866975453,0.2457167831473667,0.4023934744378806,1.0444005143491903,0.059856310328535216,75.00000000000001,14.321003086162888,0.0125,0,75.00000000000001,60.0,30,30,60,60,0
streaming_no_causal,1577861447,1.5,1.8,0.0,0.46784638837257825,0.24918719182664684,0.3527758603335854,0.44085046988874405,0.7582438623914557,0.044347481820746555,55.172413793103445,14.463786174393666,0.03333333333333333,0,200.0,180.0,29,30,35,195,0
streaming_causal,1577861447,1.5,1.8,0.0,0.4766954553856196,0.2533434130851429,0.21941114649204296,0.07889092268766666,0.26085351277450863,0.0025979151651220733,55.172413793103445,13.020657867495036,0.03333333333333333,0,200.0,180.0,29,30,35,195,644
future_state_conditioned,1577861447,1.5,1.8,0.0,0.47778534005236845,0.2508245006055479,0.227208528119139,0.31545292035523864,1.3348775402163584,0.008597227007322015,200.0,14.732212753836002,0.03333333333333333,0,200.0,180.0,29,30,180,180,0
isolated_n_step,2073418465,1.5,1.8,0.0,0.48818065198225274,0.29358561135875294,0.32453730655780577,0.4645641732053319,1.319891567618408,0.19837354926871045,200.0,15.602190592422899,0.03333333333333333,0,200.0,180.0,29,30,180,180,0
few_step_distilled,2073418465,1.5,1.8,0.0,0.45848372937197945,0.27507032219018157,0.27408728548599437,0.40218137086663064,0.7836825004728192,0.0684818378456981,75.00000000000001,13.598829857389001,0.0125,0,75.00000000000001,60.0,30,30,60,60,0
streaming_no_causal,2073418465,1.5,1.8,0.0,0.4840582007624776,0.3125916150409706,0.45104445269660287,0.4032267140228069,0.8182539019074733,0.051175842131325755,55.172413793103445,14.253549324847942,0.03333333333333333,0,200.0,180.0,29,30,35,195,0
streaming_causal,2073418465,1.5,1.8,0.0,0.5011899687079554,0.29790528233012037,0.23464203228972877,0.07101270375127143,0.21665802768165474,0.0024537319644381966,55.172413793103445,12.866765690525089,0.03333333333333333,0,200.0,180.0,29,30,35,195,644
future_state_conditioned,2073418465,1.5,1.8,0.0,0.5008649147799147,0.2920763691358555,0.2270682538832133,0.32914062232587776,1.3103056030174403,0.008219885991491191,200.0,14.621297078062558,0.03333333333333333,0,200.0,180.0,29,30,180,180,0
isolated_n_step,3106719965,1.5,1.8,0.0,0.4793591375060592,0.2569877986528812,0.19825289792174808,0.468739027700023,1.2404747164926258,0.21468850020816097,200.0,15.414111308782369,0.03333333333333333,0,200.0,180.0,29,30,180,180,0
few_step_distilled,3106719965,1.5,1.8,0.0,0.4383551018390348,0.2278514902121941,0.2095789906656366,0.34043366914117557,0.9054207404955403,0.07831343777190321,75.00000000000001,14.043737776710145,0.0125,0,75.00000000000001,60.0,30,30,60,60,0
streaming_no_causal,3106719965,1.5,1.8,0.0,0.490837640485016,0.2287312682057846,0.1409955115154016,0.38743285701865277,0.8207472543308073,0.05554506789752734,55.172413793103445,14.15245138460435,0.03333333333333333,0,200.0,180.0,29,30,35,195,0
streaming_causal,3106719965,1.5,1.8,0.0,0.5013163197840409,0.22628445313929657,0.25792602959052585,0.07255388058738664,0.20473674434253114,0.002415794067803979,55.172413793103445,12.803362769423014,0.03333333333333333,0,200.0,180.0,29,30,35,195,644
future_state_conditioned,3106719965,1.5,1.8,0.0,0.49719785495290775,0.20907200875909424,0.2278586012214194,0.2929762856251325,1.0253963879319397,0.007254225225697245,200.0,14.057892605744117,0.03333333333333333,0,200.0,180.0,29,30,180,180,0
isolated_n_step,2359311979,1.5,1.8,0.0,0.48897823393648565,0.2749873066806187,0.14760016972140083,0.4202379056279025,1.1449253934681791,0.2071559266238153,200.0,14.81119748882323,0.03333333333333333,0,200.0,180.0,29,30,180,180,0
few_step_distilled,2359311979,1.5,1.8,0.0,0.4525903066591509,0.2650780459860712,0.14021893150690193,0.34399426212336087,0.630072732303355,0.07470470589152424,75.00000000000001,13.982490903928614,0.0125,0,75.00000000000001,60.0,30,30,60,60,0
streaming_no_causal,2359311979,1.5,1.8,0.0,0.5000931798828057,0.25104140325764174,0.2672717466526397,0.3464126949184023,0.7422672345798961,0.05435407439340532,55.172413793103445,13.873549126188042,0.03333333333333333,0,200.0,180.0,29,30,35,195,0
streaming_causal,2359311979,1.5,1.8,0.0,0.5257556569868097,0.28624901628261334,0.1424815751309152,0.06663511014876514,0.2071855809448924,0.0022802432537804237,55.172413793103445,12.718974355775988,0.03333333333333333,0,200.0,180.0,29,30,35,195,644
future_state_conditioned,2359311979,1.5,1.8,0.0,0.5199875828841515,0.2661282115247182,0.14536638851827166,0.2885822925979512,0.9171891023586949,0.007450829162750863,200.0,13.987308427612167,0.03333333333333333,0,200.0,180.0,29,30,180,180,0
isolated_n_step,2193450886,1.5,1.8,1.0,0.4815867539836086,0.1677165347559629,0.0804295592693974,0.39556570836294735,1.0128035027474942,0.20983344291504868,200.0,14.54135736231465,0.03333333333333333,0,200.0,180.0,29,30,180,180,0
few_step_distilled,2193450886,1.5,1.8,1.0,0.4440962882362626,0.13858006722013635,0.08380312511796811,0.4278667085589838,0.9371141896879867,0.07515546554387574,75.00000000000001,13.337150353492548,0.0125,0,75.00000000000001,60.0,30,30,60,60,0
streaming_no_causal,2193450886,1.5,1.8,0.0,0.5040410001711786,0.21087132202157088,0.11366737659728153,0.3013602451898709,0.677673435703074,0.05408816681074356,55.172413793103445,13.637577541884701,0.03333333333333333,0,200.0,180.0,29,30,35,195,0
streaming_causal,2193450886,1.5,1.8,1.0,0.5144797388464133,0.1586765604766141,0.04862641810582992,0.058763614571888945,0.17635579784885771,0.0022483171317585955,55.172413793103445,12.705841284226967,0.03333333333333333,0,200.0,180.0,29,30,35,195,644
future_state_conditioned,2193450886,1.5,1.8,1.0,0.5093507763765356,0.1451036206475235,0.05936585981327974,0.25498484298526786,0.8435422349821321,0.006437538680927418,200.0,13.695870693744688,0.03333333333333333,0,200.0,180.0,29,30,180,180,0
isolated_n_step,1988999867,1.5,1.8,1.0,0.5192351554599078,0.14717268285766716,0.17899985803007795,0.4337615601649682,0.9985245061839502,0.19622123015930348,200.0,14.79881088840129,0.03333333333333333,0,200.0,180.0,29,30,180,180,0
few_step_distilled,1988999867,1.5,1.8,1.0,0.4757471489262513,0.1395859858851717,0.14461250959487493,0.3997432066851132,0.7186182297629229,0.06971766464638188,75.00000000000001,14.18795038438101,0.0125,0,75.00000000000001,60.0,30,30,60,60,0
streaming_no_causal,1988999867,1.5,1.8,0.0,0.5370889862804522,0.22225093019949224,0.045193352614097765,0.43272174368641814,0.8315571005565782,0.05287966378104774,55.172413793103445,14.378535658681567,0.03333333333333333,0,200.0,180.0,29,30,35,195,0
streaming_causal,1988999867,1.5,1.8,1.0,0.5454660980187607,0.15072898076065439,0.17825260139295387,0.06699596518009146,0.16689052300648163,0.0025736571399588284,55.172413793103445,12.757177881480096,0.03333333333333333,0,200.0,180.0,29,30,35,195,644
future_state_conditioned,1988999867,1.5,1.8,1.0,0.5408145407606189,0.15950756132696697,0.17877279311251526,0.3226080498937299,1.079537246398299,0.007030383478921564,200.0,14.422159511849635,0.03333333333333333,0,200.0,180.0,29,30,180,180,0
isolated_n_step,4292073141,1.5,1.8,0.0,0.4974990322534809,0.22143761784051919,0.26803572113611773,0.45571308311979797,1.2308467574586626,0.19055288956930255,200.0,15.224939910355713,0.03333333333333333,0,200.0,180.0,29,30,180,180,0
few_step_distilled,4292073141,1.5,1.8,1.0,0.4601054521204569,0.16633941901993723,0.24618753341787686,0.3978508974819459,0.9411575990106853,0.0667027322865239,75.00000000000001,14.250760886552834,0.0125,0,75.00000000000001,60.0,30,30,60,60,0
streaming_no_causal,4292073141,1.5,1.8,0.0,0.5105210403816165,0.2229833360209435,0.20893400189321493,0.41842150801792516,0.7558086819270059,0.049115474984899384,55.172413793103445,14.325041082181775,0.03333333333333333,0,200.0,180.0,29,30,35,195,0
streaming_causal,4292073141,1.5,1.8,1.0,0.5184695100783723,0.16259858178563139,0.24637505953650665,0.06488333760504571,0.1752970077636715,0.0021027620352829226,55.172413793103445,12.79939028407963,0.03333333333333333,0,200.0,180.0,29,30,35,195,644
future_state_conditioned,4292073141,1.5,1.8,1.0,0.5170619651651859,0.168987033058252,0.24248202905742727,0.2840083686001239,1.037639095859172,0.0075160245269754785,200.0,14.008154084075121,0.03333333333333333,0,200.0,180.0,29,30,180,180,0
isolated_n_step,575179962,1.5,1.8,1.0,0.5079215429949446,0.1642267690593716,0.03744930576840198,0.3811882715321456,1.0221393094780526,0.20752048468564174,200.0,14.53431069245351,0.03333333333333333,0,200.0,180.0,29,30,180,180,0
few_step_distilled,575179962,1.5,1.8,1.0,0.47838142636454095,0.16383458585994123,0.07821026639449324,0.3226248916998612,0.7516118138253016,0.0739693488066364,75.00000000000001,13.858630802729044,0.0125,0,75.00000000000001,60.0,30,30,60,60,0
streaming_no_causal,575179962,1.5,1.8,0.0,0.5291307735606795,0.2959484416391347,0.16407712155251514,0.3793397021892034,0.7492069525713508,0.05592306436713607,55.172413793103445,14.043097783376501,0.03333333333333333,0,200.0,180.0,29,30,35,195,0
streaming_causal,575179962,1.5,1.8,0.0,0.5508031326930817,0.21908324971170837,0.0772101756717006,0.06296494540582491,0.18657287992306126,0.002584324240678387,55.172413793103445,12.735299202194561,0.03333333333333333,0,200.0,180.0,29,30,35,195,644
future_state_conditioned,575179962,1.5,1.8,1.0,0.537688899846596,0.1941260034675546,0.0722423921849696,0.2858399899760641,0.7843499552648624,0.006545736226727023,200.0,13.945968709443905,0.03333333333333333,0,200.0,180.0,29,30,180,180,0
isolated_n_step,2634258790,1.5,1.8,0.0,0.49426477533404306,0.21182941331615035,0.170920439451329,0.4831194363555859,1.259141156926558,0.20819016793062264,200.0,15.496997482117989,0.03333333333333333,0,200.0,180.0,29,30,180,180,0
few_step_distilled,2634258790,1.5,1.8,1.0,0.4554724378280388,0.1941426563437144,0.15185326225804058,0.41392064397635125,1.2294172931614262,0.07212937327739952,75.00000000000001,14.457995439783666,0.0125,0,75.00000000000001,60.0,30,30,60,60,0
streaming_no_causal,2634258790,1.5,1.8,0.0,0.5040502731993173,0.322413554366435,0.3220472212690605,0.4224880008532183,0.7301696696323418,0.053539093656403136,55.172413793103445,14.338567037599981,0.03333333333333333,0,200.0,180.0,29,30,35,195,0
streaming_causal,2634258790,1.5,1.8,0.0,0.4943737250370405,0.21021206234981588,0.15300928839942815,0.07278954745140556,0.2156676800891154,0.002536028777962343,55.172413793103445,12.819712525140739,0.03333333333333333,0,200.0,180.0,29,30,35,195,644
future_state_conditioned,2634258790,1.5,1.8,0.0,0.4936487184868366,0.20596306471309428,0.12470225323797256,0.34740952517833534,1.4411181211808406,0.009055655021022777,200.0,14.801381790623456,0.03333333333333333,0,200.0,180.0,29,30,180,180,0
isolated_n_step,2568501011,1.5,1.8,0.0,0.4646026297448314,0.23796202951957646,0.2568595175921457,0.4198547438662095,1.153445382301032,0.20552717640470866,200.0,15.123702027338119,0.03333333333333333,0,200.0,180.0,29,30,180,180,0
few_step_distilled,2568501011,1.5,1.8,0.0,0.43010876831343414,0.219610889258984,0.21385735570590864,0.3135792275644225,0.6062982136015889,0.0702127322520707,75.00000000000001,13.070686050500752,0.0125,0,75.00000000000001,60.0,30,30,60,60,0
streaming_no_causal,2568501011,1.5,1.8,0.0,0.4588673745294923,0.30332656261283936,0.3349145956981322,0.30657420901550536,0.6729947412530978,0.05014610878943657,55.172413793103445,13.773554280905126,0.03333333333333333,0,200.0,180.0,29,30,35,195,0
streaming_causal,2568501011,1.5,1.8,0.0,0.4582689450495924,0.22977207283797582,0.21173962673743463,0.057824013241142516,0.12698888140217363,0.0022314793183576954,55.172413793103445,12.863260750738183,0.03333333333333333,0,200.0,180.0,29,30,35,195,644
future_state_conditioned,2568501011,1.5,1.8,0.0,0.4592916136212106,0.21527793850082072,0.19711372478485925,0.25806354482483723,0.7832957303716742,0.005031841330281216,200.0,13.635522883711124,0.03333333333333333,0,200.0,180.0,29,30,180,180,0
isolated_n_step,4281985042,1.5,1.8,1.0,0.5136645561054078,0.18794918579467285,0.1314606549616576,0.5000319315428757,1.309417971799631,0.2061118709566397,200.0,15.728783099303698,0.03333333333333333,0,200.0,180.0,29,30,180,180,0
few_step_distilled,4281985042,1.5,1.8,0.0,0.47632534218792655,0.20623422591081791,0.10163452079409117,0.3984788332587954,1.0221439893919093,0.07114298343815292,75.00000000000001,13.484136335269929,0.0125,0,75.00000000000001,60.0,30,30,60,60,0
streaming_no_causal,4281985042,1.5,1.8,0.0,0.512319310040681,0.2489841635670869,0.1529914472219238,0.48403114422407106,0.8566477607696216,0.053725543844700845,55.172413793103445,14.771214019675051,0.03333333333333333,0,200.0,180.0,29,30,35,195,0
streaming_causal,4281985042,1.5,1.8,0.0,0.5167576249057257,0.20970434015853284,0.15041368506350056,0.07715730198588609,0.2433843067716494,0.0026922036442368577,55.172413793103445,12.882604618130102,0.03333333333333333,0,200.0,180.0,29,30,35,195,644
future_state_conditioned,4281985042,1.5,1.8,0.0,0.5149472412825454,0.2216998059090602,0.15871509962653085,0.30396266489930424,1.2999798296157077,0.009297993685138752,200.0,14.526365889532393,0.03333333333333333,0,200.0,180.0,29,30,180,180,0
isolated_n_step,1180003821,1.5,1.8,1.0,0.4836642268451455,0.19138435233769152,0.11496954268082439,0.431226475509892,1.1983486028413184,0.21868611943013416,200.0,14.987160099256183,0.03333333333333333,0,200.0,180.0,29,30,180,180,0
few_step_distilled,1180003821,1.5,1.8,1.0,0.44181853522063996,0.1774026113214475,0.12101145099711154,0.4369730223963993,1.2456373308704354,0.07951031339735369,75.00000000000001,14.88803936430374,0.0125,0,75.00000000000001,60.0,30,30,60,60,0
streaming_no_causal,1180003821,1.5,1.8,0.0,0.4970152808982374,0.2570208108047727,0.2541252753748777,0.2867006977854438,0.5841972110833917,0.05686685616796513,55.172413793103445,13.599986586484667,0.03333333333333333,0,200.0,180.0,29,30,35,195,0
streaming_causal,1180003821,1.5,1.8,0.0,0.5083819383301805,0.201832180691534,0.11152657708963754,0.06027897157631427,0.17520754383792947,0.0028357456728666888,55.172413793103445,12.705040751689184,0.03333333333333333,0,200.0,180.0,29,30,35,195,644
future_state_conditioned,1180003821,1.5,1.8,0.0,0.5095282872820481,0.21285384917647698,0.1010101568453421,0.32461883290460575,1.4505564498834946,0.00769020223598669,200.0,14.73753521450285,0.03333333333333333,0,200.0,180.0,29,30,180,180,0
isolated_n_step,396057027,1.5,1.8,0.0,0.5270268084649572,0.31290395991129716,0.17965049577097109,0.4537457950185289,1.0975140198704558,0.22273432620417502,200.0,15.006955758379725,0.03333333333333333,0,200.0,180.0,29,30,180,180,0
few_step_distilled,396057027,1.5,1.8,0.0,0.48065284849375595,0.26444924883397947,0.0981452820071862,0.3723820076418263,0.849997415622215,0.08059047997705787,75.00000000000001,13.441468345311476,0.0125,0,75.00000000000001,60.0,30,30,60,60,0
streaming_no_causal,396057027,1.5,1.8,0.0,0.5464751347058554,0.31004069358584474,0.443211287512548,0.44236109141458296,0.9421908712864986,0.05976326423414677,55.172413793103445,14.504125726379248,0.03333333333333333,0,200.0,180.0,29,30,35,195,0
streaming_causal,396057027,1.5,1.8,0.0,0.562638572217259,0.32063767822389416,0.09289814182516407,0.07092665831394133,0.2022410118856378,0.002709442658319761,55.172413793103445,12.749384022218555,0.03333333333333333,0,200.0,180.0,29,30,35,195,644
future_state_conditioned,396057027,1.5,1.8,0.0,0.5532813017689082,0.2987584010272989,0.07775651839418078,0.3005855181105049,0.9884064086615887,0.007730019641310104,200.0,14.042204908278002,0.03333333333333333,0,200.0,180.0,29,30,180,180,0
isolated_n_step,985398072,1.5,1.8,0.0,0.4970389357793239,0.21917469609570528,0.19948737464803812,0.3305574471498756,0.837451287062766,0.16829995712867934,200.0,14.05003867607875,0.03333333333333333,0,200.0,180.0,29,30,180,180,0
few_step_distilled,985398072,1.5,1.8,0.0,0.4597723599967172,0.20934549031305896,0.1624858504394007,0.31996518783610706,0.590132509434917,0.060348223489838454,75.00000000000001,13.553772732388897,0.0125,0,75.00000000000001,60.0,30,30,60,60,0
streaming_no_causal,985398072,1.5,1.8,1.0,0.5157773895829219,0.13151439211834748,0.17439544772678386,0.314755189148404,0.63061603306079,0.045426294816002126,55.172413793103445,13.72174260167532,0.03333333333333333,0,200.0,180.0,29,30,35,195,0
streaming_causal,985398072,1.5,1.8,1.0,0.5276955789560425,0.1828057213817666,0.21041863485952628,0.04893373164206526,0.1506916248921448,0.002387864819165674,55.172413793103445,12.692997045747125,0.03333333333333333,0,200.0,180.0,29,30,35,195,644
future_state_conditioned,985398072,1.5,1.8,1.0,0.5224515724360329,0.1850254470491225,0.20499884376566488,0.24305462980293632,0.6025481244271935,0.00627861990583171,200.0,13.435752924408629,0.03333333333333333,0,200.0,180.0,29,30,180,180,0
isolated_n_step,2358173317,1.5,1.8,0.0,0.5127317213604525,0.29018326758457613,0.14733617621281767,0.4651481772347407,1.1667719272365242,0.18687084847299495,200.0,15.36288483876463,0.03333333333333333,0,200.0,180.0,29,30,180,180,0
few_step_distilled,2358173317,1.5,1.8,0.0,0.4786092480089669,0.29605506283726474,0.20311217879684484,0.3919165308639249,0.8455960799356502,0.06434910634842733,75.00000000000001,13.767593270887843,0.0125,0,75.00000000000001,60.0,30,30,60,60,0
streaming_no_causal,2358173317,1.5,1.8,0.0,0.5000732929475137,0.2816983699576153,0.1418644199566457,0.37005329546918136,0.8405376770566627,0.04803925002760705,55.172413793103445,14.143394508110084,0.03333333333333333,0,200.0,180.0,29,30,35,195,0
streaming_causal,2358173317,1.5,1.8,0.0,0.5238105326600414,0.28558396443622996,0.26366716968101234,0.07312137112793347,0.22844497419244786,0.0028930793070236728,55.172413793103445,12.922528820224967,0.03333333333333333,0,200.0,180.0,29,30,35,195,644
future_state_conditioned,2358173317,1.5,1.8,0.0,0.521670684446606,0.28468242496045043,0.24664909062297483,0.3173284145302429,1.2231403734048996,0.00905748401109047,200.0,14.527327865314946,0.03333333333333333,0,200.0,180.0,29,30,180,180,0
isolated_n_step,2192675091,1.5,1.8,0.0,0.4652580895138115,0.321093488991028,0.23280733574346985,0.449037903318974,1.1580958020626366,0.1831344838523084,200.0,15.350433278732101,0.03333333333333333,0,200.0,180.0,29,30,180,180,0
few_step_distilled,2192675091,1.5,1.8,0.0,0.42531096485540487,0.28931483417599063,0.23966198464465277,0.3237615272187064,0.8585257761370227,0.0631157796244731,75.00000000000001,13.737508002280494,0.0125,0,75.00000000000001,60.0,30,30,60,60,0
streaming_no_causal,2192675091,1.5,1.8,0.0,0.4547577172399405,0.3073479514699222,0.3133269059247216,0.33077531818061895,0.7393241554746212,0.04660147228987624,55.172413793103445,13.906477927832627,0.03333333333333333,0,200.0,180.0,29,30,35,195,0
streaming_causal,2192675091,1.5,1.8,0.0,0.46511850471471217,0.285830531776321,0.24364368766277725,0.06392082141670578,0.20949632809253682,0.002345141047009904,55.172413793103445,12.863310927251066,0.03333333333333333,0,200.0,180.0,29,30,35,195,644
future_state_conditioned,2192675091,1.5,1.8,0.0,0.4669833511271001,0.2805755420093138,0.24012031549682195,0.31461257907730744,0.8653906704944441,0.007567853716619436,200.0,14.103982463039923,0.03333333333333333,0,200.0,180.0,29,30,180,180,0
isolated_n_step,3571151999,1.5,1.8,0.0,0.49403483079921734,0.2763698870934841,0.2794443149612489,0.4345683144627956,1.039181711245863,0.2750067856000651,200.0,14.973141346836131,0.03333333333333333,0,200.0,180.0,29,30,180,180,0
few_step_distilled,3571151999,1.5,1.8,0.0,0.4588396396514589,0.22741624437585112,0.24499524603824357,0.3679353838398016,0.8656433177308778,0.09690758016601139,75.00000000000001,13.332510893096,0.0125,0,75.00000000000001,60.0,30,30,60,60,0
streaming_no_causal,3571151999,1.5,1.8,0.0,0.4951677130282508,0.3762972937755137,0.4088970735738733,0.3785075382830002,0.6909132337462726,0.06965988161169595,55.172413793103445,14.020267893620623,0.03333333333333333,0,200.0,180.0,29,30,35,195,0
streaming_causal,3571151999,1.5,1.8,0.0,0.5144382596294339,0.24229735844841913,0.21665170138208056,0.06964114873773712,0.1686276943053381,0.0026818507214799083,55.172413793103445,12.814411346732667,0.03333333333333333,0,200.0,180.0,29,30,35,195,644
future_state_conditioned,3571151999,1.5,1.8,0.0,0.5109214934523152,0.22875180015402238,0.2153605394695169,0.29906237422064824,0.8411865977291929,0.00808568882066297,200.0,13.810383550042086,0.03333333333333333,0,200.0,180.0,29,30,180,180,0
isolated_n_step,3178784498,1.5,1.8,0.0,0.4670749564923542,0.21980341858113023,0.2907198822454897,0.44878429549978555,1.0523689012218715,0.19714232798003253,200.0,15.086048297871214,0.03333333333333333,0,200.0,180.0,29,30,180,180,0
few_step_distilled,3178784498,1.5,1.8,1.0,0.43132070289479585,0.19693698165350712,0.2518423977364183,0.40404951386568455,0.9073897222783551,0.06921716642872701,75.00000000000001,13.926908317803816,0.0125,0,75.00000000000001,60.0,30,30,60,60,0
streaming_no_causal,3178784498,1.5,1.8,0.0,0.4826592538842742,0.2462059519143968,0.3363975926053836,0.37022027037723043,0.603267620001873,0.05095104828069381,55.172413793103445,13.890190797406369,0.03333333333333333,0,200.0,180.0,29,30,35,195,0
streaming_causal,3178784498,1.5,1.8,0.0,0.4889725114111224,0.2184384830853111,0.20688162112971453,0.07998649087902157,0.2020694321019617,0.002395976093585057,55.172413793103445,12.804675052545056,0.03333333333333333,0,200.0,180.0,29,30,35,195,644
future_state_conditioned,3178784498,1.5,1.8,0.0,0.4865327513016167,0.21135654400339624,0.19748100080326264,0.30570551423731823,1.1713883428355125,0.007021262935494061,200.0,14.42306612234905,0.03333333333333333,0,200.0,180.0,29,30,180,180,0
isolated_n_step,2518749272,1.5,1.8,0.0,0.5022211803198497,0.31149265896830175,0.2873808981966301,0.5157322368840441,1.364713837083607,0.2390788326603084,200.0,15.881241955539533,0.03333333333333333,0,200.0,180.0,29,30,180,180,0
few_step_distilled,2518749272,1.5,1.8,0.0,0.4636479529344307,0.2889368721446002,0.20247306462018377,0.39690678331513274,0.8741977784963848,0.08265350116512869,75.00000000000001,14.31836064465274,0.0125,0,75.00000000000001,60.0,30,30,60,60,0
streaming_no_causal,2518749272,1.5,1.8,0.0,0.47137143036672374,0.3316045234065339,0.47508776889824894,0.37430624281091746,0.7761559577144259,0.05925706838981416,55.172413793103445,14.207907354677383,0.03333333333333333,0,200.0,180.0,29,30,35,195,0
streaming_causal,2518749272,1.5,1.8,0.0,0.5090974454396008,0.3340203892362317,0.1600357812216145,0.07640756726327402,0.23125302561656202,0.0028219531834273977,55.172413793103445,12.936649684834498,0.03333333333333333,0,200.0,180.0,29,30,35,195,644
future_state_conditioned,2518749272,1.5,1.8,0.0,0.5049846804558805,0.3181637283100902,0.1559590303097081,0.3216475829820888,1.3326921282769084,0.007308886800575545,200.0,14.722205719465137,0.03333333333333333,0,200.0,180.0,29,30,180,180,0
isolated_n_step,274701584,1.5,1.8,1.0,0.5125672524727873,0.15963414053574448,0.16941545945678127,0.4033020514564127,0.9337972789634346,0.22773539221065842,200.0,14.547438549130533,0.03333333333333333,0,200.0,180.0,29,30,180,180,0
few_step_distilled,274701584,1.5,1.8,1.0,0.4782535902893659,0.1760936456695185,0.1510543807075023,0.38922990541031094,0.7706806610205579,0.08085389687879473,75.00000000000001,13.384842208027038,0.0125,0,75.00000000000001,60.0,30,30,60,60,0
streaming_no_causal,274701584,1.5,1.8,0.0,0.5302216204979938,0.22824517650135176,0.12972117886841494,0.41512082779057374,0.7492749049014948,0.060434612991396776,55.172413793103445,14.305167473200052,0.03333333333333333,0,200.0,180.0,29,30,35,195,0
streaming_causal,274701584,1.5,1.8,0.0,0.5501875410800366,0.234474831088094,0.19605913698453775,0.06548764470397965,0.20519386831780234,0.0030155080179572738,55.172413793103445,12.753026281942603,0.03333333333333333,0,200.0,180.0,29,30,35,195,644
future_state_conditioned,274701584,1.5,1.8,0.0,0.5404550646803721,0.2232277411577913,0.17377526474110797,0.2833946397804478,0.9517784122003641,0.008331348306704182,200.0,14.00145868335549,0.03333333333333333,0,200.0,180.0,29,30,180,180,0
isolated_n_step,2316431099,1.5,1.8,0.0,0.4919890986155262,0.26921512199938175,0.1267685967882668,0.47596823628883234,1.1297600421959917,0.21828192491441795,200.0,15.09516513052881,0.03333333333333333,0,200.0,180.0,29,30,180,180,0
few_step_distilled,2316431099,1.5,1.8,0.0,0.45499978508639655,0.2387920290338565,0.14058491716634294,0.38448287057485336,0.9241326466736131,0.07876977501077162,75.00000000000001,14.019454110579348,0.0125,0,75.00000000000001,60.0,30,30,60,60,0
streaming_no_causal,2316431099,1.5,1.8,0.0,0.513468386172238,0.2767761627367937,0.2985068762152043,0.36108212580634713,0.7930929990050322,0.057033257543312295,55.172413793103445,13.93862764469079,0.03333333333333333,0,200.0,180.0,29,30,35,195,0
streaming_causal,2316431099,1.5,1.8,0.0,0.5281116827081803,0.27574172590939305,0.13165847356613705,0.0715826228993867,0.21328230999562958,0.0027152347802130517,55.172413793103445,12.750679574301216,0.03333333333333333,0,200.0,180.0,29,30,35,195,644
future_state_conditioned,2316431099,1.5,1.8,0.0,0.5226750803965601,0.26803588237915704,0.13291162956493044,0.29925528891818587,0.8811965115924972,0.006906761134419388,200.0,14.200656183080023,0.03333333333333333,0,200.0,180.0,29,30,180,180,0
isolated_n_step,282661286,1.5,1.8,0.0,0.5185418396508168,0.22074148584459485,0.1851539691636225,0.4699718640019484,1.233725499456378,0.23531636148656515,200.0,15.453007800917495,0.03333333333333333,0,200.0,180.0,29,30,180,180,0
few_step_distilled,282661286,1.5,1.8,0.0,0.4845320210515939,0.20587615252391475,0.13181343767725043,0.40009409631251674,1.105614831546243,0.08098803350808172,75.00000000000001,13.583114015948123,0.0125,0,75.00000000000001,60.0,30,30,60,60,0
streaming_no_causal,282661286,1.5,1.8,0.0,0.5085874649284909,0.27522276372417165,0.45217636416045903,0.43137344148701234,0.9055516565543336,0.060329825480574764,55.172413793103445,14.493332016728266,0.03333333333333333,0,200.0,180.0,29,30,35,195,0
streaming_causal,282661286,1.5,1.8,0.0,0.5309783172027192,0.25261263738868095,0.1682317469370141,0.08298390049424084,0.23280052354028266,0.0031142350017613215,55.172413793103445,12.866154469983755,0.03333333333333333,0,200.0,180.0,29,30,35,195,644
future_state_conditioned,282661286,1.5,1.8,0.0,0.5273721187317818,0.23655237871996487,0.13495412333217888,0.30327864378903097,1.178464245202666,0.008574183843861374,200.0,14.429757480655544,0.03333333333333333,0,200.0,180.0,29,30,180,180,0
isolated_n_step,3898767839,1.5,1.8,1.0,0.5175784800732243,0.1515209986177363,0.17133641998608087,0.43871117066908566,1.1941883970916611,0.23288756014079373,200.0,14.97835202865509,0.03333333333333333,0,200.0,180.0,29,30,180,180,0
few_step_distilled,3898767839,1.5,1.8,1.0,0.4864303900678134,0.1246919236025971,0.1337789021828257,0.42428932376362344,1.0634309868728717,0.08230764501576378,75.00000000000001,13.939227137265897,0.0125,0,75.00000000000001,60.0,30,30,60,60,0
streaming_no_causal,3898767839,1.5,1.8,0.0,0.5352876919654314,0.2554593041294231,0.2790360028020095,0.42544126616302996,0.7381999886332137,0.06120132215769424,55.172413793103445,14.297487017622478,0.03333333333333333,0,200.0,180.0,29,30,35,195,0
streaming_causal,3898767839,1.5,1.8,1.0,0.5555540371208143,0.1635966477612161,0.13204280891863254,0.06444501305195188,0.2090097356156727,0.0029557415575358482,55.172413793103445,12.77077464434293,0.03333333333333333,0,200.0,180.0,29,30,35,195,644
future_state_conditioned,3898767839,1.5,1.8,1.0,0.5487035188304706,0.15840274750936437,0.12722903797478147,0.2877452787139369,0.9596893144117157,0.008709586107263105,200.0,14.41801713814892,0.03333333333333333,0,200.0,180.0,29,30,180,180,0
isolated_n_step,2396349619,1.5,1.8,0.0,0.5042791810023786,0.23493088539366472,0.16475183090464798,0.42917537909686093,1.0721532080053524,0.1759100453789939,200.0,14.8412555342673,0.03333333333333333,0,200.0,180.0,29,30,180,180,0
few_step_distilled,2396349619,1.5,1.8,1.0,0.45890556997652454,0.19147484350458768,0.16353628589337596,0.4116917590233015,0.8605847882084918,0.06334679500800498,75.00000000000001,14.171059021004279,0.0125,0,75.00000000000001,60.0,30,30,60,60,0
streaming_no_causal,2396349619,1.5,1.8,1.0,0.5178105115394086,0.14883806962347562,0.09621999516019836,0.38512286267545376,0.7528070897938312,0.04682345783294625,55.172413793103445,14.220334333194607,0.03333333333333333,0,200.0,180.0,29,30,35,195,0
streaming_causal,2396349619,1.5,1.8,1.0,0.525583951786552,0.19241208737158613,0.16957992923249057,0.06434739026972801,0.22089240391740103,0.002490697642765711,55.172413793103445,12.795893340337967,0.03333333333333333,0,200.0,180.0,29,30,35,195,644
future_state_conditioned,2396349619,1.5,1.8,1.0,0.5182841711054542,0.18330003356044067,0.15497675947215894,0.29567049595504485,1.0650034790924046,0.008262012210922291,200.0,14.063093807632155,0.03333333333333333,0,200.0,180.0,29,30,180,180,0
isolated_n_step,1763258630,1.5,1.8,0.0,0.4947635120168327,0.21672000907734398,0.21647516049050508,0.41399925966538237,0.9122958930642092,0.18147712450182196,200.0,14.551988508240546,0.03333333333333333,0,200.0,180.0,29,30,180,180,0
few_step_distilled,1763258630,1.5,1.8,1.0,0.45777018278462606,0.1857524757755211,0.1646613978538091,0.38050320461698506,0.736609283889858,0.06538062952748692,75.00000000000001,13.920664466127231,0.0125,0,75.00000000000001,60.0,30,30,60,60,0
streaming_no_causal,1763258630,1.5,1.8,1.0,0.512249192039311,0.12783828156531474,0.17975233736818558,0.3497032720120363,0.5510502623658514,0.045826513931334585,55.172413793103445,13.899586448853105,0.03333333333333333,0,200.0,180.0,29,30,35,195,0
streaming_causal,1763258630,1.5,1.8,1.0,0.5285130857205275,0.14698964670160275,0.1657782926436091,0.05573417212803594,0.1996445926513027,0.0026247135858717134,55.172413793103445,12.729001134959637,0.03333333333333333,0,200.0,180.0,29,30,35,195,644
future_state_conditioned,1763258630,1.5,1.8,1.0,0.5260337076800483,0.15978555832643715,0.16773931343329826,0.2804056023098634,0.7947510863071602,0.008334935205265468,200.0,13.851214681399469,0.03333333333333333,0,200.0,180.0,29,30,180,180,0
isolated_n_step,3158166986,1.5,1.8,0.0,0.5241764072316586,0.32085086860683576,0.23177113196323978,0.522181082850327,1.3998456972524673,0.2501210608723759,200.0,15.934615229578768,0.03333333333333333,0,200.0,180.0,29,30,180,180,0
few_step_distilled,3158166986,1.5,1.8,0.0,0.4919220917298102,0.2829044317818359,0.16252476706446986,0.3569265769635362,0.8473464701654204,0.08612764018976575,75.00000000000001,13.831123445128576,0.0125,0,75.00000000000001,60.0,30,30,60,60,0
streaming_no_causal,3158166986,1.5,1.8,0.0,0.5166265534075316,0.36791029559513827,0.4711609386230877,0.46956300413306895,0.8641705367743479,0.06387870281536069,55.172413793103445,14.78848255878138,0.03333333333333333,0,200.0,180.0,29,30,35,195,0
streaming_causal,3158166986,1.5,1.8,0.0,0.551504939882042,0.33779544627172814,0.13984152677021014,0.08289666009318275,0.22719782733263524,0.003109794686703997,55.172413793103445,12.977594826510124,0.03333333333333333,0,200.0,180.0,29,30,35,195,644
future_state_conditioned,3158166986,1.5,1.8,0.0,0.540865852540059,0.30522569931692056,0.14030384673854912,0.35261784043833316,1.567599671669588,0.009261182261630124,200.0,15.045562959372287,0.03333333333333333,0,200.0,180.0,29,30,180,180,0
isolated_n_step,3214700067,1.5,1.8,0.0,0.5156745536224191,0.24672905948485938,0.10911930124525836,0.42985509703743446,1.2536905700548386,0.22783717782324844,200.0,15.091542260750867,0.03333333333333333,0,200.0,180.0,29,30,180,180,0
few_step_distilled,3214700067,1.5,1.8,0.0,0.4771181041417285,0.23368561042543082,0.0965240964649064,0.38012025101147784,0.7284316362785953,0.07742557017509186,75.00000000000001,13.849512545438659,0.0125,0,75.00000000000001,60.0,30,30,60,60,0
streaming_no_causal,3214700067,1.5,1.8,0.0,0.521756943365203,0.3291072088799418,0.33152153987603383,0.4006253447550949,0.8723569603927569,0.059267614198032524,55.172413793103445,14.328791782105423,0.03333333333333333,0,200.0,180.0,29,30,35,195,0
streaming_causal,3214700067,1.5,1.8,0.0,0.5281137250136997,0.2848338192380375,0.11519865106535672,0.06356819020049907,0.19827781859378962,0.0030192775449350184,55.172413793103445,12.812845629516346,0.03333333333333333,0,200.0,180.0,29,30,35,195,644
future_state_conditioned,3214700067,1.5,1.8,0.0,0.5213422936694047,0.2667907483230221,0.12046496107448658,0.28544253054652696,0.6783383838831982,0.00854836745786331,200.0,13.934867268966498,0.03333333333333333,0,200.0,180.0,29,30,180,180,0
isolated_n_step,632732417,1.5,1.8,0.0,0.4792378242916877,0.2164654697794402,0.01776908630562622,0.4755587453632127,1.130406406638016,0.19042693147103562,200.0,15.377396129993071,0.03333333333333333,0,200.0,180.0,29,30,180,180,0
few_step_distilled,632732417,1.5,1.8,1.0,0.445331636981273,0.18374054552699667,0.051589492385754304,0.3739806739615844,0.8825367606784267,0.06493362697878549,75.00000000000001,13.887899708604627,0.0125,0,75.00000000000001,60.0,30,30,60,60,0
streaming_no_causal,632732417,1.5,1.8,0.0,0.4809454189933187,0.24643574347544941,0.19862321166846691,0.38907090249925586,0.7050162100435112,0.0497796240472094,55.172413793103445,14.15942274046366,0.03333333333333333,0,200.0,180.0,29,30,35,195,0
streaming_causal,632732417,1.5,1.8,1.0,0.49119422564087356,0.16056716187046696,0.08239387540951663,0.07169022550050852,0.21770423350738397,0.002758590553504354,55.172413793103445,12.891706060435746,0.03333333333333333,0,200.0,180.0,29,30,35,195,644
future_state_conditioned,632732417,1.5,1.8,1.0,0.48939816832894895,0.17476972589472628,0.09783052557003004,0.295355320669355,1.0462125529088824,0.008046023822973411,200.0,14.168164320039427,0.03333333333333333,0,200.0,180.0,29,30,180,180,0
isolated_n_step,4087524434,1.5,1.8,1.0,0.4975061187795581,0.1531608593928766,0.16690826820637175,0.39355027494968325,1.0068090087880381,0.24903783091647924,200.0,14.50264806868967,0.03333333333333333,0,200.0,180.0,29,30,180,180,0
few_step_distilled,4087524434,1.5,1.8,1.0,0.4693766799033684,0.10802369828173272,0.1350770977086327,0.4106294847071497,0.8914573115661855,0.08901211310070432,75.00000000000001,13.412435762851029,0.0125,0,75.00000000000001,60.0,30,30,60,60,0
streaming_no_causal,4087524434,1.5,1.8,0.0,0.5194980492224914,0.20577655565435346,0.2341567045047476,0.3722819224164832,0.7060654394348213,0.0633885733123612,55.172413793103445,13.933613924621,0.03333333333333333,0,200.0,180.0,29,30,35,195,0
streaming_causal,4087524434,1.5,1.8,1.0,0.5450013965402701,0.13389992815066848,0.1880412166533057,0.07043386436148727,0.19328487067221234,0.002842521696833391,55.172413793103445,12.736775292637773,0.03333333333333333,0,200.0,180.0,29,30,35,195,644
future_state_conditioned,4087524434,1.5,1.8,1.0,0.5394694307859712,0.12670043872017492,0.1610505029275456,0.30268966036602357,1.081195902817837,0.008944880188404801,200.0,14.102628064921142,0.03333333333333333,0,200.0,180.0,29,30,180,180,0
isolated_n_step,1006032115,2.0,0.5,1.0,0.53835112468025,0.1915977083726428,0.08870507552557924,0.7260304493314057,1.5996112009869172,0.2648427326823454,250.0,16.66642339668843,0.23333333333333334,46,250.0,240.0,23,24,144,144,0
few_step_distilled,1006032115,2.0,0.5,1.0,0.4627394633785798,0.19856999830831254,0.08562727404780271,0.33165231873046525,0.6940397698167373,0.09165869009904985,100.0,13.240865428520863,0.016666666666666666,0,100.0,80.0,30,30,60,60,0
streaming_no_causal,1006032115,2.0,0.5,0.0,0.5184760320592257,0.23862193957416825,0.09566910446482292,0.37828239611019177,0.7118800399228419,0.05166192190415892,56.896551724137936,14.107394975345379,0.041666666666666664,0,250.0,240.0,29,29,34,189,0
streaming_causal,1006032115,2.0,0.5,1.0,0.508886460749212,0.1702577449254298,0.0922115650486917,0.030876651715672446,0.056514491402042656,0.0014563196014466255,56.896551724137936,12.72104366141955,0.041666666666666664,0,250.0,240.0,29,29,34,189,623
future_state_conditioned,1006032115,2.0,0.5,1.0,0.5042438671527297,0.17106256796688715,0.08474547336918284,0.21990084796011872,0.5354411232299832,0.040806706849330424,250.0,13.113726445728263,0.23333333333333334,46,250.0,240.0,23,24,144,144,0
isolated_n_step,86927751,2.0,0.5,1.0,0.524621571307486,0.11731985046651121,0.09180804911088826,0.7124905902678781,1.4289824716856572,0.2945882431314344,250.0,16.412105523722335,0.23333333333333334,46,250.0,240.0,23,24,144,144,0
few_step_distilled,86927751,2.0,0.5,1.0,0.4477084843620364,0.1279398003928638,0.13328124264834582,0.3234279531521597,0.7213321123231586,0.11319576544050751,100.0,13.08544270989266,0.016666666666666666,0,100.0,80.0,30,30,60,60,0
streaming_no_causal,86927751,2.0,0.5,0.0,0.5017532662870068,0.2691182111522768,0.22080174823421425,0.29890080769520383,0.496754781126444,0.06050358251445812,56.896551724137936,13.608389160534982,0.041666666666666664,0,250.0,240.0,29,29,34,189,0
streaming_causal,86927751,2.0,0.5,1.0,0.5222740337896978,0.1535817047132521,0.1209625882605504,0.03935584762719728,0.05964272199040177,0.0016662248990341499,56.896551724137936,12.657177624688313,0.041666666666666664,0,250.0,240.0,29,29,34,189,623
future_state_conditioned,86927751,2.0,0.5,1.0,0.5136878526219182,0.14324033836700015,0.12449694237135596,0.2172887638655606,0.39062477549603747,0.0536198447236063,250.0,13.033236949054231,0.23333333333333334,46,250.0,240.0,23,24,144,144,0
isolated_n_step,1757053509,2.0,0.5,1.0,0.5142220520532755,0.13156814762047,0.02514616076031573,0.651314776192843,1.5920611628888395,0.28750796835516235,250.0,16.06515321551714,0.23333333333333334,46,250.0,240.0,23,24,144,144,0
few_step_distilled,1757053509,2.0,0.5,1.0,0.44838667792901515,0.15133787795894502,0.09498457240287457,0.3020393869174186,0.5540501855067593,0.10336619919059348,100.0,13.601245266620483,0.016666666666666666,0,100.0,80.0,30,30,60,60,0
streaming_no_causal,1757053509,2.0,0.5,0.0,0.49839957548599134,0.2916761604652775,0.18367845540157704,0.32570582045492236,0.5396224037773132,0.05533716498384364,56.896551724137936,13.794040640076767,0.041666666666666664,0,250.0,240.0,29,29,34,189,0
streaming_causal,1757053509,2.0,0.5,1.0,0.5006558059672183,0.16000073539555962,0.03957289861322193,0.0378888893973446,0.07189748542766664,0.0017981162563163783,56.896551724137936,12.736148034074786,0.041666666666666664,0,250.0,240.0,29,29,34,189,623
future_state_conditioned,1757053509,2.0,0.5,1.0,0.49645981062678424,0.15229805310055303,0.048216546443737726,0.20456015441270978,0.4804057859883102,0.04755649365102935,250.0,13.105193614548043,0.23333333333333334,46,250.0,240.0,23,24,144,144,0
isolated_n_step,1396695783,2.0,0.5,0.0,0.5245079779461447,0.24979155123074456,0.13833752111541786,0.6598259551189128,1.6772584761420355,0.28547504171046534,250.0,16.193745436923738,0.23333333333333334,46,250.0,240.0,23,24,144,144,0
few_step_distilled,1396695783,2.0,0.5,0.0,0.46864573123666514,0.217649631920343,0.05140480890185415,0.31651657020151364,0.6518883468712379,0.10005982610274751,100.0,12.84406195943888,0.016666666666666666,0,100.0,80.0,30,30,60,60,0
streaming_no_causal,1396695783,2.0,0.5,0.0,0.5100816057172821,0.26376035306536455,0.2907773892593283,0.3256221634397712,0.7352931357436401,0.05642631776275406,56.896551724137936,13.780216428573013,0.041666666666666664,0,250.0,240.0,29,29,34,189,0
streaming_causal,1396695783,2.0,0.5,0.0,0.5288420129771877,0.22596575071594424,0.05723294277515575,0.0409742040694198,0.084469382979885,0.0017366656778612262,56.896551724137936,12.690480229514167,0.041666666666666664,0,250.0,240.0,29,29,34,189,623
future_state_conditioned,1396695783,2.0,0.5,0.0,0.5239798887179175,0.22151779066232263,0.05156741049511229,0.24221172685664547,0.6213416090786472,0.04471034823956079,250.0,13.220176777880043,0.23333333333333334,46,250.0,240.0,23,24,144,144,0
isolated_n_step,2491831114,2.0,0.5,1.0,0.49332272817803197,0.1422925743246989,0.10866873450779717,0.5184584627849167,1.543557201272594,0.2643638755096687,250.0,15.440779236218324,0.23333333333333334,46,250.0,240.0,23,24,144,144,0
few_step_distilled,2491831114,2.0,0.5,1.0,0.4408497120693256,0.1491962418956098,0.12075169266051436,0.3063745518053022,0.7576226190524058,0.10112763445943916,100.0,13.62520156358628,0.016666666666666666,0,100.0,80.0,30,30,60,60,0
streaming_no_causal,2491831114,2.0,0.5,0.0,0.4845191829625916,0.2714115840911046,0.19146349778520264,0.27248252254837413,0.38345877654064314,0.0549699061463976,56.896551724137936,13.431855643079672,0.041666666666666664,0,250.0,240.0,29,29,34,189,0
streaming_causal,2491831114,2.0,0.5,1.0,0.5062156502378089,0.1787827410989811,0.1004377656453796,0.03961288007417464,0.07579258375392606,0.0016194876701086987,56.896551724137936,12.704721955447361,0.041666666666666664,0,250.0,240.0,29,29,34,189,623
future_state_conditioned,2491831114,2.0,0.5,1.0,0.5014580395365303,0.17012129108574325,0.10688185834523195,0.20966226264713636,0.4775076182608988,0.04763837439979204,250.0,13.036430461897615,0.23333333333333334,46,250.0,240.0,23,24,144,144,0
isolated_n_step,760193000,2.0,0.5,0.0,0.5041814798480563,0.26011168294488385,0.15948278140577746,0.5854771668581048,1.3610163177066905,0.3023246596142634,250.0,15.337450999471814,0.23333333333333334,46,250.0,240.0,23,24,144,144,0
few_step_distilled,760193000,2.0,0.5,0.0,0.45072422847900045,0.2420306931611821,0.09432702641562853,0.3539728865208536,0.6731798966808539,0.11560455557581135,100.0,13.448089948597755,0.016666666666666666,0,100.0,80.0,30,30,60,60,0
streaming_no_causal,760193000,2.0,0.5,0.0,0.5029181450133116,0.24232893904482777,0.2926076227197467,0.2760339732074456,0.44633737341666785,0.06318960110290395,56.896551724137936,13.458822693568004,0.041666666666666664,0,250.0,240.0,29,29,34,189,0
streaming_causal,760193000,2.0,0.5,0.0,0.5298649673100401,0.23059488612738727,0.10512926259600272,0.04173205927760947,0.08167190686639944,0.0015993026621892027,56.896551724137936,12.657993083265643,0.041666666666666664,0,250.0,240.0,29,29,34,189,623
future_state_conditioned,760193000,2.0,0.5,0.0,0.5212682925937532,0.22798327305894675,0.10207307887799061,0.2297187286015105,0.42741350842603354,0.05526680658384104,250.0,13.067000194271642,0.23333333333333334,46,250.0,240.0,23,24,144,144,0
isolated_n_step,3913955434,2.0,0.5,1.0,0.51216843595947,0.1523313166977254,0.22502543780709905,0.41018825370759354,1.161579028358398,0.3031584893834624,250.0,14.332360222956995,0.23333333333333334,46,250.0,240.0,23,24,144,144,0
few_step_distilled,3913955434,2.0,0.5,1.0,0.4655565850086663,0.14671617291246133,0.15246772684250448,0.322736962755056,0.5919776393580847,0.11782656114374097,100.0,12.455656679772321,0.016666666666666666,0,100.0,80.0,30,30,60,60,0
streaming_no_causal,3913955434,2.0,0.5,0.0,0.5384402038803564,0.22906580756674289,0.29732865987953183,0.3098233065077398,0.42824996886103983,0.06335527618045214,56.896551724137936,13.603492431739378,0.041666666666666664,0,250.0,240.0,29,29,34,189,0
streaming_causal,3913955434,2.0,0.5,1.0,0.5577297250338378,0.15755047110906584,0.11439204676537416,0.04131431325897616,0.07565574413921257,0.001750616890620898,56.896551724137936,12.628114522934112,0.041666666666666664,0,250.0,240.0,29,29,34,189,623
future_state_conditioned,3913955434,2.0,0.5,1.0,0.545764410624635,0.15148954707729392,0.12775015194892567,0.19064102187208984,0.34541520307289597,0.05622076031251361,250.0,12.946586258023009,0.23333333333333334,46,250.0,240.0,23,24,144,144,0
isolated_n_step,2500557971,2.0,0.5,0.0,0.523647300471404,0.22119948226169286,0.22669422416079307,0.7618568856961335,1.8889142891440718,0.22894952792608622,250.0,17.065765754543953,0.23333333333333334,46,250.0,240.0,23,24,144,144,0
few_step_distilled,2500557971,2.0,0.5,0.0,0.44268481558356554,0.22054191849497226,0.18411196952631487,0.3968100030738894,0.8175122821242573,0.07896053863266884,100.0,13.791191772674592,0.016666666666666666,0,100.0,80.0,30,30,60,60,0
streaming_no_causal,2500557971,2.0,0.5,1.0,0.4910566370628317,0.19447393282325548,0.28964972825840823,0.3661082843824275,0.7679618301808971,0.04324799251572674,56.896551724137936,13.99711810011028,0.041666666666666664,0,250.0,240.0,29,29,34,189,0
streaming_causal,2500557971,2.0,0.5,0.0,0.49091187505768297,0.2137155651004232,0.16197483476708613,0.044273467655913556,0.10070779022794277,0.0014056167451389123,56.896551724137936,12.772693369666177,0.041666666666666664,0,250.0,240.0,29,29,34,189,623
future_state_conditioned,2500557971,2.0,0.5,0.0,0.48724719498354363,0.2177069382918267,0.17812917594219976,0.27700661163946133,0.7618229996051252,0.03460742508695594,250.0,13.40780402190978,0.23333333333333334,46,250.0,240.0,23,24,144,144,0
isolated_n_step,4154284697,2.0,0.5,1.0,0.48823480467728014,0.19068164513317903,0.19242092022393278,0.6255772746695784,1.7851095920113962,0.2301755092684314,250.0,16.38658981510374,0.23333333333333334,46,250.0,240.0,23,24,144,144,0
few_step_distilled,4154284697,2.0,0.5,0.0,0.43102547456671503,0.22388872145526847,0.15312095893095495,0.30789313710652294,0.6868978175753582,0.07592768306801467,100.0,13.346928557108845,0.016666666666666666,0,100.0,80.0,30,30,60,60,0
streaming_no_causal,4154284697,2.0,0.5,0.0,0.4617406422082994,0.23542657634274353,0.2514281065244749,0.2882415926449563,0.5132594762743841,0.041808629306249255,56.896551724137936,13.55508942082617,0.041666666666666664,0,250.0,240.0,29,29,34,189,0
streaming_causal,4154284697,2.0,0.5,0.0,0.4670153593868321,0.2315137953979779,0.1530114782462302,0.04201292704106506,0.07417577233638413,0.0016049222949777652,56.896551724137936,12.818387277491386,0.041666666666666664,0,250.0,240.0,29,29,34,189,623
future_state_conditioned,4154284697,2.0,0.5,0.0,0.4662836816374645,0.22976033239069277,0.15480390687722825,0.23600979814566303,0.37110333052700295,0.030896134281950486,250.0,13.237566045164467,0.23333333333333334,46,250.0,240.0,23,24,144,144,0
isolated_n_step,3969315748,2.0,0.5,1.0,0.4946536879326248,0.19204702712027025,0.2568979208593807,0.7207541573179829,1.8669998911804553,0.26246397771053903,250.0,17.0436425475699,0.23333333333333334,46,250.0,240.0,23,24,144,144,0
few_step_distilled,3969315748,2.0,0.5,0.0,0.42860502182532045,0.227967713154499,0.2105996081068148,0.35594400147598565,0.6995427177333289,0.0898269541624118,100.0,14.021101569270082,0.016666666666666666,0,100.0,80.0,30,30,60,60,0
streaming_no_causal,3969315748,2.0,0.5,0.0,0.4542460314938792,0.22442882174580286,0.37351602305594034,0.26655682770272604,0.5921256536474946,0.04800431482280619,56.896551724137936,13.510346334672999,0.041666666666666664,0,250.0,240.0,29,29,34,189,0
streaming_causal,3969315748,2.0,0.5,0.0,0.4685334305398756,0.23384097269076712,0.14888839173551913,0.04431551967542385,0.07359208164496704,0.0015068253830243534,56.896551724137936,12.786574435313826,0.041666666666666664,0,250.0,240.0,29,29,34,189,623
future_state_conditioned,3969315748,2.0,0.5,0.0,0.46591245643649404,0.23063559761491886,0.1550642106082097,0.25473396071324744,0.539717247809474,0.03814731915505884,250.0,13.238505468265668,0.23333333333333334,46,250.0,240.0,23,24,144,144,0
isolated_n_step,1024928588,2.0,0.5,1.0,0.5234655550910027,0.12386904652844516,0.21625455397426704,0.7703914847877029,1.8167551976113294,0.30484517071073985,250.0,17.25332814394236,0.23333333333333334,46,250.0,240.0,23,24,144,144,0
few_step_distilled,1024928588,2.0,0.5,1.0,0.4422237120541509,0.13830701426485148,0.19143003662002503,0.3545491515295829,0.7595004956512155,0.10675627026300943,100.0,13.444230513963559,0.016666666666666666,0,100.0,80.0,30,30,60,60,0
streaming_no_causal,1024928588,2.0,0.5,0.0,0.4927003553039015,0.2843012806133414,0.3257809756709864,0.3470046044422795,0.6833675992517698,0.056718111912928366,56.896551724137936,13.847315628750344,0.041666666666666664,0,250.0,240.0,29,29,34,189,0
streaming_causal,1024928588,2.0,0.5,1.0,0.4917736932312227,0.14981064918680806,0.15304839569333978,0.041554517700532444,0.07988549150096999,0.0015383725169986415,56.896551724137936,12.755268061797596,0.041666666666666664,0,250.0,240.0,29,29,34,189,623
future_state_conditioned,1024928588,2.0,0.5,1.0,0.4881467981320083,0.15038394503554087,0.1712666764382854,0.2536973870025012,0.5310453714443888,0.048474712303036994,250.0,13.21586960038153,0.23333333333333334,46,250.0,240.0,23,24,144,144,0
isolated_n_step,1136408138,2.0,0.5,0.0,0.5437306597988042,0.23930319747215728,0.24852927321572796,0.6452855817913042,1.2277275196641997,0.2742816278045625,250.0,15.418720042349866,0.23333333333333334,46,250.0,240.0,23,24,144,144,0
few_step_distilled,1136408138,2.0,0.5,1.0,0.47154668378786807,0.13429266126248382,0.12245740969935649,0.35857025157087813,0.6489808451183913,0.10078592408739077,100.0,12.849866244078749,0.016666666666666666,0,100.0,80.0,30,30,60,60,0
streaming_no_causal,1136408138,2.0,0.5,0.0,0.5562035243189142,0.23236863466914476,0.16252876571873545,0.31970439266538486,0.5455275720069971,0.05410421490175514,56.896551724137936,13.585535228411528,0.041666666666666664,0,250.0,240.0,29,29,34,189,0
streaming_causal,1136408138,2.0,0.5,1.0,0.5665158136656403,0.1160336317248082,0.09694742813275331,0.03698621771078132,0.08601666749804779,0.0015017375473624312,56.896551724137936,12.631892937121947,0.041666666666666664,0,250.0,240.0,29,29,34,189,623
future_state_conditioned,1136408138,2.0,0.5,1.0,0.5521751118877626,0.11985582189008084,0.10444350001595122,0.226171367238931,0.35614745110432644,0.0486307896680736,250.0,13.052419052188236,0.23333333333333334,46,250.0,240.0,23,24,144,144,0
isolated_n_step,637701131,2.0,0.5,1.0,0.5108488807101093,0.12158579512856642,0.22995356239968054,0.46364256256490344,1.2844323002769833,0.2659801670317301,250.0,14.843994808748814,0.23333333333333334,46,250.0,240.0,23,24,144,144,0
few_step_distilled,637701131,2.0,0.5,1.0,0.4619746767658168,0.15108249311858185,0.17720261106184323,0.2845671930086121,0.7007996203706368,0.10072603465039633,100.0,13.158480274247909,0.016666666666666666,0,100.0,80.0,30,30,60,60,0
streaming_no_causal,637701131,2.0,0.5,0.0,0.5285616486643907,0.24047104076154077,0.28214758994491695,0.3325076046280401,0.5622823488225785,0.05687002158662601,56.896551724137936,13.751520278261298,0.041666666666666664,0,250.0,240.0,29,29,34,189,0
streaming_causal,637701131,2.0,0.5,1.0,0.5373011377069132,0.15425159770906724,0.15399532207497726,0.032223860352488885,0.05583812368033077,0.0015931051481467109,56.896551724137936,12.657598248409716,0.041666666666666664,0,250.0,240.0,29,29,34,189,623
future_state_conditioned,637701131,2.0,0.5,1.0,0.5295512828452984,0.15028637719813895,0.1650803662815962,0.20620929568853041,0.333867167151459,0.047083142799756096,250.0,12.964729146389315,0.23333333333333334,46,250.0,240.0,23,24,144,144,0
isolated_n_step,2278070417,2.0,0.5,1.0,0.5016691614636238,0.16986453206502003,0.08479152264156212,0.5251843443674583,1.7346825267878374,0.24141603495495553,250.0,15.756084693109019,0.23333333333333334,46,250.0,240.0,23,24,144,144,0
few_step_distilled,2278070417,2.0,0.5,1.0,0.4513130275382677,0.17717247056549362,0.13793111735449387,0.3177614405264387,0.6996303966566524,0.0850721245864235,100.0,12.966621745728494,0.016666666666666666,0,100.0,80.0,30,30,60,60,0
streaming_no_causal,2278070417,2.0,0.5,0.0,0.5018639572227448,0.23463636161804577,0.07193157550072769,0.2790847428082094,0.6587832381453905,0.04723064198895415,56.896551724137936,13.601422204282057,0.041666666666666664,0,250.0,240.0,29,29,34,189,0
streaming_causal,2278070417,2.0,0.5,1.0,0.506568383257216,0.14751779442016616,0.1517950605527208,0.033182347709840326,0.06830397904619108,0.0015411305837063128,56.896551724137936,12.729113649281139,0.041666666666666664,0,250.0,240.0,29,29,34,189,623
future_state_conditioned,2278070417,2.0,0.5,1.0,0.5018841049051607,0.15236616535972108,0.1468182197141445,0.20030401973588743,0.44025218365665253,0.037872058721190587,250.0,13.068493341204316,0.23333333333333334,46,250.0,240.0,23,24,144,144,0
isolated_n_step,3175503108,2.0,0.5,1.0,0.5059747455429067,0.19047018304626906,0.07552779128368349,0.4720224196094641,1.2325915431105978,0.32091761867185886,250.0,14.69270094800325,0.23333333333333334,46,250.0,240.0,23,24,144,144,0
few_step_distilled,3175503108,2.0,0.5,1.0,0.4646850096878223,0.1585763193964227,0.02371573672240235,0.27540589124159837,0.6532718879623443,0.12399257157097135,100.0,12.585852443937123,0.016666666666666666,0,100.0,80.0,30,30,60,60,0
streaming_no_causal,3175503108,2.0,0.5,0.0,0.5181322281346089,0.21367326227474953,0.23592842854125182,0.2786564419000578,0.44543856968185236,0.06706749210054891,56.896551724137936,13.47806189400748,0.041666666666666664,0,250.0,240.0,29,29,34,189,0
streaming_causal,3175503108,2.0,0.5,1.0,0.5477900290567989,0.18273631108319255,0.02853123856457668,0.04033653074422528,0.07352117051149902,0.0018051245389765576,56.896551724137936,12.63235042792908,0.041666666666666664,0,250.0,240.0,29,29,34,189,623
future_state_conditioned,3175503108,2.0,0.5,1.0,0.5371744991745004,0.17359330302230147,0.012732084508619488,0.20919716754435258,0.3822483240423234,0.058228864527965885,250.0,12.9877431279794,0.23333333333333334,46,250.0,240.0,23,24,144,144,0
isolated_n_step,2084925007,2.0,0.5,1.0,0.5232321561487873,0.18795733135601905,0.2645564260694965,0.6671110674400783,1.572309042263379,0.2901233531449139,250.0,16.041752052719765,0.23333333333333334,46,250.0,240.0,23,24,144,144,0
few_step_distilled,2084925007,2.0,0.5,1.0,0.45967581788019557,0.12147795735567185,0.20815169473187778,0.3167161015687916,0.6792080016606595,0.10607269025281224,100.0,13.105543541003652,0.016666666666666666,0,100.0,80.0,30,30,60,60,0
streaming_no_causal,2084925007,2.0,0.5,0.0,0.5221766744265843,0.2000009169334858,0.24450561816755925,0.3345696657304899,0.6968990898670986,0.056723912343529255,56.896551724137936,13.780736076529529,0.041666666666666664,0,250.0,240.0,29,29,34,189,0
streaming_causal,2084925007,2.0,0.5,1.0,0.5330230957186891,0.11094239052891024,0.15524051812793152,0.04326274569230539,0.10112309182833583,0.001686773398075031,56.896551724137936,12.678739132783102,0.041666666666666664,0,250.0,240.0,29,29,34,189,623
future_state_conditioned,2084925007,2.0,0.5,1.0,0.5244252577041887,0.11097035135290573,0.1637676050917027,0.23807934632644967,0.5546850412148884,0.04947847939279491,250.0,13.183014628404733,0.23333333333333334,46,250.0,240.0,23,24,144,144,0
isolated_n_step,705099606,2.0,0.5,1.0,0.533562208976682,0.16537984235647052,0.12697612500063224,0.7825122948429958,1.901987648583858,0.28948311863253084,250.0,17.162719524460474,0.23333333333333334,46,250.0,240.0,23,24,144,144,0
few_step_distilled,705099606,2.0,0.5,1.0,0.4515936380578907,0.13182344629712178,0.05579195376687183,0.38251671153247957,0.8723655546755988,0.10145920454172751,100.0,13.315772034379636,0.016666666666666666,0,100.0,80.0,30,30,60,60,0
streaming_no_causal,705099606,2.0,0.5,0.0,0.4940056831183476,0.27573349093673977,0.21636173378321233,0.35652965222862215,0.8000129141179785,0.054212527954038796,56.896551724137936,13.975372698195843,0.041666666666666664,0,250.0,240.0,29,29,34,189,0
streaming_causal,705099606,2.0,0.5,1.0,0.491854827493383,0.1524994085195103,0.035427310896123186,0.044861493890128744,0.08644774040977178,0.001632531699866423,56.896551724137936,12.787064216277953,0.041666666666666664,0,250.0,240.0,29,29,34,189,623
future_state_conditioned,705099606,2.0,0.5,1.0,0.48966342124524415,0.15779867495809374,0.05366766929033551,0.2597750241175699,0.6283569526179918,0.04457633735788933,250.0,13.310198373116046,0.23333333333333334,46,250.0,240.0,23,24,144,144,0
isolated_n_step,3395400474,2.0,0.5,1.0,0.548895795927338,0.18549773683170578,0.2614198188253548,0.785708759747008,1.7540868230641344,0.34090322023618336,250.0,17.258682776767163,0.23333333333333334,46,250.0,240.0,23,24,144,144,0
few_step_distilled,3395400474,2.0,0.5,1.0,0.458865091078129,0.13002622085121643,0.20690491215086437,0.3371835479966362,0.6289677676861501,0.1193430173913803,100.0,13.451502499016206,0.016666666666666666,0,100.0,80.0,30,30,60,60,0
streaming_no_causal,3395400474,2.0,0.5,0.0,0.5046292405744276,0.28638548273925174,0.33885364230417814,0.3598288513372915,0.7795035432072174,0.06369330378733024,56.896551724137936,14.027179355807377,0.041666666666666664,0,250.0,240.0,29,29,34,189,0
streaming_causal,3395400474,2.0,0.5,1.0,0.5088087438955214,0.1562099135205844,0.16453974371516392,0.04289885341320582,0.07790688292135949,0.0018044048144766763,56.896551724137936,12.736001357395564,0.041666666666666664,0,250.0,240.0,29,29,34,189,623
future_state_conditioned,3395400474,2.0,0.5,1.0,0.5047148069907295,0.1516009827013565,0.18051098488821246,0.23629938083380717,0.5005400334822027,0.053990763310895584,250.0,13.124220329745823,0.23333333333333334,46,250.0,240.0,23,24,144,144,0
isolated_n_step,2797472338,2.0,0.5,0.0,0.505897857210492,0.2291213026759455,0.0791865683031305,0.64268649390908,1.9257246405303843,0.22455909636474267,250.0,16.454089526037244,0.23333333333333334,46,250.0,240.0,23,24,144,144,0
few_step_distilled,2797472338,2.0,0.5,0.0,0.44614077447231576,0.2120574310877484,0.11240043315874877,0.3816904810324862,0.7987699573276891,0.08197036136046318,100.0,13.842026861400106,0.016666666666666666,0,100.0,80.0,30,30,60,60,0
streaming_no_causal,2797472338,2.0,0.5,0.0,0.4823749079526099,0.201249994600106,0.08661807315003434,0.3254016398220977,0.6911482111351857,0.04513260276360143,56.896551724137936,13.778322118932364,0.041666666666666664,0,250.0,240.0,29,29,34,189,0
streaming_causal,2797472338,2.0,0.5,0.0,0.4817516800691522,0.2018845203747017,0.15211265528941312,0.03645904985336684,0.0791367482049211,0.0016567507633395446,56.896551724137936,12.819114268310908,0.041666666666666664,0,250.0,240.0,29,29,34,189,623
future_state_conditioned,2797472338,2.0,0.5,0.0,0.4800987483417643,0.20273094951674972,0.1373422336938819,0.22940195888626383,0.5152453522841558,0.03422540207795301,250.0,13.24731832017425,0.23333333333333334,46,250.0,240.0,23,24,144,144,0
isolated_n_step,180755797,2.0,0.5,1.0,0.48971906460934866,0.15174460294866596,0.2177416449064619,0.5887191899150017,1.8247207395791727,0.23398571451540998,250.0,16.203913622326525,0.23333333333333334,46,250.0,240.0,23,24,144,144,0
few_step_distilled,180755797,2.0,0.5,1.0,0.43506515919210237,0.17901882278881703,0.16634379427142193,0.3619060473585948,0.6752343060536784,0.08362217557350617,100.0,13.72804322875076,0.016666666666666666,0,100.0,80.0,30,30,60,60,0
streaming_no_causal,180755797,2.0,0.5,0.0,0.47987423995075235,0.2002684559862101,0.22067120686927014,0.2888787485520071,0.5924106319158512,0.04497789206056295,56.896551724137936,13.55231103103434,0.041666666666666664,0,250.0,240.0,29,29,34,189,0
streaming_causal,180755797,2.0,0.5,1.0,0.4784898835611547,0.16529784822141327,0.14855953887755274,0.037021417234561094,0.072383962101321,0.0013185568098633498,56.896551724137936,12.751767199984313,0.041666666666666664,0,250.0,240.0,29,29,34,189,623
future_state_conditioned,180755797,2.0,0.5,1.0,0.4753553317092882,0.16752858712044913,0.15389685862608374,0.21883768181593677,0.4537601498164732,0.03714873129988184,250.0,13.162188154737676,0.23333333333333334,46,250.0,240.0,23,24,144,144,0
isolated_n_step,4119883068,2.0,0.5,0.0,0.5035810298329673,0.25780805003002066,0.1611048971432172,0.628713555137657,1.3652512083701964,0.2712307156601031,250.0,15.597657522517315,0.23333333333333334,46,250.0,240.0,23,24,144,144,0
few_step_distilled,4119883068,2.0,0.5,0.0,0.4474251969254958,0.23237060527594727,0.15925616899609693,0.3095546696834693,0.6759588290894003,0.10349802386790694,100.0,13.047183047843246,0.016666666666666666,0,100.0,80.0,30,30,60,60,0
streaming_no_causal,4119883068,2.0,0.5,0.0,0.49971081558988995,0.23708728542485294,0.23795154978739705,0.2594084747781111,0.4030103914142894,0.056254658516268305,56.896551724137936,13.37228622917359,0.041666666666666664,0,250.0,240.0,29,29,34,189,0
streaming_causal,4119883068,2.0,0.5,0.0,0.5223274306366636,0.21741225025753183,0.14587442591504754,0.03919169875018319,0.07100306360197751,0.0014259882598020384,56.896551724137936,12.640020851900893,0.041666666666666664,0,250.0,240.0,29,29,34,189,623
future_state_conditioned,4119883068,2.0,0.5,0.0,0.5143799492203993,0.22366295436608455,0.14173715786306923,0.2268208458090202,0.4795497592049632,0.04894071564764807,250.0,13.073120137881594,0.23333333333333334,46,250.0,240.0,23,24,144,144,0
isolated_n_step,2025570683,2.0,0.5,0.0,0.5222863945138106,0.21267560976958988,0.2616590032534066,0.7058377838965515,1.9660802972683549,0.2217526405230053,250.0,16.77216325442418,0.23333333333333334,46,250.0,240.0,23,24,144,144,0
few_step_distilled,2025570683,2.0,0.5,1.0,0.44686362534901836,0.18996553684385775,0.21226748061102202,0.34368180514803326,0.8343141949989122,0.07700690340137852,100.0,13.288800859097796,0.016666666666666666,0,100.0,80.0,30,30,60,60,0
streaming_no_causal,2025570683,2.0,0.5,1.0,0.48800876615683364,0.16698851506497725,0.14255514062317767,0.3667207480317039,0.7487751230217984,0.04328376725105992,56.896551724137936,13.992931186738675,0.041666666666666664,0,250.0,240.0,29,29,34,189,0
streaming_causal,2025570683,2.0,0.5,1.0,0.4794441455189746,0.1861723965289587,0.1974352717901164,0.04269452208884906,0.10007030990672686,0.0015666355778692152,56.896551724137936,12.821466830771222,0.041666666666666664,0,250.0,240.0,29,29,34,189,623
future_state_conditioned,2025570683,2.0,0.5,1.0,0.48080082117602696,0.1934240869068513,0.2021975590065029,0.26157013942446866,0.475877423586853,0.03270875286259172,250.0,13.323672161006266,0.23333333333333334,46,250.0,240.0,23,24,144,144,0
isolated_n_step,1571960576,2.0,0.5,1.0,0.5255273987816542,0.11180240534365016,0.05679125714079463,0.7314836706195863,1.646921424127774,0.31246683009920373,250.0,16.756891565026677,0.23333333333333334,46,250.0,240.0,23,24,144,144,0
few_step_distilled,1571960576,2.0,0.5,1.0,0.4515362963543681,0.11352349514160347,0.12161448876213207,0.31771208035782705,0.6552208086734466,0.1121042781666266,100.0,12.961101792276903,0.016666666666666666,0,100.0,80.0,30,30,60,60,0
streaming_no_causal,1571960576,2.0,0.5,0.0,0.4914304446869173,0.27255371869080613,0.23479796107159398,0.28157873847716275,0.5548335920241326,0.05987800996623823,56.896551724137936,13.604555204179876,0.041666666666666664,0,250.0,240.0,29,29,34,189,0
streaming_causal,1571960576,2.0,0.5,1.0,0.5082055936475158,0.1407312838687779,0.08718943262739398,0.03611021509903467,0.07651345729837021,0.001678817856350599,56.896551724137936,12.699210669847124,0.041666666666666664,0,250.0,240.0,29,29,34,189,623
future_state_conditioned,1571960576,2.0,0.5,1.0,0.5018711958171211,0.13207489745352924,0.09714926314620766,0.20994000740825047,0.44164426517695504,0.05168015519155762,250.0,13.060196990515205,0.23333333333333334,46,250.0,240.0,23,24,144,144,0
isolated_n_step,2856404893,2.0,0.5,1.0,0.5297917345045291,0.1770414001349659,0.023289755166227083,0.7390347450836493,1.6407844221397283,0.2496432423659239,250.0,16.77086290246266,0.23333333333333334,46,250.0,240.0,23,24,144,144,0
few_step_distilled,2856404893,2.0,0.5,0.0,0.4503052585037115,0.20120763684552828,0.07033586109225301,0.36587306212823556,0.5651159444079351,0.0796152323542005,100.0,13.049051693652036,0.016666666666666666,0,100.0,80.0,30,30,60,60,0
streaming_no_causal,2856404893,2.0,0.5,1.0,0.4972402627604199,0.17199969056677902,0.19622534293142868,0.3370170649519028,0.64827539993928,0.0464092456106753,56.896551724137936,13.915426529638442,0.041666666666666664,0,250.0,240.0,29,29,34,189,0
streaming_causal,2856404893,2.0,0.5,0.0,0.49824001403394114,0.22989485017413197,0.09060969295129087,0.02769757631705492,0.054564295250244144,0.0013824786592139839,56.896551724137936,12.726109978104061,0.041666666666666664,0,250.0,240.0,29,29,34,189,623
future_state_conditioned,2856404893,2.0,0.5,0.0,0.4958450820622996,0.22576330325609562,0.07763789315734337,0.20817508229192494,0.4006779083765345,0.03341284980034196,250.0,13.043210675156672,0.23333333333333334,46,250.0,240.0,23,24,144,144,0
isolated_n_step,2872801554,2.0,0.5,1.0,0.5103393386535945,0.09010481138435486,0.20348659942788272,0.5075037400065446,1.3275862546001538,0.24018633116302632,250.0,15.020767916201297,0.23333333333333334,46,250.0,240.0,23,24,144,144,0
few_step_distilled,2872801554,2.0,0.5,1.0,0.45249345677425046,0.12220758371984795,0.11737696017079545,0.3359071432429966,0.636159081250514,0.08988568651415692,100.0,13.274462896236045,0.016666666666666666,0,100.0,80.0,30,30,60,60,0
streaming_no_causal,2872801554,2.0,0.5,1.0,0.526502947141986,0.19085727492727353,0.20212285890362594,0.3445350097275633,0.5050610162817725,0.05175370867674283,56.896551724137936,13.7601685102773,0.041666666666666664,0,250.0,240.0,29,29,34,189,0
streaming_causal,2872801554,2.0,0.5,1.0,0.5373630699398476,0.15645695459618625,0.15966418174900468,0.03778627124144524,0.06561388880431206,0.001566212238595295,56.896551724137936,12.653761460465319,0.041666666666666664,0,250.0,240.0,29,29,34,189,623
future_state_conditioned,2872801554,2.0,0.5,1.0,0.5287571223441198,0.14521159045045,0.16567126661432455,0.2081905248325915,0.3218307923954326,0.043030719177657085,250.0,13.039541458215565,0.23333333333333334,46,250.0,240.0,23,24,144,144,0
isolated_n_step,2603049731,2.0,0.5,1.0,0.5151384836839903,0.19769751457934723,0.09856912443022389,0.5982813663661511,1.5089014563186234,0.24096904297780114,250.0,15.7509208229357,0.23333333333333334,46,250.0,240.0,23,24,144,144,0
few_step_distilled,2603049731,2.0,0.5,1.0,0.4566656956138107,0.19868855355022422,0.1019396402297734,0.3039720185362176,0.6925788185893522,0.08467911416406125,100.0,13.10327234650202,0.016666666666666666,0,100.0,80.0,30,30,60,60,0
streaming_no_causal,2603049731,2.0,0.5,0.0,0.5118308351062422,0.22337364873617566,0.2401245129066045,0.2880627570753189,0.6494884110564169,0.04951777934072152,56.896551724137936,13.57319603927447,0.041666666666666664,0,250.0,240.0,29,29,34,189,0
streaming_causal,2603049731,2.0,0.5,1.0,0.5269830635499002,0.19567662955929624,0.10066736768766048,0.03236316663563133,0.07460571440516015,0.0014855447181998738,56.896551724137936,12.65795531618779,0.041666666666666664,0,250.0,240.0,29,29,34,189,623
future_state_conditioned,2603049731,2.0,0.5,1.0,0.5188943610629001,0.1909817069388593,0.09464336023754663,0.21185335064099026,0.5139386678041673,0.040060063820310673,250.0,13.085683933848639,0.23333333333333334,46,250.0,240.0,23,24,144,144,0
isolated_n_step,2567004892,2.0,0.5,1.0,0.49550353506632466,0.13998954772529576,0.17191115958656944,0.6458976850803462,1.4681699271442399,0.2748325095273345,250.0,15.97460882502679,0.23333333333333334,46,250.0,240.0,23,24,144,144,0
few_step_distilled,2567004892,2.0,0.5,1.0,0.4398422811934812,0.11641842127410472,0.1413683258029482,0.2869750562104637,0.537836179693985,0.10678265972671105,100.0,12.300556307793236,0.016666666666666666,0,100.0,80.0,30,30,60,60,0
streaming_no_causal,2567004892,2.0,0.5,0.0,0.4871990464768135,0.2650065149714508,0.17592804712054141,0.21875827923137672,0.34810689142043,0.056212063385324675,56.896551724137936,13.209848768303722,0.041666666666666664,0,250.0,240.0,29,29,34,189,0
streaming_causal,2567004892,2.0,0.5,1.0,0.5081964330464045,0.10047033290623836,0.13557073426296865,0.03748733469205195,0.07188388519173258,0.001521675876344636,56.896551724137936,12.670010216049779,0.041666666666666664,0,250.0,240.0,29,29,34,189,623
future_state_conditioned,2567004892,2.0,0.5,1.0,0.501662651439654,0.10642451525916494,0.13954792351116044,0.1947233433701311,0.34394902946476436,0.051237868918952864,250.0,12.97927681735815,0.23333333333333334,46,250.0,240.0,23,24,144,144,0
isolated_n_step,4167568724,2.0,0.5,1.0,0.5143444692877881,0.16093569430359408,0.23499126658080347,0.7475667671624616,1.88081998421632,0.29261139805857134,250.0,17.0872370757552,0.23333333333333334,46,250.0,240.0,23,24,144,144,0
few_step_distilled,4167568724,2.0,0.5,1.0,0.44717442588119116,0.18431238960810725,0.142938527590255,0.3456796464014427,0.6881677548335173,0.10209637479174707,100.0,13.044674589979573,0.016666666666666666,0,100.0,80.0,30,30,60,60,0
streaming_no_causal,4167568724,2.0,0.5,0.0,0.4803445531691285,0.28622207123237053,0.31080678435579456,0.35060945918563485,0.6993929501134263,0.05437089568187492,56.896551724137936,13.834198181298971,0.041666666666666664,0,250.0,240.0,29,29,34,189,0
streaming_causal,4167568724,2.0,0.5,0.0,0.48713473048798306,0.20141184021255248,0.11062385983378396,0.05153283982973818,0.0944675502483329,0.0017953710990790865,56.896551724137936,12.819263384761236,0.041666666666666664,0,250.0,240.0,29,29,34,189,623
future_state_conditioned,4167568724,2.0,0.5,1.0,0.48389594291922383,0.19901034535725878,0.13318015687029,0.2768008804985378,0.5719160782203921,0.04443038456020585,250.0,13.380388816752397,0.23333333333333334,46,250.0,240.0,23,24,144,144,0
isolated_n_step,3400885998,2.0,0.5,0.0,0.5232250002116378,0.20628625110496077,0.07550511736707477,0.6566882468400435,1.8243966076943285,0.29676374575613546,250.0,16.473878587306697,0.23333333333333334,46,250.0,240.0,23,24,144,144,0
few_step_distilled,3400885998,2.0,0.5,0.0,0.46410506273872953,0.22233390873932052,0.02507250333534643,0.3854011751643052,0.7726309122896038,0.10559151453506789,100.0,12.787920773703242,0.016666666666666666,0,100.0,80.0,30,30,60,60,0
streaming_no_causal,3400885998,2.0,0.5,0.0,0.49517193599718107,0.2696699638420525,0.2537128200389913,0.31532300632313165,0.8019161572742701,0.05792463886686105,56.896551724137936,13.786576920772621,0.041666666666666664,0,250.0,240.0,29,29,34,189,0
streaming_causal,3400885998,2.0,0.5,0.0,0.5064730549142927,0.2212300099620347,0.058243343074662425,0.041115316946098476,0.08351816988906843,0.0017661431899283974,56.896551724137936,12.760640968499823,0.041666666666666664,0,250.0,240.0,29,29,34,189,623
future_state_conditioned,3400885998,2.0,0.5,0.0,0.503934489087687,0.21722239223336964,0.0409440032770452,0.24986491990535073,0.5328904205994744,0.04570074447430248,250.0,13.238370931098796,0.23333333333333334,46,250.0,240.0,23,24,144,144,0
isolated_n_step,1394654846,2.0,0.5,0.0,0.5199459054331937,0.20379947181316732,0.04236069868194888,0.6989649892452207,1.5212984776621936,0.2730342138383285,250.0,16.219302853465642,0.23333333333333334,46,250.0,240.0,23,24,144,144,0
few_step_distilled,1394654846,2.0,0.5,1.0,0.44714307303141776,0.1746015400810325,0.10041393026931111,0.26521064092045904,0.49746291291536093,0.09734929136387377,100.0,13.033038085977497,0.016666666666666666,0,100.0,80.0,30,30,60,60,0
streaming_no_causal,1394654846,2.0,0.5,0.0,0.5037673953962919,0.3046543450132285,0.15451366593742114,0.34362743583727384,0.5077025446539836,0.053095612846831966,56.896551724137936,13.838676706695109,0.041666666666666664,0,250.0,240.0,29,29,34,189,0
streaming_causal,1394654846,2.0,0.5,1.0,0.5062930723152248,0.16899724051364332,0.08241082737919395,0.035406556365974465,0.059140087990773,0.0015556948884767724,56.896551724137936,12.714156567039348,0.041666666666666664,0,250.0,240.0,29,29,34,189,623
future_state_conditioned,1394654846,2.0,0.5,1.0,0.5009545607676779,0.16765303065613868,0.07560564095701909,0.20302966639506304,0.5025230534839735,0.04558693123480714,250.0,13.029009795066292,0.23333333333333334,46,250.0,240.0,23,24,144,144,0
isolated_n_step,3437160570,2.0,0.5,1.0,0.5134588758949561,0.0924050023158574,0.13193607792886616,0.6088551708725517,1.627698069365873,0.2959597446559093,250.0,16.07904940235761,0.23333333333333334,46,250.0,240.0,23,24,144,144,0
few_step_distilled,3437160570,2.0,0.5,1.0,0.4458475143654807,0.15374350635693584,0.10700611953042118,0.28536480590213037,0.6516434869066351,0.10580151487111585,100.0,13.476136360657733,0.016666666666666666,0,100.0,80.0,30,30,60,60,0
streaming_no_causal,3437160570,2.0,0.5,0.0,0.4950552060111437,0.2166681293413823,0.2608111358840804,0.3093544150515567,0.6106376529592751,0.0575522390360771,56.896551724137936,13.76502176278107,0.041666666666666664,0,250.0,240.0,29,29,34,189,0
streaming_causal,3437160570,2.0,0.5,1.0,0.4961226012450244,0.16827580279522517,0.04592402946377784,0.03411699084494251,0.06876946547950034,0.0018179928553611552,56.896551724137936,12.727694006049104,0.041666666666666664,0,250.0,240.0,29,29,34,189,623
future_state_conditioned,3437160570,2.0,0.5,1.0,0.49416737080931605,0.17019248740069245,0.05325146919494982,0.21538311526563847,0.3823766261288799,0.048047003247555085,250.0,13.084710265781904,0.23333333333333334,46,250.0,240.0,23,24,144,144,0
isolated_n_step,4041602132,2.0,0.5,0.0,0.5160709663343671,0.2088444035258933,0.07712579684875544,0.655811315435412,1.7230780875096199,0.2546761716862622,250.0,16.242118290361372,0.23333333333333334,46,250.0,240.0,23,24,144,144,0
few_step_distilled,4041602132,2.0,0.5,1.0,0.4535185190936876,0.17978764021522212,0.08916453076275514,0.3374912006103455,0.7228717062635364,0.0867165642114724,100.0,13.75537482339193,0.016666666666666666,0,100.0,80.0,30,30,60,60,0
streaming_no_causal,4041602132,2.0,0.5,0.0,0.5121556734689261,0.28958185698279604,0.07026913977912726,0.35046764427896343,0.6586984812026283,0.0489192681323929,56.896551724137936,13.860549469781363,0.041666666666666664,0,250.0,240.0,29,29,34,189,0
streaming_causal,4041602132,2.0,0.5,1.0,0.5105804591305392,0.1468728764922203,0.08497728751853748,0.03978669934806095,0.10255042733296886,0.0014647526545926743,56.896551724137936,12.734369344053658,0.041666666666666664,0,250.0,240.0,29,29,34,189,623
future_state_conditioned,4041602132,2.0,0.5,1.0,0.505808531164587,0.14930535956299,0.07743098354916537,0.2424667532392362,0.5347039816306908,0.039501101558004466,250.0,13.208676007115518,0.23333333333333334,46,250.0,240.0,23,24,144,144,0
isolated_n_step,432336515,2.0,0.5,1.0,0.5054472119808734,0.12100184265492457,0.12673820544054212,0.37876023112070034,1.2129772274004125,0.30718921089277434,250.0,14.434211003587487,0.23333333333333334,46,250.0,240.0,23,24,144,144,0
few_step_distilled,432336515,2.0,0.5,1.0,0.4648450451692533,0.0980501295234883,0.06379756808144155,0.3022467351149278,0.5832751925063872,0.11846920684429373,100.0,13.095778577574759,0.016666666666666666,0,100.0,80.0,30,30,60,60,0
streaming_no_causal,432336515,2.0,0.5,0.0,0.5328814368784308,0.22079132215011985,0.1905719608270077,0.28843778973497397,0.45965980116289956,0.06384287051030633,56.896551724137936,13.548214391368823,0.041666666666666664,0,250.0,240.0,29,29,34,189,0
streaming_causal,432336515,2.0,0.5,1.0,0.5531779833091132,0.11307831661435924,0.06261312966856339,0.044524196991280865,0.08412264891398497,0.0017326784655283995,56.896551724137936,12.637826569367341,0.041666666666666664,0,250.0,240.0,29,29,34,189,623
future_state_conditioned,432336515,2.0,0.5,1.0,0.5421230481508723,0.10807923247987859,0.0724963799321548,0.19262961735290673,0.3897930222564676,0.05691584723049542,250.0,12.982381973952986,0.23333333333333334,46,250.0,240.0,23,24,144,144,0
isolated_n_step,2317093237,2.0,0.5,1.0,0.5304041030123318,0.12100856731915655,0.1359764572786768,0.765738395867012,1.8632413400746237,0.3002651662060134,250.0,17.082875397218416,0.23333333333333334,46,250.0,240.0,23,24,144,144,0
few_step_distilled,2317093237,2.0,0.5,1.0,0.44907346456469305,0.17492976854367334,0.11866840675419635,0.3503482949705076,0.764082015310265,0.10624616722577028,100.0,14.062127762018546,0.016666666666666666,0,100.0,80.0,30,30,60,60,0
streaming_no_causal,2317093237,2.0,0.5,0.0,0.4912673871746344,0.25549185140445924,0.2732224076255507,0.3566770237995121,0.793980053527169,0.0565662190960901,56.896551724137936,13.954149871871362,0.041666666666666664,0,250.0,240.0,29,29,34,189,0
streaming_causal,2317093237,2.0,0.5,1.0,0.4904849228272811,0.16949620609406754,0.0702239381529273,0.04435981825590202,0.0936370823905181,0.0017006934484567005,56.896551724137936,12.79720215726716,0.041666666666666664,0,250.0,240.0,29,29,34,189,623
future_state_conditioned,2317093237,2.0,0.5,1.0,0.4879441485347622,0.16819012478067266,0.08580947945925729,0.27252258553874015,0.6603990464196734,0.04605575663059251,250.0,13.32801621618089,0.23333333333333334,46,250.0,240.0,23,24,144,144,0
isolated_n_step,3973811896,2.0,0.5,1.0,0.5276199828534126,0.15762969910257107,0.09400529426211324,0.6369779603061824,1.9174437457294629,0.302062024550208,250.0,16.379875265559303,0.23333333333333334,46,250.0,240.0,23,24,144,144,0
few_step_distilled,3973811896,2.0,0.5,1.0,0.465964840948422,0.15578624180576411,0.05688520300883707,0.3522177504661322,0.8544375907024235,0.10723986182545032,100.0,13.536226992780081,0.016666666666666666,0,100.0,80.0,30,30,60,60,0
streaming_no_causal,3973811896,2.0,0.5,0.0,0.5044236801762918,0.2855088990859758,0.20313642302748502,0.3299786464585736,0.7789628295142714,0.05711106706167101,56.896551724137936,13.873180262185718,0.041666666666666664,0,250.0,240.0,29,29,34,189,0
streaming_causal,3973811896,2.0,0.5,1.0,0.5130930010750744,0.16181601140056795,0.07011400251673673,0.04503856697106085,0.09689282518773014,0.0018575785511051855,56.896551724137936,12.820847823573274,0.041666666666666664,0,250.0,240.0,29,29,34,189,623
future_state_conditioned,3973811896,2.0,0.5,1.0,0.5098447992292643,0.15736991674052467,0.06673320164807693,0.26612162536144396,0.6148858851055616,0.04736121127595931,250.0,13.337485852815858,0.23333333333333334,46,250.0,240.0,23,24,144,144,0
isolated_n_step,185179265,2.0,0.5,1.0,0.5155770568176452,0.1798764355571178,0.14979593318815335,0.6531917746675875,1.8451301116242185,0.3147323982695093,250.0,16.399583842608283,0.23333333333333334,46,250.0,240.0,23,24,144,144,0
few_step_distilled,185179265,2.0,0.5,1.0,0.44949711187643043,0.16738563575331972,0.09889458914268863,0.3484596347038532,0.7402568044598394,0.11352674518670931,100.0,13.831333311546626,0.016666666666666666,0,100.0,80.0,30,30,60,60,0
streaming_no_causal,185179265,2.0,0.5,0.0,0.49848634480316406,0.3033435485646545,0.2641330869824811,0.31987986029179355,0.7613914984013421,0.06100219663017701,56.896551724137936,13.779161701931885,0.041666666666666664,0,250.0,240.0,29,29,34,189,0
streaming_causal,185179265,2.0,0.5,1.0,0.5036491539232368,0.17694416248064623,0.03653168927167768,0.04662802659837383,0.09659641806661869,0.0018566340902996961,56.896551724137936,12.795076656195189,0.041666666666666664,0,250.0,240.0,29,29,34,189,623
future_state_conditioned,185179265,2.0,0.5,1.0,0.5002696348239163,0.17953538362459606,0.04467654814859657,0.25997790783093067,0.6261125485394221,0.05089585903370882,250.0,13.293984288883918,0.23333333333333334,46,250.0,240.0,23,24,144,144,0
isolated_n_step,50165846,2.0,0.5,0.0,0.51014580689251,0.20145505199147976,0.11075944947166967,0.4772092582848911,1.1472283875523195,0.20113199220028316,250.0,14.648767855841285,0.23333333333333334,46,250.0,240.0,23,24,144,144,0
few_step_distilled,50165846,2.0,0.5,1.0,0.4623774172548646,0.17693980595714603,0.12210752193997157,0.30767756598725954,0.5281740478208629,0.08184556451581772,100.0,12.53871882810603,0.016666666666666666,0,100.0,80.0,30,30,60,60,0
streaming_no_causal,50165846,2.0,0.5,1.0,0.5313343354993566,0.11590658922541112,0.2010938330966967,0.30046948267645485,0.4838798984089789,0.04647307961637906,56.896551724137936,13.506069104822002,0.041666666666666664,0,250.0,240.0,29,29,34,189,0
streaming_causal,50165846,2.0,0.5,1.0,0.5495268214801291,0.18348469199192016,0.12911448044563095,0.04017485735936419,0.07175601184853866,0.001314979871413671,56.896551724137936,12.606207302309224,0.041666666666666664,0,250.0,240.0,29,29,34,189,623
future_state_conditioned,50165846,2.0,0.5,1.0,0.53871947909019,0.1838693715683892,0.12542188556034636,0.21832426153337964,0.5021231147669665,0.03942740088522225,250.0,13.01505167543199,0.23333333333333334,46,250.0,240.0,23,24,144,144,0
isolated_n_step,3553130053,2.0,0.5,1.0,0.5064185567988136,0.1600181656585754,0.16018099087394896,0.5330114101928017,1.6770441539309966,0.24693159963794448,250.0,15.705926464536468,0.23333333333333334,46,250.0,240.0,23,24,144,144,0
few_step_distilled,3553130053,2.0,0.5,1.0,0.4562148440412161,0.1631699811727139,0.1720493963801322,0.2807941073689243,0.6092760965616537,0.08948486369121936,100.0,13.08718830018546,0.016666666666666666,0,100.0,80.0,30,30,60,60,0
streaming_no_causal,3553130053,2.0,0.5,0.0,0.5117235451766243,0.23359156604677292,0.06903606654732687,0.30511809629748793,0.65933511295612,0.04995560348929688,56.896551724137936,13.712137426264349,0.041666666666666664,0,250.0,240.0,29,29,34,189,0
streaming_causal,3553130053,2.0,0.5,1.0,0.5151277090894913,0.13915761169458,0.15566612851816897,0.03951732110175075,0.08032082988205404,0.0014632886008792078,56.896551724137936,12.739201696443926,0.041666666666666664,0,250.0,240.0,29,29,34,189,623
future_state_conditioned,3553130053,2.0,0.5,1.0,0.5091335001304357,0.14149185116103985,0.14999347426012422,0.21562907867046252,0.5118269251190098,0.04113081039286965,250.0,13.110609024256336,0.23333333333333334,46,250.0,240.0,23,24,144,144,0
isolated_n_step,3534660190,2.0,0.5,1.0,0.5152159998080265,0.14254742234581785,0.24845240930179685,0.610937663967669,1.6172086483792452,0.23297768173817057,250.0,15.910708343080719,0.23333333333333334,46,250.0,240.0,23,24,144,144,0
few_step_distilled,3534660190,2.0,0.5,1.0,0.4553939831629143,0.1355595260420057,0.2182872602481493,0.35275085119854616,0.6438482772626267,0.08514698490584577,100.0,13.403772557337488,0.016666666666666666,0,100.0,80.0,30,30,60,60,0
streaming_no_causal,3534660190,2.0,0.5,1.0,0.5172881561898345,0.19559162006221534,0.13095204825756382,0.35160994451501765,0.6839784079926264,0.04678552731691651,56.896551724137936,13.820323587424514,0.041666666666666664,0,250.0,240.0,29,29,34,189,0
streaming_causal,3534660190,2.0,0.5,1.0,0.5180902094392251,0.1311541735641651,0.2103860349411394,0.03484842309619106,0.0715175815636182,0.0015266636359806659,56.896551724137936,12.68382921423297,0.041666666666666664,0,250.0,240.0,29,29,34,189,623
future_state_conditioned,3534660190,2.0,0.5,1.0,0.5132030417774893,0.134066343660774,0.2113885584946518,0.24582384205446317,0.5266045211441515,0.038746230764598946,250.0,13.160837262747247,0.23333333333333334,46,250.0,240.0,23,24,144,144,0
isolated_n_step,4125131602,2.0,0.5,0.0,0.5114615608011329,0.20780603013477356,0.06364026452759917,0.6888051902221809,1.8460735315370187,0.2212233546772048,250.0,16.669777642286657,0.23333333333333334,46,250.0,240.0,23,24,144,144,0
few_step_distilled,4125131602,2.0,0.5,0.0,0.43955208775494387,0.2321147634829485,0.09217796645603848,0.3955338704365979,0.8263470353191347,0.0747989720702025,100.0,14.261217882054007,0.016666666666666666,0,100.0,80.0,30,30,60,60,0
streaming_no_causal,4125131602,2.0,0.5,1.0,0.47930122455583657,0.1512275322101952,0.16439852541937677,0.33580625706762063,0.6378799030325573,0.043326189616359194,56.896551724137936,13.875164571222914,0.041666666666666664,0,250.0,240.0,29,29,34,189,0
streaming_causal,4125131602,2.0,0.5,0.0,0.4757990315229908,0.2242799511711358,0.11908546237444544,0.02751753272459815,0.07313326237678369,0.0015340983616187042,56.896551724137936,12.794988497838554,0.041666666666666664,0,250.0,240.0,29,29,34,189,623
future_state_conditioned,4125131602,2.0,0.5,0.0,0.47464534691849203,0.22157972995532926,0.100136441517435,0.20522586369794063,0.3852303277290768,0.029807903762424072,250.0,13.178896684464332,0.23333333333333334,46,250.0,240.0,23,24,144,144,0
isolated_n_step,3738824945,2.0,0.5,1.0,0.5191979596290338,0.1791335603667685,0.08405391560868593,0.6421135139439689,1.7362523109948178,0.26882916192584383,250.0,16.291837276334135,0.23333333333333334,46,250.0,240.0,23,24,144,144,0
few_step_distilled,3738824945,2.0,0.5,1.0,0.4619808104271935,0.17963016280033386,0.07448907326207158,0.31172955562325383,0.8185743627616519,0.0978392338992833,100.0,12.874268198442152,0.016666666666666666,0,100.0,80.0,30,30,60,60,0
streaming_no_causal,3738824945,2.0,0.5,0.0,0.503872611021953,0.20801450028511528,0.14311727129826987,0.3180791225450106,0.7741045267798655,0.05396250250434788,56.896551724137936,13.781050920781531,0.041666666666666664,0,250.0,240.0,29,29,34,189,0
streaming_causal,3738824945,2.0,0.5,1.0,0.5151021389730812,0.18203842349425284,0.10213504451812827,0.03836162119452604,0.08204473335012649,0.0017345793882063711,56.896551724137936,12.729199885914301,0.041666666666666664,0,250.0,240.0,29,29,34,189,623
future_state_conditioned,3738824945,2.0,0.5,1.0,0.5105103045853061,0.18023739260022204,0.09895884032817606,0.22591301885300677,0.5674294345198513,0.0426276547713994,250.0,13.148122465377076,0.23333333333333334,46,250.0,240.0,23,24,144,144,0
isolated_n_step,3510835013,2.0,0.5,1.0,0.5021227036213227,0.11806696148302594,0.15259409360643414,0.6015726279199032,1.3830907174858311,0.23010667331588303,250.0,15.429641201555647,0.23333333333333334,46,250.0,240.0,23,24,144,144,0
few_step_distilled,3510835013,2.0,0.5,1.0,0.4501780242634932,0.14047353421945524,0.12672210687853758,0.40202603200803205,0.8255727195991207,0.08393060208105589,100.0,13.215581008650622,0.016666666666666666,0,100.0,80.0,30,30,60,60,0
streaming_no_causal,3510835013,2.0,0.5,1.0,0.5080284888906764,0.07116168250857088,0.024195966604259208,0.2766550713006825,0.4803806930678914,0.0465611838933476,56.896551724137936,13.46735434130485,0.041666666666666664,0,250.0,240.0,29,29,34,189,0
streaming_causal,3510835013,2.0,0.5,1.0,0.5248683320590708,0.15063762707308193,0.1454271572302598,0.040004713133400885,0.0786491248903512,0.0014373531429660836,56.896551724137936,12.646695182255035,0.041666666666666664,0,250.0,240.0,29,29,34,189,623
future_state_conditioned,3510835013,2.0,0.5,1.0,0.5157566465441916,0.15012019726546152,0.14150866541280832,0.22389769561844464,0.47329948922739007,0.03831148068085317,250.0,13.035350053642901,0.23333333333333334,46,250.0,240.0,23,24,144,144,0
isolated_n_step,2413201429,2.0,0.5,0.0,0.5379495215779245,0.22502286941897265,0.274816141787922,0.7439744415373213,1.4204815648371525,0.34618962513449686,250.0,16.33353157398029,0.23333333333333334,46,250.0,240.0,23,24,144,144,0
few_step_distilled,2413201429,2.0,0.5,1.0,0.4660868271199359,0.14294043353871752,0.16547816132505327,0.32183381884187884,0.5741421592430115,0.1270254248423775,100.0,13.623581010658716,0.016666666666666666,0,100.0,80.0,30,30,60,60,0
streaming_no_causal,2413201429,2.0,0.5,0.0,0.5230440130981566,0.22676536495271493,0.33512074109033685,0.32290300177575953,0.6565764914165616,0.06776240775216075,56.896551724137936,13.652680780658486,0.041666666666666664,0,250.0,240.0,29,29,34,189,0
streaming_causal,2413201429,2.0,0.5,1.0,0.5498792239320301,0.1557235736749298,0.1262122965365536,0.04592365276702044,0.09321294628708897,0.0019403613808707523,56.896551724137936,12.621445104640568,0.041666666666666664,0,250.0,240.0,29,29,34,189,623
future_state_conditioned,2413201429,2.0,0.5,1.0,0.5398194164024778,0.1544762791415393,0.14052178512881114,0.24365472965216387,0.5180382930693916,0.059881570722106536,250.0,13.172801834968146,0.23333333333333334,46,250.0,240.0,23,24,144,144,0
isolated_n_step,2492007116,2.0,0.5,0.0,0.5169595654861066,0.22482560192990508,0.30197176146945803,0.8119041177788374,2.0691897078365913,0.22169223695825935,250.0,17.671639000868016,0.23333333333333334,46,250.0,240.0,23,24,144,144,0
few_step_distilled,2492007116,2.0,0.5,0.0,0.4313085796874085,0.2124868283960897,0.2052531366260264,0.37959722815823926,0.7820320110610871,0.073426663499156,100.0,14.265303229141027,0.016666666666666666,0,100.0,80.0,30,30,60,60,0
streaming_no_causal,2492007116,2.0,0.5,1.0,0.4647667460201317,0.18568061439138214,0.28314834306229514,0.3519857108182688,0.7046358146311206,0.040466917057827796,56.896551724137936,13.970276365268868,0.041666666666666664,0,250.0,240.0,29,29,34,189,0
streaming_causal,2492007116,2.0,0.5,0.0,0.4596566536601343,0.2341174706398701,0.19196191228652995,0.04372756043543694,0.09864685826966191,0.0014133878433013635,56.896551724137936,12.839925532771083,0.041666666666666664,0,250.0,240.0,29,29,34,189,623
future_state_conditioned,2492007116,2.0,0.5,0.0,0.4594118355837701,0.23632684473015245,0.19976441668802428,0.262421506856318,0.6288528655567656,0.02864400157473739,250.0,13.421936214962477,0.23333333333333334,46,250.0,240.0,23,24,144,144,0
isolated_n_step,1866002412,2.0,0.5,0.0,0.5406863121251683,0.21313781367849638,0.18561361732000353,0.7933204517320555,1.7792083438576005,0.33479806330561684,250.0,17.106438305575832,0.23333333333333334,46,250.0,240.0,23,24,144,144,0
few_step_distilled,1866002412,2.0,0.5,1.0,0.45977449866027176,0.1712086869491394,0.12486416152442818,0.34043384292932016,0.7375444703682963,0.1179535056746162,100.0,13.91565550300259,0.016666666666666666,0,100.0,80.0,30,30,60,60,0
streaming_no_causal,1866002412,2.0,0.5,0.0,0.4987540129503313,0.29828914682972874,0.3212842645269293,0.36042779229322924,0.6936350347505104,0.06339142649284156,56.896551724137936,13.991021524065475,0.041666666666666664,0,250.0,240.0,29,29,34,189,0
streaming_causal,1866002412,2.0,0.5,0.0,0.5027994713770271,0.2086943735287479,0.07789179333417567,0.03873538094535444,0.08018313090284686,0.0017194136913250627,56.896551724137936,12.775992036576206,0.041666666666666664,0,250.0,240.0,29,29,34,189,623
future_state_conditioned,1866002412,2.0,0.5,1.0,0.5004618597694921,0.1998278948438029,0.09415601413241209,0.22042155758642232,0.4441944049681544,0.052743507936872866,250.0,13.126838418955932,0.23333333333333334,46,250.0,240.0,23,24,144,144,0
isolated_n_step,3008401169,2.0,0.5,1.0,0.49474399972274596,0.1840942640961154,0.07727071863849368,0.5768040913794209,1.9247470096678494,0.21044776662585965,250.0,16.251850835813116,0.23333333333333334,46,250.0,240.0,23,24,144,144,0
few_step_distilled,3008401169,2.0,0.5,0.0,0.4354588654867274,0.22706168380746283,0.07359239211872122,0.36989855663381305,0.6957209734489208,0.07282296151891238,100.0,13.852896944265153,0.016666666666666666,0,100.0,80.0,30,30,60,60,0
streaming_no_causal,3008401169,2.0,0.5,1.0,0.4748564996584841,0.18215720432616786,0.14219042253092995,0.2830391729319107,0.6686341155271603,0.041246371542647035,56.896551724137936,13.69282023885867,0.041666666666666664,0,250.0,240.0,29,29,34,189,0
streaming_causal,3008401169,2.0,0.5,0.0,0.4719981688116115,0.2194422301311449,0.12488440593685436,0.037549126855510276,0.08438242956379624,0.0015608744470396894,56.896551724137936,12.846511912872458,0.041666666666666664,0,250.0,240.0,29,29,34,189,623
future_state_conditioned,3008401169,2.0,0.5,0.0,0.47121194948720413,0.2159661782287094,0.10773570008411654,0.2241102153800332,0.4187966841361632,0.02915708296447846,250.0,13.220447816651573,0.23333333333333334,46,250.0,240.0,23,24,144,144,0
isolated_n_step,4158198911,2.0,0.5,1.0,0.5326384860748307,0.16701402490680695,0.0681250866414028,0.6881916743565603,1.302720441912764,0.3003627233768333,250.0,16.07377303599444,0.23333333333333334,46,250.0,240.0,23,24,144,144,0
few_step_distilled,4158198911,2.0,0.5,1.0,0.4583003398107054,0.09125730688104726,0.08328712496732837,0.3289992245261307,0.6604359039977811,0.11828862332821477,100.0,13.611379555747451,0.016666666666666666,0,100.0,80.0,30,30,60,60,0
streaming_no_causal,4158198911,2.0,0.5,0.0,0.515020666763612,0.31725750983048473,0.11556523859853704,0.3102595751415977,0.5141110322783764,0.061541887609091676,56.896551724137936,13.677897176370784,0.041666666666666664,0,250.0,240.0,29,29,34,189,0
streaming_causal,4158198911,2.0,0.5,1.0,0.5328929823313386,0.0732631924019022,0.06743328631431977,0.039765541411917286,0.06832504241479394,0.001780402708631838,56.896551724137936,12.642214545251658,0.041666666666666664,0,250.0,240.0,29,29,34,189,623
future_state_conditioned,4158198911,2.0,0.5,1.0,0.5235071146859434,0.07326550270354679,0.07440496554755868,0.1926249530937114,0.38937547886405893,0.056815867620962836,250.0,13.006748334131997,0.23333333333333334,46,250.0,240.0,23,24,144,144,0
isolated_n_step,1366341128,2.0,0.5,0.0,0.49830604758591834,0.24265745121309193,0.12428303374632997,0.5602116198716157,1.4913585143101875,0.28745402569524703,250.0,15.509688656502783,0.23333333333333334,46,250.0,240.0,23,24,144,144,0
few_step_distilled,1366341128,2.0,0.5,0.0,0.44898903517169414,0.21264378945607748,0.15413472323839844,0.32920915815924173,0.7433856785847717,0.1081991558720275,100.0,12.983575011280225,0.016666666666666666,0,100.0,80.0,30,30,60,60,0
streaming_no_causal,1366341128,2.0,0.5,0.0,0.49695260408886766,0.2444910371042487,0.028667931950604058,0.26732891765201117,0.5888617084983521,0.05712933550993923,56.896551724137936,13.532311520722414,0.041666666666666664,0,250.0,240.0,29,29,34,189,0
streaming_causal,1366341128,2.0,0.5,1.0,0.5163478284757933,0.1655701478603448,0.1519023442127818,0.04667046938762728,0.089591695131485,0.0017897322038083017,56.896551724137936,12.706584496723453,0.041666666666666664,0,250.0,240.0,29,29,34,189,623
future_state_conditioned,1366341128,2.0,0.5,1.0,0.5076199459058883,0.16940374127814228,0.13990724554110265,0.22526712594157036,0.47294340765250964,0.04966079810025712,250.0,13.161952705139207,0.23333333333333334,46,250.0,240.0,23,24,144,144,0
isolated_n_step,1682009312,2.0,1.0,0.0,0.5396267548087632,0.21440329279373493,0.15691753663372296,0.8623243182792197,1.7780242439267593,0.2689479539084559,250.0,17.702111162817452,0.23333333333333334,46,250.0,240.0,23,24,144,144,0
few_step_distilled,1682009312,2.0,1.0,0.0,0.4565866860385621,0.21062195948586349,0.11777901288863853,0.382822159330116,0.7140579177768663,0.08568089308467199,100.0,12.721462303513064,0.016666666666666666,0,100.0,80.0,30,30,60,60,0
streaming_no_causal,1682009312,2.0,1.0,0.0,0.49141929463084993,0.2455083900283837,0.3369302257803903,0.3617125957899213,0.7196234542994214,0.04824833335075781,56.896551724137936,13.985689647662609,0.041666666666666664,0,250.0,240.0,29,29,34,189,0
streaming_causal,1682009312,2.0,1.0,0.0,0.4994449802712002,0.2616374394084976,0.10405297029760692,0.04836030014912683,0.12023138255466338,0.001841858769059248,56.896551724137936,12.791820549830238,0.041666666666666664,0,250.0,240.0,29,29,34,189,623
future_state_conditioned,1682009312,2.0,1.0,0.0,0.49692986955987195,0.24976332624249362,0.12930205573343254,0.2959170884259734,0.8367164290012273,0.036396102127583506,250.0,13.534093796781914,0.23333333333333334,46,250.0,240.0,23,24,144,144,0
isolated_n_step,4249179276,2.0,1.0,0.0,0.4918097263186481,0.2694935042250048,0.20327588346721132,0.6586532550173092,1.6050168605474282,0.2591777856186316,250.0,16.08793802656831,0.23333333333333334,46,250.0,240.0,23,24,144,144,0
few_step_distilled,4249179276,2.0,1.0,0.0,0.4372177461259562,0.23679669677307727,0.1982469795911423,0.377897172600056,0.81285260244906,0.0986223884427304,100.0,13.661262358956254,0.016666666666666666,0,100.0,80.0,30,30,60,60,0
streaming_no_causal,4249179276,2.0,1.0,0.0,0.4722528115334438,0.20876517466425804,0.20105708364794067,0.2310890438466988,0.42490497739698774,0.05249072360030659,56.896551724137936,13.321975048619223,0.041666666666666664,0,250.0,240.0,29,29,34,189,0
streaming_causal,4249179276,2.0,1.0,0.0,0.4930661492184821,0.2162805389808601,0.20056659256109938,0.04709808473888579,0.09379041575861267,0.001808398066225695,56.896551724137936,12.733406519378976,0.041666666666666664,0,250.0,240.0,29,29,34,189,623
future_state_conditioned,4249179276,2.0,1.0,0.0,0.4907097913623101,0.23883644415160207,0.2183869345288071,0.27026366165640314,0.7675992918666495,0.0452773316541791,250.0,13.373454181033967,0.23333333333333334,46,250.0,240.0,23,24,144,144,0
isolated_n_step,1867519802,2.0,1.0,1.0,0.5181237990858203,0.16850237572286086,0.17802752642951553,0.7077923703970234,1.6843016622768026,0.2554776638044461,250.0,16.470402520899423,0.23333333333333334,46,250.0,240.0,23,24,144,144,0
few_step_distilled,1867519802,2.0,1.0,1.0,0.4602002988999646,0.13442175449799051,0.10662629749629286,0.3698685841176302,0.9553665297054887,0.09090162544906746,100.0,12.941273075908745,0.016666666666666666,0,100.0,80.0,30,30,60,60,0
streaming_no_causal,1867519802,2.0,1.0,0.0,0.5106294130394381,0.27084689092794423,0.052202460046109254,0.3691806448666416,0.6855805830793583,0.05025701149759277,56.896551724137936,13.951316423589697,0.041666666666666664,0,250.0,240.0,29,29,34,189,0
streaming_causal,1867519802,2.0,1.0,1.0,0.5102972572584386,0.1338562592979532,0.14526001177977066,0.04582605814848685,0.10067662513811287,0.0016512358034694232,56.896551724137936,12.748395826474155,0.041666666666666664,0,250.0,240.0,29,29,34,189,623
future_state_conditioned,1867519802,2.0,1.0,1.0,0.5077051761997048,0.14006020268719652,0.14443719493680734,0.272706983289285,0.6333513834178002,0.039971796322715435,250.0,13.308760818651013,0.23333333333333334,46,250.0,240.0,23,24,144,144,0
isolated_n_step,3187680504,2.0,1.0,1.0,0.5288804759946847,0.16585183976000373,0.031673837970451015,0.7241567818006757,1.7215266538489655,0.2786715880033098,250.0,16.649145861147463,0.23333333333333334,46,250.0,240.0,23,24,144,144,0
few_step_distilled,3187680504,2.0,1.0,1.0,0.45809740261386767,0.18513935316600671,0.02168123729471904,0.36911601254652693,0.6868295900524395,0.09607344652695297,100.0,13.691586034812778,0.016666666666666666,0,100.0,80.0,30,30,60,60,0
streaming_no_causal,3187680504,2.0,1.0,0.0,0.5000164140666059,0.23366380489101812,0.23529337094801164,0.32987790597171157,0.6518968928533554,0.05377965525167679,56.896551724137936,13.891147715560484,0.041666666666666664,0,250.0,240.0,29,29,34,189,0
streaming_causal,3187680504,2.0,1.0,0.0,0.5041179908769918,0.22048567985334455,0.01088620896859296,0.04088428608087824,0.12069310404529718,0.0019412307470792656,56.896551724137936,12.769135622585445,0.041666666666666664,0,250.0,240.0,29,29,34,189,623
future_state_conditioned,3187680504,2.0,1.0,0.0,0.5035312295437425,0.22033459013848347,0.013580553445074878,0.2559210373346359,0.5018312341765329,0.041288026709886766,250.0,13.329875278881875,0.23333333333333334,46,250.0,240.0,23,24,144,144,0
isolated_n_step,1967125004,2.0,1.0,1.0,0.5206657691939592,0.18421741157476315,0.07189772160707779,0.6141205160224341,1.8875068290590586,0.29709288341713963,250.0,16.263610139645436,0.23333333333333334,46,250.0,240.0,23,24,144,144,0
few_step_distilled,1967125004,2.0,1.0,1.0,0.4724604533364018,0.1801996149385978,0.05100340875085979,0.39934698385528133,0.798954613702825,0.10555774849269407,100.0,13.289405642733701,0.016666666666666666,0,100.0,80.0,30,30,60,60,0
streaming_no_causal,1967125004,2.0,1.0,0.0,0.5010206248251377,0.3003325336992752,0.2097808532648673,0.32602196755987317,0.7272014184401103,0.05693104394213671,56.896551724137936,13.819589774349753,0.041666666666666664,0,250.0,240.0,29,29,34,189,0
streaming_causal,1967125004,2.0,1.0,1.0,0.524897780482596,0.1965894765978468,0.05390902381353138,0.05475161974566608,0.15987357412029307,0.0022140672094829385,56.896551724137936,12.83658756406262,0.041666666666666664,0,250.0,240.0,29,29,34,189,623
future_state_conditioned,1967125004,2.0,1.0,1.0,0.5204477173370312,0.1923582307890474,0.04408522845309543,0.28663520569731643,0.6732383694959237,0.04610534544046373,250.0,13.53994980306127,0.23333333333333334,46,250.0,240.0,23,24,144,144,0
isolated_n_step,999790655,2.0,1.0,1.0,0.5182082402315575,0.09993943896300302,0.18726451707355743,0.5509628253220581,1.3727616693559603,0.2604489878595994,250.0,15.306877364754103,0.23333333333333334,46,250.0,240.0,23,24,144,144,0
few_step_distilled,999790655,2.0,1.0,1.0,0.46421619648030416,0.13937338884134418,0.14622433262658677,0.27621337910907523,0.5003711160022807,0.09419119015717926,100.0,13.221359746496988,0.016666666666666666,0,100.0,80.0,30,30,60,60,0
streaming_no_causal,999790655,2.0,1.0,0.0,0.5260400585035733,0.20984802659864346,0.16347721589338363,0.37070491177738385,0.603919391353227,0.053912051138475914,56.896551724137936,13.963727068899322,0.041666666666666664,0,250.0,240.0,29,29,34,189,0
streaming_causal,999790655,2.0,1.0,1.0,0.5353766415819721,0.1680063344887169,0.16483698934366617,0.04139685892031899,0.10532437285537391,0.002037549451350499,56.896551724137936,12.70548928390503,0.041666666666666664,0,250.0,240.0,29,29,34,189,623
future_state_conditioned,999790655,2.0,1.0,1.0,0.5305559236474013,0.15523467720705245,0.16079704836559625,0.255267459210783,0.5872015144155329,0.044035780215396406,250.0,13.209174276826898,0.23333333333333334,46,250.0,240.0,23,24,144,144,0
isolated_n_step,40582535,2.0,1.0,0.0,0.5411172357505027,0.29210482204916544,0.2428668111741508,0.6893454329608357,1.7898393854499757,0.3220748926166175,250.0,16.73400757489796,0.23333333333333334,46,250.0,240.0,23,24,144,144,0
few_step_distilled,40582535,2.0,1.0,0.0,0.48065445513118854,0.25486340802716734,0.15471651885156118,0.4008232123830891,0.8895686402008068,0.11488574097350465,100.0,14.067524229053497,0.016666666666666666,0,100.0,80.0,30,30,60,60,0
streaming_no_causal,40582535,2.0,1.0,0.0,0.5216156672869118,0.3358054220033861,0.3818204846715824,0.3933325239460956,0.7864710938323289,0.06270278196682229,56.896551724137936,14.243028999463588,0.041666666666666664,0,250.0,240.0,29,29,34,189,0
streaming_causal,40582535,2.0,1.0,0.0,0.5366605143825299,0.26023494662795915,0.09787821424830201,0.05873883535766992,0.16417496719573177,0.0023604366787038544,56.896551724137936,12.820483496119621,0.041666666666666664,0,250.0,240.0,29,29,34,189,623
future_state_conditioned,40582535,2.0,1.0,0.0,0.5328807269883553,0.24727812627290569,0.10597443587674346,0.33400237670121735,0.8904921931870668,0.05140676634695421,250.0,13.784974409196199,0.23333333333333334,46,250.0,240.0,23,24,144,144,0
isolated_n_step,2940629406,2.0,1.0,1.0,0.508421675485641,0.1620728127447168,0.2353282997422808,0.7788487998464202,1.7666055484228804,0.2573381990584431,250.0,17.13919701694343,0.23333333333333334,46,250.0,240.0,23,24,144,144,0
few_step_distilled,2940629406,2.0,1.0,1.0,0.4332970650409103,0.1328582223718697,0.20625311117123643,0.4287905310067623,0.8491098571830171,0.09178825708199193,100.0,13.726318193217562,0.016666666666666666,0,100.0,80.0,30,30,60,60,0
streaming_no_causal,2940629406,2.0,1.0,0.0,0.47297423298235464,0.24224885795546783,0.27983730815062213,0.3096783402792331,0.555907527474917,0.04865931962590464,56.896551724137936,13.716121474400095,0.041666666666666664,0,250.0,240.0,29,29,34,189,0
streaming_causal,2940629406,2.0,1.0,1.0,0.4781786435136268,0.14555362214427986,0.1820142872514768,0.04707204989782005,0.11704078795287301,0.0017003850054844263,56.896551724137936,12.80960992376557,0.041666666666666664,0,250.0,240.0,29,29,34,189,623
future_state_conditioned,2940629406,2.0,1.0,1.0,0.4755232947627197,0.15612980156462541,0.1897051594315656,0.30115134766463036,0.6731993726884188,0.04321546098925123,250.0,13.445475083677742,0.23333333333333334,46,250.0,240.0,23,24,144,144,0
isolated_n_step,1988974637,2.0,1.0,0.0,0.5382418908825854,0.26846464499323164,0.17968844899345388,0.6832426648171062,1.401745227479174,0.29711674077200867,250.0,16.01305989339483,0.23333333333333334,46,250.0,240.0,23,24,144,144,0
few_step_distilled,1988974637,2.0,1.0,1.0,0.4649173312115547,0.1815833227712459,0.17005503162776858,0.3407057808230079,0.6217262925212255,0.1071234753566159,100.0,13.470135204226978,0.016666666666666666,0,100.0,80.0,30,30,60,60,0
streaming_no_causal,1988974637,2.0,1.0,0.0,0.5363137348951077,0.2633571749666388,0.14878322344552114,0.28155771985440986,0.5948684634692609,0.056980731339239865,56.896551724137936,13.646236089278368,0.041666666666666664,0,250.0,240.0,29,29,34,189,0
streaming_causal,1988974637,2.0,1.0,1.0,0.5508753970857092,0.16451684215346743,0.18676556001397954,0.0512119686791626,0.10806653053449675,0.0023158669372388293,56.896551724137936,12.701636539477589,0.041666666666666664,0,250.0,240.0,29,29,34,189,623
future_state_conditioned,1988974637,2.0,1.0,1.0,0.5401491623959045,0.1709521450067586,0.18202595108344663,0.2771783980793066,0.6616511349835691,0.05215600371743199,250.0,13.384196640415887,0.23333333333333334,46,250.0,240.0,23,24,144,144,0
isolated_n_step,2414604168,2.0,1.0,0.0,0.49937378538414784,0.28003126931685224,0.26292912473179214,0.67551230423746,1.630966746567414,0.27363998959392505,250.0,16.299075465615953,0.23333333333333334,46,250.0,240.0,23,24,144,144,0
few_step_distilled,2414604168,2.0,1.0,0.0,0.43717657379228614,0.22839839144009352,0.21522168644103426,0.34288964207153944,0.7732203814469799,0.10224308334840178,100.0,13.29283917375973,0.016666666666666666,0,100.0,80.0,30,30,60,60,0
streaming_no_causal,2414604168,2.0,1.0,0.0,0.4787887404821683,0.25213995367074316,0.18697641326067518,0.28691623125414445,0.5372866785812065,0.0545885478545319,56.896551724137936,13.61235828670653,0.041666666666666664,0,250.0,240.0,29,29,34,189,0
streaming_causal,2414604168,2.0,1.0,0.0,0.4945866508790779,0.20073977290774328,0.20514003436873157,0.05608642209866936,0.13536252447837016,0.00212391201972143,56.896551724137936,12.769162364890683,0.041666666666666664,0,250.0,240.0,29,29,34,189,623
future_state_conditioned,2414604168,2.0,1.0,0.0,0.4906033826883098,0.22030728059837884,0.22313865386879833,0.31467198510420524,0.7358247124444204,0.047188474231749565,250.0,13.53130674320641,0.23333333333333334,46,250.0,240.0,23,24,144,144,0
isolated_n_step,1036388364,2.0,1.0,0.0,0.5494526302770311,0.2076806524184974,0.09107542700350238,0.6656633762111126,1.6942626138530212,0.2772241394046542,250.0,16.400608448018957,0.23333333333333334,46,250.0,240.0,23,24,144,144,0
few_step_distilled,1036388364,2.0,1.0,0.0,0.47999234329477974,0.23098605263899763,0.10280696196629047,0.3546588643955129,0.7420618169078419,0.09733210846137011,100.0,13.407763290403238,0.016666666666666666,0,100.0,80.0,30,30,60,60,0
streaming_no_causal,1036388364,2.0,1.0,0.0,0.5225720867883626,0.23737713586606574,0.17842039790159595,0.34202156291290026,0.8861821451277256,0.05477745271008821,56.896551724137936,14.002572444601261,0.041666666666666664,0,250.0,240.0,29,29,34,189,0
streaming_causal,1036388364,2.0,1.0,0.0,0.531923285838033,0.2259859699099537,0.10861466979587216,0.04451600116449085,0.1029711073697573,0.0020559747266102766,56.896551724137936,12.742005567279652,0.041666666666666664,0,250.0,240.0,29,29,34,189,623
future_state_conditioned,1036388364,2.0,1.0,0.0,0.5280016688491385,0.23047653375485966,0.0962661452557403,0.2766109113277248,0.6259122744183093,0.043832695019399924,250.0,13.390675006915014,0.23333333333333334,46,250.0,240.0,23,24,144,144,0
isolated_n_step,3339706844,2.0,1.0,0.0,0.5385017042150225,0.26575956748555973,0.17807848872411375,0.749300337754509,2.1095035852402173,0.24027288835520622,250.0,17.199007079190356,0.23333333333333334,46,250.0,240.0,23,24,144,144,0
few_step_distilled,3339706844,2.0,1.0,0.0,0.4551939269704487,0.2510681221705812,0.15840190929049014,0.35361287365209904,0.7118850731181213,0.08530437417852192,100.0,13.463223917503225,0.016666666666666666,0,100.0,80.0,30,30,60,60,0
streaming_no_causal,3339706844,2.0,1.0,0.0,0.48416931287991244,0.2420175346088644,0.2161275344331262,0.3471699381659881,0.8388720687267794,0.04551847644182319,56.896551724137936,14.010907987024638,0.041666666666666664,0,250.0,240.0,29,29,34,189,0
streaming_causal,3339706844,2.0,1.0,0.0,0.4798252564548442,0.249164799568953,0.17868813058651656,0.04685317121223996,0.12119419692103864,0.0019761721538467743,56.896551724137936,12.889082325352165,0.041666666666666664,0,250.0,240.0,29,29,34,189,623
future_state_conditioned,3339706844,2.0,1.0,0.0,0.4788727367903437,0.25735537276430026,0.175209466654679,0.3185925661438669,0.6472130299017439,0.036370803863424894,250.0,13.664756101878574,0.23333333333333334,46,250.0,240.0,23,24,144,144,0
isolated_n_step,3353767641,2.0,1.0,1.0,0.5117224963367281,0.1762071967542091,0.19421364961566343,0.6111782313291184,2.039557834923181,0.2368080675594789,250.0,16.55382736838991,0.23333333333333334,46,250.0,240.0,23,24,144,144,0
few_step_distilled,3353767641,2.0,1.0,0.0,0.441864464133904,0.20248562816251028,0.1256363094623993,0.3159637724045734,0.6782062157568509,0.08271194591656995,100.0,13.68264171782405,0.016666666666666666,0,100.0,80.0,30,30,60,60,0
streaming_no_causal,3353767641,2.0,1.0,0.0,0.47401436561344334,0.2078966385077923,0.22998785506511307,0.3017565709367577,0.7321406114578206,0.04368402851847267,56.896551724137936,13.670523571164246,0.041666666666666664,0,250.0,240.0,29,29,34,189,0
streaming_causal,3353767641,2.0,1.0,1.0,0.47397772177852965,0.19438521673489167,0.15072443454285092,0.04724797557659523,0.11135573879662053,0.001989910361932495,56.896551724137936,12.802296549096745,0.041666666666666664,0,250.0,240.0,29,29,34,189,623
future_state_conditioned,3353767641,2.0,1.0,1.0,0.47367880053292233,0.1982139093926899,0.15586041302554593,0.2835029064951274,0.6185218752354681,0.03433995118183203,250.0,13.457294309039893,0.23333333333333334,46,250.0,240.0,23,24,144,144,0
isolated_n_step,2807314158,2.0,1.0,0.0,0.5254406216225879,0.24537746427347007,0.0744735032657688,0.6772145733372024,1.3276392393661147,0.30671384816484304,250.0,15.777329866161466,0.23333333333333334,46,250.0,240.0,23,24,144,144,0
few_step_distilled,2807314158,2.0,1.0,1.0,0.4583375563887176,0.14534004007757706,0.06663689262752241,0.31750357520457423,0.6767201936629718,0.11829281324565556,100.0,13.270801323627238,0.016666666666666666,0,100.0,80.0,30,30,60,60,0
streaming_no_causal,2807314158,2.0,1.0,0.0,0.5255292913272411,0.32139265599836475,0.047096861139030784,0.3395769763597856,0.5950260639951073,0.06203186116285175,56.896551724137936,13.815744461772425,0.041666666666666664,0,250.0,240.0,29,29,34,189,0
streaming_causal,2807314158,2.0,1.0,1.0,0.5454939688992286,0.11580604225876819,0.066322737406761,0.05260058193117119,0.11555026854805076,0.0021627292921340075,56.896551724137936,12.685670884527534,0.041666666666666664,0,250.0,240.0,29,29,34,189,623
future_state_conditioned,2807314158,2.0,1.0,1.0,0.5348055890712246,0.12412390839079969,0.05880394737459923,0.23404341441012833,0.6796473888840097,0.05701727967961978,250.0,13.197656508837404,0.23333333333333334,46,250.0,240.0,23,24,144,144,0
isolated_n_step,1849621953,2.0,1.0,0.0,0.4945784496284521,0.2248580370569628,0.11599855712118243,0.6111116357346392,1.4262718260221132,0.296240143179395,250.0,15.617404708198054,0.23333333333333334,46,250.0,240.0,23,24,144,144,0
few_step_distilled,1849621953,2.0,1.0,1.0,0.4394220118156768,0.1765003168469834,0.11722119045664542,0.36295948276189394,0.7791414524364066,0.11585293180344207,100.0,13.731580452689789,0.016666666666666666,0,100.0,80.0,30,30,60,60,0
streaming_no_causal,1849621953,2.0,1.0,0.0,0.49658465011295283,0.28497304699615583,0.12218288517202826,0.2820878598290961,0.5255194241463271,0.061627611847744374,56.896551724137936,13.525057487046368,0.041666666666666664,0,250.0,240.0,29,29,34,189,0
streaming_causal,1849621953,2.0,1.0,1.0,0.511432509343204,0.14995795024723838,0.13721871509277608,0.053273400524726636,0.1179326248289103,0.002005859733840945,56.896551724137936,12.692321098018041,0.041666666666666664,0,250.0,240.0,29,29,34,189,623
future_state_conditioned,1849621953,2.0,1.0,1.0,0.5018899439880523,0.15137087780636857,0.12546306006871769,0.27183270463661774,0.6355250785502264,0.05548677485229507,250.0,13.278123254196952,0.23333333333333334,46,250.0,240.0,23,24,144,144,0
isolated_n_step,1056231919,2.0,1.0,0.0,0.5194830877743597,0.23571795712419608,0.22136798311136088,0.5453802742654864,1.5231261455256133,0.2295182774485233,250.0,15.366973355571238,0.23333333333333334,46,250.0,240.0,23,24,144,144,0
few_step_distilled,1056231919,2.0,1.0,0.0,0.4714171394026772,0.23956389158231078,0.21609737845621113,0.26211128097031594,0.6243508390523352,0.08542149478466313,100.0,12.815540749925926,0.016666666666666666,0,100.0,80.0,30,30,60,60,0
streaming_no_causal,1056231919,2.0,1.0,0.0,0.5262563311442626,0.20534468807572354,0.18779766741772963,0.35924873598275936,0.6472774305492257,0.04867372669790318,56.896551724137936,14.013031314647973,0.041666666666666664,0,250.0,240.0,29,29,34,189,0
streaming_causal,1056231919,2.0,1.0,0.0,0.5360690833617817,0.2106570646233771,0.227053746561223,0.044154136565047866,0.15384004348363423,0.0019672344406124376,56.896551724137936,12.762664487804273,0.041666666666666664,0,250.0,240.0,29,29,34,189,623
future_state_conditioned,1056231919,2.0,1.0,0.0,0.5298745194505867,0.2185918248466735,0.22860477547082492,0.2724391995080069,0.750327224702448,0.039418559207783956,250.0,13.352826333235056,0.23333333333333334,46,250.0,240.0,23,24,144,144,0
isolated_n_step,3044499750,2.0,1.0,0.0,0.526195321252216,0.20490651830664441,0.09621562318112084,0.7244739519999558,1.639588006799079,0.2491354563115189,250.0,16.535338374726408,0.23333333333333334,46,250.0,240.0,23,24,144,144,0
few_step_distilled,3044499750,2.0,1.0,0.0,0.4578226903396486,0.21879427073923055,0.06574881641622783,0.32274799504922347,0.7636693814517632,0.084271686149701,100.0,13.214774964503425,0.016666666666666666,0,100.0,80.0,30,30,60,60,0
streaming_no_causal,3044499750,2.0,1.0,0.0,0.5094363704655346,0.21570128358068336,0.10949597078558171,0.37829452566445515,0.6899206967257373,0.047831130899061984,56.896551724137936,14.05391038609972,0.041666666666666664,0,250.0,240.0,29,29,34,189,0
streaming_causal,3044499750,2.0,1.0,0.0,0.5014532216296231,0.20283268864015883,0.08842887535807362,0.039182363447288614,0.10942504626987522,0.0016612300931679782,56.896551724137936,12.728696753867025,0.041666666666666664,0,250.0,240.0,29,29,34,189,623
future_state_conditioned,3044499750,2.0,1.0,0.0,0.49883518936647986,0.20639223301088894,0.07340188909314255,0.2611724058908678,0.5125019329513323,0.037521987780703085,250.0,13.253505261321262,0.23333333333333334,46,250.0,240.0,23,24,144,144,0
isolated_n_step,2778024018,2.0,1.0,0.0,0.5384983816571788,0.23082699110044466,0.13427097879145564,0.6602191645148813,1.7999045608244282,0.2963103244040008,250.0,16.397878834799673,0.23333333333333334,46,250.0,240.0,23,24,144,144,0
few_step_distilled,2778024018,2.0,1.0,1.0,0.4745613421443943,0.18666094225200225,0.15093899609230785,0.39314576083287983,0.7493616496637131,0.1029992132501058,100.0,13.317720605288297,0.016666666666666666,0,100.0,80.0,30,30,60,60,0
streaming_no_causal,2778024018,2.0,1.0,0.0,0.5184007830088506,0.32592846079970006,0.1352298708196252,0.3139434760879357,0.8213279263189257,0.05554231608325616,56.896551724137936,13.871896419660887,0.041666666666666664,0,250.0,240.0,29,29,34,189,0
streaming_causal,2778024018,2.0,1.0,1.0,0.5319354095782816,0.17079949035667275,0.16190037506403304,0.0545078132740409,0.14778570671727118,0.002441630595018689,56.896551724137936,12.784964467658828,0.041666666666666664,0,250.0,240.0,29,29,34,189,623
future_state_conditioned,2778024018,2.0,1.0,1.0,0.5294873372165252,0.1825231574183661,0.17170305256993612,0.34200164293278196,0.9426184104536101,0.048142662401311834,250.0,13.870234012196795,0.23333333333333334,46,250.0,240.0,23,24,144,144,0
isolated_n_step,2991941602,2.0,1.0,0.0,0.556403489039068,0.2843319881890047,0.17203446449964316,0.7615092669100676,1.6097136762429478,0.3121762086482334,250.0,16.696898030139707,0.23333333333333334,46,250.0,240.0,23,24,144,144,0
few_step_distilled,2991941602,2.0,1.0,0.0,0.4865845266501956,0.20987730939277627,0.11555821156509162,0.3659391407998384,0.7650734728965015,0.11014061699271052,100.0,13.064473221824139,0.016666666666666666,0,100.0,80.0,30,30,60,60,0
streaming_no_causal,2991941602,2.0,1.0,0.0,0.5375160484314128,0.3407489674999486,0.29601300968429606,0.3652087817052228,0.7937152821488619,0.061370182420713244,56.896551724137936,14.021998020198488,0.041666666666666664,0,250.0,240.0,29,29,34,189,0
streaming_causal,2991941602,2.0,1.0,0.0,0.553919446328121,0.23817531332434577,0.11780296218961046,0.04984613234801471,0.12808311182614576,0.002206993437002822,56.896551724137936,12.73150306144764,0.041666666666666664,0,250.0,240.0,29,29,34,189,623
future_state_conditioned,2991941602,2.0,1.0,0.0,0.5495782382857715,0.23910730257519006,0.11280705695189824,0.3180956169032027,0.6334607281342312,0.05178491122354557,250.0,13.469597518010547,0.23333333333333334,46,250.0,240.0,23,24,144,144,0
isolated_n_step,2318409393,2.0,1.0,1.0,0.5094180042013334,0.14632887903831937,0.03542026425022857,0.5686014330306758,1.794212860836904,0.2629290298109468,250.0,15.986152495967065,0.23333333333333334,46,250.0,240.0,23,24,144,144,0
few_step_distilled,2318409393,2.0,1.0,1.0,0.45815166726457446,0.18104295165944362,0.03768032664123064,0.32475495349842565,0.7014704582705581,0.09390204840399803,100.0,13.680086559377221,0.016666666666666666,0,100.0,80.0,30,30,60,60,0
streaming_no_causal,2318409393,2.0,1.0,1.0,0.49725561799497564,0.19849060976027955,0.18588744141775734,0.33945147022741484,0.6140135974403477,0.052370595072284434,56.896551724137936,13.846244136284819,0.041666666666666664,0,250.0,240.0,29,29,34,189,0
streaming_causal,2318409393,2.0,1.0,0.0,0.510906728485903,0.20148196886846842,0.05488297110743414,0.046772999236745605,0.134262485684111,0.002076768804149476,56.896551724137936,12.808780118438655,0.041666666666666664,0,250.0,240.0,29,29,34,189,623
future_state_conditioned,2318409393,2.0,1.0,1.0,0.5057856010247036,0.18961584544319052,0.03388898913646838,0.30540101762445043,0.7018906981266835,0.04142901520936846,250.0,13.57466354097568,0.23333333333333334,46,250.0,240.0,23,24,144,144,0
isolated_n_step,2032809397,2.0,1.0,1.0,0.5382141784643748,0.12011328768415161,0.19370237710698723,0.7783900028353195,1.7875886810478268,0.2755865410805713,250.0,17.153536373057968,0.23333333333333334,46,250.0,240.0,23,24,144,144,0
few_step_distilled,2032809397,2.0,1.0,1.0,0.45578307513658306,0.1646675731880254,0.137826064320519,0.3448561905514494,0.5857952536301674,0.09425000979413126,100.0,13.241569546650961,0.016666666666666666,0,100.0,80.0,30,30,60,60,0
streaming_no_causal,2032809397,2.0,1.0,0.0,0.4958542648325182,0.23187909827463074,0.26804818196225444,0.3903572184833765,0.8071876509503118,0.05171077075288885,56.896551724137936,14.162474296566524,0.041666666666666664,0,250.0,240.0,29,29,34,189,0
streaming_causal,2032809397,2.0,1.0,0.0,0.49192139949183067,0.20397486169097984,0.1362168107271835,0.05152236049893992,0.12550954478165796,0.002105182942617354,56.896551724137936,12.795711615086638,0.041666666666666664,0,250.0,240.0,29,29,34,189,623
future_state_conditioned,2032809397,2.0,1.0,0.0,0.4931222816051435,0.20830107663244796,0.14998444897061938,0.32157897432778854,0.5207408172572845,0.03991717048489103,250.0,13.636524303166578,0.23333333333333334,46,250.0,240.0,23,24,144,144,0
isolated_n_step,1549823720,2.0,1.0,0.0,0.5514630157029063,0.2055583252214146,0.2239436741306292,0.6073147810348742,1.5242335933282802,0.2436685888865815,250.0,15.700754630569852,0.23333333333333334,46,250.0,240.0,23,24,144,144,0
few_step_distilled,1549823720,2.0,1.0,1.0,0.4803978626145106,0.17156747582700355,0.18986819326440207,0.3463008999516292,0.8621923851104867,0.08787233709471316,100.0,13.62723207627097,0.016666666666666666,0,100.0,80.0,30,30,60,60,0
streaming_no_causal,1549823720,2.0,1.0,0.0,0.5520602219929869,0.2086434039029902,0.13886028099880282,0.32174240639317875,0.7953772391660194,0.05004373736831312,56.896551724137936,13.817807429113836,0.041666666666666664,0,250.0,240.0,29,29,34,189,0
streaming_causal,1549823720,2.0,1.0,1.0,0.5589929289913874,0.17284290196931754,0.17501890813863086,0.041826444759097615,0.09408852507319602,0.00209574820016603,56.896551724137936,12.675063125531379,0.041666666666666664,0,250.0,240.0,29,29,34,189,623
future_state_conditioned,1549823720,2.0,1.0,1.0,0.5520240942593583,0.17382499591948924,0.16233765969796948,0.29196996809811915,0.7020674344319311,0.044328221291612464,250.0,13.459400373215244,0.23333333333333334,46,250.0,240.0,23,24,144,144,0
isolated_n_step,1050234572,2.0,1.0,1.0,0.514710985195858,0.18637172466884103,0.19953890386855472,0.6570690605325015,1.9385494936510463,0.28888648547293494,250.0,16.570793257391482,0.23333333333333334,46,250.0,240.0,23,24,144,144,0
few_step_distilled,1050234572,2.0,1.0,1.0,0.4487212759695375,0.16263545181785,0.1273962217424884,0.4167402581817198,0.8799568749761839,0.10089844372773424,100.0,13.822073246861992,0.016666666666666666,0,100.0,80.0,30,30,60,60,0
streaming_no_causal,1050234572,2.0,1.0,0.0,0.4889676613984325,0.24741383574609974,0.3009508628891143,0.3537904521082521,0.6769691679520509,0.05444776652766458,56.896551724137936,13.925809857417018,0.041666666666666664,0,250.0,240.0,29,29,34,189,0
streaming_causal,1050234572,2.0,1.0,1.0,0.49179181968899643,0.19167635675063144,0.10107750717150059,0.05441013557776424,0.13522165483246154,0.0019252631432423487,56.896551724137936,12.856221355834956,0.041666666666666664,0,250.0,240.0,29,29,34,189,623
future_state_conditioned,1050234572,2.0,1.0,1.0,0.4907535024113175,0.1840115305156012,0.11911816566492126,0.31280946540286714,0.7795467552856566,0.04459791173142537,250.0,13.552195001023732,0.23333333333333334,46,250.0,240.0,23,24,144,144,0
isolated_n_step,1857789831,2.0,1.0,1.0,0.5268250085307272,0.1292702378600898,0.11163006102243611,0.6239871036526617,1.75156412004034,0.2645533495211578,250.0,16.246203616843793,0.23333333333333334,46,250.0,240.0,23,24,144,144,0
few_step_distilled,1857789831,2.0,1.0,1.0,0.46497057241586487,0.17551028963053597,0.13173398187151447,0.31314795201318446,0.5690224422969558,0.09474576411750481,100.0,13.801378392518247,0.016666666666666666,0,100.0,80.0,30,30,60,60,0
streaming_no_causal,1857789831,2.0,1.0,0.0,0.5097872994030874,0.22480702382646361,0.13814056102490038,0.3472805477310376,0.7351446326293568,0.0503997492217133,56.896551724137936,14.016607186720943,0.041666666666666664,0,250.0,240.0,29,29,34,189,0
streaming_causal,1857789831,2.0,1.0,1.0,0.5067459949663468,0.1532581716710739,0.11860208895827168,0.04204717868662157,0.11796845959074999,0.0020524988406698088,56.896551724137936,12.79618278656503,0.041666666666666664,0,250.0,240.0,29,29,34,189,623
future_state_conditioned,1857789831,2.0,1.0,1.0,0.5040560998221553,0.15803345852481868,0.11779570779883174,0.2507801856115793,0.46069950728454706,0.04134453181278147,250.0,13.236673207143037,0.23333333333333334,46,250.0,240.0,23,24,144,144,0
isolated_n_step,1171260827,2.0,1.0,0.0,0.5146191163641753,0.30814640289544776,0.08123882647769615,0.5923035070857255,1.2465172958787636,0.30243623114436796,250.0,15.25986531827051,0.23333333333333334,46,250.0,240.0,23,24,144,144,0
few_step_distilled,1171260827,2.0,1.0,0.0,0.4610947931998626,0.2594519133180011,0.0891899027406385,0.3619429784637561,0.6454955679983718,0.11454970212242978,100.0,13.623660804368027,0.016666666666666666,0,100.0,80.0,30,30,60,60,0
streaming_no_causal,1171260827,2.0,1.0,0.0,0.5205458470456936,0.26393608797811313,0.2503619841914123,0.3325509482188265,0.525193289200834,0.06237789582022207,56.896551724137936,13.710774750165317,0.041666666666666664,0,250.0,240.0,29,29,34,189,0
streaming_causal,1171260827,2.0,1.0,0.0,0.5470777009602434,0.25373087667709116,0.09664302015259581,0.05248662881885665,0.0980518776512905,0.0020541728235954765,56.896551724137936,12.669455219736758,0.041666666666666664,0,250.0,240.0,29,29,34,189,623
future_state_conditioned,1171260827,2.0,1.0,0.0,0.5374035138639751,0.2585688743941232,0.08424399665855664,0.2982802262697815,0.8261991314329701,0.05372631014542788,250.0,13.466321254667392,0.23333333333333334,46,250.0,240.0,23,24,144,144,0
isolated_n_step,224592127,2.0,1.0,1.0,0.5207665581344201,0.1715024529148591,0.21787141184788472,0.45967122445347,1.0878502375392907,0.24020551839073256,250.0,14.419999951972493,0.23333333333333334,46,250.0,240.0,23,24,144,144,0
few_step_distilled,224592127,2.0,1.0,1.0,0.4701833575467222,0.11675251962491136,0.1572491695964247,0.3194255664612788,0.6664426173598507,0.09365709364442204,100.0,12.700171434897372,0.016666666666666666,0,100.0,80.0,30,30,60,60,0
streaming_no_causal,224592127,2.0,1.0,1.0,0.549854624640178,0.09183385241354411,0.19101165785491117,0.3169367391195679,0.5145331568851681,0.050244875014114926,56.896551724137936,13.58015661509915,0.041666666666666664,0,250.0,240.0,29,29,34,189,0
streaming_causal,224592127,2.0,1.0,1.0,0.5661182976696385,0.1263427829557494,0.14082970924407062,0.04655021569258679,0.10867769392786676,0.0017672281782453376,56.896551724137936,12.612986220212726,0.041666666666666664,0,250.0,240.0,29,29,34,189,623
future_state_conditioned,224592127,2.0,1.0,1.0,0.5513388740447003,0.12519029167529486,0.14785098920966522,0.2680284225446571,0.7478745037359439,0.04437301752086475,250.0,13.313014491897285,0.23333333333333334,46,250.0,240.0,23,24,144,144,0
isolated_n_step,206764510,2.0,1.0,0.0,0.531972344303973,0.24985798552755956,0.25364849335422546,0.799613303376722,1.5228120528385352,0.2669209397201453,250.0,16.884073852373884,0.23333333333333334,46,250.0,240.0,23,24,144,144,0
few_step_distilled,206764510,2.0,1.0,1.0,0.4554378197082775,0.19323414887608667,0.19915809760740735,0.3625027869220403,0.8095104192175843,0.10278083390155626,100.0,13.096201291746246,0.016666666666666666,0,100.0,80.0,30,30,60,60,0
streaming_no_causal,206764510,2.0,1.0,1.0,0.504135280841845,0.18220459038211514,0.13508455343952064,0.3295239309743526,0.5449611670409672,0.053908478863719134,56.896551724137936,13.772187212844353,0.041666666666666664,0,250.0,240.0,29,29,34,189,0
streaming_causal,206764510,2.0,1.0,1.0,0.5227920490014943,0.1850801733403924,0.24514562706550685,0.04894779655020426,0.14633835145302715,0.0020485817803072726,56.896551724137936,12.71105921333579,0.041666666666666664,0,250.0,240.0,29,29,34,189,623
future_state_conditioned,206764510,2.0,1.0,1.0,0.5130225194792017,0.18731721430373033,0.24158599274933126,0.2872342373944003,0.7536062084214744,0.04706069373639666,250.0,13.482245358257224,0.23333333333333334,46,250.0,240.0,23,24,144,144,0
isolated_n_step,2519473054,2.0,1.0,0.0,0.5247903731892593,0.2718093020753217,0.15525013180010536,0.7299659946103847,2.0867819928823543,0.2510401794618826,250.0,17.14551867501128,0.23333333333333334,46,250.0,240.0,23,24,144,144,0
few_step_distilled,2519473054,2.0,1.0,0.0,0.4461357247062339,0.25396329045137206,0.09697353989218474,0.3807295102517894,0.9213746927139723,0.08850952568699193,100.0,14.189339643445187,0.016666666666666666,0,100.0,80.0,30,30,60,60,0
streaming_no_causal,2519473054,2.0,1.0,0.0,0.4739939105407942,0.21606481901319396,0.213001002766974,0.36154323585804055,0.7388220848233137,0.04877285629006401,56.896551724137936,14.022737999267948,0.041666666666666664,0,250.0,240.0,29,29,34,189,0
streaming_causal,2519473054,2.0,1.0,0.0,0.48712234116111636,0.2674114335154943,0.15251203698492832,0.056231024348200244,0.1568238265123879,0.002004710511774875,56.896551724137936,12.883013686396062,0.041666666666666664,0,250.0,240.0,29,29,34,189,623
future_state_conditioned,2519473054,2.0,1.0,0.0,0.4858527951028078,0.26844113254387575,0.1408837055276158,0.3437593055648697,0.8648602253208296,0.035469655912610476,250.0,13.766744325478765,0.23333333333333334,46,250.0,240.0,23,24,144,144,0
isolated_n_step,1813935488,2.0,1.0,0.0,0.5163264194119342,0.2447040851880883,0.08103801881674906,0.6717527342827622,1.955889236622081,0.25225155630398993,250.0,16.683080340593293,0.23333333333333334,46,250.0,240.0,23,24,144,144,0
few_step_distilled,1813935488,2.0,1.0,0.0,0.4506222003922097,0.2525126695211237,0.08351613996342419,0.37848108009238624,0.9040970854690331,0.08907745228669096,100.0,13.47013631290329,0.016666666666666666,0,100.0,80.0,30,30,60,60,0
streaming_no_causal,1813935488,2.0,1.0,0.0,0.47307294585692755,0.2016034437155335,0.2219158343843815,0.31770060491886404,0.7639298892815446,0.049426741818584086,56.896551724137936,13.838537515854577,0.041666666666666664,0,250.0,240.0,29,29,34,189,0
streaming_causal,1813935488,2.0,1.0,0.0,0.4885920178945592,0.24337208352802372,0.1226447378200531,0.04941401585806098,0.15368167475848082,0.0018671465660670412,56.896551724137936,12.861036461189764,0.041666666666666664,0,250.0,240.0,29,29,34,189,623
future_state_conditioned,1813935488,2.0,1.0,0.0,0.4855779660892436,0.23952788308134426,0.1059871825191196,0.2960990780058317,0.7798216522802749,0.03651244587180876,250.0,13.526291181040072,0.23333333333333334,46,250.0,240.0,23,24,144,144,0
isolated_n_step,96901210,2.0,1.0,0.0,0.5118056461123688,0.21119314717640547,0.07800679010812205,0.5900279078610046,1.4814725495647483,0.30001101533783614,250.0,15.523936421522812,0.23333333333333334,46,250.0,240.0,23,24,144,144,0
few_step_distilled,96901210,2.0,1.0,1.0,0.4534352614625414,0.17637920316797873,0.12672449330696717,0.33437904035511795,0.7405493595605521,0.11270936071480109,100.0,12.982937846017933,0.016666666666666666,0,100.0,80.0,30,30,60,60,0
streaming_no_causal,96901210,2.0,1.0,0.0,0.502007464323334,0.30993108797669855,0.06962153190931361,0.3030330408997099,0.5056207915145006,0.05955970294491995,56.896551724137936,13.67914647363981,0.041666666666666664,0,250.0,240.0,29,29,34,189,0
streaming_causal,96901210,2.0,1.0,1.0,0.5219915077113256,0.14503416598608293,0.13265766939507062,0.04802697493379891,0.085882599856009,0.0020447961540292813,56.896551724137936,12.746171654666572,0.041666666666666664,0,250.0,240.0,29,29,34,189,623
future_state_conditioned,96901210,2.0,1.0,1.0,0.5137143745467851,0.1491476748960536,0.13725668304364586,0.21625393869495452,0.5082519488415914,0.052123551533839095,250.0,13.12422893452004,0.23333333333333334,46,250.0,240.0,23,24,144,144,0
isolated_n_step,1161501258,2.0,1.0,0.0,0.49918918252715416,0.22527082478411445,0.09371630943489831,0.46007204227668164,1.2664759388414557,0.27654271934664515,250.0,14.632240328743505,0.23333333333333334,46,250.0,240.0,23,24,144,144,0
few_step_distilled,1161501258,2.0,1.0,0.0,0.46202575224696735,0.21658115341256867,0.15848241726948892,0.3672854432158733,0.8327532704196857,0.10719264915515216,100.0,13.45769672265599,0.016666666666666666,0,100.0,80.0,30,30,60,60,0
streaming_no_causal,1161501258,2.0,1.0,0.0,0.5166738865542899,0.2100202854099038,0.10261926243916863,0.25794108155106504,0.44523549526958867,0.057534751670866476,56.896551724137936,13.407952813515076,0.041666666666666664,0,250.0,240.0,29,29,34,189,0
streaming_causal,1161501258,2.0,1.0,0.0,0.5445129958546565,0.2224992105243572,0.1445428877025967,0.04655576690711593,0.10867770678353716,0.001837791613262824,56.896551724137936,12.659121815436807,0.041666666666666664,0,250.0,240.0,29,29,34,189,623
future_state_conditioned,1161501258,2.0,1.0,0.0,0.534121797039272,0.22257096755252442,0.13469029800331878,0.23631685152494136,0.4433414998386741,0.05146296824676173,250.0,13.103048570548676,0.23333333333333334,46,250.0,240.0,23,24,144,144,0
isolated_n_step,3694167873,2.0,1.0,1.0,0.5272466879069134,0.09681046031189805,0.0967797132178585,0.6535813811545975,1.701088484588613,0.29346802579603726,250.0,16.493359729364983,0.23333333333333334,46,250.0,240.0,23,24,144,144,0
few_step_distilled,3694167873,2.0,1.0,1.0,0.4561271366904879,0.1744915094554785,0.06461630865963383,0.3447831997733605,0.7433298197863977,0.10449365046781027,100.0,13.385228351678784,0.016666666666666666,0,100.0,80.0,30,30,60,60,0
streaming_no_causal,3694167873,2.0,1.0,1.0,0.4940123758588142,0.19928932034230878,0.27661551895851844,0.29036378645853816,0.7124903051750978,0.05679278840605348,56.896551724137936,13.775037678856465,0.041666666666666664,0,250.0,240.0,29,29,34,189,0
streaming_causal,3694167873,2.0,1.0,1.0,0.5041191727490506,0.19002523656440903,0.038173872729494775,0.04604348762979986,0.10513508795951297,0.0022526562357353366,56.896551724137936,12.779665948328267,0.041666666666666664,0,250.0,240.0,29,29,34,189,623
future_state_conditioned,3694167873,2.0,1.0,1.0,0.503481631517365,0.19196117030996387,0.03360549416268452,0.2755559609188514,0.5589926072982107,0.0469441213236697,250.0,13.33668448157186,0.23333333333333334,46,250.0,240.0,23,24,144,144,0
isolated_n_step,649378640,2.0,1.0,0.0,0.5018951453658936,0.21417215556090718,0.31330083231518846,0.7809743377529532,1.9758200474734053,0.23263963937212767,250.0,17.41684488830117,0.23333333333333334,46,250.0,240.0,23,24,144,144,0
few_step_distilled,649378640,2.0,1.0,1.0,0.4279141672899756,0.1936268467787232,0.2180137627455341,0.3523793196760487,0.6905698694585193,0.07569732443739374,100.0,12.638089779235267,0.016666666666666666,0,100.0,80.0,30,30,60,60,0
streaming_no_causal,649378640,2.0,1.0,0.0,0.45726661511397093,0.22992271388418323,0.3021729259216528,0.3184550356104768,0.6270678111441607,0.04192267155208735,56.896551724137936,13.796001162705698,0.041666666666666664,0,250.0,240.0,29,29,34,189,0
streaming_causal,649378640,2.0,1.0,0.0,0.45419292987698057,0.20753181986714808,0.21908831278412547,0.05035737744983675,0.13045826784111483,0.0016382530290222812,56.896551724137936,12.844114497983604,0.041666666666666664,0,250.0,240.0,29,29,34,189,623
future_state_conditioned,649378640,2.0,1.0,0.0,0.4533251115202645,0.2084241584498275,0.22944609154473453,0.29323094007314776,0.6901163342206225,0.031393182162255645,250.0,13.561589651318302,0.23333333333333334,46,250.0,240.0,23,24,144,144,0
isolated_n_step,147161278,2.0,1.0,1.0,0.567769699297477,0.16670050595350994,0.24532101535508002,0.7157110316183859,1.9132263665695708,0.2928686537067529,250.0,16.94832707648507,0.23333333333333334,46,250.0,240.0,23,24,144,144,0
few_step_distilled,147161278,2.0,1.0,1.0,0.468893929804096,0.1629164073604198,0.15622989545379568,0.36774082661169244,0.8475552230267518,0.10269014555243197,100.0,14.251326830520487,0.016666666666666666,0,100.0,80.0,30,30,60,60,0
streaming_no_causal,147161278,2.0,1.0,0.0,0.5124139059704045,0.22101345291421823,0.3040432350555037,0.3513870340696924,0.897472527191484,0.054513547164527866,56.896551724137936,14.08545308392714,0.041666666666666664,0,250.0,240.0,29,29,34,189,0
streaming_causal,147161278,2.0,1.0,0.0,0.5108532217648192,0.2081150870227516,0.17504111814440998,0.05147488940909644,0.11056850517301818,0.00209978448216394,56.896551724137936,12.805748884000344,0.041666666666666664,0,250.0,240.0,29,29,34,189,623
future_state_conditioned,147161278,2.0,1.0,0.0,0.5095142550887942,0.20940740164469238,0.18319834032296015,0.28520455454859445,0.5729044857590072,0.04552702566467169,250.0,13.425831886454274,0.23333333333333334,46,250.0,240.0,23,24,144,144,0
isolated_n_step,4246924369,2.0,1.0,1.0,0.5109299425890464,0.12505416745506356,0.12443552752276334,0.5249277833886955,1.4389412591498718,0.25958678849162997,250.0,15.27962260023426,0.23333333333333334,46,250.0,240.0,23,24,144,144,0
few_step_distilled,4246924369,2.0,1.0,1.0,0.46024218008635875,0.11248660078705254,0.11150172704139107,0.32935420326267645,0.6533377046593081,0.09586751503570541,100.0,13.056841635568867,0.016666666666666666,0,100.0,80.0,30,30,60,60,0
streaming_no_causal,4246924369,2.0,1.0,0.0,0.5260749667736009,0.21425959137372677,0.12204610766115757,0.30510253242583735,0.585419660778323,0.05143838789624118,56.896551724137936,13.58508951676589,0.041666666666666664,0,250.0,240.0,29,29,34,189,0
streaming_causal,4246924369,2.0,1.0,1.0,0.5385612684243911,0.10238007242796739,0.14196020746999924,0.054457738159446704,0.12271543827238941,0.0019532055557338023,56.896551724137936,12.674652221616155,0.041666666666666664,0,250.0,240.0,29,29,34,189,623
future_state_conditioned,4246924369,2.0,1.0,1.0,0.531908556640613,0.10316346404018271,0.14126360784775643,0.2820720687223165,0.7148991399920549,0.047177865227926705,250.0,13.456573624189547,0.23333333333333334,46,250.0,240.0,23,24,144,144,0
isolated_n_step,520612999,2.0,1.0,0.0,0.5256380316093151,0.2724378396441318,0.2622390738723819,0.7298541625748224,1.5312323183269139,0.32037188733198774,250.0,16.549897502155325,0.23333333333333334,46,250.0,240.0,23,24,144,144,0
few_step_distilled,520612999,2.0,1.0,0.0,0.4586052482108229,0.2242389624761917,0.20302085245666807,0.379273420244006,0.6213505544102449,0.11923466826066621,100.0,13.39066832614887,0.016666666666666666,0,100.0,80.0,30,30,60,60,0
streaming_no_causal,520612999,2.0,1.0,0.0,0.5024048189844463,0.31461614853266734,0.37034719564679314,0.29967301390374573,0.5955414492905832,0.06391598510510324,56.896551724137936,13.588147723339263,0.041666666666666664,0,250.0,240.0,29,29,34,189,0
streaming_causal,520612999,2.0,1.0,0.0,0.5329990403547941,0.2533074513619771,0.16764171005297795,0.05792991825356287,0.12234470543209662,0.002309380254287931,56.896551724137936,12.736536476025535,0.041666666666666664,0,250.0,240.0,29,29,34,189,623
future_state_conditioned,520612999,2.0,1.0,0.0,0.528432834929518,0.2548090004455658,0.18154625099407973,0.3192980951335398,0.921213542823514,0.05678365956291582,250.0,13.686730207683146,0.23333333333333334,46,250.0,240.0,23,24,144,144,0
isolated_n_step,3191594680,2.0,1.0,0.0,0.5257207629691528,0.3068459947775092,0.2327420075964003,0.6582795924558079,1.5210521438780897,0.3220289121895587,250.0,15.912892007421181,0.23333333333333334,46,250.0,240.0,23,24,144,144,0
few_step_distilled,3191594680,2.0,1.0,0.0,0.4595527545173877,0.23149178095601217,0.2240009377534971,0.3199675026276927,0.6798357258169866,0.1186286335840831,100.0,13.085817379201092,0.016666666666666666,0,100.0,80.0,30,30,60,60,0
streaming_no_causal,3191594680,2.0,1.0,0.0,0.5144187459906486,0.328877579898074,0.1546990059392063,0.32605810125829154,0.6138242387184658,0.06260406006632147,56.896551724137936,13.79927755639653,0.041666666666666664,0,250.0,240.0,29,29,34,189,0
streaming_causal,3191594680,2.0,1.0,1.0,0.5288299182797145,0.19142510530968881,0.2232306300323269,0.049378681676097026,0.11028407099233653,0.002244850412820223,56.896551724137936,12.742215077131991,0.041666666666666664,0,250.0,240.0,29,29,34,189,623
future_state_conditioned,3191594680,2.0,1.0,0.0,0.5233041057949491,0.2082337302376545,0.22643985672654288,0.27019849504122767,0.6074994946125953,0.05688974174447075,250.0,13.31526383707366,0.23333333333333334,46,250.0,240.0,23,24,144,144,0
isolated_n_step,1844950797,2.0,1.0,0.0,0.5320819752455503,0.2171074015210086,0.14781287395585832,0.7337114531303294,1.859365509886407,0.27511133910034696,250.0,17.04373803525505,0.23333333333333334,46,250.0,240.0,23,24,144,144,0
few_step_distilled,1844950797,2.0,1.0,0.0,0.4529402404733343,0.24367503151200676,0.08627666233469729,0.3339523347902211,0.7287825744059604,0.09641943644984025,100.0,13.486212864704555,0.016666666666666666,0,100.0,80.0,30,30,60,60,0
streaming_no_causal,1844950797,2.0,1.0,0.0,0.48253537645249883,0.19195846884534673,0.3296726744404719,0.35093117851756767,0.811754059534271,0.05243334390828964,56.896551724137936,13.987217420968035,0.041666666666666664,0,250.0,240.0,29,29,34,189,0
streaming_causal,1844950797,2.0,1.0,0.0,0.4934823760592925,0.2813709037719852,0.09497062352549097,0.052321810192916665,0.12003696163287995,0.002037405066514274,56.896551724137936,12.834916228341571,0.041666666666666664,0,250.0,240.0,29,29,34,189,623
future_state_conditioned,1844950797,2.0,1.0,0.0,0.4924903207131536,0.2806788789337449,0.10449094025293888,0.31542525532646787,0.60284139338224,0.04067035573075886,250.0,13.474693480448828,0.23333333333333334,46,250.0,240.0,23,24,144,144,0
isolated_n_step,3953382934,2.0,1.0,1.0,0.542044541235658,0.13860393088855538,0.12996529823738737,0.5931899511303933,1.6274156030163838,0.24572445409223737,250.0,16.106879267729582,0.23333333333333334,46,250.0,240.0,23,24,144,144,0
few_step_distilled,3953382934,2.0,1.0,1.0,0.47506521323316236,0.15257295475234728,0.13826356280496988,0.35075028461507896,0.6867488222537703,0.09056917949140897,100.0,12.950662014496732,0.016666666666666666,0,100.0,80.0,30,30,60,60,0
streaming_no_causal,3953382934,2.0,1.0,1.0,0.5332859484075203,0.17901626514844077,0.03720523352052023,0.340393468951552,0.9114376633864514,0.04975004381590457,56.896551724137936,14.051662042534575,0.041666666666666664,0,250.0,240.0,29,29,34,189,0
streaming_causal,3953382934,2.0,1.0,1.0,0.5307805555027182,0.1524723620759695,0.1019062302597803,0.04656767912886149,0.09950542557918535,0.0019357723449271434,56.896551724137936,12.743426686828872,0.041666666666666664,0,250.0,240.0,29,29,34,189,623
future_state_conditioned,3953382934,2.0,1.0,1.0,0.5265423212423908,0.1512759435937072,0.08389691414275322,0.2795062861597619,0.6842855736843774,0.04417293228455565,250.0,13.490744666651763,0.23333333333333334,46,250.0,240.0,23,24,144,144,0
isolated_n_step,329643578,2.0,1.0,0.0,0.5522979656189949,0.2297850558199719,0.28487189118120526,0.6928457417322057,1.5980035201188465,0.3278383335028851,250.0,16.321871946340597,0.23333333333333334,46,250.0,240.0,23,24,144,144,0
few_step_distilled,329643578,2.0,1.0,1.0,0.4904324254300745,0.1745521089579876,0.24227031767558427,0.36199095978218937,0.7257819107817919,0.11674471361725278,100.0,13.60564089032446,0.016666666666666666,0,100.0,80.0,30,30,60,60,0
streaming_no_causal,329643578,2.0,1.0,0.0,0.5404753994235636,0.29808636791868115,0.24597497669503932,0.4032924783754374,0.7751819912291118,0.06315413490540765,56.896551724137936,14.266904932512777,0.041666666666666664,0,250.0,240.0,29,29,34,189,0
streaming_causal,329643578,2.0,1.0,1.0,0.5473188325547809,0.15673744670415035,0.18992749166991119,0.05074732523479459,0.1390640683449489,0.002365703132029089,56.896551724137936,12.777212213271845,0.041666666666666664,0,250.0,240.0,29,29,34,189,623
future_state_conditioned,329643578,2.0,1.0,1.0,0.5447152334783896,0.160812016579954,0.19899864773010953,0.2989421436394069,0.6045427328708238,0.053793895203358456,250.0,13.453575333132346,0.23333333333333334,46,250.0,240.0,23,24,144,144,0
isolated_n_step,1966369744,2.0,1.0,1.0,0.5091058933517901,0.17635802341212828,0.16422602207845738,0.7515735143490171,1.825598925187402,0.24845725368215976,250.0,17.08484273929428,0.23333333333333334,46,250.0,240.0,23,24,144,144,0
few_step_distilled,1966369744,2.0,1.0,0.0,0.4320809876329112,0.20853025527523011,0.15991419640009463,0.3533321010956544,0.7321274217532452,0.08056014886744564,100.0,13.677044621558624,0.016666666666666666,0,100.0,80.0,30,30,60,60,0
streaming_no_causal,1966369744,2.0,1.0,0.0,0.4653305260222073,0.18236419321767458,0.30816538063763677,0.2904354568525541,0.6474869825636901,0.04482684093378784,56.896551724137936,13.667541630444518,0.041666666666666664,0,250.0,240.0,29,29,34,189,0
streaming_causal,1966369744,2.0,1.0,0.0,0.477226800560423,0.2379151087547763,0.17481773757116986,0.04752384061899613,0.12702247000389472,0.002013878538771348,56.896551724137936,12.81324497503416,0.041666666666666664,0,250.0,240.0,29,29,34,189,623
future_state_conditioned,1966369744,2.0,1.0,0.0,0.4736322804196636,0.22972167609332156,0.1744509313485764,0.3189672646320756,0.7139569237785096,0.036061723618809785,250.0,13.557752427605442,0.23333333333333334,46,250.0,240.0,23,24,144,144,0
isolated_n_step,985641362,2.0,1.0,1.0,0.49431474507513606,0.14495092976586418,0.12196762642167426,0.5939864683357577,1.3663288678877847,0.2727688493053652,250.0,15.439703242485853,0.23333333333333334,46,250.0,240.0,23,24,144,144,0
few_step_distilled,985641362,2.0,1.0,1.0,0.4461546654878097,0.11998443046756176,0.13038365344893266,0.36685031887942726,0.7996571372708468,0.10590548547595037,100.0,13.088229502509412,0.016666666666666666,0,100.0,80.0,30,30,60,60,0
streaming_no_causal,985641362,2.0,1.0,1.0,0.5012252775924055,0.198124829623045,0.11274999339958718,0.2320764020295447,0.4458851348918424,0.055445199506534475,56.896551724137936,13.279146305364787,0.041666666666666664,0,250.0,240.0,29,29,34,189,0
streaming_causal,985641362,2.0,1.0,1.0,0.5238013458801352,0.088291016603965,0.09416721751801253,0.04549146495778733,0.09908741890442165,0.00195830670632162,56.896551724137936,12.662153573939467,0.041666666666666664,0,250.0,240.0,29,29,34,189,623
future_state_conditioned,985641362,2.0,1.0,1.0,0.5162455963751847,0.09666828946164648,0.09710189592837365,0.23184239890333178,0.6543629346554066,0.05116674789436293,250.0,13.196933313945381,0.23333333333333334,46,250.0,240.0,23,24,144,144,0
isolated_n_step,1362848950,2.0,1.0,1.0,0.5082044368814306,0.13886552511461833,0.1648895498577219,0.6901433884254683,1.289077429659133,0.29130343959680316,250.0,15.89811164322231,0.23333333333333334,46,250.0,240.0,23,24,144,144,0
few_step_distilled,1362848950,2.0,1.0,1.0,0.45106394323228,0.08878636362471135,0.1114874437355571,0.37448748964781486,0.728438582614001,0.11468142462942188,100.0,13.449273549243191,0.016666666666666666,0,100.0,80.0,30,30,60,60,0
streaming_no_causal,1362848950,2.0,1.0,0.0,0.5166134786612655,0.2618689580565769,0.08379332282610691,0.2949605233032172,0.4591766003273427,0.06000119612929961,56.896551724137936,13.432519997058654,0.041666666666666664,0,250.0,240.0,29,29,34,189,0
streaming_causal,1362848950,2.0,1.0,1.0,0.5290010990277205,0.08344578304490484,0.11167847347525721,0.052692726348729624,0.11261449895636186,0.002016372286869803,56.896551724137936,12.621634686694414,0.041666666666666664,0,250.0,240.0,29,29,34,189,623
future_state_conditioned,1362848950,2.0,1.0,1.0,0.5193277777921748,0.08380992023156374,0.1107483350759839,0.28204877891827773,0.9033736184979941,0.055288370056198057,250.0,13.510928736583272,0.23333333333333334,46,250.0,240.0,23,24,144,144,0
isolated_n_step,1637293720,2.0,1.0,1.0,0.5323811607446498,0.15441364902122615,0.11560470080645502,0.5634535697304115,1.6169156005227183,0.25747214240216776,250.0,15.816498192704104,0.23333333333333334,46,250.0,240.0,23,24,144,144,0
few_step_distilled,1637293720,2.0,1.0,1.0,0.4684300887949797,0.18565802762027422,0.10985440951145188,0.3672100961417004,0.6406317164153567,0.09104777691523945,100.0,12.8300935506712,0.016666666666666666,0,100.0,80.0,30,30,60,60,0
streaming_no_causal,1637293720,2.0,1.0,1.0,0.5244146451659392,0.192825912435842,0.13646190929685997,0.325913750426385,0.742494843794291,0.052348782604924995,56.896551724137936,13.905463434364634,0.041666666666666664,0,250.0,240.0,29,29,34,189,0
streaming_causal,1637293720,2.0,1.0,0.0,0.5303847739037048,0.2100863195803055,0.11677400839633725,0.0428660793263158,0.10565180431964473,0.0021823523577533307,56.896551724137936,12.719702071085953,0.041666666666666664,0,250.0,240.0,29,29,34,189,623
future_state_conditioned,1637293720,2.0,1.0,0.0,0.5285728699359862,0.21707621697555113,0.11885405303668041,0.2842149170470887,0.7357508331806367,0.042620510081094895,250.0,13.420537316462811,0.23333333333333334,46,250.0,240.0,23,24,144,144,0
isolated_n_step,288543449,2.0,1.0,0.0,0.532635531454688,0.2850117212807766,0.20158489992318457,0.7297726120565634,1.7585669299370414,0.2961675176962565,250.0,16.808093311249998,0.23333333333333334,46,250.0,240.0,23,24,144,144,0
few_step_distilled,288543449,2.0,1.0,0.0,0.4725763863028191,0.23637867581779382,0.08291283665811158,0.37964901279682706,0.8360772158907035,0.10429419738068686,100.0,14.15627550784826,0.016666666666666666,0,100.0,80.0,30,30,60,60,0
streaming_no_causal,288543449,2.0,1.0,0.0,0.5175014321070394,0.3017307012103756,0.3687084496813592,0.39894396715507424,0.7700424487317405,0.0584038506696106,56.896551724137936,14.222865592139204,0.041666666666666664,0,250.0,240.0,29,29,34,189,0
streaming_causal,288543449,2.0,1.0,0.0,0.529323008911994,0.258705093623929,0.08625581541246587,0.055741064991100424,0.1624354326000341,0.0020342949040100125,56.896551724137936,12.777660277796205,0.041666666666666664,0,250.0,240.0,29,29,34,189,623
future_state_conditioned,288543449,2.0,1.0,0.0,0.5246359330873357,0.24742032269568906,0.08476025383446643,0.3056816989733192,0.9786343994642124,0.046480649356933676,250.0,13.687537734595564,0.23333333333333334,46,250.0,240.0,23,24,144,144,0
isolated_n_step,1005189805,2.0,1.0,0.0,0.49764166630865714,0.267139379362653,0.23300379049567455,0.7415947339501286,2.029404038514469,0.2013026227768142,250.0,17.236855935248798,0.23333333333333334,46,250.0,240.0,23,24,144,144,0
few_step_distilled,1005189805,2.0,1.0,0.0,0.4248609832998824,0.25330237258408805,0.17567790715117426,0.41937727214905657,0.9307691633344927,0.06931670799615164,100.0,14.472451065771011,0.016666666666666666,0,100.0,80.0,30,30,60,60,0
streaming_no_causal,1005189805,2.0,1.0,0.0,0.4518686194385302,0.2073450464468383,0.29129749513412856,0.30727059500504617,0.6281847605574842,0.037962742087003745,56.896551724137936,13.75303239899951,0.041666666666666664,0,250.0,240.0,29,29,34,189,0
streaming_causal,1005189805,2.0,1.0,0.0,0.45480929937684794,0.23941015272725175,0.17036271868370814,0.047688147918008746,0.10451321938941148,0.001817974156527279,56.896551724137936,12.903591206034262,0.041666666666666664,0,250.0,240.0,29,29,34,189,623
future_state_conditioned,1005189805,2.0,1.0,0.0,0.455770617397052,0.2511241931731129,0.16771822805456388,0.30529014132419063,0.7116567522438175,0.026358193140148336,250.0,13.642627417782075,0.23333333333333334,46,250.0,240.0,23,24,144,144,0
isolated_n_step,1510070026,2.0,1.0,0.0,0.550530214098406,0.20953488936875528,0.2746489391496149,0.647504691488687,1.4047931394814481,0.29195718419271677,250.0,15.603093390003066,0.23333333333333334,46,250.0,240.0,23,24,144,144,0
few_step_distilled,1510070026,2.0,1.0,1.0,0.4807119109438668,0.1322458829396797,0.20722702811816235,0.3198962243106633,0.5847526627148314,0.10804870195342797,100.0,12.659555582811702,0.016666666666666666,0,100.0,80.0,30,30,60,60,0
streaming_no_causal,1510070026,2.0,1.0,0.0,0.5640997249790262,0.2969206445692826,0.1943834766389682,0.35518008109875293,0.6940329859931874,0.05832385837368641,56.896551724137936,13.80378726480639,0.041666666666666664,0,250.0,240.0,29,29,34,189,0
streaming_causal,1510070026,2.0,1.0,1.0,0.5650675991209518,0.1068497201866286,0.1521809525515976,0.0469587987915264,0.11494961838473652,0.0017900725805491148,56.896551724137936,12.652427475169207,0.041666666666666664,0,250.0,240.0,29,29,34,189,623
future_state_conditioned,1510070026,2.0,1.0,1.0,0.55292759911468,0.10667238071082481,0.16241368821146046,0.2811059443551366,0.631061785715248,0.05269148291885315,250.0,13.321103375137682,0.23333333333333334,46,250.0,240.0,23,24,144,144,0
isolated_n_step,67399638,2.0,1.0,0.0,0.5363291559626024,0.2468708988352026,0.07024705817801832,0.6966586445992337,1.8546655714900284,0.2513922389416033,250.0,16.6549443180294,0.23333333333333334,46,250.0,240.0,23,24,144,144,0
few_step_distilled,67399638,2.0,1.0,0.0,0.46214502243523053,0.24156632958623725,0.11801408642206834,0.34877201122489376,0.7609687754831103,0.08988732296454865,100.0,13.732588596732533,0.016666666666666666,0,100.0,80.0,30,30,60,60,0
streaming_no_causal,67399638,2.0,1.0,0.0,0.4983401246119278,0.21365325512374048,0.12949276088324035,0.33522206099988244,0.8902546449230768,0.04967855818246512,56.896551724137936,14.008748508478984,0.041666666666666664,0,250.0,240.0,29,29,34,189,0
streaming_causal,67399638,2.0,1.0,0.0,0.5040763913130294,0.20079192739532145,0.13340561715407045,0.046101424621920274,0.12226590099808977,0.0018170441853682447,56.896551724137936,12.800384982667094,0.041666666666666664,0,250.0,240.0,29,29,34,189,623
future_state_conditioned,67399638,2.0,1.0,0.0,0.501365704164112,0.20837005189509328,0.12660328436961563,0.29064560786258076,0.7304816079555281,0.0372629582182782,250.0,13.495338955572642,0.23333333333333334,46,250.0,240.0,23,24,144,144,0
isolated_n_step,1166045462,2.0,1.8,1.0,0.5172088497262176,0.12890021831937024,0.048018081919344965,0.5590826172204546,1.2777087807836942,0.3047485715643018,250.0,15.143479075640697,0.23333333333333334,46,250.0,240.0,23,24,144,144,0
few_step_distilled,1166045462,2.0,1.8,1.0,0.4597757807301842,0.13102769248954266,0.015509928362406408,0.41767814585747337,0.7992468280344359,0.11971496445815281,100.0,13.397081604988298,0.016666666666666666,0,100.0,80.0,30,30,60,60,0
streaming_no_causal,1166045462,2.0,1.8,0.0,0.5408388939410544,0.20546555604495717,0.1381291296522046,0.2918684713003551,0.5486110115821639,0.06339254425305202,56.896551724137936,13.514376677130697,0.041666666666666664,0,250.0,240.0,29,29,34,189,0
streaming_causal,1166045462,2.0,1.8,1.0,0.5493093578990663,0.12082148166546142,0.07633666651102097,0.06771432678838961,0.16115213779183835,0.00233184044421801,56.896551724137936,12.683185452983428,0.041666666666666664,0,250.0,240.0,29,29,34,189,623
future_state_conditioned,1166045462,2.0,1.8,1.0,0.537340293748747,0.13719720078398087,0.07972928400145715,0.37766207085590425,0.8869908892600071,0.05841339163821941,250.0,13.972598220521,0.23333333333333334,46,250.0,240.0,23,24,144,144,0
isolated_n_step,518699394,2.0,1.8,0.0,0.5310409340384682,0.3556095430382792,0.3281203757225087,0.6923853122180396,1.4267637100737895,0.3590786520029222,250.0,16.231521501537237,0.23333333333333334,46,250.0,240.0,23,24,144,144,0
few_step_distilled,518699394,2.0,1.8,0.0,0.46644952246490595,0.2517837886543001,0.18242523470848152,0.36555407073388635,0.7915079190778521,0.13319541689374634,100.0,13.594805667029233,0.016666666666666666,0,100.0,80.0,30,30,60,60,0
streaming_no_causal,518699394,2.0,1.8,0.0,0.5213638854019608,0.3522120388975919,0.4216128401958565,0.3761746564443243,0.7182233966246458,0.07208748830369002,56.896551724137936,14.028135319999983,0.041666666666666664,0,250.0,240.0,29,29,34,189,0
streaming_causal,518699394,2.0,1.8,0.0,0.547171028086219,0.28049426984549636,0.14247773772301867,0.06693871074029879,0.1320190478787365,0.0022955317753375,56.896551724137936,12.769271770713424,0.041666666666666664,0,250.0,240.0,29,29,34,189,623
future_state_conditioned,518699394,2.0,1.8,0.0,0.5372352017460169,0.2740887499994239,0.17866147133111415,0.36898543071585743,1.0617138525145984,0.06451444685137847,250.0,13.95216263648639,0.23333333333333334,46,250.0,240.0,23,24,144,144,0
isolated_n_step,421561627,2.0,1.8,1.0,0.5231185410578035,0.17337512905169167,0.16588017789381948,0.6247396157982528,1.4185384888322463,0.22736208094857427,250.0,15.690627570001592,0.23333333333333334,46,250.0,240.0,23,24,144,144,0
few_step_distilled,421561627,2.0,1.8,1.0,0.46232975599247084,0.16033162675084364,0.13456665340404253,0.3627573860835565,0.7528690599972749,0.08764975015677332,100.0,12.986968504120668,0.016666666666666666,0,100.0,80.0,30,30,60,60,0
streaming_no_causal,421561627,2.0,1.8,1.0,0.5300038057197701,0.1172930588567149,0.11339136283659486,0.3093430626625115,0.6321545907530094,0.04798483672724409,56.896551724137936,13.618905652200441,0.041666666666666664,0,250.0,240.0,29,29,34,189,0
streaming_causal,421561627,2.0,1.8,1.0,0.5414154039034399,0.15743489528114588,0.15988206423747564,0.062005937289498436,0.14555389346443104,0.0022924632782941527,56.896551724137936,12.703466765533486,0.041666666666666664,0,250.0,240.0,29,29,34,189,623
future_state_conditioned,421561627,2.0,1.8,1.0,0.5338045189927154,0.17504887259128518,0.17183594792155574,0.3736370926717145,0.9481026606058168,0.0419670610435092,250.0,14.070290472093868,0.23333333333333334,46,250.0,240.0,23,24,144,144,0
isolated_n_step,3653171372,2.0,1.8,0.0,0.5670433856751755,0.2049681158115496,0.22990703997987746,0.778635076470373,1.7592876986630315,0.283677195891593,250.0,17.356926214716086,0.23333333333333334,46,250.0,240.0,23,24,144,144,0
few_step_distilled,3653171372,2.0,1.8,1.0,0.4863291740624009,0.1849492038009368,0.10285642948720634,0.3684813151656001,0.9423450469597806,0.1009851214273402,100.0,13.601119705993074,0.016666666666666666,0,100.0,80.0,30,30,60,60,0
streaming_no_causal,3653171372,2.0,1.8,0.0,0.5440013743377502,0.28136198339919716,0.09971254302368553,0.46019475858813813,0.9664807241497533,0.05628390854499744,56.896551724137936,14.67807603404912,0.041666666666666664,0,250.0,240.0,29,29,34,189,0
streaming_causal,3653171372,2.0,1.8,0.0,0.5441980044741669,0.21921130731671148,0.18358226601711347,0.0676800986337112,0.18043546820674666,0.003033560406750885,56.896551724137936,12.82380186081762,0.041666666666666664,0,250.0,240.0,29,29,34,189,623
future_state_conditioned,3653171372,2.0,1.8,0.0,0.5431257774701198,0.23883151522170665,0.18608518125523868,0.3860221179293996,1.236566526849125,0.047507502540300554,250.0,14.52935456042642,0.23333333333333334,46,250.0,240.0,23,24,144,144,0
isolated_n_step,2328254694,2.0,1.8,0.0,0.5148430324659431,0.21478894104865132,0.0497800544046183,0.5268076190366441,1.31608317723216,0.3462963618501249,250.0,15.067409111313983,0.23333333333333334,46,250.0,240.0,23,24,144,144,0
few_step_distilled,2328254694,2.0,1.8,1.0,0.46506337019522376,0.1569136785623035,0.0515677070559861,0.3356933981603313,0.5911784840387695,0.1316201935230844,100.0,13.228846381767966,0.016666666666666666,0,100.0,80.0,30,30,60,60,0
streaming_no_causal,2328254694,2.0,1.8,0.0,0.523868677091641,0.3415600487287403,0.21078282770088144,0.3061265976989565,0.5535736493734024,0.07061847282785329,56.896551724137936,13.568623146570488,0.041666666666666664,0,250.0,240.0,29,29,34,189,0
streaming_causal,2328254694,2.0,1.8,1.0,0.5473161664352384,0.18279113173474784,0.08945124035397747,0.05711777518426113,0.13132552766862465,0.002598451310990229,56.896551724137936,12.649224291864071,0.041666666666666664,0,250.0,240.0,29,29,34,189,623
future_state_conditioned,2328254694,2.0,1.8,1.0,0.5387329440523686,0.17155901212967944,0.06672541565506289,0.31189637352370964,0.6690437684043661,0.06332502686918491,250.0,13.510969046399127,0.23333333333333334,46,250.0,240.0,23,24,144,144,0
isolated_n_step,468627917,2.0,1.8,1.0,0.5494522835690906,0.1844773810761348,0.2191788010929484,0.7238948594044521,1.7355264408606723,0.3010167459267543,250.0,16.727921810485523,0.23333333333333334,46,250.0,240.0,23,24,144,144,0
few_step_distilled,468627917,2.0,1.8,1.0,0.4724581042947146,0.17382694982806762,0.1498218297239693,0.39179210757785127,0.917200613227447,0.10621641626065166,100.0,14.483199584568553,0.016666666666666666,0,100.0,80.0,30,30,60,60,0
streaming_no_causal,468627917,2.0,1.8,0.0,0.5165470859771991,0.22241413836768212,0.2810132302194322,0.3901464537129576,0.8518125594538654,0.05760462623118423,56.896551724137936,14.205301377075617,0.041666666666666664,0,250.0,240.0,29,29,34,189,0
streaming_causal,468627917,2.0,1.8,0.0,0.521346552798666,0.20668187472338073,0.14293269854060675,0.057592992319191676,0.15180225013160176,0.0024808302399457094,56.896551724137936,12.80080524383046,0.041666666666666664,0,250.0,240.0,29,29,34,189,623
future_state_conditioned,468627917,2.0,1.8,1.0,0.5202917930516505,0.198868800312119,0.14001450838660603,0.32484853889704207,0.7930327099461307,0.04698614296841281,250.0,13.708286317966811,0.23333333333333334,46,250.0,240.0,23,24,144,144,0
isolated_n_step,3742979192,2.0,1.8,0.0,0.5675890318495462,0.2676681913663182,0.33683429539406123,0.7540300306312061,1.6993180845612084,0.3144698976336334,250.0,16.874042349151832,0.23333333333333334,46,250.0,240.0,23,24,144,144,0
few_step_distilled,3742979192,2.0,1.8,1.0,0.48768387904354454,0.1504250376937878,0.21264690448518467,0.3869430743267631,0.736819195878093,0.1111655634042142,100.0,13.499434426138455,0.016666666666666666,0,100.0,80.0,30,30,60,60,0
streaming_no_causal,3742979192,2.0,1.8,0.0,0.5510523159113588,0.2783098329458762,0.32098983490178257,0.4143863605059001,0.9008006823818151,0.061454299499947795,56.896551724137936,14.307872884484164,0.041666666666666664,0,250.0,240.0,29,29,34,189,0
streaming_causal,3742979192,2.0,1.8,1.0,0.561966323641594,0.17984129923722025,0.21307100327190012,0.06352335798261663,0.1444072871018823,0.0025277442840048892,56.896551724137936,12.767854203171476,0.041666666666666664,0,250.0,240.0,29,29,34,189,623
future_state_conditioned,3742979192,2.0,1.8,1.0,0.5557833748099716,0.16804267796502725,0.2129843462628855,0.3761560668274434,0.89265597600909,0.052567559064529666,250.0,14.102305507012215,0.23333333333333334,46,250.0,240.0,23,24,144,144,0
isolated_n_step,2819178014,2.0,1.8,0.0,0.5087455632554083,0.31449843895716423,0.2609465183779366,0.7347848005578946,1.5801768136065881,0.2935623470482183,250.0,16.633782221793712,0.23333333333333334,46,250.0,240.0,23,24,144,144,0
few_step_distilled,2819178014,2.0,1.8,0.0,0.44812701583409137,0.22650987167107894,0.16604673304884607,0.3902523194043473,0.8054642220381919,0.10709858740722479,100.0,13.60226758884193,0.016666666666666666,0,100.0,80.0,30,30,60,60,0
streaming_no_causal,2819178014,2.0,1.8,0.0,0.5135154600389529,0.3300557487060009,0.2546109544997569,0.3581261588067974,0.7385793448247713,0.059117721348639796,56.896551724137936,14.005857728079896,0.041666666666666664,0,250.0,240.0,29,29,34,189,0
streaming_causal,2819178014,2.0,1.8,0.0,0.5218577120563951,0.2056088286036879,0.12096182144267202,0.07880196529134557,0.1795548986529293,0.002419073842377325,56.896551724137936,12.780095786202564,0.041666666666666664,0,250.0,240.0,29,29,34,189,623
future_state_conditioned,2819178014,2.0,1.8,0.0,0.5129145081970717,0.2185314514898405,0.12883873059021866,0.414256283136528,0.9099929712713792,0.055078043231378764,250.0,14.28149441814206,0.23333333333333334,46,250.0,240.0,23,24,144,144,0
isolated_n_step,459783086,2.0,1.8,1.0,0.49797540386563205,0.1815953447318548,0.1325760652906157,0.6191643564893,1.387621998307081,0.30878547843850335,250.0,15.87690309355192,0.23333333333333334,46,250.0,240.0,23,24,144,144,0
few_step_distilled,459783086,2.0,1.8,1.0,0.45113750990382256,0.1425369719501171,0.08424359307436985,0.4127218452694985,1.09445565922404,0.12009296710378162,100.0,13.691743426937789,0.016666666666666666,0,100.0,80.0,30,30,60,60,0
streaming_no_causal,459783086,2.0,1.8,0.0,0.5374596336888818,0.26821044567586116,0.1318591446846734,0.3667508018908204,0.7164983134462344,0.06394897354281785,56.896551724137936,13.95860253589999,0.041666666666666664,0,250.0,240.0,29,29,34,189,0
streaming_causal,459783086,2.0,1.8,1.0,0.5420901571559072,0.11751270200184408,0.10337679682760116,0.07159201547506336,0.2105261650964485,0.002696262102116264,56.896551724137936,12.722165317543665,0.041666666666666664,0,250.0,240.0,29,29,34,189,623
future_state_conditioned,459783086,2.0,1.8,1.0,0.5296522829500548,0.12438204285006128,0.09746736573899925,0.3859410646301449,1.1339779521773345,0.06161659197912738,250.0,14.354640207320202,0.23333333333333334,46,250.0,240.0,23,24,144,144,0
isolated_n_step,2078395057,2.0,1.8,0.0,0.48374602349021933,0.27118501971722137,0.28841889938843746,0.6405619376438562,1.6797837914376017,0.28576119269457534,250.0,16.351277124945703,0.23333333333333334,46,250.0,240.0,23,24,144,144,0
few_step_distilled,2078395057,2.0,1.8,0.0,0.432672032605949,0.240016634467727,0.25337764467355367,0.34296746996758537,0.6750009640765953,0.10877158232921601,100.0,13.111711990256289,0.016666666666666666,0,100.0,80.0,30,30,60,60,0
streaming_no_causal,2078395057,2.0,1.8,0.0,0.47624751918538005,0.33385954583857336,0.3941524596178411,0.2882566992565509,0.689107844907224,0.05834784243183893,56.896551724137936,13.609827040865879,0.041666666666666664,0,250.0,240.0,29,29,34,189,0
streaming_causal,2078395057,2.0,1.8,0.0,0.48520874189320995,0.2342149802477195,0.2038440319648194,0.06789262928797249,0.18605942358814045,0.0021130390078270634,56.896551724137936,12.844085927243567,0.041666666666666664,0,250.0,240.0,29,29,34,189,623
future_state_conditioned,2078395057,2.0,1.8,0.0,0.4815479676233508,0.23669893225365785,0.20122505409461755,0.38452323740354993,1.0508107629365928,0.05331971736788952,250.0,14.183161476422892,0.23333333333333334,46,250.0,240.0,23,24,144,144,0
isolated_n_step,2529295044,2.0,1.8,0.0,0.5338239166955937,0.31787384881529723,0.17349480203333176,0.7129394496418514,1.2755089551001801,0.2727927560935149,250.0,16.04496381302296,0.23333333333333334,46,250.0,240.0,23,24,144,144,0
few_step_distilled,2529295044,2.0,1.8,0.0,0.466863779982576,0.2583684969584461,0.14771095509793578,0.411335376502951,0.9034030367486959,0.10700809107714744,100.0,13.817455326454677,0.016666666666666666,0,100.0,80.0,30,30,60,60,0
streaming_no_causal,2529295044,2.0,1.8,1.0,0.5156572587802164,0.15341284774153588,0.0650360114375432,0.33365011794503197,0.6158064587061903,0.05659465931499364,56.896551724137936,13.901833595867252,0.041666666666666664,0,250.0,240.0,29,29,34,189,0
streaming_causal,2529295044,2.0,1.8,0.0,0.54409445012134,0.23725745019477754,0.22023159900561404,0.06283587765635315,0.20227487707684322,0.002780879509612033,56.896551724137936,12.721270676800684,0.041666666666666664,0,250.0,240.0,29,29,34,189,623
future_state_conditioned,2529295044,2.0,1.8,0.0,0.534408462186593,0.2520290486385129,0.21346509755644127,0.32367651538703995,0.7772156512926276,0.04941694437203079,250.0,13.65189453609744,0.23333333333333334,46,250.0,240.0,23,24,144,144,0
isolated_n_step,2205134908,2.0,1.8,0.0,0.575874526662808,0.3041795231317201,0.27768986364439324,0.7534418659570903,1.749048648642646,0.29399906394503195,250.0,16.964268554941725,0.23333333333333334,46,250.0,240.0,23,24,144,144,0
few_step_distilled,2205134908,2.0,1.8,0.0,0.49283979354674334,0.21084951597726584,0.17434120688333837,0.4119296579853521,0.8223184690031345,0.10211928131559403,100.0,13.721386192397143,0.016666666666666666,0,100.0,80.0,30,30,60,60,0
streaming_no_causal,2205134908,2.0,1.8,0.0,0.5593561856565785,0.3188553734182749,0.3137025040364337,0.410826989554963,0.8857900469535233,0.058543300628017846,56.896551724137936,14.387532767126698,0.041666666666666664,0,250.0,240.0,29,29,34,189,0
streaming_causal,2205134908,2.0,1.8,0.0,0.56561614900725,0.23748614493866424,0.15464855429991106,0.0588911914720196,0.1283878145807688,0.0027827485906946688,56.896551724137936,12.7042532652835,0.041666666666666664,0,250.0,240.0,29,29,34,189,623
future_state_conditioned,2205134908,2.0,1.8,0.0,0.5629332199055398,0.24298303087318743,0.17293464858411067,0.38515993942576326,0.878121993874733,0.05032459688695585,250.0,14.230773423848204,0.23333333333333334,46,250.0,240.0,23,24,144,144,0
isolated_n_step,2219670837,2.0,1.8,1.0,0.5352523038892623,0.18270853472804582,0.25900988953332105,0.6073053692584884,1.284925778369587,0.27089447911194436,250.0,15.464907051598423,0.23333333333333334,46,250.0,240.0,23,24,144,144,0
few_step_distilled,2219670837,2.0,1.8,1.0,0.4812951217719861,0.17436157985948536,0.20476556193833134,0.3936898379928776,0.7059739917040302,0.10512852226663091,100.0,13.390952570068999,0.016666666666666666,0,100.0,80.0,30,30,60,60,0
streaming_no_causal,2219670837,2.0,1.8,1.0,0.5497210507009307,0.18918206225825512,0.26099076072462535,0.36844366556350927,0.726782273491733,0.059147495886252115,56.896551724137936,14.066837571920816,0.041666666666666664,0,250.0,240.0,29,29,34,189,0
streaming_causal,2219670837,2.0,1.8,1.0,0.5623718716224014,0.19030874404042997,0.17431129352527958,0.056960107665111934,0.1441649740766719,0.0026479338930715567,56.896551724137936,12.697722699067478,0.041666666666666664,0,250.0,240.0,29,29,34,189,623
future_state_conditioned,2219670837,2.0,1.8,1.0,0.5521419250356082,0.1753619117894524,0.18991123557386788,0.3791053381366533,1.165762160439689,0.05176999078544706,250.0,14.027938507925201,0.23333333333333334,46,250.0,240.0,23,24,144,144,0
isolated_n_step,808767019,2.0,1.8,0.0,0.5279410998442586,0.2395067473439869,0.09569542296279411,0.6720326593192373,1.4001054643390687,0.31445557666686996,250.0,15.999889324847498,0.23333333333333334,46,250.0,240.0,23,24,144,144,0
few_step_distilled,808767019,2.0,1.8,1.0,0.4688708656519495,0.16394219024887177,0.11121974380301534,0.3512410662193974,0.7567076346818615,0.12385207030865343,100.0,12.892495735714835,0.016666666666666666,0,100.0,80.0,30,30,60,60,0
streaming_no_causal,808767019,2.0,1.8,0.0,0.5342161567689908,0.2655446048175748,0.13813331755444655,0.2917661807181446,0.6510965522557864,0.06493428468880613,56.896551724137936,13.704271628157866,0.041666666666666664,0,250.0,240.0,29,29,34,189,0
streaming_causal,808767019,2.0,1.8,1.0,0.5480363033473674,0.13627205139059292,0.16789026884019104,0.0727324493668529,0.18464115656643582,0.002928081124566805,56.896551724137936,12.72316392077622,0.041666666666666664,0,250.0,240.0,29,29,34,189,623
future_state_conditioned,808767019,2.0,1.8,1.0,0.5348292986671652,0.14743388118953682,0.16126679447282363,0.42501948982987553,1.3290860927295463,0.06188873927778925,250.0,14.522358981909507,0.23333333333333334,46,250.0,240.0,23,24,144,144,0
isolated_n_step,874647640,2.0,1.8,0.0,0.5101738870115545,0.20001814068564625,0.055530228720587445,0.6766115176661521,1.2036377197975705,0.28791279401317577,250.0,16.01125897535791,0.23333333333333334,46,250.0,240.0,23,24,144,144,0
few_step_distilled,874647640,2.0,1.8,1.0,0.45330599811709893,0.12415608411050927,0.06336849052407999,0.3944659138865904,0.8965266758907031,0.11505614047023252,100.0,13.614177511294406,0.016666666666666666,0,100.0,80.0,30,30,60,60,0
streaming_no_causal,874647640,2.0,1.8,1.0,0.5253533155948167,0.18479975772325136,0.16590116332454805,0.3098349722192632,0.5959233088433304,0.06094147419969166,56.896551724137936,13.63456072651157,0.041666666666666664,0,250.0,240.0,29,29,34,189,0
streaming_causal,874647640,2.0,1.8,1.0,0.5396083625523393,0.10748986075872355,0.05991092767737411,0.06805013420681219,0.2020721708827939,0.002589031601697058,56.896551724137936,12.717254980742167,0.041666666666666664,0,250.0,240.0,29,29,34,189,623
future_state_conditioned,874647640,2.0,1.8,1.0,0.5331534269251408,0.13390577892677052,0.07161929447490922,0.3710742540563917,1.3548182921360128,0.05740822179627029,250.0,14.30287210208684,0.23333333333333334,46,250.0,240.0,23,24,144,144,0
isolated_n_step,592514998,2.0,1.8,1.0,0.51287169279191,0.15028096514334952,0.0758996419850333,0.5389456024646444,1.2506971011369936,0.28263325428183345,250.0,15.12560624366697,0.23333333333333334,46,250.0,240.0,23,24,144,144,0
few_step_distilled,592514998,2.0,1.8,1.0,0.4571445452542243,0.1568112943251915,0.030191238572887677,0.37753259016677443,0.9413505391794135,0.11205132159214895,100.0,14.262883097550851,0.016666666666666666,0,100.0,80.0,30,30,60,60,0
streaming_no_causal,592514998,2.0,1.8,1.0,0.535031532831001,0.12123170324995232,0.23171620434023366,0.2781110900550189,0.582171606956272,0.060504880776388034,56.896551724137936,13.467802686587444,0.041666666666666664,0,250.0,240.0,29,29,34,189,0
streaming_causal,592514998,2.0,1.8,1.0,0.5487624762332336,0.1606054169964038,0.06496612446680541,0.07332040160160747,0.2239400349876885,0.0024820783659986138,56.896551724137936,12.685522606502877,0.041666666666666664,0,250.0,240.0,29,29,34,189,623
future_state_conditioned,592514998,2.0,1.8,1.0,0.5381684649114031,0.1575076068551461,0.05286532462663452,0.39058754764185866,0.9312291184891943,0.056018525307046006,250.0,14.270726693327422,0.23333333333333334,46,250.0,240.0,23,24,144,144,0
isolated_n_step,1482041992,2.0,1.8,0.0,0.5504450688437351,0.21148453116232924,0.18536963988885266,0.846614282736219,1.7238167463452452,0.2739681365941521,250.0,17.47449597353048,0.23333333333333334,46,250.0,240.0,23,24,144,144,0
few_step_distilled,1482041992,2.0,1.8,1.0,0.4693711461960108,0.15371049486252006,0.050384515047452644,0.41404085365921356,0.9101860490086037,0.09547349462815338,100.0,13.560893210928326,0.016666666666666666,0,100.0,80.0,30,30,60,60,0
streaming_no_causal,1482041992,2.0,1.8,0.0,0.5209556672184483,0.26456733572520624,0.12094182223949178,0.4554616813085812,0.7739479065472851,0.05275396433022103,56.896551724137936,14.535837629720023,0.041666666666666664,0,250.0,240.0,29,29,34,189,0
streaming_causal,1482041992,2.0,1.8,1.0,0.5091370288439951,0.19926349338726115,0.12458336731093458,0.057078387348867346,0.17697655800485904,0.002502588889679966,56.896551724137936,12.791564851604958,0.041666666666666664,0,250.0,240.0,29,29,34,189,623
future_state_conditioned,1482041992,2.0,1.8,1.0,0.5072257738581789,0.19362307892704675,0.12346298401450194,0.3533373459106668,0.8709436606716462,0.04191441452711302,250.0,13.739310064173846,0.23333333333333334,46,250.0,240.0,23,24,144,144,0
isolated_n_step,1130013760,2.0,1.8,1.0,0.5178534281082232,0.14083209635798535,0.2295275369544652,0.7210500555628414,1.7695799999894861,0.24631856735504104,250.0,16.837093097297874,0.23333333333333334,46,250.0,240.0,23,24,144,144,0
few_step_distilled,1130013760,2.0,1.8,1.0,0.4506314563597976,0.18102111810701074,0.1848295519851735,0.36603782888326764,0.7615156387332825,0.08368144444772244,100.0,13.370355867568653,0.016666666666666666,0,100.0,80.0,30,30,60,60,0
streaming_no_causal,1130013760,2.0,1.8,0.0,0.4972973654576607,0.19216832007118542,0.3325353952346226,0.3431973643469463,0.6789230378095111,0.047091257836204846,56.896551724137936,13.951234484589195,0.041666666666666664,0,250.0,240.0,29,29,34,189,0
streaming_causal,1130013760,2.0,1.8,0.0,0.507990239843692,0.22033026266474168,0.14029574412283838,0.06671183270116814,0.17154351979365418,0.00258419182235447,56.896551724137936,12.840669724827864,0.041666666666666664,0,250.0,240.0,29,29,34,189,623
future_state_conditioned,1130013760,2.0,1.8,0.0,0.5006136739293038,0.21167717647870468,0.18198212565175326,0.4088457468766736,1.3622762808563686,0.03964778593612305,250.0,14.397540151471024,0.23333333333333334,46,250.0,240.0,23,24,144,144,0
isolated_n_step,1439825011,2.0,1.8,0.0,0.5279487162793877,0.2420767898757987,0.34069763846276224,0.7105193488608506,1.4740569057212691,0.23000743586198472,250.0,16.304621960642947,0.23333333333333334,46,250.0,240.0,23,24,144,144,0
few_step_distilled,1439825011,2.0,1.8,1.0,0.4690228236324273,0.15893799604242745,0.22153041891817193,0.3675877497761385,0.8395299421149819,0.08682767629744084,100.0,13.50133225166637,0.016666666666666666,0,100.0,80.0,30,30,60,60,0
streaming_no_causal,1439825011,2.0,1.8,1.0,0.5452148651902887,0.1854672255041931,0.18898077514153655,0.42206422850869335,0.8023307802340939,0.04773044151673054,56.896551724137936,14.358592077401298,0.041666666666666664,0,250.0,240.0,29,29,34,189,0
streaming_causal,1439825011,2.0,1.8,1.0,0.5485644983383824,0.16712506055799412,0.2651481295294324,0.07399141210380657,0.20467024550616542,0.0024253615354198894,56.896551724137936,12.781855798574083,0.041666666666666664,0,250.0,240.0,29,29,34,189,623
future_state_conditioned,1439825011,2.0,1.8,1.0,0.5416464738902248,0.19119991969784678,0.28868479478287057,0.4039929185377696,1.0973508797656009,0.04391313179071672,250.0,14.562555114481711,0.23333333333333334,46,250.0,240.0,23,24,144,144,0
isolated_n_step,1503259805,2.0,1.8,0.0,0.533092141765396,0.2620687687365609,0.211538657909752,0.7893694052466487,1.832055442668601,0.3195294100789524,250.0,17.421517800406935,0.23333333333333334,46,250.0,240.0,23,24,144,144,0
few_step_distilled,1503259805,2.0,1.8,1.0,0.4699444511969686,0.18865820534222655,0.12358221940643696,0.4008056446245356,0.8762634439482825,0.1123292801670208,100.0,14.248689136696541,0.016666666666666666,0,100.0,80.0,30,30,60,60,0
streaming_no_causal,1503259805,2.0,1.8,0.0,0.527679665347404,0.3397375217708031,0.29058622461608624,0.4174288025899327,0.8488010533318384,0.0611602771940814,56.896551724137936,14.357122612019099,0.041666666666666664,0,250.0,240.0,29,29,34,189,0
streaming_causal,1503259805,2.0,1.8,0.0,0.5249590447393664,0.21632247989990108,0.1405332009968351,0.06646966499736238,0.1770739835489959,0.002639435896431106,56.896551724137936,12.835461093032999,0.041666666666666664,0,250.0,240.0,29,29,34,189,623
future_state_conditioned,1503259805,2.0,1.8,0.0,0.5237895579923684,0.23095735461379022,0.14179216171571957,0.40985441655771204,1.1514510284222121,0.05563638672658751,250.0,14.670143574756032,0.23333333333333334,46,250.0,240.0,23,24,144,144,0
isolated_n_step,1612243035,2.0,1.8,0.0,0.5563515975136807,0.29485753461221254,0.3712412055900728,0.7391322918833154,1.7828491086959044,0.3330361575651243,250.0,17.10758719082322,0.23333333333333334,46,250.0,240.0,23,24,144,144,0
few_step_distilled,1612243035,2.0,1.8,1.0,0.49000489536935754,0.17689306240883956,0.20783986668472468,0.4162113015622359,0.8153576294455284,0.1167834617635528,100.0,13.205757679974859,0.016666666666666666,0,100.0,80.0,30,30,60,60,0
streaming_no_causal,1612243035,2.0,1.8,0.0,0.5357538972510186,0.34276490507577606,0.3389197185642019,0.4306434191874933,0.8355471830195375,0.06344929216793185,56.896551724137936,14.454291209472652,0.041666666666666664,0,250.0,240.0,29,29,34,189,0
streaming_causal,1612243035,2.0,1.8,1.0,0.5536808426196791,0.18538243108488117,0.2004991532453714,0.0677730057009686,0.16646050728202647,0.002938622855818488,56.896551724137936,12.85981229446035,0.041666666666666664,0,250.0,240.0,29,29,34,189,623
future_state_conditioned,1612243035,2.0,1.8,1.0,0.5490856102868258,0.19859233440597843,0.22067714291576804,0.38068120531186395,1.271017004436402,0.05516683311765468,250.0,14.277537913483783,0.23333333333333334,46,250.0,240.0,23,24,144,144,0
isolated_n_step,500593558,2.0,1.8,1.0,0.5287146552158589,0.19953078386544532,0.18102399262942304,0.7567099645697662,1.9531144334982609,0.2791485751275165,250.0,17.119741047234953,0.23333333333333334,46,250.0,240.0,23,24,144,144,0
few_step_distilled,500593558,2.0,1.8,1.0,0.4464844217051059,0.19548057559229318,0.11525616859437206,0.39975880226103183,0.8803820792150885,0.09724740491014108,100.0,14.482746567473471,0.016666666666666666,0,100.0,80.0,30,30,60,60,0
streaming_no_causal,500593558,2.0,1.8,0.0,0.4849740729815409,0.2506899684151328,0.30403730261772516,0.34500227028748526,0.7670421202350914,0.05283633406825885,56.896551724137936,13.922442334244232,0.041666666666666664,0,250.0,240.0,29,29,34,189,0
streaming_causal,500593558,2.0,1.8,0.0,0.49862618062084996,0.24484833485322044,0.06453506458828571,0.05556046804731947,0.130213683843262,0.0022963689081478837,56.896551724137936,12.848967548970991,0.041666666666666664,0,250.0,240.0,29,29,34,189,623
future_state_conditioned,500593558,2.0,1.8,0.0,0.5019279601380073,0.2549858694146461,0.07805889286656392,0.3486844460630412,0.8684790261780286,0.041637899829980264,250.0,13.841107643659072,0.23333333333333334,46,250.0,240.0,23,24,144,144,0
isolated_n_step,2432856298,2.0,1.8,0.0,0.5744981527758468,0.2835081786234123,0.34821176151521327,0.8181313368732762,1.8122639429025418,0.2322822578316138,250.0,17.6075714788042,0.23333333333333334,46,250.0,240.0,23,24,144,144,0
few_step_distilled,2432856298,2.0,1.8,0.0,0.47039934657572197,0.21399237258511034,0.2305677305650332,0.41457114059335215,0.9845684656181332,0.07583456618568761,100.0,14.619879495966206,0.016666666666666666,0,100.0,80.0,30,30,60,60,0
streaming_no_causal,2432856298,2.0,1.8,1.0,0.5079252271656337,0.15567679132453702,0.17185784781183477,0.4052470328114131,0.8884139205388016,0.043364731867124036,56.896551724137936,14.42703327887865,0.041666666666666664,0,250.0,240.0,29,29,34,189,0
streaming_causal,2432856298,2.0,1.8,0.0,0.5126440420298176,0.22573639455068686,0.2432813611643339,0.06147555079254212,0.16722666837235103,0.0029935374667694288,56.896551724137936,12.869691087416205,0.041666666666666664,0,250.0,240.0,29,29,34,189,623
future_state_conditioned,2432856298,2.0,1.8,0.0,0.513372734931785,0.2350193734738363,0.24882997287728076,0.34520466838675473,1.0220632757244439,0.03209521362634113,250.0,14.102869680345925,0.23333333333333334,46,250.0,240.0,23,24,144,144,0
isolated_n_step,634424269,2.0,1.8,0.0,0.49486067897234115,0.3019095176393262,0.19399840663558507,0.6285085597389243,1.6830291379139606,0.22614923961219643,250.0,16.27661928092637,0.23333333333333334,46,250.0,240.0,23,24,144,144,0
few_step_distilled,634424269,2.0,1.8,0.0,0.435867406705886,0.2729926153835415,0.18043365804068098,0.3669547302600584,0.9727793151351815,0.07843975640679589,100.0,14.401307286532205,0.016666666666666666,0,100.0,80.0,30,30,60,60,0
streaming_no_causal,634424269,2.0,1.8,0.0,0.46821500080421147,0.27723029513177194,0.29982272618377187,0.29918593419789197,0.69854781371451,0.042588844003839284,56.896551724137936,13.725909845042327,0.041666666666666664,0,250.0,240.0,29,29,34,189,0
streaming_causal,634424269,2.0,1.8,0.0,0.4800367234423468,0.26919501825658304,0.22291954870000985,0.059886055863919666,0.18963823836906152,0.0025602647021719747,56.896551724137936,12.862641933102598,0.041666666666666664,0,250.0,240.0,29,29,34,189,623
future_state_conditioned,634424269,2.0,1.8,0.0,0.4807607155979848,0.28165621589615164,0.21069499941732542,0.35584009878646006,1.00944335333218,0.03803231483687981,250.0,13.923000309675908,0.23333333333333334,46,250.0,240.0,23,24,144,144,0
isolated_n_step,539087518,2.0,1.8,0.0,0.5332393729620049,0.3198060052578111,0.21967204644838356,0.7532037637509166,1.633806844361874,0.31153406498219394,250.0,16.793872325456427,0.23333333333333334,46,250.0,240.0,23,24,144,144,0
few_step_distilled,539087518,2.0,1.8,0.0,0.4732489276617712,0.22567683103663247,0.1260556892514326,0.474189808429851,1.0318503879419032,0.11844215183856242,100.0,14.522966567698823,0.016666666666666666,0,100.0,80.0,30,30,60,60,0
streaming_no_causal,539087518,2.0,1.8,0.0,0.5488138354701896,0.33479739412720333,0.3554148261478203,0.430793176093992,0.9125394109673356,0.06476492886168222,56.896551724137936,14.486807504824402,0.041666666666666664,0,250.0,240.0,29,29,34,189,0
streaming_causal,539087518,2.0,1.8,0.0,0.5599638780029595,0.2519649991332792,0.117604988492508,0.08394676901468638,0.2572047031192558,0.002596216028073935,56.896551724137936,12.833976767425407,0.041666666666666664,0,250.0,240.0,29,29,34,189,623
future_state_conditioned,539087518,2.0,1.8,0.0,0.5520268102828537,0.2534170587770886,0.10389388515428974,0.4370361430709982,1.6155272600680077,0.060511449105919275,250.0,14.975327718334531,0.23333333333333334,46,250.0,240.0,23,24,144,144,0
isolated_n_step,1425092320,2.0,1.8,0.0,0.49687779687748773,0.20929780599198966,0.22379505501818595,0.6888521042364537,1.742133439120547,0.2869365633231099,250.0,16.663557109552993,0.23333333333333334,46,250.0,240.0,23,24,144,144,0
few_step_distilled,1425092320,2.0,1.8,1.0,0.43722916883473095,0.1966812390280557,0.14586166930896585,0.408348948548583,0.9108578784543848,0.10346020554261602,100.0,13.904795758907213,0.016666666666666666,0,100.0,80.0,30,30,60,60,0
streaming_no_causal,1425092320,2.0,1.8,0.0,0.4825706575412567,0.30413070001449416,0.2735660429585424,0.3485993918172072,0.6300912604172147,0.054982344112707866,56.896551724137936,13.906528932711987,0.041666666666666664,0,250.0,240.0,29,29,34,189,0
streaming_causal,1425092320,2.0,1.8,1.0,0.4876063414064382,0.19338114777565824,0.12761602030281952,0.06933471301070178,0.1938311719351967,0.0023202103562414717,56.896551724137936,12.874364472926523,0.041666666666666664,0,250.0,240.0,29,29,34,189,623
future_state_conditioned,1425092320,2.0,1.8,0.0,0.4882976246842028,0.20528945675767182,0.13565718389011824,0.3804176797622636,0.8981508561832726,0.04841115084358635,250.0,14.0220738259793,0.23333333333333334,46,250.0,240.0,23,24,144,144,0
isolated_n_step,833452053,2.0,1.8,1.0,0.505631038237907,0.16828741665826896,0.056415073482796896,0.5885792015490018,1.3400970676457047,0.22892852337513703,250.0,15.577528149340887,0.23333333333333334,46,250.0,240.0,23,24,144,144,0
few_step_distilled,833452053,2.0,1.8,1.0,0.45340557782664787,0.11340631434859512,0.1111663920462195,0.34155397577145397,0.7287885959541716,0.08493917576496626,100.0,13.46552835193899,0.016666666666666666,0,100.0,80.0,30,30,60,60,0
streaming_no_causal,833452053,2.0,1.8,0.0,0.5373343427368634,0.23859147406868392,0.10491323227391751,0.37404282077834294,0.7265846823602916,0.04846219010123163,56.896551724137936,13.9918132436895,0.041666666666666664,0,250.0,240.0,29,29,34,189,0
streaming_causal,833452053,2.0,1.8,1.0,0.5358341880144976,0.11971906885398112,0.07403254820407541,0.056955970844403,0.16256537165194557,0.0017894317610789704,56.896551724137936,12.728385088442407,0.041666666666666664,0,250.0,240.0,29,29,34,189,623
future_state_conditioned,833452053,2.0,1.8,1.0,0.5266351641822282,0.12405679166884716,0.08354608754417338,0.30964751909878196,0.9844576526502632,0.044403785351176756,250.0,13.660720449165595,0.23333333333333334,46,250.0,240.0,23,24,144,144,0
isolated_n_step,2076327236,2.0,1.8,1.0,0.5318796204275757,0.13400464435170517,0.1667452321563031,0.5571160159184808,1.3096327673558736,0.2831579084102556,250.0,15.295934329990212,0.23333333333333334,46,250.0,240.0,23,24,144,144,0
few_step_distilled,2076327236,2.0,1.8,1.0,0.4877119957487099,0.12270806304257069,0.14450842019631777,0.3757647218399923,0.9151411783166643,0.10698126217916369,100.0,13.940526249207103,0.016666666666666666,0,100.0,80.0,30,30,60,60,0
streaming_no_causal,2076327236,2.0,1.8,0.0,0.5564930066080507,0.25855206012949716,0.25537269709967036,0.3992899051261906,0.9478028451948355,0.06015201026980917,56.896551724137936,14.211846720435616,0.041666666666666664,0,250.0,240.0,29,29,34,189,0
streaming_causal,2076327236,2.0,1.8,1.0,0.5747504737315993,0.15740871979122914,0.1408597592806485,0.059827006967737704,0.1719166051682123,0.0027145663703960024,56.896551724137936,12.741584140960695,0.041666666666666664,0,250.0,240.0,29,29,34,189,623
future_state_conditioned,2076327236,2.0,1.8,1.0,0.5695187221229456,0.15488476021362313,0.1589877721317684,0.36091433975505927,0.9573507775633573,0.05566783073195112,250.0,14.246774694484023,0.23333333333333334,46,250.0,240.0,23,24,144,144,0
isolated_n_step,2156431708,2.0,1.8,0.0,0.5244777411918403,0.25682076039415397,0.18460319553635207,0.6722648118748411,1.3937327088649605,0.305076479440438,250.0,15.938554909421988,0.23333333333333334,46,250.0,240.0,23,24,144,144,0
few_step_distilled,2156431708,2.0,1.8,1.0,0.4559671617681979,0.11919348551391219,0.053642793746557255,0.3645513023158857,0.8313132174202197,0.11666250346859494,100.0,13.752616920703439,0.016666666666666666,0,100.0,80.0,30,30,60,60,0
streaming_no_causal,2156431708,2.0,1.8,0.0,0.5486267040448866,0.25816506135375755,0.0758024650512506,0.3567349378747585,0.8015618849126556,0.06134946048213377,56.896551724137936,13.987826940916895,0.041666666666666664,0,250.0,240.0,29,29,34,189,0
streaming_causal,2156431708,2.0,1.8,1.0,0.5539493528657115,0.13361095691946515,0.1233802809570325,0.0669064849569184,0.17347961729977188,0.0026258640780375208,56.896551724137936,12.706674087444824,0.041666666666666664,0,250.0,240.0,29,29,34,189,623
future_state_conditioned,2156431708,2.0,1.8,1.0,0.5398468731674813,0.14307700748572683,0.10619677809258626,0.3779694156163643,1.3732469959912355,0.05923979111135289,250.0,14.247995186929677,0.23333333333333334,46,250.0,240.0,23,24,144,144,0
isolated_n_step,1904596135,2.0,1.8,0.0,0.5819274932390714,0.34852974855904206,0.3130439751591499,0.7589314240090185,1.624655496404654,0.35143721411308665,250.0,17.105558747484377,0.23333333333333334,46,250.0,240.0,23,24,144,144,0
few_step_distilled,1904596135,2.0,1.8,0.0,0.5100406229129827,0.25935713656948534,0.2040558287123403,0.40270386558695,0.9746370379129641,0.12675219896552173,100.0,13.399961833639315,0.016666666666666666,0,100.0,80.0,30,30,60,60,0
streaming_no_causal,1904596135,2.0,1.8,0.0,0.5613311624972436,0.38329542814734496,0.3897891050161004,0.4221215570999558,0.8645927189688641,0.06958405698896367,56.896551724137936,14.446557907896105,0.041666666666666664,0,250.0,240.0,29,29,34,189,0
streaming_causal,1904596135,2.0,1.8,0.0,0.5825967577526256,0.30361530904557954,0.16805400090670053,0.06739907330888208,0.221390244126058,0.0029406458887048727,56.896551724137936,12.81343076553823,0.041666666666666664,0,250.0,240.0,29,29,34,189,623
future_state_conditioned,1904596135,2.0,1.8,0.0,0.5796331425339156,0.2977366119214221,0.19164363658319372,0.4158054327706949,1.4021637163416114,0.06200656528020714,250.0,14.809015442782547,0.23333333333333334,46,250.0,240.0,23,24,144,144,0
isolated_n_step,3390402448,2.0,1.8,0.0,0.5045271778551852,0.20739037471206162,0.07736664226209858,0.719404642263478,1.720387948902084,0.26064986631386977,250.0,16.595060712821713,0.23333333333333334,46,250.0,240.0,23,24,144,144,0
few_step_distilled,3390402448,2.0,1.8,1.0,0.44361005299048173,0.1947679672086044,0.09001502980482551,0.3555192582569013,0.8031384583166972,0.09237729412545441,100.0,13.26438277947504,0.016666666666666666,0,100.0,80.0,30,30,60,60,0
streaming_no_causal,3390402448,2.0,1.8,0.0,0.4926871048915208,0.26060292354612663,0.1877345187822658,0.3331439428967096,0.6631347489773981,0.049661974185221024,56.896551724137936,13.806265798337463,0.041666666666666664,0,250.0,240.0,29,29,34,189,0
streaming_causal,3390402448,2.0,1.8,1.0,0.48940729482316986,0.19643703039367352,0.05094492873628341,0.05263218429960529,0.1754577577665707,0.0022989958043016746,56.896551724137936,12.78729509645184,0.041666666666666664,0,250.0,240.0,29,29,34,189,623
future_state_conditioned,3390402448,2.0,1.8,1.0,0.48789815340333575,0.19692709544553647,0.06338970581635323,0.39455728384295347,1.081761675662795,0.04366499576028674,250.0,14.161364094910557,0.23333333333333334,46,250.0,240.0,23,24,144,144,0
isolated_n_step,1247403503,2.0,1.8,0.0,0.5278356490365248,0.27621503772137046,0.09306035095867274,0.6609373099757955,1.19841124620995,0.288638137270237,250.0,15.782898224421027,0.23333333333333334,46,250.0,240.0,23,24,144,144,0
few_step_distilled,1247403503,2.0,1.8,0.0,0.45431477186733005,0.20449281267456093,0.08123358362640283,0.3992768170888818,0.9348612834828562,0.10715690302698656,100.0,14.445844884498172,0.016666666666666666,0,100.0,80.0,30,30,60,60,0
streaming_no_causal,1247403503,2.0,1.8,0.0,0.5402060032962755,0.2552928715264315,0.2157292638958052,0.306703792358037,0.6029316930331203,0.05820515108614313,56.896551724137936,13.636737210169992,0.041666666666666664,0,250.0,240.0,29,29,34,189,0
streaming_causal,1247403503,2.0,1.8,0.0,0.5494520092046782,0.22995191666113599,0.08559147497783495,0.0617650818476801,0.1443932073583786,0.002204414780788058,56.896551724137936,12.659637845618072,0.041666666666666664,0,250.0,240.0,29,29,34,189,623
future_state_conditioned,1247403503,2.0,1.8,0.0,0.5374849504544302,0.2219894693617098,0.07841676588404144,0.37194612782831044,0.7445206622654784,0.05462589874570946,250.0,13.895861248175988,0.23333333333333334,46,250.0,240.0,23,24,144,144,0
isolated_n_step,4097188197,2.0,1.8,0.0,0.5416996230093989,0.2060778861919157,0.2669663108919077,0.717888331190718,1.4632183006897517,0.23089671900427391,250.0,16.354733666529302,0.23333333333333334,46,250.0,240.0,23,24,144,144,0
few_step_distilled,4097188197,2.0,1.8,1.0,0.47646417315558426,0.16336939688913946,0.20981436271539494,0.3883718084421777,0.9765153489935011,0.08338581355236914,100.0,14.173087529558954,0.016666666666666666,0,100.0,80.0,30,30,60,60,0
streaming_no_causal,4097188197,2.0,1.8,0.0,0.5545634065443072,0.2325009542632851,0.13095690367297194,0.46840005681510993,0.8646443094661912,0.047995288220074754,56.896551724137936,14.572247309393907,0.041666666666666664,0,250.0,240.0,29,29,34,189,0
streaming_causal,4097188197,2.0,1.8,1.0,0.5520454371062157,0.1638400967896699,0.24129046163762372,0.06358415202801478,0.1727925010718874,0.0028043433984688607,56.896551724137936,12.79919571178806,0.041666666666666664,0,250.0,240.0,29,29,34,189,623
future_state_conditioned,4097188197,2.0,1.8,1.0,0.5485471621869115,0.1926820458406473,0.2500125963179274,0.4340803963806788,1.1531566215420654,0.04327704113822457,250.0,14.593687709219576,0.23333333333333334,46,250.0,240.0,23,24,144,144,0
isolated_n_step,2644903107,2.0,1.8,0.0,0.5536364070622207,0.17189085108384886,0.3146162230138668,0.7016387726553863,1.4895307872697459,0.2419663386469122,250.0,16.18792210726931,0.23333333333333334,46,250.0,240.0,23,24,144,144,0
few_step_distilled,2644903107,2.0,1.8,1.0,0.47785974489811645,0.1312387763541715,0.22039681817736548,0.42723400248882737,1.0089451431304843,0.08762679917406314,100.0,14.33477564101147,0.016666666666666666,0,100.0,80.0,30,30,60,60,0
streaming_no_causal,2644903107,2.0,1.8,1.0,0.5614092371723944,0.17521917584951105,0.11976873582728695,0.46787336092837534,0.8506321090751874,0.051031724443109244,56.896551724137936,14.604837197824315,0.041666666666666664,0,250.0,240.0,29,29,34,189,0
streaming_causal,2644903107,2.0,1.8,1.0,0.5518881438103426,0.14000838667468218,0.21974487703672035,0.06523255638517357,0.19809010623091372,0.0023539215052325565,56.896551724137936,12.73828809579711,0.041666666666666664,0,250.0,240.0,29,29,34,189,623
future_state_conditioned,2644903107,2.0,1.8,1.0,0.5462433609391368,0.1416016838112503,0.22057959454465595,0.3845002689826874,0.8343697381588184,0.042996917184781734,250.0,13.910650007551972,0.23333333333333334,46,250.0,240.0,23,24,144,144,0
isolated_n_step,434818176,2.0,1.8,0.0,0.5474982895734664,0.3124757555094625,0.2871728998050256,0.787012037589835,1.949209382938032,0.23312529695214895,250.0,17.24928616829586,0.23333333333333334,46,250.0,240.0,23,24,144,144,0
few_step_distilled,434818176,2.0,1.8,0.0,0.46627797461021153,0.26813893585220966,0.1985956496289883,0.40213561483086296,0.8148591770406739,0.0797961160251789,100.0,14.28574096011447,0.016666666666666666,0,100.0,80.0,30,30,60,60,0
streaming_no_causal,434818176,2.0,1.8,0.0,0.5032787566516792,0.2022772596487319,0.08092713751013995,0.4123151537510804,0.7152241842409858,0.04595419868769201,56.896551724137936,14.273910277721932,0.041666666666666664,0,250.0,240.0,29,29,34,189,0
streaming_causal,434818176,2.0,1.8,0.0,0.5071117107646703,0.2836333272849756,0.25957819917790975,0.0583833049093607,0.18756017655381954,0.002928579970106823,56.896551724137936,12.87050654457407,0.041666666666666664,0,250.0,240.0,29,29,34,189,623
future_state_conditioned,434818176,2.0,1.8,0.0,0.5107895862853336,0.29935729524846283,0.2636683591888027,0.3736428676799614,0.8258108618487434,0.03542601035021821,250.0,13.920173806564144,0.23333333333333334,46,250.0,240.0,23,24,144,144,0
isolated_n_step,2142043990,2.0,1.8,0.0,0.5442561886135876,0.2211279717743068,0.32449896776072523,0.7626428807564796,1.9402845759337382,0.2505599551650344,250.0,17.218464696062654,0.23333333333333334,46,250.0,240.0,23,24,144,144,0
few_step_distilled,2142043990,2.0,1.8,0.0,0.4617180702359879,0.2077925131777531,0.19856315159673482,0.4259683695841061,0.9803908097345498,0.08364173802305111,100.0,14.001512728630553,0.016666666666666666,0,100.0,80.0,30,30,60,60,0
streaming_no_causal,2142043990,2.0,1.8,0.0,0.487389950828232,0.17688651973193953,0.3047187953229432,0.39976926132207924,0.8105474351433261,0.04558843569025771,56.896551724137936,14.216573765508285,0.041666666666666664,0,250.0,240.0,29,29,34,189,0
streaming_causal,2142043990,2.0,1.8,0.0,0.49792572524129547,0.2577056372497845,0.19424921200604214,0.06671029890848705,0.17600300815370323,0.0025598836512013526,56.896551724137936,12.886390311346487,0.041666666666666664,0,250.0,240.0,29,29,34,189,623
future_state_conditioned,2142043990,2.0,1.8,0.0,0.5007631239149166,0.26945809877043897,0.2400224304803379,0.4070066707326838,0.8737156324929806,0.03517045456096618,250.0,14.538174227175777,0.23333333333333334,46,250.0,240.0,23,24,144,144,0
isolated_n_step,4019253345,2.0,1.8,0.0,0.5124461377051298,0.20785559372240603,0.21059758788065694,0.5405765458694954,1.2523712874260247,0.2388632151059918,250.0,14.9666105866527,0.23333333333333334,46,250.0,240.0,23,24,144,144,0
few_step_distilled,4019253345,2.0,1.8,1.0,0.4609523865543004,0.1983032626320701,0.1817345857942597,0.3857427850507461,0.816955628795702,0.08962245539269048,100.0,14.017085920186169,0.016666666666666666,0,100.0,80.0,30,30,60,60,0
streaming_no_causal,4019253345,2.0,1.8,1.0,0.5323725281801908,0.09691918963192456,0.15806420682095337,0.3458356698680139,0.5774598524698737,0.050382642903308454,56.896551724137936,13.907653743885732,0.041666666666666664,0,250.0,240.0,29,29,34,189,0
streaming_causal,4019253345,2.0,1.8,1.0,0.5538998284042541,0.16858193570322508,0.19914712420621963,0.06657342118399896,0.17253648356857396,0.0025678298900145497,56.896551724137936,12.748829430018615,0.041666666666666664,0,250.0,240.0,29,29,34,189,623
future_state_conditioned,4019253345,2.0,1.8,1.0,0.5424266243100041,0.17664643115491072,0.18761047766144456,0.34688220652156193,0.9760556821697659,0.04197167116276852,250.0,13.88965314975287,0.23333333333333334,46,250.0,240.0,23,24,144,144,0
isolated_n_step,2528269417,2.0,1.8,0.0,0.5363794536681196,0.363833794674688,0.3165127270475679,0.8111225026982254,1.8641632357191082,0.28925157256714773,250.0,17.820998218755122,0.23333333333333334,46,250.0,240.0,23,24,144,144,0
few_step_distilled,2528269417,2.0,1.8,0.0,0.466546107274573,0.2908176977560562,0.09347205804103394,0.44336935713934483,0.9113025705411784,0.10104873198771526,100.0,13.964147608650817,0.016666666666666666,0,100.0,80.0,30,30,60,60,0
streaming_no_causal,2528269417,2.0,1.8,0.0,0.506254409897167,0.3306576348119007,0.3791689771206369,0.43295062728918127,0.7778999765093203,0.055692064334174785,56.896551724137936,14.504802155461704,0.041666666666666664,0,250.0,240.0,29,29,34,189,0
streaming_causal,2528269417,2.0,1.8,0.0,0.5146644088062847,0.31408598237827484,0.0623758710273659,0.07269086023632046,0.20985479061130186,0.0028275611619491187,56.896551724137936,12.947407054030569,0.041666666666666664,0,250.0,240.0,29,29,34,189,623
future_state_conditioned,2528269417,2.0,1.8,0.0,0.5173190996415741,0.3462768330856141,0.11283680704506474,0.4619023643488903,1.3724860594590622,0.048241482974956326,250.0,14.884191458802407,0.23333333333333334,46,250.0,240.0,23,24,144,144,0
isolated_n_step,2362109192,2.0,1.8,0.0,0.5334566738804204,0.20881456052583305,0.1581148730891626,0.6576831277952383,1.184920491284444,0.2607551435040028,250.0,15.760773508742993,0.23333333333333334,46,250.0,240.0,23,24,144,144,0
few_step_distilled,2362109192,2.0,1.8,1.0,0.4752853669590748,0.18113648250415101,0.13096498454430405,0.39378702275408195,0.9112454351545035,0.10153294810161344,100.0,13.192570148164977,0.016666666666666666,0,100.0,80.0,30,30,60,60,0
streaming_no_causal,2362109192,2.0,1.8,1.0,0.5479014680388947,0.16087554563046952,0.1795600121489408,0.4092669993934214,0.8053276532370269,0.05696432966801244,56.896551724137936,14.235237621653283,0.041666666666666664,0,250.0,240.0,29,29,34,189,0
streaming_causal,2362109192,2.0,1.8,1.0,0.5615157408321895,0.17202868461010545,0.1313509115952092,0.07310920397907147,0.22818431998289523,0.0028845814397784795,56.896551724137936,12.754354695610521,0.041666666666666664,0,250.0,240.0,29,29,34,189,623
future_state_conditioned,2362109192,2.0,1.8,1.0,0.5567170942517751,0.18254653514238497,0.13407154899634155,0.37496108918541765,0.8576744912878929,0.05083139079955242,250.0,13.998291836350727,0.23333333333333334,46,250.0,240.0,23,24,144,144,0
isolated_n_step,2815713389,2.0,1.8,0.0,0.5810333354912082,0.3347641417607138,0.3247785270446334,0.7746073433542274,1.7226929961678288,0.35054013331518086,250.0,17.132282939177916,0.23333333333333334,46,250.0,240.0,23,24,144,144,0
few_step_distilled,2815713389,2.0,1.8,0.0,0.4943282685341931,0.21313866002147722,0.24530977817116328,0.3992142366102186,0.7710467866248594,0.12334832794967174,100.0,14.113579617656884,0.016666666666666666,0,100.0,80.0,30,30,60,60,0
streaming_no_causal,2815713389,2.0,1.8,0.0,0.5438326174367449,0.3769575379779446,0.3492645007510881,0.399319600334051,0.9318548979651933,0.06682869536025393,56.896551724137936,14.386958897091064,0.041666666666666664,0,250.0,240.0,29,29,34,189,0
streaming_causal,2815713389,2.0,1.8,0.0,0.5500476299253854,0.21099199984045916,0.2313636713766363,0.06234356213197952,0.13598743324353513,0.00305441663957624,56.896551724137936,12.836831031299386,0.041666666666666664,0,250.0,240.0,29,29,34,189,623
future_state_conditioned,2815713389,2.0,1.8,0.0,0.5506760283648271,0.23622959304215538,0.25484890931194176,0.4018644190972713,0.8576100001558621,0.058470076750278176,250.0,14.16388719371932,0.23333333333333334,46,250.0,240.0,23,24,144,144,0
isolated_n_step,1179827488,2.0,1.8,0.0,0.5247794401065838,0.27438630469508324,0.2025856671106913,0.6611709329965257,1.8953464265635185,0.2521673455193346,250.0,16.794497836557404,0.23333333333333334,46,250.0,240.0,23,24,144,144,0
few_step_distilled,1179827488,2.0,1.8,0.0,0.46905682911330526,0.266094581774772,0.09791548895003473,0.4143510304538419,0.863330638465087,0.08996179148891466,100.0,13.91765655434333,0.016666666666666666,0,100.0,80.0,30,30,60,60,0
streaming_no_causal,1179827488,2.0,1.8,0.0,0.4956574842801433,0.2469915206638536,0.3119695139425932,0.39284993030217263,0.764785571214521,0.050283372949428945,56.896551724137936,14.182158803772516,0.041666666666666664,0,250.0,240.0,29,29,34,189,0
streaming_causal,1179827488,2.0,1.8,0.0,0.5142404670632214,0.28379384791316514,0.06207461894068296,0.06651189893759374,0.22392696981513263,0.002196323189630976,56.896551724137936,12.92262315499398,0.041666666666666664,0,250.0,240.0,29,29,34,189,623
future_state_conditioned,1179827488,2.0,1.8,0.0,0.5154622658378646,0.29542667273411244,0.06587066967037172,0.4048715875464554,0.9270993560198599,0.041072383859868694,250.0,14.299404042880953,0.23333333333333334,46,250.0,240.0,23,24,144,144,0
isolated_n_step,3483337293,2.0,1.8,1.0,0.5233498185196528,0.18474296343812138,0.15909950837347445,0.5840871157638842,1.105210995615636,0.32722176558912575,250.0,15.15639643288072,0.23333333333333334,46,250.0,240.0,23,24,144,144,0
few_step_distilled,3483337293,2.0,1.8,1.0,0.46512001363689587,0.11252523473857341,0.06865166051637062,0.3702676980420018,0.638077895367479,0.126610399591997,100.0,13.530224358598696,0.016666666666666666,0,100.0,80.0,30,30,60,60,0
streaming_no_causal,3483337293,2.0,1.8,0.0,0.5557612008390796,0.23198445710782625,0.1537354797126169,0.2981274074709734,0.574315271245616,0.06672848629760134,56.896551724137936,13.519226842424217,0.041666666666666664,0,250.0,240.0,29,29,34,189,0
streaming_causal,3483337293,2.0,1.8,1.0,0.5595886838735454,0.0873144639189096,0.022208381579151337,0.06323156175475865,0.14616842216303083,0.002660163362568544,56.896551724137936,12.654176084578088,0.041666666666666664,0,250.0,240.0,29,29,34,189,623
future_state_conditioned,3483337293,2.0,1.8,1.0,0.5461548002485666,0.09279318432096413,0.040858300723333095,0.335291405121386,0.9692556635249507,0.06377738406233072,250.0,13.863283427646724,0.23333333333333334,46,250.0,240.0,23,24,144,144,0
isolated_n_step,228802487,2.0,1.8,0.0,0.5226565532977452,0.23389450363364628,0.11997971752222546,0.5318954110944826,1.174753421033671,0.24493304187258394,250.0,15.028716776849121,0.23333333333333334,46,250.0,240.0,23,24,144,144,0
few_step_distilled,228802487,2.0,1.8,1.0,0.4716153029441444,0.182286630368734,0.09520087100866922,0.40301160807938197,0.910877855816624,0.09575628146809027,100.0,13.39897515089099,0.016666666666666666,0,100.0,80.0,30,30,60,60,0
streaming_no_causal,228802487,2.0,1.8,1.0,0.5459682834827978,0.12354435670003484,0.24796216711767363,0.3633965243143562,0.6531617839508372,0.05419886323923026,56.896551724137936,13.943040666836314,0.041666666666666664,0,250.0,240.0,29,29,34,189,0
streaming_causal,228802487,2.0,1.8,0.0,0.5680994099534276,0.22194739603536742,0.08977125035281787,0.05818221744272655,0.16239367109459957,0.002283414709116723,56.896551724137936,12.700746926035709,0.041666666666666664,0,250.0,240.0,29,29,34,189,623
future_state_conditioned,228802487,2.0,1.8,0.0,0.5547367558323832,0.21907510264125096,0.0890727829712064,0.2972273909525542,0.8314990062824976,0.04880366354564113,250.0,13.573217690096733,0.23333333333333334,46,250.0,240.0,23,24,144,144,0
isolated_n_step,1241873457,2.0,1.8,0.0,0.5248191079998231,0.3160450415939999,0.27743902985964947,0.7547055608855561,1.8882299090047159,0.2861547743779495,250.0,17.439865063812352,0.23333333333333334,46,250.0,240.0,23,24,144,144,0
few_step_distilled,1241873457,2.0,1.8,0.0,0.4691009888644099,0.2704548179602966,0.19867571825576183,0.4120032051142672,0.7805210166588887,0.09919206066581775,100.0,14.197047821822654,0.016666666666666666,0,100.0,80.0,30,30,60,60,0
streaming_no_causal,1241873457,2.0,1.8,0.0,0.4837875340845015,0.3506997255065383,0.3672799376185647,0.3825888277897515,0.7584898223520925,0.05244797606379906,56.896551724137936,14.173052830361618,0.041666666666666664,0,250.0,240.0,29,29,34,189,0
streaming_causal,1241873457,2.0,1.8,0.0,0.514776955907759,0.29181832121336576,0.16058931180824257,0.08016416309007036,0.23458251111974485,0.003023504562498816,56.896551724137936,12.984759627578063,0.041666666666666664,0,250.0,240.0,29,29,34,189,623
future_state_conditioned,1241873457,2.0,1.8,0.0,0.5144044103087454,0.29083554063640515,0.16957066711857674,0.45821342067239984,1.5274578430802246,0.043442344103604744,250.0,14.912061383587648,0.23333333333333334,46,250.0,240.0,23,24,144,144,0
isolated_n_step,715182486,2.0,1.8,1.0,0.5364701839389198,0.18761741223848816,0.273275625450384,0.6683489748248638,1.465613204979389,0.278831004821285,250.0,15.903236932622026,0.23333333333333334,46,250.0,240.0,23,24,144,144,0
few_step_distilled,715182486,2.0,1.8,1.0,0.46983125379459817,0.09872324819938273,0.11446781863136683,0.45499110790729935,0.8693948377461522,0.11179581415140635,100.0,14.444641965415771,0.016666666666666666,0,100.0,80.0,30,30,60,60,0
streaming_no_causal,715182486,2.0,1.8,0.0,0.55578574877197,0.2032221337178008,0.11873269001135424,0.39987379443539395,0.6584270114982166,0.05882562253325102,56.896551724137936,14.04180470341778,0.041666666666666664,0,250.0,240.0,29,29,34,189,0
streaming_causal,715182486,2.0,1.8,1.0,0.5644119113724501,0.1333598377855197,0.2000600483229788,0.06618599327449211,0.18531902472851286,0.002776640763020986,56.896551724137936,12.724669100190988,0.041666666666666664,0,250.0,240.0,29,29,34,189,623
future_state_conditioned,715182486,2.0,1.8,1.0,0.5519308685279017,0.12366267462284518,0.18116791856493836,0.3846528184284367,1.293388967591329,0.05542327535008003,250.0,14.399404806179552,0.23333333333333334,46,250.0,240.0,23,24,144,144,0
isolated_n_step,719804553,2.0,1.8,0.0,0.5067463919796271,0.19861521824820402,0.3134113665227755,0.6947934202796735,1.4985469964291116,0.27326887027312025,250.0,16.502022770486604,0.23333333333333334,46,250.0,240.0,23,24,144,144,0
few_step_distilled,719804553,2.0,1.8,1.0,0.4451975510812371,0.18765749479398147,0.23589945423978095,0.39226695054204774,0.7981004539093668,0.1015356275506598,100.0,13.127083853287287,0.016666666666666666,0,100.0,80.0,30,30,60,60,0
streaming_no_causal,719804553,2.0,1.8,0.0,0.5002554152163533,0.2430568054339464,0.28779809288115576,0.33515500781039276,0.5419370645381141,0.055041248115200225,56.896551724137936,13.798188864781455,0.041666666666666664,0,250.0,240.0,29,29,34,189,0
streaming_causal,719804553,2.0,1.8,1.0,0.5055488466267727,0.17364515283634147,0.23454849849729634,0.07180958014552043,0.17080408477071274,0.002703554843984039,56.896551724137936,12.770493363991218,0.041666666666666664,0,250.0,240.0,29,29,34,189,623
future_state_conditioned,719804553,2.0,1.8,1.0,0.49936549987599527,0.18800419785744893,0.2642068529825156,0.39840723203923695,1.4809822113774784,0.05067145545496299,250.0,14.661305006693391,0.23333333333333334,46,250.0,240.0,23,24,144,144,0
isolated_n_step,3635758060,2.0,1.8,0.0,0.5016784981557889,0.25640384677117556,0.26318650002777416,0.6817934036498458,1.4718266490652006,0.28011660173427644,250.0,16.16204996128908,0.23333333333333334,46,250.0,240.0,23,24,144,144,0
few_step_distilled,3635758060,2.0,1.8,1.0,0.4384955736629904,0.1841348472518183,0.17091483163632337,0.3788398608574848,0.7622761713659999,0.10966291991411667,100.0,14.141931983927119,0.016666666666666666,0,100.0,80.0,30,30,60,60,0
streaming_no_causal,3635758060,2.0,1.8,0.0,0.5150836048775688,0.25708232137669773,0.1411670289079001,0.34933368008014865,0.6427043609883891,0.05900667214755122,56.896551724137936,13.852301117721641,0.041666666666666664,0,250.0,240.0,29,29,34,189,0
streaming_causal,3635758060,2.0,1.8,1.0,0.5185453439503903,0.1868674390282998,0.21006454602965857,0.07059037932579663,0.15842414540221672,0.0023786264048521804,56.896551724137936,12.757080505873379,0.041666666666666664,0,250.0,240.0,29,29,34,189,623
future_state_conditioned,3635758060,2.0,1.8,0.0,0.5124671875335932,0.21034296683916295,0.23218016428950594,0.3905573390026633,1.1569384075206823,0.054632210143822524,250.0,14.128581660585413,0.23333333333333334,46,250.0,240.0,23,24,144,144,0
isolated_n_step,968180047,2.0,1.8,0.0,0.5623560144406019,0.28341350798568543,0.2736270583722487,0.7276277207632905,1.839227609868087,0.34845520200657243,250.0,16.98780551058738,0.23333333333333334,46,250.0,240.0,23,24,144,144,0
few_step_distilled,968180047,2.0,1.8,0.0,0.4945576364231923,0.20609120194066552,0.15152416653117937,0.38694900602197657,0.8232835053502346,0.12406906699446268,100.0,13.179289801905703,0.016666666666666666,0,100.0,80.0,30,30,60,60,0
streaming_no_causal,968180047,2.0,1.8,0.0,0.5412741803084221,0.3910294021213897,0.37717765400092496,0.43533784250239643,0.8754302293080821,0.06747966229482774,56.896551724137936,14.48037493946647,0.041666666666666664,0,250.0,240.0,29,29,34,189,0
streaming_causal,968180047,2.0,1.8,0.0,0.5597373103723605,0.21821666831971548,0.14006006414603378,0.07816541259775552,0.2061204523902905,0.002829649123208776,56.896551724137936,12.842611087194975,0.041666666666666664,0,250.0,240.0,29,29,34,189,623
future_state_conditioned,968180047,2.0,1.8,0.0,0.555616314342386,0.2248471726025916,0.15451163318021036,0.44774157110387447,1.4559437144871232,0.05853317156510932,250.0,14.814989824005057,0.23333333333333334,46,250.0,240.0,23,24,144,144,0
