policy,episode,goal,policy_goal,refresh_every_steps,success,steps,settled_at,final_dist,min_dist,min_obstacle_margin,collision,mean_jerk
direct_32hz,0,0,0,1,1.0,17.0,16.0,0.0057066502049565315,0.0057066502049565315,0.04668489575386048,0.0,0.006739509291946888
direct_32hz,1,1,1,1,1.0,14.0,13.0,0.023517098277807236,0.023517098277807236,0.05810106277465821,0.0,0.007474911864846945
direct_32hz,2,2,2,1,1.0,13.0,13.0,0.04003097116947174,0.04003097116947174,0.07599968194961548,0.0,0.004756488371640444
direct_32hz,3,3,3,1,1.0,17.0,16.0,0.03686976432800293,0.03686976432800293,0.010858153104782109,0.0,0.008798068389296532
direct_32hz,4,0,0,1,1.0,16.0,14.0,0.023759417235851288,0.023759417235851288,0.06776696920394898,0.0,0.009978039190173149
direct_32hz,5,1,1,1,1.0,18.0,18.0,0.04895416647195816,0.04895416647195816,0.0655633556842804,0.0,0.007251039147377014
direct_32hz,6,2,2,1,1.0,11.0,10.0,0.012413479387760162,0.012413479387760162,0.0460800576210022,0.0,0.009249279275536537
direct_32hz,7,3,3,1,1.0,34.0,14.0,0.043751079589128494,0.043751079589128494,0.06719041347503663,0.0,0.006498911418020725
direct_32hz,8,0,0,1,1.0,12.0,10.0,0.04967246577143669,0.04967246577143669,0.029501204490661626,0.0,0.007188823074102402
direct_32hz,9,1,1,1,1.0,12.0,11.0,0.046450819820165634,0.046450819820165634,0.07247865676879883,0.0,0.006577141582965851
direct_32hz,10,2,2,1,1.0,12.0,12.0,0.05181870609521866,0.05181870609521866,0.05901334166526795,0.0,0.007023064885288477
direct_32hz,11,3,3,1,1.0,14.0,9.0,0.04280378296971321,0.04280378296971321,0.07125190377235413,0.0,0.004933290649205446
direct_32hz,12,0,0,1,1.0,14.0,13.0,0.016677621752023697,0.016677621752023697,0.013750289678573613,0.0,0.008660972118377686
direct_32hz,13,1,1,1,1.0,13.0,12.0,0.05339973047375679,0.05339973047375679,0.026825730800628667,0.0,0.010561095550656319
direct_32hz,14,2,2,1,1.0,12.0,11.0,0.01811448112130165,0.01811448112130165,0.05951712012290955,0.0,0.006615832448005676
direct_32hz,15,3,3,1,1.0,15.0,15.0,0.01724432036280632,0.01724432036280632,0.035160427093505864,0.0,0.006730054039508104
direct_32hz,16,0,0,1,1.0,13.0,13.0,0.0532442107796669,0.0532442107796669,0.032384847402572636,0.0,0.0066949427127838135
direct_32hz,17,1,1,1,1.0,20.0,18.0,0.03674057871103287,0.03674057871103287,0.07312480092048645,0.0,0.011236928403377533
direct_32hz,18,2,2,1,1.0,12.0,12.0,0.04607359319925308,0.04607359319925308,0.046885644197463994,0.0,0.006508619990199804
direct_32hz,19,3,3,1,1.0,17.0,17.0,0.045727912336587906,0.045727912336587906,0.15340525388717652,0.0,0.0033798415679484606
direct_32hz,20,0,0,1,1.0,13.0,13.0,0.03586028516292572,0.03586028516292572,0.04510581970214844,0.0,0.007693349849432707
direct_32hz,21,1,1,1,1.0,17.0,16.0,0.024614660069346428,0.024614660069346428,0.048012708425521855,0.0,0.0075595080852508545
direct_32hz,22,2,2,1,1.0,15.0,11.0,0.03686113655567169,0.03686113655567169,0.0676174807548523,0.0,0.017390189692378044
direct_32hz,23,3,3,1,1.0,13.0,12.0,0.04797394946217537,0.04797394946217537,0.03961447358131409,0.0,0.008310380391776562
direct_32hz,24,0,0,1,1.0,12.0,12.0,0.034992288798093796,0.034992288798093796,0.03818017721176148,0.0,0.004166251048445702
direct_32hz,25,1,1,1,1.0,15.0,14.0,0.051570434123277664,0.051570434123277664,0.05485091090202332,0.0,0.009362234733998775
direct_32hz,26,2,2,1,1.0,13.0,12.0,0.0056666424497962,0.0056666424497962,0.02449948072433472,0.0,0.007744319271296263
direct_32hz,27,3,3,1,1.0,14.0,14.0,0.04699143394827843,0.04699143394827843,0.10942990064620972,0.0,0.00449821213260293
direct_32hz,28,0,0,1,1.0,12.0,12.0,0.042879618704319,0.042879618704319,0.0895300853252411,0.0,0.007285939995199442
direct_32hz,29,1,1,1,1.0,13.0,13.0,0.048689939081668854,0.048689939081668854,0.00968838214874268,0.0,0.004295485094189644
direct_32hz,30,2,2,1,1.0,12.0,12.0,0.051935575902462006,0.051935575902462006,0.002500360012054448,0.0,0.006100735627114773
direct_32hz,31,3,3,1,1.0,16.0,14.0,0.04853802174329758,0.04853802174329758,0.07604435563087464,0.0,0.0036871242336928844
direct_32hz,32,0,0,1,1.0,18.0,14.0,0.050283364951610565,0.050283364951610565,0.12098554253578186,0.0,0.01551852561533451
direct_32hz,33,1,1,1,1.0,15.0,15.0,0.044619012624025345,0.044619012624025345,0.035460685491561894,0.0,0.010670231655240059
direct_32hz,34,2,2,1,1.0,13.0,12.0,0.028737127780914307,0.028737127780914307,0.07507101178169251,0.0,0.0063831014558672905
direct_32hz,35,3,3,1,1.0,10.0,10.0,0.04973885789513588,0.04973885789513588,0.05227202653884888,0.0,0.006473813205957413
direct_32hz,36,0,0,1,1.0,12.0,11.0,0.033657658845186234,0.033657658845186234,0.08542404055595398,0.0,0.006806161254644394
direct_32hz,37,1,1,1,1.0,11.0,11.0,0.03215109556913376,0.03215109556913376,0.024036620855331425,0.0,0.00709108030423522
direct_32hz,38,2,2,1,1.0,11.0,11.0,0.016385052353143692,0.016385052353143692,0.0417596447467804,0.0,0.005374237895011902
direct_32hz,39,3,3,1,1.0,14.0,13.0,0.042214978486299515,0.042214978486299515,0.03129336714744568,0.0,0.00607139291241765
direct_32hz,40,0,0,1,1.0,13.0,12.0,0.03114219941198826,0.03114219941198826,0.07265621900558472,0.0,0.00511874770745635
direct_32hz,41,1,1,1,1.0,14.0,13.0,0.04171683266758919,0.04171683266758919,0.04755810379981995,0.0,0.005058493930846453
direct_32hz,42,2,2,1,1.0,16.0,15.0,0.01086224801838398,0.01086224801838398,0.09933236718177796,0.0,0.018220653757452965
direct_32hz,43,3,3,1,0.0,15.0,15.0,0.03622559458017349,0.03622559458017349,-0.004732514619827266,1.0,0.004747574217617512
direct_32hz,44,0,0,1,1.0,15.0,14.0,0.05188440904021263,0.05188440904021263,0.03422016382217408,0.0,0.007501160725951195
direct_32hz,45,1,1,1,1.0,13.0,12.0,0.04491893947124481,0.04491893947124481,0.10963127493858338,0.0,0.004829220939427614
direct_32hz,46,2,2,1,1.0,19.0,18.0,0.04151201993227005,0.04151201993227005,0.034151409864425664,0.0,0.006667023990303278
direct_32hz,47,3,3,1,1.0,14.0,13.0,0.008801459334790707,0.008801459334790707,0.01834890723228455,0.0,0.008518806658685207
direct_32hz,48,0,0,1,1.0,12.0,9.0,0.026705045253038406,0.026705045253038406,0.0690907883644104,0.0,0.009020303376019001
direct_32hz,49,1,1,1,1.0,11.0,11.0,0.045589230954647064,0.045589230954647064,0.07060242176055909,0.0,0.008154048584401608
direct_32hz,50,2,2,1,1.0,13.0,13.0,0.032044194638729095,0.032044194638729095,0.06296054005622864,0.0,0.004391227848827839
direct_32hz,51,3,3,1,0.0,15.0,15.0,0.022027522325515747,0.022027522325515747,-0.01880396425724029,1.0,0.008196278475224972
direct_32hz,52,0,0,1,1.0,15.0,15.0,0.052451714873313904,0.052451714873313904,0.04615116596221924,0.0,0.007636482827365398
direct_32hz,53,1,1,1,1.0,13.0,12.0,0.027900971472263336,0.027900971472263336,0.08325332880020142,0.0,0.007215538527816534
direct_32hz,54,2,2,1,1.0,15.0,14.0,0.0484391413629055,0.0484391413629055,0.07805645942687989,0.0,0.0051022907719016075
direct_32hz,55,3,3,1,1.0,15.0,15.0,0.004644865170121193,0.004644865170121193,0.08729261636734009,0.0,0.004259962122887373
direct_32hz,56,0,0,1,1.0,15.0,15.0,0.04559779912233353,0.04559779912233353,0.06389734625816346,0.0,0.0048803966492414474
direct_32hz,57,1,1,1,1.0,16.0,14.0,0.048175033181905746,0.048175033181905746,0.0669657039642334,0.0,0.008552897721529007
direct_32hz,58,2,2,1,1.0,13.0,12.0,0.05095149576663971,0.05095149576663971,0.0592038381099701,0.0,0.007983352057635784
direct_32hz,59,3,3,1,1.0,16.0,15.0,0.05049476400017738,0.05049476400017738,0.04519543528556824,0.0,0.006138029042631388
direct_32hz,60,0,0,1,1.0,14.0,13.0,0.018832650035619736,0.018832650035619736,0.01789787888526917,0.0,0.0069926888681948185
direct_32hz,61,1,1,1,1.0,24.0,14.0,0.037875618785619736,0.037875618785619736,0.08899853110313416,0.0,0.007711604703217745
direct_32hz,62,2,2,1,1.0,12.0,11.0,0.029589444398880005,0.029589444398880005,0.13849822163581849,0.0,0.003216041252017021
direct_32hz,63,3,3,1,1.0,15.0,13.0,0.051393695175647736,0.051393695175647736,0.042912398576736455,0.0,0.007039371412247419
direct_32hz,64,0,0,1,0.0,16.0,15.0,0.038561515510082245,0.038561515510082245,-0.0055992853641509965,1.0,0.0068617044016718864
direct_32hz,65,1,1,1,1.0,15.0,14.0,0.03609659895300865,0.03609659895300865,0.07036826491355896,0.0,0.00805703829973936
direct_32hz,66,2,2,1,1.0,17.0,17.0,0.04532505199313164,0.04532505199313164,0.10445228695869446,0.0,0.006199100520461798
direct_32hz,67,3,3,1,1.0,15.0,12.0,0.04718736186623573,0.04718736186623573,0.04229987144470215,0.0,0.0047333273105323315
direct_32hz,68,0,0,1,1.0,18.0,14.0,0.02890683338046074,0.02890683338046074,0.017881159782409672,0.0,0.013915607705712318
direct_32hz,69,1,1,1,1.0,13.0,12.0,0.0479220449924469,0.0479220449924469,0.0322478461265564,0.0,0.0063707176595926285
direct_32hz,70,2,2,1,1.0,15.0,14.0,0.04693244770169258,0.04693244770169258,0.04341352462768555,0.0,0.007444507442414761
direct_32hz,71,3,3,1,1.0,19.0,15.0,0.04664666950702667,0.04664666950702667,0.13582465529441834,0.0,0.005580777768045664
direct_32hz,72,0,0,1,1.0,11.0,10.0,0.03996632993221283,0.03996632993221283,0.023758177757263188,0.0,0.006138533353805542
direct_32hz,73,1,1,1,1.0,14.0,14.0,0.051835015416145325,0.051835015416145325,0.05727577686309815,0.0,0.008329140022397041
direct_32hz,74,2,2,1,1.0,11.0,10.0,0.0015080389566719532,0.0015080389566719532,0.03596142411231995,0.0,0.005202187225222588
direct_32hz,75,3,3,1,1.0,15.0,15.0,0.028018666431307793,0.028018666431307793,0.1187966811656952,0.0,0.003836638992652297
direct_32hz,76,0,0,1,1.0,11.0,10.0,0.03072040155529976,0.03072040155529976,0.06982669711112977,0.0,0.004146464169025421
direct_32hz,77,1,1,1,1.0,20.0,11.0,0.03527381643652916,0.03527381643652916,0.04277566552162171,0.0,0.008812788873910904
direct_32hz,78,2,2,1,0.0,13.0,13.0,0.038626547902822495,0.038626547902822495,-0.008081088662147518,1.0,0.008901786059141159
direct_32hz,79,3,3,1,1.0,13.0,10.0,0.051689937710762024,0.051689937710762024,0.07351130723953248,0.0,0.004474415443837643
direct_32hz,80,0,0,1,1.0,14.0,14.0,0.017392190173268318,0.017392190173268318,0.09675771474838257,0.0,0.005769208539277315
direct_32hz,81,1,1,1,1.0,22.0,18.0,0.04811827465891838,0.04811827465891838,0.019736145734786992,0.0,0.012076273560523987
direct_32hz,82,2,2,1,1.0,14.0,14.0,0.010266512632369995,0.010266512632369995,0.06742316961288453,0.0,0.003983902279287577
direct_32hz,83,3,3,1,1.0,15.0,14.0,0.049090899527072906,0.049090899527072906,0.09624085307121277,0.0,0.004873957019299269
direct_32hz,84,0,0,1,1.0,14.0,12.0,0.04347354918718338,0.04347354918718338,0.12645528197288514,0.0,0.006246168166399002
direct_32hz,85,1,1,1,1.0,17.0,14.0,0.049372706562280655,0.049372706562280655,0.0505315113067627,0.0,0.009434954263269901
direct_32hz,86,2,2,1,1.0,12.0,12.0,0.03983546048402786,0.03983546048402786,0.021477435827255253,0.0,0.0038711142260581255
direct_32hz,87,3,3,1,1.0,17.0,14.0,0.04165127873420715,0.04165127873420715,0.04774871945381165,0.0,0.006449826527386904
direct_32hz,88,0,0,1,1.0,14.0,13.0,0.02928151562809944,0.02928151562809944,0.11779195547103882,0.0,0.006476065143942833
direct_32hz,89,1,1,1,1.0,19.0,18.0,0.04484999552369118,0.04484999552369118,0.05406442761421204,0.0,0.008905239403247833
direct_32hz,90,2,2,1,1.0,13.0,12.0,0.04002957418560982,0.04002957418560982,0.03385717153549195,0.0,0.008273598738014698
direct_32hz,91,3,3,1,1.0,13.0,12.0,0.039252299815416336,0.039252299815416336,0.08560872554779053,0.0,0.005565602332353592
direct_32hz,92,0,0,1,1.0,16.0,15.0,0.03288464993238449,0.03288464993238449,0.03862128138542176,0.0,0.00738806277513504
direct_32hz,93,1,1,1,1.0,20.0,19.0,0.03940287232398987,0.03940287232398987,0.04148734092712403,0.0,0.007474811747670174
direct_32hz,94,2,2,1,1.0,12.0,12.0,0.02961132302880287,0.02961132302880287,0.07589382410049439,0.0,0.005857048090547323
direct_32hz,95,3,3,1,0.0,14.0,13.0,0.030997199937701225,0.030997199937701225,-0.04620891332626342,1.0,0.006112825125455856
direct_32hz,96,0,0,1,1.0,14.0,13.0,0.0376155860722065,0.0376155860722065,0.030361388921737675,0.0,0.012076199986040592
direct_32hz,97,1,1,1,1.0,22.0,19.0,0.02214459702372551,0.02214459702372551,0.08827767252922059,0.0,0.009955279529094696
direct_32hz,98,2,2,1,1.0,11.0,10.0,0.03299403190612793,0.03299403190612793,0.08474424958229065,0.0,0.004498528316617012
direct_32hz,99,3,3,1,0.0,13.0,12.0,0.016694320365786552,0.016694320365786552,-0.07122292637825012,1.0,0.005513363052159548
direct_32hz,100,0,0,1,1.0,11.0,10.0,0.007403850555419922,0.007403850555419922,0.03280568599700928,0.0,0.011869193986058235
direct_32hz,101,1,1,1,1.0,19.0,18.0,0.050663337111473083,0.050663337111473083,0.06810155987739563,0.0,0.011442206799983978
direct_32hz,102,2,2,1,1.0,13.0,12.0,0.02578921988606453,0.02578921988606453,0.04978433728218079,0.0,0.005603496916592121
direct_32hz,103,3,3,1,1.0,13.0,12.0,0.05259734019637108,0.05259734019637108,0.002211977839469914,0.0,0.010165523737668991
direct_32hz,104,0,0,1,1.0,15.0,12.0,0.03931829333305359,0.03931829333305359,0.006465111970901494,0.0,0.012198386713862419
direct_32hz,105,1,1,1,1.0,14.0,14.0,0.04079170152544975,0.04079170152544975,0.06491235375404358,0.0,0.006716421339660883
direct_32hz,106,2,2,1,1.0,16.0,14.0,0.04931038245558739,0.04931038245558739,0.06193730711936951,0.0,0.008063930086791515
direct_32hz,107,3,3,1,1.0,16.0,14.0,0.03198031708598137,0.03198031708598137,0.043212388753890996,0.0,0.006170328706502914
direct_32hz,108,0,0,1,1.0,16.0,16.0,0.03814595192670822,0.03814595192670822,0.008219038248062138,0.0,0.009809250012040138
direct_32hz,109,1,1,1,1.0,16.0,15.0,0.045655764639377594,0.045655764639377594,0.0850539255142212,0.0,0.006324990186840296
direct_32hz,110,2,2,1,1.0,13.0,13.0,0.04224735125899315,0.04224735125899315,0.11179712891578675,0.0,0.004801952745765448
direct_32hz,111,3,3,1,1.0,15.0,15.0,0.03384597599506378,0.03384597599506378,0.07348594546318055,0.0,0.006897888612002134
direct_32hz,112,0,0,1,1.0,11.0,11.0,0.050337571650743484,0.050337571650743484,0.010238682031631474,0.0,0.008759457617998123
direct_32hz,113,1,1,1,1.0,14.0,12.0,0.04356406629085541,0.04356406629085541,0.03587425231933594,0.0,0.008939828723669052
direct_32hz,114,2,2,1,1.0,11.0,10.0,0.019793201237916946,0.019793201237916946,0.05267191410064698,0.0,0.004901045933365822
direct_32hz,115,3,3,1,1.0,15.0,15.0,0.027539702132344246,0.027539702132344246,0.07453266263008118,0.0,0.003319215029478073
direct_32hz,116,0,0,1,1.0,12.0,11.0,0.0427515022456646,0.0427515022456646,0.015855495929718022,0.0,0.0036140952724963427
direct_32hz,117,1,1,1,0.0,12.0,12.0,0.051625367254018784,0.051625367254018784,-0.02238234400749206,1.0,0.007661585696041584
direct_32hz,118,2,2,1,1.0,12.0,11.0,0.03671012073755264,0.03671012073755264,0.11345106840133667,0.0,0.006794390734285116
direct_32hz,119,3,3,1,1.0,16.0,15.0,0.026999302208423615,0.026999302208423615,0.1069277572631836,0.0,0.0061475252732634544
direct_32hz,120,0,0,1,1.0,14.0,14.0,0.052261099219322205,0.052261099219322205,0.00233836948871613,0.0,0.008674087934195995
direct_32hz,121,1,1,1,1.0,14.0,14.0,0.05172731354832649,0.05172731354832649,0.06736541271209717,0.0,0.00899267103523016
direct_32hz,122,2,2,1,1.0,13.0,12.0,0.04135910049080849,0.04135910049080849,0.0648721206188202,0.0,0.006881031207740307
direct_32hz,123,3,3,1,1.0,15.0,15.0,0.04164130240678787,0.04164130240678787,0.11008537292480469,0.0,0.0051109204068779945
direct_32hz,124,0,0,1,1.0,13.0,13.0,0.040910493582487106,0.040910493582487106,0.06474477529525757,0.0,0.006686605978757143
direct_32hz,125,1,1,1,0.0,14.0,12.0,0.050788938999176025,0.050788938999176025,-0.02766331553459167,1.0,0.009033623151481152
direct_32hz,126,2,2,1,1.0,13.0,12.0,0.013011546805500984,0.013011546805500984,0.013737474679946904,0.0,0.007037820294499397
direct_32hz,127,3,3,1,1.0,14.0,14.0,0.01793646067380905,0.01793646067380905,0.017961566448211674,0.0,0.009113685227930546
direct_32hz,128,0,0,1,1.0,14.0,13.0,0.03247382491827011,0.03247382491827011,0.007685725688934331,0.0,0.011145415715873241
direct_32hz,129,1,1,1,0.0,13.0,12.0,0.017168808728456497,0.017168808728456497,-0.001192773580551143,1.0,0.005889507010579109
direct_32hz,130,2,2,1,1.0,12.0,11.0,0.04129504784941673,0.04129504784941673,0.032927577495574956,0.0,0.006541369948536158
direct_32hz,131,3,3,1,1.0,14.0,13.0,0.03586435317993164,0.03586435317993164,0.06289947509765625,0.0,0.007053359877318144
direct_32hz,132,0,0,1,1.0,18.0,14.0,0.028463775292038918,0.028463775292038918,0.06988227844238282,0.0,0.016044413670897484
direct_32hz,133,1,1,1,1.0,25.0,21.0,0.05009905621409416,0.05009905621409416,0.0021734136343002364,0.0,0.009393048472702503
direct_32hz,134,2,2,1,0.0,13.0,13.0,0.03514489904046059,0.03514489904046059,-0.012617926001548763,1.0,0.006952023133635521
direct_32hz,135,3,3,1,1.0,15.0,15.0,0.04402695596218109,0.04402695596218109,0.034506236314773564,0.0,0.009352853521704674
direct_32hz,136,0,0,1,1.0,13.0,12.0,0.01162027008831501,0.01162027008831501,0.045638923645019536,0.0,0.0050924597308039665
direct_32hz,137,1,1,1,1.0,17.0,17.0,0.04238821566104889,0.04238821566104889,0.09026900410652161,0.0,0.007749789860099554
direct_32hz,138,2,2,1,1.0,11.0,11.0,0.0370163694024086,0.0370163694024086,0.05416647076606751,0.0,0.007362468168139458
direct_32hz,139,3,3,1,1.0,14.0,12.0,0.03889329731464386,0.03889329731464386,0.10147220373153687,0.0,0.004879955668002367
direct_32hz,140,0,0,1,1.0,14.0,13.0,0.01544507872313261,0.01544507872313261,0.05638438940048218,0.0,0.007502267137169838
direct_32hz,141,1,1,1,1.0,21.0,20.0,0.052236657589673996,0.052236657589673996,0.05786401510238648,0.0,0.009558859281241894
direct_32hz,142,2,2,1,1.0,12.0,12.0,0.02077583409845829,0.02077583409845829,0.016746436357498173,0.0,0.006704887840896845
direct_32hz,143,3,3,1,1.0,12.0,10.0,0.014544697478413582,0.014544697478413582,0.041807119846344,0.0,0.006434955634176731
direct_32hz,144,0,0,1,1.0,12.0,11.0,0.015620932914316654,0.015620932914316654,0.03958279371261597,0.0,0.004020893946290016
direct_32hz,145,1,1,1,1.0,13.0,12.0,0.044668830931186676,0.044668830931186676,0.1018635380268097,0.0,0.004158617928624153
direct_32hz,146,2,2,1,1.0,11.0,10.0,0.013685911893844604,0.013685911893844604,0.0930093276500702,0.0,0.005293389782309532
direct_32hz,147,3,3,1,0.0,14.0,11.0,0.05150352418422699,0.05150352418422699,-0.015045429468154903,1.0,0.005173470359295607
direct_32hz,148,0,0,1,1.0,14.0,14.0,0.05154179409146309,0.05154179409146309,0.037914996147155766,0.0,0.006665743421763182
direct_32hz,149,1,1,1,1.0,22.0,14.0,0.03442785516381264,0.03442785516381264,0.06924731016159058,0.0,0.010241837240755558
direct_32hz,150,2,2,1,1.0,29.0,24.0,0.031964920461177826,0.031964920461177826,0.09622565388679505,0.0,0.011671732179820538
direct_32hz,151,3,3,1,1.0,14.0,14.0,0.04350531846284866,0.04350531846284866,0.08422360301017762,0.0,0.00480367848649621
direct_32hz,152,0,0,1,1.0,9.0,9.0,0.050003912299871445,0.050003912299871445,0.040486489534378056,0.0,0.012599351815879345
direct_32hz,153,1,1,1,1.0,14.0,13.0,0.03674394637346268,0.03674394637346268,0.07183659553527832,0.0,0.011034672148525715
direct_32hz,154,2,2,1,1.0,13.0,13.0,0.031044069677591324,0.031044069677591324,0.06620842695236206,0.0,0.005361011251807213
direct_32hz,155,3,3,1,1.0,19.0,14.0,0.04184027388691902,0.04184027388691902,0.08741593837738038,0.0,0.00690383929759264
direct_32hz,156,0,0,1,1.0,14.0,13.0,0.023612799122929573,0.023612799122929573,0.04887655854225159,0.0,0.006265417207032442
direct_32hz,157,1,1,1,1.0,15.0,13.0,0.04985889419913292,0.04985889419913292,0.04296210885047913,0.0,0.006729814223945141
direct_32hz,158,2,2,1,1.0,14.0,12.0,0.012287981808185577,0.012287981808185577,0.039712046384811406,0.0,0.005164366215467453
direct_32hz,159,3,3,1,0.0,12.0,11.0,0.05167771875858307,0.05167771875858307,-0.014177243113517757,1.0,0.009517719969153404
direct_32hz,160,0,0,1,1.0,13.0,13.0,0.019901325926184654,0.019901325926184654,0.0013802546262741133,0.0,0.00917856115847826
direct_32hz,161,1,1,1,1.0,18.0,17.0,0.032114818692207336,0.032114818692207336,0.05846298217773438,0.0,0.007927969098091125
direct_32hz,162,2,2,1,1.0,12.0,12.0,0.0383906215429306,0.0383906215429306,0.09600311994552613,0.0,0.0046637156046926975
direct_32hz,163,3,3,1,1.0,15.0,15.0,0.04876331612467766,0.04876331612467766,0.0708823847770691,0.0,0.0034697470255196095
direct_32hz,164,0,0,1,1.0,14.0,13.0,0.04608433321118355,0.04608433321118355,0.04280511021614075,0.0,0.007502556312829256
direct_32hz,165,1,1,1,1.0,14.0,14.0,0.05065622925758362,0.05065622925758362,0.011895005702972417,0.0,0.004656482022255659
direct_32hz,166,2,2,1,1.0,10.0,10.0,0.03718867152929306,0.03718867152929306,0.046406273841857915,0.0,0.005638438276946545
direct_32hz,167,3,3,1,1.0,17.0,16.0,0.035673778504133224,0.035673778504133224,0.09807968616485596,0.0,0.0052935718558728695
direct_32hz,168,0,0,1,1.0,13.0,13.0,0.031345222145318985,0.031345222145318985,0.046936039924621586,0.0,0.007433855440467596
direct_32hz,169,1,1,1,1.0,12.0,12.0,0.05134723708033562,0.05134723708033562,0.019939129352569585,0.0,0.006738540716469288
direct_32hz,170,2,2,1,1.0,14.0,13.0,0.04095394164323807,0.04095394164323807,0.07129046797752381,0.0,0.005087003111839294
direct_32hz,171,3,3,1,1.0,13.0,12.0,0.035084642469882965,0.035084642469882965,0.1323648738861084,0.0,0.0037576640024781227
direct_32hz,172,0,0,1,1.0,15.0,15.0,0.03640880063176155,0.03640880063176155,0.12456602334976197,0.0,0.0033793956972658634
direct_32hz,173,1,1,1,1.0,18.0,13.0,0.045810408890247345,0.045810408890247345,0.040687208175659184,0.0,0.007787709590047598
direct_32hz,174,2,2,1,1.0,15.0,15.0,0.04177152365446091,0.04177152365446091,0.04493824124336243,0.0,0.007516934536397457
direct_32hz,175,3,3,1,1.0,15.0,15.0,0.03709370270371437,0.03709370270371437,0.08439192652702332,0.0,0.0037633602041751146
direct_32hz,176,0,0,1,1.0,16.0,15.0,0.05153338611125946,0.05153338611125946,0.05978727817535401,0.0,0.009695147164165974
direct_32hz,177,1,1,1,1.0,19.0,18.0,0.03847183659672737,0.03847183659672737,0.08245900750160218,0.0,0.006210977211594582
direct_32hz,178,2,2,1,0.0,13.0,13.0,0.05117369815707207,0.05117369815707207,-0.013680870532989498,1.0,0.008229491300880909
direct_32hz,179,3,3,1,1.0,22.0,15.0,0.04519530013203621,0.04519530013203621,0.04298216581344605,0.0,0.008494780398905277
direct_32hz,180,0,0,1,1.0,13.0,13.0,0.019928356632590294,0.019928356632590294,0.09330046653747559,0.0,0.00925857201218605
direct_32hz,181,1,1,1,1.0,12.0,11.0,0.053524862974882126,0.053524862974882126,0.0488777506351471,0.0,0.005667363293468952
direct_32hz,182,2,2,1,1.0,14.0,13.0,0.03918260335922241,0.03918260335922241,0.075212721824646,0.0,0.006926002446562052
direct_32hz,183,3,3,1,1.0,19.0,13.0,0.03419863060116768,0.03419863060116768,0.05691650986671448,0.0,0.00542045384645462
direct_32hz,184,0,0,1,1.0,14.0,13.0,0.03592124581336975,0.03592124581336975,0.09437942981719971,0.0,0.005411394406110048
direct_32hz,185,1,1,1,1.0,14.0,13.0,0.013805815018713474,0.013805815018713474,0.013094489574432377,0.0,0.007755312602967024
direct_32hz,186,2,2,1,1.0,13.0,12.0,0.004287154879420996,0.004287154879420996,0.06847507238388062,0.0,0.007584199775010347
direct_32hz,187,3,3,1,1.0,15.0,15.0,0.03553253784775734,0.03553253784775734,0.08547401905059815,0.0,0.003028737846761942
direct_32hz,188,0,0,1,1.0,16.0,14.0,0.05246758460998535,0.05246758460998535,0.079555903673172,0.0,0.008577489294111729
direct_32hz,189,1,1,1,1.0,23.0,20.0,0.044141724705696106,0.044141724705696106,0.025110338926315312,0.0,0.008266297169029713
direct_32hz,190,2,2,1,1.0,13.0,12.0,0.03458040580153465,0.03458040580153465,0.004102085828781132,0.0,0.006514793261885643
direct_32hz,191,3,3,1,1.0,14.0,13.0,0.04392693564295769,0.04392693564295769,0.021100198030471806,0.0,0.005766385700553656
direct_32hz,192,0,0,1,1.0,12.0,12.0,0.03477930650115013,0.03477930650115013,0.016031448841094975,0.0,0.007762850262224674
direct_32hz,193,1,1,1,1.0,22.0,18.0,0.04250522330403328,0.04250522330403328,0.05703497409820557,0.0,0.011022736318409443
direct_32hz,194,2,2,1,1.0,19.0,14.0,0.04405749961733818,0.04405749961733818,0.044054483175277714,0.0,0.009601385332643986
direct_32hz,195,3,3,1,0.0,17.0,15.0,0.03320125490427017,0.03320125490427017,-0.012369493842124935,1.0,0.010547442361712456
direct_32hz,196,0,0,1,1.0,12.0,12.0,0.035295531153678894,0.035295531153678894,0.05817884683609009,0.0,0.005338353104889393
direct_32hz,197,1,1,1,1.0,18.0,13.0,0.04812408611178398,0.04812408611178398,0.05973271012306214,0.0,0.00950433686375618
direct_32hz,198,2,2,1,1.0,17.0,16.0,0.03954016789793968,0.03954016789793968,0.04235271096229554,0.0,0.00739713991060853
direct_32hz,199,3,3,1,1.0,15.0,15.0,0.015329559333622456,0.015329559333622456,0.08419597625732422,0.0,0.007246270310133696
direct_throttled_11hz,0,0,0,3,1.0,16.0,16.0,0.05397852137684822,0.05397852137684822,0.03368282794952393,0.0,0.0034471338149160147
direct_throttled_11hz,1,1,1,3,1.0,12.0,12.0,0.043174464255571365,0.043174464255571365,0.060144757032394414,0.0,0.002728827763348818
direct_throttled_11hz,2,2,2,3,1.0,13.0,13.0,0.04233258590102196,0.04233258590102196,0.06260985612869263,0.0,0.0036590704694390297
direct_throttled_11hz,3,3,3,3,1.0,17.0,14.0,0.03740580007433891,0.03740580007433891,0.004089390039443974,0.0,0.005826436448842287
direct_throttled_11hz,4,0,0,3,1.0,15.0,15.0,0.04272574186325073,0.04272574186325073,0.06193656206130982,0.0,0.008444818668067455
direct_throttled_11hz,5,1,1,3,1.0,19.0,14.0,0.035172026604413986,0.035172026604413986,0.065721755027771,0.0,0.008811278268694878
direct_throttled_11hz,6,2,2,3,1.0,11.0,10.0,0.028172075748443604,0.028172075748443604,0.03233278274536133,0.0,0.00547453761100769
direct_throttled_11hz,7,3,3,3,1.0,23.0,15.0,0.046385884284973145,0.046385884284973145,0.06873506784439087,0.0,0.007878870703279972
direct_throttled_11hz,8,0,0,3,1.0,13.0,9.0,0.029314842075109482,0.029314842075109482,0.028411631584167485,0.0,0.0065496028400957584
direct_throttled_11hz,9,1,1,3,0.0,34.0,34.0,0.18086974322795868,0.07613930106163025,0.07463622570037842,0.0,0.014149326831102371
direct_throttled_11hz,10,2,2,3,1.0,12.0,12.0,0.05099528282880783,0.05099528282880783,0.045619552135467534,0.0,0.003212879877537489
direct_throttled_11hz,11,3,3,3,1.0,9.0,9.0,0.04245874285697937,0.04245874285697937,0.06674042820930481,0.0,0.005863660015165806
direct_throttled_11hz,12,0,0,3,1.0,14.0,14.0,0.04970661550760269,0.04970661550760269,0.00793466448783875,0.0,0.01052797120064497
direct_throttled_11hz,13,1,1,3,1.0,15.0,14.0,0.029572023078799248,0.029572023078799248,0.02120659232139588,0.0,0.010736433789134026
direct_throttled_11hz,14,2,2,3,1.0,12.0,11.0,0.006602536886930466,0.006602536886930466,0.052434121370315556,0.0,0.0049093132838606834
direct_throttled_11hz,15,3,3,3,1.0,15.0,15.0,0.031111501157283783,0.031111501157283783,0.0348134982585907,0.0,0.006246923469007015
direct_throttled_11hz,16,0,0,3,0.0,34.0,13.0,0.2408318817615509,0.058047693222761154,0.0264667022228241,0.0,0.016709167510271072
direct_throttled_11hz,17,1,1,3,1.0,20.0,18.0,0.03945393115282059,0.03945393115282059,0.06472632765769959,0.0,0.007745583076030016
direct_throttled_11hz,18,2,2,3,1.0,13.0,12.0,0.03485797718167305,0.03485797718167305,0.033137207031250004,0.0,0.008216784335672855
direct_throttled_11hz,19,3,3,3,1.0,17.0,16.0,0.043403204530477524,0.043403204530477524,0.15612471580505372,0.0,0.0038434092421084642
direct_throttled_11hz,20,0,0,3,1.0,13.0,13.0,0.035718902945518494,0.035718902945518494,0.05104780673980713,0.0,0.00898844562470913
direct_throttled_11hz,21,1,1,3,1.0,16.0,15.0,0.02844834327697754,0.02844834327697754,0.054469232559204106,0.0,0.0066195158287882805
direct_throttled_11hz,22,2,2,3,1.0,15.0,11.0,0.04909540340304375,0.04909540340304375,0.056876515150070195,0.0,0.01650790311396122
direct_throttled_11hz,23,3,3,3,1.0,14.0,13.0,0.04925520345568657,0.04925520345568657,0.030620281696319585,0.0,0.007540931459516287
direct_throttled_11hz,24,0,0,3,1.0,12.0,12.0,0.05153033509850502,0.05153033509850502,0.037021224498748784,0.0,0.00827002339065075
direct_throttled_11hz,25,1,1,3,1.0,14.0,14.0,0.04889574274420738,0.04889574274420738,0.05622447013854981,0.0,0.006079571787267923
direct_throttled_11hz,26,2,2,3,1.0,13.0,13.0,0.02589428797364235,0.02589428797364235,0.012027745246887211,0.0,0.008747092448174953
direct_throttled_11hz,27,3,3,3,1.0,15.0,14.0,0.03133302554488182,0.03133302554488182,0.11009037971496582,0.0,0.003952975384891033
direct_throttled_11hz,28,0,0,3,1.0,13.0,12.0,0.021970123052597046,0.021970123052597046,0.08043355226516724,0.0,0.0048527466133236885
direct_throttled_11hz,29,1,1,3,0.0,13.0,12.0,0.028903577476739883,0.028903577476739883,-0.002418453693389888,1.0,0.007572190370410681
direct_throttled_11hz,30,2,2,3,0.0,13.0,12.0,0.031393084675073624,0.031393084675073624,-0.017059664130210872,1.0,0.0067937313579022884
direct_throttled_11hz,31,3,3,3,1.0,17.0,14.0,0.03223543241620064,0.03223543241620064,0.0732317316532135,0.0,0.007938355207443237
direct_throttled_11hz,32,0,0,3,1.0,16.0,15.0,0.04516100138425827,0.04516100138425827,0.1191573190689087,0.0,0.010839871130883694
direct_throttled_11hz,33,1,1,3,1.0,12.0,12.0,0.04062119126319885,0.04062119126319885,0.02836397767066956,0.0,0.003564911661669612
direct_throttled_11hz,34,2,2,3,1.0,13.0,12.0,0.03909335285425186,0.03909335285425186,0.07768849015235901,0.0,0.005230635870248079
direct_throttled_11hz,35,3,3,3,1.0,10.0,9.0,0.03748226910829544,0.03748226910829544,0.05046928405761719,0.0,0.007490924559533596
direct_throttled_11hz,36,0,0,3,1.0,14.0,10.0,0.021815543994307518,0.021815543994307518,0.08968005061149598,0.0,0.011904195882380009
direct_throttled_11hz,37,1,1,3,1.0,11.0,11.0,0.04273098707199097,0.04273098707199097,0.01639357686042786,0.0,0.008648470044136047
direct_throttled_11hz,38,2,2,3,1.0,11.0,11.0,0.015312699601054192,0.015312699601054192,0.03235179662704468,0.0,0.006052656099200249
direct_throttled_11hz,39,3,3,3,1.0,14.0,13.0,0.04169738292694092,0.04169738292694092,0.02698901772499085,0.0,0.004819977562874556
direct_throttled_11hz,40,0,0,3,1.0,13.0,13.0,0.040247347205877304,0.040247347205877304,0.06421012163162232,0.0,0.005338374990969896
direct_throttled_11hz,41,1,1,3,1.0,14.0,13.0,0.04555737227201462,0.04555737227201462,0.038408224582672124,0.0,0.006373898591846228
direct_throttled_11hz,42,2,2,3,1.0,15.0,15.0,0.04797762632369995,0.04797762632369995,0.0953644859790802,0.0,0.0036555598489940166
direct_throttled_11hz,43,3,3,3,0.0,15.0,15.0,0.021407824009656906,0.021407824009656906,-0.007959480285644527,1.0,0.006793538574129343
direct_throttled_11hz,44,0,0,3,1.0,15.0,15.0,0.023422421887516975,0.023422421887516975,0.026336197853088383,0.0,0.008699689991772175
direct_throttled_11hz,45,1,1,3,1.0,13.0,12.0,0.04746803641319275,0.04746803641319275,0.10790306806564331,0.0,0.004913379438221455
direct_throttled_11hz,46,2,2,3,1.0,19.0,18.0,0.04277997836470604,0.04277997836470604,0.03107110142707825,0.0,0.007299590390175581
direct_throttled_11hz,47,3,3,3,1.0,14.0,13.0,0.005459343548864126,0.005459343548864126,0.010072146654129033,0.0,0.006263681221753359
direct_throttled_11hz,48,0,0,3,1.0,12.0,9.0,0.011253003031015396,0.011253003031015396,0.0693359124660492,0.0,0.0065502868965268135
direct_throttled_11hz,49,1,1,3,1.0,11.0,11.0,0.039933979511260986,0.039933979511260986,0.06621203303337098,0.0,0.0073426696471869946
direct_throttled_11hz,50,2,2,3,1.0,13.0,13.0,0.034889884293079376,0.034889884293079376,0.05073222994804383,0.0,0.004303990863263607
direct_throttled_11hz,51,3,3,3,0.0,15.0,15.0,0.026012467220425606,0.026012467220425606,-0.02551003813743591,1.0,0.00655245129019022
direct_throttled_11hz,52,0,0,3,1.0,16.0,15.0,0.05012234300374985,0.05012234300374985,0.047138934135437016,0.0,0.0062593999318778515
direct_throttled_11hz,53,1,1,3,1.0,13.0,12.0,0.017581192776560783,0.017581192776560783,0.07270226359367371,0.0,0.007442498579621315
direct_throttled_11hz,54,2,2,3,1.0,15.0,14.0,0.03388536348938942,0.03388536348938942,0.07132325053215027,0.0,0.003259083488956094
direct_throttled_11hz,55,3,3,3,1.0,15.0,15.0,0.009117191657423973,0.009117191657423973,0.09725907921791077,0.0,0.00589838856831193
direct_throttled_11hz,56,0,0,3,1.0,15.0,15.0,0.04867306724190712,0.04867306724190712,0.05988115549087525,0.0,0.005252259783446789
direct_throttled_11hz,57,1,1,3,1.0,14.0,13.0,0.04611542448401451,0.04611542448401451,0.06367704749107361,0.0,0.006935725454241037
direct_throttled_11hz,58,2,2,3,1.0,15.0,14.0,0.045842383056879044,0.045842383056879044,0.04982054710388184,0.0,0.016762614250183105
direct_throttled_11hz,59,3,3,3,1.0,16.0,15.0,0.05162753537297249,0.05162753537297249,0.04053670644760132,0.0,0.006896561477333307
direct_throttled_11hz,60,0,0,3,1.0,14.0,14.0,0.045438703149557114,0.045438703149557114,0.01226142525672913,0.0,0.013080631382763386
direct_throttled_11hz,61,1,1,3,1.0,14.0,14.0,0.05387616530060768,0.05387616530060768,0.09096614003181458,0.0,0.0069641671143472195
direct_throttled_11hz,62,2,2,3,1.0,12.0,11.0,0.034946244210004807,0.034946244210004807,0.13551608204841614,0.0,0.0012788232415914536
direct_throttled_11hz,63,3,3,3,1.0,24.0,15.0,0.037650831043720245,0.037650831043720245,0.0369511890411377,0.0,0.008134931325912476
direct_throttled_11hz,64,0,0,3,0.0,17.0,16.0,0.026456378400325775,0.026456378400325775,-0.022704343199729915,1.0,0.011439155787229538
direct_throttled_11hz,65,1,1,3,1.0,15.0,15.0,0.025212952867150307,0.025212952867150307,0.06621927499771119,0.0,0.007947659119963646
direct_throttled_11hz,66,2,2,3,1.0,17.0,17.0,0.053808897733688354,0.053808897733688354,0.10185817360877991,0.0,0.007082990370690823
direct_throttled_11hz,67,3,3,3,1.0,15.0,13.0,0.0492081455886364,0.0492081455886364,0.03403982996940613,0.0,0.006064348388463259
direct_throttled_11hz,68,0,0,3,1.0,15.0,14.0,0.04618746042251587,0.04618746042251587,0.006023918390274052,0.0,0.007496299222111702
direct_throttled_11hz,69,1,1,3,1.0,12.0,12.0,0.053781863301992416,0.053781863301992416,0.028750960826873784,0.0,0.0025045466609299183
direct_throttled_11hz,70,2,2,3,1.0,16.0,14.0,0.050576191395521164,0.050576191395521164,0.04012415289878846,0.0,0.010859673842787743
direct_throttled_11hz,71,3,3,3,1.0,20.0,19.0,0.05233629047870636,0.05233629047870636,0.14165390014648438,0.0,0.008822878822684288
direct_throttled_11hz,72,0,0,3,1.0,11.0,10.0,0.05250269174575806,0.05250269174575806,0.02254662394523621,0.0,0.008569600991904736
direct_throttled_11hz,73,1,1,3,1.0,14.0,14.0,0.04609566554427147,0.04609566554427147,0.05821338772773743,0.0,0.0054999906569719315
direct_throttled_11hz,74,2,2,3,1.0,11.0,10.0,0.01458812691271305,0.01458812691271305,0.022726153135299687,0.0,0.007457239553332329
direct_throttled_11hz,75,3,3,3,1.0,15.0,15.0,0.02505524829030037,0.02505524829030037,0.12332419037818909,0.0,0.004964632913470268
direct_throttled_11hz,76,0,0,3,1.0,11.0,10.0,0.028307154774665833,0.028307154774665833,0.06801319599151612,0.0,0.005816511809825897
direct_throttled_11hz,77,1,1,3,1.0,12.0,11.0,0.052711356431245804,0.052711356431245804,0.0445234227180481,0.0,0.0051126303151249886
direct_throttled_11hz,78,2,2,3,0.0,13.0,13.0,0.05267133191227913,0.05267133191227913,-0.020626972317695613,1.0,0.0061623589135706425
direct_throttled_11hz,79,3,3,3,1.0,14.0,10.0,0.030513543635606766,0.030513543635606766,0.07307518005371094,0.0,0.006176041904836893
direct_throttled_11hz,80,0,0,3,1.0,14.0,14.0,0.03371623530983925,0.03371623530983925,0.09137163043022156,0.0,0.007380217779427767
direct_throttled_11hz,81,1,1,3,1.0,13.0,12.0,0.048470694571733475,0.048470694571733475,0.016002868413925175,0.0,0.007325676269829273
direct_throttled_11hz,82,2,2,3,1.0,14.0,14.0,0.012959452345967293,0.012959452345967293,0.06483671545982361,0.0,0.0039532785303890705
direct_throttled_11hz,83,3,3,3,1.0,16.0,14.0,0.040090203285217285,0.040090203285217285,0.09646639704704285,0.0,0.008091616444289684
direct_throttled_11hz,84,0,0,3,1.0,14.0,12.0,0.048667240887880325,0.048667240887880325,0.13481584668159485,0.0,0.005427494179457426
direct_throttled_11hz,85,1,1,3,1.0,17.0,14.0,0.04420854523777962,0.04420854523777962,0.04173571348190308,0.0,0.005751257296651602
direct_throttled_11hz,86,2,2,3,1.0,16.0,12.0,0.0531192272901535,0.0531192272901535,0.014703189134597783,0.0,0.01738986000418663
direct_throttled_11hz,87,3,3,3,1.0,17.0,17.0,0.053086716681718826,0.053086716681718826,0.047493522167205815,0.0,0.007070043124258518
direct_throttled_11hz,88,0,0,3,1.0,14.0,13.0,0.01806926541030407,0.01806926541030407,0.11788782954216004,0.0,0.004355715587735176
direct_throttled_11hz,89,1,1,3,1.0,19.0,13.0,0.051610492169857025,0.051610492169857025,0.041355227231979375,0.0,0.012656438164412975
direct_throttled_11hz,90,2,2,3,1.0,17.0,12.0,0.03902480751276016,0.03902480751276016,0.0309145200252533,0.0,0.016093051061034203
direct_throttled_11hz,91,3,3,3,1.0,13.0,12.0,0.030635004863142967,0.030635004863142967,0.08998534560203553,0.0,0.004775055218487978
direct_throttled_11hz,92,0,0,3,1.0,16.0,16.0,0.049828432500362396,0.049828432500362396,0.028303121328353886,0.0,0.006115936674177647
direct_throttled_11hz,93,1,1,3,1.0,19.0,19.0,0.05313337966799736,0.05313337966799736,0.033456598520278935,0.0,0.009585699066519737
direct_throttled_11hz,94,2,2,3,1.0,12.0,12.0,0.03918147087097168,0.03918147087097168,0.07420284032821656,0.0,0.003219554666429758
direct_throttled_11hz,95,3,3,3,0.0,14.0,13.0,0.032957956194877625,0.032957956194877625,-0.050241465568542476,1.0,0.00829422939568758
direct_throttled_11hz,96,0,0,3,1.0,14.0,14.0,0.05366390943527222,0.05366390943527222,0.02766749739646912,0.0,0.014375465922057629
direct_throttled_11hz,97,1,1,3,1.0,19.0,14.0,0.04842932149767876,0.04842932149767876,0.08461735129356385,0.0,0.008837604895234108
direct_throttled_11hz,98,2,2,3,1.0,11.0,10.0,0.03361422196030617,0.03361422196030617,0.079197918176651,0.0,0.005495352204889059
direct_throttled_11hz,99,3,3,3,0.0,12.0,12.0,0.041953153908252716,0.041953153908252716,-0.08325182914733886,1.0,0.007160163018852472
direct_throttled_11hz,100,0,0,3,1.0,11.0,10.0,0.0141069320961833,0.0141069320961833,0.039644961357116704,0.0,0.01210007444024086
direct_throttled_11hz,101,1,1,3,1.0,23.0,18.0,0.01267215982079506,0.01267215982079506,0.06850982189178467,0.0,0.01061508059501648
direct_throttled_11hz,102,2,2,3,1.0,13.0,12.0,0.031504709273576736,0.031504709273576736,0.043096785545349126,0.0,0.009005066007375717
direct_throttled_11hz,103,3,3,3,1.0,14.0,12.0,0.03636609762907028,0.03636609762907028,0.006008778810501103,0.0,0.005770200397819281
direct_throttled_11hz,104,0,0,3,0.0,16.0,14.0,0.03197113797068596,0.03197113797068596,-0.0023174983263015703,1.0,0.01538113784044981
direct_throttled_11hz,105,1,1,3,1.0,15.0,14.0,0.023773256689310074,0.023773256689310074,0.05645686864852906,0.0,0.006168407388031483
direct_throttled_11hz,106,2,2,3,1.0,17.0,15.0,0.028216930106282234,0.028216930106282234,0.05533788084983826,0.0,0.007342656143009663
direct_throttled_11hz,107,3,3,3,1.0,16.0,13.0,0.03584892302751541,0.03584892302751541,0.034232203960418706,0.0,0.006422932259738445
direct_throttled_11hz,108,0,0,3,0.0,16.0,15.0,0.030026787891983986,0.030026787891983986,-0.004794935584068294,1.0,0.006729138549417257
direct_throttled_11hz,109,1,1,3,1.0,16.0,16.0,0.05103946477174759,0.05103946477174759,0.08662966370582581,0.0,0.007295444142073393
direct_throttled_11hz,110,2,2,3,1.0,13.0,13.0,0.04075416177511215,0.04075416177511215,0.11456841707229615,0.0,0.0030130764935165644
direct_throttled_11hz,111,3,3,3,1.0,15.0,15.0,0.052546177059412,0.052546177059412,0.0627836036682129,0.0,0.006380744744092226
direct_throttled_11hz,112,0,0,3,1.0,14.0,11.0,0.05130186304450035,0.05130186304450035,0.011665468215942387,0.0,0.013472133316099644
direct_throttled_11hz,113,1,1,3,1.0,12.0,12.0,0.04892386496067047,0.04892386496067047,0.02886686205863953,0.0,0.003765057073906064
direct_throttled_11hz,114,2,2,3,1.0,11.0,10.0,0.031037187203764915,0.031037187203764915,0.03852901339530945,0.0,0.00786525197327137
direct_throttled_11hz,115,3,3,3,1.0,15.0,15.0,0.0368654727935791,0.0368654727935791,0.07090265035629273,0.0,0.0049546221271157265
direct_throttled_11hz,116,0,0,3,1.0,13.0,12.0,0.0193244107067585,0.0193244107067585,0.012978558540344243,0.0,0.009664725512266159
direct_throttled_11hz,117,1,1,3,0.0,12.0,12.0,0.022917620837688446,0.022917620837688446,-0.030298451781272884,1.0,0.0049277725629508495
direct_throttled_11hz,118,2,2,3,1.0,12.0,11.0,0.04566025361418724,0.04566025361418724,0.11963055014610291,0.0,0.0024196323938667774
direct_throttled_11hz,119,3,3,3,1.0,16.0,16.0,0.038504708558321,0.038504708558321,0.10980606555938721,0.0,0.00658230809494853
direct_throttled_11hz,120,0,0,3,0.0,20.0,14.0,0.031628478318452835,0.031628478318452835,-0.006580526828765865,1.0,0.020540418103337288
direct_throttled_11hz,121,1,1,3,1.0,14.0,14.0,0.05202551931142807,0.05202551931142807,0.06512937426567078,0.0,0.005690764170140028
direct_throttled_11hz,122,2,2,3,1.0,14.0,13.0,0.023091621696949005,0.023091621696949005,0.058050518035888676,0.0,0.005770614370703697
direct_throttled_11hz,123,3,3,3,1.0,15.0,15.0,0.04815560206770897,0.04815560206770897,0.11129183053970337,0.0,0.0036957557313144207
direct_throttled_11hz,124,0,0,3,1.0,14.0,13.0,0.017580721527338028,0.017580721527338028,0.07163128733634949,0.0,0.007859883829951286
direct_throttled_11hz,125,1,1,3,0.0,14.0,12.0,0.03485766053199768,0.03485766053199768,-0.040717000961303706,1.0,0.01044892892241478
direct_throttled_11hz,126,2,2,3,1.0,13.0,13.0,0.023329349234700203,0.023329349234700203,0.00022702395915985552,0.0,0.007303747348487377
direct_throttled_11hz,127,3,3,3,1.0,14.0,14.0,0.03710213303565979,0.03710213303565979,0.011634563207626347,0.0,0.00891578383743763
direct_throttled_11hz,128,0,0,3,0.0,15.0,15.0,0.010597532615065575,0.010597532615065575,-0.00691434264183044,1.0,0.016030680388212204
direct_throttled_11hz,129,1,1,3,0.0,12.0,11.0,0.05306204780936241,0.05306204780936241,-0.007144640088081355,1.0,0.007607939187437296
direct_throttled_11hz,130,2,2,3,1.0,25.0,12.0,0.044998057186603546,0.044998057186603546,0.03442711114883423,0.0,0.028045402839779854
direct_throttled_11hz,131,3,3,3,1.0,14.0,14.0,0.04649896174669266,0.04649896174669266,0.06152210116386414,0.0,0.00516287749633193
direct_throttled_11hz,132,0,0,3,1.0,17.0,14.0,0.0490405336022377,0.0490405336022377,0.06231353163719178,0.0,0.01323824655264616
direct_throttled_11hz,133,1,1,3,0.0,26.0,23.0,0.0512455552816391,0.0512455552816391,-0.010958487987518306,1.0,0.009037257172167301
direct_throttled_11hz,134,2,2,3,0.0,13.0,13.0,0.05013975873589516,0.05013975873589516,-0.015743325352668758,1.0,0.00643646577373147
direct_throttled_11hz,135,3,3,3,1.0,15.0,14.0,0.03415701165795326,0.03415701165795326,0.027525995969772343,0.0,0.004523231647908688
direct_throttled_11hz,136,0,0,3,1.0,13.0,13.0,0.03877345472574234,0.03877345472574234,0.04104468703269959,0.0,0.011428412981331348
direct_throttled_11hz,137,1,1,3,1.0,17.0,16.0,0.03296488896012306,0.03296488896012306,0.11128008842468262,0.0,0.0075341095216572285
direct_throttled_11hz,138,2,2,3,1.0,11.0,11.0,0.05266468599438667,0.05266468599438667,0.05051699757575989,0.0,0.0020981160923838615
direct_throttled_11hz,139,3,3,3,1.0,13.0,12.0,0.053133927285671234,0.053133927285671234,0.10325542569160462,0.0,0.005252980161458254
direct_throttled_11hz,140,0,0,3,1.0,14.0,14.0,0.03561091795563698,0.03561091795563698,0.05518967390060425,0.0,0.008798763155937195
direct_throttled_11hz,141,1,1,3,1.0,22.0,21.0,0.041453249752521515,0.041453249752521515,0.06251320719718934,0.0,0.010071845725178719
direct_throttled_11hz,142,2,2,3,1.0,12.0,12.0,0.028676755726337433,0.028676755726337433,0.012487684488296513,0.0,0.007476906292140484
direct_throttled_11hz,143,3,3,3,1.0,12.0,10.0,0.01679222472012043,0.01679222472012043,0.04815945506095887,0.0,0.007234790362417698
direct_throttled_11hz,144,0,0,3,1.0,12.0,11.0,0.03489850088953972,0.03489850088953972,0.031535302400588994,0.0,0.0049989474937319756
direct_throttled_11hz,145,1,1,3,1.0,14.0,13.0,0.04870307818055153,0.04870307818055153,0.10567704319953919,0.0,0.005253565963357687
direct_throttled_11hz,146,2,2,3,1.0,11.0,10.0,0.016794566065073013,0.016794566065073013,0.09300506591796875,0.0,0.0022965483367443085
direct_throttled_11hz,147,3,3,3,0.0,14.0,11.0,0.05372549220919609,0.05372549220919609,-0.016749317646026607,1.0,0.0055330898612737656
direct_throttled_11hz,148,0,0,3,1.0,15.0,14.0,0.04245929419994354,0.04245929419994354,0.02318102598190308,0.0,0.005605918820947409
direct_throttled_11hz,149,1,1,3,1.0,14.0,13.0,0.02823711559176445,0.02823711559176445,0.05447370290756226,0.0,0.007896704599261284
direct_throttled_11hz,150,2,2,3,1.0,29.0,24.0,0.04040420055389404,0.04040420055389404,0.09512475609779358,0.0,0.009151513688266277
direct_throttled_11hz,151,3,3,3,1.0,14.0,14.0,0.032770611345767975,0.032770611345767975,0.09270936727523804,0.0,0.003732476383447647
direct_throttled_11hz,152,0,0,3,1.0,12.0,11.0,0.042791131883859634,0.042791131883859634,0.04793131828308106,0.0,0.010274680331349373
direct_throttled_11hz,153,1,1,3,1.0,14.0,14.0,0.04944366216659546,0.04944366216659546,0.06995124101638794,0.0,0.00682314345613122
direct_throttled_11hz,154,2,2,3,1.0,13.0,13.0,0.035898357629776,0.035898357629776,0.05938730120658875,0.0,0.004802968818694353
direct_throttled_11hz,155,3,3,3,1.0,19.0,15.0,0.036561839282512665,0.036561839282512665,0.0911491858959198,0.0,0.008606741204857826
direct_throttled_11hz,156,0,0,3,1.0,14.0,13.0,0.03465813025832176,0.03465813025832176,0.04533443331718445,0.0,0.006244303192943335
direct_throttled_11hz,157,1,1,3,1.0,14.0,13.0,0.04499920457601547,0.04499920457601547,0.0354020643234253,0.0,0.009133948013186455
direct_throttled_11hz,158,2,2,3,1.0,14.0,12.0,0.013438750989735126,0.013438750989735126,0.027402733564376835,0.0,0.006699855905026197
direct_throttled_11hz,159,3,3,3,0.0,13.0,12.0,0.044864729046821594,0.044864729046821594,-0.016397128701210018,1.0,0.007997090928256512
direct_throttled_11hz,160,0,0,3,0.0,13.0,13.0,0.04952065646648407,0.04952065646648407,-0.007335345149040218,1.0,0.009436280466616154
direct_throttled_11hz,161,1,1,3,1.0,17.0,16.0,0.034684810787439346,0.034684810787439346,0.05351412773132325,0.0,0.007682343013584614
direct_throttled_11hz,162,2,2,3,1.0,12.0,12.0,0.032140400260686874,0.032140400260686874,0.0890175747871399,0.0,0.0024403121788054705
direct_throttled_11hz,163,3,3,3,1.0,15.0,15.0,0.04326565936207771,0.04326565936207771,0.06794813752174378,0.0,0.004985765088349581
direct_throttled_11hz,164,0,0,3,1.0,15.0,14.0,0.053064413368701935,0.053064413368701935,0.04073161363601685,0.0,0.010023793205618858
direct_throttled_11hz,165,1,1,3,1.0,15.0,14.0,0.017762769013643265,0.017762769013643265,0.0028578090667724654,0.0,0.006643176544457674
direct_throttled_11hz,166,2,2,3,1.0,10.0,10.0,0.040296539664268494,0.040296539664268494,0.041134213209152226,0.0,0.006243487354367971
direct_throttled_11hz,167,3,3,3,1.0,17.0,16.0,0.04332131892442703,0.04332131892442703,0.09339017152786255,0.0,0.005248046945780516
direct_throttled_11hz,168,0,0,3,1.0,14.0,13.0,0.01286463811993599,0.01286463811993599,0.024731253385543828,0.0,0.015403322875499725
direct_throttled_11hz,169,1,1,3,1.0,12.0,12.0,0.041177839040756226,0.041177839040756226,0.01760277628898621,0.0,0.006803086493164301
direct_throttled_11hz,170,2,2,3,1.0,14.0,13.0,0.039821986109018326,0.039821986109018326,0.07202765822410584,0.0,0.0028536461759358644
direct_throttled_11hz,171,3,3,3,1.0,12.0,12.0,0.0536823645234108,0.0536823645234108,0.1341002631187439,0.0,0.00520189106464386
direct_throttled_11hz,172,0,0,3,0.0,34.0,15.0,0.2408318817615509,0.056585829704999924,0.1231221604347229,0.0,0.013259924948215485
direct_throttled_11hz,173,1,1,3,1.0,13.0,13.0,0.042047396302223206,0.042047396302223206,0.038172488212585454,0.0,0.005540549289435148
direct_throttled_11hz,174,2,2,3,1.0,15.0,15.0,0.04995022714138031,0.04995022714138031,0.03502750873565674,0.0,0.006182416807860136
direct_throttled_11hz,175,3,3,3,1.0,15.0,15.0,0.02753077633678913,0.02753077633678913,0.08108461380004883,0.0,0.003785955486819148
direct_throttled_11hz,176,0,0,3,1.0,18.0,15.0,0.037016693502664566,0.037016693502664566,0.0540906834602356,0.0,0.00947359949350357
direct_throttled_11hz,177,1,1,3,1.0,19.0,18.0,0.04533562809228897,0.04533562809228897,0.07715127348899842,0.0,0.006721983198076487
direct_throttled_11hz,178,2,2,3,0.0,13.0,13.0,0.052536774426698685,0.052536774426698685,-0.03229814291000366,1.0,0.006639544386416674
direct_throttled_11hz,179,3,3,3,1.0,22.0,16.0,0.046007879078388214,0.046007879078388214,0.03129858255386353,0.0,0.010243566706776619
direct_throttled_11hz,180,0,0,3,1.0,13.0,13.0,0.05175887793302536,0.05175887793302536,0.08958861708641053,0.0,0.010299387387931347
direct_throttled_11hz,181,1,1,3,1.0,12.0,11.0,0.04883310943841934,0.04883310943841934,0.048212383985519414,0.0,0.005725450813770294
direct_throttled_11hz,182,2,2,3,1.0,14.0,13.0,0.031234726309776306,0.031234726309776306,0.08011582970619202,0.0,0.009258446283638477
direct_throttled_11hz,183,3,3,3,1.0,19.0,13.0,0.04472143203020096,0.04472143203020096,0.05963528633117676,0.0,0.008722745813429356
direct_throttled_11hz,184,0,0,3,1.0,15.0,14.0,0.01255843322724104,0.01255843322724104,0.09173623204231263,0.0,0.008159736171364784
direct_throttled_11hz,185,1,1,3,1.0,13.0,12.0,0.026122471317648888,0.026122471317648888,0.014481698274612431,0.0,0.006164206191897392
direct_throttled_11hz,186,2,2,3,1.0,13.0,12.0,0.005307722836732864,0.005307722836732864,0.0658554482460022,0.0,0.006788288243114948
direct_throttled_11hz,187,3,3,3,1.0,15.0,15.0,0.025560185313224792,0.025560185313224792,0.08961353182792664,0.0,0.0028033761773258448
direct_throttled_11hz,188,0,0,3,1.0,14.0,14.0,0.04804467037320137,0.04804467037320137,0.0754839825630188,0.0,0.002835758961737156
direct_throttled_11hz,189,1,1,3,1.0,23.0,20.0,0.05122862383723259,0.05122862383723259,0.016596262454986577,0.0,0.005676015745848417
direct_throttled_11hz,190,2,2,3,0.0,13.0,12.0,0.030352246016263962,0.030352246016263962,-0.011643226146697994,1.0,0.006249954923987389
direct_throttled_11hz,191,3,3,3,1.0,14.0,14.0,0.053169574588537216,0.053169574588537216,0.018396859169006352,0.0,0.00724635599181056
direct_throttled_11hz,192,0,0,3,1.0,12.0,12.0,0.049981966614723206,0.049981966614723206,0.01482478260993958,0.0,0.004620913881808519
direct_throttled_11hz,193,1,1,3,1.0,19.0,18.0,0.05369173735380173,0.05369173735380173,0.06402591347694397,0.0,0.008254898712038994
direct_throttled_11hz,194,2,2,3,1.0,17.0,14.0,0.04693644121289253,0.04693644121289253,0.04578450798988343,0.0,0.008820143528282642
direct_throttled_11hz,195,3,3,3,0.0,17.0,15.0,0.031144043430685997,0.031144043430685997,-0.010747830271720882,1.0,0.007687704171985388
direct_throttled_11hz,196,0,0,3,1.0,12.0,12.0,0.051440633833408356,0.051440633833408356,0.05160320281982422,0.0,0.010592144913971424
direct_throttled_11hz,197,1,1,3,1.0,14.0,13.0,0.052813027054071426,0.052813027054071426,0.05272040247917176,0.0,0.0075403242371976376
direct_throttled_11hz,198,2,2,3,1.0,17.0,17.0,0.050531402230262756,0.050531402230262756,0.025409882068634038,0.0,0.01117856614291668
direct_throttled_11hz,199,3,3,3,1.0,15.0,15.0,0.030259110033512115,0.030259110033512115,0.08949935913085938,0.0,0.00705935712903738
llm_bottleneck_11hz,0,0,0,3,1.0,17.0,16.0,0.03234098479151726,0.03234098479151726,0.04684430837631226,0.0,0.00794960092753172
llm_bottleneck_11hz,1,1,1,3,1.0,12.0,12.0,0.038347989320755005,0.038347989320755005,0.06459475040435791,0.0,0.004004080779850483
llm_bottleneck_11hz,2,2,2,3,1.0,20.0,13.0,0.05230804532766342,0.05230804532766342,0.06763124942779541,0.0,0.009196552447974682
llm_bottleneck_11hz,3,3,3,3,0.0,17.0,14.0,0.04107854142785072,0.04107854142785072,-0.006658087372779842,1.0,0.011112818494439125
llm_bottleneck_11hz,4,0,0,3,1.0,15.0,15.0,0.014647033996880054,0.014647033996880054,0.09281713247299195,0.0,0.005703164264559746
llm_bottleneck_11hz,5,1,1,3,1.0,19.0,18.0,0.04920013248920441,0.04920013248920441,0.06451157212257386,0.0,0.006891780067235231
llm_bottleneck_11hz,6,2,2,3,1.0,11.0,11.0,0.04045502096414566,0.04045502096414566,0.035919849872589116,0.0,0.008773467503488064
llm_bottleneck_11hz,7,3,3,3,1.0,34.0,14.0,0.03728919103741646,0.03728919103741646,0.06215015530586243,0.0,0.010428806766867638
llm_bottleneck_11hz,8,0,0,3,1.0,9.0,9.0,0.050969768315553665,0.050969768315553665,0.03088027715682984,0.0,0.004273870028555393
llm_bottleneck_11hz,9,1,1,3,1.0,15.0,10.0,0.007437764201313257,0.007437764201313257,0.08090073347091675,0.0,0.009561611339449883
llm_bottleneck_11hz,10,2,2,3,1.0,13.0,12.0,0.04740386828780174,0.04740386828780174,0.05523768544197083,0.0,0.004969067871570587
llm_bottleneck_11hz,11,3,3,3,1.0,9.0,9.0,0.04364369809627533,0.04364369809627533,0.0682004737854004,0.0,0.006912211887538433
llm_bottleneck_11hz,12,0,0,3,1.0,15.0,14.0,0.0319228395819664,0.0319228395819664,0.011939291954040532,0.0,0.009374614804983139
llm_bottleneck_11hz,13,1,1,3,1.0,14.0,14.0,0.05104739964008331,0.05104739964008331,0.020891015529632573,0.0,0.011064622551202774
llm_bottleneck_11hz,14,2,2,3,1.0,12.0,11.0,0.03302498534321785,0.03302498534321785,0.05655113339424134,0.0,0.005938648246228695
llm_bottleneck_11hz,15,3,3,3,1.0,15.0,15.0,0.027188213542103767,0.027188213542103767,0.03841478109359742,0.0,0.00832008570432663
llm_bottleneck_11hz,16,0,0,3,1.0,15.0,14.0,0.05356638878583908,0.05356638878583908,0.04844001412391663,0.0,0.009096810594201088
llm_bottleneck_11hz,17,1,1,3,1.0,20.0,18.0,0.03733750805258751,0.03733750805258751,0.06289861083030701,0.0,0.007339129224419594
llm_bottleneck_11hz,18,2,2,3,1.0,15.0,13.0,0.016781173646450043,0.016781173646450043,0.04023948788642884,0.0,0.008806021884083748
llm_bottleneck_11hz,19,3,3,3,1.0,17.0,16.0,0.046367108821868896,0.046367108821868896,0.1629311192035675,0.0,0.0037217880599200726
llm_bottleneck_11hz,20,0,0,3,1.0,15.0,14.0,0.04826224595308304,0.04826224595308304,0.051405196189880376,0.0,0.012108723632991314
llm_bottleneck_11hz,21,1,1,3,1.0,16.0,16.0,0.04537932202219963,0.04537932202219963,0.04831460595130921,0.0,0.006690631154924631
llm_bottleneck_11hz,22,2,2,3,1.0,15.0,11.0,0.04114488139748573,0.04114488139748573,0.061417703628540044,0.0,0.01136008556932211
llm_bottleneck_11hz,23,3,3,3,1.0,15.0,13.0,0.04200256988406181,0.04200256988406181,0.0372815477848053,0.0,0.010689749382436275
llm_bottleneck_11hz,24,0,0,3,1.0,13.0,13.0,0.04716940596699715,0.04716940596699715,0.037875180244445805,0.0,0.008313664235174656
llm_bottleneck_11hz,25,1,1,3,1.0,15.0,14.0,0.04732799530029297,0.04732799530029297,0.0537453043460846,0.0,0.007624059449881315
llm_bottleneck_11hz,26,2,2,3,1.0,13.0,13.0,0.04172195866703987,0.04172195866703987,0.02146339893341065,0.0,0.009221413172781467
llm_bottleneck_11hz,27,3,3,3,1.0,14.0,14.0,0.045016489923000336,0.045016489923000336,0.11626509308815003,0.0,0.005219206679612398
llm_bottleneck_11hz,28,0,0,3,1.0,15.0,14.0,0.013929309323430061,0.013929309323430061,0.08492988824844361,0.0,0.00991092063486576
llm_bottleneck_11hz,29,1,1,3,0.0,13.0,13.0,0.032376717776060104,0.032376717776060104,-0.0016569447517394975,1.0,0.010739441961050034
llm_bottleneck_11hz,30,2,2,3,0.0,14.0,12.0,0.022957129403948784,0.022957129403948784,-0.008225898146629329,1.0,0.010031070560216904
llm_bottleneck_11hz,31,3,3,3,1.0,17.0,14.0,0.03417061269283295,0.03417061269283295,0.08051732659339905,0.0,0.010185862891376019
llm_bottleneck_11hz,32,0,0,3,1.0,15.0,15.0,0.016248691827058792,0.016248691827058792,0.1276227879524231,0.0,0.007688962854444981
llm_bottleneck_11hz,33,1,1,3,1.0,12.0,11.0,0.038318611681461334,0.038318611681461334,0.024505023956298833,0.0,0.0057748472318053246
llm_bottleneck_11hz,34,2,2,3,1.0,14.0,13.0,0.0025378784630447626,0.0025378784630447626,0.07770798087120057,0.0,0.006075795739889145
llm_bottleneck_11hz,35,3,3,3,1.0,10.0,9.0,0.03991517052054405,0.03991517052054405,0.05474526166915894,0.0,0.010854868218302727
llm_bottleneck_11hz,36,0,0,3,1.0,13.0,12.0,0.051492370665073395,0.051492370665073395,0.09213003993034363,0.0,0.005059271585196257
llm_bottleneck_11hz,37,1,1,3,1.0,11.0,10.0,0.03574930876493454,0.03574930876493454,0.016683970689773564,0.0,0.009526452049612999
llm_bottleneck_11hz,38,2,2,3,1.0,11.0,11.0,0.029296932741999626,0.029296932741999626,0.03568926930427552,0.0,0.005164347589015961
llm_bottleneck_11hz,39,3,3,3,1.0,14.0,13.0,0.040529049932956696,0.040529049932956696,0.026797567605972294,0.0,0.008738952688872814
llm_bottleneck_11hz,40,0,0,3,1.0,14.0,13.0,0.04263293743133545,0.04263293743133545,0.07736048579216004,0.0,0.0083329351618886
llm_bottleneck_11hz,41,1,1,3,1.0,16.0,14.0,0.04856085032224655,0.04856085032224655,0.039369111061096196,0.0,0.006847448647022247
llm_bottleneck_11hz,42,2,2,3,1.0,16.0,16.0,0.03542400896549225,0.03542400896549225,0.09632105112075806,0.0,0.006974393967539072
llm_bottleneck_11hz,43,3,3,3,0.0,15.0,15.0,0.027651529759168625,0.027651529759168625,-0.011241535544395442,1.0,0.009669506922364235
llm_bottleneck_11hz,44,0,0,3,1.0,15.0,15.0,0.012603522278368473,0.012603522278368473,0.0457845675945282,0.0,0.006281155161559582
llm_bottleneck_11hz,45,1,1,3,1.0,16.0,13.0,0.04892568662762642,0.04892568662762642,0.11402690887451172,0.0,0.007273917552083731
llm_bottleneck_11hz,46,2,2,3,1.0,27.0,21.0,0.05369511619210243,0.05369511619210243,0.040164654254913335,0.0,0.009097783826291561
llm_bottleneck_11hz,47,3,3,3,1.0,14.0,13.0,0.003925576340407133,0.003925576340407133,5.111575126648393e-05,0.0,0.01106414943933487
llm_bottleneck_11hz,48,0,0,3,1.0,9.0,9.0,0.05149776488542557,0.05149776488542557,0.0719977366924286,0.0,0.0033749917056411505
llm_bottleneck_11hz,49,1,1,3,1.0,11.0,11.0,0.04335717856884003,0.04335717856884003,0.07771811366081238,0.0,0.006922245491296053
llm_bottleneck_11hz,50,2,2,3,1.0,13.0,13.0,0.04896382987499237,0.04896382987499237,0.053312157392501835,0.0,0.004718555137515068
llm_bottleneck_11hz,51,3,3,3,0.0,15.0,15.0,0.004059870261698961,0.004059870261698961,-0.025125454068183894,1.0,0.011609994806349277
llm_bottleneck_11hz,52,0,0,3,1.0,14.0,14.0,0.05299089476466179,0.05299089476466179,0.06923330307006836,0.0,0.0044255037792027
llm_bottleneck_11hz,53,1,1,3,1.0,13.0,13.0,0.03461413457989693,0.03461413457989693,0.07922876358032227,0.0,0.00740724615752697
llm_bottleneck_11hz,54,2,2,3,1.0,16.0,16.0,0.018271051347255707,0.018271051347255707,0.08157012343406678,0.0,0.006690115202218294
llm_bottleneck_11hz,55,3,3,3,1.0,15.0,15.0,0.010977255180478096,0.010977255180478096,0.09754437685012818,0.0,0.00493405107408762
llm_bottleneck_11hz,56,0,0,3,1.0,16.0,15.0,0.04123246297240257,0.04123246297240257,0.0600411343574524,0.0,0.00863218866288662
llm_bottleneck_11hz,57,1,1,3,1.0,14.0,13.0,0.040556542575359344,0.040556542575359344,0.07145560264587403,0.0,0.006596934050321579
llm_bottleneck_11hz,58,2,2,3,1.0,15.0,14.0,0.010155798867344856,0.010155798867344856,0.06373048305511475,0.0,0.009949863888323307
llm_bottleneck_11hz,59,3,3,3,1.0,17.0,16.0,0.05073374882340431,0.05073374882340431,0.0339677381515503,0.0,0.009124577976763248
llm_bottleneck_11hz,60,0,0,3,1.0,16.0,15.0,0.049896541982889175,0.049896541982889175,0.013799016475677495,0.0,0.01243304368108511
llm_bottleneck_11hz,61,1,1,3,1.0,24.0,14.0,0.035435471683740616,0.035435471683740616,0.09380335092544556,0.0,0.007429987192153931
llm_bottleneck_11hz,62,2,2,3,1.0,15.0,13.0,0.04552211984992027,0.04552211984992027,0.14510950922966004,0.0,0.006680394057184458
llm_bottleneck_11hz,63,3,3,3,1.0,15.0,14.0,0.04153832793235779,0.04153832793235779,0.03357771515846253,0.0,0.00886237807571888
llm_bottleneck_11hz,64,0,0,3,0.0,20.0,15.0,0.04332016035914421,0.04332016035914421,-0.021015311479568477,1.0,0.011258929036557674
llm_bottleneck_11hz,65,1,1,3,1.0,18.0,16.0,0.040638718754053116,0.040638718754053116,0.0662853467464447,0.0,0.009975763037800789
llm_bottleneck_11hz,66,2,2,3,1.0,21.0,18.0,0.04131065681576729,0.04131065681576729,0.11358944058418274,0.0,0.007033175323158503
llm_bottleneck_11hz,67,3,3,3,1.0,19.0,15.0,0.022607378661632538,0.022607378661632538,0.03502318739891053,0.0,0.009821300394833088
llm_bottleneck_11hz,68,0,0,3,1.0,15.0,15.0,0.014727604575455189,0.014727604575455189,0.008790676593780522,0.0,0.007557043805718422
llm_bottleneck_11hz,69,1,1,3,1.0,12.0,12.0,0.047071196138858795,0.047071196138858795,0.024523859024047856,0.0,0.004999510012567043
llm_bottleneck_11hz,70,2,2,3,1.0,16.0,15.0,0.04945247247815132,0.04945247247815132,0.04822558641433716,0.0,0.00948430597782135
llm_bottleneck_11hz,71,3,3,3,1.0,19.0,15.0,0.04577862471342087,0.04577862471342087,0.14750081777572632,0.0,0.005526358261704445
llm_bottleneck_11hz,72,0,0,3,1.0,12.0,10.0,0.040489546954631805,0.040489546954631805,0.02060527086257935,0.0,0.009474088437855244
llm_bottleneck_11hz,73,1,1,3,1.0,14.0,14.0,0.04662488400936127,0.04662488400936127,0.05199528217315674,0.0,0.005979927722364664
llm_bottleneck_11hz,74,2,2,3,1.0,11.0,11.0,0.02542414888739586,0.02542414888739586,0.03018066763877869,0.0,0.0077317557297647
llm_bottleneck_11hz,75,3,3,3,1.0,15.0,15.0,0.04427136853337288,0.04427136853337288,0.1316375482082367,0.0,0.004813311155885458
llm_bottleneck_11hz,76,0,0,3,1.0,10.0,10.0,0.04508119449019432,0.04508119449019432,0.07360119104385376,0.0,0.00794566236436367
llm_bottleneck_11hz,77,1,1,3,1.0,12.0,11.0,0.051347460597753525,0.051347460597753525,0.04532889008522034,0.0,0.006222288124263287
llm_bottleneck_11hz,78,2,2,3,0.0,14.0,13.0,0.02889598347246647,0.02889598347246647,-0.0044303339719772294,1.0,0.008859467692673206
llm_bottleneck_11hz,79,3,3,3,1.0,14.0,10.0,0.05189690366387367,0.05189690366387367,0.07443395733833313,0.0,0.008753693662583828
llm_bottleneck_11hz,80,0,0,3,1.0,14.0,14.0,0.045140340924263,0.045140340924263,0.11139429092407227,0.0,0.007002884987741709
llm_bottleneck_11hz,81,1,1,3,1.0,13.0,13.0,0.0504494234919548,0.0504494234919548,0.017529790401458745,0.0,0.007348661310970783
llm_bottleneck_11hz,82,2,2,3,1.0,14.0,14.0,0.03123711235821247,0.03123711235821247,0.07279801845550538,0.0,0.0043258885852992535
llm_bottleneck_11hz,83,3,3,3,1.0,16.0,14.0,0.043995290994644165,0.043995290994644165,0.09964344382286072,0.0,0.007756696082651615
llm_bottleneck_11hz,84,0,0,3,1.0,16.0,15.0,0.012234563007950783,0.012234563007950783,0.13841060280799866,0.0,0.004844866693019867
llm_bottleneck_11hz,85,1,1,3,1.0,17.0,14.0,0.049909137189388275,0.049909137189388275,0.04064655780792237,0.0,0.006225846707820892
llm_bottleneck_11hz,86,2,2,3,1.0,17.0,12.0,0.04278130829334259,0.04278130829334259,0.016092096567153935,0.0,0.010210786014795303
llm_bottleneck_11hz,87,3,3,3,1.0,21.0,17.0,0.04701532423496246,0.04701532423496246,0.05004776000976563,0.0,0.007585493382066488
llm_bottleneck_11hz,88,0,0,3,1.0,15.0,14.0,0.04331864416599274,0.04331864416599274,0.11676815629005433,0.0,0.006896438077092171
llm_bottleneck_11hz,89,1,1,3,1.0,19.0,13.0,0.04417527839541435,0.04417527839541435,0.052111243009567265,0.0,0.009549714624881744
llm_bottleneck_11hz,90,2,2,3,1.0,14.0,12.0,0.04874558001756668,0.04874558001756668,0.033260827064514165,0.0,0.009293424896895885
llm_bottleneck_11hz,91,3,3,3,1.0,13.0,13.0,0.042805224657058716,0.042805224657058716,0.08472919940948487,0.0,0.007568018510937691
llm_bottleneck_11hz,92,0,0,3,1.0,16.0,14.0,0.038795288652181625,0.038795288652181625,0.04285169124603272,0.0,0.007252978626638651
llm_bottleneck_11hz,93,1,1,3,1.0,20.0,19.0,0.025392699986696243,0.025392699986696243,0.037898217439651494,0.0,0.00994002353399992
llm_bottleneck_11hz,94,2,2,3,1.0,12.0,12.0,0.04522578790783882,0.04522578790783882,0.07475215673446656,0.0,0.00540605653077364
llm_bottleneck_11hz,95,3,3,3,0.0,14.0,13.0,0.029118612408638,0.029118612408638,-0.046125735044479366,1.0,0.012290124781429768
llm_bottleneck_11hz,96,0,0,3,1.0,17.0,13.0,0.02369108237326145,0.02369108237326145,0.030211691856384282,0.0,0.01360630989074707
llm_bottleneck_11hz,97,1,1,3,1.0,22.0,14.0,0.021351654082536697,0.021351654082536697,0.08925113558769227,0.0,0.008856664411723614
llm_bottleneck_11hz,98,2,2,3,1.0,11.0,10.0,0.04451686143875122,0.04451686143875122,0.08618990063667298,0.0,0.007591646630316973
llm_bottleneck_11hz,99,3,3,3,0.0,12.0,12.0,0.05177544057369232,0.05177544057369232,-0.09684367001056671,1.0,0.01610570028424263
llm_bottleneck_11hz,100,0,0,3,1.0,11.0,10.0,0.03760995343327522,0.03760995343327522,0.03911957621574402,0.0,0.012063686735928059
llm_bottleneck_11hz,101,1,1,3,1.0,23.0,19.0,0.018932942301034927,0.018932942301034927,0.06706497550010682,0.0,0.013451908715069294
llm_bottleneck_11hz,102,2,2,3,1.0,13.0,13.0,0.03313639387488365,0.03313639387488365,0.05387786507606507,0.0,0.006437970791012049
llm_bottleneck_11hz,103,3,3,3,1.0,15.0,12.0,0.041079990565776825,0.041079990565776825,0.005672340393066411,0.0,0.007695142645388842
llm_bottleneck_11hz,104,0,0,3,1.0,16.0,10.0,0.03269604966044426,0.03269604966044426,0.00028475105762482134,0.0,0.010942600667476654
llm_bottleneck_11hz,105,1,1,3,1.0,20.0,14.0,0.03832288831472397,0.03832288831472397,0.0620904016494751,0.0,0.008807996287941933
llm_bottleneck_11hz,106,2,2,3,1.0,17.0,17.0,0.04557446017861366,0.04557446017861366,0.0687902319431305,0.0,0.0070081134326756
llm_bottleneck_11hz,107,3,3,3,1.0,16.0,13.0,0.03703434020280838,0.03703434020280838,0.030282472372055058,0.0,0.008921533823013306
llm_bottleneck_11hz,108,0,0,3,0.0,15.0,15.0,0.05015111342072487,0.05015111342072487,-0.007401625514030452,1.0,0.0072142803110182285
llm_bottleneck_11hz,109,1,1,3,1.0,17.0,16.0,0.04818378761410713,0.04818378761410713,0.08608428120613099,0.0,0.005945008713752031
llm_bottleneck_11hz,110,2,2,3,1.0,15.0,13.0,0.053873211145401,0.053873211145401,0.12173375964164734,0.0,0.004199585411697626
llm_bottleneck_11hz,111,3,3,3,1.0,15.0,15.0,0.045145899057388306,0.045145899057388306,0.0672241497039795,0.0,0.009055654518306255
llm_bottleneck_11hz,112,0,0,3,1.0,13.0,11.0,0.04693577066063881,0.04693577066063881,0.018201683759689335,0.0,0.008379120379686356
llm_bottleneck_11hz,113,1,1,3,1.0,12.0,12.0,0.047783322632312775,0.047783322632312775,0.028701310157775883,0.0,0.0047613936476409435
llm_bottleneck_11hz,114,2,2,3,1.0,11.0,10.0,0.029800372198224068,0.029800372198224068,0.041517649888992314,0.0,0.007555367425084114
llm_bottleneck_11hz,115,3,3,3,1.0,15.0,15.0,0.047343660145998,0.047343660145998,0.07210121035575867,0.0,0.006575319450348616
llm_bottleneck_11hz,116,0,0,3,1.0,13.0,10.0,0.0422699898481369,0.0422699898481369,0.012161259651184086,0.0,0.009625909850001335
llm_bottleneck_11hz,117,1,1,3,0.0,12.0,12.0,0.018959760665893555,0.018959760665893555,-0.023006955981254573,1.0,0.007951788604259491
llm_bottleneck_11hz,118,2,2,3,1.0,12.0,12.0,0.023779552429914474,0.023779552429914474,0.12292418360710144,0.0,0.005233081988990307
llm_bottleneck_11hz,119,3,3,3,1.0,16.0,16.0,0.04443061351776123,0.04443061351776123,0.11663684725761414,0.0,0.008230277337133884
llm_bottleneck_11hz,120,0,0,3,1.0,15.0,14.0,0.04732410982251167,0.04732410982251167,0.018987243175506596,0.0,0.010441974736750126
llm_bottleneck_11hz,121,1,1,3,1.0,15.0,14.0,0.03557470813393593,0.03557470813393593,0.06176108598709107,0.0,0.004017445258796215
llm_bottleneck_11hz,122,2,2,3,1.0,14.0,13.0,0.03237074613571167,0.03237074613571167,0.05392775416374207,0.0,0.0091222133487463
llm_bottleneck_11hz,123,3,3,3,1.0,15.0,15.0,0.049050211906433105,0.049050211906433105,0.11776811361312867,0.0,0.003743961686268449
llm_bottleneck_11hz,124,0,0,3,1.0,20.0,14.0,0.052238743752241135,0.052238743752241135,0.07233104586601258,0.0,0.011382970958948135
llm_bottleneck_11hz,125,1,1,3,0.0,18.0,12.0,0.0486220121383667,0.0486220121383667,-0.025038625001907344,1.0,0.015424652025103569
llm_bottleneck_11hz,126,2,2,3,1.0,13.0,13.0,0.045391105115413666,0.045391105115413666,0.004647304415702824,0.0,0.00994375441223383
llm_bottleneck_11hz,127,3,3,3,1.0,14.0,14.0,0.032351646572351456,0.032351646572351456,0.008257840871810918,0.0,0.01441288087517023
llm_bottleneck_11hz,128,0,0,3,0.0,15.0,15.0,0.024514712393283844,0.024514712393283844,-0.0061813694238662675,1.0,0.014907842501997948
llm_bottleneck_11hz,129,1,1,3,0.0,12.0,11.0,0.04806472361087799,0.04806472361087799,-0.006993288993835445,1.0,0.007954604923725128
llm_bottleneck_11hz,130,2,2,3,1.0,21.0,12.0,0.04825781285762787,0.04825781285762787,0.031784986257553105,0.0,0.008334741927683353
llm_bottleneck_11hz,131,3,3,3,1.0,16.0,14.0,0.040427759289741516,0.040427759289741516,0.06230512738227845,0.0,0.007701657246798277
llm_bottleneck_11hz,132,0,0,3,1.0,16.0,16.0,0.04280722141265869,0.04280722141265869,0.06647393584251404,0.0,0.008137264288961887
llm_bottleneck_11hz,133,1,1,3,0.0,28.0,25.0,0.04789653792977333,0.04789653792977333,-8.108735084533247e-05,1.0,0.01049649715423584
llm_bottleneck_11hz,134,2,2,3,0.0,14.0,13.0,0.03283124044537544,0.03283124044537544,-0.0034792971611022905,1.0,0.009892724454402924
llm_bottleneck_11hz,135,3,3,3,1.0,15.0,13.0,0.040574315935373306,0.040574315935373306,0.02078891277313233,0.0,0.0087564866989851
llm_bottleneck_11hz,136,0,0,3,1.0,13.0,13.0,0.04527813568711281,0.04527813568711281,0.05389577627182007,0.0,0.009522843174636364
llm_bottleneck_11hz,137,1,1,3,1.0,17.0,17.0,0.04395534470677376,0.04395534470677376,0.09320384740829468,0.0,0.008062631823122501
llm_bottleneck_11hz,138,2,2,3,1.0,12.0,11.0,0.05066874623298645,0.05066874623298645,0.0472721803188324,0.0,0.0055379015393555164
llm_bottleneck_11hz,139,3,3,3,1.0,14.0,12.0,0.039815157651901245,0.039815157651901245,0.10040992975234986,0.0,0.006030954886227846
llm_bottleneck_11hz,140,0,0,3,1.0,15.0,14.0,0.022116858512163162,0.022116858512163162,0.059388254880905156,0.0,0.009624321013689041
llm_bottleneck_11hz,141,1,1,3,1.0,22.0,21.0,0.03618282079696655,0.03618282079696655,0.0597502338886261,0.0,0.011689986102283001
llm_bottleneck_11hz,142,2,2,3,1.0,12.0,12.0,0.0462394617497921,0.0462394617497921,0.02397230744361878,0.0,0.008073193952441216
llm_bottleneck_11hz,143,3,3,3,1.0,10.0,10.0,0.05258152633905411,0.05258152633905411,0.04150867938995362,0.0,0.011313180439174175
llm_bottleneck_11hz,144,0,0,3,1.0,11.0,11.0,0.046465691179037094,0.046465691179037094,0.032450948953628544,0.0,0.005933224223554134
llm_bottleneck_11hz,145,1,1,3,1.0,14.0,13.0,0.035694707185029984,0.035694707185029984,0.11363181948661805,0.0,0.007008951157331467
llm_bottleneck_11hz,146,2,2,3,1.0,11.0,10.0,0.028847575187683105,0.028847575187683105,0.09926212310791016,0.0,0.005576135590672493
llm_bottleneck_11hz,147,3,3,3,0.0,11.0,11.0,0.0486772358417511,0.0486772358417511,-0.013013268709182735,1.0,0.011130787432193756
llm_bottleneck_11hz,148,0,0,3,1.0,15.0,14.0,0.019749565050005913,0.019749565050005913,0.028351997137069707,0.0,0.00802559033036232
llm_bottleneck_11hz,149,1,1,3,1.0,14.0,14.0,0.04807450622320175,0.04807450622320175,0.059120600223541264,0.0,0.00932081788778305
llm_bottleneck_11hz,150,2,2,3,1.0,24.0,23.0,0.0523856021463871,0.0523856021463871,0.1011611568927765,0.0,0.009530357085168362
llm_bottleneck_11hz,151,3,3,3,1.0,14.0,14.0,0.04162229225039482,0.04162229225039482,0.08829609036445618,0.0,0.004295083228498697
llm_bottleneck_11hz,152,0,0,3,1.0,18.0,9.0,0.03969784453511238,0.03969784453511238,0.04822651028633118,0.0,0.016076575964689255
llm_bottleneck_11hz,153,1,1,3,1.0,14.0,14.0,0.049389660358428955,0.049389660358428955,0.07571340084075928,0.0,0.008528906852006912
llm_bottleneck_11hz,154,2,2,3,1.0,13.0,13.0,0.0462958887219429,0.0462958887219429,0.06780815601348877,0.0,0.0053964401595294476
llm_bottleneck_11hz,155,3,3,3,1.0,19.0,13.0,0.04747071862220764,0.04747071862220764,0.09005877852439881,0.0,0.008302642032504082
llm_bottleneck_11hz,156,0,0,3,1.0,13.0,13.0,0.04616319760680199,0.04616319760680199,0.04733115911483765,0.0,0.005678854417055845
llm_bottleneck_11hz,157,1,1,3,1.0,16.0,12.0,0.027970485389232635,0.027970485389232635,0.04330519318580628,0.0,0.01085271779447794
llm_bottleneck_11hz,158,2,2,3,1.0,16.0,12.0,0.03762051463127136,0.03762051463127136,0.03400731563568116,0.0,0.008981777355074883
llm_bottleneck_11hz,159,3,3,3,0.0,13.0,13.0,0.05338723585009575,0.05338723585009575,-0.00936550915241241,1.0,0.01298820972442627
llm_bottleneck_11hz,160,0,0,3,0.0,13.0,13.0,0.05217473581433296,0.05217473581433296,-0.0030390125513076738,1.0,0.008575856685638428
llm_bottleneck_11hz,161,1,1,3,1.0,17.0,17.0,0.04285099729895592,0.04285099729895592,0.050537501573562627,0.0,0.0076140291057527065
llm_bottleneck_11hz,162,2,2,3,1.0,12.0,12.0,0.04681301862001419,0.04681301862001419,0.09321296691894532,0.0,0.004272388760000467
llm_bottleneck_11hz,163,3,3,3,1.0,15.0,15.0,0.04692985117435455,0.04692985117435455,0.06383637070655823,0.0,0.00407578656449914
llm_bottleneck_11hz,164,0,0,3,1.0,22.0,21.0,0.04484554007649422,0.04484554007649422,0.041510258913040166,0.0,0.010914766229689121
llm_bottleneck_11hz,165,1,1,3,1.0,16.0,14.0,0.014489654451608658,0.014489654451608658,0.003334467411041264,0.0,0.01003512553870678
llm_bottleneck_11hz,166,2,2,3,1.0,10.0,10.0,0.04583929106593132,0.04583929106593132,0.05080917954444886,0.0,0.007530568167567253
llm_bottleneck_11hz,167,3,3,3,1.0,17.0,16.0,0.025385290384292603,0.025385290384292603,0.09898820996284485,0.0,0.005918033886700869
llm_bottleneck_11hz,168,0,0,3,1.0,14.0,14.0,0.05112281069159508,0.05112281069159508,0.04991561651229859,0.0,0.012717116624116898
llm_bottleneck_11hz,169,1,1,3,1.0,12.0,12.0,0.03966784104704857,0.03966784104704857,0.015373532772064213,0.0,0.007096512708812952
llm_bottleneck_11hz,170,2,2,3,1.0,18.0,17.0,0.03461870178580284,0.03461870178580284,0.07912180304527283,0.0,0.008038593456149101
llm_bottleneck_11hz,171,3,3,3,1.0,13.0,12.0,0.05126950144767761,0.05126950144767761,0.13828981399536133,0.0,0.0068310098722577095
llm_bottleneck_11hz,172,0,0,3,1.0,18.0,17.0,0.011702189221978188,0.011702189221978188,0.12873659014701844,0.0,0.007150397635996342
llm_bottleneck_11hz,173,1,1,3,1.0,13.0,13.0,0.046555452048778534,0.046555452048778534,0.03588757395744324,0.0,0.005442333873361349
llm_bottleneck_11hz,174,2,2,3,1.0,17.0,16.0,0.043486643582582474,0.043486643582582474,0.04715207695960999,0.0,0.008449376560747623
llm_bottleneck_11hz,175,3,3,3,1.0,15.0,15.0,0.029321394860744476,0.029321394860744476,0.08577871799468995,0.0,0.005296742543578148
llm_bottleneck_11hz,176,0,0,3,1.0,16.0,15.0,0.047703053802251816,0.047703053802251816,0.0559498417377472,0.0,0.007936015725135803
llm_bottleneck_11hz,177,1,1,3,1.0,19.0,18.0,0.04327365756034851,0.04327365756034851,0.07354599714279175,0.0,0.0066458494402468204
llm_bottleneck_11hz,178,2,2,3,0.0,14.0,13.0,0.042584795504808426,0.042584795504808426,-0.024673933982849117,1.0,0.012216947041451931
llm_bottleneck_11hz,179,3,3,3,1.0,23.0,16.0,0.03750072419643402,0.03750072419643402,0.03680140256881714,0.0,0.013716129586100578
llm_bottleneck_11hz,180,0,0,3,1.0,14.0,13.0,0.03575186803936958,0.03575186803936958,0.09712043881416321,0.0,0.008722575381398201
llm_bottleneck_11hz,181,1,1,3,1.0,12.0,11.0,0.046578068286180496,0.046578068286180496,0.04879954934120179,0.0,0.005119948647916317
llm_bottleneck_11hz,182,2,2,3,1.0,17.0,14.0,0.04747496172785759,0.04747496172785759,0.07633176922798157,0.0,0.009519399143755436
llm_bottleneck_11hz,183,3,3,3,1.0,19.0,13.0,0.04570554196834564,0.04570554196834564,0.06030479550361634,0.0,0.01028329599648714
llm_bottleneck_11hz,184,0,0,3,1.0,17.0,16.0,0.0453910231590271,0.0453910231590271,0.11070108890533448,0.0,0.006577967666089535
llm_bottleneck_11hz,185,1,1,3,1.0,13.0,12.0,0.03228211775422096,0.03228211775422096,0.015932266712188725,0.0,0.007593235466629267
llm_bottleneck_11hz,186,2,2,3,1.0,13.0,13.0,0.0413762591779232,0.0413762591779232,0.07306838512420655,0.0,0.0048540690913796425
llm_bottleneck_11hz,187,3,3,3,1.0,15.0,15.0,0.04366046190261841,0.04366046190261841,0.09187427639961243,0.0,0.004789539612829685
llm_bottleneck_11hz,188,0,0,3,1.0,15.0,14.0,0.04488716274499893,0.04488716274499893,0.08073619484901429,0.0,0.006516843102872372
llm_bottleneck_11hz,189,1,1,3,1.0,24.0,20.0,0.044488292187452316,0.044488292187452316,0.019910161495208745,0.0,0.006548452191054821
llm_bottleneck_11hz,190,2,2,3,1.0,13.0,13.0,0.04983134567737579,0.04983134567737579,0.0016500401496887251,0.0,0.00956660881638527
llm_bottleneck_11hz,191,3,3,3,1.0,14.0,14.0,0.05394265800714493,0.05394265800714493,0.017710005044937138,0.0,0.00666588032618165
llm_bottleneck_11hz,192,0,0,3,1.0,12.0,12.0,0.04327182471752167,0.04327182471752167,0.014687870740890507,0.0,0.006622346583753824
llm_bottleneck_11hz,193,1,1,3,1.0,18.0,17.0,0.045080553740262985,0.045080553740262985,0.056341921091079716,0.0,0.0069958907552063465
llm_bottleneck_11hz,194,2,2,3,1.0,18.0,14.0,0.043352723121643066,0.043352723121643066,0.05048239707946778,0.0,0.011897478252649307
llm_bottleneck_11hz,195,3,3,3,0.0,17.0,16.0,0.03173114359378815,0.03173114359378815,-0.020681808590888973,1.0,0.0106850890442729
llm_bottleneck_11hz,196,0,0,3,1.0,20.0,15.0,0.03688503056764603,0.03688503056764603,0.05654204368591309,0.0,0.011869970709085464
llm_bottleneck_11hz,197,1,1,3,1.0,14.0,13.0,0.049296312034130096,0.049296312034130096,0.06266576528549195,0.0,0.0075298273004591465
llm_bottleneck_11hz,198,2,2,3,1.0,19.0,18.0,0.05278938263654709,0.05278938263654709,0.032486622333526616,0.0,0.011226855218410492
llm_bottleneck_11hz,199,3,3,3,1.0,15.0,15.0,0.03334922343492508,0.03334922343492508,0.08561635494232178,0.0,0.008263500407338142
direct_stress_6hz,0,0,0,5,1.0,16.0,16.0,0.0489463247358799,0.0489463247358799,0.0534900176525116,0.0,0.005557382944971323
direct_stress_6hz,1,1,1,5,1.0,13.0,12.0,0.05384725704789162,0.05384725704789162,0.05613226175308228,0.0,0.005996519234031439
direct_stress_6hz,2,2,2,5,1.0,13.0,13.0,0.040397562086582184,0.040397562086582184,0.06026623129844666,0.0,0.0051337843760848045
direct_stress_6hz,3,3,3,5,1.0,17.0,17.0,0.052006278187036514,0.052006278187036514,0.006204520463943486,0.0,0.008898396044969559
direct_stress_6hz,4,0,0,5,1.0,15.0,15.0,0.0388786643743515,0.0388786643743515,0.0687345314025879,0.0,0.006060158368200064
direct_stress_6hz,5,1,1,5,1.0,14.0,14.0,0.05132117122411728,0.05132117122411728,0.0648563551902771,0.0,0.005894054193049669
direct_stress_6hz,6,2,2,5,1.0,11.0,11.0,0.017873678356409073,0.017873678356409073,0.036691074371337895,0.0,0.007427198812365532
direct_stress_6hz,7,3,3,5,1.0,24.0,14.0,0.04755256697535515,0.04755256697535515,0.06987527489662171,0.0,0.007214165758341551
direct_stress_6hz,8,0,0,5,1.0,13.0,9.0,0.042674656957387924,0.042674656957387924,0.026087110042572026,0.0,0.00790384504944086
direct_stress_6hz,9,1,1,5,1.0,11.0,10.0,0.032306741923093796,0.032306741923093796,0.0719354796409607,0.0,0.0040068915113806725
direct_stress_6hz,10,2,2,5,1.0,28.0,12.0,0.029399069026112556,0.029399069026112556,0.059537624120712285,0.0,0.011309421621263027
direct_stress_6hz,11,3,3,5,1.0,9.0,9.0,0.03406453877687454,0.03406453877687454,0.060187553167343144,0.0,0.0022138708736747503
direct_stress_6hz,12,0,0,5,1.0,14.0,14.0,0.04168694093823433,0.04168694093823433,0.005949144363403325,0.0,0.006883636116981506
direct_stress_6hz,13,1,1,5,1.0,14.0,12.0,0.05340415611863136,0.05340415611863136,0.001999129652976994,0.0,0.008363726548850536
direct_stress_6hz,14,2,2,5,1.0,12.0,11.0,0.02119549550116062,0.02119549550116062,0.04397073864936829,0.0,0.005617804825305939
direct_stress_6hz,15,3,3,5,1.0,15.0,15.0,0.03799883648753166,0.03799883648753166,0.030628954172134404,0.0,0.007094427011907101
direct_stress_6hz,16,0,0,5,1.0,14.0,13.0,0.052040353417396545,0.052040353417396545,0.030728225708007817,0.0,0.006376624573022127
direct_stress_6hz,17,1,1,5,1.0,20.0,18.0,0.04783821851015091,0.04783821851015091,0.07627830386161805,0.0,0.007074336986988783
direct_stress_6hz,18,2,2,5,1.0,12.0,12.0,0.05074908584356308,0.05074908584356308,0.04710367798805237,0.0,0.0034527541138231754
direct_stress_6hz,19,3,3,5,1.0,22.0,17.0,0.04901150241494179,0.04901150241494179,0.16497901558876038,0.0,0.004731126129627228
direct_stress_6hz,20,0,0,5,1.0,13.0,13.0,0.026151981204748154,0.026151981204748154,0.06060439825057984,0.0,0.00760773615911603
direct_stress_6hz,21,1,1,5,1.0,16.0,16.0,0.046735357493162155,0.046735357493162155,0.053946440219879155,0.0,0.0054555619135499
direct_stress_6hz,22,2,2,5,0.0,34.0,11.0,0.12015961110591888,0.07022324949502945,0.0736764419078827,0.0,0.013462366536259651
direct_stress_6hz,23,3,3,5,1.0,13.0,12.0,0.03798976168036461,0.03798976168036461,0.0397701907157898,0.0,0.004339353181421757
direct_stress_6hz,24,0,0,5,1.0,12.0,12.0,0.04420977830886841,0.04420977830886841,0.03487498044967652,0.0,0.010095750913023949
direct_stress_6hz,25,1,1,5,1.0,14.0,14.0,0.040853794664144516,0.040853794664144516,0.06576675653457642,0.0,0.005791330244392157
direct_stress_6hz,26,2,2,5,1.0,13.0,12.0,0.024635793641209602,0.024635793641209602,0.010955964326858525,0.0,0.005950550548732281
direct_stress_6hz,27,3,3,5,1.0,13.0,13.0,0.053868770599365234,0.053868770599365234,0.10755023837089539,0.0,0.0022163090761750937
direct_stress_6hz,28,0,0,5,1.0,12.0,12.0,0.0538419671356678,0.0538419671356678,0.09174108982086182,0.0,0.006471801549196243
direct_stress_6hz,29,1,1,5,0.0,13.0,13.0,0.042618345469236374,0.042618345469236374,-0.0008621168136596635,1.0,0.0067459587007761
direct_stress_6hz,30,2,2,5,0.0,13.0,12.0,0.0370606854557991,0.0370606854557991,-0.011659498214721675,1.0,0.005235446151345968
direct_stress_6hz,31,3,3,5,1.0,14.0,14.0,0.05105195939540863,0.05105195939540863,0.06974599242210389,0.0,0.0038134558126330376
direct_stress_6hz,32,0,0,5,1.0,16.0,14.0,0.05346476286649704,0.05346476286649704,0.12397876858711243,0.0,0.00775085249915719
direct_stress_6hz,33,1,1,5,1.0,15.0,12.0,0.05360814556479454,0.05360814556479454,0.03610182285308838,0.0,0.006714269053190947
direct_stress_6hz,34,2,2,5,1.0,13.0,13.0,0.04864979535341263,0.04864979535341263,0.08842051506042481,0.0,0.004926040768623352
direct_stress_6hz,35,3,3,5,1.0,10.0,9.0,0.020898154005408287,0.020898154005408287,0.05986717820167542,0.0,0.003220220794901252
direct_stress_6hz,36,0,0,5,1.0,11.0,10.0,0.05237320065498352,0.05237320065498352,0.08929720997810364,0.0,0.005346538498997688
direct_stress_6hz,37,1,1,5,1.0,10.0,10.0,0.05213792994618416,0.05213792994618416,0.0022631931304931685,0.0,0.004859580658376217
direct_stress_6hz,38,2,2,5,1.0,11.0,11.0,0.02555978298187256,0.02555978298187256,0.027771567106246953,0.0,0.0048178378492593765
direct_stress_6hz,39,3,3,5,1.0,15.0,14.0,0.04231111332774162,0.04231111332774162,0.004848544597625737,0.0,0.006677132565528154
direct_stress_6hz,40,0,0,5,1.0,13.0,12.0,0.02824903465807438,0.02824903465807438,0.06241366744041443,0.0,0.007110744249075651
direct_stress_6hz,41,1,1,5,1.0,15.0,13.0,0.04785042256116867,0.04785042256116867,0.037941251993179326,0.0,0.005387154407799244
direct_stress_6hz,42,2,2,5,1.0,15.0,15.0,0.021582312881946564,0.021582312881946564,0.09527084708213807,0.0,0.0032209199853241444
direct_stress_6hz,43,3,3,5,0.0,15.0,15.0,0.024955276399850845,0.024955276399850845,-0.024752731323242183,1.0,0.00435872096568346
direct_stress_6hz,44,0,0,5,1.0,15.0,15.0,0.02414143644273281,0.02414143644273281,0.02462390542030335,0.0,0.004613140597939491
direct_stress_6hz,45,1,1,5,1.0,15.0,12.0,0.03188551217317581,0.03188551217317581,0.11656374216079712,0.0,0.004108211025595665
direct_stress_6hz,46,2,2,5,1.0,28.0,18.0,0.043956391513347626,0.043956391513347626,0.03694859623908997,0.0,0.008981732651591301
direct_stress_6hz,47,3,3,5,1.0,14.0,13.0,0.023255856707692146,0.023255856707692146,0.01935315608978272,0.0,0.005636397749185562
direct_stress_6hz,48,0,0,5,1.0,9.0,9.0,0.04593878984451294,0.04593878984451294,0.0718882429599762,0.0,0.0024110733065754175
direct_stress_6hz,49,1,1,5,1.0,11.0,11.0,0.0428231805562973,0.0428231805562973,0.07900801777839661,0.0,0.00397274736315012
direct_stress_6hz,50,2,2,5,1.0,13.0,13.0,0.04194699972867966,0.04194699972867966,0.0563790249824524,0.0,0.004378677811473608
direct_stress_6hz,51,3,3,5,0.0,15.0,15.0,0.02192516252398491,0.02192516252398491,-0.03826483607292175,1.0,0.009155314415693283
direct_stress_6hz,52,0,0,5,1.0,17.0,15.0,0.050176747143268585,0.050176747143268585,0.051685039997100835,0.0,0.0064342874102294445
direct_stress_6hz,53,1,1,5,1.0,13.0,13.0,0.03770914673805237,0.03770914673805237,0.08624712109565735,0.0,0.0060883210971951485
direct_stress_6hz,54,2,2,5,1.0,14.0,14.0,0.05208474397659302,0.05208474397659302,0.0756779956817627,0.0,0.004167890176177025
direct_stress_6hz,55,3,3,5,1.0,15.0,14.0,0.039228349924087524,0.039228349924087524,0.09100690960884095,0.0,0.004136402625590563
direct_stress_6hz,56,0,0,5,0.0,34.0,15.0,0.2408318817615509,0.05972396582365036,0.05082244157791138,0.0,0.01062912680208683
direct_stress_6hz,57,1,1,5,1.0,17.0,14.0,0.04837147518992424,0.04837147518992424,0.08476716756820679,0.0,0.008015315048396587
direct_stress_6hz,58,2,2,5,0.0,34.0,34.0,0.14112132787704468,0.08110439032316208,0.03938836336135865,0.0,0.016195282340049744
direct_stress_6hz,59,3,3,5,1.0,19.0,16.0,0.02680448815226555,0.02680448815226555,0.034195219278335576,0.0,0.008623928762972355
direct_stress_6hz,60,0,0,5,1.0,14.0,12.0,0.020298194140195847,0.020298194140195847,0.02325472712516785,0.0,0.00596209429204464
direct_stress_6hz,61,1,1,5,1.0,14.0,14.0,0.03958247974514961,0.03958247974514961,0.07571691751480103,0.0,0.006148387212306261
direct_stress_6hz,62,2,2,5,1.0,12.0,12.0,0.03909912332892418,0.03909912332892418,0.14323431730270386,0.0,0.002772832754999399
direct_stress_6hz,63,3,3,5,1.0,24.0,13.0,0.02865302376449108,0.02865302376449108,0.03853658318519593,0.0,0.007147042080760002
direct_stress_6hz,64,0,0,5,0.0,17.0,16.0,0.028431154787540436,0.028431154787540436,-0.012465531826019283,1.0,0.00904584489762783
direct_stress_6hz,65,1,1,5,1.0,15.0,15.0,0.02993333525955677,0.02993333525955677,0.06378385901451111,0.0,0.005951061379164457
direct_stress_6hz,66,2,2,5,1.0,18.0,17.0,0.019902082160115242,0.019902082160115242,0.09108567714691163,0.0,0.004673737101256847
direct_stress_6hz,67,3,3,5,1.0,19.0,13.0,0.02540936879813671,0.02540936879813671,0.020943080186843877,0.0,0.01043694093823433
direct_stress_6hz,68,0,0,5,1.0,15.0,14.0,0.03072280064225197,0.03072280064225197,0.004171540141105656,0.0,0.006381313316524029
direct_stress_6hz,69,1,1,5,1.0,13.0,12.0,0.037378884851932526,0.037378884851932526,0.022925620079040532,0.0,0.0040131560526788235
direct_stress_6hz,70,2,2,5,1.0,15.0,14.0,0.0526062548160553,0.0526062548160553,0.045758430957794194,0.0,0.003891304135322571
direct_stress_6hz,71,3,3,5,1.0,23.0,19.0,0.023761771619319916,0.023761771619319916,0.14516583561897278,0.0,0.007121257949620485
direct_stress_6hz,72,0,0,5,1.0,11.0,10.0,0.029798300936818123,0.029798300936818123,0.016476546525955205,0.0,0.007275902666151524
direct_stress_6hz,73,1,1,5,1.0,14.0,13.0,0.013803589157760143,0.013803589157760143,0.06280869722366333,0.0,0.002241452457383275
direct_stress_6hz,74,2,2,5,1.0,11.0,10.0,0.0028771087527275085,0.0028771087527275085,0.03799099206924439,0.0,0.004308274015784264
direct_stress_6hz,75,3,3,5,1.0,15.0,15.0,0.016436822712421417,0.016436822712421417,0.1334347176551819,0.0,0.0030251070857048035
direct_stress_6hz,76,0,0,5,1.0,11.0,10.0,0.026388561353087425,0.026388561353087425,0.08598971843719483,0.0,0.0046638124622404575
direct_stress_6hz,77,1,1,5,1.0,12.0,11.0,0.04898211359977722,0.04898211359977722,0.033280109167099,0.0,0.006754911504685879
direct_stress_6hz,78,2,2,5,0.0,13.0,13.0,0.02922636643052101,0.02922636643052101,-0.024387176036834712,1.0,0.005112033803015947
direct_stress_6hz,79,3,3,5,1.0,10.0,10.0,0.04331274330615997,0.04331274330615997,0.06196064233779908,0.0,0.004065015818923712
direct_stress_6hz,80,0,0,5,1.0,14.0,14.0,0.021828699856996536,0.021828699856996536,0.0983646559715271,0.0,0.003734889440238476
direct_stress_6hz,81,1,1,5,1.0,27.0,14.0,0.003511765506118536,0.003511765506118536,0.03682792663574219,0.0,0.009926852770149708
direct_stress_6hz,82,2,2,5,1.0,14.0,14.0,0.014711514115333557,0.014711514115333557,0.061980818510055546,0.0,0.001883444027043879
direct_stress_6hz,83,3,3,5,1.0,17.0,17.0,0.04277271032333374,0.04277271032333374,0.10042608261108399,0.0,0.009228686802089214
direct_stress_6hz,84,0,0,5,1.0,17.0,12.0,0.01681763119995594,0.01681763119995594,0.1113847839832306,0.0,0.011107860133051872
direct_stress_6hz,85,1,1,5,1.0,14.0,14.0,0.04015921801328659,0.04015921801328659,0.04770595312118531,0.0,0.003583221696317196
direct_stress_6hz,86,2,2,5,0.0,34.0,12.0,0.16004401445388794,0.05933520570397377,0.0360109555721283,0.0,0.015203244052827358
direct_stress_6hz,87,3,3,5,1.0,21.0,21.0,0.04634283855557442,0.04634283855557442,0.057465140819549565,0.0,0.009730847552418709
direct_stress_6hz,88,0,0,5,1.0,14.0,13.0,0.028653588145971298,0.028653588145971298,0.12092048406600953,0.0,0.0052742864936590195
direct_stress_6hz,89,1,1,5,1.0,19.0,18.0,0.05343522131443024,0.05343522131443024,0.06860918283462525,0.0,0.007947131060063839
direct_stress_6hz,90,2,2,5,1.0,13.0,12.0,0.028010893613100052,0.028010893613100052,0.029472773075103764,0.0,0.006193302106112242
direct_stress_6hz,91,3,3,5,1.0,12.0,12.0,0.05094814673066139,0.05094814673066139,0.10135502099990845,0.0,0.003543128026649356
direct_stress_6hz,92,0,0,5,0.0,34.0,16.0,0.2408318817615509,0.058316994458436966,0.028051351308822636,0.0,0.014240503311157227
direct_stress_6hz,93,1,1,5,1.0,20.0,19.0,0.03996996954083443,0.03996996954083443,0.017670338153839116,0.0,0.006779170595109463
direct_stress_6hz,94,2,2,5,1.0,12.0,12.0,0.03623538836836815,0.03623538836836815,0.07307944178581238,0.0,0.0033618726301938295
direct_stress_6hz,95,3,3,5,0.0,14.0,13.0,0.030316468328237534,0.030316468328237534,-0.06710341095924377,1.0,0.006270518060773611
direct_stress_6hz,96,0,0,5,1.0,18.0,14.0,0.02370421402156353,0.02370421402156353,0.021404777765274052,0.0,0.010486085899174213
direct_stress_6hz,97,1,1,5,1.0,14.0,13.0,0.04820284992456436,0.04820284992456436,0.08941472053527832,0.0,0.005888850893825293
direct_stress_6hz,98,2,2,5,1.0,11.0,10.0,0.03247320279479027,0.03247320279479027,0.09443870663642884,0.0,0.0022262600250542164
direct_stress_6hz,99,3,3,5,0.0,12.0,12.0,0.050627268850803375,0.050627268850803375,-0.08048478782176971,1.0,0.006101896055042744
direct_stress_6hz,100,0,0,5,1.0,11.0,10.0,0.016489069908857346,0.016489069908857346,0.046617840528488164,0.0,0.00709580397233367
direct_stress_6hz,101,1,1,5,1.0,23.0,14.0,0.02141929604113102,0.02141929604113102,0.06914791941642762,0.0,0.0066257258877158165
direct_stress_6hz,102,2,2,5,1.0,13.0,12.0,0.041048869490623474,0.041048869490623474,0.060681139230728154,0.0,0.003014414804056287
direct_stress_6hz,103,3,3,5,0.0,13.0,12.0,0.05096988007426262,0.05096988007426262,-0.009243215322494502,1.0,0.008860458619892597
direct_stress_6hz,104,0,0,5,0.0,17.0,12.0,0.04170551151037216,0.04170551151037216,-0.004535804390907283,1.0,0.013047635555267334
direct_stress_6hz,105,1,1,5,1.0,14.0,12.0,0.04315159097313881,0.04315159097313881,0.0610939908027649,0.0,0.006653707940131426
direct_stress_6hz,106,2,2,5,1.0,15.0,14.0,0.048176735639572144,0.048176735639572144,0.04843739151954651,0.0,0.004413547459989786
direct_stress_6hz,107,3,3,5,1.0,16.0,14.0,0.03584017977118492,0.03584017977118492,0.03832611918449402,0.0,0.005267083179205656
direct_stress_6hz,108,0,0,5,0.0,16.0,15.0,0.023958899080753326,0.023958899080753326,-0.01880105853080749,1.0,0.00819107610732317
direct_stress_6hz,109,1,1,5,1.0,16.0,15.0,0.044039223343133926,0.044039223343133926,0.08567238330841065,0.0,0.006833971943706274
direct_stress_6hz,110,2,2,5,1.0,13.0,13.0,0.03832590579986572,0.03832590579986572,0.11325470089912415,0.0,0.003074896289035678
direct_stress_6hz,111,3,3,5,1.0,15.0,15.0,0.04352299124002457,0.04352299124002457,0.07352898001670838,0.0,0.005337866023182869
direct_stress_6hz,112,0,0,5,1.0,11.0,11.0,0.04969923570752144,0.04969923570752144,0.013031010627746586,0.0,0.009504083544015884
direct_stress_6hz,113,1,1,5,1.0,14.0,12.0,0.0397452712059021,0.0397452712059021,0.017638121843338017,0.0,0.008134317584335804
direct_stress_6hz,114,2,2,5,1.0,11.0,11.0,0.023387175053358078,0.023387175053358078,0.035858695507049565,0.0,0.008423427119851112
direct_stress_6hz,115,3,3,5,1.0,15.0,15.0,0.05368264392018318,0.05368264392018318,0.07060492515563965,0.0,0.004089951049536467
direct_stress_6hz,116,0,0,5,1.0,12.0,11.0,0.04465402290225029,0.04465402290225029,0.014888768196105961,0.0,0.004455188289284706
direct_stress_6hz,117,1,1,5,0.0,12.0,12.0,0.043519653379917145,0.043519653379917145,-0.030323232412338252,1.0,0.005437138490378857
direct_stress_6hz,118,2,2,5,1.0,11.0,11.0,0.04939928650856018,0.04939928650856018,0.09355733275413514,0.0,0.0017661798046901822
direct_stress_6hz,119,3,3,5,1.0,16.0,14.0,0.029987065121531487,0.029987065121531487,0.11875457048416138,0.0,0.005594389978796244
direct_stress_6hz,120,0,0,5,0.0,14.0,14.0,0.05272546783089638,0.05272546783089638,-0.001842643022537227,1.0,0.004513098858296871
direct_stress_6hz,121,1,1,5,1.0,15.0,14.0,0.046764109283685684,0.046764109283685684,0.06003964424133301,0.0,0.004967115819454193
direct_stress_6hz,122,2,2,5,1.0,13.0,13.0,0.037570931017398834,0.037570931017398834,0.048444484472274785,0.0,0.00779240857809782
direct_stress_6hz,123,3,3,5,1.0,15.0,15.0,0.046147119253873825,0.046147119253873825,0.11015221953392029,0.0,0.0035732402466237545
direct_stress_6hz,124,0,0,5,1.0,13.0,12.0,0.028168275952339172,0.028168275952339172,0.07016078114509583,0.0,0.00805418286472559
direct_stress_6hz,125,1,1,5,0.0,14.0,12.0,0.0419607013463974,0.0419607013463974,-0.031469593644142146,1.0,0.006432798225432634
direct_stress_6hz,126,2,2,5,1.0,13.0,12.0,0.021172331646084785,0.021172331646084785,0.018908237218856816,0.0,0.003033916698768735
direct_stress_6hz,127,3,3,5,1.0,14.0,13.0,0.018767353147268295,0.018767353147268295,0.0015779334306716963,0.0,0.008320746012032032
direct_stress_6hz,128,0,0,5,0.0,15.0,15.0,0.03268294781446457,0.03268294781446457,-0.003908972144126888,1.0,0.006872877478599548
direct_stress_6hz,129,1,1,5,0.0,12.0,10.0,0.05120103061199188,0.05120103061199188,-0.013541216850280757,1.0,0.010070696473121643
direct_stress_6hz,130,2,2,5,0.0,34.0,31.0,0.1324189305305481,0.07368043065071106,0.03655830502510071,0.0,0.019234834238886833
direct_stress_6hz,131,3,3,5,1.0,14.0,13.0,0.03842483460903168,0.03842483460903168,0.05567414045333863,0.0,0.006548985373228788
direct_stress_6hz,132,0,0,5,1.0,18.0,14.0,0.0021525188349187374,0.0021525188349187374,0.0632244098186493,0.0,0.011750150471925735
direct_stress_6hz,133,1,1,5,0.0,32.0,23.0,0.053507111966609955,0.053507111966609955,-0.01360810816287994,1.0,0.007572644855827093
direct_stress_6hz,134,2,2,5,0.0,13.0,13.0,0.03838031738996506,0.03838031738996506,-0.031074325442314144,1.0,0.0031865385826677084
direct_stress_6hz,135,3,3,5,1.0,17.0,17.0,0.05153612419962883,0.05153612419962883,0.022996340990066533,0.0,0.009744267910718918
direct_stress_6hz,136,0,0,5,1.0,13.0,12.0,0.03303762897849083,0.03303762897849083,0.02947992563247681,0.0,0.004790043458342552
direct_stress_6hz,137,1,1,5,1.0,16.0,16.0,0.04904232174158096,0.04904232174158096,0.13314950942993165,0.0,0.0035523970145732164
direct_stress_6hz,138,2,2,5,1.0,11.0,11.0,0.05059470981359482,0.05059470981359482,0.04799232363700867,0.0,0.005187394097447395
direct_stress_6hz,139,3,3,5,1.0,13.0,12.0,0.051985252648591995,0.051985252648591995,0.10560891509056092,0.0,0.005226869601756334
direct_stress_6hz,140,0,0,5,1.0,14.0,13.0,0.006061221472918987,0.006061221472918987,0.052690957784652714,0.0,0.007368903607130051
direct_stress_6hz,141,1,1,5,1.0,33.0,22.0,0.0502559132874012,0.0502559132874012,0.04734033823013306,0.0,0.010634176433086395
direct_stress_6hz,142,2,2,5,1.0,12.0,12.0,0.02826295979321003,0.02826295979321003,0.00010516226291656938,0.0,0.008449507877230644
direct_stress_6hz,143,3,3,5,1.0,10.0,10.0,0.04028328135609627,0.04028328135609627,0.056988244056701665,0.0,0.0027986248023808002
direct_stress_6hz,144,0,0,5,1.0,12.0,12.0,0.04522189497947693,0.04522189497947693,0.027386670112609868,0.0,0.00427099596709013
direct_stress_6hz,145,1,1,5,1.0,13.0,13.0,0.05039447173476219,0.05039447173476219,0.10285443544387818,0.0,0.004818479530513287
direct_stress_6hz,146,2,2,5,1.0,11.0,10.0,0.017498457804322243,0.017498457804322243,0.0915519642829895,0.0,0.0022879065945744514
direct_stress_6hz,147,3,3,5,0.0,15.0,11.0,0.051648858934640884,0.051648858934640884,-0.029348100423812862,1.0,0.00641039852052927
direct_stress_6hz,148,0,0,5,1.0,14.0,14.0,0.05122717469930649,0.05122717469930649,0.03167257189750672,0.0,0.005250845104455948
direct_stress_6hz,149,1,1,5,1.0,14.0,13.0,0.027427498251199722,0.027427498251199722,0.06583101034164429,0.0,0.007343672215938568
direct_stress_6hz,150,2,2,5,1.0,31.0,29.0,0.047977983951568604,0.047977983951568604,0.09223443746566773,0.0,0.010661262087523937
direct_stress_6hz,151,3,3,5,1.0,14.0,14.0,0.026262985542416573,0.026262985542416573,0.09049293875694275,0.0,0.00405518664047122
direct_stress_6hz,152,0,0,5,1.0,13.0,12.0,0.006747561506927013,0.006747561506927013,0.04473746299743653,0.0,0.010879461653530598
direct_stress_6hz,153,1,1,5,1.0,14.0,13.0,0.04646658897399902,0.04646658897399902,0.08034852623939515,0.0,0.006616125348955393
direct_stress_6hz,154,2,2,5,1.0,13.0,13.0,0.037995047867298126,0.037995047867298126,0.06250268697738648,0.0,0.004158693831413984
direct_stress_6hz,155,3,3,5,1.0,16.0,14.0,0.052324727177619934,0.052324727177619934,0.08974788069725037,0.0,0.006478823721408844
direct_stress_6hz,156,0,0,5,1.0,14.0,14.0,0.02721007540822029,0.02721007540822029,0.047204916477203374,0.0,0.006386286113411188
direct_stress_6hz,157,1,1,5,1.0,14.0,12.0,0.049904413521289825,0.049904413521289825,0.04803446412086487,0.0,0.0043511237017810345
direct_stress_6hz,158,2,2,5,1.0,13.0,12.0,0.052298832684755325,0.052298832684755325,0.018145983219146733,0.0,0.005136639811098576
direct_stress_6hz,159,3,3,5,0.0,11.0,11.0,0.04534207284450531,0.04534207284450531,-0.04154537141323089,1.0,0.007226864341646433
direct_stress_6hz,160,0,0,5,0.0,13.0,13.0,0.011733592487871647,0.011733592487871647,-0.024701784253120418,1.0,0.008463195525109768
direct_stress_6hz,161,1,1,5,1.0,17.0,17.0,0.0489959716796875,0.0489959716796875,0.05707490921020508,0.0,0.009843057952821255
direct_stress_6hz,162,2,2,5,1.0,12.0,12.0,0.03274327516555786,0.03274327516555786,0.09112680435180665,0.0,0.0031540188938379288
direct_stress_6hz,163,3,3,5,1.0,15.0,15.0,0.037586577236652374,0.037586577236652374,0.05708232998847962,0.0,0.00470894668251276
direct_stress_6hz,164,0,0,5,0.0,34.0,13.0,0.2408318817615509,0.05822613090276718,0.04713264584541321,0.0,0.009335193783044815
direct_stress_6hz,165,1,1,5,1.0,16.0,16.0,0.017472313717007637,0.017472313717007637,0.004450638890266423,0.0,0.007448313292115927
direct_stress_6hz,166,2,2,5,1.0,10.0,10.0,0.05066335201263428,0.05066335201263428,0.05097857594490052,0.0,0.005203946493566036
direct_stress_6hz,167,3,3,5,1.0,16.0,14.0,0.045750394463539124,0.045750394463539124,0.099779372215271,0.0,0.0033028426114469767
direct_stress_6hz,168,0,0,5,1.0,13.0,13.0,0.042921584099531174,0.042921584099531174,0.061586176156997685,0.0,0.00892614759504795
direct_stress_6hz,169,1,1,5,1.0,12.0,12.0,0.04991430416703224,0.04991430416703224,0.011478369235992436,0.0,0.006516364868730307
direct_stress_6hz,170,2,2,5,1.0,14.0,13.0,0.04130486398935318,0.04130486398935318,0.061360393762588505,0.0,0.0016863159835338593
direct_stress_6hz,171,3,3,5,1.0,12.0,11.0,0.04683747887611389,0.04683747887611389,0.1371326196193695,0.0,0.00647866353392601
direct_stress_6hz,172,0,0,5,0.0,34.0,15.0,0.2408318817615509,0.06945148855447769,0.11817643523216248,0.0,0.008651819080114365
direct_stress_6hz,173,1,1,5,1.0,13.0,13.0,0.05096237733960152,0.05096237733960152,0.031130259037017827,0.0,0.006653567776083946
direct_stress_6hz,174,2,2,5,1.0,15.0,15.0,0.031079214066267014,0.031079214066267014,0.026271795034408574,0.0,0.006076383404433727
direct_stress_6hz,175,3,3,5,1.0,15.0,15.0,0.03930776193737984,0.03930776193737984,0.07606813788414002,0.0,0.0018836292438209057
direct_stress_6hz,176,0,0,5,1.0,16.0,15.0,0.05370822176337242,0.05370822176337242,0.049580608606338505,0.0,0.0078122965060174465
direct_stress_6hz,177,1,1,5,1.0,19.0,18.0,0.053440794348716736,0.053440794348716736,0.08146918296813965,0.0,0.00595778226852417
direct_stress_6hz,178,2,2,5,0.0,14.0,13.0,0.04709998518228531,0.04709998518228531,-0.018457020521163936,1.0,0.006106554996222258
direct_stress_6hz,179,3,3,5,1.0,23.0,16.0,0.05101146176457405,0.05101146176457405,0.040372316837310795,0.0,0.008738621138036251
direct_stress_6hz,180,0,0,5,1.0,13.0,13.0,0.03428252041339874,0.03428252041339874,0.10600287199020386,0.0,0.006600827444344759
direct_stress_6hz,181,1,1,5,1.0,12.0,11.0,0.04905620217323303,0.04905620217323303,0.04467830538749695,0.0,0.004637612029910088
direct_stress_6hz,182,2,2,5,1.0,22.0,14.0,0.0464220866560936,0.0464220866560936,0.09281081438064576,0.0,0.010663631372153759
direct_stress_6hz,183,3,3,5,1.0,23.0,19.0,0.05304110422730446,0.05304110422730446,0.04573938727378846,0.0,0.00806682463735342
direct_stress_6hz,184,0,0,5,1.0,15.0,14.0,0.04316555708646774,0.04316555708646774,0.08861688256263733,0.0,0.0057626026682555676
direct_stress_6hz,185,1,1,5,1.0,13.0,13.0,0.048312507569789886,0.048312507569789886,0.00384019792079926,0.0,0.006920605432242155
direct_stress_6hz,186,2,2,5,1.0,13.0,12.0,0.01781347393989563,0.01781347393989563,0.07698899984359742,0.0,0.003394651459529996
direct_stress_6hz,187,3,3,5,1.0,15.0,14.0,0.04965023696422577,0.04965023696422577,0.09034806966781617,0.0,0.0030929557979106903
direct_stress_6hz,188,0,0,5,1.0,16.0,14.0,0.05366174504160881,0.05366174504160881,0.07997695088386536,0.0,0.006752408109605312
direct_stress_6hz,189,1,1,5,1.0,24.0,20.0,0.053530968725681305,0.053530968725681305,0.01718795776367188,0.0,0.0049136546440422535
direct_stress_6hz,190,2,2,5,0.0,13.0,12.0,0.049504414200782776,0.049504414200782776,-0.013087089061737056,1.0,0.005041393917053938
direct_stress_6hz,191,3,3,5,1.0,13.0,13.0,0.04492911323904991,0.04492911323904991,0.0029852437973022505,0.0,0.005741495173424482
direct_stress_6hz,192,0,0,5,1.0,12.0,12.0,0.04567588120698929,0.04567588120698929,0.00035739421844482866,0.0,0.010554159060120583
direct_stress_6hz,193,1,1,5,1.0,18.0,14.0,0.04774104431271553,0.04774104431271553,0.06703410029411316,0.0,0.006359796039760113
direct_stress_6hz,194,2,2,5,1.0,22.0,19.0,0.027128122746944427,0.027128122746944427,0.035377537012100224,0.0,0.008822317235171795
direct_stress_6hz,195,3,3,5,0.0,17.0,17.0,0.05389893427491188,0.05389893427491188,-0.0107325267791748,1.0,0.011974692344665527
direct_stress_6hz,196,0,0,5,1.0,12.0,12.0,0.03363596275448799,0.03363596275448799,0.06500122427940369,0.0,0.008954862132668495
direct_stress_6hz,197,1,1,5,1.0,14.0,13.0,0.04877931997179985,0.04877931997179985,0.06288809061050415,0.0,0.005771718453615904
direct_stress_6hz,198,2,2,5,1.0,18.0,17.0,0.04947839304804802,0.04947839304804802,0.024017249345779423,0.0,0.011357097886502743
direct_stress_6hz,199,3,3,5,1.0,15.0,14.0,0.013636776246130466,0.013636776246130466,0.09166330575942994,0.0,0.003745605703443289
direct_stress_4hz,0,0,0,8,1.0,18.0,17.0,0.014064916409552097,0.014064916409552097,0.030010943412780766,0.0,0.007159574888646603
direct_stress_4hz,1,1,1,8,1.0,12.0,12.0,0.04456706345081329,0.04456706345081329,0.032035832405090336,0.0,0.005120506044477224
direct_stress_4hz,2,2,2,8,1.0,16.0,13.0,0.045158710330724716,0.045158710330724716,0.02988893270492554,0.0,0.005542617756873369
direct_stress_4hz,3,3,3,8,1.0,20.0,19.0,0.0460791289806366,0.0460791289806366,0.004416559934616093,0.0,0.0063343290239572525
direct_stress_4hz,4,0,0,8,1.0,15.0,15.0,0.008355708792805672,0.008355708792805672,0.08926809310913086,0.0,0.0025707301683723927
direct_stress_4hz,5,1,1,8,1.0,14.0,14.0,0.0468919537961483,0.0468919537961483,0.023321245908737187,0.0,0.004255978856235743
direct_stress_4hz,6,2,2,8,1.0,11.0,10.0,0.02187439613044262,0.02187439613044262,0.02829167723655701,0.0,0.006681840866804123
direct_stress_4hz,7,3,3,8,1.0,34.0,24.0,0.02076185867190361,0.02076185867190361,0.06781068921089173,0.0,0.00459348876029253
direct_stress_4hz,8,0,0,8,1.0,10.0,9.0,0.0480983629822731,0.0480983629822731,0.026087110042572026,0.0,0.00270175002515316
direct_stress_4hz,9,1,1,8,0.0,34.0,10.0,0.18042238056659698,0.07375295460224152,0.07212025403976441,0.0,0.010208474472165108
direct_stress_4hz,10,2,2,8,1.0,34.0,12.0,0.033276405185461044,0.033276405185461044,0.03885767340660096,0.0,0.01044058334082365
direct_stress_4hz,11,3,3,8,1.0,9.0,8.0,0.03293338418006897,0.03293338418006897,0.060187553167343144,0.0,0.0044204904697835445
direct_stress_4hz,12,0,0,8,0.0,15.0,15.0,0.015152418054640293,0.015152418054640293,-0.004260550141334529,1.0,0.005250074435025454
direct_stress_4hz,13,1,1,8,0.0,18.0,12.0,0.03923627361655235,0.03923627361655235,-0.021090085506439205,1.0,0.007782915141433477
direct_stress_4hz,14,2,2,8,1.0,12.0,12.0,0.042283568531274796,0.042283568531274796,0.03196546912193299,0.0,0.004346960689872503
direct_stress_4hz,15,3,3,8,1.0,19.0,15.0,0.036805056035518646,0.036805056035518646,0.024450306892395024,0.0,0.005442255642265081
direct_stress_4hz,16,0,0,8,0.0,34.0,34.0,0.2408318817615509,0.08845211565494537,0.04778528690338135,0.0,0.011278036050498486
direct_stress_4hz,17,1,1,8,1.0,18.0,18.0,0.052273184061050415,0.052273184061050415,0.07507795572280884,0.0,0.004308176226913929
direct_stress_4hz,18,2,2,8,1.0,12.0,12.0,0.0366128608584404,0.0366128608584404,0.037142877578735356,0.0,0.0028732114005833864
direct_stress_4hz,19,3,3,8,1.0,22.0,21.0,0.04762269929051399,0.04762269929051399,0.18019032955169678,0.0,0.005840811412781477
direct_stress_4hz,20,0,0,8,1.0,17.0,16.0,0.017073456197977066,0.017073456197977066,0.06060439825057984,0.0,0.006206863094121218
direct_stress_4hz,21,1,1,8,1.0,17.0,17.0,0.050166524946689606,0.050166524946689606,0.05538535594940186,0.0,0.0038734860718250275
direct_stress_4hz,22,2,2,8,0.0,34.0,11.0,0.07916189730167389,0.06676676124334335,0.06450748920440674,0.0,0.010979779064655304
direct_stress_4hz,23,3,3,8,1.0,13.0,12.0,0.03974979370832443,0.03974979370832443,0.022607837915420537,0.0,0.005814807489514351
direct_stress_4hz,24,0,0,8,1.0,13.0,12.0,0.040110256522893906,0.040110256522893906,0.03487498044967652,0.0,0.004889354109764099
direct_stress_4hz,25,1,1,8,0.0,34.0,14.0,0.13053947687149048,0.059624020010232925,0.057473276853561406,0.0,0.0056725796312093735
direct_stress_4hz,26,2,2,8,0.0,13.0,13.0,0.0378301665186882,0.0378301665186882,-0.008832524418830867,1.0,0.005430860444903374
direct_stress_4hz,27,3,3,8,1.0,16.0,14.0,0.03374667838215828,0.03374667838215828,0.11433354496955872,0.0,0.002217887667939067
direct_stress_4hz,28,0,0,8,1.0,15.0,13.0,0.011643661186099052,0.011643661186099052,0.08578768849372864,0.0,0.0042809690348804
direct_stress_4hz,29,1,1,8,0.0,13.0,12.0,0.026784271001815796,0.026784271001815796,-0.019822473526000972,1.0,0.0037056521978229284
direct_stress_4hz,30,2,2,8,0.0,14.0,12.0,0.020550766959786415,0.020550766959786415,-0.03968074440956115,1.0,0.006509522441774607
direct_stress_4hz,31,3,3,8,1.0,19.0,14.0,0.05325161665678024,0.05325161665678024,0.07623354077339173,0.0,0.005504608619958162
direct_stress_4hz,32,0,0,8,1.0,15.0,15.0,0.021167026832699776,0.021167026832699776,0.13386542081832886,0.0,0.0032266071066260338
direct_stress_4hz,33,1,1,8,1.0,12.0,12.0,0.044684864580631256,0.044684864580631256,0.026744310855865483,0.0,0.0036596276331692934
direct_stress_4hz,34,2,2,8,1.0,13.0,12.0,0.047317516058683395,0.047317516058683395,0.08842051506042481,0.0,0.004052591044455767
direct_stress_4hz,35,3,3,8,1.0,10.0,9.0,0.04142887517809868,0.04142887517809868,0.05986717820167542,0.0,0.006775594316422939
direct_stress_4hz,36,0,0,8,1.0,12.0,10.0,0.04450315609574318,0.04450315609574318,0.08929720997810364,0.0,0.004827441181987524
direct_stress_4hz,37,1,1,8,0.0,11.0,10.0,0.014232078567147255,0.014232078567147255,-0.005011166334152217,1.0,0.006617158651351929
direct_stress_4hz,38,2,2,8,1.0,11.0,11.0,0.019114479422569275,0.019114479422569275,0.027771567106246953,0.0,0.00209022406488657
direct_stress_4hz,39,3,3,8,1.0,13.0,13.0,0.03778526186943054,0.03778526186943054,0.0021572458744049117,0.0,0.004857825115323067
direct_stress_4hz,40,0,0,8,1.0,15.0,13.0,0.04808419197797775,0.04808419197797775,0.04150256991386414,0.0,0.005224849097430706
direct_stress_4hz,41,1,1,8,1.0,19.0,16.0,0.040010299533605576,0.040010299533605576,0.022259120941162114,0.0,0.006592752877622843
direct_stress_4hz,42,2,2,8,1.0,19.0,17.0,0.05253038555383682,0.05253038555383682,0.1169462251663208,0.0,0.006513847969472408
direct_stress_4hz,43,3,3,8,0.0,15.0,15.0,0.025637643411755562,0.025637643411755562,-0.03425259411334991,1.0,0.004293832927942276
direct_stress_4hz,44,0,0,8,1.0,17.0,15.0,0.017368827015161514,0.017368827015161514,0.011641536951065068,0.0,0.008493672125041485
direct_stress_4hz,45,1,1,8,0.0,34.0,12.0,0.10749758780002594,0.054018475115299225,0.11455023765563965,0.0,0.006337365601211786
direct_stress_4hz,46,2,2,8,1.0,29.0,28.0,0.050404276698827744,0.050404276698827744,0.0335203754901886,0.0,0.008649439550936222
direct_stress_4hz,47,3,3,8,1.0,14.0,13.0,0.015038346871733665,0.015038346871733665,0.012629394531250004,0.0,0.004426761530339718
direct_stress_4hz,48,0,0,8,1.0,9.0,9.0,0.03429652377963066,0.03429652377963066,0.0718882429599762,0.0,0.0014854345936328173
direct_stress_4hz,49,1,1,8,1.0,11.0,11.0,0.02655087038874626,0.02655087038874626,0.06984830379486084,0.0,0.0033164748456329107
direct_stress_4hz,50,2,2,8,1.0,17.0,13.0,0.02646915428340435,0.02646915428340435,0.029752616882324223,0.0,0.00679209316149354
direct_stress_4hz,51,3,3,8,0.0,15.0,15.0,0.05297860875725746,0.05297860875725746,-0.03826483607292175,1.0,0.004750390537083149
direct_stress_4hz,52,0,0,8,1.0,18.0,17.0,0.029543183743953705,0.029543183743953705,0.04251015663146973,0.0,0.0071678487583994865
direct_stress_4hz,53,1,1,8,1.0,13.0,12.0,0.03143806755542755,0.03143806755542755,0.07699808955192566,0.0,0.002580253640189767
direct_stress_4hz,54,2,2,8,1.0,27.0,15.0,0.030532395467162132,0.030532395467162132,0.06547168374061585,0.0,0.011869064532220364
direct_stress_4hz,55,3,3,8,1.0,27.0,15.0,0.044503919780254364,0.044503919780254364,0.11841255903244019,0.0,0.004570373799651861
direct_stress_4hz,56,0,0,8,0.0,34.0,34.0,0.2327514886856079,0.08758401870727539,0.044256572723388676,0.0,0.010560592636466026
direct_stress_4hz,57,1,1,8,1.0,14.0,13.0,0.045479509979486465,0.045479509979486465,0.07078060984611512,0.0,0.002267990494146943
direct_stress_4hz,58,2,2,8,1.0,27.0,11.0,0.03784807398915291,0.03784807398915291,0.01784885406494141,0.0,0.0126990070566535
direct_stress_4hz,59,3,3,8,1.0,18.0,16.0,0.053008053451776505,0.053008053451776505,0.01732254505157471,0.0,0.005450674798339605
direct_stress_4hz,60,0,0,8,1.0,19.0,18.0,0.05240664631128311,0.05240664631128311,0.021556590795516972,0.0,0.009846709668636322
direct_stress_4hz,61,1,1,8,1.0,14.0,13.0,0.04884403944015503,0.04884403944015503,0.09629425883293152,0.0,0.0029476499184966087
direct_stress_4hz,62,2,2,8,1.0,12.0,11.0,0.02414303831756115,0.02414303831756115,0.1443435001373291,0.0,0.0018186357337981462
direct_stress_4hz,63,3,3,8,1.0,15.0,15.0,0.05075293779373169,0.05075293779373169,0.028546665906906132,0.0,0.004853986669331789
direct_stress_4hz,64,0,0,8,0.0,20.0,19.0,0.0300151277333498,0.0300151277333498,-0.02832893550395965,1.0,0.010211396031081676
direct_stress_4hz,65,1,1,8,1.0,17.0,16.0,0.050448138266801834,0.050448138266801834,0.06378385901451111,0.0,0.006378211546689272
direct_stress_4hz,66,2,2,8,1.0,18.0,18.0,0.038443028926849365,0.038443028926849365,0.10721734642982483,0.0,0.005642685107886791
direct_stress_4hz,67,3,3,8,1.0,18.0,12.0,0.036478541791439056,0.036478541791439056,0.01782379031181336,0.0,0.006856259889900684
direct_stress_4hz,68,0,0,8,0.0,15.0,15.0,0.037273164838552475,0.037273164838552475,-0.008415917754173274,1.0,0.0056481012143194675
direct_stress_4hz,69,1,1,8,1.0,13.0,12.0,0.047028690576553345,0.047028690576553345,0.018881474733352666,0.0,0.0040387255139648914
direct_stress_4hz,70,2,2,8,1.0,19.0,15.0,0.05045962333679199,0.05045962333679199,0.023903076648712163,0.0,0.00631986977532506
direct_stress_4hz,71,3,3,8,1.0,23.0,19.0,0.036347825080156326,0.036347825080156326,0.16114253282546998,0.0,0.004525481723248959
direct_stress_4hz,72,0,0,8,1.0,12.0,10.0,0.04513588547706604,0.04513588547706604,0.016476546525955205,0.0,0.0070092990063130856
direct_stress_4hz,73,1,1,8,1.0,14.0,14.0,0.04280712455511093,0.04280712455511093,0.049397115707397465,0.0,0.002420679898932576
direct_stress_4hz,74,2,2,8,1.0,11.0,10.0,0.007552788592875004,0.007552788592875004,0.028304164409637456,0.0,0.0040037562139332294
direct_stress_4hz,75,3,3,8,1.0,15.0,15.0,0.024244209751486778,0.024244209751486778,0.15142539620399476,0.0,0.0026322416961193085
direct_stress_4hz,76,0,0,8,1.0,10.0,10.0,0.047387029975652695,0.047387029975652695,0.08955795049667359,0.0,0.0026677455753087997
direct_stress_4hz,77,1,1,8,1.0,11.0,11.0,0.04831704497337341,0.04831704497337341,0.0270617949962616,0.0,0.0043693650513887405
direct_stress_4hz,78,2,2,8,0.0,14.0,13.0,0.022503048181533813,0.022503048181533813,-0.05192808330059051,1.0,0.005999009590595961
direct_stress_4hz,79,3,3,8,1.0,10.0,10.0,0.05297447741031647,0.05297447741031647,0.06196064233779908,0.0,0.009228662587702274
direct_stress_4hz,80,0,0,8,1.0,14.0,14.0,0.0347280390560627,0.0347280390560627,0.09795174479484559,0.0,0.002566233742982149
direct_stress_4hz,81,1,1,8,1.0,13.0,13.0,0.048684924840927124,0.048684924840927124,0.032479916810989384,0.0,0.003307742066681385
direct_stress_4hz,82,2,2,8,1.0,14.0,14.0,0.04728935286402702,0.04728935286402702,0.06722546100616456,0.0,0.003255043877288699
direct_stress_4hz,83,3,3,8,1.0,18.0,14.0,0.02879943698644638,0.02879943698644638,0.10305673360824585,0.0,0.006311277858912945
direct_stress_4hz,84,0,0,8,1.0,12.0,12.0,0.047822918742895126,0.047822918742895126,0.13823649764060975,0.0,0.0020845800172537565
direct_stress_4hz,85,1,1,8,1.0,18.0,17.0,0.040788814425468445,0.040788814425468445,0.03769600868225098,0.0,0.006863283459097147
direct_stress_4hz,86,2,2,8,0.0,34.0,12.0,0.16021163761615753,0.07192277163267136,0.032762472629547124,0.0,0.00937083549797535
direct_stress_4hz,87,3,3,8,1.0,19.0,14.0,0.04631980136036873,0.04631980136036873,0.057465140819549565,0.0,0.006101541221141815
direct_stress_4hz,88,0,0,8,1.0,13.0,13.0,0.05246775969862938,0.05246775969862938,0.12092048406600953,0.0,0.0029280560556799173
direct_stress_4hz,89,1,1,8,1.0,13.0,12.0,0.025338662788271904,0.025338662788271904,0.06675732612609864,0.0,0.003323073498904705
direct_stress_4hz,90,2,2,8,1.0,13.0,12.0,0.03498180955648422,0.03498180955648422,0.019443486928939824,0.0,0.0022104186937212944
direct_stress_4hz,91,3,3,8,1.0,12.0,12.0,0.04620352387428284,0.04620352387428284,0.10481492161750794,0.0,0.002704378217458725
direct_stress_4hz,92,0,0,8,0.0,18.0,17.0,0.05078011378645897,0.05078011378645897,-0.001903782486915584,1.0,0.007227213121950626
direct_stress_4hz,93,1,1,8,1.0,20.0,20.0,0.04971667379140854,0.04971667379140854,0.03172332525253296,0.0,0.007803072687238455
direct_stress_4hz,94,2,2,8,1.0,12.0,12.0,0.05115041881799698,0.05115041881799698,0.0662841546535492,0.0,0.0022523265797644854
direct_stress_4hz,95,3,3,8,0.0,34.0,14.0,0.03451419249176979,0.03451419249176979,-0.06710341095924377,1.0,0.0078107621520757675
direct_stress_4hz,96,0,0,8,1.0,19.0,19.0,0.04008256644010544,0.04008256644010544,0.0140269148349762,0.0,0.011937491595745087
direct_stress_4hz,97,1,1,8,1.0,14.0,13.0,0.03754653409123421,0.03754653409123421,0.07248577952384949,0.0,0.002171124331653118
direct_stress_4hz,98,2,2,8,1.0,11.0,10.0,0.02282915636897087,0.02282915636897087,0.0942297923564911,0.0,0.0013056452153250575
direct_stress_4hz,99,3,3,8,0.0,34.0,12.0,0.08330736309289932,0.059641603380441666,-0.09668895125389099,1.0,0.005252418573945761
direct_stress_4hz,100,0,0,8,1.0,10.0,10.0,0.047913145273923874,0.047913145273923874,0.046617840528488164,0.0,0.0025179930962622166
direct_stress_4hz,101,1,1,8,1.0,28.0,14.0,0.04038630798459053,0.04038630798459053,0.07102081656455994,0.0,0.005745947360992432
direct_stress_4hz,102,2,2,8,1.0,17.0,12.0,0.05240730941295624,0.05240730941295624,0.053502236604690556,0.0,0.006209418177604675
direct_stress_4hz,103,3,3,8,0.0,15.0,12.0,0.04938831552863121,0.04938831552863121,-0.009243215322494502,1.0,0.005262759979814291
direct_stress_4hz,104,0,0,8,0.0,26.0,26.0,0.04277942702174187,0.04277942702174187,-0.01852121472358703,1.0,0.011969652026891708
direct_stress_4hz,105,1,1,8,1.0,20.0,18.0,0.050922151654958725,0.050922151654958725,0.05220303416252137,0.0,0.007839213125407696
direct_stress_4hz,106,2,2,8,0.0,34.0,17.0,0.1702938973903656,0.06798811256885529,0.02142909646034241,0.0,0.010609672404825687
direct_stress_4hz,107,3,3,8,1.0,17.0,12.0,0.04976970702409744,0.04976970702409744,0.032203291654586796,0.0,0.004289392847567797
direct_stress_4hz,108,0,0,8,0.0,17.0,16.0,0.03465046361088753,0.03465046361088753,-0.05512581288814544,1.0,0.007483856752514839
direct_stress_4hz,109,1,1,8,0.0,34.0,17.0,0.1806512326002121,0.06460973620414734,0.06737933039665223,0.0,0.009112113155424595
direct_stress_4hz,110,2,2,8,1.0,13.0,13.0,0.044532980769872665,0.044532980769872665,0.11260867595672608,0.0,0.0016117170453071594
direct_stress_4hz,111,3,3,8,1.0,17.0,17.0,0.027843471616506577,0.027843471616506577,0.06424737453460694,0.0,0.004197387024760246
direct_stress_4hz,112,0,0,8,1.0,18.0,18.0,0.041197001934051514,0.041197001934051514,0.013031010627746586,0.0,0.01179348025470972
direct_stress_4hz,113,1,1,8,1.0,12.0,12.0,0.042520131915807724,0.042520131915807724,0.006025736331939702,0.0,0.004581640940159559
direct_stress_4hz,114,2,2,8,1.0,11.0,10.0,0.008768491446971893,0.008768491446971893,0.019654636383056645,0.0,0.005244063213467598
direct_stress_4hz,115,3,3,8,1.0,19.0,18.0,0.051856879144907,0.051856879144907,0.06656072020530701,0.0,0.007557539269328117
direct_stress_4hz,116,0,0,8,1.0,13.0,11.0,0.037177540361881256,0.037177540361881256,0.014888768196105961,0.0,0.006210251245647669
direct_stress_4hz,117,1,1,8,0.0,12.0,12.0,0.03952491283416748,0.03952491283416748,-0.06991657137870788,1.0,0.0052261073142290115
direct_stress_4hz,118,2,2,8,1.0,12.0,11.0,0.04528296738862991,0.04528296738862991,0.10171106934547425,0.0,0.0013909089611843228
direct_stress_4hz,119,3,3,8,1.0,27.0,18.0,0.021781254559755325,0.021781254559755325,0.11875457048416138,0.0,0.007099828217178583
direct_stress_4hz,120,0,0,8,0.0,34.0,15.0,0.2408318817615509,0.0630684420466423,-0.012729833722114559,1.0,0.010958029888570309
direct_stress_4hz,121,1,1,8,1.0,13.0,13.0,0.052542369812726974,0.052542369812726974,0.059842650890350346,0.0,0.004530888982117176
direct_stress_4hz,122,2,2,8,1.0,14.0,14.0,0.04014555364847183,0.04014555364847183,0.03215781331062317,0.0,0.004838867578655481
direct_stress_4hz,123,3,3,8,1.0,15.0,15.0,0.040361251682043076,0.040361251682043076,0.12657556414604187,0.0,0.0014497757656499743
direct_stress_4hz,124,0,0,8,1.0,26.0,15.0,0.03437058627605438,0.03437058627605438,0.07016078114509583,0.0,0.010606282390654087
direct_stress_4hz,125,1,1,8,0.0,12.0,12.0,0.04313427209854126,0.04313427209854126,-0.07556285977363586,1.0,0.005544964224100113
direct_stress_4hz,126,2,2,8,1.0,13.0,13.0,0.04081995040178299,0.04081995040178299,0.013445978164672856,0.0,0.00545436330139637
direct_stress_4hz,127,3,3,8,0.0,15.0,14.0,0.0357104130089283,0.0357104130089283,-0.016307617425918575,1.0,0.0066674319095909595
direct_stress_4hz,128,0,0,8,0.0,18.0,18.0,0.028661586344242096,0.028661586344242096,-0.02384520590305328,1.0,0.014084386639297009
direct_stress_4hz,129,1,1,8,0.0,12.0,11.0,0.04813806712627411,0.04813806712627411,-0.013541216850280757,1.0,0.005895292852073908
direct_stress_4hz,130,2,2,8,1.0,12.0,11.0,0.04856615141034126,0.04856615141034126,0.03655830502510071,0.0,0.0028576157055795193
direct_stress_4hz,131,3,3,8,1.0,18.0,17.0,0.04480170086026192,0.04480170086026192,0.05567414045333863,0.0,0.007881740108132362
direct_stress_4hz,132,0,0,8,1.0,18.0,16.0,0.03037242405116558,0.03037242405116558,0.051929419040679936,0.0,0.006787109188735485
direct_stress_4hz,133,1,1,8,0.0,33.0,27.0,0.04340871796011925,0.04340871796011925,-0.06124454259872436,1.0,0.007569536101073027
direct_stress_4hz,134,2,2,8,0.0,14.0,13.0,0.03552163392305374,0.03552163392305374,-0.054391662478446956,1.0,0.005696847569197416
direct_stress_4hz,135,3,3,8,1.0,26.0,17.0,0.03992137312889099,0.03992137312889099,0.011664901971817021,0.0,0.007985852658748627
direct_stress_4hz,136,0,0,8,1.0,13.0,13.0,0.05370333418250084,0.05370333418250084,0.008627806901931767,0.0,0.007998806424438953
direct_stress_4hz,137,1,1,8,1.0,17.0,17.0,0.044515788555145264,0.044515788555145264,0.12369564652442933,0.0,0.0038781880866736174
direct_stress_4hz,138,2,2,8,1.0,11.0,11.0,0.026958616450428963,0.026958616450428963,0.04799232363700867,0.0,0.001790893147699535
direct_stress_4hz,139,3,3,8,1.0,14.0,12.0,0.020545002073049545,0.020545002073049545,0.10560891509056092,0.0,0.005391005426645279
direct_stress_4hz,140,0,0,8,1.0,15.0,15.0,0.05085282027721405,0.05085282027721405,0.04246166825294495,0.0,0.0050309523940086365
direct_stress_4hz,141,1,1,8,0.0,34.0,34.0,0.15280015766620636,0.08207205682992935,0.04918691992759705,0.0,0.00622784486040473
direct_stress_4hz,142,2,2,8,0.0,12.0,12.0,0.028318896889686584,0.028318896889686584,-0.004959042072296138,1.0,0.004582512192428112
direct_stress_4hz,143,3,3,8,1.0,10.0,10.0,0.04677104949951172,0.04677104949951172,0.056988244056701665,0.0,0.007757517974823713
direct_stress_4hz,144,0,0,8,1.0,12.0,11.0,0.0352378785610199,0.0352378785610199,0.01768219947814942,0.0,0.00744195282459259
direct_stress_4hz,145,1,1,8,1.0,15.0,15.0,0.04926441237330437,0.04926441237330437,0.09938771009445191,0.0,0.0029495342168956995
direct_stress_4hz,146,2,2,8,1.0,11.0,10.0,0.005963517352938652,0.005963517352938652,0.09636858582496644,0.0,0.0006422342266887426
direct_stress_4hz,147,3,3,8,0.0,12.0,11.0,0.019393475726246834,0.019393475726246834,-0.029348100423812862,1.0,0.004469491075724363
direct_stress_4hz,148,0,0,8,1.0,15.0,15.0,0.03005724772810936,0.03005724772810936,0.020630036592483525,0.0,0.004635618068277836
direct_stress_4hz,149,1,1,8,1.0,14.0,13.0,0.02949734590947628,0.02949734590947628,0.052194123268127446,0.0,0.0016814210684970021
direct_stress_4hz,150,2,2,8,1.0,30.0,30.0,0.04199480637907982,0.04199480637907982,0.08061874389648438,0.0,0.008182479999959469
direct_stress_4hz,151,3,3,8,1.0,14.0,13.0,0.0218021422624588,0.0218021422624588,0.10719576954841614,0.0,0.003305705264210701
direct_stress_4hz,152,0,0,8,1.0,9.0,8.0,0.018337303772568703,0.018337303772568703,0.04473746299743653,0.0,0.0018888349877670407
direct_stress_4hz,153,1,1,8,1.0,15.0,14.0,0.03182894363999367,0.03182894363999367,0.07816145300865174,0.0,0.0029841591604053974
direct_stress_4hz,154,2,2,8,1.0,13.0,13.0,0.04941986873745918,0.04941986873745918,0.05057842016220093,0.0,0.004306969232857227
direct_stress_4hz,155,3,3,8,1.0,31.0,19.0,0.034215763211250305,0.034215763211250305,0.09442538499832154,0.0,0.003852350637316704
direct_stress_4hz,156,0,0,8,0.0,34.0,14.0,0.2408318817615509,0.06240076199173927,0.05188504338264466,0.0,0.010638857260346413
direct_stress_4hz,157,1,1,8,1.0,17.0,15.0,0.04773816093802452,0.04773816093802452,0.03539184212684632,0.0,0.006069098599255085
direct_stress_4hz,158,2,2,8,0.0,16.0,14.0,0.0446985624730587,0.0446985624730587,-0.023388589620590206,1.0,0.007028468418866396
direct_stress_4hz,159,3,3,8,0.0,13.0,11.0,0.016256051138043404,0.016256051138043404,-0.04154537141323089,1.0,0.007714615669101477
direct_stress_4hz,160,0,0,8,0.0,34.0,13.0,0.23843011260032654,0.06665350496768951,-0.039186696410179134,1.0,0.012180224061012268
direct_stress_4hz,161,1,1,8,1.0,18.0,17.0,0.03702015429735184,0.03702015429735184,0.037164365053176884,0.0,0.004854292143136263
direct_stress_4hz,162,2,2,8,1.0,12.0,12.0,0.03832430765032768,0.03832430765032768,0.07376280903816224,0.0,0.0034176050685346127
direct_stress_4hz,163,3,3,8,1.0,17.0,16.0,0.016843639314174652,0.016843639314174652,0.03571078658103943,0.0,0.004343942739069462
direct_stress_4hz,164,0,0,8,0.0,34.0,34.0,0.2408318817615509,0.12359730899333954,0.04713264584541321,0.0,0.011278181336820126
direct_stress_4hz,165,1,1,8,0.0,34.0,16.0,0.18002939224243164,0.06269849091768265,-0.010922069549560542,1.0,0.009594745934009552
direct_stress_4hz,166,2,2,8,1.0,10.0,10.0,0.03387264534831047,0.03387264534831047,0.045169537067413335,0.0,0.00344570679590106
direct_stress_4hz,167,3,3,8,1.0,17.0,16.0,0.04840778559446335,0.04840778559446335,0.09895596385002137,0.0,0.0022833584807813168
direct_stress_4hz,168,0,0,8,1.0,17.0,14.0,0.009759866632521152,0.009759866632521152,0.05816141247749329,0.0,0.007175448350608349
direct_stress_4hz,169,1,1,8,1.0,12.0,12.0,0.04861174151301384,0.04861174151301384,0.005006586313247685,0.0,0.004441636614501476
direct_stress_4hz,170,2,2,8,1.0,17.0,14.0,0.03433879464864731,0.03433879464864731,0.07046664237976075,0.0,0.00466783856973052
direct_stress_4hz,171,3,3,8,1.0,12.0,11.0,0.033673979341983795,0.033673979341983795,0.146897052526474,0.0,0.003627259749919176
direct_stress_4hz,172,0,0,8,1.0,17.0,17.0,0.044475916773080826,0.044475916773080826,0.11169869184494019,0.0,0.005090449471026659
direct_stress_4hz,173,1,1,8,1.0,13.0,13.0,0.039182715117931366,0.039182715117931366,0.025314723253250127,0.0,0.003194367978721857
direct_stress_4hz,174,2,2,8,1.0,25.0,18.0,0.04058258235454559,0.04058258235454559,0.0006960529088974043,0.0,0.008581097237765789
direct_stress_4hz,175,3,3,8,1.0,15.0,15.0,0.041613735258579254,0.041613735258579254,0.0909750509262085,0.0,0.0018996502039954066
direct_stress_4hz,176,0,0,8,1.0,22.0,18.0,0.04956194385886192,0.04956194385886192,0.03984061360359192,0.0,0.006747093051671982
direct_stress_4hz,177,1,1,8,1.0,26.0,18.0,0.05026151239871979,0.05026151239871979,0.07539517164230347,0.0,0.004305947571992874
direct_stress_4hz,178,2,2,8,0.0,14.0,13.0,0.030340194702148438,0.030340194702148438,-0.05138104677200317,1.0,0.0055279298685491085
direct_stress_4hz,179,3,3,8,1.0,16.0,16.0,0.05110553652048111,0.05110553652048111,0.03409326553344727,0.0,0.004656014498323202
direct_stress_4hz,180,0,0,8,1.0,27.0,14.0,0.04957664757966995,0.04957664757966995,0.10719269990921021,0.0,0.00961405597627163
direct_stress_4hz,181,1,1,8,1.0,15.0,11.0,0.041257668286561966,0.041257668286561966,0.04101789474487305,0.0,0.004659802187234163
direct_stress_4hz,182,2,2,8,1.0,18.0,17.0,0.018366824835538864,0.018366824835538864,0.09281081438064576,0.0,0.008921859785914421
direct_stress_4hz,183,3,3,8,1.0,26.0,13.0,0.03418155759572983,0.03418155759572983,0.0684339451789856,0.0,0.00740494579076767
direct_stress_4hz,184,0,0,8,0.0,34.0,15.0,0.2351248562335968,0.067721888422966,0.10702431678771973,0.0,0.01032534334808588
direct_stress_4hz,185,1,1,8,0.0,13.0,12.0,0.0366082526743412,0.0366082526743412,-0.0272512537240982,1.0,0.006579712498933077
direct_stress_4hz,186,2,2,8,1.0,13.0,12.0,0.006798367947340012,0.006798367947340012,0.07575023651123047,0.0,0.0015669004060328007
direct_stress_4hz,187,3,3,8,1.0,15.0,15.0,0.03521755710244179,0.03521755710244179,0.1068660068511963,0.0,0.002717835595831275
direct_stress_4hz,188,0,0,8,1.0,19.0,14.0,0.036316197365522385,0.036316197365522385,0.05889651656150818,0.0,0.008329060859978199
direct_stress_4hz,189,1,1,8,0.0,25.0,25.0,0.04876319319009781,0.04876319319009781,-0.01288575947284698,1.0,0.0061791460029780865
direct_stress_4hz,190,2,2,8,0.0,13.0,12.0,0.03920510411262512,0.03920510411262512,-0.04146176099777221,1.0,0.005709334742277861
direct_stress_4hz,191,3,3,8,0.0,17.0,14.0,0.014861077070236206,0.014861077070236206,-0.002857069373130794,1.0,0.0037860695738345385
direct_stress_4hz,192,0,0,8,1.0,18.0,12.0,0.039238397032022476,0.039238397032022476,0.00035739421844482866,0.0,0.009827515110373497
direct_stress_4hz,193,1,1,8,1.0,25.0,18.0,0.051090508699417114,0.051090508699417114,0.03866795182228089,0.0,0.006008376367390156
direct_stress_4hz,194,2,2,8,1.0,25.0,24.0,0.03865385800600052,0.03865385800600052,0.024041568040847783,0.0,0.007172043435275555
direct_stress_4hz,195,3,3,8,0.0,17.0,17.0,0.04880361258983612,0.04880361258983612,-0.0107325267791748,1.0,0.00515356520190835
direct_stress_4hz,196,0,0,8,1.0,12.0,11.0,0.03608791157603264,0.03608791157603264,0.06500122427940369,0.0,0.00341985491104424
direct_stress_4hz,197,1,1,8,1.0,13.0,13.0,0.04955599457025528,0.04955599457025528,0.045673732757568364,0.0,0.004114754963666201
direct_stress_4hz,198,2,2,8,1.0,18.0,18.0,0.04824198782444,0.04824198782444,0.006772522926330571,0.0,0.008945755660533905
direct_stress_4hz,199,3,3,8,1.0,15.0,15.0,0.049952562898397446,0.049952562898397446,0.1065671193599701,0.0,0.003106838557869196
direct_shuffled_language,0,0,1,1,0.0,34.0,34.0,0.7092226147651672,0.5702769160270691,-0.13821327954530715,1.0,0.005181429907679558
direct_shuffled_language,1,1,2,1,0.0,34.0,34.0,0.9585657715797424,0.6798550486564636,0.1017620611190796,0.0,0.02261515147984028
direct_shuffled_language,2,2,3,1,0.0,34.0,34.0,0.7598257660865784,0.45682579278945923,-0.22629566013813018,1.0,0.006802162155508995
direct_shuffled_language,3,3,0,1,0.0,34.0,34.0,1.1879394054412842,0.6631051301956177,-0.016236583590507503,1.0,0.008989056572318077
direct_shuffled_language,4,0,1,1,0.0,34.0,34.0,0.6664419770240784,0.52592933177948,-0.17756571888923645,1.0,0.009685863740742207
direct_shuffled_language,5,1,2,1,0.0,34.0,34.0,0.9459892511367798,0.7003551125526428,0.15505847811698914,0.0,0.01743624359369278
direct_shuffled_language,6,2,3,1,0.0,34.0,34.0,0.7401248812675476,0.4595354199409485,-0.22081763565540313,1.0,0.007371827494353056
direct_shuffled_language,7,3,0,1,0.0,34.0,34.0,1.1155179738998413,0.6424225568771362,0.013024841547012334,0.0,0.016483239829540253
direct_shuffled_language,8,0,1,1,0.0,34.0,34.0,0.6633234620094299,0.441507488489151,-0.21144626557826995,1.0,0.009547862224280834
direct_shuffled_language,9,1,2,1,0.0,34.0,34.0,0.9547489881515503,0.6114839315414429,0.04714239120483399,0.0,0.022422609850764275
direct_shuffled_language,10,2,3,1,0.0,34.0,34.0,0.7106931805610657,0.4247429072856903,-0.22323329642415046,1.0,0.008477361872792244
direct_shuffled_language,11,3,0,1,0.0,34.0,34.0,1.1879394054412842,0.5938954949378967,-0.0024541419744491533,1.0,0.01235273852944374
direct_shuffled_language,12,0,1,1,0.0,34.0,34.0,0.6064317226409912,0.5190981030464172,-0.162519673705101,1.0,0.008657416328787804
direct_shuffled_language,13,1,2,1,0.0,34.0,34.0,0.9898785352706909,0.630273699760437,0.04554242372512818,0.0,0.02314142882823944
direct_shuffled_language,14,2,3,1,0.0,34.0,34.0,0.6530464887619019,0.4291721284389496,-0.17999275296926498,1.0,0.0064567700028419495
direct_shuffled_language,15,3,0,1,0.0,34.0,34.0,1.1879394054412842,0.6953540444374084,0.05365193367004395,0.0,0.011637148447334766
direct_shuffled_language,16,0,1,1,0.0,34.0,34.0,0.6444027423858643,0.4847089648246765,-0.1662573766708374,1.0,0.007818267680704594
direct_shuffled_language,17,1,2,1,0.0,34.0,34.0,0.957829475402832,0.7106620669364929,0.09823880076408387,0.0,0.021542150527238846
direct_shuffled_language,18,2,3,1,0.0,34.0,34.0,0.7223300337791443,0.45650720596313477,-0.23267310939729213,1.0,0.0065577710047364235
direct_shuffled_language,19,3,0,1,0.0,34.0,34.0,1.042796015739441,0.6672013998031616,0.08164823532104493,0.0,0.01048232987523079
direct_shuffled_language,20,0,1,1,0.0,34.0,34.0,0.6674069166183472,0.45528632402420044,-0.20290058746933937,1.0,0.009303287602961063
direct_shuffled_language,21,1,2,1,0.0,34.0,34.0,0.9514219760894775,0.6374534368515015,0.09501734852790833,0.0,0.016354206949472427
direct_shuffled_language,22,2,3,1,0.0,34.0,34.0,0.7502486109733582,0.4062100946903229,-0.2278564915806055,1.0,0.007326354738324881
direct_shuffled_language,23,3,0,1,0.0,34.0,34.0,1.1879394054412842,0.6081880927085876,0.045364772081375127,0.0,0.012973188422620296
direct_shuffled_language,24,0,1,1,0.0,34.0,34.0,0.672386109828949,0.4586198329925537,-0.23800282774493098,1.0,0.012255501002073288
direct_shuffled_language,25,1,2,1,0.0,34.0,34.0,0.9651656150817871,0.6230942606925964,0.10032788395881653,0.0,0.019461998715996742
direct_shuffled_language,26,2,3,1,0.0,34.0,34.0,0.6712132692337036,0.42465823888778687,-0.21243831783533096,1.0,0.007117145229130983
direct_shuffled_language,27,3,0,1,0.0,34.0,34.0,1.0615824460983276,0.6449633240699768,0.05555755376815796,0.0,0.014270857907831669
direct_shuffled_language,28,0,1,1,0.0,34.0,34.0,0.6793833374977112,0.4416448175907135,-0.21971426613628864,1.0,0.00946611724793911
direct_shuffled_language,29,1,2,1,0.0,34.0,34.0,0.98122239112854,0.7101225852966309,0.12016079306602478,0.0,0.019435934722423553
direct_shuffled_language,30,2,3,1,0.0,34.0,34.0,0.7283697128295898,0.49249809980392456,-0.17290038138628006,1.0,0.006447764579206705
direct_shuffled_language,31,3,0,1,0.0,34.0,34.0,1.0066869258880615,0.7098792195320129,0.09505242586135865,0.0,0.012882961891591549
direct_shuffled_language,32,0,1,1,0.0,34.0,34.0,0.6742740869522095,0.4432578980922699,-0.22487603209912777,1.0,0.009453032165765762
direct_shuffled_language,33,1,2,1,0.0,34.0,34.0,0.9108226895332336,0.6595978736877441,0.10760066390037537,0.0,0.016637489199638367
direct_shuffled_language,34,2,3,1,0.0,34.0,34.0,0.6511063575744629,0.40078455209732056,-0.21264835342764854,1.0,0.006798618473112583
direct_shuffled_language,35,3,0,1,0.0,34.0,34.0,1.1879394054412842,0.6218031644821167,-0.022572274208068843,1.0,0.012083152309060097
direct_shuffled_language,36,0,1,1,0.0,34.0,34.0,0.6557899117469788,0.44875720143318176,-0.23337124835699796,1.0,0.010879948735237122
direct_shuffled_language,37,1,2,1,0.0,34.0,34.0,0.9146901965141296,0.5985557436943054,0.06955305218696595,0.0,0.014392898418009281
direct_shuffled_language,38,2,3,1,0.0,34.0,34.0,0.7054307460784912,0.4329763650894165,-0.22959247592836618,1.0,0.0060129775665700436
direct_shuffled_language,39,3,0,1,0.0,34.0,34.0,1.1879394054412842,0.6113512516021729,0.020313327312469487,0.0,0.009155289269983768
direct_shuffled_language,40,0,1,1,0.0,34.0,34.0,0.678631067276001,0.45027363300323486,-0.22589439794421196,1.0,0.008939954452216625
direct_shuffled_language,41,1,2,1,0.0,34.0,34.0,0.9220255017280579,0.6847499012947083,0.10043254971504212,0.0,0.022398579865694046
direct_shuffled_language,42,2,3,1,0.0,34.0,34.0,0.6673977971076965,0.4052370488643646,-0.18908198446035385,1.0,0.006826173979789019
direct_shuffled_language,43,3,0,1,0.0,34.0,34.0,1.1879394054412842,0.6870010495185852,0.07769072532653809,0.0,0.013767378404736519
direct_shuffled_language,44,0,1,1,0.0,34.0,34.0,0.6698035001754761,0.5371613502502441,-0.13837418228387832,1.0,0.007141054607927799
direct_shuffled_language,45,1,2,1,0.0,34.0,34.0,0.9894063472747803,0.687561571598053,0.06633314967155457,0.0,0.018985360860824585
direct_shuffled_language,46,2,3,1,0.0,34.0,34.0,0.6930094957351685,0.5232956409454346,-0.18130733340978622,1.0,0.005642648320645094
direct_shuffled_language,47,3,0,1,0.0,34.0,34.0,1.1879394054412842,0.6421749591827393,0.016770576238632207,0.0,0.017552586272358894
direct_shuffled_language,48,0,1,1,0.0,34.0,34.0,0.6804904341697693,0.43246224522590637,-0.21662717394530773,1.0,0.011146504431962967
direct_shuffled_language,49,1,2,1,0.0,34.0,34.0,0.937972903251648,0.6012049913406372,0.0629250454902649,0.0,0.02468479797244072
direct_shuffled_language,50,2,3,1,0.0,34.0,34.0,0.7471322417259216,0.4965570867061615,-0.19796348631381988,1.0,0.0042775459587574005
direct_shuffled_language,51,3,0,1,0.0,34.0,34.0,1.0677024126052856,0.6058582663536072,0.034503524303436284,0.0,0.013834710232913494
direct_shuffled_language,52,0,1,1,0.0,34.0,34.0,0.6936506628990173,0.5549008250236511,-0.1551712703704834,1.0,0.008090690709650517
direct_shuffled_language,53,1,2,1,0.0,34.0,34.0,0.9361534714698792,0.6420478820800781,0.07209474325180054,0.0,0.018249046057462692
direct_shuffled_language,54,2,3,1,0.0,34.0,34.0,0.7157458066940308,0.4029700458049774,-0.17077209323644638,1.0,0.007519039791077375
direct_shuffled_language,55,3,0,1,0.0,34.0,34.0,1.1879394054412842,0.6708323955535889,0.06785923719406128,0.0,0.014428352005779743
direct_shuffled_language,56,0,1,1,0.0,34.0,34.0,0.6948110461235046,0.46851930022239685,-0.1453579020500183,1.0,0.008959878236055374
direct_shuffled_language,57,1,2,1,0.0,34.0,34.0,0.9421720504760742,0.714491605758667,0.08237603783607483,0.0,0.026931989938020706
direct_shuffled_language,58,2,3,1,0.0,34.0,34.0,0.7381008267402649,0.40559476613998413,-0.24274231552146375,1.0,0.006226525641977787
direct_shuffled_language,59,3,0,1,0.0,34.0,34.0,1.1042906045913696,0.6863558888435364,0.09471774578094483,0.0,0.01713688299059868
direct_shuffled_language,60,0,1,1,0.0,34.0,34.0,0.6349814534187317,0.5004862546920776,-0.18116990000009536,1.0,0.009891736321151257
direct_shuffled_language,61,1,2,1,0.0,34.0,34.0,0.9957130551338196,0.6055752635002136,0.06890967965126038,0.0,0.019944313913583755
direct_shuffled_language,62,2,3,1,0.0,34.0,34.0,0.6884463429450989,0.4075697064399719,-0.17473951995372772,1.0,0.006390605121850967
direct_shuffled_language,63,3,0,1,0.0,34.0,34.0,1.1879394054412842,0.6061365008354187,0.02415359497070313,0.0,0.015913916751742363
direct_shuffled_language,64,0,1,1,0.0,34.0,34.0,0.7055028676986694,0.575326681137085,-0.13451770961284637,1.0,0.00949534960091114
direct_shuffled_language,65,1,2,1,0.0,34.0,34.0,0.9339793920516968,0.5948430299758911,0.027843599319458012,0.0,0.0143676046282053
direct_shuffled_language,66,2,3,1,0.0,34.0,34.0,0.6991270780563354,0.4534755051136017,-0.23924660252407193,1.0,0.005602863617241383
direct_shuffled_language,67,3,0,1,0.0,34.0,34.0,1.1879394054412842,0.6472037434577942,0.01939169049263001,0.0,0.011526835151016712
direct_shuffled_language,68,0,1,1,0.0,34.0,34.0,0.6837689876556396,0.5384583473205566,-0.16573258012533187,1.0,0.008005508221685886
direct_shuffled_language,69,1,2,1,0.0,34.0,34.0,0.9208478331565857,0.7007381319999695,0.07918596744537354,0.0,0.032003264874219894
direct_shuffled_language,70,2,3,1,0.0,34.0,34.0,0.7407799363136292,0.5115174055099487,-0.19429096102714538,1.0,0.007371663581579924
direct_shuffled_language,71,3,0,1,0.0,34.0,34.0,1.1879394054412842,0.6760179996490479,0.06878221511840821,0.0,0.013294583186507225
direct_shuffled_language,72,0,1,1,0.0,34.0,34.0,0.653340756893158,0.4806816279888153,-0.19977497950196266,1.0,0.00893593579530716
direct_shuffled_language,73,1,2,1,0.0,34.0,34.0,0.985304057598114,0.6726064682006836,0.1236448335647583,0.0,0.029078267514705658
direct_shuffled_language,74,2,3,1,0.0,34.0,34.0,0.7983470559120178,0.4325374662876129,-0.2056872983276844,1.0,0.0077115814201533794
direct_shuffled_language,75,3,0,1,0.0,34.0,34.0,1.1879394054412842,0.6246797442436218,0.08314937829971314,0.0,0.00834430381655693
direct_shuffled_language,76,0,1,1,0.0,34.0,34.0,0.6569462418556213,0.4751683175563812,-0.23055958829820156,1.0,0.009394003078341484
direct_shuffled_language,77,1,2,1,0.0,34.0,34.0,0.9218134880065918,0.6025141477584839,0.05644390463829041,0.0,0.013491757214069366
direct_shuffled_language,78,2,3,1,0.0,34.0,34.0,0.7017742991447449,0.4791638255119324,-0.17249902606010437,1.0,0.006973652169108391
direct_shuffled_language,79,3,0,1,0.0,34.0,34.0,1.1879394054412842,0.6046103239059448,-0.041788677573204036,1.0,0.01339773740619421
direct_shuffled_language,80,0,1,1,0.0,34.0,34.0,0.6674225330352783,0.49398234486579895,-0.19424458116292953,1.0,0.0077849505469202995
direct_shuffled_language,81,1,2,1,0.0,34.0,34.0,0.9784623980522156,0.6432012319564819,0.09704080700874329,0.0,0.021640725433826447
direct_shuffled_language,82,2,3,1,0.0,34.0,34.0,0.7193275690078735,0.48032352328300476,-0.19569342106580734,1.0,0.005992157384753227
direct_shuffled_language,83,3,0,1,0.0,34.0,34.0,1.1423094272613525,0.6876568794250488,0.08772355794906617,0.0,0.01955082081258297
direct_shuffled_language,84,0,1,1,0.0,34.0,34.0,0.6713607311248779,0.48366230726242065,-0.21930461831390857,1.0,0.008185580372810364
direct_shuffled_language,85,1,2,1,0.0,34.0,34.0,0.9765691757202148,0.6845759749412537,0.11229119181632996,0.0,0.023949068039655685
direct_shuffled_language,86,2,3,1,0.0,34.0,34.0,0.6851232647895813,0.4463454484939575,-0.18524861231446266,1.0,0.0076769753359258175
direct_shuffled_language,87,3,0,1,0.0,34.0,34.0,1.0846235752105713,0.6330689191818237,0.018290256261825566,0.0,0.00911925919353962
direct_shuffled_language,88,0,1,1,0.0,34.0,34.0,0.6599946618080139,0.4716990888118744,-0.22194605216383934,1.0,0.006961156614124775
direct_shuffled_language,89,1,2,1,0.0,34.0,34.0,0.9772884845733643,0.598774790763855,0.0908464539051056,0.0,0.01467844843864441
direct_shuffled_language,90,2,3,1,0.0,34.0,34.0,0.7044694423675537,0.45598939061164856,-0.202339096814394,1.0,0.008685645647346973
direct_shuffled_language,91,3,0,1,0.0,34.0,34.0,1.1879394054412842,0.6112094521522522,0.04437250375747681,0.0,0.012778569012880325
direct_shuffled_language,92,0,1,1,0.0,34.0,34.0,0.6686357259750366,0.5490899682044983,-0.14562852203845977,1.0,0.00842229649424553
direct_shuffled_language,93,1,2,1,0.0,34.0,34.0,0.9504521489143372,0.6239100694656372,0.1387217390537262,0.0,0.01610720530152321
direct_shuffled_language,94,2,3,1,0.0,34.0,34.0,0.6903579235076904,0.44937756657600403,-0.21283315762877464,1.0,0.007501855026930571
direct_shuffled_language,95,3,0,1,0.0,34.0,34.0,1.1879394054412842,0.6992084980010986,0.026437853574752812,0.0,0.008131705224514008
direct_shuffled_language,96,0,1,1,0.0,34.0,34.0,0.6666273474693298,0.5113524794578552,-0.18618528068065643,1.0,0.010757826268672943
direct_shuffled_language,97,1,2,1,0.0,34.0,34.0,0.9615444540977478,0.7167530059814453,0.1325072991847992,0.0,0.020754501223564148
direct_shuffled_language,98,2,3,1,0.0,34.0,34.0,0.7577349543571472,0.4489077627658844,-0.21601305238902568,1.0,0.005589703097939491
direct_shuffled_language,99,3,0,1,0.0,34.0,34.0,1.0614650249481201,0.6891807317733765,0.01949266076087952,0.0,0.02098638191819191
direct_shuffled_language,100,0,1,1,0.0,34.0,34.0,0.6461411714553833,0.4496685862541199,-0.23526755522936582,1.0,0.010390620678663254
direct_shuffled_language,101,1,2,1,0.0,34.0,34.0,0.9827278852462769,0.6323797106742859,0.1512583839893341,0.0,0.022226892411708832
direct_shuffled_language,102,2,3,1,0.0,34.0,34.0,0.7913131713867188,0.48926061391830444,-0.2084093903005123,1.0,0.007205786183476448
direct_shuffled_language,103,3,0,1,0.0,34.0,34.0,1.1879394054412842,0.6039660573005676,0.007012044191360478,0.0,0.01253263559192419
direct_shuffled_language,104,0,1,1,0.0,34.0,34.0,0.6497108340263367,0.5226737260818481,-0.15731264173984527,1.0,0.007828491739928722
direct_shuffled_language,105,1,2,1,0.0,34.0,34.0,0.9613507390022278,0.6200569272041321,0.08740315318107605,0.0,0.016335055232048035
direct_shuffled_language,106,2,3,1,0.0,34.0,34.0,0.7074103951454163,0.43627995252609253,-0.19920903712511062,1.0,0.006419244222342968
direct_shuffled_language,107,3,0,1,0.0,34.0,34.0,1.1879394054412842,0.6567134857177734,-0.001962940096855159,1.0,0.008235533721745014
direct_shuffled_language,108,0,1,1,0.0,34.0,34.0,0.6522073149681091,0.5976485013961792,-0.11416573345661163,1.0,0.01087435893714428
direct_shuffled_language,109,1,2,1,0.0,34.0,34.0,0.9396365284919739,0.7077504992485046,0.10312682867050171,0.0,0.019099699333310127
direct_shuffled_language,110,2,3,1,0.0,34.0,34.0,0.7165537476539612,0.4564867913722992,-0.2171496421843767,1.0,0.007409505546092987
direct_shuffled_language,111,3,0,1,0.0,34.0,34.0,1.1879394054412842,0.6792497634887695,0.028963689804077153,0.0,0.010616154409945011
direct_shuffled_language,112,0,1,1,0.0,34.0,34.0,0.6792110204696655,0.4779505729675293,-0.22381138138473033,1.0,0.011570913717150688
direct_shuffled_language,113,1,2,1,0.0,34.0,34.0,0.9699834585189819,0.6717577576637268,0.08147696137428284,0.0,0.012986727058887482
direct_shuffled_language,114,2,3,1,0.0,34.0,34.0,0.7170700430870056,0.4323452115058899,-0.21386947378516197,1.0,0.007827701047062874
direct_shuffled_language,115,3,0,1,0.0,34.0,34.0,1.180078148841858,0.6071314811706543,-0.006465579271316524,1.0,0.013704902492463589
direct_shuffled_language,116,0,1,1,0.0,34.0,34.0,0.6477921009063721,0.5288373231887817,-0.1829085935652256,1.0,0.00868154875934124
direct_shuffled_language,117,1,2,1,0.0,34.0,34.0,0.9215388894081116,0.6070248484611511,0.11826542496681214,0.0,0.023016100749373436
direct_shuffled_language,118,2,3,1,0.0,34.0,34.0,0.7410016059875488,0.37947985529899597,-0.1954406340420246,1.0,0.0070611825212836266
direct_shuffled_language,119,3,0,1,0.0,34.0,34.0,1.1879394054412842,0.6346180438995361,0.05896354198455811,0.0,0.012942377477884293
direct_shuffled_language,120,0,1,1,0.0,34.0,34.0,0.6399967670440674,0.5724387168884277,-0.13356128603219986,1.0,0.008401798084378242
direct_shuffled_language,121,1,2,1,0.0,34.0,34.0,0.9719623923301697,0.6823769807815552,0.08016804337501526,0.0,0.018998023122549057
direct_shuffled_language,122,2,3,1,0.0,34.0,34.0,0.7545095682144165,0.37227708101272583,-0.2261836052685976,1.0,0.005641757510602474
direct_shuffled_language,123,3,0,1,0.0,34.0,34.0,1.1879394054412842,0.691467821598053,0.08256707072257996,0.0,0.012263618409633636
direct_shuffled_language,124,0,1,1,0.0,34.0,34.0,0.6349265575408936,0.43348821997642517,-0.2269728024303913,1.0,0.007396409288048744
direct_shuffled_language,125,1,2,1,0.0,34.0,34.0,0.9596102833747864,0.7027415633201599,0.0952324914932251,0.0,0.02403557300567627
direct_shuffled_language,126,2,3,1,0.0,34.0,34.0,0.7325032353401184,0.48315757513046265,-0.17794356763362884,1.0,0.008343761786818504
direct_shuffled_language,127,3,0,1,0.0,34.0,34.0,1.0401179790496826,0.6558098793029785,0.009444956779479985,0.0,0.020368490368127823
direct_shuffled_language,128,0,1,1,0.0,34.0,34.0,0.6521777510643005,0.5305435061454773,-0.17544963479042053,1.0,0.008302143774926662
direct_shuffled_language,129,1,2,1,0.0,34.0,34.0,0.9314161539077759,0.6133125424385071,0.03884959697723389,0.0,0.021380208432674408
direct_shuffled_language,130,2,3,1,0.0,34.0,34.0,0.7124075889587402,0.41665181517601013,-0.22171162150800228,1.0,0.00645149452611804
direct_shuffled_language,131,3,0,1,0.0,34.0,34.0,1.1879394054412842,0.609926700592041,-0.019315774440765376,1.0,0.012648305855691433
direct_shuffled_language,132,0,1,1,0.0,34.0,34.0,0.6678724884986877,0.5025646090507507,-0.20404520153999328,1.0,0.00930578913539648
direct_shuffled_language,133,1,2,1,0.0,34.0,34.0,0.9334205389022827,0.6482361555099487,0.13842025876045227,0.0,0.021012436598539352
direct_shuffled_language,134,2,3,1,0.0,34.0,34.0,0.6864721775054932,0.4882581830024719,-0.1330879431962967,1.0,0.007479875348508358
direct_shuffled_language,135,3,0,1,0.0,34.0,34.0,1.1879394054412842,0.6633756160736084,-0.0018237781524658159,1.0,0.012155098840594292
direct_shuffled_language,136,0,1,1,0.0,34.0,34.0,0.6726410984992981,0.51313316822052,-0.17486131459474563,1.0,0.0074056233279407024
direct_shuffled_language,137,1,2,1,0.0,34.0,34.0,0.9756759405136108,0.711581826210022,0.11612931370735169,0.0,0.016916003078222275
direct_shuffled_language,138,2,3,1,0.0,34.0,34.0,0.6976486444473267,0.42606502771377563,-0.23111453641206026,1.0,0.007276516407728195
direct_shuffled_language,139,3,0,1,0.0,34.0,34.0,0.949617862701416,0.6623006463050842,0.034250949621200566,0.0,0.018043499439954758
direct_shuffled_language,140,0,1,1,0.0,34.0,34.0,0.6743377447128296,0.4594729542732239,-0.2156182014197111,1.0,0.0072592683136463165
direct_shuffled_language,141,1,2,1,0.0,34.0,34.0,0.9686722159385681,0.6396766304969788,0.13830969214439393,0.0,0.019139258190989494
direct_shuffled_language,142,2,3,1,0.0,34.0,34.0,0.7191022634506226,0.49252060055732727,-0.2174320936948061,1.0,0.006874485407024622
direct_shuffled_language,143,3,0,1,0.0,34.0,34.0,1.1879394054412842,0.6063218116760254,-0.03281254589557647,1.0,0.011114727705717087
direct_shuffled_language,144,0,1,1,0.0,34.0,34.0,0.7136465907096863,0.5325190424919128,-0.16524045437574386,1.0,0.01085310336202383
direct_shuffled_language,145,1,2,1,0.0,34.0,34.0,0.9299666285514832,0.6151027679443359,0.06077316880226136,0.0,0.02782311663031578
direct_shuffled_language,146,2,3,1,0.0,34.0,34.0,0.6834691762924194,0.3983836770057678,-0.20129075542092323,1.0,0.008445452898740768
direct_shuffled_language,147,3,0,1,0.0,34.0,34.0,1.0508579015731812,0.6653279066085815,0.03423357486724854,0.0,0.015963412821292877
direct_shuffled_language,148,0,1,1,0.0,34.0,34.0,0.6612846851348877,0.5477290749549866,-0.1486271497607231,1.0,0.008782688528299332
direct_shuffled_language,149,1,2,1,0.0,34.0,34.0,0.9181737899780273,0.7082852125167847,0.08665797591209412,0.0,0.017313629388809204
direct_shuffled_language,150,2,3,1,0.0,34.0,34.0,0.7600321173667908,0.41417792439460754,-0.1955973607301712,1.0,0.006171269342303276
direct_shuffled_language,151,3,0,1,0.0,34.0,34.0,0.9997180104255676,0.657265305519104,0.0650542426109314,0.0,0.01596657559275627
direct_shuffled_language,152,0,1,1,0.0,34.0,34.0,0.6858330965042114,0.40651607513427734,-0.22801057144999504,1.0,0.011710833758115768
direct_shuffled_language,153,1,2,1,0.0,34.0,34.0,0.9351197481155396,0.6592711210250854,0.09512660384178162,0.0,0.013212699443101883
direct_shuffled_language,154,2,3,1,0.0,34.0,34.0,0.680614709854126,0.5076627731323242,-0.21357281029224395,1.0,0.008007763884961605
direct_shuffled_language,155,3,0,1,0.0,34.0,34.0,1.1162999868392944,0.6242231130599976,0.035623465776443486,0.0,0.019113492220640182
direct_shuffled_language,156,0,1,1,0.0,34.0,34.0,0.6755304932594299,0.5540493130683899,-0.150161552131176,1.0,0.007948135957121849
direct_shuffled_language,157,1,2,1,0.0,34.0,34.0,0.9633398056030273,0.5743317008018494,0.07998988509178162,0.0,0.02143288031220436
direct_shuffled_language,158,2,3,1,0.0,34.0,34.0,0.7155025005340576,0.42086493968963623,-0.21710139967501163,1.0,0.007160641252994537
direct_shuffled_language,159,3,0,1,0.0,34.0,34.0,1.1879394054412842,0.6069173812866211,-0.03263818740844726,1.0,0.01663130335509777
direct_shuffled_language,160,0,1,1,0.0,34.0,34.0,0.6307875514030457,0.5341102480888367,-0.13741015911102294,1.0,0.0070290579460561275
direct_shuffled_language,161,1,2,1,0.0,34.0,34.0,0.9453927278518677,0.6817247867584229,0.11642215132713318,0.0,0.020493322983384132
direct_shuffled_language,162,2,3,1,0.0,34.0,34.0,0.7271687984466553,0.47597888112068176,-0.223294987231493,1.0,0.0065620411187410355
direct_shuffled_language,163,3,0,1,0.0,34.0,34.0,1.1780482530593872,0.7143166661262512,0.10690472006797791,0.0,0.01476797740906477
direct_shuffled_language,164,0,1,1,0.0,34.0,34.0,0.6344494819641113,0.49908265471458435,-0.1650853258371353,1.0,0.006814929656684399
direct_shuffled_language,165,1,2,1,0.0,34.0,34.0,0.977017343044281,0.695538341999054,0.10135376930236817,0.0,0.02028425969183445
direct_shuffled_language,166,2,3,1,0.0,34.0,34.0,0.7040172815322876,0.4296061098575592,-0.23875435756519436,1.0,0.008471986278891563
direct_shuffled_language,167,3,0,1,0.0,34.0,34.0,1.0961321592330933,0.6573620438575745,0.054435734748840336,0.0,0.018053315579891205
direct_shuffled_language,168,0,1,1,0.0,34.0,34.0,0.690463662147522,0.4680998623371124,-0.2276476275920868,1.0,0.010758703574538231
direct_shuffled_language,169,1,2,1,0.0,34.0,34.0,0.9467408657073975,0.6154007911682129,0.0634007203578949,0.0,0.02881922572851181
direct_shuffled_language,170,2,3,1,0.0,34.0,34.0,0.6877782344818115,0.444399356842041,-0.2204731860011816,1.0,0.005641374737024307
direct_shuffled_language,171,3,0,1,0.0,34.0,34.0,1.1879394054412842,0.611698567867279,0.018558596372604375,0.0,0.014261423610150814
direct_shuffled_language,172,0,1,1,0.0,34.0,34.0,0.6612631678581238,0.49414634704589844,-0.21676627814769744,1.0,0.008378613740205765
direct_shuffled_language,173,1,2,1,0.0,34.0,34.0,0.9326925277709961,0.6493079662322998,0.08213454961776734,0.0,0.019632823765277863
direct_shuffled_language,174,2,3,1,0.0,34.0,34.0,0.6671909093856812,0.4452742040157318,-0.2148770996183157,1.0,0.006588384509086609
direct_shuffled_language,175,3,0,1,0.0,34.0,34.0,1.1879394054412842,0.6831231713294983,0.10570419311523438,0.0,0.010646011680364609
direct_shuffled_language,176,0,1,1,0.0,34.0,34.0,0.624629557132721,0.5407118201255798,-0.1639567118883133,1.0,0.00954333133995533
direct_shuffled_language,177,1,2,1,0.0,34.0,34.0,0.9488018155097961,0.7156923413276672,0.1387377429008484,0.0,0.021717261523008347
direct_shuffled_language,178,2,3,1,0.0,34.0,34.0,0.7148615121841431,0.4874844551086426,-0.13569151878356933,1.0,0.008814110420644283
direct_shuffled_language,179,3,0,1,0.0,34.0,34.0,1.1879394054412842,0.6593196392059326,0.014933412075042729,0.0,0.011553607881069183
direct_shuffled_language,180,0,1,1,0.0,34.0,34.0,0.6819605827331543,0.4404715299606323,-0.21217489138245582,1.0,0.009039171040058136
direct_shuffled_language,181,1,2,1,0.0,34.0,34.0,0.9220683574676514,0.6346040368080139,0.08105934143066407,0.0,0.020572412759065628
direct_shuffled_language,182,2,3,1,0.0,34.0,34.0,0.6980388164520264,0.44947776198387146,-0.2129168425500393,1.0,0.006543857045471668
direct_shuffled_language,183,3,0,1,0.0,34.0,34.0,1.1879394054412842,0.6065680980682373,0.0720958161354065,0.0,0.009321167133748531
direct_shuffled_language,184,0,1,1,0.0,34.0,34.0,0.6721855998039246,0.4806644916534424,-0.19813260331749916,1.0,0.0073493835516273975
direct_shuffled_language,185,1,2,1,0.0,34.0,34.0,0.9667768478393555,0.6183319687843323,0.10860142588615418,0.0,0.027173221111297607
direct_shuffled_language,186,2,3,1,0.0,34.0,34.0,0.7852701544761658,0.4209814965724945,-0.20792245015501976,1.0,0.007209643255919218
direct_shuffled_language,187,3,0,1,0.0,34.0,34.0,1.0679446458816528,0.6333847641944885,0.048126612901687627,0.0,0.015113694593310356
direct_shuffled_language,188,0,1,1,0.0,34.0,34.0,0.6882959604263306,0.5257778167724609,-0.1825966154038906,1.0,0.009901297278702259
direct_shuffled_language,189,1,2,1,0.0,34.0,34.0,0.9547390937805176,0.6891420483589172,0.18403584241867066,0.0,0.021574946120381355
direct_shuffled_language,190,2,3,1,0.0,34.0,34.0,0.6933786869049072,0.49008631706237793,-0.17357516556978225,1.0,0.007784695364534855
direct_shuffled_language,191,3,0,1,0.0,34.0,34.0,1.1879394054412842,0.6989630460739136,0.05727822065353394,0.0,0.015892624855041504
direct_shuffled_language,192,0,1,1,0.0,34.0,34.0,0.6518779397010803,0.5167900323867798,-0.18951427087187767,1.0,0.010462021455168724
direct_shuffled_language,193,1,2,1,0.0,34.0,34.0,0.9062966704368591,0.67536461353302,0.13718197226524353,0.0,0.016443751752376556
direct_shuffled_language,194,2,3,1,0.0,34.0,34.0,0.7109583616256714,0.5107641816139221,-0.17273149907588958,1.0,0.008945240639150143
direct_shuffled_language,195,3,0,1,0.0,34.0,34.0,1.1879394054412842,0.6237533688545227,0.020914171934127812,0.0,0.011509780772030354
direct_shuffled_language,196,0,1,1,0.0,34.0,34.0,0.6516932249069214,0.44162479043006897,-0.22614420101046562,1.0,0.00883937906473875
direct_shuffled_language,197,1,2,1,0.0,34.0,34.0,0.9193022847175598,0.589623212814331,0.10848325967788697,0.0,0.02161388471722603
direct_shuffled_language,198,2,3,1,0.0,34.0,34.0,0.8143888115882874,0.42430487275123596,-0.2337504931539297,1.0,0.006373969838023186
direct_shuffled_language,199,3,0,1,0.0,34.0,34.0,1.1425108909606934,0.6324949264526367,0.029550199508666997,0.0,0.01357724517583847
