seed,method,buffer_size,train_stage,eval_task,success,tracking_rmse,branch_error,final_error,on_policy_action_mse,runtime_seconds
17,no_replay,0,0,0,1.0,0.042257223809503475,0.03175669603584122,0.019128204054317664,0.018919445647129638,2.347145020001335
17,no_replay,0,1,0,0.0,1.0600144288757765,1.7053915644473647,0.22788436044664317,4.69870970235322,2.347145020001335
17,no_replay,0,1,1,1.0,0.06573570064292358,0.05647094232698281,0.05361093409840233,0.055004572234736274,2.347145020001335
17,no_replay,0,2,0,0.25,0.1750178573518758,0.20767395526319096,0.17544452744536448,0.46085055806865144,2.347145020001335
17,no_replay,0,2,1,0.0,0.9304929445069137,1.50035309997619,0.17552659410852514,4.238714619316893,2.347145020001335
17,no_replay,0,2,2,0.71875,0.12628428975493605,0.13026166122032082,0.12797260527693488,0.27925643261634386,2.347145020001335
17,no_replay,0,3,0,0.0,0.909804141135617,1.4641648520062347,0.2097783921355052,4.2515654526114695,2.347145020001335
17,no_replay,0,3,1,0.65625,0.143127715504198,0.2004892159992489,0.10656957221769911,0.280265050637609,2.347145020001335
17,no_replay,0,3,2,0.0,0.7238039357152803,1.1981680590476218,0.05400766435375984,3.6911625584356833,2.347145020001335
17,no_replay,0,3,3,1.0,0.0542150633659286,0.03689162075985401,0.06096927452350615,0.036187677113458924,2.347145020001335
17,random,12,0,0,1.0,0.05338660597902814,0.042619315652558595,0.026934991850825547,0.0320251660778351,2.80129539698828
17,random,12,1,0,0.21875,0.4823762040242243,0.5782130328391333,0.34833398213553035,2.3104488510153525,2.80129539698828
17,random,12,1,1,0.875,0.13112017315834548,0.14300392980598683,0.02456868206047607,0.2737893477260774,2.80129539698828
17,random,12,2,0,0.15625,1.045234279238523,1.1965854593727099,1.1407252316375844,5.263181058291062,2.80129539698828
17,random,12,2,1,0.03125,1.1111092480375082,1.5056740187494735,0.4758465220919627,4.875550867738088,2.80129539698828
17,random,12,2,2,0.53125,0.2157221943590032,0.26488753635420415,0.010690858523847711,0.7047485540871123,2.80129539698828
17,random,12,3,0,0.0,0.3806235901185865,0.35072049144435247,0.04287704608648579,1.874994890701682,2.80129539698828
17,random,12,3,1,0.0,1.0607680634738672,1.6231074155622522,0.023868261118176012,4.33090157917225,2.80129539698828
17,random,12,3,2,0.0,0.28894894636197277,0.5119062566448894,0.044589445556611075,1.2830112617546605,2.80129539698828
17,random,12,3,3,1.0,0.050556649847590396,0.048818997175700735,0.00938832672581415,0.026872769301948735,2.80129539698828
17,random,32,0,0,1.0,0.04664566744972118,0.03648651480119174,0.015466973723571168,0.023744996828380854,2.7813739240227733
17,random,32,1,0,0.25,0.6640003375624346,0.7129859788217905,0.7074166316960795,3.249040086848515,2.7813739240227733
17,random,32,1,1,0.625,0.18162977301053737,0.23617905643505355,0.025208422367583153,0.504056299762597,2.7813739240227733
17,random,32,2,0,0.0625,0.7131158793118548,1.1051511043797966,0.09242826116958383,3.132032990330373,2.7813739240227733
17,random,32,2,1,0.1875,0.8279217698796171,1.2775793235904727,0.11789463124556773,3.43621970531283,2.7813739240227733
17,random,32,2,2,0.15625,0.39299180356451835,0.5115958372117221,0.16211859445805155,1.7999512361406524,2.7813739240227733
17,random,32,3,0,0.09375,1.09549547089195,1.6755268828088448,0.14954025826016748,4.488437291331226,2.7813739240227733
17,random,32,3,1,0.53125,0.5904733953152723,0.880979276068334,0.04020515692389884,2.320594561858137,2.7813739240227733
17,random,32,3,2,0.46875,0.24413246023660978,0.31763057181135945,0.019650318699781125,0.861093572215759,2.7813739240227733
17,random,32,3,3,1.0,0.048276463138330505,0.025647573438765857,0.0010415612928052899,0.024665627168983753,2.7813739240227733
17,random,96,0,0,1.0,0.045245734661418326,0.03427042801326081,0.02294798726320943,0.021634704007462903,2.76676767601748
17,random,96,1,0,0.375,0.35022942113175637,0.4625659396294042,0.1281279218164595,1.5026891396779933,2.76676767601748
17,random,96,1,1,0.34375,0.34392080007273973,0.4539552272332423,0.17034665357624046,1.412074933363713,2.76676767601748
17,random,96,2,0,0.125,1.3522284795322224,1.864950640474594,0.9805177002397167,6.26855305927747,2.76676767601748
17,random,96,2,1,0.28125,0.5775489454788144,0.8748334960050181,0.03021615878970468,2.320987549233654,2.76676767601748
17,random,96,2,2,0.5625,0.22152969778454445,0.3047802619887706,0.005951566835313294,0.694254122189407,2.76676767601748
17,random,96,3,0,0.21875,0.9326173245591225,1.4461562292637558,0.05578760725791159,3.8932746053350336,2.76676767601748
17,random,96,3,1,0.625,0.4245339568314154,0.6586422003889907,0.00397935144221862,1.6153375632091018,2.76676767601748
17,random,96,3,2,0.40625,0.479038552822208,0.7761817947240954,0.013013573197803243,2.208410404152365,2.76676767601748
17,random,96,3,3,1.0,0.04303277317028575,0.022493370663343053,0.012105215957709123,0.02005232190178569,2.76676767601748
17,random,288,0,0,1.0,0.048113949022684496,0.03450297367419363,0.024755611114160456,0.02325546282941767,2.7739976459997706
17,random,288,1,0,0.40625,0.39220782309683333,0.5712073281401275,0.0755372142286537,1.6557280048922953,2.7739976459997706
17,random,288,1,1,0.46875,0.3498429661564737,0.4646518866697311,0.14502731783981557,1.4025839995584382,2.7739976459997706
17,random,288,2,0,0.21875,0.9837324456607217,1.4570319492712174,0.33904353192382036,4.283768425846648,2.7739976459997706
17,random,288,2,1,0.125,0.7530375770082711,1.1744299706739412,0.0365813610891942,3.135094939768758,2.7739976459997706
17,random,288,2,2,0.46875,0.2739784824992037,0.39895092903015167,0.006318255481444252,0.9755625824436246,2.7739976459997706
17,random,288,3,0,0.5625,0.47010588071801496,0.7072268422145603,0.01739841597025722,1.7629515751027238,2.7739976459997706
17,random,288,3,1,0.3125,0.7209890492595852,1.1498001520499974,0.007849205956678002,2.9489604875899995,2.7739976459997706
17,random,288,3,2,0.53125,0.397722460902994,0.6311932127923341,0.016078805232226597,1.7449015534591314,2.7739976459997706
17,random,288,3,3,0.96875,0.04585438364958445,0.038088534939017434,0.009910650262755366,0.03296249341437212,2.7739976459997706
17,loss_hard,12,0,0,1.0,0.046379167244406466,0.03576114587570502,0.015160976625312676,0.022786930067018662,2.7516206319851335
17,loss_hard,12,1,0,0.0,1.5761413393400374,0.6465128516680064,3.4116218105588434,8.853330655285001,2.7516206319851335
17,loss_hard,12,1,1,0.125,0.5699016959852022,0.4805222898189109,0.9599962396462665,3.255832459946787,2.7516206319851335
17,loss_hard,12,2,0,0.0,2.039227576314108,2.649203229874712,1.860733267730558,9.069834465276475,2.7516206319851335
17,loss_hard,12,2,1,0.0,0.7860728612080803,0.4862515232025287,1.286832065671344,3.389149683114108,2.7516206319851335
17,loss_hard,12,2,2,0.53125,0.24162194089210232,0.2482015892434442,0.23572725057388158,0.8487284749658103,2.7516206319851335
17,loss_hard,12,3,0,0.0,1.6322462411293646,1.2678449917562638,2.7577467513947145,9.419510917137933,2.7516206319851335
17,loss_hard,12,3,1,0.0,2.012641059788928,2.4928098717832365,2.135373504615262,9.479763941009773,2.7516206319851335
17,loss_hard,12,3,2,0.0,0.7257784451392592,0.3735984775580971,1.3735541062956134,3.760996649002803,2.7516206319851335
17,loss_hard,12,3,3,0.375,0.14774412525818006,0.10152145374114008,0.26311135758275367,0.4258815152989498,2.7516206319851335
17,loss_hard,32,0,0,1.0,0.050724859893710596,0.04416822776199584,0.01649180263533011,0.026793944956072773,2.727294519019779
17,loss_hard,32,1,0,0.0,1.1710242874841428,0.3871049747704837,2.543633893930945,6.222971378038916,2.727294519019779
17,loss_hard,32,1,1,0.1875,0.5568090268689824,0.5011123296111751,0.9023118890163884,3.4384063183800797,2.727294519019779
17,loss_hard,32,2,0,0.0,1.9738978453351195,2.5944547659087593,1.7379568155708158,8.798037433010172,2.727294519019779
17,loss_hard,32,2,1,0.0,0.6692180127046008,0.38473752067004013,1.1160871665564005,2.9800115142680483,2.727294519019779
17,loss_hard,32,2,2,0.65625,0.22460127750302128,0.24006611605077474,0.19315363376944283,0.7609571962963445,2.727294519019779
17,loss_hard,32,3,0,0.0,2.2788390324485377,1.663353917345065,4.143834243740547,13.621539071258272,2.727294519019779
17,loss_hard,32,3,1,0.0,2.5920403600108677,2.8637861829379,3.5327754846343193,13.00556451506895,2.727294519019779
17,loss_hard,32,3,2,0.0,1.2200502684005956,0.5893661445443092,2.4994391578592867,6.779562757011828,2.727294519019779
17,loss_hard,32,3,3,0.40625,0.12196091743294586,0.06451335984532539,0.24780343621614978,0.3553131214325077,2.727294519019779
17,loss_hard,96,0,0,1.0,0.0528091735943454,0.046817334334491145,0.014041529872021313,0.02720288051508781,2.81794588197954
17,loss_hard,96,1,0,0.0,1.1982250210982186,0.5437292937556716,2.45672665226053,6.208438108455857,2.81794588197954
17,loss_hard,96,1,1,0.1875,0.5717445682904397,0.5001076084299407,0.9274682803949501,3.446527303389916,2.81794588197954
17,loss_hard,96,2,0,0.0,1.9667669406451975,2.542513904927638,1.8575517585464163,8.956855298224362,2.81794588197954
17,loss_hard,96,2,1,0.0,0.7552360167321832,0.4050232545500496,1.2970401866897117,3.3344020463425217,2.81794588197954
17,loss_hard,96,2,2,0.375,0.2776946817532449,0.2920698369019362,0.2656655689952908,1.1248967199986188,2.81794588197954
17,loss_hard,96,3,0,0.0,0.6695872437569845,0.3939566192893642,1.1473975738482647,3.397084058910121,2.81794588197954
17,loss_hard,96,3,1,0.0,1.6470848943333258,2.159187239630836,1.4723214139032539,7.935627541901922,2.81794588197954
17,loss_hard,96,3,2,0.0,0.6635510034636443,0.45457980327946534,1.1150429786089615,3.484306080654528,2.81794588197954
17,loss_hard,96,3,3,1.0,0.054268838466999786,0.03860544088607752,0.047895216695471456,0.029191802649419705,2.81794588197954
17,loss_hard,288,0,0,1.0,0.05164701934005981,0.04633306989563899,0.024651053877782346,0.028080267155099575,2.903067368984921
17,loss_hard,288,1,0,0.0625,0.601691479139326,0.6729131422788608,0.523124673588912,2.9306056508243468,2.903067368984921
17,loss_hard,288,1,1,0.8125,0.17121801755143762,0.20547368810045147,0.03778712403872357,0.4548217298182158,2.903067368984921
17,loss_hard,288,2,0,0.0,1.3946247565665837,2.1285312350884684,0.2521036353403373,5.64113436735504,2.903067368984921
17,loss_hard,288,2,1,0.90625,0.13204048988009437,0.13192852758732504,0.04769550049560021,0.2652184986702998,2.903067368984921
17,loss_hard,288,2,2,0.75,0.17031636252957996,0.202936708464248,0.052730675333956256,0.4428730998420435,2.903067368984921
17,loss_hard,288,3,0,0.0,1.0669234360035786,0.5449579271243454,2.1018846219481873,5.443989181130224,2.903067368984921
17,loss_hard,288,3,1,0.0,1.8539008644085861,2.257074201414933,2.138203446261565,9.318578483051956,2.903067368984921
17,loss_hard,288,3,2,0.3125,0.45452213811727377,0.42743754737878675,0.44851172234570075,2.1030668521891043,2.903067368984921
17,loss_hard,288,3,3,1.0,0.030728900728995586,0.019069600961665194,0.004928347222012928,0.001572259189998074,2.903067368984921
17,diversity,12,0,0,1.0,0.05068334623699321,0.0432460875058992,0.02767838502116718,0.02789384863320581,2.7775046629831195
17,diversity,12,1,0,0.1875,0.7116058430576458,0.7214471403425656,0.8558427406276266,3.6078589021594407,2.7775046629831195
17,diversity,12,1,1,0.59375,0.20075934011817276,0.25993020172097964,0.03276890064022719,0.5836376129278773,2.7775046629831195
17,diversity,12,2,0,0.0,1.226902556969446,1.7607898231466554,0.5009180400158533,5.362665183610467,2.7775046629831195
17,diversity,12,2,1,0.15625,0.8869505449337406,1.266370996699203,0.4018300597158472,3.84589531247729,2.7775046629831195
17,diversity,12,2,2,0.15625,0.56334028705757,0.6286180259293961,0.5471620542079461,2.8529879682372457,2.7775046629831195
17,diversity,12,3,0,0.5,0.25166831447832555,0.23182126255081192,0.01802832670982263,0.8848077865459543,2.7775046629831195
17,diversity,12,3,1,0.03125,1.035399099316956,1.6201984702127321,0.012359498527890636,4.3544710850240795,2.7775046629831195
17,diversity,12,3,2,0.6875,0.17481739416734393,0.21819730744737764,0.012470565670486655,0.5151364884687897,2.7775046629831195
17,diversity,12,3,3,1.0,0.03015547151766486,0.010526573743415289,0.005370217081072717,0.003615015794542744,2.7775046629831195
17,diversity,32,0,0,1.0,0.04590222483974406,0.03841647074791872,0.02434348557482216,0.020951774563260153,2.779433923016768
17,diversity,32,1,0,0.40625,0.3942194678973361,0.45797597616384467,0.2929961364927035,1.8306651404051242,2.779433923016768
17,diversity,32,1,1,0.65625,0.16483071960313345,0.20652283426527562,0.026026726442531622,0.4254744277621851,2.779433923016768
17,diversity,32,2,0,0.0625,0.9008321952722088,1.3934306149935893,0.05132376663593666,3.700262153768433,2.779433923016768
17,diversity,32,2,1,0.15625,0.7483680544642688,1.1711245271933013,0.014350962800896271,3.0751666691203328,2.779433923016768
17,diversity,32,2,2,0.40625,0.2308169224630668,0.3172033576529848,0.011289918154709373,0.750407380499748,2.779433923016768
17,diversity,32,3,0,0.125,0.6311567838742302,0.9991814596392619,0.02203912717147337,2.8068792815003873,2.779433923016768
17,diversity,32,3,1,0.75,0.26975904574941784,0.4003195673806937,0.003912629075881911,1.028803254273303,2.779433923016768
17,diversity,32,3,2,0.03125,0.7023404969728975,1.146802089695517,0.0022541495835651333,3.356436385736896,2.779433923016768
17,diversity,32,3,3,0.8125,0.07524478769189544,0.09854351974886803,0.004305375732177043,0.17144728384449706,2.779433923016768
17,diversity,96,0,0,1.0,0.04576853916518521,0.03364582901963464,0.028260221581513374,0.022013583333227952,2.799779324006522
17,diversity,96,1,0,0.0625,0.8622510773000691,0.8223554439938484,1.1567197633444188,4.600218464799107,2.799779324006522
17,diversity,96,1,1,0.875,0.1334216497094183,0.13969011222187533,0.011591632103760418,0.28809372510896625,2.799779324006522
17,diversity,96,2,0,0.0625,0.8989446762552555,1.2070969993968275,0.5199988960345022,4.350072372865326,2.799779324006522
17,diversity,96,2,1,0.3125,1.0920567579021323,1.3488620457329312,1.132883400508425,5.402580286221924,2.799779324006522
17,diversity,96,2,2,0.0,1.1000138466962535,1.0116688021181193,1.5986591982761906,6.054126347021157,2.799779324006522
17,diversity,96,3,0,0.0625,1.0379432355121518,1.319967441934955,0.7140087758465463,5.014871406059129,2.799779324006522
17,diversity,96,3,1,0.34375,1.0747705410602717,1.294080873168555,1.182747744849467,5.314665971150539,2.799779324006522
17,diversity,96,3,2,0.125,0.8074149098187589,0.959958739293272,0.7250852861843112,4.140896979470982,2.799779324006522
17,diversity,96,3,3,0.8125,0.167999935848933,0.23300757550385862,0.03805394267474253,0.7356021068876785,2.799779324006522
17,diversity,288,0,0,1.0,0.04549153920035112,0.0354923216953061,0.0172161963676662,0.022142418780886852,2.726879464025842
17,diversity,288,1,0,0.21875,0.999057295772974,0.9113788664503784,1.4614621446864797,5.362515770127897,2.726879464025842
17,diversity,288,1,1,0.75,0.17899402407793674,0.21933734979857533,0.03576493060942844,0.4842044798135988,2.726879464025842
17,diversity,288,2,0,0.09375,0.9706979072136275,1.2500585276366702,0.6141207844149935,4.625987127119977,2.726879464025842
17,diversity,288,2,1,0.28125,1.2077748725111794,1.4690706408641565,1.3131352802860201,5.9610726967606205,2.726879464025842
17,diversity,288,2,2,0.0625,1.1664669565746224,1.0522968811048936,1.7488824986586855,6.4729353872184525,2.726879464025842
17,diversity,288,3,0,0.15625,0.7459274585685898,1.031869673929958,0.2934979072623569,3.38858962985737,2.726879464025842
17,diversity,288,3,1,0.34375,0.7737814991862222,1.1012270125369696,0.32270047423108794,3.3637921751913367,2.726879464025842
17,diversity,288,3,2,0.1875,0.5513814485677231,0.8095686961998795,0.13460873771027976,2.6245080821314155,2.726879464025842
17,diversity,288,3,3,0.9375,0.06479187421500879,0.07430740563444677,0.0006169947964800198,0.11565573795210118,2.726879464025842
17,anchors,12,0,0,1.0,0.04906377276819167,0.039000757624230206,0.0222901124826188,0.025788640271973473,2.7861251999856904
17,anchors,12,1,0,0.34375,0.5818623845313091,0.5724410542417641,0.7181602819126888,3.018264043597703,2.7861251999856904
17,anchors,12,1,1,0.8125,0.13916174143988613,0.14896581624562366,0.04041507933404162,0.3093386836609441,2.7861251999856904
17,anchors,12,2,0,0.375,0.3547142026494588,0.3562357297786834,0.37034065958083695,1.4046967864025814,2.7861251999856904
17,anchors,12,2,1,0.0,0.7676791120522534,1.2989297037816034,0.029521593406690645,3.645131927998039,2.7861251999856904
17,anchors,12,2,2,1.0,0.02856404768407302,0.023731712505667753,0.01409229002662068,0.0024665288971751857,2.7861251999856904
17,anchors,12,3,0,0.0,1.0767927141106748,1.376895443947173,0.7623386152797633,5.2375614767928615,2.7861251999856904
17,anchors,12,3,1,0.75,0.2689711877227584,0.31023410659458595,0.25446604321710253,1.1173090470908493,2.7861251999856904
17,anchors,12,3,2,0.0,0.8135903307020754,1.326859580993788,0.0501060726895423,3.9717121607083596,2.7861251999856904
17,anchors,12,3,3,1.0,0.03964703912570097,0.01272900913000971,0.003328870585974691,0.010073317236233531,2.7861251999856904
17,anchors,32,0,0,1.0,0.044501912149936734,0.033950922300059264,0.02039889975032054,0.01866168890318604,2.8918439609988127
17,anchors,32,1,0,0.09375,0.7092509622126291,0.9548091345502554,0.39398435865897447,3.345742405421344,2.8918439609988127
17,anchors,32,1,1,0.5625,0.236756689507154,0.328762338911461,0.027965084766479957,0.753339529816389,2.8918439609988127
17,anchors,32,2,0,0.15625,0.9411361392327647,1.2653874955719253,0.45156390563032217,4.218874845300346,2.8918439609988127
17,anchors,32,2,1,0.125,1.166635723357807,1.5684027653538077,0.8215841547811635,5.227094259986453,2.8918439609988127
17,anchors,32,2,2,0.09375,0.8403392385394087,0.8720646412889674,1.0154302261214672,4.4691772334842454,2.8918439609988127
17,anchors,32,3,0,0.09375,0.831627009315187,1.297951531201983,0.09420335081976589,3.6161869238336672,2.8918439609988127
17,anchors,32,3,1,0.78125,0.24275998137388757,0.34088714112263824,0.0400599844758273,0.8656814441269182,2.8918439609988127
17,anchors,32,3,2,0.0,0.7981802334903726,1.3189993949880785,0.014415422308394439,3.9382888638675793,2.8918439609988127
17,anchors,32,3,3,1.0,0.03138098859810293,0.019560784403981846,0.010402836259309685,0.0027968154543289436,2.8918439609988127
17,anchors,96,0,0,1.0,0.055314545483175215,0.044115322912959026,0.034415649975885025,0.03563745901523249,2.726651964010671
17,anchors,96,1,0,0.15625,0.612218564574766,0.7491570811322373,0.456891277007791,2.859059623969699,2.726651964010671
17,anchors,96,1,1,0.59375,0.19005053595236077,0.24740978461353583,0.02597330854165404,0.5334463748590268,2.726651964010671
17,anchors,96,2,0,0.0625,0.9267470262719824,1.321691869642914,0.29112442486250395,4.090609719408022,2.726651964010671
17,anchors,96,2,1,0.28125,1.0443320287988063,1.425835354621595,0.6015763638209212,4.582917767634032,2.726651964010671
17,anchors,96,2,2,0.09375,0.7429263306649534,0.7830926885114107,0.7808569232581849,3.7798543549511,2.726651964010671
17,anchors,96,3,0,0.21875,0.6390316819357136,0.9832057177702319,0.017113271973338295,2.744402989984687,2.726651964010671
17,anchors,96,3,1,0.34375,0.675481432459012,1.0604303017508356,0.01420933674204971,2.7694260507615702,2.726651964010671
17,anchors,96,3,2,0.28125,0.49010610883524874,0.7999297863100585,0.0028774382290237418,2.278503083669408,2.726651964010671
17,anchors,96,3,3,1.0,0.048809012682902546,0.041581181579005005,0.010046262487158647,0.024043360916827863,2.726651964010671
17,anchors,288,0,0,1.0,0.0516318910388729,0.04654797953483762,0.02069707445556044,0.02385166736001005,2.718523132003611
17,anchors,288,1,0,0.28125,0.48040370412657224,0.6657619251516538,0.21691568454684196,2.124673531956578,2.718523132003611
17,anchors,288,1,1,0.4375,0.34213890440788997,0.4361539655971733,0.21066088842532327,1.4121883530632788,2.718523132003611
17,anchors,288,2,0,0.28125,0.7559174929541661,1.0922280273419696,0.2625850953647492,3.2749880370779025,2.718523132003611
17,anchors,288,2,1,0.09375,0.8709482105143174,1.3221070704476596,0.07271291126316647,3.6203029880380226,2.718523132003611
17,anchors,288,2,2,0.375,0.3035692364566466,0.43735677912053333,0.0192603522232623,1.1388542924506404,2.718523132003611
17,anchors,288,3,0,0.40625,0.6340005813558753,0.9916220293697584,0.019469409838670165,2.594025075697518,2.718523132003611
17,anchors,288,3,1,0.28125,0.7618446579094367,1.2061933324218992,0.005881267237382887,3.074892574790205,2.718523132003611
17,anchors,288,3,2,0.65625,0.30520470005332667,0.47182418254339564,0.002700651825838862,1.299193464270398,2.718523132003611
17,anchors,288,3,3,1.0,0.04974614035290958,0.03757746431087686,0.006202495042671934,0.028319587180685522,2.718523132003611
18,no_replay,0,0,0,1.0,0.05314934950766628,0.04646011771183047,0.016959090947446166,0.02284245458947894,2.2359802540158853
18,no_replay,0,1,0,0.0,0.862026093062086,1.4608584406841034,0.08733473146479104,3.9652509817323267,2.2359802540158853
18,no_replay,0,1,1,1.0,0.0399768476189223,0.015903865717794535,0.008436012454288976,0.00996697241665289,2.2359802540158853
18,no_replay,0,2,0,0.125,0.16138538617225776,0.22693887657262868,0.16805879624419706,0.3931459854935893,2.2359802540158853
18,no_replay,0,2,1,0.0,0.8702661354678525,1.4291625955538523,0.08482119555635062,3.9805460982599845,2.2359802540158853
18,no_replay,0,2,2,1.0,0.06388832842996953,0.0472616285710535,0.019552920215415735,0.03895461284263738,2.2359802540158853
18,no_replay,0,3,0,0.0,0.8935648957901967,1.4305386222669294,0.3233698484058075,4.31405645860867,2.2359802540158853
18,no_replay,0,3,1,0.0,0.15499739331005408,0.20006738978226118,0.21734439458131466,0.39510350013027373,2.2359802540158853
18,no_replay,0,3,2,0.0,0.7480926008273376,1.2221177934527647,0.10061876174406714,3.7459412429058982,2.2359802540158853
18,no_replay,0,3,3,1.0,0.06498182878753984,0.05885247070032819,0.0481221479594873,0.0519997498372622,2.2359802540158853
18,random,12,0,0,1.0,0.05077208783943242,0.03792888460306439,0.00817000311179097,0.021521383339863108,2.730822437995812
18,random,12,1,0,0.46875,0.2450204779416832,0.3212023114349992,0.05889056982744457,0.800173464185529,2.730822437995812
18,random,12,1,1,0.84375,0.12746464416731962,0.15872849785262433,0.015598424539557112,0.28949817932560645,2.730822437995812
18,random,12,2,0,0.0625,0.7424319904393105,0.7662449644824207,0.812593904074556,3.4939921943764154,2.730822437995812
18,random,12,2,1,0.21875,1.052974605318211,1.4210255242995635,0.8185440390411074,4.9841173466812645,2.730822437995812
18,random,12,2,2,0.125,0.9497186216667605,1.080702529802571,0.9411308627610284,4.860634764710914,2.730822437995812
18,random,12,3,0,0.0625,0.7832602755109523,1.0009591839846266,0.46129143287126884,3.818317487473725,2.730822437995812
18,random,12,3,1,0.28125,1.0321561688125112,1.4890876371815736,0.523900133596098,4.657007225477588,2.730822437995812
18,random,12,3,2,0.125,0.5497726710529451,0.7646509278476004,0.20395464014067066,2.7953510563828887,2.730822437995812
18,random,12,3,3,0.90625,0.09150050794516557,0.1372677395109384,0.00672503222274404,0.3549479746320992,2.730822437995812
18,random,32,0,0,1.0,0.05159780116926588,0.04148692912642373,0.021186011122870493,0.022046705854954034,2.697652190021472
18,random,32,1,0,0.40625,0.33694122891706824,0.3931083646426845,0.18015702238524622,1.5001197139849243,2.697652190021472
18,random,32,1,1,0.96875,0.06839238052602939,0.04705547451706445,0.01038192325430781,0.07127489123562968,2.697652190021472
18,random,32,2,0,0.1875,0.4661162649712558,0.6867686043384614,0.030882376989856963,1.8946680726850054,2.697652190021472
18,random,32,2,1,0.21875,0.7657792667892881,1.2155958968289349,0.017788198241301442,3.22065681342787,2.697652190021472
18,random,32,2,2,0.25,0.3505264033636104,0.4972133848875671,0.01747429144252993,1.3758372304934872,2.697652190021472
18,random,32,3,0,0.5625,0.4169373261408803,0.5919711093297062,0.015768677618570755,1.6029544028135576,2.697652190021472
18,random,32,3,1,0.21875,0.8382942475406895,1.3152855877432454,0.011185858144827249,3.362633043972831,2.697652190021472
18,random,32,3,2,0.4375,0.3578905487047721,0.4805490420913554,0.005010016349586965,1.4031089608881882,2.697652190021472
18,random,32,3,3,0.59375,0.30107040511390004,0.45586204411473513,0.01927815518196011,1.275303483123774,2.697652190021472
18,random,96,0,0,1.0,0.05364139052916309,0.04228803351124019,0.011453486236959826,0.028358661248928427,2.723302758007776
18,random,96,1,0,0.625,0.21799326011927989,0.27010965764594713,0.0802603919698636,0.7071922456351121,2.723302758007776
18,random,96,1,1,0.96875,0.05615460470028265,0.043107032330835474,0.006970704883087384,0.04705208780269835,2.723302758007776
18,random,96,2,0,0.25,0.4152960901995213,0.614024758878031,0.02147191386556313,1.6732959556897802,2.723302758007776
18,random,96,2,1,0.21875,0.8761381103408976,1.3817959391433523,0.01830503321368767,3.593085314508814,2.723302758007776
18,random,96,2,2,0.125,0.5072703016724706,0.7637673239321736,0.024212910942429524,2.368882591050322,2.723302758007776
18,random,96,3,0,0.0625,0.5986761778738676,0.8637813031331003,0.025072046603351716,2.5949609770983875,2.723302758007776
18,random,96,3,1,0.375,0.7116812781867015,1.09683371765846,0.0166569171731585,2.871064767796076,2.723302758007776
18,random,96,3,2,0.0625,0.622670894929532,0.9655140175452525,0.017010680082109597,2.8998367832417546,2.723302758007776
18,random,96,3,3,0.65625,0.3177053466282811,0.4879306005033479,0.017142677154038485,1.2944695333548246,2.723302758007776
18,random,288,0,0,1.0,0.05036910591697221,0.037561497275700934,0.02140253426829025,0.024872528406040324,2.7213273659872357
18,random,288,1,0,0.34375,0.33982629250235397,0.40874319216155497,0.20981800355696553,1.4021510444024172,2.7213273659872357
18,random,288,1,1,0.96875,0.07542089788482562,0.07166768622078021,0.001961465862338995,0.1037799945249526,2.7213273659872357
18,random,288,2,0,0.09375,0.6859648205950364,1.0455828013067001,0.045139622905220125,2.877405808864845,2.7213273659872357
18,random,288,2,1,0.28125,0.7422292947180791,1.1511403142571517,0.031555075380582207,3.0247305631104973,2.7213273659872357
18,random,288,2,2,0.125,0.5204505994552088,0.7750227511131251,0.0367787745191602,2.4867158582733757,2.7213273659872357
18,random,288,3,0,0.1875,0.5048810892883978,0.7157008126833075,0.0687831208645793,2.189992716462136,2.7213273659872357
18,random,288,3,1,0.3125,0.6850192741261334,1.0602545058483672,0.056433460570032776,2.8461511773872203,2.7213273659872357
18,random,288,3,2,0.125,0.6204351592912545,0.9485307748932238,0.06354535712287282,2.8960209023175327,2.7213273659872357
18,random,288,3,3,0.59375,0.3675824970681608,0.5623571538424923,0.045338585041168084,1.4698265626497982,2.7213273659872357
18,loss_hard,12,0,0,1.0,0.050988546065944385,0.03521047227036409,0.02708124968233078,0.025422945664944352,2.732445014989935
18,loss_hard,12,1,0,0.0,1.7341756776403,0.6393953174473902,3.9475765579501356,10.695649952530795,2.732445014989935
18,loss_hard,12,1,1,0.84375,0.07227257303358689,0.056395317091133074,0.09140631787359665,0.07889099851755157,2.732445014989935
18,loss_hard,12,2,0,0.0,1.9099725508433918,2.3673931595282447,2.0430385450967403,9.194449152273357,2.732445014989935
18,loss_hard,12,2,1,0.0,0.9134502631264052,0.4286354957339886,1.7155934221325975,4.109690556498027,2.732445014989935
18,loss_hard,12,2,2,0.125,0.6922314944418593,0.6171005986930409,1.0354247257447873,4.0508092334394945,2.732445014989935
18,loss_hard,12,3,0,0.0,2.6047481988304626,1.8503792292745973,4.928442002956774,15.75777536363724,2.732445014989935
18,loss_hard,12,3,1,0.0,2.630264005702742,2.855201372326764,3.838811609101894,13.990427163274516,2.732445014989935
18,loss_hard,12,3,2,0.0,0.7697586670507176,0.39387768274413815,1.6239476392177468,4.626188649700545,2.732445014989935
18,loss_hard,12,3,3,0.8125,0.10436914998779526,0.11392691672768451,0.0847928996682918,0.23218173187305233,2.732445014989935
18,loss_hard,32,0,0,1.0,0.06547874276529776,0.06210494467847033,0.018251843609763955,0.04189533564302367,2.6846560769772623
18,loss_hard,32,1,0,0.0,1.7511185305218029,0.631352532573994,3.9376274691643376,10.506480143298777,2.6846560769772623
18,loss_hard,32,1,1,0.75,0.0908480631240918,0.07900814033798564,0.13630696124935843,0.14825614237607618,2.6846560769772623
18,loss_hard,32,2,0,0.0,2.0315483465890596,2.4309046547179856,2.3789759419830334,9.964997523159838,2.6846560769772623
18,loss_hard,32,2,1,0.0,1.1138827479733888,0.5604969060705577,2.11927240819955,5.212609459863486,2.6846560769772623
18,loss_hard,32,2,2,0.125,0.6184350922858185,0.5429977074308858,0.9302023562552946,3.619549990466778,2.6846560769772623
18,loss_hard,32,3,0,0.0,3.139839440403293,2.0870575652858436,6.075057691170849,19.260869750095807,2.6846560769772623
18,loss_hard,32,3,1,0.0,3.403372441161177,3.312581621044728,5.525541954310089,19.397405655729944,2.6846560769772623
18,loss_hard,32,3,2,0.0,1.7178356093098333,0.6609237256090721,3.86461119463356,11.049485114960058,2.6846560769772623
18,loss_hard,32,3,3,0.8125,0.08237136063718736,0.07497249353782282,0.09593831254846355,0.12288338534813194,2.6846560769772623
18,loss_hard,96,0,0,1.0,0.050388580475636185,0.037379281794229696,0.008810837140290177,0.024407481652815966,2.6880239640013315
18,loss_hard,96,1,0,0.0,1.2540941584404663,0.4119049230246057,2.8099664462758414,6.948622926022374,2.6880239640013315
18,loss_hard,96,1,1,1.0,0.059755556470783344,0.04764189435931105,0.05514702044191723,0.0450605150863851,2.6880239640013315
18,loss_hard,96,2,0,0.0,1.48984707268716,1.9790848394920866,1.2737590518571489,7.441940679953383,2.6880239640013315
18,loss_hard,96,2,1,0.0,0.6536418460945284,0.2540583707459495,1.2210780129778964,2.9366978578159975,2.6880239640013315
18,loss_hard,96,2,2,0.0,1.0786912109606708,0.8778062271336091,1.7927153438385575,6.301339136288533,2.6880239640013315
18,loss_hard,96,3,0,0.0,1.9699837733138974,1.3441094552194885,3.7713902421323766,11.476485954678223,2.6880239640013315
18,loss_hard,96,3,1,0.0,2.2032170699087654,2.525362984123121,2.9690389018640317,11.523891193122695,2.6880239640013315
18,loss_hard,96,3,2,0.0,0.8044172296605014,0.36612219999006196,1.691990726985766,4.731667489431743,2.6880239640013315
18,loss_hard,96,3,3,0.625,0.15643301200894072,0.1666699634846347,0.16913119557535283,0.437719397619988,2.6880239640013315
18,loss_hard,288,0,0,1.0,0.050518300406967656,0.04013142039974205,0.014628355382319137,0.022564500594481764,2.7321754659933504
18,loss_hard,288,1,0,0.1875,0.3329516815291641,0.4262881125728517,0.04868039289961529,1.4470077218427124,2.7321754659933504
18,loss_hard,288,1,1,0.84375,0.10682055406137242,0.11759724264240104,0.01940928893693919,0.18770944005631252,2.7321754659933504
18,loss_hard,288,2,0,0.0,1.595851116869647,2.1926229689335264,1.0769830551605881,7.298743675733248,2.7321754659933504
18,loss_hard,288,2,1,0.5625,0.2730412608769245,0.35129750394913783,0.0445691460897583,0.9907659714596884,2.7321754659933504
18,loss_hard,288,2,2,0.53125,0.24267879653939695,0.3331408130962958,0.007671683926788249,0.8344556678922055,2.7321754659933504
18,loss_hard,288,3,0,0.0,0.3763787791782741,0.20249506012463767,0.4737973193288974,1.4908590424063872,2.7321754659933504
18,loss_hard,288,3,1,0.0,1.2511561747865356,1.8609219011752334,0.3819438575908766,5.618726717997088,2.7321754659933504
18,loss_hard,288,3,2,0.25,0.2656101489171945,0.228834480355584,0.19558483230933887,0.8998409948443117,2.7321754659933504
18,loss_hard,288,3,3,0.9375,0.06783336992720523,0.07272658982288448,0.009161475962637586,0.0864937734478905,2.7321754659933504
18,diversity,12,0,0,1.0,0.050006165828037824,0.03755872645192514,0.02143299236030344,0.02445527459421047,2.713232850015629
18,diversity,12,1,0,1.0,0.0847554439008566,0.08390830783024221,0.004570242024615146,0.08881285818085756,2.713232850015629
18,diversity,12,1,1,0.84375,0.10011973676055172,0.1273245567441112,0.023064700568383646,0.18360615306016784,2.713232850015629
18,diversity,12,2,0,0.0625,0.7880717367486978,1.3012667468225658,0.028681099924044447,3.48018742909431,2.713232850015629
18,diversity,12,2,1,0.46875,0.3750575819793408,0.598105058813922,0.01608956826376879,1.5065993082676514,2.713232850015629
18,diversity,12,2,2,0.28125,0.4065642808888008,0.5996255887911044,0.010420901837190088,1.7371813862913608,2.713232850015629
18,diversity,12,3,0,0.875,0.15179418506391404,0.16529431026497152,0.0047666374799771715,0.41358163620891963,2.713232850015629
18,diversity,12,3,1,0.125,0.7322060865661069,1.1752029215144915,0.004208214680520973,3.1889041150386337,2.713232850015629
18,diversity,12,3,2,0.1875,0.48188190796182395,0.765011913211099,0.0026845567444854475,2.2665205834540068,2.713232850015629
18,diversity,12,3,3,0.78125,0.12937817746585606,0.19832887881305275,0.009646117043044175,0.43478097983792,2.713232850015629
18,diversity,32,0,0,1.0,0.050462836208508006,0.037023568516114866,0.027167202313528628,0.02469906413210518,2.703260109992698
18,diversity,32,1,0,1.0,0.06898077178123359,0.056432626655834026,0.036118172795202394,0.06191411642716822,2.703260109992698
18,diversity,32,1,1,0.84375,0.11524582362058455,0.1496718473099422,0.013320554231270902,0.23379913480301487,2.703260109992698
18,diversity,32,2,0,0.65625,0.24284064090857554,0.3564989440406041,0.014490428238543457,0.8261135335071241,2.703260109992698
18,diversity,32,2,1,0.1875,0.6716873469325345,1.0877097773897635,0.005351504416662817,2.902031105452927,2.703260109992698
18,diversity,32,2,2,0.375,0.3461435814366827,0.5391639000550352,0.007428001512349423,1.381485546758355,2.703260109992698
18,diversity,32,3,0,0.59375,0.30673905904684384,0.45714396298523724,0.015526275604013639,1.0960196075378141,2.703260109992698
18,diversity,32,3,1,0.5625,0.39719133708029647,0.6135284101932807,0.02039038671989192,1.5502078535034765,2.703260109992698
18,diversity,32,3,2,0.09375,0.6466243800963782,1.0210999349241079,0.015989378915943694,2.9549018634331397,2.703260109992698
18,diversity,32,3,3,0.625,0.34824536902944586,0.5306855995105045,0.01405629458271504,1.3580435497675376,2.703260109992698
18,diversity,96,0,0,1.0,0.053081863649714955,0.041393940947061364,0.025206460472272256,0.026905766340668852,2.7220997360127512
18,diversity,96,1,0,1.0,0.05803593108063144,0.05059922028960652,0.0032576414425796243,0.0340397146953451,2.7220997360127512
18,diversity,96,1,1,0.75,0.11298570033629421,0.15655684476548987,0.021144209615266283,0.22566968095459583,2.7220997360127512
18,diversity,96,2,0,0.75,0.14633259559604403,0.1999993661628468,0.01912184790872945,0.3797410939095762,2.7220997360127512
18,diversity,96,2,1,0.5625,0.32140379679254677,0.49743767265966843,0.006307265185814252,1.2082998299998295,2.7220997360127512
18,diversity,96,2,2,0.15625,0.5111778181545299,0.7501510008415512,0.04386745636851969,2.440498456699746,2.7220997360127512
18,diversity,96,3,0,0.9375,0.07558512176088042,0.09061790822083796,0.006671235373553085,0.11451814370606272,2.7220997360127512
18,diversity,96,3,1,0.84375,0.09601380415832417,0.12475770836584649,0.00909724862321087,0.2283442896469554,2.7220997360127512
18,diversity,96,3,2,0.15625,0.4480129170334777,0.6879545151300098,0.021909200940078467,2.1674625028871195,2.7220997360127512
18,diversity,96,3,3,0.75,0.222829996525702,0.32268165258258585,0.047686985844625586,0.9542486380113517,2.7220997360127512
18,diversity,288,0,0,1.0,0.05261032071944266,0.043329956833580076,0.013131411763642974,0.03013668867089912,2.775548887992045
18,diversity,288,1,0,0.9375,0.10311788844300394,0.11280147515280055,0.018383029525419047,0.1659981078840752,2.775548887992045
18,diversity,288,1,1,0.875,0.08146494527047837,0.09983428903171038,0.01655281609170695,0.1347785965250638,2.775548887992045
18,diversity,288,2,0,0.1875,0.4391213205532932,0.6554209453683413,0.016909185342429005,1.7831475947083952,2.775548887992045
18,diversity,288,2,1,0.34375,0.666326338194795,1.049222442000989,0.010428322495422897,2.7412569129267648,2.775548887992045
18,diversity,288,2,2,0.15625,0.48194047259504647,0.7409127382686433,0.012670316533375017,2.166824023122583,2.775548887992045
18,diversity,288,3,0,0.3125,0.3705468753002885,0.5414480636403729,0.009903587525868413,1.4698414296841218,2.775548887992045
18,diversity,288,3,1,0.5625,0.3814384715840138,0.5866870099740258,0.014360387861733714,1.5012100198766944,2.775548887992045
18,diversity,288,3,2,0.125,0.5171134038181544,0.8243003084241114,0.020477364616906125,2.359433339446749,2.775548887992045
18,diversity,288,3,3,0.78125,0.1828128057494474,0.28002365529376794,0.0152732126982258,0.7210108346257695,2.775548887992045
18,anchors,12,0,0,1.0,0.05311246661503132,0.04558755139281793,0.012726804557378318,0.025549169293472743,2.751720655011013
18,anchors,12,1,0,0.9375,0.11736703459268809,0.11641192896247898,0.09031073426168199,0.23291354793860286,2.751720655011013
18,anchors,12,1,1,0.78125,0.1275438089591293,0.159418275780968,0.04046976918896289,0.2664401153478775,2.751720655011013
18,anchors,12,2,0,0.6875,0.2354803871370677,0.310898805705625,0.11902428410057125,0.7591273250680364,2.751720655011013
18,anchors,12,2,1,0.03125,0.9367679746637965,1.4346865221599443,0.12135906358916035,3.96009787361363,2.751720655011013
18,anchors,12,2,2,0.15625,0.6796393485267229,0.9037721350441517,0.3589488147331299,3.16982538924591,2.751720655011013
18,anchors,12,3,0,0.0,1.047670259153835,1.6754884321773242,0.0263408589323334,4.351308742796668,2.751720655011013
18,anchors,12,3,1,0.65625,0.28054250523612456,0.4199088125809509,0.01795849162334845,1.03192596216762,2.751720655011013
18,anchors,12,3,2,0.40625,0.3252729309117909,0.4709573396688791,0.008429651515182969,1.2563623979107876,2.751720655011013
18,anchors,12,3,3,0.65625,0.23321078642712417,0.33900909213710045,0.024664382390520226,0.903862499855849,2.751720655011013
18,anchors,32,0,0,1.0,0.05275537646774471,0.04434827171288752,0.016007771944050578,0.02572349370486747,2.7170342880126555
18,anchors,32,1,0,0.0625,0.5447230998171393,0.6349822360591633,0.40195919629267796,2.903393027267108,2.7170342880126555
18,anchors,32,1,1,0.96875,0.10132925023172865,0.09749094654150178,0.016341938008763005,0.16951000488035672,2.7170342880126555
18,anchors,32,2,0,0.25,0.8469066432192348,1.2654447971692582,0.2911876769733409,3.7978356280800227,2.7170342880126555
18,anchors,32,2,1,0.25,0.5659616436260216,0.8873684846964494,0.01462611602729927,2.3961180038609307,2.7170342880126555
18,anchors,32,2,2,0.59375,0.2638055432416545,0.3580975992753606,0.0073336146668433345,0.9048604777418983,2.7170342880126555
18,anchors,32,3,0,0.875,0.1908456195920935,0.17646558497908849,0.02243493533111285,0.5411431200783694,2.7170342880126555
18,anchors,32,3,1,0.09375,0.8882780228376563,1.4207500792721988,0.011747401324291315,3.7464392041134924,2.7170342880126555
18,anchors,32,3,2,0.5,0.34640869126960533,0.5175718907017002,0.007551718226893305,1.3645943965749368,2.7170342880126555
18,anchors,32,3,3,0.625,0.21592118637070476,0.3099593042736226,0.01340039685128003,0.7969955989551325,2.7170342880126555
18,anchors,96,0,0,1.0,0.0479105118665501,0.03370525924316703,0.007161722391178613,0.01993748203024123,2.710156448010821
18,anchors,96,1,0,0.8125,0.1555962495396206,0.18749000173945185,0.033383870481158096,0.40142308077190725,2.710156448010821
18,anchors,96,1,1,0.96875,0.07658461624073526,0.06567496097402509,0.00854291843780589,0.10465329711940294,2.710156448010821
18,anchors,96,2,0,0.4375,0.5521619900945268,0.8607391330496508,0.012679353349440236,2.2092164614593437,2.710156448010821
18,anchors,96,2,1,0.34375,0.6574052874501455,1.0259229332570403,0.011091202943993468,2.691561755758996,2.710156448010821
18,anchors,96,2,2,0.3125,0.5011650843877388,0.7563540304158672,0.013747572315448955,2.078426762699801,2.710156448010821
18,anchors,96,3,0,0.875,0.20743782286567794,0.27643299267747995,0.00927935867444123,0.6377379515768141,2.710156448010821
18,anchors,96,3,1,0.21875,0.7309823175340004,1.1762935276134237,0.006654807104850482,3.0707734668640647,2.710156448010821
18,anchors,96,3,2,0.4375,0.50217447260988,0.8000168736931355,0.007333234142076553,2.2634039264867747,2.710156448010821
18,anchors,96,3,3,0.71875,0.20774462257450116,0.3176137553887722,0.01625488757388241,0.8022344634900032,2.710156448010821
18,anchors,288,0,0,1.0,0.04770980276387172,0.03336738733119064,0.007396176440592605,0.020535906993310094,2.717701654008124
18,anchors,288,1,0,0.8125,0.13272770392103334,0.1597454221250789,0.018397187421946522,0.28626251607727826,2.717701654008124
18,anchors,288,1,1,0.90625,0.0854918156848618,0.09501025161119257,0.020762265730654178,0.13665650348839403,2.717701654008124
18,anchors,288,2,0,0.1875,0.4668867437038685,0.7096480108817466,0.00905198495169959,1.8823086874205845,2.717701654008124
18,anchors,288,2,1,0.21875,0.7810713334884605,1.2290422217513852,0.008501599976348521,3.1950888863889872,2.717701654008124
18,anchors,288,2,2,0.125,0.5251176159138828,0.7960677518553565,0.012802701317746999,2.339344899256005,2.717701654008124
18,anchors,288,3,0,0.46875,0.44947777978952924,0.6911229391523679,0.006620950616586799,1.8199222718369543,2.717701654008124
18,anchors,288,3,1,0.21875,0.710370361319629,1.1347605391564266,0.008330806798121999,2.9454077010807556,2.717701654008124
18,anchors,288,3,2,0.21875,0.458928453122074,0.7298998505581822,0.005579021510987207,2.006051902759295,2.717701654008124
18,anchors,288,3,3,0.65625,0.2086818088207746,0.3214894267364581,0.010997280385049931,0.8298504585402211,2.717701654008124
19,no_replay,0,0,0,1.0,0.06769168036473777,0.05249249975491674,0.04972784117609772,0.055023234879307464,2.2416708109958563
19,no_replay,0,1,0,0.0,1.0490731513774867,1.6907039759231317,0.24736982876074554,4.692625027526043,2.2416708109958563
19,no_replay,0,1,1,0.96875,0.056757031347219655,0.04229194927422757,0.07185507420668931,0.04067748118968852,2.2416708109958563
19,no_replay,0,2,0,0.09375,0.1781065484377438,0.08874056720145919,0.3006099045958785,0.49836869088204516,2.2416708109958563
19,no_replay,0,2,1,0.0,0.9692306549484393,1.5531213378724298,0.18126269739979242,4.384771667102012,2.2416708109958563
19,no_replay,0,2,2,1.0,0.07291578541886393,0.07029633189119044,0.061095596302846764,0.0754434856956131,2.2416708109958563
19,no_replay,0,3,0,0.0,1.1958404125931286,1.8223521172504458,0.5270537734211007,5.555104455231089,2.2416708109958563
19,no_replay,0,3,1,0.0,0.17868081335197875,0.059775003407987345,0.35905234718535733,0.5213353753071713,2.2416708109958563
19,no_replay,0,3,2,0.0,0.8519930757389512,1.3599287230403347,0.19486212334811676,4.197990478764252,2.2416708109958563
19,no_replay,0,3,3,1.0,0.04908682956155247,0.040115788114061815,0.033780740464874504,0.021837055740608603,2.2416708109958563
19,random,12,0,0,1.0,0.061058766441933345,0.05233875746459352,0.02021100753747024,0.04566388385304302,2.6895752949931193
19,random,12,1,0,0.15625,1.2447195307637258,1.0326325127083316,2.0377250795256616,6.650924995694071,2.6895752949931193
19,random,12,1,1,0.6875,0.17451000897068875,0.21738920253856825,0.04823916362080013,0.43790340645370396,2.6895752949931193
19,random,12,2,0,0.90625,0.12249748035047975,0.12360718490104983,0.018851788322901884,0.21212495296419934,2.6895752949931193
19,random,12,2,1,0.0,1.0159237458387471,1.648808318959049,0.018454058712081237,4.309550023613257,2.6895752949931193
19,random,12,2,2,0.90625,0.10162866142908679,0.12062816078880137,0.0018247152451770074,0.15823159306998263,2.6895752949931193
19,random,12,3,0,0.875,0.16159114819489137,0.12621048037210336,0.03226373574200283,0.3518265071612119,2.6895752949931193
19,random,12,3,1,0.0,1.0784951553886624,1.752092688889674,0.011701995002667182,4.711500618657156,2.6895752949931193
19,random,12,3,2,0.1875,0.5582441126843634,0.9334825980965085,0.01061632978488122,2.715287569318934,2.6895752949931193
19,random,12,3,3,1.0,0.025968244256182806,0.008936959718423867,0.007754790486306852,0.002186576702066582,2.6895752949931193
19,random,32,0,0,1.0,0.06288394147573402,0.05342400072697458,0.015974482023992598,0.04574483172521576,2.7424551459844224
19,random,32,1,0,0.125,1.0442555567643006,0.8712247025130329,1.6116381854635673,5.5482052950527425,2.7424551459844224
19,random,32,1,1,0.9375,0.11805698319328367,0.13578303963921462,0.029566849342512996,0.212170635849396,2.7424551459844224
19,random,32,2,0,0.0625,1.6687696340190352,1.513973540900661,2.3230682014505497,9.169174753998906,2.7424551459844224
19,random,32,2,1,0.3125,1.888734477326234,1.8257964453670064,2.965893294989358,10.684040453178794,2.7424551459844224
19,random,32,2,2,0.0,1.765948804724931,1.5797787496377826,2.6122161060199245,10.212052185197157,2.7424551459844224
19,random,32,3,0,0.03125,2.027278337906159,1.6992025457203472,3.1639125157913277,11.438516897018847,2.7424551459844224
19,random,32,3,1,0.1875,2.5873256712176858,2.5730422938879265,4.038081083592692,14.25338607618562,2.7424551459844224
19,random,32,3,2,0.03125,1.2215418217817404,1.0977447395923194,1.7822329813069016,7.003533721041737,2.7424551459844224
19,random,32,3,3,0.96875,0.03300994286975525,0.01784927639557006,0.0068979599119675244,0.03296604165462729,2.7424551459844224
19,random,96,0,0,1.0,0.06073260588477512,0.051054319468956694,0.01669122206280673,0.04243778635104771,2.724623341986444
19,random,96,1,0,0.09375,1.197362061492086,1.008836403510255,1.8717394646573355,6.3915185798279435,2.724623341986444
19,random,96,1,1,0.84375,0.14030742015348058,0.16994479037632665,0.018779967184966374,0.2945880148115685,2.724623341986444
19,random,96,2,0,0.125,1.081617371683357,1.135511662240642,1.1970142264187233,5.329299340263731,2.724623341986444
19,random,96,2,1,0.28125,1.2735377879833671,1.5235685789630744,1.4465067672031449,6.370080418117491,2.724623341986444
19,random,96,2,2,0.0625,1.0305126336982424,1.0274029243097285,1.302401922934234,5.555240925629176,2.724623341986444
19,random,96,3,0,0.15625,0.7238114003165788,0.9628527047202702,0.27396439113740473,3.1758069748542628,2.724623341986444
19,random,96,3,1,0.4375,0.652713238298961,1.002439820933894,0.05088680382395455,2.718470933310135,2.724623341986444
19,random,96,3,2,0.1875,0.4787088322718793,0.7723357407322137,0.018447957888879006,2.245737974569628,2.724623341986444
19,random,96,3,3,0.96875,0.0450401685401028,0.04544652153229362,0.004509479621429876,0.06559630553311639,2.724623341986444
19,random,288,0,0,1.0,0.0573957776806852,0.047902122952220384,0.01193322839884961,0.039827236744222436,2.795396896020975
19,random,288,1,0,0.0625,1.6297641661731128,1.2009104641553763,2.879771727975811,9.254103422163544,2.795396896020975
19,random,288,1,1,0.78125,0.162400058054136,0.1966434672007269,0.032815641484188994,0.3883300340672172,2.795396896020975
19,random,288,2,0,0.0625,1.0335200070396624,1.0481419649437782,1.1643506116498505,5.106668942760616,2.795396896020975
19,random,288,2,1,0.21875,1.3405465632456353,1.6639536478928285,1.3745162542500495,6.493374394381151,2.795396896020975
19,random,288,2,2,0.125,0.8737322530898527,0.8806558864680231,1.0582199782750217,4.638889391561575,2.795396896020975
19,random,288,3,0,0.0625,1.081534999242299,1.2301151679755753,0.9699446779894076,4.989480595046391,2.795396896020975
19,random,288,3,1,0.40625,0.888971681258721,1.1934113902236199,0.5789445527449373,4.009625047496968,2.795396896020975
19,random,288,3,2,0.1875,0.587350070347038,0.8672667283464206,0.15841878120804215,2.753516417504633,2.795396896020975
19,random,288,3,3,0.90625,0.0975972751254986,0.12033366474475557,0.00857630432490715,0.25372290580484863,2.795396896020975
19,loss_hard,12,0,0,1.0,0.06661954680129242,0.06081169581171121,0.013118729166641186,0.04495435697983461,2.71335201599868
19,loss_hard,12,1,0,0.0,2.4704295356065473,1.580143615334094,4.792672144158386,14.921353403369721,2.71335201599868
19,loss_hard,12,1,1,0.25,0.34516323939282356,0.4077343809369883,0.35717240299777386,1.6078053463848385,2.71335201599868
19,loss_hard,12,2,0,0.875,0.11639231103474337,0.14439170116993788,0.053930388527236736,0.19002677200423843,2.71335201599868
19,loss_hard,12,2,1,0.0,0.9052189547149885,1.4850577204841777,0.032413894799515106,4.104601721071324,2.71335201599868
19,loss_hard,12,2,2,1.0,0.05614848384685717,0.052590575672231604,0.029266213643142937,0.03692819194079809,2.71335201599868
19,loss_hard,12,3,0,0.0,0.7760106766041013,0.5145013622149439,1.281809320136201,3.520791467753973,2.71335201599868
19,loss_hard,12,3,1,0.0,0.3993845230501927,0.6236312607598613,0.13595260171249476,1.6409960856029708,2.71335201599868
19,loss_hard,12,3,2,0.0,0.7970677962580244,1.2770137206777648,0.17373915082409033,4.056182612032762,2.71335201599868
19,loss_hard,12,3,3,1.0,0.05670227197296516,0.04674006448772457,0.03815451849099073,0.03467918904845871,2.71335201599868
19,loss_hard,32,0,0,1.0,0.057079458158913084,0.04659312484681995,0.014028061048873953,0.03834102546535405,2.7049045559833758
19,loss_hard,32,1,0,0.0,2.3345108175618163,1.4564795433207498,4.613852076025905,14.10542448366358,2.7049045559833758
19,loss_hard,32,1,1,0.3125,0.26693973613233246,0.30578340420601857,0.27173506212459664,1.0733774812191867,2.7049045559833758
19,loss_hard,32,2,0,0.0,1.9711750685272746,1.6726165518824743,3.101982466143907,11.130994275595974,2.7049045559833758
19,loss_hard,32,2,1,0.0,0.48974526637882065,0.1701870173786949,0.8622223848792709,2.4097127884521976,2.7049045559833758
19,loss_hard,32,2,2,0.625,0.6485674353976514,0.36195202652715336,1.269880824944714,3.6770313661811183,2.7049045559833758
19,loss_hard,32,3,0,0.0,2.390565742951517,1.9147251658218396,4.144457506936272,13.576655151125081,2.7049045559833758
19,loss_hard,32,3,1,0.0,2.3624876752243895,2.9265347294839685,2.5362775014601304,10.680266972126716,2.7049045559833758
19,loss_hard,32,3,2,0.3125,0.294188787948931,0.2999442433906776,0.2979185549919513,1.3413781253670813,2.7049045559833758
19,loss_hard,32,3,3,0.75,0.13247593436936575,0.14561448168248262,0.13581916926434587,0.33067239264725456,2.7049045559833758
19,loss_hard,96,0,0,1.0,0.05934890963152453,0.04966717112549489,0.01442555354410843,0.039379017345466935,2.723060552001698
19,loss_hard,96,1,0,0.0,2.2438101953576344,1.4431301535144632,4.459305665789398,13.541051922088817,2.723060552001698
19,loss_hard,96,1,1,0.1875,0.3075119167933196,0.34223828785509586,0.37036268616483325,1.4349522391523266,2.723060552001698
19,loss_hard,96,2,0,0.0,2.1396263154748674,1.9950445754485304,3.145045375780584,11.780503376500633,2.723060552001698
19,loss_hard,96,2,1,0.0,0.6817312296305893,0.3904461853579334,1.155254857894331,3.4359066159103087,2.723060552001698
19,loss_hard,96,2,2,0.15625,1.0287115196427934,0.7128120482084455,1.822752071302395,5.829652101434691,2.723060552001698
19,loss_hard,96,3,0,0.0,1.9287337338734714,1.815007883280744,2.837224741230714,10.702200471180202,2.723060552001698
19,loss_hard,96,3,1,0.0,2.0806671176236864,2.821754075298517,1.5204610380278556,8.818325904520837,2.723060552001698
19,loss_hard,96,3,2,0.34375,0.20168579205690562,0.24248629546649586,0.13261861514342468,0.6363676326198608,2.723060552001698
19,loss_hard,96,3,3,0.9375,0.09711578563318524,0.11219875596003931,0.07480706561941602,0.15449738526193213,2.723060552001698
19,loss_hard,288,0,0,1.0,0.061838452116344166,0.052597763170186704,0.018619125259855124,0.045860817079003906,2.714725443016505
19,loss_hard,288,1,0,0.09375,1.1563396731185973,1.019938942235132,1.732647411312494,5.916309267768344,2.714725443016505
19,loss_hard,288,1,1,0.65625,0.18317066287703115,0.22826232746480773,0.05277924759177742,0.4718476189414446,2.714725443016505
19,loss_hard,288,2,0,0.03125,0.8807092878809863,1.2468741001317147,0.2892340172638087,3.7665161203037667,2.714725443016505
19,loss_hard,288,2,1,0.34375,0.8598471957208886,1.1421427240952537,0.5449783920501123,3.935280483010714,2.714725443016505
19,loss_hard,288,2,2,0.09375,0.6819414818052215,0.7764038709720011,0.6242526047240355,3.403590691498904,2.714725443016505
19,loss_hard,288,3,0,0.0,0.45900639932979026,0.1153642101802347,0.8721069697739972,2.0867764145933747,2.714725443016505
19,loss_hard,288,3,1,0.0,1.2167999338263074,1.762048610840424,0.6332233178340486,5.979956747523781,2.714725443016505
19,loss_hard,288,3,2,0.0,0.2300835814343803,0.10159895135167038,0.35336726504744054,0.7255951741877726,2.714725443016505
19,loss_hard,288,3,3,1.0,0.03180034655013623,0.027226459075035743,0.007008746597720476,0.005048973946859634,2.714725443016505
19,diversity,12,0,0,1.0,0.06429524710669035,0.05909028039237582,0.015989961626766636,0.044879869757694896,2.717402795999078
19,diversity,12,1,0,0.1875,1.080907527024498,0.9207573333601086,1.6422033017025806,5.672592671400199,2.717402795999078
19,diversity,12,1,1,0.875,0.13868319509242813,0.1680601222138367,0.020268575410228157,0.28526044487463903,2.717402795999078
19,diversity,12,2,0,0.1875,0.8636292313328197,1.1783359803899722,0.3510088389653196,3.7907403630668277,2.717402795999078
19,diversity,12,2,1,0.34375,0.843241245483972,1.1930855031585696,0.30500539612300986,3.664797855621905,2.717402795999078
19,diversity,12,2,2,0.125,0.6544779313738055,0.7791011614096462,0.5255789926950931,3.2332188454182083,2.717402795999078
19,diversity,12,3,0,0.78125,0.21064949396092625,0.26570354690276743,0.0346043044334549,0.6576441918942688,2.717402795999078
19,diversity,12,3,1,0.25,0.5754553651974017,0.9623554242697667,0.006486676884859726,2.6692108973394015,2.717402795999078
19,diversity,12,3,2,0.0,0.7755389810522432,1.2969903564300107,0.011442448938200362,3.83257182413442,2.717402795999078
19,diversity,12,3,3,1.0,0.024033562566145375,0.011065969674685025,0.007983628378952789,0.0007241951268298418,2.717402795999078
19,diversity,32,0,0,1.0,0.05907376609169965,0.04723751617878367,0.03345107642934111,0.03801901971304625,2.7309229189995676
19,diversity,32,1,0,0.15625,0.7802277130857422,0.7165440948129878,1.0421027039360966,3.8710056644028494,2.7309229189995676
19,diversity,32,1,1,0.9375,0.11183564560085374,0.1247967303987108,0.01858096781811973,0.18722130751531213,2.7309229189995676
19,diversity,32,2,0,0.03125,0.9614871674084424,1.1162592140244687,0.7712631687041739,4.394329970546949,2.7309229189995676
19,diversity,32,2,1,0.21875,1.101982843890342,1.4144205874222706,0.9892661761403779,5.360324442821429,2.7309229189995676
19,diversity,32,2,2,0.09375,0.7816322881096939,0.827159551138768,0.8633869483310377,4.013386845503662,2.7309229189995676
19,diversity,32,3,0,0.15625,0.8806732286173249,0.6845429132812924,1.2308626248994177,3.993787420669226,2.7309229189995676
19,diversity,32,3,1,0.15625,1.3891479446127808,1.721405274657017,1.477474220276251,7.007900302269584,2.7309229189995676
19,diversity,32,3,2,0.75,0.16334371818891133,0.24311762129136533,0.0028570163533602894,0.5463020656066073,2.7309229189995676
19,diversity,32,3,3,1.0,0.033765383805748256,0.023995190850158245,0.006693695322847836,0.009949893371407306,2.7309229189995676
19,diversity,96,0,0,1.0,0.07054644528959014,0.06674129951547852,0.029622909689218616,0.05832626642256893,2.712837025988847
19,diversity,96,1,0,0.125,0.8480155013036854,0.7513717247244914,1.2083817295319645,4.216616254687094,2.712837025988847
19,diversity,96,1,1,0.90625,0.12723260664083075,0.1531554963665312,0.02040266997651887,0.24260793239024608,2.712837025988847
19,diversity,96,2,0,0.125,0.9157684223717614,0.960836056698499,0.9798066651566273,4.393710500077309,2.712837025988847
19,diversity,96,2,1,0.21875,1.278767800676734,1.5448082249319641,1.4639946196717746,6.539681224684445,2.712837025988847
19,diversity,96,2,2,0.09375,0.9572212974118721,0.9403369859035705,1.2302611033071411,5.098040965025587,2.712837025988847
19,diversity,96,3,0,0.28125,0.571786792687718,0.8116028226187355,0.13009524504424644,2.39492538006379,2.712837025988847
19,diversity,96,3,1,0.25,0.7009463865106953,1.115033222070103,0.020715328708751507,3.001060369330417,2.712837025988847
19,diversity,96,3,2,0.28125,0.48573359292730517,0.7923885417544471,0.0025903221201224944,2.264476143397223,2.712837025988847
19,diversity,96,3,3,0.875,0.09185949107432223,0.13419104927837688,0.0024573718945728046,0.2614122207753693,2.712837025988847
19,diversity,288,0,0,1.0,0.08509360930651089,0.08188136506025537,0.026646301030561745,0.07461489559010456,2.7299065240076743
19,diversity,288,1,0,0.125,0.8609778931773122,0.810830690861611,1.1390050187249914,4.287584286329077,2.7299065240076743
19,diversity,288,1,1,0.9375,0.11243779810887654,0.12853569960964342,0.020220516896524023,0.18956282994043216,2.7299065240076743
19,diversity,288,2,0,0.0625,1.3573923406111736,1.2355405453449377,1.84380096327246,7.200624187323922,2.7299065240076743
19,diversity,288,2,1,0.28125,1.7245504239869067,1.7495214633207676,2.600007836925075,9.580260905093933,2.7299065240076743
19,diversity,288,2,2,0.0,1.5008887614682171,1.3453044311946836,2.2168549459392786,8.61863800130686,2.7299065240076743
19,diversity,288,3,0,0.15625,0.7470867761082746,0.8984555655015893,0.4990707788857998,3.2705528909961408,2.7299065240076743
19,diversity,288,3,1,0.25,0.8498137351068571,1.2338893267441535,0.2734145273438027,3.77140448182075,2.7299065240076743
19,diversity,288,3,2,0.125,0.5354630547411954,0.8047682562509536,0.09085229801992692,2.495303264406825,2.7299065240076743
19,diversity,288,3,3,0.78125,0.11492790403467931,0.167641040546875,0.004923670052322504,0.38946160071497715,2.7299065240076743
19,anchors,12,0,0,1.0,0.07207652250180666,0.06675376039715601,0.026169006683359863,0.06532144075833886,2.7247205640014727
19,anchors,12,1,0,0.09375,1.0656962551681728,0.9037213254682033,1.651422227007268,5.78944759392128,2.7247205640014727
19,anchors,12,1,1,0.875,0.13398002234495437,0.15856159066087377,0.027580504664273392,0.2715550450039432,2.7247205640014727
19,anchors,12,2,0,0.71875,0.15684183131164195,0.19646812739331132,0.020643138839780042,0.3437462647527507,2.7247205640014727
19,anchors,12,2,1,0.0,1.0549351323044243,1.7098671395592047,0.010370963319879634,4.515135000934527,2.7247205640014727
19,anchors,12,2,2,0.6875,0.12173606514819801,0.1596330827688114,0.011381380515865923,0.23177352774862314,2.7247205640014727
19,anchors,12,3,0,0.0,0.9838747821272148,0.9367522478785781,1.1309159603186367,4.402337056228386,2.7247205640014727
19,anchors,12,3,1,0.0,1.182568509424666,1.919120805117267,0.04688678179677855,5.015287600190512,2.7247205640014727
19,anchors,12,3,2,0.0,0.544321990349291,0.8950179585603251,0.03133818677061249,2.9300415068822714,2.7247205640014727
19,anchors,12,3,3,1.0,0.025187775618460844,0.011504728713343158,0.009968247035522876,0.0011302452026298558,2.7247205640014727
19,anchors,32,0,0,1.0,0.06244402450086749,0.05440270881019255,0.02576560042360527,0.04448499856807096,2.6966013589990325
19,anchors,32,1,0,0.03125,1.3966098587069005,1.1333144354467994,2.2051386813180986,7.912514685979919,2.6966013589990325
19,anchors,32,1,1,0.9375,0.10724988277869862,0.10124929355035965,0.01213815756947693,0.17889361404296977,2.6966013589990325
19,anchors,32,2,0,0.3125,0.4445232687429706,0.5954417509116798,0.13286720001273905,1.8992905417376769,2.6966013589990325
19,anchors,32,2,1,0.0625,0.9518365175385428,1.473387262474711,0.11590231764576649,4.118148723660042,2.6966013589990325
19,anchors,32,2,2,0.25,0.4162324047084429,0.512050043831125,0.20131676126505438,1.8414687247383847,2.6966013589990325
19,anchors,32,3,0,1.0,0.06848971684908775,0.05797766467687526,0.011140754783298384,0.05170665661030982,2.6966013589990325
19,anchors,32,3,1,0.0,1.039951847373409,1.668899824052782,0.015042800455552596,4.409178987045396,2.6966013589990325
19,anchors,32,3,2,0.9375,0.07766120468875393,0.0953150815781435,0.019382503658002342,0.11827531115866646,2.6966013589990325
19,anchors,32,3,3,1.0,0.0322626461455226,0.015760413903031588,0.007814989552372064,0.0075329038864898135,2.6966013589990325
19,anchors,96,0,0,1.0,0.059363526964263266,0.04938933626650954,0.019363748989680907,0.03943248224166462,2.7285202579805627
19,anchors,96,1,0,0.0625,1.5748828066055156,1.2101344839334036,2.6615677580821324,9.006035904236477,2.7285202579805627
19,anchors,96,1,1,0.9375,0.12838041010572215,0.13061946777747752,0.02167518335088446,0.25188441662180705,2.7285202579805627
19,anchors,96,2,0,0.125,0.7346923982398014,0.9862006465237954,0.3152698845214938,3.2505705928154143,2.7285202579805627
19,anchors,96,2,1,0.25,0.9755219606631845,1.4240618264359883,0.3508071166833795,4.180148300956048,2.7285202579805627
19,anchors,96,2,2,0.125,0.6193863868243388,0.8034809243143649,0.3627219529857506,2.9837638362963865,2.7285202579805627
19,anchors,96,3,0,0.5625,0.33978452342916887,0.5133404768048915,0.009298195027990619,1.315432941766968,2.7285202579805627
19,anchors,96,3,1,0.1875,0.7618707292152395,1.2414600004682874,0.011962440174969908,3.2366349015355653,2.7285202579805627
19,anchors,96,3,2,0.46875,0.35700321676304647,0.5762460458527303,0.015078802958764206,1.6624695780378325,2.7285202579805627
19,anchors,96,3,3,0.9375,0.067979207308101,0.07321718248893827,0.005561134676919249,0.13843786668867208,2.7285202579805627
19,anchors,288,0,0,1.0,0.057631737451571345,0.04794407041296482,0.0150852459910693,0.038423427077959094,2.7301957899762783
19,anchors,288,1,0,0.15625,1.1640007198793891,1.0054203247520692,1.7826176234692883,6.08738385529193,2.7301957899762783
19,anchors,288,1,1,0.8125,0.1625338688522584,0.19722885742880655,0.025425855276125002,0.38345942225218954,2.7301957899762783
19,anchors,288,2,0,0.0625,0.8134776900745049,1.1136226508810085,0.2933070875689754,3.504149783301683,2.7301957899762783
19,anchors,288,2,1,0.28125,0.9502571334129284,1.3818988424621592,0.29022450001721706,3.967676852942255,2.7301957899762783
19,anchors,288,2,2,0.0625,0.6587251650655368,0.8912568323931302,0.30546843098128407,3.172191400197878,2.7301957899762783
19,anchors,288,3,0,0.21875,0.491106986776417,0.6823129093662637,0.051005675530413304,2.06727340401107,2.7301957899762783
19,anchors,288,3,1,0.1875,0.9464284942718852,1.5047694934436087,0.006933280800445578,3.8752286724162657,2.7301957899762783
19,anchors,288,3,2,0.34375,0.35331264225610676,0.5546694902036569,0.004713877634046173,1.5266013308789685,2.7301957899762783
19,anchors,288,3,3,0.8125,0.11539824724016984,0.16170318427917635,0.008726727665872236,0.3581019787098576,2.7301957899762783
20,no_replay,0,0,0,1.0,0.047387893472788475,0.031961493530483616,0.018947325226389956,0.017887078630062583,2.247172358998796
20,no_replay,0,1,0,0.0,0.9151829320267453,1.5308001069987514,0.06849619190722273,4.059783565982642,2.247172358998796
20,no_replay,0,1,1,1.0,0.05958762177429538,0.04739959200964689,0.03247067818001935,0.03725350194831649,2.247172358998796
20,no_replay,0,2,0,0.46875,0.18862282722441487,0.2526591473941082,0.14885490277850502,0.44194932005658916,2.247172358998796
20,no_replay,0,2,1,0.0,0.8666638449286089,1.432681344686742,0.0705524774912227,3.8859445284762675,2.247172358998796
20,no_replay,0,2,2,1.0,0.06427319321055482,0.05014495522126593,0.04023450724487737,0.039143864328143464,2.247172358998796
20,no_replay,0,3,0,0.0,0.7640712794672144,1.289243257684386,0.2552675341342253,3.6781605873836396,2.247172358998796
20,no_replay,0,3,1,0.15625,0.21927677229734815,0.29517486963569195,0.16929468222692623,0.5758228121092098,2.247172358998796
20,no_replay,0,3,2,0.0,0.7202244076279344,1.1935918215155508,0.0728261959157278,3.5882614002260125,2.247172358998796
20,no_replay,0,3,3,1.0,0.06250290187749719,0.04547583375554913,0.03314999559231261,0.0365110612560002,2.247172358998796
20,random,12,0,0,1.0,0.04801652003883733,0.02904594132713965,0.01349504695850023,0.01564635669487595,2.699318870989373
20,random,12,1,0,0.625,0.16499830683630207,0.19445534817292165,0.027432540258157896,0.421785714665019,2.699318870989373
20,random,12,1,1,0.40625,0.27632268787799696,0.36928751607196786,0.09650053010639506,1.0426415784044476,2.699318870989373
20,random,12,2,0,0.0625,0.49849928798148235,0.7600884242455798,0.10348722923944272,2.268442052924454,2.699318870989373
20,random,12,2,1,0.125,0.5511862263561225,0.9154902653998835,0.029188401007875918,2.519528782429795,2.699318870989373
20,random,12,2,2,0.9375,0.12077604271602753,0.13397564258081232,0.009870430000448363,0.21758030273235016,2.699318870989373
20,random,12,3,0,1.0,0.10386238767362949,0.10096534095807527,0.09316110485534618,0.18413876789178257,2.699318870989373
20,random,12,3,1,0.0,0.6396374398251514,1.0841792478677492,0.09975515954106569,3.0884307737611643,2.699318870989373
20,random,12,3,2,0.0,0.8057442858536961,1.3511047883354734,0.04860855867617308,3.8816413348060452,2.699318870989373
20,random,12,3,3,0.96875,0.07228050407240968,0.08162974084793259,0.016816937580368525,0.06694010989983645,2.699318870989373
20,random,32,0,0,1.0,0.04986782215592646,0.03580196250972308,0.018889649046822613,0.021286001419167144,2.711485273001017
20,random,32,1,0,0.75,0.14992085913029649,0.1586943732830677,0.011330659269787298,0.31493798286809904,2.711485273001017
20,random,32,1,1,0.46875,0.2989174617099791,0.41327083056098235,0.07928481121136766,1.133994878627897,2.711485273001017
20,random,32,2,0,0.40625,0.3306892848962416,0.48165616281191836,0.0725941774085074,1.3092819513315956,2.711485273001017
20,random,32,2,1,0.40625,0.6092929211242532,0.933789282307174,0.026733027748149056,2.35817153824378,2.711485273001017
20,random,32,2,2,0.125,0.7568194048525593,1.0894377116614309,0.17219893520346918,3.3091907025401315,2.711485273001017
20,random,32,3,0,0.65625,0.3484659416445778,0.5062859846418124,0.03556316339575251,1.3156255574067641,2.711485273001017
20,random,32,3,1,0.59375,0.38179394668724653,0.5890636122575086,0.02550510206175051,1.4502160274187332,2.711485273001017
20,random,32,3,2,0.09375,0.7528164248560603,1.2265407970067872,0.01492605434954004,3.548773337727436,2.711485273001017
20,random,32,3,3,0.59375,0.22646492699976556,0.3303925796875328,0.03483588554523317,0.8523163045737231,2.711485273001017
20,random,96,0,0,1.0,0.05049768873743801,0.03638796328654864,0.013710719063882895,0.020713211510322658,2.696156507008709
20,random,96,1,0,0.375,0.30684480406021447,0.42240539070096395,0.046130503902348845,1.1770013076941142,2.696156507008709
20,random,96,1,1,0.4375,0.3338919154847234,0.46817044989115797,0.07634218876625648,1.202498030207983,2.696156507008709
20,random,96,2,0,0.375,0.4892342132539547,0.7605610844665255,0.009889086725204561,1.949870521028657,2.696156507008709
20,random,96,2,1,0.375,0.6049554994360143,0.9452028663638588,0.01052341490049343,2.425135731971086,2.696156507008709
20,random,96,2,2,0.28125,0.5236633994284077,0.8074646880582261,0.02354228538622514,2.2365632294267077,2.696156507008709
20,random,96,3,0,0.6875,0.3226452395765846,0.4703388052246903,0.013883492877459788,1.1808479820627045,2.696156507008709
20,random,96,3,1,0.3125,0.6750732065893407,1.0801253986356687,0.004021062054354556,2.8075629275344474,2.696156507008709
20,random,96,3,2,0.375,0.5639248577941265,0.9004738335831952,0.0035978696693022396,2.4845374622103655,2.696156507008709
20,random,96,3,3,0.5625,0.27954355012097687,0.4362566287502966,0.008614924071106403,1.1803926951679298,2.696156507008709
20,random,288,0,0,1.0,0.04536260246431878,0.02889758799086348,0.013949341588658473,0.016486577804227853,2.7209300539980177
20,random,288,1,0,0.1875,0.5344915272161486,0.6476314245396664,0.36124336326838064,2.5215888130035227,2.7209300539980177
20,random,288,1,1,0.65625,0.23090851163187504,0.3241608262837348,0.02028654345544103,0.728824443214033,2.7209300539980177
20,random,288,2,0,0.1875,0.5875895151040241,0.8769211529808505,0.03441505847417762,2.396775886527048,2.7209300539980177
20,random,288,2,1,0.28125,0.7839604350611786,1.2218469080472505,0.01915509637646147,3.2580190253581316,2.7209300539980177
20,random,288,2,2,0.4375,0.4333201316221051,0.6747806866880095,0.01199800983818641,1.8227585522311154,2.7209300539980177
20,random,288,3,0,0.40625,0.5270596105821993,0.7951194174201276,0.01835121364309934,2.1143363619953597,2.7209300539980177
20,random,288,3,1,0.46875,0.6043192824094595,0.9183958679973152,0.0149423269971415,2.4497322137086113,2.7209300539980177
20,random,288,3,2,0.25,0.5841932776786234,0.9326289300246059,0.009488351140785847,2.604159713026185,2.7209300539980177
20,random,288,3,3,0.8125,0.16777647544962582,0.23116305566866083,0.008522716227552234,0.5746987026148154,2.7209300539980177
20,loss_hard,12,0,0,1.0,0.04702025207698611,0.03142591893295178,0.011971490186178298,0.01588848282455832,2.79897091400926
20,loss_hard,12,1,0,0.0,1.723748348447149,0.6398690577566302,3.7497958582237043,9.672751721106444,2.79897091400926
20,loss_hard,12,1,1,0.3125,0.24720334162298627,0.2380262981704847,0.38087050382699306,1.1724657105840879,2.79897091400926
20,loss_hard,12,2,0,0.0,3.0010518983521255,3.1724146840378964,4.2855544413470055,15.178479763497167,2.79897091400926
20,loss_hard,12,2,1,0.0,1.427957531782404,0.5051940257334959,3.026867726565371,7.489171746494183,2.79897091400926
20,loss_hard,12,2,2,0.28125,0.2407944786115639,0.24836977844241148,0.32419065823924736,0.9996044958304852,2.79897091400926
20,loss_hard,12,3,0,0.0,2.836691893717563,1.9891677276294355,5.269143758012694,16.901598579687075,2.79897091400926
20,loss_hard,12,3,1,0.0,3.2123389406061094,3.264007018512082,4.830708795530688,16.828140506159425,2.79897091400926
20,loss_hard,12,3,2,0.0,1.7178718400009754,0.7769908314169076,3.5244618823443634,9.755413704564651,2.79897091400926
20,loss_hard,12,3,3,0.09375,0.438331257267235,0.3770273381198206,0.6725264227539364,2.495789573234682,2.79897091400926
20,loss_hard,32,0,0,1.0,0.04729157997727755,0.028128832325657275,0.020365002381629627,0.02010117433450713,2.7543292139889672
20,loss_hard,32,1,0,0.0,1.552913290662609,0.6958222253869897,3.317247808134896,8.664192507025454,2.7543292139889672
20,loss_hard,32,1,1,0.46875,0.18960137534623195,0.20570280855031903,0.22453044291867968,0.6862890980095531,2.7543292139889672
20,loss_hard,32,2,0,0.0,2.2958544332680657,2.745984235027092,2.6344093143667413,10.71655261294078,2.7543292139889672
20,loss_hard,32,2,1,0.0,0.9490191858883922,0.3843896027040062,1.8353396524852468,4.3018515458260005,2.7543292139889672
20,loss_hard,32,2,2,0.5625,0.17457737252033084,0.19780079598071132,0.15040331327529236,0.46179126362793294,2.7543292139889672
20,loss_hard,32,3,0,0.0,1.8195043561864883,1.0544583597283488,3.6319148584331993,10.345544760542493,2.7543292139889672
20,loss_hard,32,3,1,0.0,2.4366465197531504,2.6119854466207,3.5298755726925704,12.964806909010925,2.7543292139889672
20,loss_hard,32,3,2,0.0,1.105802696319151,0.551927737654092,2.2850454777683225,6.36955906558463,2.7543292139889672
20,loss_hard,32,3,3,0.125,0.3861749882112094,0.36353728468537466,0.5594042225735788,1.9949700259751857,2.7543292139889672
20,loss_hard,96,0,0,1.0,0.0479517103033604,0.03338688268087402,0.021224488167788817,0.021608996043666964,2.7459701849729754
20,loss_hard,96,1,0,0.28125,0.3336851501190316,0.3688429141061058,0.0846211842633223,1.310431595184058,2.7459701849729754
20,loss_hard,96,1,1,0.5625,0.20074076182078482,0.25124292613099547,0.08828067757887814,0.676926928869322,2.7459701849729754
20,loss_hard,96,2,0,0.0,0.7824206785841029,1.255654314705855,0.2618766511737047,3.4951689517503173,2.7459701849729754
20,loss_hard,96,2,1,1.0,0.12641443932145463,0.11706018175230064,0.0688133983957489,0.23741903145477805,2.7459701849729754
20,loss_hard,96,2,2,0.9375,0.09774352225037783,0.12068520585713519,0.016246269740554015,0.1580621937682209,2.7459701849729754
20,loss_hard,96,3,0,0.65625,0.20369328626202868,0.15259405808733328,0.08651615993818079,0.5816184742291124,2.7459701849729754
20,loss_hard,96,3,1,0.0,1.338834770260383,1.8814887291574525,0.665356935286862,6.305396806931164,2.7459701849729754
20,loss_hard,96,3,2,0.0,0.6748817169996104,0.6073557662275422,0.8223422764818258,3.2270868116530567,2.7459701849729754
20,loss_hard,96,3,3,0.125,0.7536248789844797,0.7067065657600355,0.9814597123425512,3.8511818903050146,2.7459701849729754
20,loss_hard,288,0,0,1.0,0.04644208792168958,0.0288521076515365,0.026750539383603868,0.017050365322261056,2.7219982910028193
20,loss_hard,288,1,0,0.5625,0.20453074456039388,0.2445212658573349,0.04166956764796896,0.6382228705786759,2.7219982910028193
20,loss_hard,288,1,1,0.4375,0.2996327509736133,0.4032189564332315,0.08797001504955562,1.138349208346865,2.7219982910028193
20,loss_hard,288,2,0,0.0,0.7931904827592746,1.3233844961337602,0.020577485915753372,3.5974543561051497,2.7219982910028193
20,loss_hard,288,2,1,0.15625,0.35052966286695497,0.12146045774812,0.3849818515628901,1.246051875735927,2.7219982910028193
20,loss_hard,288,2,2,0.78125,0.17950306102074623,0.22145505827713965,0.06346522214120731,0.6999165559079801,2.7219982910028193
20,loss_hard,288,3,0,0.0,0.32453962756714877,0.20295572500374673,0.32508807988070454,1.2117632045501288,2.7219982910028193
20,loss_hard,288,3,1,0.0,1.0958563754244022,1.690839211652954,0.0650009923437286,4.773102678788979,2.7219982910028193
20,loss_hard,288,3,2,0.65625,0.2815450566147675,0.37643309888064735,0.03765329992028407,1.0107769439804155,2.7219982910028193
20,loss_hard,288,3,3,0.84375,0.13616891788844585,0.17647403078335938,0.016781126410365665,0.27847314966103903,2.7219982910028193
20,diversity,12,0,0,1.0,0.04995811959442736,0.04112411712665483,0.013196518473558079,0.019391711931609174,2.7957304829906207
20,diversity,12,1,0,0.46875,0.3715881524919663,0.5369274394246797,0.018061329864094047,1.4014322522615041,2.7957304829906207
20,diversity,12,1,1,0.375,0.4092311419203284,0.6118790529768396,0.06303915233584165,1.6089601164926284,2.7957304829906207
20,diversity,12,2,0,0.75,0.22166326196628394,0.33167979738118336,0.004562856920049212,0.8685486178934663,2.7957304829906207
20,diversity,12,2,1,0.125,0.8034116390938124,1.3095718189931616,0.0029346039311818903,3.5065583651745995,2.7957304829906207
20,diversity,12,2,2,0.6875,0.2213206523115246,0.3485118823422639,0.013730295886602358,1.0057844177398978,2.7957304829906207
20,diversity,12,3,0,0.75,0.3104105145936246,0.40259205682046517,0.04672459830540198,1.0570166238776473,2.7957304829906207
20,diversity,12,3,1,0.28125,0.7132415421486711,1.124751180206165,0.01465646209221791,2.971309232432592,2.7957304829906207
20,diversity,12,3,2,0.25,0.5886920897872314,0.9301631560396861,0.017248680512208712,2.7068703869816684,2.7957304829906207
20,diversity,12,3,3,0.90625,0.12096281353269703,0.16366002108166383,0.014789482318230575,0.3531447100483053,2.7957304829906207
20,diversity,32,0,0,1.0,0.050288667565851666,0.035743251941539274,0.015094880843267652,0.021687048153258535,2.732834655995248
20,diversity,32,1,0,0.15625,0.5143179653250389,0.7306295508662053,0.1160195343304706,2.2302388090574903,2.732834655995248
20,diversity,32,1,1,0.53125,0.348325660237066,0.5314090860234522,0.035689945221618245,1.2636031504562353,2.732834655995248
20,diversity,32,2,0,0.25,0.3268974559468242,0.4353794755633037,0.05006976046576649,1.347205836654003,2.732834655995248
20,diversity,32,2,1,0.5625,0.5404136426900042,0.7702167961670454,0.12911883524988377,2.2607146259412243,2.732834655995248
20,diversity,32,2,2,0.15625,0.6216551908466396,0.8475698826893172,0.12573238534385414,2.9530097480338626,2.732834655995248
20,diversity,32,3,0,0.40625,0.41073584743904556,0.6056748153860729,0.02836586170563288,1.6591717679966635,2.732834655995248
20,diversity,32,3,1,0.5625,0.497623934068262,0.7479551586967716,0.041342544095442364,2.090472885990779,2.732834655995248
20,diversity,32,3,2,0.125,0.6556635165711195,1.0488874962027546,0.008964321556882872,3.0340494281614294,2.732834655995248
20,diversity,32,3,3,0.5625,0.3531503214092733,0.5428776056593809,0.021113188210391695,1.5979269495918071,2.732834655995248
20,diversity,96,0,0,1.0,0.05232207653493855,0.031326151690699335,0.05079413227572541,0.023523288600759282,2.794999995006947
20,diversity,96,1,0,0.96875,0.10369148114094594,0.11482056158123136,0.01633303972404001,0.15279494714441966,2.794999995006947
20,diversity,96,1,1,0.78125,0.11487069756947024,0.1495070714475536,0.02714367942392372,0.25231440092691815,2.794999995006947
20,diversity,96,2,0,0.5625,0.2655403467516614,0.39112653617247756,0.005968602344508216,1.0928814029694793,2.794999995006947
20,diversity,96,2,1,0.6875,0.2979894216430039,0.4643630563178406,0.006223049345109498,1.184062030705375,2.794999995006947
20,diversity,96,2,2,0.6875,0.21530778693868477,0.34057436144501513,0.010972486893846733,0.9334260554283056,2.794999995006947
20,diversity,96,3,0,0.9375,0.12082302650777904,0.14816416530331572,0.014339657789576209,0.3083900147803738,2.794999995006947
20,diversity,96,3,1,0.4375,0.5581840207981222,0.8905978234172174,0.017814677499434998,2.2623907007994744,2.794999995006947
20,diversity,96,3,2,0.375,0.5530269517357502,0.8981449875683719,0.018540832191388995,2.5020641618939035,2.794999995006947
20,diversity,96,3,3,0.53125,0.34319926208281704,0.5366266634008467,0.014959496049658665,1.5027191815696643,2.794999995006947
20,diversity,288,0,0,1.0,0.04820833069620582,0.0340601792651561,0.018888952916958537,0.020392709522198606,2.740483775996836
20,diversity,288,1,0,0.4375,0.271054300348483,0.36265185723645976,0.03896752396708882,0.9931684612993431,2.740483775996836
20,diversity,288,1,1,0.65625,0.28664299963792916,0.41848772078065155,0.037387021973650014,0.9991193795921659,2.740483775996836
20,diversity,288,2,0,0.5,0.38781556236552645,0.5969782607161953,0.0047686397964699775,1.6320518649259987,2.740483775996836
20,diversity,288,2,1,0.53125,0.4630298559590539,0.7253052954556192,0.0044593133779389105,1.866437968680981,2.740483775996836
20,diversity,288,2,2,0.5625,0.4383838666713425,0.6888608317536822,0.014205675903326016,1.9907241653909489,2.740483775996836
20,diversity,288,3,0,0.75,0.2386165735208336,0.3610629784345949,0.012944521104902601,0.9392543651782571,2.740483775996836
20,diversity,288,3,1,0.5,0.4641172462966108,0.7364051722768136,0.002310707977781179,1.9215713730264192,2.740483775996836
20,diversity,288,3,2,0.28125,0.541799571321869,0.8774184944397198,0.005449212809358649,2.491197163519619,2.740483775996836
20,diversity,288,3,3,0.59375,0.2244328485802166,0.34512730827207294,0.015394375461136294,0.9132119053976236,2.740483775996836
20,anchors,12,0,0,1.0,0.0515032478287378,0.03889405033006328,0.018793739124438845,0.02323332750112473,2.8137783280108124
20,anchors,12,1,0,0.84375,0.12922652488368774,0.12083083016658684,0.0027447782574310754,0.2768738055966603,2.8137783280108124
20,anchors,12,1,1,0.375,0.38897310897028237,0.5819936783595425,0.048020108608932126,1.620153978341417,2.8137783280108124
20,anchors,12,2,0,1.0,0.04975210256032025,0.05062168968211355,0.013499164920751611,0.028399986151608003,2.8137783280108124
20,anchors,12,2,1,0.0,0.9242935082680085,1.5205133645129065,0.010627278433213802,4.159462199188293,2.8137783280108124
20,anchors,12,2,2,1.0,0.038736830862127314,0.021245039462210433,0.0059339197404590475,0.011065945994354134,2.8137783280108124
20,anchors,12,3,0,0.75,0.26032188431901293,0.3376024879632309,0.02063115403823056,0.8868429604181381,2.8137783280108124
20,anchors,12,3,1,0.09375,0.7386071173873556,1.1657077848133004,0.020067176696876854,3.078821923613361,2.8137783280108124
20,anchors,12,3,2,0.40625,0.6448923789034025,0.968047731545324,0.04363176752526167,2.845239501337196,2.8137783280108124
20,anchors,12,3,3,0.25,0.3551505889169695,0.526964287261438,0.03393209018896497,1.4995832981063102,2.8137783280108124
20,anchors,32,0,0,1.0,0.05044783647347593,0.03722909339581214,0.02632208664980204,0.023016904096857787,2.7571427850052714
20,anchors,32,1,0,0.5625,0.2079566366343162,0.24379626726586723,0.023452625980388535,0.6590591255390092,2.7571427850052714
20,anchors,32,1,1,0.4375,0.342568638306023,0.47122556987637143,0.1126560880872426,1.3745516115968666,2.7571427850052714
20,anchors,32,2,0,0.1875,0.6238080201823842,0.889294154738831,0.173595031539798,2.5292472838444815,2.7571427850052714
20,anchors,32,2,1,0.03125,0.8856853723475069,1.272051578484413,0.22856048992049166,3.7522209877322714,2.7571427850052714
20,anchors,32,2,2,0.28125,0.705536237086352,0.9620416364609086,0.3955534850476705,3.1936754765452733,2.7571427850052714
20,anchors,32,3,0,0.71875,0.3355793902273573,0.44984733745713923,0.006745747412307736,1.2647761133174145,2.7571427850052714
20,anchors,32,3,1,0.28125,0.6601048405414006,1.0305006720581398,0.008527343273428157,2.794378374426951,2.7571427850052714
20,anchors,32,3,2,0.40625,0.5722012035986326,0.8733161335089208,0.01182292453068318,2.641026146394907,2.7571427850052714
20,anchors,32,3,3,0.40625,0.4085556761513217,0.6258524976550222,0.012370843851677788,1.854248080921033,2.7571427850052714
20,anchors,96,0,0,1.0,0.04910303166045732,0.033481254536667976,0.014813379698106914,0.021786006614698865,2.7274144900147803
20,anchors,96,1,0,0.4375,0.29106444821964095,0.38876856335877713,0.04125750232682984,1.0760847150366926,2.7274144900147803
20,anchors,96,1,1,0.40625,0.4773982594816842,0.6720827031915952,0.14618232874611314,1.9198433109727722,2.7274144900147803
20,anchors,96,2,0,0.3125,0.9340432521692676,1.3829900649257518,0.1927186008272741,3.9293900619152726,2.7274144900147803
20,anchors,96,2,1,0.375,0.5521522041861531,0.8455921495414476,0.01633572039570182,2.142111527827244,2.7274144900147803
20,anchors,96,2,2,0.53125,0.4309829661617251,0.6660633252316442,0.01328069817737222,1.767075132542245,2.7274144900147803
20,anchors,96,3,0,0.59375,0.4628413993504534,0.6866715566875694,0.005962204883210046,1.8683220888628127,2.7274144900147803
20,anchors,96,3,1,0.4375,0.5495302903345108,0.8738749438023664,0.0035981927046411515,2.220782336988763,2.7274144900147803
20,anchors,96,3,2,0.40625,0.5302201733656606,0.8372632434246257,0.0009698826854404262,2.388686242586032,2.7274144900147803
20,anchors,96,3,3,0.625,0.22156562391324575,0.3310885345092569,0.0077129298868647556,0.9238519177698492,2.7274144900147803
20,anchors,288,0,0,1.0,0.04462811418336159,0.02714243551244929,0.01671072914347796,0.01560589063322522,2.7275673740077764
20,anchors,288,1,0,0.9375,0.11169620068719902,0.10127554022817468,0.043002456943024514,0.1990336846631764,2.7275673740077764
20,anchors,288,1,1,0.3125,0.47638739403681063,0.6698923795857649,0.156723938485486,2.030504061965926,2.7275673740077764
20,anchors,288,2,0,0.53125,0.43952783813697005,0.6648846661380359,0.006371571745780014,1.7423548847425152,2.7275673740077764
20,anchors,288,2,1,0.1875,0.7131994397595536,1.1226888913420634,0.018135249621700926,3.0131354761210547,2.7275673740077764
20,anchors,288,2,2,0.625,0.38119250081305034,0.5597915125196273,0.06191517913245142,1.7797069941232377,2.7275673740077764
20,anchors,288,3,0,0.84375,0.1650183039524878,0.2180436326863677,0.009458427031160874,0.5763519539651527,2.7275673740077764
20,anchors,288,3,1,0.125,0.8200906273097148,1.3430816965774697,0.002127966790665329,3.535601235054356,2.7275673740077764
20,anchors,288,3,2,0.5625,0.36479465528836885,0.582444895064091,0.003061535014680819,1.6668598567965982,2.7275673740077764
20,anchors,288,3,3,0.90625,0.10483561390421159,0.1373357498885192,0.0050211163932256594,0.19988038360941207,2.7275673740077764
21,no_replay,0,0,0,1.0,0.05328960005799557,0.03121764315772573,0.009129568934340256,0.019361543904275948,2.2315587689809036
21,no_replay,0,1,0,0.0,0.8647896827167916,1.464737964368361,0.1904254181888598,4.070312389239351,2.2315587689809036
21,no_replay,0,1,1,1.0,0.062498943604030965,0.04813229562103492,0.019747737634267154,0.04091872099483623,2.2315587689809036
21,no_replay,0,2,0,0.5625,0.15657487706236156,0.23654947106941218,0.0744386313734918,0.31730150168405774,2.2315587689809036
21,no_replay,0,2,1,0.0,0.8674543286688006,1.429591794892629,0.05252989341795726,3.9861219844811937,2.2315587689809036
21,no_replay,0,2,2,1.0,0.05954961340891861,0.04750171819794338,0.04281338242183671,0.044539294527227685,2.2315587689809036
21,no_replay,0,3,0,0.0,0.9157076865283045,1.4713239418800743,0.1338339910912264,4.260692041577011,2.2315587689809036
21,no_replay,0,3,1,0.53125,0.14898016247170037,0.1847531229871499,0.07992008123372027,0.296406000027246,2.2315587689809036
21,no_replay,0,3,2,0.0,0.7783361186992774,1.2638785598000641,0.06906333799811355,3.862348134940601,2.2315587689809036
21,no_replay,0,3,3,0.96875,0.0899856883463438,0.09422483395070841,0.06135804494005995,0.11157771751744114,2.2315587689809036
21,random,12,0,0,1.0,0.05541789818160011,0.03395845284971345,0.008620214223775579,0.019877096563938067,2.740849023015471
21,random,12,1,0,0.03125,1.2667129981571164,1.441135909297054,1.2807694035156323,6.269960418132624,2.740849023015471
21,random,12,1,1,0.6875,0.1668349100688588,0.18416760909904628,0.01755367794439663,0.42588688492355126,2.740849023015471
21,random,12,2,0,0.15625,0.5316624923920059,0.8168098236857277,0.04390777695972209,2.2267272411311287,2.740849023015471
21,random,12,2,1,0.1875,0.8752675582974707,1.3675054547664884,0.08146900112781998,3.6760878825481327,2.740849023015471
21,random,12,2,2,0.21875,0.4723916763347572,0.6693590562453355,0.09462619202593127,2.1257760293761603,2.740849023015471
21,random,12,3,0,0.0625,0.7785039512244423,1.2396315980151171,0.0198497564574416,3.4165359338681256,2.740849023015471
21,random,12,3,1,0.59375,0.2716903057891441,0.3598214421852746,0.01546402032458748,0.8665489781589162,2.740849023015471
21,random,12,3,2,0.03125,0.773748258959035,1.2617139100078156,0.011568546613129917,3.7707266404756195,2.740849023015471
21,random,12,3,3,0.9375,0.11284136362824389,0.11967274527515356,0.011020368348038784,0.17884012189444326,2.740849023015471
21,random,32,0,0,1.0,0.06203934896941553,0.042663052456184056,0.031835094714589375,0.036122301503405466,2.7958274950215127
21,random,32,1,0,0.0,1.878229464721901,1.6068941817728988,2.946795342875942,10.440166504794442,2.7958274950215127
21,random,32,1,1,0.6875,0.15145149841719868,0.15577714921768382,0.023912333882479535,0.34940792599177517,2.7958274950215127
21,random,32,2,0,0.0,1.208952530580095,1.4789416051252573,0.9616396098366768,5.631458546643854,2.7958274950215127
21,random,32,2,1,0.125,1.299661062431379,1.7148708642100239,1.0638509344505214,5.674352030386682,2.7958274950215127
21,random,32,2,2,0.09375,0.9454277078189814,1.1098751699555924,0.8695091968703109,4.683598460848513,2.7958274950215127
21,random,32,3,0,0.09375,0.9916881031064245,1.3678351442093537,0.38070379806010013,4.304067456220002,2.7958274950215127
21,random,32,3,1,0.34375,0.8088082226211093,1.0828724049873484,0.4806227566915942,3.360035380501376,2.7958274950215127
21,random,32,3,2,0.03125,0.8534417488154468,1.2102824706088264,0.3209045009644945,4.094550209100415,2.7958274950215127
21,random,32,3,3,0.5,0.46734425551485914,0.6168934992337266,0.23973542184574426,1.9500381004120668,2.7958274950215127
21,random,96,0,0,1.0,0.05804205109143684,0.038811231367238144,0.018927232946303447,0.024186208411383987,2.7232493329793215
21,random,96,1,0,0.0625,1.7734971661715546,1.5055008480610046,2.757385490148102,9.766410030325636,2.7232493329793215
21,random,96,1,1,0.5,0.29209279252833964,0.39196159402133907,0.05023063355636556,0.9872162651738126,2.7232493329793215
21,random,96,2,0,0.0,1.0771649671080827,1.365504287150588,0.6578251980791261,4.685206260288541,2.7232493329793215
21,random,96,2,1,0.28125,1.0800808591511497,1.3094443185075209,1.0634009697582218,4.942845714370694,2.7232493329793215
21,random,96,2,2,0.03125,1.084107155991227,1.2178690674863502,1.0846503739108777,5.402349809215246,2.7232493329793215
21,random,96,3,0,0.0,1.1010936117534658,1.3586395307731818,0.7564427093734793,4.83110977104543,2.7232493329793215
21,random,96,3,1,0.34375,0.9019861631002343,1.1248879036334176,0.7747670785253362,4.0031468373579715,2.7232493329793215
21,random,96,3,2,0.0625,0.9231861683987989,1.2672140247637882,0.42968416304022405,4.317146896577488,2.7232493329793215
21,random,96,3,3,0.4375,0.5793628581149994,0.7201685841956598,0.48732293187036996,2.612581142455067,2.7232493329793215
21,random,288,0,0,1.0,0.05578622140901779,0.03558515691432587,0.012344407908814761,0.021704149966872283,2.73753297701478
21,random,288,1,0,0.03125,1.7982037589888153,1.5991287430036771,2.678227044457599,10.181522944411562,2.73753297701478
21,random,288,1,1,0.75,0.14801968536602025,0.15429101430752756,0.010173243017415325,0.33238340007228806,2.73753297701478
21,random,288,2,0,0.0,1.1572215026803097,1.4206306163586504,0.871835091195646,5.229509806175971,2.73753297701478
21,random,288,2,1,0.125,1.244590218025531,1.5781040116961949,1.0955536654773745,5.467744331750717,2.73753297701478
21,random,288,2,2,0.0625,1.0223119979143398,1.1750821586493658,0.979964277240124,5.075854402455295,2.73753297701478
21,random,288,3,0,0.03125,0.9409294332023654,1.2646283166783925,0.4124768613760188,4.038654379840183,2.73753297701478
21,random,288,3,1,0.28125,0.9962171815537936,1.3244060120080385,0.6750990763142467,4.247634327989883,2.73753297701478
21,random,288,3,2,0.03125,0.8744982416653464,1.1882408115321141,0.4338208480477387,4.2124066644632014,2.73753297701478
21,random,288,3,3,0.53125,0.4573559954377032,0.6051659270766205,0.2248568402921835,1.9184202396287298,2.73753297701478
21,loss_hard,12,0,0,1.0,0.05712416227632242,0.03621365063178286,0.015097058685647053,0.022161930102009546,2.718193781998707
21,loss_hard,12,1,0,0.0,2.6428233934679715,1.6078715660283864,5.232266083704486,16.080901398578227,2.718193781998707
21,loss_hard,12,1,1,0.75,0.14797817121207293,0.1605181222499963,0.06379716721751395,0.3324760197363894,2.718193781998707
21,loss_hard,12,2,0,0.0,2.1187460202041666,2.614413366717455,2.2460954174449954,9.779137574426212,2.718193781998707
21,loss_hard,12,2,1,0.0,1.0810459948076767,0.577163221816001,1.9328821657525184,4.873618276163144,2.718193781998707
21,loss_hard,12,2,2,0.15625,0.7271767454168817,0.625750164377148,1.0836482610085456,3.905879456994123,2.718193781998707
21,loss_hard,12,3,0,0.0,3.3315264773394775,2.3243717024948642,6.312371828379868,20.744515869760868,2.718193781998707
21,loss_hard,12,3,1,0.0,3.9543199995166614,3.904458111982394,6.221154534194218,21.663970840186536,2.718193781998707
21,loss_hard,12,3,2,0.0,2.0679333660060006,1.54592055167184,3.7725256460600916,12.265447866183502,2.718193781998707
21,loss_hard,12,3,3,0.15625,0.3820015923913767,0.40868790591818355,0.42591638610158655,1.952701372802139,2.718193781998707
21,loss_hard,32,0,0,1.0,0.054763711674384076,0.034553061186400454,0.018015059395686824,0.019769965775421956,2.723448914999608
21,loss_hard,32,1,0,0.0,2.7842063005969364,1.7430660053350218,5.5054121780764,16.997084978856996,2.723448914999608
21,loss_hard,32,1,1,0.6875,0.14964685899532884,0.16682785989937793,0.07281840413553388,0.3427377414001691,2.723448914999608
21,loss_hard,32,2,0,0.0,2.2990757810518856,2.7520584563623935,2.6523343870944163,10.758392754235523,2.723448914999608
21,loss_hard,32,2,1,0.0,1.2713734780325947,0.7207497599892593,2.307146187947066,5.908145039111249,2.723448914999608
21,loss_hard,32,2,2,0.09375,0.652051054993456,0.6349086187530611,0.868556298376161,3.651434117697128,2.723448914999608
21,loss_hard,32,3,0,0.0,3.315091622274262,2.3040749855626563,6.2920751114476605,20.61214311194339,2.723448914999608
21,loss_hard,32,3,1,0.0,3.915991581606538,3.8604004365686064,6.181215842935786,21.54116067285955,2.723448914999608
21,loss_hard,32,3,2,0.0,1.943047320226245,1.4666714568156354,3.525564185253895,11.396078635693573,2.723448914999608
21,loss_hard,32,3,3,0.4375,0.2431940532554544,0.2640161588099606,0.21789440014616654,0.9155871710769976,2.723448914999608
21,loss_hard,96,0,0,1.0,0.0600970930018775,0.037935463854176205,0.0149384261490563,0.025644508328272735,2.7784955730021466
21,loss_hard,96,1,0,0.0,2.568229268699845,1.601637918993969,5.097920164135754,15.537747718291309,2.7784955730021466
21,loss_hard,96,1,1,0.65625,0.1766528073379769,0.2027441887921954,0.10992341932091146,0.48628119600563136,2.7784955730021466
21,loss_hard,96,2,0,0.0,2.0213465620426723,2.529790877121669,2.0937274856170927,9.400980970503339,2.7784955730021466
21,loss_hard,96,2,1,0.0,0.9884327073617483,0.508293773097386,1.7633752538278276,4.445109693771659,2.7784955730021466
21,loss_hard,96,2,2,0.15625,0.594313147545033,0.5890287198411862,0.7486332424276371,3.2292285945586956,2.7784955730021466
21,loss_hard,96,3,0,0.0,3.036612954883768,2.2733358554642837,5.533634240413848,17.930187891362536,2.7784955730021466
21,loss_hard,96,3,1,0.0,3.519393978074718,3.7222848001695903,5.136912229938034,17.959410370409017,2.7784955730021466
21,loss_hard,96,3,2,0.0,1.5535575156991954,1.18748547040737,2.7684877797813865,8.750391913492892,2.7784955730021466
21,loss_hard,96,3,3,0.53125,0.23115683055199265,0.25506507468732453,0.20660346871389923,0.881740199577827,2.7784955730021466
21,loss_hard,288,0,0,1.0,0.05848972355594497,0.03785620221591792,0.02594915198998602,0.026037210464202612,2.7798621660040226
21,loss_hard,288,1,0,0.0,2.1060316630860436,1.663208807840077,3.5530808432312377,12.350885423379363,2.7798621660040226
21,loss_hard,288,1,1,0.78125,0.13723161779545084,0.14221619743832015,0.01886549087597742,0.29356301621516756,2.7798621660040226
21,loss_hard,288,2,0,0.0,1.1749789559870107,1.8428675621984814,0.1886719390419955,4.855304368825653,2.7798621660040226
21,loss_hard,288,2,1,0.53125,0.24546372015986181,0.29970808890024125,0.05768444541522358,0.8128079710878048,2.7798621660040226
21,loss_hard,288,2,2,0.125,0.9062172302210296,0.9780149789304959,0.9442785786029131,4.393180146434318,2.7798621660040226
21,loss_hard,288,3,0,0.125,0.6774593692569214,0.6000431579438218,0.825771925126624,3.0875806976733626,2.7798621660040226
21,loss_hard,288,3,1,0.15625,0.7288821714319338,1.1458678525945363,0.039593924638190434,2.954286420760857,2.7798621660040226
21,loss_hard,288,3,2,0.0,0.6394885378299022,1.0332569874693536,0.010438163074281864,3.3186651029626093,2.7798621660040226
21,loss_hard,288,3,3,0.9375,0.10644868911449544,0.10036042970589433,0.005434506004606376,0.16138301562280233,2.7798621660040226
21,diversity,12,0,0,1.0,0.05714331906874072,0.037690192188033364,0.013677025330099965,0.023011883798706223,2.7238883810059633
21,diversity,12,1,0,0.0,1.9554177400225696,1.5596375579595982,3.2480204637930195,11.350805370322409,2.7238883810059633
21,diversity,12,1,1,0.6875,0.15988548065394248,0.17158422057788486,0.019196258425661968,0.39510326926657047,2.7238883810059633
21,diversity,12,2,0,0.0,1.2149337406877363,1.6788364540600793,0.522188311645446,5.474679489835475,2.7238883810059633
21,diversity,12,2,1,0.40625,1.1222778325181566,1.1144901324311574,1.5920088018229732,6.1103292406715735,2.7238883810059633
21,diversity,12,2,2,0.03125,1.7096482659483638,1.5154658987129523,2.519979672359855,9.837607303006136,2.7238883810059633
21,diversity,12,3,0,0.0,1.609346612780072,1.692501167165947,1.8168071919166402,8.426884879684737,2.7238883810059633
21,diversity,12,3,1,0.46875,1.1845844286008447,1.1557461349486395,1.7452534496618466,6.510121401174779,2.7238883810059633
21,diversity,12,3,2,0.03125,0.9425578392802735,1.2878994578656118,0.5039871193984782,4.846010341775869,2.7238883810059633
21,diversity,12,3,3,0.6875,0.2702542187982084,0.31124674972415806,0.1872445160603394,1.1043885623446104,2.7238883810059633
21,diversity,32,0,0,1.0,0.05553077776059921,0.03405104255828962,0.012991125633554333,0.02110553326354589,2.7354313109826762
21,diversity,32,1,0,0.21875,0.6208573360639844,0.924345416155298,0.14246299613235713,2.8829445482723264,2.7354313109826762
21,diversity,32,1,1,0.84375,0.11686141573836234,0.11759303069906286,0.02257048957749095,0.20971188545467864,2.7354313109826762
21,diversity,32,2,0,0.125,0.9443701564959139,1.265522337369008,0.45524735941985117,3.977709636950944,2.7354313109826762
21,diversity,32,2,1,0.125,0.9862952792959138,1.338959309411802,0.6271840578367405,4.289910175898153,2.7354313109826762
21,diversity,32,2,2,0.15625,0.7923030133656978,0.9480822517293184,0.6391552933425902,3.7523488433296377,2.7354313109826762
21,diversity,32,3,0,0.125,0.7480842999136466,1.0141940873466968,0.30880676165264964,3.2952979975052896,2.7354313109826762
21,diversity,32,3,1,0.34375,0.6420634430780529,0.9425353105855895,0.11363698177890141,2.57897791159249,2.7354313109826762
21,diversity,32,3,2,0.09375,0.7116515693160836,1.1056998702458776,0.05523509995299266,3.2761596188479123,2.7354313109826762
21,diversity,32,3,3,0.53125,0.3627218324490572,0.5024951937739636,0.07677980590662917,1.4819120490197388,2.7354313109826762
21,diversity,96,0,0,1.0,0.05678042806632079,0.03581454145645868,0.026521786703198172,0.02618738337283108,2.9452927889942657
21,diversity,96,1,0,0.0,1.2740648892369808,1.340345606379089,1.4714154776000594,6.327264713466763,2.9452927889942657
21,diversity,96,1,1,0.65625,0.1558127651912174,0.1689038487748862,0.04221396155743451,0.3738884786329456,2.9452927889942657
21,diversity,96,2,0,0.0,1.065863293118234,1.3474328467300456,0.7386994868707206,4.8170715743489705,2.9452927889942657
21,diversity,96,2,1,0.125,0.9954670267935847,1.3387494572939607,0.6850425817163334,4.323731094673361,2.9452927889942657
21,diversity,96,2,2,0.09375,0.852643247353881,1.0155371292925852,0.7304694686513689,4.143500917027812,2.9452927889942657
21,diversity,96,3,0,0.375,0.5495155377984202,0.8218521016930409,0.03179933699967641,2.146069743607983,2.9452927889942657
21,diversity,96,3,1,0.15625,0.6637095935201183,1.0267886279838412,0.02190679475197014,2.673198051819931,2.9452927889942657
21,diversity,96,3,2,0.21875,0.6134595691722212,0.9688589171082602,0.024642241219731652,2.72913713059583,2.9452927889942657
21,diversity,96,3,3,0.625,0.2710577140933323,0.3844329907786116,0.017999731309758522,1.0067348488420298,2.9452927889942657
21,diversity,288,0,0,1.0,0.0565322595151411,0.03587409321394705,0.011363292356656474,0.022439651650993625,2.7746035669988487
21,diversity,288,1,0,0.03125,1.546096919477184,1.3668342626896643,2.2901292025436133,8.463750717243416,2.7746035669988487
21,diversity,288,1,1,0.90625,0.12649245675718035,0.1221851855433001,0.03148663768691067,0.251091082335302,2.7746035669988487
21,diversity,288,2,0,0.0,1.7387346866223428,1.6923064099381393,2.250300292422291,9.166615080438651,2.7746035669988487
21,diversity,288,2,1,0.3125,1.7052929258376772,1.7799273141462613,2.38417730344149,8.87817025204398,2.7746035669988487
21,diversity,288,2,2,0.03125,1.5562972173680247,1.5223319656643763,2.0625829689149726,8.585834851337086,2.7746035669988487
21,diversity,288,3,0,0.09375,0.7942161546791754,0.9635117984774126,0.5111257008767291,3.4349760304496253,2.7746035669988487
21,diversity,288,3,1,0.375,0.9582750315175059,1.241901738962114,0.7781363339672757,4.313919696289678,2.7746035669988487
21,diversity,288,3,2,0.0625,1.0232475281918096,1.1711147812702745,0.9793299485651414,5.162703424950282,2.7746035669988487
21,diversity,288,3,3,0.625,0.5657381114917437,0.6833770857743351,0.5129978728252051,2.5939465266477004,2.7746035669988487
21,anchors,12,0,0,1.0,0.060479532484163254,0.03800823027903144,0.009727869796480531,0.02376866979630554,2.803135583992116
21,anchors,12,1,0,0.125,0.8756450915030689,0.9852726241126782,0.8439723700112939,4.330508604898315,2.803135583992116
21,anchors,12,1,1,0.875,0.12105573457067018,0.11757933908937632,0.01926620345997506,0.22208638907639822,2.803135583992116
21,anchors,12,2,0,0.21875,0.448111711076255,0.6721252972955635,0.018122296234865966,2.091500396127833,2.803135583992116
21,anchors,12,2,1,0.0,0.7335401848673997,1.226138589456394,0.014126322509320227,3.220033815872011,2.803135583992116
21,anchors,12,2,2,0.53125,0.27811241510240203,0.3612521264108691,0.07154313264659631,1.1411708285964381,2.803135583992116
21,anchors,12,3,0,0.0,0.42215746179481123,0.5598045527359874,0.24531328575289194,2.158920036766079,2.803135583992116
21,anchors,12,3,1,0.0,0.8099618918650595,1.3119192977648422,0.0965136132909027,3.5183285311160866,2.803135583992116
21,anchors,12,3,2,0.3125,0.42660179312339375,0.6616228795438376,0.039965659251492855,1.9401664039008484,2.803135583992116
21,anchors,12,3,3,0.65625,0.16756133660851646,0.20934498404166035,0.015335136365973358,0.42651849187018764,2.803135583992116
21,anchors,32,0,0,1.0,0.055110976328479534,0.03461266174021324,0.020907999193697183,0.023562364137229827,2.844422835012665
21,anchors,32,1,0,0.03125,1.506747871303071,1.4529455330869085,2.044168977302629,7.794141429480456,2.844422835012665
21,anchors,32,1,1,0.6875,0.21499892146990038,0.26200157355788767,0.01693496817410087,0.6183883431278783,2.844422835012665
21,anchors,32,2,0,0.15625,0.7823986372938281,1.120714247882324,0.1779153908077922,3.192894629478139,2.844422835012665
21,anchors,32,2,1,0.125,0.8883446749323599,1.3082585665980142,0.24799574132107258,3.777592666583168,2.844422835012665
21,anchors,32,2,2,0.25,0.5745267274048178,0.7724160709301031,0.21678845174997746,2.5858663192418936,2.844422835012665
21,anchors,32,3,0,0.375,0.5464964695130234,0.8086505297529671,0.09747323798745619,2.1110677129036546,2.844422835012665
21,anchors,32,3,1,0.15625,0.99528458915463,1.539635813518526,0.13268438350067224,4.199994046783199,2.844422835012665
21,anchors,32,3,2,0.3125,0.41667805574465683,0.5928488411028414,0.09102382583263366,1.7719188559640178,2.844422835012665
21,anchors,32,3,3,0.59375,0.20852218001549105,0.2879881654840558,0.008903664887988659,0.6803415602310687,2.844422835012665
21,anchors,96,0,0,1.0,0.05857183567721684,0.037547098328889604,0.010009791647718829,0.022239436786902513,2.837347770022461
21,anchors,96,1,0,0.0625,1.645913201063419,1.4588248658138052,2.4372108216733626,9.068452693845938,2.837347770022461
21,anchors,96,1,1,0.6875,0.15306312563472774,0.16019695119454946,0.013828164906888787,0.3608682459963962,2.837347770022461
21,anchors,96,2,0,0.0,1.2643031220277376,1.487807789498956,1.060578128860115,6.0005050487180664,2.837347770022461
21,anchors,96,2,1,0.34375,1.209169908061293,1.3667499201108142,1.4521174540173527,5.76137592172214,2.837347770022461
21,anchors,96,2,2,0.03125,1.2101105554302372,1.3477490745419105,1.3018259065293876,6.199693399298187,2.837347770022461
21,anchors,96,3,0,0.09375,1.0509121066099905,1.3094289811754876,0.7199747300988106,4.605086534570547,2.837347770022461
21,anchors,96,3,1,0.4375,1.1129260319027117,1.3368070634129245,1.1803697615191338,5.17389998778384,2.837347770022461
21,anchors,96,3,2,0.0625,0.9727892403204477,1.2092106641227778,0.7546947830430918,4.836384708504136,2.837347770022461
21,anchors,96,3,3,0.71875,0.42333904664314626,0.5154438300206923,0.3222674521235632,1.8124967777760044,2.837347770022461
21,anchors,288,0,0,1.0,0.05942106440626592,0.040194597761452025,0.010210405648051979,0.022804813703328167,2.79338160098996
21,anchors,288,1,0,0.0625,1.5988021988262773,1.4507998704416982,2.3167753720116178,8.648333031209798,2.79338160098996
21,anchors,288,1,1,0.71875,0.17102752026694035,0.18318184924816383,0.022438534349501688,0.43648689716508465,2.79338160098996
21,anchors,288,2,0,0.0,1.463595907570012,1.5390333023182412,1.5850811633855864,7.049832554569383,2.79338160098996
21,anchors,288,2,1,0.28125,1.352401310375511,1.5163110491715628,1.5916014563546437,6.483586432053756,2.79338160098996
21,anchors,288,2,2,0.0625,1.1469151457866138,1.2792893160962318,1.1427183803765855,5.756974866636192,2.79338160098996
21,anchors,288,3,0,0.15625,0.7942537289800948,1.1468491367061198,0.1415002693828588,3.243446122872222,2.79338160098996
21,anchors,288,3,1,0.3125,0.7186650534167387,1.0266567971214675,0.1614198113061136,2.9318347652124226,2.79338160098996
21,anchors,288,3,2,0.09375,0.6952559493713248,1.0564552300721295,0.08314422118126263,3.13146290783561,2.79338160098996
21,anchors,288,3,3,0.5625,0.31316857523807234,0.437016151833656,0.026633436597697457,1.1985205240169816,2.79338160098996
22,no_replay,0,0,0,1.0,0.051359764951113385,0.03811005630939335,0.020551565125385078,0.02377126423551995,2.2563824100070633
22,no_replay,0,1,0,0.0,0.9093417944341144,1.52812024354433,0.14204753993522534,4.130409299822796,2.2563824100070633
22,no_replay,0,1,1,1.0,0.04824417959423724,0.045952889713188186,0.016890459285640685,0.025175055163835253,2.2563824100070633
22,no_replay,0,2,0,0.0,0.17655893669297618,0.06031917814066121,0.30803592433214,0.4679033240246427,2.2563824100070633
22,no_replay,0,2,1,0.0,0.972878525497153,1.5658786279409846,0.15339773166211804,4.344097124033839,2.2563824100070633
22,no_replay,0,2,2,1.0,0.06903655875891367,0.0596238223545923,0.05101189597361222,0.060012220037676874,2.2563824100070633
22,no_replay,0,3,0,0.0,0.8886486474847884,1.4760175052689772,0.1419191243579517,4.089618963511689,2.2563824100070633
22,no_replay,0,3,1,0.875,0.123413080871852,0.16605633016442164,0.09459481396806238,0.2029247455838618,2.2563824100070633
22,no_replay,0,3,2,0.0,0.780853615865423,1.2798010314807706,0.044768766225032966,3.823730267893785,2.2563824100070633
22,no_replay,0,3,3,1.0,0.06793406936597246,0.06482822463965715,0.04914362709431027,0.06899780772337763,2.2563824100070633
22,random,12,0,0,1.0,0.05264966816297917,0.04046676153373675,0.026805367026362978,0.025053637559800078,2.7320454549917486
22,random,12,1,0,0.25,0.48737702382818,0.5444607333003333,0.36710392764541344,2.383198690089493,2.7320454549917486
22,random,12,1,1,0.96875,0.0853554598531616,0.08778971051880813,0.008109334718684802,0.10053548798130132,2.7320454549917486
22,random,12,2,0,0.0,1.064568633446021,1.7123386746264477,0.05428983844372487,4.404363274334564,2.7320454549917486
22,random,12,2,1,0.6875,0.25479601816840297,0.3534462106933379,0.012346717469482814,0.8878630531404063,2.7320454549917486
22,random,12,2,2,0.46875,0.29316004242570487,0.4142285481530562,0.05544328859640231,1.2092094253017924,2.7320454549917486
22,random,12,3,0,0.1875,0.43413703709625295,0.6007700450026832,0.11924812243214633,1.9673727231676588,2.7320454549917486
22,random,12,3,1,0.1875,0.7218811448346121,1.1531845271686072,0.06827068151873039,2.997149661233249,2.7320454549917486
22,random,12,3,2,0.0625,0.754592979457677,1.2052478338753345,0.0856057169321931,3.6118569660156092,2.7320454549917486
22,random,12,3,3,0.5,0.2127075288789281,0.2821605643644849,0.05842672868663579,0.6540591055905118,2.7320454549917486
22,random,32,0,0,1.0,0.05003282245661282,0.035718980002356626,0.018742770958896916,0.02096198428002051,2.7657601730024908
22,random,32,1,0,0.0625,1.1364303563217126,1.23414595851442,1.30368432718655,5.894909741763572,2.7657601730024908
22,random,32,1,1,1.0,0.08762535664862987,0.08296197077104377,0.006397641695658781,0.12237992590859773,2.7657601730024908
22,random,32,2,0,0.0,1.362842738310289,1.5073889876247841,1.378003573570516,6.708058023701191,2.7657601730024908
22,random,32,2,1,0.375,1.274992512657138,1.4842956153220175,1.545015891088847,6.2646542563664935,2.7657601730024908
22,random,32,2,2,0.0,1.1276236403779039,1.4154869030184316,0.8817472992914235,5.6934760211088,2.7657601730024908
22,random,32,3,0,0.0,1.3497567973617537,1.4921369912120297,1.4043989028269444,6.655954516555974,2.7657601730024908
22,random,32,3,1,0.4375,0.9372858758054676,1.1980784182737725,0.8127745743409772,4.207307293081872,2.7657601730024908
22,random,32,3,2,0.0,0.9455060241381618,1.361872103147186,0.3610826329972835,4.5794327830948545,2.7657601730024908
22,random,32,3,3,0.90625,0.1289353381408086,0.15495701939132192,0.003876557978614041,0.32357951096350324,2.7657601730024908
22,random,96,0,0,1.0,0.057878096024845296,0.0465630949276638,0.022975818096849933,0.03206881873050524,2.765781527996296
22,random,96,1,0,0.09375,1.0134280809143057,1.023349937496838,1.2542703256159455,5.221061075128172,2.765781527996296
22,random,96,1,1,0.9375,0.09433913994624307,0.09240028836813077,0.006438330627717205,0.1419387600359983,2.765781527996296
22,random,96,2,0,0.09375,0.8602273682928951,1.2290075006488983,0.2641995911555055,3.7066336782723894,2.765781527996296
22,random,96,2,1,0.375,0.7396908510862052,1.0907948612545688,0.23232326651971377,3.1198172586714987,2.765781527996296
22,random,96,2,2,0.09375,0.718237945407485,1.0592655086870626,0.20470620136648549,3.4942046304903744,2.765781527996296
22,random,96,3,0,0.0625,1.0400139171291731,1.3330171413958323,0.6622512857784767,4.774254864741447,2.765781527996296
22,random,96,3,1,0.5625,0.5894381431906746,0.7906905012798542,0.3251656551585949,2.380569842130548,2.765781527996296
22,random,96,3,2,0.0,0.8680839626139526,1.3212355377622653,0.15715720144049017,4.100694807790696,2.765781527996296
22,random,96,3,3,0.9375,0.0964676994938776,0.10671696009495883,0.009250572119593833,0.17804703759295523,2.765781527996296
22,random,288,0,0,1.0,0.051322858347131836,0.04035954223950415,0.012499142780315092,0.024318289762077193,2.847305326984497
22,random,288,1,0,0.09375,0.7186924856262176,0.8442214689415561,0.6044882082176775,3.6516246589566705,2.847305326984497
22,random,288,1,1,0.90625,0.09254714753170248,0.08150211934684663,0.00997651504105432,0.16506889295170546,2.847305326984497
22,random,288,2,0,0.125,0.7362267321313447,1.084612045047108,0.11454902185235916,3.1875274408893786,2.847305326984497
22,random,288,2,1,0.25,0.8277664311077899,1.2528781468253865,0.10780820657045384,3.3919280250319916,2.847305326984497
22,random,288,2,2,0.125,0.6425964696879203,0.9694835408260086,0.0837954504812806,3.0470147444304683,2.847305326984497
22,random,288,3,0,0.46875,0.3958138564644632,0.5695404820569239,0.017492460358513807,1.557086472950637,2.847305326984497
22,random,288,3,1,0.21875,0.7436129914690333,1.187209832010341,0.007545635400398534,3.0787055201705207,2.847305326984497
22,random,288,3,2,0.09375,0.6575044049099301,1.0557132350413367,0.006078837974785268,3.0889794386279297,2.847305326984497
22,random,288,3,3,0.75,0.170232964843676,0.23529426866820327,0.012884451252570192,0.5897449848024942,2.847305326984497
22,loss_hard,12,0,0,1.0,0.05087114852769399,0.035576053008555195,0.021139398608064533,0.02343788138387556,2.8883210809726734
22,loss_hard,12,1,0,0.0,1.4497131183076046,0.8902562398969132,2.6664952855736885,7.397269175835802,2.8883210809726734
22,loss_hard,12,1,1,0.96875,0.09553594618539892,0.1059906332607656,0.06181758676332909,0.14422432027867949,2.8883210809726734
22,loss_hard,12,2,0,0.0,2.1077360005587873,2.556249381411548,2.3864399626229025,10.05361476259787,2.8883210809726734
22,loss_hard,12,2,1,0.0,1.2284445254392202,0.6813513420354853,2.2875506765693703,5.67268702453967,2.8883210809726734
22,loss_hard,12,2,2,0.125,0.41044358537777564,0.35155150606832175,0.628903240821205,2.4385302366173986,2.8883210809726734
22,loss_hard,12,3,0,0.0,2.678446561774491,2.122962384647032,4.645677693834802,15.19721610671599,2.8883210809726734
22,loss_hard,12,3,1,0.0,3.083345984129046,3.4451247212737517,4.092841459948541,14.732730705587889,2.8883210809726734
22,loss_hard,12,3,2,0.0,0.938791217206822,0.7180864593878122,1.5837627037420265,4.859050978111449,2.8883210809726734
22,loss_hard,12,3,3,1.0,0.06841143703798515,0.0661451069637373,0.019112704534226928,0.05729877255995,2.8883210809726734
22,loss_hard,32,0,0,1.0,0.04957209897265073,0.03547205304214088,0.012821402468590714,0.02303501806893221,2.835307984991232
22,loss_hard,32,1,0,0.0,1.3867346537760652,0.7683981688640016,2.61217886105114,6.8659890416208,2.835307984991232
22,loss_hard,32,1,1,0.875,0.10664202626191759,0.11799540738444661,0.08511846474775107,0.18869073738987518,2.835307984991232
22,loss_hard,32,2,0,0.0,2.465015983310975,2.8928662975744404,2.9457961803425166,11.53046773404302,2.835307984991232
22,loss_hard,32,2,1,0.0,1.1644795454743235,0.5956318638492655,2.166979004108142,5.331288799305388,2.835307984991232
22,loss_hard,32,2,2,0.34375,0.2954265712606092,0.27999233399325457,0.3756448388841499,1.3823174241266445,2.835307984991232
22,loss_hard,32,3,0,0.0,2.9234237553799858,2.2750505407287682,5.155876100039382,16.772887224619133,2.835307984991232
22,loss_hard,32,3,1,0.0,3.4054712439628747,3.7002100583798914,4.738290390156182,16.683099377341474,2.835307984991232
22,loss_hard,32,3,2,0.0,1.1656631214327489,0.8659755444419197,2.043954929998212,6.089452937874198,2.835307984991232
22,loss_hard,32,3,3,1.0,0.08911019774672937,0.09207118133572927,0.037199717508843974,0.10934795097155904,2.835307984991232
22,loss_hard,96,0,0,1.0,0.052678528188278895,0.03910585369104541,0.030455448650058118,0.026065004312556744,2.7508600290166214
22,loss_hard,96,1,0,0.0,1.1997728316650416,0.6080415324161695,2.3051669655058467,5.84379326043242,2.7508600290166214
22,loss_hard,96,1,1,0.8125,0.11684974688269913,0.12791784958744032,0.09122860014385059,0.22523162494700297,2.7508600290166214
22,loss_hard,96,2,0,0.0,1.8134176583588975,2.277431913982804,1.8791582288320243,8.802588470926686,2.7508600290166214
22,loss_hard,96,2,1,0.0,0.783081350136436,0.3239488953370879,1.4723716382747793,3.445468045455978,2.7508600290166214
22,loss_hard,96,2,2,0.40625,0.2858902926332312,0.26643118971737817,0.3656355907955411,1.312526874178408,2.7508600290166214
22,loss_hard,96,3,0,0.0,2.579917567549588,2.037863519763847,4.473910770848667,14.685862870420074,2.7508600290166214
22,loss_hard,96,3,1,0.0,2.965783045989217,3.331729079268845,3.901626724896925,14.156068907504991,2.7508600290166214
22,loss_hard,96,3,2,0.0,0.7972569328038492,0.6368822518000006,1.2656733423055941,4.023618288343959,2.7508600290166214
22,loss_hard,96,3,3,0.9375,0.09668145837550862,0.10440699734251795,0.04428281995790673,0.13701848430039787,2.7508600290166214
22,loss_hard,288,0,0,1.0,0.052032760622414506,0.038613138446345084,0.01468497998474203,0.024015489442512996,2.704594451992307
22,loss_hard,288,1,0,0.34375,0.3069092750836626,0.377546646195487,0.13019350732618631,1.319043171158652,2.704594451992307
22,loss_hard,288,1,1,0.84375,0.11137230866205439,0.1382823146797604,0.024363176255502904,0.20233454519456703,2.704594451992307
22,loss_hard,288,2,0,0.0,0.6627562728092176,1.0585848401343116,0.23929085817384116,3.0471511826656563,2.704594451992307
22,loss_hard,288,2,1,0.5,0.40212904465415206,0.5894897859787613,0.08988604222933771,1.5151004141133926,2.704594451992307
22,loss_hard,288,2,2,0.0625,0.8548935672167752,1.1743055674114702,0.3501194175104001,4.13198314348746,2.704594451992307
22,loss_hard,288,3,0,0.0,0.9617572028486074,1.5847687868847462,0.021881855426548955,4.2651811317823505,2.704594451992307
22,loss_hard,288,3,1,1.0,0.060286579608087504,0.05883220857552737,0.002833987964987815,0.04318211050753399,2.704594451992307
22,loss_hard,288,3,2,0.0,0.8713988183662724,1.4193064818006733,0.005365291783886346,4.157181836042598,2.704594451992307
22,loss_hard,288,3,3,0.90625,0.07901650580470877,0.09727982809055684,0.007282005926400575,0.09520685390604772,2.704594451992307
22,diversity,12,0,0,1.0,0.05038057897258374,0.03770604620317454,0.015560596784616663,0.022198771088377194,2.7550947409763467
22,diversity,12,1,0,0.125,0.8363486274268641,1.0382015064545547,0.6407944260122013,4.075099254649101,2.7550947409763467
22,diversity,12,1,1,0.96875,0.09291756374135475,0.09218976506872292,0.020697312353151066,0.12435196397130133,2.7550947409763467
22,diversity,12,2,0,0.0,1.500581139413176,1.5483817644097717,1.7879663491501407,7.889577689680989,2.7550947409763467
22,diversity,12,2,1,0.46875,0.9869271713018979,1.142872208308526,1.132069686373394,4.889649451639688,2.7550947409763467
22,diversity,12,2,2,0.0,0.9128544189228929,1.1566054869394837,0.7127451207724196,4.771110654032718,2.7550947409763467
22,diversity,12,3,0,0.0,1.3960614887204916,1.0081225978152828,2.402033882454317,7.591596826484845,2.7550947409763467
22,diversity,12,3,1,0.15625,1.1739634819864162,1.5266104326909156,0.9872729404243893,5.543913164456644,2.7550947409763467
22,diversity,12,3,2,0.0,0.7291670219136999,1.1643603794397297,0.04773414640228474,3.545101626919113,2.7550947409763467
22,diversity,12,3,3,1.0,0.057773275766540524,0.034907204379775444,0.0169417065746838,0.04037276335204523,2.7550947409763467
22,diversity,32,0,0,1.0,0.052589464810734926,0.042670162494758496,0.019769060956315865,0.02799628752314287,2.7423431249917485
22,diversity,32,1,0,0.53125,0.2032210864058663,0.23000912722001104,0.07103041518927143,0.6239403256178089,2.7423431249917485
22,diversity,32,1,1,1.0,0.07785454754691351,0.06479958161154482,0.004133299503795408,0.10482364934028236,2.7423431249917485
22,diversity,32,2,0,0.34375,0.6148554213703572,0.9739070222956588,0.015612549545690888,2.5793811772915545,2.7423431249917485
22,diversity,32,2,1,0.34375,0.6349649527936672,1.0109546608033284,0.009175871831774322,2.658553888745631,2.7423431249917485
22,diversity,32,2,2,0.53125,0.3047253664367726,0.46860022129909773,0.01222907406506384,1.2384458214920133,2.7423431249917485
22,diversity,32,3,0,0.9375,0.09503402473491106,0.1098471870158606,0.007923057804076952,0.2186538628227757,2.7423431249917485
22,diversity,32,3,1,0.09375,0.8790784560801028,1.434537626896419,0.002464989863363953,3.8411418387838427,2.7423431249917485
22,diversity,32,3,2,0.53125,0.37262717212013297,0.5769980910949981,0.005060256925990226,1.5975723957776755,2.7423431249917485
22,diversity,32,3,3,0.9375,0.06022576379070485,0.05082843119168229,0.007217832959535317,0.06927391863708564,2.7423431249917485
22,diversity,96,0,0,1.0,0.05112934455811313,0.037468023083719784,0.015412797570252964,0.022789045430190377,2.7881036660110112
22,diversity,96,1,0,0.4375,0.28967203968283317,0.3620544835355767,0.10231954572034821,1.1389887619224393,2.7881036660110112
22,diversity,96,1,1,0.875,0.11331667365961517,0.12992450687651963,0.03030351604262379,0.20995298231578097,2.7881036660110112
22,diversity,96,2,0,0.375,0.45006358903680255,0.6815448943219979,0.02323658159300611,1.8124639889145877,2.7881036660110112
22,diversity,96,2,1,0.1875,0.803414874994507,1.2901752676557967,0.011848160039934927,3.4372468334181647,2.7881036660110112
22,diversity,96,2,2,0.28125,0.46473201732921754,0.7168698088421341,0.022368090095684336,1.9397384961441932,2.7881036660110112
22,diversity,96,3,0,0.84375,0.1724725936341541,0.21024485822608413,0.0012130268989227462,0.52930246297972,2.7881036660110112
22,diversity,96,3,1,0.1875,0.7675065996755401,1.2651055251133232,0.0053674396111467815,3.339692240575163,2.7881036660110112
22,diversity,96,3,2,0.25,0.6155960419233132,0.9928480894288869,0.005591488875283204,2.8588125086149185,2.7881036660110112
22,diversity,96,3,3,0.625,0.2289528569327719,0.3607256622533295,0.008016517854661242,0.9610953897037413,2.7881036660110112
22,diversity,288,0,0,1.0,0.058932548375835545,0.04635123518158209,0.04696848169656166,0.03472976625112567,2.798187272012001
22,diversity,288,1,0,0.15625,0.9999928852626911,0.8018342960458803,1.628344430935476,5.2720821372788915,2.798187272012001
22,diversity,288,1,1,0.96875,0.07990783573402861,0.07121644828262294,0.003405900490253363,0.10899845202755859,2.798187272012001
22,diversity,288,2,0,0.125,0.8006022602087915,1.0981615250564767,0.3908537504746919,3.618757654842364,2.798187272012001
22,diversity,288,2,1,0.375,0.7387064659500786,1.0933178142203532,0.23049256849441724,3.134806727913391,2.798187272012001
22,diversity,288,2,2,0.125,0.7229116593637901,1.0813527905368798,0.1922769349222348,3.5698046639374335,2.798187272012001
22,diversity,288,3,0,0.15625,0.7492869095116829,0.9747397249849763,0.4305898856528819,3.4334170942293527,2.798187272012001
22,diversity,288,3,1,0.5,0.5480607091226146,0.8436786979580675,0.06651555364190563,2.2927625109932173,2.798187272012001
22,diversity,288,3,2,0.0625,0.7174247178321773,1.1568265996156035,0.02394412053872113,3.4568875538959296,2.798187272012001
22,diversity,288,3,3,0.90625,0.08834699691043305,0.11037669205633807,0.010160866254404013,0.24074323269897208,2.798187272012001
22,anchors,12,0,0,1.0,0.06423473115961348,0.050151591381372346,0.03340004729122538,0.043074774269465994,2.714001112006372
22,anchors,12,1,0,0.0,0.9338073697198539,1.477158641247737,0.22011393777277038,4.517349060068071,2.714001112006372
22,anchors,12,1,1,0.96875,0.07883082902773296,0.07387216450258641,0.008656516719930944,0.0943476497202154,2.714001112006372
22,anchors,12,2,0,0.03125,0.7607170962825305,0.8426285092184489,0.5918994205316832,3.38819005296036,2.714001112006372
22,anchors,12,2,1,0.34375,0.8436491814679564,1.199769472586196,0.23449313089973492,3.725039216039619,2.714001112006372
22,anchors,12,2,2,0.34375,0.5038579541502166,0.7286790917087318,0.044047209577841175,2.211336171250844,2.714001112006372
22,anchors,12,3,0,0.71875,0.29704177778282537,0.398605852538005,0.021901375235098386,1.0745048445287226,2.714001112006372
22,anchors,12,3,1,0.0,1.114441614706999,1.7931606243235012,0.0386302177839401,4.605787462578368,2.714001112006372
22,anchors,12,3,2,0.625,0.24617543337742578,0.37554260534865636,0.03455459447002253,0.897032105917282,2.714001112006372
22,anchors,12,3,3,0.9375,0.07515254380055626,0.0674309724763834,0.010985819985029534,0.10768326895878505,2.714001112006372
22,anchors,32,0,0,1.0,0.06156459062758957,0.04175499671313607,0.05621592146730471,0.037508711815697635,2.7304104850045405
22,anchors,32,1,0,0.125,0.7661682730059642,0.8409968831915298,0.7904698778800788,3.986961343467322,2.7304104850045405
22,anchors,32,1,1,0.96875,0.08184971936501123,0.075693986876539,0.0032098632200834028,0.10091151395885346,2.7304104850045405
22,anchors,32,2,0,0.125,1.023895653404583,1.1846374092433534,0.953039595125213,4.922147979766185,2.7304104850045405
22,anchors,32,2,1,0.28125,1.025947062318515,1.3426713249901612,0.8499660196533707,4.8231000771453605,2.7304104850045405
22,anchors,32,2,2,0.0625,0.8860575164451481,1.1968844383896475,0.5076353008091654,4.4812334341304565,2.7304104850045405
22,anchors,32,3,0,0.0625,0.7967361212666888,0.7129082458104975,1.01588249655669,4.009567026467097,2.7304104850045405
22,anchors,32,3,1,0.03125,1.2573676173463948,1.91158733229866,0.20963460024628283,5.375356523313014,2.7304104850045405
22,anchors,32,3,2,0.125,0.4988877245563874,0.7870739164728795,0.010162713432427289,2.3301959751323866,2.7304104850045405
22,anchors,32,3,3,0.9375,0.09165474915195473,0.10584065354254732,0.010016055744594191,0.12955950418610107,2.7304104850045405
22,anchors,96,0,0,1.0,0.053125755217995896,0.03772212867451901,0.0340379542032622,0.026076181530212298,2.7441678470058832
22,anchors,96,1,0,0.03125,0.9250742016679714,0.9752071166550758,1.0595405069959831,4.731003202054483,2.7441678470058832
22,anchors,96,1,1,1.0,0.07717716597771192,0.06165494266309579,0.011856970888767478,0.10179445029572853,2.7441678470058832
22,anchors,96,2,0,0.125,0.7562178756062121,1.0354652363333143,0.40648613962977465,3.4630461225203106,2.7441678470058832
22,anchors,96,2,1,0.375,0.8298193308735953,1.1879573232862448,0.3590544295693703,3.553917221983588,2.7441678470058832
22,anchors,96,2,2,0.09375,0.8732621156692695,1.2765456603291412,0.2912362133081504,4.222240804271431,2.7441678470058832
22,anchors,96,3,0,0.40625,0.3802277478108067,0.5407353768358023,0.04366040617111304,1.4941617904295421,2.7441678470058832
22,anchors,96,3,1,0.09375,0.9463577341447622,1.5122678311267848,0.04203137390382021,4.043105221385267,2.7441678470058832
22,anchors,96,3,2,0.125,0.5729667690812932,0.893400201434092,0.028688695784859265,2.710435696459939,2.7441678470058832
22,anchors,96,3,3,0.65625,0.2219294480249859,0.31416501488412574,0.009693890830190746,0.7660476054312688,2.7441678470058832
22,anchors,288,0,0,1.0,0.050879423587299896,0.03621297945339519,0.014103568958072531,0.02324301676779767,2.7265424040087964
22,anchors,288,1,0,0.09375,0.7119229838034908,0.8354450125011514,0.6018938750601972,3.567809592927336,2.7265424040087964
22,anchors,288,1,1,1.0,0.07084048660329095,0.059391201305630456,0.016966777280178078,0.07539791681210203,2.7265424040087964
22,anchors,288,2,0,0.125,0.7586131914422483,1.116929362324719,0.11796417572490225,3.194527015432887,2.7265424040087964
22,anchors,288,2,1,0.375,0.7625959054457583,1.160474692735467,0.10311120268040525,3.132448024848427,2.7265424040087964
22,anchors,288,2,2,0.15625,0.6143839194916569,0.921221320057052,0.09835120427229851,2.855833803185819,2.7265424040087964
22,anchors,288,3,0,0.28125,0.6288926741579846,0.9615155777842146,0.043070745359057555,2.5296703481751823,2.7265424040087964
22,anchors,288,3,1,0.21875,0.7842121872693386,1.2465241479127136,0.02585768146201927,3.354175221845712,2.7265424040087964
22,anchors,288,3,2,0.125,0.6514534697684959,1.0440617827515108,0.015109553244369446,3.0466603830072043,2.7265424040087964
22,anchors,288,3,3,0.875,0.1389546550776905,0.18395628205545803,0.0052124318248697055,0.4462744880721211,2.7265424040087964
