method,severity,trial,schedule_fingerprint,success,tracking_rmse,tail_rmse,final_error,policy_rmse,action_jerk,control_effort,latent_rmse,mean_inference_loss
oracle,0.0,0,3c5b95025bf0a39f,1.0,0.209115435502325,0.021488086014618914,0.022190095891846617,0.0,0.05978298205288186,0.4039731397855618,0.0,nan
open_loop,0.0,0,3c5b95025bf0a39f,1.0,0.2103926648339995,0.04677918836777557,0.05356745812893582,0.06015662963149669,0.05998195743636492,0.40409802953642554,0.0070327872339164665,0.0
pred_error_w8,0.0,0,3c5b95025bf0a39f,1.0,0.20765364744996506,0.020107637333288943,0.02700460554768558,0.089083834505703,0.1309540610803968,0.42848341563635545,0.020127532093316743,2.1700053055874936e-05
history_h4,0.0,0,3c5b95025bf0a39f,1.0,0.226908583699634,0.01421097407750558,0.01985211827988209,0.16822981924902006,0.09754322809810256,0.49123521644073576,nan,nan
history_h16,0.0,0,3c5b95025bf0a39f,1.0,0.21224430199582708,0.018753572690128596,0.030248258983022858,0.14067269332188942,0.09294813686575124,0.4803724248626003,nan,nan
history_h16_chunk4,0.0,0,3c5b95025bf0a39f,1.0,0.22329370701505732,0.015244088180943716,0.0029524798352937864,0.1643098919888586,0.06391654512702016,0.3144401502622009,nan,nan
oracle,0.0,1,656452b847b625a5,1.0,0.07521587148514064,0.021525891834942724,0.022205022548440034,0.0,0.035187883421110885,0.19641713557733245,0.0,nan
open_loop,0.0,1,656452b847b625a5,1.0,0.08133184072788972,0.051664385005552045,0.05845133915185752,0.07393628908364985,0.03525555685976075,0.19608528340178916,0.008805202796985972,0.0
pred_error_w8,0.0,1,656452b847b625a5,1.0,0.07539303656528581,0.024783872088291182,0.01241511441679144,0.09833296581353346,0.12655782418477515,0.21890014290911577,0.021183208210442023,2.2556102847930793e-05
history_h4,0.0,1,656452b847b625a5,1.0,0.08324623392417826,0.019790704794075943,0.002597806873470887,0.09775709521661481,0.06116307769057143,0.1997120780272291,nan,nan
history_h16,0.0,1,656452b847b625a5,1.0,0.0784074939138126,0.026773377139448565,0.012476030156436835,0.07944363328029425,0.04759639979332153,0.19788335571182225,nan,nan
history_h16_chunk4,0.0,1,656452b847b625a5,1.0,0.08064171102002021,0.031779234700101654,0.005179728663728511,0.11026395972836579,0.03622866562660226,0.1648422038727144,nan,nan
oracle,0.0,2,6641e8de6fff1141,1.0,0.23188367131356588,0.021596303999341166,0.02223481296208618,0.0,0.07929528360165511,0.5498742074682038,0.0,nan
open_loop,0.0,2,6641e8de6fff1141,1.0,0.23494745364070202,0.06380710659981861,0.07059254525309999,0.11232554556700987,0.07965057376349442,0.5496577391714154,0.014029606832573161,0.0
pred_error_w8,0.0,2,6641e8de6fff1141,1.0,0.23040812032596025,0.022882036608954923,0.027460647637376212,0.09894206893771408,0.1474925753538914,0.5676159946753552,0.02312847957876631,2.9184966579488314e-05
history_h4,0.0,2,6641e8de6fff1141,1.0,0.2529067028892342,0.015673901159759744,0.01911766278358229,0.17307345678672914,0.1074694291946281,0.5444061376598737,nan,nan
history_h16,0.0,2,6641e8de6fff1141,1.0,0.24563896314602732,0.020632384657170884,0.024552619158856537,0.13849248731222566,0.09479992174763859,0.5240684412703726,nan,nan
history_h16_chunk4,0.0,2,6641e8de6fff1141,1.0,0.2772162814824143,0.01482274842801202,0.00020176321344589354,0.2889386067246824,0.08485347529868209,0.3929618532435331,nan,nan
oracle,0.0,3,407b941626acd047,1.0,0.217366030730059,0.02157218404773855,0.022220637568337587,0.0,0.05939324087911448,0.430748369479099,0.0,nan
open_loop,0.0,3,407b941626acd047,1.0,0.2211124017203035,0.06314109052469699,0.06993013398379588,0.11053523873777804,0.059706670128842336,0.43120849098570674,0.01372552318394266,0.0
pred_error_w8,0.0,3,407b941626acd047,1.0,0.21690687754451096,0.018957628474233545,0.02774524406347556,0.09334230771064965,0.13546747821899924,0.4322827170387458,0.020122804859436585,3.1495456693217676e-05
history_h4,0.0,3,407b941626acd047,1.0,0.2400515850883632,0.030552872284896837,0.039040625774237725,0.21088112862328534,0.0990233500315771,0.4990184859784407,nan,nan
history_h16,0.0,3,407b941626acd047,1.0,0.2334758928092875,0.03561564676038743,0.04628174120640072,0.18645633909947154,0.08610036112343324,0.4802359545491529,nan,nan
history_h16_chunk4,0.0,3,407b941626acd047,1.0,0.2670737849881493,0.03321976804220102,0.023606479138164715,0.2752987037866633,0.07750456143219109,0.3568003963671354,nan,nan
oracle,0.0,4,82fa41f2183f515e,1.0,0.036464980451685836,0.02153747476784092,0.02220822422260138,0.0,0.013353008266566121,0.14190666383722833,0.0,nan
open_loop,0.0,4,82fa41f2183f515e,1.0,0.050906997961444454,0.055796401252081684,0.06258736514125385,0.08687854344167109,0.013441959473102252,0.1413874789306145,0.010509580610245903,0.0
pred_error_w8,0.0,4,82fa41f2183f515e,1.0,0.03584286074488182,0.020264195352860486,0.01674059249761939,0.10363425735114774,0.1425816353990838,0.18438265598460368,0.02061688957375218,3.053402394416814e-05
history_h4,0.0,4,82fa41f2183f515e,1.0,0.059138634159832594,0.02800159444149825,0.021883672354942263,0.11872592547371313,0.05653494615636299,0.15839606316043156,nan,nan
history_h16,0.0,4,82fa41f2183f515e,1.0,0.061083575324857094,0.03509226738237003,0.03244216440451719,0.12619834811470804,0.04048137184063264,0.1661234697706312,nan,nan
history_h16_chunk4,0.0,4,82fa41f2183f515e,1.0,0.08735681378055744,0.037207886878023115,0.053590460034100396,0.21722400663878808,0.043696752539706896,0.18433991095978997,nan,nan
oracle,0.0,5,2bacf3c3a863efd5,1.0,0.07570166155091167,0.021549210093688945,0.02221574729967113,0.0,0.033400235823686744,0.2386854623711159,0.0,nan
open_loop,0.0,5,2bacf3c3a863efd5,1.0,0.08434357511504013,0.05792377181085572,0.06471909277671095,0.09343115089690918,0.0335796972972926,0.23842891842551306,0.011410854766053025,0.0
pred_error_w8,0.0,5,2bacf3c3a863efd5,1.0,0.07643267304116803,0.016784820904030162,0.01856344849372782,0.09509768875274176,0.13016239216860384,0.2621684149058671,0.02053388781457788,2.1712584163009474e-05
history_h4,0.0,5,2bacf3c3a863efd5,1.0,0.09740494826065241,0.012553912203463554,0.003960852449456098,0.15247650905470347,0.06641653930733536,0.22964341679408806,nan,nan
history_h16,0.0,5,2bacf3c3a863efd5,1.0,0.09666187586386032,0.020655968985827843,0.017085722903065204,0.14613870265325218,0.048405468415550254,0.2303640877459146,nan,nan
history_h16_chunk4,0.0,5,2bacf3c3a863efd5,1.0,0.11624428361322839,0.030566481323716706,0.0518113058699603,0.2350775725965725,0.04701083619224298,0.20736224615003518,nan,nan
oracle,0.0,6,0e4373a88b51aa1b,1.0,0.035679021085670885,0.02154275248058953,0.02221251108293698,0.0,0.012614373792262584,0.14747762594527516,0.0,nan
open_loop,0.0,6,0e4373a88b51aa1b,1.0,0.0500524256200388,0.05541776152491853,0.06220867778060857,0.08543117989184669,0.012692529684870509,0.14693747497070375,0.010334490353886908,0.0
pred_error_w8,0.0,6,0e4373a88b51aa1b,1.0,0.036015435628528415,0.023974775142098777,0.04030700541379817,0.09224766019900843,0.11683209656807601,0.1793651509321501,0.01840986293402219,1.761479840577433e-05
history_h4,0.0,6,0e4373a88b51aa1b,1.0,0.053356846543728215,0.020069064035723966,0.03151590331163989,0.09677686175327123,0.05205713248137459,0.168294163307118,nan,nan
history_h16,0.0,6,0e4373a88b51aa1b,1.0,0.04969451332067798,0.022213652620831796,0.037049887631935174,0.08981795647017539,0.03744136784582274,0.1734726063470512,nan,nan
history_h16_chunk4,0.0,6,0e4373a88b51aa1b,1.0,0.0692864777020835,0.025957396652967063,0.04714248125284737,0.15859597000893247,0.03673638768031372,0.175192178096803,nan,nan
oracle,0.0,7,ddab6e86fed61c4f,1.0,0.12047279525705981,0.021514068781101736,0.02219848188756579,0.0,0.05778809374101292,0.3448170690314076,0.0,nan
open_loop,0.0,7,ddab6e86fed61c4f,1.0,0.12370153971377755,0.049974819088006446,0.056758360839601174,0.06923501240654098,0.05797932569181708,0.3448285853659659,0.008174497829158394,0.0
pred_error_w8,0.0,7,ddab6e86fed61c4f,1.0,0.12084426264020157,0.022097992925857464,0.03366064029924498,0.09370518069043153,0.1314054622494077,0.355575944394052,0.022219751695518673,3.840720459297145e-05
history_h4,0.0,7,ddab6e86fed61c4f,1.0,0.13843877877573135,0.03096041610135978,0.040974117525649056,0.15245600590713368,0.06932234161747647,0.30562459449006874,nan,nan
history_h16,0.0,7,ddab6e86fed61c4f,1.0,0.12834833606238008,0.03605086552552734,0.05117067602724035,0.11338819445133141,0.060230039830606194,0.29615157998013003,nan,nan
history_h16_chunk4,0.0,7,ddab6e86fed61c4f,1.0,0.13323564705565402,0.03240522081913247,0.04989086319988445,0.19886811547639646,0.04108655819943357,0.20546530207267039,nan,nan
oracle,0.0,8,0e177186e55ce9c3,1.0,0.04829572614851812,0.021528513295648553,0.022204399482578907,0.0,0.027841100200500048,0.1537141281292903,0.0,nan
open_loop,0.0,8,0e177186e55ce9c3,1.0,0.058234764363744175,0.052955706145431915,0.05974235466241362,0.07804236569475613,0.02787877957298879,0.15325156579654486,0.00933174547648903,0.0
pred_error_w8,0.0,8,0e177186e55ce9c3,1.0,0.04878646467357882,0.020882255754184176,0.021515690271878718,0.09384870188816813,0.12344476518306069,0.19195333615552224,0.018719003706349085,1.885170771166874e-05
history_h4,0.0,8,0e177186e55ce9c3,1.0,0.06247379093745174,0.033051756792380635,0.029324853989241007,0.09776268982618606,0.056253363675409375,0.15997751602570912,nan,nan
history_h16,0.0,8,0e177186e55ce9c3,1.0,0.05738607453583538,0.03665982559899877,0.0374858069525823,0.07676568160834527,0.04141885116031059,0.1662498087626527,nan,nan
history_h16_chunk4,0.0,8,0e177186e55ce9c3,1.0,0.05864709088712956,0.037075183339015993,0.06479691571569823,0.09519496505473134,0.031023148356646064,0.1510526224681989,nan,nan
oracle,0.0,9,df7709e6169e8390,1.0,0.18864956408465217,0.02157969607950275,0.022228450550911383,0.0,0.06956652860711302,0.4803596074859012,0.0,nan
open_loop,0.0,9,df7709e6169e8390,1.0,0.19250614286407483,0.062329481899975954,0.06912062136648345,0.10763622684710125,0.0698966691840604,0.48019784773046476,0.013363934617509819,0.0
pred_error_w8,0.0,9,df7709e6169e8390,1.0,0.18909610858478118,0.021608476721916507,0.031921477742726356,0.0964385777066273,0.14565214874200283,0.4918948174121215,0.01966504401255121,1.9626858202031905e-05
history_h4,0.0,9,df7709e6169e8390,1.0,0.21400327181189083,0.015793554920880002,0.01617122942167004,0.17630221027777548,0.09039665703862457,0.45684182098551895,nan,nan
history_h16,0.0,9,df7709e6169e8390,1.0,0.20784528284844928,0.01755002298768547,0.021253927264963668,0.14678514820282995,0.07685148116098055,0.43774185803167603,nan,nan
history_h16_chunk4,0.0,9,df7709e6169e8390,1.0,0.23580281215603952,0.024424740983377723,0.03017135709522467,0.2927431373765571,0.07124598674898391,0.33939988460270193,nan,nan
oracle,0.0,10,5250dc5b4ed5f221,1.0,0.058360907275708626,0.021546089345995053,0.022214309397162957,0.0,0.02520061394300595,0.19417385146668684,0.0,nan
open_loop,0.0,10,5250dc5b4ed5f221,1.0,0.06889957482571273,0.057113535889341246,0.0639080446867899,0.09082796935654296,0.025343101954581344,0.19381798982500756,0.011059448964025881,0.0
pred_error_w8,0.0,10,5250dc5b4ed5f221,1.0,0.06280022606001492,0.027184969589336364,0.03696982433863649,0.09690712650136599,0.136254784487004,0.21677424304537066,0.019582365817229684,2.0977032557899586e-05
history_h4,0.0,10,5250dc5b4ed5f221,1.0,0.07973569840996485,0.020405613355500327,0.03406032855429153,0.1362639297909724,0.05841463324826094,0.20045545861154482,nan,nan
history_h16,0.0,10,5250dc5b4ed5f221,1.0,0.07971442140712667,0.025013678256435506,0.039716431627058846,0.1372403580797723,0.04161456553654052,0.20652424616129406,nan,nan
history_h16_chunk4,0.0,10,5250dc5b4ed5f221,1.0,0.1003491037700654,0.021085377547236824,0.007418106803485536,0.21698120994316428,0.04641732710652409,0.2096100286276496,nan,nan
oracle,0.0,11,309a43735e1319d3,1.0,0.19395662652496132,0.02149346024479567,0.022191944687938836,0.0,0.05714128274168473,0.3769246769835856,0.0,nan
open_loop,0.0,11,309a43735e1319d3,1.0,0.19538742297199937,0.04704899627554155,0.05383525166943226,0.060881204009806816,0.05734048977533425,0.3770130844628382,0.007123999448164834,0.0
pred_error_w8,0.0,11,309a43735e1319d3,1.0,0.1955784621293089,0.024691388791468476,0.017604846238241212,0.10124814314048637,0.14200216636046428,0.4025363914479768,0.024231197421286106,5.85399050970228e-05
history_h4,0.0,11,309a43735e1319d3,1.0,0.21212734143670128,0.021104247583257164,0.008859597572534739,0.16157038040703522,0.0911868552679087,0.45914665360258294,nan,nan
history_h16,0.0,11,309a43735e1319d3,1.0,0.19903087245379875,0.023914640462551665,0.016878388868141858,0.1284796107798972,0.08389469309764443,0.4437237292476888,nan,nan
history_h16_chunk4,0.0,11,309a43735e1319d3,1.0,0.20673328787945616,0.033564895816648385,0.046011476261109685,0.15326301403014,0.06146831285488699,0.31382644558372513,nan,nan
oracle,0.0,12,21e0c80439378d15,1.0,0.07033438124519549,0.021526158249822867,0.02220322632424132,0.0,0.04040451563877255,0.21506718965659052,0.0,nan
open_loop,0.0,12,21e0c80439378d15,1.0,0.07684879565100575,0.05181285236511695,0.05859666978106404,0.07459971609833484,0.04050861525999234,0.21481862777882016,0.008876691768452545,0.0
pred_error_w8,0.0,12,21e0c80439378d15,1.0,0.07169799109533537,0.024556832339416985,0.0249357940065984,0.09553116093967,0.12913733471541025,0.2371780622985621,0.020647742332239243,1.8485670537717135e-05
history_h4,0.0,12,21e0c80439378d15,1.0,0.08497933655203882,0.03466552607414499,0.03185174873131569,0.12154816434261145,0.059057608428739826,0.20051151147265883,nan,nan
history_h16,0.0,12,21e0c80439378d15,1.0,0.0786383510583838,0.03995016168887014,0.04100563050021666,0.09958938461627596,0.04468108235889563,0.1932556558337888,nan,nan
history_h16_chunk4,0.0,12,21e0c80439378d15,1.0,0.0790041183306739,0.04574569453163804,0.016958109417750222,0.13480587791464177,0.038569931130923746,0.1694885456648547,nan,nan
oracle,0.0,13,2d53a3f865370295,1.0,0.07420642778753356,0.021525388803551038,0.02220488130195486,0.0,0.035078217533474905,0.19661888437967287,0.0,nan
open_loop,0.0,13,2d53a3f865370295,1.0,0.08047531770167396,0.051794906539534405,0.058582616829102374,0.07432604656776584,0.035136670168465174,0.19629178914710216,0.008856476319885948,0.0
pred_error_w8,0.0,13,2d53a3f865370295,1.0,0.07323134503393688,0.020569336517643345,0.02866371641448362,0.10035224802070922,0.13993197805110702,0.22920816045459247,0.01963763359081174,2.1515495864843533e-05
history_h4,0.0,13,2d53a3f865370295,1.0,0.08220668480512335,0.01582285804475807,0.010698948948414166,0.09354001511950813,0.06205624829986401,0.20136328447717655,nan,nan
history_h16,0.0,13,2d53a3f865370295,1.0,0.07529679372641342,0.01896668248739661,0.019745027624822775,0.07473602673364486,0.049942385511326653,0.2042784271957349,nan,nan
history_h16_chunk4,0.0,13,2d53a3f865370295,1.0,0.07583873671520024,0.027744129848666234,0.03017980104442186,0.10247876255804288,0.03806763226963977,0.1665417721719692,nan,nan
oracle,0.0,14,39ad41d28ed90f2c,1.0,0.08000922281143816,0.021551455271766586,0.022216545591104087,0.0,0.03421847780986441,0.259948551798671,0.0,nan
open_loop,0.0,14,39ad41d28ed90f2c,1.0,0.08816232739685126,0.0578066238159034,0.06460037442946742,0.09304017248728776,0.03439987186756178,0.2597175236663465,0.011358325280760848,0.0
pred_error_w8,0.0,14,39ad41d28ed90f2c,1.0,0.08047256238328271,0.02452206942862367,0.010744081960879726,0.09820810142685626,0.13235301528878746,0.28708066921579256,0.0211040209487835,1.8402399899395036e-05
history_h4,0.0,14,39ad41d28ed90f2c,1.0,0.10209887044781255,0.018699451052714304,0.007412346464433561,0.14748468230984654,0.06536501769657936,0.25914190889402555,nan,nan
history_h16,0.0,14,39ad41d28ed90f2c,1.0,0.09968767046278956,0.023841074882006378,0.013480425514244665,0.1383350695249804,0.051711476214752215,0.2639332363462861,nan,nan
history_h16_chunk4,0.0,14,39ad41d28ed90f2c,1.0,0.12399779767118799,0.02727377456674642,0.008159455579723307,0.2345911912871864,0.05082984217366633,0.230897124073321,nan,nan
oracle,0.0,15,184261618d866ebf,1.0,0.07731635783152671,0.02155134136083579,0.022216428365454455,0.0,0.032769373060486606,0.25673412086190706,0.0,nan
open_loop,0.0,15,184261618d866ebf,1.0,0.08564947814437072,0.057583498012735185,0.0643766278865252,0.09231920330309372,0.03294494131752214,0.2565014491149332,0.011261004018292766,0.0
pred_error_w8,0.0,15,184261618d866ebf,1.0,0.08188430243129322,0.026611224550068147,0.010068605347424153,0.10738209696848446,0.1263674361137305,0.26904068049596275,0.02393347255529381,2.293889470793413e-05
history_h4,0.0,15,184261618d866ebf,1.0,0.10463423331854647,0.02410302767286179,0.014669467890509935,0.16026683344909765,0.062287951527874204,0.25915227220930476,nan,nan
history_h16,0.0,15,184261618d866ebf,1.0,0.10092759223879418,0.02814941136299041,0.02074783571497596,0.1457456139351146,0.04944789753693682,0.26087948827932733,nan,nan
history_h16_chunk4,0.0,15,184261618d866ebf,1.0,0.12385444409060344,0.0348892450327413,0.038748318682292116,0.23305840360485963,0.04764057969511419,0.2324419351608671,nan,nan
oracle,0.0,16,cd56fda90d46d68e,1.0,0.23155098720652834,0.021482259659095414,0.022187606144391303,0.0,0.059094963037375915,0.4053139897295705,0.0,nan
open_loop,0.0,16,cd56fda90d46d68e,1.0,0.23243233151617362,0.04551774730345458,0.05230336849589534,0.05688539128643413,0.059337620904959226,0.4054811239323882,0.006638636164057816,0.0
pred_error_w8,0.0,16,cd56fda90d46d68e,1.0,0.2324603306298917,0.021085294719188716,0.015491537146309131,0.08766089755177202,0.13120127567312187,0.41432536649102397,0.0192179376666559,1.9359207525115828e-05
history_h4,0.0,16,cd56fda90d46d68e,1.0,0.2458912579471049,0.01964191020713294,0.008975579564999059,0.15785761093731812,0.0985275433842311,0.50767959414264,nan,nan
history_h16,0.0,16,cd56fda90d46d68e,1.0,0.23243314328550405,0.023078605839183763,0.019031623101228412,0.12709975768799403,0.08913715412965473,0.47890373284447707,nan,nan
history_h16_chunk4,0.0,16,cd56fda90d46d68e,1.0,0.2418537148562245,0.016517066041400755,0.0022394290886285084,0.14311398524442392,0.06402618162357678,0.33262170595823687,nan,nan
oracle,0.0,17,785e78593cb13282,1.0,0.1781548383342433,0.021576935007259723,0.02222724482531291,0.0,0.06629198119762186,0.4657355622477687,0.0,nan
open_loop,0.0,17,785e78593cb13282,1.0,0.18222781764142504,0.06177480562125386,0.06856595810279753,0.10583786456396894,0.06661087556494395,0.46559066631466056,0.013113079562430428,0.0
pred_error_w8,0.0,17,785e78593cb13282,1.0,0.1811002911744105,0.021402938767051346,0.03364155722282103,0.0856972695212655,0.12497148527687214,0.4682985940928935,0.024271210499504692,3.168553129885372e-05
history_h4,0.0,17,785e78593cb13282,1.0,0.20720225797806904,0.018766142081136396,0.033403292337972346,0.18474725977805098,0.08279770748841957,0.44501447980006914,nan,nan
history_h16,0.0,17,785e78593cb13282,1.0,0.20110423194711477,0.02149429864310263,0.0430127535714222,0.15925712951694657,0.07215229956050073,0.4258033974957872,nan,nan
history_h16_chunk4,0.0,17,785e78593cb13282,1.0,0.2281480863123294,0.028991202014386843,0.05735736507213218,0.2967612211474921,0.07417043661112487,0.3455822663574929,nan,nan
oracle,0.0,18,2258a3178f9d139a,1.0,0.13557634598982804,0.021554798501647432,0.022214923195949865,0.0,0.0494584207439201,0.3293973621184481,0.0,nan
open_loop,0.0,18,2258a3178f9d139a,1.0,0.14108659223205539,0.0603778108560864,0.06717148223989966,0.1016146780193389,0.049704700760272016,0.3295979558882371,0.01250012625282499,0.0
pred_error_w8,0.0,18,2258a3178f9d139a,1.0,0.1354758618352447,0.020609498156249535,0.03513002924759068,0.09508607032970416,0.1278850308576161,0.35050430220321366,0.02050097717642759,2.1045488823010104e-05
history_h4,0.0,18,2258a3178f9d139a,1.0,0.1621370665470505,0.03149092707355778,0.043910423155108624,0.19621712105074665,0.07832115657909747,0.3501454004054957,nan,nan
history_h16,0.0,18,2258a3178f9d139a,1.0,0.1593873809270217,0.03550540832428323,0.05526326864702469,0.1871273054552715,0.06388671055584492,0.3399305018208034,nan,nan
history_h16_chunk4,0.0,18,2258a3178f9d139a,1.0,0.182813477398736,0.048874239141217767,0.08429558568171824,0.2916575732563331,0.059371801194501084,0.25646764368037217,nan,nan
oracle,0.0,19,f5100fb2c43db5bf,1.0,0.08000938849979979,0.02154487495627974,0.022211181911235833,0.0,0.03470986101559413,0.24518216873621426,0.0,nan
open_loop,0.0,19,f5100fb2c43db5bf,1.0,0.08827234017044716,0.05790857311631545,0.06470150318037415,0.09362512925267362,0.034880999696664694,0.24508419298509942,0.011416627847151565,0.0
pred_error_w8,0.0,19,f5100fb2c43db5bf,1.0,0.07901575057452395,0.01918569617183745,0.036376180667891056,0.0962100464413435,0.12359180287659209,0.26653653323595655,0.020497075909863053,2.226891392505075e-05
history_h4,0.0,19,f5100fb2c43db5bf,1.0,0.10676089548003109,0.02428095491209091,0.033855712039107644,0.16768832398015915,0.05831012949643868,0.2402186543721958,nan,nan
history_h16,0.0,19,f5100fb2c43db5bf,1.0,0.10493852695851441,0.029778213045759432,0.04022177943291361,0.1625650637517612,0.04752885946949937,0.24158698941292217,nan,nan
history_h16_chunk4,0.0,19,f5100fb2c43db5bf,1.0,0.13010914568187873,0.04075496544937337,0.03101704415316764,0.26278735151362703,0.04727937909070484,0.224050780782149,nan,nan
oracle,0.0,20,345e27ac8e2487fa,1.0,0.021945108183520464,0.02153182398364544,0.022206045470749558,0.0,0.006700339049341311,0.08392547488371715,0.0,nan
open_loop,0.0,20,345e27ac8e2487fa,1.0,0.04096403290462255,0.05475078541405476,0.06154167422366541,0.08359472358364728,0.006634709124505852,0.08301720042880588,0.010070416635286785,0.0
pred_error_w8,0.0,20,345e27ac8e2487fa,1.0,0.026097353303743798,0.021711494491850718,0.02001340657161954,0.10603263019551842,0.1314631754878327,0.1480172006903387,0.025423799074586157,4.930894158913802e-05
history_h4,0.0,20,345e27ac8e2487fa,1.0,0.044073118138764945,0.03391456505532119,0.03890899459352237,0.10361438028250455,0.054385950438765325,0.11969724806570449,nan,nan
history_h16,0.0,20,345e27ac8e2487fa,1.0,0.041592348061548996,0.03574507766584418,0.04224014408330845,0.10210686442692817,0.04159834538147482,0.13886429648194276,nan,nan
history_h16_chunk4,0.0,20,345e27ac8e2487fa,1.0,0.05267946323793167,0.05610923974146147,0.04943353771808345,0.12698457451727826,0.03225257266379626,0.1317518208429552,nan,nan
oracle,0.0,21,bf5fd9b7d29aae6b,1.0,0.2669156967483448,0.021471156125897676,0.022183590722543833,0.0,0.06119853724819675,0.43283374886308074,0.0,nan
open_loop,0.0,21,bf5fd9b7d29aae6b,1.0,0.2674561434002931,0.04428653687990269,0.05107277065556337,0.053810855984313184,0.06146842220219582,0.43306187431860144,0.006280655503865634,0.0
pred_error_w8,0.0,21,bf5fd9b7d29aae6b,1.0,0.26772294836503296,0.02531816170618383,0.014834698615523223,0.09419252770963263,0.13339671414221244,0.4535649229919364,0.021661108689526264,3.6168434026505826e-05
history_h4,0.0,21,bf5fd9b7d29aae6b,1.0,0.2806402030800757,0.02046918634405058,0.010029409540558198,0.1862357047974095,0.10696559178628173,0.5812438466020865,nan,nan
history_h16,0.0,21,bf5fd9b7d29aae6b,1.0,0.2654461624243585,0.023445045652512167,0.014532045829157791,0.15681136336680468,0.09923433518067976,0.5436029540987578,nan,nan
history_h16_chunk4,0.0,21,bf5fd9b7d29aae6b,1.0,0.27790071774105696,0.035094607236624394,0.0024305200523784265,0.1524967367859889,0.07121705105184385,0.35766224133893815,nan,nan
oracle,0.0,22,fe6eb4cb99185ee9,1.0,0.21499243395178963,0.021590259100449503,0.022232417991245867,0.0,0.07504866997037729,0.5271206362498477,0.0,nan
open_loop,0.0,22,fe6eb4cb99185ee9,1.0,0.21833197618019917,0.06306869976564475,0.0698556830393704,0.10996428836230258,0.07539365442064924,0.5269365534446809,0.013694273526080696,0.0
pred_error_w8,0.0,22,fe6eb4cb99185ee9,1.0,0.21333640176024815,0.02243317582118289,0.018755329973316748,0.08645105306056508,0.1401824859885847,0.5344699375960478,0.022312375709289588,4.6662613622109215e-05
history_h4,0.0,22,fe6eb4cb99185ee9,1.0,0.23770605265455655,0.018695659070674407,0.012546724228085893,0.16531023726795208,0.09986238718239401,0.5111672487303519,nan,nan
history_h16,0.0,22,fe6eb4cb99185ee9,1.0,0.23022842866637844,0.024521971095627215,0.019880758536786836,0.13211366688955162,0.08947609491062401,0.49563596239422225,nan,nan
history_h16_chunk4,0.0,22,fe6eb4cb99185ee9,1.0,0.26268108420345104,0.03161356100746944,0.044872295807099505,0.28433736953158995,0.08057389877235795,0.376620144643429,nan,nan
oracle,0.0,23,9ee4a712f763385b,1.0,0.1933845267252273,0.02156721754270303,0.02221904023345278,0.0,0.05753226572958921,0.4109536311723969,0.0,nan
open_loop,0.0,23,9ee4a712f763385b,1.0,0.19749329332885857,0.06226917079809707,0.0690594947260399,0.10771528813203046,0.057824777987078226,0.4113371573130668,0.01333660078093491,0.0
pred_error_w8,0.0,23,9ee4a712f763385b,1.0,0.1928509043672971,0.020640099722710074,0.021699785468475064,0.09482269310450085,0.13436685937974488,0.4204591296689571,0.01950909778336104,1.893834939127738e-05
history_h4,0.0,23,9ee4a712f763385b,1.0,0.2189761999626267,0.029730679511539355,0.0323894952056234,0.20837908192855736,0.09491539237017003,0.4665013931981722,nan,nan
history_h16,0.0,23,9ee4a712f763385b,1.0,0.2130592890304262,0.03491872842779011,0.039010632637039855,0.18707586516027525,0.08172203829989136,0.45376514855390043,nan,nan
history_h16_chunk4,0.0,23,9ee4a712f763385b,1.0,0.24482395884208524,0.05370095166187,0.07302809228490403,0.2901959742769205,0.07336600956094683,0.33557713255892985,nan,nan
oracle,0.0,24,c0602aa53632173f,1.0,0.21944499203867773,0.021572710769592326,0.022220668727929382,0.0,0.06020403083458771,0.44701966953161787,0.0,nan
open_loop,0.0,24,c0602aa53632173f,1.0,0.22312407932800019,0.06293885452248806,0.06972689157554113,0.10985259795938529,0.0605106162091362,0.4474612797507184,0.013632244345349317,0.0
pred_error_w8,0.0,24,c0602aa53632173f,1.0,0.22049062989548907,0.026083512964611155,0.012269548352181747,0.09179258302812672,0.1282236853257042,0.45673223311465594,0.019561793696464637,2.2301428095971333e-05
history_h4,0.0,24,c0602aa53632173f,1.0,0.2464266684376122,0.0388040517226628,0.02940196117677063,0.2329483939582945,0.10139547185691555,0.5363311564309036,nan,nan
history_h16,0.0,24,c0602aa53632173f,1.0,0.23763746602383057,0.03993732412525006,0.03685954456308549,0.20171776798349228,0.09203225808165912,0.5227606389577788,nan,nan
history_h16_chunk4,0.0,24,c0602aa53632173f,1.0,0.2741951054983704,0.047163391393820524,0.06892163977096821,0.28798406760759215,0.08403040040164732,0.3932557478718259,nan,nan
oracle,0.0,25,113f5ffeb9cc0c63,1.0,0.17417708157940578,0.02150267560138504,0.022193615687369217,0.0,0.07722125252696166,0.45908473545140915,0.0,nan
open_loop,0.0,25,113f5ffeb9cc0c63,1.0,0.17549446041419595,0.04746115997119799,0.05424029433262989,0.06227996233332052,0.07751553164273106,0.45911792925527856,0.007296251882171014,0.0
pred_error_w8,0.0,25,113f5ffeb9cc0c63,1.0,0.17271555171648573,0.022378580675413085,0.022705572280934394,0.09404808215914144,0.1346526375177736,0.463661636007907,0.01980193828278126,1.7463677586864755e-05
history_h4,0.0,25,113f5ffeb9cc0c63,1.0,0.18764992527658572,0.03461166567696215,0.03263372090503491,0.16343261797490669,0.08114596600531716,0.39123183564545305,nan,nan
history_h16,0.0,25,113f5ffeb9cc0c63,1.0,0.17689174823266918,0.03792561902474987,0.039187180364401275,0.14361395556557882,0.07159552369017333,0.3634093020373477,nan,nan
history_h16_chunk4,0.0,25,113f5ffeb9cc0c63,1.0,0.1844448305694998,0.05723995492357568,0.0716271258612351,0.24687054824206017,0.052827687729157774,0.26771940685598944,nan,nan
oracle,0.0,26,f87c7d675ac97fa0,1.0,0.2649187896969372,0.021471963333341688,0.022183687580689337,0.0,0.0601428167999062,0.42437203701049525,0.0,nan
open_loop,0.0,26,f87c7d675ac97fa0,1.0,0.2654239566896428,0.04413110572217392,0.05091587921573382,0.053447867429274584,0.060424050271973374,0.4246141778880539,0.0062424469336667815,0.0
pred_error_w8,0.0,26,f87c7d675ac97fa0,1.0,0.2650832300213475,0.026123033591343162,0.011242317037866378,0.0899442907399226,0.13920606411382822,0.4413977637062323,0.018836717786448836,2.4696025965211588e-05
history_h4,0.0,26,f87c7d675ac97fa0,1.0,0.2761558515041082,0.018851776477250486,0.008404578848156596,0.1754705875649398,0.10898839407264513,0.5669824721172699,nan,nan
history_h16,0.0,26,f87c7d675ac97fa0,1.0,0.2621559758777957,0.026008400265056564,0.01917807799770177,0.1466173086049107,0.0975927263466292,0.5240708273432894,nan,nan
history_h16_chunk4,0.0,26,f87c7d675ac97fa0,1.0,0.27347696568759944,0.02685304708849957,0.028305137489777366,0.14567550740849108,0.07037995435753554,0.3489898240226231,nan,nan
oracle,0.0,27,5a0f455cb43072a2,1.0,0.22450236296655524,0.021483584534423204,0.022188389699922872,0.0,0.06064025733004637,0.41558807944728166,0.0,nan
open_loop,0.0,27,5a0f455cb43072a2,1.0,0.22556626674866462,0.04617871176085629,0.05296687132504996,0.0585763893440883,0.06085532084912817,0.415737871800055,0.006839230690609957,0.0
pred_error_w8,0.0,27,5a0f455cb43072a2,1.0,0.22382532092273533,0.020991669970913233,0.01130861195444588,0.09376025572576221,0.14547517538528404,0.4295143690300861,0.01960450485047078,2.9072582364061836e-05
history_h4,0.0,27,5a0f455cb43072a2,1.0,0.24055829753575575,0.016027114895362134,0.0027974757109676673,0.1663780411656122,0.09849590761291283,0.5094935660074391,nan,nan
history_h16,0.0,27,5a0f455cb43072a2,1.0,0.22593371499990356,0.021386472482965387,0.005196014470954857,0.1405270068595481,0.09482476244779205,0.4955060878239279,nan,nan
history_h16_chunk4,0.0,27,5a0f455cb43072a2,1.0,0.23895367724619962,0.03573317379577534,0.01760618373265377,0.1611873686327898,0.06786355768435572,0.3415625441389322,nan,nan
oracle,0.0,28,478472eed3a84b1a,1.0,0.25055496901718444,0.021605044593975855,0.022237827639679963,0.0,0.08200042456926947,0.582111965097315,0.0,nan
open_loop,0.0,28,478472eed3a84b1a,1.0,0.25333436581467317,0.0641034766749953,0.07088432175135972,0.11320085690322143,0.08236125611949137,0.5818892795296632,0.014159018957279447,0.0
pred_error_w8,0.0,28,478472eed3a84b1a,1.0,0.2520530782415844,0.025885375824614504,0.03519465370762598,0.09342153109630405,0.139484438038284,0.57813662022684,0.021968954247865734,1.980482402665374e-05
history_h4,0.0,28,478472eed3a84b1a,1.0,0.272256034881943,0.022802688827815353,0.03684165062275957,0.1812083425203475,0.10901007366787076,0.5747596311762903,nan,nan
history_h16,0.0,28,478472eed3a84b1a,1.0,0.26268310566649034,0.023526669601199736,0.0392153821344734,0.13984839846763894,0.0958382925565574,0.5481506816632961,nan,nan
history_h16_chunk4,0.0,28,478472eed3a84b1a,1.0,0.2996588525746461,0.019401889145761072,0.02430611313080222,0.2867616134829479,0.08868000484231484,0.4146317667439545,nan,nan
oracle,0.0,29,1a10540116678961,1.0,0.0449085044796722,0.021539062616296067,0.022208861745188102,0.0,0.018202904557798803,0.16582505640932174,0.0,nan
open_loop,0.0,29,1a10540116678961,1.0,0.057494140406777305,0.05622539301523789,0.06301675885302682,0.08823872090861327,0.018314364862204748,0.16542727629235687,0.010691919004595058,0.0
pred_error_w8,0.0,29,1a10540116678961,1.0,0.04691021103894799,0.02647057842267446,0.028058986862094848,0.09275556708702819,0.11926849390273069,0.19398689088686066,0.018128378088059637,1.5839255743595496e-05
history_h4,0.0,29,1a10540116678961,1.0,0.07028661818265879,0.0351197033780199,0.04535772075671929,0.13593491141244393,0.05215701403853821,0.17717926752662233,nan,nan
history_h16,0.0,29,1a10540116678961,1.0,0.06857177677523843,0.040769103583173275,0.054770779986111684,0.13336783995441645,0.03914677447342733,0.18804155753730448,nan,nan
history_h16_chunk4,0.0,29,1a10540116678961,1.0,0.0888513120385033,0.05124858584729412,0.07066977628198323,0.21100128951011524,0.04043349359316225,0.1933702926201495,nan,nan
oracle,0.0,30,524e4a39226ea363,1.0,0.0818736692771054,0.021525467337933694,0.022204726283661103,0.0,0.03698203321764507,0.20708825844901907,0.0,nan
open_loop,0.0,30,524e4a39226ea363,1.0,0.08731673765558773,0.05125154052523226,0.05803717722480961,0.07271337610449259,0.03707161799722429,0.2067982837670547,0.008644500688135536,0.0
pred_error_w8,0.0,30,524e4a39226ea363,1.0,0.08317928832445372,0.02150989318091758,0.02062417212127965,0.09063613523019672,0.1278134652275857,0.239566004142664,0.01899820894241223,1.6183625528641737e-05
history_h4,0.0,30,524e4a39226ea363,1.0,0.09183846875205004,0.01423762393745367,0.01422402384911603,0.10066057129098373,0.05892281644234936,0.21770148355237798,nan,nan
history_h16,0.0,30,524e4a39226ea363,1.0,0.0851924295229939,0.020982950577671612,0.025472145347075426,0.07593425562956539,0.04741197781951084,0.2150487461494409,nan,nan
history_h16_chunk4,0.0,30,524e4a39226ea363,1.0,0.08489601978575598,0.019161014618839543,0.018833491243888112,0.10921810430713937,0.03899922407583139,0.19140746644750836,nan,nan
oracle,0.0,31,5dfb4c33dd4cd5ce,1.0,0.09965163036378477,0.02155627365850961,0.022218566288234598,0.0,0.041576283628463245,0.3120569924635921,0.0,nan
open_loop,0.0,31,5dfb4c33dd4cd5ce,1.0,0.10643461618344123,0.05849986933585239,0.06529309164826369,0.0952640053383926,0.041791755495131595,0.3118955748479026,0.01165986731581065,0.0
pred_error_w8,0.0,31,5dfb4c33dd4cd5ce,1.0,0.09949866024915197,0.031235030893707223,0.02846630908127601,0.10227234119013824,0.13264260490661609,0.3300259060007397,0.021561738576876998,2.3723492373950886e-05
history_h4,0.0,31,5dfb4c33dd4cd5ce,1.0,0.12522724593427517,0.026475757504005354,0.018166619579735865,0.16080857066189644,0.07254320651569476,0.2992586977793757,nan,nan
history_h16,0.0,31,5dfb4c33dd4cd5ce,1.0,0.12048945006507761,0.033626587870401285,0.028178245865037255,0.14323481351305148,0.05867952735237694,0.29713819819206755,nan,nan
history_h16_chunk4,0.0,31,5dfb4c33dd4cd5ce,1.0,0.1466685834962623,0.04387001917970783,0.07538657688073336,0.2576917102820036,0.05544776303195704,0.24748212604271064,nan,nan
oracle,0.0,32,6fbf3721ca5c4021,1.0,0.2421403547936091,0.02160132008934535,0.022236519306879643,0.0,0.08059098262656078,0.5688232928145857,0.0,nan
open_loop,0.0,32,6fbf3721ca5c4021,1.0,0.24504251847249048,0.06391296891316353,0.07069560261497898,0.1126183283988842,0.08094877908959326,0.5686062249623964,0.014074145070680527,0.0
pred_error_w8,0.0,32,6fbf3721ca5c4021,1.0,0.2401599365456903,0.027958661358530833,0.021041879686963583,0.09325401956260977,0.14130843973809068,0.5753538339869214,0.025673337304787443,8.373923679129314e-05
history_h4,0.0,32,6fbf3721ca5c4021,1.0,0.26196923546570927,0.021598871611205463,0.015173844518721502,0.17078284726050502,0.11157497953201438,0.5646652399201515,nan,nan
history_h16,0.0,32,6fbf3721ca5c4021,1.0,0.25332654432892776,0.030505380619644702,0.028237788550442566,0.13615167233636205,0.0983241644339349,0.5414024380133993,nan,nan
history_h16_chunk4,0.0,32,6fbf3721ca5c4021,1.0,0.28833998245910025,0.044719152816750596,0.04607591806248035,0.2943519895831092,0.08761204850916833,0.40139621030004846,nan,nan
oracle,0.0,33,4c7460190386f9a1,1.0,0.19839846740562905,0.02158417916829086,0.0222300618472433,0.0,0.07113344496626592,0.5011105114096402,0.0,nan
open_loop,0.0,33,4c7460190386f9a1,1.0,0.20204194420570468,0.06246182715904833,0.06925070195987315,0.10802995449703134,0.0714676704852354,0.5009483724278556,0.013420895721261306,0.0
pred_error_w8,0.0,33,4c7460190386f9a1,1.0,0.19669278695343748,0.025303509638326827,0.018550162238901713,0.08533714307735753,0.1321396628596792,0.516093333001488,0.0194860740403606,1.5353141301300237e-05
history_h4,0.0,33,4c7460190386f9a1,1.0,0.2208931021146117,0.018197531686013447,0.014079020000051123,0.17136065755149948,0.09971239352741774,0.49013361402086497,nan,nan
history_h16,0.0,33,4c7460190386f9a1,1.0,0.21388156127581068,0.01969633045813418,0.02417466216563291,0.14057383519516262,0.0876663624407451,0.48292426270804617,nan,nan
history_h16_chunk4,0.0,33,4c7460190386f9a1,1.0,0.24295186590816462,0.022083960883204662,0.008086745870924616,0.2899365875229601,0.08013851551269212,0.3640251651933008,nan,nan
oracle,0.0,34,8e11b203a1eb22c2,1.0,0.10555145626138618,0.021517345172570274,0.022201556439031656,0.0,0.04468237092307866,0.2617686983200691,0.0,nan
open_loop,0.0,34,8e11b203a1eb22c2,1.0,0.10960668506536637,0.05059172114079079,0.057379288670991624,0.07078609849528722,0.044775715580457495,0.261621501567831,0.00839126908067042,0.0
pred_error_w8,0.0,34,8e11b203a1eb22c2,1.0,0.10616317814635726,0.020982148934368606,0.0209836286635392,0.10367629786479507,0.1349177798469225,0.29873791929392934,0.022244300872354045,2.7486914853369815e-05
history_h4,0.0,34,8e11b203a1eb22c2,1.0,0.1215857403227859,0.015960119017447573,0.014600650065978549,0.13175238378111626,0.06780477119270946,0.28649963238769527,nan,nan
history_h16,0.0,34,8e11b203a1eb22c2,1.0,0.11228400165199173,0.020694714835690502,0.026302498442605238,0.10219416727507713,0.060008080608337885,0.27518395427551545,nan,nan
history_h16_chunk4,0.0,34,8e11b203a1eb22c2,1.0,0.11701133031542983,0.03774002210322515,0.029036986223077932,0.16270037079652008,0.042239741276264654,0.19868330746946336,nan,nan
oracle,0.0,35,7d877447cb3311bc,1.0,0.023666576874206542,0.021533949485827156,0.022206851147692497,0.0,0.005808315365330095,0.09619584555556736,0.0,nan
open_loop,0.0,35,7d877447cb3311bc,1.0,0.042148775882781174,0.05507102549818241,0.06186173109460125,0.08459512668529355,0.005795118110875343,0.09535542230274303,0.01020404584367523,0.0
pred_error_w8,0.0,35,7d877447cb3311bc,1.0,0.023299572507758878,0.019432230965799862,0.004805584336519786,0.09499650996259433,0.11358480837374893,0.13761755464578623,0.023691648505751485,3.638327722181882e-05
history_h4,0.0,35,7d877447cb3311bc,1.0,0.04301276097785651,0.029454257578391672,0.009659284546729374,0.09050884393429068,0.04398130980257091,0.1165917567914101,nan,nan
history_h16,0.0,35,7d877447cb3311bc,1.0,0.043831383658797664,0.03761207483613487,0.017085345887905667,0.09370966233937228,0.03227774284997411,0.12948202267718997,nan,nan
history_h16_chunk4,0.0,35,7d877447cb3311bc,1.0,0.06088595805717775,0.05200783735952162,0.006127533616131053,0.1486817303472324,0.0354197613212085,0.16391230390116357,nan,nan
oracle,0.0,36,2c374ec8b0941352,1.0,0.049552828729041175,0.021531393446332814,0.022207447560797178,0.0,0.024910137616554067,0.1439322396216819,0.0,nan
open_loop,0.0,36,2c374ec8b0941352,1.0,0.05922831217242084,0.052866581464065816,0.0596549234358541,0.0775454596328803,0.024937608297538043,0.14338297995808066,0.009282563653075598,0.0
pred_error_w8,0.0,36,2c374ec8b0941352,1.0,0.049928547074721885,0.018129805061890242,0.023742328868093132,0.10672628134612833,0.13292229864678376,0.19206084050162567,0.022059897698639707,3.646535108666904e-05
history_h4,0.0,36,2c374ec8b0941352,1.0,0.05636891928562763,0.013206027833693212,0.016463002533081195,0.08444898488763528,0.056557255550951126,0.16575023320806156,nan,nan
history_h16,0.0,36,2c374ec8b0941352,1.0,0.051656716688654646,0.019300760192604904,0.026009762200962072,0.06294557622090638,0.040596216799302545,0.16282361172114942,nan,nan
history_h16_chunk4,0.0,36,2c374ec8b0941352,1.0,0.051803920504932086,0.02637304479000905,0.009730708806289456,0.07418416237460708,0.030576539625864825,0.14576683438945887,nan,nan
oracle,0.0,37,409cd6acf3014388,1.0,0.07569657726338853,0.02154959511398807,0.022215863992048224,0.0,0.03310050682652084,0.24142851340878577,0.0,nan
open_loop,0.0,37,409cd6acf3014388,1.0,0.08430643324973626,0.057842529060395796,0.06463739490360343,0.09316584736619381,0.03327758724264446,0.24117093294672368,0.01137506126196728,0.0
pred_error_w8,0.0,37,409cd6acf3014388,1.0,0.07708814890482057,0.024962539645935908,0.030400759594009674,0.09761127297871551,0.13391702001170605,0.2631514951312494,0.020978293942516008,3.988809449198601e-05
history_h4,0.0,37,409cd6acf3014388,1.0,0.09743989303637715,0.020111177251970563,0.015766437778051756,0.14837167312828553,0.06470128651694845,0.23236899065265817,nan,nan
history_h16,0.0,37,409cd6acf3014388,1.0,0.09592498117386206,0.022815325143956663,0.02692622853380522,0.1397938105123843,0.04616683342834516,0.22949526018955652,nan,nan
history_h16_chunk4,0.0,37,409cd6acf3014388,1.0,0.1159863056831233,0.025872528870229197,0.02429497523590296,0.2340410033855005,0.04013981620149342,0.18325736039730017,nan,nan
oracle,0.0,38,79d3a413c2a91960,1.0,0.03418665695889586,0.02153591003461685,0.02220940749309719,0.0,0.01643336996310255,0.11923112772801817,0.0,nan
open_loop,0.0,38,79d3a413c2a91960,1.0,0.047794325231945156,0.05372787200093834,0.060516798521581094,0.08017417738617838,0.016446366827301977,0.1185245800930451,0.009632111398704749,0.0
pred_error_w8,0.0,38,79d3a413c2a91960,1.0,0.030610999887712237,0.02228894438300909,0.019168635531050082,0.08564083730189977,0.11654113951259353,0.1425165715932302,0.020256393453281143,2.1662380959206896e-05
history_h4,0.0,38,79d3a413c2a91960,1.0,0.03729072249311013,0.018794731547139717,0.0065394708627066755,0.058042120608185026,0.05389541873483549,0.13945178941340736,nan,nan
history_h16,0.0,38,79d3a413c2a91960,1.0,0.03276494990114744,0.021783587647028174,0.010797811437167848,0.05839755792192849,0.03722250643488363,0.14744460871832585,nan,nan
history_h16_chunk4,0.0,38,79d3a413c2a91960,1.0,0.04669888462793236,0.026182159202192738,0.010346756232414656,0.0872192708465926,0.03349170725576954,0.16824414481704078,nan,nan
oracle,0.0,39,e285ed269dec1644,1.0,0.2518089301009115,0.02147603683579221,0.022185235493512145,0.0,0.059801529849195394,0.4175877372963151,0.0,nan
open_loop,0.0,39,e285ed269dec1644,1.0,0.25245378416236536,0.04468490247778768,0.05147008620190263,0.054798132766605286,0.060067260651048546,0.41779898025269935,0.006395095410728761,0.0
pred_error_w8,0.0,39,e285ed269dec1644,1.0,0.2522009764447043,0.027495532748775767,0.035064047339300686,0.09020359767125313,0.12977990467498618,0.42168979693813324,0.020315720265636085,1.689370889720417e-05
history_h4,0.0,39,e285ed269dec1644,1.0,0.2635145511460851,0.020221863276994555,0.020890252702635337,0.16540821171519415,0.10439684412944053,0.5325145083660774,nan,nan
history_h16,0.0,39,e285ed269dec1644,1.0,0.2504598895798482,0.030364782320847678,0.04199072502076184,0.13994130126911392,0.09367036902343572,0.49234177306731336,nan,nan
history_h16_chunk4,0.0,39,e285ed269dec1644,1.0,0.26364963938377783,0.05004073096692245,0.04425393645239506,0.15881764237752607,0.06873977128158913,0.33183250382037893,nan,nan
oracle,0.0,40,60fcaed9103287d5,1.0,0.2381752952902879,0.021599640607799158,0.02223591026927707,0.0,0.07984067163606075,0.5628244213341876,0.0,nan
open_loop,0.0,40,60fcaed9103287d5,1.0,0.24113708002811673,0.06379994847057618,0.0705833003083729,0.11226612275475682,0.08019687307379843,0.5626117929082005,0.014023361643001843,0.0
pred_error_w8,0.0,40,60fcaed9103287d5,1.0,0.23814558674293862,0.02327720081657294,0.02311397545592042,0.08490775231256029,0.13239728345353227,0.5750790816064869,0.01838792337690004,1.499488422432458e-05
history_h4,0.0,40,60fcaed9103287d5,1.0,0.25908708916909173,0.02209484697653459,0.015535456892979305,0.1734078227240195,0.10663603825648828,0.5574637636591797,nan,nan
history_h16,0.0,40,60fcaed9103287d5,1.0,0.2498696948059465,0.023891112735127135,0.019354402718230634,0.1373073406978827,0.09426631315115579,0.5366749417156618,nan,nan
history_h16_chunk4,0.0,40,60fcaed9103287d5,1.0,0.28188803798728335,0.027307139467175567,0.004572844671844933,0.28135149152177047,0.08415101231980066,0.39568458624652375,nan,nan
oracle,0.0,41,1b4cffc2e999198c,1.0,0.26723206734096616,0.021471081944832278,0.02218353534758588,0.0,0.06106149115238053,0.43189195463090785,0.0,nan
open_loop,0.0,41,1b4cffc2e999198c,1.0,0.26776197710799143,0.04424077321747599,0.05102679296100909,0.05370148030489482,0.06133351568727383,0.4321227084891245,0.006268666205559278,0.0
pred_error_w8,0.0,41,1b4cffc2e999198c,1.0,0.26911369619328634,0.019510420802415492,0.011732685560462919,0.08385274358255604,0.11968168712365498,0.42523121676833586,0.02004877104447702,1.7661397187080926e-05
history_h4,0.0,41,1b4cffc2e999198c,1.0,0.27795399875660726,0.014478275139152848,0.0015419702927106371,0.18035939275025878,0.10627178436294148,0.5615136688623817,nan,nan
history_h16,0.0,41,1b4cffc2e999198c,1.0,0.26358904604931854,0.019129939909739446,0.0044544384912743595,0.15238965035098354,0.09676920179324201,0.5211910086294812,nan,nan
history_h16_chunk4,0.0,41,1b4cffc2e999198c,1.0,0.2768712229577669,0.02311967463981417,0.031937143724981354,0.14618597344710366,0.07062707102907491,0.36026657805956896,nan,nan
oracle,0.0,42,bef7a33c48b8db87,1.0,0.1112694250420391,0.02151799846967756,0.02219984140055775,0.0,0.056594395173647866,0.32110452937063133,0.0,nan
open_loop,0.0,42,bef7a33c48b8db87,1.0,0.11478156350619366,0.050096092166789105,0.05687786030793074,0.06958346998060126,0.05678075826646878,0.3210536872895307,0.00822019742765933,0.0
pred_error_w8,0.0,42,bef7a33c48b8db87,1.0,0.11175802502204842,0.025129771071370655,0.023918294713783705,0.09238993373249971,0.14197265318617874,0.3393076827804921,0.019069384767902264,2.538570043849355e-05
history_h4,0.0,42,bef7a33c48b8db87,1.0,0.1283231236770842,0.039362597823214496,0.025078392902904145,0.15223472329961465,0.06776686124451005,0.2705286599778858,nan,nan
history_h16,0.0,42,bef7a33c48b8db87,1.0,0.11896477976796878,0.04295724185404693,0.034473947024983964,0.11682617012548156,0.05452700162160382,0.26004882766087795,nan,nan
history_h16_chunk4,0.0,42,bef7a33c48b8db87,1.0,0.11839968641596384,0.053274322072521564,0.017313500891606992,0.17503279230297342,0.03923337402741479,0.20129640781980637,nan,nan
oracle,0.0,43,b57874281d538e64,1.0,0.15994960961109944,0.021559907820727437,0.022216687293808768,0.0,0.05331719763651094,0.3636008793586723,0.0,nan
open_loop,0.0,43,b57874281d538e64,1.0,0.1647704940680957,0.061258499577754554,0.06805119036205198,0.10446406296544339,0.05358665066361687,0.3638921610878085,0.012889610927560446,0.0
pred_error_w8,0.0,43,b57874281d538e64,1.0,0.15716265898801476,0.023709020574516015,0.02067050072925447,0.09637944096231268,0.1324506059362208,0.39602251742172034,0.021531961615767727,2.3385343792424962e-05
history_h4,0.0,43,b57874281d538e64,1.0,0.18603616682612142,0.03227327412250604,0.03286626525588776,0.19529407884352856,0.0834707879054941,0.4010547589259338,nan,nan
history_h16,0.0,43,b57874281d538e64,1.0,0.18161100698767496,0.039052733637539735,0.040082441696654314,0.1797240256125738,0.07254041989607657,0.3914984944404515,nan,nan
history_h16_chunk4,0.0,43,b57874281d538e64,1.0,0.20954303379513717,0.05937092037882485,0.0441941066992948,0.28566494767690886,0.06510702890833948,0.291955270269692,nan,nan
oracle,0.0,44,b85f582c0014c384,1.0,0.04984102001136639,0.02153978351099681,0.02220917984290338,0.0,0.021020023630019403,0.1757292297954755,0.0,nan
open_loop,0.0,44,b85f582c0014c384,1.0,0.061589683471076115,0.05653834627825737,0.06333024951315736,0.08923658621981224,0.02114239825645834,0.17538318798901692,0.010825819455105702,0.0
pred_error_w8,0.0,44,b85f582c0014c384,1.0,0.04792187246605002,0.018216260348524468,0.029373213157598776,0.08910587248777212,0.11780237221007069,0.20707791549930749,0.018939042732326543,1.5357323946038243e-05
history_h4,0.0,44,b85f582c0014c384,1.0,0.07333923888683674,0.029355978977474415,0.033351024975437404,0.13364851532953237,0.054530797022434366,0.181397750712079,nan,nan
history_h16,0.0,44,b85f582c0014c384,1.0,0.07132472816312181,0.034378085044065795,0.039513407007564005,0.1247531046773972,0.0397396637813011,0.18488040635574335,nan,nan
history_h16_chunk4,0.0,44,b85f582c0014c384,1.0,0.08787373013041515,0.03782912574708728,0.01829170551073922,0.18973182260756855,0.04035284374765178,0.18709630253969495,nan,nan
oracle,0.0,45,81372bd43acd49a5,1.0,0.19882424273268728,0.021568399451875782,0.022219398440177063,0.0,0.058147990564239395,0.4189825500512783,0.0,nan
open_loop,0.0,45,81372bd43acd49a5,1.0,0.20283456609474765,0.062408873371687025,0.06919871421296131,0.1081614264870595,0.05844339426946793,0.41937822587703083,0.013398219010656024,0.0
pred_error_w8,0.0,45,81372bd43acd49a5,1.0,0.20272419595087726,0.030038809418014213,0.02890574037137439,0.10314938541829277,0.13134666173147258,0.4195615168488355,0.02343984365876848,3.0445779435952396e-05
history_h4,0.0,45,81372bd43acd49a5,1.0,0.2271446661149518,0.04246405747804474,0.049427308840344075,0.22329549590647244,0.09617048197247471,0.4823189881199403,nan,nan
history_h16,0.0,45,81372bd43acd49a5,1.0,0.21956761823543636,0.044392667932956445,0.053403479734665193,0.19061317640431966,0.08378338327661893,0.46798113341213177,nan,nan
history_h16_chunk4,0.0,45,81372bd43acd49a5,1.0,0.2521509204121113,0.05693318847528119,0.10171211139592673,0.29198421023308224,0.07751760104756168,0.3554892698040943,nan,nan
oracle,0.0,46,28669d9868280d54,1.0,0.0709021712744537,0.02154318332066768,0.02221055052308163,0.0,0.03112578988417087,0.22278518870257677,0.0,nan
open_loop,0.0,46,28669d9868280d54,1.0,0.0799919166427806,0.05756571235275523,0.06435866696134251,0.09252572823366635,0.03128502977173741,0.2226249324630012,0.011268290808101773,0.0
pred_error_w8,0.0,46,28669d9868280d54,1.0,0.070856104446025,0.023495663670042036,0.009340842551719852,0.08746489642269795,0.12738398346249258,0.23971426668716705,0.01829250192838882,1.7617311410842874e-05
history_h4,0.0,46,28669d9868280d54,1.0,0.0950794878007969,0.03277925896268527,0.006435795932002719,0.1543607768000347,0.059298531380093306,0.2158597736298556,nan,nan
history_h16,0.0,46,28669d9868280d54,1.0,0.09343685114860531,0.04114629674000752,0.017586312570792906,0.14707678516229414,0.04408403599988082,0.21906112672032008,nan,nan
history_h16_chunk4,0.0,46,28669d9868280d54,1.0,0.11427064517496903,0.04616989120448027,0.022243564637639324,0.23853945631739815,0.04388230907511865,0.19534804038795126,nan,nan
oracle,0.0,47,375f58e74a1b770d,1.0,0.06388575118180814,0.021527157391287053,0.02220569881624046,0.0,0.03133637349108586,0.1762876381581086,0.0,nan
open_loop,0.0,47,375f58e74a1b770d,1.0,0.0713649655620131,0.052308231526283895,0.059096857359370425,0.075862837576227,0.03137468841537326,0.1758984051506994,0.009059472453039077,0.0
pred_error_w8,0.0,47,375f58e74a1b770d,1.0,0.06656377793328909,0.021020242964017416,0.022640268483431925,0.11017445542498765,0.12806658800308948,0.18129816122368875,0.028591772708320327,3.704353473625525e-05
history_h4,0.0,47,375f58e74a1b770d,1.0,0.07249969229668334,0.017884842444788825,0.01817333788122344,0.09425309814818385,0.053352574520479285,0.17321111957839075,nan,nan
history_h16,0.0,47,375f58e74a1b770d,1.0,0.06536670974896049,0.02140541429940754,0.024396498313159043,0.06832147009961637,0.0395917051940948,0.165553244199582,nan,nan
history_h16_chunk4,0.0,47,375f58e74a1b770d,1.0,0.06759518055429903,0.029548142348082302,0.01343894196550588,0.12171608195991214,0.034862474739896,0.1488907707650759,nan,nan
oracle,0.0,48,e31ac96af6133c1e,1.0,0.24935504467818628,0.02157858734650113,0.022222511804351086,0.0,0.061714791395626814,0.46123196562851404,0.0,nan
open_loop,0.0,48,e31ac96af6133c1e,1.0,0.2526961802055795,0.06411060023933784,0.07089724772948358,0.11364632785733844,0.062048455519361556,0.46176924968873856,0.01415725890904704,0.0
pred_error_w8,0.0,48,e31ac96af6133c1e,1.0,0.25122503077788494,0.02349356007271044,0.016789932645354888,0.08468073459030219,0.1288746047016554,0.4641405521242766,0.018657046489917624,1.857488309836595e-05
history_h4,0.0,48,e31ac96af6133c1e,1.0,0.27216432767265375,0.03628860211103805,0.03046030875781547,0.23771811983692148,0.108269635762051,0.5748747761363477,nan,nan
history_h16,0.0,48,e31ac96af6133c1e,1.0,0.2628921570870207,0.040105280656910804,0.039943231996773854,0.20102181048613796,0.09630670389810618,0.5561355362810002,nan,nan
history_h16_chunk4,0.0,48,e31ac96af6133c1e,1.0,0.2986749816055584,0.03124740351831713,0.028086068725498237,0.2613113970960941,0.08703576782374502,0.40635314272876066,nan,nan
oracle,0.0,49,ec0917d89d97e1b2,1.0,0.07734202346178003,0.02155130405328014,0.02221641843296851,0.0,0.03280957015504771,0.25644133537077085,0.0,nan
open_loop,0.0,49,ec0917d89d97e1b2,1.0,0.08567739871752016,0.05759528122605746,0.06438846744343074,0.09235744868371934,0.03298522311351604,0.25620773000973135,0.011266158489680213,0.0
pred_error_w8,0.0,49,ec0917d89d97e1b2,1.0,0.07684267710399713,0.030369008493870822,0.02790739312992674,0.09688530711614451,0.13517251722413814,0.2734798556612566,0.020341839342264016,1.7514738893029314e-05
history_h4,0.0,49,ec0917d89d97e1b2,1.0,0.10069572820551592,0.02413857484413886,0.02492458622953464,0.1432034867897507,0.063399963825394,0.25125776972200103,nan,nan
history_h16,0.0,49,ec0917d89d97e1b2,1.0,0.09765974097115138,0.03229111597494079,0.036524792465791656,0.13002541808862986,0.04958534854999224,0.24967795458635267,nan,nan
history_h16_chunk4,0.0,49,ec0917d89d97e1b2,1.0,0.12138260863610716,0.033513623344781605,0.013212658305831404,0.22355307624472673,0.04948282759365482,0.24150144088384518,nan,nan
oracle,0.0,50,6adb787a25c1cd69,1.0,0.11505751413538828,0.021515784272541517,0.02220081483145986,0.0,0.04628044111935305,0.27258775260026613,0.0,nan
open_loop,0.0,50,6adb787a25c1cd69,1.0,0.11859498453339128,0.05007147350349673,0.05685786091632128,0.06927942845391076,0.04639441084450408,0.2724600932570413,0.008195004182652286,0.0
pred_error_w8,0.0,50,6adb787a25c1cd69,1.0,0.11845572388768298,0.0206192169761526,0.03074911238311806,0.10827171824333352,0.14902619321560678,0.2786097858238425,0.025825606393947934,5.3099558180426435e-05
history_h4,0.0,50,6adb787a25c1cd69,1.0,0.12990151186095494,0.01419356740742266,0.022437798808153886,0.12931657177841907,0.06839214418551376,0.2817615426054627,nan,nan
history_h16,0.0,50,6adb787a25c1cd69,1.0,0.12058825993159646,0.018965150018202488,0.03209297516576104,0.08798013812236205,0.05501879855579936,0.2667191638513736,nan,nan
history_h16_chunk4,0.0,50,6adb787a25c1cd69,1.0,0.12259072112646689,0.020644793792694426,0.039782303950369524,0.15611331546544777,0.040336202911116885,0.19226327684631744,nan,nan
oracle,0.0,51,e975a9640305eb34,1.0,0.05013906003347302,0.021527430859437435,0.02220402495430296,0.0,0.028227591881385756,0.1583203898734381,0.0,nan
open_loop,0.0,51,e975a9640305eb34,1.0,0.0597759722530825,0.05293497834965766,0.05972217210568864,0.07798086763551454,0.028261760454732485,0.15790083546120579,0.009323560586488415,0.0
pred_error_w8,0.0,51,e975a9640305eb34,1.0,0.05458220872204947,0.03010005662832383,0.030186740690676395,0.10111460322476717,0.116311371503015,0.2048350653093999,0.02020849812818727,1.600952877215447e-05
history_h4,0.0,51,e975a9640305eb34,1.0,0.0680305457144713,0.0369890449939026,0.03478885346067262,0.11250436541179692,0.05637002417907166,0.1822167152519213,nan,nan
history_h16,0.0,51,e975a9640305eb34,1.0,0.06738782757529664,0.048255712847183975,0.047607831249947274,0.10977713144009904,0.04507784497720644,0.19179744676537946,nan,nan
history_h16_chunk4,0.0,51,e975a9640305eb34,1.0,0.06512062247168682,0.04555994759639626,0.03927193696969944,0.11984798782187531,0.03343640792309892,0.1552687488776109,nan,nan
oracle,0.0,52,42f4e2b0d56186bf,1.0,0.21558173696214109,0.02157178742919773,0.022220538146668467,0.0,0.05911872254060052,0.42650188578648845,0.0,nan
open_loop,0.0,52,42f4e2b0d56186bf,1.0,0.21936019131080003,0.06313063472369057,0.069919957564053,0.1105072389407774,0.05943255745764256,0.4269625255246849,0.013721455667048433,0.0
pred_error_w8,0.0,52,42f4e2b0d56186bf,1.0,0.21803002900380655,0.026185672726961907,0.035766954475686674,0.0910688136862111,0.12476467055340046,0.42912238302122857,0.021529428924295737,2.3383000070539206e-05
history_h4,0.0,52,42f4e2b0d56186bf,1.0,0.24150012244787408,0.03998069385778362,0.04511647651917494,0.22356906382490366,0.10022924120655086,0.5087700208245317,nan,nan
history_h16,0.0,52,42f4e2b0d56186bf,1.0,0.234282953016601,0.04314130087532282,0.0501794114762788,0.18861775243283063,0.08555481594625575,0.4879148728098957,nan,nan
history_h16_chunk4,0.0,52,42f4e2b0d56186bf,1.0,0.2645185813687794,0.03054363910944615,0.06716376391962076,0.2749620545920042,0.0807920562158716,0.37225644513036515,nan,nan
oracle,0.0,53,f7270d112c2e37ce,1.0,0.028749801739967863,0.021536197836631733,0.022209647317571246,0.0,0.012633951593497039,0.10583354288234097,0.0,nan
open_loop,0.0,53,f7270d112c2e37ce,1.0,0.044440722974026625,0.05414499493009498,0.060935187745455366,0.08146414744118204,0.012620870086376492,0.1050258625363403,0.009803997431495761,0.0
pred_error_w8,0.0,53,f7270d112c2e37ce,1.0,0.028851559935647104,0.017936781442510007,0.007809380013114264,0.09213927964796069,0.11961356259922888,0.1431725565964761,0.01813761069232597,1.5725360268059142e-05
history_h4,0.0,53,f7270d112c2e37ce,1.0,0.03289456334469814,0.013330185169516166,0.003211540457552786,0.06974743024473057,0.05188165358568548,0.1301806564041437,nan,nan
history_h16,0.0,53,f7270d112c2e37ce,1.0,0.02966607745317776,0.018781812629986898,0.014420795157497501,0.0656823568910739,0.03617573379780299,0.14168080196897814,nan,nan
history_h16_chunk4,0.0,53,f7270d112c2e37ce,1.0,0.0365907525938511,0.02581905223655582,0.02261952709475601,0.08020792489552066,0.033214118439717104,0.1517657725237437,nan,nan
oracle,0.0,54,37898e7c01746327,1.0,0.28958928361159114,0.02145687208475332,0.02217783279723795,0.0,0.09785919451712088,0.6391376396811885,0.0,nan
open_loop,0.0,54,37898e7c01746327,1.0,0.2894060821114653,0.04395151136294854,0.05074107014923168,0.05328054380505696,0.09823043849520476,0.6391676110791106,0.006266250027508798,0.0
pred_error_w8,0.0,54,37898e7c01746327,1.0,0.2891619337253141,0.022152775427144777,0.02533359372293509,0.09400600655690207,0.1490608576519639,0.6370677477131986,0.022969965010503256,3.2741231527428594e-05
history_h4,0.0,54,37898e7c01746327,1.0,0.298325745532569,0.03357762505827282,0.039815105668331796,0.16293009505206235,0.11506244588667586,0.6191717293483339,nan,nan
history_h16,0.0,54,37898e7c01746327,1.0,0.28093059674918314,0.037406656995116444,0.048196048172489014,0.15134154447729695,0.10876526114652739,0.5900335726477411,nan,nan
history_h16_chunk4,0.0,54,37898e7c01746327,1.0,0.2967376335398246,0.039615296229160185,0.04105025041907551,0.272199359561303,0.07871268900178013,0.3874823575903321,nan,nan
oracle,0.0,55,9d8cd515672e11f0,1.0,0.2588667087326145,0.021473783282062904,0.02218442911587859,0.0,0.06023972871258943,0.4231352814920485,0.0,nan
open_loop,0.0,55,9d8cd515672e11f0,1.0,0.25944916408733193,0.044446622754279706,0.05123197623562081,0.05421027046367911,0.06051031949899129,0.4233580232367945,0.00632753065266068,0.0
pred_error_w8,0.0,55,9d8cd515672e11f0,1.0,0.26298133364965337,0.021508159394200584,0.02597711338092701,0.09577773461155319,0.14034059600498058,0.4164079614631469,0.02332520621869108,2.936316909719397e-05
history_h4,0.0,55,9d8cd515672e11f0,1.0,0.27090673511676827,0.015657880779258723,0.017840577076596364,0.16157964738552114,0.09982623062039475,0.5409208507247094,nan,nan
history_h16,0.0,55,9d8cd515672e11f0,1.0,0.2564709846198333,0.018176367421341343,0.026066412006862105,0.13028956109210207,0.09211964920366765,0.49990927051047007,nan,nan
history_h16_chunk4,0.0,55,9d8cd515672e11f0,1.0,0.26790967179723085,0.03597194594667571,0.017629962091852747,0.1445542377975656,0.06624625178101348,0.33346578884058414,nan,nan
oracle,0.0,56,eb103f4e16ab0aca,1.0,0.2299976632207561,0.021480050424155794,0.022185833665753663,0.0,0.08601103378802268,0.5567591690751537,0.0,nan
open_loop,0.0,56,eb103f4e16ab0aca,1.0,0.23059841523359498,0.04607189819350882,0.052858036118433205,0.05860144744504863,0.08634514841210508,0.556857922226908,0.006850371416988034,0.0
pred_error_w8,0.0,56,eb103f4e16ab0aca,1.0,0.2311726338068906,0.026747308702728158,0.01716825013721257,0.1040881103290595,0.1580928646112666,0.5639140095109394,0.02216369099520036,2.2055227877261767e-05
history_h4,0.0,56,eb103f4e16ab0aca,1.0,0.24730077100124295,0.03786221482716646,0.02689565970230756,0.1639938241714884,0.10423141721865009,0.5287899255579088,nan,nan
history_h16,0.0,56,eb103f4e16ab0aca,1.0,0.23108989018702167,0.04051699676573908,0.03205970551345283,0.12852765035182126,0.0976332811580048,0.508710245658552,nan,nan
history_h16_chunk4,0.0,56,eb103f4e16ab0aca,1.0,0.24086789844597367,0.05265808399898976,0.012675205555070512,0.25892055821162935,0.07242281257939867,0.35100650425902297,nan,nan
oracle,0.0,57,41684d5625d7a3eb,1.0,0.09319265050282806,0.021520868996965762,0.022201127976264168,0.0,0.049003422809152694,0.2756317563362725,0.0,nan
open_loop,0.0,57,41684d5625d7a3eb,1.0,0.09781096991191245,0.050938412754457776,0.057721904148651415,0.07202042225577962,0.04914585877105391,0.27552229751666024,0.00853769653578884,0.0
pred_error_w8,0.0,57,41684d5625d7a3eb,1.0,0.09569511929574614,0.0307263524604407,0.021038464459958384,0.102963377374761,0.13499824632325436,0.2949282848323489,0.02024417280606835,1.962410109869985e-05
history_h4,0.0,57,41684d5625d7a3eb,1.0,0.11153204539056757,0.04132629390537831,0.03144342056071592,0.14972602510677357,0.06339308556348633,0.23803270058465031,nan,nan
history_h16,0.0,57,41684d5625d7a3eb,1.0,0.10302108610039169,0.045970312591006736,0.0329350183869459,0.12288047456015,0.052372430950461346,0.22902926864763046,nan,nan
history_h16_chunk4,0.0,57,41684d5625d7a3eb,1.0,0.10584950135540999,0.05899072312055355,0.026391392499559352,0.17633914382964877,0.037743552961144795,0.17921649087742672,nan,nan
oracle,0.0,58,5f2f56f35fc83e6d,1.0,0.06838373027143788,0.02154754110815975,0.022215033444452637,0.0,0.030327224098315283,0.2176493459113234,0.0,nan
open_loop,0.0,58,5f2f56f35fc83e6d,1.0,0.0777660616896938,0.057658023600662967,0.06445343125214809,0.09257877699045351,0.030494016226816308,0.21735923096152163,0.011295597874092993,0.0
pred_error_w8,0.0,58,5f2f56f35fc83e6d,1.0,0.06928476502458462,0.02197278165762358,0.03579792052228736,0.09206055572326156,0.12398316725840625,0.24209445557995332,0.01819530912770798,1.6204676494831557e-05
history_h4,0.0,58,5f2f56f35fc83e6d,1.0,0.08847570780669343,0.014695722653886313,0.021550368105444306,0.14210157257483239,0.060876112568311845,0.21609799736676671,nan,nan
history_h16,0.0,58,5f2f56f35fc83e6d,1.0,0.08873061184769666,0.020987781143089343,0.033231986198409835,0.14337162489634345,0.045243863673461816,0.21835356030916206,nan,nan
history_h16_chunk4,0.0,58,5f2f56f35fc83e6d,1.0,0.10522997658769191,0.04353073064672105,0.06247176104987595,0.21915675419897268,0.044830570752062475,0.20129248173751213,nan,nan
oracle,0.0,59,7c87dd8f8988667d,1.0,0.28115166808749903,0.021584513189451853,0.022224223240862706,0.0,0.06302505157591308,0.47690238049204947,0.0,nan
open_loop,0.0,59,7c87dd8f8988667d,1.0,0.2841946367060856,0.0652488631666099,0.07203364611878271,0.11731601381039601,0.06338340993059693,0.47753123829392985,0.014668250577253699,0.0
pred_error_w8,0.0,59,7c87dd8f8988667d,1.0,0.2784884860317944,0.026912783464724817,0.009142958447192484,0.0863100205596011,0.12294830051189205,0.48950575813373126,0.019340844538220922,1.9664700260473428e-05
history_h4,0.0,59,7c87dd8f8988667d,1.0,0.2967984383259992,0.03790884493258837,0.018981601615540633,0.25301744010560395,0.11976998335572102,0.6231950172146309,nan,nan
history_h16,0.0,59,7c87dd8f8988667d,1.0,0.2875476952138424,0.04281941984858043,0.027007422789114166,0.2262229245872362,0.1077216714767352,0.6002325757344058,nan,nan
history_h16_chunk4,0.0,59,7c87dd8f8988667d,1.0,0.3285766725333969,0.06772078761887187,0.04021605021864261,0.2680374381655662,0.09371746011712774,0.43383545186760414,nan,nan
oracle,0.0,60,a52c7799330495c3,1.0,0.028120592252358856,0.021538832121929367,0.022210744758067946,0.0,0.01075217979722795,0.11680731888834037,0.0,nan
open_loop,0.0,60,a52c7799330495c3,1.0,0.04428531990632528,0.05449062107179631,0.061280572561251745,0.08253270617439068,0.010767019170037587,0.11608138510186422,0.009946700617708413,0.0
pred_error_w8,0.0,60,a52c7799330495c3,1.0,0.027081591149594655,0.023934872609233698,0.00766947317134381,0.10325126727038736,0.1243069679874656,0.15366023782702073,0.02740273434838659,4.8209495552967434e-05
history_h4,0.0,60,a52c7799330495c3,1.0,0.037896477115366964,0.01750060979505967,0.0010450216275454949,0.07670720586612598,0.05018462654948126,0.14221820119365428,nan,nan
history_h16,0.0,60,a52c7799330495c3,1.0,0.0358419136087716,0.025691819337895883,0.009204685196137596,0.0683464440066572,0.035868767406077556,0.1468922067570333,nan,nan
history_h16_chunk4,0.0,60,a52c7799330495c3,1.0,0.04921718627048244,0.0225782146999772,0.02870176892697973,0.11026880506205776,0.038175069261928256,0.16749911063234701,nan,nan
oracle,0.0,61,57191a0c6a9248c6,1.0,0.20039288224081028,0.021493922227134886,0.022191620873138085,0.0,0.05471333476180493,0.3629263616885841,0.0,nan
open_loop,0.0,61,57191a0c6a9248c6,1.0,0.2015265820051688,0.04614904539668573,0.05293064893890698,0.058531498754313245,0.05496409792294984,0.36308851585416657,0.006840899216690171,0.0
pred_error_w8,0.0,61,57191a0c6a9248c6,1.0,0.20275672637027184,0.027219397150230765,0.02018153145668755,0.10206556713027048,0.14920347026587602,0.3764240720649205,0.022014686848052595,3.433950908888221e-05
history_h4,0.0,61,57191a0c6a9248c6,1.0,0.21618023507535092,0.022557072851253787,0.004254627629796559,0.14049285100551243,0.08845503052162043,0.4396898832331694,nan,nan
history_h16,0.0,61,57191a0c6a9248c6,1.0,0.20506470864995002,0.03043497178097813,0.005637381752865878,0.0937493839339183,0.07271947679412352,0.386345586326921,nan,nan
history_h16_chunk4,0.0,61,57191a0c6a9248c6,1.0,0.21062142998529948,0.03934137865244427,0.028654344649166497,0.15728501293922054,0.05325412137145125,0.26475897580075985,nan,nan
oracle,0.0,62,13ba26be352d6182,1.0,0.19057687342895968,0.021579618515470907,0.022228523080776164,0.0,0.07065395584078796,0.48072335190722054,0.0,nan
open_loop,0.0,62,13ba26be352d6182,1.0,0.19440213694380912,0.0625526409928303,0.0693444691963867,0.10837014011273877,0.07098860247855776,0.48055709514891437,0.013466198780722319,0.0
pred_error_w8,0.0,62,13ba26be352d6182,1.0,0.1923056376836753,0.02873464570538227,0.021396380709449936,0.08986756927240229,0.13437336692261798,0.4837774387692715,0.0216834681751247,2.5326108098176682e-05
history_h4,0.0,62,13ba26be352d6182,1.0,0.2161786709271207,0.024076916085677694,0.017626953483115493,0.1809904757358158,0.08639195168127901,0.4451953910335476,nan,nan
history_h16,0.0,62,13ba26be352d6182,1.0,0.21134654159100033,0.033216970968858325,0.02906877298562449,0.16108838646722343,0.07312093870305658,0.41663146390198486,nan,nan
history_h16_chunk4,0.0,62,13ba26be352d6182,1.0,0.24015581264870242,0.06612147021042115,0.06533776650750234,0.3209508200545465,0.06816810008155187,0.31266888866182957,nan,nan
oracle,0.0,63,4eb8e588b8d75821,1.0,0.16293899157671896,0.021503143402527763,0.02219564101420879,0.0,0.05344949735081736,0.33769113123748323,0.0,nan
open_loop,0.0,63,4eb8e588b8d75821,1.0,0.16492701824770428,0.048102350450176766,0.05488767152047469,0.06373857282933816,0.05362413531728673,0.3377073546680587,0.007483084546574117,0.0
pred_error_w8,0.0,63,4eb8e588b8d75821,1.0,0.16415819332599035,0.022003755097808532,0.02123674698418121,0.10015404172106007,0.14172778955768464,0.3463888304676319,0.020587896864239393,2.26318304342073e-05
history_h4,0.0,63,4eb8e588b8d75821,1.0,0.1783452356762866,0.01368008553573039,0.015027731494100749,0.13546422296730246,0.08215896724334003,0.3774252992635999,nan,nan
history_h16,0.0,63,4eb8e588b8d75821,1.0,0.16856669249831038,0.02199074744935754,0.02574016517596789,0.09901055545804487,0.07232249243659099,0.3590174710280146,nan,nan
history_h16_chunk4,0.0,63,4eb8e588b8d75821,1.0,0.17580828915354826,0.031933643400996484,0.021058423601996168,0.18336645923448008,0.053750885571618896,0.2503678429811866,nan,nan
oracle,0.5,0,79e3d4c13e67ede5,1.0,0.21425034496928114,0.049551724020896325,0.06560491197223417,0.0,0.0746590981101802,0.4782937779993092,0.0,nan
open_loop,0.5,0,79e3d4c13e67ede5,0.0,0.5629201180763259,0.956756706546024,1.5384697593467047,1.4193505774982504,0.05998195743636492,0.40409802953642554,0.5525167647749165,0.0
pred_error_w8,0.5,0,79e3d4c13e67ede5,1.0,0.21706376573395383,0.08575153130755257,0.007915978900051357,0.16081830138964573,0.13810924810628766,0.4980243925571396,0.029959690952579075,2.6905320935673637e-05
history_h4,0.5,0,79e3d4c13e67ede5,1.0,0.2394649295868973,0.0832848057108433,0.04061997188180211,0.20360718020272645,0.10446641686526094,0.556893348884255,nan,nan
history_h16,0.5,0,79e3d4c13e67ede5,1.0,0.22406916821485617,0.08106567900502439,0.013649912110809126,0.1883928280621165,0.10158677273889967,0.5464120884166781,nan,nan
history_h16_chunk4,0.5,0,79e3d4c13e67ede5,1.0,0.24066691311705143,0.08914338345358123,0.07903836107650353,0.23693708207427067,0.07836925071136136,0.4182626948416817,nan,nan
oracle,0.5,1,26fec613d44bf828,1.0,0.13533931723433618,0.036303284481531396,0.06449641367729164,0.0,0.054311115371078925,0.4721223787259498,0.0,nan
open_loop,0.5,1,26fec613d44bf828,0.0,4.059303598271079,6.5355404123806355,6.862606903475142,2.110582409688347,0.03525555685976075,0.19608528340178916,1.9031525826461408,0.0
pred_error_w8,0.5,1,26fec613d44bf828,1.0,0.1606020459000941,0.06936441026897744,0.12261499838221468,0.2101787018004833,0.1282919202889265,0.470958052215123,0.04213463761583147,3.011498795783109e-05
history_h4,0.5,1,26fec613d44bf828,1.0,0.1857432860879396,0.06345149620229534,0.12317214658161646,0.2352041018360269,0.07251876286503223,0.483688697662915,nan,nan
history_h16,0.5,1,26fec613d44bf828,1.0,0.1699579741911093,0.08295282765937406,0.1455732165457384,0.22414035839434385,0.06136519713620643,0.473942882790231,nan,nan
history_h16_chunk4,0.5,1,26fec613d44bf828,1.0,0.21529558481295452,0.0810918376643677,0.14295317369426286,0.2867987158063834,0.06490603800982678,0.4897377342775153,nan,nan
oracle,0.5,2,687184491ccd476f,1.0,0.23848801639449008,0.049273255987686636,0.07877811007434321,0.0,0.08607615667196183,0.5950751238878502,0.0,nan
open_loop,0.5,2,687184491ccd476f,0.0,0.7056728193591782,0.6528765959675038,0.32691989702194224,1.5410698448696132,0.07965057376349442,0.5496577391714154,0.6448210301459566,0.0
pred_error_w8,0.5,2,687184491ccd476f,1.0,0.24012702036476682,0.07648137500587618,0.08686634800544635,0.12026643566583366,0.14998772930191404,0.6105590416985136,0.030405182140822905,3.4709363140479156e-05
history_h4,0.5,2,687184491ccd476f,1.0,0.2667360638179783,0.09285669014987333,0.11681611486576227,0.19786756305926942,0.1138732417022179,0.6016556376922426,nan,nan
history_h16,0.5,2,687184491ccd476f,1.0,0.2583388081625571,0.09586523901498192,0.10297130608221128,0.17243072502353504,0.10350620586977555,0.5822850021917306,nan,nan
history_h16_chunk4,0.5,2,687184491ccd476f,1.0,0.29645037689241654,0.14043151933825598,0.14776022588345583,0.33794233339507657,0.09722802404060431,0.4684815149425169,nan,nan
oracle,0.5,3,c4943d296b885376,1.0,0.23691301015665944,0.15207512409915905,0.023785163703761825,0.0,0.0669230842416973,0.5599316652761633,0.0,nan
open_loop,0.5,3,c4943d296b885376,0.0,1.5580718328750327,2.88451097921479,4.638207310040117,1.8348475461178844,0.059706670128842336,0.43120849098570674,0.8413895389270478,0.0
pred_error_w8,0.5,3,c4943d296b885376,1.0,0.2618135221018574,0.23009936012820206,0.010574180788839982,0.24395857386433717,0.13906620905139797,0.5713890273902976,0.03937167745054331,4.237677582825468e-05
history_h4,0.5,3,c4943d296b885376,1.0,0.29803088512946896,0.279597548602738,0.04220830252154606,0.36097347404446856,0.1073073209877657,0.6443045867921867,nan,nan
history_h16,0.5,3,c4943d296b885376,1.0,0.2866408194506633,0.2593622162290349,0.02581231323876132,0.34030803889396005,0.09460344294223036,0.6204279797822834,nan,nan
history_h16_chunk4,0.5,3,c4943d296b885376,1.0,0.341804532463352,0.32945451039453255,0.029343198564747652,0.4585678829409785,0.09719805982931753,0.555828373579516,nan,nan
oracle,0.5,4,cbbebb0d677b1399,1.0,0.11047180264560974,0.1197443394414958,0.0511580338021842,0.0,0.04511680966981452,0.43636293754172834,0.0,nan
open_loop,0.5,4,cbbebb0d677b1399,0.0,0.9825446541646125,1.1476085477958236,0.48240620040312,1.664060752804265,0.013441959473102252,0.1413874789306145,0.5128136943176074,0.0
pred_error_w8,0.5,4,cbbebb0d677b1399,1.0,0.1416124816718248,0.1802851401548878,0.10151739665059356,0.22817069379508836,0.1469464949021742,0.45737727467406375,0.04390144102745079,4.061593028765554e-05
history_h4,0.5,4,cbbebb0d677b1399,1.0,0.1730902826059744,0.20467255930454803,0.1372267739883446,0.2686205616136706,0.078420922898696,0.48844683067858147,nan,nan
history_h16,0.5,4,cbbebb0d677b1399,1.0,0.16858932349840966,0.1995734189535732,0.11562301457898982,0.27788879016646784,0.06922611042480788,0.4831718400456687,nan,nan
history_h16_chunk4,0.5,4,cbbebb0d677b1399,1.0,0.22734133770993964,0.25546574524220117,0.12417541369581553,0.3999267814497882,0.08361090487548181,0.5325353120993075,nan,nan
oracle,0.5,5,e0c058306352588b,1.0,0.12673770983329913,0.08055792984497302,0.19026805344964437,0.0,0.05349580271007918,0.47126139060183503,0.0,nan
open_loop,0.5,5,e0c058306352588b,0.0,4.092692044454026,7.017356815951741,8.63900198192759,2.074905155330693,0.0335796972972926,0.23842891842551306,2.1376659084661376,0.0
pred_error_w8,0.5,5,e0c058306352588b,1.0,0.1670598141570208,0.12030780944042829,0.2555174177180479,0.19395231969657964,0.13325203766786523,0.4934981739903408,0.03813326539314328,2.9993199666722825e-05
history_h4,0.5,5,e0c058306352588b,1.0,0.19825905261234578,0.1420488925193326,0.2885207824342082,0.29650377837416536,0.07973337285132531,0.46979474205545446,nan,nan
history_h16,0.5,5,e0c058306352588b,1.0,0.18903677796359172,0.14184497646389127,0.2979448998147962,0.2667980789752772,0.06870710436565901,0.48035076633368723,nan,nan
history_h16_chunk4,0.5,5,e0c058306352588b,1.0,0.2345478184176953,0.164567312569333,0.38280714364378987,0.40997326538435286,0.07680428379563416,0.475805469107922,nan,nan
oracle,0.5,6,e258e9e2a7871bf0,1.0,0.11720220910250964,0.20767536726760993,0.025674431562938693,0.0,0.041375727669509,0.4365834910122805,0.0,nan
open_loop,0.5,6,e258e9e2a7871bf0,0.0,1.2112390603497307,1.3770561794185932,1.8362016633484384,1.9672334159132132,0.012692529684870509,0.14693747497070375,2.0504628252005874,0.0
pred_error_w8,0.5,6,e258e9e2a7871bf0,1.0,0.14039149926349773,0.2546211108335876,0.05577764581401645,0.11932347550649974,0.12076733531465897,0.4613864015262956,0.03228576293049361,2.6229062006705952e-05
history_h4,0.5,6,e258e9e2a7871bf0,1.0,0.1597487766580184,0.28115839389086056,0.04445226768130084,0.15544948194622768,0.06795170639321817,0.46752441129999034,nan,nan
history_h16,0.5,6,e258e9e2a7871bf0,1.0,0.15609475563043246,0.2759262460266861,0.07651266083000152,0.15991127310858974,0.05757429389986233,0.46684908680481796,nan,nan
history_h16_chunk4,0.5,6,e258e9e2a7871bf0,1.0,0.19779310789100116,0.34548084507973986,0.049841075333691975,0.25883218115751966,0.06602942879947209,0.4886064340078914,nan,nan
oracle,0.5,7,cfa66e767a619490,1.0,0.13569584802809642,0.06283044968618111,0.11678620836275044,0.0,0.06469129801010094,0.4295317618487849,0.0,nan
open_loop,0.5,7,cfa66e767a619490,0.0,1.3966050210909093,0.9423472320693671,0.4356596902433676,1.9352069188501195,0.05797932569181708,0.3448285853659659,0.7848640213833774,0.0
pred_error_w8,0.5,7,cfa66e767a619490,1.0,0.14459529028047538,0.08526101245976486,0.16152401379691295,0.10871482528041648,0.13383563655298059,0.4450326215478122,0.028174501475072743,4.1584950572064706e-05
history_h4,0.5,7,cfa66e767a619490,1.0,0.17125963055002805,0.11223529752806916,0.20744843036121896,0.20078743096848933,0.07468867843950897,0.4245767969754832,nan,nan
history_h16,0.5,7,cfa66e767a619490,1.0,0.15513746372654044,0.10492610945189274,0.19985343764464503,0.1534259009382468,0.06571309554385464,0.4022751246133352,nan,nan
history_h16_chunk4,0.5,7,cfa66e767a619490,1.0,0.1719478563165884,0.13483623077910983,0.25985338665387037,0.26431961545434446,0.05291635915636255,0.3564864180544438,nan,nan
oracle,0.5,8,cb10e2c3743b3669,1.0,0.13010158853625325,0.07445065131026912,0.13354720185277635,0.0,0.05065593402351294,0.48991041082816594,0.0,nan
open_loop,0.5,8,cb10e2c3743b3669,0.0,6.332253750076212,10.87987186971691,13.236448661689439,2.717340333874961,0.02787877957298879,0.15325156579654486,2.3039771318789595,0.0
pred_error_w8,0.5,8,cb10e2c3743b3669,1.0,0.15489667139808258,0.14268683152465153,0.20511302069967208,0.18846689444995188,0.12875085143794515,0.4873142127602958,0.031002088899089383,2.343012391227466e-05
history_h4,0.5,8,cb10e2c3743b3669,1.0,0.18372082527329633,0.1627804941420976,0.23928334848887012,0.26027802233254826,0.06809273090965666,0.4802812148168782,nan,nan
history_h16,0.5,8,cb10e2c3743b3669,1.0,0.1789823335665399,0.1630527232880421,0.24627031151981527,0.24344814091128772,0.05877293539091473,0.4867169501566145,nan,nan
history_h16_chunk4,0.5,8,cb10e2c3743b3669,1.0,0.20868884066430698,0.18385156170693912,0.2856421846614108,0.3357676411670509,0.05903678818041387,0.4786271640007827,nan,nan
oracle,0.5,9,80fc0dfd71ab4740,1.0,0.20116823397501957,0.049577825800164864,0.06899825302365015,0.0,0.07616807607067437,0.5512408827612353,0.0,nan
open_loop,0.5,9,80fc0dfd71ab4740,0.0,0.74965291581521,1.3472634209636243,2.475253232851567,1.5177344013343121,0.0698966691840604,0.48019784773046476,0.6631666289742087,0.0
pred_error_w8,0.5,9,80fc0dfd71ab4740,1.0,0.20117944493200124,0.045779261475064066,0.02259247252933161,0.20611779424587087,0.14870494967477124,0.5592292334127105,0.03739402434694641,2.8334508822049094e-05
history_h4,0.5,9,80fc0dfd71ab4740,1.0,0.23416874908746554,0.03506837883036793,0.02724611919752329,0.22189549702483438,0.09840024642677166,0.5629827835736421,nan,nan
history_h16,0.5,9,80fc0dfd71ab4740,1.0,0.22334175794591407,0.0382365897575712,0.005031734208741145,0.22403157110341113,0.0848164739410718,0.5304198968574098,nan,nan
history_h16_chunk4,0.5,9,80fc0dfd71ab4740,1.0,0.26014424585754925,0.046455084812976985,0.021008416535886365,0.342618335640308,0.08764552451908154,0.4649424897136099,nan,nan
oracle,0.5,10,2f715f8a8b658525,1.0,0.08178812240808507,0.06406170154869158,0.06312964131007881,0.0,0.04395411916940277,0.3125309831505584,0.0,nan
open_loop,0.5,10,2f715f8a8b658525,0.0,1.052975919616853,1.9621220217830617,2.7300054750815583,1.4772818558055012,0.025343101954581344,0.19381798982500756,1.150790920022572,0.0
pred_error_w8,0.5,10,2f715f8a8b658525,1.0,0.10195721499375637,0.09087440200929119,0.12963938546200282,0.16043185368886378,0.13932111087649676,0.3290176328942872,0.029564864385849536,2.5758211329584745e-05
history_h4,0.5,10,2f715f8a8b658525,1.0,0.12560172232156364,0.10630636226527461,0.1616526394294926,0.22213162117189406,0.06731368416102458,0.32544176288471927,nan,nan
history_h16,0.5,10,2f715f8a8b658525,1.0,0.11768017214503482,0.10209357227117746,0.14902246917758788,0.20741645632577127,0.05242855749519956,0.31854698019916083,nan,nan
history_h16_chunk4,0.5,10,2f715f8a8b658525,1.0,0.1484018286032346,0.11204868862979901,0.12402837132870026,0.30814690117925814,0.06111462436630683,0.3354759606251058,nan,nan
oracle,0.5,11,3366691e6669de5a,1.0,0.20049458913129486,0.06452551274384502,0.053106148250469304,0.0,0.06801536846657792,0.4418344764213148,0.0,nan
open_loop,0.5,11,3366691e6669de5a,0.0,1.8791841573655195,2.238318325256931,1.884973621999341,2.221778053971249,0.05734048977533425,0.3770130844628382,1.2662525702522192,0.0
pred_error_w8,0.5,11,3366691e6669de5a,1.0,0.2021073837351085,0.04007483820398119,0.02001387859462575,0.139118615095866,0.1471047005626252,0.4718204418816891,0.033426126629360293,6.476018156871067e-05
history_h4,0.5,11,3366691e6669de5a,1.0,0.22475899617404732,0.041764986519402074,0.022480495797624206,0.21615343774557896,0.10059943624942143,0.5373823713438756,nan,nan
history_h16,0.5,11,3366691e6669de5a,1.0,0.20912103513492683,0.041068701974806804,0.009408400764495783,0.184632776907679,0.09446574123283072,0.5237991421887461,nan,nan
history_h16_chunk4,0.5,11,3366691e6669de5a,1.0,0.2265182242307719,0.04760785486695344,0.04473549105376198,0.2455245319300391,0.07849547649642076,0.42104460584480247,nan,nan
oracle,0.5,12,07aba5c16fffc0df,1.0,0.11047254982621679,0.059286867884832166,0.018961670195708713,0.0,0.051375382724724535,0.39406892061073473,0.0,nan
open_loop,0.5,12,07aba5c16fffc0df,0.0,4.429442165173172,7.116376128954833,8.126810200952834,2.5971486357410267,0.04050861525999234,0.21481862777882016,1.6156891909755227,0.0
pred_error_w8,0.5,12,07aba5c16fffc0df,1.0,0.14872405021142868,0.10751809826681227,0.03909095717499511,0.21543648268529586,0.13534183154839638,0.4088902332200259,0.06765427111593443,3.23397322854827e-05
history_h4,0.5,12,07aba5c16fffc0df,1.0,0.17531004121183127,0.11098440563038171,0.022198148529261275,0.270501290964122,0.07123605336765858,0.4031250297858875,nan,nan
history_h16,0.5,12,07aba5c16fffc0df,1.0,0.17535639203861614,0.12842042895997208,0.0492039957870265,0.29096464420725365,0.061310301288763316,0.40473475933660064,nan,nan
history_h16_chunk4,0.5,12,07aba5c16fffc0df,1.0,0.1970451871878771,0.1403927337255893,0.02042956118846284,0.3502059186647679,0.06145588719979747,0.38619773777009453,nan,nan
oracle,0.5,13,c0ff62dc76e9a3a8,1.0,0.11226770065700639,0.12936336929602124,0.04575793151677843,0.0,0.056825735226415354,0.40081549493441,0.0,nan
open_loop,0.5,13,c0ff62dc76e9a3a8,0.0,3.7877893542435026,6.074552227179582,7.302596449880016,2.6434886022709896,0.035136670168465174,0.19629178914710216,2.1322659744281953,0.0
pred_error_w8,0.5,13,c0ff62dc76e9a3a8,1.0,0.13583262721868553,0.19031178202292598,0.07522441625014942,0.21157952706054486,0.14547412623138428,0.4285523328123609,0.03803054493435378,2.9330786991178055e-05
history_h4,0.5,13,c0ff62dc76e9a3a8,1.0,0.16261961693127636,0.23706610760584684,0.13165469646633277,0.23810471478678977,0.08107678152154284,0.4522292006272921,nan,nan
history_h16,0.5,13,c0ff62dc76e9a3a8,1.0,0.154764093106074,0.22325130854352546,0.09794861877480887,0.22344918874210937,0.07279332655230494,0.45451015021731783,nan,nan
history_h16_chunk4,0.5,13,c0ff62dc76e9a3a8,1.0,0.2027493119081277,0.31454543876335395,0.07783216432295781,0.31852133449109316,0.07813557170984456,0.4858119056261713,nan,nan
oracle,0.5,14,0aeec5741f924a20,1.0,0.08297388436483806,0.043502070892378966,0.09301223482916399,0.0,0.04766283180498945,0.2984315116309083,0.0,nan
open_loop,0.5,14,0aeec5741f924a20,0.0,1.3615242746518583,2.351574975328052,2.788713030643504,1.9937248205391318,0.03439987186756178,0.2597175236663465,0.7193379825903246,0.0
pred_error_w8,0.5,14,0aeec5741f924a20,1.0,0.08798160966576475,0.0507798597265631,0.054049478834947706,0.13227623055402998,0.1367211509418767,0.3260134977998083,0.030022422569459476,2.180468541691347e-05
history_h4,0.5,14,0aeec5741f924a20,1.0,0.10943894584351178,0.0606763177822221,0.08423043855221923,0.17840884847850844,0.06950533002512155,0.28342526831150866,nan,nan
history_h16,0.5,14,0aeec5741f924a20,1.0,0.1081190886660381,0.060287302756933905,0.06789528246024634,0.17906332766014865,0.057680202828697014,0.2945524929042108,nan,nan
history_h16_chunk4,0.5,14,0aeec5741f924a20,1.0,0.14030087944404282,0.09172281277900543,0.08293430643337896,0.2874376424243077,0.05797072488283575,0.27648449108212997,nan,nan
oracle,0.5,15,3918632b9f1b5d22,1.0,0.12523221642292653,0.08053255941572317,0.07071163098444977,0.0,0.0605763066079598,0.48062766396903384,0.0,nan
open_loop,0.5,15,3918632b9f1b5d22,0.0,3.1302337200232486,4.817821225118699,5.258909474398757,2.6390193690479995,0.03294494131752214,0.2565014491149332,2.1061944958387966,0.0
pred_error_w8,0.5,15,3918632b9f1b5d22,1.0,0.1360093921215311,0.09488150204436502,0.06772453835082004,0.11300659818935124,0.13380289493341088,0.4905792886804907,0.03023226033307912,2.7487448690881514e-05
history_h4,0.5,15,3918632b9f1b5d22,1.0,0.1639451897361066,0.11416869049738668,0.0757065836973454,0.19687500714775766,0.08096567382589988,0.4930575581958126,nan,nan
history_h16,0.5,15,3918632b9f1b5d22,1.0,0.15962570198598736,0.10428473798853807,0.06973876824247593,0.1736115030654573,0.07339911196747123,0.49782767951549173,nan,nan
history_h16_chunk4,0.5,15,3918632b9f1b5d22,1.0,0.20039674761134746,0.16164417148500212,0.10970855997602946,0.3122666688075398,0.07523388278053902,0.48761877382735963,nan,nan
oracle,0.5,16,68d91dfdf4d853bb,1.0,0.2447562232800305,0.06029833124472036,0.03536189648409227,0.0,0.07127700052418103,0.5198632514368744,0.0,nan
open_loop,0.5,16,68d91dfdf4d853bb,0.0,1.4400911693194427,2.634210975086553,3.4328028579082055,1.6199521293986507,0.059337620904959226,0.4054811239323882,0.7940195835995089,0.0
pred_error_w8,0.5,16,68d91dfdf4d853bb,1.0,0.24560318420082425,0.054307472775804264,0.039614198580833815,0.10397839743605712,0.13675161130310917,0.5301339221088404,0.027118339509020904,2.2129178358558802e-05
history_h4,0.5,16,68d91dfdf4d853bb,1.0,0.26301771704623983,0.06186901707647256,0.04223649368455007,0.18417955225217608,0.10460239213489236,0.6054930963146539,nan,nan
history_h16,0.5,16,68d91dfdf4d853bb,1.0,0.24707387471586495,0.057272781027866045,0.03412036430011112,0.1477631818006052,0.09728592409108068,0.5788245489796255,nan,nan
history_h16_chunk4,0.5,16,68d91dfdf4d853bb,1.0,0.269006158402672,0.08238450596737806,0.05970007791387033,0.2206814262650433,0.07926947074282423,0.4859322501847391,nan,nan
oracle,0.5,17,7056370bff45639c,1.0,0.18789973679848623,0.09754558712266308,0.004761140925856111,0.0,0.07712334394216024,0.5326245658912371,0.0,nan
open_loop,0.5,17,7056370bff45639c,0.0,0.4135413093759461,0.5581987814836401,0.7897919911728479,1.160350369938141,0.06661087556494395,0.46559066631466056,1.4062787763682958,0.0
pred_error_w8,0.5,17,7056370bff45639c,1.0,0.19916143185912627,0.1250229564075888,0.04256241737901689,0.1273036235664204,0.13220032530797154,0.5554531337927925,0.03194709662860434,3.4386157035853314e-05
history_h4,0.5,17,7056370bff45639c,1.0,0.23199038882542708,0.15700491860788499,0.03891331335939263,0.23698610830136085,0.09425404526322108,0.5436733512155256,nan,nan
history_h16,0.5,17,7056370bff45639c,1.0,0.2207992703058269,0.14496236108289384,0.05850342597361369,0.1968785926519523,0.08554662698371507,0.5240077175211499,nan,nan
history_h16_chunk4,0.5,17,7056370bff45639c,1.0,0.2523824279946997,0.16609294267578953,0.023832726261320047,0.35246552713819457,0.09006760897154209,0.4642286671306421,nan,nan
oracle,0.5,18,cf733960d0b19041,1.0,0.15163331037170222,0.10082865705617955,0.1307210915154302,0.0,0.050578710025206294,0.41419658503694945,0.0,nan
open_loop,0.5,18,cf733960d0b19041,0.0,1.3213293809176496,1.4795262299702077,0.3604307601419823,1.9177038768733443,0.049704700760272016,0.3295979558882371,0.9296380301707309,0.0
pred_error_w8,0.5,18,cf733960d0b19041,1.0,0.14752290816653363,0.08021603157944808,0.12166113378848031,0.15068580545726779,0.12824662057679168,0.4345074324498767,0.031442893254278265,2.6231575897785135e-05
history_h4,0.5,18,cf733960d0b19041,1.0,0.17293320955765454,0.10624825605667679,0.17504480100643516,0.21203849326566682,0.07668191385265982,0.42834353148758814,nan,nan
history_h16,0.5,18,cf733960d0b19041,1.0,0.17484368322487837,0.10663906518555304,0.17859427019723828,0.20641420622990597,0.06243441258193397,0.42627608510703785,nan,nan
history_h16_chunk4,0.5,18,cf733960d0b19041,1.0,0.21745849778678936,0.14320915255132455,0.27502354467134094,0.34405490311936593,0.06771869567939197,0.3961524451026665,nan,nan
oracle,0.5,19,8b5b4176eb4e5593,1.0,0.10852189159602231,0.10482128322564077,0.021264546016195984,0.0,0.05625783662069477,0.39468561132975727,0.0,nan
open_loop,0.5,19,8b5b4176eb4e5593,0.0,0.6811516601711468,0.860459619333105,0.47380505822895214,1.6642645533902793,0.034880999696664694,0.24508419298509942,2.2525553853118483,0.0
pred_error_w8,0.5,19,8b5b4176eb4e5593,1.0,0.13160681255541642,0.07152671372194178,0.09293789059684188,0.3323149081993731,0.13180605974413814,0.3877656495622498,0.05521075895331097,3.5134667265598054e-05
history_h4,0.5,19,8b5b4176eb4e5593,1.0,0.1593955425590858,0.0946068024111485,0.12631245845162975,0.37504361849547857,0.07126845427660854,0.3671542684875279,nan,nan
history_h16,0.5,19,8b5b4176eb4e5593,1.0,0.15135792440247006,0.08027766377160168,0.10736243958821423,0.3523334267114384,0.06592838243898302,0.37257916391595697,nan,nan
history_h16_chunk4,0.5,19,8b5b4176eb4e5593,1.0,0.18683545647676275,0.10642033196352026,0.13101576331899034,0.42628515007896456,0.06997701628544817,0.3663541758595945,nan,nan
oracle,0.5,20,da93a7f04f49badb,1.0,0.11514673893605983,0.13776765482889125,0.1243670495673701,0.0,0.042161052221426555,0.4460440417473951,0.0,nan
open_loop,0.5,20,da93a7f04f49badb,0.0,4.459420434857838,7.978966501176529,11.291847483875056,2.3942856738685814,0.006634709124505852,0.08301720042880588,1.6432143058602604,0.0
pred_error_w8,0.5,20,da93a7f04f49badb,1.0,0.14865819251526288,0.20305405612054964,0.1891425343739277,0.17157750746454192,0.13627419609083047,0.4765040243015752,0.033581856362938145,5.7161157008301756e-05
history_h4,0.5,20,da93a7f04f49badb,1.0,0.1712312884673159,0.23294375420941443,0.18029266008855727,0.20553805809263914,0.07144482291299123,0.48585659931021513,nan,nan
history_h16,0.5,20,da93a7f04f49badb,1.0,0.15856936255220536,0.21714682575572464,0.19928111108980384,0.18678929024231755,0.05974974754836288,0.4681703394366686,nan,nan
history_h16_chunk4,0.5,20,da93a7f04f49badb,1.0,0.19868634026021526,0.24197645499195677,0.22177167483362492,0.26668609601434684,0.06503981734576625,0.49722427360617544,nan,nan
oracle,0.5,21,555c262614031dd7,1.0,0.2964575846115185,0.1635520643203417,0.16937149208912672,0.0,0.07340946639834577,0.6580040606566158,0.0,nan
open_loop,0.5,21,555c262614031dd7,0.0,6.001667823801239,10.387213404982797,13.415222106731031,2.244221707981174,0.06146842220219582,0.43306187431860144,3.3537747840711303,0.0
pred_error_w8,0.5,21,555c262614031dd7,1.0,0.3402497279320178,0.32035730046330363,0.4051905636199393,0.3441334211160485,0.12970380436449147,0.675840952942225,0.17231185760988235,0.026290047008216615
history_h4,0.5,21,555c262614031dd7,1.0,0.3363753316743548,0.20648632171503745,0.22492469167465146,0.25806237264040766,0.1157910548933622,0.7781522941944875,nan,nan
history_h16,0.5,21,555c262614031dd7,1.0,0.3109477464848799,0.18617047111020465,0.21044089415766365,0.20197875491210157,0.10923850115948584,0.7486820369601885,nan,nan
history_h16_chunk4,0.5,21,555c262614031dd7,1.0,0.3421360972877472,0.2249685252927752,0.2246936853448851,0.2747063222488376,0.09142209613803451,0.6358867158254439,nan,nan
oracle,0.5,22,e04f8f4528a395a0,1.0,0.2421148361214652,0.06273977728095916,0.03330191421226658,0.0,0.09168702099460747,0.681282294882942,0.0,nan
open_loop,0.5,22,e04f8f4528a395a0,0.0,2.3527363868286306,4.317153154238921,5.456669985708998,1.702992229504731,0.07539365442064924,0.5269365534446809,1.2732247823149414,0.0
pred_error_w8,0.5,22,e04f8f4528a395a0,1.0,0.2449338905649104,0.07165530374320533,0.06139943854562979,0.10107389251312099,0.14735334687552754,0.6932048025615282,0.03117295434532105,5.038594144996935e-05
history_h4,0.5,22,e04f8f4528a395a0,1.0,0.27847670223047216,0.08742692323922309,0.08332232665212658,0.20282444078253606,0.11610157050034456,0.6947938811965263,nan,nan
history_h16,0.5,22,e04f8f4528a395a0,1.0,0.2619152890227328,0.08614754806002843,0.07977068102740503,0.15979090627298298,0.10622536649735685,0.6675063236177039,nan,nan
history_h16_chunk4,0.5,22,e04f8f4528a395a0,1.0,0.3015618473330397,0.10779099875343869,0.1256523319714855,0.33286822032494207,0.10080312401374136,0.574442943595888,nan,nan
oracle,0.5,23,1549bc51f2a5ed7a,1.0,0.2085067240644302,0.07175243860604368,0.03135090058112899,0.0,0.06359644950912911,0.4877243782684771,0.0,nan
open_loop,0.5,23,1549bc51f2a5ed7a,0.0,1.5025152899170315,2.373454721722087,2.9017848010688936,1.9574415500032432,0.057824777987078226,0.4113371573130668,0.7128278839103649,0.0
pred_error_w8,0.5,23,1549bc51f2a5ed7a,1.0,0.23016518888101295,0.1264681771725463,0.09043719528618244,0.327404921951292,0.14530398866556227,0.5351433539596279,0.05530449140926156,3.7130435590182907e-05
history_h4,0.5,23,1549bc51f2a5ed7a,1.0,0.25356826792569204,0.12863236794599286,0.07820867777845208,0.3607390901644601,0.11336419897650307,0.5811018514452797,nan,nan
history_h16,0.5,23,1549bc51f2a5ed7a,1.0,0.2537107632120229,0.13422442373782031,0.09345678260362922,0.3892975326055353,0.10452789961634591,0.5844984389103234,nan,nan
history_h16_chunk4,0.5,23,1549bc51f2a5ed7a,1.0,0.3093149926903713,0.17245496759629786,0.08727185182728858,0.4840103024019971,0.10570282907218773,0.5362881448668376,nan,nan
oracle,0.5,24,7ce23d190be4bdac,1.0,0.2297094881216235,0.07635016259762274,0.0113740285874524,0.0,0.06326476639703087,0.49426753659343053,0.0,nan
open_loop,0.5,24,7ce23d190be4bdac,0.0,1.4889032577269845,1.4440760375356012,0.8159712103379844,2.094813910536819,0.0605106162091362,0.4474612797507184,0.7662428382227993,0.0
pred_error_w8,0.5,24,7ce23d190be4bdac,1.0,0.23657254524829952,0.06992107101814393,0.01863191145954657,0.1323055466407999,0.12921716380091447,0.49650218811969205,0.03661287112478772,3.0336307849313057e-05
history_h4,0.5,24,7ce23d190be4bdac,1.0,0.2593237857480616,0.09469351803920018,0.024663226108616154,0.25627010457136196,0.1008343868350297,0.5581110438228144,nan,nan
history_h16,0.5,24,7ce23d190be4bdac,1.0,0.2515631238192047,0.08296912230254999,0.007839517474621527,0.21843730812593404,0.09178321667386366,0.5535542218350322,nan,nan
history_h16_chunk4,0.5,24,7ce23d190be4bdac,1.0,0.3135075279017164,0.14270741432583597,0.002919597267528662,0.3597669266059067,0.09447488896211509,0.4860809957393639,nan,nan
oracle,0.5,25,b19d65c34c50470a,1.0,0.21148157629845343,0.0847811882224509,0.0683284688769028,0.0,0.09605976128119284,0.6471303705714753,0.0,nan
open_loop,0.5,25,b19d65c34c50470a,0.0,1.116103739204604,1.6565306829500281,1.3324259071377371,1.9539480199114114,0.07751553164273106,0.45911792925527856,1.0502325862540653,0.0
pred_error_w8,0.5,25,b19d65c34c50470a,1.0,0.22244404454596095,0.13265629924132016,0.03687274428872378,0.15778223072147263,0.14607473343632413,0.6522876158603486,0.037174498203760314,2.648475045789563e-05
history_h4,0.5,25,b19d65c34c50470a,1.0,0.2496877033746821,0.17198113705680407,0.029762857415449595,0.2576145433488813,0.10619267391589535,0.6353057307458486,nan,nan
history_h16,0.5,25,b19d65c34c50470a,1.0,0.23036630643136605,0.16095471424813731,0.02588946307338702,0.23090706454134732,0.09799103337206862,0.603391288780143,nan,nan
history_h16_chunk4,0.5,25,b19d65c34c50470a,1.0,0.2638084423852444,0.23391532678654778,0.028299409000742237,0.3941193324192595,0.09115129381696538,0.5601410459341419,nan,nan
oracle,0.5,26,127231529a48c5cd,1.0,0.28235939611257205,0.12232514939148026,0.06293193887005799,0.0,0.07485393252707984,0.5655124192742856,0.0,nan
open_loop,0.5,26,127231529a48c5cd,0.0,8.324268993185846,13.529682913190602,16.82234716716478,3.062035737238378,0.060424050271973374,0.4246141778880539,3.0738009813639016,0.0
pred_error_w8,0.5,26,127231529a48c5cd,1.0,0.2963146268054597,0.18690108705038536,0.12254996789789896,0.18357573625795326,0.1468616357622434,0.5914923854428376,0.03495907284186873,3.542037265221935e-05
history_h4,0.5,26,127231529a48c5cd,1.0,0.3281498513242154,0.2552023829365054,0.1335123328715948,0.32931445833081446,0.1242247821734866,0.7228775601392795,nan,nan
history_h16,0.5,26,127231529a48c5cd,1.0,0.30991489245079923,0.2219517630708704,0.13596970302197775,0.2761176597716038,0.11665424899046391,0.6993061381238393,nan,nan
history_h16_chunk4,0.5,26,127231529a48c5cd,1.0,0.3565520705736055,0.28786056522442377,0.11384401962187063,0.39097961465714065,0.10225373786685098,0.6082211701378406,nan,nan
oracle,0.5,27,20a9e25865395cf4,1.0,0.24709419888065098,0.1556961211218551,0.1704333557666704,0.0,0.0715931961266195,0.5881485481927388,0.0,nan
open_loop,0.5,27,20a9e25865395cf4,0.0,2.3240657980841037,4.298965392877364,6.842956212854162,1.8891894144374408,0.06085532084912817,0.415737871800055,2.349938055414935,0.0
pred_error_w8,0.5,27,20a9e25865395cf4,1.0,0.25852073941622733,0.17968952079414818,0.1880833625964904,0.1188691810194509,0.14799373676576347,0.6095404965492257,0.03136761271593789,3.8345103616628576e-05
history_h4,0.5,27,20a9e25865395cf4,1.0,0.2840955855630605,0.21196145477967393,0.19811688040365638,0.22224215622931168,0.10408480336426373,0.6515479176993726,nan,nan
history_h16,0.5,27,20a9e25865395cf4,1.0,0.2694527337747952,0.20626373548121998,0.21602150868983472,0.19159830833683028,0.10561194897909455,0.6598672346088159,nan,nan
history_h16_chunk4,0.5,27,20a9e25865395cf4,1.0,0.30279151959212125,0.2482260359017335,0.24596378388936202,0.2879335161348606,0.08538747700264329,0.5802767963232061,nan,nan
oracle,0.5,28,c40534a3f74430ed,1.0,0.26830200662198367,0.10269078852863855,0.045941445433883454,0.0,0.08490099567732912,0.6585605350212186,0.0,nan
open_loop,0.5,28,c40534a3f74430ed,0.0,0.7207074031776323,1.084269180144451,0.8659761185548132,1.730029437906609,0.08236125611949137,0.5818892795296632,0.782024209571834,0.0
pred_error_w8,0.5,28,c40534a3f74430ed,1.0,0.274493201100611,0.11551537042412062,0.03343580054149209,0.11093537168821693,0.14145563275319217,0.6578361924364428,0.028939660199340564,2.394642898288169e-05
history_h4,0.5,28,c40534a3f74430ed,1.0,0.2972761577233888,0.12796781992015974,0.08005612381012417,0.2131429708008789,0.11500000464669437,0.6713044421949128,nan,nan
history_h16,0.5,28,c40534a3f74430ed,1.0,0.2895992672807191,0.12525185258964924,0.046393969663000134,0.17012185707600996,0.10470696081608889,0.6612437304928593,nan,nan
history_h16_chunk4,0.5,28,c40534a3f74430ed,1.0,0.3505662527033669,0.1538467852422854,0.09637603101111991,0.34060363315123626,0.11082653533506667,0.6123014677692815,nan,nan
oracle,0.5,29,37fa74cb809fcf8a,1.0,0.0744937803259294,0.0631925047588603,0.03959018674937642,0.0,0.03913070843637631,0.29903418936374143,0.0,nan
open_loop,0.5,29,37fa74cb809fcf8a,0.0,1.457569474091183,2.2703952111811714,2.7965655652936015,2.186961262341408,0.018314364862204748,0.16542727629235687,0.7181987419369447,0.0
pred_error_w8,0.5,29,37fa74cb809fcf8a,1.0,0.07744757751593957,0.05789845774208444,0.12374916407095071,0.2033144298325851,0.12455220739046648,0.32279583691340835,0.030562098433221944,1.9708939684066966e-05
history_h4,0.5,29,37fa74cb809fcf8a,1.0,0.11398694356309254,0.07789649004041338,0.1427941842612812,0.2309579874351384,0.06590660013192336,0.3578889831704738,nan,nan
history_h16,0.5,29,37fa74cb809fcf8a,1.0,0.10040978889947201,0.07030617273185866,0.11877099219322051,0.200352719699412,0.05696035484316497,0.3453759913697042,nan,nan
history_h16_chunk4,0.5,29,37fa74cb809fcf8a,1.0,0.13733605777213187,0.07765021522035526,0.14674359292040684,0.2858006147162888,0.0648524877657597,0.37745827317701675,nan,nan
oracle,0.5,30,d8ee528075a6dab8,1.0,0.10801796607065235,0.06566083993806876,0.12148726332510229,0.0,0.04535490091924074,0.3430222888592763,0.0,nan
open_loop,0.5,30,d8ee528075a6dab8,0.0,1.948332875410406,3.41793100190531,4.127663421764567,2.0665666369264235,0.03707161799722429,0.2067982837670547,0.813614974339093,0.0
pred_error_w8,0.5,30,d8ee528075a6dab8,1.0,0.12206285773703124,0.09429231619623885,0.16925045880271128,0.11591685131411043,0.12833775672961356,0.3848330644529103,0.029677401899140306,2.2446425397683765e-05
history_h4,0.5,30,d8ee528075a6dab8,1.0,0.13925730637420144,0.12962480841262342,0.2324228558399275,0.16383269777745868,0.06784037143837666,0.3884436956898898,nan,nan
history_h16,0.5,30,d8ee528075a6dab8,1.0,0.13371606507649433,0.11671795293972875,0.2104961066247828,0.14160471399309774,0.060871524982341,0.39122322678720894,nan,nan
history_h16_chunk4,0.5,30,d8ee528075a6dab8,1.0,0.1566901038654708,0.16042117189098024,0.27761074095133687,0.23791363320000886,0.06375676403257782,0.4018893636951194,nan,nan
oracle,0.5,31,9f0e7c870b0cd0e3,1.0,0.13036481502731878,0.08822349033165225,0.03448970930248629,0.0,0.050737903783690086,0.4471066367042502,0.0,nan
open_loop,0.5,31,9f0e7c870b0cd0e3,0.0,2.312681217323813,2.0882251747200704,0.2082361199686269,1.969847609154031,0.041791755495131595,0.3118955748479026,1.6687055642193003,0.0
pred_error_w8,0.5,31,9f0e7c870b0cd0e3,1.0,0.12562517629774422,0.06014519970164155,0.09847373521188119,0.18182299091948068,0.13171324327042322,0.46093126668012624,0.03182570844517856,2.8943473421379468e-05
history_h4,0.5,31,9f0e7c870b0cd0e3,1.0,0.15620684973011753,0.08659404821862306,0.09130064342075794,0.20102067160826703,0.07904050504489485,0.4550894075053289,nan,nan
history_h16,0.5,31,9f0e7c870b0cd0e3,1.0,0.15073575245248944,0.08179297730228956,0.10372222005580656,0.19690493915585858,0.06947826800077499,0.45955811642652766,nan,nan
history_h16_chunk4,0.5,31,9f0e7c870b0cd0e3,1.0,0.19427021116534415,0.12853832226478995,0.16151750699218592,0.3218489055598874,0.07610254203107845,0.4557487947140028,nan,nan
oracle,0.5,32,f60c21e923b91637,1.0,0.24590843139691204,0.06797225865909025,0.038502821782473884,0.0,0.08021687166756628,0.5936993443639267,0.0,nan
open_loop,0.5,32,f60c21e923b91637,0.0,1.0192897536641914,1.1074137174441667,2.0997386353947984,2.035046479912781,0.08094877908959326,0.5686062249623964,0.8175131617299147,0.0
pred_error_w8,0.5,32,f60c21e923b91637,1.0,0.24643505827559462,0.07367815266262329,0.02338025498749219,0.10021488191189187,0.140583498662459,0.604849621850184,0.03193395852491046,8.964459677595497e-05
history_h4,0.5,32,f60c21e923b91637,1.0,0.27587980988734884,0.09443759167821858,0.0162419020379585,0.20874481796123137,0.11154671799680453,0.6074741877721122,nan,nan
history_h16,0.5,32,f60c21e923b91637,1.0,0.264504209706717,0.07946278957956504,0.03431017891761745,0.15150611736932784,0.09781459518979624,0.5832434449992453,nan,nan
history_h16_chunk4,0.5,32,f60c21e923b91637,1.0,0.31904561435582685,0.11335730073376084,0.0755373679580198,0.3438547730437278,0.09685277882574198,0.5029603107181447,nan,nan
oracle,0.5,33,6a1f03ca4630ae30,1.0,0.21955051415433366,0.1024121270131768,0.23689670329407608,0.0,0.07531373364452588,0.6169569045308314,0.0,nan
open_loop,0.5,33,6a1f03ca4630ae30,0.0,6.097225439314356,10.198956684906635,11.987419232970446,2.7871140065337445,0.0714676704852354,0.5009483724278556,2.2044072115117292,0.0
pred_error_w8,0.5,33,6a1f03ca4630ae30,1.0,0.2253065635742796,0.11399839467238215,0.2617346837535286,0.10185187560806541,0.13352792111405265,0.6388050595092926,0.026471798543546473,2.065438983700945e-05
history_h4,0.5,33,6a1f03ca4630ae30,1.0,0.2596385116481174,0.14260497870870695,0.2962909295634759,0.217675097724586,0.10731232660105745,0.6446943637600892,nan,nan
history_h16,0.5,33,6a1f03ca4630ae30,1.0,0.2516480454889672,0.13315588103255394,0.2924575287044231,0.19046813040063512,0.0985715058566446,0.6446019841117372,nan,nan
history_h16_chunk4,0.5,33,6a1f03ca4630ae30,1.0,0.28878063997198655,0.15809375213231033,0.36470289618422047,0.34263684475842815,0.09891918792997383,0.566367063205808,nan,nan
oracle,0.5,34,03b1828c8db38a51,1.0,0.14328235137846726,0.10249858738514149,0.04436458652570474,0.0,0.05997501903310636,0.4631168714548796,0.0,nan
open_loop,0.5,34,03b1828c8db38a51,0.0,2.55936751967364,4.727072181691739,6.398252665143919,1.7900708338214095,0.044775715580457495,0.261621501567831,1.8498347430737772,0.0
pred_error_w8,0.5,34,03b1828c8db38a51,1.0,0.14008054985979948,0.10198060053851905,0.11043649756807161,0.1727004753541876,0.13925760889912453,0.5113851131631575,0.035502478484405645,3.1749212226400737e-05
history_h4,0.5,34,03b1828c8db38a51,1.0,0.1672733992381702,0.12735127185313297,0.14352568281968647,0.2098426612172228,0.08529320416305335,0.5339162928649076,nan,nan
history_h16,0.5,34,03b1828c8db38a51,1.0,0.15146425713303135,0.1179808050397252,0.11824015478230443,0.1841930107350163,0.07902426920717699,0.5189558563406833,nan,nan
history_h16_chunk4,0.5,34,03b1828c8db38a51,1.0,0.1823348411858966,0.1608710744525759,0.1729892558360313,0.26132845585552555,0.07680058195645766,0.513401060775446,nan,nan
oracle,0.5,35,cb312e002e038a26,1.0,0.08728938306950723,0.09849046662133454,0.05361698747971522,0.0,0.03511158564241417,0.34266616866433347,0.0,nan
open_loop,0.5,35,cb312e002e038a26,0.0,6.414882289314147,10.876235022035289,13.835080924458435,2.493341774497428,0.005795118110875343,0.09535542230274303,2.3879606484384763,0.0
pred_error_w8,0.5,35,cb312e002e038a26,1.0,0.09448246497180915,0.09889727193381524,0.06687885835591656,0.10726640203346043,0.11587032143993627,0.3653243527211239,0.033220988794265154,4.295055461504457e-05
history_h4,0.5,35,cb312e002e038a26,1.0,0.11674493579636233,0.1226674179223214,0.09175537489579932,0.13808253397718442,0.05824137886456861,0.36274665767990855,nan,nan
history_h16,0.5,35,cb312e002e038a26,1.0,0.10616540677068578,0.10918651303185115,0.084271035784659,0.12099713116763232,0.05068510771674324,0.3735007816658672,nan,nan
history_h16_chunk4,0.5,35,cb312e002e038a26,1.0,0.13493445751333571,0.11564775014996179,0.09346248363583909,0.20463335244672365,0.05744085479747789,0.3858077498119388,nan,nan
oracle,0.5,36,f37e92eb2ef43d24,1.0,0.10059428637693857,0.06646154659239074,0.026181547284654272,0.0,0.04321683929584271,0.36506896932825517,0.0,nan
open_loop,0.5,36,f37e92eb2ef43d24,0.0,1.5134433708236543,2.293167185290287,3.2320386145248303,2.088887181577479,0.024937608297538043,0.14338297995808066,0.5962648372277578,0.0
pred_error_w8,0.5,36,f37e92eb2ef43d24,1.0,0.09880364785204654,0.06623183199671726,0.04840051361795261,0.13301517403325605,0.13778288978473188,0.40378690080072077,0.03263589324663166,4.323742901212233e-05
history_h4,0.5,36,f37e92eb2ef43d24,1.0,0.11610443087630591,0.09332965772151126,0.04332635810649865,0.13732948578029813,0.06923671256340971,0.39711328827151854,nan,nan
history_h16,0.5,36,f37e92eb2ef43d24,1.0,0.11314589202154983,0.07857121697670742,0.0435501588505538,0.11917121363941519,0.05895488022496906,0.4021781054161141,nan,nan
history_h16_chunk4,0.5,36,f37e92eb2ef43d24,1.0,0.15569600331147468,0.10551707059769373,0.058135012798476104,0.2191740331750356,0.061158388187803996,0.4152573954439724,nan,nan
oracle,0.5,37,819967f8886405d6,1.0,0.11136322274563311,0.05348218392491411,0.019332242977921688,0.0,0.040775721952437644,0.3893540666563646,0.0,nan
open_loop,0.5,37,819967f8886405d6,0.0,4.970270498064906,8.40823163478416,9.89763278919374,2.2504240571935643,0.03327758724264446,0.24117093294672368,1.9482651659901795,0.0
pred_error_w8,0.5,37,819967f8886405d6,1.0,0.16407327116633083,0.13068419523603395,0.10687876937098828,0.2722135738988791,0.1449402053492205,0.44395116812530666,0.04506020692121711,5.0779474859623346e-05
history_h4,0.5,37,819967f8886405d6,1.0,0.1818772818875996,0.12799973386963992,0.09441887587946063,0.29657739962295654,0.07798169592792317,0.42026855989458417,nan,nan
history_h16,0.5,37,819967f8886405d6,1.0,0.17863228665618935,0.13570573977357026,0.11301662779967536,0.30274143802861603,0.0660626169555285,0.4285125592396518,nan,nan
history_h16_chunk4,0.5,37,819967f8886405d6,1.0,0.2088803355619202,0.1334639088975281,0.10544684240189905,0.3845304546302632,0.07233260365388593,0.4339391486571698,nan,nan
oracle,0.5,38,a0077d20fba1f80f,1.0,0.11549145017233194,0.11884985474431377,0.15551868961612048,0.0,0.04184068499927851,0.43983920794166775,0.0,nan
open_loop,0.5,38,a0077d20fba1f80f,0.0,1.911097622209901,3.604584961229955,5.735880129012901,1.5958094331235344,0.016446366827301977,0.1185245800930451,0.9337235961074555,0.0
pred_error_w8,0.5,38,a0077d20fba1f80f,1.0,0.13205185821207407,0.15990275828478692,0.20886432912137387,0.1485546467323187,0.12018079891099889,0.44584145654129864,0.0320904444328767,2.877660181406078e-05
history_h4,0.5,38,a0077d20fba1f80f,1.0,0.14812878590511616,0.17423584003574807,0.22527419280141991,0.16931239021143488,0.06648383889649319,0.4522437235367491,nan,nan
history_h16,0.5,38,a0077d20fba1f80f,1.0,0.13871585238866432,0.16950312116829763,0.21462839161354985,0.16352314714087604,0.05967800236282223,0.4564992680483908,nan,nan
history_h16_chunk4,0.5,38,a0077d20fba1f80f,1.0,0.17152401109304757,0.1901384212462296,0.22477362238588583,0.23869682079334303,0.06547934729596007,0.4847734346785938,nan,nan
oracle,0.5,39,70d19105c4a33dd2,1.0,0.26164601375663077,0.11823812261708547,0.03457046691287324,0.0,0.07111893077557743,0.5247715327699273,0.0,nan
open_loop,0.5,39,70d19105c4a33dd2,0.0,2.7615301328609867,4.258798369740349,3.6602815086933296,2.0057691631001675,0.060067260651048546,0.41779898025269935,0.990191225744486,0.0
pred_error_w8,0.5,39,70d19105c4a33dd2,1.0,0.26398606461050655,0.12321980522511163,0.006725877787466139,0.10381709565045555,0.1344839842165992,0.5456994931359734,0.03151717878641359,2.425826635096906e-05
history_h4,0.5,39,70d19105c4a33dd2,1.0,0.2843924241088992,0.1811182883534854,0.01453871379075089,0.21577312025279485,0.1128217457812811,0.640395837874158,nan,nan
history_h16,0.5,39,70d19105c4a33dd2,1.0,0.26940270772408625,0.14080131880854857,0.0138189891665359,0.17523763435352552,0.10509289298455664,0.6208175601908545,nan,nan
history_h16_chunk4,0.5,39,70d19105c4a33dd2,1.0,0.3068546371473688,0.21746022725970296,0.02770600558835934,0.28447032572783715,0.0904974113300845,0.5516297591115537,nan,nan
oracle,0.5,40,04b3bbe26c3d3b1e,1.0,0.25326661835206854,0.08254053566244697,0.07481977611538504,0.0,0.08676467774755393,0.6462277612867265,0.0,nan
open_loop,0.5,40,04b3bbe26c3d3b1e,0.0,2.4429774011040672,4.12032216077546,4.884844335717713,2.1246280937806388,0.08019687307379843,0.5626117929082005,1.0495390833126341,0.0
pred_error_w8,0.5,40,04b3bbe26c3d3b1e,1.0,0.26280832956499045,0.11109842610886142,0.1836354531089901,0.2940104564616654,0.13791501863359698,0.6762718683030365,0.04039908875292869,2.544347420386367e-05
history_h4,0.5,40,04b3bbe26c3d3b1e,1.0,0.29563282031564886,0.15101310632308013,0.23943309586598538,0.365167996621891,0.12014648993213578,0.6892606486846696,nan,nan
history_h16,0.5,40,04b3bbe26c3d3b1e,1.0,0.28028231036364765,0.12085067316729929,0.1965979890166114,0.32076970242156794,0.10652296501350762,0.6606555642588637,nan,nan
history_h16_chunk4,0.5,40,04b3bbe26c3d3b1e,1.0,0.33114749226472967,0.1584156600066375,0.28390112350383045,0.46923009984007985,0.10583944266691737,0.5698163233722043,nan,nan
oracle,0.5,41,92642c329d1607e7,1.0,0.2759193769282291,0.07845713025018375,0.12255046040787487,0.0,0.07349246861510587,0.5380892186934112,0.0,nan
open_loop,0.5,41,92642c329d1607e7,0.0,1.9151559761356598,3.270196066878527,2.7263861287187714,1.7076315365083885,0.06133351568727383,0.4321227084891245,0.7348332263662928,0.0
pred_error_w8,0.5,41,92642c329d1607e7,1.0,0.28396030855020615,0.1510491249092686,0.1850599678470095,0.1952886914517621,0.1251319913363221,0.5232076136303598,0.03559467256764933,2.6322490448971393e-05
history_h4,0.5,41,92642c329d1607e7,1.0,0.30159203624421843,0.18625914972663513,0.2289159411430184,0.286574246363717,0.11225495270003406,0.6402331337359318,nan,nan
history_h16,0.5,41,92642c329d1607e7,1.0,0.285180483145889,0.16683264403783235,0.20536008263846117,0.25046451187253055,0.10564278302183558,0.6154585496189162,nan,nan
history_h16_chunk4,0.5,41,92642c329d1607e7,1.0,0.3220366315497797,0.231294976536157,0.27236214786950264,0.36494029268328515,0.09153738233996249,0.5206078765091606,nan,nan
oracle,0.5,42,e5cebebf001c17a8,1.0,0.15748252619346348,0.08964346907845601,0.04040265877389704,0.0,0.07783918905512043,0.5389704485205283,0.0,nan
open_loop,0.5,42,e5cebebf001c17a8,0.0,4.800873545244972,8.017824363739265,9.760478079878371,2.7570159856806375,0.05678075826646878,0.3210536872895307,1.9937722907480946,0.0
pred_error_w8,0.5,42,e5cebebf001c17a8,1.0,0.15331410845522114,0.08409941881142523,0.07086401862625724,0.2838760213860957,0.15666372630104203,0.5571264542166935,0.03996665991570424,3.329023051877812e-05
history_h4,0.5,42,e5cebebf001c17a8,1.0,0.17297791447682553,0.09993892002487435,0.06141381963679926,0.26701250798093096,0.08920105569334404,0.5097441460113555,nan,nan
history_h16,0.5,42,e5cebebf001c17a8,1.0,0.15862646146914122,0.08610893216046252,0.054195604349978055,0.2422445588081074,0.07894801832265742,0.505277628542013,nan,nan
history_h16_chunk4,0.5,42,e5cebebf001c17a8,1.0,0.16997311432889214,0.11249438225297367,0.09379237116190708,0.2788926965407073,0.06414823433660156,0.4699226110804535,nan,nan
oracle,0.5,43,4077ff852bc8e1d8,1.0,0.1769117481329061,0.0687739466028023,0.04605076198246216,0.0,0.06167299063760385,0.46028080995339504,0.0,nan
open_loop,0.5,43,4077ff852bc8e1d8,0.0,3.7031741383263057,5.779017747905788,6.188491370668048,2.5510694414567436,0.05358665066361687,0.3638921610878085,1.3337591869641459,0.0
pred_error_w8,0.5,43,4077ff852bc8e1d8,1.0,0.1973173562324453,0.10359986059689145,0.015993940509071436,0.2248260586094079,0.1356255307557448,0.502184865444426,0.03758704539733657,2.8597637702344805e-05
history_h4,0.5,43,4077ff852bc8e1d8,1.0,0.23238323755909462,0.13732640632539475,0.040306286625238386,0.32203053051049946,0.09125738699746617,0.5115256324926869,nan,nan
history_h16,0.5,43,4077ff852bc8e1d8,1.0,0.22838861252053777,0.12503385000863768,0.0358121438143737,0.3133638136243133,0.08262397551480515,0.513103060506935,nan,nan
history_h16_chunk4,0.5,43,4077ff852bc8e1d8,1.0,0.2705734865264622,0.16747544543615767,0.04046865263579136,0.406743640439195,0.08330706353575212,0.46799485073207414,nan,nan
oracle,0.5,44,ed5276484fd03dd2,1.0,0.09921091838135968,0.040160828982211315,0.06472710212916155,0.0,0.03376149021438374,0.36941533655947156,0.0,nan
open_loop,0.5,44,ed5276484fd03dd2,0.0,3.942281165675367,6.500090085123946,7.643248631334001,2.6551427201626954,0.02114239825645834,0.17538318798901692,1.7997663848549679,0.0
pred_error_w8,0.5,44,ed5276484fd03dd2,1.0,0.12243912320867854,0.10277397292753783,0.03331641332671609,0.24830412801565402,0.1238996808201728,0.4078712956259581,0.03923028440103564,2.5778127539020763e-05
history_h4,0.5,44,ed5276484fd03dd2,1.0,0.15912314510945505,0.08988538364583692,0.007202121955982577,0.26452280242999543,0.06656354549841406,0.4114687663994912,nan,nan
history_h16,0.5,44,ed5276484fd03dd2,1.0,0.14669605719752507,0.08861452132126309,0.0017202076591207316,0.24282312599314437,0.05311085995389567,0.40665749275223984,nan,nan
history_h16_chunk4,0.5,44,ed5276484fd03dd2,1.0,0.1972667567225754,0.11914121047508133,0.003313837704235212,0.3631621879066345,0.06107484206604988,0.43150477866777426,nan,nan
oracle,0.5,45,c9697620b05b9daa,1.0,0.2256818844036874,0.1324786422003407,0.08867416187443555,0.0,0.07299624880611377,0.581026453413883,0.0,nan
open_loop,0.5,45,c9697620b05b9daa,0.0,1.4234129212863054,2.5996706030505,4.602911897338175,1.8055986015458574,0.05844339426946793,0.41937822587703083,1.0785503387605901,0.0
pred_error_w8,0.5,45,c9697620b05b9daa,1.0,0.2414566940969459,0.16703228715954058,0.12688996142567688,0.12873323427365455,0.1367389151126362,0.6034262402991681,0.036591635736600146,3.953238923937069e-05
history_h4,0.5,45,c9697620b05b9daa,1.0,0.2758658118730635,0.21699054638360876,0.13841927409004073,0.27915982625188396,0.11178793493007383,0.6731028387905706,nan,nan
history_h16,0.5,45,c9697620b05b9daa,1.0,0.26298389194571714,0.19257675290687462,0.13941588018890894,0.23836573387308976,0.1030399762763546,0.6631944636375909,nan,nan
history_h16_chunk4,0.5,45,c9697620b05b9daa,1.0,0.3200856115259266,0.2707511298250366,0.1466253344971884,0.3797309871870583,0.1067129864678457,0.625530976384533,nan,nan
oracle,0.5,46,566ca093cc0eeb33,1.0,0.0926820910226021,0.05127246354935012,0.006921074178194431,0.0,0.04662792584933043,0.3324333792169603,0.0,nan
open_loop,0.5,46,566ca093cc0eeb33,0.0,3.573083756955369,6.262317548182361,8.12492301269247,2.1629416183412515,0.03128502977173741,0.2226249324630012,1.6554507877586326,0.0
pred_error_w8,0.5,46,566ca093cc0eeb33,1.0,0.10076614946920143,0.0447534100856636,0.006527241803447215,0.10711567688550672,0.1311338210788957,0.3549041625150068,0.03569138776420494,2.451650611611062e-05
history_h4,0.5,46,566ca093cc0eeb33,1.0,0.13421985474069306,0.07322069167787526,0.017842324086067674,0.19573648921581993,0.06996141181291793,0.34430260265316864,nan,nan
history_h16,0.5,46,566ca093cc0eeb33,1.0,0.12112308903500554,0.04886446134007697,0.010477283444302543,0.16411258665408468,0.05999027392964159,0.3516292223966695,nan,nan
history_h16_chunk4,0.5,46,566ca093cc0eeb33,1.0,0.16411345200598876,0.0880044920935234,0.003358638532545921,0.29952655843529047,0.0700418498694734,0.38262397850005264,nan,nan
oracle,0.5,47,bd3e4f130f3900fd,1.0,0.07372937754306166,0.04462985701143182,0.026623609973028373,0.0,0.04736994360455422,0.25211178378031146,0.0,nan
open_loop,0.5,47,bd3e4f130f3900fd,1.0,0.39026016090744964,0.3843556660731659,0.5343585480668986,1.167091354259657,0.03137468841537326,0.1758984051506994,0.5916682020745445,0.0
pred_error_w8,0.5,47,bd3e4f130f3900fd,1.0,0.08295527718019646,0.06813273580755638,0.0709019132001325,0.1292648716387829,0.1337182698782103,0.27816315785906875,0.03646645553151089,4.435720008153178e-05
history_h4,0.5,47,bd3e4f130f3900fd,1.0,0.10081544417698272,0.10324390122792657,0.08340612094838562,0.16069733351180024,0.06478822945508425,0.2764766627593433,nan,nan
history_h16,0.5,47,bd3e4f130f3900fd,1.0,0.0920352881628615,0.09126561739919019,0.08495805265283929,0.12821660315254835,0.05814987734826041,0.2929127545195166,nan,nan
history_h16_chunk4,0.5,47,bd3e4f130f3900fd,1.0,0.10942931925317742,0.14317948047813886,0.12338392686283006,0.20646267170250476,0.05395946756989064,0.27950262040211343,nan,nan
oracle,0.5,48,1e64afabb97b1d9c,1.0,0.26132756750589864,0.07681420111187941,0.026291494456981646,0.0,0.07690454956668605,0.5496749636820306,0.0,nan
open_loop,0.5,48,1e64afabb97b1d9c,0.0,2.5999470535802303,4.02096965403763,3.836333415673433,2.2904116094588276,0.062048455519361556,0.46176924968873856,1.0670865110312662,0.0
pred_error_w8,0.5,48,1e64afabb97b1d9c,1.0,0.26190875374758443,0.07580134128946538,0.026565632970664055,0.09147443064328555,0.13561654999383513,0.552050246671759,0.024830002269882544,2.0929146570739265e-05
history_h4,0.5,48,1e64afabb97b1d9c,1.0,0.28782811523818835,0.09894931908742212,0.052987576139917,0.25356423294229996,0.1187977111044762,0.6677786095333621,nan,nan
history_h16,0.5,48,1e64afabb97b1d9c,1.0,0.27559673045334326,0.07999116626420956,0.01713602075941356,0.21582260832300218,0.10961307557882184,0.645556824789935,nan,nan
history_h16_chunk4,0.5,48,1e64afabb97b1d9c,1.0,0.3195206322897304,0.11548165846509396,0.08931230625117514,0.29406003291711635,0.10502105261039855,0.5244403162145406,nan,nan
oracle,0.5,49,67a5c8d000f57a0e,1.0,0.13515229117331426,0.055858286301393334,0.067276461405825,0.0,0.05613820860439768,0.49913044051986977,0.0,nan
open_loop,0.5,49,67a5c8d000f57a0e,0.0,0.8498883959164801,1.0995991365958353,0.10666431405900112,1.6801829198555904,0.03298522311351604,0.25620773000973135,1.0454714702737014,0.0
pred_error_w8,0.5,49,67a5c8d000f57a0e,1.0,0.15230194739612843,0.09788500184349254,0.056967821908219474,0.14560728744855475,0.13984859186023607,0.5191929656822143,0.035431480630031736,2.5887488899439892e-05
history_h4,0.5,49,67a5c8d000f57a0e,1.0,0.18470832264425271,0.1261177492732601,0.048893785423213876,0.24074453806402238,0.08107278082074762,0.5280078459124323,nan,nan
history_h16,0.5,49,67a5c8d000f57a0e,1.0,0.17401345251932906,0.11493485826133133,0.06874538088715254,0.2076011432269021,0.06689477753255213,0.5142782102287038,nan,nan
history_h16_chunk4,0.5,49,67a5c8d000f57a0e,1.0,0.23457797310623008,0.16924664109561208,0.06364065222122872,0.3714695852758138,0.07568818695201014,0.5266069217689684,nan,nan
oracle,0.5,50,033ab952857f5af8,1.0,0.1318220299781374,0.06781124710644064,0.06987459885952774,0.0,0.04779505642026963,0.35523452522778387,0.0,nan
open_loop,0.5,50,033ab952857f5af8,0.0,2.385866297290434,1.7487029491102868,0.788189822715796,2.24138295159584,0.04639441084450408,0.2724600932570413,0.9018751108388348,0.0
pred_error_w8,0.5,50,033ab952857f5af8,1.0,0.15374627256218634,0.091349614865847,0.1385180432980304,0.17991577526169042,0.14821013257389412,0.3614192709827774,0.03576593926863425,5.867793297772719e-05
history_h4,0.5,50,033ab952857f5af8,1.0,0.1677939564891086,0.09464449515255663,0.1413119575044992,0.2160975551367813,0.06879631795831176,0.362295390440357,nan,nan
history_h16,0.5,50,033ab952857f5af8,1.0,0.1611189239232961,0.0921452791921376,0.14162832291216,0.18827483552574825,0.05666925802444832,0.35695577677963386,nan,nan
history_h16_chunk4,0.5,50,033ab952857f5af8,1.0,0.19285760504572946,0.10107778900007332,0.1339359192995886,0.3302136644576905,0.05525233991008363,0.32079872312957447,nan,nan
oracle,0.5,51,299a169c74feea1c,1.0,0.07235695902970858,0.05011666073301838,0.005499748563053686,0.0,0.045036835480059115,0.27618671315004634,0.0,nan
open_loop,0.5,51,299a169c74feea1c,1.0,0.5546613139844581,0.20136391877769602,0.09825815624803447,1.4299159753795567,0.028261760454732485,0.15790083546120579,0.6917575700348373,0.0
pred_error_w8,0.5,51,299a169c74feea1c,1.0,0.10115939660684287,0.10950052165250067,0.05536100404194855,0.2192854618748252,0.12233956386037953,0.30699779465959054,0.03446674312754412,2.080354275262004e-05
history_h4,0.5,51,299a169c74feea1c,1.0,0.11291211357671475,0.10797592289459221,0.023507401302767406,0.2279771655928587,0.06421284949869288,0.29306608956413777,nan,nan
history_h16,0.5,51,299a169c74feea1c,1.0,0.1169547966623656,0.12835831373014117,0.055939817312951945,0.25776454738574667,0.05419714873076535,0.29640061954641844,nan,nan
history_h16_chunk4,0.5,51,299a169c74feea1c,1.0,0.11935098308263273,0.12032498708288086,0.020069736264230364,0.26142112793575584,0.04364868001862629,0.26851269201115424,nan,nan
oracle,0.5,52,298775ff340b9736,1.0,0.22857591828779264,0.10784422534305328,0.049552588797832975,0.0,0.05532812738056507,0.47217951716697504,0.0,nan
open_loop,0.5,52,298775ff340b9736,0.0,2.4793398644757474,3.450212475285684,4.410814824594999,2.45053316474022,0.05943255745764256,0.4269625255246849,0.9150870256618235,0.0
pred_error_w8,0.5,52,298775ff340b9736,1.0,0.23317587534573678,0.12027255339555004,0.04558184629403339,0.10077971294426522,0.12226344004202318,0.4783520537563166,0.02789018893008233,2.581098771833692e-05
history_h4,0.5,52,298775ff340b9736,1.0,0.25525016830409714,0.15752609197013384,0.023311794978325473,0.235085450723203,0.09743641141540219,0.548332655314575,nan,nan
history_h16,0.5,52,298775ff340b9736,1.0,0.24846281915132754,0.1480045566601966,0.06075713855440679,0.2000880599473148,0.08136775333261813,0.5263121982344492,nan,nan
history_h16_chunk4,0.5,52,298775ff340b9736,1.0,0.2951920849049464,0.16216442302408055,0.04354387326343545,0.29760177074804944,0.08531957840668479,0.4596965060789841,nan,nan
oracle,0.5,53,e6dd4b905141d293,1.0,0.09194040461618919,0.0394598991641253,0.04785447737375215,0.0,0.040427753575774196,0.36330177716048595,0.0,nan
open_loop,0.5,53,e6dd4b905141d293,0.0,2.7829084548857224,4.710005436992299,5.42714938708282,2.134923747296915,0.012620870086376492,0.1050258625363403,1.6132772700345301,0.0
pred_error_w8,0.5,53,e6dd4b905141d293,1.0,0.09938689857080082,0.06396633959021644,0.03398747893204401,0.17806755447414793,0.1258791757904108,0.3944721887907831,0.032345688026650714,2.0700644649088246e-05
history_h4,0.5,53,e6dd4b905141d293,1.0,0.1289149265784567,0.08185804800041187,0.02975830466967011,0.19706617386432362,0.07061934724351705,0.42796551331792415,nan,nan
history_h16,0.5,53,e6dd4b905141d293,1.0,0.10896544541455327,0.0669783599927049,0.01565534366983634,0.17125631374157266,0.06146591772409487,0.41621737139553877,nan,nan
history_h16_chunk4,0.5,53,e6dd4b905141d293,1.0,0.1511836421849123,0.10400216909694164,0.0064157516529004255,0.25808325000310006,0.07055304814704237,0.4607576999425395,nan,nan
oracle,0.5,54,4885847abd4b2cb0,1.0,0.2917269379641686,0.08920648371715074,0.049426695506009144,0.0,0.11180552497741272,0.6827039819009922,0.0,nan
open_loop,0.5,54,4885847abd4b2cb0,0.0,1.0649199393943705,1.9264018644726946,2.8650231445668313,1.5229549330360417,0.09823043849520476,0.6391676110791106,1.8246780755137255,0.0
pred_error_w8,0.5,54,4885847abd4b2cb0,1.0,0.2927257373320502,0.09649592474380098,0.14675977820534053,0.16297759723466276,0.15793766097153433,0.6912943821031445,0.0352129043018321,4.108408529346386e-05
history_h4,0.5,54,4885847abd4b2cb0,1.0,0.29930205941177224,0.113016754768992,0.16541241069285212,0.20342394786821616,0.1216836690814731,0.647518716218179,nan,nan
history_h16,0.5,54,4885847abd4b2cb0,1.0,0.286696709978837,0.12071050118236135,0.15375956365800053,0.2063968720412357,0.1220392140681345,0.6558697366958757,nan,nan
history_h16_chunk4,0.5,54,4885847abd4b2cb0,1.0,0.30713852945996467,0.17670864212327378,0.24176088836401594,0.3473687321747316,0.09689123459988157,0.4969490733054588,nan,nan
oracle,0.5,55,ae5f5941af3f9002,1.0,0.2750305415189807,0.0734407924068478,0.03931126788713013,0.0,0.07160211641744971,0.5268174239932992,0.0,nan
open_loop,0.5,55,ae5f5941af3f9002,0.0,1.8503180024506125,1.6483209254904896,1.086549134024463,2.2013087944591465,0.06051031949899129,0.4233580232367945,1.5290984970478885,0.0
pred_error_w8,0.5,55,ae5f5941af3f9002,1.0,0.2957201087360893,0.10923083157694635,0.11685915611866848,0.19218113452138327,0.14932786439280554,0.5673781810037395,0.045529985880096956,3.391853318562035e-05
history_h4,0.5,55,ae5f5941af3f9002,1.0,0.30888454373614666,0.11862461873958283,0.09610494856547835,0.26185695848053797,0.11608092141970873,0.6912772536133615,nan,nan
history_h16,0.5,55,ae5f5941af3f9002,1.0,0.28977425089471787,0.10822434321716631,0.11076113306701463,0.2121880617375384,0.1099453958874526,0.6537496648854745,nan,nan
history_h16_chunk4,0.5,55,ae5f5941af3f9002,1.0,0.32704251990705274,0.1386919303097024,0.0518997301111257,0.29731485259261486,0.09984537837603152,0.5669614324483773,nan,nan
oracle,0.5,56,956fb69d03bb0222,1.0,0.22891459197992173,0.05037072355013245,0.008653095412955114,0.0,0.08400921204993779,0.5534793738787647,0.0,nan
open_loop,0.5,56,956fb69d03bb0222,0.0,3.7465264077803386,4.470840967548907,4.551736127716499,2.3749746318164977,0.08634514841210508,0.556857922226908,1.4915898625207098,0.0
pred_error_w8,0.5,56,956fb69d03bb0222,1.0,0.23273625916429422,0.05603569423740305,0.02848091645334838,0.1386967227385504,0.15881160476438264,0.5650483605495472,0.029927908487687078,2.5212353279345026e-05
history_h4,0.5,56,956fb69d03bb0222,1.0,0.24795704769817337,0.07078123506542396,0.008237791668394223,0.18375345879052898,0.10472791078529603,0.5326250824304916,nan,nan
history_h16,0.5,56,956fb69d03bb0222,1.0,0.23820455783016703,0.06394123613847838,0.028276242630364656,0.17447861922017582,0.10070283256656515,0.5310619012871527,nan,nan
history_h16_chunk4,0.5,56,956fb69d03bb0222,1.0,0.27269489103139527,0.10493679830553145,0.055940659643475055,0.3499563389773981,0.08669550548381426,0.42516809946560313,nan,nan
oracle,0.5,57,65c97c31c1403e1c,1.0,0.10921270018214844,0.05284728387080356,0.07832505520401067,0.0,0.05084171329117103,0.34699542568350983,0.0,nan
open_loop,0.5,57,65c97c31c1403e1c,0.0,4.7124992877512195,8.001607412637243,9.426121336853065,2.488421581184771,0.04914585877105391,0.27552229751666024,2.116206041755908,0.0
pred_error_w8,0.5,57,65c97c31c1403e1c,1.0,0.11298108114318495,0.06771122066426982,0.08902981609777427,0.11734387724845562,0.13473740865358888,0.37170716928504405,0.028100059173380855,2.428808002519221e-05
history_h4,0.5,57,65c97c31c1403e1c,1.0,0.13156640836947073,0.07284347278549981,0.1193216687164993,0.16025372686885894,0.06574447295498162,0.3288388702491627,nan,nan
history_h16,0.5,57,65c97c31c1403e1c,1.0,0.12114688794089629,0.0727300191038115,0.10172224621945425,0.12445145286384834,0.058145756387367804,0.33502143545993335,nan,nan
history_h16_chunk4,0.5,57,65c97c31c1403e1c,1.0,0.15699016114824094,0.10619631785695997,0.15134853812547,0.2532393688054337,0.05657265563886138,0.34020730173150665,nan,nan
oracle,0.5,58,47d90898382da7a0,1.0,0.1260944568450706,0.13269431202213328,0.19906413271239387,0.0,0.058209918994036894,0.491422013744727,0.0,nan
open_loop,0.5,58,47d90898382da7a0,0.0,1.2591918416674206,2.192190450157577,3.6031217588284017,1.9080096250282033,0.030494016226816308,0.21735923096152163,1.4677633625662063,0.0
pred_error_w8,0.5,58,47d90898382da7a0,1.0,0.19415860289833542,0.27015434992922144,0.37137733473014123,0.3109574208701833,0.13135070677767724,0.5236526683501919,0.04396038204054413,2.3629121504710133e-05
history_h4,0.5,58,47d90898382da7a0,1.0,0.22585313610655802,0.29917162079975285,0.4178456222844762,0.3798419133094086,0.08568385867250435,0.5434870428402092,nan,nan
history_h16,0.5,58,47d90898382da7a0,1.0,0.2123913329443378,0.2775837500559457,0.40408538318153475,0.35479583829002814,0.073311536148276,0.5253269058362964,nan,nan
history_h16_chunk4,0.5,58,47d90898382da7a0,1.0,0.254863448197913,0.3155087892762414,0.4885773608264383,0.4677317114500348,0.08524713143554849,0.5512030425936489,nan,nan
oracle,0.5,59,80d0821eeeb960dd,1.0,0.29551621065252537,0.059913628720742414,0.026377072713492655,0.0,0.08768258514232447,0.6354955582958939,0.0,nan
open_loop,0.5,59,80d0821eeeb960dd,0.0,1.2871555175419669,2.11928378924011,3.379745621204023,2.085444304593537,0.06338340993059693,0.47753123829392985,0.9370565405883381,0.0
pred_error_w8,0.5,59,80d0821eeeb960dd,1.0,0.29124587063079377,0.03902898482888781,0.07210493685694086,0.15838378164943656,0.1361765924717923,0.655624886548675,0.026404551073504288,2.3483375219399573e-05
history_h4,0.5,59,80d0821eeeb960dd,1.0,0.32156572861151467,0.047597869039440244,0.0800599521664882,0.2794796273788683,0.13765862029422032,0.7908359279390798,nan,nan
history_h16,0.5,59,80d0821eeeb960dd,1.0,0.3070398859972206,0.043926221408394105,0.06785923284146156,0.24490850529389496,0.12682754637781135,0.7655562689543702,nan,nan
history_h16_chunk4,0.5,59,80d0821eeeb960dd,1.0,0.3497101038402609,0.075628756275246,0.08183242139108327,0.3099552118288865,0.11599775271242332,0.6207783691639944,nan,nan
oracle,0.5,60,28f17417f576aed4,1.0,0.06026076988087049,0.08142763676493507,0.06984975097547741,0.0,0.033928480032087864,0.25406259510272955,0.0,nan
open_loop,0.5,60,28f17417f576aed4,0.0,1.0002897643963158,1.8786303828142563,3.4200863172604787,1.6847497710804678,0.010767019170037587,0.11608138510186422,2.020428701676496,0.0
pred_error_w8,0.5,60,28f17417f576aed4,1.0,0.08602057958840187,0.12862100993697897,0.1027033417602028,0.15678528043577517,0.13126795196537655,0.29590778619576785,0.03428855214491552,5.2969925476031253e-05
history_h4,0.5,60,28f17417f576aed4,1.0,0.11560846982118446,0.17102323725064647,0.12296324244253265,0.22229690618550224,0.06226224183235821,0.2984676999276919,nan,nan
history_h16,0.5,60,28f17417f576aed4,1.0,0.10398742256038455,0.15116776306207622,0.11782178409355426,0.1819843966476086,0.05476243518700572,0.30655056991661506,nan,nan
history_h16_chunk4,0.5,60,28f17417f576aed4,1.0,0.13304615987051127,0.19476648737613733,0.10193079817915018,0.2784539625878198,0.06008519097762851,0.3247195968124539,nan,nan
oracle,0.5,61,41df8ce83abbdbdc,1.0,0.2135411558696134,0.08218247966517987,0.05241444490951719,0.0,0.07261869823539013,0.4920122422131551,0.0,nan
open_loop,0.5,61,41df8ce83abbdbdc,0.0,1.3162226286130543,0.5007205470487612,0.2897392264130034,1.8974493373116494,0.05496409792294984,0.36308851585416657,0.8815009639543523,0.0
pred_error_w8,0.5,61,41df8ce83abbdbdc,1.0,0.23549051187842857,0.15729044393502797,0.1923621123633612,0.2785720562397079,0.16015631336682004,0.5372462998203144,0.043139948231173626,4.078721515543265e-05
history_h4,0.5,61,41df8ce83abbdbdc,1.0,0.2539023127563669,0.16993356885995126,0.1961469188228313,0.279930960986035,0.10736685110657163,0.5910986725108519,nan,nan
history_h16,0.5,61,41df8ce83abbdbdc,1.0,0.24493876281229465,0.17717240130358966,0.1858407229775696,0.27565939661397365,0.09993945439853731,0.5760127735523146,nan,nan
history_h16_chunk4,0.5,61,41df8ce83abbdbdc,1.0,0.27610449427175193,0.2365172442026031,0.28386959440183834,0.37936458967717845,0.09624048095119837,0.5348473531945178,nan,nan
oracle,0.5,62,b9e255382c4c4969,1.0,0.20382305086522742,0.052933187435599334,0.0538850699301574,0.0,0.08144785458266257,0.5623935818770845,0.0,nan
open_loop,0.5,62,b9e255382c4c4969,0.0,4.219382778133823,6.807992579530898,7.673339995305311,2.7105889173281654,0.07098860247855776,0.48055709514891437,1.597226672516589,0.0
pred_error_w8,0.5,62,b9e255382c4c4969,1.0,0.22003344380117534,0.1656885949816979,0.1609141703961745,0.2719113807674853,0.14053479265394048,0.5658231573645939,0.04138623751211599,2.8800071999707437e-05
history_h4,0.5,62,b9e255382c4c4969,1.0,0.25044749467097455,0.1827596957207105,0.16654259247779657,0.33733812481382475,0.09950542407976118,0.549869349016831,nan,nan
history_h16,0.5,62,b9e255382c4c4969,1.0,0.2399246241691657,0.16701475689430095,0.16113791440663572,0.299562231808846,0.0883246444788935,0.5288304830382048,nan,nan
history_h16_chunk4,0.5,62,b9e255382c4c4969,1.0,0.2768734003471829,0.2216359442318746,0.17396519184466608,0.45921139221002727,0.08289434427408553,0.43695499213618905,nan,nan
oracle,0.5,63,816266d3a11c7958,1.0,0.17215302100677024,0.07412092815005229,0.11690121425106348,0.0,0.06214822397112596,0.4067298100565014,0.0,nan
open_loop,0.5,63,816266d3a11c7958,0.0,0.5558910812618626,0.5446354316989109,0.19598749602075838,1.4219717849183222,0.05362413531728673,0.3377073546680587,0.5554297370598257,0.0
pred_error_w8,0.5,63,816266d3a11c7958,1.0,0.17253917480894795,0.06696519158657581,0.09931407915091395,0.10796153695493337,0.14262080088533477,0.4180103182194814,0.030232380866588793,2.695452943199713e-05
history_h4,0.5,63,816266d3a11c7958,1.0,0.1916810386261259,0.0882406423727501,0.14375661975024556,0.15375228079374353,0.08936008545411911,0.4573506575843221,nan,nan
history_h16,0.5,63,816266d3a11c7958,1.0,0.1788369278162142,0.08288345754511325,0.1292782963827177,0.1194231672918135,0.08030064193290054,0.43877883769111514,nan,nan
history_h16_chunk4,0.5,63,816266d3a11c7958,1.0,0.1907395827355793,0.09384246125057945,0.13313046211398305,0.2293822165542085,0.06658043052740448,0.3413047505154482,nan,nan
oracle,1.0,0,9a6ab8cc8cb1365d,1.0,0.24027970905048562,0.09760373578293073,0.15236470520956846,0.0,0.10245393378641329,0.6624866342332287,0.0,nan
open_loop,1.0,0,9a6ab8cc8cb1365d,0.0,1.0891045809619744,1.958909839032635,3.130506976822349,1.8761839050513425,0.05998195743636492,0.40409802953642554,1.110044838671294,0.0
pred_error_w8,1.0,0,9a6ab8cc8cb1365d,1.0,0.2524277479480182,0.15874570420832862,0.043274432447914624,0.27662573399855395,0.15175735065642726,0.6709597575025652,0.048507760300179344,4.060399396698244e-05
history_h4,1.0,0,9a6ab8cc8cb1365d,1.0,0.2800981782452441,0.1626984488049562,0.10109206204348098,0.27605977994567144,0.123145555802259,0.7359357019052396,nan,nan
history_h16,1.0,0,9a6ab8cc8cb1365d,1.0,0.2637709285189378,0.15238405635070604,0.05754808320463667,0.28420936629656096,0.12371185753994277,0.7286253608876796,nan,nan
history_h16_chunk4,1.0,0,9a6ab8cc8cb1365d,1.0,0.2998507356446939,0.16695094395232266,0.1610292019883035,0.34497823675890643,0.11186319303947595,0.6564909395772868,nan,nan
oracle,1.0,1,bad506f7547dcf97,1.0,0.2647885155235736,0.07090871710673781,0.10795442363550478,0.0,0.08970885195738994,0.8581174847701694,0.0,nan
open_loop,1.0,1,bad506f7547dcf97,0.0,8.083310547654222,13.019467769720327,13.666762467798431,2.324853565878272,0.03525555685976075,0.19608528340178916,3.8044418269376226,0.0
pred_error_w8,1.0,1,bad506f7547dcf97,1.0,0.3807010137397553,0.11816021249067224,0.23270118628204273,0.4346633551063799,0.13855555440170292,0.8449926370355298,0.16483132659644056,0.022144261904918878
history_h4,1.0,1,bad506f7547dcf97,1.0,0.3285328598090994,0.11604532890503949,0.24374648628976203,0.3628846623682142,0.09696015915189164,0.863336735836566,nan,nan
history_h16,1.0,1,bad506f7547dcf97,1.0,0.2986541638808352,0.14530207946236223,0.278670402935024,0.38619711955156794,0.09047951128986174,0.8485524849219391,nan,nan
history_h16_chunk4,1.0,1,bad506f7547dcf97,1.0,0.3904614239690728,0.14771083920065028,0.2910860760522418,0.38862897688478676,0.11478751787526566,0.9067071515742389,nan,nan
oracle,1.0,2,eb7fcd80447df8f3,1.0,0.2545748190896452,0.11536681648572272,0.17953914513279567,0.0,0.09957769204686272,0.6983061047605014,0.0,nan
open_loop,1.0,2,eb7fcd80447df8f3,0.0,1.3145272412380782,1.2601197383738199,0.7244323392969934,1.8927910060978983,0.07965057376349442,0.5496577391714154,1.2894449274785615,0.0
pred_error_w8,1.0,2,eb7fcd80447df8f3,1.0,0.2645823020262454,0.17178455500090678,0.19984584440574427,0.16582081451161382,0.157455248065804,0.7143714927743967,0.045021014355764256,4.825469018885866e-05
history_h4,1.0,2,eb7fcd80447df8f3,1.0,0.2951084836043625,0.19379230723923632,0.2527498925151024,0.23697116724931203,0.1270475410333811,0.7214432802332676,nan,nan
history_h16,1.0,2,eb7fcd80447df8f3,1.0,0.2870826318149079,0.20018508350462813,0.23049523132327554,0.22724914649074218,0.12116450490730186,0.707998117477009,nan,nan
history_h16_chunk4,1.0,2,eb7fcd80447df8f3,1.0,0.3387884176770954,0.2827340059341852,0.29572221498035756,0.4134513749742413,0.12113313232182212,0.6205681457418031,nan,nan
oracle,1.0,3,d2086ed26430a9bf,1.0,0.2928504320370252,0.3221973407382666,0.07765767763521758,0.0,0.08474238601065871,0.8084171487571565,0.0,nan
open_loop,1.0,3,d2086ed26430a9bf,0.0,3.058597247642269,5.710611939900328,9.206484486096432,2.1572451309859617,0.059706670128842336,0.43120849098570674,1.6827375100082729,0.0
pred_error_w8,1.0,3,d2086ed26430a9bf,0.0,0.46140975783983246,0.7118885468546116,0.2554930124201764,0.6069683832273943,0.14652173964743856,0.8147554069211017,0.15295810898005974,0.018394444294800336
history_h4,1.0,3,d2086ed26430a9bf,0.0,0.41263520389137764,0.533008664687498,0.04537597926885617,0.5048528666626981,0.12926347653758558,0.9221206309689914,nan,nan
history_h16,1.0,3,d2086ed26430a9bf,0.0,0.3914304217894386,0.48786109400846595,0.005342885271112152,0.49755781058075227,0.12047888456711542,0.9015983119308733,nan,nan
history_h16_chunk4,1.0,3,d2086ed26430a9bf,0.0,0.4848238503610514,0.6313143334423491,0.08229287626767068,0.6186621748355645,0.1401038712906248,0.8992981631648908,nan,nan
oracle,1.0,4,411b7aeb5c8d3081,1.0,0.22767099516063752,0.2649375544754641,0.08541724318019472,0.0,0.07989994807875608,0.8142277197188802,0.0,nan
open_loop,1.0,4,411b7aeb5c8d3081,0.0,1.9949005118157137,2.345925058073629,1.027399765947492,1.8856813255595637,0.013441959473102252,0.1413874789306145,1.0339652123748475,0.0
pred_error_w8,1.0,4,411b7aeb5c8d3081,1.0,0.2965957300970542,0.40441675298042923,0.19269079696314062,0.36284199672594686,0.1552459974886274,0.8280708480807846,0.08087949227290321,7.1077312263363e-05
history_h4,1.0,4,411b7aeb5c8d3081,1.0,0.32146675500271865,0.39231354446104744,0.25256987562174515,0.40874656296179396,0.11893627659975202,0.9209215582936223,nan,nan
history_h16,1.0,4,411b7aeb5c8d3081,1.0,0.3085901308504724,0.3772019353648391,0.19880386475346512,0.41706524678590723,0.11389373608543862,0.9043784820877129,nan,nan
history_h16_chunk4,1.0,4,411b7aeb5c8d3081,0.0,0.41974233373496905,0.49827444283158573,0.19476036735753066,0.5347054450244313,0.1439223848616419,0.9961761866792226,nan,nan
oracle,1.0,5,c51e21bf201d2f82,1.0,0.2230137747997885,0.1509625983264229,0.3762100882796098,0.0,0.0829803435109281,0.7843985011429713,0.0,nan
open_loop,1.0,5,c51e21bf201d2f82,0.0,8.146707582919285,13.976903431506859,17.21328487107843,2.2491473889680322,0.0335796972972926,0.23842891842551306,4.274272936515588,0.0
pred_error_w8,1.0,5,c51e21bf201d2f82,0.0,0.44116716430249164,0.4935577115218588,0.8226937522543736,0.7472055695903355,0.13308793760725296,0.8132990581281323,0.36251934073038633,0.12010028785703217
history_h4,1.0,5,c51e21bf201d2f82,1.0,0.34902360819813977,0.28130739911571695,0.5730807124189674,0.43867262071142593,0.10676214745014193,0.8101267904734311,nan,nan
history_h16,1.0,5,c51e21bf201d2f82,1.0,0.32683990962862686,0.2723219331685748,0.5788040767265414,0.38334970878769103,0.10239826955338233,0.8242850013309023,nan,nan
history_h16_chunk4,1.0,5,c51e21bf201d2f82,0.0,0.40307494684899486,0.30379461093356985,0.7138029814176434,0.5127076554460911,0.12049723033989132,0.8244937541621626,nan,nan
oracle,1.0,6,cc4e468d7ca61638,0.0,0.2771351801490987,0.5083676852062613,0.04180330076096439,0.0,0.07961386542232765,0.8294129152201856,0.0,nan
open_loop,1.0,6,cc4e468d7ca61638,0.0,2.44751227850995,2.771645880490368,3.610194648916229,2.2588568952189116,0.012692529684870509,0.14693747497070375,4.10792420654962,0.0
pred_error_w8,1.0,6,cc4e468d7ca61638,0.0,0.36461056384151264,0.6796584676600113,0.11126625964771897,0.2275631644059445,0.13286649294332709,0.8477536732293014,0.13153222609333112,0.012042688114802212
history_h4,1.0,6,cc4e468d7ca61638,0.0,0.30077972487878735,0.5477346366030696,0.057388632050955124,0.24153943614728962,0.10323047031782508,0.8755773343247807,nan,nan
history_h16,1.0,6,cc4e468d7ca61638,0.0,0.2942182802140838,0.5355580459841258,0.11597543402807631,0.2624923378297269,0.09773931325915602,0.8716007861630238,nan,nan
history_h16_chunk4,1.0,6,cc4e468d7ca61638,0.0,0.3731460810021997,0.6799164312315482,0.052539669414544576,0.3664447548747838,0.11743177465285971,0.9191455126234366,nan,nan
oracle,1.0,7,03b93ac07dc3b0b5,1.0,0.1702102350921402,0.12252385139855988,0.2140759420230065,0.0,0.07739964884409829,0.591033881713058,0.0,nan
open_loop,1.0,7,03b93ac07dc3b0b5,0.0,2.7559407170321215,1.841283260699882,0.8145610196471305,2.115350758450841,0.05797932569181708,0.3448285853659659,1.5702289332861796,0.0
pred_error_w8,1.0,7,03b93ac07dc3b0b5,1.0,0.19308940497332275,0.16670386719234206,0.2951870043058129,0.1493874698526927,0.1393958430444177,0.6194538851621455,0.04211556835777773,5.2350866328489895e-05
history_h4,1.0,7,03b93ac07dc3b0b5,1.0,0.23269707057851077,0.21677808620562858,0.373922743196788,0.2656246896028172,0.08846560980427516,0.6366469481050947,nan,nan
history_h16,1.0,7,03b93ac07dc3b0b5,1.0,0.2077711979531409,0.19801559240609537,0.3485361992620497,0.21016876428848322,0.08066069556129227,0.6024249726366471,nan,nan
history_h16_chunk4,1.0,7,03b93ac07dc3b0b5,1.0,0.2520328659098208,0.26466327680095575,0.46981591010785984,0.3636800275910242,0.08221617224452704,0.6073758811244587,nan,nan
oracle,1.0,8,4c687761fa149009,1.0,0.25699961157837087,0.18077407358449346,0.2547950866031812,0.0,0.07775225703348577,0.872953462019883,0.0,nan
open_loop,1.0,8,4c687761fa149009,0.0,12.629420935315167,21.706903342635474,26.41315496871645,2.9359893815176084,0.02787877957298879,0.15325156579654486,4.600121608109364,0.0
pred_error_w8,1.0,8,4c687761fa149009,1.0,0.32503707910544466,0.3646009442850094,0.46458435149908084,0.44112086407900875,0.1311423281170999,0.8384916849667667,0.08200339899198772,0.003749068161113377
history_h4,1.0,8,4c687761fa149009,1.0,0.32589012466881917,0.29416886718518964,0.44924184298849745,0.403486660979168,0.09859580748197207,0.8757534475216066,nan,nan
history_h16,1.0,8,4c687761fa149009,1.0,0.32080788249717807,0.29109395534158966,0.4550548160870509,0.3840503386684464,0.0968287175691325,0.8884505235259015,nan,nan
history_h16_chunk4,1.0,8,4c687761fa149009,1.0,0.379989015560963,0.33470023805485927,0.5064874536071233,0.49017822072589434,0.10495411105642084,0.8760547167109113,nan,nan
oracle,1.0,9,d5959e6d34166c0c,1.0,0.23007528996035342,0.12111541579005591,0.16004892441444374,0.0,0.09329704349147297,0.7022258267020327,0.0,nan
open_loop,1.0,9,d5959e6d34166c0c,0.0,1.4889447734342904,2.7491457253694893,5.019627087069642,1.9101334910518133,0.0698966691840604,0.48019784773046476,1.3341389305433051,0.0
pred_error_w8,1.0,9,d5959e6d34166c0c,1.0,0.22483884778052063,0.07405761920827712,0.012186609720709396,0.3697426723649485,0.15757331889592993,0.7125962871381577,0.0672422632139436,5.4063424789554695e-05
history_h4,1.0,9,d5959e6d34166c0c,1.0,0.26928674421204196,0.06630428509248734,0.07066346781671629,0.3242935199351867,0.1162484048622096,0.7516134969241794,nan,nan
history_h16,1.0,9,d5959e6d34166c0c,1.0,0.25056561395643834,0.06280922359056867,0.03131739568244363,0.37767245257136306,0.10458716868379912,0.7116572916778263,nan,nan
history_h16_chunk4,1.0,9,d5959e6d34166c0c,1.0,0.3069357788722218,0.08993193466292122,0.07218819016699707,0.4571361743326804,0.12008121824131811,0.6874122276148354,nan,nan
oracle,1.0,10,a64331a1f00eba91,1.0,0.12435538704300884,0.11958164858437563,0.10522941375241501,0.0,0.07291177428486616,0.4972727025809,0.0,nan
open_loop,1.0,10,a64331a1f00eba91,0.0,2.0746009036877386,3.868541439384188,5.3961029054763365,1.7871619441333046,0.025343101954581344,0.19381798982500756,2.3055668617792406,0.0
pred_error_w8,1.0,10,a64331a1f00eba91,1.0,0.16378874334179083,0.16878640797214114,0.25854458102762834,0.2727986708737266,0.14747664699270088,0.5057127875591957,0.05516257200846968,0.0005460853420173286
history_h4,1.0,10,a64331a1f00eba91,1.0,0.19877844185550375,0.19641434852936285,0.2892449503046972,0.33661854936234753,0.08813484878712491,0.5271122686004437,nan,nan
history_h16,1.0,10,a64331a1f00eba91,1.0,0.1795605107286879,0.1832653138838066,0.25832850672813024,0.31151705341341995,0.07755213288104577,0.5135565605485195,nan,nan
history_h16_chunk4,1.0,10,a64331a1f00eba91,1.0,0.2271667450448452,0.20713417570473464,0.24063863585392298,0.4133766923189083,0.09331358871686399,0.5577916041693294,nan,nan
oracle,1.0,11,474df8b9239afc7d,1.0,0.22282507036320337,0.12054274808786675,0.08459889569116275,0.0,0.0897540842902014,0.5979739044683551,0.0,nan
open_loop,1.0,11,474df8b9239afc7d,0.0,3.7741384599508114,4.522808796095321,3.8237824956681137,2.380137229567383,0.05734048977533425,0.3770130844628382,2.532024736714023,0.0
pred_error_w8,1.0,11,474df8b9239afc7d,1.0,0.23054063974373604,0.09060164235846471,0.022454186057978553,0.21126883320232154,0.158788525276887,0.6423426521569416,0.051816171304712035,7.991857907949599e-05
history_h4,1.0,11,474df8b9239afc7d,1.0,0.2668700119328428,0.09828138942151173,0.03610139402271617,0.30598190012943505,0.122607546780753,0.7206989957583453,nan,nan
history_h16,1.0,11,474df8b9239afc7d,1.0,0.24599474859018824,0.09651552967097592,0.0019384126608485985,0.28504437069124483,0.11974097651431558,0.716633096793593,nan,nan
history_h16_chunk4,1.0,11,474df8b9239afc7d,1.0,0.28822639897483154,0.11146592530769492,0.04345950584641223,0.38509021524276776,0.1174621817212927,0.6711738125012862,nan,nan
oracle,1.0,12,5bfaec82bfc90c68,1.0,0.17912787761327678,0.10417738846987694,0.05678081971114324,0.0,0.07560453935155222,0.648342688990332,0.0,nan
open_loop,1.0,12,5bfaec82bfc90c68,0.0,8.823044425104003,14.180942897975724,16.195023732124618,2.8922337450781237,0.04050861525999234,0.21481862777882016,3.223998739080552,0.0
pred_error_w8,1.0,12,5bfaec82bfc90c68,1.0,0.26825201559813067,0.19513545709432756,0.05487657386852618,0.3546801029879501,0.1502100941711123,0.6631814998864174,0.13068212586767694,7.517362944757385e-05
history_h4,1.0,12,5bfaec82bfc90c68,1.0,0.2964689449311524,0.1929250633382508,0.012544548327213079,0.3835051818452627,0.10603828829936318,0.6928308699866421,nan,nan
history_h16,1.0,12,5bfaec82bfc90c68,1.0,0.3022086020889488,0.22224864525806465,0.057402361073839,0.4347476424293221,0.09859473686727303,0.6988986476933523,nan,nan
history_h16_chunk4,1.0,12,5bfaec82bfc90c68,1.0,0.34747426905010564,0.24674240368238268,0.023901012959182566,0.4835808344411315,0.10635099254064449,0.6836578069487588,nan,nan
oracle,1.0,13,746c2eac50577a15,1.0,0.20500310888392723,0.2902650703666641,0.1136332324073237,0.0,0.09319845733868802,0.7495612953515158,0.0,nan
open_loop,1.0,13,746c2eac50577a15,0.0,7.6098354064392035,12.200799141980049,14.663775516589112,2.9369762128619494,0.035136670168465174,0.19629178914710216,4.272993653697336,0.0
pred_error_w8,1.0,13,746c2eac50577a15,0.0,0.27424192111592244,0.4364983652607386,0.1726911249384644,0.3335063145429097,0.15824475402040228,0.7698205025906079,0.06770525302456462,5.4933526606666386e-05
history_h4,1.0,13,746c2eac50577a15,0.0,0.3044934979167785,0.48593140054648576,0.2740083418810748,0.33528595670919664,0.12094190102679714,0.8626469021114345,nan,nan
history_h16,1.0,13,746c2eac50577a15,0.0,0.2920033876821902,0.45999338508805926,0.21564226517444318,0.3344985645376911,0.11638931218262447,0.8623892445482519,nan,nan
history_h16_chunk4,1.0,13,746c2eac50577a15,0.0,0.39020985113782186,0.63348359010255,0.1858441296903406,0.4258893629557786,0.1398535953023194,0.9438065051066254,nan,nan
oracle,1.0,14,8fc472abd7086874,1.0,0.10367386690381163,0.08206195891118077,0.16544202342014636,0.0,0.07183237185875567,0.42152301264823766,0.0,nan
open_loop,1.0,14,8fc472abd7086874,0.0,2.757160236874132,4.760849617802912,5.64202643571647,2.3672996145432794,0.03439987186756178,0.2597175236663465,1.4475397915122015,0.0
pred_error_w8,1.0,14,8fc472abd7086874,1.0,0.12596771849594932,0.10897242924135801,0.09934029687540136,0.19972935337902487,0.14664128434701365,0.4541487278470407,0.04820802520602484,3.209025036809632e-05
history_h4,1.0,14,8fc472abd7086874,1.0,0.14875901963287852,0.11994462826223191,0.1610485306400049,0.24090852863299247,0.08626278403554319,0.420210434964444,nan,nan
history_h16,1.0,14,8fc472abd7086874,1.0,0.14777117584113508,0.12206370587548081,0.12231013940625068,0.25052622211419157,0.07906838577294524,0.4385600378976871,nan,nan
history_h16_chunk4,1.0,14,8fc472abd7086874,1.0,0.19267392000549363,0.1696947819500164,0.15770915728703905,0.37089358380105175,0.08705625854461513,0.4548299331879708,nan,nan
oracle,1.0,15,36f539a626326aad,1.0,0.2221021269760805,0.1618714591313531,0.11221248113766258,0.0,0.09536541580869633,0.826747457949445,0.0,nan
open_loop,1.0,15,36f539a626326aad,0.0,6.299953642007234,9.693199745403815,10.58219557668404,2.8653499826127535,0.03294494131752214,0.2565014491149332,4.211385498075325,0.0
pred_error_w8,1.0,15,36f539a626326aad,1.0,0.24922401890763332,0.19548965150846817,0.11430346951800274,0.13509335661649927,0.1463203151117082,0.8446246217481637,0.04597223586237175,4.3941792445245144e-05
history_h4,1.0,15,36f539a626326aad,1.0,0.2771674725654257,0.22512369103098204,0.13674369950418352,0.2544289233508358,0.11575533351503575,0.8706641657500153,nan,nan
history_h16,1.0,15,36f539a626326aad,1.0,0.27053676339741295,0.2056532995041492,0.11872970076997547,0.2163339807630463,0.11478736531966216,0.8824300411085509,nan,nan
history_h16_chunk4,1.0,15,36f539a626326aad,1.0,0.3504963421249355,0.317500506465005,0.18066880126977303,0.40600907222760796,0.12816503825675546,0.9028160026533157,nan,nan
oracle,1.0,16,0189cbe61e17a1f0,1.0,0.2820659300443098,0.11110780610488837,0.09219944939149105,0.0,0.096398812765969,0.7300635417997013,0.0,nan
open_loop,1.0,16,0189cbe61e17a1f0,0.0,2.827335090383726,5.223502836641604,6.813302347320513,1.9372716218232207,0.059337620904959226,0.4054811239323882,1.582442423823778,0.0
pred_error_w8,1.0,16,0189cbe61e17a1f0,1.0,0.28496163269769115,0.10126157411816174,0.09426873573520345,0.13466682534184976,0.15045386610955397,0.7449369362384379,0.04308642822583295,3.098584662908648e-05
history_h4,1.0,16,0189cbe61e17a1f0,1.0,0.30821304598907184,0.1232931464955913,0.09344856693410009,0.2271314972894011,0.12384599860144128,0.8181106335397929,nan,nan
history_h16,1.0,16,0189cbe61e17a1f0,1.0,0.28654989632984756,0.11055407116577072,0.08727235170145198,0.18415210679075913,0.12148992256081369,0.7970049241507227,nan,nan
history_h16_chunk4,1.0,16,0189cbe61e17a1f0,1.0,0.33414527101939356,0.15491894811090395,0.11716072673911082,0.2934410057289444,0.11531793916160281,0.7625214762297321,nan,nan
oracle,1.0,17,cada01ca8da15984,1.0,0.21595388575206645,0.20083220228574233,0.01707254681224235,0.0,0.09903180416609736,0.6833538571824573,0.0,nan
open_loop,1.0,17,cada01ca8da15984,0.0,0.7649892173140316,1.0686954477818922,1.511018024242892,1.6472062509298024,0.06661087556494395,0.46559066631466056,2.8199792556829633,0.0
pred_error_w8,1.0,17,cada01ca8da15984,1.0,0.2436372191927643,0.25397698620240444,0.0390573579299911,0.19847661595908742,0.14759677140027258,0.7308831342457802,0.04951163434786735,5.072520227855407e-05
history_h4,1.0,17,cada01ca8da15984,1.0,0.28709867888019824,0.3030620856191943,0.044423334380809365,0.31886923126625644,0.11791575298262755,0.7398269013271275,nan,nan
history_h16,1.0,17,cada01ca8da15984,1.0,0.2658504044774938,0.2782382430969609,0.07399409837579185,0.26096280477350303,0.11355852543171654,0.7236271534398676,nan,nan
history_h16_chunk4,1.0,17,cada01ca8da15984,1.0,0.3131894682819268,0.3374019827307543,0.009691912549511628,0.4304239387814489,0.12531349847701306,0.7036536355784271,nan,nan
oracle,1.0,18,662fef824b84f62a,1.0,0.1958795984753384,0.18638578744784082,0.24856676032856395,0.0,0.06562698874985576,0.628735275858917,0.0,nan
open_loop,1.0,18,662fef824b84f62a,0.0,2.6705422739853706,3.0145516827465006,0.7880330025238855,2.1248706289369066,0.049704700760272016,0.3295979558882371,1.8698751399526539,0.0
pred_error_w8,1.0,18,662fef824b84f62a,1.0,0.18912175278114834,0.15543588647846432,0.22103937463349066,0.24224676619107416,0.13524880508982545,0.6567686808513113,0.05327160561072097,4.107102042949671e-05
history_h4,1.0,18,662fef824b84f62a,1.0,0.2173692605959004,0.19985598593400947,0.3061791788577679,0.2859217049547389,0.08946112006628718,0.6608359519057428,nan,nan
history_h16,1.0,18,662fef824b84f62a,1.0,0.2237076311820168,0.20027996838667478,0.30192527174745276,0.2889903892762035,0.08146809579467904,0.6734828165857708,nan,nan
history_h16_chunk4,1.0,18,662fef824b84f62a,1.0,0.2943629701935262,0.2661904669320012,0.4657515036609645,0.4563852236894991,0.10000230249773998,0.6885372452218177,nan,nan
oracle,1.0,19,a4a38c9f32bf1d1a,1.0,0.17353548295757,0.2054345795916461,0.06984622781164518,0.0,0.09134796577352913,0.6639911959420194,0.0,nan
open_loop,1.0,19,a4a38c9f32bf1d1a,0.0,1.362958681179106,1.7765503843318573,1.012311619638277,2.020367855823037,0.034880999696664694,0.24508419298509942,4.498539735342671,0.0
pred_error_w8,1.0,19,a4a38c9f32bf1d1a,1.0,0.23972421084032622,0.15029936232618582,0.22659927012418013,0.5858816300596908,0.15471481528998535,0.6330979956215423,0.10534471268968693,7.733656464645121e-05
history_h4,1.0,19,a4a38c9f32bf1d1a,1.0,0.28190010218828127,0.19262004283331344,0.2864806289423667,0.6425244174688898,0.10641407802243215,0.6379454792295565,nan,nan
history_h16,1.0,19,a4a38c9f32bf1d1a,1.0,0.2640392046839931,0.1670502070741406,0.25494665860934074,0.6198735743343431,0.10512236234409676,0.6446306672977837,nan,nan
history_h16_chunk4,1.0,19,a4a38c9f32bf1d1a,1.0,0.3207287237641078,0.2048793008040691,0.29304857079114566,0.6516473326905107,0.1169793187068124,0.6653978171273633,nan,nan
oracle,1.0,20,375427a18dab95e8,1.0,0.2860136988498205,0.3384502074129263,0.26976076210640887,0.0,0.08490684498268534,0.9465553631177854,0.0,nan
open_loop,1.0,20,375427a18dab95e8,0.0,8.95366139163973,16.01187071389767,22.645236641973764,2.5996592192118437,0.006634709124505852,0.08301720042880588,3.29429224602407,0.0
pred_error_w8,1.0,20,375427a18dab95e8,0.0,0.3514254143051322,0.46826546631906785,0.3953113667185031,0.23157601350223797,0.15243041036414295,0.9717818365553191,0.050170487542539305,8.811256914022418e-05
history_h4,1.0,20,375427a18dab95e8,0.0,0.3566263592394426,0.48883961960152794,0.39949431477063513,0.2705681180395343,0.10784499094024401,0.9971954490868855,nan,nan
history_h16,1.0,20,375427a18dab95e8,0.0,0.332108580771824,0.4594416201589647,0.4408023662629157,0.2400722290768116,0.09680441259614986,0.9596355825893046,nan,nan
history_h16_chunk4,1.0,20,375427a18dab95e8,0.0,0.4143183463593263,0.5264741294026098,0.49297688738533196,0.32689328892454733,0.11776441823453593,1.0131535076134892,nan,nan
oracle,1.0,21,11b35f27fd954109,1.0,0.37888315418335994,0.34998074791454054,0.31795935336766235,0.0,0.09478141141745519,1.011173373624103,0.0,nan
open_loop,1.0,21,11b35f27fd954109,0.0,11.96621410742524,20.73031201768549,26.779371442806514,2.401396183292894,0.06146842220219582,0.43306187431860144,6.70686755743751,0.0
pred_error_w8,1.0,21,11b35f27fd954109,0.0,0.6761353616602606,0.9969155077445697,0.1470606963531651,0.6489894609119535,0.13797516780306168,1.089798880629568,0.8752598677024602,0.7307209961811337
history_h4,1.0,21,11b35f27fd954109,1.0,0.45040687985471084,0.3953699821761743,0.439819973808774,0.3333426866377112,0.1362947940222301,1.1230693905102804,nan,nan
history_h16,1.0,21,11b35f27fd954109,1.0,0.4083221828630482,0.3510484520979742,0.40634974248619216,0.2764092569916667,0.13309766987454139,1.1048295919765936,nan,nan
history_h16_chunk4,1.0,21,11b35f27fd954109,0.0,0.47913163238456763,0.42314992980807875,0.45181789074217704,0.3750871935705675,0.13501476581662292,1.057385436353808,nan,nan
oracle,1.0,22,88d092e48ea7082b,1.0,0.3007819350271183,0.12415665260411175,0.04549178944757415,0.0,0.11579201830802151,0.931711541001381,0.0,nan
open_loop,1.0,22,88d092e48ea7082b,0.0,4.653664688744042,8.571868583692432,10.843484288378622,1.8703727483977308,0.07539365442064924,0.5269365534446809,2.546815392771123,0.0
pred_error_w8,1.0,22,88d092e48ea7082b,1.0,0.3286586983334703,0.15379379214844158,0.10781101457957121,0.15986183265570528,0.159722375721039,0.9564568633119492,0.06397833815850515,0.002088132380975264
history_h4,1.0,22,88d092e48ea7082b,1.0,0.35333775743131635,0.16427222015079748,0.15409792907616549,0.23951400370847933,0.14125568070079017,0.9803717393396149,nan,nan
history_h16,1.0,22,88d092e48ea7082b,1.0,0.32190123014724026,0.15646662194154298,0.13966060351803122,0.20584623773320437,0.13334379100559737,0.9425911357968875,nan,nan
history_h16_chunk4,1.0,22,88d092e48ea7082b,1.0,0.38253480930161127,0.1962037820213885,0.20643236813588928,0.3810480458001487,0.1366559330049804,0.890336341493626,nan,nan
oracle,1.0,23,fdaec493c344504a,1.0,0.2491007231611382,0.1540963482198621,0.09050523946837674,0.0,0.08549170918814684,0.697046476871,0.0,nan
open_loop,1.0,23,fdaec493c344504a,0.0,3.026500499148311,4.809114829120368,5.872629096863842,2.233259460222493,0.057824777987078226,0.4113371573130668,1.4336751915324057,0.0
pred_error_w8,1.0,23,fdaec493c344504a,1.0,0.3162769668418274,0.25563151147062113,0.15592073434787856,0.5533071238030352,0.16195843062288,0.8016515720490133,0.10394259879440472,8.628182221600886e-05
history_h4,1.0,23,fdaec493c344504a,1.0,0.33455400776876976,0.23898164471146943,0.12402786035128033,0.5467859246374677,0.1548422286858387,0.8657882209625792,nan,nan
history_h16,1.0,23,fdaec493c344504a,1.0,0.33928888348078234,0.2476027894405037,0.14790293257021803,0.6111728253740644,0.15304860194206232,0.8898265110999368,nan,nan
history_h16_chunk4,1.0,23,fdaec493c344504a,1.0,0.43184358583185933,0.3294638153544009,0.10151561136967102,0.6551490309897461,0.16616420976736507,0.9145198044908193,nan,nan
oracle,1.0,24,9f7f7b8177cf475c,1.0,0.27040210828159705,0.16400639156315377,0.04642247198791516,0.0,0.0851203280236518,0.7146505140510444,0.0,nan
open_loop,1.0,24,9f7f7b8177cf475c,0.0,2.911106888415825,2.826937606621913,1.5622155291004172,2.263212629327656,0.0605106162091362,0.4474612797507184,1.5265750197970331,0.0
pred_error_w8,1.0,24,9f7f7b8177cf475c,1.0,0.2941022939659905,0.15762992147738952,0.048455354114565585,0.18546318075555948,0.13764367609857403,0.7201273207054064,0.06455250886388991,5.243916735929143e-05
history_h4,1.0,24,9f7f7b8177cf475c,1.0,0.32606082620171073,0.21092446608889365,0.07872841339400538,0.30537972850795486,0.1166519673413388,0.7766687319678167,nan,nan
history_h16,1.0,24,9f7f7b8177cf475c,1.0,0.3105236716481867,0.18245285298558095,0.05253857951232921,0.25431315661228016,0.10878178344559356,0.76781360107751,nan,nan
history_h16_chunk4,1.0,24,9f7f7b8177cf475c,1.0,0.4170953033227565,0.2986127234150269,0.07476083430602931,0.44982418872952845,0.12945974256020204,0.793427357381604,nan,nan
oracle,1.0,25,91fe92b6fbb2fd62,1.0,0.27996510550059395,0.15785012173800717,0.16158922562788547,0.0,0.12246928171882954,0.9166829569156365,0.0,nan
open_loop,1.0,25,91fe92b6fbb2fd62,0.0,2.230666116018819,3.3594727693135007,2.719092108608118,2.2083510185543735,0.07751553164273106,0.45911792925527856,2.1059456414312487,0.0
pred_error_w8,1.0,25,91fe92b6fbb2fd62,1.0,0.3153788612768889,0.2644358784164968,0.09887088625465168,0.24881775254079064,0.16391562074202462,0.925901867989795,0.06564682592229967,5.1967027331446696e-05
history_h4,1.0,25,91fe92b6fbb2fd62,1.0,0.35117540674520314,0.31509302821184204,0.09215943573593322,0.3496759869883261,0.14148088940644332,0.9641172900795097,nan,nan
history_h16,1.0,25,91fe92b6fbb2fd62,1.0,0.32285222843018146,0.29143367061340575,0.09096610651117842,0.3286047791009278,0.13617241186859666,0.9349293477677423,nan,nan
history_h16_chunk4,1.0,25,91fe92b6fbb2fd62,0.0,0.4010788061141505,0.4276465614971512,0.12822594386272357,0.5256344090200585,0.14566002594676808,0.9391176013497018,nan,nan
oracle,1.0,26,7e66ae052010ac2d,1.0,0.3772859587633802,0.28477988758696304,0.16153712326371306,0.0,0.10453356808215056,0.9959871337576989,0.0,nan
open_loop,1.0,26,7e66ae052010ac2d,0.0,16.67175139008448,27.10343998780321,33.695610213545294,3.235467376896138,0.060424050271973374,0.4246141778880539,6.151703109344622,0.0
pred_error_w8,1.0,26,7e66ae052010ac2d,0.0,0.7073516283004374,1.1403639762980906,1.612022575788746,0.8479293213855161,0.14841098606666508,0.9910010104945903,0.30161954961183723,0.08089241263448758
history_h4,1.0,26,7e66ae052010ac2d,0.0,0.4780544308527831,0.5262415274883293,0.27542924459134,0.44704173095267,0.15985314677965085,1.175499350006221,nan,nan
history_h16,1.0,26,7e66ae052010ac2d,0.0,0.44896667530751344,0.4666818638515243,0.29111748404165994,0.4057253886503202,0.15621344018892988,1.16119217324381,nan,nan
history_h16_chunk4,1.0,26,7e66ae052010ac2d,0.0,0.5509134575839587,0.5764272876906347,0.2559931767335044,0.5231262855322047,0.16323200140041236,1.1633578417117216,nan,nan
oracle,1.0,27,c640dd88666163e1,1.0,0.3368135735841546,0.32490424471248075,0.3688375731916338,0.0,0.10108799053478607,0.9485194318490947,0.0,nan
open_loop,1.0,27,c640dd88666163e1,0.0,4.609341217471824,8.553351083132497,13.632945554383275,2.1837869500844866,0.06085532084912817,0.415737871800055,4.7016618102789005,0.0
pred_error_w8,1.0,27,c640dd88666163e1,0.0,0.5246635028505253,0.7235507611129308,0.9289420566647806,0.47934254094030093,0.15411374649067486,0.975343758063077,0.3375085734907308,0.10330118646580243
history_h4,1.0,27,c640dd88666163e1,1.0,0.394997540210332,0.41111942006826924,0.3990312365182689,0.2478016436076546,0.12721561047058103,0.9969945593342948,nan,nan
history_h16,1.0,27,c640dd88666163e1,1.0,0.3736854662084111,0.39460737781339633,0.42684700290870836,0.21563161681032886,0.13498404893743104,1.0178492566125419,nan,nan
history_h16_chunk4,1.0,27,c640dd88666163e1,0.0,0.4417324886654539,0.46906670195715,0.5095337515113769,0.34014658586556695,0.1289566952621775,0.9975203973899849,nan,nan
oracle,1.0,28,fb835a9d7e89e06c,1.0,0.3201930284386363,0.21111582712961227,0.12811466667169524,0.0,0.11191891505699425,0.902080460703593,0.0,nan
open_loop,1.0,28,fb835a9d7e89e06c,0.0,1.4217300563189272,2.231648177906029,1.8028365588609845,2.234494413735756,0.08236125611949137,0.5818892795296632,1.5598605429818506,0.0
pred_error_w8,1.0,28,fb835a9d7e89e06c,1.0,0.3375946590657269,0.24121512946241278,0.11861729808502197,0.14109044129391518,0.15628761498036256,0.9117155658120254,0.04368963730341081,3.6915137318392735e-05
history_h4,1.0,28,fb835a9d7e89e06c,1.0,0.36515952492351,0.25822651890761766,0.19695389824300857,0.27123914044957764,0.14115336462497596,0.9477049330304966,nan,nan
history_h16,1.0,28,fb835a9d7e89e06c,1.0,0.3527007409717715,0.24964548926228058,0.1320033214604739,0.22144509444242794,0.13538234655769252,0.9408189872600832,nan,nan
history_h16_chunk4,1.0,28,fb835a9d7e89e06c,1.0,0.4506832055010931,0.31838370756352435,0.21705817515304293,0.41303162813179384,0.15615219247186965,0.9718835297127452,nan,nan
oracle,1.0,29,402c8cf5d06244ff,1.0,0.12407606036903931,0.11370604440722078,0.10306325036671904,0.0,0.0755079555318241,0.519464571676163,0.0,nan
open_loop,1.0,29,402c8cf5d06244ff,0.0,2.87472584127602,4.484853040512139,5.5301143717341805,2.541325607468237,0.018314364862204748,0.16542727629235687,1.4266006771115294,0.0
pred_error_w8,1.0,29,402c8cf5d06244ff,1.0,0.14243317821498405,0.12678102657513432,0.2772268139471059,0.37095697200150135,0.141173754006782,0.5481246912271235,0.0540981053089793,3.308197673425097e-05
history_h4,1.0,29,402c8cf5d06244ff,1.0,0.19685434632689575,0.1641212956830179,0.3309460892792728,0.41129421407286243,0.09959335289445459,0.6286174174363427,nan,nan
history_h16,1.0,29,402c8cf5d06244ff,1.0,0.16968693079030647,0.146670631903886,0.29231276437255094,0.3651617143613468,0.0953222418085002,0.6033524058968883,nan,nan
history_h16_chunk4,1.0,29,402c8cf5d06244ff,1.0,0.23004370843615835,0.17012952320388972,0.36415696212279247,0.4517473371770187,0.11347750307375855,0.677753791343107,nan,nan
oracle,1.0,30,27227bb04e0b15f2,1.0,0.17463789680017278,0.13461796074517113,0.22621936416690325,0.0,0.07281392290209712,0.6178110674650309,0.0,nan
open_loop,1.0,30,27227bb04e0b15f2,0.0,3.8686425673016203,6.784721491425483,8.197289666304334,2.367459969002608,0.03707161799722429,0.2067982837670547,1.6200848480233723,0.0
pred_error_w8,1.0,30,27227bb04e0b15f2,1.0,0.20616151598446422,0.18925991299310052,0.3269140594850892,0.16281961517887003,0.13715180247546474,0.6711803364468141,0.04939107441169628,4.064270620509633e-05
history_h4,1.0,30,27227bb04e0b15f2,1.0,0.23226104385776916,0.2546754793063681,0.45062168783074963,0.2460641420294286,0.09552438492415931,0.701292998092373,nan,nan
history_h16,1.0,30,27227bb04e0b15f2,1.0,0.2233524442586582,0.22611842511265842,0.3955200679024946,0.22087444724051042,0.09411472181824056,0.7025485368259545,nan,nan
history_h16_chunk4,1.0,30,27227bb04e0b15f2,1.0,0.28229268465288,0.3151928294832319,0.5363879906587918,0.37534555118231017,0.11171254295412396,0.7454790436181911,nan,nan
oracle,1.0,31,9854b308d210e595,1.0,0.20239832495855453,0.20262850255188222,0.046287726204731205,0.0,0.07153789811822267,0.7229224217358553,0.0,nan
open_loop,1.0,31,9854b308d210e595,0.0,4.586234317497858,4.129834089298945,0.48176533158551393,2.1231588047598033,0.041791755495131595,0.3118955748479026,3.327643464209568,0.0
pred_error_w8,1.0,31,9854b308d210e595,1.0,0.18869828434580735,0.15234095891029192,0.1690151237884796,0.29107461079225505,0.13334059383068858,0.7380947299478123,0.05224218361276264,4.357535505563383e-05
history_h4,1.0,31,9854b308d210e595,1.0,0.22536724043319,0.19366979602440126,0.16443466726178158,0.29588440837799446,0.09635747509534903,0.7595984942986964,nan,nan
history_h16,1.0,31,9854b308d210e595,1.0,0.22078044301062238,0.1849856923446154,0.17926619424657564,0.3090619110250774,0.09306712981368256,0.7706069318788408,nan,nan
history_h16_chunk4,1.0,31,9854b308d210e595,1.0,0.29469354902297423,0.2697092076982113,0.24764843710364048,0.43512239295078703,0.11330634932414553,0.8054247945856089,nan,nan
oracle,1.0,32,8d25574f57c85946,1.0,0.2805755650104505,0.15628374772213557,0.054928693426826714,0.0,0.095130358925365,0.7740884463734231,0.0,nan
open_loop,1.0,32,8d25574f57c85946,0.0,1.9839291550249352,2.2525220401411614,4.27017287340457,2.3360249122853762,0.08094877908959326,0.5686062249623964,1.6263918209273909,0.0
pred_error_w8,1.0,32,8d25574f57c85946,1.0,0.292463164124848,0.1809613362640023,0.024918597033577017,0.12708902731280627,0.1467649102895422,0.7955641554438939,0.047260639142337954,0.0001053365383656105
history_h4,1.0,32,8d25574f57c85946,1.0,0.3345064438596875,0.20464236480821765,0.017309959557197274,0.2657204917841926,0.12581509258007711,0.8306373033184428,nan,nan
history_h16,1.0,32,8d25574f57c85946,1.0,0.313255187040125,0.17746132990339938,0.040382569284790115,0.18607043411399915,0.11306020932947271,0.8004089493057746,nan,nan
history_h16_chunk4,1.0,32,8d25574f57c85946,1.0,0.4065373556451541,0.2498488784752834,0.10499881785356036,0.4042879838826278,0.1296965432763831,0.8113121262739196,nan,nan
oracle,1.0,33,358229e33f0b3b9c,1.0,0.28132211199539897,0.21471082322826973,0.4860728471567146,0.0,0.09274617747783541,0.8962007292485062,0.0,nan
open_loop,1.0,33,358229e33f0b3b9c,0.0,12.23202979388464,20.46020790890744,24.044089167900754,2.998950751423704,0.0714676704852354,0.5009483724278556,4.419064580450344,0.0
pred_error_w8,1.0,33,358229e33f0b3b9c,1.0,0.30509132832999425,0.241315475140198,0.5439500900386456,0.13756039936375525,0.14071345080959366,0.9236201421439477,0.042633742083343786,3.680253592246531e-05
history_h4,1.0,33,358229e33f0b3b9c,1.0,0.34966309756277353,0.29129837545242687,0.5785028391268998,0.27765400842647076,0.12860673864036812,0.9690941250628683,nan,nan
history_h16,1.0,33,358229e33f0b3b9c,1.0,0.3379428936982256,0.2687355117519062,0.5607403952432168,0.2585029425219573,0.12723007342904283,0.9842118392628721,nan,nan
history_h16_chunk4,1.0,33,358229e33f0b3b9c,0.0,0.4010579565018336,0.33212326683222904,0.7374925382393673,0.44458862322571474,0.1425806818585392,0.94259998043127,nan,nan
oracle,1.0,34,edb2bdd6491b188c,1.0,0.219947364976258,0.1994531950175128,0.11746872064655256,0.0,0.08663458667567998,0.764208596756422,0.0,nan
open_loop,1.0,34,edb2bdd6491b188c,0.0,5.087017905606165,9.404440510625815,12.73912604161684,2.0402965326578166,0.044775715580457495,0.261621501567831,3.6925243115361197,0.0
pred_error_w8,1.0,34,edb2bdd6491b188c,1.0,0.21870412626474564,0.21519375320537018,0.25395263538049107,0.2691517867641667,0.1507861722730849,0.8329250738920397,0.05943887901805902,4.648539606659241e-05
history_h4,1.0,34,edb2bdd6491b188c,1.0,0.2546963400287901,0.25707179194123153,0.3016520157053477,0.33383793107357135,0.11929137568652312,0.8917832603239205,nan,nan
history_h16,1.0,34,edb2bdd6491b188c,1.0,0.2329429918731627,0.24061928463845744,0.26278280800721254,0.32380636623374254,0.11751752373928968,0.8816902238843948,nan,nan
history_h16_chunk4,1.0,34,edb2bdd6491b188c,1.0,0.3065337340900461,0.3277975802962389,0.3750154978951399,0.41814352897921814,0.13446196248854386,0.9343245003159775,nan,nan
oracle,1.0,35,15258b752ebf8eeb,1.0,0.2015277689856809,0.2240795655009083,0.12425542348345253,0.0,0.06689091106196707,0.7323269181137705,0.0,nan
open_loop,1.0,35,15258b752ebf8eeb,0.0,12.866623588342124,21.80726763563225,27.7320235800115,2.6465651399601944,0.005795118110875343,0.09535542230274303,4.783638326099957,0.0
pred_error_w8,1.0,35,15258b752ebf8eeb,1.0,0.2549324287536529,0.3303171786814029,0.3259764783535424,0.27318888000069336,0.11966169363486469,0.7367649849060751,0.14980228354258773,0.017788132226338498
history_h4,1.0,35,15258b752ebf8eeb,1.0,0.25722378429609705,0.2689415108487649,0.19317003433833868,0.21143957263663413,0.08821231275248965,0.7680712640303283,nan,nan
history_h16,1.0,35,15258b752ebf8eeb,1.0,0.23555155035861186,0.24649472164484015,0.18562741745721922,0.19076958549770587,0.0883167653399802,0.7862307837867812,nan,nan
history_h16_chunk4,1.0,35,15258b752ebf8eeb,1.0,0.30162026130859587,0.2709445287853448,0.1930525008878181,0.3308629781817556,0.1072984908481694,0.8109665305320317,nan,nan
oracle,1.0,36,fe2362d36e9e120f,1.0,0.20023639201211252,0.12772663460619973,0.07304103641507265,0.0,0.07707419127524474,0.6970169787455357,0.0,nan
open_loop,1.0,36,fe2362d36e9e120f,0.0,3.0147904729260677,4.534983859217326,6.404422305613809,2.3332512872849183,0.024937608297538043,0.14338297995808066,1.1901668636164084,0.0
pred_error_w8,1.0,36,fe2362d36e9e120f,1.0,0.20639305250831258,0.13855817496046685,0.11708278007972783,0.17488062223928952,0.14974592882444326,0.7467585317554383,0.05162074959324331,5.9685009205709114e-05
history_h4,1.0,36,fe2362d36e9e120f,1.0,0.21676520260864057,0.18145749439312978,0.1031157187460785,0.21761496790678292,0.09904507593794548,0.7489704643139862,nan,nan
history_h16,1.0,36,fe2362d36e9e120f,1.0,0.21172609980626755,0.15342820375710328,0.113110079902067,0.20367907673348828,0.09573679424965538,0.7572930342697823,nan,nan
history_h16_chunk4,1.0,36,fe2362d36e9e120f,1.0,0.2946345751773898,0.2151729074072689,0.12600073440323634,0.33377184297767554,0.11174111535876496,0.7980792445812739,nan,nan
oracle,1.0,37,261c306d725ffd94,1.0,0.17465642302282602,0.09470642020153791,0.016987592592924372,0.0,0.05718294524343645,0.617027227325719,0.0,nan
open_loop,1.0,37,261c306d725ffd94,0.0,9.901042782486254,16.758718667165144,19.73062818348388,2.4258069932106334,0.03327758724264446,0.24117093294672368,3.8861246395800584,0.0
pred_error_w8,1.0,37,261c306d725ffd94,1.0,0.30244714201007017,0.23958663282927353,0.1834010031508182,0.4646893700593909,0.17176717089137764,0.7259745833666255,0.08265839104215036,7.787086974976374e-05
history_h4,1.0,37,261c306d725ffd94,1.0,0.3102541073897587,0.2383480030965725,0.17307131398087172,0.4543270877399531,0.11002260123021715,0.710162100094905,nan,nan
history_h16,1.0,37,261c306d725ffd94,1.0,0.30605200980117103,0.2520757848621359,0.19910702706554417,0.4967237114637978,0.10861237465463855,0.7383951878913328,nan,nan
history_h16_chunk4,1.0,37,261c306d725ffd94,1.0,0.3582102361624389,0.24536154002657554,0.18659870956788893,0.5687611893219195,0.12604397747302767,0.775371995609528,nan,nan
oracle,1.0,38,f970f2710e76318b,1.0,0.25175055355356163,0.2753297123251436,0.3211064247685833,0.0,0.07557060913364448,0.824992259692618,0.0,nan
open_loop,1.0,38,f970f2710e76318b,0.0,3.794675760229662,7.15801297052427,11.411243459504217,1.8364371351646267,0.016446366827301977,0.1185245800930451,1.8597060484590853,0.0
pred_error_w8,1.0,38,f970f2710e76318b,1.0,0.2820357842963005,0.3437464883471045,0.4271921750249428,0.2273147907286134,0.1328489539170164,0.8190225925643413,0.05336774914551689,4.849615436391123e-05
history_h4,1.0,38,f970f2710e76318b,1.0,0.2811940647039421,0.33473868871771256,0.4440089147401327,0.2908568399460814,0.09562512005502237,0.8370424935765278,nan,nan
history_h16,1.0,38,f970f2710e76318b,1.0,0.2618845414753855,0.3210882116972086,0.41845897178993496,0.28991864146633756,0.0980863923999072,0.836764950793655,nan,nan
history_h16_chunk4,1.0,38,f970f2710e76318b,1.0,0.32375607233769244,0.37035620081728715,0.4598940010041872,0.3893894732581451,0.11338335215383509,0.878673225756944,nan,nan
oracle,1.0,39,b45d7f67f686d114,1.0,0.3139638837364285,0.2692931905093433,0.1028510685086168,0.0,0.10140269757758481,0.8297321538375675,0.0,nan
open_loop,1.0,39,b45d7f67f686d114,0.0,5.477096870600774,8.473275994431098,7.2690929311847565,2.1292286819115307,0.060067260651048546,0.41779898025269935,1.9754092432844021,0.0
pred_error_w8,1.0,39,b45d7f67f686d114,1.0,0.3276716127025179,0.2928051895297456,0.06049007880332091,0.1407096983720794,0.14822080800915635,0.868610791703703,0.05398033474714362,4.436781350961083e-05
history_h4,1.0,39,b45d7f67f686d114,1.0,0.36408494775646943,0.37979749221824316,0.00818717487886289,0.28169000216333157,0.14221651995714923,0.9749023728982142,nan,nan
history_h16,1.0,39,b45d7f67f686d114,1.0,0.34017095472333847,0.3047949639559324,0.014352746687697149,0.24621667180819914,0.1371603046606199,0.9597975866143847,nan,nan
history_h16_chunk4,1.0,39,b45d7f67f686d114,0.0,0.42922021498911783,0.46174479885455466,0.011158074724304967,0.40581944352817745,0.14444239809658607,0.9953165912312552,nan,nan
oracle,1.0,40,dc2fbb20c09abb75,1.0,0.2961156104206859,0.16478622527834932,0.1761778152636282,0.0,0.10596570759327395,0.8517148547899432,0.0,nan
open_loop,1.0,40,dc2fbb20c09abb75,0.0,4.825529962703441,8.177152133247903,9.699105371127045,2.368758497289514,0.08019687307379843,0.5626117929082005,2.095332021773479,0.0
pred_error_w8,1.0,40,dc2fbb20c09abb75,1.0,0.33625541543676757,0.24122251673586326,0.39802177405517725,0.5292409395317019,0.1530949538994152,0.910493594530199,0.07032479699082608,0.00042417999283956025
history_h4,1.0,40,dc2fbb20c09abb75,1.0,0.3837314368272778,0.3105420588116615,0.4944016486249474,0.5917586927161176,0.14978305422313107,0.968178912106512,nan,nan
history_h16,1.0,40,dc2fbb20c09abb75,1.0,0.3567513624735961,0.2536904681273524,0.4125503807514477,0.5539087361671383,0.13594810546372815,0.9285291664107973,nan,nan
history_h16_chunk4,1.0,40,dc2fbb20c09abb75,1.0,0.44350111269777476,0.3332233915727501,0.5723750916795005,0.6878369817678808,0.15113328444849078,0.9172726475750987,nan,nan
oracle,1.0,41,1de9cc12e18feb01,1.0,0.31842023075695874,0.18324041943137745,0.2776625811612723,0.0,0.09782681989576573,0.8122557539448398,0.0,nan
open_loop,1.0,41,1de9cc12e18feb01,0.0,3.7758439670198842,6.496492400207621,5.40174546447651,1.8863225655933469,0.06133351568727383,0.4321227084891245,1.4658927271742042,0.0
pred_error_w8,1.0,41,1de9cc12e18feb01,1.0,0.3462293372643574,0.3319856492447115,0.39318859705965714,0.32261384377336466,0.13964827296123314,0.7982547906313803,0.06106106746488726,4.973008029870503e-05
history_h4,1.0,41,1de9cc12e18feb01,1.0,0.3782883864099521,0.3848236273178658,0.4593738525787483,0.40854367849272866,0.13058453628717903,0.8924562622735227,nan,nan
history_h16,1.0,41,1de9cc12e18feb01,1.0,0.3550179251279372,0.3501459858874142,0.4151746037681949,0.37278273248228566,0.12771125942668712,0.8787051443012122,nan,nan
history_h16_chunk4,1.0,41,1de9cc12e18feb01,0.0,0.4369878965784055,0.4778682352382384,0.5127871520140204,0.5267800647672063,0.13387552987348142,0.8619168216390263,nan,nan
oracle,1.0,42,39f6449ebf954f3a,1.0,0.23424864229923334,0.17172926824175433,0.05664338542058189,0.0,0.10237583711898625,0.811711085698961,0.0,nan
open_loop,1.0,42,39f6449ebf954f3a,0.0,9.565348414189318,15.985682380505777,19.464078299448836,3.0146512011356266,0.05678075826646878,0.3210536872895307,3.979592985049032,0.0
pred_error_w8,1.0,42,39f6449ebf954f3a,1.0,0.2287024558960436,0.17628680898221585,0.16891678304540392,0.5218950755332873,0.1767991796252265,0.8360324105957706,0.07269430284365122,5.4745590282315586e-05
history_h4,1.0,42,39f6449ebf954f3a,1.0,0.24895470944432205,0.2048538813601139,0.14790603217650933,0.48000633821630234,0.12164874386254908,0.8177983681593725,nan,nan
history_h16,1.0,42,39f6449ebf954f3a,1.0,0.2294756908739507,0.18066296986310795,0.14286515572494274,0.4699973182741095,0.11420860474609146,0.8161629255616029,nan,nan
history_h16_chunk4,1.0,42,39f6449ebf954f3a,1.0,0.2700832603513502,0.23594943529599177,0.20489824321542294,0.47660506443531864,0.10752051353365882,0.807798647974025,nan,nan
oracle,1.0,43,2f345751145e1c53,1.0,0.23316290620514057,0.16279955025946405,0.107615313149239,0.0,0.08739439135843205,0.7135902505328992,0.0,nan
open_loop,1.0,43,2f345751145e1c53,0.0,7.357725131367921,11.496796847311568,12.30893155097406,2.846560858078591,0.05358665066361687,0.3638921610878085,2.6592048657504543,0.0
pred_error_w8,1.0,43,2f345751145e1c53,1.0,0.2969150280378593,0.22978726564282356,0.02325764111160389,0.3781499873081374,0.14909716096127107,0.7583589230073509,0.06460255800556837,4.3544801181292345e-05
history_h4,1.0,43,2f345751145e1c53,1.0,0.3346599456216354,0.2595322747561066,0.047746307994586346,0.4529514334372035,0.11972845585233632,0.8109750200515318,nan,nan
history_h16,1.0,43,2f345751145e1c53,1.0,0.3259644901061144,0.2294382997981883,0.03154184593208598,0.45480596687766783,0.1143362999143953,0.8128359737079721,nan,nan
history_h16_chunk4,1.0,43,2f345751145e1c53,1.0,0.4001950687769358,0.3269315516822014,0.036743198572303015,0.5293251042246152,0.13000448164136616,0.8380539209741998,nan,nan
oracle,1.0,44,555b666435fdfedc,1.0,0.18122257291580082,0.08005868958426784,0.10904133885929568,0.0,0.0621799367082127,0.6546161434395948,0.0,nan
open_loop,1.0,44,555b666435fdfedc,0.0,7.84496069214927,12.943729258500369,15.223167013154843,2.9502133644247976,0.02114239825645834,0.17538318798901692,3.5966895401123256,0.0
pred_error_w8,1.0,44,555b666435fdfedc,1.0,0.3160163239104433,0.30891655140701946,0.12953764411960478,0.37860848587956525,0.11263900434948187,0.6713434928686111,0.19385872339861668,0.03758939433577651
history_h4,1.0,44,555b666435fdfedc,1.0,0.28389101274722983,0.19936260040333412,0.01894678106345893,0.43467399303476106,0.09666788600895372,0.7491707636561946,nan,nan
history_h16,1.0,44,555b666435fdfedc,1.0,0.26196710292045716,0.20052713404455239,0.03607299168930567,0.4264334307300662,0.0878343251580998,0.7435011536355707,nan,nan
history_h16_chunk4,1.0,44,555b666435fdfedc,1.0,0.356037400496275,0.26838773316785447,0.024919380919190104,0.57053988305294,0.10937623253244633,0.8018774285645934,nan,nan
oracle,1.0,45,e5b6a0455cef9e43,1.0,0.31682999334088263,0.32427822172806464,0.21505685132245222,0.0,0.10855170206116618,0.9663033801347777,0.0,nan
open_loop,1.0,45,e5b6a0455cef9e43,0.0,2.8534353324519945,5.257297238973408,9.275022508889307,2.1816242795180174,0.05844339426946793,0.41937822587703083,2.1532676825746475,0.0
pred_error_w8,1.0,45,e5b6a0455cef9e43,1.0,0.3637267797632927,0.40846633167704055,0.3856890338863641,0.2137693146633778,0.1528334028555053,0.9990124861131812,0.09734119622429767,0.004606640921787161
history_h4,1.0,45,e5b6a0455cef9e43,0.0,0.4000298722225131,0.45348524836100734,0.3262658570204229,0.32733503556841165,0.1489404053134512,1.0933441192515332,nan,nan
history_h16,1.0,45,e5b6a0455cef9e43,1.0,0.37258081790025943,0.40700526065677944,0.33223524011247907,0.2941734985996098,0.14324700148711786,1.0695309322850821,nan,nan
history_h16_chunk4,1.0,45,e5b6a0455cef9e43,0.0,0.4761184656942537,0.557239928151652,0.3949627803903013,0.4523748000228459,0.162640301068541,1.1068886940506921,nan,nan
oracle,1.0,46,610b9422a144a368,1.0,0.1637445508367677,0.12422797304664007,0.032378235236388164,0.0,0.07650995796309301,0.6040387415630496,0.0,nan
open_loop,1.0,46,610b9422a144a368,0.0,7.181783452718796,12.581816449203782,16.314204692346287,2.330740017819161,0.03128502977173741,0.2226249324630012,3.314108936736432,0.0
pred_error_w8,1.0,46,610b9422a144a368,1.0,0.20168422425634494,0.16362431627717117,0.11706062960334762,0.1816082535862662,0.13886719383084575,0.6259522312950108,0.09180149251959206,0.004404263726644646
history_h4,1.0,46,610b9422a144a368,1.0,0.2432875537297607,0.17697365757719996,0.04212044410413718,0.2631298218491731,0.09797628761992225,0.6579333092767405,nan,nan
history_h16,1.0,46,610b9422a144a368,1.0,0.21431895058738804,0.13443553159936514,0.038540879459397104,0.22108938788480245,0.0947565898974406,0.6690538758806265,nan,nan
history_h16_chunk4,1.0,46,610b9422a144a368,1.0,0.29872392560915806,0.19113621163161007,0.015526287572551922,0.41737496955296627,0.12096476602554887,0.7506632200757801,nan,nan
oracle,1.0,47,328ef322969d6903,1.0,0.10468311197811946,0.10216342137707421,0.032700129155858626,0.0,0.07648587280951981,0.41868168158889646,0.0,nan
open_loop,1.0,47,328ef322969d6903,0.0,0.7515900733784266,0.7579383807479154,1.1278139534931686,1.6565319796919709,0.03137468841537326,0.1758984051506994,1.1860145521614542,0.0
pred_error_w8,1.0,47,328ef322969d6903,1.0,0.11976655544029487,0.13717546637638703,0.12357037125797365,0.1708870721842494,0.14720311778465767,0.4612248932141223,0.05424204390423906,6.200360816523267e-05
history_h4,1.0,47,328ef322969d6903,1.0,0.15513696800030863,0.2054754698175076,0.1486389040155469,0.2450855647164428,0.09043171944351049,0.47202021456452803,nan,nan
history_h16,1.0,47,328ef322969d6903,1.0,0.1418487597991953,0.17764844199002322,0.14551960699251953,0.21655328455669579,0.09295929366900077,0.5102620204075301,nan,nan
history_h16_chunk4,1.0,47,328ef322969d6903,1.0,0.18335650241879195,0.2699979993262422,0.23332891176015513,0.337816561982305,0.09739863572251306,0.5222765050920921,nan,nan
oracle,1.0,48,f7227a6654c67e79,1.0,0.29445742536124464,0.17482809596376664,0.09493545315358087,0.0,0.10891945357522041,0.7555323840953666,0.0,nan
open_loop,1.0,48,f7227a6654c67e79,0.0,5.136664602801406,7.977944152600745,7.601769583617394,2.5664348392080405,0.062048455519361556,0.46176924968873856,2.1208725899194367,0.0
pred_error_w8,1.0,48,f7227a6654c67e79,1.0,0.2918137226155342,0.17318304568339168,0.09017974302956588,0.11302780311067759,0.1544852687365023,0.7561699391662092,0.0374216284723545,3.056178418445709e-05
history_h4,1.0,48,f7227a6654c67e79,1.0,0.32708379908747637,0.21440040148305547,0.1364354610376477,0.2790100624793168,0.14645723715613487,0.8868235793700714,nan,nan
history_h16,1.0,48,f7227a6654c67e79,1.0,0.30779662523749296,0.17762301789436094,0.07421527351559831,0.24384502155863522,0.14158987379996998,0.854500966748674,nan,nan
history_h16_chunk4,1.0,48,f7227a6654c67e79,1.0,0.36847485297423443,0.2513412109249985,0.20671068122784497,0.3436093667008174,0.14435064726273336,0.7905584349332679,nan,nan
oracle,1.0,49,7997283f611d71af,1.0,0.28128802658649776,0.13310224311551416,0.11106957143027718,0.0,0.0963471945488649,0.9171618027418432,0.0,nan
open_loop,1.0,49,7997283f611d71af,0.0,1.6744091714686358,2.149734655162751,0.14894016067457727,1.9851993693112961,0.03298522311351604,0.25620773000973135,2.083646517750903,0.0
pred_error_w8,1.0,49,7997283f611d71af,1.0,0.3359155199044266,0.23781655772982305,0.08484143714405534,0.23037745940187915,0.15342456276894334,0.949792795946156,0.06367458662990946,5.368806930553548e-05
history_h4,1.0,49,7997283f611d71af,1.0,0.3279381660071642,0.2730104128575316,0.07286298461689333,0.3813175542134659,0.11771502406475212,0.9695119657109272,nan,nan
history_h16,1.0,49,7997283f611d71af,1.0,0.3065374541458376,0.2567731213830597,0.10096596930851476,0.3481790334929354,0.10551666282691848,0.9411573055196704,nan,nan
history_h16_chunk4,1.0,49,7997283f611d71af,1.0,0.4210706025922091,0.35875371679171586,0.11406864613662382,0.5150298353306042,0.13261018120778784,1.0010792272343059,nan,nan
oracle,1.0,50,c4115e51f72c9cda,1.0,0.1835107209417968,0.13364079980485402,0.1192750454046494,0.0,0.06118799725432839,0.5845866444075587,0.0,nan
open_loop,1.0,50,c4115e51f72c9cda,0.0,4.798356917793789,3.5429927363473794,1.6332375063479039,2.3527864838286705,0.04639441084450408,0.2724600932570413,1.8093120482286402,0.0
pred_error_w8,1.0,50,c4115e51f72c9cda,1.0,0.23528498325780586,0.1746921015961141,0.24689369839708153,0.2867821435945798,0.14957615887165027,0.5885426151000757,0.05584433381587586,7.426424874976692e-05
history_h4,1.0,50,c4115e51f72c9cda,1.0,0.25674182991531647,0.1827718542935786,0.2601861162008454,0.3394287146202014,0.07836112750589039,0.5898067440287746,nan,nan
history_h16,1.0,50,c4115e51f72c9cda,1.0,0.24889355290545534,0.17525596945655691,0.25116367065856116,0.31280269894244284,0.0705599285953012,0.591831782024427,nan,nan
history_h16_chunk4,1.0,50,c4115e51f72c9cda,1.0,0.31761519991162385,0.19796554430038038,0.22808953464880988,0.510343999738065,0.08615253713778152,0.5875660350004703,nan,nan
oracle,1.0,51,c357b6310ba6aad3,1.0,0.11397776425021504,0.08867255602261408,0.01203147661415116,0.0,0.07003678177263316,0.4584918654693422,0.0,nan
open_loop,1.0,51,c357b6310ba6aad3,1.0,1.0766725705168818,0.3572661730910877,0.1367941403903945,1.8238985659624511,0.028261760454732485,0.15790083546120579,1.386865899860861,0.0
pred_error_w8,1.0,51,c357b6310ba6aad3,1.0,0.16763784082651517,0.19525109753183176,0.0801673993903087,0.3764049680905677,0.13486182538342148,0.47864760489953495,0.058753251654666425,3.428067462342295e-05
history_h4,1.0,51,c357b6310ba6aad3,1.0,0.17456406277155584,0.18347525119491034,0.012225949144860415,0.35647998770285405,0.08021429954374278,0.46580088625190197,nan,nan
history_h16,1.0,51,c357b6310ba6aad3,1.0,0.18344434728402578,0.2154501848575566,0.06427180337596017,0.41223963740153013,0.07239091028412421,0.46156305319070656,nan,nan
history_h16_chunk4,1.0,51,c357b6310ba6aad3,1.0,0.194760903889297,0.21325937778772927,0.0008675355587648426,0.41536215772887003,0.06616935085555964,0.4409082844046119,nan,nan
oracle,1.0,52,7dcd8e63b72d7e5f,1.0,0.2623363757831538,0.20617454371207428,0.07944116339129259,0.0,0.06673182858482098,0.6391979438250629,0.0,nan
open_loop,1.0,52,7dcd8e63b72d7e5f,0.0,4.899523567308729,6.837505196666547,8.751709691625951,2.755987117600968,0.05943255745764256,0.4269625255246849,1.8180732847855325,0.0
pred_error_w8,1.0,52,7dcd8e63b72d7e5f,1.0,0.27262890675092055,0.2309710050325862,0.05460299432930338,0.1256371662065228,0.12619398217056055,0.6544513952922123,0.041077255266830835,3.44845906295537e-05
history_h4,1.0,52,7dcd8e63b72d7e5f,1.0,0.2972285297227135,0.2856811304165258,0.0015071134374791129,0.2614582893374934,0.10510162145824312,0.7184076467264905,nan,nan
history_h16,1.0,52,7dcd8e63b72d7e5f,1.0,0.2865886404343298,0.26225403593414204,0.07133486563253655,0.22251940371427875,0.0899471466494954,0.6938358856623943,nan,nan
history_h16_chunk4,1.0,52,7dcd8e63b72d7e5f,1.0,0.36262929679726835,0.3272727096096531,0.01992398260724837,0.35933534925390265,0.10787094493919153,0.7009129308423755,nan,nan
oracle,1.0,53,1c0906fecc7adb11,1.0,0.18561985128999062,0.08646517384347908,0.07335399200819381,0.0,0.07534645634566417,0.6792713963169379,0.0,nan
open_loop,1.0,53,1c0906fecc7adb11,0.0,5.529095671106992,9.36590294431226,10.793363586420199,2.371609009151965,0.012620870086376492,0.1050258625363403,3.2264164159398425,0.0
pred_error_w8,1.0,53,1c0906fecc7adb11,1.0,0.2321927996860247,0.15643652673198866,0.07027286893871576,0.2673600468955553,0.13803268557820686,0.7383929285014824,0.08261163007040818,0.004004096823180706
history_h4,1.0,53,1c0906fecc7adb11,1.0,0.24433284153402898,0.1727862651350666,0.06272814979690366,0.3314173141660197,0.10870227444654418,0.7985847781127178,nan,nan
history_h16,1.0,53,1c0906fecc7adb11,1.0,0.2088606572352387,0.14534348536060052,0.045731482497174625,0.31307279298846913,0.10422912743269058,0.7703323600702751,nan,nan
history_h16_chunk4,1.0,53,1c0906fecc7adb11,1.0,0.29011129887996434,0.22187287987484847,0.009788023788960487,0.43356416277570003,0.1259752190912716,0.8574079708431148,nan,nan
oracle,1.0,54,1ef5af4314d2c82a,1.0,0.3122640959152376,0.17375405486667214,0.12470073177786523,0.0,0.1353954422948593,0.8257661309740817,0.0,nan
open_loop,1.0,54,1ef5af4314d2c82a,0.0,2.043226841327031,3.8110811549419865,5.679305218984432,1.789002922944219,0.09823043849520476,0.6391676110791106,3.6454535316129437,0.0
pred_error_w8,1.0,54,1ef5af4314d2c82a,1.0,0.32011512250815327,0.20913487399902145,0.3260230448696273,0.25983504670821556,0.17565319151284414,0.8579185257682911,0.05979915648478866,6.335147220436885e-05
history_h4,1.0,54,1ef5af4314d2c82a,1.0,0.3277254639639695,0.22566971331223554,0.37063992705403725,0.3110056446526693,0.14318931375965957,0.8126001385361229,nan,nan
history_h16,1.0,54,1ef5af4314d2c82a,1.0,0.3207000920023939,0.2450854553906021,0.3557151754884904,0.3291234269249601,0.15142716926678643,0.8559675395945037,nan,nan
history_h16_chunk4,1.0,54,1ef5af4314d2c82a,1.0,0.36353908416160957,0.34815500731434224,0.5245720271471082,0.48829804077926386,0.1413236271084461,0.7757645303245649,nan,nan
oracle,1.0,55,950bb82059dfaea7,1.0,0.32621073381869015,0.13756446613167622,0.053210959065685515,0.0,0.10090793658681857,0.7805694128093126,0.0,nan
open_loop,1.0,55,950bb82059dfaea7,0.0,3.7014902890052603,3.338584449976735,2.224330244284541,2.361158794402705,0.06051031949899129,0.4233580232367945,3.0569517584919628,0.0
pred_error_w8,1.0,55,950bb82059dfaea7,1.0,0.3888171560959935,0.19061264264353636,0.19991098335410395,0.3105894917862449,0.16768984805223106,0.8618617891355642,0.0814991170257099,5.229947205248304e-05
history_h4,1.0,55,950bb82059dfaea7,1.0,0.40262573617310676,0.22460158473000835,0.17436932005436034,0.3846096012309613,0.1547456649676902,1.0244667313851397,nan,nan
history_h16,1.0,55,950bb82059dfaea7,1.0,0.3695328174305167,0.20270302100767268,0.19545585412717248,0.3357723280715875,0.15070903132890684,0.9807900344667444,nan,nan
history_h16_chunk4,1.0,55,950bb82059dfaea7,1.0,0.44970960028702317,0.24931981426325728,0.12142942231410636,0.45095504352678456,0.1619709451254137,0.9877956164348097,nan,nan
oracle,1.0,56,67483b6b232851c0,1.0,0.25970013127160735,0.10488442822306458,0.0377507762035022,0.0,0.09027472162134537,0.6963894171006727,0.0,nan
open_loop,1.0,56,67483b6b232851c0,0.0,7.514494429360625,8.987507630031578,9.156330291551404,2.511985052755667,0.08634514841210508,0.556857922226908,2.988564979324662,0.0
pred_error_w8,1.0,56,67483b6b232851c0,1.0,0.27259971091299373,0.11275290690332969,0.07154753368637129,0.20788467458212315,0.16445984103531844,0.7163320246150914,0.04783979296680842,4.0411692283167854e-05
history_h4,1.0,56,67483b6b232851c0,1.0,0.28657984044276746,0.13219505636966156,0.04337124303909329,0.2272015363224007,0.11844789840807218,0.7115362574979409,nan,nan
history_h16,1.0,56,67483b6b232851c0,1.0,0.28374385173328187,0.12031172307720218,0.08861219077418064,0.255021161080403,0.11818104739589319,0.7268065886904342,nan,nan
history_h16_chunk4,1.0,56,67483b6b232851c0,1.0,0.35408395507310997,0.19182369253335363,0.12455652484202068,0.44897092218292906,0.11957166649426962,0.6982082021921063,nan,nan
oracle,1.0,57,c4b20ee261649dbc,1.0,0.17764758474877798,0.10064134799560073,0.1380856959314034,0.0,0.06842562500003516,0.6167752137868723,0.0,nan
open_loop,1.0,57,c4b20ee261649dbc,0.0,9.457995116566416,16.05407297462856,18.909964577854776,2.6745583374390987,0.04914585877105391,0.27552229751666024,4.2349447776858415,0.0
pred_error_w8,1.0,57,c4b20ee261649dbc,1.0,0.19587024389209026,0.11465565612175217,0.15735414682323778,0.14762944855360804,0.13552704236241644,0.6358315984816316,0.05489244914518595,0.0013584445720912274
history_h4,1.0,57,c4b20ee261649dbc,1.0,0.2243757348636914,0.12657008550739365,0.20719991687227868,0.21564280663253782,0.0825463178109528,0.6310277651380035,nan,nan
history_h16,1.0,57,c4b20ee261649dbc,1.0,0.20232208728766932,0.11989122251975692,0.17050947405196126,0.16779534498871207,0.08169315887869526,0.6438012895543412,nan,nan
history_h16_chunk4,1.0,57,c4b20ee261649dbc,1.0,0.27913655324493447,0.17149806774082754,0.27630568375137976,0.3604096658903172,0.09652334490534083,0.6836266747598169,nan,nan
oracle,1.0,58,2f0d39d98cf3f332,1.0,0.2284463806224218,0.26750339400459466,0.4089362855043195,0.0,0.10180106800743258,0.8692439994156264,0.0,nan
open_loop,1.0,58,2f0d39d98cf3f332,0.0,2.4935889695336066,4.329354637047867,7.141790086404653,2.268475382767491,0.030494016226816308,0.21735923096152163,2.9398417837785544,0.0
pred_error_w8,1.0,58,2f0d39d98cf3f332,0.0,0.4229856997495569,0.6512049649092103,0.8489239101645687,0.6193082418634692,0.15328231942724593,0.9375361067394687,0.1441732967819195,0.012738522494099631
history_h4,1.0,58,2f0d39d98cf3f332,0.0,0.41157607305928234,0.5866847215938887,0.8141408764634885,0.5447780921058072,0.13096028083461886,0.9800569591729286,nan,nan
history_h16,1.0,58,2f0d39d98cf3f332,0.0,0.3815507284933705,0.5380382174616761,0.7749387801646499,0.5128116359210201,0.11888751842680939,0.940164514161103,nan,nan
history_h16_chunk4,1.0,58,2f0d39d98cf3f332,0.0,0.45718506964996725,0.5961233123750257,0.9146829606030007,0.609079885920368,0.14627502266290857,1.0089826405058646,nan,nan
oracle,1.0,59,6273fb3d30f1d0a3,1.0,0.3357978149031351,0.10724976879498065,0.0326446766059596,0.0,0.12008825184968132,0.8857911049016153,0.0,nan
open_loop,1.0,59,6273fb3d30f1d0a3,0.0,2.512146574482471,4.178196197164067,6.687457596289267,2.4327277396184535,0.06338340993059693,0.47753123829392985,1.8650140533713986,0.0
pred_error_w8,1.0,59,6273fb3d30f1d0a3,1.0,0.3300636243546439,0.08267505906321578,0.15116616767349011,0.2748326351207959,0.15701715672811267,0.9165932151913361,0.04198184692606495,3.42263135039571e-05
history_h4,1.0,59,6273fb3d30f1d0a3,1.0,0.36924906735045454,0.08685940741548975,0.17910150594851526,0.3639567909284586,0.16717016233587562,1.0563780997495311,nan,nan
history_h16,1.0,59,6273fb3d30f1d0a3,1.0,0.3477532544593945,0.08325236017702843,0.16272588847203595,0.34100185429868524,0.15905911929643327,1.0317347222230753,nan,nan
history_h16_chunk4,1.0,59,6273fb3d30f1d0a3,1.0,0.40588947041080414,0.11910617367468353,0.20388089300080736,0.4027515868390606,0.15871048092912418,0.9398681091138309,nan,nan
oracle,1.0,60,397bd2c25d008b27,1.0,0.1251010482989061,0.18899854735797028,0.1689769669858503,0.0,0.0642296453032158,0.5077615923862331,0.0,nan
open_loop,1.0,60,397bd2c25d008b27,0.0,2.029630761624906,3.8068394822882348,6.901453207082202,2.086197884376138,0.010767019170037587,0.11608138510186422,4.036206790139069,0.0
pred_error_w8,1.0,60,397bd2c25d008b27,1.0,0.1822927413167641,0.28687594109915593,0.218051973297559,0.24558129304184576,0.14552402214837948,0.5568712070619752,0.04939783490793644,6.599438252446678e-05
history_h4,1.0,60,397bd2c25d008b27,1.0,0.22953437476761815,0.3569677256580357,0.2469715065126099,0.36330042193863044,0.08719493180581875,0.573727748987722,nan,nan
history_h16,1.0,60,397bd2c25d008b27,1.0,0.2110898182406854,0.32606365557349765,0.24484825338324612,0.30851576420654103,0.08849721707422045,0.588605738360917,nan,nan
history_h16_chunk4,1.0,60,397bd2c25d008b27,1.0,0.2644600247718126,0.4087569955963967,0.23256336528527832,0.4498422257232202,0.10101210642944404,0.6224739682277556,nan,nan
oracle,1.0,61,8fe18ac96e7d10a7,1.0,0.26594253138295687,0.1652904444144007,0.08941684445722053,0.0,0.10294343696565325,0.7746924223574677,0.0,nan
open_loop,1.0,61,8fe18ac96e7d10a7,0.0,2.631847074352196,1.0462675647324224,0.6324091017649087,2.123833840660946,0.05496409792294984,0.36308851585416657,1.761600301835442,0.0
pred_error_w8,1.0,61,8fe18ac96e7d10a7,1.0,0.3253027855921755,0.3046853000428548,0.3769618927185385,0.47451542644592215,0.1832960907643825,0.8532157271283207,0.07763902957673015,6.270218651787956e-05
history_h4,1.0,61,8fe18ac96e7d10a7,1.0,0.35104672217357635,0.33634614425810083,0.3965484652754596,0.44535258566650554,0.145948067086947,0.9220532588984839,nan,nan
history_h16,1.0,61,8fe18ac96e7d10a7,1.0,0.34230371823373,0.33930156750093987,0.3660440642022713,0.4618731440309124,0.14802863328503998,0.9422615944122558,nan,nan
history_h16_chunk4,1.0,61,8fe18ac96e7d10a7,0.0,0.4187950543109031,0.4437788527641767,0.539084844154508,0.5644247610415839,0.16354504275237902,0.9715884832096863,nan,nan
oracle,1.0,62,bb4d7c863327b9a0,1.0,0.23662962478914756,0.09899596145724703,0.08532067906394447,0.0,0.10015340866586468,0.7275663607844326,0.0,nan
open_loop,1.0,62,bb4d7c863327b9a0,0.0,8.475724850875823,13.678522284557875,15.416024459807012,3.023961873322185,0.07098860247855776,0.48055709514891437,3.2017458894055144,0.0
pred_error_w8,1.0,62,bb4d7c863327b9a0,1.0,0.28085315394169424,0.31167469617697746,0.2995343179523364,0.4752828314753704,0.15654209946076855,0.7388929698067946,0.07505097853960288,4.486879936485478e-05
history_h4,1.0,62,bb4d7c863327b9a0,1.0,0.3238411442732481,0.3486955752412318,0.3154582314724763,0.5454965439350086,0.12272633125707882,0.7520923609309224,nan,nan
history_h16,1.0,62,bb4d7c863327b9a0,1.0,0.3023293813196855,0.3111488363343837,0.29320705582764717,0.4811227916348106,0.11453088268207377,0.7393883019956026,nan,nan
history_h16_chunk4,1.0,62,bb4d7c863327b9a0,1.0,0.36263616512357233,0.40604098016122553,0.2825926171818276,0.6367680822734098,0.11470123080131739,0.6873390313376061,nan,nan
oracle,1.0,63,e404d4b2cc9cfa9c,1.0,0.18961840726331441,0.13353200929496767,0.21849743719798376,0.0,0.08028107313418317,0.5250348135709939,0.0,nan
open_loop,1.0,63,e404d4b2cc9cfa9c,0.0,1.1027596899643077,1.1270394791073348,0.3370873205210456,1.8151831207977256,0.05362413531728673,0.3377073546680587,1.1129039138869805,0.0
pred_error_w8,1.0,63,e404d4b2cc9cfa9c,1.0,0.18830761134690302,0.12045107916541763,0.18525784783656896,0.13194190142181667,0.14815672784002093,0.5442585534723643,0.049328785683330933,4.094303134892552e-05
history_h4,1.0,63,e404d4b2cc9cfa9c,1.0,0.21705884577626836,0.16499947340655033,0.2724855080063877,0.1916828695444387,0.10397233324625632,0.592273402321935,nan,nan
history_h16,1.0,63,e404d4b2cc9cfa9c,1.0,0.1987736350762858,0.1484174241398308,0.2328164275894693,0.16989698651365193,0.09837992330507712,0.5851225785688551,nan,nan
history_h16_chunk4,1.0,63,e404d4b2cc9cfa9c,1.0,0.22221738681374684,0.18710834853996408,0.2873193478299676,0.309715438820642,0.095478027292214,0.5221924138249175,nan,nan
oracle,1.5,0,c0ed83fadd7524ca,1.0,0.2924259264024159,0.14881422827075644,0.2396625373487642,0.0,0.1293030634009428,0.8727105892418927,0.0,nan
open_loop,1.5,0,c0ed83fadd7524ca,0.0,1.6285190389515956,2.961084493606783,4.722544194297988,2.12262022716819,0.05998195743636492,0.40409802953642554,1.667580212645437,0.0
pred_error_w8,1.5,0,c0ed83fadd7524ca,1.0,0.31491837862505945,0.2355340996152374,0.08291541547691184,0.3848588798618792,0.16657098689355998,0.8738485142648958,0.06907506643226574,6.279608154494256e-05
history_h4,1.5,0,c0ed83fadd7524ca,1.0,0.3388541223289373,0.24249789881145217,0.16156415220516207,0.34646341045713736,0.14922958262804628,0.9673290566261756,nan,nan
history_h16,1.5,0,c0ed83fadd7524ca,1.0,0.32117281250353524,0.22427542317581817,0.1014462542984691,0.3877318944815767,0.15360211602790244,0.963194635082055,nan,nan
history_h16_chunk4,1.5,0,c0ed83fadd7524ca,1.0,0.3818766572921782,0.24497062445021095,0.24302004290010037,0.42513062794326006,0.15231621135241918,0.9311190169089252,nan,nan
oracle,1.5,1,7eaa534523e38b02,1.0,0.5252679474380975,0.13663959756625785,0.14233283125784624,0.0,0.13014570234151704,1.2574989003663943,0.0,nan
open_loop,1.5,1,7eaa534523e38b02,0.0,12.10753922103747,19.503395262965267,20.47091803212171,2.426250821070646,0.03525555685976075,0.19608528340178916,5.705737561153308,0.0
pred_error_w8,1.5,1,7eaa534523e38b02,0.0,1.02065102965965,0.42386756464668895,0.32617339837238646,0.46202674950456313,0.172620623273817,1.3623047116070282,0.46489017022322954,0.20566766415241922
history_h4,1.5,1,7eaa534523e38b02,1.0,0.476686217972952,0.16944895977064095,0.36432082599790405,0.5207420958889779,0.12715276858346036,1.2546201033397413,nan,nan
history_h16,1.5,1,7eaa534523e38b02,1.0,0.43251997056608665,0.2083539818713665,0.4117675893243309,0.5766153360483145,0.12461131932672061,1.235077411754753,nan,nan
history_h16_chunk4,1.5,1,7eaa534523e38b02,1.0,0.5699358646902704,0.21618912415487104,0.43921897841024915,0.550777384821096,0.1679364691857546,1.3319149309169116,nan,nan
oracle,1.5,2,9791f9f397440790,1.0,0.28022043635324406,0.18700283887910457,0.28303851860936824,0.0,0.11675659700491524,0.8372571596947466,0.0,nan
open_loop,1.5,2,9791f9f397440790,0.0,1.9352579998274764,1.8678953566204466,1.1219447815720418,2.0145707660739913,0.07965057376349442,0.5496577391714154,1.934119699013735,0.0
pred_error_w8,1.5,2,9791f9f397440790,1.0,0.3001820234517218,0.27204507906487857,0.312503875160294,0.2049995491840918,0.1664990847938213,0.8448751957057399,0.06336424474469456,0.0005273199072803431
history_h4,1.5,2,9791f9f397440790,1.0,0.3343418436701813,0.29503381415715,0.3886836701644487,0.26524194065598133,0.14516048268034173,0.8785503647500077,nan,nan
history_h16,1.5,2,9791f9f397440790,1.0,0.3276751337471694,0.3050859979017488,0.3580191565643389,0.26974469891290825,0.14453004169024491,0.8725045918826156,nan,nan
history_h16_chunk4,1.5,2,9791f9f397440790,0.0,0.3969044780503492,0.42529076328411247,0.44368420407725573,0.45975085392996234,0.1511950843514136,0.8070369874450254,nan,nan
oracle,1.5,3,42f9900032a9be92,0.0,0.4089178998538697,0.5925575505004915,0.16347409138094804,0.0,0.1055706979160753,1.1006178402429003,0.0,nan
open_loop,1.5,3,42f9900032a9be92,0.0,4.564118595616618,8.536746582514743,13.774761662152748,2.292773258485785,0.059706670128842336,0.43120849098570674,2.524122798935422,0.0
pred_error_w8,1.5,3,42f9900032a9be92,0.0,1.3178937885761943,2.424273132491868,2.5970291622446258,0.981261225318914,0.1545781529985309,0.9914099363062372,0.3920602747778673,0.1389765741112851
history_h4,1.5,3,42f9900032a9be92,0.0,0.5495097565118466,0.7865772818653787,0.04854365601617161,0.6702999284057513,0.15933668610370622,1.2468173971515697,nan,nan
history_h16,1.5,3,42f9900032a9be92,0.0,0.5173735978031979,0.7165804475520285,0.015126542696531686,0.6770521313431658,0.15527177082658367,1.2306390559304377,nan,nan
history_h16_chunk4,1.5,3,42f9900032a9be92,0.0,0.654188880801233,0.9371358612349816,0.13563907462568636,0.8157837618662417,0.18920167145517292,1.2735913110166162,nan,nan
oracle,1.5,4,d617af6796436666,0.0,0.39886544507600113,0.49715616408283764,0.12204254951263227,0.0,0.10882983678047836,1.1891479756721777,0.0,nan
open_loop,1.5,4,d617af6796436666,0.0,3.0075394737703474,3.5443180212508842,1.5723933314918597,1.9649328267200488,0.013441959473102252,0.1413874789306145,1.5551298907968016,0.0
pred_error_w8,1.5,4,d617af6796436666,0.0,0.5215930264139188,0.7490339036699157,0.2697746478410519,0.43207280454788843,0.16429604099814912,1.2012898046995812,0.11944674798966762,0.00012191820693927932
history_h4,1.5,4,d617af6796436666,0.0,0.4729051321019645,0.5803802815372151,0.3679129772551457,0.5899644862964163,0.16487628806560214,1.3614837285897818,nan,nan
history_h16,1.5,4,d617af6796436666,0.0,0.4518271016179181,0.5555058223821975,0.28198471492793864,0.5989700777677606,0.16179409053162325,1.3345161080927832,nan,nan
history_h16_chunk4,1.5,4,d617af6796436666,0.0,0.6173571426706675,0.7419086513896787,0.2653453210192511,0.7098098726512961,0.20755243803196718,1.4697961122532661,nan,nan
oracle,1.5,5,0ca471ae0a1d1cae,0.0,0.3728321062693562,0.22308645635190127,0.5892196074541189,0.0,0.08909654211437887,1.0433342887193156,0.0,nan
open_loop,1.5,5,0ca471ae0a1d1cae,0.0,12.200953350096682,20.936450360966003,25.787567760229308,2.3257848587240586,0.0335796972972926,0.23842891842551306,6.410890032315348,0.0
pred_error_w8,1.5,5,0ca471ae0a1d1cae,0.0,0.6824275203276339,0.6759057519923323,1.1206309340860123,0.8560558873207956,0.11827992112671125,0.9845642996341363,0.8338412861071521,0.6589742468486686
history_h4,1.5,5,0ca471ae0a1d1cae,0.0,0.5069716021202482,0.4207439785730102,0.8576406424037089,0.5673349685029327,0.13976191483846598,1.1659893009013211,nan,nan
history_h16,1.5,5,0ca471ae0a1d1cae,0.0,0.4718175362945893,0.40316793382487526,0.8596632536382458,0.506375824827982,0.1401331781705158,1.1828754486539061,nan,nan
history_h16_chunk4,1.5,5,0ca471ae0a1d1cae,0.0,0.5795540824040587,0.4433515598015413,1.0447988191914632,0.6058771612953778,0.16754722394049834,1.1845659204057017,nan,nan
oracle,1.5,6,1dc574a403d9bd53,0.0,0.643363241177092,1.20400693974003,0.407421521509427,0.0,0.10515916328264072,1.2080947775494624,0.0,nan
open_loop,1.5,6,1dc574a403d9bd53,0.0,3.6840404614676348,4.16656724714546,5.384187634484048,2.414392346646305,0.012692529684870509,0.14693747497070375,6.165390277133403,0.0
pred_error_w8,1.5,6,1dc574a403d9bd53,0.0,1.0365929222969155,1.954103050176623,2.0269966346060464,0.28547299239909335,0.14264595609025335,1.178246194872855,0.369275017087375,0.11705839938435086
history_h4,1.5,6,1dc574a403d9bd53,0.0,0.4466257148835267,0.818354984625479,0.06591741565296161,0.48024439612533,0.14396627779530835,1.2930706573244293,nan,nan
history_h16,1.5,6,1dc574a403d9bd53,0.0,0.44053570556171034,0.8065824944561852,0.14547036781567613,0.4901360632600364,0.14082910334569884,1.285361687707063,nan,nan
history_h16_chunk4,1.5,6,1dc574a403d9bd53,0.0,0.5856246464764794,1.07961588175621,0.03240797325588929,0.5849760445734633,0.16411073938984433,1.346215835377332,nan,nan
oracle,1.5,7,aedaa1df17d118c4,1.0,0.21882597601888792,0.18788058862507573,0.31883856715538883,0.0,0.0932810548771689,0.7846353500677464,0.0,nan
open_loop,1.5,7,aedaa1df17d118c4,0.0,4.116966483165137,2.7403311302791966,1.1934623490508969,2.1719275530271367,0.05797932569181708,0.3448285853659659,2.355607975664809,0.0
pred_error_w8,1.5,7,aedaa1df17d118c4,1.0,0.2579169403962591,0.25507206824558143,0.4420718768790479,0.19379293847884763,0.14775416928747268,0.8275525172069258,0.058595847567799515,7.07049521026173e-05
history_h4,1.5,7,aedaa1df17d118c4,1.0,0.3059730253927304,0.3227173334490277,0.5403970560323632,0.3150530756056267,0.10746573100451964,0.876680119976454,nan,nan
history_h16,1.5,7,aedaa1df17d118c4,1.0,0.27161923627041035,0.2930899590208087,0.49721896087946504,0.2561361568051756,0.10095280256349291,0.8312505480572633,nan,nan
history_h16_chunk4,1.5,7,aedaa1df17d118c4,0.0,0.34585435990728935,0.3957873434121401,0.6797784335618431,0.4287213008687204,0.11647394129677775,0.8761761663610165,nan,nan
oracle,1.5,8,d2ff2edb75bb216e,0.0,0.4511747372338183,0.4306436371643884,0.40162164206779494,0.0,0.09974378770650827,1.2395946268998361,0.0,nan
open_loop,1.5,8,d2ff2edb75bb216e,0.0,18.926645188882482,32.53393500303948,39.58986127574345,3.021820171313724,0.02787877957298879,0.15325156579654486,6.896267949912771,0.0
pred_error_w8,1.5,8,d2ff2edb75bb216e,0.0,0.6515544896669625,0.9392614737620515,0.9908050754724016,0.8033067644989387,0.12584573843715954,1.126572848422148,0.2757420758107046,0.06422954170532999
history_h4,1.5,8,d2ff2edb75bb216e,0.0,0.47037864503692134,0.4256828843995071,0.6592003374881301,0.5655509364758788,0.1357128611284113,1.2784424008353938,nan,nan
history_h16,1.5,8,d2ff2edb75bb216e,0.0,0.46469584330057334,0.4192760947242841,0.6638393206542794,0.5522104722011855,0.13957130459480052,1.2980723510131087,nan,nan
history_h16_chunk4,1.5,8,d2ff2edb75bb216e,0.0,0.5531377228657055,0.48584269785119244,0.7273327225528554,0.6349356718759561,0.15346825385372762,1.2798361646752041,nan,nan
oracle,1.5,9,c12e12d0eb49e8da,1.0,0.2744517688976584,0.19931955028416287,0.2522526368881938,0.0,0.1153267068006634,0.8937862241103817,0.0,nan
open_loop,1.5,9,c12e12d0eb49e8da,0.0,2.236512854307238,4.1511366450486795,7.564000941287698,2.128543480731829,0.0698966691840604,0.48019784773046476,2.0051405734678824,0.0
pred_error_w8,1.5,9,c12e12d0eb49e8da,1.0,0.2611902349431453,0.1075467333091212,0.0014565945479302345,0.5219098963476227,0.1696289746311232,0.9095404582650874,0.09877418946802657,9.681360663565085e-05
history_h4,1.5,9,c12e12d0eb49e8da,1.0,0.31438581873804866,0.09873620136781544,0.114080816435909,0.4453109132939629,0.14023125547550033,0.9760246676576161,nan,nan
history_h16,1.5,9,c12e12d0eb49e8da,1.0,0.2861894822793789,0.08807320036283535,0.05760305715614661,0.5478025016890533,0.13092010907850396,0.9311017322081435,nan,nan
history_h16_chunk4,1.5,9,c12e12d0eb49e8da,1.0,0.36770449727737825,0.13559351707884115,0.12336796379811044,0.5899770447246055,0.1590260156267483,0.9403639920095971,nan,nan
oracle,1.5,10,2da349b4f58288d6,1.0,0.17779626979777657,0.1853197655431607,0.14923278010428476,0.0,0.10238561856407198,0.696758135549557,0.0,nan
open_loop,1.5,10,2da349b4f58288d6,0.0,3.0968337085284823,5.774974638522823,8.062200335871115,1.9964742805615834,0.025343101954581344,0.19381798982500756,3.4603581821822855,0.0
pred_error_w8,1.5,10,2da349b4f58288d6,0.0,0.2866765854414993,0.3490904102361457,0.6080969920639525,0.5747436608906639,0.1557398032258756,0.6990243580668337,0.17962787634203528,0.023244773390150644
history_h4,1.5,10,2da349b4f58288d6,1.0,0.2785121370604892,0.28679095175201624,0.4168372611798965,0.4306497836936339,0.11455185665770136,0.745645625566154,nan,nan
history_h16,1.5,10,2da349b4f58288d6,1.0,0.24806138609517522,0.26479221556049587,0.3676345442786655,0.41169941418483014,0.10737090427537062,0.7276377884069449,nan,nan
history_h16_chunk4,1.5,10,2da349b4f58288d6,1.0,0.31434825368039304,0.30247903648017616,0.3572489003791439,0.5026068848903145,0.1306593044488981,0.7998114932124025,nan,nan
oracle,1.5,11,405fb1fe9549077e,1.0,0.2594091900349296,0.18045410336538062,0.1168255246781591,0.0,0.11496112760954648,0.7882704676455732,0.0,nan
open_loop,1.5,11,405fb1fe9549077e,0.0,5.672436892360691,6.807305270855654,5.762591369336889,2.4394440131693793,0.05734048977533425,0.3770130844628382,3.7978035544709576,0.0
pred_error_w8,1.5,11,405fb1fe9549077e,1.0,0.27749008076078474,0.14312280748665182,0.024836721738596523,0.28616273852512286,0.17433857880778758,0.8461269464574959,0.07273225086578711,0.00010401511434281184
history_h4,1.5,11,405fb1fe9549077e,1.0,0.32727205763494976,0.15553180217893325,0.04972229224780733,0.39084221856810764,0.15182929373256657,0.9501038563663529,nan,nan
history_h16,1.5,11,405fb1fe9549077e,1.0,0.2999311840803827,0.15315919034055392,0.005531575442796921,0.38979014720055677,0.15258012681784364,0.9562861026305916,nan,nan
history_h16_chunk4,1.5,11,405fb1fe9549077e,1.0,0.37152456956365604,0.17776680289127225,0.042183520639067495,0.5009039541447858,0.16335797010921743,0.9581618951812053,nan,nan
oracle,1.5,12,1ff8d298089167a2,1.0,0.27344803348033053,0.15095532869582926,0.08994639011364924,0.0,0.10037185520818094,0.9081840491462367,0.0,nan
open_loop,1.5,12,1ff8d298089167a2,0.0,13.216821510318852,21.245509675513528,24.263237263296375,3.0075184897406237,0.04050861525999234,0.21481862777882016,4.832310805290804,0.0
pred_error_w8,1.5,12,1ff8d298089167a2,1.0,0.4231645479080348,0.28497777525383045,0.0723466390148122,0.4563062867416393,0.162969649047363,0.9192627495579863,0.19528438956317012,0.0005350520892974844
history_h4,1.5,12,1ff8d298089167a2,1.0,0.42273178484414276,0.27551646776701444,0.002890948125156001,0.4688112150072889,0.14831193806130075,0.9963530200349532,nan,nan
history_h16,1.5,12,1ff8d298089167a2,1.0,0.4335026125647327,0.31670803061070507,0.06560072636065328,0.5458453946654431,0.14100463255576323,1.0056316579686453,nan,nan
history_h16_chunk4,1.5,12,1ff8d298089167a2,1.0,0.50197244574499,0.35441183790080805,0.027372464729898738,0.5416518866894909,0.15520554827725078,0.9916875920073468,nan,nan
oracle,1.5,13,778447ef8a813433,0.0,0.3411017371659349,0.5213085024300705,0.15731125345852615,0.0,0.12425661980582921,1.0829241229115365,0.0,nan
open_loop,1.5,13,778447ef8a813433,0.0,11.432113384658374,18.32704633973978,22.02495458329821,3.06307886387261,0.035136670168465174,0.19629178914710216,6.4137218659428346,0.0
pred_error_w8,1.5,13,778447ef8a813433,0.0,0.4639781922447915,0.7707512854845823,0.20860929092891745,0.41440488734467906,0.16935152618964489,1.081211078460827,0.09898826504226875,9.832381954408631e-05
history_h4,1.5,13,778447ef8a813433,0.0,0.4533998129849734,0.7348723173597907,0.41636198729581775,0.4598070215630788,0.16736628907669854,1.2882128922669558,nan,nan
history_h16,1.5,13,778447ef8a813433,0.0,0.4354443349663276,0.6968629978121242,0.3333359115740757,0.477073693609869,0.1650365192008835,1.285743704321886,nan,nan
history_h16_chunk4,1.5,13,778447ef8a813433,0.0,0.5824266883685042,0.9528156245508417,0.29385609505772514,0.5748837135388729,0.20447671330569311,1.4113853818778659,nan,nan
oracle,1.5,14,435aaa3c162d9baf,1.0,0.13521064822742623,0.12323527804815992,0.24053216902490338,0.0,0.09826772045843961,0.5740663438840194,0.0,nan
open_loop,1.5,14,435aaa3c162d9baf,0.0,4.153591850431704,7.17012512178079,8.49533984078943,2.5953786607884934,0.03439987186756178,0.2597175236663465,2.1757531928036764,0.0
pred_error_w8,1.5,14,435aaa3c162d9baf,1.0,0.1785404586783126,0.17327458014900696,0.21232302802803016,0.2545694729827745,0.15947933826040372,0.6068896621718531,0.08546152120730077,0.001597363347844614
history_h4,1.5,14,435aaa3c162d9baf,1.0,0.2021911682322136,0.1801803662937236,0.2378666227277897,0.3000697739727417,0.1100155287287176,0.5965696185290617,nan,nan
history_h16,1.5,14,435aaa3c162d9baf,1.0,0.20094123735258715,0.1853735825477243,0.17672499635225591,0.3195635711712086,0.1069976086809787,0.6215963002966084,nan,nan
history_h16_chunk4,1.5,14,435aaa3c162d9baf,1.0,0.26017717397926976,0.24878422918270168,0.23248400814070092,0.4401952450719226,0.12344324396432593,0.6667782726287792,nan,nan
oracle,1.5,15,8d7f1f86172cf468,1.0,0.3559642240998477,0.27607478266637825,0.13311925433551508,0.0,0.12660109773821396,1.1874233094334965,0.0,nan
open_loop,1.5,15,8d7f1f86172cf468,0.0,9.469978568165573,14.568578369234258,15.905481678969318,2.9586894722502026,0.03294494131752214,0.2565014491149332,6.316586458484044,0.0
pred_error_w8,1.5,15,8d7f1f86172cf468,1.0,0.41929504053124944,0.3607182045506369,0.1359397946324279,0.2556082204368663,0.1507688217837975,1.1628406390369894,0.10076631903119156,0.006815079353832528
history_h4,1.5,15,8d7f1f86172cf468,1.0,0.40097340387394254,0.33692657221355954,0.1977808153110061,0.3306912537123362,0.15624135048963322,1.2696499130361556,nan,nan
history_h16,1.5,15,8d7f1f86172cf468,1.0,0.39155549507088494,0.30829581317121296,0.1677206332974741,0.29638382453424805,0.16065871706531246,1.2886462836178392,nan,nan
history_h16_chunk4,1.5,15,8d7f1f86172cf468,0.0,0.5132313430513138,0.4746055833113906,0.2516290425635077,0.47517799951235784,0.18592483581556712,1.3363918779292903,nan,nan
oracle,1.5,16,257ac4fc9c630f56,1.0,0.34984482479914564,0.1520803355637247,0.1512409766745364,0.0,0.11526330496266364,0.9426344453590724,0.0,nan
open_loop,1.5,16,257ac4fc9c630f56,0.0,4.220652579971963,7.812798162932977,10.193801836732822,2.123603399411059,0.059337620904959226,0.4054811239323882,2.370867952506704,0.0
pred_error_w8,1.5,16,257ac4fc9c630f56,1.0,0.3552567853870849,0.13604272703415124,0.15148655745539452,0.16513713170765804,0.16139636050330958,0.9604242341417119,0.061093601948081035,4.592918225571428e-05
history_h4,1.5,16,257ac4fc9c630f56,1.0,0.37136693100994783,0.1857581188882699,0.14466064018364921,0.29045969647830117,0.15131486904158092,1.079716595865489,nan,nan
history_h16,1.5,16,257ac4fc9c630f56,1.0,0.34237581201975414,0.16540470265824278,0.14042433910279106,0.25551189692955983,0.1543735178683987,1.0629608446172754,nan,nan
history_h16_chunk4,1.5,16,257ac4fc9c630f56,1.0,0.4199517425228019,0.2278394927388923,0.1746213755643522,0.370789633579311,0.15856571582530143,1.0707771706104248,nan,nan
oracle,1.5,17,7b3f8a2c390a760d,1.0,0.26521600295534264,0.33008371706606965,0.055279815399597254,0.0,0.12616760487942216,0.8792775635363953,0.0,nan
open_loop,1.5,17,7b3f8a2c390a760d,0.0,1.1295057510528408,1.5796798308484126,2.2322440573129274,1.8473504080323557,0.06661087556494395,0.46559066631466056,4.233693537528501,0.0
pred_error_w8,1.5,17,7b3f8a2c390a760d,0.0,0.3621405803522926,0.4975056879848743,0.03863306513423126,0.4259147185811049,0.16199137085183266,0.9195581881213631,0.14944927005830286,0.01859947952440345
history_h4,1.5,17,7b3f8a2c390a760d,0.0,0.3588190469210871,0.4493778119878321,0.04993335540223143,0.38977072068886787,0.14804174959880126,0.9763848014732038,nan,nan
history_h16,1.5,17,7b3f8a2c390a760d,1.0,0.325906844798976,0.4119093422672409,0.08948477077798955,0.330819556024102,0.1481144633777308,0.9635689081950718,nan,nan
history_h16_chunk4,1.5,17,7b3f8a2c390a760d,0.0,0.393984528293471,0.5095097514533631,0.043216551360341526,0.4920277892004689,0.16815216267172542,0.978921678813643,nan,nan
oracle,1.5,18,c1c3ec28d61e64e4,1.0,0.259619444979595,0.2791627465676812,0.38528011201032175,0.0,0.08497743500581385,0.8772007473495339,0.0,nan
open_loop,1.5,18,c1c3ec28d61e64e4,0.0,4.022133704802439,4.549639263544236,1.2156352449057701,2.225361807538356,0.049704700760272016,0.3295979558882371,2.810120063053542,0.0
pred_error_w8,1.5,18,c1c3ec28d61e64e4,1.0,0.25105845754196127,0.23649296406976794,0.3465823619482338,0.3236200472895336,0.14573080630971952,0.9124976863867879,0.07725228333783914,6.556381352909603e-05
history_h4,1.5,18,c1c3ec28d61e64e4,1.0,0.27985519434302547,0.29487768325809266,0.43731355670909533,0.38193164319376666,0.11182008693482198,0.9392974632760678,nan,nan
history_h16,1.5,18,c1c3ec28d61e64e4,1.0,0.289531879514258,0.29577214297535137,0.4252562732976717,0.3925831539611154,0.1108985845695328,0.9649643291720723,nan,nan
history_h16_chunk4,1.5,18,c1c3ec28d61e64e4,0.0,0.3892362359840374,0.39170677960006917,0.6564794626505854,0.5623269963745193,0.14060201655052337,1.0085712603209798,nan,nan
oracle,1.5,19,a2500bdb34621fc4,1.0,0.26059336981992326,0.3318567465154879,0.12932219878052642,0.0,0.1245744168486589,0.9442135746837507,0.0,nan
open_loop,1.5,19,a2500bdb34621fc4,0.0,2.046670064612733,2.692689164671765,1.5508181810475836,2.119060084274212,0.034880999696664694,0.24508419298509942,6.744530546974332,0.0
pred_error_w8,1.5,19,a2500bdb34621fc4,1.0,0.40118862592959437,0.21893928629642542,0.36478781916253666,0.8450746366956585,0.17097031006998512,0.8567814826932497,0.20724936451122405,0.020584031878205775
history_h4,1.5,19,a2500bdb34621fc4,1.0,0.41662942128691716,0.2916259012628611,0.44664879943309366,0.8348053478552593,0.14877621275275515,0.9349981469023521,nan,nan
history_h16,1.5,19,a2500bdb34621fc4,1.0,0.38914590506957497,0.25548101127258094,0.4025308776304648,0.829262725976269,0.14957095588321898,0.9426370801973686,nan,nan
history_h16_chunk4,1.5,19,a2500bdb34621fc4,1.0,0.46990070136305173,0.30596027476944854,0.45508137826330497,0.8037961316605808,0.16910787763404478,0.9878336757639857,nan,nan
oracle,1.5,20,204f0b19a826bf29,0.0,0.594666801438337,0.6646510249022068,0.7419666580484758,0.0,0.11511170096282047,1.4042406444607254,0.0,nan
open_loop,1.5,20,204f0b19a826bf29,0.0,13.447919659037554,24.04477676426908,33.99862580007249,2.678530148767942,0.006634709124505852,0.08301720042880588,4.945374187559797,0.0
pred_error_w8,1.5,20,204f0b19a826bf29,0.0,0.7329754223415978,0.9614657252055364,1.3133336915709748,0.3049030572320886,0.15551998897601088,1.3720080418468716,0.15407757090239999,0.015132504160165627
history_h4,1.5,20,204f0b19a826bf29,0.0,0.5436258433933051,0.7451539041861508,0.6186959694527161,0.41606635148259097,0.15012118323083468,1.5130610750903046,nan,nan
history_h16,1.5,20,204f0b19a826bf29,0.0,0.507134620651618,0.7021960451133709,0.68232362143603,0.3405091966924449,0.13832428650260248,1.4575439090357556,nan,nan
history_h16_chunk4,1.5,20,204f0b19a826bf29,0.0,0.6319220021638913,0.8117976713834817,0.7641820999370417,0.42234422965465507,0.173075329058412,1.5346343856027773,nan,nan
oracle,1.5,21,a2cb3d827859850e,0.0,0.572096521635676,0.6833475881267256,0.35567624520488295,0.0,0.1172334829527543,1.3865455887089964,0.0,nan
open_loop,1.5,21,a2cb3d827859850e,0.0,17.932716553303273,31.07341087468787,40.143520778881964,2.468245761306074,0.06146842220219582,0.43306187431860144,10.059962268261389,0.0
pred_error_w8,1.5,21,a2cb3d827859850e,0.0,1.2861114469924324,1.892515431784179,1.5888048515074757,0.6347950816022387,0.14978640965991002,1.4584096091964134,1.6999258412349154,2.786659216691526
history_h4,1.5,21,a2cb3d827859850e,0.0,0.5898414232394126,0.5843470311735415,0.6547152559428469,0.447312354166416,0.1641576841909091,1.518267432976063,nan,nan
history_h16,1.5,21,a2cb3d827859850e,0.0,0.5296953625130912,0.5160197519345584,0.6022585908146993,0.41731298850817317,0.1649038266691712,1.508600369954155,nan,nan
history_h16_chunk4,1.5,21,a2cb3d827859850e,0.0,0.6440177366917921,0.6217448903124209,0.6789420961394157,0.5185543261049155,0.18623863814809444,1.506339409239885,nan,nan
oracle,1.5,22,07c5f7f3037d3e49,1.0,0.40662099152820996,0.19910009171175908,0.06001633162895814,0.0,0.1418169528420207,1.225731397463726,0.0,nan
open_loop,1.5,22,07c5f7f3037d3e49,0.0,6.9578264163379435,12.826587100148863,16.230298591048268,1.9631476438111952,0.07539365442064924,0.5269365534446809,3.8204305292456793,0.0
pred_error_w8,1.5,22,07c5f7f3037d3e49,0.0,0.6108313379970061,0.48564592816448665,0.24391502125100928,0.29658864959953385,0.18255110242712783,1.3220601290687226,0.22611911222923287,0.0494294509656648
history_h4,1.5,22,07c5f7f3037d3e49,1.0,0.44542009260125354,0.24160963119601556,0.22487353150020084,0.29147207060589264,0.1714446684693282,1.3024832382865852,nan,nan
history_h16,1.5,22,07c5f7f3037d3e49,1.0,0.39757701066023077,0.22755776915224224,0.19955052600866452,0.288926003622136,0.16581973916634585,1.2547490103037258,nan,nan
history_h16_chunk4,1.5,22,07c5f7f3037d3e49,1.0,0.48495499758205796,0.285710502504318,0.28721240430029127,0.4329549562003677,0.17897730528470362,1.236925644476122,nan,nan
oracle,1.5,23,865e55063c16dd37,1.0,0.3186298954915747,0.2582440583033207,0.16515572054176442,0.0,0.11231867589115775,0.9628798873037605,0.0,nan
open_loop,1.5,23,865e55063c16dd37,0.0,4.554718742759144,7.244775484473871,8.843473392658789,2.3931563583174422,0.057824777987078226,0.4113371573130668,2.1545488514133178,0.0
pred_error_w8,1.5,23,865e55063c16dd37,0.0,0.45496209561628254,0.459451231567473,0.2081558105806316,0.6786041309344502,0.1751054652047434,1.1171640492962005,0.14798544780126408,0.0009562351642667692
history_h4,1.5,23,865e55063c16dd37,1.0,0.43690102425254407,0.3502748002745409,0.16991404503199137,0.7189397422062281,0.20561265113895077,1.2053494690071689,nan,nan
history_h16,1.5,23,865e55063c16dd37,1.0,0.44415730567158823,0.36448173926811994,0.20281956694628844,0.7971814410612773,0.20639318632638343,1.2386392362685281,nan,nan
history_h16_chunk4,1.5,23,865e55063c16dd37,0.0,0.5765224406615348,0.48918387294258314,0.11575937091205502,0.8021687370675737,0.23386949557422657,1.326211335851158,nan,nan
oracle,1.5,24,2076eaee4ee645b4,1.0,0.3470506980803914,0.2741211810733276,0.0907650633122434,0.0,0.11425891971839522,1.0114685411426205,0.0,nan
open_loop,1.5,24,2076eaee4ee645b4,0.0,4.338538413972161,4.209824603003638,2.3084598478628573,2.3380692478347496,0.0605106162091362,0.4474612797507184,2.2869401937758744,0.0
pred_error_w8,1.5,24,2076eaee4ee645b4,1.0,0.39363290106930077,0.2764653900362174,0.10691352106386035,0.2250594089198475,0.15245003351356126,1.0203439630618072,0.10576041775976153,0.0015772931574280452
history_h4,1.5,24,2076eaee4ee645b4,1.0,0.4218134807034607,0.3287439102688133,0.13279360067939183,0.33189892600392534,0.14353175767652182,1.0783460739934252,nan,nan
history_h16,1.5,24,2076eaee4ee645b4,1.0,0.39483465073725516,0.2842718677235812,0.0972376415500352,0.2794035106130766,0.13674022512566333,1.0595400106216972,nan,nan
history_h16_chunk4,1.5,24,2076eaee4ee645b4,0.0,0.5497522368193102,0.4567678216918184,0.1466020713445224,0.48503684572432737,0.17482582500795193,1.1551652670947121,nan,nan
oracle,1.5,25,92bd0dde5811c4a9,1.0,0.38027846185343084,0.24052643124968592,0.2595142591195252,0.0,0.15068617953334226,1.2122275502369546,0.0,nan
open_loop,1.5,25,92bd0dde5811c4a9,0.0,3.349828293972689,5.062424588506753,4.105758310078473,2.279702439578333,0.07751553164273106,0.45911792925527856,3.1616623655272944,0.0
pred_error_w8,1.5,25,92bd0dde5811c4a9,0.0,0.46703946898035575,0.4976772051279991,0.19899483228109993,0.3814212203273339,0.1833249812836343,1.2236677547011932,0.10974786968770535,0.002993092861142003
history_h4,1.5,25,92bd0dde5811c4a9,0.0,0.46706867344611663,0.458602531800693,0.15455601405642128,0.4237881562233464,0.18112024188485318,1.3155944214528021,nan,nan
history_h16,1.5,25,92bd0dde5811c4a9,0.0,0.42986680423512885,0.4225160891184171,0.1560427499489645,0.4234588164909726,0.17873994632097426,1.2892252846699195,nan,nan
history_h16_chunk4,1.5,25,92bd0dde5811c4a9,0.0,0.554822348905018,0.6227134307237079,0.2281524787247058,0.6307915519395586,0.2037538195316318,1.3327510323692089,nan,nan
oracle,1.5,26,3f1044e32802e195,0.0,0.5819276015444563,0.494473541724165,0.3496810751525423,0.0,0.1273053954202861,1.4393470748353443,0.0,nan
open_loop,1.5,26,3f1044e32802e195,0.0,25.020630893372562,40.6771971241554,50.5688732599258,3.295604369327007,0.060424050271973374,0.4246141778880539,9.22960643719999,0.0
pred_error_w8,1.5,26,3f1044e32802e195,0.0,1.6470711917087453,2.84324259402187,5.157328634827387,1.3128917664754434,0.13700251737767788,1.1948738259806568,0.7397748634211959,0.5010580827717469
history_h4,1.5,26,3f1044e32802e195,0.0,0.6624373148620026,0.7973462588277976,0.4173461563110976,0.6341495017874029,0.20552899097317992,1.7027064892178587,nan,nan
history_h16,1.5,26,3f1044e32802e195,0.0,0.6207231755058907,0.7115227105562734,0.4462652650613457,0.6058786283139561,0.2047134961358478,1.6889833620338885,nan,nan
history_h16_chunk4,1.5,26,3f1044e32802e195,0.0,0.777750595999722,0.8652422946965953,0.3980957150780391,0.7235244724758871,0.23028515207287148,1.750919496215758,nan,nan
oracle,1.5,27,377998d5fa0f81c5,0.0,0.5301258587304314,0.5845731336631,0.8569469057131371,0.0,0.12956109986858827,1.3117546229124915,0.0,nan
open_loop,1.5,27,377998d5fa0f81c5,0.0,6.898196432146293,12.807742438850008,20.422934895912366,2.3092212735460222,0.06085532084912817,0.415737871800055,7.053388654889198,0.0
pred_error_w8,1.5,27,377998d5fa0f81c5,0.0,1.0068636470523444,1.3493837391372312,2.657409525973563,0.6177218192941897,0.17075879465736363,1.207036301654732,0.7787320531180222,0.5688846974898951
history_h4,1.5,27,377998d5fa0f81c5,0.0,0.5327349806617576,0.6103535255462388,0.5999455926328991,0.3218170782299214,0.16047410876701187,1.4028663801853563,nan,nan
history_h16,1.5,27,377998d5fa0f81c5,0.0,0.5021495786354071,0.5830678719973826,0.6376724971275962,0.3075033532728211,0.17375892689130995,1.4308400709722318,nan,nan
history_h16_chunk4,1.5,27,377998d5fa0f81c5,0.0,0.606162949615435,0.6902891261391213,0.7731037191333918,0.4157683568141366,0.18061529983302232,1.4462511262337887,nan,nan
oracle,1.5,28,5e957e2f66ecc9b7,1.0,0.4118055082557995,0.3494435712485168,0.25012620020032017,0.0,0.1472357292269656,1.213423752507618,0.0,nan
open_loop,1.5,28,5e957e2f66ecc9b7,0.0,2.1377253979497555,3.3790458802067707,2.7396969991671547,2.4268012274134376,0.08236125611949137,0.5818892795296632,2.337736004215057,0.0
pred_error_w8,1.5,28,5e957e2f66ecc9b7,1.0,0.44471463929963856,0.4003664201576973,0.251221120407231,0.16400537767426127,0.17833066672004924,1.2332991870726233,0.060798648108166015,5.871100270183744e-05
history_h4,1.5,28,5e957e2f66ecc9b7,1.0,0.457196284547879,0.38914711744256975,0.31385167267589065,0.3274899713724234,0.1788323516305416,1.2933806831590808,nan,nan
history_h16,1.5,28,5e957e2f66ecc9b7,1.0,0.43656917575581805,0.3747773143856444,0.21761267325794353,0.2869827268705499,0.17686004260016397,1.2822482040645884,nan,nan
history_h16_chunk4,1.5,28,5e957e2f66ecc9b7,0.0,0.5748490153815458,0.4831919794863674,0.33774031929496395,0.4587283233853736,0.2101597061689611,1.3714419512603067,nan,nan
oracle,1.5,29,1a1fd236509caba9,1.0,0.18220531438149246,0.16794074850127316,0.16965637675542444,0.0,0.11171193010409215,0.7535757109003466,0.0,nan
open_loop,1.5,29,1a1fd236509caba9,0.0,4.292077031959484,6.699313280846736,8.263663178174756,2.7254879396055967,0.018314364862204748,0.16542727629235687,2.135006907290418,0.0
pred_error_w8,1.5,29,1a1fd236509caba9,1.0,0.21554136841243593,0.19745261426417426,0.4345042228227767,0.5215939187186479,0.16406905725391246,0.7899878422867408,0.07941238681766351,5.595836562810026e-05
history_h4,1.5,29,1a1fd236509caba9,1.0,0.28673339496883904,0.2526602524607498,0.5190979942972707,0.5632421847203173,0.13944827755424827,0.9124793107407391,nan,nan
history_h16,1.5,29,1a1fd236509caba9,1.0,0.24665091707250114,0.22664966098281394,0.465854536551884,0.5192623995983293,0.1380507632368982,0.8772732061461392,nan,nan
history_h16_chunk4,1.5,29,1a1fd236509caba9,0.0,0.3317699515190814,0.2671514809556438,0.5815703313251834,0.5853724300627399,0.1662791718992158,0.9939911625052537,nan,nan
oracle,1.5,30,fa0685f95bef9b5d,1.0,0.27185672088709956,0.222332097994942,0.3432588814383415,0.0,0.10394674860381814,0.9176916724169429,0.0,nan
open_loop,1.5,30,fa0685f95bef9b5d,0.0,5.789542915729537,10.151512540881892,12.266915910844094,2.4946384497513128,0.03707161799722429,0.2067982837670547,2.4265596000037735,0.0
pred_error_w8,1.5,30,fa0685f95bef9b5d,1.0,0.3225655772316298,0.30677794957176346,0.5130598758309635,0.21356790596544412,0.15289779429244485,0.9761892416630763,0.08006710203786183,0.0008364887374405809
history_h4,1.5,30,fa0685f95bef9b5d,0.0,0.33480156763167634,0.3799654409905444,0.6688205198215655,0.30496756993173973,0.13053610478417396,1.0344873267940071,nan,nan
history_h16,1.5,30,fa0685f95bef9b5d,0.0,0.3213669786060132,0.33609473236858434,0.5805440291802046,0.28642147729273804,0.13305867340577596,1.0333452779569516,nan,nan
history_h16_chunk4,1.5,30,fa0685f95bef9b5d,0.0,0.4154749663372495,0.47032100376395486,0.7951652403662433,0.4483820175666516,0.1636008598957553,1.1042230977840173,nan,nan
oracle,1.5,31,8a77e04fba5cf2c7,1.0,0.2988629904488646,0.3372297045958193,0.05701415895764672,0.0,0.09401259187014953,1.028926099797685,0.0,nan
open_loop,1.5,31,8a77e04fba5cf2c7,0.0,6.860501492866262,6.17154420782313,0.7552945432023996,2.206073716874125,0.041791755495131595,0.3118955748479026,4.986585429632829,0.0
pred_error_w8,1.5,31,8a77e04fba5cf2c7,1.0,0.2766543581720675,0.2743412238373286,0.22810701515114395,0.3692063710730495,0.1366675809922779,1.0458568022913592,0.07482242995526882,7.559277990144733e-05
history_h4,1.5,31,8a77e04fba5cf2c7,1.0,0.30797938664442287,0.30121312695688296,0.23756869110280654,0.4114324004423262,0.11989412628888468,1.0950827728297503,nan,nan
history_h16,1.5,31,8a77e04fba5cf2c7,1.0,0.3042793427471383,0.2893433827142718,0.25481016843734405,0.4372959119171046,0.12225411940873966,1.1118521718661598,nan,nan
history_h16_chunk4,1.5,31,8a77e04fba5cf2c7,1.0,0.4108792913416133,0.41302233337009503,0.33377936721509904,0.5428892889039636,0.1556105719608016,1.176543161240009,nan,nan
oracle,1.5,32,ff8f40acde9b8632,1.0,0.35349109193890593,0.2785887890559975,0.07211533165201267,0.0,0.11806696765460899,1.0318694253952345,0.0,nan
open_loop,1.5,32,ff8f40acde9b8632,0.0,2.958228474367518,3.398022375854797,6.440607111414343,2.4420995531199567,0.08094877908959326,0.5686062249623964,2.4352958420473447,0.0
pred_error_w8,1.5,32,ff8f40acde9b8632,1.0,0.3920729675452097,0.3582364570169012,0.09763010725963994,0.2391551557469453,0.15762621132135868,1.0570136781999806,0.08266195620248673,0.0024937301202280072
history_h4,1.5,32,ff8f40acde9b8632,1.0,0.4195027470363121,0.3151930004169348,0.01837801707643738,0.3258012278639581,0.15036381789776998,1.1320985627313234,nan,nan
history_h16,1.5,32,ff8f40acde9b8632,1.0,0.38558182507289307,0.27652331600915725,0.046454959651963,0.23091795777513843,0.13896902178569517,1.0929598848399773,nan,nan
history_h16_chunk4,1.5,32,ff8f40acde9b8632,1.0,0.5230559224120471,0.3882313176004547,0.13446026774910091,0.44717186963319316,0.1731995056537314,1.1734111785250272,nan,nan
oracle,1.5,33,49aeebdaddef73eb,0.0,0.3785565397752359,0.34160504156851274,0.7910627242009376,0.0,0.11084417823845244,1.2070847489833076,0.0,nan
open_loop,1.5,33,49aeebdaddef73eb,0.0,18.367906941434462,30.72145947257718,36.10075910283106,3.0789657023196213,0.0714676704852354,0.5009483724278556,6.633727606445681,0.0
pred_error_w8,1.5,33,49aeebdaddef73eb,0.0,0.4729935865843195,0.5416490827697916,0.825427130491045,0.4116100128114121,0.1432658987153212,1.2024165501102373,0.13716069680517193,0.016202818724944758
history_h4,1.5,33,49aeebdaddef73eb,0.0,0.4618984063198837,0.44032583495134686,0.860714748690329,0.346346807744547,0.15815762634949468,1.345648082261916,nan,nan
history_h16,1.5,33,49aeebdaddef73eb,0.0,0.4454001617219256,0.40478735813081745,0.8290232617820052,0.35510402449276735,0.16461725473756167,1.3757541653163752,nan,nan
history_h16_chunk4,1.5,33,49aeebdaddef73eb,0.0,0.539801156446194,0.5063836401903297,1.1102821802945062,0.5288202198135583,0.19507669508206057,1.3548739939079142,nan,nan
oracle,1.5,34,876c192666b87834,1.0,0.32443450110781125,0.29951150845044344,0.2086651542374729,0.0,0.1113534438022223,1.0680609323855728,0.0,nan
open_loop,1.5,34,876c192666b87834,0.0,7.615391049644334,14.08181200141431,19.079999418089773,2.1854446720846195,0.044775715580457495,0.261621501567831,5.535215628790281,0.0
pred_error_w8,1.5,34,876c192666b87834,1.0,0.3254886555800248,0.3294062906854146,0.4298614422045568,0.3336381517979785,0.16338782388001566,1.1482609263919863,0.08551301642548387,7.169541388542578e-05
history_h4,1.5,34,876c192666b87834,1.0,0.3541928836720834,0.3871142011175081,0.4597783485910105,0.470243737529136,0.15957440868398773,1.2699269137160414,nan,nan
history_h16,1.5,34,876c192666b87834,1.0,0.3264517511805725,0.3638169602539642,0.40732546123212043,0.4848045510039847,0.1621652537523225,1.2648769184706372,nan,nan
history_h16_chunk4,1.5,34,876c192666b87834,0.0,0.44254091211648355,0.49612454326104416,0.5770417399542473,0.5736514198051214,0.1957786138610288,1.3666089143288394,nan,nan
oracle,1.5,35,dd2bf794575de4b5,1.0,0.34680158167074093,0.36157826957417544,0.18004262845726515,0.0,0.09229342934175558,1.1137132319497762,0.0,nan
open_loop,1.5,35,dd2bf794575de4b5,0.0,19.3183757043465,32.73830070804667,41.62896623556454,2.709110645125972,0.005795118110875343,0.09535542230274303,7.179319107817718,0.0
pred_error_w8,1.5,35,dd2bf794575de4b5,0.0,0.564716740203995,0.7095993266081387,0.36907091054818153,0.462191554263404,0.12366589194095225,1.1131583730084116,0.5403202008472695,0.26809434081479183
history_h4,1.5,35,dd2bf794575de4b5,1.0,0.39931714604742824,0.41558907084180546,0.2945846937808696,0.27695937225639905,0.1228918928946914,1.1784051190763365,nan,nan
history_h16,1.5,35,dd2bf794575de4b5,1.0,0.3668262641062202,0.384614778298518,0.2869837991297821,0.28466367833985345,0.1293617616263281,1.2052940008991446,nan,nan
history_h16_chunk4,1.5,35,dd2bf794575de4b5,0.0,0.47117886466912323,0.4275680318250074,0.29264251813978603,0.4309790806980628,0.16091955290560808,1.2463244059452667,nan,nan
oracle,1.5,36,b6cc1575b5442cb3,1.0,0.35918864345692825,0.20927625491810534,0.1135651576046488,0.0,0.11825326353961339,1.0476250155320894,0.0,nan
open_loop,1.5,36,b6cc1575b5442cb3,0.0,4.516509744241669,6.776812190583728,9.576805996702785,2.4375806185383926,0.024937608297538043,0.14338297995808066,1.7840914739431926,0.0
pred_error_w8,1.5,36,b6cc1575b5442cb3,1.0,0.3867696074141423,0.2537556327586072,0.17320025386223392,0.19883867730734758,0.16827553399659037,1.0965022913518923,0.08197216864073922,0.0021105948257496366
history_h4,1.5,36,b6cc1575b5442cb3,1.0,0.3220220452701835,0.26985846467027863,0.1629050793856539,0.3347677621978602,0.13508270525256405,1.1123158354924183,nan,nan
history_h16,1.5,36,b6cc1575b5442cb3,1.0,0.31423917921308936,0.22906953541840477,0.18267000095358732,0.3271207242196928,0.13681235481855133,1.123275595019422,nan,nan
history_h16_chunk4,1.5,36,b6cc1575b5442cb3,1.0,0.4363353165950062,0.32587132610162634,0.19386645600800634,0.4457774055120747,0.16483964942684196,1.1894214133306331,nan,nan
oracle,1.5,37,af259a46b076c28a,1.0,0.25675586776154435,0.13548270519568534,0.01457360281557385,0.0,0.07239870417168254,0.8561090133656796,0.0,nan
open_loop,1.5,37,af259a46b076c28a,0.0,14.832002078099684,25.10920592494275,29.563623577774003,2.497171855921555,0.03327758724264446,0.24117093294672368,5.823985925810619,0.0
pred_error_w8,1.5,37,af259a46b076c28a,1.0,0.48985284836574133,0.3285055718440528,0.25488266755897904,0.6172311399282667,0.20368028220893133,1.0010392458778279,0.12180425239583585,0.0001573926079834317
history_h4,1.5,37,af259a46b076c28a,1.0,0.4461270325939951,0.3488294362274141,0.2517237520822704,0.5927578691117041,0.14919028159351833,1.0183854799352503,nan,nan
history_h16,1.5,37,af259a46b076c28a,1.0,0.44099503241551097,0.36864481493781553,0.28519742633141654,0.6846216975009072,0.15629623225183883,1.0665277280382142,nan,nan
history_h16_chunk4,1.5,37,af259a46b076c28a,1.0,0.5172074624628767,0.35754496051287665,0.2677505767338868,0.760667219245523,0.18323875398589282,1.1279534124485657,nan,nan
oracle,1.5,38,2fd94cb042208251,0.0,0.5077677093440631,0.67798477138913,0.5504188064981799,0.0,0.10993714309820184,1.1809784399024492,0.0,nan
open_loop,1.5,38,2fd94cb042208251,0.0,5.678388354850261,10.71145356684308,17.08660678999554,1.986048430226297,0.016446366827301977,0.1185245800930451,2.7856943974191424,0.0
pred_error_w8,1.5,38,2fd94cb042208251,0.0,0.5399458624989368,0.7418252680321197,0.7126297846111811,0.2599187730099538,0.15027056969748612,1.16669468129881,0.07660681598723489,8.126964574587349e-05
history_h4,1.5,38,2fd94cb042208251,0.0,0.4156615118303125,0.4954077383816293,0.6627436366788482,0.4288338494016268,0.13067863028808868,1.2279226577003475,nan,nan
history_h16,1.5,38,2fd94cb042208251,0.0,0.38613186610483524,0.47283561573355143,0.6222895519663183,0.4457220727211263,0.1398711700434711,1.2235570751232145,nan,nan
history_h16_chunk4,1.5,38,2fd94cb042208251,0.0,0.4778842012535423,0.5511068809313718,0.695014379622485,0.5408895230448859,0.16378770810080043,1.2804257715077885,nan,nan
oracle,1.5,39,4b362b13dd1c8696,0.0,0.42585541657310855,0.4882520373643326,0.23321931929930884,0.0,0.1309070907202041,1.179349507596771,0.0,nan
open_loop,1.5,39,4b362b13dd1c8696,0.0,8.19642344433684,12.68775489641911,10.877904353676184,2.18950732571141,0.060067260651048546,0.41779898025269935,2.960629990725211,0.0
pred_error_w8,1.5,39,4b362b13dd1c8696,0.0,0.4581054029365972,0.5382006140489495,0.19758538347953092,0.1632972252726735,0.16149665783268294,1.220658365198905,0.0760726205571382,0.0003563878430178504
history_h4,1.5,39,4b362b13dd1c8696,0.0,0.47378931345336167,0.5785635884774512,0.0018356359669819966,0.38660645949666095,0.18272678442676452,1.3800562032643584,nan,nan
history_h16,1.5,39,4b362b13dd1c8696,0.0,0.43834408267171066,0.4691981415451338,0.04252448254191954,0.357455325009408,0.17910733399048243,1.3600703342825602,nan,nan
history_h16_chunk4,1.5,39,4b362b13dd1c8696,0.0,0.5828565914498861,0.7072920197795798,0.005389856139728977,0.5293683717083469,0.20675258374971608,1.4728177034242573,nan,nan
oracle,1.5,40,9617313ea46fca63,1.0,0.3799412188007808,0.26667390650659445,0.29643562677689417,0.0,0.13254188725131807,1.1281895361989855,0.0,nan
open_loop,1.5,40,9617313ea46fca63,0.0,7.211861729629523,12.23398370681173,14.51336640653637,2.482784424325156,0.08019687307379843,0.5626117929082005,3.141154029473498,0.0
pred_error_w8,1.5,40,9617313ea46fca63,0.0,0.45499849931570857,0.37785964117206683,0.6305735218030026,0.6258356961014785,0.17272857421931517,1.2119051248792159,0.13333909125877852,0.014351284618938965
history_h4,1.5,40,9617313ea46fca63,0.0,0.4966681721827349,0.47051293105698583,0.7493702013839165,0.7674847714489677,0.18807072479051265,1.3029337434653607,nan,nan
history_h16,1.5,40,9617313ea46fca63,0.0,0.4567000632300872,0.3870822787325462,0.628502772486291,0.7441072390979742,0.17404129885413866,1.251048323580469,nan,nan
history_h16_chunk4,1.5,40,9617313ea46fca63,0.0,0.583579122273196,0.5085003460506237,0.8608490598551697,0.832759077283149,0.20493715867768078,1.3063926265166652,nan,nan
oracle,1.5,41,6b4ac37eb41e156c,1.0,0.4063537971910517,0.30818775339773713,0.4555637006601998,0.0,0.12587941805436836,1.1406357456584388,0.0,nan
open_loop,1.5,41,6b4ac37eb41e156c,0.0,5.6426254729019405,9.722790279359002,8.077104800234272,1.9913787262555922,0.06133351568727383,0.4321227084891245,2.196957930231483,0.0
pred_error_w8,1.5,41,6b4ac37eb41e156c,0.0,0.4675370653393226,0.5547026882019057,0.6204631773908886,0.3715069543898376,0.15672077622671884,1.1119747322987548,0.10764856610848585,0.005124087211970937
history_h4,1.5,41,6b4ac37eb41e156c,0.0,0.48341645226959506,0.5834379832566406,0.68983176401448,0.4661215932025943,0.156994051755586,1.2145109072927167,nan,nan
history_h16,1.5,41,6b4ac37eb41e156c,0.0,0.4512301439195501,0.5335477443961262,0.6249891248979296,0.447284859822881,0.15752327750195233,1.2048404792516718,nan,nan
history_h16_chunk4,1.5,41,6b4ac37eb41e156c,0.0,0.5817303182664632,0.7246492748854357,0.7532121561585363,0.5669218355692596,0.18335451606629427,1.2431396326598172,nan,nan
oracle,1.5,42,22ed4c516e6232ea,1.0,0.3362206187469075,0.2683057015311077,0.06785575212023431,0.0,0.12472814941829993,1.0914847766401672,0.0,nan
open_loop,1.5,42,22ed4c516e6232ea,0.0,14.330236748551085,23.95354066826814,29.16767851901928,3.1054112020923967,0.05678075826646878,0.3210536872895307,5.965414043428621,0.0
pred_error_w8,1.5,42,22ed4c516e6232ea,1.0,0.3276840640282872,0.2690427199835381,0.27532814484893464,0.7041820988703578,0.19106710176219874,1.116858414276953,0.10439619331907012,0.0001594954185021778
history_h4,1.5,42,22ed4c516e6232ea,1.0,0.3356159850834106,0.3122200970871124,0.2343982447162194,0.6917548722610808,0.1584837945107314,1.1401977835372632,nan,nan
history_h16,1.5,42,22ed4c516e6232ea,1.0,0.3108743059450381,0.2784212744628812,0.2315347070999163,0.6962337283584418,0.15298902349111582,1.1402081872344614,nan,nan
history_h16_chunk4,1.5,42,22ed4c516e6232ea,1.0,0.3823359903611687,0.36316608229065417,0.31600411526894057,0.657690977216114,0.15451942345119382,1.1557051655128696,nan,nan
oracle,1.5,43,330d087326cfe117,1.0,0.3321391607372406,0.31212164910935863,0.14426634522166992,0.0,0.113720462863215,0.9942669410992123,0.0,nan
open_loop,1.5,43,330d087326cfe117,0.0,11.013401406727093,17.214576017346445,18.429371731280057,2.986027922828478,0.05358665066361687,0.3638921610878085,3.9846627196951987,0.0
pred_error_w8,1.5,43,330d087326cfe117,0.0,0.45339676569112664,0.45414909898238115,0.06694898521260129,0.5131875730158288,0.16476031044504255,1.0174264066527596,0.0944786876125812,0.00039793311287888235
history_h4,1.5,43,330d087326cfe117,1.0,0.45672243833913245,0.38280144137670163,0.05518632936394141,0.6066839498267517,0.15807703758326916,1.1614262572409586,nan,nan
history_h16,1.5,43,330d087326cfe117,1.0,0.4418789758546144,0.3354855068456274,0.027271548049807137,0.6251115897343534,0.15492035683998726,1.159980077202075,nan,nan
history_h16_chunk4,1.5,43,330d087326cfe117,0.0,0.5520385198506886,0.48993218935940824,0.03301774450880757,0.6798104000836774,0.1847220085667706,1.2390252064763299,nan,nan
oracle,1.5,44,41303f1a4ae2e5dd,1.0,0.29332282896069684,0.15975996241594237,0.1597955943561793,0.0,0.08917709384751096,0.9486058574187661,0.0,nan
open_loop,1.5,44,41303f1a4ae2e5dd,0.0,11.747734918080816,19.38736868666028,22.803085394975696,3.0757699241667154,0.02114239825645834,0.17538318798901692,5.393622810511071,0.0
pred_error_w8,1.5,44,41303f1a4ae2e5dd,0.0,1.2026568460033789,1.918142536837296,0.2880868203579574,0.8975001262560641,0.11182237166583182,0.8609655407581779,0.5526660698017006,0.30572064509806834
history_h4,1.5,44,41303f1a4ae2e5dd,1.0,0.4137637482765623,0.3096126067216645,0.045095684082909315,0.6112238296414375,0.13309970553034234,1.0994344028399636,nan,nan
history_h16,1.5,44,41303f1a4ae2e5dd,1.0,0.3826333836628158,0.3134607583552873,0.0738661910377516,0.6169046556489788,0.1275208083814574,1.093824351434876,nan,nan
history_h16_chunk4,1.5,44,41303f1a4ae2e5dd,1.0,0.5208331442793729,0.4182619808198314,0.04652492413418585,0.7716612419286926,0.16225727634629852,1.1855117611009804,nan,nan
oracle,1.5,45,cdf77b79d8d0dc26,0.0,0.5357492724670952,0.7167017909642769,0.6640117644222272,0.0,0.15262279273180424,1.4406303803813805,0.0,nan
open_loop,1.5,45,cdf77b79d8d0dc26,0.0,4.288252373310678,7.914957732744558,13.947133120440437,2.360297591938988,0.05844339426946793,0.41937822587703083,3.2280105562113777,0.0
pred_error_w8,1.5,45,cdf77b79d8d0dc26,0.0,0.6838288920864553,1.001337384875916,1.4280727740107082,0.25246383930094424,0.18353318497596416,1.4541525737507153,0.2985676239930319,0.06644537770561443
history_h4,1.5,45,cdf77b79d8d0dc26,0.0,0.5507817688289989,0.6910102140786805,0.5141124399508001,0.42318942772416185,0.19572651179600614,1.5683218422387044,nan,nan
history_h16,1.5,45,cdf77b79d8d0dc26,0.0,0.5071269607411062,0.6226340323919172,0.5250546000360483,0.39595744418318524,0.1916430418390728,1.526831653056367,nan,nan
history_h16_chunk4,1.5,45,cdf77b79d8d0dc26,0.0,0.6605165180917483,0.8455009625214729,0.6433002262834115,0.5492219482949473,0.22627769802723804,1.6211456926346342,nan,nan
oracle,1.5,46,1ea0b33e9c884885,1.0,0.2655815713567723,0.20603300414873824,0.04996751663039589,0.0,0.10762207273627271,0.894867430949143,0.0,nan
open_loop,1.5,46,1ea0b33e9c884885,0.0,10.790720865137317,18.9013165169198,24.503486372000115,2.396435542649911,0.03128502977173741,0.2226249324630012,4.972778818324272,0.0
pred_error_w8,1.5,46,1ea0b33e9c884885,0.0,0.48492125969402583,0.5519888367244074,0.157680167983564,0.4774209329893069,0.16489189140402818,1.0087734740969432,0.4501133796364657,0.1881056974793012
history_h4,1.5,46,1ea0b33e9c884885,1.0,0.3640902390617709,0.2809798874964921,0.06639856412221334,0.3226066835130249,0.13278018377231987,0.9947820432928133,nan,nan
history_h16,1.5,46,1ea0b33e9c884885,1.0,0.3201810031889129,0.22079073227484294,0.06660447547449166,0.30103875100175104,0.13447429984407294,1.0099295587330739,nan,nan
history_h16_chunk4,1.5,46,1ea0b33e9c884885,1.0,0.4471756435169248,0.2974835140954376,0.03441121367765021,0.521528906974659,0.17636751035606849,1.135536586833469,nan,nan
oracle,1.5,47,492e9636ce9db8c5,1.0,0.14649312901408537,0.16681028659464345,0.042257215039815055,0.0,0.1073798179090103,0.6011984477850633,0.0,nan
open_loop,1.5,47,492e9636ce9db8c5,0.0,1.1148304328184173,1.1326782791199264,1.7212693589194457,1.856473372550566,0.03137468841537326,0.1758984051506994,1.78038193762433,0.0
pred_error_w8,1.5,47,492e9636ce9db8c5,1.0,0.16662584282659854,0.21373788642869623,0.18418138332151912,0.21808909593127956,0.164968860392671,0.6533935032041565,0.07519760313790505,8.998276426462199e-05
history_h4,1.5,47,492e9636ce9db8c5,1.0,0.21671958967821311,0.3082246976755197,0.21387168708270954,0.3145563021372772,0.12160444409937785,0.6849038660035394,nan,nan
history_h16,1.5,47,492e9636ce9db8c5,1.0,0.19805185157289393,0.26485252467743664,0.20608116133219712,0.30389111098383503,0.13171017140540653,0.7423720225032054,nan,nan
history_h16_chunk4,1.5,47,492e9636ce9db8c5,1.0,0.2636353573314567,0.39757862209477,0.34327389665748065,0.4516616925400055,0.14470660816124487,0.7785380918732931,nan,nan
oracle,1.5,48,a0482240689403c5,1.0,0.35065926174889583,0.2883315572387484,0.21590296849995827,0.0,0.13881269126221057,0.9873217740556819,0.0,nan
open_loop,1.5,48,a0482240689403c5,0.0,7.677281487626182,11.93491927073819,11.367205751561357,2.714580756855049,0.062048455519361556,0.46176924968873856,3.174662374162001,0.0
pred_error_w8,1.5,48,a0482240689403c5,1.0,0.34344702404802596,0.2864640229288178,0.20887226339798204,0.14013573622314016,0.1760969156792474,0.9894770473797857,0.051957914689274874,4.7472784167912864e-05
history_h4,1.5,48,a0482240689403c5,1.0,0.3827398390150857,0.3314310725744719,0.21988334593537928,0.3178369246370978,0.18366489180919773,1.1627830309077953,nan,nan
history_h16,1.5,48,a0482240689403c5,1.0,0.35421448342906325,0.27760130214634393,0.13129452627178573,0.2950588760805623,0.1826827284946396,1.1178423856426376,nan,nan
history_h16_chunk4,1.5,48,a0482240689403c5,1.0,0.4361738106348705,0.387924699946809,0.32410905620451214,0.3927519358678161,0.19234939173803117,1.102251268052946,nan,nan
oracle,1.5,49,74aed6721c12c1d2,0.0,0.6290641955767365,0.45641946870741773,0.13684122339230775,0.0,0.1475977877520678,1.393791657569726,0.0,nan
open_loop,1.5,49,74aed6721c12c1d2,0.0,2.5002695815862293,3.2000062024370672,0.19121600729014343,2.1146195680756246,0.03298522311351604,0.25620773000973135,3.121833367376411,0.0
pred_error_w8,1.5,49,74aed6721c12c1d2,0.0,0.790933764281965,0.8009795013794627,0.03523970403279009,0.26110404100578244,0.1836216507334494,1.431384486999831,0.10065332492736898,0.001661204959978141
history_h4,1.5,49,74aed6721c12c1d2,1.0,0.4829573925257724,0.4194612001981151,0.09700057741739965,0.5702101298262541,0.16008996646797918,1.4311715710605195,nan,nan
history_h16,1.5,49,74aed6721c12c1d2,1.0,0.450482652872781,0.3985641845032758,0.13328953722757486,0.5385589609784713,0.148879291482665,1.3862393883629183,nan,nan
history_h16_chunk4,1.5,49,74aed6721c12c1d2,0.0,0.6358190268510485,0.5509914257679973,0.16314374848877833,0.6479357752300569,0.1841816625484274,1.4754678790641371,nan,nan
oracle,1.5,50,1a5936a2b723def5,1.0,0.258194571993936,0.21841689510900933,0.17260478333095852,0.0,0.08023541517921126,0.8531361493931704,0.0,nan
open_loop,1.5,50,1a5936a2b723def5,0.0,7.211773577722472,5.337322711735607,2.478285189980017,2.404106498056882,0.04639441084450408,0.2724600932570413,2.7167556524350576,0.0
pred_error_w8,1.5,50,1a5936a2b723def5,1.0,0.3397233802671628,0.27208740201028,0.3566961213472011,0.37545736529590046,0.1528418344847779,0.8540343923620345,0.0786455586889689,9.985848953587521e-05
history_h4,1.5,50,1a5936a2b723def5,1.0,0.3607756490753653,0.2711924927674838,0.3790602748971956,0.42051355346077307,0.0943402576020009,0.8539506443547492,nan,nan
history_h16,1.5,50,1a5936a2b723def5,1.0,0.35001086772903167,0.25890419844702156,0.3606990184049641,0.39500227262713267,0.09126315987035029,0.8600473285111387,nan,nan
history_h16_chunk4,1.5,50,1a5936a2b723def5,1.0,0.4539653765201552,0.29554546082413585,0.3222431499980347,0.605551609984814,0.12138914710343325,0.8740316022876455,nan,nan
oracle,1.5,51,b9a133ad19693a30,1.0,0.16418964628640512,0.1341780889335902,0.031594193200553455,0.0,0.09591130303928334,0.654481656903867,0.0,nan
open_loop,1.5,51,b9a133ad19693a30,0.0,1.5994677613119217,0.5138844071206853,0.175330124532719,1.9525758033541214,0.028261760454732485,0.15790083546120579,2.081992409753484,0.0
pred_error_w8,1.5,51,b9a133ad19693a30,1.0,0.2425655668448959,0.2869617454092598,0.10321680152116386,0.5174070906962592,0.1516436928249167,0.6720604406437048,0.08485486640234481,5.644092108536937e-05
history_h4,1.5,51,b9a133ad19693a30,1.0,0.2404133003955079,0.25957906902878214,0.0009444969869525366,0.46527949066202734,0.10055203159361578,0.6530322577477484,nan,nan
history_h16,1.5,51,b9a133ad19693a30,1.0,0.25389236217282823,0.3035743569159293,0.07260378943896217,0.5427471286245479,0.09455871716265535,0.642143001982729,nan,nan
history_h16_chunk4,1.5,51,b9a133ad19693a30,1.0,0.2744123776983373,0.3083505925383083,0.018334665146703344,0.5392164782915791,0.09239870426923125,0.6253091498088263,nan,nan
oracle,1.5,52,92192972b7aadffa,1.0,0.3170342421298479,0.3261250306643423,0.11639558395717842,0.0,0.0865192666870258,0.8604616618088982,0.0,nan
open_loop,1.5,52,92192972b7aadffa,0.0,7.322754533823792,10.224799217907195,13.092604558656891,2.9072556996637813,0.05943255745764256,0.4269625255246849,2.7210672338798196,0.0
pred_error_w8,1.5,52,92192972b7aadffa,1.0,0.33705163177073894,0.36771208700151553,0.06814612867488101,0.15667401241896645,0.13569490230933495,0.884673374246329,0.05649735200402174,4.94038116206702e-05
history_h4,1.5,52,92192972b7aadffa,1.0,0.35762936194880235,0.41472421168216855,0.020297568103371688,0.3004597527789068,0.12125753784306371,0.9514039478907393,nan,nan
history_h16,1.5,52,92192972b7aadffa,1.0,0.34071444209234203,0.37746081062265424,0.08191259271066365,0.2576755679513399,0.10830032435575572,0.9226440493368616,nan,nan
history_h16_chunk4,1.5,52,92192972b7aadffa,0.0,0.45061624427533625,0.49331865256807905,0.003695908048943153,0.4238739525681488,0.1399910256242435,0.9891658292235799,nan,nan
oracle,1.5,53,5bd100169c7a3f51,1.0,0.3326344814107473,0.19336801494889252,0.10926165424806555,0.0,0.11647496224249648,1.035452788841926,0.0,nan
open_loop,1.5,53,5bd100169c7a3f51,0.0,8.27532074265387,14.021800594710227,16.159577785757584,2.486323903128786,0.012620870086376492,0.1050258625363403,4.839565490358998,0.0
pred_error_w8,1.5,53,5bd100169c7a3f51,0.0,0.5882627715500403,0.5452973916350998,0.12303225065156198,0.3238813868509427,0.1875648778955135,1.2830183150187957,0.29718085208886413,0.08617900843980555
history_h4,1.5,53,5bd100169c7a3f51,1.0,0.3609992933091833,0.26389534673297343,0.09569799492413367,0.4757160748151438,0.1522464540573587,1.175030427279825,nan,nan
history_h16,1.5,53,5bd100169c7a3f51,1.0,0.31004514782606846,0.2242066916352698,0.07580762132449692,0.4741683495949552,0.15021863934596874,1.1316353581461902,nan,nan
history_h16_chunk4,1.5,53,5bd100169c7a3f51,1.0,0.4304220015240373,0.3404408823858635,0.025991799230805412,0.6019771936224478,0.18379131462202639,1.2615804219060467,nan,nan
oracle,1.5,54,43c8c78190afcee8,1.0,0.3545761760025509,0.27826916202438506,0.20787103306216537,0.0,0.16219422920231336,1.0242856398842661,0.0,nan
open_loop,1.5,54,43c8c78190afcee8,0.0,3.0341259406560086,5.695777208922534,8.493587293402044,1.9190917131190166,0.09823043849520476,0.6391676110791106,5.46623118625217,0.0
pred_error_w8,1.5,54,43c8c78190afcee8,1.0,0.37675689903722137,0.3537039239279421,0.5286331048505906,0.32256402352610547,0.19548483763891006,1.080107823321157,0.08680774667574294,9.95433965968761e-05
history_h4,1.5,54,43c8c78190afcee8,1.0,0.37744538854564935,0.33998463913578425,0.575867443415218,0.4126667732662327,0.1741498183028698,1.051897866863732,nan,nan
history_h16,1.5,54,43c8c78190afcee8,1.0,0.3753433583837806,0.3713311514437135,0.5576707873189788,0.44252435180530747,0.18957778218352586,1.1205737676874776,nan,nan
history_h16_chunk4,1.5,54,43c8c78190afcee8,0.0,0.4489242602728341,0.5210827827191347,0.8073831659301911,0.5955989092287395,0.19480517477799303,1.102133954016197,nan,nan
oracle,1.5,55,f0f4e9c7f0babefa,1.0,0.42754944724074867,0.17734545044389857,0.05596254067061501,0.0,0.12688909834687376,1.031839264540423,0.0,nan
open_loop,1.5,55,f0f4e9c7f0babefa,0.0,5.558720609723782,5.0288694823910705,3.362111354544627,2.426959987200894,0.06051031949899129,0.4233580232367945,4.584809217171762,0.0
pred_error_w8,1.5,55,f0f4e9c7f0babefa,1.0,0.5608764257468302,0.2224089375199502,0.26723385890119644,0.41678007049983795,0.17962690674246184,1.1122046178290825,0.11934375168294584,8.619260276408472e-05
history_h4,1.5,55,f0f4e9c7f0babefa,1.0,0.5234335022222156,0.3295638999143178,0.2521337682900011,0.5777198749245083,0.20282583180728603,1.4139045607926373,nan,nan
history_h16,1.5,55,f0f4e9c7f0babefa,1.0,0.47279332269131036,0.2974195674719234,0.280150575187319,0.5333735516518592,0.20090220484393112,1.3614663715481663,nan,nan
history_h16_chunk4,1.5,55,f0f4e9c7f0babefa,1.0,0.6013707319823391,0.35507259838098487,0.1904535818003339,0.6721539172015308,0.22415868631037847,1.419880368569617,nan,nan
oracle,1.5,56,d030b6f4c0e9a214,1.0,0.32139287203981926,0.1663972547334383,0.06400626725271175,0.0,0.09998843309985316,0.9148666764392814,0.0,nan
open_loop,1.5,56,d030b6f4c0e9a214,0.0,11.284798396214157,13.504175130236206,13.760924455386327,2.5856349452690073,0.08634514841210508,0.556857922226908,4.485542094396437,0.0
pred_error_w8,1.5,56,d030b6f4c0e9a214,1.0,0.3477096975457749,0.18099051892799084,0.11041536672162966,0.27650157624944877,0.17242873888239268,0.9440467260238856,0.06833832422991121,6.765324624649727e-05
history_h4,1.5,56,d030b6f4c0e9a214,1.0,0.35084696617304917,0.19705379058823513,0.07850469440979424,0.28135012352674665,0.1415983628256927,0.9733457182685933,nan,nan
history_h16,1.5,56,d030b6f4c0e9a214,1.0,0.3531430636764223,0.1811102264356748,0.14894813891799763,0.34010543067573895,0.14494604520186175,0.99872385429271,nan,nan
history_h16_chunk4,1.5,56,d030b6f4c0e9a214,1.0,0.45940850605812134,0.2830665397852398,0.19317239004056774,0.5108939210865745,0.15996525264343836,1.0214626319389077,nan,nan
oracle,1.5,57,4b73b7358184f7c0,1.0,0.2832425881805457,0.15269369281985948,0.20685667402342744,0.0,0.09277006622469276,0.9309970956148468,0.0,nan
open_loop,1.5,57,4b73b7358184f7c0,0.0,14.203789397539325,24.106538706087154,28.393807818856498,2.7543029538711847,0.04914585877105391,0.27552229751666024,6.3536887450452975,0.0
pred_error_w8,1.5,57,4b73b7358184f7c0,1.0,0.45326647904783696,0.2653312515626661,0.15877707529777751,0.4594437641957546,0.15253863211939145,1.0391626337725348,0.3735152255430838,0.13383818839858497
history_h4,1.5,57,4b73b7358184f7c0,1.0,0.33398150982073954,0.18398181329045335,0.2950781650280554,0.26110107312540165,0.10720708874563706,0.9627266901424159,nan,nan
history_h16,1.5,57,4b73b7358184f7c0,1.0,0.2989754501983896,0.17136516073880975,0.23929670188445584,0.22916323634983057,0.11234500963025734,0.979375627907833,nan,nan
history_h16_chunk4,1.5,57,4b73b7358184f7c0,1.0,0.4135432636587409,0.2405861453859409,0.4012628293772593,0.43893387268577705,0.14061809281588591,1.0425602224704402,nan,nan
oracle,1.5,58,92a7403fb17a1bf3,0.0,0.3804441071188645,0.45608877491775135,0.6435165120492776,0.0,0.14971097499773836,1.2526952034654444,0.0,nan
open_loop,1.5,58,92a7403fb17a1bf3,0.0,3.728714674646524,6.466541754166809,10.680458413980892,2.4154072679360126,0.030494016226816308,0.21735923096152163,4.411932554562359,0.0
pred_error_w8,1.5,58,92a7403fb17a1bf3,0.0,0.8637599925803023,1.4403248988575874,1.0519307650563512,0.8389230979656641,0.19911749190375114,1.368587299562152,0.4618413481765474,0.18791217133820512
history_h4,1.5,58,92a7403fb17a1bf3,0.0,0.6024812240635333,0.8742436021176059,1.2104361306425204,0.6802104151043951,0.18202339310991594,1.429020215717816,nan,nan
history_h16,1.5,58,92a7403fb17a1bf3,0.0,0.5561346615620312,0.7985847747233611,1.1457921771477757,0.6291386371857167,0.1683032659097778,1.368028195753443,nan,nan
history_h16_chunk4,1.5,58,92a7403fb17a1bf3,0.0,0.6657790774898135,0.8771240202216892,1.3407885603795542,0.7216217896035431,0.2107076329540289,1.4775595376285575,nan,nan
oracle,1.5,59,e05c54fa4b777652,1.0,0.40653866557387186,0.17473459499730457,0.04225066232516972,0.0,0.15180133016679312,1.1589121290738216,0.0,nan
open_loop,1.5,59,e05c54fa4b777652,0.0,3.7474124202665973,6.237157723043856,9.995169571374511,2.530847091962897,0.06338340993059693,0.47753123829392985,2.7929952621899115,0.0
pred_error_w8,1.5,59,e05c54fa4b777652,1.0,0.40110786117718045,0.14601877330802326,0.22636136973701904,0.3855596682928483,0.17965050594620224,1.1969267835635582,0.05974857387704642,5.18935041998607e-05
history_h4,1.5,59,e05c54fa4b777652,1.0,0.4323313321492332,0.13143089089915752,0.2781430597305443,0.49123511250915614,0.20330457745784705,1.3637857982889536,nan,nan
history_h16,1.5,59,e05c54fa4b777652,1.0,0.4033115175698992,0.1297606656874441,0.257592544102615,0.48869943386018644,0.19811029564150603,1.339955056443659,nan,nan
history_h16_chunk4,1.5,59,e05c54fa4b777652,1.0,0.4850875654150599,0.17316414343267011,0.325929364610533,0.5230047816264201,0.20972261847037296,1.296985750121823,nan,nan
oracle,1.5,60,f20be73584eb0af3,1.0,0.19906921100756705,0.3100362769591799,0.28667568752851835,0.0,0.0935058120815174,0.7691374889740762,0.0,nan
open_loop,1.5,60,f20be73584eb0af3,0.0,3.0591543663067053,5.735093147788617,10.382820096903924,2.3222976369503288,0.010767019170037587,0.11608138510186422,6.051991265647434,0.0
pred_error_w8,1.5,60,f20be73584eb0af3,0.0,0.49283844826584217,0.8880544680884931,1.1190650931686896,0.640834651188245,0.155473671240678,0.8170762844390235,0.19072189643377088,0.03153424010323892
history_h4,1.5,60,f20be73584eb0af3,0.0,0.34554055578824866,0.5429892262177365,0.3709797705826894,0.43935904249736174,0.11703676715375323,0.8605043305677977,nan,nan
history_h16,1.5,60,f20be73584eb0af3,0.0,0.3201893575894416,0.5010563982938165,0.37187472267293487,0.38570319670065895,0.1256386399243619,0.8826254643684083,nan,nan
history_h16_chunk4,1.5,60,f20be73584eb0af3,0.0,0.3989182918373605,0.6228600696075325,0.363195932391406,0.5386484103165121,0.145729140272763,0.9349593711836499,nan,nan
oracle,1.5,61,103f496d152f3879,1.0,0.35640290671044317,0.2544454416306172,0.14139607630914464,0.0,0.1310673248994383,1.077330973958678,0.0,nan
open_loop,1.5,61,103f496d152f3879,0.0,3.9526123016764707,1.5918523759174275,0.9750789771168233,2.1876739138870542,0.05496409792294984,0.36308851585416657,2.6417081254038846,0.0
pred_error_w8,1.5,61,103f496d152f3879,0.0,0.4550518135442399,0.45669592844199586,0.5928742054199883,0.6074558217707712,0.19943036993813568,1.162140853041582,0.11395152476323218,0.00010008451077676203
history_h4,1.5,61,103f496d152f3879,0.0,0.4722670263892811,0.5032521776714428,0.596950011728087,0.5756050690600764,0.19272748930603156,1.3021831315991097,nan,nan
history_h16,1.5,61,103f496d152f3879,0.0,0.4621493792049783,0.5021282398770788,0.5462474054269739,0.6214647779239297,0.2026372805914292,1.3481325984861352,nan,nan
history_h16_chunk4,1.5,61,103f496d152f3879,0.0,0.584660759794677,0.6515715878863657,0.7943000939071765,0.6909030656368634,0.23513879719970474,1.42963799044605,nan,nan
oracle,1.5,62,bb50d06049435cee,1.0,0.2866811896791354,0.1520858222859704,0.11592802286122161,0.0,0.12225337995152229,0.9304784519490454,0.0,nan
open_loop,1.5,62,bb50d06049435cee,0.0,12.73349733376,20.54905203680914,23.158708924308684,3.14509776333737,0.07098860247855776,0.48055709514891437,4.806278438593591,0.0
pred_error_w8,1.5,62,bb50d06049435cee,0.0,0.36346487155270846,0.4641319531430158,0.4317367721606544,0.6309415580512517,0.17811355002864787,0.953668579886526,0.11058778029115382,7.353231382258063e-05
history_h4,1.5,62,bb50d06049435cee,0.0,0.41614977493149324,0.5149195969535978,0.46437387046715717,0.7078185248785982,0.1514755366482907,0.99401146439308,nan,nan
history_h16,1.5,62,bb50d06049435cee,0.0,0.3823415347850153,0.45591926385674886,0.4252761972486576,0.6297522275643883,0.145927764574299,0.9872598040666224,nan,nan
history_h16_chunk4,1.5,62,bb50d06049435cee,0.0,0.47139488717647077,0.5929691443970699,0.39122004251899156,0.766389358644418,0.15330228299946452,0.9707098796649644,nan,nan
oracle,1.5,63,e7c947111f3b3705,1.0,0.21469590628790405,0.19796389488101962,0.3314884463790353,0.0,0.10230260410769759,0.665024181187854,0.0,nan
open_loop,1.5,63,e7c947111f3b3705,0.0,1.6578278077349173,1.7097030555429393,0.4781871450213293,1.9650775673790408,0.05362413531728673,0.3377073546680587,1.670393601148594,0.0
pred_error_w8,1.5,63,e7c947111f3b3705,1.0,0.21233173924377408,0.18458167428793595,0.31605988695243337,0.15368209623340504,0.15770305285361255,0.6811981091039414,0.07620620329179464,0.0006797308922835759
history_h4,1.5,63,e7c947111f3b3705,1.0,0.25085013249196586,0.24187267417902983,0.40121439626252986,0.23539381016602368,0.12339027321228198,0.7531960792780235,nan,nan
history_h16,1.5,63,e7c947111f3b3705,1.0,0.22583105094719802,0.21437767079243922,0.3363545587962218,0.23318550185381337,0.12215478523689385,0.7605381220818933,nan,nan
history_h16_chunk4,1.5,63,e7c947111f3b3705,1.0,0.26439646418902807,0.28218635200912945,0.4415082335459468,0.39439001868053586,0.13014782978954326,0.72888408529388,nan,nan
oracle,2.0,0,6e7ad229a64ce1ef,1.0,0.37963892187019926,0.1967232471363661,0.3344937346069563,0.0,0.14862710385942207,1.0699570792902502,0.0,nan
open_loop,2.0,0,6e7ad229a64ce1ef,0.0,2.1713257413850835,3.9632643436919337,6.314581411773631,2.2787320251312253,0.05998195743636492,0.40409802953642554,2.2251173992836435,0.0
pred_error_w8,2.0,0,6e7ad229a64ce1ef,1.0,0.4065284495043438,0.3086401536432401,0.13757338564093313,0.4708221658615564,0.17749164147179902,1.0727489239596917,0.09008864557844272,9.832747413417351e-05
history_h4,2.0,0,6e7ad229a64ce1ef,1.0,0.4079765100971961,0.32239679886063666,0.2220362423668436,0.4369575878578037,0.17951922878941726,1.2216802533376347,nan,nan
history_h16,2.0,0,6e7ad229a64ce1ef,1.0,0.3885068988107708,0.296323031074091,0.14534442539230108,0.517246836601502,0.18758153281254245,1.2202922338252935,nan,nan
history_h16_chunk4,2.0,0,6e7ad229a64ce1ef,1.0,0.4750563295265531,0.32304877384756825,0.32501088381189946,0.5247606583878139,0.19545409258535268,1.2177645468658347,nan,nan
oracle,2.0,1,f1269003bfaee76c,0.0,1.1148006198910234,0.7165894252325948,0.2213858193134648,0.0,0.1613390352776827,1.6719315192731843,0.0,nan
open_loop,2.0,1,f1269003bfaee76c,0.0,16.131823686129376,25.987322790388973,27.275073596445008,2.482066376612258,0.03525555685976075,0.19608528340178916,7.607034919036617,0.0
pred_error_w8,2.0,1,f1269003bfaee76c,0.0,2.535780984353169,1.9079606134782896,0.2692050469172038,0.4395687162075606,0.2082957843896394,1.701949553186506,0.8170355386024558,0.6494598745840254
history_h4,2.0,1,f1269003bfaee76c,1.0,0.6348429697141001,0.22174001086523537,0.48471781888310517,0.7477720692883345,0.1585740725084455,1.6473723950882138,nan,nan
history_h16,2.0,1,f1269003bfaee76c,1.0,0.5869024919124625,0.27096680193980044,0.5451347439544314,0.7922872612625359,0.1553091033194115,1.6163132276685668,nan,nan
history_h16_chunk4,2.0,1,f1269003bfaee76c,0.0,0.7899534944275154,0.28711333743749523,0.5834089868226222,0.7403143389928104,0.20369919104616638,1.7151909680028348,nan,nan
oracle,2.0,2,2bd5a7538d7fbf0f,1.0,0.3162351808824351,0.26819197473498557,0.391326516972331,0.0,0.1352515600142326,0.995567644824653,0.0,nan
open_loop,2.0,2,2bd5a7538d7fbf0f,0.0,2.5592379924110373,2.475811336571684,1.5194572238470823,2.0799933410777363,0.07965057376349442,0.5496577391714154,2.5788071909812986,0.0
pred_error_w8,2.0,2,2bd5a7538d7fbf0f,1.0,0.33482773797463766,0.33713708555848415,0.4238054096830961,0.24698801928673517,0.17998077936380222,0.9788064987015785,0.12477621345028253,0.01054891850153193
history_h4,2.0,2,2bd5a7538d7fbf0f,1.0,0.3810964205311269,0.39634687378433553,0.5246174478137906,0.27939919328511614,0.16660906134978123,1.0564565853799988,nan,nan
history_h16,2.0,2,2bd5a7538d7fbf0f,1.0,0.37630121865628496,0.41012234689816,0.4855430818054103,0.2991764192551084,0.17128287059193498,1.0578585015460296,nan,nan
history_h16_chunk4,2.0,2,2bd5a7538d7fbf0f,0.0,0.4649188576434225,0.5679103426538579,0.5916461931741601,0.47899546944819976,0.1844273353292447,1.009002753528258,nan,nan
oracle,2.0,3,88886cdbf4541d66,0.0,0.6503653591918724,1.0954227536446637,0.2066432659627857,0.0,0.12738839527488693,1.3907779979992552,0.0,nan
open_loop,2.0,3,88886cdbf4541d66,0.0,6.0709202046398385,11.36288977536285,18.343038838209075,2.361895951356369,0.059706670128842336,0.43120849098570674,3.3655174172430162,0.0
pred_error_w8,2.0,3,88886cdbf4541d66,0.0,2.65254124094718,4.9770579902382455,6.688582729357032,1.2296862539431606,0.16455748463691539,1.0852513408112634,0.636736763911257,0.37386499050965377
history_h4,2.0,3,88886cdbf4541d66,0.0,0.7243295879758409,1.1084168404976986,0.049594496557347156,0.8778127268511122,0.18790593262904487,1.5824515524179918,nan,nan
history_h16,2.0,3,88886cdbf4541d66,0.0,0.6942620850796599,1.046852081102994,0.027299586868156922,0.861353059213561,0.18143898489845817,1.5519578617603773,nan,nan
history_h16_chunk4,2.0,3,88886cdbf4541d66,0.0,0.9368566866166479,1.4842563672444273,0.2591086596623846,0.9753763206842898,0.22416718585648945,1.61846606781768,nan,nan
oracle,2.0,4,b6703c2ddeabca61,0.0,0.7712865513833793,1.0813309248971883,0.016678401432961287,0.0,0.14697174271556807,1.5907559521136296,0.0,nan
open_loop,2.0,4,b6703c2ddeabca61,0.0,4.020247616771913,4.7427294833220595,2.1173868970362477,2.009163384303551,0.013441959473102252,0.1413874789306145,2.076297819587693,0.0
pred_error_w8,2.0,4,b6703c2ddeabca61,0.0,1.0259869367102228,1.5867739637853355,0.04430286697648178,0.36947707847303574,0.18511361930441864,1.6149860669428489,0.1587734165762734,0.0005578262247711552
history_h4,2.0,4,b6703c2ddeabca61,0.0,0.6504196064002171,0.83933047667594,0.49454382765199245,0.7937904350270472,0.2030559715630046,1.768827769420193,nan,nan
history_h16,2.0,4,b6703c2ddeabca61,0.0,0.6220141747115034,0.806626454712354,0.3762594194050415,0.8003852770595086,0.200579372157537,1.731304529555025,nan,nan
history_h16_chunk4,2.0,4,b6703c2ddeabca61,0.0,0.8666916842012333,1.1269795621911836,0.31753984192481255,0.8942007612385251,0.24759453129020736,1.8733984713763918,nan,nan
oracle,2.0,5,e10a735644d4e2a3,0.0,0.661868957033233,0.30530443779292604,0.8122555472608823,0.0,0.0947359335012607,1.3185710881279302,0.0,nan
open_loop,2.0,5,e10a735644d4e2a3,0.0,16.255257081930743,27.895997369389026,34.36185064938019,2.370341819243377,0.0335796972972926,0.23842891842551306,8.547509645975861,0.0
pred_error_w8,2.0,5,e10a735644d4e2a3,0.0,1.5130374792374166,1.5957863643159582,3.521704816231825,0.8526286273977559,0.19117303769048707,1.567504654368177,1.4059154154088152,1.8986780056161718
history_h4,2.0,5,e10a735644d4e2a3,0.0,0.6692216575680562,0.5596461963966757,1.1419714232746259,0.7365072006609624,0.17268092402525578,1.5161902469255375,nan,nan
history_h16,2.0,5,e10a735644d4e2a3,0.0,0.6202717198140241,0.53402810147486,1.140550074583679,0.6877614659200829,0.1776220063140631,1.540041941439882,nan,nan
history_h16_chunk4,2.0,5,e10a735644d4e2a3,0.0,0.7651949486646917,0.5822607729128029,1.3753536253733856,0.7462638171358545,0.20272522464676246,1.5285512652363435,nan,nan
oracle,2.0,6,b4125917d24bbf42,0.0,1.3615640720572315,2.5686983603199467,2.923354828272128,0.0,0.12034107419893883,1.429594468103753,0.0,nan
open_loop,2.0,6,b4125917d24bbf42,0.0,4.9206313991334465,5.561570725587625,7.158180620051887,2.5169534664665223,0.012692529684870509,0.14693747497070375,8.222857517029828,0.0
pred_error_w8,2.0,6,b4125917d24bbf42,0.0,2.0448950622655886,3.8614600085807034,5.679010805441905,0.47882270467458543,0.16306724580807208,1.3062385521898485,0.6021201829378641,0.31724743510752973
history_h4,2.0,6,b4125917d24bbf42,0.0,0.7737251604817506,1.4401842538281788,0.12087162365243742,0.6884564178464488,0.18581956729444654,1.7259754340061757,nan,nan
history_h16,2.0,6,b4125917d24bbf42,0.0,0.7790896214651539,1.4504238224141137,0.019869067310661848,0.6941463822672648,0.18373024610211153,1.7219410405916593,nan,nan
history_h16_chunk4,2.0,6,b4125917d24bbf42,0.0,1.051509454742286,1.9668839597120926,0.29198233104947136,0.802821310843384,0.21148117023354915,1.7499883199903936,nan,nan
oracle,2.0,7,e582b2b9cfeedd45,1.0,0.28041896802371663,0.2613116906957941,0.43839935473659786,0.0,0.11077504841071809,0.9935280704155997,0.0,nan
open_loop,2.0,7,e582b2b9cfeedd45,0.0,5.478422852250916,3.639407957088589,1.5723636784546446,2.1959883558775166,0.05797932569181708,0.3448285853659659,3.140990548906806,0.0
pred_error_w8,2.0,7,e582b2b9cfeedd45,0.0,0.3404981942504819,0.3538871106937625,0.6131643304977334,0.24421385463106804,0.15677102809314192,1.0466155334960348,0.07748841952354127,0.00040802050156901314
history_h4,2.0,7,e582b2b9cfeedd45,0.0,0.3843755427867568,0.4290197873754147,0.7068713688679331,0.3527306935325548,0.12940848640611277,1.1269478893104006,nan,nan
history_h16,2.0,7,e582b2b9cfeedd45,0.0,0.3404292130402675,0.3886954285470249,0.6459017224968591,0.29368203878001126,0.12399263097834504,1.0705186377874898,nan,nan
history_h16_chunk4,2.0,7,e582b2b9cfeedd45,0.0,0.4448034212957018,0.5272416167995312,0.8897409570158352,0.46613848297874816,0.15238169553576889,1.1504000203578844,nan,nan
oracle,2.0,8,acddec620d77a389,0.0,0.7671416264216206,0.9414510610917705,0.4857074717961751,0.0,0.1166303470254324,1.5429582695796216,0.0,nan
open_loop,2.0,8,acddec620d77a389,0.0,25.223883768935547,43.36096671048626,52.766567582770506,3.071399020203969,0.02787877957298879,0.15325156579654486,9.192414759301252,0.0
pred_error_w8,2.0,8,acddec620d77a389,0.0,1.355342717131544,2.2452393764111354,1.9227615106349667,0.8919369816665442,0.11070247737347337,1.3708562123238681,0.5043916348631854,0.22556646118032908
history_h4,2.0,8,acddec620d77a389,0.0,0.654502784805454,0.6250034400297766,0.9101829706162263,0.7012265998728875,0.16326161098502412,1.6567184036259623,nan,nan
history_h16,2.0,8,acddec620d77a389,0.0,0.6611326145714412,0.6389671148624948,0.8980976285416986,0.6705892036677144,0.165195457681798,1.6683785965141664,nan,nan
history_h16_chunk4,2.0,8,acddec620d77a389,0.0,0.7741041731693808,0.7605304749789119,0.967415278328577,0.7241169216346766,0.18415730316218965,1.6348236522417507,nan,nan
oracle,2.0,9,0279e48a1348c4bb,1.0,0.33543037561218325,0.2899794712187857,0.3459683224659331,0.0,0.13860693642669428,1.1043242377918965,0.0,nan
open_loop,2.0,9,0279e48a1348c4bb,0.0,2.986147873368451,5.553153915129012,10.10837479550576,2.2689538151976696,0.0698966691840604,0.48019784773046476,2.676149487213419,0.0
pred_error_w8,2.0,9,0279e48a1348c4bb,1.0,0.32168806282267276,0.16901074717367154,0.19607730260096345,0.3450375309742167,0.1737291198452389,1.127379700245399,0.16265516554420908,0.011306493144777734
history_h4,2.0,9,0279e48a1348c4bb,1.0,0.36579267392199555,0.1314820478641478,0.15749816505510128,0.578871031459392,0.16773773765771965,1.2165745040699447,nan,nan
history_h16,2.0,9,0279e48a1348c4bb,1.0,0.32748346439520737,0.1135680719154587,0.08388871862984937,0.7259433283123311,0.16061952426557088,1.1674023606925694,nan,nan
history_h16_chunk4,2.0,9,0279e48a1348c4bb,1.0,0.4366532990269609,0.18180105035384964,0.17454773742921947,0.73569351459453,0.2007263360489204,1.2047481558909294,nan,nan
oracle,2.0,10,71eef8f576b8070e,1.0,0.2422448760976948,0.2651078671353127,0.1950051798603063,0.0,0.13022636565192833,0.8983524032295613,0.0,nan
open_loop,2.0,10,71eef8f576b8070e,0.0,4.119221845613774,7.681411357974077,10.728297766265877,2.139340820196555,0.025343101954581344,0.19381798982500756,4.615153337234897,0.0
pred_error_w8,2.0,10,71eef8f576b8070e,0.0,0.45616157692816145,0.5876097189104328,0.9697550213122774,0.807564414313014,0.17334356538030868,0.9333169047849584,0.3721875688774598,0.11726384858246859
history_h4,2.0,10,71eef8f576b8070e,1.0,0.36047776253277947,0.3772431626337505,0.5444295720551047,0.5149481752394661,0.14350700663842766,0.9697074335489108,nan,nan
history_h16,2.0,10,71eef8f576b8070e,1.0,0.31894520797626036,0.34642361920718295,0.4769405818291972,0.5122071313475015,0.1388930774105094,0.9479564385033615,nan,nan
history_h16_chunk4,2.0,10,71eef8f576b8070e,1.0,0.4045409575626608,0.3978968596495151,0.47385916490435775,0.5967207605527416,0.1697889316504011,1.0479718379498209,nan,nan
oracle,2.0,11,19f533a512112068,1.0,0.3088090676402989,0.24210834102138484,0.14919664004675504,0.0,0.13971239831231258,0.9854866746148977,0.0,nan
open_loop,2.0,11,19f533a512112068,0.0,7.571564610177859,9.091803223724483,7.701400243005655,2.46764888929832,0.05734048977533425,0.3770130844628382,5.063584035515943,0.0
pred_error_w8,2.0,11,19f533a512112068,1.0,0.3576712333062892,0.1809810972818867,0.02397783160571265,0.39836187744724677,0.1861369975265016,1.0314712144813194,0.11035824827696185,0.0043743975320172605
history_h4,2.0,11,19f533a512112068,1.0,0.39771697937088296,0.21292497281008754,0.06334319047289938,0.47515131206473976,0.1848751424527034,1.1994376595790779,nan,nan
history_h16,2.0,11,19f533a512112068,1.0,0.3634109297828484,0.21003358930468638,0.013001563546449546,0.500113813797611,0.18908240847871055,1.2153706781681664,nan,nan
history_h16_chunk4,2.0,11,19f533a512112068,1.0,0.46495016085495144,0.24453150913836577,0.040907535431712105,0.6084057832648614,0.2117237034930981,1.2570116755544356,nan,nan
oracle,2.0,12,ca3e363ff35ee3f2,1.0,0.41116260241771174,0.20103363936964852,0.11785592012757284,0.0,0.12256767888060847,1.159831728947763,0.0,nan
open_loop,2.0,12,ca3e363ff35ee3f2,0.0,17.610642566908783,28.310076455192284,32.33145079446817,3.0606554562703376,0.04050861525999234,0.21481862777882016,6.440623503190281,0.0
pred_error_w8,2.0,12,ca3e363ff35ee3f2,1.0,0.6697932140370977,0.39336424053796193,0.10149297024207016,0.5515238379830921,0.174445529638787,1.1731148846137989,0.2728848661659546,0.008893242803415923
history_h4,2.0,12,ca3e363ff35ee3f2,1.0,0.5505983930020731,0.35830890322927145,0.006762652076886866,0.5900400750863601,0.19321364459458024,1.3040797399004596,nan,nan
history_h16,2.0,12,ca3e363ff35ee3f2,1.0,0.5691930950627903,0.41141516104949233,0.07350389141776503,0.6710445334781803,0.1815071461794621,1.3085261206385506,nan,nan
history_h16_chunk4,2.0,12,ca3e363ff35ee3f2,0.0,0.6576782737021264,0.46248019513353,0.03084391650061491,0.6115225580214744,0.20521089609594273,1.3028113992734218,nan,nan
oracle,2.0,13,21688932e1b05f86,0.0,0.5526358695824292,0.8930201250298568,0.05705988372328896,0.0,0.14374256289088555,1.3555620471982894,0.0,nan
open_loop,2.0,13,21688932e1b05f86,0.0,15.254448950122345,24.453293607790698,29.386133650007306,3.1310824863616187,0.035136670168465174,0.19629178914710216,8.554450211036992,0.0
pred_error_w8,2.0,13,21688932e1b05f86,0.0,0.7435556267561212,1.27807687206503,0.062451211807461604,0.4451141026920107,0.17340628991168333,1.3369116621716297,0.13126911186274148,0.0007999778267156882
history_h4,2.0,13,21688932e1b05f86,0.0,0.622489807560685,1.0241404018718088,0.5277830660024847,0.6536698369439194,0.21220643764371397,1.6896147077851371,nan,nan
history_h16,2.0,13,21688932e1b05f86,0.0,0.5987102551992574,0.9742619477507497,0.4369158595865441,0.6893893244537349,0.2137397788368806,1.6928392783663138,nan,nan
history_h16_chunk4,2.0,13,21688932e1b05f86,0.0,0.8235672885208312,1.3759474091650765,0.31512827582896996,0.7782748187957805,0.24807144987932236,1.8033445718771401,nan,nan
oracle,2.0,14,a395238a39e47962,1.0,0.1735514247589254,0.16621034900277512,0.31849962145934185,0.0,0.12449348234954243,0.7340393846769631,0.0,nan
open_loop,2.0,14,a395238a39e47962,0.0,5.550218591639872,9.57940083724253,11.348653245862403,2.7470680171487816,0.03439987186756178,0.2597175236663465,2.9039694656021684,0.0
pred_error_w8,2.0,14,a395238a39e47962,1.0,0.2395589459225941,0.24190165712583234,0.4804198546327907,0.31587166548684276,0.17929620164571863,0.8069746931211178,0.1619916690157626,0.013058996793405577
history_h4,2.0,14,a395238a39e47962,1.0,0.2612143767755815,0.24065819575891262,0.3146847148155736,0.3467105699688462,0.13717666294815078,0.7863112507233743,nan,nan
history_h16,2.0,14,a395238a39e47962,1.0,0.2594473332141344,0.2490502144493622,0.23113985329825404,0.37857315817681914,0.13753923695616943,0.8178644949995793,nan,nan
history_h16_chunk4,2.0,14,a395238a39e47962,1.0,0.3337530584151096,0.3281842400100815,0.30725885899435923,0.4905838481573667,0.16229273529455693,0.8886015214859125,nan,nan
oracle,2.0,15,5d286821ff672202,0.0,0.5573230015820625,0.45611491622905403,0.1065029436267011,0.0,0.15267524884073785,1.5575205359695463,0.0,nan
open_loop,2.0,15,5d286821ff672202,0.0,12.64007902317845,19.443957018721154,21.228767781254607,3.005280288833312,0.03294494131752214,0.2565014491149332,8.421789909313594,0.0
pred_error_w8,2.0,15,5d286821ff672202,0.0,0.9262025753731935,1.164632542177971,0.4295236025814759,0.6188269265313922,0.15732971594519807,1.5421863605655028,0.3214760587887755,0.09936044327024038
history_h4,2.0,15,5d286821ff672202,0.0,0.5279693301087253,0.44894432426569536,0.25881793111786777,0.49039303251409716,0.19897644944823026,1.6748045235634692,nan,nan
history_h16,2.0,15,5d286821ff672202,1.0,0.5156132861423316,0.4112595203070762,0.21671156582496565,0.4782937349037995,0.2080689357730776,1.701061962124094,nan,nan
history_h16_chunk4,2.0,15,5d286821ff672202,0.0,0.6795844564107469,0.6320288778920666,0.32258928385724417,0.6316187320518388,0.24512331538086352,1.7749286235886488,nan,nan
oracle,2.0,16,4f5a9870edb7ba27,1.0,0.4653162361831881,0.1575912031174053,0.2183026388423217,0.0,0.11755916320635061,1.1292156345333806,0.0,nan
open_loop,2.0,16,4f5a9870edb7ba27,0.0,5.615524555950083,10.40209436662851,13.574301326145136,2.232509306765067,0.059337620904959226,0.4054811239323882,3.1592941568739223,0.0
pred_error_w8,2.0,16,4f5a9870edb7ba27,1.0,0.471384416976581,0.1332458941799144,0.21671384657181925,0.1955832956958006,0.15948987730689995,1.1453403468206331,0.07977066924413775,6.695906218697023e-05
history_h4,2.0,16,4f5a9870edb7ba27,1.0,0.4448962425890701,0.248480203546248,0.19587271343320012,0.4074839491503907,0.18334867087271062,1.3623768368972449,nan,nan
history_h16,2.0,16,4f5a9870edb7ba27,1.0,0.4078928293997455,0.22065745053605648,0.19357632650412882,0.38830515090662876,0.1915168301532594,1.3487196086319737,nan,nan
history_h16_chunk4,2.0,16,4f5a9870edb7ba27,1.0,0.5162204228510381,0.30086553263321797,0.23208202438959447,0.5030183293268177,0.20449505231173876,1.3897857367005513,nan,nan
oracle,2.0,17,6cb9e9a1b6b8cb7d,0.0,0.34443334269114995,0.5082930304600314,0.15906920326818508,0.0,0.15504861254790425,1.0971882445067729,0.0,nan
open_loop,2.0,17,6cb9e9a1b6b8cb7d,0.0,1.4975782556262305,2.0907943713546926,2.9534700903829787,1.9544023170688958,0.06661087556494395,0.46559066631466056,5.647411256367728,0.0
pred_error_w8,2.0,17,6cb9e9a1b6b8cb7d,0.0,0.5961819821313141,0.9585658699876308,0.48782192586837425,0.5694733126095852,0.19164345318817372,1.1987737202585125,0.327929630869216,0.101787362707916
history_h4,2.0,17,6cb9e9a1b6b8cb7d,0.0,0.43908531239746385,0.5957616259616021,0.055443376423660595,0.47423467675379455,0.18144015409198494,1.230256486544009,nan,nan
history_h16,2.0,17,6cb9e9a1b6b8cb7d,0.0,0.3941685166848256,0.5456852985987145,0.10497544318018726,0.4286986274543918,0.1855944290075353,1.2202747391288558,nan,nan
history_h16_chunk4,2.0,17,6cb9e9a1b6b8cb7d,0.0,0.4848766713673041,0.6818116545153591,0.07674119017115899,0.5728500008217886,0.21407289627073509,1.2668803805220334,nan,nan
oracle,2.0,18,4815593241f70e39,1.0,0.3430971562713783,0.38299001873229027,0.5477720740507381,0.0,0.10369898897577466,1.132472000666641,0.0,nan
open_loop,2.0,18,4815593241f70e39,0.0,5.374309429068146,6.084741950688677,1.6432374872876458,2.2858110200074484,0.049704700760272016,0.3295979558882371,3.7503669229062107,0.0
pred_error_w8,2.0,18,4815593241f70e39,1.0,0.3334215979461484,0.32509929801285337,0.5046189368202629,0.38106270249753843,0.15614982228437463,1.1668242060933012,0.10172380588452394,0.00014266575319911158
history_h4,2.0,18,4815593241f70e39,1.0,0.3508767561611975,0.3902819376106234,0.5684479345604263,0.491259517992255,0.1392172238909267,1.2329658910628145,nan,nan
history_h16,2.0,18,4815593241f70e39,1.0,0.3632094830557291,0.3917641825045271,0.5485872748478879,0.5092357102961566,0.14450741211368948,1.2706071217133936,nan,nan
history_h16_chunk4,2.0,18,4815593241f70e39,0.0,0.49178660596369095,0.5179183052103981,0.8472074216402099,0.6613910891811423,0.184095685457836,1.3365381053393952,nan,nan
oracle,2.0,19,d1524cb3131aff7a,0.0,0.37578033628687413,0.5085545742627765,0.19756930853969834,0.0,0.15096728765760714,1.2094313820204257,0.0,nan
open_loop,2.0,19,d1524cb3131aff7a,0.0,2.730855826383947,3.608839393062007,2.089324742456917,2.1638831468376853,0.034880999696664694,0.24508419298509942,8.99052297754343,0.0
pred_error_w8,2.0,19,d1524cb3131aff7a,1.0,0.6082363750927352,0.35274475539880956,0.5169098445272624,1.005092883902582,0.1949481604939972,1.1442066536765394,0.39917702813248646,0.12123639110086312
history_h4,2.0,19,d1524cb3131aff7a,0.0,0.5547469334678949,0.390870826771811,0.6068169699238481,0.982437452460523,0.19367604140430938,1.2395739419626588,nan,nan
history_h16,2.0,19,d1524cb3131aff7a,1.0,0.5177477404549558,0.34429468426431165,0.550115096651588,1.0046590268254076,0.19572641862576826,1.248143876566724,nan,nan
history_h16_chunk4,2.0,19,d1524cb3131aff7a,0.0,0.6234795525751282,0.40771776092330764,0.6171141857354563,0.9269963540660539,0.2227930039892562,1.3165860131325757,nan,nan
oracle,2.0,20,834d88d8d6e9b8d5,0.0,1.116769387569512,1.0325464256241759,1.028309865712103,0.0,0.10564632554041795,1.656269942324724,0.0,nan
open_loop,2.0,20,834d88d8d6e9b8d5,0.0,17.942182228876007,32.077683271735474,45.3520149581712,2.7250465657075815,0.006634709124505852,0.08301720042880588,6.596457125858474,0.0
pred_error_w8,2.0,20,834d88d8d6e9b8d5,0.0,1.447739969543768,1.8783103273928414,2.347420466408275,0.31870077452788476,0.14409120391703714,1.592057542306514,0.3735418271957551,0.11413936116459894
history_h4,2.0,20,834d88d8d6e9b8d5,0.0,0.7593995668333315,1.0103190858866922,0.8226783072710901,0.7217528998231397,0.198151323010291,2.038629162723441,nan,nan
history_h16,2.0,20,834d88d8d6e9b8d5,0.0,0.6903983641640403,0.9454436904364287,0.9225780805712489,0.6175343447515866,0.18282409820831944,1.963730718761428,nan,nan
history_h16_chunk4,2.0,20,834d88d8d6e9b8d5,0.0,0.8931867866102515,1.0987945383265916,1.0346719588432336,0.7066323941976971,0.2256691968747344,2.0602456182132003,nan,nan
oracle,2.0,21,01444194cb433790,0.0,0.9474672318547467,1.0653028098671744,0.4088640983855498,0.0,0.13963416940381188,1.7341924716412467,0.0,nan
open_loop,2.0,21,01444194cb433790,0.0,23.89971015339674,41.41650979296037,53.50767011495741,2.5055710749770697,0.06146842220219582,0.43306187431860144,13.413057463523241,0.0
pred_error_w8,2.0,21,01444194cb433790,0.0,2.836145584347157,3.7430517983473037,2.853874442730522,0.5354410463895324,0.10352481443288516,1.6144203842194864,2.566857670229368,6.38121992075399
history_h4,2.0,21,01444194cb433790,0.0,0.7483639514778924,0.8002542385775767,0.8470919198830344,0.6394043705339879,0.18893061092106583,1.9130965714473638,nan,nan
history_h16,2.0,21,01444194cb433790,0.0,0.6691618754681152,0.7057779427719598,0.7820258056460787,0.620023837212752,0.19237393666960204,1.9022884189811986,nan,nan
history_h16_chunk4,2.0,21,01444194cb433790,0.0,0.8363703414587527,0.8774522294398355,0.8457310240915916,0.728781521012234,0.2224178056434115,1.901240405780164,nan,nan
oracle,2.0,22,a0ee37575cf71c07,0.0,0.6726713121262234,0.5063024492396766,0.12898794262188318,0.0,0.17922595726753215,1.6001351951905909,0.0,nan
open_loop,2.0,22,a0ee37575cf71c07,0.0,9.26280890010088,17.081306396818434,21.617112893717895,2.032642214005271,0.07539365442064924,0.5269365534446809,5.094051795782057,0.0
pred_error_w8,2.0,22,a0ee37575cf71c07,0.0,1.5530369377954514,2.1183065629561706,0.7064474368699649,0.39953116785547443,0.22504817976343147,1.7633435856093485,0.49674812474860713,0.24422154094400758
history_h4,2.0,22,a0ee37575cf71c07,1.0,0.5460803401369712,0.3190815281824978,0.29564913392424685,0.4174265602728156,0.20445022798125875,1.6397378002331042,nan,nan
history_h16,2.0,22,a0ee37575cf71c07,1.0,0.4816023784508503,0.2988705465515004,0.2594404484992836,0.4382667395311165,0.2010738331555081,1.5821870245946135,nan,nan
history_h16_chunk4,2.0,22,a0ee37575cf71c07,1.0,0.5979004564508171,0.37552976033542124,0.36799244046467905,0.5469537822074552,0.22413247233604092,1.5943159794665411,nan,nan
oracle,2.0,23,c3ce4aded6c9c0f8,0.0,0.4372000365640838,0.4351739334755259,0.280117261295608,0.0,0.1418243409067535,1.2670143821828204,0.0,nan
open_loop,2.0,23,c3ce4aded6c9c0f8,0.0,6.083981004188271,9.680436274175303,11.814317688453716,2.491141165563299,0.057824777987078226,0.4113371573130668,2.8754290439885684,0.0
pred_error_w8,2.0,23,c3ce4aded6c9c0f8,0.0,0.726390980941664,0.9772213648109472,0.03781838303892204,0.5983446399432216,0.19681758885132491,1.4807112050093503,0.19870271171387777,0.010778938096559321
history_h4,2.0,23,c3ce4aded6c9c0f8,0.0,0.5612241297527512,0.4883404500222893,0.22689295901291118,0.8586994243174426,0.23279539592161863,1.5477486309373734,nan,nan
history_h16,2.0,23,c3ce4aded6c9c0f8,0.0,0.5595802512029232,0.5113180606735345,0.2633623206183646,0.9020984247633659,0.23354552170521192,1.5339903573771119,nan,nan
history_h16_chunk4,2.0,23,c3ce4aded6c9c0f8,0.0,0.7155659181391768,0.6857930593273561,0.1347181500891681,0.8887200152136822,0.27510914185477947,1.646464779264324,nan,nan
oracle,2.0,24,75c63dd4427c1f7a,0.0,0.48759583071913104,0.47316699251415045,0.18106648791220115,0.0,0.15047878941410006,1.3665551482081246,0.0,nan
open_loop,2.0,24,75c63dd4427c1f7a,0.0,5.767317372232964,5.592718164823713,3.054704166625299,2.385017475369912,0.0605106162091362,0.4474612797507184,3.047313663482266,0.0
pred_error_w8,2.0,24,75c63dd4427c1f7a,0.0,0.5797107534509767,0.5411266206465944,0.3790579778327996,0.332676871189976,0.1682769930848924,1.360857247990859,0.22674562137911058,0.029822262303428885
history_h4,2.0,24,75c63dd4427c1f7a,0.0,0.5311136189311905,0.44689724410704634,0.18685878796477895,0.38095992815204216,0.17648973199514267,1.4107925947773456,nan,nan
history_h16,2.0,24,75c63dd4427c1f7a,1.0,0.4916221695290972,0.3865853449176269,0.14193670358774235,0.3366963751868298,0.17034493575225684,1.3804652117446592,nan,nan
history_h16_chunk4,2.0,24,75c63dd4427c1f7a,0.0,0.695028099829669,0.615440703193095,0.21844330838302028,0.5379972680017138,0.22436184408734738,1.533269122822303,nan,nan
oracle,2.0,25,e4f9da9d8208c83c,1.0,0.5332417782740829,0.37406371982776654,0.36308139644049753,0.0,0.18201771569133574,1.529055369527088,0.0,nan
open_loop,2.0,25,e4f9da9d8208c83c,0.0,4.470136730627266,6.76537879081664,5.492424511548849,2.3119456935230556,0.07751553164273106,0.45911792925527856,4.217380003273953,0.0
pred_error_w8,2.0,25,e4f9da9d8208c83c,0.0,0.781934860905642,1.0823646619191871,0.12755364657984103,0.5641500239997839,0.20590205065510347,1.5109571848427272,0.21030554644542512,0.02899605288586635
history_h4,2.0,25,e4f9da9d8208c83c,0.0,0.5889234988117658,0.6022254633791593,0.21695259237690223,0.5450408538193524,0.22280032282960496,1.675533637293189,nan,nan
history_h16,2.0,25,e4f9da9d8208c83c,0.0,0.5428852172253312,0.55377360322505,0.22111939338675057,0.5645376234562757,0.2231980523917447,1.6516984880177796,nan,nan
history_h16_chunk4,2.0,25,e4f9da9d8208c83c,0.0,0.7148447787102694,0.8192984002048235,0.3281882857896612,0.7881916389726663,0.26214861121563215,1.7305177723498038,nan,nan
oracle,2.0,26,3d8eb53cf15d4590,0.0,0.9867943355731169,0.7046161209691228,0.6424685383124569,0.0,0.12820867256704535,1.789575518596744,0.0,nan
open_loop,2.0,26,3d8eb53cf15d4590,0.0,33.36985888402484,54.250954275904846,67.44213630630627,3.3302376769607656,0.060424050271973374,0.4246141778880539,12.307510064724024,0.0
pred_error_w8,2.0,26,3d8eb53cf15d4590,0.0,3.841022174061481,6.843187106522714,11.10757235970119,1.5122792278619184,0.1377192359975078,1.403922871046102,1.209041516548968,1.3528222599412094
history_h4,2.0,26,3d8eb53cf15d4590,0.0,0.8996760008064894,1.0605643614359768,0.5408067543101325,0.9245742408945598,0.2470257988582849,2.214613436299245,nan,nan
history_h16,2.0,26,3d8eb53cf15d4590,0.0,0.8614775401020863,0.94431339572564,0.5893703549013694,0.8638642412238565,0.24723146282237457,2.1861302912205365,nan,nan
history_h16_chunk4,2.0,26,3d8eb53cf15d4590,0.0,1.0879908033022547,1.1276195134973663,0.5418185391967398,1.0100535555736312,0.27577114860242496,2.228117450287899,nan,nan
oracle,2.0,27,5648225f7eaf68cc,0.0,0.8362055639932315,0.9124978550975799,1.654797298369509,0.0,0.13877064626927132,1.5367151406713941,0.0,nan
open_loop,2.0,27,5648225f7eaf68cc,0.0,9.187956492387093,17.06213522203317,27.21292423744149,2.3840466622478984,0.06085532084912817,0.415737871800055,9.405116271495054,0.0
pred_error_w8,2.0,27,5648225f7eaf68cc,0.0,1.9329505638335664,2.9248456640319143,2.886204130485183,0.4871553445876338,0.15781377745642444,1.4342446726408538,1.2580576081686177,1.499946258835549
history_h4,2.0,27,5648225f7eaf68cc,0.0,0.6859696012149225,0.8097095560830316,0.8012547654417759,0.5395027580268309,0.198144868188926,1.827200172905114,nan,nan
history_h16,2.0,27,5648225f7eaf68cc,0.0,0.6525077682907515,0.7711446557115337,0.8475476924543273,0.5227971903996427,0.2153199850206822,1.8573919791536735,nan,nan
history_h16_chunk4,2.0,27,5648225f7eaf68cc,0.0,0.7886840846294421,0.9096900849591102,1.039698854956363,0.6205867007762702,0.22975036901270532,1.894300239735051,nan,nan
oracle,2.0,28,0556bb6343252e1c,0.0,0.55679517822601,0.5259858153539372,0.4407411486125632,0.0,0.18237619444449557,1.5331724679336114,0.0,nan
open_loop,2.0,28,0556bb6343252e1c,0.0,2.857460364203061,4.526448062972137,3.676557439473311,2.5130466055329626,0.08236125611949137,0.5818892795296632,3.115621286342691,0.0
pred_error_w8,2.0,28,0556bb6343252e1c,0.0,0.6023124559151032,0.5800122891689138,0.4398183979088319,0.17198748836660174,0.19785810364473022,1.5463530969393635,0.07954979634233308,0.0005524546974470082
history_h4,2.0,28,0556bb6343252e1c,0.0,0.5616351180587327,0.5202301363581956,0.4307494471087798,0.43216893429412623,0.2222503408389166,1.6657480327308702,nan,nan
history_h16,2.0,28,0556bb6343252e1c,0.0,0.5314623535338724,0.50009351303979,0.3032220250554154,0.4119389036531841,0.22319684668591533,1.6475143523591633,nan,nan
history_h16_chunk4,2.0,28,0556bb6343252e1c,0.0,0.7105665442642634,0.648064614620767,0.4584224634368894,0.5587160162647133,0.2676439903755202,1.784320424834546,nan,nan
oracle,2.0,29,29477a78b2d9bd0f,1.0,0.24984381257689733,0.22675440127618138,0.2412580865792835,0.0,0.14613572272690192,0.9902641066046844,0.0,nan
open_loop,2.0,29,29477a78b2d9bd0f,0.0,5.709477955918954,8.91377413527905,10.997211984615333,2.841576836617782,0.018314364862204748,0.16542727629235687,2.84341422231232,0.0
pred_error_w8,2.0,29,29477a78b2d9bd0f,0.0,0.2955271696767231,0.268803267405785,0.5979719371403882,0.6437489788059472,0.18902373476870818,1.0342404483346406,0.10522930936332058,8.833810317963714e-05
history_h4,2.0,29,29477a78b2d9bd0f,0.0,0.37866375806321373,0.3417192906336833,0.7072498993152654,0.6875622790999483,0.1814514768669883,1.200191830230263,nan,nan
history_h16,2.0,29,29477a78b2d9bd0f,0.0,0.3259005783085577,0.3074351014536579,0.6393963087312131,0.656242583637417,0.18209759022165867,1.1558577044669889,nan,nan
history_h16_chunk4,2.0,29,29477a78b2d9bd0f,0.0,0.4362508127031169,0.3651124939760352,0.7989837005275722,0.6908491908759322,0.22027415436294426,1.3147164851653532,nan,nan
oracle,2.0,30,b1ac4a1581149bac,1.0,0.4150410277675998,0.33841586551698655,0.4845272080350629,0.0,0.13869561771874567,1.2255895921411843,0.0,nan
open_loop,2.0,30,b1ac4a1581149bac,0.0,7.710592491632078,13.518303731911038,16.33654215538386,2.5700317045840393,0.03707161799722429,0.2067982837670547,3.2330355796364936,0.0
pred_error_w8,2.0,30,b1ac4a1581149bac,0.0,0.49781980973627554,0.48649020817386524,0.7801593097121522,0.2821217482268744,0.1787182169623925,1.280885172257424,0.14525486061536216,0.009299391270074777
history_h4,2.0,30,b1ac4a1581149bac,0.0,0.44026502128011574,0.5053167330671364,0.8870193518123841,0.38703377348163204,0.16836453191855638,1.3732971219271126,nan,nan
history_h16,2.0,30,b1ac4a1581149bac,0.0,0.42196119229813456,0.4462213143608048,0.7655679904579227,0.3790676060015021,0.17391501278042698,1.3695764541699431,nan,nan
history_h16_chunk4,2.0,30,b1ac4a1581149bac,0.0,0.550765514699855,0.6255405125669626,1.053942490073693,0.5247565282744393,0.2166138783087692,1.4670460102766982,nan,nan
oracle,2.0,31,4ae193d5f36431d1,0.0,0.42684650087532,0.5152246885837719,0.05335519939825151,0.0,0.11336636219347092,1.3395247196963456,0.0,nan
open_loop,2.0,31,4ae193d5f36431d1,0.0,9.1349494234417,8.213280056851437,1.0288237548192853,2.2597818860533687,0.041791755495131595,0.3118955748479026,6.6455284158933345,0.0
pred_error_w8,2.0,31,4ae193d5f36431d1,0.0,0.42140157874265866,0.5225261402694137,0.18999236783933515,0.40334606091974057,0.13549868338955556,1.327397640971273,0.14653220309268092,0.011769930170448672
history_h4,2.0,31,4ae193d5f36431d1,1.0,0.39570608854908773,0.4088552348495977,0.3107027149438286,0.5522455924374237,0.14668645804308142,1.4400540230305579,nan,nan
history_h16,2.0,31,4ae193d5f36431d1,1.0,0.392742931556266,0.3939413044870215,0.33035414262811447,0.5861470467283494,0.15388621415297749,1.4623044444454196,nan,nan
history_h16_chunk4,2.0,31,4ae193d5f36431d1,0.0,0.5326100145501566,0.5568260713422907,0.4199102973265534,0.6730450950314663,0.19980130337412605,1.553815013270677,nan,nan
oracle,2.0,32,6594dd2f250e8052,0.0,0.5057364966129113,0.5467875306979227,0.11316749879067878,0.0,0.14339675363509458,1.3311946503310688,0.0,nan
open_loop,2.0,32,6594dd2f250e8052,0.0,3.9350189383441694,4.543618240790925,8.611041349424115,2.5033890173017794,0.08094877908959326,0.5686062249623964,3.2442062540693,0.0
pred_error_w8,2.0,32,6594dd2f250e8052,0.0,0.6754491391408642,0.9493752362000585,0.25742063691453687,0.5123242071318445,0.16576134660823788,1.3238798738392443,0.23587206211982575,0.04415186721302067
history_h4,2.0,32,6594dd2f250e8052,0.0,0.5180479233290608,0.4258202071703189,0.019446074595670382,0.44506025680416056,0.18105852902152836,1.464271616549321,nan,nan
history_h16,2.0,32,6594dd2f250e8052,1.0,0.47073991949862576,0.37580872393362286,0.05252735001913145,0.3382952334804128,0.17075429505429762,1.4148828175352581,nan,nan
history_h16_chunk4,2.0,32,6594dd2f250e8052,0.0,0.6536137710593525,0.527961905045398,0.16379123844656185,0.5596206319753183,0.22029644216688962,1.551565403842202,nan,nan
oracle,2.0,33,403071c02e6846b9,0.0,0.5210478251735865,0.4888993210795127,1.166048894219081,0.0,0.12541373955672422,1.5131644734021148,0.0,nan
open_loop,2.0,33,403071c02e6846b9,0.0,24.504051004884218,40.98271112077694,48.157429037761375,3.128204017958879,0.0714676704852354,0.5009483724278556,8.848392041786532,0.0
pred_error_w8,2.0,33,403071c02e6846b9,0.0,0.9672348868614101,1.4809499815496172,0.32579684658704977,0.8705231557140397,0.14502704586761025,1.355392290388301,0.3974530995935546,0.15675264963845129
history_h4,2.0,33,403071c02e6846b9,0.0,0.5837153382122838,0.589598515346269,1.1458497295972947,0.4754984445393985,0.19176664848367106,1.735178184800661,nan,nan
history_h16,2.0,33,403071c02e6846b9,0.0,0.56209989044762,0.5412939879114396,1.10295741154464,0.5113074773365852,0.2054670378731837,1.774526997651628,nan,nan
history_h16_chunk4,2.0,33,403071c02e6846b9,0.0,0.689380817072359,0.6813272939942844,1.4925778949875088,0.6480563558164399,0.2453514805982677,1.7620312896623145,nan,nan
oracle,2.0,34,a7e9541689a4831a,1.0,0.4594638980218628,0.38073316461525636,0.30670984359501474,0.0,0.12647849437655637,1.3415863004618713,0.0,nan
open_loop,2.0,34,a7e9541689a4831a,0.0,10.143946524991948,18.759184288949033,25.420872794562687,2.2745614064893527,0.044775715580457495,0.261621501567831,7.37790738451219,0.0
pred_error_w8,2.0,34,a7e9541689a4831a,0.0,0.4571688260590652,0.3993823601899859,0.610787421165575,0.38003381244314,0.16745259181479863,1.4107591521943024,0.11224490445168446,0.00010737934765273026
history_h4,2.0,34,a7e9541689a4831a,0.0,0.4579601617524694,0.5172357701546989,0.6179046814766722,0.637971534398357,0.20242433020114925,1.654502207960382,nan,nan
history_h16,2.0,34,a7e9541689a4831a,0.0,0.42410652712141506,0.48714976305378327,0.5518681144570281,0.6778499993658788,0.20906084889321197,1.6543648584244282,nan,nan
history_h16_chunk4,2.0,34,a7e9541689a4831a,0.0,0.5821710095073372,0.664604288077731,0.7790495715672034,0.7688095914958059,0.2577759468741223,1.8012016568255007,nan,nan
oracle,2.0,35,6852b770289250b2,0.0,0.596137597695082,0.6451709309815747,0.21469319467464132,0.0,0.1207775635089793,1.5061603072193903,0.0,nan
open_loop,2.0,35,6852b770289250b2,0.0,25.77013051298664,43.669333894733626,55.525908891117545,2.746269192990985,0.005795118110875343,0.09535542230274303,9.575000663672208,0.0
pred_error_w8,2.0,35,6852b770289250b2,0.0,2.0394879601106592,3.5097361240727505,2.700531080490318,0.5051948640788791,0.13931279334444124,1.5620226984843368,1.0302852567150287,1.0009068797339384
history_h4,2.0,35,6852b770289250b2,0.0,0.5417561294472544,0.5623179830454861,0.3959993532233952,0.42799301396025174,0.15923276630875277,1.5898744012551551,nan,nan
history_h16,2.0,35,6852b770289250b2,0.0,0.49849976838522847,0.5229037524139619,0.3883401808023308,0.4611228896801506,0.17138501433062037,1.6258004747180597,nan,nan
history_h16_chunk4,2.0,35,6852b770289250b2,0.0,0.6413357383317019,0.5844526110770074,0.39223253539173797,0.6063759441524084,0.21551301795251862,1.6839896239139684,nan,nan
oracle,2.0,36,21a36eaaa37f6865,1.0,0.6296048988527342,0.2623386882337012,0.15973418483620527,0.0,0.1479239989644153,1.3225233500211937,0.0,nan
open_loop,2.0,36,21a36eaaa37f6865,0.0,6.0183225951458015,9.018643486075918,12.74918968779175,2.49452050024919,0.024937608297538043,0.14338297995808066,2.378021746862939,0.0
pred_error_w8,2.0,36,21a36eaaa37f6865,1.0,0.6948744641260669,0.39358590614380057,0.25741184839633213,0.24965169922579822,0.17656261973572443,1.3638317690792976,0.1547656279581132,0.01697590829536766
history_h4,2.0,36,21a36eaaa37f6865,1.0,0.4327225780176566,0.35995699089526023,0.22202429250383204,0.5059460625059831,0.17223294882048953,1.4802724454063456,nan,nan
history_h16,2.0,36,21a36eaaa37f6865,1.0,0.41943055568984694,0.3052129100105997,0.25216502186811063,0.5067008200481826,0.17881206348229586,1.4926976931532734,nan,nan
history_h16_chunk4,2.0,36,21a36eaaa37f6865,0.0,0.5800296876810835,0.43694105049702747,0.26171430058039746,0.6190934947798751,0.2176769868805975,1.5830723588689897,nan,nan
oracle,2.0,37,16d0613e40b05211,1.0,0.3660993755612367,0.1637662275290079,0.010013054520255693,0.0,0.08179171599951975,1.0909752018840464,0.0,nan
open_loop,2.0,37,16d0613e40b05211,0.0,19.76300840500569,33.45969323936128,39.39661897206413,2.5370521922232445,0.03327758724264446,0.24117093294672368,7.761847667023464,0.0
pred_error_w8,2.0,37,16d0613e40b05211,1.0,0.837114161150725,0.4122606531289356,0.32704689129301556,0.730040479613996,0.23354417752005704,1.2698472594279304,0.17606220638512435,0.005692444081073302
history_h4,2.0,37,16d0613e40b05211,0.0,0.5842897396356931,0.45934795837854264,0.33037619018367614,0.7571426267265225,0.19115294117869303,1.3322769961352268,nan,nan
history_h16,2.0,37,16d0613e40b05211,0.0,0.5929055850100796,0.48334485460442056,0.3707365067672761,0.8755932188357028,0.19987849859711637,1.3834476265423579,nan,nan
history_h16_chunk4,2.0,37,16d0613e40b05211,0.0,0.7165914267696721,0.44809639741839175,0.3442912351612897,0.9457269826108458,0.230390160442629,1.4294651511703416,nan,nan
oracle,2.0,38,77cad0526327811f,0.0,1.0641579672378578,1.7182704203565708,0.2437508528588186,0.0,0.11817764607667659,1.4196115044369984,0.0,nan
open_loop,2.0,38,77cad0526327811f,0.0,7.562134928133047,14.264897343761369,22.761970120486858,2.0914614108172067,0.016446366827301977,0.1185245800930451,3.7116842297451864,0.0
pred_error_w8,2.0,38,77cad0526327811f,0.0,1.091399204137535,1.769391129144455,0.5917913746054744,0.33090978676661736,0.15490866234663445,1.4160747435022178,0.11677941022014092,0.0024132600763322725
history_h4,2.0,38,77cad0526327811f,0.0,0.5566928078481649,0.6633637806782702,0.8880184104321902,0.6181410923021281,0.1675517243759598,1.6203846107042275,nan,nan
history_h16,2.0,38,77cad0526327811f,0.0,0.5246268744091624,0.6392369064087202,0.8320752600930685,0.6429095680578095,0.18254860900284833,1.611644715615356,nan,nan
history_h16_chunk4,2.0,38,77cad0526327811f,0.0,0.6461091601607037,0.7559507337284112,0.9366019462420514,0.7332073590016377,0.21047583801152212,1.6763499024488202,nan,nan
oracle,2.0,39,65c93465c14d911f,0.0,0.6573259223655173,0.8900584325433617,0.716085896238063,0.0,0.1518842292817804,1.5401239551320909,0.0,nan
open_loop,2.0,39,65c93465c14d911f,0.0,10.91670051441774,16.902234120243314,14.486715776167602,2.2285607628593533,0.060067260651048546,0.41779898025269935,3.9458514232197963,0.0
pred_error_w8,2.0,39,65c93465c14d911f,0.0,0.7062039982304167,0.9486114135043986,0.7235030681480445,0.21478052165781186,0.17132404679517377,1.5611269261399112,0.1299741692007246,0.009991390733038634
history_h4,2.0,39,65c93465c14d911f,0.0,0.600867779506417,0.7874899535554699,0.0035017678032005506,0.6020654856765623,0.22718493495650643,1.8067189564748358,nan,nan
history_h16,2.0,39,65c93465c14d911f,0.0,0.5494229591642662,0.6336921881385011,0.0706962183961437,0.5635685678878174,0.2254860969098003,1.7807734734702674,nan,nan
history_h16_chunk4,2.0,39,65c93465c14d911f,0.0,0.763141946387003,0.9933537620331528,0.0716220313620699,0.752125397348831,0.2640218010972387,1.9485644253277858,nan,nan
oracle,2.0,40,ea93d15a9abe6ac6,0.0,0.5461128194893572,0.4223586493915422,0.5019071546387188,0.0,0.1714460623587472,1.4670114163136716,0.0,nan
open_loop,2.0,40,ea93d15a9abe6ac6,0.0,9.599154605554808,16.29081568532835,19.32762744194572,2.5511369985583148,0.08019687307379843,0.5626117929082005,4.186983323781638,0.0
pred_error_w8,2.0,40,ea93d15a9abe6ac6,0.0,0.6983949946128245,0.611638068879131,1.0323731958903473,0.6277566525093454,0.21810560229978684,1.569013809449928,0.2980673473642032,0.08988426838977688
history_h4,2.0,40,ea93d15a9abe6ac6,0.0,0.6210371465518146,0.6305894879268849,1.0043387541428714,0.9328063200078714,0.23074245733169985,1.6600837460393232,nan,nan
history_h16,2.0,40,ea93d15a9abe6ac6,0.0,0.5678630229954944,0.5206019553126074,0.8444551642211344,0.9189240270800028,0.21626974143010672,1.5954097466670187,nan,nan
history_h16_chunk4,2.0,40,ea93d15a9abe6ac6,0.0,0.7357123939422178,0.68388583920301,1.1493230280308389,0.9732518841249679,0.26206086247305616,1.7089495007941238,nan,nan
oracle,2.0,41,7c7cee44748fa51a,0.0,0.576911993205857,0.5178557348909351,0.6407919125414985,0.0,0.15771558984953432,1.4845630366410272,0.0,nan
open_loop,2.0,41,7c7cee44748fa51a,0.0,7.510958401256945,12.949088548896222,10.752464135992028,2.056821516506543,0.06133351568727383,0.4321227084891245,2.928024564351573,0.0
pred_error_w8,2.0,41,7c7cee44748fa51a,0.0,0.7446340585108219,0.9930392095413677,0.977033779282138,0.3410212066362512,0.1876868886558778,1.4822417444112075,0.19780152664751666,0.029258697818798064
history_h4,2.0,41,7c7cee44748fa51a,0.0,0.6022672541511481,0.7820642168967834,0.9202896754502117,0.5036843497069824,0.18811062679599197,1.5638331615356513,nan,nan
history_h16,2.0,41,7c7cee44748fa51a,0.0,0.5603933036947005,0.7169700715288132,0.8348036460276624,0.5089432381878787,0.19149582010168792,1.5547806198190712,nan,nan
history_h16_chunk4,2.0,41,7c7cee44748fa51a,0.0,0.7389606324853012,0.9714797631436861,0.9936371603030629,0.5862718068626077,0.23551593482108837,1.6366182137808356,nan,nan
oracle,2.0,42,4a131823e62508ac,1.0,0.47293398024617206,0.38771197941279695,0.06642931878351632,0.0,0.14396474659413927,1.3711577106811366,0.0,nan
open_loop,2.0,42,4a131823e62508ac,0.0,19.095229031135045,31.921399024097603,38.87127873858971,3.1460932163177486,0.05678075826646878,0.3210536872895307,7.951235193100925,0.0
pred_error_w8,2.0,42,4a131823e62508ac,1.0,0.45945048250626264,0.3496624456242817,0.35505625011742126,0.5563815047226411,0.18296548452310624,1.3667340038690357,0.15895825039614908,0.010857223069713585
history_h4,2.0,42,4a131823e62508ac,0.0,0.4264976965515255,0.4201626074344193,0.3208904572559206,0.9044281817230507,0.19726357254789395,1.4675181560206738,nan,nan
history_h16,2.0,42,4a131823e62508ac,1.0,0.39637555230162497,0.37689871368731054,0.32020425847487566,0.9225424642192298,0.1931809962942101,1.4687286507148662,nan,nan
history_h16_chunk4,2.0,42,4a131823e62508ac,0.0,0.498596415555693,0.4912304835492365,0.4271099873224653,0.8413843705860525,0.20263704041449737,1.5067098533487044,nan,nan
oracle,2.0,43,e1c9a0361319c5f0,0.0,0.49036116523334683,0.5662081740067411,0.13969411069727755,0.0,0.1305446247309853,1.2534271688023495,0.0,nan
open_loop,2.0,43,e1c9a0361319c5f0,0.0,14.669361711048467,22.932355205180077,24.54981191158607,3.0608404732559222,0.05358665066361687,0.3638921610878085,5.310123631696804,0.0
pred_error_w8,2.0,43,e1c9a0361319c5f0,0.0,0.7222623915554991,0.9217691419339898,0.051269488580281575,0.6556163493864341,0.16866153583881036,1.2095152017900086,0.15550972034885152,0.010889314281701212
history_h4,2.0,43,e1c9a0361319c5f0,0.0,0.6006228273557103,0.5433831740163242,0.07894350391030613,0.8045887740551041,0.19878579722254422,1.5206583434161227,nan,nan
history_h16,2.0,43,e1c9a0361319c5f0,0.0,0.5853334946798187,0.49413511225926965,0.03479081829679487,0.8316871037779429,0.19664380112774527,1.5128227593969172,nan,nan
history_h16_chunk4,2.0,43,e1c9a0361319c5f0,0.0,0.743062715805995,0.738904895141411,0.04331752607228623,0.8530250618880064,0.22674531032461803,1.5977361172830964,nan,nan
oracle,2.0,44,cbff95cb4de7c325,1.0,0.46486848782785856,0.3524868218655449,0.2339331190017404,0.0,0.11506879820918538,1.2472735447122347,0.0,nan
open_loop,2.0,44,cbff95cb4de7c325,0.0,15.650532998004353,25.831008178933654,30.383003776796528,3.139886909869482,0.02114239825645834,0.17538318798901692,7.190558612680221,0.0
pred_error_w8,2.0,44,cbff95cb4de7c325,0.0,3.084457699243865,5.4220557757543215,4.305890884179323,1.1804177248996097,0.11169276926130753,0.9669306019250581,0.8763520805142327,0.7660671260693788
history_h4,2.0,44,cbff95cb4de7c325,0.0,0.5457941637961272,0.42062517428618174,0.07109804642300332,0.8192885671763934,0.17169632800066814,1.453058156583332,nan,nan
history_h16,2.0,44,cbff95cb4de7c325,0.0,0.5059295772393478,0.42714599968974465,0.11171271287889795,0.8305156707924102,0.16831382817688836,1.4471453190064478,nan,nan
history_h16_chunk4,2.0,44,cbff95cb4de7c325,0.0,0.7159410366457027,0.5909648934083549,0.06110748933453891,0.961718986279827,0.2048732809606156,1.5634029960349833,nan,nan
oracle,2.0,45,8b337cc4bd577893,0.0,1.0302079215038968,1.5728784598145769,2.5464924763036514,0.0,0.19847443695016506,1.7945497377108781,0.0,nan
open_loop,2.0,45,8b337cc4bd577893,0.0,5.724259778053628,10.572626551666875,18.619243731991578,2.4582087991958965,0.05844339426946793,0.41937822587703083,4.302759829204469,0.0
pred_error_w8,2.0,45,8b337cc4bd577893,0.0,1.2870038556124936,2.0403420890704087,3.973982202922244,0.3301871493414763,0.22124881291951753,1.700908525402065,0.5176351743075108,0.21023480498440444
history_h4,2.0,45,8b337cc4bd577893,0.0,0.7160245232937583,0.9315253758833112,0.6997125438424305,0.6850539199967511,0.2468912296153455,2.0640844541494845,nan,nan
history_h16,2.0,45,8b337cc4bd577893,0.0,0.6533792792390752,0.8392655424794869,0.717514243534243,0.6408533167134483,0.24313007600583367,2.00139172977408,nan,nan
history_h16_chunk4,2.0,45,8b337cc4bd577893,0.0,0.8790751381288361,1.1545590363889562,0.8958187520501752,0.7932820836868271,0.2889383176316412,2.1480516115418666,nan,nan
oracle,2.0,46,9b2fdb71fd19256b,1.0,0.40593738154932685,0.29181969370145733,0.06888969652190724,0.0,0.13292481091814914,1.1609962159871334,0.0,nan
open_loop,2.0,46,9b2fdb71fd19256b,0.0,14.399717261700358,25.22081687432553,32.69276805165394,2.4363367094300887,0.03128502977173741,0.2226249324630012,6.631451628787281,0.0
pred_error_w8,2.0,46,9b2fdb71fd19256b,0.0,0.9460010353947199,0.9881694632389202,1.471463943470738,0.656991724599355,0.1777436675317191,1.2926692903411081,0.888797982318901,0.7526185351317523
history_h4,2.0,46,9b2fdb71fd19256b,1.0,0.4879893180668533,0.38503419951175183,0.09067668414029484,0.4381170827748929,0.17025942541705213,1.3374189713024465,nan,nan
history_h16,2.0,46,9b2fdb71fd19256b,1.0,0.4294421839595192,0.30726965598352063,0.09466807148958978,0.442774247358737,0.17581925643921753,1.3566934010154876,nan,nan
history_h16_chunk4,2.0,46,9b2fdb71fd19256b,1.0,0.6002608360726758,0.4044376218450563,0.05326254428480581,0.6756818817393985,0.23165143045317513,1.5234179484903918,nan,nan
oracle,2.0,47,a2ef18d4f9abe786,1.0,0.19658578107384628,0.24254634819346116,0.0578500486443807,0.0,0.1370144980069419,0.7828401881087429,0.0,nan
open_loop,2.0,47,a2ef18d4f9abe786,0.0,1.4785738939271416,1.5077127587775054,2.314724764345695,1.9570055526268268,0.03137468841537326,0.1758984051506994,2.374754563946935,0.0
pred_error_w8,2.0,47,a2ef18d4f9abe786,1.0,0.22791274099184072,0.3184764964689532,0.27910737083263326,0.2592685548841601,0.18319088836416608,0.835453045186049,0.09928719109464453,0.0008376426590890912
history_h4,2.0,47,a2ef18d4f9abe786,1.0,0.280826385716328,0.41110362418991475,0.2791044701498677,0.37902921216120916,0.15500564346355827,0.9029451883573605,nan,nan
history_h16,2.0,47,a2ef18d4f9abe786,1.0,0.25647785485664376,0.3522684850775625,0.26664271567187603,0.39642033413992656,0.17175513137086718,0.9787975034375526,nan,nan
history_h16_chunk4,2.0,47,a2ef18d4f9abe786,0.0,0.3458710162478345,0.5253664311219275,0.4532188815548035,0.5636306240064739,0.1930599615539221,1.0383487626954349,nan,nan
oracle,2.0,48,57648fdf0ce7a490,1.0,0.43097174028446494,0.4125174690073708,0.41100562896581394,0.0,0.1580539219563207,1.1960190488685936,0.0,nan
open_loop,2.0,48,57648fdf0ce7a490,0.0,10.21888976734483,15.891894545640424,15.132641919505325,2.8055733297944547,0.062048455519361556,0.46176924968873856,4.2284530934811,0.0
pred_error_w8,2.0,48,57648fdf0ce7a490,1.0,0.41839209044468473,0.4120870756823435,0.40690723331643497,0.1675101290159149,0.19225471681832987,1.203495584772679,0.06718821860329265,7.166216210090112e-05
history_h4,2.0,48,57648fdf0ce7a490,0.0,0.44873482386924113,0.4488073516367275,0.3033312308331144,0.4112517130034754,0.22574788297410542,1.4638146123985187,nan,nan
history_h16,2.0,48,57648fdf0ce7a490,1.0,0.4100499617443674,0.3780690758084337,0.18837377902797314,0.3986682058067002,0.22801510283424792,1.4053265474356018,nan,nan
history_h16_chunk4,2.0,48,57648fdf0ce7a490,0.0,0.5152815365282465,0.52466705537949,0.44150743118118463,0.48671586015613144,0.24395278006585144,1.430022133364298,nan,nan
oracle,2.0,49,8e7752a0e0708734,0.0,1.562348415670808,2.1021985193711874,0.06846737103587586,0.0,0.19557602085751993,1.7955774516854441,0.0,nan
open_loop,2.0,49,8e7752a0e0708734,0.0,3.326472006020012,4.250312939688835,0.2334918539057167,2.1958656596425974,0.03298522311351604,0.25620773000973135,4.160023183029645,0.0
pred_error_w8,2.0,49,8e7752a0e0708734,0.0,1.9992903079491442,2.997274385099528,2.19816601817473,0.45940847381973626,0.2123767541458257,1.7541333977890374,0.2450855001065873,0.0430867021645744
history_h4,2.0,49,8e7752a0e0708734,0.0,0.7712527190011056,0.5610372975581088,0.10963762829276469,0.6737521517681484,0.2051007429186364,1.9265480065566172,nan,nan
history_h16,2.0,49,8e7752a0e0708734,0.0,0.6992998572306771,0.5332807479623399,0.16708020756695952,0.6142494819187648,0.18769388456455427,1.8440137790020277,nan,nan
history_h16_chunk4,2.0,49,8e7752a0e0708734,0.0,0.9977960538104304,0.7773457554792625,0.200372528592915,0.7262752877850606,0.22721939415320513,1.946422401505643,nan,nan
oracle,2.0,50,c69d7f307fa43fa0,1.0,0.35849729057781227,0.34073030303811724,0.2326617117007963,0.0,0.10177255335393713,1.1402887821273011,0.0,nan
open_loop,2.0,50,c69d7f307fa43fa0,0.0,9.625419734532914,7.131662541260777,3.3233328736121246,2.4391679882081903,0.04639441084450408,0.2724600932570413,3.6242009156596295,0.0
pred_error_w8,2.0,50,c69d7f307fa43fa0,1.0,0.46869420893699737,0.39730749948370264,0.46783493427319955,0.4338712732297225,0.15774977855012484,1.1362784865357463,0.10236604011961029,0.00013546061713916362
history_h4,2.0,50,c69d7f307fa43fa0,1.0,0.4699818262940879,0.35969018988188656,0.4979344335935423,0.46131168658999144,0.1140692205017356,1.1293082276378452,nan,nan
history_h16,2.0,50,c69d7f307fa43fa0,1.0,0.4556732691279876,0.34269657119295505,0.4702343661513648,0.44025653227238415,0.1151615703413375,1.1382737253275967,nan,nan
history_h16_chunk4,2.0,50,c69d7f307fa43fa0,1.0,0.5939776926926892,0.3933026919307275,0.4163967653472558,0.6354832035231806,0.1580886371729664,1.1657632734374377,nan,nan
oracle,2.0,51,0ff497838ab35088,1.0,0.22254272251306806,0.19084629552497476,0.055512580028500125,0.0,0.1208149396754596,0.8560434403474939,0.0,nan
open_loop,2.0,51,0ff497838ab35088,0.0,2.1224676815794425,0.6707172460325067,0.21386610867508526,2.020586396068985,0.028261760454732485,0.15790083546120579,2.7771234480885543,0.0
pred_error_w8,2.0,51,0ff497838ab35088,1.0,0.3211453807394321,0.3894934752559669,0.121090127581307,0.6373287749044629,0.17035097393937723,0.8677704202836053,0.1147347942331854,0.0008776703562719254
history_h4,2.0,51,0ff497838ab35088,1.0,0.30777747542601097,0.3358767270225535,0.010336955170958007,0.5512405686108937,0.12309517317780003,0.8451802913761156,nan,nan
history_h16,2.0,51,0ff497838ab35088,1.0,0.32574059237381714,0.39203530551334387,0.0809357755019624,0.6463769307071748,0.11849072634427421,0.8281152552884767,nan,nan
history_h16_chunk4,2.0,51,0ff497838ab35088,1.0,0.35546545150496434,0.40407880373690713,0.03753686585217686,0.6281404790830445,0.11992756122480207,0.8135928456575423,nan,nan
oracle,2.0,52,7b1550747d2ae69a,0.0,0.400132898556694,0.4927833080427915,0.18472486164767687,0.0,0.1091114171597539,1.1063451973352774,0.0,nan
open_loop,2.0,52,7b1550747d2ae69a,0.0,9.746760204891086,13.612093568618969,17.433499425687835,2.988204757767046,0.05943255745764256,0.4269625255246849,3.6240631247075656,0.0
pred_error_w8,2.0,52,7b1550747d2ae69a,0.0,0.43470385947067314,0.557154020417056,0.1209232472818389,0.18846624044628507,0.14936114975439868,1.1378357152791434,0.0727439824932835,7.056864305313566e-05
history_h4,2.0,52,7b1550747d2ae69a,0.0,0.4287359716184467,0.544023767945277,0.042102249644219825,0.37559218082970514,0.14305583952199213,1.2115479670426998,nan,nan
history_h16,2.0,52,7b1550747d2ae69a,0.0,0.40446708045713636,0.49295415747174076,0.09249031978878541,0.326808205856814,0.1324240328562978,1.1775380871300007,nan,nan
history_h16_chunk4,2.0,52,7b1550747d2ae69a,0.0,0.5493663123253125,0.659594496371638,0.027315798705130234,0.5216183444914184,0.1765317816690665,1.2933797512508798,nan,nan
oracle,2.0,53,4f38c9d1ee5791cb,0.0,0.6126540273617772,0.5437611382802755,0.2756872097681331,0.0,0.16930625638343902,1.4423490346461365,0.0,nan
open_loop,2.0,53,4f38c9d1ee5791cb,0.0,11.021555372491859,18.67769828118854,21.525791985094948,2.550605248308656,0.012620870086376492,0.1050258625363403,6.45271704705025,0.0
pred_error_w8,2.0,53,4f38c9d1ee5791cb,0.0,1.3614579143585892,1.8036062747609287,0.31095129122477516,0.4772710366553562,0.23764281661254436,1.6164493853140873,0.6414738474446263,0.41246404491270844
history_h4,2.0,53,4f38c9d1ee5791cb,1.0,0.4866484660734555,0.36427924506410514,0.12826306198001092,0.6436617615421321,0.196449907454438,1.555300195667798,nan,nan
history_h16,2.0,53,4f38c9d1ee5791cb,1.0,0.4177518272400659,0.30825114792715896,0.10648847725969901,0.6522474184628162,0.19523080626695619,1.4926636229629688,nan,nan
history_h16_chunk4,2.0,53,4f38c9d1ee5791cb,0.0,0.6078722270801286,0.48506619131160905,0.03003164027580496,0.7013658644783638,0.2342971439278598,1.6521338212979255,nan,nan
oracle,2.0,54,4e0c5b2dfea5538b,0.0,0.42652021152166525,0.4247282008077155,0.31170805074845553,0.0,0.18797421303496337,1.2483841526215962,0.0,nan
open_loop,2.0,54,4e0c5b2dfea5538b,0.0,4.028335558670238,7.580477522941805,11.307869367819626,2.0016665723671405,0.09823043849520476,0.6391676110791106,7.287009391408803,0.0
pred_error_w8,2.0,54,4e0c5b2dfea5538b,0.0,0.491487514754714,0.5962280658143916,0.8096982097742629,0.36057689797564885,0.21668244890975216,1.3402201449653441,0.13198587037913243,0.004556757938028212
history_h4,2.0,54,4e0c5b2dfea5538b,0.0,0.44132170531264325,0.4547097897385806,0.7810949597764054,0.5131666788000786,0.21043254083199792,1.3258170685820376,nan,nan
history_h16,2.0,54,4e0c5b2dfea5538b,0.0,0.44305447354710625,0.49802696298612636,0.7596263991494663,0.5566131771225394,0.2322115705273649,1.4139238068167053,nan,nan
history_h16_chunk4,2.0,54,4e0c5b2dfea5538b,0.0,0.5499555014036855,0.6943860714227043,1.090194304713286,0.6994690175723284,0.2516306359843355,1.444169075875884,nan,nan
oracle,2.0,55,a80301063794d049,1.0,0.6154478123866223,0.1405416483101346,0.052142236945837084,0.0,0.1255680137724833,1.2016319148946493,0.0,nan
open_loop,2.0,55,a80301063794d049,0.0,7.417459813325301,6.719159791023215,4.499892464804713,2.463916973101087,0.06051031949899129,0.4233580232367945,6.112667725798795,0.0
pred_error_w8,2.0,55,a80301063794d049,1.0,1.0188501355900013,0.2943081543373153,0.16231932906794455,0.4660285452489076,0.16528919651498147,1.3124474611189432,0.19576701888437803,0.013924574041453535
history_h4,2.0,55,a80301063794d049,1.0,0.7031948713339518,0.3653785348311904,0.299782730488662,0.7328328205754101,0.22978020427815887,1.6842977017573393,nan,nan
history_h16,2.0,55,a80301063794d049,1.0,0.6235503104100646,0.34894349463147617,0.35531927457403256,0.7032830268097082,0.23146386553340986,1.6413889781797413,nan,nan
history_h16_chunk4,2.0,55,a80301063794d049,1.0,0.8195953407293618,0.3929820262460476,0.2565283455082046,0.8748740767791685,0.2557489145676142,1.6590918916798714,nan,nan
oracle,2.0,56,9f36d64d38ba144b,1.0,0.4263820341514634,0.23790164520676407,0.08607590853769542,0.0,0.11102742827540317,1.1742591303566452,0.0,nan
open_loop,2.0,56,9f36d64d38ba144b,0.0,15.05568348057016,18.020842838273612,18.365518619221284,2.630638119406565,0.08634514841210508,0.556857922226908,5.982519707685408,0.0
pred_error_w8,2.0,56,9f36d64d38ba144b,1.0,0.4704754313057293,0.26591936440821995,0.14234632932232127,0.3310472958168454,0.18101622895807237,1.2143320906158515,0.08966671400041645,0.00010693695533090803
history_h4,2.0,56,9f36d64d38ba144b,1.0,0.42939429860803485,0.262819279367456,0.11363814578049203,0.36434565664822327,0.17037755265977803,1.267692235145017,nan,nan
history_h16,2.0,56,9f36d64d38ba144b,1.0,0.43513188971857464,0.24303598891572406,0.20928408706181179,0.44453182627437743,0.17682999930763718,1.2998581854599003,nan,nan
history_h16_chunk4,2.0,56,9f36d64d38ba144b,1.0,0.5756775904876277,0.37550331879384363,0.26178825523911264,0.5875577121538051,0.20344681503105602,1.3595740352481274,nan,nan
oracle,2.0,57,637905fd6e545c0d,1.0,0.4703451807202092,0.2053113235915582,0.29123330708424433,0.0,0.12499425909263753,1.2738439922881317,0.0,nan
open_loop,2.0,57,637905fd6e545c0d,0.0,18.949657896939055,32.159004479711555,37.87765105985824,2.800168616701832,0.04914585877105391,0.27552229751666024,8.472434019085917,0.0
pred_error_w8,2.0,57,637905fd6e545c0d,0.0,1.2329978220521045,1.0525295034591047,0.5686485938066888,0.6858537650736627,0.17062455488880723,1.4631511659566399,0.8346291683798762,0.6787786408218697
history_h4,2.0,57,637905fd6e545c0d,1.0,0.4482267900636926,0.24247501882944436,0.3829564131838339,0.3439713287783025,0.13550177712352265,1.3015663337683867,nan,nan
history_h16,2.0,57,637905fd6e545c0d,1.0,0.40004105652849764,0.22420079150643057,0.3080839297169824,0.3400744832775539,0.14568395906752243,1.321487390231825,nan,nan
history_h16_chunk4,2.0,57,637905fd6e545c0d,1.0,0.5513151162244077,0.31094690264555325,0.526219975003162,0.5463142210473189,0.18593154953481772,1.4051690892041346,nan,nan
oracle,2.0,58,728cd523b942c41f,0.0,0.6177689886763065,0.7478249477094155,0.6509716475079692,0.0,0.18244142754526066,1.5398797454856343,0.0,nan
open_loop,2.0,58,728cd523b942c41f,0.0,4.964025143163145,8.60373471376978,14.219126741557162,2.4954489426581223,0.030494016226816308,0.21735923096152163,5.884026405919872,0.0
pred_error_w8,2.0,58,728cd523b942c41f,0.0,1.6053522855184972,2.7842877156930004,2.657290405359806,0.7110609975759933,0.21588943251311707,1.674928820387962,0.8417640442359411,0.6542293492494011
history_h4,2.0,58,728cd523b942c41f,0.0,0.794843332608223,1.1618142702547365,1.6067313848215434,0.8999544321950065,0.2351329094063702,1.8815258613306183,nan,nan
history_h16,2.0,58,728cd523b942c41f,0.0,0.7322735065810775,1.0591554631908255,1.5166455741308873,0.809330786936393,0.21897448062972444,1.7996510356348123,nan,nan
history_h16_chunk4,2.0,58,728cd523b942c41f,0.0,0.8761770104062099,1.1582298675087108,1.7668941601561272,0.93568398667179,0.2761721318456224,1.9491622429519022,nan,nan
oracle,2.0,59,743407f4c0e7e500,1.0,0.5138064576720375,0.28450658612254065,0.05484503365666599,0.0,0.17845924193399845,1.4221692584622998,0.0,nan
open_loop,2.0,59,743407f4c0e7e500,0.0,4.985321216731348,8.296131796188137,13.302881546459746,2.571991722566669,0.06338340993059693,0.47753123829392985,3.720982438320127,0.0
pred_error_w8,2.0,59,743407f4c0e7e500,1.0,0.5135392295399814,0.25678599939861635,0.29813692489046306,0.4791035841460833,0.19924215774030257,1.4628254633000062,0.0782268960749049,7.648498004241286e-05
history_h4,2.0,59,743407f4c0e7e500,1.0,0.5050752804025402,0.17735310658408,0.37718461351257204,0.6646644300021697,0.24312663338482776,1.6903705235456183,nan,nan
history_h16,2.0,59,743407f4c0e7e500,1.0,0.4684624363227967,0.17790485541723622,0.3524591997331916,0.6791832894470238,0.24068419961360088,1.667058922078024,nan,nan
history_h16_chunk4,2.0,59,743407f4c0e7e500,1.0,0.5779171294552593,0.23047413882208076,0.4479778362202581,0.6939739583602749,0.26427099435670115,1.6678806024687387,nan,nan
oracle,2.0,60,5b8c1ae72d2b96e7,0.0,0.28665255567805553,0.4568611898424722,0.44876509271114173,0.0,0.12035593847609008,1.0295103809421242,0.0,nan
open_loop,2.0,60,5b8c1ae72d2b96e7,0.0,4.088722641343368,7.66335773828568,13.864186986725656,2.477089256265985,0.010767019170037587,0.11608138510186422,8.067777340673361,0.0
pred_error_w8,2.0,60,5b8c1ae72d2b96e7,0.0,1.255882577378487,2.346450592290799,3.7809133693865142,1.0549765017865858,0.16068936325350805,0.8944614742464151,0.42687696453345464,0.16986449968956913
history_h4,2.0,60,5b8c1ae72d2b96e7,0.0,0.4620628288207877,0.7290287892538205,0.49498803465276353,0.47491415753248595,0.1488641426184711,1.1502154088701697,nan,nan
history_h16,2.0,60,5b8c1ae72d2b96e7,0.0,0.42976775599934536,0.6760707898917453,0.4989011919626378,0.4324434323993636,0.16388671558151385,1.1796975193992068,nan,nan
history_h16_chunk4,2.0,60,5b8c1ae72d2b96e7,0.0,0.5341267426713231,0.8369893303933781,0.49382849949753194,0.5858995702213244,0.19160073124284752,1.2511867848098421,nan,nan
oracle,2.0,61,64195cdd0d4f52cd,1.0,0.4940493684036672,0.35996103087705994,0.22051844656640274,0.0,0.14764073285945692,1.3687426391791997,0.0,nan
open_loop,2.0,61,64195cdd0d4f52cd,0.0,5.274657994774344,2.1374460403353583,1.3177488524687213,2.209743399512343,0.05496409792294984,0.36308851585416657,3.5218180729059507,0.0
pred_error_w8,2.0,61,64195cdd0d4f52cd,0.0,0.6298341244051934,0.6124370772608659,0.8649152375551585,0.6602847903022606,0.1935819201491076,1.4325400370916384,0.15067574073193846,0.0001595740861421877
history_h4,2.0,61,64195cdd0d4f52cd,0.0,0.6032192085969402,0.6702831450564454,0.7973515581807176,0.7318864528130083,0.24301601029543804,1.6987918438031036,nan,nan
history_h16,2.0,61,64195cdd0d4f52cd,0.0,0.5909531597992751,0.6651403660161183,0.7264507466516754,0.8090652142509519,0.2596845551534317,1.7665232768592074,nan,nan
history_h16_chunk4,2.0,61,64195cdd0d4f52cd,0.0,0.7586503880855209,0.8595103249789441,1.0495153436598441,0.8673403814693463,0.3080455307136546,1.8935953898026763,nan,nan
oracle,2.0,62,3ba02c55136f04fb,1.0,0.3541558817858178,0.21559166837219493,0.14304621331773681,0.0,0.1451844043975279,1.14894680638528,0.0,nan
open_loop,2.0,62,3ba02c55136f04fb,0.0,16.991624961485307,27.419581800785757,30.90139338881042,3.1989058664317103,0.07098860247855776,0.48055709514891437,6.410814309453374,0.0
pred_error_w8,2.0,62,3ba02c55136f04fb,0.0,0.46648719439918196,0.6278159043535884,0.5424673174119157,0.7420016552778881,0.20052959377726173,1.1769192725743094,0.14893633457191438,0.001129149747535795
history_h4,2.0,62,3ba02c55136f04fb,0.0,0.5173457189742149,0.6812208656390811,0.6132895094618362,0.8421028711869263,0.18316819286789285,1.2528383442850404,nan,nan
history_h16,2.0,62,3ba02c55136f04fb,0.0,0.47107303947537593,0.6008662575239059,0.5573453386696716,0.7584300953962585,0.1798166037369036,1.2504488228566613,nan,nan
history_h16_chunk4,2.0,62,3ba02c55136f04fb,0.0,0.5905788127096778,0.7806099395252869,0.4998474678561635,0.8742150888966522,0.19469752229846982,1.2650920300870963,nan,nan
oracle,2.0,63,e6190070ceb41abd,1.0,0.24697216235160696,0.2688585263210097,0.460730067340684,0.0,0.12515456343681158,0.811888278249415,0.0,nan
open_loop,2.0,63,e6190070ceb41abd,0.0,2.214939550663502,2.2924282770592512,0.6192869695215997,2.0539245528496903,0.05362413531728673,0.3377073546680587,2.227887155232503,0.0
pred_error_w8,2.0,63,e6190070ceb41abd,0.0,0.2649682043340037,0.32104792757465195,0.6042020086845721,0.1816102423106852,0.16652627846518628,0.8084377285168644,0.14405313326768585,0.011894195446370211
history_h4,2.0,63,e6190070ceb41abd,1.0,0.29012990175664954,0.31877751463455495,0.5299432845186711,0.2835183535857414,0.14570506237108083,0.9266710722894981,nan,nan
history_h16,2.0,63,e6190070ceb41abd,1.0,0.2577765766359857,0.280463597233044,0.4398926900029725,0.3061102200016388,0.14892192530017975,0.9490396609056571,nan,nan
history_h16_chunk4,2.0,63,e6190070ceb41abd,0.0,0.31297980484710464,0.3777104936775908,0.5956971192619296,0.47929104587182086,0.16703342611333832,0.9445899697432839,nan,nan
