method,shift,trial,mass,friction,fragility,tightness,success,object_damage,slip_drop,insertion_failure,excess_force,force_profile_rmse,force_error_variance,retries,handoff_balance_error,mean_speed,insertion_speed,slip_probability,damage_probability
pose_only_visual,0.0,0,0.5697546344813502,0.6956650709176242,9.92880635609631,0.4665071376600688,1.0,0.0,0.0,0.0,0.0,2.285490069125656,1.440832373751935,1.0,0.003775371795571908,0.8575318671212875,0.8103689640238859,0.15725682104298433,0.0
pose_only_visual,0.0,1,0.6019282128686849,0.7578646779536289,9.004528095649597,0.409516753335189,1.0,0.0,0.0,0.0,0.0,2.345059311659447,1.368242029463839,1.0,0.0040074673752802555,0.8589668290599096,0.8168468090210915,0.12273635469588275,0.0
pose_only_visual,0.0,2,0.5291522960415254,0.8245077168677599,8.51682376141016,0.599884991851118,1.0,0.0,0.0,0.0,0.0,2.707892655211215,0.9937261678994731,1.0,0.002262307065358667,0.8506693454721885,0.7780316750544125,0.07888631837362121,0.0
pose_only_visual,0.0,3,0.41880475372517323,0.6173223353501586,9.44825507052746,0.37351993098530867,1.0,0.0,0.0,0.0,0.0,2.631478670445511,1.0723553575101565,1.0,0.0007083697596177568,0.859291204915822,0.8175781809243617,0.07746434962225306,0.0
pose_only_visual,0.0,4,0.44546643471105546,0.665392837320096,10.380290696451372,0.48079539220121637,1.0,0.0,0.0,0.0,0.0,2.645076396513392,1.0525067202540306,1.0,0.001603192496589399,0.8548514739455616,0.7969999490156278,0.07827790183405563,0.0
pose_only_visual,0.0,5,0.5179084221459291,0.6328417097078385,7.720838314459364,0.38918478715520466,1.0,0.0,0.0,0.0,0.0040970942538667045,2.2934184442303724,1.4389468125537925,1.0,0.004111169535458355,0.8609606089772667,0.8242576620906714,0.15150193849525664,0.08120369088831092
pose_only_visual,0.0,6,0.5433396871714277,0.7654718538052383,9.400050642612548,0.28302288206826165,1.0,0.0,0.0,0.0,0.0,2.558951663207235,1.145434048973339,0.0,0.003926456630251251,0.8656316522865253,0.8523308437226996,0.08266358636508184,0.0
pose_only_visual,0.0,7,0.5918059971914781,0.6045559875875135,9.19866605888695,0.4981432130315886,0.0,0.0,1.0,0.0,0.0,1.9961862528245133,1.988479106594467,1.0,0.006496792035244982,0.8556659775741848,0.7960724450152863,0.39688098099477576,0.0
pose_only_visual,0.0,8,0.6021108401424144,0.6125483912611228,7.500018045120819,0.58406956009817,0.0,1.0,1.0,0.0,0.014338415660891272,1.984607058951356,2.0041452854181183,1.0,0.005370589399355949,0.8537087392802288,0.784938555740648,0.4005139692904423,0.30229302357006504
pose_only_visual,0.0,9,0.47487976586092673,0.8153886762973519,7.208588532237339,0.480626956911528,0.0,1.0,0.0,0.0,0.018958800287149,2.8832108913540377,0.8814851402159265,1.0,0.0008161508778325448,0.8573334384619141,0.8092691134362208,0.08089068275440063,0.3685625404353505
pose_only_visual,0.0,10,0.375832927812533,0.7254939025267163,9.022079250403818,0.2521218004354615,1.0,0.0,0.0,0.0,0.0,3.090828243417916,0.7811459751733905,0.0,0.003267901559214933,0.8636861551802342,0.8434716779512339,0.07816228339174724,0.0
pose_only_visual,0.0,11,0.5924492480865005,0.7357505725703251,8.08974862981179,0.4731106277854763,1.0,0.0,0.0,0.0,0.001213275829602088,2.3150263955741193,1.4000436803346827,1.0,0.00422950197930431,0.8580261799788923,0.8109400212642058,0.12386931911718957,0.0
pose_only_visual,0.0,12,0.5724894243455679,0.5841860160183885,8.477880660411913,0.594362529441752,0.0,0.0,1.0,0.0,0.0,1.9879293646333434,1.992635358041511,1.0,0.006382796390680919,0.8508234407064169,0.7752007295638972,0.3980039836413088,0.0
pose_only_visual,0.0,13,0.5027624419265363,0.7127097918540025,9.55108373805699,0.30859539037833733,1.0,0.0,0.0,0.0,0.0,2.567771609499028,1.1349182207931798,0.0,0.003193277924360488,0.8621187887317383,0.8317856317810699,0.07837028387037231,0.0
pose_only_visual,0.0,14,0.5062244797646771,0.8325454103374197,8.685255079194398,0.5088329107374197,1.0,0.0,0.0,0.0,0.0,2.808716423479946,0.9276408745281658,1.0,0.0007083704289538013,0.8537885136722811,0.7941191896919673,0.08104679266424361,0.0
pose_only_visual,0.0,15,0.46250940813290603,0.8121616970893867,10.385167012594277,0.22968390247025341,1.0,0.0,0.0,0.0,0.0,2.9436992238527413,0.8595555429026482,0.0,0.004874247047146898,0.8625894773831497,0.8389686639306302,0.07860323673560259,0.0
pose_only_visual,0.0,16,0.5334335399131376,0.6767674675534582,9.575652737511565,0.49610760000663,1.0,0.0,0.0,0.0,0.0,2.3512166008353352,1.3510614265719223,1.0,0.003390199705282687,0.8554893121142205,0.7967758997600599,0.12442468302700853,0.0
pose_only_visual,0.0,17,0.4837782726404778,0.7370964178283819,8.728710451887203,0.5177870849364581,1.0,0.0,0.0,0.0,0.0,2.67649201587508,1.024086153661962,1.0,0.0011414423657373112,0.8543560257541984,0.7947091009615067,0.08356791618219578,0.0
pose_only_visual,0.0,18,0.5854627568049409,0.76140442537596,8.141548931888856,0.439355885337092,1.0,0.0,0.0,0.0,0.00043402364514056593,2.400687924028473,1.2974414594716959,1.0,0.004026289786330303,0.8567814656018943,0.8052207772064736,0.09892778652682645,0.0
pose_only_visual,0.0,19,0.4381745325524635,0.713304571615957,7.482966310925253,0.5678367228140602,0.0,1.0,0.0,0.0,0.014171447341380103,2.7858945790541934,0.9394127102470883,1.0,0.0016266552110439855,0.8532776359460466,0.786814539345145,0.07771408881643795,0.29977218942296346
pose_only_visual,0.0,20,0.6076919247977448,0.7813274140973446,7.584228770646277,0.3301660667180608,1.0,0.0,0.0,0.0,0.004981543397607036,2.389642458037126,1.3217609262294128,0.0,0.0030469772638387353,0.8628028275548735,0.8353830341130714,0.09927236092958475,0.10758551053783516
pose_only_visual,0.0,21,0.37019440620656224,0.621940199800507,8.533603473564739,0.5091629529808943,1.0,0.0,0.0,0.0,0.0,2.844416591002837,0.9041295379873754,1.0,0.0023480957319025617,0.855371407817786,0.7962858396502513,0.07870109721597375,0.0
pose_only_visual,0.0,22,0.46725301551157894,0.5862793086957268,9.217392425409948,0.42803733827692336,0.0,0.0,1.0,0.0,0.0,2.3372916755329673,1.3761094901603388,1.0,0.0025103543068021733,0.8578155639402771,0.8102083658106485,0.1242414320654449,0.0
pose_only_visual,0.0,23,0.44827100866528524,0.7756891589813308,9.483904603324811,0.6045834967018143,1.0,0.0,0.0,0.0,0.0,2.8842194432819053,0.8737797914273868,1.0,0.0022772779064190833,0.8511172833034243,0.7757400713698731,0.08255654562943845,0.0
pose_only_visual,0.0,24,0.46580258971014843,0.6142945148310499,7.465585929546694,0.34454521859003734,0.0,1.0,0.0,0.0,0.0074067813615626525,2.4342342404381414,1.2686586433059346,1.0,0.0028054007528803856,0.8646073271434435,0.8408693856099211,0.09866305745753536,0.17127807128491124
pose_only_visual,0.0,25,0.47473004843642197,0.7890755770627569,8.563367007592472,0.6064592027389506,1.0,0.0,0.0,0.0,0.0,2.8173742625235003,0.9157816510173652,1.0,0.0009119163154814288,0.8507300884447563,0.7753027140714336,0.07957614978601275,0.0
pose_only_visual,0.0,26,0.4501168415059062,0.6069480303389573,9.389563974567345,0.5484274329619313,0.0,0.0,1.0,0.0,0.0,2.4561894822799304,1.2248952555429822,1.0,0.0025876329162433866,0.8530209240029365,0.7838440932371269,0.09691354143554662,0.0
pose_only_visual,0.0,27,0.4309671373956963,0.620308571661349,8.37914444537798,0.5205651438411382,1.0,0.0,0.0,0.0,0.0,2.575709364243812,1.109770545428833,1.0,0.002589659730708839,0.8541873669700534,0.7917943619899762,0.0786872361975604,0.0
pose_only_visual,0.0,28,0.3671457378094934,0.583425352024376,8.375423853341083,0.3153336257675682,0.0,0.0,1.0,0.0,0.0,2.7683082704583337,0.9685314213359157,0.0,0.0016028693163136088,0.8620303269658349,0.8314211638445898,0.0794669392891869,0.0
pose_only_visual,0.0,29,0.4066523382499193,0.6161141372166462,8.91340862597221,0.5728369569718861,1.0,0.0,0.0,0.0,0.0,2.6615612573415475,1.0319883088911224,1.0,0.0024451443941650706,0.8525883979061675,0.7831919780116822,0.08041873605630244,0.0
pose_only_visual,0.0,30,0.5187786452963434,0.6333501648713288,9.304937073335743,0.3042195652891903,1.0,0.0,0.0,0.0,0.0,2.2990982161305054,1.4410902464784894,0.0,0.0033544533573915914,0.8647502853276873,0.8454556879016898,0.16195560872907866,0.0
pose_only_visual,0.0,31,0.5757884922527098,0.7767773634161448,9.695962276391468,0.5409203303385764,1.0,0.0,0.0,0.0,0.0,2.4577039751649616,1.2239889734918945,1.0,0.003088425611269344,0.8526428180423642,0.7843006447948084,0.09954232594147233,0.0
pose_only_visual,0.0,32,0.4028696256210962,0.6895543845735514,7.629566950589093,0.3856626363910396,1.0,0.0,0.0,0.0,0.005444049483696799,2.8869453943658123,0.88469877885637,1.0,0.0033477306937802036,0.857888466722957,0.8138965748777428,0.07862797373192446,0.12107835867476313
pose_only_visual,0.0,33,0.42426068662432903,0.8348411458542973,7.271265799282938,0.5852962143870183,0.0,1.0,0.0,0.0,0.02126726225103435,3.087970781623241,0.7677828204407137,1.0,0.002411782105746959,0.8501513960123015,0.7772285696985185,0.08415421394034103,0.3992756820455148
pose_only_visual,0.0,34,0.6073482947869199,0.6065676850735883,8.299061985109944,0.6152677928703569,0.0,0.0,1.0,0.0,0.0012462462034071248,1.9589195785333302,2.076050005384624,1.0,0.006154088703785807,0.8508190412437757,0.7726534030945954,0.536245986429775,0.0
pose_only_visual,0.0,35,0.40356305803208614,0.6626069889383562,8.134756339952396,0.6024586821387575,1.0,0.0,0.0,0.0,0.002465638981985625,2.7971196011246335,0.9295463802853017,1.0,0.00030268382442880207,0.8517572705772438,0.7772918584592095,0.07735425256812956,0.030476619541942362
pose_only_visual,0.0,36,0.5401438232268888,0.8238955858340398,8.797561459745479,0.3248450225522986,1.0,0.0,0.0,0.0,0.0,2.696317672550717,1.0225078540601187,1.0,0.003438647557460189,0.8646319949831565,0.84558415499851,0.0782090466443319,0.0
pose_only_visual,0.0,37,0.5403102072237653,0.6787135875871082,8.150416807313974,0.5531046036443374,1.0,0.0,0.0,0.0,0.0016533838114826157,2.328503832347152,1.3735337373185403,1.0,0.004040178939999303,0.8529029309370321,0.784982359296328,0.13134548092601664,0.0
pose_only_visual,0.0,38,0.4964965866092168,0.7546876852674091,9.546468374894507,0.46975763687075833,1.0,0.0,0.0,0.0,0.0,2.6768041647962377,1.0274000638842453,1.0,0.005298548734172916,0.8592713329461283,0.8175207910976818,0.07908273919828109,0.0
pose_only_visual,0.0,39,0.6013296502914438,0.6373963444413367,7.3023571666941045,0.597024320569218,0.0,1.0,1.0,0.0,0.02081142791208836,2.041240064784125,1.8551115641033395,1.0,0.00629931436914911,0.8521868094094811,0.7796695478958828,0.3141349713084898,0.3933317232078044
pose_only_visual,0.0,40,0.490649094486843,0.5849263682522131,9.743457895088808,0.5405323271331126,0.0,0.0,1.0,0.0,0.0,2.237304955333156,1.5012731381199758,1.0,0.003506484918683832,0.8551301454417732,0.7940995506473545,0.1542156902144251,0.0
pose_only_visual,0.0,41,0.40999139115513233,0.7078770792785298,8.20267112780888,0.27976546616508197,1.0,0.0,0.0,0.0,0.0,2.911297095319666,0.8759302956733447,0.0,0.001454337868267389,0.8652694163802727,0.8481063636788192,0.07766716883502994,0.0
pose_only_visual,0.0,42,0.5553192160541075,0.6176312002998184,9.672667574782475,0.33861734008820865,0.0,0.0,1.0,0.0,0.0,2.1362320688665344,1.698047979723578,0.0,0.005352563175472844,0.8620319576030651,0.8302184280744298,0.24275801262003915,0.0
pose_only_visual,0.0,43,0.5890109822898539,0.7506331303321611,7.780099587378043,0.560157744200739,1.0,0.0,0.0,0.0,0.006986355789171485,2.353649263096676,1.3411276679580182,1.0,0.0037824149668847775,0.8526908055248483,0.784410819999484,0.1217235233379075,0.1623879296276618
pose_only_visual,0.0,44,0.43210677794414765,0.6586484265927229,8.859030103745626,0.6047627882454668,1.0,0.0,0.0,0.0,0.0,2.6691931213748337,1.0235150280183791,1.0,0.0010081782115031607,0.8514597503742042,0.7751994241390676,0.07913299183225868,0.0
pose_only_visual,0.0,45,0.40625082462168427,0.7233966573412571,9.637863957167223,0.3318902124737861,1.0,0.0,0.0,0.0,0.0,2.9565672718936766,0.8466051453123077,1.0,0.0032540449637695986,0.8627727280534471,0.8385691028113335,0.07991131748120783,0.0
pose_only_visual,0.0,46,0.5175142255935286,0.6594207639987484,8.128851737763773,0.23853201073995706,1.0,0.0,0.0,0.0,0.0,2.3814285927390686,1.341405982499312,0.0,0.002939942100239809,0.8670385213829762,0.8560019885938954,0.12139321577450347,0.0
pose_only_visual,0.0,47,0.44566591298121727,0.7329401504797858,9.576816503301279,0.3428162603389533,1.0,0.0,0.0,0.0,0.0,2.8242879549101945,0.9276432582930261,1.0,0.003849895718038685,0.8629536563565856,0.8362551563469933,0.07951070418657744,0.0
pose_only_visual,0.0,48,0.4565461796826001,0.7351317936351363,8.91730088477971,0.2683866671531462,1.0,0.0,0.0,0.0,0.0,2.795348691160638,0.9523633546100916,0.0,0.0008509149269671435,0.8632838523010462,0.8429604016691509,0.08245511172462332,0.0
pose_only_visual,0.0,49,0.432075012618576,0.6407965212016147,10.199288833305623,0.5915558051921025,1.0,0.0,0.0,0.0,0.0,2.622284631176102,1.0631270717066945,1.0,0.0018327075391121204,0.8512065903666824,0.7780781167486405,0.07777022851247625,0.0
pose_only_visual,0.0,50,0.43308501927624204,0.7719980589241858,9.678552011816166,0.5782926789122268,1.0,0.0,0.0,0.0,0.0,2.934889405952451,0.8456825930179923,1.0,0.00230449306728536,0.8510313994800068,0.7825253244253919,0.07789890804645448,0.0
pose_only_visual,0.0,51,0.393030372303869,0.715890033750372,10.387820152767599,0.6170728490083196,1.0,0.0,0.0,0.0,0.0,2.9656575359285835,0.826690025359283,1.0,0.00172975265310159,0.849437668873284,0.7722582354090767,0.07774217344408182,0.0
pose_only_visual,0.0,52,0.4055828318922533,0.7240085639852187,8.66270541029097,0.4941081084222826,1.0,0.0,0.0,0.0,0.0,2.9451666459828787,0.8443613223755727,1.0,0.0010721156840087787,0.8570871331130727,0.8079667985426069,0.07756318681944072,0.0
pose_only_visual,0.0,53,0.36214030693902693,0.8494913826786596,9.07482680918268,0.23591768490792359,1.0,0.0,0.0,0.0,0.0,3.3687792926594096,0.6764735025445966,0.0,0.0035969614289454444,0.8660117859006905,0.861550245085961,0.07840162231946123,0.0
pose_only_visual,0.0,54,0.45200121663099585,0.7848496474458587,10.01444246484652,0.45947821132138283,1.0,0.0,0.0,0.0,0.0,2.903602565526573,0.8703679855585071,1.0,0.0045047759342150655,0.8597293078298746,0.8198668366544918,0.0785016132100335,0.0
pose_only_visual,0.0,55,0.4748539122293629,0.8578068430581373,9.820693936620719,0.5228094229493292,1.0,0.0,0.0,0.0,0.0,2.9615078341635495,0.8338305742220984,1.0,0.007241984804481192,0.8554310462514392,0.7991045156729365,0.07925734722627677,0.0
pose_only_visual,0.0,56,0.4042778246307262,0.8445876459210852,8.558828862619935,0.397055934717398,1.0,0.0,0.0,0.0,0.0,3.194023781317358,0.730715536825158,1.0,0.002356730529514516,0.861441487312772,0.8345478723776524,0.07973810461187025,0.0
pose_only_visual,0.0,57,0.535688030046572,0.7146745619685896,9.728740262003917,0.35136261313183814,1.0,0.0,0.0,0.0,0.0,2.454516342633532,1.2455731187823116,1.0,0.0037117973089128373,0.8615495774263779,0.8285303125192981,0.09851282552361462,0.0
pose_only_visual,0.0,58,0.36021772469989033,0.6169669602814378,9.227560401945597,0.34562439033923675,1.0,0.0,0.0,0.0,0.0,2.8918373130401394,0.8839978024994882,1.0,0.0017093066463701916,0.8618785904618129,0.8304137057806685,0.07776948645805241,0.0
pose_only_visual,0.0,59,0.42595980598758143,0.6858287621779392,7.775494307594349,0.623916639914276,0.0,1.0,0.0,0.0,0.009155216991709505,2.761923894276895,0.9524729562454145,1.0,0.0031839258693464436,0.850103774323548,0.7717944177514404,0.07826046271690543,0.20724884307738278
pose_only_visual,0.0,60,0.3777012413196552,0.6682456097953909,8.887631150191714,0.4256922091802178,1.0,0.0,0.0,0.0,0.0,2.937272926069094,0.8525227665814236,1.0,0.00048921863956761,0.8582152258953173,0.8128389595708236,0.07949096832336984,0.0
pose_only_visual,0.0,61,0.3990436547277437,0.6739778027310678,7.658556204838144,0.5217333213012628,0.0,1.0,0.0,0.0,0.008512966542699054,2.8520608857224836,0.8984843131499299,1.0,0.0026941874629676328,0.8547159487388163,0.7948209572226045,0.07923177825940912,0.194220856706815
pose_only_visual,0.0,62,0.3753968356408424,0.6520142225558329,8.267687040430808,0.5729563510079322,1.0,0.0,0.0,0.0,0.0009934501456186125,2.893295003432561,0.8701059283783247,1.0,0.0034211012113479562,0.8523707525740896,0.7828794174825433,0.07949748933918899,0.0
pose_only_visual,0.0,63,0.5962658227650283,0.7826710688907712,9.795598504731998,0.416227927824405,1.0,0.0,0.0,0.0,0.0,2.4194176000460894,1.2782150278134434,1.0,0.0029068486581929234,0.8588456214775827,0.8168695667681986,0.09815998000778801,0.0
pose_only_visual,0.0,64,0.5290081057422477,0.640144938293995,8.95566444734885,0.5601803136193397,1.0,0.0,0.0,0.0,0.0,2.2617367841978804,1.4631297097839882,1.0,0.004038707956102624,0.8516562912343617,0.7818327713793577,0.15415821050624537,0.0
pose_only_visual,0.0,65,0.5022723737843688,0.8114073580837147,8.613650299960444,0.6008140930235685,1.0,0.0,0.0,0.0,0.0,2.7698057959675375,0.9484866038747702,1.0,0.0042946669574325125,0.8492748160805027,0.774079950169609,0.07844387607718896,0.0
pose_only_visual,0.0,66,0.389217320965966,0.8432782887680115,9.992529439368507,0.6323363074562931,1.0,0.0,0.0,0.0,0.0,3.222931297843893,0.7114024633053745,1.0,0.0034818678886723146,0.8487220591531072,0.7680338742495988,0.08317352288569278,0.0
pose_only_visual,0.0,67,0.5481795080488826,0.7311360395173512,10.328457828038124,0.25011042710208786,1.0,0.0,0.0,0.0,0.0,2.4630301725616297,1.2461059527140828,0.0,0.003507799553764302,0.8642923765279458,0.8448493875494695,0.09768614886541441,0.0
pose_only_visual,0.0,68,0.3919760543035586,0.614077410025057,7.8090533795304005,0.24272733927711268,1.0,0.0,0.0,0.0,0.000868424085398782,2.7505163550727794,0.9866310169606157,0.0,0.0016240465668201653,0.8649265321243013,0.8430937956914205,0.08108594149300419,0.0
pose_only_visual,0.0,69,0.535251340359133,0.6721088328782255,9.151558285304413,0.43748792176008255,1.0,0.0,0.0,0.0,0.0,2.337831968266212,1.3743912520992607,1.0,0.0032093383662713444,0.8558751254598369,0.8034300133810285,0.12261335594757328,0.0
pose_only_visual,0.0,70,0.38591945449408566,0.7448150707423196,7.3612998335106825,0.31409314483491146,0.0,1.0,0.0,0.0,0.008927468222903114,3.084586614188408,0.781295766331771,1.0,0.0014893750416839768,0.8630164749346811,0.8394644411330504,0.07966717937691156,0.20265326326412436
pose_only_visual,0.0,71,0.5023280383666919,0.6936409719941004,7.897085755939925,0.3238752313392876,1.0,0.0,0.0,0.0,0.0010551650683265337,2.5191558232951214,1.1807110131535834,1.0,0.0031697160224562343,0.8629998608297156,0.8325399612332053,0.07882962393320068,0.0
pose_only_visual,0.0,72,0.57479536720992,0.7193179200882096,7.95318115682607,0.4117677690750261,1.0,0.0,0.0,0.0,0.001583758772160943,2.333978259136048,1.3821745095053135,1.0,0.003311658486557313,0.8597520851748577,0.8211132353577959,0.12291222668103767,0.0
pose_only_visual,0.0,73,0.5428383074696254,0.8098562439793563,9.678443745878656,0.25165160066474745,1.0,0.0,0.0,0.0,0.0,2.6640667493504266,1.0542656057169852,0.0,0.003607179098530233,0.8652036907849369,0.8510346388811721,0.08080766069429357,0.0
pose_only_visual,0.0,74,0.49204312458834365,0.7803886441319797,7.750926482091081,0.583213578581017,0.0,1.0,0.0,0.0,0.008391695717050788,2.739985870792527,0.9709710633347113,1.0,0.0009877201920633473,0.8525217494042414,0.7829379129486583,0.07783651631318951,0.19173696594097345
pose_only_visual,0.0,75,0.47257102666322015,0.7417260864585002,8.603135415083194,0.40769271596734313,1.0,0.0,0.0,0.0,0.0,2.7383687462487103,0.9842250483064923,1.0,0.002779856345347443,0.8597644977858171,0.8200803741077279,0.0780287605356155,0.0
pose_only_visual,0.0,76,0.5945605320985965,0.5880956464058065,8.791691866948835,0.3988019445601117,0.0,0.0,1.0,0.0,0.0,1.961758739376781,2.1148229148978936,0.0,0.005602537556132216,0.8607994428864535,0.8237399628000014,0.6067762375762965,0.0
pose_only_visual,0.0,77,0.4285821966114237,0.6986910512024199,9.855536647353604,0.5286310089782729,1.0,0.0,0.0,0.0,0.0,2.7920038812685433,0.937738428210479,1.0,0.001611224980061223,0.8544286598661696,0.7941512844484,0.07827890760831493,0.0
pose_only_visual,0.0,78,0.5747835930183295,0.799571181275077,9.139833601759689,0.3532978708280902,1.0,0.0,0.0,0.0,0.0,2.5297821657535255,1.1675086333994054,1.0,0.0026801491154454134,0.86232742430365,0.8339012126762323,0.07856466822989629,0.0
pose_only_visual,0.0,79,0.6025577465834011,0.7641865297362634,8.821782130249137,0.3222661266418866,1.0,0.0,0.0,0.0,0.0,2.365668866487196,1.3518503727466393,0.0,0.003665625747088416,0.8619656557792874,0.8304501014097256,0.12204495839938914,0.0
pose_only_visual,0.0,80,0.6092845390405235,0.6828042015704784,9.088139412188214,0.5987513127704407,1.0,0.0,0.0,0.0,0.0,2.127989601180528,1.6749798275063679,1.0,0.00552689303311583,0.8518454707305355,0.7757900688186989,0.2078321523532707,0.0
pose_only_visual,0.0,81,0.37767462233583743,0.7285482821836934,8.461246779411674,0.5939716769399745,1.0,0.0,0.0,0.0,0.0,3.0570508318922824,0.7816686456765566,1.0,0.0022329042256580404,0.8496260985978322,0.7707739819161356,0.07904636987935013,0.0
pose_only_visual,0.0,82,0.455648404983029,0.8189734519380047,8.63074413088978,0.4248585215381232,1.0,0.0,0.0,0.0,0.0,2.9627552801093517,0.8382408488732219,1.0,0.0012164632780601457,0.8562467401682864,0.8077795208845006,0.07760244101221467,0.0
pose_only_visual,0.0,83,0.6060464691063199,0.6672814967502485,10.229921418927788,0.622272713924907,1.0,0.0,0.0,0.0,0.0,2.097664361468554,1.7295651942311214,1.0,0.004267620500490497,0.850208835329334,0.7696044814891276,0.24647257351550805,0.0
pose_only_visual,0.0,84,0.44141734264734633,0.8057015891388193,8.835478715209444,0.40887707952848296,1.0,0.0,0.0,0.0,0.0,2.9887959845308165,0.8249110071143444,1.0,0.0013093830125595228,0.8566300732741122,0.8108446307825273,0.07762771942829273,0.0
pose_only_visual,0.0,85,0.6140745177893092,0.7357377226948844,9.491121981842417,0.4953952313535579,1.0,0.0,0.0,0.0,0.0,2.2497998434860484,1.488331190544534,1.0,0.004554294654617571,0.8560320054192,0.7984353988266923,0.15408978971021414,0.0
pose_only_visual,0.0,86,0.38725727524511655,0.8585111033537351,8.48225266240615,0.2910982382704308,1.0,0.0,0.0,0.0,0.0,3.2876539726162504,0.700313403562634,1.0,0.005869289321802318,0.863982549115029,0.8457430490016172,0.08286670383810532,0.0
pose_only_visual,0.0,87,0.5961958845701751,0.8404660847369219,7.258435814819333,0.33558823857743536,0.0,1.0,0.0,0.0,0.012015472507977932,2.5553085227343137,1.1443669722705212,1.0,0.0015592685641351376,0.8632469990880084,0.8403715610991945,0.07952674236145302,0.262758080143466
pose_only_visual,0.0,88,0.5401231257047352,0.7395022651863136,8.348971464955316,0.3693354896351903,1.0,0.0,0.0,0.0,0.0,2.499688779030961,1.1962340572022034,1.0,0.002516286055627136,0.8613206753138608,0.8296497855418196,0.08198562362953325,0.0
pose_only_visual,0.0,89,0.393534324517801,0.8214312722680979,8.417970824855864,0.6139813112734414,1.0,0.0,0.0,0.0,0.000340762013034021,3.171884360583466,0.7312311232159976,1.0,0.001474278298241763,0.8491554548689719,0.7677008152511731,0.07794192768435632,0.0
pose_only_visual,0.0,90,0.45047650676761586,0.6990725498110298,8.816905837235915,0.43879117821440905,1.0,0.0,0.0,0.0,0.0,2.7158172325767325,0.9990699523444279,1.0,0.0007860919635370199,0.8587025064145193,0.815890377733014,0.07748545863577296,0.0
pose_only_visual,0.0,91,0.5505760366713719,0.6879699015836909,8.450025425755173,0.4242696367575729,1.0,0.0,0.0,0.0,0.0,2.330205546451136,1.3856815473915356,1.0,0.003415430264105288,0.8596469257697166,0.815603365731915,0.12306893862236865,0.0
pose_only_visual,0.0,92,0.38696557721732716,0.81765755382021,7.52917083319054,0.4011939524964515,0.0,1.0,0.0,0.0,0.007685140861290368,3.209884263727637,0.7244454200668851,1.0,0.0022295402383387918,0.8580160154813702,0.8170888869790017,0.07787845164114483,0.17711216370959648
pose_only_visual,0.0,93,0.3692958513535173,0.6547946567464118,8.203125044191879,0.5083668844766961,1.0,0.0,0.0,0.0,0.0007439159753930609,2.932925870419989,0.8505298170366821,1.0,0.0015226760705721544,0.8536476395375138,0.7891295873657499,0.07973667027888597,0.0
pose_only_visual,0.0,94,0.5156322539881526,0.7294159798222997,7.944246551768396,0.5158902303696288,1.0,0.0,0.0,0.0,0.003411074248468447,2.5451547110774624,1.1384979941256002,1.0,0.0024201518366072667,0.853778769850525,0.7909306350755824,0.08232103582645536,0.06020482488209988
pose_only_visual,0.0,95,0.6032432087490859,0.6406001060328571,9.07060069002556,0.5634951877101471,0.0,0.0,1.0,0.0,0.0,2.0464769955436886,1.8487939570517344,1.0,0.006619756485795138,0.8529168178902385,0.7866231138402123,0.3131078943609262,0.0
pose_only_visual,0.0,96,0.43439644811160916,0.6533083653181885,7.291207357962624,0.4908682329524716,0.0,1.0,0.0,0.0,0.016840940056412793,2.6561795097170005,1.0425495484763936,1.0,0.0009330194022852345,0.8554125824382632,0.7958913271898828,0.07752537788677223,0.3390060525621039
pose_only_visual,0.0,97,0.4844738086643673,0.6663526495508761,9.447135926679469,0.2444977282576957,1.0,0.0,0.0,0.0,0.0,2.5191926965508515,1.187838175061501,0.0,0.0025110227049987203,0.8663516862990983,0.8547303121584695,0.07871727531366192,0.0
pose_only_visual,0.0,98,0.5666268026988832,0.6995809225404566,8.61975356687244,0.573742892861202,1.0,0.0,0.0,0.0,0.0,2.296016834680646,1.4139362324089486,1.0,0.003294729469791912,0.8522025132717802,0.7780199720274302,0.12858263581341955,0.0
pose_only_visual,0.0,99,0.5748579581084956,0.6985028532062952,8.3895433290886,0.39164090226883924,1.0,0.0,0.0,0.0,0.0,2.283273483152413,1.4527832058263004,1.0,0.003608430791797384,0.8620719555969982,0.8323107833226879,0.151931832988763,0.0
pose_only_visual,0.0,100,0.46315858849755764,0.7582989135828454,7.251633414564413,0.27506159742006736,0.0,1.0,0.0,0.0,0.010347655987668727,2.8230565830191394,0.9327736732231782,0.0,0.0017312364008851891,0.8643869625247049,0.8489551401466482,0.07774257769753776,0.23088133293519075
pose_only_visual,0.0,101,0.6147659075709082,0.6958784685370779,7.211027012091263,0.4878428831862911,0.0,1.0,0.0,0.0,0.019175770291253127,2.1533103908745193,1.6450325554831435,1.0,0.005127315692439855,0.8565899198499339,0.801735728000529,0.19844849274861973,0.3715148814266951
pose_only_visual,0.0,102,0.44271136004429995,0.8157823617693378,8.102533054696213,0.22133315246218843,1.0,0.0,0.0,0.0,0.0,3.0216962239379823,0.8169478110349817,0.0,0.0052913342507672125,0.8667791158561938,0.8585359838316587,0.07871810171504669,0.0
pose_only_visual,0.0,103,0.38212855865164935,0.645000239009458,9.389788333897851,0.4069086155709125,1.0,0.0,0.0,0.0,0.0,2.8618447745366367,0.8991608403254454,1.0,0.004382505328022867,0.8604867190344717,0.8207037130300258,0.0784680089937632,0.0
pose_only_visual,0.0,104,0.607379502195288,0.7211491896646436,9.434916064761277,0.24120479490330307,1.0,0.0,0.0,0.0,0.0,2.2552704376885178,1.511893734758186,0.0,0.004794062916713212,0.8656187671144968,0.8538498652597802,0.1629485370297745,0.0
pose_only_visual,0.0,105,0.4977500218128912,0.8256989729880629,9.737169687990749,0.26701884376886753,1.0,0.0,0.0,0.0,0.0,2.8459887008070806,0.9179469233683819,0.0,0.0072390725543590075,0.8650549648500881,0.8491857832275452,0.07925653964165413,0.0
pose_only_visual,0.0,106,0.43842648464341233,0.6294630603975735,10.315479483674782,0.43843611191681764,1.0,0.0,0.0,0.0,0.0,2.578724431063672,1.1138386222669736,1.0,0.0021068254842144,0.8565394710913055,0.8038279295165865,0.07993596468948062,0.0
pose_only_visual,0.0,107,0.4020416784537984,0.7280724682957099,9.595325303457487,0.49046798870816344,1.0,0.0,0.0,0.0,0.0,2.9685057162056028,0.8316601383433346,1.0,0.0007227959795394033,0.8550524643682441,0.8000557979634199,0.07900785794824657,0.0
pose_only_visual,0.0,108,0.5084386075683284,0.6615950056354445,7.2373639159296745,0.4284979811856606,0.0,1.0,0.0,0.0,0.015980293119578805,2.402607199275318,1.2962872897374826,1.0,0.0019273242259479745,0.8589183697450703,0.8140713874627756,0.10175176873685658,0.3266032658181003
pose_only_visual,0.0,109,0.45115630705332826,0.7843484606630592,7.882576708525335,0.2478306128418791,1.0,0.0,0.0,0.0,0.00033591991775473577,2.925656838137819,0.8691452777483248,0.0,0.00046505696614960464,0.864950175547637,0.8486429749967758,0.08246225357315132,0.0
pose_only_visual,0.0,110,0.5382241470986016,0.588060480795212,7.92147628135813,0.4953887174349766,0.0,0.0,1.0,0.0,0.0033090217821823854,2.0953349525674856,1.7540883760939001,1.0,0.004405568729995627,0.8578007597251426,0.8046260515042741,0.25026716877833005,0.057040285687549486
pose_only_visual,0.0,111,0.48910790067080834,0.7288374012042677,9.107275852786044,0.3321011119099128,1.0,0.0,0.0,0.0,0.0,2.654570763660688,1.0560348402512416,1.0,0.002044118677218528,0.861204793936954,0.8324232459935763,0.07782786682927738,0.0
pose_only_visual,0.0,112,0.6102991721897311,0.8003353128212043,10.306855415588672,0.5160036231292365,1.0,0.0,0.0,0.0,0.0,2.4089011437312418,1.280172108879522,1.0,0.0029439699115867742,0.855140175534309,0.7960455068386513,0.10337565994268036,0.0
pose_only_visual,0.0,113,0.6050185821935056,0.7671121565810005,7.817367718539909,0.3320929540715347,1.0,0.0,0.0,0.0,0.001772414647803681,2.3643444781616396,1.352431679345081,1.0,0.003455589969712486,0.863652551791001,0.8377131307766401,0.12197883291375101,0.0
pose_only_visual,0.0,114,0.3848978763368965,0.6513938661038041,8.161697718523179,0.3158558378708585,1.0,0.0,0.0,0.0,0.0,2.8748229974833244,0.8963507930667178,1.0,0.0003950405847163118,0.8641578954157804,0.8440680221827229,0.08041378344779862,0.0
pose_only_visual,0.0,115,0.6013986728236287,0.6169038353183046,9.302962440782217,0.3662156489079602,0.0,0.0,1.0,0.0,0.0,2.011199161210525,1.972930676964636,0.0,0.0058805772426949576,0.8595889668040437,0.8162326335506475,0.35012507501945156,0.0
pose_only_visual,0.0,116,0.38206521216012623,0.5930356527802211,8.980037419168504,0.548854959892866,0.0,0.0,1.0,0.0,0.0,2.7059634928003358,0.9987909424647735,1.0,0.0016013404698645268,0.8547148349204277,0.792988166414536,0.0810888463822647,0.0
pose_only_visual,0.0,117,0.4037091551702729,0.6798409755270093,9.195772879639682,0.5812943839518151,1.0,0.0,0.0,0.0,0.0,2.841517506890723,0.9016234004688909,1.0,0.0009269807183061161,0.8537313744296485,0.7915759136087421,0.07967081403119472,0.0
pose_only_visual,0.0,118,0.3683971361860289,0.596935831921907,9.023820112428535,0.5628578276598043,0.0,0.0,1.0,0.0,0.0,2.778475602532849,0.9448876505444576,1.0,0.004557350907682402,0.8517241904915016,0.781738941967524,0.08000883573721025,0.0
pose_only_visual,0.0,119,0.6160626200822963,0.8386633505023193,7.340273914080105,0.22081589687470338,0.0,1.0,0.0,0.0,0.006593444339611522,2.5026861135384872,1.2068336627425613,0.0,0.0016681049069050713,0.8665324714654193,0.8572629881336943,0.08559527442912301,0.15373319527045692
pose_only_visual,0.0,120,0.5090488432513105,0.7308131244950206,8.68084619460941,0.28073957887829065,1.0,0.0,0.0,0.0,0.0,2.5929903645167496,1.1139279294431856,0.0,0.0011511194821627842,0.8632221086841457,0.8402956491267765,0.07758579908248776,0.0
pose_only_visual,0.0,121,0.48102827607491055,0.7847305352770033,7.886180133561505,0.6260930843526223,1.0,0.0,0.0,0.0,0.006748707637308521,2.784034432035583,0.936954690390568,1.0,0.0035742705791241966,0.849618864524686,0.7717399333143763,0.08165395637507877,0.1573205974997568
pose_only_visual,0.0,122,0.6126696473858321,0.7024790491376974,8.27721143011322,0.5190303816269661,1.0,0.0,0.0,0.0,0.0003026598133560424,2.172293490622844,1.6076896682421862,1.0,0.004731218969809625,0.8545892735374959,0.7954514456125767,0.19448653999174417,0.0
pose_only_visual,0.0,123,0.36708224743931034,0.5888087882337818,8.346832862869162,0.3857895679839066,0.0,0.0,1.0,0.0,0.0,2.777758556435784,0.9570059973110908,1.0,0.0008968950555725585,0.8601893880709142,0.822050725651996,0.07898443835155682,0.0
pose_only_visual,0.0,124,0.5300069944021583,0.8138506383312799,9.398051946842012,0.564870005626595,1.0,0.0,0.0,0.0,0.0,2.685748747972556,1.0133376154513887,1.0,0.003382596019908038,0.8510931197279945,0.7777040150748988,0.07901141391417207,0.0
pose_only_visual,0.0,125,0.5707605596011739,0.8521549647512008,7.306342412320508,0.3094022654214312,0.0,1.0,0.0,0.0,0.01008756803044342,2.660067828870479,1.0531621643070948,0.0,0.000712889436107486,0.8630415562403567,0.8402798732745358,0.07746557700251559,0.2257875621528289
pose_only_visual,0.0,126,0.5412267821293106,0.8438113355006579,7.651645529626324,0.6067453587196688,0.0,1.0,0.0,0.0,0.01138265614563794,2.708257252681261,0.9929549588347987,1.0,0.0024347668245199164,0.8507954497839778,0.775948673127716,0.0779344745515039,0.25082172910735256
pose_only_visual,0.0,127,0.47961687419948135,0.6983318819568027,8.222109245361771,0.4705376761797003,1.0,0.0,0.0,0.0,0.00016773710415767334,2.6007875156078017,1.0913778607113436,1.0,0.0017435319209027072,0.8560599068113481,0.7990277632653692,0.08097161426249189,0.0
pose_only_visual,0.0,128,0.3734297129112865,0.6507832167724599,10.192340933626785,0.3123253309550728,1.0,0.0,0.0,0.0,0.0,2.923474522304919,0.8668376988349016,1.0,0.0027334067776731068,0.8613630917657886,0.8352791001931682,0.07801606342193541,0.0
pose_only_visual,0.0,129,0.47185475701366497,0.6690109911120813,7.700396684525751,0.5265455981014419,0.0,1.0,0.0,0.0,0.007714736305422475,2.5482706200013454,1.1346601846085305,1.0,0.0052328128134764475,0.8532193109549634,0.788677851644426,0.07892874149983382,0.1777300293235371
pose_only_visual,0.0,130,0.45783298691620344,0.7659805582394953,10.331101708766885,0.6152140764220878,1.0,0.0,0.0,0.0,0.0,2.827489638432458,0.9086298444741429,1.0,0.0007570102957689409,0.8509087962318921,0.7785044783141533,0.07753862762209854,0.0
pose_only_visual,0.0,131,0.5324907704858952,0.6803211102079099,8.4212215104042,0.44492149032160233,1.0,0.0,0.0,0.0,0.0,2.3682321014019725,1.3355583961025639,1.0,0.0029041786634184464,0.8575586904015309,0.8063416529875129,0.12364914437605248,0.0
pose_only_visual,0.0,132,0.5393693938061925,0.8276919154404914,9.416765210496894,0.4619637590350732,1.0,0.0,0.0,0.0,0.0,2.694160552316257,1.0142057949753163,1.0,0.0011722351122856174,0.8567708211106615,0.8095303570799081,0.07759041157743915,0.0
pose_only_visual,0.0,133,0.5391933020121081,0.618097183291904,8.73392325640831,0.5405440242557242,0.0,0.0,1.0,0.0,0.0,2.1701851184252736,1.608299508357875,1.0,0.0037624981102095346,0.8532935035881075,0.7856137321091513,0.19396576394369497,0.0
pose_only_visual,0.0,134,0.5748344119008183,0.8471123446892816,9.413350903914068,0.32231095215105254,1.0,0.0,0.0,0.0,0.0,2.6357775944887205,1.0727077290221947,0.0,0.0023168970575605905,0.860699577853533,0.8264036752397027,0.0779022938640734,0.0
pose_only_visual,0.0,135,0.5390155664165641,0.6269317470773782,7.471353369047332,0.3870801971083561,0.0,1.0,1.0,0.0,0.008598311064131834,2.207424843796223,1.5674396301745062,1.0,0.005264126196675631,0.8631553409286551,0.8310352887939015,0.19725205226548143,0.19596432085672744
pose_only_visual,0.0,136,0.562366932568254,0.7376276687664411,7.566718696903565,0.32684149857487427,1.0,0.0,0.0,0.0,0.005187697467931446,2.4259752452695347,1.27973026630126,0.0,0.0024788440173878715,0.8630610975867109,0.8375264835756439,0.09804731360610018,0.11362511324624269
pose_only_visual,0.0,137,0.5609355045635007,0.6626482658062836,7.725405975558824,0.2795712613132742,1.0,0.0,0.0,0.0,0.0019326206523307924,2.2431946915102174,1.5252433462391313,0.0,0.002868753948471006,0.8645697666537133,0.8443823863168266,0.15529319613329093,0.00746436291509911
pose_only_visual,0.0,138,0.552516654129038,0.7698538449744856,9.046323767496569,0.45070481597490564,1.0,0.0,0.0,0.0,0.0,2.5239210081219556,1.1646348752989035,1.0,0.0019082259847700942,0.8579045304481034,0.8108113535099768,0.07832375408196704,0.0
pose_only_visual,0.0,139,0.5618613068581386,0.8008967138970273,8.864779405796032,0.23310786880297193,1.0,0.0,0.0,0.0,0.0,2.584559434898576,1.1256775501624665,0.0,0.0025936052311024125,0.8660272760399601,0.8553797455319437,0.07883841633225318,0.0
pose_only_visual,0.0,140,0.47217818730492445,0.7485905986355685,7.68363142340509,0.40139004176411697,1.0,0.0,0.0,0.0,0.0049383216149752295,2.756286572054603,0.9714726079161626,1.0,0.005823841234774027,0.8573992397048007,0.815708365740339,0.08163146287789676,0.10631405236591318
pose_only_visual,0.0,141,0.5723999654928833,0.7812280727543623,8.837705392651149,0.2783146716098669,1.0,0.0,0.0,0.0,0.0,2.5021788772217017,1.2020613518067251,0.0,0.0022834910093886035,0.8625810847881373,0.8368650229784876,0.0796269529509297,0.0
pose_only_visual,0.0,142,0.5342037799651264,0.6641252364137221,7.397180162288657,0.36058127844774235,0.0,1.0,0.0,0.0,0.009514803250800926,2.3266279095592077,1.3975299740106246,1.0,0.0048950113412662855,0.8608193389435602,0.8247151437763857,0.12674306473817754,0.21445081371395147
pose_only_visual,0.0,143,0.6133455427722145,0.7883586707861563,7.260201028708287,0.4424886576528938,0.0,1.0,0.0,0.0,0.015839431069893776,2.3792627151217447,1.3224467353214602,1.0,0.003907450335745752,0.8582488062719845,0.8160187983501465,0.10256133711937758,0.32455125510111693
pose_only_visual,0.0,144,0.5685996311420992,0.7986488047539826,8.653712358127748,0.6121278337367725,1.0,0.0,0.0,0.0,0.0,2.5237234394995203,1.150654681023445,1.0,0.0022278970932937897,0.8498694523989693,0.7704339209775124,0.07826946394207221,0.0
pose_only_visual,0.0,145,0.5719918157353517,0.8408437232421961,8.779310620176812,0.5096177140043359,1.0,0.0,0.0,0.0,0.0,2.614196310070019,1.076506392883325,1.0,0.0018787514432576592,0.8537348636025842,0.7917180065687465,0.07931270424986013,0.0
pose_only_visual,0.0,146,0.5642873937422577,0.833979848055877,9.51097932685405,0.5570288615897923,1.0,0.0,0.0,0.0,0.0,2.6193333923318454,1.068333465224885,1.0,0.0011018614804369402,0.853976877861827,0.793682866945943,0.0775712744668009,0.0
pose_only_visual,0.0,147,0.4484044221840232,0.5952900717751484,8.001688494431972,0.4040366780326543,0.0,0.0,1.0,0.0,0.0011209004725833396,2.440936393867152,1.2553148855892546,1.0,0.0019275217557017921,0.8613916944215907,0.827748479608223,0.1008389996772557,0.0
pose_only_visual,0.0,148,0.4490537981363747,0.8212157567419175,9.33672589611515,0.5733454407901817,1.0,0.0,0.0,0.0,0.0,2.9761729526871035,0.8232980657221409,1.0,0.0013485708819442038,0.850631953195087,0.7798892692730768,0.07763838258114814,0.0
pose_only_visual,0.0,149,0.6043649706146194,0.6150234135969829,10.050192696965599,0.2451243485015546,0.0,0.0,1.0,0.0,0.0,2.008908484867637,2.0029682861109075,0.0,0.006447999412489702,0.8667920647596054,0.8527591038539983,0.4011402854917279,0.0
pose_only_visual,0.0,150,0.38854106714507125,0.6463220729440466,9.583855712358483,0.5768961326247998,1.0,0.0,0.0,0.0,0.0,2.821462269781346,0.9149072104428575,1.0,0.0015762971366632811,0.8517602142116603,0.7797107982682939,0.08139799397257902,0.0
pose_only_visual,0.0,151,0.532060342904666,0.5827938329540767,8.540951720876418,0.3287656155989452,0.0,0.0,1.0,0.0,0.0,2.1122938950538717,1.7459606153377019,0.0,0.004519282554417511,0.8629422659758561,0.8342057088888819,0.25374976502446506,0.0
pose_only_visual,0.0,152,0.4058421783177609,0.7712567621861112,9.124894566497185,0.4571744505138269,1.0,0.0,0.0,0.0,0.0,3.0472152306053886,0.7926753509045986,1.0,0.0024663888261309747,0.856503445221346,0.8060007650575379,0.08041648558818587,0.0
pose_only_visual,0.0,153,0.4874146094896865,0.8355210880827335,9.895111389215042,0.3691045540971302,1.0,0.0,0.0,0.0,0.0,2.8910204574148084,0.8831585519367626,1.0,0.002121749511696131,0.8603801490755832,0.8291757539067459,0.08198067873621737,0.0
pose_only_visual,0.0,154,0.45007829273853894,0.7658765296619399,7.806212141414553,0.5477035214956946,1.0,0.0,0.0,0.0,0.006204685123029009,2.862016623573844,0.8907007800176864,1.0,0.004957620444599532,0.8512746343794223,0.781956691470303,0.08176301308963663,0.14282644686722268
pose_only_visual,0.0,155,0.5628935827184398,0.6427702342020288,8.054456619653434,0.413607791317415,1.0,0.0,0.0,0.0,0.0008189034338536222,2.173971035868108,1.6194333169445538,1.0,0.004967626947884585,0.8599132705633359,0.8169336225981064,0.19976292588093997,0.0
pose_only_visual,0.0,156,0.547122339745889,0.6351959136225305,10.17662070919114,0.45473504217223654,0.0,0.0,1.0,0.0,0.0,2.1987093732593443,1.5725161854031109,1.0,0.003952458472403578,0.8568666676487291,0.8032028961248283,0.20043931624057368,0.0
pose_only_visual,0.0,157,0.367973793819275,0.599436208973975,8.401741135785187,0.5604077507666577,0.0,0.0,1.0,0.0,0.0,2.78773857413887,0.9386131221910652,1.0,0.0003946437986534092,0.8553941738212169,0.7958584813073012,0.07839788843488217,0.0
pose_only_visual,0.0,158,0.48676018136301313,0.5895389252436447,9.720552675723846,0.5195622430922151,0.0,0.0,1.0,0.0,0.0,2.266718318442252,1.4609058408025744,1.0,0.003069899405966011,0.8563142372500684,0.7999292188343452,0.15205845385581396,0.0
pose_only_visual,0.0,159,0.47492592181877075,0.6653508977076681,8.884701600058325,0.40790817966362924,1.0,0.0,0.0,0.0,0.0,2.5375617369386263,1.1551209862692655,1.0,0.0016809087676552573,0.8605101599695344,0.8223722459132412,0.08159866441981857,0.0
pose_only_visual,0.0,160,0.5497543902091231,0.651423438094558,8.548682379991746,0.4745736393932316,1.0,0.0,0.0,0.0,0.0,2.2322638017725276,1.5171761016688665,1.0,0.004385450967001669,0.8562307770187564,0.8007554717600909,0.15558239389968992,0.0
pose_only_visual,0.0,161,0.5034330074277455,0.785698279863077,9.916507095193412,0.22192509820365416,1.0,0.0,0.0,0.0,0.0,2.7458634923153102,0.9915770581116852,0.0,0.002204048711862022,0.8664229962979961,0.8588803421879666,0.07787149551962745,0.0
pose_only_visual,0.0,162,0.5483898741237767,0.7634299687625841,10.170145597122467,0.4316043754540164,1.0,0.0,0.0,0.0,0.0,2.52407159994925,1.166209815473115,1.0,0.0021293717940991906,0.8578922965266896,0.8156019360613217,0.07839999798379742,0.0
pose_only_visual,0.0,163,0.4141692614508158,0.6951160765199905,9.210867313787668,0.24638674035116345,1.0,0.0,0.0,0.0,0.0,2.8674951631966534,0.9052115618077056,0.0,0.005408151636005479,0.8645378093663308,0.842781045836025,0.08426439780983565,0.0
pose_only_visual,0.0,164,0.42204629930144094,0.6491668374478521,8.090121092597368,0.5817866336807961,1.0,0.0,0.0,0.0,0.002670179032738231,2.687108369365907,1.0110299835976124,1.0,0.004954292364032613,0.8509571272763368,0.7763166231470421,0.07862526916077835,0.03698687487738295
pose_only_visual,0.0,165,0.38553775237254306,0.8279826913386374,9.116371787574941,0.42304338139483455,1.0,0.0,0.0,0.0,0.0,3.2307745078205365,0.7158503607240514,1.0,0.002298811003838602,0.8581867356183677,0.8175033010583584,0.07789735710421664,0.0
pose_only_visual,0.0,166,0.41553860638837786,0.7902356186328777,9.062890692083876,0.621881389407373,1.0,0.0,0.0,0.0,0.0,3.0325546610576453,0.7921680921723934,1.0,0.002022038514961036,0.8477268839545057,0.762225491971422,0.08321903693855658,0.0
pose_only_visual,0.0,167,0.46259091815603887,0.6872032659012856,7.869487724775066,0.5773641157682584,1.0,0.0,0.0,0.0,0.005893425950531784,2.626539722900438,1.0606099915522322,1.0,0.00136376155048979,0.8545035220238382,0.7927454451192748,0.0776425163746114,0.13399274368501302
pose_only_visual,0.0,168,0.3986905189194313,0.6265408236864742,10.138827396318788,0.23905230897374471,1.0,0.0,0.0,0.0,0.0,2.756228238197437,0.9826121305073081,0.0,0.0019014716418534684,0.8664321302093766,0.8557559890466486,0.07849465721073849,0.0
pose_only_visual,0.0,169,0.5512019945588781,0.7287070697259338,10.155726224672476,0.2884129627667955,1.0,0.0,0.0,0.0,0.0,2.4436431210254472,1.2636832984602138,0.0,0.0036730886486601123,0.8631554469929407,0.838633650997398,0.10838815072960882,0.0
pose_only_visual,0.0,170,0.46079717102595796,0.849239218742526,9.037788775325478,0.35134962967203087,1.0,0.0,0.0,0.0,0.0,3.009542930500254,0.816832828195829,1.0,0.0020139515565652196,0.8602001438250558,0.8298859335632239,0.0778196397901974,0.0
pose_only_visual,0.0,171,0.5891034885196018,0.721400882586269,9.444740325970377,0.34162735622783785,1.0,0.0,0.0,0.0,0.0,2.3013189459269663,1.4336328869374366,0.0,0.00422999394470536,0.8629255362799174,0.8349314683909184,0.15175714462276463,0.0
pose_only_visual,0.0,172,0.5825932145802527,0.7679330455562087,9.770706023254135,0.35430957298127347,1.0,0.0,0.0,0.0,0.0,2.4324511535454882,1.2696805089663639,1.0,0.00489846741664142,0.8610424072169222,0.826939855173202,0.10530689865001727,0.0
pose_only_visual,0.0,173,0.5137730690544653,0.848210727276802,9.877268503549441,0.335792625598944,1.0,0.0,0.0,0.0,0.0,2.8314592784909114,0.9232967429828244,1.0,0.0014308222418988011,0.8615959032988365,0.8353234055848054,0.07766076781921621,0.0
pose_only_visual,0.0,174,0.6067780618087877,0.6531630007371536,7.237409981565239,0.43659217305878434,0.0,1.0,1.0,0.0,0.01630778099892358,2.076598018479695,1.8028036203037283,1.0,0.004695514717552957,0.8596508508192187,0.8145191724615098,0.2768123806299901,0.33134989003526116
pose_only_visual,0.0,175,0.6176751218322776,0.7683904731790014,8.177230949754925,0.5511233336434296,1.0,0.0,0.0,0.0,0.001428001012075651,2.311354296731064,1.396051214349101,1.0,0.002996036695082325,0.8528264580562551,0.7822287165770181,0.12540022230341827,0.0
pose_only_visual,0.0,176,0.41905392043693124,0.6251842408472801,8.318556888901917,0.6202929268192352,1.0,0.0,0.0,0.0,0.0011575058248291506,2.6300980947468267,1.0543104147597337,1.0,0.0015074981890627272,0.8497730956395723,0.767006956767868,0.07905756357205819,0.0
pose_only_visual,0.0,177,0.5307331150243038,0.7401114459126774,9.166831745781641,0.29027364570398584,1.0,0.0,0.0,0.0,0.0,2.5399214631340588,1.1631815089769106,0.0,0.00218938541007632,0.8631877519606079,0.8405267128854378,0.07998852775792877,0.0
pose_only_visual,0.0,178,0.3774365679166846,0.7877009701001514,8.155436701486884,0.5317982665462484,1.0,0.0,0.0,0.0,0.0013732391463821404,3.1795566299702296,0.7313092954399509,1.0,0.0021026000050563902,0.8530259140923113,0.7897013935896887,0.08059325712108996,0.0
pose_only_visual,0.0,179,0.5237968041659224,0.6276300973034512,9.178018435123077,0.5774321044645541,1.0,0.0,0.0,0.0,0.0,2.243069848004091,1.4881116077294654,1.0,0.0033298021594040873,0.8523432946786555,0.7807331276303587,0.1536520124431315,0.0
force_annotated_visual,0.0,0,0.5697546344813502,0.6956650709176242,9.92880635609631,0.4665071376600688,1.0,0.0,0.0,0.0,0.0,0.9251597247122567,0.2042491590097907,0.0,0.003775371795571908,0.8575318671212875,0.8103689640238859,0.10312913965433411,0.0
force_annotated_visual,0.0,1,0.6019282128686849,0.7578646779536289,9.004528095649597,0.409516753335189,1.0,0.0,0.0,0.0,0.0,1.0470788819787886,0.21507437742971047,0.0,0.0040074673752802555,0.8589668290599096,0.8168468090210915,0.0791835843898731,0.0
force_annotated_visual,0.0,2,0.5291522960415254,0.8245077168677599,8.51682376141016,0.599884991851118,1.0,0.0,0.0,0.0,0.0,0.8449372040751012,0.19967139652246857,1.0,0.002262307065358667,0.8506693454721885,0.7780316750544125,0.12478655647752789,0.0
force_annotated_visual,0.0,3,0.41880475372517323,0.6173223353501586,9.44825507052746,0.37351993098530867,0.0,0.0,1.0,0.0,0.0,0.8092038210575074,0.20384424248739702,0.0,0.0007083697596177568,0.859291204915822,0.8175781809243617,0.15302083131166658,0.0
force_annotated_visual,0.0,4,0.44546643471105546,0.665392837320096,10.380290696451372,0.48079539220121637,1.0,0.0,0.0,0.0,0.0,0.8042516032869992,0.20464253369405053,0.0,0.001603192496589399,0.8548514739455616,0.7969999490156278,0.15463661007225,0.0
force_annotated_visual,0.0,5,0.5179084221459291,0.6328417097078385,7.720838314459364,0.38918478715520466,1.0,0.0,0.0,0.0,0.0,0.9929680122075347,0.21414415892322186,0.0,0.004111169535458355,0.8609606089772667,0.8242576620906714,0.09773486804274502,0.0
force_annotated_visual,0.0,6,0.5433396871714277,0.7654718538052383,9.400050642612548,0.28302288206826165,1.0,0.0,0.0,0.0,0.0,0.8270820969498355,0.20244774628808426,0.0,0.003926456630251251,0.8656316522865253,0.8523308437226996,0.16073924194661673,0.0
force_annotated_visual,0.0,7,0.5918059971914781,0.6045559875875135,9.19866605888695,0.4981432130315886,0.0,0.0,1.0,0.0,0.0,0.9312907854177733,0.21178459853258055,0.0,0.006496792035244982,0.8556659775741848,0.7960724450152863,0.09931663468037229,0.0
force_annotated_visual,0.0,8,0.6021108401424144,0.6125483912611228,7.500018045120819,0.58406956009817,0.0,0.0,1.0,0.0,0.0,0.7123832610531544,0.207279320940165,1.0,0.005370589399355949,0.8537087392802288,0.784938555740648,0.18699114486430057,0.0
force_annotated_visual,0.0,9,0.47487976586092673,0.8153886762973519,7.208588532237339,0.480626956911528,1.0,0.0,0.0,0.0,0.0,0.8943069571546731,0.20147131301541435,0.0,0.0008161508778325448,0.8573334384619141,0.8092691134362208,0.1036176478010193,0.0
force_annotated_visual,0.0,10,0.375832927812533,0.7254939025267163,9.022079250403818,0.2521218004354615,1.0,0.0,0.0,0.0,0.0,0.790971499865393,0.19924188723492936,0.0,0.003267901559214933,0.8636861551802342,0.8434716779512339,0.15988800116831633,0.0
force_annotated_visual,0.0,11,0.5924492480865005,0.7357505725703251,8.08974862981179,0.4731106277854763,1.0,0.0,0.0,0.0,0.0,1.0153836475584503,0.21390797792824992,0.0,0.00422950197930431,0.8580261799788923,0.8109400212642058,0.07955234236682467,0.0
force_annotated_visual,0.0,12,0.5724894243455679,0.5841860160183885,8.477880660411913,0.594362529441752,0.0,0.0,1.0,0.0,0.0,0.7235606012710915,0.2033245496570569,1.0,0.006382796390680919,0.8508234407064169,0.7752007295638972,0.15555204401403142,0.0
force_annotated_visual,0.0,13,0.5027624419265363,0.7127097918540025,9.55108373805699,0.30859539037833733,1.0,0.0,0.0,0.0,0.0,0.8871951911088436,0.20247411902817003,0.0,0.003193277924360488,0.8621187887317383,0.8317856317810699,0.12306369130481298,0.0
force_annotated_visual,0.0,14,0.5062244797646771,0.8325454103374197,8.685255079194398,0.5088329107374197,1.0,0.0,0.0,0.0,0.0,0.774459302368922,0.2022699825904473,0.0,0.0007083704289538013,0.8537885136722811,0.7941191896919673,0.16145257331182813,0.0
force_annotated_visual,0.0,15,0.46250940813290603,0.8121616970893867,10.385167012594277,0.22968390247025341,1.0,0.0,0.0,0.0,0.0,0.9313865025412045,0.20422740649508273,0.0,0.004874247047146898,0.8625894773831497,0.8389686639306302,0.12323104790957826,0.0
force_annotated_visual,0.0,16,0.5334335399131376,0.6767674675534582,9.575652737511565,0.49610760000663,1.0,0.0,0.0,0.0,0.0,0.9457920062296744,0.2111647909710751,0.0,0.003390199705282687,0.8554893121142205,0.7967758997600599,0.10047579354689078,0.0
force_annotated_visual,0.0,17,0.4837782726404778,0.7370964178283819,8.728710451887203,0.5177870849364581,1.0,0.0,0.0,0.0,0.0,0.8179502344156897,0.2016002763163283,0.0,0.0011414423657373112,0.8543560257541984,0.7947091009615067,0.13410517113226703,0.0
force_annotated_visual,0.0,18,0.5854627568049409,0.76140442537596,8.141548931888856,0.439355885337092,1.0,0.0,0.0,0.0,0.0,1.0558221486520338,0.21761296856141008,0.0,0.004026289786330303,0.8567814656018943,0.8052207772064736,0.07901588791870752,0.0
force_annotated_visual,0.0,19,0.4381745325524635,0.713304571615957,7.482966310925253,0.5678367228140602,1.0,0.0,0.0,0.0,0.0,0.9470966339081246,0.21064667970601328,1.0,0.0016266552110439855,0.8532776359460466,0.786814539345145,0.09781477284424502,0.0
force_annotated_visual,0.0,20,0.6076919247977448,0.7813274140973446,7.584228770646277,0.3301660667180608,1.0,0.0,0.0,0.0,0.0,0.9485038693245762,0.20628578635986536,0.0,0.0030469772638387353,0.8628028275548735,0.8353830341130714,0.0984907884937735,0.0
force_annotated_visual,0.0,21,0.37019440620656224,0.621940199800507,8.533603473564739,0.5091629529808943,1.0,0.0,0.0,0.0,0.0,1.072288232094674,0.22825454953232993,0.0,0.0023480957319025617,0.855371407817786,0.7962858396502513,0.07926964020784456,0.0
force_annotated_visual,0.0,22,0.46725301551157894,0.5862793086957268,9.217392425409948,0.42803733827692336,0.0,0.0,1.0,0.0,0.0,0.7722526442239562,0.20363664762813383,0.0,0.0025103543068021733,0.8578155639402771,0.8102083658106485,0.1565482267102293,0.0
force_annotated_visual,0.0,23,0.44827100866528524,0.7756891589813308,9.483904603324811,0.6045834967018143,1.0,0.0,0.0,0.0,0.0,0.881939208684817,0.19928709158624963,1.0,0.0022772779064190833,0.8511172833034243,0.7757400713698731,0.10568570279365971,0.0
force_annotated_visual,0.0,24,0.46580258971014843,0.6142945148310499,7.465585929546694,0.34454521859003734,1.0,0.0,0.0,0.0,0.0,0.9343317613342094,0.2036601099850498,0.0,0.0028054007528803856,0.8646073271434435,0.8408693856099211,0.09927825510590765,0.0
force_annotated_visual,0.0,25,0.47473004843642197,0.7890755770627569,8.563367007592472,0.6064592027389506,1.0,0.0,0.0,0.0,0.0,0.7613758896170787,0.19817949850778477,1.0,0.0009119163154814288,0.8507300884447563,0.7753027140714336,0.15838427181118767,0.0
force_annotated_visual,0.0,26,0.4501168415059062,0.6069480303389573,9.389563974567345,0.5484274329619313,0.0,0.0,1.0,0.0,0.0,0.9262380160723135,0.21008166015752996,0.0,0.0025876329162433866,0.8530209240029365,0.7838440932371269,0.09859091078221431,0.0
force_annotated_visual,0.0,27,0.4309671373956963,0.620308571661349,8.37914444537798,0.5205651438411382,1.0,0.0,0.0,0.0,0.0,0.9656702710798916,0.21146415098388188,0.0,0.002589659730708839,0.8541873669700534,0.7917943619899762,0.09857882883414584,0.0
force_annotated_visual,0.0,28,0.3671457378094934,0.583425352024376,8.375423853341083,0.3153336257675682,0.0,0.0,1.0,0.0,0.0,0.9477658687559324,0.20576515667646755,0.0,0.0016028693163136088,0.8620303269658349,0.8314211638445898,0.1007792435560687,0.0
force_annotated_visual,0.0,29,0.4066523382499193,0.6161141372166462,8.91340862597221,0.5728369569718861,0.0,0.0,1.0,0.0,0.0,0.8093702158394751,0.20410508597155172,1.0,0.0024451443941650706,0.8525883979061675,0.7831919780116822,0.12974646884273955,0.0
force_annotated_visual,0.0,30,0.5187786452963434,0.6333501648713288,9.304937073335743,0.3042195652891903,1.0,0.0,0.0,0.0,0.0,0.8707370553021528,0.20285041423775374,0.0,0.0033544533573915914,0.8647502853276873,0.8454556879016898,0.13221909901612042,0.0
force_annotated_visual,0.0,31,0.5757884922527098,0.7767773634161448,9.695962276391468,0.5409203303385764,1.0,0.0,0.0,0.0,0.0,0.7362857440795505,0.2020986331790569,0.0,0.003088425611269344,0.8526428180423642,0.7843006447948084,0.16105066821898675,0.0
force_annotated_visual,0.0,32,0.4028696256210962,0.6895543845735514,7.629566950589093,0.3856626363910396,1.0,0.0,0.0,0.0,0.0,0.8102720082522068,0.1951023278457047,0.0,0.0033477306937802036,0.857888466722957,0.8138965748777428,0.15482847127173735,0.0
force_annotated_visual,0.0,33,0.42426068662432903,0.8348411458542973,7.271265799282938,0.5852962143870183,1.0,0.0,0.0,0.0,0.0,0.7596967666633743,0.2013646001529784,1.0,0.002411782105746959,0.8501513960123015,0.7772285696985185,0.16970235714501408,0.0
force_annotated_visual,0.0,34,0.6073482947869199,0.6065676850735883,8.299061985109944,0.6152677928703569,0.0,0.0,1.0,0.0,0.0,0.7276642364454601,0.20928020340759548,1.0,0.006154088703785807,0.8508190412437757,0.7726534030945954,0.15532707745417346,0.0
force_annotated_visual,0.0,35,0.40356305803208614,0.6626069889383562,8.134756339952396,0.6024586821387575,1.0,0.0,0.0,0.0,0.0,0.8800209840792744,0.2013419524662003,1.0,0.00030268382442880207,0.8517572705772438,0.7772918584592095,0.12068278646241627,0.0
force_annotated_visual,0.0,36,0.5401438232268888,0.8238955858340398,8.797561459745479,0.3248450225522986,1.0,0.0,0.0,0.0,0.0,0.9659576669586366,0.2043920410337016,0.0,0.003438647557460189,0.8646319949831565,0.84558415499851,0.09845107146912338,0.0
force_annotated_visual,0.0,37,0.5403102072237653,0.6787135875871082,8.150416807313974,0.5531046036443374,1.0,0.0,0.0,0.0,0.0,0.865587313989214,0.20378624844154536,1.0,0.004040178939999303,0.8529029309370321,0.784982359296328,0.1306468565192893,0.0
force_annotated_visual,0.0,38,0.4964965866092168,0.7546876852674091,9.546468374894507,0.46975763687075833,1.0,0.0,0.0,0.0,0.0,0.8111077026044907,0.19520061283543044,0.0,0.005298548734172916,0.8592713329461283,0.8175207910976818,0.12748238493498792,0.0
force_annotated_visual,0.0,39,0.6013296502914438,0.6373963444413367,7.3023571666941045,0.597024320569218,1.0,0.0,0.0,0.0,0.0,0.8732867841544494,0.20689398341294604,1.0,0.00629931436914911,0.8521868094094811,0.7796695478958828,0.12208690676488325,0.0
force_annotated_visual,0.0,40,0.490649094486843,0.5849263682522131,9.743457895088808,0.5405323271331126,0.0,0.0,1.0,0.0,0.0,0.8082254559069839,0.2047535050501321,0.0,0.003506484918683832,0.8551301454417732,0.7940995506473545,0.15103498287224776,0.0
force_annotated_visual,0.0,41,0.40999139115513233,0.7078770792785298,8.20267112780888,0.27976546616508197,1.0,0.0,0.0,0.0,0.0,0.9640426197448275,0.20687570611047634,0.0,0.001454337868267389,0.8652694163802727,0.8481063636788192,0.09838237835719997,0.0
force_annotated_visual,0.0,42,0.5553192160541075,0.6176312002998184,9.672667574782475,0.33861734008820865,1.0,0.0,0.0,0.0,0.0,0.9852279347741618,0.21358068029617136,0.0,0.005352563175472844,0.8620319576030651,0.8302184280744298,0.09839764828089326,0.0
force_annotated_visual,0.0,43,0.5890109822898539,0.7506331303321611,7.780099587378043,0.560157744200739,1.0,0.0,0.0,0.0,0.0,0.8741012782118548,0.2038186875009663,1.0,0.0037824149668847775,0.8526908055248483,0.784410819999484,0.12179217750368909,0.0
force_annotated_visual,0.0,44,0.43210677794414765,0.6586484265927229,8.859030103745626,0.6047627882454668,1.0,0.0,0.0,0.0,0.0,0.8457829892365332,0.19859114103737274,1.0,0.0010081782115031607,0.8514597503742042,0.7751994241390676,0.1245901456935494,0.0
force_annotated_visual,0.0,45,0.40625082462168427,0.7233966573412571,9.637863957167223,0.3318902124737861,1.0,0.0,0.0,0.0,0.0,0.8008325191405867,0.20145557885640883,0.0,0.0032540449637695986,0.8627727280534471,0.8385691028113335,0.16101263875104416,0.0
force_annotated_visual,0.0,46,0.5175142255935286,0.6594207639987484,8.128851737763773,0.23853201073995706,1.0,0.0,0.0,0.0,0.0,0.8918390873397408,0.20461887831913514,0.0,0.002939942100239809,0.8670385213829762,0.8560019885938954,0.12252519716980205,0.0
force_annotated_visual,0.0,47,0.44566591298121727,0.7329401504797858,9.576816503301279,0.3428162603389533,1.0,0.0,0.0,0.0,0.0,1.0111167694331002,0.2100032539655126,0.0,0.003849895718038685,0.8629536563565856,0.8362551563469933,0.09922421879978453,0.0
force_annotated_visual,0.0,48,0.4565461796826001,0.7351317936351363,8.91730088477971,0.2683866671531462,1.0,0.0,0.0,0.0,0.0,0.8832903415609634,0.19483324403521765,0.0,0.0008509149269671435,0.8632838523010462,0.8429604016691509,0.12986406823602437,0.0
force_annotated_visual,0.0,49,0.432075012618576,0.6407965212016147,10.199288833305623,0.5915558051921025,1.0,0.0,0.0,0.0,0.0,0.816412828862732,0.20222110668549226,1.0,0.0018327075391121204,0.8512065903666824,0.7780781167486405,0.12514503518699502,0.0
force_annotated_visual,0.0,50,0.43308501927624204,0.7719980589241858,9.678552011816166,0.5782926789122268,1.0,0.0,0.0,0.0,0.0,0.810977071538152,0.19451436474229272,1.0,0.00230449306728536,0.8510313994800068,0.7825253244253919,0.12637260388206592,0.0
force_annotated_visual,0.0,51,0.393030372303869,0.715890033750372,10.387820152767599,0.6170728490083196,1.0,0.0,0.0,0.0,0.0,0.7558975235871306,0.2000438469516704,1.0,0.00172975265310159,0.849437668873284,0.7722582354090767,0.1585160535481506,0.0
force_annotated_visual,0.0,52,0.4055828318922533,0.7240085639852187,8.66270541029097,0.4941081084222826,1.0,0.0,0.0,0.0,0.0,0.8949505298283479,0.20500892640175136,0.0,0.0010721156840087787,0.8570871331130727,0.8079667985426069,0.12189032220166449,0.0
force_annotated_visual,0.0,53,0.36214030693902693,0.8494913826786596,9.07482680918268,0.23591768490792359,1.0,0.0,0.0,0.0,0.0,0.8583957261305747,0.19147501739456077,0.0,0.0035969614289454444,0.8660117859006905,0.861550245085961,0.127992633328793,0.0
force_annotated_visual,0.0,54,0.45200121663099585,0.7848496474458587,10.01444246484652,0.45947821132138283,1.0,0.0,0.0,0.0,0.0,1.0275841617339119,0.21195740021517065,0.0,0.0045047759342150655,0.8597293078298746,0.8198668366544918,0.0796227047744166,0.0
force_annotated_visual,0.0,55,0.4748539122293629,0.8578068430581373,9.820693936620719,0.5228094229493292,1.0,0.0,0.0,0.0,0.0,0.834946218663556,0.19161354469586442,1.0,0.007241984804481192,0.8554310462514392,0.7991045156729365,0.12614096830578048,0.0
force_annotated_visual,0.0,56,0.4042778246307262,0.8445876459210852,8.558828862619935,0.397055934717398,1.0,0.0,0.0,0.0,0.0,0.9115618065236061,0.20098249608988128,0.0,0.002356730529514516,0.861441487312772,0.8345478723776524,0.10298458362528332,0.0
force_annotated_visual,0.0,57,0.535688030046572,0.7146745619685896,9.728740262003917,0.35136261313183814,1.0,0.0,0.0,0.0,0.0,0.8726938757075154,0.201526689525948,0.0,0.0037117973089128373,0.8615495774263779,0.8285303125192981,0.12425681354889391,0.0
force_annotated_visual,0.0,58,0.36021772469989033,0.6169669602814378,9.227560401945597,0.34562439033923675,1.0,0.0,0.0,0.0,0.0,0.8532471664258732,0.20040280055158385,0.0,0.0017093066463701916,0.8618785904618129,0.8304137057806685,0.12523517888169874,0.0
force_annotated_visual,0.0,59,0.42595980598758143,0.6858287621779392,7.775494307594349,0.623916639914276,1.0,0.0,0.0,0.0,0.0,0.7623054359190967,0.20270412648638347,1.0,0.0031839258693464436,0.850103774323548,0.7717944177514404,0.15642755624423094,0.0
force_annotated_visual,0.0,60,0.3777012413196552,0.6682456097953909,8.887631150191714,0.4256922091802178,1.0,0.0,0.0,0.0,0.0,0.9298590592350581,0.20818411030205372,0.0,0.00048921863956761,0.8582152258953173,0.8128389595708236,0.1017005892776792,0.0
force_annotated_visual,0.0,61,0.3990436547277437,0.6739778027310678,7.658556204838144,0.5217333213012628,1.0,0.0,0.0,0.0,0.0,0.9080107173956269,0.2063293216942171,0.0,0.0026941874629676328,0.8547159487388163,0.7948209572226045,0.10127985197302225,0.0
force_annotated_visual,0.0,62,0.3753968356408424,0.6520142225558329,8.267687040430808,0.5729563510079322,1.0,0.0,0.0,0.0,0.0,0.9418369226972234,0.20944960807236868,1.0,0.0034211012113479562,0.8523707525740896,0.7828794174825433,0.10041395521926275,0.0
force_annotated_visual,0.0,63,0.5962658227650283,0.7826710688907712,9.795598504731998,0.416227927824405,1.0,0.0,0.0,0.0,0.0,0.9471053847888453,0.20773165112927708,0.0,0.0029068486581929234,0.8588456214775827,0.8168695667681986,0.09859368010102662,0.0
force_annotated_visual,0.0,64,0.5290081057422477,0.640144938293995,8.95566444734885,0.5601803136193397,1.0,0.0,0.0,0.0,0.0,0.6905173946547009,0.20205626940445634,1.0,0.004038707956102624,0.8516562912343617,0.7818327713793577,0.19333449266703992,0.0
force_annotated_visual,0.0,65,0.5022723737843688,0.8114073580837147,8.613650299960444,0.6008140930235685,1.0,0.0,0.0,0.0,0.0,0.8352839042613965,0.1940595686539051,1.0,0.0042946669574325125,0.8492748160805027,0.774079950169609,0.12415078958743021,0.0
force_annotated_visual,0.0,66,0.389217320965966,0.8432782887680115,9.992529439368507,0.6323363074562931,1.0,0.0,0.0,0.0,0.0,0.8297051921166279,0.19694020352096636,1.0,0.0034818678886723146,0.8487220591531072,0.7680338742495988,0.1337282075636259,0.0
force_annotated_visual,0.0,67,0.5481795080488826,0.7311360395173512,10.328457828038124,0.25011042710208786,1.0,0.0,0.0,0.0,0.0,0.943959893184205,0.20626028900339333,0.0,0.003507799553764302,0.8642923765279458,0.8448493875494695,0.12118198977077237,0.0
force_annotated_visual,0.0,68,0.3919760543035586,0.614077410025057,7.8090533795304005,0.24272733927711268,1.0,0.0,0.0,0.0,0.0,1.0859769308706364,0.21963769185456955,0.0,0.0016240465668201653,0.8649265321243013,0.8430937956914205,0.08170909887291979,0.0
force_annotated_visual,0.0,69,0.535251340359133,0.6721088328782255,9.151558285304413,0.43748792176008255,1.0,0.0,0.0,0.0,0.0,0.7635233093380875,0.19759115010628128,0.0,0.0032093383662713444,0.8558751254598369,0.8034300133810285,0.15437289356636563,0.0
force_annotated_visual,0.0,70,0.38591945449408566,0.7448150707423196,7.3612998335106825,0.31409314483491146,1.0,0.0,0.0,0.0,0.0,0.922876907732203,0.2014274794044125,0.0,0.0014893750416839768,0.8630164749346811,0.8394644411330504,0.10231040943762985,0.0
force_annotated_visual,0.0,71,0.5023280383666919,0.6936409719941004,7.897085755939925,0.3238752313392876,1.0,0.0,0.0,0.0,0.0,0.9956817104411129,0.20493280282821508,0.0,0.0031697160224562343,0.8629998608297156,0.8325399612332053,0.09733974258956848,0.0
force_annotated_visual,0.0,72,0.57479536720992,0.7193179200882096,7.95318115682607,0.4117677690750261,1.0,0.0,0.0,0.0,0.0,0.8886984037376254,0.20128524502425227,0.0,0.003311658486557313,0.8597520851748577,0.8211132353577959,0.12168476010054052,0.0
force_annotated_visual,0.0,73,0.5428383074696254,0.8098562439793563,9.678443745878656,0.25165160066474745,1.0,0.0,0.0,0.0,0.0,0.9020806954714736,0.20208401376132828,0.0,0.003607179098530233,0.8652036907849369,0.8510346388811721,0.12703376094056765,0.0
force_annotated_visual,0.0,74,0.49204312458834365,0.7803886441319797,7.750926482091081,0.583213578581017,1.0,0.0,0.0,0.0,0.0,0.9603719630504542,0.20966926873747635,1.0,0.0009877201920633473,0.8525217494042414,0.7829379129486583,0.09740714262182651,0.0
force_annotated_visual,0.0,75,0.47257102666322015,0.7417260864585002,8.603135415083194,0.40769271596734313,1.0,0.0,0.0,0.0,0.0,0.8235531837450826,0.19718875942441602,0.0,0.002779856345347443,0.8597644977858171,0.8200803741077279,0.12566739327596818,0.0
force_annotated_visual,0.0,76,0.5945605320985965,0.5880956464058065,8.791691866948835,0.3988019445601117,0.0,0.0,1.0,0.0,0.0,0.7136562097327024,0.2115168605458099,0.0,0.005602537556132216,0.8607994428864535,0.8237399628000014,0.1914326912128013,0.0
force_annotated_visual,0.0,77,0.4285821966114237,0.6986910512024199,9.855536647353604,0.5286310089782729,1.0,0.0,0.0,0.0,0.0,0.8770826045687561,0.20448544409017494,0.0,0.001611224980061223,0.8544286598661696,0.7941512844484,0.1235719638336678,0.0
force_annotated_visual,0.0,78,0.5747835930183295,0.799571181275077,9.139833601759689,0.3532978708280902,1.0,0.0,0.0,0.0,0.0,0.9236097230327589,0.20538437590990705,0.0,0.0026801491154454134,0.86232742430365,0.8339012126762323,0.09951901320408806,0.0
force_annotated_visual,0.0,79,0.6025577465834011,0.7641865297362634,8.821782130249137,0.3222661266418866,1.0,0.0,0.0,0.0,0.0,1.0077319846010102,0.2139573366312964,0.0,0.003665625747088416,0.8619656557792874,0.8304501014097256,0.09762523612474487,0.0
force_annotated_visual,0.0,80,0.6092845390405235,0.6828042015704784,9.088139412188214,0.5987513127704407,1.0,0.0,0.0,0.0,0.0,0.9871306730620103,0.21294839214167322,1.0,0.00552689303311583,0.8518454707305355,0.7757900688186989,0.10108489501901788,0.0
force_annotated_visual,0.0,81,0.37767462233583743,0.7285482821836934,8.461246779411674,0.5939716769399745,1.0,0.0,0.0,0.0,0.0,0.8753390023387614,0.2058983259313196,1.0,0.0022329042256580404,0.8496260985978322,0.7707739819161356,0.12502988041018295,0.0
force_annotated_visual,0.0,82,0.455648404983029,0.8189734519380047,8.63074413088978,0.4248585215381232,1.0,0.0,0.0,0.0,0.0,0.8299680019085077,0.19800658251235662,0.0,0.0012164632780601457,0.8562467401682864,0.8077795208845006,0.12575217944107078,0.0
force_annotated_visual,0.0,83,0.6060464691063199,0.6672814967502485,10.229921418927788,0.622272713924907,1.0,0.0,0.0,0.0,0.0,0.7419954187554633,0.20666060473127143,1.0,0.004267620500490497,0.850208835329334,0.7696044814891276,0.15477831498620537,0.0
force_annotated_visual,0.0,84,0.44141734264734633,0.8057015891388193,8.835478715209444,0.40887707952848296,1.0,0.0,0.0,0.0,0.0,0.8509528421558978,0.1961608731583281,0.0,0.0013093830125595228,0.8566300732741122,0.8108446307825273,0.12432251320114371,0.0
force_annotated_visual,0.0,85,0.6140745177893092,0.7357377226948844,9.491121981842417,0.4953952313535579,1.0,0.0,0.0,0.0,0.0,0.9983861195213831,0.21274048534853907,0.0,0.004554294654617571,0.8560320054192,0.7984353988266923,0.09759540461188215,0.0
force_annotated_visual,0.0,86,0.38725727524511655,0.8585111033537351,8.48225266240615,0.2910982382704308,1.0,0.0,0.0,0.0,0.0,0.8938779340518851,0.1952369262486742,0.0,0.005869289321802318,0.863982549115029,0.8457430490016172,0.13117645486114343,0.0
force_annotated_visual,0.0,87,0.5961958845701751,0.8404660847369219,7.258435814819333,0.33558823857743536,1.0,0.0,0.0,0.0,0.0,0.8903196947575663,0.20043490267413133,0.0,0.0015592685641351376,0.8632469990880084,0.8403715610991945,0.12382622003534204,0.0
force_annotated_visual,0.0,88,0.5401231257047352,0.7395022651863136,8.348971464955316,0.3693354896351903,1.0,0.0,0.0,0.0,0.0,0.9706538748622049,0.20553123337719928,0.0,0.002516286055627136,0.8613206753138608,0.8296497855418196,0.10168914347885082,0.0
force_annotated_visual,0.0,89,0.393534324517801,0.8214312722680979,8.417970824855864,0.6139813112734414,1.0,0.0,0.0,0.0,0.0,0.9907436125224973,0.21384673962435183,1.0,0.001474278298241763,0.8491554548689719,0.7677008152511731,0.07935778857700031,0.0
force_annotated_visual,0.0,90,0.45047650676761586,0.6990725498110298,8.816905837235915,0.43879117821440905,1.0,0.0,0.0,0.0,0.0,0.9093719953850168,0.20473092295610235,0.0,0.0007860919635370199,0.8587025064145193,0.815890377733014,0.12085871570482092,0.0
force_annotated_visual,0.0,91,0.5505760366713719,0.6879699015836909,8.450025425755173,0.4242696367575729,1.0,0.0,0.0,0.0,0.0,0.8378944713076946,0.19713522277722775,0.0,0.003415430264105288,0.8596469257697166,0.815603365731915,0.12318370330862216,0.0
force_annotated_visual,0.0,92,0.38696557721732716,0.81765755382021,7.52917083319054,0.4011939524964515,1.0,0.0,0.0,0.0,0.0,0.9411492504268285,0.20174483366173193,0.0,0.0022295402383387918,0.8580160154813702,0.8170888869790017,0.09893461047632066,0.0
force_annotated_visual,0.0,93,0.3692958513535173,0.6547946567464118,8.203125044191879,0.5083668844766961,1.0,0.0,0.0,0.0,0.0,0.7809948272207572,0.2005382035898769,0.0,0.0015226760705721544,0.8536476395375138,0.7891295873657499,0.15963083993788188,0.0
force_annotated_visual,0.0,94,0.5156322539881526,0.7294159798222997,7.944246551768396,0.5158902303696288,1.0,0.0,0.0,0.0,0.0,0.8055784542533002,0.20165614838145504,0.0,0.0024201518366072667,0.853778769850525,0.7909306350755824,0.15900381859783821,0.0
force_annotated_visual,0.0,95,0.6032432087490859,0.6406001060328571,9.07060069002556,0.5634951877101471,1.0,0.0,0.0,0.0,0.0,0.9333304419587171,0.20442190453764886,1.0,0.006619756485795138,0.8529168178902385,0.7866231138402123,0.09908947756332617,0.0
force_annotated_visual,0.0,96,0.43439644811160916,0.6533083653181885,7.291207357962624,0.4908682329524716,1.0,0.0,0.0,0.0,0.0,0.835016843745831,0.20049752659681339,0.0,0.0009330194022852345,0.8554125824382632,0.7958913271898828,0.12337642721829988,0.0
force_annotated_visual,0.0,97,0.4844738086643673,0.6663526495508761,9.447135926679469,0.2444977282576957,1.0,0.0,0.0,0.0,0.0,0.9864847567263422,0.20729100599360326,0.0,0.0025110227049987203,0.8663516862990983,0.8547303121584695,0.09793830185788475,0.0
force_annotated_visual,0.0,98,0.5666268026988832,0.6995809225404566,8.61975356687244,0.573742892861202,1.0,0.0,0.0,0.0,0.0,0.8441203709674192,0.20001763721842994,1.0,0.003294729469791912,0.8522025132717802,0.7780199720274302,0.12687316347456007,0.0
force_annotated_visual,0.0,99,0.5748579581084956,0.6985028532062952,8.3895433290886,0.39164090226883924,1.0,0.0,0.0,0.0,0.0,0.877857542912383,0.2010120195569189,0.0,0.003608430791797384,0.8620719555969982,0.8323107833226879,0.12218310872000301,0.0
force_annotated_visual,0.0,100,0.46315858849755764,0.7582989135828454,7.251633414564413,0.27506159742006736,1.0,0.0,0.0,0.0,0.0,0.8132248970580714,0.1929989753504277,0.0,0.0017312364008851891,0.8643869625247049,0.8489551401466482,0.1530251413495094,0.0
force_annotated_visual,0.0,101,0.6147659075709082,0.6958784685370779,7.211027012091263,0.4878428831862911,1.0,0.0,0.0,0.0,0.0,0.9296194518866455,0.2098039244108326,0.0,0.005127315692439855,0.8565899198499339,0.801735728000529,0.09897254216048831,0.0
force_annotated_visual,0.0,102,0.44271136004429995,0.8157823617693378,8.102533054696213,0.22133315246218843,1.0,0.0,0.0,0.0,0.0,0.8578403357237436,0.19445704706018094,0.0,0.0052913342507672125,0.8667791158561938,0.8585359838316587,0.12636270362992924,0.0
force_annotated_visual,0.0,103,0.38212855865164935,0.645000239009458,9.389788333897851,0.4069086155709125,1.0,0.0,0.0,0.0,0.0,0.9095306932065197,0.19685501145180304,0.0,0.004382505328022867,0.8604867190344717,0.8207037130300258,0.10019765936819681,0.0
force_annotated_visual,0.0,104,0.607379502195288,0.7211491896646436,9.434916064761277,0.24120479490330307,1.0,0.0,0.0,0.0,0.0,1.029312696972147,0.2033517876606463,0.0,0.004794062916713212,0.8656187671144968,0.8538498652597802,0.08405720980908636,0.0
force_annotated_visual,0.0,105,0.4977500218128912,0.8256989729880629,9.737169687990749,0.26701884376886753,1.0,0.0,0.0,0.0,0.0,0.9144734880446356,0.19721331183273777,0.0,0.0072390725543590075,0.8650549648500881,0.8491857832275452,0.12381505630231938,0.0
force_annotated_visual,0.0,106,0.43842648464341233,0.6294630603975735,10.315479483674782,0.43843611191681764,1.0,0.0,0.0,0.0,0.0,0.9680057240487534,0.2149622595079261,0.0,0.0021068254842144,0.8565394710913055,0.8038279295165865,0.1007426300685586,0.0
force_annotated_visual,0.0,107,0.4020416784537984,0.7280724682957099,9.595325303457487,0.49046798870816344,1.0,0.0,0.0,0.0,0.0,0.9270395834971342,0.20484103721692917,0.0,0.0007227959795394033,0.8550524643682441,0.8000557979634199,0.10080007632977629,0.0
force_annotated_visual,0.0,108,0.5084386075683284,0.6615950056354445,7.2373639159296745,0.4284979811856606,1.0,0.0,0.0,0.0,0.0,0.7488204324968923,0.20335377467798704,0.0,0.0019273242259479745,0.8589183697450703,0.8140713874627756,0.16066010395067673,0.0
force_annotated_visual,0.0,109,0.45115630705332826,0.7843484606630592,7.882576708525335,0.2478306128418791,1.0,0.0,0.0,0.0,0.0,1.012475350776336,0.20905482928272984,0.0,0.00046505696614960464,0.864950175547637,0.8486429749967758,0.1029887063287949,0.0
force_annotated_visual,0.0,110,0.5382241470986016,0.588060480795212,7.92147628135813,0.4953887174349766,0.0,0.0,1.0,0.0,0.0,0.737658951068077,0.20008740222430213,0.0,0.004405568729995627,0.8578007597251426,0.8046260515042741,0.1540545093969132,0.0
force_annotated_visual,0.0,111,0.48910790067080834,0.7288374012042677,9.107275852786044,0.3321011119099128,1.0,0.0,0.0,0.0,0.0,0.888887919309189,0.1946388534071445,0.0,0.002044118677218528,0.861204793936954,0.8324232459935763,0.12196582402653704,0.0
force_annotated_visual,0.0,112,0.6102991721897311,0.8003353128212043,10.306855415588672,0.5160036231292365,1.0,0.0,0.0,0.0,0.0,0.8498404073831616,0.20132188012170607,0.0,0.0029439699115867742,0.855140175534309,0.7960455068386513,0.12926103460038124,0.0
force_annotated_visual,0.0,113,0.6050185821935056,0.7671121565810005,7.817367718539909,0.3320929540715347,1.0,0.0,0.0,0.0,0.0,0.860061711841296,0.19825052225965228,0.0,0.003455589969712486,0.863652551791001,0.8377131307766401,0.1228690498319575,0.0
force_annotated_visual,0.0,114,0.3848978763368965,0.6513938661038041,8.161697718523179,0.3158558378708585,1.0,0.0,0.0,0.0,0.0,0.905339441637684,0.20091432166795448,0.0,0.0003950405847163118,0.8641578954157804,0.8440680221827229,0.1262780698624655,0.0
force_annotated_visual,0.0,115,0.6013986728236287,0.6169038353183046,9.302962440782217,0.3662156489079602,1.0,0.0,0.0,0.0,0.0,0.841982998046735,0.2055892727706953,0.0,0.0058805772426949576,0.8595889668040437,0.8162326335506475,0.12873598024257507,0.0
force_annotated_visual,0.0,116,0.38206521216012623,0.5930356527802211,8.980037419168504,0.548854959892866,0.0,0.0,1.0,0.0,0.0,0.9443898648663174,0.21350097794079184,0.0,0.0016013404698645268,0.8547148349204277,0.792988166414536,0.10244163287706966,0.0
force_annotated_visual,0.0,117,0.4037091551702729,0.6798409755270093,9.195772879639682,0.5812943839518151,1.0,0.0,0.0,0.0,0.0,0.7596124038285305,0.2032361167637455,1.0,0.0009269807183061161,0.8537313744296485,0.7915759136087421,0.16133918090771623,0.0
force_annotated_visual,0.0,118,0.3683971361860289,0.596935831921907,9.023820112428535,0.5628578276598043,0.0,0.0,1.0,0.0,0.0,0.8379029529543304,0.1971559168912742,1.0,0.004557350907682402,0.8517241904915016,0.781738941967524,0.12742440234493668,0.0
force_annotated_visual,0.0,119,0.6160626200822963,0.8386633505023193,7.340273914080105,0.22081589687470338,1.0,0.0,0.0,0.0,0.0,0.8486727252338163,0.19802790028785858,0.0,0.0016681049069050713,0.8665324714654193,0.8572629881336943,0.1341668096373317,0.0
force_annotated_visual,0.0,120,0.5090488432513105,0.7308131244950206,8.68084619460941,0.28073957887829065,1.0,0.0,0.0,0.0,0.0,0.823811800428748,0.19924665834615746,0.0,0.0011511194821627842,0.8632221086841457,0.8402956491267765,0.15199667779960227,0.0
force_annotated_visual,0.0,121,0.48102827607491055,0.7847305352770033,7.886180133561505,0.6260930843526223,1.0,0.0,0.0,0.0,0.0,0.8745564363094527,0.20172517727846107,1.0,0.0035742705791241966,0.849618864524686,0.7717399333143763,0.12742875805469478,0.0
force_annotated_visual,0.0,122,0.6126696473858321,0.7024790491376974,8.27721143011322,0.5190303816269661,1.0,0.0,0.0,0.0,0.0,0.7639203173249779,0.19936080254409555,0.0,0.004731218969809625,0.8545892735374959,0.7954514456125767,0.15337970945234342,0.0
force_annotated_visual,0.0,123,0.36708224743931034,0.5888087882337818,8.346832862869162,0.3857895679839066,0.0,0.0,1.0,0.0,0.0,0.7857219943177656,0.20188834599121075,0.0,0.0008968950555725585,0.8601893880709142,0.822050725651996,0.15818758540498523,0.0
force_annotated_visual,0.0,124,0.5300069944021583,0.8138506383312799,9.398051946842012,0.564870005626595,1.0,0.0,0.0,0.0,0.0,0.7240952258194786,0.1993299281313035,1.0,0.003382596019908038,0.8510931197279945,0.7777040150748988,0.16091940379565467,0.0
force_annotated_visual,0.0,125,0.5707605596011739,0.8521549647512008,7.306342412320508,0.3094022654214312,1.0,0.0,0.0,0.0,0.0,0.8221198699148607,0.1993040864250225,0.0,0.000712889436107486,0.8630415562403567,0.8402798732745358,0.12518812391450648,0.0
force_annotated_visual,0.0,126,0.5412267821293106,0.8438113355006579,7.651645529626324,0.6067453587196688,1.0,0.0,0.0,0.0,0.0,0.9879715591498409,0.214701213824575,1.0,0.0024347668245199164,0.8507954497839778,0.775948673127716,0.07931817323169543,0.0
force_annotated_visual,0.0,127,0.47961687419948135,0.6983318819568027,8.222109245361771,0.4705376761797003,1.0,0.0,0.0,0.0,0.0,0.9540686761668149,0.2071477021846059,0.0,0.0017435319209027072,0.8560599068113481,0.7990277632653692,0.10153630995805146,0.0
force_annotated_visual,0.0,128,0.3734297129112865,0.6507832167724599,10.192340933626785,0.3123253309550728,1.0,0.0,0.0,0.0,0.0,0.8076281690235134,0.18926341432842525,0.0,0.0027334067776731068,0.8613630917657886,0.8352791001931682,0.15508107743812394,0.0
force_annotated_visual,0.0,129,0.47185475701366497,0.6690109911120813,7.700396684525751,0.5265455981014419,1.0,0.0,0.0,0.0,0.0,0.8259234851369786,0.19747855224825653,0.0,0.0052328128134764475,0.8532193109549634,0.788677851644426,0.12492304620026141,0.0
force_annotated_visual,0.0,130,0.45783298691620344,0.7659805582394953,10.331101708766885,0.6152140764220878,1.0,0.0,0.0,0.0,0.0,0.9668177284944159,0.2109748455748397,1.0,0.0007570102957689409,0.8509087962318921,0.7785044783141533,0.09725895514190562,0.0
force_annotated_visual,0.0,131,0.5324907704858952,0.6803211102079099,8.4212215104042,0.44492149032160233,1.0,0.0,0.0,0.0,0.0,0.8754016568696579,0.20213867795964285,0.0,0.0029041786634184464,0.8575586904015309,0.8063416529875129,0.12431841491493863,0.0
force_annotated_visual,0.0,132,0.5393693938061925,0.8276919154404914,9.416765210496894,0.4619637590350732,1.0,0.0,0.0,0.0,0.0,0.9330991024070783,0.2013140791322806,0.0,0.0011722351122856174,0.8567708211106615,0.8095303570799081,0.09820874559108282,0.0
force_annotated_visual,0.0,133,0.5391933020121081,0.618097183291904,8.73392325640831,0.5405440242557242,0.0,0.0,1.0,0.0,0.0,0.7590481981068358,0.20803716372057707,0.0,0.0037624981102095346,0.8532935035881075,0.7856137321091513,0.15426392072140124,0.0
force_annotated_visual,0.0,134,0.5748344119008183,0.8471123446892816,9.413350903914068,0.32231095215105254,1.0,0.0,0.0,0.0,0.0,1.0194417369155722,0.21383387198607284,0.0,0.0023168970575605905,0.860699577853533,0.8264036752397027,0.07942703750563675,0.0
force_annotated_visual,0.0,135,0.5390155664165641,0.6269317470773782,7.471353369047332,0.3870801971083561,1.0,0.0,0.0,0.0,0.0,1.0026569424339347,0.2067076701583217,0.0,0.005264126196675631,0.8631553409286551,0.8310352887939015,0.08276070465320054,0.0
force_annotated_visual,0.0,136,0.562366932568254,0.7376276687664411,7.566718696903565,0.32684149857487427,1.0,0.0,0.0,0.0,0.0,0.8537970159832025,0.19977384815013993,0.0,0.0024788440173878715,0.8630610975867109,0.8375264835756439,0.12327952501405333,0.0
force_annotated_visual,0.0,137,0.5609355045635007,0.6626482658062836,7.725405975558824,0.2795712613132742,1.0,0.0,0.0,0.0,0.0,0.7242687545723501,0.20608827505340072,0.0,0.002868753948471006,0.8645697666537133,0.8443823863168266,0.1898971765858941,0.0
force_annotated_visual,0.0,138,0.552516654129038,0.7698538449744856,9.046323767496569,0.45070481597490564,1.0,0.0,0.0,0.0,0.0,0.8929543895543334,0.20500535070354864,0.0,0.0019082259847700942,0.8579045304481034,0.8108113535099768,0.12148533733040508,0.0
force_annotated_visual,0.0,139,0.5618613068581386,0.8008967138970273,8.864779405796032,0.23310786880297193,1.0,0.0,0.0,0.0,0.0,1.1127976960431232,0.21604984554475656,0.0,0.0025936052311024125,0.8660272760399601,0.8553797455319437,0.07916349514089493,0.0
force_annotated_visual,0.0,140,0.47217818730492445,0.7485905986355685,7.68363142340509,0.40139004176411697,1.0,0.0,0.0,0.0,0.0,0.8188050358198721,0.18936860694472607,0.0,0.005823841234774027,0.8573992397048007,0.815708365740339,0.13049110718415421,0.0
force_annotated_visual,0.0,141,0.5723999654928833,0.7812280727543623,8.837705392651149,0.2783146716098669,1.0,0.0,0.0,0.0,0.0,0.9465076815481036,0.2019477453053429,0.0,0.0022834910093886035,0.8625810847881373,0.8368650229784876,0.09961996269711468,0.0
force_annotated_visual,0.0,142,0.5342037799651264,0.6641252364137221,7.397180162288657,0.36058127844774235,1.0,0.0,0.0,0.0,0.0,1.1149955805011902,0.22534911287777387,0.0,0.0048950113412662855,0.8608193389435602,0.8247151437763857,0.08065521376321703,0.0
force_annotated_visual,0.0,143,0.6133455427722145,0.7883586707861563,7.260201028708287,0.4424886576528938,1.0,0.0,0.0,0.0,0.0,0.7809334916687097,0.1960572522252501,0.0,0.003907450335745752,0.8582488062719845,0.8160187983501465,0.1572962292199191,0.0
force_annotated_visual,0.0,144,0.5685996311420992,0.7986488047539826,8.653712358127748,0.6121278337367725,1.0,0.0,0.0,0.0,0.0,0.9334762977176762,0.21167134975851076,1.0,0.0022278970932937897,0.8498694523989693,0.7704339209775124,0.09815993090547762,0.0
force_annotated_visual,0.0,145,0.5719918157353517,0.8408437232421961,8.779310620176812,0.5096177140043359,1.0,0.0,0.0,0.0,0.0,1.0027267452426643,0.2131924223762591,0.0,0.0018787514432576592,0.8537348636025842,0.7917180065687465,0.08072253464042439,0.0
force_annotated_visual,0.0,146,0.5642873937422577,0.833979848055877,9.51097932685405,0.5570288615897923,1.0,0.0,0.0,0.0,0.0,0.8304775146950435,0.2037782534017467,1.0,0.0011018614804369402,0.853976877861827,0.793682866945943,0.12414704917574527,0.0
force_annotated_visual,0.0,147,0.4484044221840232,0.5952900717751484,8.001688494431972,0.4040366780326543,0.0,0.0,1.0,0.0,0.0,0.8030749537048844,0.20300716815384912,0.0,0.0019275217557017921,0.8613916944215907,0.827748479608223,0.15760423124499948,0.0
force_annotated_visual,0.0,148,0.4490537981363747,0.8212157567419175,9.33672589611515,0.5733454407901817,1.0,0.0,0.0,0.0,0.0,0.8253483699904223,0.19893544608358912,1.0,0.0013485708819442038,0.850631953195087,0.7798892692730768,0.12546763098825028,0.0
force_annotated_visual,0.0,149,0.6043649706146194,0.6150234135969829,10.050192696965599,0.2451243485015546,1.0,0.0,0.0,0.0,0.0,0.864228701639693,0.20378105673313984,0.0,0.006447999412489702,0.8667920647596054,0.8527591038539983,0.12398208306178865,0.0
force_annotated_visual,0.0,150,0.38854106714507125,0.6463220729440466,9.583855712358483,0.5768961326247998,1.0,0.0,0.0,0.0,0.0,0.947435521499459,0.21265562658956938,1.0,0.0015762971366632811,0.8517602142116603,0.7797107982682939,0.1028034047302542,0.0
force_annotated_visual,0.0,151,0.532060342904666,0.5827938329540767,8.540951720876418,0.3287656155989452,0.0,0.0,1.0,0.0,0.0,0.7998504777860199,0.20675551396197828,0.0,0.004519282554417511,0.8629422659758561,0.8342057088888819,0.15590682927255584,0.0
force_annotated_visual,0.0,152,0.4058421783177609,0.7712567621861112,9.124894566497185,0.4571744505138269,1.0,0.0,0.0,0.0,0.0,0.8472991606939877,0.1990596815775806,0.0,0.0024663888261309747,0.856503445221346,0.8060007650575379,0.1291491797328576,0.0
force_annotated_visual,0.0,153,0.4874146094896865,0.8355210880827335,9.895111389215042,0.3691045540971302,1.0,0.0,0.0,0.0,0.0,0.880412512072729,0.1988294723838187,0.0,0.002121749511696131,0.8603801490755832,0.8291757539067459,0.12964388039546068,0.0
force_annotated_visual,0.0,154,0.45007829273853894,0.7658765296619399,7.806212141414553,0.5477035214956946,1.0,0.0,0.0,0.0,0.0,0.898625633129864,0.198010412014651,1.0,0.004957620444599532,0.8512746343794223,0.781956691470303,0.1041566942354506,0.0
force_annotated_visual,0.0,155,0.5628935827184398,0.6427702342020288,8.054456619653434,0.413607791317415,1.0,0.0,0.0,0.0,0.0,0.9732012307849598,0.20983368564606833,0.0,0.004967626947884585,0.8599132705633359,0.8169336225981064,0.10036726901656408,0.0
force_annotated_visual,0.0,156,0.547122339745889,0.6351959136225305,10.17662070919114,0.45473504217223654,1.0,0.0,0.0,0.0,0.0,0.8025926547450174,0.20318485099424155,0.0,0.003952458472403578,0.8568666676487291,0.8032028961248283,0.1599279336434673,0.0
force_annotated_visual,0.0,157,0.367973793819275,0.599436208973975,8.401741135785187,0.5604077507666577,0.0,0.0,1.0,0.0,0.0,0.7855921779228857,0.19870417779057648,1.0,0.0003946437986534092,0.8553941738212169,0.7958584813073012,0.1552374292443763,0.0
force_annotated_visual,0.0,158,0.48676018136301313,0.5895389252436447,9.720552675723846,0.5195622430922151,0.0,0.0,1.0,0.0,0.0,0.7471378348456457,0.20226576441999308,0.0,0.003069899405966011,0.8563142372500684,0.7999292188343452,0.15508380469863556,0.0
force_annotated_visual,0.0,159,0.47492592181877075,0.6653508977076681,8.884701600058325,0.40790817966362924,1.0,0.0,0.0,0.0,0.0,0.8058598152087462,0.19963139215499992,0.0,0.0016809087676552573,0.8605101599695344,0.8223722459132412,0.15822078245557641,0.0
force_annotated_visual,0.0,160,0.5497543902091231,0.651423438094558,8.548682379991746,0.4745736393932316,1.0,0.0,0.0,0.0,0.0,0.9335912955882107,0.21000004189801444,0.0,0.004385450967001669,0.8562307770187564,0.8007554717600909,0.09887517447832701,0.0
force_annotated_visual,0.0,161,0.5034330074277455,0.785698279863077,9.916507095193412,0.22192509820365416,1.0,0.0,0.0,0.0,0.0,0.9850149665817699,0.20220146954010332,0.0,0.002204048711862022,0.8664229962979961,0.8588803421879666,0.09816597334850466,0.0
force_annotated_visual,0.0,162,0.5483898741237767,0.7634299687625841,10.170145597122467,0.4316043754540164,1.0,0.0,0.0,0.0,0.0,0.9023397458766005,0.19720864933856888,0.0,0.0021293717940991906,0.8578922965266896,0.8156019360613217,0.12101997063529517,0.0
force_annotated_visual,0.0,163,0.4141692614508158,0.6951160765199905,9.210867313787668,0.24638674035116345,1.0,0.0,0.0,0.0,0.0,0.8825097676231236,0.19450648283656444,0.0,0.005408151636005479,0.8645378093663308,0.842781045836025,0.1327536919129358,0.0
force_annotated_visual,0.0,164,0.42204629930144094,0.6491668374478521,8.090121092597368,0.5817866336807961,1.0,0.0,0.0,0.0,0.0,0.8307804659140985,0.2001722081433147,1.0,0.004954292364032613,0.8509571272763368,0.7763166231470421,0.12495364822399406,0.0
force_annotated_visual,0.0,165,0.38553775237254306,0.8279826913386374,9.116371787574941,0.42304338139483455,1.0,0.0,0.0,0.0,0.0,0.9832981937321111,0.20931900535583872,0.0,0.002298811003838602,0.8581867356183677,0.8175033010583584,0.09816753491132289,0.0
force_annotated_visual,0.0,166,0.41553860638837786,0.7902356186328777,9.062890692083876,0.621881389407373,1.0,0.0,0.0,0.0,0.0,0.7734009881492385,0.19899114142130156,1.0,0.002022038514961036,0.8477268839545057,0.762225491971422,0.166034503020061,0.0
force_annotated_visual,0.0,167,0.46259091815603887,0.6872032659012856,7.869487724775066,0.5773641157682584,1.0,0.0,0.0,0.0,0.0,0.8708551237365301,0.2056787891673779,1.0,0.00136376155048979,0.8545035220238382,0.7927454451192748,0.12191564361469973,0.0
force_annotated_visual,0.0,168,0.3986905189194313,0.6265408236864742,10.138827396318788,0.23905230897374471,1.0,0.0,0.0,0.0,0.0,0.9156469686179555,0.20200842210974698,0.0,0.0019014716418534684,0.8664321302093766,0.8557559890466486,0.12343533539204835,0.0
force_annotated_visual,0.0,169,0.5512019945588781,0.7287070697259338,10.155726224672476,0.2884129627667955,1.0,0.0,0.0,0.0,0.0,0.8567102319068505,0.20482541352503605,0.0,0.0036730886486601123,0.8631554469929407,0.838633650997398,0.1377412961473834,0.0
force_annotated_visual,0.0,170,0.46079717102595796,0.849239218742526,9.037788775325478,0.35134962967203087,1.0,0.0,0.0,0.0,0.0,0.8243532457032129,0.1953040612854608,0.0,0.0020139515565652196,0.8602001438250558,0.8298859335632239,0.1273112887808651,0.0
force_annotated_visual,0.0,171,0.5891034885196018,0.721400882586269,9.444740325970377,0.34162735622783785,1.0,0.0,0.0,0.0,0.0,1.0162864866747048,0.2152181647083592,0.0,0.00422999394470536,0.8629255362799174,0.8349314683909184,0.09793624182291916,0.0
force_annotated_visual,0.0,172,0.5825932145802527,0.7679330455562087,9.770706023254135,0.35430957298127347,1.0,0.0,0.0,0.0,0.0,0.7511893112982715,0.20095310612617856,0.0,0.00489846741664142,0.8610424072169222,0.826939855173202,0.16794912752531124,0.0
force_annotated_visual,0.0,173,0.5137730690544653,0.848210727276802,9.877268503549441,0.335792625598944,1.0,0.0,0.0,0.0,0.0,1.0207245629182273,0.2068059295268566,0.0,0.0014308222418988011,0.8615959032988365,0.8353234055848054,0.07924236098543197,0.0
force_annotated_visual,0.0,174,0.6067780618087877,0.6531630007371536,7.237409981565239,0.43659217305878434,1.0,0.0,0.0,0.0,0.0,0.75561433319211,0.2006374938098799,0.0,0.004695514717552957,0.8596508508192187,0.8145191724615098,0.16618178974291264,0.0
force_annotated_visual,0.0,175,0.6176751218322776,0.7683904731790014,8.177230949754925,0.5511233336434296,1.0,0.0,0.0,0.0,0.0,0.8287985540953374,0.20118919474777872,1.0,0.002996036695082325,0.8528264580562551,0.7822287165770181,0.12526433575330068,0.0
force_annotated_visual,0.0,176,0.41905392043693124,0.6251842408472801,8.318556888901917,0.6202929268192352,1.0,0.0,0.0,0.0,0.0,0.7979414585853308,0.2006699757724195,1.0,0.0015074981890627272,0.8497730956395723,0.767006956767868,0.12723761071347456,0.0
force_annotated_visual,0.0,177,0.5307331150243038,0.7401114459126774,9.166831745781641,0.29027364570398584,1.0,0.0,0.0,0.0,0.0,0.9721716106186872,0.20266284148922273,0.0,0.00218938541007632,0.8631877519606079,0.8405267128854378,0.09985634642502465,0.0
force_annotated_visual,0.0,178,0.3774365679166846,0.7877009701001514,8.155436701486884,0.5317982665462484,1.0,0.0,0.0,0.0,0.0,0.8981019763013551,0.2052635765127241,0.0,0.0021026000050563902,0.8530259140923113,0.7897013935896887,0.10422433274632924,0.0
force_annotated_visual,0.0,179,0.5237968041659224,0.6276300973034512,9.178018435123077,0.5774321044645541,1.0,0.0,0.0,0.0,0.0,0.7951515356119998,0.20510422437562564,1.0,0.0033298021594040873,0.8523432946786555,0.7807331276303587,0.1518876574256024,0.0
haptic_force_visual_motion,0.0,0,0.5697546344813502,0.6956650709176242,9.92880635609631,0.4665071376600688,1.0,0.0,0.0,0.0,0.0,0.32251727567337374,0.019721317176188,0.0,0.003775371795571908,0.8575318671212875,0.8103689640238859,0.08158513962887409,0.0
haptic_force_visual_motion,0.0,1,0.6019282128686849,0.7578646779536289,9.004528095649597,0.409516753335189,1.0,0.0,0.0,0.0,0.0,0.45050876224523034,0.03402694672869099,0.0,0.0040074673752802555,0.8589668290599096,0.8168468090210915,0.07836501759166249,0.0
haptic_force_visual_motion,0.0,2,0.5291522960415254,0.8245077168677599,8.51682376141016,0.599884991851118,1.0,0.0,0.0,0.0,0.0,0.2369569354216836,0.014264886833665247,1.0,0.002262307065358667,0.8506693454721885,0.7780316750544125,0.07888631837362121,0.0
haptic_force_visual_motion,0.0,3,0.41880475372517323,0.6173223353501586,9.44825507052746,0.37351993098530867,1.0,0.0,0.0,0.0,0.0,0.18072621427506944,0.011646198913765206,0.0,0.0007083697596177568,0.859291204915822,0.8175781809243617,0.07746434962225306,0.0
haptic_force_visual_motion,0.0,4,0.44546643471105546,0.665392837320096,10.380290696451372,0.48079539220121637,1.0,0.0,0.0,0.0,0.0,0.1790140101966862,0.011786601588428964,0.0,0.001603192496589399,0.8548514739455616,0.7969999490156278,0.07827790183405563,0.0
haptic_force_visual_motion,0.0,5,0.5179084221459291,0.6328417097078385,7.720838314459364,0.38918478715520466,1.0,0.0,0.0,0.0,0.0,0.3885128429880514,0.02709103114027988,0.0,0.004111169535458355,0.8609606089772667,0.8242576620906714,0.07839348348027891,0.0
haptic_force_visual_motion,0.0,6,0.5433396871714277,0.7654718538052383,9.400050642612548,0.28302288206826165,1.0,0.0,0.0,0.0,0.0,0.17159964134403066,0.01126242701893615,0.0,0.003926456630251251,0.8656316522865253,0.8523308437226996,0.08230800332464508,0.0
haptic_force_visual_motion,0.0,7,0.5918059971914781,0.6045559875875135,9.19866605888695,0.4981432130315886,1.0,0.0,0.0,0.0,0.0,0.3394239339714034,0.022328195276171227,0.0,0.006496792035244982,0.8556659775741848,0.7960724450152863,0.07905094584020286,0.0
haptic_force_visual_motion,0.0,8,0.6021108401424144,0.6125483912611228,7.500018045120819,0.58406956009817,1.0,0.0,0.0,0.0,0.0,0.11651700997487166,0.011831831147018015,0.0,0.005370589399355949,0.8537087392802288,0.784938555740648,0.07873994577370426,0.0
haptic_force_visual_motion,0.0,9,0.47487976586092673,0.8153886762973519,7.208588532237339,0.480626956911528,1.0,0.0,0.0,0.0,0.0,0.2693145295968513,0.01669607695543835,0.0,0.0008161508778325448,0.8573334384619141,0.8092691134362208,0.08089068275440063,0.0
haptic_force_visual_motion,0.0,10,0.375832927812533,0.7254939025267163,9.022079250403818,0.2521218004354615,1.0,0.0,0.0,0.0,0.0,0.14846385296421852,0.01118485880584794,0.0,0.003267901559214933,0.8636861551802342,0.8434716779512339,0.07816228339174724,0.0
haptic_force_visual_motion,0.0,11,0.5924492480865005,0.7357505725703251,8.08974862981179,0.4731106277854763,1.0,0.0,0.0,0.0,0.0,0.4200494129226654,0.030874181711089535,0.0,0.00422950197930431,0.8580261799788923,0.8109400212642058,0.07842597688836572,0.0
haptic_force_visual_motion,0.0,12,0.5724894243455679,0.5841860160183885,8.477880660411913,0.594362529441752,0.0,0.0,1.0,0.0,0.0,0.13584627305458288,0.011660881837088806,0.0,0.006382796390680919,0.8508234407064169,0.7752007295638972,0.07901941501480812,0.0
haptic_force_visual_motion,0.0,13,0.5027624419265363,0.7127097918540025,9.55108373805699,0.30859539037833733,1.0,0.0,0.0,0.0,0.0,0.2568123118545859,0.014902451572538241,0.0,0.003193277924360488,0.8621187887317383,0.8317856317810699,0.0781418537967592,0.0
haptic_force_visual_motion,0.0,14,0.5062244797646771,0.8325454103374197,8.685255079194398,0.5088329107374197,1.0,0.0,0.0,0.0,0.0,0.1444783548008185,0.011433251731506165,0.0,0.0007083704289538013,0.8537885136722811,0.7941191896919673,0.08104679266424361,0.0
haptic_force_visual_motion,0.0,15,0.46250940813290603,0.8121616970893867,10.385167012594277,0.22968390247025341,1.0,0.0,0.0,0.0,0.0,0.2904243884219148,0.016688480933486585,0.0,0.004874247047146898,0.8625894773831497,0.8389686639306302,0.07860323673560259,0.0
haptic_force_visual_motion,0.0,16,0.5334335399131376,0.6767674675534582,9.575652737511565,0.49610760000663,1.0,0.0,0.0,0.0,0.0,0.3455702266130096,0.02273137898776094,0.0,0.003390199705282687,0.8554893121142205,0.7967758997600599,0.07989421248667196,0.0
haptic_force_visual_motion,0.0,17,0.4837782726404778,0.7370964178283819,8.728710451887203,0.5177870849364581,1.0,0.0,0.0,0.0,0.0,0.1961833789759523,0.012404127980295684,0.0,0.0011414423657373112,0.8543560257541984,0.7947091009615067,0.08356791618219578,0.0
haptic_force_visual_motion,0.0,18,0.5854627568049409,0.76140442537596,8.141548931888856,0.439355885337092,1.0,0.0,0.0,0.0,0.0,0.4695235090513833,0.0368565023249983,0.0,0.004026289786330303,0.8567814656018943,0.8052207772064736,0.0783701835765767,0.0
haptic_force_visual_motion,0.0,19,0.4381745325524635,0.713304571615957,7.482966310925253,0.5678367228140602,1.0,0.0,0.0,0.0,0.0,0.3466670382839517,0.023352603121250603,0.0,0.0016266552110439855,0.8532776359460466,0.786814539345145,0.07771408881643795,0.0
haptic_force_visual_motion,0.0,20,0.6076919247977448,0.7813274140973446,7.584228770646277,0.3301660667180608,1.0,0.0,0.0,0.0,0.0,0.3178905989446004,0.0194120813998633,0.0,0.0030469772638387353,0.8628028275548735,0.8353830341130714,0.07810181547757436,0.0
haptic_force_visual_motion,0.0,21,0.37019440620656224,0.621940199800507,8.533603473564739,0.5091629529808943,1.0,0.0,0.0,0.0,0.0,0.49480599662681823,0.04214150714111024,0.0,0.0023480957319025617,0.855371407817786,0.7962858396502513,0.07870109721597375,0.0
haptic_force_visual_motion,0.0,22,0.46725301551157894,0.5862793086957268,9.217392425409948,0.42803733827692336,0.0,0.0,1.0,0.0,0.0,0.1533328041818238,0.01125346788577276,0.0,0.0025103543068021733,0.8578155639402771,0.8102083658106485,0.07919825037192085,0.0
haptic_force_visual_motion,0.0,23,0.44827100866528524,0.7756891589813308,9.483904603324811,0.6045834967018143,1.0,0.0,0.0,0.0,0.0,0.2816403111843324,0.018039760912742724,1.0,0.0022772779064190833,0.8511172833034243,0.7757400713698731,0.08255654562943845,0.0
haptic_force_visual_motion,0.0,24,0.46580258971014843,0.6142945148310499,7.465585929546694,0.34454521859003734,1.0,0.0,0.0,0.0,0.0,0.3219554880974928,0.02067737272718804,0.0,0.0028054007528803856,0.8646073271434435,0.8408693856099211,0.07863416280685864,0.0
haptic_force_visual_motion,0.0,25,0.47473004843642197,0.7890755770627569,8.563367007592472,0.6064592027389506,1.0,0.0,0.0,0.0,0.0,0.14824049363571626,0.01178794340951311,0.0,0.0009119163154814288,0.8507300884447563,0.7753027140714336,0.07957614978601275,0.0
haptic_force_visual_motion,0.0,26,0.4501168415059062,0.6069480303389573,9.389563974567345,0.5484274329619313,1.0,0.0,0.0,0.0,0.0,0.33420011557990115,0.021830169044369425,0.0,0.0025876329162433866,0.8530209240029365,0.7838440932371269,0.0779762280272456,0.0
haptic_force_visual_motion,0.0,27,0.4309671373956963,0.620308571661349,8.37914444537798,0.5205651438411382,1.0,0.0,0.0,0.0,0.0,0.3786793168582791,0.025823286801444016,0.0,0.002589659730708839,0.8541873669700534,0.7917943619899762,0.0786872361975604,0.0
haptic_force_visual_motion,0.0,28,0.3671457378094934,0.583425352024376,8.375423853341083,0.3153336257675682,0.0,0.0,1.0,0.0,0.0,0.33916172083204016,0.02096294217058245,0.0,0.0016028693163136088,0.8620303269658349,0.8314211638445898,0.0794669392891869,0.0
haptic_force_visual_motion,0.0,29,0.4066523382499193,0.6161141372166462,8.91340862597221,0.5728369569718861,1.0,0.0,0.0,0.0,0.0,0.19830782181608833,0.01262544485218725,0.0,0.0024451443941650706,0.8525883979061675,0.7831919780116822,0.08041873605630244,0.0
haptic_force_visual_motion,0.0,30,0.5187786452963434,0.6333501648713288,9.304937073335743,0.3042195652891903,1.0,0.0,0.0,0.0,0.0,0.24013337242787544,0.013796605172738318,0.0,0.0033544533573915914,0.8647502853276873,0.8454556879016898,0.08424034715410447,0.0
haptic_force_visual_motion,0.0,31,0.5757884922527098,0.7767773634161448,9.695962276391468,0.5409203303385764,1.0,0.0,0.0,0.0,0.0,0.12482535876668847,0.01180496728206718,0.0,0.003088425611269344,0.8526428180423642,0.7843006447948084,0.08015404531828252,0.0
haptic_force_visual_motion,0.0,32,0.4028696256210962,0.6895543845735514,7.629566950589093,0.3856626363910396,1.0,0.0,0.0,0.0,0.0,0.1940333579964573,0.012072926136601207,0.0,0.0033477306937802036,0.857888466722957,0.8138965748777428,0.07862797373192446,0.0
haptic_force_visual_motion,0.0,33,0.42426068662432903,0.8348411458542973,7.271265799282938,0.5852962143870183,1.0,0.0,0.0,0.0,0.0,0.1414271655517547,0.011649388570526687,0.0,0.002411782105746959,0.8501513960123015,0.7772285696985185,0.08415421394034103,0.0
haptic_force_visual_motion,0.0,34,0.6073482947869199,0.6065676850735883,8.299061985109944,0.6152677928703569,1.0,0.0,0.0,0.0,0.0,0.12807826693063828,0.011475070752844575,0.0,0.006154088703785807,0.8508190412437757,0.7726534030945954,0.07895618988204377,0.0
haptic_force_visual_motion,0.0,35,0.40356305803208614,0.6626069889383562,8.134756339952396,0.6024586821387575,1.0,0.0,0.0,0.0,0.0,0.28362422025437417,0.01810380336781648,1.0,0.00030268382442880207,0.8517572705772438,0.7772918584592095,0.07735425256812956,0.0
haptic_force_visual_motion,0.0,36,0.5401438232268888,0.8238955858340398,8.797561459745479,0.3248450225522986,1.0,0.0,0.0,0.0,0.0,0.3301088905434287,0.021129446891415025,0.0,0.003438647557460189,0.8646319949831565,0.84558415499851,0.0782090466443319,0.0
haptic_force_visual_motion,0.0,37,0.5403102072237653,0.6787135875871082,8.150416807313974,0.5531046036443374,1.0,0.0,0.0,0.0,0.0,0.26358813014370575,0.015758226091998003,0.0,0.004040178939999303,0.8529029309370321,0.784982359296328,0.084035018878965,0.0
haptic_force_visual_motion,0.0,38,0.4964965866092168,0.7546876852674091,9.546468374894507,0.46975763687075833,1.0,0.0,0.0,0.0,0.0,0.18109650512222233,0.012231353655724567,0.0,0.005298548734172916,0.8592713329461283,0.8175207910976818,0.07908273919828109,0.0
haptic_force_visual_motion,0.0,39,0.6013296502914438,0.6373963444413367,7.3023571666941045,0.597024320569218,1.0,0.0,0.0,0.0,0.0,0.2775213182505289,0.01697765567315934,0.0,0.00629931436914911,0.8521868094094811,0.7796695478958828,0.07899633145202942,0.0
haptic_force_visual_motion,0.0,40,0.490649094486843,0.5849263682522131,9.743457895088808,0.5405323271331126,0.0,0.0,1.0,0.0,0.0,0.19934385339006874,0.012663387742918853,0.0,0.003506484918683832,0.8551301454417732,0.7940995506473545,0.07822763278403891,0.0
haptic_force_visual_motion,0.0,41,0.40999139115513233,0.7078770792785298,8.20267112780888,0.27976546616508197,1.0,0.0,0.0,0.0,0.0,0.33767376438358027,0.02134266911451714,0.0,0.001454337868267389,0.8652694163802727,0.8481063636788192,0.07766716883502994,0.0
haptic_force_visual_motion,0.0,42,0.5553192160541075,0.6176312002998184,9.672667574782475,0.33861734008820865,1.0,0.0,0.0,0.0,0.0,0.3768879159918866,0.025237815729894992,0.0,0.005352563175472844,0.8620319576030651,0.8302184280744298,0.07873497695470155,0.0
haptic_force_visual_motion,0.0,43,0.5890109822898539,0.7506331303321611,7.780099587378043,0.560157744200739,1.0,0.0,0.0,0.0,0.0,0.26427759272251883,0.015857996034974002,0.0,0.0037824149668847775,0.8526908055248483,0.784410819999484,0.07830327400543238,0.0
haptic_force_visual_motion,0.0,44,0.43210677794414765,0.6586484265927229,8.859030103745626,0.6047627882454668,1.0,0.0,0.0,0.0,0.0,0.24784768687479708,0.015642140004628016,1.0,0.0010081782115031607,0.8514597503742042,0.7751994241390676,0.07913299183225868,0.0
haptic_force_visual_motion,0.0,45,0.40625082462168427,0.7233966573412571,9.637863957167223,0.3318902124737861,1.0,0.0,0.0,0.0,0.0,0.15793305208595926,0.011231345252568796,0.0,0.0032540449637695986,0.8627727280534471,0.8385691028113335,0.07991131748120783,0.0
haptic_force_visual_motion,0.0,46,0.5175142255935286,0.6594207639987484,8.128851737763773,0.23853201073995706,1.0,0.0,0.0,0.0,0.0,0.2504565600235081,0.014380866469278513,0.0,0.002939942100239809,0.8670385213829762,0.8560019885938954,0.07807253490006964,0.0
haptic_force_visual_motion,0.0,47,0.44566591298121727,0.7329401504797858,9.576816503301279,0.3428162603389533,1.0,0.0,0.0,0.0,0.0,0.39649491568475576,0.02811104077145052,0.0,0.003849895718038685,0.8629536563565856,0.8362551563469933,0.07951070418657744,0.0
haptic_force_visual_motion,0.0,48,0.4565461796826001,0.7351317936351363,8.91730088477971,0.2683866671531462,1.0,0.0,0.0,0.0,0.0,0.25819733529663935,0.014370102229276115,0.0,0.0008509149269671435,0.8632838523010462,0.8429604016691509,0.08245511172462332,0.0
haptic_force_visual_motion,0.0,49,0.432075012618576,0.6407965212016147,10.199288833305623,0.5915558051921025,1.0,0.0,0.0,0.0,0.0,0.2119039794918542,0.013069088404005736,0.0,0.0018327075391121204,0.8512065903666824,0.7780781167486405,0.07777022851247625,0.0
haptic_force_visual_motion,0.0,50,0.43308501927624204,0.7719980589241858,9.678552011816166,0.5782926789122268,1.0,0.0,0.0,0.0,0.0,0.20860317039472953,0.012872190433848383,0.0,0.00230449306728536,0.8510313994800068,0.7825253244253919,0.07789890804645448,0.0
haptic_force_visual_motion,0.0,51,0.393030372303869,0.715890033750372,10.387820152767599,0.6170728490083196,1.0,0.0,0.0,0.0,0.0,0.14887983328387294,0.011720645186858137,0.0,0.00172975265310159,0.849437668873284,0.7722582354090767,0.07774217344408182,0.0
haptic_force_visual_motion,0.0,52,0.4055828318922533,0.7240085639852187,8.66270541029097,0.4941081084222826,1.0,0.0,0.0,0.0,0.0,0.2761346406076541,0.016872732255209768,0.0,0.0010721156840087787,0.8570871331130727,0.8079667985426069,0.07756318681944072,0.0
haptic_force_visual_motion,0.0,53,0.36214030693902693,0.8494913826786596,9.07482680918268,0.23591768490792359,1.0,0.0,0.0,0.0,0.0,0.2200177228779522,0.012771218253544799,0.0,0.0035969614289454444,0.8660117859006905,0.861550245085961,0.07840162231946123,0.0
haptic_force_visual_motion,0.0,54,0.45200121663099585,0.7848496474458587,10.01444246484652,0.45947821132138283,1.0,0.0,0.0,0.0,0.0,0.42441868929773024,0.0326180205868128,0.0,0.0045047759342150655,0.8597293078298746,0.8198668366544918,0.0785016132100335,0.0
haptic_force_visual_motion,0.0,55,0.4748539122293629,0.8578068430581373,9.820693936620719,0.5228094229493292,1.0,0.0,0.0,0.0,0.0,0.2172928591107029,0.014138693608314887,0.0,0.007241984804481192,0.8554310462514392,0.7991045156729365,0.07925734722627677,0.0
haptic_force_visual_motion,0.0,56,0.4042778246307262,0.8445876459210852,8.558828862619935,0.397055934717398,1.0,0.0,0.0,0.0,0.0,0.28006157596240566,0.016894817646954132,0.0,0.002356730529514516,0.861441487312772,0.8345478723776524,0.07973810461187025,0.0
haptic_force_visual_motion,0.0,57,0.535688030046572,0.7146745619685896,9.728740262003917,0.35136261313183814,1.0,0.0,0.0,0.0,0.0,0.24043383734149656,0.014164557157980418,0.0,0.0037117973089128373,0.8615495774263779,0.8285303125192981,0.07891419522884309,0.0
haptic_force_visual_motion,0.0,58,0.36021772469989033,0.6169669602814378,9.227560401945597,0.34562439033923675,1.0,0.0,0.0,0.0,0.0,0.22482051640171244,0.013369640069926414,0.0,0.0017093066463701916,0.8618785904618129,0.8304137057806685,0.07776948645805241,0.0
haptic_force_visual_motion,0.0,59,0.42595980598758143,0.6858287621779392,7.775494307594349,0.623916639914276,1.0,0.0,0.0,0.0,0.0,0.1532602182950877,0.011659779586734522,0.0,0.0031839258693464436,0.850103774323548,0.7717944177514404,0.07826046271690543,0.0
haptic_force_visual_motion,0.0,60,0.3777012413196552,0.6682456097953909,8.887631150191714,0.4256922091802178,1.0,0.0,0.0,0.0,0.0,0.31502129622060776,0.019551114200054405,0.0,0.00048921863956761,0.8582152258953173,0.8128389595708236,0.07949096832336984,0.0
haptic_force_visual_motion,0.0,61,0.3990436547277437,0.6739778027310678,7.658556204838144,0.5217333213012628,1.0,0.0,0.0,0.0,0.0,0.3019489262287694,0.01878174564708144,0.0,0.0026941874629676328,0.8547159487388163,0.7948209572226045,0.07923177825940912,0.0
haptic_force_visual_motion,0.0,62,0.3753968356408424,0.6520142225558329,8.267687040430808,0.5729563510079322,1.0,0.0,0.0,0.0,0.0,0.35348776170688206,0.023452270237305593,0.0,0.0034211012113479562,0.8523707525740896,0.7828794174825433,0.07949748933918899,0.0
haptic_force_visual_motion,0.0,63,0.5962658227650283,0.7826710688907712,9.795598504731998,0.416227927824405,1.0,0.0,0.0,0.0,0.0,0.3265425104494118,0.020179156597553923,0.0,0.0029068486581929234,0.8588456214775827,0.8168695667681986,0.07806348388001112,0.0
haptic_force_visual_motion,0.0,64,0.5290081057422477,0.640144938293995,8.95566444734885,0.5601803136193397,1.0,0.0,0.0,0.0,0.0,0.11883707863497196,0.013339523836245348,0.0,0.004038707956102624,0.8516562912343617,0.7818327713793577,0.0792225417701992,0.0
haptic_force_visual_motion,0.0,65,0.5022723737843688,0.8114073580837147,8.613650299960444,0.6008140930235685,1.0,0.0,0.0,0.0,0.0,0.23779988497248153,0.014100273037635391,1.0,0.0042946669574325125,0.8492748160805027,0.774079950169609,0.07844387607718896,0.0
haptic_force_visual_motion,0.0,66,0.389217320965966,0.8432782887680115,9.992529439368507,0.6323363074562931,1.0,0.0,0.0,0.0,0.0,0.22299958782740634,0.014319447006417898,1.0,0.0034818678886723146,0.8487220591531072,0.7680338742495988,0.08317352288569278,0.0
haptic_force_visual_motion,0.0,67,0.5481795080488826,0.7311360395173512,10.328457828038124,0.25011042710208786,1.0,0.0,0.0,0.0,0.0,0.30715509323769175,0.01790788328646029,0.0,0.003507799553764302,0.8642923765279458,0.8448493875494695,0.07822799300883312,0.0
haptic_force_visual_motion,0.0,68,0.3919760543035586,0.614077410025057,7.8090533795304005,0.24272733927711268,1.0,0.0,0.0,0.0,0.0,0.4910866200517284,0.04048140307752649,0.0,0.0016240465668201653,0.8649265321243013,0.8430937956914205,0.08108594149300419,0.0
haptic_force_visual_motion,0.0,69,0.535251340359133,0.6721088328782255,9.151558285304413,0.43748792176008255,1.0,0.0,0.0,0.0,0.0,0.15484975134560805,0.011520414309202332,0.0,0.0032093383662713444,0.8558751254598369,0.8034300133810285,0.07814625022588759,0.0
haptic_force_visual_motion,0.0,70,0.38591945449408566,0.7448150707423196,7.3612998335106825,0.31409314483491146,1.0,0.0,0.0,0.0,0.0,0.2954734022197172,0.01756894993788289,0.0,0.0014893750416839768,0.8630164749346811,0.8394644411330504,0.07966717937691156,0.0
haptic_force_visual_motion,0.0,71,0.5023280383666919,0.6936409719941004,7.897085755939925,0.3238752313392876,1.0,0.0,0.0,0.0,0.0,0.3887351458769336,0.027578464610789343,0.0,0.0031697160224562343,0.8629998608297156,0.8325399612332053,0.07813540430719831,0.0
haptic_force_visual_motion,0.0,72,0.57479536720992,0.7193179200882096,7.95318115682607,0.4117677690750261,1.0,0.0,0.0,0.0,0.0,0.26967487084925656,0.015682121997207754,0.0,0.003311658486557313,0.8597520851748577,0.8211132353577959,0.07817426493025448,0.0
haptic_force_visual_motion,0.0,73,0.5428383074696254,0.8098562439793563,9.678443745878656,0.25165160066474745,1.0,0.0,0.0,0.0,0.0,0.2547811446252648,0.014469930997639144,0.0,0.003607179098530233,0.8652036907849369,0.8510346388811721,0.08080766069429357,0.0
haptic_force_visual_motion,0.0,74,0.49204312458834365,0.7803886441319797,7.750926482091081,0.583213578581017,1.0,0.0,0.0,0.0,0.0,0.3602285322172076,0.025038194065575704,0.0,0.0009877201920633473,0.8525217494042414,0.7829379129486583,0.07783651631318951,0.0
haptic_force_visual_motion,0.0,75,0.47257102666322015,0.7417260864585002,8.603135415083194,0.40769271596734313,1.0,0.0,0.0,0.0,0.0,0.19239808527169464,0.01235919014022032,0.0,0.002779856345347443,0.8597644977858171,0.8200803741077279,0.0780287605356155,0.0
haptic_force_visual_motion,0.0,76,0.5945605320985965,0.5880956464058065,8.791691866948835,0.3988019445601117,0.0,0.0,1.0,0.0,0.0,0.11333591177694877,0.012187794736020718,0.0,0.005602537556132216,0.8607994428864535,0.8237399628000014,0.07968234872318114,0.0
haptic_force_visual_motion,0.0,77,0.4285821966114237,0.6986910512024199,9.855536647353604,0.5286310089782729,1.0,0.0,0.0,0.0,0.0,0.2618137724285366,0.0159067965394861,0.0,0.001611224980061223,0.8544286598661696,0.7941512844484,0.07827890760831493,0.0
haptic_force_visual_motion,0.0,78,0.5747835930183295,0.799571181275077,9.139833601759689,0.3532978708280902,1.0,0.0,0.0,0.0,0.0,0.28607250495549114,0.01710546774029514,0.0,0.0026801491154454134,0.86232742430365,0.8339012126762323,0.07800150762481284,0.0
haptic_force_visual_motion,0.0,79,0.6025577465834011,0.7641865297362634,8.821782130249137,0.3222661266418866,1.0,0.0,0.0,0.0,0.0,0.3879444272644982,0.026424601313739797,0.0,0.003665625747088416,0.8619656557792874,0.8304501014097256,0.07827125019232284,0.0
haptic_force_visual_motion,0.0,80,0.6092845390405235,0.6828042015704784,9.088139412188214,0.5987513127704407,1.0,0.0,0.0,0.0,0.0,0.40847942206695054,0.03083428332331093,1.0,0.00552689303311583,0.8518454707305355,0.7757900688186989,0.08149124071674803,0.0
haptic_force_visual_motion,0.0,81,0.37767462233583743,0.7285482821836934,8.461246779411674,0.5939716769399745,1.0,0.0,0.0,0.0,0.0,0.27116694778894007,0.016573306569395915,0.0,0.0022329042256580404,0.8496260985978322,0.7707739819161356,0.07904636987935013,0.0
haptic_force_visual_motion,0.0,82,0.455648404983029,0.8189734519380047,8.63074413088978,0.4248585215381232,1.0,0.0,0.0,0.0,0.0,0.20372095001611018,0.012476283371529704,0.0,0.0012164632780601457,0.8562467401682864,0.8077795208845006,0.07760244101221467,0.0
haptic_force_visual_motion,0.0,83,0.6060464691063199,0.6672814967502485,10.229921418927788,0.622272713924907,1.0,0.0,0.0,0.0,0.0,0.1339606160971373,0.01149113007240641,1.0,0.004267620500490497,0.850208835329334,0.7696044814891276,0.07843644663862466,0.0
haptic_force_visual_motion,0.0,84,0.44141734264734633,0.8057015891388193,8.835478715209444,0.40887707952848296,1.0,0.0,0.0,0.0,0.0,0.2289662615132542,0.01339372025283256,0.0,0.0013093830125595228,0.8566300732741122,0.8108446307825273,0.07762771942829273,0.0
haptic_force_visual_motion,0.0,85,0.6140745177893092,0.7357377226948844,9.491121981842417,0.4953952313535579,1.0,0.0,0.0,0.0,0.0,0.39937859736132,0.02898454048186631,0.0,0.004554294654617571,0.8560320054192,0.7984353988266923,0.07851522642231341,0.0
haptic_force_visual_motion,0.0,86,0.38725727524511655,0.8585111033537351,8.48225266240615,0.2910982382704308,1.0,0.0,0.0,0.0,0.0,0.25638702661504276,0.015417608505460326,0.0,0.005869289321802318,0.863982549115029,0.8457430490016172,0.08286670383810532,0.0
haptic_force_visual_motion,0.0,87,0.5961958845701751,0.8404660847369219,7.258435814819333,0.33558823857743536,1.0,0.0,0.0,0.0,0.0,0.24574466399398764,0.014276030916776861,0.0,0.0015592685641351376,0.8632469990880084,0.8403715610991945,0.07919482052478245,0.0
haptic_force_visual_motion,0.0,88,0.5401231257047352,0.7395022651863136,8.348971464955316,0.3693354896351903,1.0,0.0,0.0,0.0,0.0,0.35858309625550394,0.022986734210491695,0.0,0.002516286055627136,0.8613206753138608,0.8296497855418196,0.08111258308645863,0.0
haptic_force_visual_motion,0.0,89,0.393534324517801,0.8214312722680979,8.417970824855864,0.6139813112734414,1.0,0.0,0.0,0.0,0.0,0.40489718135468383,0.0301128239588085,1.0,0.001474278298241763,0.8491554548689719,0.7677008152511731,0.07794192768435632,0.0
haptic_force_visual_motion,0.0,90,0.45047650676761586,0.6990725498110298,8.816905837235915,0.43879117821440905,1.0,0.0,0.0,0.0,0.0,0.2931678924597989,0.017698691960739858,0.0,0.0007860919635370199,0.8587025064145193,0.815890377733014,0.07748545863577296,0.0
haptic_force_visual_motion,0.0,91,0.5505760366713719,0.6879699015836909,8.450025425755173,0.4242696367575729,1.0,0.0,0.0,0.0,0.0,0.2168430983347287,0.01353453444715413,0.0,0.003415430264105288,0.8596469257697166,0.815603365731915,0.07820268647823289,0.0
haptic_force_visual_motion,0.0,92,0.38696557721732716,0.81765755382021,7.52917083319054,0.4011939524964515,1.0,0.0,0.0,0.0,0.0,0.3275541504171857,0.020293292302473558,0.0,0.0022295402383387918,0.8580160154813702,0.8170888869790017,0.07787845164114483,0.0
haptic_force_visual_motion,0.0,93,0.3692958513535173,0.6547946567464118,8.203125044191879,0.5083668844766961,1.0,0.0,0.0,0.0,0.0,0.16477446882419247,0.011721551182587895,0.0,0.0015226760705721544,0.8536476395375138,0.7891295873657499,0.07973667027888597,0.0
haptic_force_visual_motion,0.0,94,0.5156322539881526,0.7294159798222997,7.944246551768396,0.5158902303696288,1.0,0.0,0.0,0.0,0.0,0.1851279884612219,0.012045594645262876,0.0,0.0024201518366072667,0.853778769850525,0.7909306350755824,0.08204290564457223,0.0
haptic_force_visual_motion,0.0,95,0.6032432087490859,0.6406001060328571,9.07060069002556,0.5634951877101471,1.0,0.0,0.0,0.0,0.0,0.35748748608705805,0.022994735587730394,1.0,0.006619756485795138,0.8529168178902385,0.7866231138402123,0.07908497030252339,0.0
haptic_force_visual_motion,0.0,96,0.43439644811160916,0.6533083653181885,7.291207357962624,0.4908682329524716,1.0,0.0,0.0,0.0,0.0,0.22237747533236749,0.013702093066838998,0.0,0.0009330194022852345,0.8554125824382632,0.7958913271898828,0.07752537788677223,0.0
haptic_force_visual_motion,0.0,97,0.4844738086643673,0.6663526495508761,9.447135926679469,0.2444977282576957,1.0,0.0,0.0,0.0,0.0,0.37070742158579684,0.02380316739022756,0.0,0.0025110227049987203,0.8663516862990983,0.8547303121584695,0.07795530033977191,0.0
haptic_force_visual_motion,0.0,98,0.5666268026988832,0.6995809225404566,8.61975356687244,0.573742892861202,1.0,0.0,0.0,0.0,0.0,0.23932256129802276,0.014966352575324894,0.0,0.003294729469791912,0.8522025132717802,0.7780199720274302,0.0812647009766356,0.0
haptic_force_visual_motion,0.0,99,0.5748579581084956,0.6985028532062952,8.3895433290886,0.39164090226883924,1.0,0.0,0.0,0.0,0.0,0.2555560585535574,0.014866865072715622,0.0,0.003608430791797384,0.8620719555969982,0.8323107833226879,0.07825557160536134,0.0
haptic_force_visual_motion,0.0,100,0.46315858849755764,0.7582989135828454,7.251633414564413,0.27506159742006736,1.0,0.0,0.0,0.0,0.0,0.17851242997519817,0.011564201681879424,0.0,0.0017312364008851891,0.8643869625247049,0.8489551401466482,0.07774257769753776,0.0
haptic_force_visual_motion,0.0,101,0.6147659075709082,0.6958784685370779,7.211027012091263,0.4878428831862911,1.0,0.0,0.0,0.0,0.0,0.32317252923412587,0.020529004277904425,0.0,0.005127315692439855,0.8565899198499339,0.801735728000529,0.07867291302993082,0.0
haptic_force_visual_motion,0.0,102,0.44271136004429995,0.8157823617693378,8.102533054696213,0.22133315246218843,1.0,0.0,0.0,0.0,0.0,0.2078634404228555,0.012653759155291,0.0,0.0052913342507672125,0.8667791158561938,0.8585359838316587,0.07871810171504669,0.0
haptic_force_visual_motion,0.0,103,0.38212855865164935,0.645000239009458,9.389788333897851,0.4069086155709125,1.0,0.0,0.0,0.0,0.0,0.3016448587881877,0.019195342924154396,0.0,0.004382505328022867,0.8604867190344717,0.8207037130300258,0.0784680089937632,0.0
haptic_force_visual_motion,0.0,104,0.607379502195288,0.7211491896646436,9.434916064761277,0.24120479490330307,1.0,0.0,0.0,0.0,0.0,0.43383716874912437,0.029608973243379876,0.0,0.004794062916713212,0.8656187671144968,0.8538498652597802,0.0827181296831719,0.0
haptic_force_visual_motion,0.0,105,0.4977500218128912,0.8256989729880629,9.737169687990749,0.26701884376886753,1.0,0.0,0.0,0.0,0.0,0.2722257558577573,0.016195348790906113,0.0,0.0072390725543590075,0.8650549648500881,0.8491857832275452,0.07925653964165413,0.0
haptic_force_visual_motion,0.0,106,0.43842648464341233,0.6294630603975735,10.315479483674782,0.43843611191681764,1.0,0.0,0.0,0.0,0.0,0.3661721522742617,0.024223049593527144,0.0,0.0021068254842144,0.8565394710913055,0.8038279295165865,0.07993596468948062,0.0
haptic_force_visual_motion,0.0,107,0.4020416784537984,0.7280724682957099,9.595325303457487,0.49046798870816344,1.0,0.0,0.0,0.0,0.0,0.3198604432603338,0.019796486929338147,0.0,0.0007227959795394033,0.8550524643682441,0.8000557979634199,0.07900785794824657,0.0
haptic_force_visual_motion,0.0,108,0.5084386075683284,0.6615950056354445,7.2373639159296745,0.4284979811856606,1.0,0.0,0.0,0.0,0.0,0.12717713503499006,0.011386460481229868,0.0,0.0019273242259479745,0.8589183697450703,0.8140713874627756,0.08067899229771361,0.0
haptic_force_visual_motion,0.0,109,0.45115630705332826,0.7843484606630592,7.882576708525335,0.2478306128418791,1.0,0.0,0.0,0.0,0.0,0.39002247645140686,0.026209636011363984,0.0,0.00046505696614960464,0.864950175547637,0.8486429749967758,0.08246225357315132,0.0
haptic_force_visual_motion,0.0,110,0.5382241470986016,0.588060480795212,7.92147628135813,0.4953887174349766,0.0,0.0,1.0,0.0,0.0,0.1309450888519528,0.01148836953820888,0.0,0.004405568729995627,0.8578007597251426,0.8046260515042741,0.07847434661176875,0.0
haptic_force_visual_motion,0.0,111,0.48910790067080834,0.7288374012042677,9.107275852786044,0.3321011119099128,1.0,0.0,0.0,0.0,0.0,0.2755846143732853,0.015419396992982993,0.0,0.002044118677218528,0.861204793936954,0.8324232459935763,0.07782786682927738,0.0
haptic_force_visual_motion,0.0,112,0.6102991721897311,0.8003353128212043,10.306855415588672,0.5160036231292365,1.0,0.0,0.0,0.0,0.0,0.22432865814434202,0.013792268398220021,0.0,0.0029439699115867742,0.855140175534309,0.7960455068386513,0.08227492820026933,0.0
haptic_force_visual_motion,0.0,113,0.6050185821935056,0.7671121565810005,7.817367718539909,0.3320929540715347,1.0,0.0,0.0,0.0,0.0,0.21778812448308402,0.013235113170924207,0.0,0.003455589969712486,0.863652551791001,0.8377131307766401,0.0782136881626481,0.0
haptic_force_visual_motion,0.0,114,0.3848978763368965,0.6513938661038041,8.161697718523179,0.3158558378708585,1.0,0.0,0.0,0.0,0.0,0.2792102158655235,0.016281882400715136,0.0,0.0003950405847163118,0.8641578954157804,0.8440680221827229,0.08041378344779862,0.0
haptic_force_visual_motion,0.0,115,0.6013986728236287,0.6169038353183046,9.302962440782217,0.3662156489079602,1.0,0.0,0.0,0.0,0.0,0.22023642657564668,0.013040752994916227,0.0,0.0058805772426949576,0.8595889668040437,0.8162326335506475,0.08190984883109849,0.0
haptic_force_visual_motion,0.0,116,0.38206521216012623,0.5930356527802211,8.980037419168504,0.548854959892866,0.0,0.0,1.0,0.0,0.0,0.3508996107226793,0.02353864521605931,0.0,0.0016013404698645268,0.8547148349204277,0.792988166414536,0.0810888463822647,0.0
haptic_force_visual_motion,0.0,117,0.4037091551702729,0.6798409755270093,9.195772879639682,0.5812943839518151,1.0,0.0,0.0,0.0,0.0,0.14077944670698778,0.011450763734174477,0.0,0.0009269807183061161,0.8537313744296485,0.7915759136087421,0.07967081403119472,0.0
haptic_force_visual_motion,0.0,118,0.3683971361860289,0.596935831921907,9.023820112428535,0.5628578276598043,0.0,0.0,1.0,0.0,0.0,0.2503502595533263,0.014641860433676745,0.0,0.004557350907682402,0.8517241904915016,0.781738941967524,0.08000883573721025,0.0
haptic_force_visual_motion,0.0,119,0.6160626200822963,0.8386633505023193,7.340273914080105,0.22081589687470338,1.0,0.0,0.0,0.0,0.0,0.19392390370756965,0.011729763260098848,0.0,0.0016681049069050713,0.8665324714654193,0.8572629881336943,0.08454322163041988,0.0
haptic_force_visual_motion,0.0,120,0.5090488432513105,0.7308131244950206,8.68084619460941,0.28073957887829065,1.0,0.0,0.0,0.0,0.0,0.18353785321333724,0.011529693848115051,0.0,0.0011511194821627842,0.8632221086841457,0.8402956491267765,0.07758466902741551,0.0
haptic_force_visual_motion,0.0,121,0.48102827607491055,0.7847305352770033,7.886180133561505,0.6260930843526223,1.0,0.0,0.0,0.0,0.0,0.2765965070988183,0.016825678060149844,1.0,0.0035742705791241966,0.849618864524686,0.7717399333143763,0.08165395637507877,0.0
haptic_force_visual_motion,0.0,122,0.6126696473858321,0.7024790491376974,8.27721143011322,0.5190303816269661,1.0,0.0,0.0,0.0,0.0,0.1550106466942134,0.011509596721587674,0.0,0.004731218969809625,0.8545892735374959,0.7954514456125767,0.07856388240380908,0.0
haptic_force_visual_motion,0.0,123,0.36708224743931034,0.5888087882337818,8.346832862869162,0.3857895679839066,0.0,0.0,1.0,0.0,0.0,0.158025776882623,0.011298386291618766,0.0,0.0008968950555725585,0.8601893880709142,0.822050725651996,0.07898443835155682,0.0
haptic_force_visual_motion,0.0,124,0.5300069944021583,0.8138506383312799,9.398051946842012,0.564870005626595,1.0,0.0,0.0,0.0,0.0,0.12110107452152727,0.012176197631690259,0.0,0.003382596019908038,0.8510931197279945,0.7777040150748988,0.07901141391417207,0.0
haptic_force_visual_motion,0.0,125,0.5707605596011739,0.8521549647512008,7.306342412320508,0.3094022654214312,1.0,0.0,0.0,0.0,0.0,0.17155605881808741,0.011400664706368767,0.0,0.000712889436107486,0.8630415562403567,0.8402798732745358,0.07746557700251559,0.0
haptic_force_visual_motion,0.0,126,0.5412267821293106,0.8438113355006579,7.651645529626324,0.6067453587196688,1.0,0.0,0.0,0.0,0.0,0.39082549428372865,0.02804374294506154,0.0,0.0024347668245199164,0.8507954497839778,0.775948673127716,0.0779344745515039,0.0
haptic_force_visual_motion,0.0,127,0.47961687419948135,0.6983318819568027,8.222109245361771,0.4705376761797003,1.0,0.0,0.0,0.0,0.0,0.3539828520759487,0.02378657718922981,0.0,0.0017435319209027072,0.8560599068113481,0.7990277632653692,0.08097161426249189,0.0
haptic_force_visual_motion,0.0,128,0.3734297129112865,0.6507832167724599,10.192340933626785,0.3123253309550728,1.0,0.0,0.0,0.0,0.0,0.19782365806031393,0.012019725264500047,0.0,0.0027334067776731068,0.8613630917657886,0.8352791001931682,0.07801606342193541,0.0
haptic_force_visual_motion,0.0,129,0.47185475701366497,0.6690109911120813,7.700396684525751,0.5265455981014419,1.0,0.0,0.0,0.0,0.0,0.2261132628571131,0.013471825404799229,0.0,0.0052328128134764475,0.8532193109549634,0.788677851644426,0.0787019757748743,0.0
haptic_force_visual_motion,0.0,130,0.45783298691620344,0.7659805582394953,10.331101708766885,0.6152140764220878,1.0,0.0,0.0,0.0,0.0,0.3759754076736188,0.025849924888347656,1.0,0.0007570102957689409,0.8509087962318921,0.7785044783141533,0.07753862762209854,0.0
haptic_force_visual_motion,0.0,131,0.5324907704858952,0.6803211102079099,8.4212215104042,0.44492149032160233,1.0,0.0,0.0,0.0,0.0,0.2593381412079527,0.015665883799151934,0.0,0.0029041786634184464,0.8575586904015309,0.8063416529875129,0.07973638380233687,0.0
haptic_force_visual_motion,0.0,132,0.5393693938061925,0.8276919154404914,9.416765210496894,0.4619637590350732,1.0,0.0,0.0,0.0,0.0,0.32210566276264657,0.019652592730116616,0.0,0.0011722351122856174,0.8567708211106615,0.8095303570799081,0.07759041157743915,0.0
haptic_force_visual_motion,0.0,133,0.5391933020121081,0.618097183291904,8.73392325640831,0.5405440242557242,1.0,0.0,0.0,0.0,0.0,0.14422400527652932,0.011282685256473537,0.0,0.0037624981102095346,0.8532935035881075,0.7856137321091513,0.07829781191985917,0.0
haptic_force_visual_motion,0.0,134,0.5748344119008183,0.8471123446892816,9.413350903914068,0.32231095215105254,1.0,0.0,0.0,0.0,0.0,0.3939710471609618,0.026961063110678425,0.0,0.0023168970575605905,0.860699577853533,0.8264036752397027,0.0779022938640734,0.0
haptic_force_visual_motion,0.0,135,0.5390155664165641,0.6269317470773782,7.471353369047332,0.3870801971083561,1.0,0.0,0.0,0.0,0.0,0.4092485724857552,0.031165346819040953,0.0,0.005264126196675631,0.8631553409286551,0.8310352887939015,0.08158946777771538,0.0
haptic_force_visual_motion,0.0,136,0.562366932568254,0.7376276687664411,7.566718696903565,0.32684149857487427,1.0,0.0,0.0,0.0,0.0,0.22072482374913002,0.012909364916345579,0.0,0.0024788440173878715,0.8630610975867109,0.8375264835756439,0.07794651158925761,0.0
haptic_force_visual_motion,0.0,137,0.5609355045635007,0.6626482658062836,7.725405975558824,0.2795712613132742,1.0,0.0,0.0,0.0,0.0,0.1146741160160642,0.01264998595565388,0.0,0.002868753948471006,0.8645697666537133,0.8443823863168266,0.07814431038641823,0.0
haptic_force_visual_motion,0.0,138,0.552516654129038,0.7698538449744856,9.046323767496569,0.45070481597490564,1.0,0.0,0.0,0.0,0.0,0.2662865923341514,0.01598596445456679,0.0,0.0019082259847700942,0.8579045304481034,0.8108113535099768,0.0777908130813174,0.0
haptic_force_visual_motion,0.0,139,0.5618613068581386,0.8008967138970273,8.864779405796032,0.23310786880297193,1.0,0.0,0.0,0.0,0.0,0.5077588660549067,0.041005560915562796,0.0,0.0025936052311024125,0.8660272760399601,0.8553797455319437,0.07870802864280671,0.0
haptic_force_visual_motion,0.0,140,0.47217818730492445,0.7485905986355685,7.68363142340509,0.40139004176411697,1.0,0.0,0.0,0.0,0.0,0.21499112366920528,0.012698524891522843,0.0,0.005823841234774027,0.8573992397048007,0.815708365740339,0.08163146287789676,0.0
haptic_force_visual_motion,0.0,141,0.5723999654928833,0.7812280727543623,8.837705392651149,0.2783146716098669,1.0,0.0,0.0,0.0,0.0,0.32440341301657666,0.019106433252710827,0.0,0.0022834910093886035,0.8625810847881373,0.8368650229784876,0.0787219347771036,0.0
haptic_force_visual_motion,0.0,142,0.5342037799651264,0.6641252364137221,7.397180162288657,0.36058127844774235,1.0,0.0,0.0,0.0,0.0,0.5368022584703074,0.04755322206582914,0.0,0.0048950113412662855,0.8608193389435602,0.8247151437763857,0.08039710631522222,0.0
haptic_force_visual_motion,0.0,143,0.6133455427722145,0.7883586707861563,7.260201028708287,0.4424886576528938,1.0,0.0,0.0,0.0,0.0,0.1586809439143398,0.011524141348766356,0.0,0.003907450335745752,0.8582488062719845,0.8160187983501465,0.08073626595867728,0.0
haptic_force_visual_motion,0.0,144,0.5685996311420992,0.7986488047539826,8.653712358127748,0.6121278337367725,1.0,0.0,0.0,0.0,0.0,0.33184409157767525,0.02155666652193598,0.0,0.0022278970932937897,0.8498694523989693,0.7704339209775124,0.07787800324297359,0.0
haptic_force_visual_motion,0.0,145,0.5719918157353517,0.8408437232421961,8.779310620176812,0.5096177140043359,1.0,0.0,0.0,0.0,0.0,0.39860307477654205,0.02803418014256472,0.0,0.0018787514432576592,0.8537348636025842,0.7917180065687465,0.07931270424986013,0.0
haptic_force_visual_motion,0.0,146,0.5642873937422577,0.833979848055877,9.51097932685405,0.5570288615897923,1.0,0.0,0.0,0.0,0.0,0.19935824593776216,0.012622696288272835,0.0,0.0011018614804369402,0.853976877861827,0.793682866945943,0.0775712744668009,0.0
haptic_force_visual_motion,0.0,147,0.4484044221840232,0.5952900717751484,8.001688494431972,0.4040366780326543,0.0,0.0,1.0,0.0,0.0,0.17408491692036485,0.011519832493728873,0.0,0.0019275217557017921,0.8613916944215907,0.827748479608223,0.08064329111656277,0.0
haptic_force_visual_motion,0.0,148,0.4490537981363747,0.8212157567419175,9.33672589611515,0.5733454407901817,1.0,0.0,0.0,0.0,0.0,0.21278661571646332,0.013118400651612898,0.0,0.0013485708819442038,0.850631953195087,0.7798892692730768,0.07763838258114814,0.0
haptic_force_visual_motion,0.0,149,0.6043649706146194,0.6150234135969829,10.050192696965599,0.2451243485015546,1.0,0.0,0.0,0.0,0.0,0.23085127227516697,0.013429269335016933,0.0,0.006447999412489702,0.8667920647596054,0.8527591038539983,0.07903744855139873,0.0
haptic_force_visual_motion,0.0,150,0.38854106714507125,0.6463220729440466,9.583855712358483,0.5768961326247998,1.0,0.0,0.0,0.0,0.0,0.3575249206205873,0.023907366518089165,0.0,0.0015762971366632811,0.8517602142116603,0.7797107982682939,0.08139799397257902,0.0
haptic_force_visual_motion,0.0,151,0.532060342904666,0.5827938329540767,8.540951720876418,0.3287656155989452,0.0,0.0,1.0,0.0,0.0,0.1697824052082476,0.011232394619147622,0.0,0.004519282554417511,0.8629422659758561,0.8342057088888819,0.0802979983394807,0.0
haptic_force_visual_motion,0.0,152,0.4058421783177609,0.7712567621861112,9.124894566497185,0.4571744505138269,1.0,0.0,0.0,0.0,0.0,0.22284427269815116,0.013647047559517352,0.0,0.0024663888261309747,0.856503445221346,0.8060007650575379,0.08041648558818587,0.0
haptic_force_visual_motion,0.0,153,0.4874146094896865,0.8355210880827335,9.895111389215042,0.3691045540971302,1.0,0.0,0.0,0.0,0.0,0.24650105170142056,0.014270370294324231,0.0,0.002121749511696131,0.8603801490755832,0.8291757539067459,0.08198067873621737,0.0
haptic_force_visual_motion,0.0,154,0.45007829273853894,0.7658765296619399,7.806212141414553,0.5477035214956946,1.0,0.0,0.0,0.0,0.0,0.3096644054606813,0.018582604398155393,0.0,0.004957620444599532,0.8512746343794223,0.781956691470303,0.08176301308963663,0.0
haptic_force_visual_motion,0.0,155,0.5628935827184398,0.6427702342020288,8.054456619653434,0.413607791317415,1.0,0.0,0.0,0.0,0.0,0.37296065404953366,0.025844229095167186,0.0,0.004967626947884585,0.8599132705633359,0.8169336225981064,0.08048054231961903,0.0
haptic_force_visual_motion,0.0,156,0.547122339745889,0.6351959136225305,10.17662070919114,0.45473504217223654,1.0,0.0,0.0,0.0,0.0,0.18327911876872544,0.011923597156446872,0.0,0.003952458472403578,0.8568666676487291,0.8032028961248283,0.08287060151200135,0.0
haptic_force_visual_motion,0.0,157,0.367973793819275,0.599436208973975,8.401741135785187,0.5604077507666577,0.0,0.0,1.0,0.0,0.0,0.17318103433546797,0.012045074113076126,0.0,0.0003946437986534092,0.8553941738212169,0.7958584813073012,0.07839788843488217,0.0
haptic_force_visual_motion,0.0,158,0.48676018136301313,0.5895389252436447,9.720552675723846,0.5195622430922151,0.0,0.0,1.0,0.0,0.0,0.13712485130740043,0.01136639693462392,0.0,0.003069899405966011,0.8563142372500684,0.7999292188343452,0.07810808737354799,0.0
haptic_force_visual_motion,0.0,159,0.47492592181877075,0.6653508977076681,8.884701600058325,0.40790817966362924,1.0,0.0,0.0,0.0,0.0,0.17731737577816978,0.011787695059867013,0.0,0.0016809087676552573,0.8605101599695344,0.8223722459132412,0.08114455622284529,0.0
haptic_force_visual_motion,0.0,160,0.5497543902091231,0.651423438094558,8.548682379991746,0.4745736393932316,1.0,0.0,0.0,0.0,0.0,0.33283752373072706,0.02117703308894337,0.0,0.004385450967001669,0.8562307770187564,0.8007554717600909,0.07846881840310674,0.0
haptic_force_visual_motion,0.0,161,0.5034330074277455,0.785698279863077,9.916507095193412,0.22192509820365416,1.0,0.0,0.0,0.0,0.0,0.361849529172079,0.022291543334482675,0.0,0.002204048711862022,0.8664229962979961,0.8588803421879666,0.07787149551962745,0.0
haptic_force_visual_motion,0.0,162,0.5483898741237767,0.7634299687625841,10.170145597122467,0.4316043754540164,1.0,0.0,0.0,0.0,0.0,0.29455130485334186,0.01697446035181707,0.0,0.0021293717940991906,0.8578922965266896,0.8156019360613217,0.07785112097456875,0.0
haptic_force_visual_motion,0.0,163,0.4141692614508158,0.6951160765199905,9.210867313787668,0.24638674035116345,1.0,0.0,0.0,0.0,0.0,0.25449460098941795,0.015027399003549536,0.0,0.005408151636005479,0.8645378093663308,0.842781045836025,0.08426439780983565,0.0
haptic_force_visual_motion,0.0,164,0.42204629930144094,0.6491668374478521,8.090121092597368,0.5817866336807961,1.0,0.0,0.0,0.0,0.0,0.23292595079074274,0.014037999639932538,0.0,0.004954292364032613,0.8509571272763368,0.7763166231470421,0.07862526916077835,0.0
haptic_force_visual_motion,0.0,165,0.38553775237254306,0.8279826913386374,9.116371787574941,0.42304338139483455,1.0,0.0,0.0,0.0,0.0,0.3699342663590572,0.024736845117894736,0.0,0.002298811003838602,0.8581867356183677,0.8175033010583584,0.07789735710421664,0.0
haptic_force_visual_motion,0.0,166,0.41553860638837786,0.7902356186328777,9.062890692083876,0.621881389407373,1.0,0.0,0.0,0.0,0.0,0.16384201595845904,0.012023258650263975,0.0,0.002022038514961036,0.8477268839545057,0.762225491971422,0.08321903693855658,0.0
haptic_force_visual_motion,0.0,167,0.46259091815603887,0.6872032659012856,7.869487724775066,0.5773641157682584,1.0,0.0,0.0,0.0,0.0,0.25820300067988716,0.01596662174893433,0.0,0.00136376155048979,0.8545035220238382,0.7927454451192748,0.0776425163746114,0.0
haptic_force_visual_motion,0.0,168,0.3986905189194313,0.6265408236864742,10.138827396318788,0.23905230897374471,1.0,0.0,0.0,0.0,0.0,0.2876294495643171,0.016456610516430856,0.0,0.0019014716418534684,0.8664321302093766,0.8557559890466486,0.07849465721073849,0.0
haptic_force_visual_motion,0.0,169,0.5512019945588781,0.7287070697259338,10.155726224672476,0.2884129627667955,1.0,0.0,0.0,0.0,0.0,0.21017074729048646,0.012354392200449734,0.0,0.0036730886486601123,0.8631554469929407,0.838633650997398,0.08666763590955877,0.0
haptic_force_visual_motion,0.0,170,0.46079717102595796,0.849239218742526,9.037788775325478,0.35134962967203087,1.0,0.0,0.0,0.0,0.0,0.1898660495941114,0.011909579536494833,0.0,0.0020139515565652196,0.8602001438250558,0.8298859335632239,0.0778196397901974,0.0
haptic_force_visual_motion,0.0,171,0.5891034885196018,0.721400882586269,9.444740325970377,0.34162735622783785,1.0,0.0,0.0,0.0,0.0,0.39877657134179567,0.02806991072597991,0.0,0.00422999394470536,0.8629255362799174,0.8349314683909184,0.07868470227953527,0.0
haptic_force_visual_motion,0.0,172,0.5825932145802527,0.7679330455562087,9.770706023254135,0.35430957298127347,1.0,0.0,0.0,0.0,0.0,0.12208455646137502,0.011663504649235866,0.0,0.00489846741664142,0.8610424072169222,0.826939855173202,0.08403674020731536,0.0
haptic_force_visual_motion,0.0,173,0.5137730690544653,0.848210727276802,9.877268503549441,0.335792625598944,1.0,0.0,0.0,0.0,0.0,0.41006804287303633,0.028011993794425136,0.0,0.0014308222418988011,0.8615959032988365,0.8353234055848054,0.07766076781921621,0.0
haptic_force_visual_motion,0.0,174,0.6067780618087877,0.6531630007371536,7.237409981565239,0.43659217305878434,1.0,0.0,0.0,0.0,0.0,0.13357131189952046,0.011386455291366535,0.0,0.004695514717552957,0.8596508508192187,0.8145191724615098,0.08574079658109576,0.0
haptic_force_visual_motion,0.0,175,0.6176751218322776,0.7683904731790014,8.177230949754925,0.5511233336434296,1.0,0.0,0.0,0.0,0.0,0.21248696810396356,0.013392503700039261,0.0,0.002996036695082325,0.8528264580562551,0.7822287165770181,0.07953353813579227,0.0
haptic_force_visual_motion,0.0,176,0.41905392043693124,0.6251842408472801,8.318556888901917,0.6202929268192352,1.0,0.0,0.0,0.0,0.0,0.19686729392592106,0.012899416614706985,1.0,0.0015074981890627272,0.8497730956395723,0.767006956767868,0.07905756357205819,0.0
haptic_force_visual_motion,0.0,177,0.5307331150243038,0.7401114459126774,9.166831745781641,0.29027364570398584,1.0,0.0,0.0,0.0,0.0,0.35698348385457307,0.022090764130860693,0.0,0.00218938541007632,0.8631877519606079,0.8405267128854378,0.07945993299357024,0.0
haptic_force_visual_motion,0.0,178,0.3774365679166846,0.7877009701001514,8.155436701486884,0.5317982665462484,1.0,0.0,0.0,0.0,0.0,0.2858452504914555,0.017563662482846486,0.0,0.0021026000050563902,0.8530259140923113,0.7897013935896887,0.08059325712108996,0.0
haptic_force_visual_motion,0.0,179,0.5237968041659224,0.6276300973034512,9.178018435123077,0.5774321044645541,1.0,0.0,0.0,0.0,0.0,0.1824819370131724,0.012099299514371798,0.0,0.0033298021594040873,0.8523432946786555,0.7807331276303587,0.07827831250575679,0.0
passive_noisy_force,0.0,0,0.5697546344813502,0.6956650709176242,9.92880635609631,0.4665071376600688,1.0,0.0,0.0,0.0,0.0,0.7394207750482688,0.3793758839754623,0.0,0.003775371795571908,0.8575318671212875,0.8103689640238859,0.33818352850756883,0.0
passive_noisy_force,0.0,1,0.6019282128686849,0.7578646779536289,9.004528095649597,0.409516753335189,1.0,0.0,0.0,0.0,0.0,0.8225271039947348,0.36829022517149135,0.0,0.0040074673752802555,0.8589668290599096,0.8168468090210915,0.26041873653768555,0.0
passive_noisy_force,0.0,2,0.5291522960415254,0.8245077168677599,8.51682376141016,0.599884991851118,1.0,0.0,0.0,0.0,0.0,0.7254507652504602,0.37845878897406066,1.0,0.002262307065358667,0.8506693454721885,0.7780316750544125,0.34418404169345446,0.0
passive_noisy_force,0.0,3,0.41880475372517323,0.6173223353501586,9.44825507052746,0.37351993098530867,0.0,0.0,1.0,0.0,0.0,0.7350479566636299,0.4155825939404063,0.0,0.0007083697596177568,0.859291204915822,0.8175781809243617,0.4396377452764613,0.0
passive_noisy_force,0.0,4,0.44546643471105546,0.665392837320096,10.380290696451372,0.48079539220121637,0.0,0.0,1.0,0.0,0.0,0.7185653622962774,0.40158885627701535,0.0,0.001603192496589399,0.8548514739455616,0.7969999490156278,0.427822743809528,0.0
passive_noisy_force,0.0,5,0.5179084221459291,0.6328417097078385,7.720838314459364,0.38918478715520466,0.0,0.0,1.0,0.0,0.0,0.8006244290961981,0.39062555528454695,0.0,0.004111169535458355,0.8609606089772667,0.8242576620906714,0.3252829104184386,0.0
passive_noisy_force,0.0,6,0.5433396871714277,0.7654718538052383,9.400050642612548,0.28302288206826165,1.0,0.0,0.0,0.0,0.0,0.7519327138673852,0.40930597127346774,0.0,0.003926456630251251,0.8656316522865253,0.8523308437226996,0.42755066010495296,0.0
passive_noisy_force,0.0,7,0.5918059971914781,0.6045559875875135,9.19866605888695,0.4981432130315886,0.0,0.0,1.0,0.0,0.0,0.7271250551645883,0.4041942945296782,0.0,0.006496792035244982,0.8556659775741848,0.7960724450152863,0.37675239685238243,0.0
passive_noisy_force,0.0,8,0.6021108401424144,0.6125483912611228,7.500018045120819,0.58406956009817,0.0,0.0,1.0,0.0,0.0,0.684600204147227,0.45413652901993695,1.0,0.005370589399355949,0.8537087392802288,0.784938555740648,0.4894319037516176,0.0
passive_noisy_force,0.0,9,0.47487976586092673,0.8153886762973519,7.208588532237339,0.480626956911528,1.0,0.0,0.0,0.0,0.0,0.7801269399303747,0.3706692079925159,0.0,0.0008161508778325448,0.8573334384619141,0.8092691134362208,0.3489312040622074,0.0
passive_noisy_force,0.0,10,0.375832927812533,0.7254939025267163,9.022079250403818,0.2521218004354615,1.0,0.0,0.0,0.0,0.0,0.7561740152143706,0.4054339582988902,0.0,0.003267901559214933,0.8636861551802342,0.8434716779512339,0.47714994843485387,0.0
passive_noisy_force,0.0,11,0.5924492480865005,0.7357505725703251,8.08974862981179,0.4731106277854763,1.0,0.0,0.0,0.0,0.0,0.8013580641571328,0.3732012705131299,0.0,0.00422950197930431,0.8580261799788923,0.8109400212642058,0.31101804112345677,0.0
passive_noisy_force,0.0,12,0.5724894243455679,0.5841860160183885,8.477880660411913,0.594362529441752,0.0,0.0,1.0,0.0,0.0,0.6707488860509704,0.4388567522822389,1.0,0.006382796390680919,0.8508234407064169,0.7752007295638972,0.4884284769606313,0.0
passive_noisy_force,0.0,13,0.5027624419265363,0.7127097918540025,9.55108373805699,0.30859539037833733,1.0,0.0,0.0,0.0,0.0,0.7607158022554209,0.3902523800715535,0.0,0.003193277924360488,0.8621187887317383,0.8317856317810699,0.40708057826155963,0.0
passive_noisy_force,0.0,14,0.5062244797646771,0.8325454103374197,8.685255079194398,0.5088329107374197,1.0,0.0,0.0,0.0,0.0,0.7236864881359605,0.40297921898605826,0.0,0.0007083704289538013,0.8537885136722811,0.7941191896919673,0.42477256786504036,0.0
passive_noisy_force,0.0,15,0.46250940813290603,0.8121616970893867,10.385167012594277,0.22968390247025341,1.0,0.0,0.0,0.0,0.0,0.8193093032332884,0.3801906397566934,0.0,0.004874247047146898,0.8625894773831497,0.8389686639306302,0.3518620476869571,0.0
passive_noisy_force,0.0,16,0.5334335399131376,0.6767674675534582,9.575652737511565,0.49610760000663,1.0,0.0,0.0,0.0,0.0,0.7612649327549177,0.38463639769353625,0.0,0.003390199705282687,0.8554893121142205,0.7967758997600599,0.3350889264479445,0.0
passive_noisy_force,0.0,17,0.4837782726404778,0.7370964178283819,8.728710451887203,0.5177870849364581,1.0,0.0,0.0,0.0,0.0,0.7235738352518272,0.3894219524662402,0.0,0.0011414423657373112,0.8543560257541984,0.7947091009615067,0.42949704723223386,0.0
passive_noisy_force,0.0,18,0.5854627568049409,0.76140442537596,8.141548931888856,0.439355885337092,1.0,0.0,0.0,0.0,0.0,0.8265525798633678,0.3643616645342309,0.0,0.004026289786330303,0.8567814656018943,0.8052207772064736,0.26109961859891007,0.0
passive_noisy_force,0.0,19,0.4381745325524635,0.713304571615957,7.482966310925253,0.5678367228140602,1.0,0.0,0.0,0.0,0.0,0.794543795058596,0.37187950324924945,1.0,0.0016266552110439855,0.8532776359460466,0.786814539345145,0.3347277693853997,0.0
passive_noisy_force,0.0,20,0.6076919247977448,0.7813274140973446,7.584228770646277,0.3301660667180608,1.0,0.0,0.0,0.0,0.0,0.7967328067150886,0.389298588240386,0.0,0.0030469772638387353,0.8628028275548735,0.8353830341130714,0.3212233110059274,0.0
passive_noisy_force,0.0,21,0.37019440620656224,0.621940199800507,8.533603473564739,0.5091629529808943,0.0,0.0,1.0,0.0,0.0,0.8808267310634692,0.3840706139313464,0.0,0.0023480957319025617,0.855371407817786,0.7962858396502513,0.28851420640597536,0.0
passive_noisy_force,0.0,22,0.46725301551157894,0.5862793086957268,9.217392425409948,0.42803733827692336,0.0,0.0,1.0,0.0,0.0,0.6973781276809238,0.41942820712844553,0.0,0.0025103543068021733,0.8578155639402771,0.8102083658106485,0.4896936705207092,0.0
passive_noisy_force,0.0,23,0.44827100866528524,0.7756891589813308,9.483904603324811,0.6045834967018143,1.0,0.0,0.0,0.0,0.0,0.738646613924214,0.35657101489816967,1.0,0.0022772779064190833,0.8511172833034243,0.7757400713698731,0.35856090374882815,0.0
passive_noisy_force,0.0,24,0.46580258971014843,0.6142945148310499,7.465585929546694,0.34454521859003734,0.0,0.0,1.0,0.0,0.0,0.7759430340802249,0.3890920376847119,0.0,0.0028054007528803856,0.8646073271434435,0.8408693856099211,0.4013637069398718,0.0
passive_noisy_force,0.0,25,0.47473004843642197,0.7890755770627569,8.563367007592472,0.6064592027389506,1.0,0.0,0.0,0.0,0.0,0.6938678730767659,0.38484651757083654,1.0,0.0009119163154814288,0.8507300884447563,0.7753027140714336,0.4270340465482281,0.0
passive_noisy_force,0.0,26,0.4501168415059062,0.6069480303389573,9.389563974567345,0.5484274329619313,0.0,0.0,1.0,0.0,0.0,0.7501752854572569,0.38126167447428544,0.0,0.0025876329162433866,0.8530209240029365,0.7838440932371269,0.3393070350084691,0.0
passive_noisy_force,0.0,27,0.4309671373956963,0.620308571661349,8.37914444537798,0.5205651438411382,0.0,0.0,1.0,0.0,0.0,0.778771075887774,0.37225941125921136,0.0,0.002589659730708839,0.8541873669700534,0.7917943619899762,0.33847820255286104,0.0
passive_noisy_force,0.0,28,0.3671457378094934,0.583425352024376,8.375423853341083,0.3153336257675682,0.0,0.0,1.0,0.0,0.0,0.8109179427539974,0.3933584883996343,0.0,0.0016028693163136088,0.8620303269658349,0.8314211638445898,0.3682239057603613,0.0
passive_noisy_force,0.0,29,0.4066523382499193,0.6161141372166462,8.91340862597221,0.5728369569718861,0.0,0.0,1.0,0.0,0.0,0.7173174426852739,0.3975727290851439,0.0,0.0024451443941650706,0.8525883979061675,0.7831919780116822,0.4377016190943462,0.0
passive_noisy_force,0.0,30,0.5187786452963434,0.6333501648713288,9.304937073335743,0.3042195652891903,0.0,0.0,1.0,0.0,0.0,0.7435139443032838,0.40807669247833145,0.0,0.0033544533573915914,0.8647502853276873,0.8454556879016898,0.4256900769070201,0.0
passive_noisy_force,0.0,31,0.5757884922527098,0.7767773634161448,9.695962276391468,0.5409203303385764,1.0,0.0,0.0,0.0,0.0,0.6837934001880295,0.41301542720106177,0.0,0.003088425611269344,0.8526428180423642,0.7843006447948084,0.4300285184639131,0.0
passive_noisy_force,0.0,32,0.4028696256210962,0.6895543845735514,7.629566950589093,0.3856626363910396,0.0,0.0,1.0,0.0,0.0,0.7202680405987986,0.37455990890998025,0.0,0.0033477306937802036,0.857888466722957,0.8138965748777428,0.4419666627728748,0.0
passive_noisy_force,0.0,33,0.42426068662432903,0.8348411458542973,7.271265799282938,0.5852962143870183,1.0,0.0,0.0,0.0,0.0,0.7167842751290979,0.3907343624139249,0.0,0.002411782105746959,0.8501513960123015,0.7772285696985185,0.4016946943772888,0.0
passive_noisy_force,0.0,34,0.6073482947869199,0.6065676850735883,8.299061985109944,0.6152677928703569,0.0,0.0,1.0,0.0,0.0,0.6882392305747855,0.45877013304664954,1.0,0.006154088703785807,0.8508190412437757,0.7726534030945954,0.4882216812282447,0.0
passive_noisy_force,0.0,35,0.40356305803208614,0.6626069889383562,8.134756339952396,0.6024586821387575,0.0,0.0,1.0,0.0,0.0,0.7356043509963561,0.3613594645512604,1.0,0.00030268382442880207,0.8517572705772438,0.7772918584592095,0.3507790004563443,0.0
passive_noisy_force,0.0,36,0.5401438232268888,0.8238955858340398,8.797561459745479,0.3248450225522986,1.0,0.0,0.0,0.0,0.0,0.8248026564431027,0.3721543699450372,0.0,0.003438647557460189,0.8646319949831565,0.84558415499851,0.3256258507964089,0.0
passive_noisy_force,0.0,37,0.5403102072237653,0.6787135875871082,8.150416807313974,0.5531046036443374,0.0,0.0,1.0,0.0,0.0,0.7191874743951625,0.3902187300807291,0.0,0.004040178939999303,0.8529029309370321,0.784982359296328,0.40603770877374273,0.0
passive_noisy_force,0.0,38,0.4964965866092168,0.7546876852674091,9.546468374894507,0.46975763687075833,1.0,0.0,0.0,0.0,0.0,0.7102165954148613,0.37602144568970425,0.0,0.005298548734172916,0.8592713329461283,0.8175207910976818,0.41510339169295557,0.0
passive_noisy_force,0.0,39,0.6013296502914438,0.6373963444413367,7.3023571666941045,0.597024320569218,0.0,0.0,1.0,0.0,0.0,0.7119373776074314,0.41049326680315273,1.0,0.00629931436914911,0.8521868094094811,0.7796695478958828,0.3768791777963387,0.0
passive_noisy_force,0.0,40,0.490649094486843,0.5849263682522131,9.743457895088808,0.5405323271331126,0.0,0.0,1.0,0.0,0.0,0.6969813047454108,0.4123313013994078,0.0,0.003506484918683832,0.8551301454417732,0.7940995506473545,0.4702404709111126,0.0
passive_noisy_force,0.0,41,0.40999139115513233,0.7078770792785298,8.20267112780888,0.27976546616508197,1.0,0.0,0.0,0.0,0.0,0.8474720342828073,0.39535687049739293,0.0,0.001454337868267389,0.8652694163802727,0.8481063636788192,0.36070625327788447,0.0
passive_noisy_force,0.0,42,0.5553192160541075,0.6176312002998184,9.672667574782475,0.33861734008820865,0.0,0.0,1.0,0.0,0.0,0.7815295491145338,0.3979847745111526,0.0,0.005352563175472844,0.8620319576030651,0.8302184280744298,0.32462515080183746,0.0
passive_noisy_force,0.0,43,0.5890109822898539,0.7506331303321611,7.780099587378043,0.560157744200739,1.0,0.0,0.0,0.0,0.0,0.7360271491984766,0.3960106382724138,0.0,0.0037824149668847775,0.8526908055248483,0.784410819999484,0.3256526937504747,0.0
passive_noisy_force,0.0,44,0.43210677794414765,0.6586484265927229,8.859030103745626,0.6047627882454668,0.0,0.0,1.0,0.0,0.0,0.7064297074113365,0.36529425261453,1.0,0.0010081782115031607,0.8514597503742042,0.7751994241390676,0.4105651144936884,0.0
passive_noisy_force,0.0,45,0.40625082462168427,0.7233966573412571,9.637863957167223,0.3318902124737861,1.0,0.0,0.0,0.0,0.0,0.7537581402126571,0.4089173297331958,0.0,0.0032540449637695986,0.8627727280534471,0.8385691028113335,0.46773516641777774,0.0
passive_noisy_force,0.0,46,0.5175142255935286,0.6594207639987484,8.128851737763773,0.23853201073995706,0.0,0.0,1.0,0.0,0.0,0.7766197436286439,0.41430436955129396,0.0,0.002939942100239809,0.8670385213829762,0.8560019885938954,0.40412157039181423,0.0
passive_noisy_force,0.0,47,0.44566591298121727,0.7329401504797858,9.576816503301279,0.3428162603389533,1.0,0.0,0.0,0.0,0.0,0.8455608615589295,0.3675691867560328,0.0,0.003849895718038685,0.8629536563565856,0.8362551563469933,0.33996071696791874,0.0
passive_noisy_force,0.0,48,0.4565461796826001,0.7351317936351363,8.91730088477971,0.2683866671531462,1.0,0.0,0.0,0.0,0.0,0.7584419722775645,0.3664793664990661,0.0,0.0008509149269671435,0.8632838523010462,0.8429604016691509,0.37222154865986384,0.0
passive_noisy_force,0.0,49,0.432075012618576,0.6407965212016147,10.199288833305623,0.5915558051921025,0.0,0.0,1.0,0.0,0.0,0.703632680595821,0.3856639161171341,1.0,0.0018327075391121204,0.8512065903666824,0.7780781167486405,0.42012270890316755,0.0
passive_noisy_force,0.0,50,0.43308501927624204,0.7719980589241858,9.678552011816166,0.5782926789122268,1.0,0.0,0.0,0.0,0.0,0.7012569753574998,0.36277057829129,1.0,0.00230449306728536,0.8510313994800068,0.7825253244253919,0.36901239092434096,0.0
passive_noisy_force,0.0,51,0.393030372303869,0.715890033750372,10.387820152767599,0.6170728490083196,1.0,0.0,0.0,0.0,0.0,0.6900584009959332,0.3822666409862105,1.0,0.00172975265310159,0.849437668873284,0.7722582354090767,0.4515891716648146,0.0
passive_noisy_force,0.0,52,0.4055828318922533,0.7240085639852187,8.66270541029097,0.4941081084222826,1.0,0.0,0.0,0.0,0.0,0.7867242054383482,0.3818448294598721,0.0,0.0010721156840087787,0.8570871331130727,0.8079667985426069,0.362241222231094,0.0
passive_noisy_force,0.0,53,0.36214030693902693,0.8494913826786596,9.07482680918268,0.23591768490792359,1.0,0.0,0.0,0.0,0.0,0.7853272231177163,0.3631421022127022,0.0,0.0035969614289454444,0.8660117859006905,0.861550245085961,0.40909469340160987,0.0
passive_noisy_force,0.0,54,0.45200121663099585,0.7848496474458587,10.01444246484652,0.45947821132138283,1.0,0.0,0.0,0.0,0.0,0.845027075324016,0.3533222703362152,0.0,0.0045047759342150655,0.8597293078298746,0.8198668366544918,0.2822800066544319,0.0
passive_noisy_force,0.0,55,0.4748539122293629,0.8578068430581373,9.820693936620719,0.5228094229493292,1.0,0.0,0.0,0.0,0.0,0.7192520331719462,0.35839390963253465,1.0,0.007241984804481192,0.8554310462514392,0.7991045156729365,0.35711145022522367,0.0
passive_noisy_force,0.0,56,0.4042778246307262,0.8445876459210852,8.558828862619935,0.397055934717398,1.0,0.0,0.0,0.0,0.0,0.8154739466196931,0.3693761107818639,0.0,0.002356730529514516,0.861441487312772,0.8345478723776524,0.3712749503771302,0.0
passive_noisy_force,0.0,57,0.535688030046572,0.7146745619685896,9.728740262003917,0.35136261313183814,1.0,0.0,0.0,0.0,0.0,0.7435476809838013,0.3897874957983994,0.0,0.0037117973089128373,0.8615495774263779,0.8285303125192981,0.4010137226359547,0.0
passive_noisy_force,0.0,58,0.36021772469989033,0.6169669602814378,9.227560401945597,0.34562439033923675,0.0,0.0,1.0,0.0,0.0,0.7689084979304195,0.4010947377635492,0.0,0.0017093066463701916,0.8618785904618129,0.8304137057806685,0.4477545737771276,0.0
passive_noisy_force,0.0,59,0.42595980598758143,0.6858287621779392,7.775494307594349,0.623916639914276,0.0,0.0,1.0,0.0,0.0,0.6976323997831184,0.3951266365809171,1.0,0.0031839258693464436,0.850103774323548,0.7717944177514404,0.4390672117877194,0.0
passive_noisy_force,0.0,60,0.3777012413196552,0.6682456097953909,8.887631150191714,0.4256922091802178,0.0,0.0,1.0,0.0,0.0,0.8101789050388253,0.38890867326794143,0.0,0.00048921863956761,0.8582152258953173,0.8128389595708236,0.3701514273891288,0.0
passive_noisy_force,0.0,61,0.3990436547277437,0.6739778027310678,7.658556204838144,0.5217333213012628,0.0,0.0,1.0,0.0,0.0,0.7795100131324062,0.37737895189263415,0.0,0.0026941874629676328,0.8547159487388163,0.7948209572226045,0.3592524179578698,0.0
passive_noisy_force,0.0,62,0.3753968356408424,0.6520142225558329,8.267687040430808,0.5729563510079322,0.0,0.0,1.0,0.0,0.0,0.787519281138337,0.37012024913260944,1.0,0.0034211012113479562,0.8523707525740896,0.7828794174825433,0.35910479053289107,0.0
passive_noisy_force,0.0,63,0.5962658227650283,0.7826710688907712,9.795598504731998,0.416227927824405,1.0,0.0,0.0,0.0,0.0,0.781158298743468,0.3845936590320133,0.0,0.0029068486581929234,0.8588456214775827,0.8168695667681986,0.32203833757568673,0.0
passive_noisy_force,0.0,64,0.5290081057422477,0.640144938293995,8.95566444734885,0.5601803136193397,0.0,0.0,1.0,0.0,0.0,0.6632841485885603,0.42386628401837034,1.0,0.004038707956102624,0.8516562912343617,0.7818327713793577,0.504018422172247,0.0
passive_noisy_force,0.0,65,0.5022723737843688,0.8114073580837147,8.613650299960444,0.6008140930235685,1.0,0.0,0.0,0.0,0.0,0.715880266800788,0.3772732531438975,1.0,0.0042946669574325125,0.8492748160805027,0.774079950169609,0.33916914618773786,0.0
passive_noisy_force,0.0,66,0.389217320965966,0.8432782887680115,9.992529439368507,0.6323363074562931,1.0,0.0,0.0,0.0,0.0,0.7279215133485966,0.3576381844302467,1.0,0.0034818678886723146,0.8487220591531072,0.7680338742495988,0.3879675005862267,0.0
passive_noisy_force,0.0,67,0.5481795080488826,0.7311360395173512,10.328457828038124,0.25011042710208786,1.0,0.0,0.0,0.0,0.0,0.7944759594526521,0.38985879796121714,0.0,0.003507799553764302,0.8642923765279458,0.8448493875494695,0.33307587884344636,0.0
passive_noisy_force,0.0,68,0.3919760543035586,0.614077410025057,7.8090533795304005,0.24272733927711268,0.0,0.0,1.0,0.0,0.0,0.8969984515680731,0.3852742079014356,0.0,0.0016240465668201653,0.8649265321243013,0.8430937956914205,0.34441791332564314,0.0
passive_noisy_force,0.0,69,0.535251340359133,0.6721088328782255,9.151558285304413,0.43748792176008255,0.0,0.0,1.0,0.0,0.0,0.6768314596272214,0.4010792622157698,0.0,0.0032093383662713444,0.8558751254598369,0.8034300133810285,0.47068209475516454,0.0
passive_noisy_force,0.0,70,0.38591945449408566,0.7448150707423196,7.3612998335106825,0.31409314483491146,1.0,0.0,0.0,0.0,0.0,0.8226160913870111,0.3778407841001964,0.0,0.0014893750416839768,0.8630164749346811,0.8394644411330504,0.3746589905572685,0.0
passive_noisy_force,0.0,71,0.5023280383666919,0.6936409719941004,7.897085755939925,0.3238752313392876,1.0,0.0,0.0,0.0,0.0,0.8001772374644487,0.3578250259477252,0.0,0.0031697160224562343,0.8629998608297156,0.8325399612332053,0.3231054492544538,0.0
passive_noisy_force,0.0,72,0.57479536720992,0.7193179200882096,7.95318115682607,0.4117677690750261,1.0,0.0,0.0,0.0,0.0,0.7397202220329726,0.3871102116396785,0.0,0.003311658486557313,0.8597520851748577,0.8211132353577959,0.33329902441013537,0.0
passive_noisy_force,0.0,73,0.5428383074696254,0.8098562439793563,9.678443745878656,0.25165160066474745,1.0,0.0,0.0,0.0,0.0,0.7889970315604378,0.3884580658340716,0.0,0.003607179098530233,0.8652036907849369,0.8510346388811721,0.3540868387652526,0.0
passive_noisy_force,0.0,74,0.49204312458834365,0.7803886441319797,7.750926482091081,0.583213578581017,1.0,0.0,0.0,0.0,0.0,0.7973025211918333,0.3669454977249958,1.0,0.0009877201920633473,0.8525217494042414,0.7829379129486583,0.2738500513743462,0.0
passive_noisy_force,0.0,75,0.47257102666322015,0.7417260864585002,8.603135415083194,0.40769271596734313,1.0,0.0,0.0,0.0,0.0,0.728159004231415,0.37935591994396306,0.0,0.002779856345347443,0.8597644977858171,0.8200803741077279,0.41789591291275463,0.0
passive_noisy_force,0.0,76,0.5945605320985965,0.5880956464058065,8.791691866948835,0.3988019445601117,0.0,0.0,1.0,0.0,0.0,0.6985422900161251,0.47269112748646663,0.0,0.005602537556132216,0.8607994428864535,0.8237399628000014,0.5582998401278259,0.0
passive_noisy_force,0.0,77,0.4285821966114237,0.6986910512024199,9.855536647353604,0.5286310089782729,1.0,0.0,0.0,0.0,0.0,0.7527356170833274,0.37848891771971555,0.0,0.001611224980061223,0.8544286598661696,0.7941512844484,0.35782354495216667,0.0
passive_noisy_force,0.0,78,0.5747835930183295,0.799571181275077,9.139833601759689,0.3532978708280902,1.0,0.0,0.0,0.0,0.0,0.7902910217120628,0.38903351124168994,0.0,0.0026801491154454134,0.86232742430365,0.8339012126762323,0.33080070437530323,0.0
passive_noisy_force,0.0,79,0.6025577465834011,0.7641865297362634,8.821782130249137,0.3222661266418866,1.0,0.0,0.0,0.0,0.0,0.8233032502708265,0.3868625828853176,0.0,0.003665625747088416,0.8619656557792874,0.8304501014097256,0.3161945241400862,0.0
passive_noisy_force,0.0,80,0.6092845390405235,0.6828042015704784,9.088139412188214,0.5987513127704407,1.0,0.0,0.0,0.0,0.0,0.7484393018930228,0.3784137825237917,1.0,0.00552689303311583,0.8518454707305355,0.7757900688186989,0.3169480838901743,0.0
passive_noisy_force,0.0,81,0.37767462233583743,0.7285482821836934,8.461246779411674,0.5939716769399745,1.0,0.0,0.0,0.0,0.0,0.7637439458869374,0.3736149168815555,1.0,0.0022329042256580404,0.8496260985978322,0.7707739819161356,0.36990754404977455,0.0
passive_noisy_force,0.0,82,0.455648404983029,0.8189734519380047,8.63074413088978,0.4248585215381232,1.0,0.0,0.0,0.0,0.0,0.7404904624204061,0.37485595846507447,0.0,0.0012164632780601457,0.8562467401682864,0.8077795208845006,0.3663368527399547,0.0
passive_noisy_force,0.0,83,0.6060464691063199,0.6672814967502485,10.229921418927788,0.622272713924907,0.0,0.0,1.0,0.0,0.0,0.6845335856225806,0.4395997874330164,1.0,0.004267620500490497,0.850208835329334,0.7696044814891276,0.47721537231419425,0.0
passive_noisy_force,0.0,84,0.44141734264734633,0.8057015891388193,8.835478715209444,0.40887707952848296,1.0,0.0,0.0,0.0,0.0,0.7471912719963854,0.36611165809242174,0.0,0.0013093830125595228,0.8566300732741122,0.8108446307825273,0.3591464173671586,0.0
passive_noisy_force,0.0,85,0.6140745177893092,0.7357377226948844,9.491121981842417,0.4953952313535579,1.0,0.0,0.0,0.0,0.0,0.7838010238962179,0.3785396710014435,0.0,0.004554294654617571,0.8560320054192,0.7984353988266923,0.30839861800625573,0.0
passive_noisy_force,0.0,86,0.38725727524511655,0.8585111033537351,8.48225266240615,0.2910982382704308,1.0,0.0,0.0,0.0,0.0,0.8022731164612795,0.35886344053074337,0.0,0.005869289321802318,0.863982549115029,0.8457430490016172,0.3944020450463568,0.0
passive_noisy_force,0.0,87,0.5961958845701751,0.8404660847369219,7.258435814819333,0.33558823857743536,1.0,0.0,0.0,0.0,0.0,0.778712959331771,0.38958290128899836,0.0,0.0015592685641351376,0.8632469990880084,0.8403715610991945,0.33309612691429846,0.0
passive_noisy_force,0.0,88,0.5401231257047352,0.7395022651863136,8.348971464955316,0.3693354896351903,1.0,0.0,0.0,0.0,0.0,0.7934615669092657,0.37035618930353637,0.0,0.002516286055627136,0.8613206753138608,0.8296497855418196,0.3340417666173252,0.0
passive_noisy_force,0.0,89,0.393534324517801,0.8214312722680979,8.417970824855864,0.6139813112734414,1.0,0.0,0.0,0.0,0.0,0.829867824547992,0.35309825811480083,1.0,0.001474278298241763,0.8491554548689719,0.7677008152511731,0.2862119359632665,0.0
passive_noisy_force,0.0,90,0.45047650676761586,0.6990725498110298,8.816905837235915,0.43879117821440905,1.0,0.0,0.0,0.0,0.0,0.7759981598958887,0.3815034607948746,0.0,0.0007860919635370199,0.8587025064145193,0.815890377733014,0.3507600619572636,0.0
passive_noisy_force,0.0,91,0.5505760366713719,0.6879699015836909,8.450025425755173,0.4242696367575729,0.0,0.0,1.0,0.0,0.0,0.70680024162021,0.3854553558621085,0.0,0.003415430264105288,0.8596469257697166,0.815603365731915,0.39535775768420384,0.0
passive_noisy_force,0.0,92,0.38696557721732716,0.81765755382021,7.52917083319054,0.4011939524964515,1.0,0.0,0.0,0.0,0.0,0.8206750450929825,0.3561203189637219,0.0,0.0022295402383387918,0.8580160154813702,0.8170888869790017,0.3028112070169648,0.0
passive_noisy_force,0.0,93,0.3692958513535173,0.6547946567464118,8.203125044191879,0.5083668844766961,0.0,0.0,1.0,0.0,0.0,0.7160313590078675,0.3906216321691978,0.0,0.0015226760705721544,0.8536476395375138,0.7891295873657499,0.4609825431572767,0.0
passive_noisy_force,0.0,94,0.5156322539881526,0.7294159798222997,7.944246551768396,0.5158902303696288,1.0,0.0,0.0,0.0,0.0,0.714601519330723,0.39670385774753486,0.0,0.0024201518366072667,0.853778769850525,0.7909306350755824,0.4178908086363498,0.0
passive_noisy_force,0.0,95,0.6032432087490859,0.6406001060328571,9.07060069002556,0.5634951877101471,0.0,0.0,1.0,0.0,0.0,0.7143721362103413,0.38751156457153485,1.0,0.006619756485795138,0.8529168178902385,0.7866231138402123,0.31749168546341167,0.0
passive_noisy_force,0.0,96,0.43439644811160916,0.6533083653181885,7.291207357962624,0.4908682329524716,0.0,0.0,1.0,0.0,0.0,0.7236737092405237,0.383010173038628,0.0,0.0009330194022852345,0.8554125824382632,0.7958913271898828,0.4169820116211322,0.0
passive_noisy_force,0.0,97,0.4844738086643673,0.6663526495508761,9.447135926679469,0.2444977282576957,0.0,0.0,1.0,0.0,0.0,0.8145714180535801,0.38718603592003364,0.0,0.0025110227049987203,0.8663516862990983,0.8547303121584695,0.34216907199790425,0.0
passive_noisy_force,0.0,98,0.5666268026988832,0.6995809225404566,8.61975356687244,0.573742892861202,1.0,0.0,0.0,0.0,0.0,0.7028187484696103,0.39013907784182583,1.0,0.003294729469791912,0.8522025132717802,0.7780199720274302,0.3931994142005489,0.0
passive_noisy_force,0.0,99,0.5748579581084956,0.6985028532062952,8.3895433290886,0.39164090226883924,1.0,0.0,0.0,0.0,0.0,0.734535846423688,0.39238251939397756,0.0,0.003608430791797384,0.8620719555969982,0.8323107833226879,0.3913123272643551,0.0
passive_noisy_force,0.0,100,0.46315858849755764,0.7582989135828454,7.251633414564413,0.27506159742006736,1.0,0.0,0.0,0.0,0.0,0.730455200140578,0.37496656242845805,0.0,0.0017312364008851891,0.8643869625247049,0.8489551401466482,0.4251921163240628,0.0
passive_noisy_force,0.0,101,0.6147659075709082,0.6958784685370779,7.211027012091263,0.4878428831862911,1.0,0.0,0.0,0.0,0.0,0.7541087912587656,0.39957474238708324,0.0,0.005127315692439855,0.8565899198499339,0.801735728000529,0.3213969318062192,0.0
passive_noisy_force,0.0,102,0.44271136004429995,0.8157823617693378,8.102533054696213,0.22133315246218843,1.0,0.0,0.0,0.0,0.0,0.777037956471634,0.3715315381486381,0.0,0.0052913342507672125,0.8667791158561938,0.8585359838316587,0.3745767817021545,0.0
passive_noisy_force,0.0,103,0.38212855865164935,0.645000239009458,9.389788333897851,0.4069086155709125,0.0,0.0,1.0,0.0,0.0,0.7598846332366398,0.35747964422297235,0.0,0.004382505328022867,0.8604867190344717,0.8207037130300258,0.3643714757236126,0.0
passive_noisy_force,0.0,104,0.607379502195288,0.7211491896646436,9.434916064761277,0.24120479490330307,1.0,0.0,0.0,0.0,0.0,0.7882143912523716,0.3595065664234126,0.0,0.004794062916713212,0.8656187671144968,0.8538498652597802,0.3256146389054138,0.0
passive_noisy_force,0.0,105,0.4977500218128912,0.8256989729880629,9.737169687990749,0.26701884376886753,1.0,0.0,0.0,0.0,0.0,0.7896633493209873,0.36479313958622167,0.0,0.0072390725543590075,0.8650549648500881,0.8491857832275452,0.3469235502996463,0.0
passive_noisy_force,0.0,106,0.43842648464341233,0.6294630603975735,10.315479483674782,0.43843611191681764,0.0,0.0,1.0,0.0,0.0,0.7950667403231428,0.38990934434880375,0.0,0.0021068254842144,0.8565394710913055,0.8038279295165865,0.34939499433136806,0.0
passive_noisy_force,0.0,107,0.4020416784537984,0.7280724682957099,9.595325303457487,0.49046798870816344,1.0,0.0,0.0,0.0,0.0,0.78699217565577,0.36453063225721255,0.0,0.0007227959795394033,0.8550524643682441,0.8000557979634199,0.35432997263083654,0.0
passive_noisy_force,0.0,108,0.5084386075683284,0.6615950056354445,7.2373639159296745,0.4284979811856606,0.0,0.0,1.0,0.0,0.0,0.6997462414216121,0.41957681916063944,0.0,0.0019273242259479745,0.8589183697450703,0.8140713874627756,0.4914012460493662,0.0
passive_noisy_force,0.0,109,0.45115630705332826,0.7843484606630592,7.882576708525335,0.2478306128418791,1.0,0.0,0.0,0.0,0.0,0.8724170682945994,0.3744315216100888,0.0,0.00046505696614960464,0.864950175547637,0.8486429749967758,0.3034151376901938,0.0
passive_noisy_force,0.0,110,0.5382241470986016,0.588060480795212,7.92147628135813,0.4953887174349766,0.0,0.0,1.0,0.0,0.0,0.6706431068984348,0.4200566702402942,0.0,0.004405568729995627,0.8578007597251426,0.8046260515042741,0.4756512005762494,0.0
passive_noisy_force,0.0,111,0.48910790067080834,0.7288374012042677,9.107275852786044,0.3321011119099128,1.0,0.0,0.0,0.0,0.0,0.7410485300874151,0.36332297217153886,0.0,0.002044118677218528,0.861204793936954,0.8324232459935763,0.34744010996242447,0.0
passive_noisy_force,0.0,112,0.6102991721897311,0.8003353128212043,10.306855415588672,0.5160036231292365,1.0,0.0,0.0,0.0,0.0,0.7280710987257583,0.3961926411447361,0.0,0.0029439699115867742,0.855140175534309,0.7960455068386513,0.3440493094366617,0.0
passive_noisy_force,0.0,113,0.6050185821935056,0.7671121565810005,7.817367718539909,0.3320929540715347,1.0,0.0,0.0,0.0,0.0,0.7417168314055759,0.3926519198182524,0.0,0.003455589969712486,0.863652551791001,0.8377131307766401,0.33356132194471116,0.0
passive_noisy_force,0.0,114,0.3848978763368965,0.6513938661038041,8.161697718523179,0.3158558378708585,0.0,0.0,1.0,0.0,0.0,0.7977278865145553,0.39017069378849556,0.0,0.0003950405847163118,0.8641578954157804,0.8440680221827229,0.3811726405244472,0.0
passive_noisy_force,0.0,115,0.6013986728236287,0.6169038353183046,9.302962440782217,0.3662156489079602,0.0,0.0,1.0,0.0,0.0,0.7099207707619255,0.42488927785674346,0.0,0.0058805772426949576,0.8595889668040437,0.8162326335506475,0.4585805541894614,0.0
passive_noisy_force,0.0,116,0.38206521216012623,0.5930356527802211,8.980037419168504,0.548854959892866,0.0,0.0,1.0,0.0,0.0,0.7918996641279281,0.3942967212450047,0.0,0.0016013404698645268,0.8547148349204277,0.792988166414536,0.3666709331884843,0.0
passive_noisy_force,0.0,117,0.4037091551702729,0.6798409755270093,9.195772879639682,0.5812943839518151,0.0,0.0,1.0,0.0,0.0,0.707298050244144,0.4009039546038878,1.0,0.0009269807183061161,0.8537313744296485,0.7915759136087421,0.45719342321701867,0.0
passive_noisy_force,0.0,118,0.3683971361860289,0.596935831921907,9.023820112428535,0.5628578276598043,0.0,0.0,1.0,0.0,0.0,0.7037186026295996,0.36703004497439584,1.0,0.004557350907682402,0.8517241904915016,0.781738941967524,0.439392992476766,0.0
passive_noisy_force,0.0,119,0.6160626200822963,0.8386633505023193,7.340273914080105,0.22081589687470338,1.0,0.0,0.0,0.0,0.0,0.7593324558294896,0.39752417088409103,0.0,0.0016681049069050713,0.8665324714654193,0.8572629881336943,0.35928196315640915,0.0
passive_noisy_force,0.0,120,0.5090488432513105,0.7308131244950206,8.68084619460941,0.28073957887829065,1.0,0.0,0.0,0.0,0.0,0.7357079560897624,0.3962764263654619,0.0,0.0011511194821627842,0.8632221086841457,0.8402956491267765,0.4163168954109368,0.0
passive_noisy_force,0.0,121,0.48102827607491055,0.7847305352770033,7.886180133561505,0.6260930843526223,1.0,0.0,0.0,0.0,0.0,0.7385129416813601,0.36850295329718424,1.0,0.0035742705791241966,0.849618864524686,0.7717399333143763,0.35242012891797964,0.0
passive_noisy_force,0.0,122,0.6126696473858321,0.7024790491376974,8.27721143011322,0.5190303816269661,0.0,0.0,1.0,0.0,0.0,0.6819284008675184,0.41740662809223444,0.0,0.004731218969809625,0.8545892735374959,0.7954514456125767,0.46174998463058514,0.0
passive_noisy_force,0.0,123,0.36708224743931034,0.5888087882337818,8.346832862869162,0.3857895679839066,0.0,0.0,1.0,0.0,0.0,0.736008898556526,0.41875955871523596,0.0,0.0008968950555725585,0.8601893880709142,0.822050725651996,0.5209279342230574,0.0
passive_noisy_force,0.0,124,0.5300069944021583,0.8138506383312799,9.398051946842012,0.564870005626595,1.0,0.0,0.0,0.0,0.0,0.6796041552644566,0.40111931290533487,0.0,0.003382596019908038,0.8510931197279945,0.7777040150748988,0.43252919624475755,0.0
passive_noisy_force,0.0,125,0.5707605596011739,0.8521549647512008,7.306342412320508,0.3094022654214312,1.0,0.0,0.0,0.0,0.0,0.7522348413437864,0.3982987677779879,0.0,0.000712889436107486,0.8630415562403567,0.8402798732745358,0.346822713885299,0.0
passive_noisy_force,0.0,126,0.5412267821293106,0.8438113355006579,7.651645529626324,0.6067453587196688,1.0,0.0,0.0,0.0,0.0,0.8198300377568372,0.3754891703216086,1.0,0.0024347668245199164,0.8507954497839778,0.775948673127716,0.26464625014415094,0.0
passive_noisy_force,0.0,127,0.47961687419948135,0.6983318819568027,8.222109245361771,0.4705376761797003,1.0,0.0,0.0,0.0,0.0,0.779232175741033,0.36634827865925185,0.0,0.0017435319209027072,0.8560599068113481,0.7990277632653692,0.3394823967076951,0.0
passive_noisy_force,0.0,128,0.3734297129112865,0.6507832167724599,10.192340933626785,0.3123253309550728,0.0,0.0,1.0,0.0,0.0,0.7040823903871198,0.3667080601578649,0.0,0.0027334067776731068,0.8613630917657886,0.8352791001931682,0.45510807558306043,0.0
passive_noisy_force,0.0,129,0.47185475701366497,0.6690109911120813,7.700396684525751,0.5265455981014419,0.0,0.0,1.0,0.0,0.0,0.7001802740080243,0.37622929678690026,0.0,0.0052328128134764475,0.8532193109549634,0.788677851644426,0.410181235511283,0.0
passive_noisy_force,0.0,130,0.45783298691620344,0.7659805582394953,10.331101708766885,0.6152140764220878,1.0,0.0,0.0,0.0,0.0,0.7907514593573164,0.360804943734568,1.0,0.0007570102957689409,0.8509087962318921,0.7785044783141533,0.2806261684029954,0.0
passive_noisy_force,0.0,131,0.5324907704858952,0.6803211102079099,8.4212215104042,0.44492149032160233,0.0,0.0,1.0,0.0,0.0,0.7310008406094404,0.3865377828522294,0.0,0.0029041786634184464,0.8575586904015309,0.8063416529875129,0.3950015063025525,0.0
passive_noisy_force,0.0,132,0.5393693938061925,0.8276919154404914,9.416765210496894,0.4619637590350732,1.0,0.0,0.0,0.0,0.0,0.776533915352006,0.36581584919314736,0.0,0.0011722351122856174,0.8567708211106615,0.8095303570799081,0.32411859804699283,0.0
passive_noisy_force,0.0,133,0.5391933020121081,0.618097183291904,8.73392325640831,0.5405440242557242,0.0,0.0,1.0,0.0,0.0,0.6928570740868624,0.4342166785287652,0.0,0.0037624981102095346,0.8532935035881075,0.7856137321091513,0.47504678463079014,0.0
passive_noisy_force,0.0,134,0.5748344119008183,0.8471123446892816,9.413350903914068,0.32231095215105254,1.0,0.0,0.0,0.0,0.0,0.8560728931481687,0.37946996681131917,0.0,0.0023168970575605905,0.860699577853533,0.8264036752397027,0.2663963124606145,0.0
passive_noisy_force,0.0,135,0.5390155664165641,0.6269317470773782,7.471353369047332,0.3870801971083561,0.0,0.0,1.0,0.0,0.0,0.7680879078727068,0.3618710486418019,0.0,0.005264126196675631,0.8631553409286551,0.8310352887939015,0.3264911283263672,0.0
passive_noisy_force,0.0,136,0.562366932568254,0.7376276687664411,7.566718696903565,0.32684149857487427,1.0,0.0,0.0,0.0,0.0,0.7405196546576263,0.3944187080479023,0.0,0.0024788440173878715,0.8630610975867109,0.8375264835756439,0.40000163814442513,0.0
passive_noisy_force,0.0,137,0.5609355045635007,0.6626482658062836,7.725405975558824,0.2795712613132742,0.0,0.0,1.0,0.0,0.0,0.7013890413544357,0.4421038050524287,0.0,0.002868753948471006,0.8645697666537133,0.8443823863168266,0.489646609279815,0.0
passive_noisy_force,0.0,138,0.552516654129038,0.7698538449744856,9.046323767496569,0.45070481597490564,1.0,0.0,0.0,0.0,0.0,0.7625016042935624,0.38922002710476894,0.0,0.0019082259847700942,0.8579045304481034,0.8108113535099768,0.33465095418307567,0.0
passive_noisy_force,0.0,139,0.5618613068581386,0.8008967138970273,8.864779405796032,0.23310786880297193,1.0,0.0,0.0,0.0,0.0,0.8901604184188063,0.3527843950983764,0.0,0.0025936052311024125,0.8660272760399601,0.8553797455319437,0.2608138153488778,0.0
passive_noisy_force,0.0,140,0.47217818730492445,0.7485905986355685,7.68363142340509,0.40139004176411697,1.0,0.0,0.0,0.0,0.0,0.7004190994144096,0.36500253903624,0.0,0.005823841234774027,0.8573992397048007,0.815708365740339,0.42136562172543346,0.0
passive_noisy_force,0.0,141,0.5723999654928833,0.7812280727543623,8.837705392651149,0.2783146716098669,1.0,0.0,0.0,0.0,0.0,0.7840913959251219,0.3736359029627969,0.0,0.0022834910093886035,0.8625810847881373,0.8368650229784876,0.3301599080021169,0.0
passive_noisy_force,0.0,142,0.5342037799651264,0.6641252364137221,7.397180162288657,0.36058127844774235,1.0,0.0,0.0,0.0,0.0,0.8575460031041785,0.36367204753826965,0.0,0.0048950113412662855,0.8608193389435602,0.8247151437763857,0.2660750767950552,0.0
passive_noisy_force,0.0,143,0.6133455427722145,0.7883586707861563,7.260201028708287,0.4424886576528938,1.0,0.0,0.0,0.0,0.0,0.6995635000473045,0.4044123715411658,0.0,0.003907450335745752,0.8582488062719845,0.8160187983501465,0.4048197183746502,0.0
passive_noisy_force,0.0,144,0.5685996311420992,0.7986488047539826,8.653712358127748,0.6121278337367725,1.0,0.0,0.0,0.0,0.0,0.772377149326166,0.3868124402730746,1.0,0.0022278970932937897,0.8498694523989693,0.7704339209775124,0.3190175902412115,0.0
passive_noisy_force,0.0,145,0.5719918157353517,0.8408437232421961,8.779310620176812,0.5096177140043359,1.0,0.0,0.0,0.0,0.0,0.8246918761923595,0.3761073117203118,0.0,0.0018787514432576592,0.8537348636025842,0.7917180065687465,0.2649790609819236,0.0
passive_noisy_force,0.0,146,0.5642873937422577,0.833979848055877,9.51097932685405,0.5570288615897923,1.0,0.0,0.0,0.0,0.0,0.7381977969656073,0.4000228413707358,0.0,0.0011018614804369402,0.853976877861827,0.793682866945943,0.34013484175736597,0.0
passive_noisy_force,0.0,147,0.4484044221840232,0.5952900717751484,8.001688494431972,0.4040366780326543,0.0,0.0,1.0,0.0,0.0,0.7242027073530464,0.4189473677880247,0.0,0.0019275217557017921,0.8613916944215907,0.827748479608223,0.4950907387476858,0.0
passive_noisy_force,0.0,148,0.4490537981363747,0.8212157567419175,9.33672589611515,0.5733454407901817,1.0,0.0,0.0,0.0,0.0,0.7252795315063748,0.3718711991620431,1.0,0.0013485708819442038,0.850631953195087,0.7798892692730768,0.36163102902086736,0.0
passive_noisy_force,0.0,149,0.6043649706146194,0.6150234135969829,10.050192696965599,0.2451243485015546,0.0,0.0,1.0,0.0,0.0,0.7244353864629595,0.4243543563626695,0.0,0.006447999412489702,0.8667920647596054,0.8527591038539983,0.4524762981659169,0.0
passive_noisy_force,0.0,150,0.38854106714507125,0.6463220729440466,9.583855712358483,0.5768961326247998,0.0,0.0,1.0,0.0,0.0,0.7870781939510899,0.37624580863279095,1.0,0.0015762971366632811,0.8517602142116603,0.7797107982682939,0.36203652783790174,0.0
passive_noisy_force,0.0,151,0.532060342904666,0.5827938329540767,8.540951720876418,0.3287656155989452,0.0,0.0,1.0,0.0,0.0,0.7181346675205122,0.44526952318373947,0.0,0.004519282554417511,0.8629422659758561,0.8342057088888819,0.4830411945784091,0.0
passive_noisy_force,0.0,152,0.4058421783177609,0.7712567621861112,9.124894566497185,0.4571744505138269,1.0,0.0,0.0,0.0,0.0,0.7525920313964641,0.3713894015341018,0.0,0.0024663888261309747,0.856503445221346,0.8060007650575379,0.3839576337746812,0.0
passive_noisy_force,0.0,153,0.4874146094896865,0.8355210880827335,9.895111389215042,0.3691045540971302,1.0,0.0,0.0,0.0,0.0,0.7710782678131776,0.37245417210233844,0.0,0.002121749511696131,0.8603801490755832,0.8291757539067459,0.3638638824416515,0.0
passive_noisy_force,0.0,154,0.45007829273853894,0.7658765296619399,7.806212141414553,0.5477035214956946,1.0,0.0,0.0,0.0,0.0,0.7439446214365296,0.3540432385262362,1.0,0.004957620444599532,0.8512746343794223,0.781956691470303,0.3523846250242248,0.0
passive_noisy_force,0.0,155,0.5628935827184398,0.6427702342020288,8.054456619653434,0.413607791317415,0.0,0.0,1.0,0.0,0.0,0.7661712658592623,0.3827837899060714,0.0,0.004967626947884585,0.8599132705633359,0.8169336225981064,0.32678360622322816,0.0
passive_noisy_force,0.0,156,0.547122339745889,0.6351959136225305,10.17662070919114,0.45473504217223654,0.0,0.0,1.0,0.0,0.0,0.695030880786633,0.4121306122904979,0.0,0.003952458472403578,0.8568666676487291,0.8032028961248283,0.47794236406213014,0.0
passive_noisy_force,0.0,157,0.367973793819275,0.599436208973975,8.401741135785187,0.5604077507666577,0.0,0.0,1.0,0.0,0.0,0.7064010080050381,0.3899879619340424,1.0,0.0003946437986534092,0.8553941738212169,0.7958584813073012,0.4524016034869878,0.0
passive_noisy_force,0.0,158,0.48676018136301313,0.5895389252436447,9.720552675723846,0.5195622430922151,0.0,0.0,1.0,0.0,0.0,0.6779883642610052,0.4165850562873703,0.0,0.003069899405966011,0.8563142372500684,0.7999292188343452,0.48644071751450757,0.0
passive_noisy_force,0.0,159,0.47492592181877075,0.6653508977076681,8.884701600058325,0.40790817966362924,0.0,0.0,1.0,0.0,0.0,0.7165281147874668,0.39803266869553117,0.0,0.0016809087676552573,0.8605101599695344,0.8223722459132412,0.435715453777879,0.0
passive_noisy_force,0.0,160,0.5497543902091231,0.651423438094558,8.548682379991746,0.4745736393932316,0.0,0.0,1.0,0.0,0.0,0.752139258926136,0.39230884440209696,0.0,0.004385450967001669,0.8562307770187564,0.8007554717600909,0.32873086611308633,0.0
passive_noisy_force,0.0,161,0.5034330074277455,0.785698279863077,9.916507095193412,0.22192509820365416,1.0,0.0,0.0,0.0,0.0,0.8203735258292902,0.3637072280134761,0.0,0.002204048711862022,0.8664229962979961,0.8588803421879666,0.3379168759787235,0.0
passive_noisy_force,0.0,162,0.5483898741237767,0.7634299687625841,10.170145597122467,0.4316043754540164,1.0,0.0,0.0,0.0,0.0,0.7380831250003856,0.367734980109217,0.0,0.0021293717940991906,0.8578922965266896,0.8156019360613217,0.3313851818447648,0.0
passive_noisy_force,0.0,163,0.4141692614508158,0.6951160765199905,9.210867313787668,0.24638674035116345,0.0,0.0,1.0,0.0,0.0,0.7619972020638783,0.3685541070629413,0.0,0.005408151636005479,0.8645378093663308,0.842781045836025,0.44642589280817696,0.0
passive_noisy_force,0.0,164,0.42204629930144094,0.6491668374478521,8.090121092597368,0.5817866336807961,0.0,0.0,1.0,0.0,0.0,0.7104503861695598,0.37544809613693997,1.0,0.004954292364032613,0.8509571272763368,0.7763166231470421,0.41757837788911945,0.0
passive_noisy_force,0.0,165,0.38553775237254306,0.8279826913386374,9.116371787574941,0.42304338139483455,1.0,0.0,0.0,0.0,0.0,0.853261949296789,0.36493079589575533,0.0,0.002298811003838602,0.8581867356183677,0.8175033010583584,0.30287602880158077,0.0
passive_noisy_force,0.0,166,0.41553860638837786,0.7902356186328777,9.062890692083876,0.621881389407373,1.0,0.0,0.0,0.0,0.0,0.7005765680214358,0.37685002835437914,1.0,0.002022038514961036,0.8477268839545057,0.762225491971422,0.4507823726520364,0.0
passive_noisy_force,0.0,167,0.46259091815603887,0.6872032659012856,7.869487724775066,0.5773641157682584,1.0,0.0,0.0,0.0,0.0,0.7468716046349583,0.3868656773608799,1.0,0.00136376155048979,0.8545035220238382,0.7927454451192748,0.3497006802117905,0.0
passive_noisy_force,0.0,168,0.3986905189194313,0.6265408236864742,10.138827396318788,0.23905230897374471,0.0,0.0,1.0,0.0,0.0,0.7994613419164315,0.4026128194464876,0.0,0.0019014716418534684,0.8664321302093766,0.8557559890466486,0.43090955653161633,0.0
passive_noisy_force,0.0,169,0.5512019945588781,0.7287070697259338,10.155726224672476,0.2884129627667955,1.0,0.0,0.0,0.0,0.0,0.7534614577249852,0.4091004342411603,0.0,0.0036730886486601123,0.8631554469929407,0.838633650997398,0.4314867192450393,0.0
passive_noisy_force,0.0,170,0.46079717102595796,0.849239218742526,9.037788775325478,0.35134962967203087,1.0,0.0,0.0,0.0,0.0,0.7411883473725067,0.3719950727426223,0.0,0.0020139515565652196,0.8602001438250558,0.8298859335632239,0.3738643318327008,0.0
passive_noisy_force,0.0,171,0.5891034885196018,0.721400882586269,9.444740325970377,0.34162735622783785,1.0,0.0,0.0,0.0,0.0,0.8217249898991205,0.38799363837820244,0.0,0.00422999394470536,0.8629255362799174,0.8349314683909184,0.3171602218075833,0.0
passive_noisy_force,0.0,172,0.5825932145802527,0.7679330455562087,9.770706023254135,0.35430957298127347,1.0,0.0,0.0,0.0,0.0,0.6987615875700262,0.41367602711882906,0.0,0.00489846741664142,0.8610424072169222,0.826939855173202,0.43818874328812807,0.0
passive_noisy_force,0.0,173,0.5137730690544653,0.848210727276802,9.877268503549441,0.335792625598944,1.0,0.0,0.0,0.0,0.0,0.8397967443638521,0.3531450230681066,0.0,0.0014308222418988011,0.8615959032988365,0.8353234055848054,0.2743461996727296,0.0
passive_noisy_force,0.0,174,0.6067780618087877,0.6531630007371536,7.237409981565239,0.43659217305878434,0.0,0.0,1.0,0.0,0.0,0.6875560974417678,0.4285388807639397,0.0,0.004695514717552957,0.8596508508192187,0.8145191724615098,0.48680426525270143,0.0
passive_noisy_force,0.0,175,0.6176751218322776,0.7683904731790014,8.177230949754925,0.5511233336434296,1.0,0.0,0.0,0.0,0.0,0.7125584833562956,0.4027608095942066,0.0,0.002996036695082325,0.8528264580562551,0.7822287165770181,0.3872465482249567,0.0
passive_noisy_force,0.0,176,0.41905392043693124,0.6251842408472801,8.318556888901917,0.6202929268192352,0.0,0.0,1.0,0.0,0.0,0.692886808688753,0.38253476021334304,1.0,0.0015074981890627272,0.8497730956395723,0.767006956767868,0.4261233777923385,0.0
passive_noisy_force,0.0,177,0.5307331150243038,0.7401114459126774,9.166831745781641,0.29027364570398584,1.0,0.0,0.0,0.0,0.0,0.7947117371156066,0.36571960401300857,0.0,0.00218938541007632,0.8631877519606079,0.8405267128854378,0.3312002586012461,0.0
passive_noisy_force,0.0,178,0.3774365679166846,0.7877009701001514,8.155436701486884,0.5317982665462484,1.0,0.0,0.0,0.0,0.0,0.7917646355348398,0.3705162573066429,0.0,0.0021026000050563902,0.8530259140923113,0.7897013935896887,0.373988488714299,0.0
passive_noisy_force,0.0,179,0.5237968041659224,0.6276300973034512,9.178018435123077,0.5774321044645541,0.0,0.0,1.0,0.0,0.0,0.6929012228044265,0.41233165513948034,0.0,0.0033298021594040873,0.8523432946786555,0.7807331276303587,0.4058528162902774,0.0
haptic_force_rich,0.0,0,0.5697546344813502,0.6956650709176242,9.92880635609631,0.4665071376600688,1.0,0.0,0.0,0.0,0.0,0.32251727567337374,0.019721317176188,0.0,0.0010981199465386446,0.9645373494550634,0.8449635170378441,0.08082608280275866,0.0
haptic_force_rich,0.0,1,0.6019282128686849,0.7578646779536289,9.004528095649597,0.409516753335189,1.0,0.0,0.0,0.0,0.0,0.45050876224523034,0.03402694672869099,0.0,0.001165233395957227,0.9665190901372347,0.8558175343746515,0.07758850736634296,0.0
haptic_force_rich,0.0,2,0.5291522960415254,0.8245077168677599,8.51682376141016,0.599884991851118,1.0,0.0,0.0,0.0,0.0,0.2369569354216836,0.014264886833665247,1.0,0.0006595162661422179,0.9552865649335767,0.7909277618618773,0.07844488867259361,0.0
haptic_force_rich,0.0,3,0.41880475372517323,0.6173223353501586,9.44825507052746,0.37351993098530867,1.0,0.0,0.0,0.0,0.0,0.18072621427506944,0.011646198913765206,0.0,0.0002147083198521859,0.9671847750222123,0.8566821698303075,0.07733039626311293,0.0
haptic_force_rich,0.0,4,0.44546643471105546,0.665392837320096,10.380290696451372,0.48079539220121637,1.0,0.0,0.0,0.0,0.0,0.1790140101966862,0.011786601588428964,0.0,0.00046775023976645036,0.961052725375544,0.8228349366329157,0.0779671614983158,0.0
haptic_force_rich,0.0,5,0.5179084221459291,0.6328417097078385,7.720838314459364,0.38918478715520466,1.0,0.0,0.0,0.0,0.0,0.3885128429880514,0.02709103114027988,0.0,0.0011949432250158295,0.9691512660834909,0.8684796952746666,0.07759658764918732,0.0
haptic_force_rich,0.0,6,0.5433396871714277,0.7654718538052383,9.400050642612548,0.28302288206826165,1.0,0.0,0.0,0.0,0.0,0.17159964134403066,0.01126242701893615,0.0,0.0011448355424014001,0.9769842368350258,0.9152360168187335,0.08151312010138592,0.0
haptic_force_rich,0.0,7,0.5918059971914781,0.6045559875875135,9.19866605888695,0.4981432130315886,1.0,0.0,0.0,0.0,0.0,0.3394239339714034,0.022328195276171227,0.0,0.0018808904723710328,0.961018624817778,0.8219286862760574,0.07778336148148964,0.0
haptic_force_rich,0.0,8,0.6021108401424144,0.6125483912611228,7.500018045120819,0.58406956009817,1.0,0.0,0.0,0.0,0.0,0.11651700997487166,0.011831831147018015,0.0,0.0015572043380861077,0.9579054713406411,0.8022938749153112,0.07769517504054892,0.0
haptic_force_rich,0.0,9,0.47487976586092673,0.8153886762973519,7.208588532237339,0.480626956911528,1.0,0.0,0.0,0.0,0.0,0.2693145295968513,0.01669607695543835,0.0,0.00023658655853049193,0.9648220169722735,0.8425357003840647,0.08072709527810917,0.0
haptic_force_rich,0.0,10,0.375832927812533,0.7254939025267163,9.022079250403818,0.2521218004354615,1.0,0.0,0.0,0.0,0.0,0.14846385296421852,0.01118485880584794,0.0,0.0009474609553376224,0.9745945385449433,0.8996148288208736,0.0775293025815245,0.0
haptic_force_rich,0.0,11,0.5924492480865005,0.7357505725703251,8.08974862981179,0.4731106277854763,1.0,0.0,0.0,0.0,0.0,0.4200494129226654,0.030874181711089535,0.0,0.0012298949311436293,0.9650015225169749,0.846030728054522,0.07760609456976968,0.0
haptic_force_rich,0.0,12,0.5724894243455679,0.5841860160183885,8.477880660411913,0.594362529441752,0.0,0.0,1.0,0.0,0.0,0.13584627305458288,0.011660881837088806,1.0,0.0018535663024750384,0.9544329357221014,0.7865071933381315,0.07777591362678812,0.0
haptic_force_rich,0.0,13,0.5027624419265363,0.7127097918540025,9.55108373805699,0.30859539037833733,1.0,0.0,0.0,0.0,0.0,0.2568123118545859,0.014902451572538241,0.0,0.0009310924699096945,0.971203939379919,0.8800991984808759,0.07752485422961246,0.0
haptic_force_rich,0.0,14,0.5062244797646771,0.8325454103374197,8.685255079194398,0.5088329107374197,1.0,0.0,0.0,0.0,0.0,0.1444783548008185,0.011433251731506165,0.0,0.00019431045809708511,0.9602848294696067,0.8184734200678274,0.0809014238668698,0.0
haptic_force_rich,0.0,15,0.46250940813290603,0.8121616970893867,10.385167012594277,0.22968390247025341,1.0,0.0,0.0,0.0,0.0,0.2904243884219148,0.016688480933486585,0.0,0.0014216984739918832,0.9731158107957505,0.8929840464036458,0.07765828443550367,0.0
haptic_force_rich,0.0,16,0.5334335399131376,0.6767674675534582,9.575652737511565,0.49610760000663,1.0,0.0,0.0,0.0,0.0,0.3455702266130096,0.02273137898776094,0.0,0.0009870708940547491,0.9611504927359353,0.822368969434778,0.07922548711461408,0.0
haptic_force_rich,0.0,17,0.4837782726404778,0.7370964178283819,8.728710451887203,0.5177870849364581,1.0,0.0,0.0,0.0,0.0,0.1961833789759523,0.012404127980295684,0.0,0.00033273898880315986,0.9603974800263193,0.8187940049098389,0.08333286797266243,0.0
haptic_force_rich,0.0,18,0.5854627568049409,0.76140442537596,8.141548931888856,0.439355885337092,1.0,0.0,0.0,0.0,0.0,0.4695235090513833,0.0368565023249983,0.0,0.001172030171336369,0.9632786068880345,0.8363318562193374,0.07759035584037857,0.0
haptic_force_rich,0.0,19,0.4381745325524635,0.713304571615957,7.482966310925253,0.5678367228140602,1.0,0.0,0.0,0.0,0.0,0.3466670382839517,0.023352603121250603,0.0,0.0004742212878892162,0.9583924522221322,0.8053134144900652,0.07740078774913478,0.0
haptic_force_rich,0.0,20,0.6076919247977448,0.7813274140973446,7.584228770646277,0.3301660667180608,1.0,0.0,0.0,0.0,0.0,0.3178905989446004,0.0194120813998633,0.0,0.0008884044542851888,0.9721772977368368,0.886817946967885,0.07751325429789539,0.0
haptic_force_rich,0.0,21,0.37019440620656224,0.621940199800507,8.533603473564739,0.5091629529808943,1.0,0.0,0.0,0.0,0.0,0.49480599662681823,0.04214150714111024,0.0,0.0006847740769910612,0.9611540620573901,0.8209593405942724,0.0782440250195047,0.0
haptic_force_rich,0.0,22,0.46725301551157894,0.5862793086957268,9.217392425409948,0.42803733827692336,0.0,0.0,1.0,0.0,0.0,0.1533328041818238,0.01125346788577276,0.0,0.000734041202171508,0.9648738807627103,0.8446291612143266,0.07870739746124528,0.0
haptic_force_rich,0.0,23,0.44827100866528524,0.7756891589813308,9.483904603324811,0.6045834967018143,1.0,0.0,0.0,0.0,0.0,0.2816403111843324,0.018039760912742724,1.0,0.0006646849428949724,0.9551102653358539,0.7853431454205583,0.08209360179984364,0.0
haptic_force_rich,0.0,24,0.46580258971014843,0.6142945148310499,7.465585929546694,0.34454521859003734,1.0,0.0,0.0,0.0,0.0,0.3219554880974928,0.02067737272718804,0.0,0.0008188111924326056,0.9741218173124515,0.8944702956243425,0.07808896537171753,0.0
haptic_force_rich,0.0,25,0.47473004843642197,0.7890755770627569,8.563367007592472,0.6064592027389506,1.0,0.0,0.0,0.0,0.0,0.14824049363571626,0.01178794340951311,1.0,0.00025913215941872895,0.9549965210325579,0.7854657720754796,0.07939465210614388,0.0
haptic_force_rich,0.0,26,0.4501168415059062,0.6069480303389573,9.389563974567345,0.5484274329619313,1.0,0.0,0.0,0.0,0.0,0.33420011557990115,0.021830169044369425,0.0,0.0007562779673570606,0.9575022763927572,0.8004394102289326,0.07747736066084458,0.0
haptic_force_rich,0.0,27,0.4309671373956963,0.620308571661349,8.37914444537798,0.5205651438411382,1.0,0.0,0.0,0.0,0.0,0.3786793168582791,0.025823286801444016,0.0,0.0007577746489320042,0.9595711375635719,0.8137233732375572,0.07818406055847758,0.0
haptic_force_rich,0.0,28,0.3671457378094934,0.583425352024376,8.375423853341083,0.3153336257675682,0.0,0.0,1.0,0.0,0.0,0.33916172083204016,0.02096294217058245,0.0,0.000467652981233108,0.9710973948241889,0.8791395544121052,0.07915194673277585,0.0
haptic_force_rich,0.0,29,0.4066523382499193,0.6161141372166462,8.91340862597221,0.5728369569718861,1.0,0.0,0.0,0.0,0.0,0.19830782181608833,0.01262544485218725,0.0,0.0007129227138145958,0.9573012500103383,0.7992817559892252,0.07993329662702854,0.0
haptic_force_rich,0.0,30,0.5187786452963434,0.6333501648713288,9.304937073335743,0.3042195652891903,1.0,0.0,0.0,0.0,0.0,0.24013337242787544,0.013796605172738318,0.0,0.0009768197037749102,0.9750024308581715,0.9034985736754245,0.08354596440667428,0.0
haptic_force_rich,0.0,31,0.5757884922527098,0.7767773634161448,9.695962276391468,0.5409203303385764,1.0,0.0,0.0,0.0,0.0,0.12482535876668847,0.01180496728206718,0.0,0.0009009070336411233,0.9574048298543881,0.8009033638431508,0.07954329970764609,0.0
haptic_force_rich,0.0,32,0.4028696256210962,0.6895543845735514,7.629566950589093,0.3856626363910396,1.0,0.0,0.0,0.0,0.0,0.1940333579964573,0.012072926136601207,0.0,0.000976185597564835,0.9657158266356926,0.8496416750162175,0.07797757734901435,0.0
haptic_force_rich,0.0,33,0.42426068662432903,0.8348411458542973,7.271265799282938,0.5852962143870183,1.0,0.0,0.0,0.0,0.0,0.1414271655517547,0.011649388570526687,0.0,0.0006833443497577327,0.9554791734084874,0.7903225289712038,0.08364937897013108,0.0
haptic_force_rich,0.0,34,0.6073482947869199,0.6065676850735883,8.299061985109944,0.6152677928703569,1.0,0.0,0.0,0.0,0.0,0.12807826693063828,0.011475070752844575,1.0,0.0017850165279084968,0.9541263190011469,0.7829284812658112,0.07775723162350189,0.0
haptic_force_rich,0.0,35,0.40356305803208614,0.6626069889383562,8.134756339952396,0.6024586821387575,1.0,0.0,0.0,0.0,0.0,0.28362422025437417,0.01810380336781648,1.0,9.282299218150763e-05,0.9556873896921341,0.7879796267209207,0.07729735577491792,0.0
haptic_force_rich,0.0,36,0.5401438232268888,0.8238955858340398,8.797561459745479,0.3248450225522986,1.0,0.0,0.0,0.0,0.0,0.3301088905434287,0.021129446891415025,0.0,0.0010026151865280713,0.9751885397244158,0.9031302858286925,0.07754429319281356,0.0
haptic_force_rich,0.0,37,0.5403102072237653,0.6787135875871082,8.150416807313974,0.5531046036443374,1.0,0.0,0.0,0.0,0.0,0.26358813014370575,0.015758226091998003,0.0,0.0011776240945404464,0.9575733117229152,0.8026069021643021,0.0832015072135762,0.0
haptic_force_rich,0.0,38,0.4964965866092168,0.7546876852674091,9.546468374894507,0.46975763687075833,1.0,0.0,0.0,0.0,0.0,0.18109650512222233,0.012231353655724567,0.0,0.0015454368554252067,0.9670582955250456,0.8551295551117821,0.07805028496324756,0.0
haptic_force_rich,0.0,39,0.6013296502914438,0.6373963444413367,7.3023571666941045,0.597024320569218,1.0,0.0,0.0,0.0,0.0,0.2775213182505289,0.01697765567315934,1.0,0.0018281007571089981,0.9561071004365279,0.7943640694896831,0.07776897297245368,0.0
haptic_force_rich,0.0,40,0.490649094486843,0.5849263682522131,9.743457895088808,0.5405323271331126,0.0,0.0,1.0,0.0,0.0,0.19934385339006874,0.012663387742918853,0.0,0.0010205794976462395,0.9604788492885215,0.8177163585959866,0.07754917636516248,0.0
haptic_force_rich,0.0,41,0.40999139115513233,0.7078770792785298,8.20267112780888,0.27976546616508197,1.0,0.0,0.0,0.0,0.0,0.33767376438358027,0.02134266911451714,0.0,0.0004240380290533598,0.9760545606308125,0.9070654173227252,0.07738717123571705,0.0
haptic_force_rich,0.0,42,0.5553192160541075,0.6176312002998184,9.672667574782475,0.33861734008820865,1.0,0.0,0.0,0.0,0.0,0.3768879159918866,0.025237815729894992,0.0,0.001551763795071549,0.9707108165564706,0.8788532266492936,0.07769369357831994,0.0
haptic_force_rich,0.0,43,0.5890109822898539,0.7506331303321611,7.780099587378043,0.560157744200739,1.0,0.0,0.0,0.0,0.0,0.26427759272251883,0.015857996034974002,0.0,0.0011029621416406756,0.957371031050662,0.8017553114691184,0.07757157374271666,0.0
haptic_force_rich,0.0,44,0.43210677794414765,0.6586484265927229,8.859030103745626,0.6047627882454668,1.0,0.0,0.0,0.0,0.0,0.24784768687479708,0.015642140004628016,1.0,0.00029788647897708664,0.9550443189567239,0.7842464895808103,0.07893652848965366,0.0
haptic_force_rich,0.0,45,0.40625082462168427,0.7233966573412571,9.637863957167223,0.3318902124737861,1.0,0.0,0.0,0.0,0.0,0.15793305208595926,0.011231345252568796,0.0,0.000949251394341777,0.9731209563395654,0.8917734409210091,0.07926972996053627,0.0
haptic_force_rich,0.0,46,0.5175142255935286,0.6594207639987484,8.128851737763773,0.23853201073995706,1.0,0.0,0.0,0.0,0.0,0.2504565600235081,0.014380866469278513,0.0,0.0008576827895156151,0.978292102020528,0.9211226526518747,0.0775049070554502,0.0
haptic_force_rich,0.0,47,0.44566591298121727,0.7329401504797858,9.576816503301279,0.3428162603389533,1.0,0.0,0.0,0.0,0.0,0.39649491568475576,0.02811104077145052,0.0,0.001122722842114893,0.9725112352945272,0.8870338915797445,0.07875552788824897,0.0
haptic_force_rich,0.0,48,0.4565461796826001,0.7351317936351363,8.91730088477971,0.2683866671531462,1.0,0.0,0.0,0.0,0.0,0.25819733529663935,0.014370102229276115,0.0,0.0002483083984006531,0.9738388258140482,0.898374873745513,0.08228203164076738,0.0
haptic_force_rich,0.0,49,0.432075012618576,0.6407965212016147,10.199288833305623,0.5915558051921025,1.0,0.0,0.0,0.0,0.0,0.2119039794918542,0.013069088404005736,0.0,0.0005342908897595653,0.9555003582925495,0.7907822969273949,0.07741708966714156,0.0
haptic_force_rich,0.0,50,0.43308501927624204,0.7719980589241858,9.678552011816166,0.5782926789122268,1.0,0.0,0.0,0.0,0.0,0.20860317039472953,0.012872190433848383,1.0,0.000669743040599332,0.9562853619842264,0.7978193572276447,0.07745386073254158,0.0
haptic_force_rich,0.0,51,0.393030372303869,0.715890033750372,10.387820152767599,0.6170728490083196,1.0,0.0,0.0,0.0,0.0,0.14887983328387294,0.011720645186858137,1.0,0.00048817303942512956,0.9537358730013716,0.7811222963924844,0.07740457374835782,0.0
haptic_force_rich,0.0,52,0.4055828318922533,0.7240085639852187,8.66270541029097,0.4941081084222826,1.0,0.0,0.0,0.0,0.0,0.2761346406076541,0.016872732255209768,0.0,0.0003047446153545883,0.9644202820390575,0.8406220591976288,0.07735481147332396,0.0
haptic_force_rich,0.0,53,0.36214030693902693,0.8494913826786596,9.07482680918268,0.23591768490792359,1.0,0.0,0.0,0.0,0.0,0.2200177228779522,0.012771218253544799,0.0,0.0010267003273829877,0.9792087779514044,0.9296770167382261,0.07769880976697512,0.0
haptic_force_rich,0.0,54,0.45200121663099585,0.7848496474458587,10.01444246484652,0.45947821132138283,1.0,0.0,0.0,0.0,0.0,0.42441868929773024,0.0326180205868128,0.0,0.001313923526110403,0.9677576165396128,0.8592681395284323,0.07762895484880583,0.0
haptic_force_rich,0.0,55,0.4748539122293629,0.8578068430581373,9.820693936620719,0.5228094229493292,1.0,0.0,0.0,0.0,0.0,0.2172928591107029,0.014138693608314887,0.0,0.002112707800511763,0.9617280199405701,0.8235086934712611,0.07784657510479819,0.0
haptic_force_rich,0.0,56,0.4042778246307262,0.8445876459210852,8.558828862619935,0.397055934717398,1.0,0.0,0.0,0.0,0.0,0.28006157596240566,0.016894817646954132,0.0,0.0006711659157075188,0.971839055924753,0.8852450580449315,0.07926935881218401,0.0
haptic_force_rich,0.0,57,0.535688030046572,0.7146745619685896,9.728740262003917,0.35136261313183814,1.0,0.0,0.0,0.0,0.0,0.24043383734149656,0.014164557157980418,0.0,0.0010822409765635615,0.9702304658950174,0.8746399052577912,0.07819093566485093,0.0
haptic_force_rich,0.0,58,0.36021772469989033,0.6169669602814378,9.227560401945597,0.34562439033923675,1.0,0.0,0.0,0.0,0.0,0.22482051640171244,0.013369640069926414,0.0,0.0004986134204691878,0.9709311784731292,0.8770796987837867,0.07744016285959039,0.0
haptic_force_rich,0.0,59,0.42595980598758143,0.6858287621779392,7.775494307594349,0.623916639914276,1.0,0.0,0.0,0.0,0.0,0.1532602182950877,0.011659779586734522,1.0,0.0009281631060001974,0.9539733524245376,0.7802590231261378,0.0776443533555367,0.0
haptic_force_rich,0.0,60,0.3777012413196552,0.6682456097953909,8.887631150191714,0.4256922091802178,1.0,0.0,0.0,0.0,0.0,0.31502129622060776,0.019551114200054405,0.0,0.00012976721316334346,0.965842047741568,0.8486075147153654,0.07939107873958855,0.0
haptic_force_rich,0.0,61,0.3990436547277437,0.6739778027310678,7.658556204838144,0.5217333213012628,1.0,0.0,0.0,0.0,0.0,0.3019489262287694,0.01878174564708144,0.0,0.0007855529741656702,0.9606419096423442,0.818540808444853,0.07870426807320416,0.0
haptic_force_rich,0.0,62,0.3753968356408424,0.6520142225558329,8.267687040430808,0.5729563510079322,1.0,0.0,0.0,0.0,0.0,0.35348776170688206,0.023452270237305593,0.0,0.0009974770443214526,0.9570873968644601,0.7983335149189894,0.07882614466832988,0.0
haptic_force_rich,0.0,63,0.5962658227650283,0.7826710688907712,9.795598504731998,0.416227927824405,1.0,0.0,0.0,0.0,0.0,0.3265425104494118,0.020179156597553923,0.0,0.0008480933219061906,0.9666116288695326,0.8561496063375392,0.07750230171386584,0.0
haptic_force_rich,0.0,64,0.5290081057422477,0.640144938293995,8.95566444734885,0.5601803136193397,1.0,0.0,0.0,0.0,0.0,0.11883707863497196,0.013339523836245348,0.0,0.001178008782864535,0.956142107649778,0.7968049290345319,0.07843318562944653,0.0
haptic_force_rich,0.0,65,0.5022723737843688,0.8114073580837147,8.613650299960444,0.6008140930235685,1.0,0.0,0.0,0.0,0.0,0.23779988497248153,0.014100273037635391,1.0,0.0012521747329780604,0.9536985391949268,0.783854281302059,0.07761215526861691,0.0
haptic_force_rich,0.0,66,0.389217320965966,0.8432782887680115,9.992529439368507,0.6323363074562931,1.0,0.0,0.0,0.0,0.0,0.22299958782740634,0.014319447006417898,1.0,0.0010042526007088873,0.9527921412269619,0.7733127176955861,0.08245839204279358,0.0
haptic_force_rich,0.0,67,0.5481795080488826,0.7311360395173512,10.328457828038124,0.25011042710208786,1.0,0.0,0.0,0.0,0.0,0.30715509323769175,0.01790788328646029,0.0,0.0010225598036043804,0.9747025429623998,0.9027822351669147,0.07754971468165299,0.0
haptic_force_rich,0.0,68,0.3919760543035586,0.614077410025057,7.8090533795304005,0.24272733927711268,1.0,0.0,0.0,0.0,0.0,0.4910866200517284,0.04048140307752649,0.0,0.0004787956746064521,0.9747406838427748,0.8979337539698761,0.08076226364965296,0.0
haptic_force_rich,0.0,69,0.535251340359133,0.6721088328782255,9.151558285304413,0.43748792176008255,1.0,0.0,0.0,0.0,0.0,0.15484975134560805,0.011520414309202332,0.0,0.0009368606233224226,0.962375781919286,0.8327538156400982,0.07752642177474191,0.0
haptic_force_rich,0.0,70,0.38591945449408566,0.7448150707423196,7.3612998335106825,0.31409314483491146,1.0,0.0,0.0,0.0,0.0,0.2954734022197172,0.01756894993788289,0.0,0.00041918682649575237,0.9733967015415486,0.892760954808151,0.07936951574484924,0.0
haptic_force_rich,0.0,71,0.5023280383666919,0.6936409719941004,7.897085755939925,0.3238752313392876,1.0,0.0,0.0,0.0,0.0,0.3887351458769336,0.027578464610789343,0.0,0.0009249365696431281,0.9716222054980678,0.8797078418916601,0.07752318134297637,0.0
haptic_force_rich,0.0,72,0.57479536720992,0.7193179200882096,7.95318115682607,0.4117677690750261,1.0,0.0,0.0,0.0,0.0,0.26967487084925656,0.015682121997207754,0.0,0.0009652198271784394,0.9677911390693256,0.8627184524273287,0.07753412905371558,0.0
haptic_force_rich,0.0,73,0.5428383074696254,0.8098562439793563,9.678443745878656,0.25165160066474745,1.0,0.0,0.0,0.0,0.0,0.2547811446252648,0.014469930997639144,0.0,0.0010517651823611673,0.9765059155513588,0.9129783665098247,0.0800893106311289,0.0
haptic_force_rich,0.0,74,0.49204312458834365,0.7803886441319797,7.750926482091081,0.583213578581017,1.0,0.0,0.0,0.0,0.0,0.3602285322172076,0.025038194065575704,1.0,0.0002954385679505535,0.9572360657036822,0.798624734462716,0.07764790166700213,0.0
haptic_force_rich,0.0,75,0.47257102666322015,0.7417260864585002,8.603135415083194,0.40769271596734313,1.0,0.0,0.0,0.0,0.0,0.19239808527169464,0.01235919014022032,0.0,0.0008108392241525101,0.9679034309257725,0.8598316672140253,0.07749218099030282,0.0
haptic_force_rich,0.0,76,0.5945605320985965,0.5880956464058065,8.791691866948835,0.3988019445601117,0.0,0.0,1.0,0.0,0.0,0.11333591177694877,0.012187794736020718,0.0,0.0016236838269788282,0.9688729139350978,0.8680945040099595,0.07858060141961694,0.0
haptic_force_rich,0.0,77,0.4285821966114237,0.6986910512024199,9.855536647353604,0.5286310089782729,1.0,0.0,0.0,0.0,0.0,0.2618137724285366,0.0159067965394861,0.0,0.00047019076666306907,0.9603292028278704,0.8175536042040745,0.07796663602800592,0.0
haptic_force_rich,0.0,78,0.5747835930183295,0.799571181275077,9.139833601759689,0.3532978708280902,1.0,0.0,0.0,0.0,0.0,0.28607250495549114,0.01710546774029514,0.0,0.0007813325387606913,0.9717578948234673,0.8843390135703822,0.07748416584520891,0.0
haptic_force_rich,0.0,79,0.6025577465834011,0.7641865297362634,8.821782130249137,0.3222661266418866,1.0,0.0,0.0,0.0,0.0,0.3879444272644982,0.026424601313739797,0.0,0.0010665811373647576,0.9708031542018271,0.878836324009601,0.07756168210509543,0.0
haptic_force_rich,0.0,80,0.6092845390405235,0.6828042015704784,9.088139412188214,0.5987513127704407,1.0,0.0,0.0,0.0,0.0,0.40847942206695054,0.03083428332331093,1.0,0.0016022332712661333,0.9550880175195947,0.7866660282498862,0.08038188810563263,0.0
haptic_force_rich,0.0,81,0.37767462233583743,0.7285482821836934,8.461246779411674,0.5939716769399745,1.0,0.0,0.0,0.0,0.0,0.27116694778894007,0.016573306569395915,0.0,0.0006437335188638952,0.953668868147881,0.7787108129085406,0.07860786955680542,0.0
haptic_force_rich,0.0,82,0.455648404983029,0.8189734519380047,8.63074413088978,0.4248585215381232,1.0,0.0,0.0,0.0,0.0,0.20372095001611018,0.012476283371529704,0.0,0.00033850445456534933,0.9639801019280357,0.8405874979619012,0.07736396797474128,0.0
haptic_force_rich,0.0,83,0.6060464691063199,0.6672814967502485,10.229921418927788,0.622272713924907,1.0,0.0,0.0,0.0,0.0,0.1339606160971373,0.01149113007240641,1.0,0.0012396171673927385,0.9532179805499791,0.7771041117160103,0.07760873922338044,0.0
haptic_force_rich,0.0,84,0.44141734264734633,0.8057015891388193,8.835478715209444,0.40887707952848296,1.0,0.0,0.0,0.0,0.0,0.2289662615132542,0.01339372025283256,0.0,0.00036712632861569125,0.9646931764642256,0.8455225771068199,0.07737173171100713,0.0
haptic_force_rich,0.0,85,0.6140745177893092,0.7357377226948844,9.491121981842417,0.4953952313535579,1.0,0.0,0.0,0.0,0.0,0.39937859736132,0.02898454048186631,0.0,0.001322469660170173,0.9615748975198806,0.8246891587803182,0.077631280200547,0.0
haptic_force_rich,0.0,86,0.38725727524511655,0.8585111033537351,8.48225266240615,0.2910982382704308,1.0,0.0,0.0,0.0,0.0,0.25638702661504276,0.015417608505460326,0.0,0.0017122515781056436,0.9752495090354814,0.9026237105841369,0.08167403797910966,0.0
haptic_force_rich,0.0,87,0.5961958845701751,0.8404660847369219,7.258435814819333,0.33558823857743536,1.0,0.0,0.0,0.0,0.0,0.24574466399398764,0.014276030916776861,0.0,0.0004601921362877667,0.9734545144343766,0.8950691847414074,0.07889079307635692,0.0
haptic_force_rich,0.0,88,0.5401231257047352,0.7395022651863136,8.348971464955316,0.3693354896351903,1.0,0.0,0.0,0.0,0.0,0.35858309625550394,0.022986734210491695,0.0,0.000735960404352811,0.9702527499643748,0.8768326011242868,0.08060977421016899,0.0
haptic_force_rich,0.0,89,0.393534324517801,0.8214312722680979,8.417970824855864,0.6139813112734414,1.0,0.0,0.0,0.0,0.0,0.40489718135468383,0.0301128239588085,1.0,0.000413371356567358,0.9528266345036649,0.7729308317814797,0.07765269232062935,0.0
haptic_force_rich,0.0,90,0.45047650676761586,0.6990725498110298,8.816905837235915,0.43879117821440905,1.0,0.0,0.0,0.0,0.0,0.2931678924597989,0.017698691960739858,0.0,0.00023723700006047043,0.9665378556243964,0.8538557260782357,0.07733650471996827,0.0
haptic_force_rich,0.0,91,0.5505760366713719,0.6879699015836909,8.450025425755173,0.4242696367575729,1.0,0.0,0.0,0.0,0.0,0.2168430983347287,0.01353453444715413,0.0,0.000995283451261202,0.966687309979977,0.8517482040747926,0.07754230031522166,0.0
haptic_force_rich,0.0,92,0.38696557721732716,0.81765755382021,7.52917083319054,0.4011939524964515,1.0,0.0,0.0,0.0,0.0,0.3275541504171857,0.020293292302473558,0.0,0.0006345854983306668,0.9667171595968065,0.8557707163329786,0.07744431501117062,0.0
haptic_force_rich,0.0,93,0.3692958513535173,0.6547946567464118,8.203125044191879,0.5083668844766961,1.0,0.0,0.0,0.0,0.0,0.16477446882419247,0.011721551182587895,0.0,0.0004325439612080752,0.9590685963996736,0.8084857491597962,0.07943322743689263,0.0
haptic_force_rich,0.0,94,0.5156322539881526,0.7294159798222997,7.944246551768396,0.5158902303696288,1.0,0.0,0.0,0.0,0.0,0.1851279884612219,0.012045594645262876,0.0,0.0007058025305498793,0.9593290016574295,0.8124857124163587,0.08155361838273278,0.0
haptic_force_rich,0.0,95,0.6032432087490859,0.6406001060328571,9.07060069002556,0.5634951877101471,1.0,0.0,0.0,0.0,0.0,0.35748748608705805,0.022994735587730394,1.0,0.0019200796002734873,0.9575037051323911,0.8054755308669638,0.07779404455368771,0.0
haptic_force_rich,0.0,96,0.43439644811160916,0.6533083653181885,7.291207357962624,0.4908682329524716,1.0,0.0,0.0,0.0,0.0,0.22237747533236749,0.013702093066838998,0.0,0.0002784829156563974,0.9610789037654477,0.8195446249127176,0.07734768933894956,0.0
haptic_force_rich,0.0,97,0.4844738086643673,0.6663526495508761,9.447135926679469,0.2444977282576957,1.0,0.0,0.0,0.0,0.0,0.37070742158579684,0.02380316739022756,0.0,0.000734146008569624,0.9775482255233519,0.9185793197038017,0.0774713497557997,0.0
haptic_force_rich,0.0,98,0.5666268026988832,0.6995809225404566,8.61975356687244,0.573742892861202,1.0,0.0,0.0,0.0,0.0,0.23932256129802276,0.014966352575324894,0.0,0.0009596874278880236,0.9558112808720842,0.7895909789112167,0.08060468085851641,0.0
haptic_force_rich,0.0,99,0.5748579581084956,0.6985028532062952,8.3895433290886,0.39164090226883924,1.0,0.0,0.0,0.0,0.0,0.2555560585535574,0.014866865072715622,0.0,0.0010505249618546345,0.9710834172769376,0.8813723379781646,0.07755731695618018,0.0
haptic_force_rich,0.0,100,0.46315858849755764,0.7582989135828454,7.251633414564413,0.27506159742006736,1.0,0.0,0.0,0.0,0.0,0.17851242997519817,0.011564201681879424,0.0,0.0005050140897874933,0.9756502589038254,0.9083249482606572,0.077409144024454,0.0
haptic_force_rich,0.0,101,0.6147659075709082,0.6958784685370779,7.211027012091263,0.4878428831862911,1.0,0.0,0.0,0.0,0.0,0.32317252923412587,0.020529004277904425,0.0,0.0014886999794597288,0.9626006486685774,0.8310874343695321,0.07767652316160131,0.0
haptic_force_rich,0.0,102,0.44271136004429995,0.8157823617693378,8.102533054696213,0.22133315246218843,1.0,0.0,0.0,0.0,0.0,0.2078634404228555,0.012653759155291,0.0,0.0015433452616782255,0.97896289519992,0.9240462613368177,0.0776914012589987,0.0
haptic_force_rich,0.0,103,0.38212855865164935,0.645000239009458,9.389788333897851,0.4069086155709125,1.0,0.0,0.0,0.0,0.0,0.3016448587881877,0.019195342924154396,0.0,0.00127829626646816,0.9681680904047322,0.859010450011392,0.07761926157273397,0.0
haptic_force_rich,0.0,104,0.607379502195288,0.7211491896646436,9.434916064761277,0.24120479490330307,1.0,0.0,0.0,0.0,0.0,0.43383716874912437,0.029608973243379876,0.0,0.0013922717959184091,0.9765295026556102,0.9165872695166485,0.08174257324575061,0.0
haptic_force_rich,0.0,105,0.4977500218128912,0.8256989729880629,9.737169687990749,0.26701884376886753,1.0,0.0,0.0,0.0,0.0,0.2722257558577573,0.016195348790906113,0.0,0.0021112747174806463,0.9761016934446606,0.9084865510737046,0.07784618417691694,0.0
haptic_force_rich,0.0,106,0.43842648464341233,0.6294630603975735,10.315479483674782,0.43843611191681764,1.0,0.0,0.0,0.0,0.0,0.3661721522742617,0.024223049593527144,0.0,0.0006177645692465337,0.9630969839468586,0.834284000038073,0.07952079644370838,0.0
haptic_force_rich,0.0,107,0.4020416784537984,0.7280724682957099,9.595325303457487,0.49046798870816344,1.0,0.0,0.0,0.0,0.0,0.3198604432603338,0.019796486929338147,0.0,0.00019803656120975487,0.961772271800439,0.8274651013754332,0.07886287882395716,0.0
haptic_force_rich,0.0,108,0.5084386075683284,0.6615950056354445,7.2373639159296745,0.4284979811856606,1.0,0.0,0.0,0.0,0.0,0.12717713503499006,0.011386460481229868,0.0,0.0005663913483084084,0.9662939561960312,0.8505966475487609,0.08029625020940387,0.0
haptic_force_rich,0.0,109,0.45115630705332826,0.7843484606630592,7.882576708525335,0.2478306128418791,1.0,0.0,0.0,0.0,0.0,0.39002247645140686,0.026209636011363984,0.0,0.00013547766748995402,0.975999373619495,0.908345822451998,0.08236754363346922,0.0
haptic_force_rich,0.0,110,0.5382241470986016,0.588060480795212,7.92147628135813,0.4953887174349766,0.0,0.0,1.0,0.0,0.0,0.1309450888519528,0.01148836953820888,0.0,0.0012793233894321623,0.9636445041050491,0.8335949825015133,0.07761954101138989,0.0
haptic_force_rich,0.0,111,0.48910790067080834,0.7288374012042677,9.107275852786044,0.3321011119099128,1.0,0.0,0.0,0.0,0.0,0.2755846143732853,0.015419396992982993,0.0,0.0005963986003841099,0.9706155305360449,0.8806734782689665,0.07743394800207007,0.0
haptic_force_rich,0.0,112,0.6102991721897311,0.8003353128212043,10.306855415588672,0.5160036231292365,1.0,0.0,0.0,0.0,0.0,0.22432865814434202,0.013792268398220021,0.0,0.0008596834499613532,0.9608166399005472,0.8205443462564788,0.08167887591554061,0.0
haptic_force_rich,0.0,113,0.6050185821935056,0.7671121565810005,7.817367718539909,0.3320929540715347,1.0,0.0,0.0,0.0,0.0,0.21778812448308402,0.013235113170924207,0.0,0.0010072509968397743,0.9729684684054556,0.8893298422498169,0.07754555330104809,0.0
haptic_force_rich,0.0,114,0.3848978763368965,0.6513938661038041,8.161697718523179,0.3158558378708585,1.0,0.0,0.0,0.0,0.0,0.2792102158655235,0.016281882400715136,0.0,0.00010861554088282478,0.9746370110765247,0.9002605686507892,0.08033333471621336,0.0
haptic_force_rich,0.0,115,0.6013986728236287,0.6169038353183046,9.302962440782217,0.3662156489079602,1.0,0.0,0.0,0.0,0.0,0.22023642657564668,0.013040752994916227,0.0,0.0017037950673069245,0.966783568525716,0.8551253283654845,0.08072417445498382,0.0
haptic_force_rich,0.0,116,0.38206521216012623,0.5930356527802211,8.980037419168504,0.548854959892866,0.0,0.0,1.0,0.0,0.0,0.3508996107226793,0.02353864521605931,0.0,0.0004669643502217013,0.9601900823992644,0.8156113835588782,0.08076822600810536,0.0
haptic_force_rich,0.0,117,0.4037091551702729,0.6798409755270093,9.195772879639682,0.5812943839518151,1.0,0.0,0.0,0.0,0.0,0.14077944670698778,0.011450763734174477,0.0,0.00025518588587772686,0.959595786172064,0.8134499390737242,0.07948383336177423,0.0
haptic_force_rich,0.0,118,0.3683971361860289,0.596935831921907,9.023820112428535,0.5628578276598043,0.0,0.0,1.0,0.0,0.0,0.2503502595533263,0.014641860433676745,0.0,0.0013288905341332798,0.9562710113963862,0.7957887861510102,0.07911044910427602,0.0
haptic_force_rich,0.0,119,0.6160626200822963,0.8386633505023193,7.340273914080105,0.22081589687470338,1.0,0.0,0.0,0.0,0.0,0.19392390370756965,0.011729763260098848,0.0,0.0004914994214322882,0.9782667742372778,0.9230248910526362,0.08419781998182566,0.0
haptic_force_rich,0.0,120,0.5090488432513105,0.7308131244950206,8.68084619460941,0.28073957887829065,1.0,0.0,0.0,0.0,0.0,0.18353785321333724,0.011529693848115051,0.0,0.0003407122712114539,0.9733976675258502,0.8946232830288602,0.0773645668236848,0.0
haptic_force_rich,0.0,121,0.48102827607491055,0.7847305352770033,7.886180133561505,0.6260930843526223,1.0,0.0,0.0,0.0,0.0,0.2765965070988183,0.016825678060149844,1.0,0.0010420848885681286,0.953594562709952,0.7802210305817202,0.080935310928404,0.0
haptic_force_rich,0.0,122,0.6126696473858321,0.7024790491376974,8.27721143011322,0.5190303816269661,1.0,0.0,0.0,0.0,0.0,0.1550106466942134,0.011509596721587674,0.0,0.0013774559772976181,0.9601773246667862,0.8197337711941864,0.0776462431728306,0.0
haptic_force_rich,0.0,123,0.36708224743931034,0.5888087882337818,8.346832862869162,0.3857895679839066,0.0,0.0,1.0,0.0,0.0,0.158025776882623,0.011298386291618766,0.0,0.00025839771645925206,0.9685249742751632,0.8636400059962608,0.07880811591847788,0.0
haptic_force_rich,0.0,124,0.5300069944021583,0.8138506383312799,9.398051946842012,0.564870005626595,1.0,0.0,0.0,0.0,0.0,0.12110107452152727,0.012176197631690259,0.0,0.0009870335149342597,0.9555281629087184,0.7895502992191462,0.07835152470831093,0.0
haptic_force_rich,0.0,125,0.5707605596011739,0.8521549647512008,7.306342412320508,0.3094022654214312,1.0,0.0,0.0,0.0,0.0,0.17155605881808741,0.011400664706368767,0.0,0.00021285359994889342,0.9735071443957405,0.8950138946352498,0.07732989339154159,0.0
haptic_force_rich,0.0,126,0.5412267821293106,0.8438113355006579,7.651645529626324,0.6067453587196688,1.0,0.0,0.0,0.0,0.0,0.39082549428372865,0.02804374294506154,1.0,0.0007099478312860237,0.9550585405101929,0.7878639767085202,0.07746477816727716,0.0
haptic_force_rich,0.0,127,0.47961687419948135,0.6983318819568027,8.222109245361771,0.4705376761797003,1.0,0.0,0.0,0.0,0.0,0.3539828520759487,0.02378657718922981,0.0,0.0005131774043764551,0.9619262094887017,0.8249247802490756,0.08062437821620598,0.0
haptic_force_rich,0.0,128,0.3734297129112865,0.6507832167724599,10.192340933626785,0.3123253309550728,1.0,0.0,0.0,0.0,0.0,0.19782365806031393,0.012019725264500047,0.0,0.0007971288373631811,0.9711589266315056,0.8843969330448099,0.07748845663004461,0.0
haptic_force_rich,0.0,129,0.47185475701366497,0.6690109911120813,7.700396684525751,0.5265455981014419,1.0,0.0,0.0,0.0,0.0,0.2261132628571131,0.013471825404799229,0.0,0.0015261666343096435,0.9584021626056867,0.8079201224049948,0.07768672380747217,0.0
haptic_force_rich,0.0,130,0.45783298691620344,0.7659805582394953,10.331101708766885,0.6152140764220878,1.0,0.0,0.0,0.0,0.0,0.3759754076736188,0.025849924888347656,1.0,0.00022046770996780838,0.9554933548208867,0.7917759550272986,0.07739292075200384,0.0
haptic_force_rich,0.0,131,0.5324907704858952,0.6803211102079099,8.4212215104042,0.44492149032160233,1.0,0.0,0.0,0.0,0.0,0.2593381412079527,0.015665883799151934,0.0,0.0008472754205184954,0.963989606497004,0.8374041737258421,0.07916472120663494,0.0
haptic_force_rich,0.0,132,0.5393693938061925,0.8276919154404914,9.416765210496894,0.4619637590350732,1.0,0.0,0.0,0.0,0.0,0.32210566276264657,0.019652592730116616,0.0,0.00034824055339351253,0.9642246801303364,0.8433112659153897,0.07736660882945233,0.0
haptic_force_rich,0.0,133,0.5391933020121081,0.618097183291904,8.73392325640831,0.5405440242557242,1.0,0.0,0.0,0.0,0.0,0.14422400527652932,0.011282685256473537,0.0,0.0010945730744618318,0.9579673175757332,0.8042257194669594,0.0775692927352819,0.0
haptic_force_rich,0.0,134,0.5748344119008183,0.8471123446892816,9.413350903914068,0.32231095215105254,1.0,0.0,0.0,0.0,0.0,0.3939710471609618,0.026961063110678425,0.0,0.0006768936331739594,0.9695627508436808,0.8721582088298456,0.07745580234156911,0.0
haptic_force_rich,0.0,135,0.5390155664165641,0.6269317470773782,7.471353369047332,0.3870801971083561,1.0,0.0,0.0,0.0,0.0,0.4092485724857552,0.031165346819040953,0.0,0.0015276542280006813,0.9712667517768983,0.8771118456423069,0.08053183089607222,0.0
haptic_force_rich,0.0,136,0.562366932568254,0.7376276687664411,7.566718696903565,0.32684149857487427,1.0,0.0,0.0,0.0,0.0,0.22072482374913002,0.012909364916345579,0.0,0.000725417227559726,0.9727023551067013,0.8899097112352946,0.07746897918957119,0.0
haptic_force_rich,0.0,137,0.5609355045635007,0.6626482658062836,7.725405975558824,0.2795712613132742,1.0,0.0,0.0,0.0,0.0,0.1146741160160642,0.01264998595565388,0.0,0.0008372029634172296,0.9747624791719405,0.9015288339254841,0.07758999438479139,0.0
haptic_force_rich,0.0,138,0.552516654129038,0.7698538449744856,9.046323767496569,0.45070481597490564,1.0,0.0,0.0,0.0,0.0,0.2662865923341514,0.01598596445456679,0.0,0.0005606359024353133,0.9651591345235228,0.8457183393327812,0.0774242402695021,0.0
haptic_force_rich,0.0,139,0.5618613068581386,0.8008967138970273,8.864779405796032,0.23310786880297193,1.0,0.0,0.0,0.0,0.0,0.5077588660549067,0.041005560915562796,0.0,0.0007578795680210649,0.9773576346668116,0.9194769784488848,0.07820367925811408,0.0
haptic_force_rich,0.0,140,0.47217818730492445,0.7485905986355685,7.68363142340509,0.40139004176411697,1.0,0.0,0.0,0.0,0.0,0.21499112366920528,0.012698524891522843,0.0,0.0016985175546483393,0.9654661988722604,0.8521452699083994,0.08046393201086542,0.0
haptic_force_rich,0.0,141,0.5723999654928833,0.7812280727543623,8.837705392651149,0.2783146716098669,1.0,0.0,0.0,0.0,0.0,0.32440341301657666,0.019106433252710827,0.0,0.0006687148206949679,0.9722414962745768,0.8888555448845518,0.07827806062975519,0.0
haptic_force_rich,0.0,142,0.5342037799651264,0.6641252364137221,7.397180162288657,0.36058127844774235,1.0,0.0,0.0,0.0,0.0,0.5368022584703074,0.04755322206582914,0.0,0.001422255955541932,0.9690109153964455,0.868857042628284,0.07942683298563505,0.0
haptic_force_rich,0.0,143,0.6133455427722145,0.7883586707861563,7.260201028708287,0.4424886576528938,1.0,0.0,0.0,0.0,0.0,0.1586809439143398,0.011524141348766356,0.0,0.001139961697051823,0.9660097719088189,0.8536836657766137,0.07995918981512802,0.0
haptic_force_rich,0.0,144,0.5685996311420992,0.7986488047539826,8.653712358127748,0.6121278337367725,1.0,0.0,0.0,0.0,0.0,0.33184409157767525,0.02155666652193598,0.0,0.000652924454693139,0.9534449885306434,0.7788760825657208,0.07744929413737875,0.0
haptic_force_rich,0.0,145,0.5719918157353517,0.8408437232421961,8.779310620176812,0.5096177140043359,1.0,0.0,0.0,0.0,0.0,0.39860307477654205,0.02803418014256472,0.0,0.0005522984738248189,0.9593898807380687,0.8142074381934529,0.07894541391128562,0.0
haptic_force_rich,0.0,146,0.5642873937422577,0.833979848055877,9.51097932685405,0.5570288615897923,1.0,0.0,0.0,0.0,0.0,0.19935824593776216,0.012622696288272835,0.0,0.0003246064795096589,0.9600540520696776,0.817727986301111,0.07736019838073178,0.0
haptic_force_rich,0.0,147,0.4484044221840232,0.5952900717751484,8.001688494431972,0.4040366780326543,0.0,0.0,1.0,0.0,0.0,0.17408491692036485,0.011519832493728873,0.0,0.0005663063464645133,0.9700902239418268,0.8737105053891637,0.08026062435517772,0.0
haptic_force_rich,0.0,148,0.4490537981363747,0.8212157567419175,9.33672589611515,0.5733454407901817,1.0,0.0,0.0,0.0,0.0,0.21278661571646332,0.013118400651612898,0.0,0.00037721204739829447,0.9558317528152719,0.7942090915719131,0.07737446765094941,0.0
haptic_force_rich,0.0,149,0.6043649706146194,0.6150234135969829,10.050192696965599,0.2451243485015546,1.0,0.0,0.0,0.0,0.0,0.23085127227516697,0.013429269335016933,0.0,0.0018689275107785907,0.977311368183072,0.9157389127644499,0.07778010061039967,0.0
haptic_force_rich,0.0,150,0.38854106714507125,0.6463220729440466,9.583855712358483,0.5768961326247998,1.0,0.0,0.0,0.0,0.0,0.3575249206205873,0.023907366518089165,0.0,0.00045944728957588745,0.9561820758884277,0.7934689677400134,0.08108122111589468,0.0
haptic_force_rich,0.0,151,0.532060342904666,0.5827938329540767,8.540951720876418,0.3287656155989452,0.0,0.0,1.0,0.0,0.0,0.1697824052082476,0.011232394619147622,0.0,0.0013118846679974988,0.9720540252344507,0.8853042059515445,0.07940249538871601,0.0
haptic_force_rich,0.0,152,0.4058421783177609,0.7712567621861112,9.124894566497185,0.4571744505138269,1.0,0.0,0.0,0.0,0.0,0.22284427269815116,0.013647047559517352,0.0,0.0007148152682663474,0.9637934703294487,0.8368469565469211,0.0799256506557294,0.0
haptic_force_rich,0.0,153,0.4874146094896865,0.8355210880827335,9.895111389215042,0.3691045540971302,1.0,0.0,0.0,0.0,0.0,0.24650105170142056,0.014270370294324231,0.0,0.0006189557404784124,0.9700378274393852,0.8764080340990168,0.08155192329247911,0.0
haptic_force_rich,0.0,154,0.45007829273853894,0.7658765296619399,7.806212141414553,0.5477035214956946,1.0,0.0,0.0,0.0,0.0,0.3096644054606813,0.018582604398155393,0.0,0.0014455866997075914,0.9562176449667421,0.7966173336389554,0.08076662119731463,0.0
haptic_force_rich,0.0,155,0.5628935827184398,0.6427702342020288,8.054456619653434,0.413607791317415,1.0,0.0,0.0,0.0,0.0,0.37296065404953366,0.025844229095167186,0.0,0.0014408847050355936,0.9671126413347945,0.8555114245269977,0.07949433595526652,0.0
haptic_force_rich,0.0,156,0.547122339745889,0.6351959136225305,10.17662070919114,0.45473504217223654,1.0,0.0,0.0,0.0,0.0,0.18327911876872544,0.011923597156446872,0.0,0.0011494302975831071,0.9629863306442535,0.8326886055256459,0.08206464286906616,0.0
haptic_force_rich,0.0,157,0.367973793819275,0.599436208973975,8.401741135785187,0.5604077507666577,0.0,0.0,1.0,0.0,0.0,0.17318103433546797,0.012045074113076126,0.0,0.00010477042296761151,0.9610442989985234,0.8189564498310518,0.07831833882268611,0.0
haptic_force_rich,0.0,158,0.48676018136301313,0.5895389252436447,9.720552675723846,0.5195622430922151,0.0,0.0,1.0,0.0,0.0,0.13712485130740043,0.01136639693462392,0.0,0.0008950836731965722,0.9621153765409868,0.8266508934098598,0.0775150691867635,0.0
haptic_force_rich,0.0,159,0.47492592181877075,0.6653508977076681,8.884701600058325,0.40790817966362924,1.0,0.0,0.0,0.0,0.0,0.17731737577816978,0.011787695059867013,0.0,0.0004930131965567284,0.9686155165058684,0.8638818059487585,0.08080862733349013,0.0
haptic_force_rich,0.0,160,0.5497543902091231,0.651423438094558,8.548682379991746,0.4745736393932316,1.0,0.0,0.0,0.0,0.0,0.33283752373072706,0.02117703308894337,0.0,0.0012743094123656034,0.9622538245867163,0.8293750665698101,0.07761817691955691,0.0
haptic_force_rich,0.0,161,0.5034330074277455,0.785698279863077,9.916507095193412,0.22192509820365416,1.0,0.0,0.0,0.0,0.0,0.361849529172079,0.022291543334482675,0.0,0.0006424662798810387,0.9783603330875379,0.9252645846567165,0.07744645465021262,0.0
haptic_force_rich,0.0,162,0.5483898741237767,0.7634299687625841,10.170145597122467,0.4316043754540164,1.0,0.0,0.0,0.0,0.0,0.29455130485334186,0.01697446035181707,0.0,0.0006248368809875363,0.965687089978964,0.8530605217958717,0.07744166832800971,0.0
haptic_force_rich,0.0,163,0.4141692614508158,0.6951160765199905,9.210867313787668,0.24638674035116345,1.0,0.0,0.0,0.0,0.0,0.25449460098941795,0.015027399003549536,0.0,0.0015773146452090637,0.9744752122975064,0.8963165037587675,0.0831478856318549,0.0
haptic_force_rich,0.0,164,0.42204629930144094,0.6491668374478521,8.090121092597368,0.5817866336807961,1.0,0.0,0.0,0.0,0.0,0.23292595079074274,0.014037999639932538,0.0,0.0014447031613915686,0.9550593025079905,0.7873997524215547,0.07766454618386241,0.0
haptic_force_rich,0.0,165,0.38553775237254306,0.8279826913386374,9.116371787574941,0.42304338139483455,1.0,0.0,0.0,0.0,0.0,0.3699342663590572,0.024736845117894736,0.0,0.0006571022853356591,0.9668740832948123,0.8568031978971314,0.0774504284820897,0.0
haptic_force_rich,0.0,166,0.41553860638837786,0.7902356186328777,9.062890692083876,0.621881389407373,1.0,0.0,0.0,0.0,0.0,0.16384201595845904,0.012023258650263975,0.0,0.0005726297038818934,0.9511409266870555,0.7641277589595444,0.08279979388220333,0.0
haptic_force_rich,0.0,167,0.46259091815603887,0.6872032659012856,7.869487724775066,0.5773641157682584,1.0,0.0,0.0,0.0,0.0,0.25820300067988716,0.01596662174893433,0.0,0.00040273833122356017,0.9600829390086418,0.815329180146744,0.07738139252911819,0.0
haptic_force_rich,0.0,168,0.3986905189194313,0.6265408236864742,10.138827396318788,0.23905230897374471,1.0,0.0,0.0,0.0,0.0,0.2876294495643171,0.016456610516430856,0.0,0.0005542943118947895,0.9778772719739809,0.9198603026476858,0.07812516162072997,0.0
haptic_force_rich,0.0,169,0.5512019945588781,0.7287070697259338,10.155726224672476,0.2884129627667955,1.0,0.0,0.0,0.0,0.0,0.21017074729048646,0.012354392200449734,0.0,0.0010708795394727896,0.9730369122774324,0.8925246440192469,0.08588809908707712,0.0
haptic_force_rich,0.0,170,0.46079717102595796,0.849239218742526,9.037788775325478,0.35134962967203087,1.0,0.0,0.0,0.0,0.0,0.1898660495941114,0.011909579536494833,0.0,0.0005772932942199232,0.9701565710129872,0.8774304662131726,0.07742876175566189,0.0
haptic_force_rich,0.0,171,0.5891034885196018,0.721400882586269,9.444740325970377,0.34162735622783785,1.0,0.0,0.0,0.0,0.0,0.39877657134179567,0.02806991072597991,0.0,0.001229148700543784,0.9720995828375707,0.886345054400787,0.07786200588325129,0.0
haptic_force_rich,0.0,172,0.5825932145802527,0.7679330455562087,9.770706023254135,0.35430957298127347,1.0,0.0,0.0,0.0,0.0,0.12208455646137502,0.011663504649235866,0.0,0.0014284628260260734,0.9697030072274327,0.8718168394999539,0.08302730351468796,0.0
haptic_force_rich,0.0,173,0.5137730690544653,0.848210727276802,9.877268503549441,0.335792625598944,1.0,0.0,0.0,0.0,0.0,0.41006804287303633,0.028011993794425136,0.0,0.00041718294283923967,0.9715236870124725,0.8862305735199463,0.07738531137595835,0.0
haptic_force_rich,0.0,174,0.6067780618087877,0.6531630007371536,7.237409981565239,0.43659217305878434,1.0,0.0,0.0,0.0,0.0,0.13357131189952046,0.011386455291366535,0.0,0.0013629328591079999,0.9664027591449805,0.8503377796960111,0.08475328293285828,0.0
haptic_force_rich,0.0,175,0.6176751218322776,0.7683904731790014,8.177230949754925,0.5511233336434296,1.0,0.0,0.0,0.0,0.0,0.21248696810396356,0.013392503700039261,0.0,0.0008736536741841904,0.957004711093421,0.7971988727028796,0.07894511051942976,0.0
haptic_force_rich,0.0,176,0.41905392043693124,0.6251842408472801,8.318556888901917,0.6202929268192352,1.0,0.0,0.0,0.0,0.0,0.19686729392592106,0.012899416614706985,1.0,0.0004393414781578639,0.9527302230576444,0.7713275019732937,0.07876254287671226,0.0
haptic_force_rich,0.0,177,0.5307331150243038,0.7401114459126774,9.166831745781641,0.29027364570398584,1.0,0.0,0.0,0.0,0.0,0.35698348385457307,0.022090764130860693,0.0,0.0006416693810942961,0.9731904228782783,0.8947619798894298,0.07903080021262163,0.0
haptic_force_rich,0.0,178,0.3774365679166846,0.7877009701001514,8.155436701486884,0.5317982665462484,1.0,0.0,0.0,0.0,0.0,0.2858452504914555,0.017563662482846486,0.0,0.00059436416680988,0.9590802407066231,0.8104319881862174,0.08016959915298608,0.0
haptic_force_rich,0.0,179,0.5237968041659224,0.6276300973034512,9.178018435123077,0.5774321044645541,1.0,0.0,0.0,0.0,0.0,0.1824819370131724,0.012099299514371798,0.0,0.0009696228433358586,0.9565112701926792,0.7955837067941618,0.077633657395745,0.0
pose_only_visual,0.33,0,0.47191573747767734,0.6142725282518562,7.104523183394882,0.36869215134119626,0.0,1.0,0.0,0.0,0.01831354445036631,2.408464634698939,1.295584043911502,0.0,0.0019740058983057722,0.8622682268285147,0.8311089295746716,0.09819820024271696,0.35544944626541686
pose_only_visual,0.33,1,0.4274278916805623,0.5334247157222302,7.320103374482454,0.3657541363584143,0.0,1.0,1.0,0.0,0.011482961277760906,2.333031601652608,1.3885652445699332,0.0,0.00293085016027171,0.8621826437231673,0.8283535961269265,0.1262564523431374,0.25272651980146266
pose_only_visual,0.33,2,0.4969353941593452,0.8110278060832673,7.630757866959177,0.3745893010194493,1.0,0.0,0.0,0.0,0.0051908385969112,2.808347908535895,0.9364342219431551,0.0,0.00155549710959592,0.8578203752961251,0.8135615413696121,0.08958860439255543,0.11371682063750632
pose_only_visual,0.33,3,0.5609073674822526,0.7294904531755548,7.869081932465437,0.5245951064055737,1.0,0.0,0.0,0.0,0.004746966076515122,2.3932435713748554,1.2973759465310992,1.0,0.003982459617078929,0.8555768321588512,0.7966314004195441,0.09891173203823235,0.10066313426324414
pose_only_visual,0.33,4,0.4824210528305489,0.5634755065407451,8.213978306768245,0.39419637314484235,0.0,0.0,1.0,0.0,0.0,2.2140574556075743,1.5558540964798644,0.0,0.003895624578565895,0.8573183451958577,0.8073382536472844,0.19159940424747846,0.0
pose_only_visual,0.33,5,0.41544995787370975,0.8150580419615716,6.79877238980899,0.4867484239262826,0.0,1.0,0.0,0.0,0.04208137481269755,3.092908409597957,0.7698267090327957,1.0,0.0016386204379619956,0.8540990147830915,0.7935055043057073,0.07771734777027214,0.5692119526862877
pose_only_visual,0.33,6,0.6039260663201342,0.6655216866474322,8.897500454639198,0.29164375091905187,1.0,0.0,0.0,0.0,0.0,2.1249281713931656,1.7267832569356083,0.0,0.005524965088044729,0.8658009351337942,0.8500082080245753,0.2469425463894752,0.0
pose_only_visual,0.33,7,0.5588563586547931,0.5669924088086874,7.562226350950711,0.2974657432732786,0.0,0.0,1.0,0.0,0.0046442232901737525,2.0011277468972146,2.014551439963328,0.0,0.006265927717061139,0.8655894332446389,0.849535240005071,0.40454438301662804,0.097614309665356
pose_only_visual,0.33,8,0.6466378154771524,0.7956495277403499,7.082564302646785,0.43855733740983427,0.0,1.0,0.0,0.0,0.021961174716186624,2.301544963455134,1.4221061046754153,1.0,0.007693863691878452,0.862224427030689,0.8384763656021528,0.12699525302190037,0.4029011097199202
pose_only_visual,0.33,9,0.4964565013961616,0.7427848813610161,8.430739905042676,0.3232970766376386,1.0,0.0,0.0,0.0,0.0,2.6625175991258674,1.0500731319552874,0.0,0.0005143529371403323,0.8608546632884048,0.8292794054892381,0.07741167848069586,0.0
pose_only_visual,0.33,10,0.6429814143725254,0.7499524549152284,7.244340997800614,0.5127175783344426,0.0,1.0,0.0,0.0,0.019156516304315283,2.2018476253612964,1.5597257069813535,1.0,0.003941969242579385,0.8584193395325462,0.8090145419226796,0.18965335024093927,0.3712534488312751
pose_only_visual,0.33,11,0.5266902491886789,0.7953370921664171,6.700381004460626,0.6667649361628757,0.0,1.0,0.0,0.0,0.07478998976962899,2.6470884891131297,1.0367755011011763,1.0,0.011738628115199946,0.8496181606880162,0.781811230680124,0.08459166229562093,0.7241682485246921
pose_only_visual,0.33,12,0.5693264608231297,0.7180326209364387,7.800383285397249,0.38475657179221373,1.0,0.0,0.0,0.0,0.0027626314685893164,2.3502559188500918,1.3644087476401328,1.0,0.005558986473368258,0.8597077599744423,0.8219636446687736,0.12324328831422819,0.03991515777059962
pose_only_visual,0.33,13,0.5040981439609149,0.6674163256772692,7.828654165798424,0.4086673227335874,1.0,0.0,0.0,0.0,0.0028401183860355702,2.4356377443597976,1.2607436324124761,1.0,0.003051481705123962,0.8607046075742891,0.8228233284924026,0.09784490475244408,0.042362571879854816
pose_only_visual,0.33,14,0.6789936137404294,0.6127875821612284,7.276712432576425,0.6581192077014211,0.0,1.0,1.0,0.0,0.024525428089293026,1.83480672107884,2.30006916964796,1.0,0.009944703121739574,0.85815460241673,0.8001840182850369,0.9409252827860095,0.43714395363599146
pose_only_visual,0.33,15,0.5813262512352686,0.7445798103964796,7.523775974139265,0.5984805923965164,0.0,1.0,0.0,0.0,0.014222493517051708,2.3593415341694866,1.3300640040784386,1.0,0.004387835188104573,0.8551020522374593,0.794142993434053,0.12310993321317115,0.3005438332980285
pose_only_visual,0.33,16,0.4290248479706675,0.6283231168528791,9.042994627768072,0.49577326907398006,1.0,0.0,0.0,0.0,0.0,2.608842868463789,1.0822943241349863,1.0,0.00623039473768962,0.8610198041027659,0.8202123478619877,0.07899610497365572,0.0
pose_only_visual,0.33,17,0.669757011379454,0.7719800260266896,6.544298750795175,0.3708826816051233,0.0,1.0,0.0,0.0,0.061554692124951765,2.193251868712431,1.5927167315820057,0.0,0.005762551209135724,0.8636338343640935,0.8328181245175407,0.20498380139898176,0.6612696212345667
pose_only_visual,0.33,18,0.45864953151405957,0.594949837616956,8.894398570285329,0.7127282073059238,1.0,0.0,0.0,0.0,0.0,2.3720505148899247,1.3029095807124522,1.0,0.0011889299259505387,0.8453558630330805,0.7435150459023134,0.10712718480722301,0.0
pose_only_visual,0.33,19,0.6060401226664296,0.6855082312136435,6.764736832331063,0.5534454970690377,0.0,1.0,0.0,0.0,0.05242584165680789,2.146862230551103,1.6471916683749328,1.0,0.006987321685087311,0.854862829471195,0.7966583945375347,0.21516155065020778,0.6278888000833094
pose_only_visual,0.33,20,0.4026628464260119,0.570699088470095,7.620286079345198,0.6765638572413142,1.0,0.0,0.0,0.0,0.014632504914421708,2.533994585780552,1.1352799838853362,1.0,0.006301377535170821,0.8492443188193891,0.7653911835459927,0.07923104656500018,0.3067110398455962
pose_only_visual,0.33,21,0.5688691768246774,0.7261565506942244,7.840588478608863,0.6310928259567499,1.0,0.0,0.0,0.0,0.007936776498445501,2.3504375444918124,1.3375518342929997,1.0,0.004241929619297823,0.8526147448279521,0.7764925083920263,0.1298304441994504,0.18235080102112067
pose_only_visual,0.33,22,0.49441850847025803,0.8191294481953546,9.801685590590045,0.6299101632907627,1.0,0.0,0.0,0.0,0.0,2.809720553499303,0.9194033849206917,1.0,0.002149357914242153,0.8465347394536804,0.7603180914754522,0.08210638281245144,0.0
pose_only_visual,0.33,23,0.6020550795666142,0.7485593441270395,7.856041129086211,0.507778639127842,1.0,0.0,0.0,0.0,0.0045781787766245785,2.314131934524045,1.3972839064226557,1.0,0.0039056665820469566,0.8580338362281907,0.8077592925803675,0.1316091748138073,0.09564902696506827
pose_only_visual,0.33,24,0.6471808489079229,0.7008319745047138,9.29772386293653,0.7062537525471762,1.0,0.0,0.0,0.0,0.0,2.065240520277102,1.7830563849029877,1.0,0.004558325588888857,0.8490094305183579,0.7627448785168226,0.25619705950960237,0.0
pose_only_visual,0.33,25,0.58485140240088,0.6418695818616995,8.390308859910023,0.6090286116985769,1.0,0.0,0.0,0.0,0.0004909818149471975,2.0935864154652415,1.7397933081924333,1.0,0.005589051676295029,0.8478020486614968,0.7580343751456123,0.2521187717709118,0.0
pose_only_visual,0.33,26,0.6386037887086171,0.7373932567379646,9.064540533296608,0.5300743219312553,1.0,0.0,0.0,0.0,0.0,2.1833199437607065,1.5876805324853283,1.0,0.0049913817900813775,0.8517664985815113,0.7769641076399998,0.2031131339322051,0.0
pose_only_visual,0.33,27,0.47023194072234575,0.5392336553778755,6.827197501119957,0.3279973938417582,0.0,1.0,1.0,0.0,0.031308590589955575,2.188084038585531,1.6072842356727668,0.0,0.005689278323034017,0.8627888821737189,0.8345922049118182,0.19769031298381065,0.47976903259624404
pose_only_visual,0.33,28,0.5637316541096126,0.5942995931082515,8.53904367918558,0.3485061624331475,0.0,0.0,1.0,0.0,0.0,2.051694471554462,1.8740376769108915,0.0,0.006265235773549137,0.8601215563017979,0.8232701403571365,0.3181625903685559,0.0
pose_only_visual,0.33,29,0.636528290113797,0.7211426565702804,8.197962054716234,0.3349046696336791,1.0,0.0,0.0,0.0,0.0,2.1670540157099585,1.642452799078291,0.0,0.0031784082247578163,0.860840885657789,0.8260588779629303,0.197016425840717,0.0
pose_only_visual,0.33,30,0.4298067985514771,0.7408178087897975,6.65130207509183,0.5772400997959526,0.0,1.0,0.0,0.0,0.07017881921828581,2.8803616041976814,0.8776704167236853,1.0,0.0043072173923422875,0.8525071557885769,0.7829705890325719,0.07844732379679072,0.7046392346386765
pose_only_visual,0.33,31,0.5113173630865051,0.7311453864722834,8.506287115434867,0.5823093968357747,1.0,0.0,0.0,0.0,0.0,2.5583800137700625,1.1205150953259204,1.0,0.0037043949583804355,0.8499024416530034,0.7731487030982113,0.07835494037345893,0.0
pose_only_visual,0.33,32,0.5888638821600873,0.7206144824513745,8.494747080132324,0.41596720577379354,1.0,0.0,0.0,0.0,0.0,2.293764412598159,1.4353455672306932,1.0,0.007966905882015636,0.865214044425778,0.8417064539133363,0.15321376049331345,0.0
pose_only_visual,0.33,33,0.5206674086300254,0.7212165806321454,8.19671280362059,0.4278458211434757,1.0,0.0,0.0,0.0,0.0,2.5153880215841915,1.175093427544188,1.0,0.0007618675652510107,0.8573019525103149,0.8082491924768982,0.07811308525442655,0.0
pose_only_visual,0.33,34,0.5443798130250108,0.6425451456251313,8.893883178424534,0.3960279291316281,1.0,0.0,0.0,0.0,0.0,2.232053827718991,1.52751559264718,0.0,0.004729649636136583,0.862374803204119,0.8303025146323258,0.15635238594655282,0.0
pose_only_visual,0.33,35,0.6060264380479573,0.8151247809688088,6.812613436036632,0.3250782237513802,0.0,1.0,0.0,0.0,0.032141773360857016,2.471580086469,1.2297210606812115,0.0,0.002924494274835917,0.861447827253947,0.8250442400762699,0.09713300618271811,0.4862154903122733
pose_only_visual,0.33,36,0.48100575977986704,0.6026209405363677,9.168640913904397,0.33177394668186366,1.0,0.0,0.0,0.0,0.0,2.3429379153212486,1.3795784325969125,0.0,0.004592625758445759,0.8626726443082658,0.8344082921577959,0.1292100668646793,0.0
pose_only_visual,0.33,37,0.4543895780118972,0.5832138165668234,8.325329263434934,0.6630485589945115,1.0,0.0,0.0,0.0,0.001602187114881413,2.3574637798295495,1.3255584505256874,1.0,0.00284883449990011,0.8507323553683954,0.7696313409611187,0.1208026220213573,0.0
pose_only_visual,0.33,38,0.665192732546515,0.5859041737131127,8.798887469164482,0.61343533570806,0.0,0.0,1.0,0.0,0.0,1.8542315571360277,2.6565784289485666,1.0,0.01006327965664534,0.8505139496924908,0.769492550956511,0.9488597059080263,0.0
pose_only_visual,0.33,39,0.5888696140112705,0.6669561030299744,9.400709430353345,0.4808145704312185,1.0,0.0,0.0,0.0,0.0,2.154821889197238,1.6433100438636568,1.0,0.0022601185659039446,0.8568957616077684,0.8056761458852747,0.1998293591626588,0.0
pose_only_visual,0.33,40,0.6380161847498841,0.7711792023720258,8.260352390792933,0.6050611338992173,1.0,0.0,0.0,0.0,0.0014181651263217123,2.2559610244138746,1.4659682268645473,1.0,0.005428251242629929,0.8514053342590001,0.7792644279949918,0.16487656428426803,0.0
pose_only_visual,0.33,41,0.6556776749980981,0.5324073876928574,9.705505185769116,0.5469610505766938,0.0,0.0,1.0,0.0,0.0,1.8602063278123158,3.1325987766760726,1.0,0.010345705678643527,0.8542338979538662,0.797152737577546,0.9697068863045217,0.0
pose_only_visual,0.33,42,0.5168252442592383,0.7106486705140802,9.079774940721139,0.4813627723601541,1.0,0.0,0.0,0.0,0.0,2.4973492932764323,1.1883787797668788,1.0,0.001987546994203664,0.8542059448396004,0.7914906459203497,0.08136747263633246,0.0
pose_only_visual,0.33,43,0.593652434173662,0.7916174734294394,9.243339087695865,0.5558834371140071,1.0,0.0,0.0,0.0,0.0,2.4354356523707636,1.2465569890556683,1.0,0.0022533160205170685,0.8529610217876761,0.7863994172488474,0.09727562524189523,0.0
pose_only_visual,0.33,44,0.6653208100609652,0.5659329319880595,9.571488248802984,0.36538837896166076,0.0,0.0,1.0,0.0,0.0,1.8578296475250677,2.8498861162173776,0.0,0.010689861064101216,0.8599143244516272,0.8147736245761854,0.9587085858973482,0.0
pose_only_visual,0.33,45,0.5474728490927466,0.7580876824010715,8.837230043226358,0.587846393010357,1.0,0.0,0.0,0.0,0.0,2.5003653719561405,1.175721776054429,1.0,0.002332744844529621,0.8504166268085769,0.7718915895760085,0.08075047007729634,0.0
pose_only_visual,0.33,46,0.6707769971808653,0.5518708542069753,8.07503568367233,0.5152902019908343,0.0,0.0,1.0,0.0,0.0018029312776492506,1.8381732858485444,2.9548145282785288,1.0,0.011679019180637368,0.854579183352116,0.7929377904553218,0.9676288927359097,0.00027899873546344267
pose_only_visual,0.33,47,0.651308928594807,0.7950017643259057,9.651302308760188,0.5808105216641744,1.0,0.0,0.0,0.0,0.0,2.2752324513310422,1.4416301802054843,1.0,0.005954161657720926,0.8464236075102909,0.7587265126907978,0.1537250156567521,0.0
pose_only_visual,0.33,48,0.6562437026035405,0.6688491852522831,8.566862960054332,0.3526267409430904,1.0,0.0,0.0,0.0,0.0,2.0034283472668744,1.9971028821424812,0.0,0.009530369400321873,0.8600829320823936,0.8192469710314538,0.40218984054297247,0.0
pose_only_visual,0.33,49,0.501969234992062,0.5764950633336973,9.042158455149192,0.5934734455967308,0.0,0.0,1.0,0.0,0.0,2.169037340731922,1.6030395277814817,1.0,0.0045834519209660245,0.8538245309831027,0.7830567281805855,0.1939784282875598,0.0
pose_only_visual,0.33,50,0.5233409371959262,0.6137836141264178,7.975586781937809,0.5478263350389156,1.0,0.0,0.0,0.0,0.0036437058955126897,2.2084414887683375,1.5446999726080177,1.0,0.004545495286824226,0.852889978159431,0.7806547350079576,0.16042539349271623,0.06737884663690008
pose_only_visual,0.33,51,0.48315363544885565,0.7279689230072086,9.685877256813614,0.5881489031282681,1.0,0.0,0.0,0.0,0.0,2.650438344298868,1.0399282831858132,1.0,0.004695698578844024,0.8536764414778053,0.7870927777331335,0.0819958104233126,0.0
pose_only_visual,0.33,52,0.4132789080115658,0.6821379499145764,9.364567968318331,0.42266961086357996,1.0,0.0,0.0,0.0,0.0,2.8228804136132535,0.9235684242270824,1.0,0.0007841658430923541,0.8582963148935974,0.8160102306550908,0.07926171459997246,0.0
pose_only_visual,0.33,53,0.5846922423699678,0.7756060477464768,6.9658916455631035,0.6117064524548895,0.0,1.0,0.0,0.0,0.03748860985505601,2.421079903682558,1.2569212329585786,1.0,0.0035828579596958957,0.8543193548989839,0.7933902933622219,0.10133770627333012,0.5469737204352243
pose_only_visual,0.33,54,0.6521833891056954,0.726459526261434,6.602117899616137,0.44232381735604587,0.0,1.0,0.0,0.0,0.06118713528735177,2.130459877407376,1.6934703024671536,1.0,0.0042388607028873366,0.8588523288804866,0.8085583000186433,0.24311564267303992,0.6631175181762994
pose_only_visual,0.33,55,0.6618405910618895,0.5812853806397387,6.738435374647848,0.7010998569937266,0.0,1.0,1.0,0.0,0.07425047324242239,1.7592574872835067,1.775365953095224,1.0,0.009309032441559301,0.8512082273132633,0.7682172815361177,0.9506762340670103,0.7231571322662131
pose_only_visual,0.33,56,0.426047645659714,0.5632982281274646,7.819239441530845,0.39780199272831224,1.0,0.0,0.0,0.0,0.0027509941467541506,2.4341085686232176,1.263538112423066,0.0,0.003534457701251685,0.8587248905907374,0.8153556950494677,0.09806566584618391,0.03954705465314179
pose_only_visual,0.33,57,0.43635332814585925,0.5669594092957406,7.668149169039886,0.397999759763286,1.0,0.0,0.0,0.0,0.005107163621922305,2.4026743356536864,1.2993899567946483,0.0,0.003346616455520572,0.8597247410275022,0.8159018946272732,0.10038469112525537,0.11127062975361346
pose_only_visual,0.33,58,0.569859792966765,0.7390187385229822,8.36475837857265,0.6201854536211211,1.0,0.0,0.0,0.0,0.0008114878371046733,2.3797156865760996,1.303419970054687,1.0,0.0031023618167538036,0.8494543324804036,0.7657873820353919,0.10054670294964274,0.0
pose_only_visual,0.33,59,0.5211257364850392,0.5783211408961815,9.790994034468774,0.3897725023564737,0.0,0.0,1.0,0.0,0.0,2.1285916386282224,1.7049073950532792,0.0,0.004827779113862234,0.8585481580076634,0.8112046266282642,0.24334439053072138,0.0
pose_only_visual,0.33,60,0.5529937695838616,0.5488117904142917,7.757456029994515,0.4062553849650396,0.0,0.0,1.0,0.0,0.003898713600868419,1.9653703222188208,2.1012994901700246,0.0,0.007473707470982458,0.8574044582430076,0.8047023746688385,0.5539987385986178,0.07518001067241442
pose_only_visual,0.33,61,0.6029069747575767,0.8228183209522202,8.029336763472726,0.33029486971911615,1.0,0.0,0.0,0.0,8.428743521567601e-05,2.497404172380344,1.202189794091349,1.0,0.007124841721624849,0.8640884568028107,0.8377297445867561,0.08387344270165556,0.0
pose_only_visual,0.33,62,0.4348864708713128,0.7974322079305358,9.662625099467451,0.3772335499998992,1.0,0.0,0.0,0.0,0.0,2.999070012260597,0.8210418665553703,1.0,0.006790332082265824,0.8625059867883896,0.8368466368706743,0.08090788614537685,0.0
pose_only_visual,0.33,63,0.4543338665306249,0.5927885990821147,9.306153407755783,0.48436401654795147,1.0,0.0,0.0,0.0,0.0,2.4025836561388356,1.2906789503542742,1.0,0.004057679675027572,0.8568813775772759,0.8080775248889923,0.10949277368849474,0.0
pose_only_visual,0.33,64,0.5995702637338878,0.7645707163577751,7.978535398423903,0.6900928889444498,1.0,0.0,0.0,0.0,0.006811766490795023,2.3434847711588023,1.33978453194807,1.0,0.0029759449791715337,0.8485785848387105,0.7576350086604837,0.12134834850569409,0.15866817137610567
pose_only_visual,0.33,65,0.42762866468459004,0.6795485635416687,8.591739458274823,0.6870925709393121,1.0,0.0,0.0,0.0,0.0,2.7336271229955096,0.9685503544725131,1.0,0.004747501429334568,0.8493497991920327,0.7708061069963719,0.07856836163105974,0.0
pose_only_visual,0.33,66,0.5663890716964389,0.8012693386042457,8.104734093102799,0.5517733080156836,1.0,0.0,0.0,0.0,0.0019832819352678913,2.542013555963284,1.1383803517674358,1.0,0.0013860017232480246,0.8567912341314775,0.8049819669709258,0.07791191815593988,0.010257173923205909
pose_only_visual,0.33,67,0.4666238340975593,0.5959996229662003,8.296397911955596,0.6379970716225427,1.0,0.0,0.0,0.0,0.0015282358806126047,2.3509127536895367,1.3362264233810401,1.0,0.008718113203642101,0.848564425974333,0.7662900762238581,0.12430011449974025,0.0
pose_only_visual,0.33,68,0.4410471006604044,0.6088840506556162,8.217175712387004,0.6215622061736032,1.0,0.0,0.0,0.0,0.0019297022633091793,2.4919248534946985,1.181144862992277,1.0,0.005745851123374952,0.8531323719877575,0.7895567252264334,0.07954736030392025,0.007303240662664856
pose_only_visual,0.33,69,0.6721194354035793,0.7689433681927613,6.752262154472389,0.595957785683372,0.0,1.0,0.0,0.0,0.05883398066260554,2.1623507052446262,1.614018505860341,1.0,0.00658880997041426,0.8526835734936665,0.7832699276151694,0.20599672438399227,0.6592672289647417
pose_only_visual,0.33,70,0.656360523932488,0.547703210917749,7.046481652842425,0.3139535761198861,0.0,1.0,1.0,0.0,0.01854465543844048,1.7263343217597737,1.9926323165697413,0.0,0.01070677793279316,0.8648639864028611,0.8402292657885629,0.9633415755519317,0.3546974098103409
pose_only_visual,0.33,71,0.4397103439138954,0.8005548967765976,9.693521353599401,0.45123457742213985,1.0,0.0,0.0,0.0,0.0,2.9807342932305727,0.8270665682157231,1.0,0.0016364957802003596,0.8550774942046738,0.8020255666979834,0.07940488196985868,0.0
pose_only_visual,0.33,72,0.4063577558662668,0.8000743981230569,8.460704679349108,0.3921825187443647,1.0,0.0,0.0,0.0,0.0,3.107350339478333,0.767380441357364,1.0,0.0017509833899065593,0.8605170629665402,0.8307024931302073,0.07774795803279005,0.0
pose_only_visual,0.33,73,0.5801851246421366,0.8167463150991747,7.448378854560511,0.5249315034346742,0.0,1.0,0.0,0.0,0.01344266960655994,2.5356285123308635,1.1468143209358983,1.0,0.0028393410038368744,0.8555638306963624,0.7946274431203856,0.07973821527276594,0.28866226943361106
pose_only_visual,0.33,74,0.4125149871365339,0.7483537811169283,9.56761106999818,0.41568683887245855,1.0,0.0,0.0,0.0,0.0,2.978428676698749,0.8301349310425068,1.0,0.0005200722522703177,0.8597541961413584,0.8243365620989221,0.08000114021648153,0.0
pose_only_visual,0.33,75,0.5286419434747395,0.7198315536683819,8.019885942965008,0.4253114477878949,1.0,0.0,0.0,0.0,0.0012172950518359173,2.484799261745738,1.2064123569879688,1.0,0.004896866117865281,0.8563517612031162,0.8042458739853636,0.08343414538404527,0.0
pose_only_visual,0.33,76,0.5919631837325178,0.6836959167536023,9.216146569723724,0.6828708630941102,1.0,0.0,0.0,0.0,0.0,2.1712514023583585,1.5870384491890133,1.0,0.005568861175675627,0.8472139491792532,0.7534592320209293,0.20216078252425926,0.0
pose_only_visual,0.33,77,0.6727305390278329,0.5287338440697306,9.371752253996219,0.7223182574484928,0.0,0.0,1.0,0.0,0.0,1.8777124858297916,3.349462103886551,1.0,0.008009848421849899,0.8474517229160506,0.7501986285484185,0.9757980520422304,0.0
pose_only_visual,0.33,78,0.4671132171352952,0.6498600020068842,8.214707261474748,0.48173778827294217,1.0,0.0,0.0,0.0,0.0003525631275117637,2.5183788598282244,1.1673546787137996,1.0,0.0024154144155739583,0.8566785776489914,0.8015763725506503,0.0784900184165045,0.0
pose_only_visual,0.33,79,0.5775331759924607,0.7739132345091311,9.786929303976459,0.451074152872436,1.0,0.0,0.0,0.0,0.0,2.4536231500640993,1.2369695088751174,1.0,0.00522613192435067,0.8552521524866499,0.8037598191969312,0.0994529656556371,0.0
pose_only_visual,0.33,80,0.4565855570425106,0.5649383572376242,8.337501770311126,0.4253774344139105,1.0,0.0,0.0,0.0,0.0,2.3125687272020694,1.408769687319861,1.0,0.004213879977328469,0.8582608104770841,0.8121943316873492,0.13138135754106758,0.0
pose_only_visual,0.33,81,0.6076657656696406,0.6187240225218791,9.765779588259285,0.49046597647894324,1.0,0.0,0.0,0.0,0.0,1.9923245860026881,2.00093993376008,0.0,0.005978669548523927,0.8548751723101744,0.7978354971327801,0.4126992255104415,0.0
pose_only_visual,0.33,82,0.5977656886751374,0.6499341101316756,8.468319059303038,0.36048079503201563,1.0,0.0,0.0,0.0,0.0,2.0980587222637084,1.7698390828230741,0.0,0.005025201608935107,0.858109654662387,0.8093843034030465,0.2707751881104739,0.0
pose_only_visual,0.33,83,0.5978418131492493,0.694444723150209,7.134904253596698,0.411697377751745,0.0,1.0,0.0,0.0,0.018796168271367517,2.20314724687269,1.5711074859789522,1.0,0.010670588355546325,0.8580114035301892,0.8187291415020334,0.20768563267369278,0.36415989419940087
pose_only_visual,0.33,84,0.656245328393245,0.7955653357507909,9.246754736291837,0.3085306650636238,1.0,0.0,0.0,0.0,0.0,2.286253312408173,1.458532503152095,0.0,0.004718656078562814,0.8587024286121637,0.8128904121003263,0.15500149521979484,0.0
pose_only_visual,0.33,85,0.4182748473289179,0.7176966321407137,9.007549547171358,0.4392850244666487,1.0,0.0,0.0,0.0,0.0,2.8859779650715804,0.8821883088369689,1.0,0.0016768514536211587,0.8559696577901706,0.8012181281469226,0.08147237060533938,0.0
pose_only_visual,0.33,86,0.4411537082380414,0.8034244887813,9.190844143144918,0.55711865018731,1.0,0.0,0.0,0.0,0.0,2.9711485729485028,0.8268232081809861,1.0,0.0013213824455711987,0.8519445674166154,0.7888126765287733,0.07763098437244402,0.0
pose_only_visual,0.33,87,0.5709677563275487,0.6619508779339083,7.55838658901104,0.5807258402723035,1.0,0.0,0.0,0.0,0.012659926937336953,2.1859647668138145,1.5764407867991277,0.0,0.004718507343932515,0.8494126399436084,0.7674750391008404,0.1916492061811361,0.27471851521707114
pose_only_visual,0.33,88,0.5543661057788963,0.5763804247502009,7.169308236303801,0.2997129016659725,0.0,1.0,1.0,0.0,0.013054154925481717,2.035049868148573,1.9233638048524668,0.0,0.006421553156778476,0.8621194241438442,0.8259755391587351,0.3292368480415864,0.28193914046679447
pose_only_visual,0.33,89,0.5807167510853384,0.5928244609756617,7.973016126858435,0.4378944667039111,0.0,0.0,1.0,0.0,0.001719924121798995,1.9995140350752318,1.9910398335930677,0.0,0.005296649509638066,0.8580752789906725,0.808538494086196,0.3998271764850093,0.0
pose_only_visual,0.33,90,0.6514821275482503,0.5829057391068037,8.342873077076515,0.2896645069974286,0.0,0.0,1.0,0.0,0.0,1.877487868193331,2.574440409199056,0.0,0.010482516079923159,0.8624294686462051,0.8304499271498729,0.943979845414844,0.0
pose_only_visual,0.33,91,0.5585541720978516,0.7946704100209349,9.195836866430954,0.6967467907636813,1.0,0.0,0.0,0.0,0.0,2.538973725329334,1.1288832862892841,1.0,0.0013845550589044527,0.846990994045362,0.7584925832913972,0.08110323931899455,0.0
pose_only_visual,0.33,92,0.4413174800438746,0.6809837635346735,9.620661180050007,0.4872614997033351,1.0,0.0,0.0,0.0,0.0,2.7014509787046923,1.0066833617780486,1.0,0.0005596731827198241,0.8528596113074594,0.786834306302657,0.07975596113993144,0.0
pose_only_visual,0.33,93,0.6486067578168276,0.5684839961837725,7.543999775945771,0.4408496198678592,0.0,0.0,1.0,0.0,0.008590333891382114,1.8391977735019196,2.534357297817548,0.0,0.006881739974394972,0.8578384617860331,0.8064925180260822,0.9498112548621701,0.19580151879506813
pose_only_visual,0.33,94,0.61651373848753,0.5406676469446485,8.564694031275312,0.29299426220085373,0.0,0.0,1.0,0.0,0.0,1.867987499893183,2.6798912574680025,0.0,0.00956780751846022,0.8659098533715592,0.8440699393628416,0.9501148323585361,0.0
pose_only_visual,0.33,95,0.6480141940559441,0.8142655677092316,9.233987555605056,0.438482672406183,1.0,0.0,0.0,0.0,0.0,2.338974480330828,1.372811794971351,1.0,0.004537581700595977,0.8578981745873229,0.8058799250555132,0.12401491580587179,0.0
pose_only_visual,0.33,96,0.419887583275599,0.8256896580601132,7.309288711959581,0.5547346841947186,0.0,1.0,0.0,0.0,0.018883368070304603,3.089904274496431,0.7682408365199298,1.0,0.0021037343495890434,0.8506764849776898,0.7768158717810459,0.08121696411652346,0.3675328781189916
pose_only_visual,0.33,97,0.5965641183155334,0.6374754853972611,8.437902091000787,0.6997398432158363,1.0,0.0,0.0,0.0,0.0011993449997160213,2.045630281663955,1.827474431212156,1.0,0.008439486789942541,0.8442728067524851,0.7388727659934912,0.3102028033406908,0.0
pose_only_visual,0.33,98,0.4403074999918846,0.8111593722675345,7.947360508953656,0.4395044070762246,1.0,0.0,0.0,0.0,0.001935053676897745,3.0005145928254837,0.8171695176461512,1.0,0.0016960914260777287,0.8578530712141702,0.8083976399743039,0.07773300281538573,0.007598668540249598
pose_only_visual,0.33,99,0.6038052789278029,0.7286048602616544,7.997744385496617,0.4044037746171426,1.0,0.0,0.0,0.0,0.0011557596572698465,2.269936810942707,1.4701672876902312,0.0,0.0024507628837061803,0.8593548127890168,0.8182777456669488,0.15219780036643185,0.0
pose_only_visual,0.33,100,0.4448061442584106,0.6186674304598658,9.723413856605276,0.6094240344759273,1.0,0.0,0.0,0.0,0.0,2.506406609917493,1.167822365067963,1.0,0.003516674054676694,0.8514179160094186,0.7792693810745078,0.07879774406492218,0.0
pose_only_visual,0.33,101,0.4838839907517749,0.6740433530558787,8.050237145761532,0.5588303188807054,1.0,0.0,0.0,0.0,0.00275717129961389,2.5136740607501418,1.1651280908880837,1.0,0.002882797610827245,0.8516563201833669,0.7798355507806259,0.07859621800076408,0.03974246333387077
pose_only_visual,0.33,102,0.579644625980341,0.6236899214465501,9.602563119260283,0.5457397664910418,1.0,0.0,0.0,0.0,0.0,2.067629563641625,1.804230295306699,1.0,0.003601783396859552,0.8527063174769958,0.7822211177833241,0.25844128627852037,0.0
pose_only_visual,0.33,103,0.5496988534052083,0.540452876586249,7.972456918987925,0.512069618657147,0.0,0.0,1.0,0.0,0.0028994393344512234,1.9470934882735886,2.1395535472305403,1.0,0.0060760050626428004,0.858769378505185,0.8143791278625885,0.6638892567404495,0.04423199904276787
pose_only_visual,0.33,104,0.6629643281696019,0.7858164864701815,9.444933331632363,0.36876231575315277,1.0,0.0,0.0,0.0,0.0,2.2416167678957457,1.5163656027638224,0.0,0.002319294758707607,0.8597537144978686,0.8255106819258184,0.1570553509927735,0.0
pose_only_visual,0.33,105,0.46580985500281585,0.6748063905576398,7.742598415939395,0.6651054084546896,1.0,0.0,0.0,0.0,0.011222134567442357,2.573989427514349,1.0994053547889246,1.0,0.005366811371996477,0.8503329106493771,0.7751209214727234,0.07873890435968274,0.24776332282076663
pose_only_visual,0.33,106,0.5448288821257206,0.6787084849164283,7.698058176622251,0.29530954727954223,1.0,0.0,0.0,0.0,0.0024450574625759463,2.3358665848753217,1.3927847985372142,0.0,0.004030168222201626,0.8608017609060562,0.8215151844394282,0.12355307184961249,0.029819103218651333
pose_only_visual,0.33,107,0.4898879401477682,0.6200479158438459,9.206001537960335,0.4791717787051548,1.0,0.0,0.0,0.0,0.0,2.3484221788046273,1.3564084641801313,1.0,0.004009361883564875,0.8560800527428748,0.7970094025465096,0.126485025710891,0.0
pose_only_visual,0.33,108,0.5015664517535476,0.7259867496159471,9.399490391949632,0.44286991786402863,1.0,0.0,0.0,0.0,0.0,2.5928094514744506,1.100744716320594,1.0,0.00482885925734285,0.8627642349037513,0.8309702907401496,0.0785907462828958,0.0
pose_only_visual,0.33,109,0.5536302000988788,0.6904189663755643,9.548322657175273,0.3111543795834746,1.0,0.0,0.0,0.0,0.0,2.336423847106176,1.3902658731903839,0.0,0.0059779432769014465,0.8661425359706314,0.8489048726905243,0.12427456436954308,0.0
pose_only_visual,0.33,110,0.6646977501994826,0.7262308075789292,6.672290955495698,0.6581994031180018,0.0,1.0,0.0,0.0,0.07803945081631516,2.0826996953432966,1.7541576172372126,1.0,0.0052486071575443384,0.8503907870705993,0.7668148557526526,0.25087971455632035,0.7347566432241723
pose_only_visual,0.33,111,0.5170851997567156,0.6552669986895139,8.49817209208221,0.5766039426952226,1.0,0.0,0.0,0.0,0.0,2.3421688697551533,1.3536789662737136,1.0,0.0061905028717298026,0.8514241578082048,0.7789921460652555,0.12313730029544966,0.0
pose_only_visual,0.33,112,0.6563761024433752,0.6748501964403204,7.984620985255438,0.34755149637787414,1.0,0.0,0.0,0.0,0.0006276036484563639,2.015694855412672,1.964359479186883,0.0,0.0040384542170636166,0.8622668496007293,0.8333175783115779,0.3370192894230654,0.0
pose_only_visual,0.33,113,0.6003359935578668,0.7330215969622045,8.048393396691479,0.5290224028973343,1.0,0.0,0.0,0.0,0.002156246201698047,2.2802112727194754,1.4407897403833323,1.0,0.003920431095535941,0.8568976140476858,0.8005241274957228,0.15924466733678044,0.019733115958750935
pose_only_visual,0.33,114,0.48712113824553666,0.529372462757136,7.547285593900027,0.729646390518494,0.0,1.0,1.0,0.0,0.019021278972691708,2.068906726197754,1.7714929739730718,1.0,0.005541622038758104,0.8483780867970487,0.7608512625323048,0.2651383162069999,0.3694141155504145
pose_only_visual,0.33,115,0.45229487245966205,0.7626531020508545,6.5683699912353255,0.6835664296253345,0.0,1.0,0.0,0.0,0.09906463560570505,2.834070667499622,0.9002708012764716,1.0,0.0008500287303003846,0.8518807159655954,0.7752953797862513,0.07750282753429866,0.7957248962378061
pose_only_visual,0.33,116,0.4222251463610367,0.7666528175610878,6.804661173209892,0.4274871094471657,0.0,1.0,0.0,0.0,0.03751075595273409,2.9787083087347765,0.8293789649983372,1.0,0.0006505927343449214,0.8569029825913552,0.8028537801035648,0.08040665698065004,0.5359568245938033
pose_only_visual,0.33,117,0.5048737269031041,0.6618016791899293,6.972989668841185,0.6188052372189237,0.0,1.0,0.0,0.0,0.03749566531108477,2.399051754246227,1.2810594551748293,1.0,0.0007612773542329204,0.852524937456812,0.7815492607695204,0.09749773677996436,0.5473275867541691
pose_only_visual,0.33,118,0.6145593619076924,0.8157537525109468,8.355370517663625,0.47612469698036264,1.0,0.0,0.0,0.0,0.0,2.4342666340738286,1.2556310057375333,1.0,0.0019517787093440815,0.8540067254065496,0.7933062490935161,0.09844553852989193,0.0
pose_only_visual,0.33,119,0.5884653474232295,0.7268158137080275,8.676501686058227,0.6259239115931869,1.0,0.0,0.0,0.0,0.0,2.2922279205340255,1.4130785879504606,1.0,0.004262622452373218,0.8499305030456671,0.7633918245600653,0.12429647148734776,0.0
pose_only_visual,0.33,120,0.41200880066189666,0.6666433420874349,7.18707436686394,0.45079903353806183,0.0,1.0,0.0,0.0,0.018425492806167853,2.7865168195236554,0.9465617792433298,1.0,0.0015620661291163432,0.8585477660030767,0.8142856607120029,0.07881006667382624,0.36124667707189595
pose_only_visual,0.33,121,0.5447681055943492,0.6557854139598613,9.389815492063649,0.3057582209689007,1.0,0.0,0.0,0.0,0.0,2.2740700230567525,1.4762631615066761,0.0,0.003917659307228777,0.8632957809360716,0.8392981535447878,0.15320812095193073,0.0
pose_only_visual,0.33,122,0.5211153227091669,0.6966912313456645,9.050511621628013,0.5144378774753634,1.0,0.0,0.0,0.0,0.0,2.443791024615324,1.241488314655134,1.0,0.003061186719183846,0.8527276532518657,0.7865123915582785,0.0974357064782568,0.0
pose_only_visual,0.33,123,0.47677976179067033,0.5974799053418386,6.983667407174205,0.31614487350283593,0.0,1.0,0.0,0.0,0.021741442466706486,2.3446853001072423,1.3789860523313904,0.0,0.0013179685588477349,0.8638016195094907,0.840408315301853,0.12199432794415539,0.38989265154579766
pose_only_visual,0.33,124,0.5782383951825134,0.5570956533515437,9.743853575797733,0.41877899803397856,0.0,0.0,1.0,0.0,0.0,1.9306124818650263,2.2252874221688455,0.0,0.006898338936908078,0.8578845121483076,0.8120465472121242,0.9134656163118128,0.0
pose_only_visual,0.33,125,0.541750351061334,0.7565263816426047,8.351235084759812,0.7284037076601209,1.0,0.0,0.0,0.0,0.0021678586301352937,2.5028127656259365,1.1607938900598622,1.0,0.0019902459766215955,0.8437446836544007,0.737661878750579,0.07830710798376347,0.02036604951637322
pose_only_visual,0.33,126,0.6176656620584253,0.7756538974776329,9.231845659359948,0.5722200693615959,1.0,0.0,0.0,0.0,0.0,2.3263056254494874,1.3742160991038548,1.0,0.001582140417115921,0.8521114992175307,0.7849892047312287,0.121943965909901,0.0
pose_only_visual,0.33,127,0.43071670141604185,0.6271328730514325,8.573193092543898,0.6879107603272789,1.0,0.0,0.0,0.0,6.032414570668589e-05,2.580900855471223,1.0913963768297756,1.0,0.004194948716900157,0.8498446069301282,0.7721801384847075,0.07861813209574005,0.0
pose_only_visual,0.33,128,0.6045835739342462,0.8187062848837127,9.05099506501642,0.4324558579820822,1.0,0.0,0.0,0.0,0.0,2.474190942303195,1.2167913900137004,1.0,0.005118416412006595,0.8584793560852904,0.8150965731467338,0.07984518058649497,0.0
pose_only_visual,0.33,129,0.6405025361349822,0.81140423346452,6.625380467762693,0.6450357338261079,0.0,1.0,0.0,0.0,0.0838366988023431,2.3356258858681604,1.354396346760736,1.0,0.0038266761127424874,0.8497880711131531,0.7651149682681482,0.12219507589986207,0.7526285993914286
pose_only_visual,0.33,130,0.6421345683103694,0.7426845695692738,9.802224618223963,0.657883833421735,1.0,0.0,0.0,0.0,0.0,2.17563772647773,1.5830839896756794,1.0,0.004285757638971796,0.8513574841889483,0.7757965745403741,0.19902591735995667,0.0
pose_only_visual,0.33,131,0.59828444145127,0.6180994741358281,9.360277381251318,0.36227110783872896,0.0,0.0,1.0,0.0,0.0,2.0214599697553925,1.9465100720304667,0.0,0.008063569866569774,0.8640319559361179,0.8396211949042155,0.3360827364269373,0.0
pose_only_visual,0.33,132,0.44619351827740256,0.6150224599873995,8.273718633450295,0.6917489091758529,1.0,0.0,0.0,0.0,0.0024346379292774912,2.482789861588352,1.1839837111140632,1.0,0.0030960621758779282,0.8453918866242232,0.7465731755696143,0.08093705489850243,0.029486061137329322
pose_only_visual,0.33,133,0.594932392464927,0.8248912686903189,6.755429381285592,0.337178153695807,0.0,1.0,0.0,0.0,0.036550725201347375,2.525338433200521,1.1733615285545926,0.0,0.003832999276305368,0.8626634981382418,0.8308659965062243,0.07894040131449005,0.5213502450853489
pose_only_visual,0.33,134,0.4210777710471359,0.5867609938376288,6.862823307163797,0.4322758916335875,0.0,1.0,0.0,0.0,0.03387833100053213,2.5257553779656217,1.1644875970871225,1.0,0.003099730100157254,0.859728625091907,0.8164838753261027,0.08208621303143812,0.5094205993703623
pose_only_visual,0.33,135,0.5201394189157731,0.7391516637469889,9.661544542988542,0.697273354936911,1.0,0.0,0.0,0.0,0.0,2.5368321521700556,1.130846853049527,1.0,0.0031411565107577976,0.8505998711663059,0.7740524276113135,0.07831207942423406,0.0
pose_only_visual,0.33,136,0.513977809618463,0.7429689279793369,9.040270373490738,0.45027129054024595,1.0,0.0,0.0,0.0,0.0,2.589767047813784,1.1028831646319435,1.0,0.0050518380860952025,0.8534636514154932,0.7942117332930495,0.08292580311764215,0.0
pose_only_visual,0.33,137,0.478761032120681,0.5408582095068887,8.951407504356634,0.5964794759025087,0.0,0.0,1.0,0.0,0.0,2.1414875930780375,1.6509547120601213,1.0,0.00899224292583097,0.847772868023139,0.7530637844749758,0.20137802112222286,0.0
pose_only_visual,0.33,138,0.566247901826078,0.7470026705115408,9.471385516892553,0.2993294601846806,1.0,0.0,0.0,0.0,0.0,2.438823132534967,1.2680111917476091,0.0,0.0028204657968913913,0.8597806385903526,0.822656998315576,0.10121436407714411,0.0
pose_only_visual,0.33,139,0.5711585759264985,0.7916428981773835,9.611350292556,0.6353525325931637,1.0,0.0,0.0,0.0,0.0,2.497832771620469,1.1740510658057859,1.0,0.008127538511519499,0.855514823807202,0.790550529535892,0.0801415575132311,0.0
pose_only_visual,0.33,140,0.40952121744997755,0.537196810564468,8.503096059780074,0.5607830319720744,0.0,0.0,1.0,0.0,0.0,2.405469411570908,1.2795683984526565,1.0,0.0030998343541243463,0.8525902985341237,0.7820060000018857,0.098989386183059,0.0
pose_only_visual,0.33,141,0.5760813611133657,0.5594529457700151,8.063461850979914,0.5174628988723682,0.0,0.0,1.0,0.0,0.0019133893339389361,1.9328737938837397,2.1911537043224856,1.0,0.0073567607546292275,0.8569470317232268,0.8017721389594569,0.7704991393229904,0.006402133207986105
pose_only_visual,0.33,142,0.669630730591832,0.6673952616017118,8.208657926997367,0.3497265652441558,0.0,0.0,1.0,0.0,0.0,1.97440596284893,2.084261957677959,0.0,0.0072947079855997885,0.861799125028862,0.8348038142916192,0.5518797091344674,0.0
pose_only_visual,0.33,143,0.6636664515310686,0.5932395329970263,9.42928948551133,0.7047733865539252,0.0,0.0,1.0,0.0,0.0,1.8558311755626906,2.579453047491354,1.0,0.009616857878507249,0.8463658120072983,0.7510410521566583,0.9441265712486436,0.0
pose_only_visual,0.33,144,0.5770585417703271,0.7605994287815262,7.239731050573719,0.49748835802195535,0.0,1.0,0.0,0.0,0.018686174114701717,2.41969342432204,1.2698167970168526,1.0,0.004687766641854212,0.8587386803157677,0.8090915880197607,0.09858533920505422,0.3648332089486168
pose_only_visual,0.33,145,0.5778609056721191,0.5371545959658224,7.568159195397747,0.7247529368806671,0.0,1.0,1.0,0.0,0.018212265881754893,1.8792325978984439,2.386849093514964,1.0,0.008822407954880212,0.846298043461424,0.746720578987258,0.930890142221625,0.35829798470525087
pose_only_visual,0.33,146,0.6405350001314285,0.7795663361322067,9.30432589053039,0.7102006728114401,1.0,0.0,0.0,0.0,0.0,2.259108395852274,1.4488095525477305,1.0,0.002675673647417193,0.8461236302517074,0.7511738071793269,0.15128084106104833,0.0
pose_only_visual,0.33,147,0.5230387698205285,0.7883094660719616,8.157647846420614,0.6715590093915298,1.0,0.0,0.0,0.0,0.0036899230582182188,2.6432853989612632,1.0394970326789759,1.0,0.00593751379272873,0.853720021421834,0.786151792690409,0.07889636143564328,0.06879758265792624
pose_only_visual,0.33,148,0.5498936482451292,0.8125171972869838,9.511517610586171,0.29066036019752506,1.0,0.0,0.0,0.0,0.0,2.643414513758467,1.0686814421332518,0.0,0.007601703270049311,0.8648075751698373,0.8458588589495991,0.07935715719080205,0.0
pose_only_visual,0.33,149,0.6486158218719271,0.6978011765490026,9.509781609345932,0.46397999876215373,1.0,0.0,0.0,0.0,0.0,2.073650349243872,1.8047537377462832,1.0,0.0059639514827186275,0.8531707159849906,0.7930748905509954,0.2611828172411458,0.0
pose_only_visual,0.33,150,0.6319847968176795,0.7396209911990607,9.042021231324592,0.7000663941593079,1.0,0.0,0.0,0.0,0.0,2.1922350033376676,1.550552295891708,1.0,0.010428374368636912,0.848531112811501,0.7695825690422246,0.16074963909964135,0.0
pose_only_visual,0.33,151,0.4274789975836999,0.7135446435689178,6.648385833020849,0.6487757180059299,0.0,1.0,0.0,0.0,0.08057786396206605,2.8204476412727333,0.9111471379051689,1.0,0.004412095524480855,0.846371533145299,0.7536083438516524,0.07847614020192983,0.7426214931537507
pose_only_visual,0.33,152,0.5295182658052635,0.5619728314778761,8.045636021937804,0.5620605967373122,0.0,0.0,1.0,0.0,0.0029030181278427345,2.0457293066890485,1.8508472518607362,1.0,0.006892800323253213,0.8539218109665075,0.7902774591753293,0.31374265973663273,0.044344663546898144
pose_only_visual,0.33,153,0.676135653741087,0.7822979558350902,7.029083010206586,0.2957798968640713,0.0,1.0,0.0,0.0,0.01867488336765934,2.205891709049609,1.5820044542702576,0.0,0.004419132057091313,0.866914594545203,0.8538930764151128,0.2027246455988713,0.35428069490477165
pose_only_visual,0.33,154,0.48509667829144937,0.706496661299298,8.686960833018244,0.4031219636021157,1.0,0.0,0.0,0.0,0.0,2.607434495771685,1.0909719751705866,1.0,0.00738691685459687,0.8649045731764834,0.8406253836670363,0.08478637770402209,0.0
pose_only_visual,0.33,155,0.5882261840288456,0.5455453028338669,8.44797558648336,0.31636826196435086,0.0,0.0,1.0,0.0,0.0,1.9008352284866428,2.3975245714286277,0.0,0.007170038173186694,0.8622276240640665,0.8306683057080854,0.9300380225121375,0.0
pose_only_visual,0.33,156,0.42533071825053426,0.6447890905313316,8.381918166989527,0.5364430516742703,1.0,0.0,0.0,0.0,0.0,2.6659549657459936,1.0311634683284205,1.0,0.0012617137472312734,0.8569178756317406,0.8027090032541114,0.07761475026680385,0.0
pose_only_visual,0.33,157,0.4834704421324312,0.5479700568288063,7.161651772559676,0.7143244600856933,0.0,1.0,1.0,0.0,0.03163546652247593,2.1373178726772886,1.641276226423466,1.0,0.009248092293855793,0.8465570528553812,0.7541875128477865,0.20375724052495842,0.5091801489571752
pose_only_visual,0.33,158,0.41210525545630694,0.6961479344840854,6.928925814116801,0.6880350497876868,0.0,1.0,0.0,0.0,0.04878000462903201,2.8366440964655752,0.898344773543247,1.0,0.001942482551268054,0.8482835021597561,0.7603938733022344,0.07780015226792,0.6146240023875856
pose_only_visual,0.33,159,0.48919593476303663,0.6620973336472556,9.651898115116404,0.30232182809415814,1.0,0.0,0.0,0.0,0.0,2.4848827124994863,1.2177958863862164,0.0,0.004571169818930278,0.8643864420820787,0.8413549757550831,0.07971176887811986,0.0
pose_only_visual,0.33,160,0.6426859322515011,0.7018706278978982,9.406455339020383,0.3730454547786815,1.0,0.0,0.0,0.0,0.0,2.104099160832574,1.7555341925953103,0.0,0.007153913615478893,0.8617400737133238,0.8267485583536961,0.25245242718936717,0.0
pose_only_visual,0.33,161,0.6313269151808459,0.5575675164967934,9.673474233317219,0.5537027482421523,0.0,0.0,1.0,0.0,0.0,1.8581337956935005,2.6423376849139313,1.0,0.011265856469383283,0.8568936812379802,0.8025349564999781,0.950094735057506,0.0
pose_only_visual,0.33,162,0.5135361053231984,0.7456527889718041,8.526146351722804,0.3956979775285031,1.0,0.0,0.0,0.0,0.0,2.602704546968856,1.0957269054326242,1.0,0.0020798564295871442,0.8646718081930777,0.8473848608561806,0.07897945352065266,0.0
pose_only_visual,0.33,163,0.40957285551061035,0.7528714937916963,7.802954537935836,0.514367072862203,1.0,0.0,0.0,0.0,0.005530482141132058,2.9898779855816513,0.8190044525793583,1.0,0.0017357699957534205,0.85516456137809,0.7946444732350866,0.08067202016326548,0.12357717035532378
pose_only_visual,0.33,164,0.6083037139262434,0.7853234500488064,7.86427653706693,0.5575303835794991,1.0,0.0,0.0,0.0,0.005539698545202827,2.3771101593858632,1.312984902874278,1.0,0.004981229899743909,0.856128724808452,0.8008801424153152,0.09971734036539912,0.12384320173210117
pose_only_visual,0.33,165,0.51188090640448,0.7799206115770052,8.256827253869549,0.41025799775241933,1.0,0.0,0.0,0.0,0.0,2.686460747386929,1.0240664447093992,0.0,0.0007415576040669595,0.8572517786993797,0.8076255489085018,0.07838689369337083,0.0
pose_only_visual,0.33,166,0.511799937758822,0.7905855811253608,6.839175143928161,0.29178646137809267,0.0,1.0,0.0,0.0,0.02877257908923078,2.721467236937115,1.0052392626739277,0.0,0.0036710052657096845,0.8628051364479529,0.8356852111942848,0.07930927194886035,0.4553073308416511
pose_only_visual,0.33,167,0.5190529852251963,0.7962915286013926,8.182416691395918,0.5638974126409453,1.0,0.0,0.0,0.0,0.0015333418610051404,2.684214594629047,1.0145884464497892,1.0,0.001220483840348132,0.855191256365555,0.7998041891571698,0.07760353463291332,0.0
pose_only_visual,0.33,168,0.39681316609787204,0.6364762711475627,9.515891026511284,0.47534091029790704,1.0,0.0,0.0,0.0,0.0,2.769347834721433,0.9570646931681394,1.0,0.0025979991010219566,0.8581191645186459,0.809960237395838,0.0779790601632409,0.0
pose_only_visual,0.33,169,0.5168993417311125,0.5299470007918387,6.564506044887273,0.3170641651723769,0.0,1.0,1.0,0.0,0.05351647391535989,2.011677844929527,1.9055687270459831,0.0,0.007797102931697804,0.8634423088097004,0.8342416745973845,0.3941388521695724,0.6211931925720897
pose_only_visual,0.33,170,0.3982060454092656,0.5478144866390798,8.310482775023136,0.5462268338455308,0.0,0.0,1.0,0.0,0.00036316303456575527,2.4924225021904394,1.1874873874805514,1.0,0.005068252349603813,0.8561154480894446,0.8014905575556605,0.08015194607097512,0.0
pose_only_visual,0.33,171,0.5981126534539237,0.6114621224545405,7.363938586381721,0.5579073245617645,0.0,1.0,1.0,0.0,0.017361669104832042,1.99295713104156,1.9856234031885236,1.0,0.005670222929181925,0.8557591570305865,0.7971963928124138,0.3952926584430757,0.3463990900945566
pose_only_visual,0.33,172,0.43733740147324784,0.5770838476018995,9.481552554731207,0.3347347623470454,1.0,0.0,0.0,0.0,0.0,2.4361337966017538,1.2675230717198036,0.0,0.002411020140882072,0.8605058673163908,0.8265774661863518,0.09889884235616504,0.0
pose_only_visual,0.33,173,0.40830096925631687,0.7431043552587331,7.818116711601173,0.6981534615563869,1.0,0.0,0.0,0.0,0.010619494441146026,2.9566671080157847,0.8273773970352922,1.0,0.0018297570480579862,0.8483810311861348,0.7657819469666892,0.07776942437860436,0.23616941963274696
pose_only_visual,0.33,174,0.40847184162136785,0.6593247286029879,9.112155247995696,0.726193221482101,1.0,0.0,0.0,0.0,0.0,2.756642154538194,0.9494845175953824,1.0,0.003939574357964898,0.8426675885538131,0.7362280169724926,0.07834638631344949,0.0
pose_only_visual,0.33,175,0.40099032258869616,0.6302016502499779,8.202239454594924,0.362915406974523,1.0,0.0,0.0,0.0,0.0,2.7448015766510516,0.9825549226991747,1.0,0.005266876816214958,0.8594971984354347,0.8249012945278223,0.07965699332086976,0.0
pose_only_visual,0.33,176,0.5426585648323914,0.6509687724888166,6.939174622547793,0.7301111031496839,0.0,1.0,0.0,0.0,0.05264951223951739,2.2322553683983424,1.4852173844964287,1.0,0.006184871392889375,0.8484984925830701,0.762414868414097,0.1547510005879215,0.635140517329851
pose_only_visual,0.33,177,0.4597987619000432,0.5878317308373882,7.488493584328117,0.4575683447622755,1.0,0.0,0.0,0.0,0.010399632899782374,2.3683379173786587,1.3341745444113218,1.0,0.010730247921147374,0.8563682882192192,0.8085986346557809,0.1243272264601424,0.2318952653826285
pose_only_visual,0.33,178,0.4935361065030734,0.5256647695207387,7.563138960670514,0.5788108145079751,0.0,0.0,1.0,0.0,0.012497511755567944,2.049791138031845,1.8385940868638682,1.0,0.004799817063338654,0.8505123381566458,0.7669301676592905,0.30953806056626887,0.271722664004191
pose_only_visual,0.33,179,0.4456977007129589,0.665355648503798,6.630680752746097,0.34457195883477476,0.0,1.0,0.0,0.0,0.04787070938960384,2.6566297847589215,1.053341092952431,0.0,0.002235195519869721,0.8610573599192002,0.8242136939829952,0.08176803038228608,0.5936347017298673
force_annotated_visual,0.33,0,0.47191573747767734,0.6142725282518562,7.104523183394882,0.36869215134119626,1.0,0.0,0.0,0.0,0.0,0.7444360093427123,0.205105012186064,0.0,0.0019740058983057722,0.8622682268285147,0.8311089295746716,0.15675953902519343,0.0
force_annotated_visual,0.33,1,0.4274278916805623,0.5334247157222302,7.320103374482454,0.3657541363584143,0.0,0.0,1.0,0.0,0.0,0.8224732396946417,0.19941708923279775,0.0,0.00293085016027171,0.8621826437231673,0.8283535961269265,0.15433190297299493,0.0
force_annotated_visual,0.33,2,0.4969353941593452,0.8110278060832673,7.630757866959177,0.3745893010194493,1.0,0.0,0.0,0.0,0.0,0.6865800871372001,0.20538428392054986,0.0,0.00155549710959592,0.8578203752961251,0.8135615413696121,0.22477982771533947,0.0
force_annotated_visual,0.33,3,0.5609073674822526,0.7294904531755548,7.869081932465437,0.5245951064055737,1.0,0.0,0.0,0.0,0.0,1.0938637457815437,0.22996146686664096,0.0,0.003982459617078929,0.8555768321588512,0.7966314004195441,0.07867320189305656,0.0
force_annotated_visual,0.33,4,0.4824210528305489,0.5634755065407451,8.213978306768245,0.39419637314484235,0.0,0.0,1.0,0.0,0.0,0.7216905913052527,0.20423549223991205,0.0,0.003895624578565895,0.8573183451958577,0.8073382536472844,0.1914296596809,0.0
force_annotated_visual,0.33,5,0.41544995787370975,0.8150580419615716,6.79877238980899,0.4867484239262826,1.0,0.0,0.0,0.0,0.0,0.8993606712226431,0.20020294310484277,0.0,0.0016386204379619956,0.8540990147830915,0.7935055043057073,0.09932150314831127,0.0
force_annotated_visual,0.33,6,0.6039260663201342,0.6655216866474322,8.897500454639198,0.29164375091905187,1.0,0.0,0.0,0.0,0.0,0.9880475245603989,0.2114644154404635,0.0,0.005524965088044729,0.8658009351337942,0.8500082080245753,0.09850200400991459,0.0
force_annotated_visual,0.33,7,0.5588563586547931,0.5669924088086874,7.562226350950711,0.2974657432732786,1.0,0.0,0.0,0.0,0.0,0.8480953724162374,0.1999595465078757,0.0,0.006265927717061139,0.8655894332446389,0.849535240005071,0.12377407978908804,0.0
force_annotated_visual,0.33,8,0.6466378154771524,0.7956495277403499,7.082564302646785,0.43855733740983427,1.0,0.0,0.0,0.0,0.0,1.0907672336740772,0.20947554114603484,0.0,0.007693863691878452,0.862224427030689,0.8384763656021528,0.08029473597313855,0.0
force_annotated_visual,0.33,9,0.4964565013961616,0.7427848813610161,8.430739905042676,0.3232970766376386,1.0,0.0,0.0,0.0,0.0,0.8030540331959016,0.1971946875058135,0.0,0.0005143529371403323,0.8608546632884048,0.8292794054892381,0.15291397566607104,0.0
force_annotated_visual,0.33,10,0.6429814143725254,0.7499524549152284,7.244340997800614,0.5127175783344426,1.0,0.0,0.0,0.0,0.0,0.831402548037893,0.19911178810889135,0.0,0.003941969242579385,0.8584193395325462,0.8090145419226796,0.12295875692742209,0.0
force_annotated_visual,0.33,11,0.5266902491886789,0.7953370921664171,6.700381004460626,0.6667649361628757,1.0,0.0,0.0,0.0,0.0,0.5521730109341453,0.2199563702737772,1.0,0.011738628115199946,0.8496181606880162,0.781811230680124,0.3208069853745212,0.0
force_annotated_visual,0.33,12,0.5693264608231297,0.7180326209364387,7.800383285397249,0.38475657179221373,1.0,0.0,0.0,0.0,0.0,1.1275684306934548,0.2206188769457464,0.0,0.005558986473368258,0.8597077599744423,0.8219636446687736,0.07891284371789745,0.0
force_annotated_visual,0.33,13,0.5040981439609149,0.6674163256772692,7.828654165798424,0.4086673227335874,1.0,0.0,0.0,0.0,0.0,0.9235980596107878,0.20261511020005468,0.0,0.003051481705123962,0.8607046075742891,0.8228233284924026,0.0989031496148863,0.0
force_annotated_visual,0.33,14,0.6789936137404294,0.6127875821612284,7.276712432576425,0.6581192077014211,0.0,1.0,0.0,0.0,0.04002557515373005,1.0958837581893885,0.22668660002499988,1.0,0.009944703121739574,0.85815460241673,0.8001840182850369,0.08033390111537507,0.46064428255557144
force_annotated_visual,0.33,15,0.5813262512352686,0.7445798103964796,7.523775974139265,0.5984805923965164,1.0,0.0,0.0,0.0,0.0,1.142574992088129,0.23863470445898669,0.0,0.004387835188104573,0.8551020522374593,0.794142993434053,0.07950252731181781,0.0
force_annotated_visual,0.33,16,0.4290248479706675,0.6283231168528791,9.042994627768072,0.49577326907398006,1.0,0.0,0.0,0.0,0.0,0.9085250913501998,0.19481840098952155,0.0,0.00623039473768962,0.8610198041027659,0.8202123478619877,0.09988956682575367,0.0
force_annotated_visual,0.33,17,0.669757011379454,0.7719800260266896,6.544298750795175,0.3708826816051233,0.0,1.0,0.0,0.0,0.00607157551393429,1.1356122099098935,0.22201154072087415,0.0,0.005762551209135724,0.8636338343640935,0.8328181245175407,0.08413205465110482,0.09430034751307448
force_annotated_visual,0.33,18,0.45864953151405957,0.594949837616956,8.894398570285329,0.7127282073059238,0.0,0.0,1.0,0.0,0.0,0.6064167500975329,0.20925402090517928,1.0,0.0011889299259505387,0.8453558630330805,0.7435150459023134,0.2569665850266217,0.0
force_annotated_visual,0.33,19,0.6060401226664296,0.6855082312136435,6.764736832331063,0.5534454970690377,1.0,0.0,0.0,0.0,0.0,0.880096475905187,0.19832730773109383,0.0,0.006987321685087311,0.854862829471195,0.7966583945375347,0.13249193309867835,0.0
force_annotated_visual,0.33,20,0.4026628464260119,0.570699088470095,7.620286079345198,0.6765638572413142,1.0,0.0,0.0,0.0,0.0,0.8031462778878727,0.20249613888403067,1.0,0.006301377535170821,0.8492443188193891,0.7653911835459927,0.12605115434390363,0.0
force_annotated_visual,0.33,21,0.5688691768246774,0.7261565506942244,7.840588478608863,0.6310928259567499,1.0,0.0,0.0,0.0,0.0,0.8995494564684171,0.19707573219484456,1.0,0.004241929619297823,0.8526147448279521,0.7764925083920263,0.10521605663946067,0.0
force_annotated_visual,0.33,22,0.49441850847025803,0.8191294481953546,9.801685590590045,0.6299101632907627,1.0,0.0,0.0,0.0,0.0,0.7375295679429058,0.19661641261780485,1.0,0.002149357914242153,0.8465347394536804,0.7603180914754522,0.16564666659685914,0.0
force_annotated_visual,0.33,23,0.6020550795666142,0.7485593441270395,7.856041129086211,0.507778639127842,1.0,0.0,0.0,0.0,0.0,0.9976541193866609,0.21121471982083076,0.0,0.0039056665820469566,0.8580338362281907,0.8077592925803675,0.0849358707545935,0.0
force_annotated_visual,0.33,24,0.6471808489079229,0.7008319745047138,9.29772386293653,0.7062537525471762,1.0,0.0,0.0,0.0,0.0,0.7362568429496921,0.20520262676617992,1.0,0.004558325588888857,0.8490094305183579,0.7627448785168226,0.15524909754850383,0.0
force_annotated_visual,0.33,25,0.58485140240088,0.6418695818616995,8.390308859910023,0.6090286116985769,1.0,0.0,0.0,0.0,0.0,0.8504952242414846,0.20707244313051665,0.0,0.005589051676295029,0.8478020486614968,0.7580343751456123,0.12466784681043892,0.0
force_annotated_visual,0.33,26,0.6386037887086171,0.7373932567379646,9.064540533296608,0.5300743219312553,1.0,0.0,0.0,0.0,0.0,0.9963522168918034,0.2179482291776839,0.0,0.0049913817900813775,0.8517664985815113,0.7769641076399998,0.10355206505819317,0.0
force_annotated_visual,0.33,27,0.47023194072234575,0.5392336553778755,6.827197501119957,0.3279973938417582,0.0,0.0,1.0,0.0,0.0,0.874691261721142,0.1997548300464305,0.0,0.005689278323034017,0.8627888821737189,0.8345922049118182,0.12434489322371405,0.0
force_annotated_visual,0.33,28,0.5637316541096126,0.5942995931082515,8.53904367918558,0.3485061624331475,1.0,0.0,0.0,0.0,0.0,0.8853138133083347,0.19876526781567982,0.0,0.006265235773549137,0.8601215563017979,0.8232701403571365,0.12227932495073311,0.0
force_annotated_visual,0.33,29,0.636528290113797,0.7211426565702804,8.197962054716234,0.3349046696336791,1.0,0.0,0.0,0.0,0.0,0.6662275064591997,0.2129217342168372,0.0,0.0031784082247578163,0.860840885657789,0.8260588779629303,0.2330735997779639,0.0
force_annotated_visual,0.33,30,0.4298067985514771,0.7408178087897975,6.65130207509183,0.5772400997959526,1.0,0.0,0.0,0.0,0.0,1.2341892883887826,0.25718454512261024,0.0,0.0043072173923422875,0.8525071557885769,0.7829705890325719,0.07844732379679072,0.0
force_annotated_visual,0.33,31,0.5113173630865051,0.7311453864722834,8.506287115434867,0.5823093968357747,1.0,0.0,0.0,0.0,0.0,0.9802987426608889,0.20833870037407115,0.0,0.0037043949583804355,0.8499024416530034,0.7731487030982113,0.09754714335850106,0.0
force_annotated_visual,0.33,32,0.5888638821600873,0.7206144824513745,8.494747080132324,0.41596720577379354,1.0,0.0,0.0,0.0,0.0,0.8383182431776591,0.19174885682043652,0.0,0.007966905882015636,0.865214044425778,0.8417064539133363,0.12455540968105758,0.0
force_annotated_visual,0.33,33,0.5206674086300254,0.7212165806321454,8.19671280362059,0.4278458211434757,1.0,0.0,0.0,0.0,0.0,0.7086656811582863,0.20598197404760316,0.0,0.0007618675652510107,0.8573019525103149,0.8082491924768982,0.19152715659107758,0.0
force_annotated_visual,0.33,34,0.5443798130250108,0.6425451456251313,8.893883178424534,0.3960279291316281,1.0,0.0,0.0,0.0,0.0,0.9752065478608105,0.21004927868004564,0.0,0.004729649636136583,0.862374803204119,0.8303025146323258,0.09820697136427115,0.0
force_annotated_visual,0.33,35,0.6060264380479573,0.8151247809688088,6.812613436036632,0.3250782237513802,1.0,0.0,0.0,0.0,0.0,0.9971258129167457,0.20659049231628737,0.0,0.002924494274835917,0.861447827253947,0.8250442400762699,0.09717860877943779,0.0
force_annotated_visual,0.33,36,0.48100575977986704,0.6026209405363677,9.168640913904397,0.33177394668186366,1.0,0.0,0.0,0.0,0.0,1.1567361592787397,0.23552615337013613,0.0,0.004592625758445759,0.8626726443082658,0.8344082921577959,0.08254591286360154,0.0
force_annotated_visual,0.33,37,0.4543895780118972,0.5832138165668234,8.325329263434934,0.6630485589945115,1.0,0.0,0.0,0.0,0.0,0.8399452563931958,0.20046635431978682,1.0,0.00284883449990011,0.8507323553683954,0.7696313409611187,0.12214552776050482,0.0
force_annotated_visual,0.33,38,0.665192732546515,0.5859041737131127,8.798887469164482,0.61343533570806,1.0,0.0,0.0,0.0,0.0,1.0907798118873753,0.2355983775198504,0.0,0.01006327965664534,0.8505139496924908,0.769492550956511,0.08032752199109154,0.0
force_annotated_visual,0.33,39,0.5888696140112705,0.6669561030299744,9.400709430353345,0.4808145704312185,1.0,0.0,0.0,0.0,0.0,0.5762573803085645,0.23895946417434788,0.0,0.0022601185659039446,0.8568957616077684,0.8056761458852747,0.30183632758494616,0.0
force_annotated_visual,0.33,40,0.6380161847498841,0.7711792023720258,8.260352390792933,0.6050611338992173,1.0,0.0,0.0,0.0,0.0,0.9960142086900097,0.20934389902305617,1.0,0.005428251242629929,0.8514053342590001,0.7792644279949918,0.08640049971152643,0.0
force_annotated_visual,0.33,41,0.6556776749980981,0.5324073876928574,9.705505185769116,0.5469610505766938,0.0,0.0,1.0,0.0,0.0,0.6882479684530268,0.20443159918610143,1.0,0.010345705678643527,0.8542338979538662,0.797152737577546,0.1920935310574328,0.0
force_annotated_visual,0.33,42,0.5168252442592383,0.7106486705140802,9.079774940721139,0.4813627723601541,1.0,0.0,0.0,0.0,0.0,0.8852825744817663,0.2064510015186595,0.0,0.001987546994203664,0.8542059448396004,0.7914906459203497,0.1258746255989592,0.0
force_annotated_visual,0.33,43,0.593652434173662,0.7916174734294394,9.243339087695865,0.5558834371140071,1.0,0.0,0.0,0.0,0.0,0.8321492674914516,0.20454921762239983,0.0,0.0022533160205170685,0.8529610217876761,0.7863994172488474,0.12400086645159294,0.0
force_annotated_visual,0.33,44,0.6653208100609652,0.5659329319880595,9.571488248802984,0.36538837896166076,1.0,0.0,0.0,0.0,0.0,1.0248561922955808,0.21485944134653026,0.0,0.010689861064101216,0.8599143244516272,0.8147736245761854,0.0809796707759129,0.0
force_annotated_visual,0.33,45,0.5474728490927466,0.7580876824010715,8.837230043226358,0.587846393010357,1.0,0.0,0.0,0.0,0.0,0.9381694436328825,0.2105399907845663,0.0,0.002332744844529621,0.8504166268085769,0.7718915895760085,0.10063907505900076,0.0
force_annotated_visual,0.33,46,0.6707769971808653,0.5518708542069753,8.07503568367233,0.5152902019908343,1.0,0.0,0.0,0.0,0.013027095047354652,1.079546955406039,0.22361544931072802,0.0,0.011679019180637368,0.854579183352116,0.7929377904553218,0.08345160357476959,0.1982068166267119
force_annotated_visual,0.33,47,0.651308928594807,0.7950017643259057,9.651302308760188,0.5808105216641744,1.0,0.0,0.0,0.0,0.0,0.7500621985127403,0.19510510750120502,0.0,0.005954161657720926,0.8464236075102909,0.7587265126907978,0.15597721183801813,0.0
force_annotated_visual,0.33,48,0.6562437026035405,0.6688491852522831,8.566862960054332,0.3526267409430904,1.0,0.0,0.0,0.0,0.0,1.5324959990071345,0.3310212103765013,0.0,0.009530369400321873,0.8600829320823936,0.8192469710314538,0.07989425937887065,0.0
force_annotated_visual,0.33,49,0.501969234992062,0.5764950633336973,9.042158455149192,0.5934734455967308,1.0,0.0,0.0,0.0,0.0,0.801528366116899,0.19522240405023134,1.0,0.0045834519209660245,0.8538245309831027,0.7830567281805855,0.12361779527965652,0.0
force_annotated_visual,0.33,50,0.5233409371959262,0.6137836141264178,7.975586781937809,0.5478263350389156,1.0,0.0,0.0,0.0,0.0,0.938523052490702,0.20799078076833333,0.0,0.004545495286824226,0.852889978159431,0.7806547350079576,0.10029980277788059,0.0
force_annotated_visual,0.33,51,0.48315363544885565,0.7279689230072086,9.685877256813614,0.5881489031282681,1.0,0.0,0.0,0.0,0.0,0.9148294882275824,0.2009083251210417,1.0,0.004695698578844024,0.8536764414778053,0.7870927777331335,0.1036762902428766,0.0
force_annotated_visual,0.33,52,0.4132789080115658,0.6821379499145764,9.364567968318331,0.42266961086357996,1.0,0.0,0.0,0.0,0.0,0.9580223863250178,0.20467160816712623,0.0,0.0007841658430923541,0.8582963148935974,0.8160102306550908,0.09993713615668551,0.0
force_annotated_visual,0.33,53,0.5846922423699678,0.7756060477464768,6.9658916455631035,0.6117064524548895,1.0,0.0,0.0,0.0,0.0,0.9099267379513339,0.20428491592199569,1.0,0.0035828579596958957,0.8543193548989839,0.7933902933622219,0.10224497121484497,0.0
force_annotated_visual,0.33,54,0.6521833891056954,0.726459526261434,6.602117899616137,0.44232381735604587,1.0,0.0,0.0,0.0,0.0,0.6790649822919209,0.20216035410652758,0.0,0.0042388607028873366,0.8588523288804866,0.8085583000186433,0.19126952192011173,0.0
force_annotated_visual,0.33,55,0.6618405910618895,0.5812853806397387,6.738435374647848,0.7010998569937266,0.0,1.0,0.0,0.0,0.16393865937695598,1.217249110722824,0.333688386917596,1.0,0.009309032441559301,0.8512082273132633,0.7682172815361177,0.10143622093309985,0.8762724781473241
force_annotated_visual,0.33,56,0.426047645659714,0.5632982281274646,7.819239441530845,0.39780199272831224,0.0,0.0,1.0,0.0,0.0,0.8055501843176768,0.1980799880590465,0.0,0.003534457701251685,0.8587248905907374,0.8153556950494677,0.15242002180106626,0.0
force_annotated_visual,0.33,57,0.43635332814585925,0.5669594092957406,7.668149169039886,0.397999759763286,1.0,0.0,0.0,0.0,0.0,0.9805858350708128,0.2095618216853474,0.0,0.003346616455520572,0.8597247410275022,0.8159018946272732,0.09924010998123665,0.0
force_annotated_visual,0.33,58,0.569859792966765,0.7390187385229822,8.36475837857265,0.6201854536211211,1.0,0.0,0.0,0.0,0.0,0.9292285243075941,0.21018402654680748,0.0,0.0031023618167538036,0.8494543324804036,0.7657873820353919,0.10005041949070385,0.0
force_annotated_visual,0.33,59,0.5211257364850392,0.5783211408961815,9.790994034468774,0.3897725023564737,1.0,0.0,0.0,0.0,0.0,0.7917420015984452,0.20275315963781543,0.0,0.004827779113862234,0.8585481580076634,0.8112046266282642,0.15292763104080498,0.0
force_annotated_visual,0.33,60,0.5529937695838616,0.5488117904142917,7.757456029994515,0.4062553849650396,0.0,0.0,1.0,0.0,0.0,1.004933209659244,0.21717763661932585,0.0,0.007473707470982458,0.8574044582430076,0.8047023746688385,0.10092878375017186,0.0
force_annotated_visual,0.33,61,0.6029069747575767,0.8228183209522202,8.029336763472726,0.33029486971911615,1.0,0.0,0.0,0.0,0.0,0.9569935116753331,0.19631092081092694,0.0,0.007124841721624849,0.8640884568028107,0.8377297445867561,0.10376475762430404,0.0
force_annotated_visual,0.33,62,0.4348864708713128,0.7974322079305358,9.662625099467451,0.3772335499998992,1.0,0.0,0.0,0.0,0.0,0.7816646451706197,0.19322611292118005,0.0,0.006790332082265824,0.8625059867883896,0.8368466368706743,0.16254832941570693,0.0
force_annotated_visual,0.33,63,0.4543338665306249,0.5927885990821147,9.306153407755783,0.48436401654795147,1.0,0.0,0.0,0.0,0.0,0.9979843975513369,0.20776198613055535,0.0,0.004057679675027572,0.8568813775772759,0.8080775248889923,0.10807685879848881,0.0
force_annotated_visual,0.33,64,0.5995702637338878,0.7645707163577751,7.978535398423903,0.6900928889444498,1.0,0.0,0.0,0.0,0.0,0.8149441214684185,0.19550640887743465,1.0,0.0029759449791715337,0.8485785848387105,0.7576350086604837,0.1221952573622763,0.0
force_annotated_visual,0.33,65,0.42762866468459004,0.6795485635416687,8.591739458274823,0.6870925709393121,1.0,0.0,0.0,0.0,0.0,0.7427617640108455,0.1966241496867592,1.0,0.004747501429334568,0.8493497991920327,0.7708061069963719,0.157423507700336,0.0
force_annotated_visual,0.33,66,0.5663890716964389,0.8012693386042457,8.104734093102799,0.5517733080156836,1.0,0.0,0.0,0.0,0.0,0.8286316424914916,0.2010550218681243,0.0,0.0013860017232480246,0.8567912341314775,0.8049819669709258,0.123431685162713,0.0
force_annotated_visual,0.33,67,0.4666238340975593,0.5959996229662003,8.296397911955596,0.6379970716225427,1.0,0.0,0.0,0.0,0.0,0.8433107321311237,0.19554855410439181,1.0,0.008718113203642101,0.848564425974333,0.7662900762238581,0.12481903513762717,0.0
force_annotated_visual,0.33,68,0.4410471006604044,0.6088840506556162,8.217175712387004,0.6215622061736032,1.0,0.0,0.0,0.0,0.0,0.7586780186498225,0.19511734997268146,1.0,0.005745851123374952,0.8531323719877575,0.7895567252264334,0.1551311386068374,0.0
force_annotated_visual,0.33,69,0.6721194354035793,0.7689433681927613,6.752262154472389,0.595957785683372,1.0,0.0,0.0,0.0,0.0,1.01515208709953,0.2136423900439251,1.0,0.00658880997041426,0.8526835734936665,0.7832699276151694,0.0844799472576522,0.0
force_annotated_visual,0.33,70,0.656360523932488,0.547703210917749,7.046481652842425,0.3139535761198861,0.0,1.0,1.0,0.0,0.19192251860784187,1.3306690288454068,0.35876729207938074,0.0,0.01070677793279316,0.8648639864028611,0.8402292657885629,0.08118932716251742,0.9101200629520603
force_annotated_visual,0.33,71,0.4397103439138954,0.8005548967765976,9.693521353599401,0.45123457742213985,1.0,0.0,0.0,0.0,0.0,0.7896630885396613,0.1964065524386941,0.0,0.0016364957802003596,0.8550774942046738,0.8020255666979834,0.15886854102764578,0.0
force_annotated_visual,0.33,72,0.4063577558662668,0.8000743981230569,8.460704679349108,0.3921825187443647,1.0,0.0,0.0,0.0,0.0,0.9330013685997937,0.20026736376255164,0.0,0.0017509833899065593,0.8605170629665402,0.8307024931302073,0.09932557633299889,0.0
force_annotated_visual,0.33,73,0.5801851246421366,0.8167463150991747,7.448378854560511,0.5249315034346742,1.0,0.0,0.0,0.0,0.0,1.0458886042904756,0.21329386277581786,0.0,0.0028393410038368744,0.8555638306963624,0.7946274431203856,0.07991960131105953,0.0
force_annotated_visual,0.33,74,0.4125149871365339,0.7483537811169283,9.56761106999818,0.41568683887245855,1.0,0.0,0.0,0.0,0.0,1.1060656973019904,0.2224896544105876,0.0,0.0005200722522703177,0.8597541961413584,0.8243365620989221,0.0803930235562907,0.0
force_annotated_visual,0.33,75,0.5286419434747395,0.7198315536683819,8.019885942965008,0.4253114477878949,1.0,0.0,0.0,0.0,0.0,1.0016214555130758,0.20779363793842198,0.0,0.004896866117865281,0.8563517612031162,0.8042458739853636,0.08377761096335738,0.0
force_annotated_visual,0.33,76,0.5919631837325178,0.6836959167536023,9.216146569723724,0.6828708630941102,1.0,0.0,0.0,0.0,0.0,1.0506044459954813,0.22828849991988318,1.0,0.005568861175675627,0.8472139491792532,0.7534592320209293,0.08355361434114515,0.0
force_annotated_visual,0.33,77,0.6727305390278329,0.5287338440697306,9.371752253996219,0.7223182574484928,0.0,0.0,1.0,0.0,0.0,0.5360424529533151,0.27925938545656087,1.0,0.008009848421849899,0.8474517229160506,0.7501986285484185,0.41923761877636057,0.0
force_annotated_visual,0.33,78,0.4671132171352952,0.6498600020068842,8.214707261474748,0.48173778827294217,1.0,0.0,0.0,0.0,0.0,0.9629651897623996,0.20733885509294275,0.0,0.0024154144155739583,0.8566785776489914,0.8015763725506503,0.09754887474282438,0.0
force_annotated_visual,0.33,79,0.5775331759924607,0.7739132345091311,9.786929303976459,0.451074152872436,1.0,0.0,0.0,0.0,0.0,0.9696559411317849,0.19796342533530778,0.0,0.00522613192435067,0.8552521524866499,0.8037598191969312,0.09980209608188094,0.0
force_annotated_visual,0.33,80,0.4565855570425106,0.5649383572376242,8.337501770311126,0.4253774344139105,1.0,0.0,0.0,0.0,0.0,0.82850657793156,0.1997448197378551,0.0,0.004213879977328469,0.8582608104770841,0.8121943316873492,0.1316027314398277,0.0
force_annotated_visual,0.33,81,0.6076657656696406,0.6187240225218791,9.765779588259285,0.49046597647894324,1.0,0.0,0.0,0.0,0.0,0.6913051367216025,0.2032024756001716,0.0,0.005978669548523927,0.8548751723101744,0.7978354971327801,0.19827513912913616,0.0
force_annotated_visual,0.33,82,0.5977656886751374,0.6499341101316756,8.468319059303038,0.36048079503201563,1.0,0.0,0.0,0.0,0.0,0.8600846179514559,0.20727284933321857,0.0,0.005025201608935107,0.858109654662387,0.8093843034030465,0.13355844085783458,0.0
force_annotated_visual,0.33,83,0.5978418131492493,0.694444723150209,7.134904253596698,0.411697377751745,1.0,0.0,0.0,0.0,0.0,0.796008908193115,0.1906655041200989,0.0,0.010670588355546325,0.8580114035301892,0.8187291415020334,0.16469573367147128,0.0
force_annotated_visual,0.33,84,0.656245328393245,0.7955653357507909,9.246754736291837,0.3085306650636238,1.0,0.0,0.0,0.0,0.0,0.7109312224625709,0.2024844642858698,0.0,0.004718656078562814,0.8587024286121637,0.8128904121003263,0.19407299496765518,0.0
force_annotated_visual,0.33,85,0.4182748473289179,0.7176966321407137,9.007549547171358,0.4392850244666487,1.0,0.0,0.0,0.0,0.0,1.0417054495284566,0.2187515844455547,0.0,0.0016768514536211587,0.8559696577901706,0.8012181281469226,0.0824509016030773,0.0
force_annotated_visual,0.33,86,0.4411537082380414,0.8034244887813,9.190844143144918,0.55711865018731,1.0,0.0,0.0,0.0,0.0,0.8482446838891506,0.19514737104526939,0.0,0.0013213824455711987,0.8519445674166154,0.7888126765287733,0.12383875502077009,0.0
force_annotated_visual,0.33,87,0.5709677563275487,0.6619508779339083,7.55838658901104,0.5807258402723035,1.0,0.0,0.0,0.0,0.0,0.57419076696531,0.23153654958648445,0.0,0.004718507343932515,0.8494126399436084,0.7674750391008404,0.2941747137856627,0.0
force_annotated_visual,0.33,88,0.5543661057788963,0.5763804247502009,7.169308236303801,0.2997129016659725,1.0,0.0,0.0,0.0,0.0,0.9645511564291361,0.20615539483312512,0.0,0.006421553156778476,0.8621194241438442,0.8259755391587351,0.09857389357475224,0.0
force_annotated_visual,0.33,89,0.5807167510853384,0.5928244609756617,7.973016126858435,0.4378944667039111,1.0,0.0,0.0,0.0,0.0,0.7263281050420586,0.20995129146329744,0.0,0.005296649509638066,0.8580752789906725,0.808538494086196,0.18989003402972343,0.0
force_annotated_visual,0.33,90,0.6514821275482503,0.5829057391068037,8.342873077076515,0.2896645069974286,1.0,0.0,0.0,0.0,0.0,1.271064840092533,0.25997347956345135,0.0,0.010482516079923159,0.8624294686462051,0.8304499271498729,0.08016063895802618,0.0
force_annotated_visual,0.33,91,0.5585541720978516,0.7946704100209349,9.195836866430954,0.6967467907636813,1.0,0.0,0.0,0.0,0.0,0.8363058754124211,0.205172017498327,1.0,0.0013845550589044527,0.846990994045362,0.7584925832913972,0.128198709309789,0.0
force_annotated_visual,0.33,92,0.4413174800438746,0.6809837635346735,9.620661180050007,0.4872614997033351,1.0,0.0,0.0,0.0,0.0,0.833242308455555,0.2042551153618034,0.0,0.0005596731827198241,0.8528596113074594,0.786834306302657,0.1285616363051631,0.0
force_annotated_visual,0.33,93,0.6486067578168276,0.5684839961837725,7.543999775945771,0.4408496198678592,0.0,0.0,1.0,0.0,0.0,0.6003551448995008,0.21317591013772008,0.0,0.006881739974394972,0.8578384617860331,0.8064925180260822,0.2831810759982113,0.0
force_annotated_visual,0.33,94,0.61651373848753,0.5406676469446485,8.564694031275312,0.29299426220085373,0.0,0.0,1.0,0.0,0.0,0.8083043691586651,0.1981141643508548,0.0,0.00956780751846022,0.8659098533715592,0.8440699393628416,0.15152264626503667,0.0
force_annotated_visual,0.33,95,0.6480141940559441,0.8142655677092316,9.233987555605056,0.438482672406183,1.0,0.0,0.0,0.0,0.0,0.9663700275047609,0.2014283766785598,0.0,0.004537581700595977,0.8578981745873229,0.8058799250555132,0.09871472389088028,0.0
force_annotated_visual,0.33,96,0.419887583275599,0.8256896580601132,7.309288711959581,0.5547346841947186,1.0,0.0,0.0,0.0,0.0,0.8023228563157101,0.19675831852832032,0.0,0.0021037343495890434,0.8506764849776898,0.7768158717810459,0.13180428262940447,0.0
force_annotated_visual,0.33,97,0.5965641183155334,0.6374754853972611,8.437902091000787,0.6997398432158363,1.0,0.0,0.0,0.0,0.0,1.2973145502719217,0.2819660500337673,1.0,0.008439486789942541,0.8442728067524851,0.7388727659934912,0.07959005977114822,0.0
force_annotated_visual,0.33,98,0.4403074999918846,0.8111593722675345,7.947360508953656,0.4395044070762246,1.0,0.0,0.0,0.0,0.0,1.1365868266349215,0.22809430264699979,0.0,0.0016960914260777287,0.8578530712141702,0.8083976399743039,0.07773300281538573,0.0
force_annotated_visual,0.33,99,0.6038052789278029,0.7286048602616544,7.997744385496617,0.4044037746171426,1.0,0.0,0.0,0.0,0.0,0.6671931753351428,0.21187227358175972,0.0,0.0024507628837061803,0.8593548127890168,0.8182777456669488,0.196052560984437,0.0
force_annotated_visual,0.33,100,0.4448061442584106,0.6186674304598658,9.723413856605276,0.6094240344759273,1.0,0.0,0.0,0.0,0.0,0.9803249543752938,0.2112377052242603,1.0,0.003516674054676694,0.8514179160094186,0.7792693810745078,0.09750580729337044,0.0
force_annotated_visual,0.33,101,0.4838839907517749,0.6740433530558787,8.050237145761532,0.5588303188807054,1.0,0.0,0.0,0.0,0.0,0.8009402780567058,0.20202122367966777,0.0,0.002882797610827245,0.8516563201833669,0.7798355507806259,0.1519616735810517,0.0
force_annotated_visual,0.33,102,0.579644625980341,0.6236899214465501,9.602563119260283,0.5457397664910418,1.0,0.0,0.0,0.0,0.0,0.606637177664182,0.2255196216373008,0.0,0.003601783396859552,0.8527063174769958,0.7822211177833241,0.24171728574602688,0.0
force_annotated_visual,0.33,103,0.5496988534052083,0.540452876586249,7.972456918987925,0.512069618657147,0.0,0.0,1.0,0.0,0.0,0.7057952559121851,0.2071322934824291,0.0,0.0060760050626428004,0.858769378505185,0.8143791278625885,0.18851340118866913,0.0
force_annotated_visual,0.33,104,0.6629643281696019,0.7858164864701815,9.444933331632363,0.36876231575315277,1.0,0.0,0.0,0.0,0.0,0.6303796458163301,0.2129308347875107,0.0,0.002319294758707607,0.8597537144978686,0.8255106819258184,0.2429502118789016,0.0
force_annotated_visual,0.33,105,0.46580985500281585,0.6748063905576398,7.742598415939395,0.6651054084546896,1.0,0.0,0.0,0.0,0.0,0.6265524027425567,0.2068988597562866,1.0,0.005366811371996477,0.8503329106493771,0.7751209214727234,0.24228921006028717,0.0
force_annotated_visual,0.33,106,0.5448288821257206,0.6787084849164283,7.698058176622251,0.29530954727954223,1.0,0.0,0.0,0.0,0.0,1.040352966983052,0.21419911569296132,0.0,0.004030168222201626,0.8608017609060562,0.8215151844394282,0.07923860599417341,0.0
force_annotated_visual,0.33,107,0.4898879401477682,0.6200479158438459,9.206001537960335,0.4791717787051548,1.0,0.0,0.0,0.0,0.0,0.6398025464218745,0.20410746736129073,0.0,0.004009361883564875,0.8560800527428748,0.7970094025465096,0.2427490646767214,0.0
force_annotated_visual,0.33,108,0.5015664517535476,0.7259867496159471,9.399490391949632,0.44286991786402863,1.0,0.0,0.0,0.0,0.0,1.059540537050119,0.21293820270936006,0.0,0.00482885925734285,0.8627642349037513,0.8309702907401496,0.07917451277102243,0.0
force_annotated_visual,0.33,109,0.5536302000988788,0.6904189663755643,9.548322657175273,0.3111543795834746,1.0,0.0,0.0,0.0,0.0,0.8015289720003353,0.19490601460196114,0.0,0.0059779432769014465,0.8661425359706314,0.8489048726905243,0.15335505988435066,0.0
force_annotated_visual,0.33,110,0.6646977501994826,0.7262308075789292,6.672290955495698,0.6581994031180018,1.0,0.0,0.0,0.0,0.00020230479257651353,0.8523639103879932,0.20283038237021225,1.0,0.0052486071575443384,0.8503907870705993,0.7668148557526526,0.12168948039370897,0.0
force_annotated_visual,0.33,111,0.5170851997567156,0.6552669986895139,8.49817209208221,0.5766039426952226,1.0,0.0,0.0,0.0,0.0,1.034884032095602,0.21489471212101866,0.0,0.0061905028717298026,0.8514241578082048,0.7789921460652555,0.07960045109782221,0.0
force_annotated_visual,0.33,112,0.6563761024433752,0.6748501964403204,7.984620985255438,0.34755149637787414,1.0,0.0,0.0,0.0,0.0,0.606307232839287,0.22802904523780954,0.0,0.0040384542170636166,0.8622668496007293,0.8333175783115779,0.28583336518730845,0.0
force_annotated_visual,0.33,113,0.6003359935578668,0.7330215969622045,8.048393396691479,0.5290224028973343,1.0,0.0,0.0,0.0,0.0,0.9151068477652711,0.2012896668363505,0.0,0.003920431095535941,0.8568976140476858,0.8005241274957228,0.10395180206396426,0.0
force_annotated_visual,0.33,114,0.48712113824553666,0.529372462757136,7.547285593900027,0.729646390518494,0.0,0.0,1.0,0.0,0.0,0.6846290894708676,0.20838487214174067,1.0,0.005541622038758104,0.8483780867970487,0.7608512625323048,0.19934941093811404,0.0
force_annotated_visual,0.33,115,0.45229487245966205,0.7626531020508545,6.5683699912353255,0.6835664296253345,1.0,0.0,0.0,0.0,0.0,1.0110052047732307,0.21096192044138795,1.0,0.0008500287303003846,0.8518807159655954,0.7752953797862513,0.07815112941035587,0.0
force_annotated_visual,0.33,116,0.4222251463610367,0.7666528175610878,6.804661173209892,0.4274871094471657,1.0,0.0,0.0,0.0,0.0,0.9462985019670829,0.20220893601966466,0.0,0.0006505927343449214,0.8569029825913552,0.8028537801035648,0.10126682347457193,0.0
force_annotated_visual,0.33,117,0.5048737269031041,0.6618016791899293,6.972989668841185,0.6188052372189237,1.0,0.0,0.0,0.0,0.0,0.5496606977679961,0.2332355944402653,0.0,0.0007612773542329204,0.852524937456812,0.7815492607695204,0.30546243068209844,0.0
force_annotated_visual,0.33,118,0.6145593619076924,0.8157537525109468,8.355370517663625,0.47612469698036264,1.0,0.0,0.0,0.0,0.0,0.700347624291014,0.2058611680468134,0.0,0.0019517787093440815,0.8540067254065496,0.7933062490935161,0.19363464234886288,0.0
force_annotated_visual,0.33,119,0.5884653474232295,0.7268158137080275,8.676501686058227,0.6259239115931869,1.0,0.0,0.0,0.0,0.0,0.8141416540099056,0.19357304033598166,1.0,0.004262622452373218,0.8499305030456671,0.7633918245600653,0.12279352150706324,0.0
force_annotated_visual,0.33,120,0.41200880066189666,0.6666433420874349,7.18707436686394,0.45079903353806183,1.0,0.0,0.0,0.0,0.0,0.8108234456333714,0.20121513570672164,0.0,0.0015620661291163432,0.8585477660030767,0.8142856607120029,0.1549789405426192,0.0
force_annotated_visual,0.33,121,0.5447681055943492,0.6557854139598613,9.389815492063649,0.3057582209689007,1.0,0.0,0.0,0.0,0.0,0.9225081776790225,0.20167909732615036,0.0,0.003917659307228777,0.8632957809360716,0.8392981535447878,0.12102364203105646,0.0
force_annotated_visual,0.33,122,0.5211153227091669,0.6966912313456645,9.050511621628013,0.5144378774753634,1.0,0.0,0.0,0.0,0.0,0.9109680430309207,0.20322994406082048,0.0,0.003061186719183846,0.8527276532518657,0.7865123915582785,0.09914742277242228,0.0
force_annotated_visual,0.33,123,0.47677976179067033,0.5974799053418386,6.983667407174205,0.31614487350283593,0.0,0.0,1.0,0.0,0.0,0.6074338104338489,0.22429652211687834,0.0,0.0013179685588477349,0.8638016195094907,0.840408315301853,0.29082474499414696,0.0
force_annotated_visual,0.33,124,0.5782383951825134,0.5570956533515437,9.743853575797733,0.41877899803397856,0.0,0.0,1.0,0.0,0.0,0.8309248521423481,0.20179379085210122,0.0,0.006898338936908078,0.8578845121483076,0.8120465472121242,0.15149575294177325,0.0
force_annotated_visual,0.33,125,0.541750351061334,0.7565263816426047,8.351235084759812,0.7284037076601209,1.0,0.0,0.0,0.0,0.0,0.6564263234821198,0.2061973698321326,1.0,0.0019902459766215955,0.8437446836544007,0.737661878750579,0.1946619757529584,0.0
force_annotated_visual,0.33,126,0.6176656620584253,0.7756538974776329,9.231845659359948,0.5722200693615959,1.0,0.0,0.0,0.0,0.0,0.6498835283501235,0.21323632190683026,0.0,0.001582140417115921,0.8521114992175307,0.7849892047312287,0.23504899231351747,0.0
force_annotated_visual,0.33,127,0.43071670141604185,0.6271328730514325,8.573193092543898,0.6879107603272789,1.0,0.0,0.0,0.0,0.0,0.8402813491853818,0.19946476773113406,1.0,0.004194948716900157,0.8498446069301282,0.7721801384847075,0.12391830574405331,0.0
force_annotated_visual,0.33,128,0.6045835739342462,0.8187062848837127,9.05099506501642,0.4324558579820822,1.0,0.0,0.0,0.0,0.0,0.7292130231967038,0.2019291419529337,0.0,0.005118416412006595,0.8584793560852904,0.8150965731467338,0.19173488292115212,0.0
force_annotated_visual,0.33,129,0.6405025361349822,0.81140423346452,6.625380467762693,0.6450357338261079,1.0,0.0,0.0,0.0,0.0,0.9460727375244402,0.2079147687130503,1.0,0.0038266761127424874,0.8497880711131531,0.7651149682681482,0.09764032834934207,0.0
force_annotated_visual,0.33,130,0.6421345683103694,0.7426845695692738,9.802224618223963,0.657883833421735,1.0,0.0,0.0,0.0,0.0,0.8696490561733909,0.20907381082729048,1.0,0.004285757638971796,0.8513574841889483,0.7757965745403741,0.12690258473774926,0.0
force_annotated_visual,0.33,131,0.59828444145127,0.6180994741358281,9.360277381251318,0.36227110783872896,1.0,0.0,0.0,0.0,0.0,1.2113923329229608,0.24855643568051172,0.0,0.008063569866569774,0.8640319559361179,0.8396211949042155,0.07948547828844142,0.0
force_annotated_visual,0.33,132,0.44619351827740256,0.6150224599873995,8.273718633450295,0.6917489091758529,1.0,0.0,0.0,0.0,0.0,0.6516289926695918,0.211758576172893,1.0,0.0030960621758779282,0.8453918866242232,0.7465731755696143,0.20347113323479743,0.0
force_annotated_visual,0.33,133,0.594932392464927,0.8248912686903189,6.755429381285592,0.337178153695807,1.0,0.0,0.0,0.0,0.0,0.8785335732734949,0.1943718146162339,0.0,0.003832999276305368,0.8626634981382418,0.8308659965062243,0.12190921551618676,0.0
force_annotated_visual,0.33,134,0.4210777710471359,0.5867609938376288,6.862823307163797,0.4322758916335875,1.0,0.0,0.0,0.0,0.0,1.0528581449826269,0.2212426301741885,0.0,0.003099730100157254,0.859728625091907,0.8164838753261027,0.08220719560318204,0.0
force_annotated_visual,0.33,135,0.5201394189157731,0.7391516637469889,9.661544542988542,0.697273354936911,1.0,0.0,0.0,0.0,0.0,0.6106718729061197,0.20995918279529574,1.0,0.0031411565107577976,0.8505998711663059,0.7740524276113135,0.2435628998313714,0.0
force_annotated_visual,0.33,136,0.513977809618463,0.7429689279793369,9.040270373490738,0.45027129054024595,1.0,0.0,0.0,0.0,0.0,0.7942237477225617,0.1922490201321816,0.0,0.0050518380860952025,0.8534636514154932,0.7942117332930495,0.16116991207145737,0.0
force_annotated_visual,0.33,137,0.478761032120681,0.5408582095068887,8.951407504356634,0.5964794759025087,0.0,0.0,1.0,0.0,0.0,1.661989818087701,0.400205858087095,1.0,0.00899224292583097,0.847772868023139,0.7530637844749758,0.07974406689758537,0.0
force_annotated_visual,0.33,138,0.566247901826078,0.7470026705115408,9.471385516892553,0.2993294601846806,1.0,0.0,0.0,0.0,0.0,0.9687958548688622,0.20478850568791016,0.0,0.0028204657968913913,0.8597806385903526,0.822656998315576,0.10140525370541884,0.0
force_annotated_visual,0.33,139,0.5711585759264985,0.7916428981773835,9.611350292556,0.6353525325931637,1.0,0.0,0.0,0.0,0.0,1.089761272768025,0.21720472571501775,1.0,0.008127538511519499,0.855514823807202,0.790550529535892,0.07955621872622172,0.0
force_annotated_visual,0.33,140,0.40952121744997755,0.537196810564468,8.503096059780074,0.5607830319720744,0.0,0.0,1.0,0.0,0.0,0.6630266913978774,0.2113178964231929,0.0,0.0030998343541243463,0.8525902985341237,0.7820060000018857,0.19909888975869705,0.0
force_annotated_visual,0.33,141,0.5760813611133657,0.5594529457700151,8.063461850979914,0.5174628988723682,1.0,0.0,0.0,0.0,0.0,0.9252403107897931,0.210419509992276,0.0,0.0073567607546292275,0.8569470317232268,0.8017721389594569,0.10025575617869234,0.0
force_annotated_visual,0.33,142,0.669630730591832,0.6673952616017118,8.208657926997367,0.3497265652441558,1.0,0.0,0.0,0.0,0.0,0.709833626841178,0.20053645009185544,0.0,0.0072947079855997885,0.861799125028862,0.8348038142916192,0.19620974369990246,0.0
force_annotated_visual,0.33,143,0.6636664515310686,0.5932395329970263,9.42928948551133,0.7047733865539252,1.0,0.0,0.0,0.0,0.0,0.9302772899706092,0.21265588841861177,1.0,0.009616857878507249,0.8463658120072983,0.7510410521566583,0.09957616542955702,0.0
force_annotated_visual,0.33,144,0.5770585417703271,0.7605994287815262,7.239731050573719,0.49748835802195535,1.0,0.0,0.0,0.0,0.0,0.8745235503283673,0.1941173296570016,0.0,0.004687766641854212,0.8587386803157677,0.8090915880197607,0.12154601907011182,0.0
force_annotated_visual,0.33,145,0.5778609056721191,0.5371545959658224,7.568159195397747,0.7247529368806671,0.0,0.0,1.0,0.0,0.000834637372317716,0.9349180270536972,0.21699589762277752,1.0,0.008822407954880212,0.846298043461424,0.746720578987258,0.10097473055249351,0.0
force_annotated_visual,0.33,146,0.6405350001314285,0.7795663361322067,9.30432589053039,0.7102006728114401,1.0,0.0,0.0,0.0,0.0,0.6940622718026715,0.21155044930301395,1.0,0.002675673647417193,0.8461236302517074,0.7511738071793269,0.1905509978545624,0.0
force_annotated_visual,0.33,147,0.5230387698205285,0.7883094660719616,8.157647846420614,0.6715590093915298,1.0,0.0,0.0,0.0,0.0,0.7830590849092017,0.19090222802062443,1.0,0.00593751379272873,0.853720021421834,0.786151792690409,0.12608687233865742,0.0
force_annotated_visual,0.33,148,0.5498936482451292,0.8125171972869838,9.511517610586171,0.29066036019752506,1.0,0.0,0.0,0.0,0.0,0.8577920728221067,0.19370834111953247,0.0,0.007601703270049311,0.8648075751698373,0.8458588589495991,0.12561989395813442,0.0
force_annotated_visual,0.33,149,0.6486158218719271,0.6978011765490026,9.509781609345932,0.46397999876215373,1.0,0.0,0.0,0.0,0.0,0.7069954471972492,0.19800349062818604,0.0,0.0059639514827186275,0.8531707159849906,0.7930748905509954,0.19082116939719476,0.0
force_annotated_visual,0.33,150,0.6319847968176795,0.7396209911990607,9.042021231324592,0.7000663941593079,1.0,0.0,0.0,0.0,0.0,1.03550732479286,0.20736082792393346,1.0,0.010428374368636912,0.848531112811501,0.7695825690422246,0.0806476748379198,0.0
force_annotated_visual,0.33,151,0.4274789975836999,0.7135446435689178,6.648385833020849,0.6487757180059299,1.0,0.0,0.0,0.0,0.0,0.6745513685183532,0.20701292917800151,0.0,0.004412095524480855,0.846371533145299,0.7536083438516524,0.199547520894213,0.0
force_annotated_visual,0.33,152,0.5295182658052635,0.5619728314778761,8.045636021937804,0.5620605967373122,1.0,0.0,0.0,0.0,0.0,1.0488844150812955,0.22275944981747442,0.0,0.006892800323253213,0.8539218109665075,0.7902774591753293,0.0797184871611591,0.0
force_annotated_visual,0.33,153,0.676135653741087,0.7822979558350902,7.029083010206586,0.2957798968640713,1.0,0.0,0.0,0.0,0.0,0.9305836742399963,0.20559168329182534,0.0,0.004419132057091313,0.866914594545203,0.8538930764151128,0.10558179905954534,0.0
force_annotated_visual,0.33,154,0.48509667829144937,0.706496661299298,8.686960833018244,0.4031219636021157,1.0,0.0,0.0,0.0,0.0,0.9098419024731192,0.19358270682916812,0.0,0.00738691685459687,0.8649045731764834,0.8406253836670363,0.10738596931320628,0.0
force_annotated_visual,0.33,155,0.5882261840288456,0.5455453028338669,8.44797558648336,0.31636826196435086,0.0,0.0,1.0,0.0,0.0,0.7835778830055582,0.2083176997412895,0.0,0.007170038173186694,0.8622276240640665,0.8306683057080854,0.1534667962290243,0.0
force_annotated_visual,0.33,156,0.42533071825053426,0.6447890905313316,8.381918166989527,0.5364430516742703,1.0,0.0,0.0,0.0,0.0,0.9291219484017195,0.20520191223912107,0.0,0.0012617137472312734,0.8569178756317406,0.8027090032541114,0.09785609449829685,0.0
force_annotated_visual,0.33,157,0.4834704421324312,0.5479700568288063,7.161651772559676,0.7143244600856933,0.0,0.0,1.0,0.0,0.0,0.7327769486088386,0.19850278107978742,1.0,0.009248092293855793,0.8465570528553812,0.7541875128477865,0.15813845243108776,0.0
force_annotated_visual,0.33,158,0.41210525545630694,0.6961479344840854,6.928925814116801,0.6880350497876868,1.0,0.0,0.0,0.0,0.0,0.7070648014573004,0.19822533134522066,1.0,0.001942482551268054,0.8482835021597561,0.7603938733022344,0.1589415096772881,0.0
force_annotated_visual,0.33,159,0.48919593476303663,0.6620973336472556,9.651898115116404,0.30232182809415814,1.0,0.0,0.0,0.0,0.0,0.9145749649000996,0.19964635177277845,0.0,0.004571169818930278,0.8643864420820787,0.8413549757550831,0.12175818036788032,0.0
force_annotated_visual,0.33,160,0.6426859322515011,0.7018706278978982,9.406455339020383,0.3730454547786815,1.0,0.0,0.0,0.0,0.0,1.144665879779033,0.2299973183374169,0.0,0.007153913615478893,0.8617400737133238,0.8267485583536961,0.07939781214969137,0.0
force_annotated_visual,0.33,161,0.6313269151808459,0.5575675164967934,9.673474233317219,0.5537027482421523,1.0,0.0,0.0,0.0,0.0,1.3143154871900595,0.2801640215292936,0.0,0.011265856469383283,0.8568936812379802,0.8025349564999781,0.083233891051854,0.0
force_annotated_visual,0.33,162,0.5135361053231984,0.7456527889718041,8.526146351722804,0.3956979775285031,1.0,0.0,0.0,0.0,0.0,0.9054356134119221,0.1978865182295445,0.0,0.0020798564295871442,0.8646718081930777,0.8473848608561806,0.122634057115848,0.0
force_annotated_visual,0.33,163,0.40957285551061035,0.7528714937916963,7.802954537935836,0.514367072862203,1.0,0.0,0.0,0.0,0.0,0.8583970978646336,0.19582393713628982,0.0,0.0017357699957534205,0.85516456137809,0.7946444732350866,0.12737060417781834,0.0
force_annotated_visual,0.33,164,0.6083037139262434,0.7853234500488064,7.86427653706693,0.5575303835794991,1.0,0.0,0.0,0.0,0.0,1.2037509582471646,0.2447137638074711,0.0,0.004981229899743909,0.856128724808452,0.8008801424153152,0.07867351016508514,0.0
force_annotated_visual,0.33,165,0.51188090640448,0.7799206115770052,8.256827253869549,0.41025799775241933,1.0,0.0,0.0,0.0,0.0,0.867617557969842,0.20278981592144654,0.0,0.0007415576040669595,0.8572517786993797,0.8076255489085018,0.12368145265000292,0.0
force_annotated_visual,0.33,166,0.511799937758822,0.7905855811253608,6.839175143928161,0.29178646137809267,1.0,0.0,0.0,0.0,0.0,0.7937881957078937,0.19458620122959416,0.0,0.0036710052657096845,0.8628051364479529,0.8356852111942848,0.15572678186957062,0.0
force_annotated_visual,0.33,167,0.5190529852251963,0.7962915286013926,8.182416691395918,0.5638974126409453,1.0,0.0,0.0,0.0,0.0,0.864394557289119,0.2013080354143032,0.0,0.001220483840348132,0.855191256365555,0.7998041891571698,0.12214871796696009,0.0
force_annotated_visual,0.33,168,0.39681316609787204,0.6364762711475627,9.515891026511284,0.47534091029790704,1.0,0.0,0.0,0.0,0.0,0.9553867915491058,0.206485931311007,0.0,0.0025979991010219566,0.8581191645186459,0.809960237395838,0.09820771067386062,0.0
force_annotated_visual,0.33,169,0.5168993417311125,0.5299470007918387,6.564506044887273,0.3170641651723769,0.0,1.0,1.0,0.0,0.07295355028155824,1.1794253489575273,0.24130420560195662,0.0,0.007797102931697804,0.8634423088097004,0.8342416745973845,0.07941142225655884,0.6382868567775257
force_annotated_visual,0.33,170,0.3982060454092656,0.5478144866390798,8.310482775023136,0.5462268338455308,0.0,0.0,1.0,0.0,0.0,1.0069879165755067,0.21290297150529358,0.0,0.005068252349603813,0.8561154480894446,0.8014905575556605,0.08046590757374837,0.0
force_annotated_visual,0.33,171,0.5981126534539237,0.6114621224545405,7.363938586381721,0.5579073245617645,1.0,0.0,0.0,0.0,0.0,0.7175396191851332,0.20934688893927597,0.0,0.005670222929181925,0.8557591570305865,0.7971963928124138,0.18755345354898975,0.0
force_annotated_visual,0.33,172,0.43733740147324784,0.5770838476018995,9.481552554731207,0.3347347623470454,1.0,0.0,0.0,0.0,0.0,0.831577555724288,0.19666852618637645,0.0,0.002411020140882072,0.8605058673163908,0.8265774661863518,0.15245982883505077,0.0
force_annotated_visual,0.33,173,0.40830096925631687,0.7431043552587331,7.818116711601173,0.6981534615563869,1.0,0.0,0.0,0.0,0.0,0.7436859273704927,0.20267929109753946,1.0,0.0018297570480579862,0.8483810311861348,0.7657819469666892,0.15836675125023728,0.0
force_annotated_visual,0.33,174,0.40847184162136785,0.6593247286029879,9.112155247995696,0.726193221482101,1.0,0.0,0.0,0.0,0.0,0.7418780433690344,0.2013676865079041,1.0,0.003939574357964898,0.8426675885538131,0.7362280169724926,0.15762287160920366,0.0
force_annotated_visual,0.33,175,0.40099032258869616,0.6302016502499779,8.202239454594924,0.362915406974523,1.0,0.0,0.0,0.0,0.0,0.7288890326508543,0.19203816799068185,0.0,0.005266876816214958,0.8594971984354347,0.8249012945278223,0.19508013484105097,0.0
force_annotated_visual,0.33,176,0.5426585648323914,0.6509687724888166,6.939174622547793,0.7301111031496839,1.0,0.0,0.0,0.0,0.0,0.927572446878517,0.20862835614545347,1.0,0.006184871392889375,0.8484984925830701,0.762414868414097,0.09876012684948386,0.0
force_annotated_visual,0.33,177,0.4597987619000432,0.5878317308373882,7.488493584328117,0.4575683447622755,1.0,0.0,0.0,0.0,0.0,0.9972259909446946,0.20072454002048967,0.0,0.010730247921147374,0.8563682882192192,0.8085986346557809,0.08136917032351737,0.0
force_annotated_visual,0.33,178,0.4935361065030734,0.5256647695207387,7.563138960670514,0.5788108145079751,0.0,0.0,1.0,0.0,0.0,0.7178376497432247,0.2010683571704179,0.0,0.004799817063338654,0.8505123381566458,0.7669301676592905,0.1545529880366242,0.0
force_annotated_visual,0.33,179,0.4456977007129589,0.665355648503798,6.630680752746097,0.34457195883477476,1.0,0.0,0.0,0.0,0.0,1.0920954804581708,0.22412445813699447,0.0,0.002235195519869721,0.8610573599192002,0.8242136939829952,0.08221802217418014,0.0
haptic_force_visual_motion,0.33,0,0.47191573747767734,0.6142725282518562,7.104523183394882,0.36869215134119626,1.0,0.0,0.0,0.0,0.0,0.12139770709767382,0.011398359495875268,0.0,0.0019740058983057722,0.8622682268285147,0.8311089295746716,0.07780874721836913,0.0
haptic_force_visual_motion,0.33,1,0.4274278916805623,0.5334247157222302,7.320103374482454,0.3657541363584143,0.0,0.0,1.0,0.0,0.0,0.20471527606674425,0.012704079422465998,0.0,0.00293085016027171,0.8621826437231673,0.8283535961269265,0.08027000100231457,0.0
haptic_force_visual_motion,0.33,2,0.4969353941593452,0.8110278060832673,7.630757866959177,0.3745893010194493,1.0,0.0,0.0,0.0,0.0,0.12534287254620588,0.015138614446848232,0.0,0.00155549710959592,0.8578203752961251,0.8135615413696121,0.09076640007482094,0.0
haptic_force_visual_motion,0.33,3,0.5609073674822526,0.7294904531755548,7.869081932465437,0.5245951064055737,1.0,0.0,0.0,0.0,0.0,0.5110437966326186,0.045426157228164024,0.0,0.003982459617078929,0.8555768321588512,0.7966314004195441,0.07835815446295895,0.0
haptic_force_visual_motion,0.33,4,0.4824210528305489,0.5634755065407451,8.213978306768245,0.39419637314484235,1.0,0.0,0.0,0.0,0.0,0.12192452237535356,0.012034602434388706,0.0,0.003895624578565895,0.8573183451958577,0.8073382536472844,0.07942886266031204,0.0
haptic_force_visual_motion,0.33,5,0.41544995787370975,0.8150580419615716,6.79877238980899,0.4867484239262826,1.0,0.0,0.0,0.0,0.0,0.28524489581955337,0.01791919358918018,0.0,0.0016386204379619956,0.8540990147830915,0.7935055043057073,0.07771734777027214,0.0
haptic_force_visual_motion,0.33,6,0.6039260663201342,0.6655216866474322,8.897500454639198,0.29164375091905187,1.0,0.0,0.0,0.0,0.0,0.37567223746961115,0.02503222885171976,0.0,0.005524965088044729,0.8658009351337942,0.8500082080245753,0.07878251023894417,0.0
haptic_force_visual_motion,0.33,7,0.5588563586547931,0.5669924088086874,7.562226350950711,0.2974657432732786,1.0,0.0,0.0,0.0,0.0,0.23213113958289863,0.013284859507907167,0.0,0.006265927717061139,0.8655894332446389,0.849535240005071,0.07898710145513557,0.0
haptic_force_visual_motion,0.33,8,0.6466378154771524,0.7956495277403499,7.082564302646785,0.43855733740983427,1.0,0.0,0.0,0.0,0.0,0.5255014530723532,0.043651413919436464,0.0,0.007693863691878452,0.862224427030689,0.8384763656021528,0.0799700250247532,0.0
haptic_force_visual_motion,0.33,9,0.4964565013961616,0.7427848813610161,8.430739905042676,0.3232970766376386,1.0,0.0,0.0,0.0,0.0,0.1718256980421649,0.011428980849251556,0.0,0.0005143529371403323,0.8608546632884048,0.8292794054892381,0.07741167848069586,0.0
haptic_force_visual_motion,0.33,10,0.6429814143725254,0.7499524549152284,7.244340997800614,0.5127175783344426,1.0,0.0,0.0,0.0,0.0,0.20670755818785308,0.013309092260102262,0.0,0.003941969242579385,0.8584193395325462,0.8090145419226796,0.07834704345141215,0.0
haptic_force_visual_motion,0.33,11,0.5266902491886789,0.7953370921664171,6.700381004460626,0.6667649361628757,1.0,0.0,0.0,0.0,0.0,0.2688586544830501,0.03721247248670806,1.0,0.011738628115199946,0.8496181606880162,0.781811230680124,0.2389472168630078,0.0
haptic_force_visual_motion,0.33,12,0.5693264608231297,0.7180326209364387,7.800383285397249,0.38475657179221373,1.0,0.0,0.0,0.0,0.0,0.55657930735138,0.04951821730959909,0.0,0.005558986473368258,0.8597077599744423,0.8219636446687736,0.0787918934444776,0.0
haptic_force_visual_motion,0.33,13,0.5040981439609149,0.6674163256772692,7.828654165798424,0.4086673227335874,1.0,0.0,0.0,0.0,0.0,0.30214422225660253,0.01891908879365957,0.0,0.003051481705123962,0.8607046075742891,0.8228233284924026,0.07810304793450712,0.0
haptic_force_visual_motion,0.33,14,0.6789936137404294,0.6127875821612284,7.276712432576425,0.6581192077014211,1.0,0.0,0.0,0.0,0.0,0.5642465949581403,0.0741774325332962,1.0,0.009944703121739574,0.85815460241673,0.8001840182850369,0.080010076951681,0.0
haptic_force_visual_motion,0.33,15,0.5813262512352686,0.7445798103964796,7.523775974139265,0.5984805923965164,1.0,0.0,0.0,0.0,0.0,0.5632011820589031,0.0558361797772225,0.0,0.004387835188104573,0.8551020522374593,0.794142993434053,0.07950252731181781,0.0
haptic_force_visual_motion,0.33,16,0.4290248479706675,0.6283231168528791,9.042994627768072,0.49577326907398006,1.0,0.0,0.0,0.0,0.0,0.31112221618104025,0.021311871272885672,0.0,0.00623039473768962,0.8610198041027659,0.8202123478619877,0.07899610497365572,0.0
haptic_force_visual_motion,0.33,17,0.669757011379454,0.7719800260266896,6.544298750795175,0.3708826816051233,1.0,0.0,0.0,0.0,0.0,0.5366239729799914,0.05065558572788264,0.0,0.005762551209135724,0.8636338343640935,0.8328181245175407,0.08411292451677932,0.0
haptic_force_visual_motion,0.33,18,0.45864953151405957,0.594949837616956,8.894398570285329,0.7127282073059238,1.0,0.0,0.0,0.0,0.0,0.16620219098470487,0.019698211084690408,1.0,0.0011889299259505387,0.8453558630330805,0.7435150459023134,0.08807663561782127,0.0
haptic_force_visual_motion,0.33,19,0.6060401226664296,0.6855082312136435,6.764736832331063,0.5534454970690377,1.0,0.0,0.0,0.0,0.0,0.29136028810622555,0.01738064333513062,0.0,0.006987321685087311,0.854862829471195,0.7966583945375347,0.0862797662947728,0.0
haptic_force_visual_motion,0.33,20,0.4026628464260119,0.570699088470095,7.620286079345198,0.6765638572413142,1.0,0.0,0.0,0.0,0.0,0.20935379663844994,0.013330907710755503,0.0,0.006301377535170821,0.8492443188193891,0.7653911835459927,0.07899690186250184,0.0
haptic_force_visual_motion,0.33,21,0.5688691768246774,0.7261565506942244,7.840588478608863,0.6310928259567499,1.0,0.0,0.0,0.0,0.0,0.31436430327240955,0.022000065155570358,1.0,0.004241929619297823,0.8526147448279521,0.7764925083920263,0.08388427230337313,0.0
haptic_force_visual_motion,0.33,22,0.49441850847025803,0.8191294481953546,9.801685590590045,0.6299101632907627,1.0,0.0,0.0,0.0,0.0,0.1414319526413125,0.012050848001092684,0.0,0.002149357914242153,0.8465347394536804,0.7603180914754522,0.08210638281245144,0.0
haptic_force_visual_motion,0.33,23,0.6020550795666142,0.7485593441270395,7.856041129086211,0.507778639127842,1.0,0.0,0.0,0.0,0.0,0.39435037820962826,0.029114973161854126,0.0,0.0039056665820469566,0.8580338362281907,0.8077592925803675,0.08366015111429673,0.0
haptic_force_visual_motion,0.33,24,0.6471808489079229,0.7008319745047138,9.29772386293653,0.7062537525471762,1.0,0.0,0.0,0.0,0.0,0.1328275681974517,0.011568614442869751,1.0,0.004558325588888857,0.8490094305183579,0.7627448785168226,0.0790307558045861,0.0
haptic_force_visual_motion,0.33,25,0.58485140240088,0.6418695818616995,8.390308859910023,0.6090286116985769,1.0,0.0,0.0,0.0,0.0,0.2556945065197453,0.015229923570094804,0.0,0.005589051676295029,0.8478020486614968,0.7580343751456123,0.08003107295653693,0.0
haptic_force_visual_motion,0.33,26,0.6386037887086171,0.7373932567379646,9.064540533296608,0.5300743219312553,1.0,0.0,0.0,0.0,0.0,0.41251087653273955,0.030160175611264495,0.0,0.0049913817900813775,0.8517664985815113,0.7769641076399998,0.08345547864018829,0.0
haptic_force_visual_motion,0.33,27,0.47023194072234575,0.5392336553778755,6.827197501119957,0.3279973938417582,0.0,0.0,1.0,0.0,0.0,0.27664035868178727,0.015970564563844384,0.0,0.005689278323034017,0.8627888821737189,0.8345922049118182,0.08006440061616484,0.0
haptic_force_visual_motion,0.33,28,0.5637316541096126,0.5942995931082515,8.53904367918558,0.3485061624331475,1.0,0.0,0.0,0.0,0.0,0.2867070816730814,0.016165979356408098,0.0,0.006265235773549137,0.8601215563017979,0.8232701403571365,0.07898691017245606,0.0
haptic_force_visual_motion,0.33,29,0.636528290113797,0.7211426565702804,8.197962054716234,0.3349046696336791,1.0,0.0,0.0,0.0,0.0,0.14248484830447827,0.017462184933882116,0.0,0.0031784082247578163,0.860840885657789,0.8260588779629303,0.08034636092554702,0.0
haptic_force_visual_motion,0.33,30,0.4298067985514771,0.7408178087897975,6.65130207509183,0.5772400997959526,1.0,0.0,0.0,0.0,0.0,0.6803965525651725,0.07860688178464262,0.0,0.0043072173923422875,0.8525071557885769,0.7829705890325719,0.07844732379679072,0.0
haptic_force_visual_motion,0.33,31,0.5113173630865051,0.7311453864722834,8.506287115434867,0.5823093968357747,1.0,0.0,0.0,0.0,0.0,0.39992584203418147,0.027623689338745615,0.0,0.0037043949583804355,0.8499024416530034,0.7731487030982113,0.0782818794503564,0.0
haptic_force_visual_motion,0.33,32,0.5888638821600873,0.7206144824513745,8.494747080132324,0.41596720577379354,1.0,0.0,0.0,0.0,0.0,0.20975899317624958,0.013885917311768857,0.0,0.007966905882015636,0.865214044425778,0.8417064539133363,0.07945860630997272,0.0
haptic_force_visual_motion,0.33,33,0.5206674086300254,0.7212165806321454,8.19671280362059,0.4278458211434757,1.0,0.0,0.0,0.0,0.0,0.1152624080545986,0.013210195198173272,0.0,0.0007618675652510107,0.8573019525103149,0.8082491924768982,0.07762156786200002,0.0
haptic_force_visual_motion,0.33,34,0.5443798130250108,0.6425451456251313,8.893883178424534,0.3960279291316281,1.0,0.0,0.0,0.0,0.0,0.3747574187041809,0.026137927983389878,0.0,0.004729649636136583,0.862374803204119,0.8303025146323258,0.07856345069991433,0.0
haptic_force_visual_motion,0.33,35,0.6060264380479573,0.8151247809688088,6.812613436036632,0.3250782237513802,1.0,0.0,0.0,0.0,0.0,0.38720712397756385,0.027074554983331518,0.0,0.002924494274835917,0.861447827253947,0.8250442400762699,0.07806830981725303,0.0
haptic_force_visual_motion,0.33,36,0.48100575977986704,0.6026209405363677,9.168640913904397,0.33177394668186366,1.0,0.0,0.0,0.0,0.0,0.5787831574278377,0.055467071570620044,0.0,0.004592625758445759,0.8626726443082658,0.8344082921577959,0.08245452828019091,0.0
haptic_force_visual_motion,0.33,37,0.4543895780118972,0.5832138165668234,8.325329263434934,0.6630485589945115,1.0,0.0,0.0,0.0,0.0,0.2546061185013836,0.016355603946041554,1.0,0.00284883449990011,0.8507323553683954,0.7696313409611187,0.07804761938904801,0.0
haptic_force_visual_motion,0.33,38,0.665192732546515,0.5859041737131127,8.798887469164482,0.61343533570806,1.0,0.0,0.0,0.0,0.0,0.5424678289474557,0.05157361356510007,0.0,0.01006327965664534,0.8505139496924908,0.769492550956511,0.08004325052833271,0.0
haptic_force_visual_motion,0.33,39,0.5888696140112705,0.6669561030299744,9.400709430353345,0.4808145704312185,1.0,0.0,0.0,0.0,0.0,0.2957505079907449,0.03632720724152017,0.0,0.0022601185659039446,0.8568957616077684,0.8056761458852747,0.32098601308572144,0.0
haptic_force_visual_motion,0.33,40,0.6380161847498841,0.7711792023720258,8.260352390792933,0.6050611338992173,1.0,0.0,0.0,0.0,0.0,0.416145269821903,0.02990831192097789,0.0,0.005428251242629929,0.8514053342590001,0.7792644279949918,0.0851736922400704,0.0
haptic_force_visual_motion,0.33,41,0.6556776749980981,0.5324073876928574,9.705505185769116,0.5469610505766938,0.0,0.0,1.0,0.0,0.0,0.12603218642390418,0.012688072006852213,0.0,0.010345705678643527,0.8542338979538662,0.797152737577546,0.0817132872641908,0.0
haptic_force_visual_motion,0.33,42,0.5168252442592383,0.7106486705140802,9.079774940721139,0.4813627723601541,1.0,0.0,0.0,0.0,0.0,0.2713903559168404,0.016203543355507076,0.0,0.001987546994203664,0.8542059448396004,0.7914906459203497,0.08057710413186582,0.0
haptic_force_visual_motion,0.33,43,0.593652434173662,0.7916174734294394,9.243339087695865,0.5558834371140071,1.0,0.0,0.0,0.0,0.0,0.2055024347006278,0.012851920673204564,0.0,0.0022533160205170685,0.8529610217876761,0.7863994172488474,0.0778849400835243,0.0
haptic_force_visual_motion,0.33,44,0.6653208100609652,0.5659329319880595,9.571488248802984,0.36538837896166076,1.0,0.0,0.0,0.0,0.0,0.4671646971345566,0.03888619819927158,0.0,0.010689861064101216,0.8599143244516272,0.8147736245761854,0.08021875472244812,0.0
haptic_force_visual_motion,0.33,45,0.5474728490927466,0.7580876824010715,8.837230043226358,0.587846393010357,1.0,0.0,0.0,0.0,0.0,0.33851619313678233,0.02229057348923081,0.0,0.002332744844529621,0.8504166268085769,0.7718915895760085,0.08009063425132132,0.0
haptic_force_visual_motion,0.33,46,0.6707769971808653,0.5518708542069753,8.07503568367233,0.5152902019908343,1.0,0.0,0.0,0.0,0.0,0.5473000667608817,0.05335919526639419,0.0,0.011679019180637368,0.854579183352116,0.7929377904553218,0.08303244590897761,0.0
haptic_force_visual_motion,0.33,47,0.651308928594807,0.7950017643259057,9.651302308760188,0.5808105216641744,1.0,0.0,0.0,0.0,0.0,0.15838394031879305,0.012158905020728724,0.0,0.005954161657720926,0.8464236075102909,0.7587265126907978,0.07957177885245395,0.0
haptic_force_visual_motion,0.33,48,0.6562437026035405,0.6688491852522831,8.566862960054332,0.3526267409430904,1.0,0.0,0.0,0.0,0.0,0.9983900145463624,0.17051559793614468,0.0,0.009530369400321873,0.8600829320823936,0.8192469710314538,0.07989425937887065,0.0
haptic_force_visual_motion,0.33,49,0.501969234992062,0.5764950633336973,9.042158455149192,0.5934734455967308,1.0,0.0,0.0,0.0,0.0,0.20979905272159233,0.013999353332269933,0.0,0.0045834519209660245,0.8538245309831027,0.7830567281805855,0.07852324306880358,0.0
haptic_force_visual_motion,0.33,50,0.5233409371959262,0.6137836141264178,7.975586781937809,0.5478263350389156,1.0,0.0,0.0,0.0,0.0,0.35492608795665864,0.02434805499698949,0.0,0.004545495286824226,0.852889978159431,0.7806547350079576,0.08019007575943696,0.0
haptic_force_visual_motion,0.33,51,0.48315363544885565,0.7279689230072086,9.685877256813614,0.5881489031282681,1.0,0.0,0.0,0.0,0.0,0.31903891380592925,0.02126377587734804,0.0,0.004695698578844024,0.8536764414778053,0.7870927777331335,0.0819958104233126,0.0
haptic_force_visual_motion,0.33,52,0.4132789080115658,0.6821379499145764,9.364567968318331,0.42266961086357996,1.0,0.0,0.0,0.0,0.0,0.3524586419860177,0.022425123398176608,0.0,0.0007841658430923541,0.8582963148935974,0.8160102306550908,0.07926171459997246,0.0
haptic_force_visual_motion,0.33,53,0.5846922423699678,0.7756060477464768,6.9658916455631035,0.6117064524548895,1.0,0.0,0.0,0.0,0.0,0.3008452928139049,0.019023631909389386,0.0,0.0035828579596958957,0.8543193548989839,0.7933902933622219,0.08102281469177132,0.0
haptic_force_visual_motion,0.33,54,0.6521833891056954,0.726459526261434,6.602117899616137,0.44232381735604587,1.0,0.0,0.0,0.0,0.0,0.12181281627738556,0.014511142072797887,0.0,0.0042388607028873366,0.8588523288804866,0.8085583000186433,0.07959178678088279,0.0
haptic_force_visual_motion,0.33,55,0.6618405910618895,0.5812853806397387,6.738435374647848,0.7010998569937266,0.0,1.0,0.0,0.0,0.009209539165380308,0.7558176501521368,0.2180105967083061,1.0,0.009309032441559301,0.8512082273132633,0.7682172815361177,0.08150036092240003,0.0928889662800696
haptic_force_visual_motion,0.33,56,0.426047645659714,0.5632982281274646,7.819239441530845,0.39780199272831224,1.0,0.0,0.0,0.0,0.0,0.19978859595847656,0.012154305990776744,0.0,0.003534457701251685,0.8587248905907374,0.8153556950494677,0.07823529796849277,0.0
haptic_force_visual_motion,0.33,57,0.43635332814585925,0.5669594092957406,7.668149169039886,0.397999759763286,1.0,0.0,0.0,0.0,0.0,0.39273332986018666,0.02801657966256626,0.0,0.003346616455520572,0.8597247410275022,0.8159018946272732,0.07951901186202355,0.0
haptic_force_visual_motion,0.33,58,0.569859792966765,0.7390187385229822,8.36475837857265,0.6201854536211211,1.0,0.0,0.0,0.0,0.0,0.3397422091917335,0.02261285085175495,0.0,0.0031023618167538036,0.8494543324804036,0.7657873820353919,0.07958158278479062,0.0
haptic_force_visual_motion,0.33,59,0.5211257364850392,0.5783211408961815,9.790994034468774,0.3897725023564737,1.0,0.0,0.0,0.0,0.0,0.17765723848142154,0.011690479873718775,0.0,0.004827779113862234,0.8585481580076634,0.8112046266282642,0.07859044905588317,0.0
haptic_force_visual_motion,0.33,60,0.5529937695838616,0.5488117904142917,7.757456029994515,0.4062553849650396,1.0,0.0,0.0,0.0,0.0,0.4335959575944777,0.0329953238300458,0.0,0.007473707470982458,0.8574044582430076,0.8047023746688385,0.08141813998096421,0.0
haptic_force_visual_motion,0.33,61,0.6029069747575767,0.8228183209522202,8.029336763472726,0.33029486971911615,1.0,0.0,0.0,0.0,0.0,0.3288843893308833,0.022009363038444408,0.0,0.007124841721624849,0.8640884568028107,0.8377297445867561,0.08292347662523493,0.0
haptic_force_visual_motion,0.33,62,0.4348864708713128,0.7974322079305358,9.662625099467451,0.3772335499998992,1.0,0.0,0.0,0.0,0.0,0.1454803422883899,0.01145027710493693,0.0,0.006790332082265824,0.8625059867883896,0.8368466368706743,0.08090788614537685,0.0
haptic_force_visual_motion,0.33,63,0.4543338665306249,0.5927885990821147,9.306153407755783,0.48436401654795147,1.0,0.0,0.0,0.0,0.0,0.4253038120220417,0.030374628640221543,0.0,0.004057679675027572,0.8568813775772759,0.8080775248889923,0.08707334700918479,0.0
haptic_force_visual_motion,0.33,64,0.5995702637338878,0.7645707163577751,7.978535398423903,0.6900928889444498,1.0,0.0,0.0,0.0,0.0,0.2198886678518964,0.014787495010160258,1.0,0.0029759449791715337,0.8485785848387105,0.7576350086604837,0.07808238273884203,0.0
haptic_force_visual_motion,0.33,65,0.42762866468459004,0.6795485635416687,8.591739458274823,0.6870925709393121,1.0,0.0,0.0,0.0,0.0,0.14772022444958238,0.011834492414625409,1.0,0.004747501429334568,0.8493497991920327,0.7708061069963719,0.07856836163105974,0.0
haptic_force_visual_motion,0.33,66,0.5663890716964389,0.8012693386042457,8.104734093102799,0.5517733080156836,1.0,0.0,0.0,0.0,0.0,0.197809151947192,0.012813216441347065,0.0,0.0013860017232480246,0.8567912341314775,0.8049819669709258,0.07764856889321715,0.0
haptic_force_visual_motion,0.33,67,0.4666238340975593,0.5959996229662003,8.296397911955596,0.6379970716225427,1.0,0.0,0.0,0.0,0.0,0.27338462759113014,0.01605304191933943,1.0,0.008718113203642101,0.848564425974333,0.7662900762238581,0.08016255548493571,0.0
haptic_force_visual_motion,0.33,68,0.4410471006604044,0.6088840506556162,8.217175712387004,0.6215622061736032,1.0,0.0,0.0,0.0,0.0,0.16131935183818935,0.01180282247657353,0.0,0.005745851123374952,0.8531323719877575,0.7895567252264334,0.07884344952965895,0.0
haptic_force_visual_motion,0.33,69,0.6721194354035793,0.7689433681927613,6.752262154472389,0.595957785683372,1.0,0.0,0.0,0.0,0.0,0.4333726256744058,0.03284529871717571,0.0,0.00658880997041426,0.8526835734936665,0.7832699276151694,0.08365108342881106,0.0
haptic_force_visual_motion,0.33,70,0.656360523932488,0.547703210917749,7.046481652842425,0.3139535761198861,0.0,1.0,1.0,0.0,0.023694481893410488,0.8469542854430232,0.2527406607001827,0.0,0.01070677793279316,0.8648639864028611,0.8402292657885629,0.08022349796966234,0.2422002021202796
haptic_force_visual_motion,0.33,71,0.4397103439138954,0.8005548967765976,9.693521353599401,0.45123457742213985,1.0,0.0,0.0,0.0,0.0,0.17066010412915064,0.011699838693917297,0.0,0.0016364957802003596,0.8550774942046738,0.8020255666979834,0.07940488196985868,0.0
haptic_force_visual_motion,0.33,72,0.4063577558662668,0.8000743981230569,8.460704679349108,0.3921825187443647,1.0,0.0,0.0,0.0,0.0,0.31141181043543964,0.018856956187038865,0.0,0.0017509833899065593,0.8605170629665402,0.8307024931302073,0.07774795803279005,0.0
haptic_force_visual_motion,0.33,73,0.5801851246421366,0.8167463150991747,7.448378854560511,0.5249315034346742,1.0,0.0,0.0,0.0,0.0,0.45676692763814897,0.03790905000257481,0.0,0.0028393410038368744,0.8555638306963624,0.7946274431203856,0.07938021869171824,0.0
haptic_force_visual_motion,0.33,74,0.4125149871365339,0.7483537811169283,9.56761106999818,0.41568683887245855,1.0,0.0,0.0,0.0,0.0,0.5129517593536251,0.043628883279643024,0.0,0.0005200722522703177,0.8597541961413584,0.8243365620989221,0.08000114021648153,0.0
haptic_force_visual_motion,0.33,75,0.5286419434747395,0.7198315536683819,8.019885942965008,0.4253114477878949,1.0,0.0,0.0,0.0,0.0,0.4168043976832927,0.029089997348773645,0.0,0.004896866117865281,0.8563517612031162,0.8042458739853636,0.08241546707351813,0.0
haptic_force_visual_motion,0.33,76,0.5919631837325178,0.6836959167536023,9.216146569723724,0.6828708630941102,1.0,0.0,0.0,0.0,0.0,0.48313411688060237,0.04127134579601056,0.0,0.005568861175675627,0.8472139491792532,0.7534592320209293,0.08303480402140809,0.0
haptic_force_visual_motion,0.33,77,0.6727305390278329,0.5287338440697306,9.371752253996219,0.7223182574484928,0.0,0.0,1.0,0.0,0.0,0.4674324254818599,0.06557346459958946,1.0,0.008009848421849899,0.8474517229160506,0.7501986285484185,0.9046840565582315,0.0
haptic_force_visual_motion,0.33,78,0.4671132171352952,0.6498600020068842,8.214707261474748,0.48173778827294217,1.0,0.0,0.0,0.0,0.0,0.3657802241702687,0.025289435239574633,0.0,0.0024154144155739583,0.8566785776489914,0.8015763725506503,0.07792919014101371,0.0
haptic_force_visual_motion,0.33,79,0.5775331759924607,0.7739132345091311,9.786929303976459,0.451074152872436,1.0,0.0,0.0,0.0,0.0,0.38803858624600757,0.024544335227321672,0.0,0.00522613192435067,0.8552521524866499,0.8037598191969312,0.07984058943389997,0.0
haptic_force_visual_motion,0.33,80,0.4565855570425106,0.5649383572376242,8.337501770311126,0.4253774344139105,1.0,0.0,0.0,0.0,0.0,0.22438901063088476,0.013199880701427897,0.0,0.004213879977328469,0.8582608104770841,0.8121943316873492,0.08324853850335004,0.0
haptic_force_visual_motion,0.33,81,0.6076657656696406,0.6187240225218791,9.765779588259285,0.49046597647894324,1.0,0.0,0.0,0.0,0.0,0.11972039939462144,0.013040703483915426,0.0,0.005978669548523927,0.8548751723101744,0.7978354971327801,0.08279313823523517,0.0
haptic_force_visual_motion,0.33,82,0.5977656886751374,0.6499341101316756,8.468319059303038,0.36048079503201563,1.0,0.0,0.0,0.0,0.0,0.23578008359428337,0.01360891379344186,0.0,0.005025201608935107,0.858109654662387,0.8093843034030465,0.08554738983756514,0.0
haptic_force_visual_motion,0.33,83,0.5978418131492493,0.694444723150209,7.134904253596698,0.411697377751745,1.0,0.0,0.0,0.0,0.0,0.20811290422026008,0.012595539881590097,0.0,0.010670588355546325,0.8580114035301892,0.8187291415020334,0.08639360159393597,0.0
haptic_force_visual_motion,0.33,84,0.656245328393245,0.7955653357507909,9.246754736291837,0.3085306650636238,1.0,0.0,0.0,0.0,0.0,0.11752489971931988,0.01374435549114293,0.0,0.004718656078562814,0.8587024286121637,0.8128904121003263,0.08007850164859089,0.0
haptic_force_visual_motion,0.33,85,0.4182748473289179,0.7176966321407137,9.007549547171358,0.4392850244666487,1.0,0.0,0.0,0.0,0.0,0.4468524101834054,0.034384077105193464,0.0,0.0016768514536211587,0.8559696577901706,0.8012181281469226,0.08147237060533938,0.0
haptic_force_visual_motion,0.33,86,0.4411537082380414,0.8034244887813,9.190844143144918,0.55711865018731,1.0,0.0,0.0,0.0,0.0,0.2417171188468215,0.014264267303740578,0.0,0.0013213824455711987,0.8519445674166154,0.7888126765287733,0.07763098437244402,0.0
haptic_force_visual_motion,0.33,87,0.5709677563275487,0.6619508779339083,7.55838658901104,0.5807258402723035,1.0,0.0,0.0,0.0,0.0,0.26240117646359734,0.03239329003751201,0.0,0.004718507343932515,0.8494126399436084,0.7674750391008404,0.2129091222986503,0.0
haptic_force_visual_motion,0.33,88,0.5543661057788963,0.5763804247502009,7.169308236303801,0.2997129016659725,1.0,0.0,0.0,0.0,0.0,0.37394160472949406,0.02570820762265755,0.0,0.006421553156778476,0.8621194241438442,0.8259755391587351,0.07903013372034558,0.0
haptic_force_visual_motion,0.33,89,0.5807167510853384,0.5928244609756617,7.973016126858435,0.4378944667039111,1.0,0.0,0.0,0.0,0.0,0.11885102789916853,0.011510143543237693,0.0,0.005296649509638066,0.8580752789906725,0.808538494086196,0.07971448254026772,0.0
haptic_force_visual_motion,0.33,90,0.6514821275482503,0.5829057391068037,8.342873077076515,0.2896645069974286,1.0,0.0,0.0,0.0,0.0,0.7161731666895095,0.08618207715426142,0.0,0.010482516079923159,0.8624294686462051,0.8304499271498729,0.08016063895802618,0.0
haptic_force_visual_motion,0.33,91,0.5585541720978516,0.7946704100209349,9.195836866430954,0.6967467907636813,1.0,0.0,0.0,0.0,0.0,0.22706066610286352,0.01400661214385648,0.0,0.0013845550589044527,0.846990994045362,0.7584925832913972,0.08093436916437387,0.0
haptic_force_visual_motion,0.33,92,0.4413174800438746,0.6809837635346735,9.620661180050007,0.4872614997033351,1.0,0.0,0.0,0.0,0.0,0.22039828448574617,0.013140819592499397,0.0,0.0005596731827198241,0.8528596113074594,0.786834306302657,0.07975596113993144,0.0
haptic_force_visual_motion,0.33,93,0.6486067578168276,0.5684839961837725,7.543999775945771,0.4408496198678592,0.0,0.0,1.0,0.0,0.0,0.17856157759027144,0.01551152346923327,0.0,0.006881739974394972,0.8578384617860331,0.8064925180260822,0.16484490464370252,0.0
haptic_force_visual_motion,0.33,94,0.61651373848753,0.5406676469446485,8.564694031275312,0.29299426220085373,0.0,0.0,1.0,0.0,0.0,0.19739084287257458,0.01272036743715622,0.0,0.00956780751846022,0.8659098533715592,0.8440699393628416,0.07990471805895394,0.0
haptic_force_visual_motion,0.33,95,0.6480141940559441,0.8142655677092316,9.233987555605056,0.438482672406183,1.0,0.0,0.0,0.0,0.0,0.3561616025781253,0.02452886869971008,0.0,0.004537581700595977,0.8578981745873229,0.8058799250555132,0.07912074237653435,0.0
haptic_force_visual_motion,0.33,96,0.419887583275599,0.8256896580601132,7.309288711959581,0.5547346841947186,1.0,0.0,0.0,0.0,0.0,0.18731866642771716,0.012661026762809445,0.0,0.0021037343495890434,0.8506764849776898,0.7768158717810459,0.08121696411652346,0.0
haptic_force_visual_motion,0.33,97,0.5965641183155334,0.6374754853972611,8.437902091000787,0.6997398432158363,1.0,0.0,0.0,0.0,0.0,0.7866554177060913,0.10635129123886877,1.0,0.008439486789942541,0.8442728067524851,0.7388727659934912,0.07959005977114822,0.0
haptic_force_visual_motion,0.33,98,0.4403074999918846,0.8111593722675345,7.947360508953656,0.4395044070762246,1.0,0.0,0.0,0.0,0.0,0.5546818724473942,0.05313891846849584,0.0,0.0016960914260777287,0.8578530712141702,0.8083976399743039,0.07773300281538573,0.0
haptic_force_visual_motion,0.33,99,0.6038052789278029,0.7286048602616544,7.997744385496617,0.4044037746171426,1.0,0.0,0.0,0.0,0.0,0.1380195452395777,0.01665644751757767,0.0,0.0024507628837061803,0.8593548127890168,0.8182777456669488,0.07962360526099531,0.0
haptic_force_visual_motion,0.33,100,0.4448061442584106,0.6186674304598658,9.723413856605276,0.6094240344759273,1.0,0.0,0.0,0.0,0.0,0.4109878401197949,0.02955261568097475,0.0,0.003516674054676694,0.8514179160094186,0.7792693810745078,0.07823042476158207,0.0
haptic_force_visual_motion,0.33,101,0.4838839907517749,0.6740433530558787,8.050237145761532,0.5588303188807054,1.0,0.0,0.0,0.0,0.0,0.18923917780433078,0.012218050699471024,0.0,0.002882797610827245,0.8516563201833669,0.7798355507806259,0.07805690654763171,0.0
haptic_force_visual_motion,0.33,102,0.579644625980341,0.6236899214465501,9.602563119260283,0.5457397664910418,1.0,0.0,0.0,0.0,0.0,0.20484361085321898,0.02402120501215226,0.0,0.003601783396859552,0.8527063174769958,0.7822211177833241,0.10691851153831759,0.0
haptic_force_visual_motion,0.33,103,0.5496988534052083,0.540452876586249,7.972456918987925,0.512069618657147,0.0,0.0,1.0,0.0,0.0,0.11520366902100149,0.011928340512778017,0.0,0.0060760050626428004,0.858769378505185,0.8143791278625885,0.07893461463050225,0.0
haptic_force_visual_motion,0.33,104,0.6629643281696019,0.7858164864701815,9.444933331632363,0.36876231575315277,1.0,0.0,0.0,0.0,0.0,0.18003761030394277,0.022940197683812138,0.0,0.002319294758707607,0.8597537144978686,0.8255106819258184,0.08643034123195806,0.0
haptic_force_visual_motion,0.33,105,0.46580985500281585,0.6748063905576398,7.742598415939395,0.6651054084546896,1.0,0.0,0.0,0.0,0.0,0.15197284980899675,0.018538031066453756,0.0,0.005366811371996477,0.8503329106493771,0.7751209214727234,0.08082007341089367,0.0
haptic_force_visual_motion,0.33,106,0.5448288821257206,0.6787084849164283,7.698058176622251,0.29530954727954223,1.0,0.0,0.0,0.0,0.0,0.4419169486255486,0.03332217588550957,0.0,0.004030168222201626,0.8608017609060562,0.8215151844394282,0.07837124808791333,0.0
haptic_force_visual_motion,0.33,107,0.4898879401477682,0.6200479158438459,9.206001537960335,0.4791717787051548,1.0,0.0,0.0,0.0,0.0,0.1450921750709851,0.017362399962247664,0.0,0.004009361883564875,0.8560800527428748,0.7970094025465096,0.083119358948962,0.0
haptic_force_visual_motion,0.33,108,0.5015664517535476,0.7259867496159471,9.399490391949632,0.44286991786402863,1.0,0.0,0.0,0.0,0.0,0.4681827209159773,0.039894919795780866,0.0,0.00482885925734285,0.8627642349037513,0.8309702907401496,0.0785907462828958,0.0
haptic_force_visual_motion,0.33,109,0.5536302000988788,0.6904189663755643,9.548322657175273,0.3111543795834746,1.0,0.0,0.0,0.0,0.0,0.16466264774703293,0.01156739139305477,0.0,0.0059779432769014465,0.8661425359706314,0.8489048726905243,0.07890752686341072,0.0
haptic_force_visual_motion,0.33,110,0.6646977501994826,0.7262308075789292,6.672290955495698,0.6581994031180018,1.0,0.0,0.0,0.0,0.0,0.24834892265030709,0.015948079594008457,0.0,0.0052486071575443384,0.8503907870705993,0.7668148557526526,0.07870632770533986,0.0
haptic_force_visual_motion,0.33,111,0.5170851997567156,0.6552669986895139,8.49817209208221,0.5766039426952226,1.0,0.0,0.0,0.0,0.0,0.4778470057546424,0.038068874009871266,0.0,0.0061905028717298026,0.8514241578082048,0.7789921460652555,0.07896625330581378,0.0
haptic_force_visual_motion,0.33,112,0.6563761024433752,0.6748501964403204,7.984620985255438,0.34755149637787414,1.0,0.0,0.0,0.0,0.0,0.23107718680357728,0.02814688610500113,0.0,0.0040384542170636166,0.8622668496007293,0.8333175783115779,0.16831335914197995,0.0
haptic_force_visual_motion,0.33,113,0.6003359935578668,0.7330215969622045,8.048393396691479,0.5290224028973343,1.0,0.0,0.0,0.0,0.0,0.3128329032014461,0.020783618597080316,0.0,0.003920431095535941,0.8568976140476858,0.8005241274957228,0.08271201129377895,0.0
haptic_force_visual_motion,0.33,114,0.48712113824553666,0.529372462757136,7.547285593900027,0.729646390518494,0.0,0.0,1.0,0.0,0.0,0.11485585976651186,0.012430876231624812,1.0,0.005541622038758104,0.8483780867970487,0.7608512625323048,0.083228407276344,0.0
haptic_force_visual_motion,0.33,115,0.45229487245966205,0.7626531020508545,6.5683699912353255,0.6835664296253345,1.0,0.0,0.0,0.0,0.0,0.43803370641514877,0.03696242203896292,1.0,0.0008500287303003846,0.8518807159655954,0.7752953797862513,0.07750282753429866,0.0
haptic_force_visual_motion,0.33,116,0.4222251463610367,0.7666528175610878,6.804661173209892,0.4274871094471657,1.0,0.0,0.0,0.0,0.0,0.3475953879326079,0.023236677684925242,0.0,0.0006505927343449214,0.8569029825913552,0.8028537801035648,0.08040665698065004,0.0
haptic_force_visual_motion,0.33,117,0.5048737269031041,0.6618016791899293,6.972989668841185,0.6188052372189237,1.0,0.0,0.0,0.0,0.0,0.3174209424428083,0.03892669818737171,0.0,0.0007612773542329204,0.852524937456812,0.7815492607695204,0.43952143379366915,0.0
haptic_force_visual_motion,0.33,118,0.6145593619076924,0.8157537525109468,8.355370517663625,0.47612469698036264,1.0,0.0,0.0,0.0,0.0,0.11747778630701541,0.013751704107087502,0.0,0.0019517787093440815,0.8540067254065496,0.7933062490935161,0.07883828536786397,0.0
haptic_force_visual_motion,0.33,119,0.5884653474232295,0.7268158137080275,8.676501686058227,0.6259239115931869,1.0,0.0,0.0,0.0,0.0,0.22150626386296113,0.014811142505051455,1.0,0.004262622452373218,0.8499305030456671,0.7633918245600653,0.07843507378652029,0.0
haptic_force_visual_motion,0.33,120,0.41200880066189666,0.6666433420874349,7.18707436686394,0.45079903353806183,1.0,0.0,0.0,0.0,0.0,0.18533409850817117,0.011983627578296864,0.0,0.0015620661291163432,0.8585477660030767,0.8142856607120029,0.07881006667382624,0.0
haptic_force_visual_motion,0.33,121,0.5447681055943492,0.6557854139598613,9.389815492063649,0.3057582209689007,1.0,0.0,0.0,0.0,0.0,0.3156735068786575,0.01853232390457218,0.0,0.003917659307228777,0.8632957809360716,0.8392981535447878,0.07834037322590062,0.0
haptic_force_visual_motion,0.33,122,0.5211153227091669,0.6966912313456645,9.050511621628013,0.5144378774753634,1.0,0.0,0.0,0.0,0.0,0.31568566718372604,0.019041309079363147,0.0,0.003061186719183846,0.8527276532518657,0.7865123915582785,0.07810570337689984,0.0
haptic_force_visual_motion,0.33,123,0.47677976179067033,0.5974799053418386,6.983667407174205,0.31614487350283593,1.0,0.0,0.0,0.0,0.0,0.2302374991898078,0.02752662133196771,0.0,0.0013179685588477349,0.8638016195094907,0.840408315301853,0.207028849958386,0.0
haptic_force_visual_motion,0.33,124,0.5782383951825134,0.5570956533515437,9.743853575797733,0.41877899803397856,1.0,0.0,0.0,0.0,0.0,0.2276180838671251,0.013051048813592266,0.0,0.006898338936908078,0.8578845121483076,0.8120465472121242,0.07965681878992391,0.0
haptic_force_visual_motion,0.33,125,0.541750351061334,0.7565263816426047,8.351235084759812,0.7284037076601209,1.0,0.0,0.0,0.0,0.0,0.12431815819028907,0.014996038420750946,1.0,0.0019902459766215955,0.8437446836544007,0.737661878750579,0.07810991050219683,0.0
haptic_force_visual_motion,0.33,126,0.6176656620584253,0.7756538974776329,9.231845659359948,0.5722200693615959,1.0,0.0,0.0,0.0,0.0,0.15393167969533517,0.018595166295090646,0.0,0.001582140417115921,0.8521114992175307,0.7849892047312287,0.08017328119086593,0.0
haptic_force_visual_motion,0.33,127,0.43071670141604185,0.6271328730514325,8.573193092543898,0.6879107603272789,1.0,0.0,0.0,0.0,0.0,0.2499867062975538,0.015216328181957265,1.0,0.004194948716900157,0.8498446069301282,0.7721801384847075,0.07861813209574005,0.0
haptic_force_visual_motion,0.33,128,0.6045835739342462,0.8187062848837127,9.05099506501642,0.4324558579820822,1.0,0.0,0.0,0.0,0.0,0.1151887819900993,0.012368158416284485,0.0,0.005118416412006595,0.8584793560852904,0.8150965731467338,0.0786704618715617,0.0
haptic_force_visual_motion,0.33,129,0.6405025361349822,0.81140423346452,6.625380467762693,0.6450357338261079,1.0,0.0,0.0,0.0,0.0,0.3520346524338815,0.024747592180354636,0.0,0.0038266761127424874,0.8497880711131531,0.7651149682681482,0.07831541362336314,0.0
haptic_force_visual_motion,0.33,130,0.6421345683103694,0.7426845695692738,9.802224618223963,0.657883833421735,1.0,0.0,0.0,0.0,0.0,0.25921392016417527,0.016135713868047314,0.0,0.004285757638971796,0.8513574841889483,0.7757965745403741,0.08173113862351948,0.0
haptic_force_visual_motion,0.33,131,0.59828444145127,0.6180994741358281,9.360277381251318,0.36227110783872896,1.0,0.0,0.0,0.0,0.0,0.6414344680439659,0.07054009477872726,0.0,0.008063569866569774,0.8640319559361179,0.8396211949042155,0.07948547828844142,0.0
haptic_force_visual_motion,0.33,132,0.44619351827740256,0.6150224599873995,8.273718633450295,0.6917489091758529,1.0,0.0,0.0,0.0,0.0,0.12911081939702135,0.015603245831993694,0.0,0.0030960621758779282,0.8453918866242232,0.7465731755696143,0.08076864562805507,0.0
haptic_force_visual_motion,0.33,133,0.594932392464927,0.8248912686903189,6.755429381285592,0.337178153695807,1.0,0.0,0.0,0.0,0.0,0.24886230733078774,0.015438175398556376,0.0,0.003832999276305368,0.8626634981382418,0.8308659965062243,0.078317148034221,0.0
haptic_force_visual_motion,0.33,134,0.4210777710471359,0.5867609938376288,6.862823307163797,0.4322758916335875,1.0,0.0,0.0,0.0,0.0,0.46785791721596465,0.03843641891235304,0.0,0.003099730100157254,0.859728625091907,0.8164838753261027,0.081531443075211,0.0
haptic_force_visual_motion,0.33,135,0.5201394189157731,0.7391516637469889,9.661544542988542,0.697273354936911,1.0,0.0,0.0,0.0,0.0,0.18267128476281427,0.020848199560876687,1.0,0.0031411565107577976,0.8505998711663059,0.7740524276113135,0.08358146963234742,0.0
haptic_force_visual_motion,0.33,136,0.513977809618463,0.7429689279793369,9.040270373490738,0.45027129054024595,1.0,0.0,0.0,0.0,0.0,0.1931216637045294,0.012138248681970089,0.0,0.0050518380860952025,0.8534636514154932,0.7942117332930495,0.08292580311764215,0.0
haptic_force_visual_motion,0.33,137,0.478761032120681,0.5408582095068887,8.951407504356634,0.5964794759025087,0.0,0.0,1.0,0.0,0.0,1.198211458192221,0.25692353885718777,0.0,0.00899224292583097,0.847772868023139,0.7530637844749758,0.07974406689758537,0.0
haptic_force_visual_motion,0.33,138,0.566247901826078,0.7470026705115408,9.471385516892553,0.2993294601846806,1.0,0.0,0.0,0.0,0.0,0.3548411056560399,0.021617427328945026,0.0,0.0028204657968913913,0.8597806385903526,0.822656998315576,0.08072546733337962,0.0
haptic_force_visual_motion,0.33,139,0.5711585759264985,0.7916428981773835,9.611350292556,0.6353525325931637,1.0,0.0,0.0,0.0,0.0,0.528186913807514,0.05244822721066756,1.0,0.008127538511519499,0.855514823807202,0.790550529535892,0.07950326573372196,0.0
haptic_force_visual_motion,0.33,140,0.40952121744997755,0.537196810564468,8.503096059780074,0.5607830319720744,0.0,0.0,1.0,0.0,0.0,0.12462235332328103,0.01490976131006928,0.0,0.0030998343541243463,0.8525902985341237,0.7820060000018857,0.07925097870118997,0.0
haptic_force_visual_motion,0.33,141,0.5760813611133657,0.5594529457700151,8.063461850979914,0.5174628988723682,1.0,0.0,0.0,0.0,0.0,0.33580058441152294,0.022498280739067143,0.0,0.0073567607546292275,0.8569470317232268,0.8017721389594569,0.0799283920726115,0.0
haptic_force_visual_motion,0.33,142,0.669630730591832,0.6673952616017118,8.208657926997367,0.3497265652441558,1.0,0.0,0.0,0.0,0.0,0.1230952839992204,0.013411378580178938,0.0,0.0072947079855997885,0.861799125028862,0.8348038142916192,0.08270328408252224,0.0
haptic_force_visual_motion,0.33,143,0.6636664515310686,0.5932395329970263,9.42928948551133,0.7047733865539252,1.0,0.0,0.0,0.0,0.0,0.3784592029937025,0.026389935656057514,1.0,0.009616857878507249,0.8463658120072983,0.7510410521566583,0.07991842261684186,0.0
haptic_force_visual_motion,0.33,144,0.5770585417703271,0.7605994287815262,7.239731050573719,0.49748835802195535,1.0,0.0,0.0,0.0,0.0,0.26065173135126807,0.017078250148326084,0.0,0.004687766641854212,0.8587386803157677,0.8090915880197607,0.07855193001829919,0.0
haptic_force_visual_motion,0.33,145,0.5778609056721191,0.5371545959658224,7.568159195397747,0.7247529368806671,0.0,0.0,1.0,0.0,0.0,0.38609329079711646,0.028998036057194376,1.0,0.008822407954880212,0.846298043461424,0.746720578987258,0.0812608727994265,0.0
haptic_force_visual_motion,0.33,146,0.6405350001314285,0.7795663361322067,9.30432589053039,0.7102006728114401,1.0,0.0,0.0,0.0,0.0,0.1152762038347038,0.013206696596295111,0.0,0.002675673647417193,0.8461236302517074,0.7511738071793269,0.07800028455246755,0.0
haptic_force_visual_motion,0.33,147,0.5230387698205285,0.7883094660719616,8.157647846420614,0.6715590093915298,1.0,0.0,0.0,0.0,0.0,0.17307245704484883,0.012987248395831067,1.0,0.00593751379272873,0.853720021421834,0.786151792690409,0.07889636143564328,0.0
haptic_force_visual_motion,0.33,148,0.5498936482451292,0.8125171972869838,9.511517610586171,0.29066036019752506,1.0,0.0,0.0,0.0,0.0,0.21222747666274,0.01306154373881652,0.0,0.007601703270049311,0.8648075751698373,0.8458588589495991,0.07935715719080205,0.0
haptic_force_visual_motion,0.33,149,0.6486158218719271,0.6978011765490026,9.509781609345932,0.46397999876215373,1.0,0.0,0.0,0.0,0.0,0.12951564049853284,0.01331324056638822,0.0,0.0059639514827186275,0.8531707159849906,0.7930748905509954,0.07959430048737097,0.0
haptic_force_visual_motion,0.33,150,0.6319847968176795,0.7396209911990607,9.042021231324592,0.7000663941593079,1.0,0.0,0.0,0.0,0.0,0.5001088630122951,0.03985363035834383,1.0,0.010428374368636912,0.848531112811501,0.7695825690422246,0.08014547015813374,0.0
haptic_force_visual_motion,0.33,151,0.4274789975836999,0.7135446435689178,6.648385833020849,0.6487757180059299,1.0,0.0,0.0,0.0,0.0,0.11927522848319608,0.014209229478954031,0.0,0.004412095524480855,0.846371533145299,0.7536083438516524,0.07864297622518343,0.0
haptic_force_visual_motion,0.33,152,0.5295182658052635,0.5619728314778761,8.045636021937804,0.5620605967373122,1.0,0.0,0.0,0.0,0.0,0.4978507965638371,0.04242216711720873,0.0,0.006892800323253213,0.8539218109665075,0.7902774591753293,0.07916056984429917,0.0
haptic_force_visual_motion,0.33,153,0.676135653741087,0.7822979558350902,7.029083010206586,0.2957798968640713,1.0,0.0,0.0,0.0,0.0,0.2926800421953189,0.017739176570272328,0.0,0.004419132057091313,0.866914594545203,0.8538930764151128,0.08352334245071631,0.0
haptic_force_visual_motion,0.33,154,0.48509667829144937,0.706496661299298,8.686960833018244,0.4031219636021157,1.0,0.0,0.0,0.0,0.0,0.29836967545092435,0.019827927583276932,0.0,0.00738691685459687,0.8649045731764834,0.8406253836670363,0.08478637770402209,0.0
haptic_force_visual_motion,0.33,155,0.5882261840288456,0.5455453028338669,8.44797558648336,0.31636826196435086,0.0,0.0,1.0,0.0,0.0,0.1611007760954107,0.01100515777832157,0.0,0.007170038173186694,0.8622276240640665,0.8306683057080854,0.07923739819100101,0.0
haptic_force_visual_motion,0.33,156,0.42533071825053426,0.6447890905313316,8.381918166989527,0.5364430516742703,1.0,0.0,0.0,0.0,0.0,0.3299008140130176,0.02210866382366135,0.0,0.0012617137472312734,0.8569178756317406,0.8027090032541114,0.07761475026680385,0.0
haptic_force_visual_motion,0.33,157,0.4834704421324312,0.5479700568288063,7.161651772559676,0.7143244600856933,0.0,0.0,1.0,0.0,0.0,0.15719939466377222,0.011971520910825095,1.0,0.009248092293855793,0.8465570528553812,0.7541875128477865,0.08128262376485561,0.0
haptic_force_visual_motion,0.33,158,0.41210525545630694,0.6961479344840854,6.928925814116801,0.6880350497876868,1.0,0.0,0.0,0.0,0.0,0.12045025143179942,0.012349069878979282,1.0,0.001942482551268054,0.8482835021597561,0.7603938733022344,0.07780015226792,0.0
haptic_force_visual_motion,0.33,159,0.48919593476303663,0.6620973336472556,9.651898115116404,0.30232182809415814,1.0,0.0,0.0,0.0,0.0,0.2881645464422768,0.017459953809333066,0.0,0.004571169818930278,0.8643864420820787,0.8413549757550831,0.07851986607419137,0.0
haptic_force_visual_motion,0.33,160,0.6426859322515011,0.7018706278978982,9.406455339020383,0.3730454547786815,1.0,0.0,0.0,0.0,0.0,0.5546786884866123,0.05233572520212523,0.0,0.007153913615478893,0.8617400737133238,0.8267485583536961,0.07923292787638948,0.0
haptic_force_visual_motion,0.33,161,0.6313269151808459,0.5575675164967934,9.673474233317219,0.5537027482421523,1.0,0.0,0.0,0.0,0.0,0.7955527235200667,0.11272921785362418,0.0,0.011265856469383283,0.8568936812379802,0.8025349564999781,0.083233891051854,0.0
haptic_force_visual_motion,0.33,162,0.5135361053231984,0.7456527889718041,8.526146351722804,0.3956979775285031,1.0,0.0,0.0,0.0,0.0,0.2855499461750432,0.017021013634789067,0.0,0.0020798564295871442,0.8646718081930777,0.8473848608561806,0.07897945352065266,0.0
haptic_force_visual_motion,0.33,163,0.40957285551061035,0.7528714937916963,7.802954537935836,0.514367072862203,1.0,0.0,0.0,0.0,0.0,0.2527811437378427,0.015861240155210406,0.0,0.0017357699957534205,0.85516456137809,0.7946444732350866,0.08067202016326548,0.0
haptic_force_visual_motion,0.33,164,0.6083037139262434,0.7853234500488064,7.86427653706693,0.5575303835794991,1.0,0.0,0.0,0.0,0.0,0.63351057809724,0.06854364952271205,0.0,0.004981229899743909,0.856128724808452,0.8008801424153152,0.07867351016508514,0.0
haptic_force_visual_motion,0.33,165,0.51188090640448,0.7799206115770052,8.256827253869549,0.41025799775241933,1.0,0.0,0.0,0.0,0.0,0.24068683299930482,0.014283859014720648,0.0,0.0007415576040669595,0.8572517786993797,0.8076255489085018,0.07838689369337083,0.0
haptic_force_visual_motion,0.33,166,0.511799937758822,0.7905855811253608,6.839175143928161,0.29178646137809267,1.0,0.0,0.0,0.0,0.0,0.15157369121336872,0.011523629587481654,0.0,0.0036710052657096845,0.8628051364479529,0.8356852111942848,0.07930927194886035,0.0
haptic_force_visual_motion,0.33,167,0.5190529852251963,0.7962915286013926,8.182416691395918,0.5638974126409453,1.0,0.0,0.0,0.0,0.0,0.24553094936053652,0.014898429648798808,0.0,0.001220483840348132,0.855191256365555,0.7998041891571698,0.07760353463291332,0.0
haptic_force_visual_motion,0.33,168,0.39681316609787204,0.6364762711475627,9.515891026511284,0.47534091029790704,1.0,0.0,0.0,0.0,0.0,0.3554441048898572,0.024150285351545123,0.0,0.0025979991010219566,0.8581191645186459,0.809960237395838,0.0779790601632409,0.0
haptic_force_visual_motion,0.33,169,0.5168993417311125,0.5299470007918387,6.564506044887273,0.3170641651723769,0.0,0.0,1.0,0.0,0.0,0.6245499602715511,0.07029673855657873,0.0,0.007797102931697804,0.8634423088097004,0.8342416745973845,0.07941142225655884,0.0
haptic_force_visual_motion,0.33,170,0.3982060454092656,0.5478144866390798,8.310482775023136,0.5462268338455308,0.0,0.0,1.0,0.0,0.0,0.4367667996757129,0.033285215793589715,0.0,0.005068252349603813,0.8561154480894446,0.8014905575556605,0.07938106830576237,0.0
haptic_force_visual_motion,0.33,171,0.5981126534539237,0.6114621224545405,7.363938586381721,0.5579073245617645,1.0,0.0,0.0,0.0,0.0,0.11744292408906652,0.011586221046536747,0.0,0.005670222929181925,0.8557591570305865,0.7971963928124138,0.07882257994410491,0.0
haptic_force_visual_motion,0.33,172,0.43733740147324784,0.5770838476018995,9.481552554731207,0.3347347623470454,1.0,0.0,0.0,0.0,0.0,0.21946513540442708,0.012610421336190178,0.0,0.002411020140882072,0.8605058673163908,0.8265774661863518,0.07884607518315198,0.0
haptic_force_visual_motion,0.33,173,0.40830096925631687,0.7431043552587331,7.818116711601173,0.6981534615563869,1.0,0.0,0.0,0.0,0.0,0.13411207583995655,0.011698359674383374,0.0,0.0018297570480579862,0.8483810311861348,0.7657819469666892,0.07776942437860436,0.0
haptic_force_visual_motion,0.33,174,0.40847184162136785,0.6593247286029879,9.112155247995696,0.726193221482101,1.0,0.0,0.0,0.0,0.0,0.15135771910109425,0.011972769249435024,1.0,0.003939574357964898,0.8426675885538131,0.7362280169724926,0.07834638631344949,0.0
haptic_force_visual_motion,0.33,175,0.40099032258869616,0.6302016502499779,8.202239454594924,0.362915406974523,1.0,0.0,0.0,0.0,0.0,0.13235449328203952,0.012463593783272286,0.0,0.005266876816214958,0.8594971984354347,0.8249012945278223,0.07965699332086976,0.0
haptic_force_visual_motion,0.33,176,0.5426585648323914,0.6509687724888166,6.939174622547793,0.7301111031496839,1.0,0.0,0.0,0.0,0.0,0.35639099024342363,0.024461643732862942,1.0,0.006184871392889375,0.8484984925830701,0.762414868414097,0.07896469691300335,0.0
haptic_force_visual_motion,0.33,177,0.4597987619000432,0.5878317308373882,7.488493584328117,0.4575683447622755,1.0,0.0,0.0,0.0,0.0,0.4528797046275972,0.032010772280057394,0.0,0.010730247921147374,0.8563682882192192,0.8085986346557809,0.08023007904154843,0.0
haptic_force_visual_motion,0.33,178,0.4935361065030734,0.5256647695207387,7.563138960670514,0.5788108145079751,0.0,0.0,1.0,0.0,0.0,0.13518103721127472,0.011751059972281083,0.0,0.004799817063338654,0.8505123381566458,0.7669301676592905,0.07858275499451076,0.0
haptic_force_visual_motion,0.33,179,0.4456977007129589,0.665355648503798,6.630680752746097,0.34457195883477476,1.0,0.0,0.0,0.0,0.0,0.49938842129338445,0.0423282078329549,0.0,0.002235195519869721,0.8610573599192002,0.8242136939829952,0.08176803038228608,0.0
passive_noisy_force,0.33,0,0.47191573747767734,0.6142725282518562,7.104523183394882,0.36869215134119626,0.0,0.0,1.0,0.0,0.0,0.7130817173744759,0.4369057834818231,0.0,0.0019740058983057722,0.8622682268285147,0.8311089295746716,0.4981533031335003,0.0
passive_noisy_force,0.33,1,0.4274278916805623,0.5334247157222302,7.320103374482454,0.3657541363584143,0.0,0.0,1.0,0.0,0.0,0.7128870993915245,0.4074299424397456,0.0,0.00293085016027171,0.8621826437231673,0.8283535961269265,0.48765400019720473,0.0
passive_noisy_force,0.33,2,0.4969353941593452,0.8110278060832673,7.630757866959177,0.3745893010194493,1.0,0.0,0.0,0.0,0.0,0.6915333685800037,0.4166389435000882,0.0,0.00155549710959592,0.8578203752961251,0.8135615413696121,0.5545489206708931,0.0
passive_noisy_force,0.33,3,0.5609073674822526,0.7294904531755548,7.869081932465437,0.5245951064055737,1.0,0.0,0.0,0.0,0.0,0.8578906527651534,0.37309450429888674,0.0,0.003982459617078929,0.8555768321588512,0.7966314004195441,0.2578638938028377,0.0
passive_noisy_force,0.33,4,0.4824210528305489,0.5634755065407451,8.213978306768245,0.39419637314484235,0.0,0.0,1.0,0.0,0.0,0.6808631561638793,0.431342102133578,0.0,0.003895624578565895,0.8573183451958577,0.8073382536472844,0.5537624259081673,0.0
passive_noisy_force,0.33,5,0.41544995787370975,0.8150580419615716,6.79877238980899,0.4867484239262826,1.0,0.0,0.0,0.0,0.0,0.7822841610653911,0.35926714962281525,0.0,0.0016386204379619956,0.8540990147830915,0.7935055043057073,0.2941193162660011,0.0
passive_noisy_force,0.33,6,0.6039260663201342,0.6655216866474322,8.897500454639198,0.29164375091905187,1.0,0.0,0.0,0.0,0.0,0.7841803776003565,0.39906199207935067,0.0,0.005524965088044729,0.8658009351337942,0.8500082080245753,0.37926428832448505,0.0
passive_noisy_force,0.33,7,0.5588563586547931,0.5669924088086874,7.562226350950711,0.2974657432732786,0.0,0.0,1.0,0.0,0.0,0.7049215579588788,0.41525506524360695,0.0,0.006265927717061139,0.8655894332446389,0.849535240005071,0.45553793748233695,0.0
passive_noisy_force,0.33,8,0.6466378154771524,0.7956495277403499,7.082564302646785,0.43855733740983427,1.0,0.0,0.0,0.0,0.0,0.8150553997955674,0.35531717634158083,0.0,0.007693863691878452,0.862224427030689,0.8384763656021528,0.25608319635981625,0.0
passive_noisy_force,0.33,9,0.4964565013961616,0.7427848813610161,8.430739905042676,0.3232970766376386,1.0,0.0,0.0,0.0,0.0,0.7183409066629058,0.3884498761396719,0.0,0.0005143529371403323,0.8608546632884048,0.8292794054892381,0.4212893685283636,0.0
passive_noisy_force,0.33,10,0.6429814143725254,0.7499524549152284,7.244340997800614,0.5127175783344426,1.0,0.0,0.0,0.0,0.0,0.710703661560163,0.40202075910377455,0.0,0.003941969242579385,0.8584193395325462,0.8090145419226796,0.3819778925764211,0.0
passive_noisy_force,0.33,11,0.5266902491886789,0.7953370921664171,6.700381004460626,0.6667649361628757,1.0,0.0,0.0,0.0,0.0,0.7016627620152447,0.48797749100749027,1.0,0.011738628115199946,0.8496181606880162,0.781811230680124,0.7178830660290306,0.0
passive_noisy_force,0.33,12,0.5693264608231297,0.7180326209364387,7.800383285397249,0.38475657179221373,1.0,0.0,0.0,0.0,0.0,0.8538353849483261,0.34952013595180587,0.0,0.005558986473368258,0.8597077599744423,0.8219636446687736,0.25188082160228487,0.0
passive_noisy_force,0.33,13,0.5040981439609149,0.6674163256772692,7.828654165798424,0.4086673227335874,1.0,0.0,0.0,0.0,0.0,0.7641035462680926,0.3766189350301456,0.0,0.003051481705123962,0.8607046075742891,0.8228233284924026,0.32810405994868025,0.0
passive_noisy_force,0.33,14,0.6789936137404294,0.6127875821612284,7.276712432576425,0.6581192077014211,0.0,0.0,1.0,0.0,0.0,0.7471301463211598,0.3712081722138158,1.0,0.009944703121739574,0.85815460241673,0.8001840182850369,0.29891695236567245,0.0
passive_noisy_force,0.33,15,0.5813262512352686,0.7445798103964796,7.523775974139265,0.5984805923965164,1.0,0.0,0.0,0.0,0.0,0.8883272944925154,0.3716959760160568,0.0,0.004387835188104573,0.8551020522374593,0.794142993434053,0.24966304343448228,0.0
passive_noisy_force,0.33,16,0.4290248479706675,0.6283231168528791,9.042994627768072,0.49577326907398006,0.0,0.0,1.0,0.0,0.0,0.7262876525496176,0.351179116091281,0.0,0.00623039473768962,0.8610198041027659,0.8202123478619877,0.3498557313192044,0.0
passive_noisy_force,0.33,17,0.669757011379454,0.7719800260266896,6.544298750795175,0.3708826816051233,1.0,0.0,0.0,0.0,0.0,0.8782018602581602,0.36631552928031524,0.0,0.005762551209135724,0.8636338343640935,0.8328181245175407,0.21554392550317847,0.0
passive_noisy_force,0.33,18,0.45864953151405957,0.594949837616956,8.894398570285329,0.7127282073059238,0.0,0.0,1.0,0.0,0.0,0.6619679078857402,0.43798340743724146,1.0,0.0011889299259505387,0.8453558630330805,0.7435150459023134,0.6320837983063162,0.0
passive_noisy_force,0.33,19,0.6060401226664296,0.6855082312136435,6.764736832331063,0.5534454970690377,1.0,0.0,0.0,0.0,0.0,0.7059558744189794,0.3882824758642864,0.0,0.006987321685087311,0.854862829471195,0.7966583945375347,0.398145963640847,0.0
passive_noisy_force,0.33,20,0.4026628464260119,0.570699088470095,7.620286079345198,0.6765638572413142,0.0,0.0,1.0,0.0,0.0,0.6946003716336753,0.38849389886514407,1.0,0.006301377535170821,0.8492443188193891,0.7653911835459927,0.4219729554149677,0.0
passive_noisy_force,0.33,21,0.5688691768246774,0.7261565506942244,7.840588478608863,0.6310928259567499,1.0,0.0,0.0,0.0,0.0,0.7128242290064594,0.3742834906594233,1.0,0.004241929619297823,0.8526147448279521,0.7764925083920263,0.33448544100088423,0.0
passive_noisy_force,0.33,22,0.49441850847025803,0.8191294481953546,9.801685590590045,0.6299101632907627,1.0,0.0,0.0,0.0,0.0,0.6766417773752001,0.3915217716389187,0.0,0.002149357914242153,0.8465347394536804,0.7603180914754522,0.4385989716018279,0.0
passive_noisy_force,0.33,23,0.6020550795666142,0.7485593441270395,7.856041129086211,0.507778639127842,1.0,0.0,0.0,0.0,0.0,0.7967149007429362,0.37461974053155134,0.0,0.0039056665820469566,0.8580338362281907,0.8077592925803675,0.2763062754615761,0.0
passive_noisy_force,0.33,24,0.6471808489079229,0.7008319745047138,9.29772386293653,0.7062537525471762,1.0,0.0,0.0,0.0,0.0,0.6816267854508535,0.44125842196658455,1.0,0.004558325588888857,0.8490094305183579,0.7627448785168226,0.47784237329922,0.0
passive_noisy_force,0.33,25,0.58485140240088,0.6418695818616995,8.390308859910023,0.6090286116985769,1.0,0.0,0.0,0.0,0.0,0.707535138685995,0.41778611286390405,0.0,0.005589051676295029,0.8478020486614968,0.7580343751456123,0.3859379542722029,0.0
passive_noisy_force,0.33,26,0.6386037887086171,0.7373932567379646,9.064540533296608,0.5300743219312553,1.0,0.0,0.0,0.0,0.0,0.7710764867224217,0.3859410382209199,0.0,0.0049913817900813775,0.8517664985815113,0.7769641076399998,0.3259648952157933,0.0
passive_noisy_force,0.33,27,0.47023194072234575,0.5392336553778755,6.827197501119957,0.3279973938417582,0.0,0.0,1.0,0.0,0.0,0.7191557637944448,0.40015859920874736,0.0,0.005689278323034017,0.8627888821737189,0.8345922049118182,0.4687849503842689,0.0
passive_noisy_force,0.33,28,0.5637316541096126,0.5942995931082515,8.53904367918558,0.3485061624331475,0.0,0.0,1.0,0.0,0.0,0.7046065320358773,0.3935794070295774,0.0,0.006265235773549137,0.8601215563017979,0.8232701403571365,0.38456922969890633,0.0
passive_noisy_force,0.33,29,0.636528290113797,0.7211426565702804,8.197962054716234,0.3349046696336791,1.0,0.0,0.0,0.0,0.0,0.6924115859128476,0.4638379990744117,0.0,0.0031784082247578163,0.860840885657789,0.8260588779629303,0.572186794226089,0.0
passive_noisy_force,0.33,30,0.4298067985514771,0.7408178087897975,6.65130207509183,0.5772400997959526,1.0,0.0,0.0,0.0,0.0,0.9800149871911515,0.35867742372593586,0.0,0.0043072173923422875,0.8525071557885769,0.7829705890325719,0.21025247585581006,0.0
passive_noisy_force,0.33,31,0.5113173630865051,0.7311453864722834,8.506287115434867,0.5823093968357747,1.0,0.0,0.0,0.0,0.0,0.7786495338071071,0.3653632017493114,0.0,0.0037043949583804355,0.8499024416530034,0.7731487030982113,0.2658762414722992,0.0
passive_noisy_force,0.33,32,0.5888638821600873,0.7206144824513745,8.494747080132324,0.41596720577379354,1.0,0.0,0.0,0.0,0.0,0.6997596768710223,0.3805932254512531,0.0,0.007966905882015636,0.865214044425778,0.8417064539133363,0.3931864090160657,0.0
passive_noisy_force,0.33,33,0.5206674086300254,0.7212165806321454,8.19671280362059,0.4278458211434757,1.0,0.0,0.0,0.0,0.0,0.6958067515976725,0.42726930619819337,0.0,0.0007618675652510107,0.8573019525103149,0.8082491924768982,0.4915346936639192,0.0
passive_noisy_force,0.33,34,0.5443798130250108,0.6425451456251313,8.893883178424534,0.3960279291316281,1.0,0.0,0.0,0.0,0.0,0.7704691113454317,0.38645517062025714,0.0,0.004729649636136583,0.862374803204119,0.8303025146323258,0.33337537310886795,0.0
passive_noisy_force,0.33,35,0.6060264380479573,0.8151247809688088,6.812613436036632,0.3250782237513802,1.0,0.0,0.0,0.0,0.0,0.8070470051870104,0.36366692943698736,0.0,0.002924494274835917,0.861447827253947,0.8250442400762699,0.31488818418277015,0.0
passive_noisy_force,0.33,36,0.48100575977986704,0.6026209405363677,9.168640913904397,0.33177394668186366,0.0,0.0,1.0,0.0,0.0,0.8898473971553477,0.3779711801910231,0.0,0.004592625758445759,0.8626726443082658,0.8344082921577959,0.27546642603329097,0.0
passive_noisy_force,0.33,37,0.4543895780118972,0.5832138165668234,8.325329263434934,0.6630485589945115,0.0,0.0,1.0,0.0,0.0,0.6832311742274372,0.3758229634745256,1.0,0.00284883449990011,0.8507323553683954,0.7696313409611187,0.40357172057668,0.0
passive_noisy_force,0.33,38,0.665192732546515,0.5859041737131127,8.798887469164482,0.61343533570806,0.0,0.0,1.0,0.0,0.0,0.7648165956914837,0.402049310540239,0.0,0.01006327965664534,0.8505139496924908,0.769492550956511,0.2986317174795283,0.0
passive_noisy_force,0.33,39,0.5888696140112705,0.6669561030299744,9.400709430353345,0.4808145704312185,0.0,0.0,1.0,0.0,0.0,0.7243443796825685,0.5233314631384193,0.0,0.0022601185659039446,0.8568957616077684,0.8056761458852747,0.7503195270051586,0.0
passive_noisy_force,0.33,40,0.6380161847498841,0.7711792023720258,8.260352390792933,0.6050611338992173,1.0,0.0,0.0,0.0,0.0,0.7774618042805971,0.3831855623127137,0.0,0.005428251242629929,0.8514053342590001,0.7792644279949918,0.2727564259452817,0.0
passive_noisy_force,0.33,41,0.6556776749980981,0.5324073876928574,9.705505185769116,0.5469610505766938,0.0,0.0,1.0,0.0,0.0,0.7139220772908693,0.5052201140627041,0.0,0.010345705678643527,0.8542338979538662,0.797152737577546,0.6328041289232604,0.0
passive_noisy_force,0.33,42,0.5168252442592383,0.7106486705140802,9.079774940721139,0.4813627723601541,1.0,0.0,0.0,0.0,0.0,0.7460004519576264,0.38946700281420443,0.0,0.001987546994203664,0.8542059448396004,0.7914906459203497,0.3478992955905534,0.0
passive_noisy_force,0.33,43,0.593652434173662,0.7916174734294394,9.243339087695865,0.5558834371140071,1.0,0.0,0.0,0.0,0.0,0.727085480068973,0.40623639693923697,0.0,0.0022533160205170685,0.8529610217876761,0.7863994172488474,0.33565054119105764,0.0
passive_noisy_force,0.33,44,0.6653208100609652,0.5659329319880595,9.571488248802984,0.36538837896166076,0.0,0.0,1.0,0.0,0.0,0.7140217261818935,0.38936291171012494,0.0,0.010689861064101216,0.8599143244516272,0.8147736245761854,0.36484511084129895,0.0
passive_noisy_force,0.33,45,0.5474728490927466,0.7580876824010715,8.837230043226358,0.587846393010357,1.0,0.0,0.0,0.0,0.0,0.7702739546952846,0.38276574507052236,0.0,0.002332744844529621,0.8504166268085769,0.7718915895760085,0.32459205263643237,0.0
passive_noisy_force,0.33,46,0.6707769971808653,0.5518708542069753,8.07503568367233,0.5152902019908343,0.0,0.0,1.0,0.0,0.0,0.7320323097476338,0.38642321057425544,0.0,0.011679019180637368,0.854579183352116,0.7929377904553218,0.31157320647059045,0.0
passive_noisy_force,0.33,47,0.651308928594807,0.7950017643259057,9.651302308760188,0.5808105216641744,1.0,0.0,0.0,0.0,0.0,0.7004126565752844,0.4532821169789227,0.0,0.005954161657720926,0.8464236075102909,0.7587265126907978,0.4144192468934795,0.0
passive_noisy_force,0.33,48,0.6562437026035405,0.6688491852522831,8.566862960054332,0.3526267409430904,1.0,0.0,0.0,0.0,0.0,1.0964674762790523,0.36891249623090716,0.0,0.009530369400321873,0.8600829320823936,0.8192469710314538,0.15702615588230784,0.0
passive_noisy_force,0.33,49,0.501969234992062,0.5764950633336973,9.042158455149192,0.5934734455967308,0.0,0.0,1.0,0.0,0.0,0.662173440173605,0.3867427072866072,0.0,0.0045834519209660245,0.8538245309831027,0.7830567281805855,0.4005793461093799,0.0
passive_noisy_force,0.33,50,0.5233409371959262,0.6137836141264178,7.975586781937809,0.5478263350389156,0.0,0.0,1.0,0.0,0.0,0.7318080432043583,0.3770238303802981,0.0,0.004545495286824226,0.852889978159431,0.7806547350079576,0.32751408557884365,0.0
passive_noisy_force,0.33,51,0.48315363544885565,0.7279689230072086,9.685877256813614,0.5881489031282681,1.0,0.0,0.0,0.0,0.0,0.7355141875807576,0.3551896093968338,0.0,0.004695698578844024,0.8536764414778053,0.7870927777331335,0.3481917921911215,0.0
passive_noisy_force,0.33,52,0.4132789080115658,0.6821379499145764,9.364567968318331,0.42266961086357996,1.0,0.0,0.0,0.0,0.0,0.7973949330236277,0.3616191203056671,0.0,0.0007841658430923541,0.8582963148935974,0.8160102306550908,0.34417096331187197,0.0
passive_noisy_force,0.33,53,0.5846922423699678,0.7756060477464768,6.9658916455631035,0.6117064524548895,1.0,0.0,0.0,0.0,0.0,0.7584156625332716,0.3860975472531892,0.0,0.0035828579596958957,0.8543193548989839,0.7933902933622219,0.3259002599662089,0.0
passive_noisy_force,0.33,54,0.6521833891056954,0.726459526261434,6.602117899616137,0.44232381735604587,1.0,0.0,0.0,0.0,0.0,0.6791512269295583,0.44741809068577715,0.0,0.0042388607028873366,0.8588523288804866,0.8085583000186433,0.4936651050203025,0.0
passive_noisy_force,0.33,55,0.6618405910618895,0.5812853806397387,6.738435374647848,0.7010998569937266,0.0,1.0,1.0,0.0,0.01042935591106914,0.8064770749631414,0.37828335411832253,1.0,0.009309032441559301,0.8512082273132633,0.7682172815361177,0.3734503685390104,0.14659477583957836
passive_noisy_force,0.33,56,0.426047645659714,0.5632982281274646,7.819239441530845,0.39780199272831224,0.0,0.0,1.0,0.0,0.0,0.6995721444478188,0.40041750554527433,0.0,0.003534457701251685,0.8587248905907374,0.8153556950494677,0.49103299782699383,0.0
passive_noisy_force,0.33,57,0.43635332814585925,0.5669594092957406,7.668149169039886,0.397999759763286,0.0,0.0,1.0,0.0,0.0,0.7763463292447214,0.3771245543906335,0.0,0.003346616455520572,0.8597247410275022,0.8159018946272732,0.3430658220749715,0.0
passive_noisy_force,0.33,58,0.569859792966765,0.7390187385229822,8.36475837857265,0.6201854536211211,1.0,0.0,0.0,0.0,0.0,0.7439031327911234,0.38011337407351187,0.0,0.0031023618167538036,0.8494543324804036,0.7657873820353919,0.32703559298900503,0.0
passive_noisy_force,0.33,59,0.5211257364850392,0.5783211408961815,9.790994034468774,0.3897725023564737,0.0,0.0,1.0,0.0,0.0,0.6869966054890472,0.4200554404117057,0.0,0.004827779113862234,0.8585481580076634,0.8112046266282642,0.4771209589696945,0.0
passive_noisy_force,0.33,60,0.5529937695838616,0.5488117904142917,7.757456029994515,0.4062553849650396,0.0,0.0,1.0,0.0,0.0,0.7419715017314552,0.3910996861880062,0.0,0.007473707470982458,0.8574044582430076,0.8047023746688385,0.38048232418010525,0.0
passive_noisy_force,0.33,61,0.6029069747575767,0.8228183209522202,8.029336763472726,0.33029486971911615,1.0,0.0,0.0,0.0,0.0,0.7904078208714286,0.3730284190612202,0.0,0.007124841721624849,0.8640884568028107,0.8377297445867561,0.27470845058114557,0.0
passive_noisy_force,0.33,62,0.4348864708713128,0.7974322079305358,9.662625099467451,0.3772335499998992,1.0,0.0,0.0,0.0,0.0,0.7156326602786831,0.3725785703250937,0.0,0.006790332082265824,0.8625059867883896,0.8368466368706743,0.45582173774136836,0.0
passive_noisy_force,0.33,63,0.4543338665306249,0.5927885990821147,9.306153407755783,0.48436401654795147,0.0,0.0,1.0,0.0,0.0,0.7625817630975384,0.3559041383652243,0.0,0.004057679675027572,0.8568813775772759,0.8080775248889923,0.3518552576752419,0.0
passive_noisy_force,0.33,64,0.5995702637338878,0.7645707163577751,7.978535398423903,0.6900928889444498,1.0,0.0,0.0,0.0,0.0,0.6915569588115797,0.3983031599295754,1.0,0.0029759449791715337,0.8485785848387105,0.7576350086604837,0.32752160355049104,0.0
passive_noisy_force,0.33,65,0.42762866468459004,0.6795485635416687,8.591739458274823,0.6870925709393121,1.0,0.0,0.0,0.0,0.0,0.6687106701951417,0.3800629494987025,1.0,0.004747501429334568,0.8493497991920327,0.7708061069963719,0.4378423963150313,0.0
passive_noisy_force,0.33,66,0.5663890716964389,0.8012693386042457,8.104734093102799,0.5517733080156836,1.0,0.0,0.0,0.0,0.0,0.7307083263665015,0.3933780372807924,0.0,0.0013860017232480246,0.8567912341314775,0.8049819669709258,0.34044419880296034,0.0
passive_noisy_force,0.33,67,0.4666238340975593,0.5959996229662003,8.296397911955596,0.6379970716225427,0.0,0.0,1.0,0.0,0.0,0.679261275588635,0.37420439930458926,1.0,0.008718113203642101,0.848564425974333,0.7662900762238581,0.395857286708515,0.0
passive_noisy_force,0.33,68,0.4410471006604044,0.6088840506556162,8.217175712387004,0.6215622061736032,0.0,0.0,1.0,0.0,0.0,0.6677890814612019,0.3844456857187963,1.0,0.005745851123374952,0.8531323719877575,0.7895567252264334,0.424157974462649,0.0
passive_noisy_force,0.33,69,0.6721194354035793,0.7689433681927613,6.752262154472389,0.595957785683372,1.0,0.0,0.0,0.0,0.0,0.7916382053909806,0.38844313928716284,0.0,0.00658880997041426,0.8526835734936665,0.7832699276151694,0.2652208170265014,0.0
passive_noisy_force,0.33,70,0.656360523932488,0.547703210917749,7.046481652842425,0.3139535761198861,0.0,1.0,1.0,0.0,0.014767204433542085,0.8855711937030992,0.36632002529330304,0.0,0.01070677793279316,0.8648639864028611,0.8402292657885629,0.3678370420655574,0.17840146505359356
passive_noisy_force,0.33,71,0.4397103439138954,0.8005548967765976,9.693521353599401,0.45123457742213985,0.0,0.0,1.0,0.0,0.0,0.7117187829225919,0.3746289816608491,0.0,0.0016364957802003596,0.8550774942046738,0.8020255666979834,0.4456258253748922,0.0
passive_noisy_force,0.33,72,0.4063577558662668,0.8000743981230569,8.460704679349108,0.3921825187443647,1.0,0.0,0.0,0.0,0.0,0.8080622127665581,0.35863927416129227,0.0,0.0017509833899065593,0.8605170629665402,0.8307024931302073,0.35213882554151776,0.0
passive_noisy_force,0.33,73,0.5801851246421366,0.8167463150991747,7.448378854560511,0.5249315034346742,1.0,0.0,0.0,0.0,0.0,0.8278049519728589,0.357918792860113,0.0,0.0028393410038368744,0.8555638306963624,0.7946274431203856,0.25680829688713697,0.0
passive_noisy_force,0.33,74,0.4125149871365339,0.7483537811169283,9.56761106999818,0.41568683887245855,1.0,0.0,0.0,0.0,0.0,0.9074631449896419,0.35318244885488936,0.0,0.0005200722522703177,0.8597541961413584,0.8243365620989221,0.274511285651993,0.0
passive_noisy_force,0.33,75,0.5286419434747395,0.7198315536683819,8.019885942965008,0.4253114477878949,1.0,0.0,0.0,0.0,0.0,0.7908800284602845,0.35831303333034464,0.0,0.004896866117865281,0.8563517612031162,0.8042458739853636,0.32795844913609323,0.0
passive_noisy_force,0.33,76,0.5919631837325178,0.6836959167536023,9.216146569723724,0.6828708630941102,1.0,0.0,0.0,0.0,0.0,0.7995756216041973,0.3873931720245413,1.0,0.005568861175675627,0.8472139491792532,0.7534592320209293,0.2643048170802245,0.0
passive_noisy_force,0.33,77,0.6727305390278329,0.5287338440697306,9.371752253996219,0.7223182574484928,0.0,0.0,1.0,0.0,0.0,0.9421310268060641,0.7005469768035488,1.0,0.008009848421849899,0.8474517229160506,0.7501986285484185,0.9978901806799578,0.0
passive_noisy_force,0.33,78,0.4671132171352952,0.6498600020068842,8.214707261474748,0.48173778827294217,1.0,0.0,0.0,0.0,0.0,0.7739250437671803,0.36453265092104953,0.0,0.0024154144155739583,0.8566785776489914,0.8015763725506503,0.326970711974758,0.0
passive_noisy_force,0.33,79,0.5775331759924607,0.7739132345091311,9.786929303976459,0.451074152872436,1.0,0.0,0.0,0.0,0.0,0.7622574374106136,0.36940431175211935,0.0,0.00522613192435067,0.8552521524866499,0.8037598191969312,0.2685706064344366,0.0
passive_noisy_force,0.33,80,0.4565855570425106,0.5649383572376242,8.337501770311126,0.4253774344139105,0.0,0.0,1.0,0.0,0.0,0.7028304718055759,0.3979673650615012,0.0,0.004213879977328469,0.8582608104770841,0.8121943316873492,0.48808829042581453,0.0
passive_noisy_force,0.33,81,0.6076657656696406,0.6187240225218791,9.765779588259285,0.49046597647894324,0.0,0.0,1.0,0.0,0.0,0.6700424215863101,0.44502074138060616,0.0,0.005978669548523927,0.8548751723101744,0.7978354971327801,0.5724018910454267,0.0
passive_noisy_force,0.33,82,0.5977656886751374,0.6499341101316756,8.468319059303038,0.36048079503201563,1.0,0.0,0.0,0.0,0.0,0.7307052629712979,0.4227074824511697,0.0,0.005025201608935107,0.858109654662387,0.8093843034030465,0.4090086406640083,0.0
passive_noisy_force,0.33,83,0.5978418131492493,0.694444723150209,7.134904253596698,0.411697377751745,1.0,0.0,0.0,0.0,0.0,0.6841612313066452,0.41720432947671426,0.0,0.010670588355546325,0.8580114035301892,0.8187291415020334,0.41852260460561946,0.0
passive_noisy_force,0.33,84,0.656245328393245,0.7955653357507909,9.246754736291837,0.3085306650636238,1.0,0.0,0.0,0.0,0.0,0.6935789486477911,0.44129098522938637,0.0,0.004718656078562814,0.8587024286121637,0.8128904121003263,0.48999947952523465,0.0
passive_noisy_force,0.33,85,0.4182748473289179,0.7176966321407137,9.007549547171358,0.4392850244666487,1.0,0.0,0.0,0.0,0.0,0.8568338051670941,0.363739105069963,0.0,0.0016768514536211587,0.8559696577901706,0.8012181281469226,0.28968173021174326,0.0
passive_noisy_force,0.33,86,0.4411537082380414,0.8034244887813,9.190844143144918,0.55711865018731,1.0,0.0,0.0,0.0,0.0,0.7273694494819145,0.36202533298900974,0.0,0.0013213824455711987,0.8519445674166154,0.7888126765287733,0.35162065518000457,0.0
passive_noisy_force,0.33,87,0.5709677563275487,0.6619508779339083,7.55838658901104,0.5807258402723035,0.0,0.0,1.0,0.0,0.0,0.7129311978846921,0.5060924542536109,0.0,0.004718507343932515,0.8494126399436084,0.7674750391008404,0.7851680410011085,0.0
passive_noisy_force,0.33,88,0.5543661057788963,0.5763804247502009,7.169308236303801,0.2997129016659725,0.0,0.0,1.0,0.0,0.0,0.7377892706656665,0.38291902786947496,0.0,0.006421553156778476,0.8621194241438442,0.8259755391587351,0.3770012327352032,0.0
passive_noisy_force,0.33,89,0.5807167510853384,0.5928244609756617,7.973016126858435,0.4378944667039111,0.0,0.0,1.0,0.0,0.0,0.6950477677365412,0.46157278745852753,0.0,0.005296649509638066,0.8580752789906725,0.808538494086196,0.551703561146337,0.0
passive_noisy_force,0.33,90,0.6514821275482503,0.5829057391068037,8.342873077076515,0.2896645069974286,0.0,0.0,1.0,0.0,0.0,0.8905852058486584,0.3836083143340023,0.0,0.010482516079923159,0.8624294686462051,0.8304499271498729,0.24578308131224474,0.0
passive_noisy_force,0.33,91,0.5585541720978516,0.7946704100209349,9.195836866430954,0.6967467907636813,1.0,0.0,0.0,0.0,0.0,0.7191932928536601,0.39883788930096054,1.0,0.0013845550589044527,0.846990994045362,0.7584925832913972,0.3439281200960705,0.0
passive_noisy_force,0.33,92,0.4413174800438746,0.6809837635346735,9.620661180050007,0.4872614997033351,1.0,0.0,0.0,0.0,0.0,0.7228091968696071,0.3902619841723619,0.0,0.0005596731827198241,0.8528596113074594,0.786834306302657,0.4320658267762801,0.0
passive_noisy_force,0.33,93,0.6486067578168276,0.5684839961837725,7.543999775945771,0.4408496198678592,0.0,0.0,1.0,0.0,0.0,0.7209316916481588,0.5155815122592108,0.0,0.006881739974394972,0.8578384617860331,0.8064925180260822,0.841235027715071,0.0
passive_noisy_force,0.33,94,0.61651373848753,0.5406676469446485,8.564694031275312,0.29299426220085373,0.0,0.0,1.0,0.0,0.0,0.675368810786578,0.4308188970774804,0.0,0.00956780751846022,0.8659098533715592,0.8440699393628416,0.51631909274311,0.0
passive_noisy_force,0.33,95,0.6480141940559441,0.8142655677092316,9.233987555605056,0.438482672406183,1.0,0.0,0.0,0.0,0.0,0.7796473524908647,0.38220264649467794,0.0,0.004537581700595977,0.8578981745873229,0.8058799250555132,0.26050694301166494,0.0
passive_noisy_force,0.33,96,0.419887583275599,0.8256896580601132,7.309288711959581,0.5547346841947186,1.0,0.0,0.0,0.0,0.0,0.7213896549328367,0.36918953991304937,0.0,0.0021037343495890434,0.8506764849776898,0.7768158717810459,0.37831080406353473,0.0
passive_noisy_force,0.33,97,0.5965641183155334,0.6374754853972611,8.437902091000787,0.6997398432158363,1.0,0.0,0.0,0.0,0.0,0.9025153763411006,0.3683984444897779,1.0,0.008439486789942541,0.8442728067524851,0.7388727659934912,0.1985386200832583,0.0
passive_noisy_force,0.33,98,0.4403074999918846,0.8111593722675345,7.947360508953656,0.4395044070762246,1.0,0.0,0.0,0.0,0.0,0.9240466211278747,0.34527234717607874,0.0,0.0016960914260777287,0.8578530712141702,0.8083976399743039,0.22056756678868147,0.0
passive_noisy_force,0.33,99,0.6038052789278029,0.7286048602616544,7.997744385496617,0.4044037746171426,1.0,0.0,0.0,0.0,0.0,0.6897343986061009,0.45466682723623564,0.0,0.0024507628837061803,0.8593548127890168,0.8182777456669488,0.5708202418885429,0.0
passive_noisy_force,0.33,100,0.4448061442584106,0.6186674304598658,9.723413856605276,0.6094240344759273,0.0,0.0,1.0,0.0,0.0,0.7593658773696776,0.3581697744310807,0.0,0.003516674054676694,0.8514179160094186,0.7792693810745078,0.3277592370412531,0.0
passive_noisy_force,0.33,101,0.4838839907517749,0.6740433530558787,8.050237145761532,0.5588303188807054,1.0,0.0,0.0,0.0,0.0,0.7030539993698434,0.3951553092887566,0.0,0.002882797610827245,0.8516563201833669,0.7798355507806259,0.40857633105951924,0.0
passive_noisy_force,0.33,102,0.579644625980341,0.6236899214465501,9.602563119260283,0.5457397664910418,0.0,0.0,1.0,0.0,0.0,0.7079972233779757,0.5012023211895446,0.0,0.003601783396859552,0.8527063174769958,0.7822211177833241,0.6715519909519528,0.0
passive_noisy_force,0.33,103,0.5496988534052083,0.540452876586249,7.972456918987925,0.512069618657147,0.0,0.0,1.0,0.0,0.0,0.6829757680475509,0.45771727685083463,0.0,0.0060760050626428004,0.858769378505185,0.8143791278625885,0.5548311559925713,0.0
passive_noisy_force,0.33,104,0.6629643281696019,0.7858164864701815,9.444933331632363,0.36876231575315277,1.0,0.0,0.0,0.0,0.0,0.6820496858683751,0.46106508048213296,0.0,0.002319294758707607,0.8597537144978686,0.8255106819258184,0.5959838113500742,0.0
passive_noisy_force,0.33,105,0.46580985500281585,0.6748063905576398,7.742598415939395,0.6651054084546896,0.0,0.0,1.0,0.0,0.0,0.6564382978101881,0.42143067504467574,1.0,0.005366811371996477,0.8503329106493771,0.7751209214727234,0.5994497666844043,0.0
passive_noisy_force,0.33,106,0.5448288821257206,0.6787084849164283,7.698058176622251,0.29530954727954223,1.0,0.0,0.0,0.0,0.0,0.8216142861404973,0.36938530689282034,0.0,0.004030168222201626,0.8608017609060562,0.8215151844394282,0.31167495588090527,0.0
passive_noisy_force,0.33,107,0.4898879401477682,0.6200479158438459,9.206001537960335,0.4791717787051548,0.0,0.0,1.0,0.0,0.0,0.6581024072002388,0.42642437254321913,0.0,0.004009361883564875,0.8560800527428748,0.7970094025465096,0.5932104416550199,0.0
passive_noisy_force,0.33,108,0.5015664517535476,0.7259867496159471,9.399490391949632,0.44286991786402863,1.0,0.0,0.0,0.0,0.0,0.8311424884455949,0.34734120294703485,0.0,0.00482885925734285,0.8627642349037513,0.8309702907401496,0.2720709182884799,0.0
passive_noisy_force,0.33,109,0.5536302000988788,0.6904189663755643,9.548322657175273,0.3111543795834746,1.0,0.0,0.0,0.0,0.0,0.6995516513584704,0.39341548985234787,0.0,0.0059779432769014465,0.8661425359706314,0.8489048726905243,0.41491916359247233,0.0
passive_noisy_force,0.33,110,0.6646977501994826,0.7262308075789292,6.672290955495698,0.6581994031180018,1.0,0.0,0.0,0.0,0.0,0.7197752595035717,0.4237157558190466,1.0,0.0052486071575443384,0.8503907870705993,0.7668148557526526,0.31948862767030556,0.0
passive_noisy_force,0.33,111,0.5170851997567156,0.6552669986895139,8.49817209208221,0.5766039426952226,1.0,0.0,0.0,0.0,0.0,0.7773620465424558,0.35488303234072954,0.0,0.0061905028717298026,0.8514241578082048,0.7789921460652555,0.2644871442722391,0.0
passive_noisy_force,0.33,112,0.6563761024433752,0.6748501964403204,7.984620985255438,0.34755149637787414,0.0,0.0,1.0,0.0,0.0,0.7141582130224035,0.5099642858039483,0.0,0.0040384542170636166,0.8622668496007293,0.8333175783115779,0.6693582973442868,0.0
passive_noisy_force,0.33,113,0.6003359935578668,0.7330215969622045,8.048393396691479,0.5290224028973343,1.0,0.0,0.0,0.0,0.0,0.7327255220808181,0.37442666585601486,0.0,0.003920431095535941,0.8568976140476858,0.8005241274957228,0.33414371578705837,0.0
passive_noisy_force,0.33,114,0.48712113824553666,0.529372462757136,7.547285593900027,0.729646390518494,0.0,0.0,1.0,0.0,0.0,0.6726452919277293,0.4457154504747882,1.0,0.005541622038758104,0.8483780867970487,0.7608512625323048,0.5769864440337701,0.0
passive_noisy_force,0.33,115,0.45229487245966205,0.7626531020508545,6.5683699912353255,0.6835664296253345,1.0,0.0,0.0,0.0,0.0,0.8026059486303622,0.3405958959102348,1.0,0.0008500287303003846,0.8518807159655954,0.7752953797862513,0.26570847157531335,0.0
passive_noisy_force,0.33,116,0.4222251463610367,0.7666528175610878,6.804661173209892,0.4274871094471657,1.0,0.0,0.0,0.0,0.0,0.7929087855653949,0.351910856847073,0.0,0.0006505927343449214,0.8569029825913552,0.8028537801035648,0.3574319680261989,0.0
passive_noisy_force,0.33,117,0.5048737269031041,0.6618016791899293,6.972989668841185,0.6188052372189237,0.0,0.0,1.0,0.0,0.0,0.6987475435633582,0.4841539204218047,0.0,0.0007612773542329204,0.852524937456812,0.7815492607695204,0.7223598416127904,0.0
passive_noisy_force,0.33,118,0.6145593619076924,0.8157537525109468,8.355370517663625,0.47612469698036264,1.0,0.0,0.0,0.0,0.0,0.6916190580708208,0.43549669673093994,0.0,0.0019517787093440815,0.8540067254065496,0.7933062490935161,0.49537736368476254,0.0
passive_noisy_force,0.33,119,0.5884653474232295,0.7268158137080275,8.676501686058227,0.6259239115931869,1.0,0.0,0.0,0.0,0.0,0.6833813121053478,0.3981432456936536,1.0,0.004262622452373218,0.8499305030456671,0.7633918245600653,0.3814665190622054,0.0
passive_noisy_force,0.33,120,0.41200880066189666,0.6666433420874349,7.18707436686394,0.45079903353806183,1.0,0.0,0.0,0.0,0.0,0.7376305890690579,0.40013711809066294,0.0,0.0015620661291163432,0.8585477660030767,0.8142856607120029,0.4441766117969295,0.0
passive_noisy_force,0.33,121,0.5447681055943492,0.6557854139598613,9.389815492063649,0.3057582209689007,1.0,0.0,0.0,0.0,0.0,0.7433435491391618,0.3852982083277166,0.0,0.003917659307228777,0.8632957809360716,0.8392981535447878,0.39476672802767254,0.0
passive_noisy_force,0.33,122,0.5211153227091669,0.6966912313456645,9.050511621628013,0.5144378774753634,1.0,0.0,0.0,0.0,0.0,0.736791372404002,0.37410555012240954,0.0,0.003061186719183846,0.8527276532518657,0.7865123915582785,0.32869910078371456,0.0
passive_noisy_force,0.33,123,0.47677976179067033,0.5974799053418386,6.983667407174205,0.31614487350283593,0.0,0.0,1.0,0.0,0.0,0.7012656653744589,0.4863748194309678,0.0,0.0013179685588477349,0.8638016195094907,0.840408315301853,0.6729949165247866,0.0
passive_noisy_force,0.33,124,0.5782383951825134,0.5570956533515437,9.743853575797733,0.41877899803397856,0.0,0.0,1.0,0.0,0.0,0.6847605444678317,0.42172351652121653,0.0,0.006898338936908078,0.8578845121483076,0.8120465472121242,0.4525929374198297,0.0
passive_noisy_force,0.33,125,0.541750351061334,0.7565263816426047,8.351235084759812,0.7284037076601209,1.0,0.0,0.0,0.0,0.0,0.6696854093920646,0.43273755008312903,1.0,0.0019902459766215955,0.8437446836544007,0.737661878750579,0.5209258449582602,0.0
passive_noisy_force,0.33,126,0.6176656620584253,0.7756538974776329,9.231845659359948,0.5722200693615959,1.0,0.0,0.0,0.0,0.0,0.6988616353195007,0.4742607476001975,0.0,0.001582140417115921,0.8521114992175307,0.7849892047312287,0.5268667702583311,0.0
passive_noisy_force,0.33,127,0.43071670141604185,0.6271328730514325,8.573193092543898,0.6879107603272789,0.0,0.0,1.0,0.0,0.0,0.6981837830054914,0.37040230118742046,1.0,0.004194948716900157,0.8498446069301282,0.7721801384847075,0.4049280772534039,0.0
passive_noisy_force,0.33,128,0.6045835739342462,0.8187062848837127,9.05099506501642,0.4324558579820822,1.0,0.0,0.0,0.0,0.0,0.6949412842398501,0.420182595194095,0.0,0.005118416412006595,0.8584793560852904,0.8150965731467338,0.4250015364861401,0.0
passive_noisy_force,0.33,129,0.6405025361349822,0.81140423346452,6.625380467762693,0.6450357338261079,1.0,0.0,0.0,0.0,0.0,0.7732270238222604,0.3952336796666735,1.0,0.0038266761127424874,0.8497880711131531,0.7651149682681482,0.25774107942135893,0.0
passive_noisy_force,0.33,130,0.6421345683103694,0.7426845695692738,9.802224618223963,0.657883833421735,1.0,0.0,0.0,0.0,0.0,0.7268392147694417,0.4122454639655994,1.0,0.004285757638971796,0.8513574841889483,0.7757965745403741,0.33471442826787995,0.0
passive_noisy_force,0.33,131,0.59828444145127,0.6180994741358281,9.360277381251318,0.36227110783872896,1.0,0.0,0.0,0.0,0.0,0.8824485704778426,0.38200220276148555,0.0,0.008063569866569774,0.8640319559361179,0.8396211949042155,0.25605173283356236,0.0
passive_noisy_force,0.33,132,0.44619351827740256,0.6150224599873995,8.273718633450295,0.6917489091758529,0.0,0.0,1.0,0.0,0.0,0.6711869035422414,0.4371760748568352,1.0,0.0030960621758779282,0.8453918866242232,0.7465731755696143,0.5417924102875638,0.0
passive_noisy_force,0.33,133,0.594932392464927,0.8248912686903189,6.755429381285592,0.337178153695807,1.0,0.0,0.0,0.0,0.0,0.7432449224130128,0.37126161656095663,0.0,0.003832999276305368,0.8626634981382418,0.8308659965062243,0.3308979656802524,0.0
passive_noisy_force,0.33,134,0.4210777710471359,0.5867609938376288,6.862823307163797,0.4322758916335875,0.0,0.0,1.0,0.0,0.0,0.8470377254906196,0.38052107031502164,0.0,0.003099730100157254,0.859728625091907,0.8164838753261027,0.3361582925591394,0.0
passive_noisy_force,0.33,135,0.5201394189157731,0.7391516637469889,9.661544542988542,0.697273354936911,1.0,0.0,0.0,0.0,0.0,0.6650584609658543,0.4371277028268472,1.0,0.0031411565107577976,0.8505998711663059,0.7740524276113135,0.5524802676123746,0.0
passive_noisy_force,0.33,136,0.513977809618463,0.7429689279793369,9.040270373490738,0.45027129054024595,1.0,0.0,0.0,0.0,0.0,0.6856056064357305,0.37996671869725424,0.0,0.0050518380860952025,0.8534636514154932,0.7942117332930495,0.4225099063754009,0.0
passive_noisy_force,0.33,137,0.478761032120681,0.5408582095068887,8.951407504356634,0.5964794759025087,0.0,0.0,1.0,0.0,0.0,1.1285522661927767,0.36153418032241896,0.0,0.00899224292583097,0.847772868023139,0.7530637844749758,0.12670299229564982,0.0
passive_noisy_force,0.33,138,0.566247901826078,0.7470026705115408,9.471385516892553,0.2993294601846806,1.0,0.0,0.0,0.0,0.0,0.7869942927004155,0.3739628399849494,0.0,0.0028204657968913913,0.8597806385903526,0.822656998315576,0.32711698598894534,0.0
passive_noisy_force,0.33,139,0.5711585759264985,0.7916428981773835,9.611350292556,0.6353525325931637,1.0,0.0,0.0,0.0,0.0,0.811415674060093,0.3497719883967615,1.0,0.008127538511519499,0.855514823807202,0.790550529535892,0.25413427404232763,0.0
passive_noisy_force,0.33,140,0.40952121744997755,0.537196810564468,8.503096059780074,0.5607830319720744,0.0,0.0,1.0,0.0,0.0,0.6817868166756531,0.44789101225690636,0.0,0.0030998343541243463,0.8525902985341237,0.7820060000018857,0.5904630415749403,0.0
passive_noisy_force,0.33,141,0.5760813611133657,0.5594529457700151,8.063461850979914,0.5174628988723682,0.0,0.0,1.0,0.0,0.0,0.7165456569183283,0.4063915792088238,0.0,0.0073567607546292275,0.8569470317232268,0.8017721389594569,0.3789589077987829,0.0
passive_noisy_force,0.33,142,0.669630730591832,0.6673952616017118,8.208657926997367,0.3497265652441558,0.0,0.0,1.0,0.0,0.0,0.6848222538435448,0.45826669162547523,0.0,0.0072947079855997885,0.861799125028862,0.8348038142916192,0.49720112902974795,0.0
passive_noisy_force,0.33,143,0.6636664515310686,0.5932395329970263,9.42928948551133,0.7047733865539252,0.0,0.0,1.0,0.0,0.0,0.6980830865891046,0.41968110344425086,1.0,0.009616857878507249,0.8463658120072983,0.7510410521566583,0.3692490262678715,0.0
passive_noisy_force,0.33,144,0.5770585417703271,0.7605994287815262,7.239731050573719,0.49748835802195535,1.0,0.0,0.0,0.0,0.0,0.7234930498975518,0.3765723516230661,0.0,0.004687766641854212,0.8587386803157677,0.8090915880197607,0.32453599911493264,0.0
passive_noisy_force,0.33,145,0.5778609056721191,0.5371545959658224,7.568159195397747,0.7247529368806671,0.0,0.0,1.0,0.0,0.0,0.6971825996742443,0.4065557083766055,1.0,0.008822407954880212,0.846298043461424,0.746720578987258,0.3745896043413886,0.0
passive_noisy_force,0.33,146,0.6405350001314285,0.7795663361322067,9.30432589053039,0.7102006728114401,1.0,0.0,0.0,0.0,0.0,0.7003864632803,0.4662780405893948,1.0,0.002675673647417193,0.8461236302517074,0.7511738071793269,0.5019463122769265,0.0
passive_noisy_force,0.33,147,0.5230387698205285,0.7883094660719616,8.157647846420614,0.6715590093915298,1.0,0.0,0.0,0.0,0.0,0.684805656484029,0.38066709736613746,1.0,0.00593751379272873,0.853720021421834,0.786151792690409,0.3478579635806179,0.0
passive_noisy_force,0.33,148,0.5498936482451292,0.8125171972869838,9.511517610586171,0.29066036019752506,1.0,0.0,0.0,0.0,0.0,0.7437739821747935,0.37401299612152444,0.0,0.007601703270049311,0.8648075751698373,0.8458588589495991,0.34609654377016297,0.0
passive_noisy_force,0.33,149,0.6486158218719271,0.6978011765490026,9.509781609345932,0.46397999876215373,1.0,0.0,0.0,0.0,0.0,0.6799976637944255,0.45344153207934257,0.0,0.0059639514827186275,0.8531707159849906,0.7930748905509954,0.492545759508051,0.0
passive_noisy_force,0.33,150,0.6319847968176795,0.7396209911990607,9.042021231324592,0.7000663941593079,1.0,0.0,0.0,0.0,0.0,0.7708331176421797,0.3979716902805763,1.0,0.010428374368636912,0.848531112811501,0.7695825690422246,0.2523525327788903,0.0
passive_noisy_force,0.33,151,0.4274789975836999,0.7135446435689178,6.648385833020849,0.6487757180059299,1.0,0.0,0.0,0.0,0.0,0.6748625735832537,0.4135584316810065,0.0,0.004412095524480855,0.846371533145299,0.7536083438516524,0.5248854057483985,0.0
passive_noisy_force,0.33,152,0.5295182658052635,0.5619728314778761,8.045636021937804,0.5620605967373122,0.0,0.0,1.0,0.0,0.0,0.7569946467014191,0.3714202195537157,0.0,0.006892800323253213,0.8539218109665075,0.7902774591753293,0.31520369234958606,0.0
passive_noisy_force,0.33,153,0.676135653741087,0.7822979558350902,7.029083010206586,0.2957798968640713,1.0,0.0,0.0,0.0,0.0,0.7800696497823141,0.40231762093217044,0.0,0.004419132057091313,0.866914594545203,0.8538930764151128,0.34318132281901875,0.0
passive_noisy_force,0.33,154,0.48509667829144937,0.706496661299298,8.686960833018244,0.4031219636021157,1.0,0.0,0.0,0.0,0.0,0.7380851104964234,0.3543179533334584,0.0,0.00738691685459687,0.8649045731764834,0.8406253836670363,0.36768128049275334,0.0
passive_noisy_force,0.33,155,0.5882261840288456,0.5455453028338669,8.44797558648336,0.31636826196435086,0.0,0.0,1.0,0.0,0.0,0.7028255532899599,0.46240993563432653,0.0,0.007170038173186694,0.8622276240640665,0.8306683057080854,0.5312664398484578,0.0
passive_noisy_force,0.33,156,0.42533071825053426,0.6447890905313316,8.381918166989527,0.5364430516742703,1.0,0.0,0.0,0.0,0.0,0.7687564843181275,0.3686891930915254,0.0,0.0012617137472312734,0.8569178756317406,0.8027090032541114,0.3439009641533098,0.0
passive_noisy_force,0.33,157,0.4834704421324312,0.5479700568288063,7.161651772559676,0.7143244600856933,0.0,0.0,1.0,0.0,0.0,0.6575260082988401,0.4132028430246717,1.0,0.009248092293855793,0.8465570528553812,0.7541875128477865,0.48400181044260276,0.0
passive_noisy_force,0.33,158,0.41210525545630694,0.6961479344840854,6.928925814116801,0.6880350497876868,1.0,0.0,0.0,0.0,0.0,0.665442568202394,0.3846380554762479,1.0,0.001942482551268054,0.8482835021597561,0.7603938733022344,0.44432533827963344,0.0
passive_noisy_force,0.33,159,0.48919593476303663,0.6620973336472556,9.651898115116404,0.30232182809415814,1.0,0.0,0.0,0.0,0.0,0.7605280485012873,0.3753861826115411,0.0,0.004571169818930278,0.8643864420820787,0.8413549757550831,0.3433594019465944,0.0
passive_noisy_force,0.33,160,0.6426859322515011,0.7018706278978982,9.406455339020383,0.3730454547786815,1.0,0.0,0.0,0.0,0.0,0.8538888242886803,0.3677715946025939,0.0,0.007153913615478893,0.8617400737133238,0.8267485583536961,0.2508775919208697,0.0
passive_noisy_force,0.33,161,0.6313269151808459,0.5575675164967934,9.673474233317219,0.5537027482421523,0.0,0.0,1.0,0.0,0.0,0.8692278990382966,0.3700256318550511,0.0,0.011265856469383283,0.8568936812379802,0.8025349564999781,0.2512522945036405,0.0
passive_noisy_force,0.33,162,0.5135361053231984,0.7456527889718041,8.526146351722804,0.3956979775285031,1.0,0.0,0.0,0.0,0.0,0.7640156977338554,0.37235288538626915,0.0,0.0020798564295871442,0.8646718081930777,0.8473848608561806,0.35141241613713353,0.0
passive_noisy_force,0.33,163,0.40957285551061035,0.7528714937916963,7.802954537935836,0.514367072862203,1.0,0.0,0.0,0.0,0.0,0.7346129940361905,0.35543374645973436,0.0,0.0017357699957534205,0.85516456137809,0.7946444732350866,0.38091255905319815,0.0
passive_noisy_force,0.33,164,0.6083037139262434,0.7853234500488064,7.86427653706693,0.5575303835794991,1.0,0.0,0.0,0.0,0.0,0.9256596112955451,0.36133579306095764,0.0,0.004981229899743909,0.856128724808452,0.8008801424153152,0.20214087616912305,0.0
passive_noisy_force,0.33,165,0.51188090640448,0.7799206115770052,8.256827253869549,0.41025799775241933,1.0,0.0,0.0,0.0,0.0,0.7589812439342002,0.3863646195010472,0.0,0.0007415576040669595,0.8572517786993797,0.8076255489085018,0.3488375614260896,0.0
passive_noisy_force,0.33,166,0.511799937758822,0.7905855811253608,6.839175143928161,0.29178646137809267,1.0,0.0,0.0,0.0,0.0,0.7245773254187132,0.3851828078322662,0.0,0.0036710052657096845,0.8628051364479529,0.8356852111942848,0.41051288348132864,0.0
passive_noisy_force,0.33,167,0.5190529852251963,0.7962915286013926,8.182416691395918,0.5638974126409453,1.0,0.0,0.0,0.0,0.0,0.7447858165563452,0.37883513253393014,0.0,0.001220483840348132,0.855191256365555,0.7998041891571698,0.3400395275215224,0.0
passive_noisy_force,0.33,168,0.39681316609787204,0.6364762711475627,9.515891026511284,0.47534091029790704,1.0,0.0,0.0,0.0,0.0,0.7875357446197438,0.3672209693497172,0.0,0.0025979991010219566,0.8581191645186459,0.809960237395838,0.3498289496984749,0.0
passive_noisy_force,0.33,169,0.5168993417311125,0.5299470007918387,6.564506044887273,0.3170641651723769,0.0,0.0,1.0,0.0,0.0,0.8649568161176024,0.3797610558906743,0.0,0.007797102931697804,0.8634423088097004,0.8342416745973845,0.3082685696177046,0.0
passive_noisy_force,0.33,170,0.3982060454092656,0.5478144866390798,8.310482775023136,0.5462268338455308,0.0,0.0,1.0,0.0,0.0,0.7866262998890748,0.3626712952029309,0.0,0.005068252349603813,0.8561154480894446,0.8014905575556605,0.3335655278161324,0.0
passive_noisy_force,0.33,171,0.5981126534539237,0.6114621224545405,7.363938586381721,0.5579073245617645,0.0,0.0,1.0,0.0,0.0,0.6892161432765895,0.4574625000399739,0.0,0.005670222929181925,0.8557591570305865,0.7971963928124138,0.5470857501053997,0.0
passive_noisy_force,0.33,172,0.43733740147324784,0.5770838476018995,9.481552554731207,0.3347347623470454,0.0,0.0,1.0,0.0,0.0,0.7045981128809156,0.3878100215150023,0.0,0.002411020140882072,0.8605058673163908,0.8265774661863518,0.42326929440991945,0.0
passive_noisy_force,0.33,173,0.40830096925631687,0.7431043552587331,7.818116711601173,0.6981534615563869,1.0,0.0,0.0,0.0,0.0,0.69773056435202,0.3930085609514381,1.0,0.0018297570480579862,0.8483810311861348,0.7657819469666892,0.4400546724847798,0.0
passive_noisy_force,0.33,174,0.40847184162136785,0.6593247286029879,9.112155247995696,0.726193221482101,1.0,0.0,0.0,0.0,0.0,0.6723835775624925,0.38981934889360614,1.0,0.003939574357964898,0.8426675885538131,0.7362280169724926,0.43183854841167674,0.0
passive_noisy_force,0.33,175,0.40099032258869616,0.6302016502499779,8.202239454594924,0.362915406974523,0.0,0.0,1.0,0.0,0.0,0.6676753496701104,0.38111645014516066,0.0,0.005266876816214958,0.8594971984354347,0.8249012945278223,0.5172846677076147,0.0
passive_noisy_force,0.33,176,0.5426585648323914,0.6509687724888166,6.939174622547793,0.7301111031496839,1.0,0.0,0.0,0.0,0.0,0.7244453920828042,0.3782611809783546,1.0,0.006184871392889375,0.8484984925830701,0.762414868414097,0.32030801493728744,0.0
passive_noisy_force,0.33,177,0.4597987619000432,0.5878317308373882,7.488493584328117,0.4575683447622755,0.0,0.0,1.0,0.0,0.0,0.7377922993561805,0.3516362487106272,0.0,0.010730247921147374,0.8563682882192192,0.8085986346557809,0.32679746129611437,0.0
passive_noisy_force,0.33,178,0.4935361065030734,0.5256647695207387,7.563138960670514,0.5788108145079751,0.0,0.0,1.0,0.0,0.0,0.6575528584745844,0.4216438295790073,0.0,0.004799817063338654,0.8505123381566458,0.7669301676592905,0.5455316717978439,0.0
passive_noisy_force,0.33,179,0.4456977007129589,0.665355648503798,6.630680752746097,0.34457195883477476,1.0,0.0,0.0,0.0,0.0,0.8902776908031734,0.3733227540061461,0.0,0.002235195519869721,0.8610573599192002,0.8242136939829952,0.2816752429498659,0.0
haptic_force_rich,0.33,0,0.47191573747767734,0.6142725282518562,7.104523183394882,0.36869215134119626,1.0,0.0,0.0,0.0,0.0,0.12139770709767382,0.011398359495875268,0.0,0.0005800130665695317,0.9712572865717268,0.8792389828710105,0.07742950003424949,0.0
haptic_force_rich,0.33,1,0.4274278916805623,0.5334247157222302,7.320103374482454,0.3657541363584143,0.0,0.0,1.0,0.0,0.0,0.20471527606674425,0.012704079422465998,0.0,0.0008549426008942057,0.9704989770401751,0.8735361969694667,0.07968954754655856,0.0
haptic_force_rich,0.33,2,0.4969353941593452,0.8110278060832673,7.630757866959177,0.3745893010194493,1.0,0.0,0.0,0.0,0.0,0.12534287254620588,0.015138614446848232,0.0,0.0004443589123777957,0.966010926205033,0.8501260743387654,0.09041854219954085,0.0
haptic_force_rich,0.33,3,0.5609073674822526,0.7294904531755548,7.869081932465437,0.5245951064055737,1.0,0.0,0.0,0.0,0.0,0.5110437966326186,0.045426157228164024,0.0,0.0011582070919147487,0.9612037739866756,0.8224027847701043,0.07758659651131433,0.0
haptic_force_rich,0.33,4,0.4824210528305489,0.5634755065407451,8.213978306768245,0.39419637314484235,1.0,0.0,0.0,0.0,0.0,0.12192452237535356,0.012034602434388706,0.0,0.0011353985035595221,0.964016599652569,0.8396312481570158,0.07866529348133974,0.0
haptic_force_rich,0.33,5,0.41544995787370975,0.8150580419615716,6.79877238980899,0.4867484239262826,1.0,0.0,0.0,0.0,0.0,0.28524489581955337,0.01791919358918018,0.0,0.0004637037735532228,0.9603093702285784,0.815775946124898,0.07739793378944755,0.0
haptic_force_rich,0.33,6,0.6039260663201342,0.6655216866474322,8.897500454639198,0.29164375091905187,1.0,0.0,0.0,0.0,0.0,0.37567223746961115,0.02503222885171976,0.0,0.0016015424128360944,0.9763178375753644,0.9117106010614127,0.07770724928207197,0.0
haptic_force_rich,0.33,7,0.5588563586547931,0.5669924088086874,7.562226350950711,0.2974657432732786,1.0,0.0,0.0,0.0,0.0,0.23213113958289863,0.013284859507907167,0.0,0.0018159607328661353,0.976009805958796,0.910384701841623,0.07776566439897464,0.0
haptic_force_rich,0.33,8,0.6466378154771524,0.7956495277403499,7.082564302646785,0.43855733740983427,1.0,0.0,0.0,0.0,0.0,0.5255014530723532,0.043651413919436464,0.0,0.002244866686237745,0.9716697306505248,0.889992079568918,0.07845975998827827,0.0
haptic_force_rich,0.33,9,0.4964565013961616,0.7427848813610161,8.430739905042676,0.3232970766376386,1.0,0.0,0.0,0.0,0.0,0.1718256980421649,0.011428980849251556,0.0,0.00015792698513006665,0.9700988381180147,0.87598895954256,0.07731500245617086,0.0
haptic_force_rich,0.33,10,0.6429814143725254,0.7499524549152284,7.244340997800614,0.5127175783344426,1.0,0.0,0.0,0.0,0.0,0.20670755818785308,0.013309092260102262,0.0,0.0011458566727115976,0.96479293029536,0.8412574014511349,0.07758323782850132,0.0
haptic_force_rich,0.33,11,0.5266902491886789,0.7953370921664171,6.700381004460626,0.6667649361628757,1.0,0.0,0.0,0.0,0.0,0.2688586544830501,0.03721247248670806,1.0,0.003423151714389584,0.9549534519880855,0.7946906550620677,0.2332484109440891,0.0
haptic_force_rich,0.33,12,0.5693264608231297,0.7180326209364387,7.800383285397249,0.38475657179221373,1.0,0.0,0.0,0.0,0.0,0.55657930735138,0.04951821730959909,0.0,0.0016171839945662552,0.9676465957677685,0.8635504754134572,0.07771150924183207,0.0
haptic_force_rich,0.33,13,0.5040981439609149,0.6674163256772692,7.828654165798424,0.4086673227335874,1.0,0.0,0.0,0.0,0.0,0.30214422225660253,0.01891908879365957,0.0,0.0008902268189854896,0.9686839055238616,0.8646927917517238,0.07751374947010985,0.0
haptic_force_rich,0.33,14,0.6789936137404294,0.6127875821612284,7.276712432576425,0.6581192077014211,1.0,0.0,0.0,0.0,0.0,0.5642465949581403,0.0741774325332962,1.0,0.002875107429310613,0.9625371715838786,0.8242285952842716,0.07805480359115931,0.0
haptic_force_rich,0.33,15,0.5813262512352686,0.7445798103964796,7.523775974139265,0.5984805923965164,1.0,0.0,0.0,0.0,0.0,0.5632011820589031,0.0558361797772225,0.0,0.0012746875778364367,0.9604372695612581,0.8183516179567306,0.07864108385501285,0.0
haptic_force_rich,0.33,16,0.4290248479706675,0.6283231168528791,9.042994627768072,0.49577326907398006,1.0,0.0,0.0,0.0,0.0,0.31112221618104025,0.021311871272885672,0.0,0.0018170260920744212,0.9680985848641794,0.856809216434831,0.07778451618427538,0.0
haptic_force_rich,0.33,17,0.669757011379454,0.7719800260266896,6.544298750795175,0.3708826816051233,1.0,0.0,0.0,0.0,0.0,0.5366239729799914,0.05065558572788264,0.0,0.0016701582648493436,0.9717127043904151,0.8801865749869815,0.08292262259010082,0.0
haptic_force_rich,0.33,18,0.45864953151405957,0.594949837616956,8.894398570285329,0.7127282073059238,1.0,0.0,0.0,0.0,0.0,0.16620219098470487,0.019698211084690408,1.0,0.00035346840843604986,0.9458841956319239,0.7312247929933441,0.08782197536679934,0.0
haptic_force_rich,0.33,19,0.6060401226664296,0.6855082312136435,6.764736832331063,0.5534454970690377,1.0,0.0,0.0,0.0,0.0,0.29136028810622555,0.01738064333513062,0.0,0.002037140966904576,0.9604194847900038,0.821441526219348,0.08480830991195826,0.0
haptic_force_rich,0.33,20,0.4026628464260119,0.570699088470095,7.620286079345198,0.6765638572413142,1.0,0.0,0.0,0.0,0.0,0.20935379663844994,0.013330907710755503,0.0,0.0018376536522213122,0.9521458674525389,0.7693271202289307,0.07777157655502417,0.0
haptic_force_rich,0.33,21,0.5688691768246774,0.7261565506942244,7.840588478608863,0.6310928259567499,1.0,0.0,0.0,0.0,0.0,0.31436430327240955,0.022000065155570358,1.0,0.001235279085696655,0.9554812513433409,0.7842845208875089,0.08301043036881622,0.0
haptic_force_rich,0.33,22,0.49441850847025803,0.8191294481953546,9.801685590590045,0.6299101632907627,1.0,0.0,0.0,0.0,0.0,0.1414319526413125,0.012050848001092684,0.0,0.0006245494629446363,0.9498723568957327,0.761350428223838,0.08167075397655553,0.0
haptic_force_rich,0.33,23,0.6020550795666142,0.7485593441270395,7.856041129086211,0.507778639127842,1.0,0.0,0.0,0.0,0.0,0.39435037820962826,0.029114973161854126,0.0,0.0011354021060089737,0.9644271094600309,0.8398177997835578,0.08285666794778686,0.0
haptic_force_rich,0.33,24,0.6471808489079229,0.7008319745047138,9.29772386293653,0.7062537525471762,1.0,0.0,0.0,0.0,0.0,0.1328275681974517,0.011568614442869751,1.0,0.0013232990051511332,0.9512534325492038,0.765302111304942,0.07814062140313495,0.0
haptic_force_rich,0.33,25,0.58485140240088,0.6418695818616995,8.390308859910023,0.6090286116985769,1.0,0.0,0.0,0.0,0.0,0.2556945065197453,0.015229923570094804,0.0,0.0016233828249981692,0.9497993456085058,0.7583451231281165,0.07892855975509348,0.0
haptic_force_rich,0.33,26,0.6386037887086171,0.7373932567379646,9.064540533296608,0.5300743219312553,1.0,0.0,0.0,0.0,0.0,0.41251087653273955,0.030160175611264495,0.0,0.0014479247642017522,0.9554371815238307,0.7897721913625572,0.08243128144547075,0.0
haptic_force_rich,0.33,27,0.47023194072234575,0.5392336553778755,6.827197501119957,0.3279973938417582,0.0,0.0,1.0,0.0,0.0,0.27664035868178727,0.015970564563844384,0.0,0.0016551344307702746,0.971894027679459,0.8848545311498247,0.07894254594633776,0.0
haptic_force_rich,0.33,28,0.5637316541096126,0.5942995931082515,8.53904367918558,0.3485061624331475,1.0,0.0,0.0,0.0,0.0,0.2867070816730814,0.016165979356408098,0.0,0.0018177250381597268,0.9681087817522582,0.8662365466498764,0.07776614522474642,0.0
haptic_force_rich,0.33,29,0.636528290113797,0.7211426565702804,8.197962054716234,0.3349046696336791,1.0,0.0,0.0,0.0,0.0,0.14248484830447827,0.017462184933882116,0.0,0.0009267349984348074,0.9693410891416482,0.8710380149948501,0.07971639045273873,0.0
haptic_force_rich,0.33,30,0.4298067985514771,0.7408178087897975,6.65130207509183,0.5772400997959526,1.0,0.0,0.0,0.0,0.0,0.6803965525651725,0.07860688178464262,0.0,0.0012561785231124437,0.9571219553284526,0.7988651599004212,0.07761324445200173,0.0
haptic_force_rich,0.33,31,0.5113173630865051,0.7311453864722834,8.506287115434867,0.5823093968357747,1.0,0.0,0.0,0.0,0.0,0.39992584203418147,0.027623689338745615,0.0,0.0010803851125918353,0.9537149162635763,0.7826233459646251,0.07756543513431577,0.0
haptic_force_rich,0.33,32,0.5888638821600873,0.7206144824513745,8.494747080132324,0.41596720577379354,1.0,0.0,0.0,0.0,0.0,0.20975899317624958,0.013885917311768857,0.0,0.002323047706698614,0.9741809784165524,0.8931479220295478,0.0779039728073441,0.0
haptic_force_rich,0.33,33,0.5206674086300254,0.7212165806321454,8.19671280362059,0.4278458211434757,1.0,0.0,0.0,0.0,0.0,0.1152624080545986,0.013210195198173272,0.0,0.00023082191644260128,0.9645062598697455,0.8412688599821078,0.07747721119653818,0.0
haptic_force_rich,0.33,34,0.5443798130250108,0.6425451456251313,8.893883178424534,0.3960279291316281,1.0,0.0,0.0,0.0,0.0,0.3747574187041809,0.026137927983389878,0.0,0.0013732352699882893,0.9709045316242834,0.8777746182576834,0.07764509453303181,0.0
haptic_force_rich,0.33,35,0.6060264380479573,0.8151247809688088,6.812613436036632,0.3250782237513802,1.0,0.0,0.0,0.0,0.0,0.38720712397756385,0.027074554983331518,0.0,0.0008531484590603511,0.9694652374529514,0.867824213817428,0.07750367512307905,0.0
haptic_force_rich,0.33,36,0.48100575977986704,0.6026209405363677,9.168640913904397,0.33177394668186366,1.0,0.0,0.0,0.0,0.0,0.5787831574278377,0.055467071570620044,0.0,0.00133304368510958,0.9718304312957716,0.8854796201175967,0.08152225815791359,0.0
haptic_force_rich,0.33,37,0.4543895780118972,0.5832138165668234,8.325329263434934,0.6630485589945115,1.0,0.0,0.0,0.0,0.0,0.2546061185013836,0.016355603946041554,1.0,0.0008312254079081563,0.9535113806296733,0.7752245662430426,0.07749771910168306,0.0
haptic_force_rich,0.33,38,0.665192732546515,0.5859041737131127,8.798887469164482,0.61343533570806,1.0,0.0,0.0,0.0,0.0,0.5424678289474557,0.05157361356510007,0.0,0.002907276031959682,0.9533010898387612,0.779042890146749,0.07806360076014521,0.0
haptic_force_rich,0.33,39,0.5888696140112705,0.6669561030299744,9.400709430353345,0.4808145704312185,1.0,0.0,0.0,0.0,0.0,0.2957505079907449,0.03632720724152017,0.0,0.0006618747702521261,0.9636659838675629,0.8375457749180769,0.319663748987623,0.0
haptic_force_rich,0.33,40,0.6380161847498841,0.7711792023720258,8.260352390792933,0.6050611338992173,1.0,0.0,0.0,0.0,0.0,0.416145269821903,0.02990831192097789,0.0,0.0015789934939528937,0.9554137172411116,0.7929032914167374,0.0840408490736211,0.0
haptic_force_rich,0.33,41,0.6556776749980981,0.5324073876928574,9.705505185769116,0.5469610505766938,0.0,0.0,1.0,0.0,0.0,0.12603218642390418,0.012688072006852213,0.0,0.002994638806224281,0.9597986685799476,0.8232236286795339,0.07964156292832884,0.0
haptic_force_rich,0.33,42,0.5168252442592383,0.7106486705140802,9.079774940721139,0.4813627723601541,1.0,0.0,0.0,0.0,0.0,0.2713903559168404,0.016203543355507076,0.0,0.0005834027201083149,0.9596048795298179,0.8135232618274755,0.08018269184597407,0.0
haptic_force_rich,0.33,43,0.593652434173662,0.7916174734294394,9.243339087695865,0.5558834371140071,1.0,0.0,0.0,0.0,0.0,0.2055024347006278,0.012851920673204564,0.0,0.0006600313758358945,0.9579916565835214,0.805306447508915,0.07745122378389034,0.0
haptic_force_rich,0.33,44,0.6653208100609652,0.5659329319880595,9.571488248802984,0.36538837896166076,1.0,0.0,0.0,0.0,0.0,0.4671646971345566,0.03888619819927158,0.0,0.003089039646323092,0.9665684630068737,0.8523848202474026,0.07811332482872053,0.0
haptic_force_rich,0.33,45,0.5474728490927466,0.7580876824010715,8.837230043226358,0.587846393010357,1.0,0.0,0.0,0.0,0.0,0.33851619313678233,0.02229057348923081,0.0,0.0006830060025882673,0.9539628322323459,0.780834286317069,0.07962997222888839,0.0
haptic_force_rich,0.33,46,0.6707769971808653,0.5518708542069753,8.07503568367233,0.5152902019908343,1.0,0.0,0.0,0.0,0.0,0.5473000667608817,0.05335919526639419,0.0,0.003374926896050372,0.9596750017602942,0.8180550484807585,0.08066126345757334,0.0
haptic_force_rich,0.33,47,0.651308928594807,0.7950017643259057,9.651302308760188,0.5808105216641744,1.0,0.0,0.0,0.0,0.0,0.15838394031879305,0.012158905020728724,0.0,0.0017365786490264098,0.9488726840651425,0.7580951433888476,0.07840585421628238,0.0
haptic_force_rich,0.33,48,0.6562437026035405,0.6688491852522831,8.566862960054332,0.3526267409430904,1.0,0.0,0.0,0.0,0.0,0.9983900145463624,0.17051559793614468,0.0,0.0027540339089644713,0.9674724994025132,0.8615736998945344,0.07802170167002737,0.0
haptic_force_rich,0.33,49,0.501969234992062,0.5764950633336973,9.042158455149192,0.5934734455967308,1.0,0.0,0.0,0.0,0.0,0.20979905272159233,0.013999353332269933,0.0,0.0013319770529936611,0.9574107095308487,0.7962972005527954,0.07763386717998261,0.0
haptic_force_rich,0.33,50,0.5233409371959262,0.6137836141264178,7.975586781937809,0.5478263350389156,1.0,0.0,0.0,0.0,0.0,0.35492608795665864,0.02434805499698949,0.0,0.00131963651593601,0.9566791707600065,0.7945453770347213,0.07929055116627778,0.0
haptic_force_rich,0.33,51,0.48315363544885565,0.7279689230072086,9.685877256813614,0.5881489031282681,1.0,0.0,0.0,0.0,0.0,0.31903891380592925,0.02126377587734804,0.0,0.0013697050790850492,0.9583016479805482,0.8039199030305356,0.08104947041051672,0.0
haptic_force_rich,0.33,52,0.4132789080115658,0.6821379499145764,9.364567968318331,0.42266961086357996,1.0,0.0,0.0,0.0,0.0,0.3524586419860177,0.022425123398176608,0.0,0.00022867900433790484,0.9662754310615801,0.8538205929136501,0.07910780300403941,0.0
haptic_force_rich,0.33,53,0.5846922423699678,0.7756060477464768,6.9658916455631035,0.6117064524548895,1.0,0.0,0.0,0.0,0.0,0.3008452928139049,0.019023631909389386,0.0,0.0010453289207920991,0.9598922917981357,0.8165921622163791,0.08030773854322512,0.0
haptic_force_rich,0.33,54,0.6521833891056954,0.726459526261434,6.602117899616137,0.44232381735604587,1.0,0.0,0.0,0.0,0.0,0.12181281627738556,0.014511142072797887,0.0,0.0012332707436572686,0.9647571761678161,0.8383149850852419,0.07875910884237879,0.0
haptic_force_rich,0.33,55,0.6618405910618895,0.5812853806397387,6.738435374647848,0.7010998569937266,0.0,1.0,0.0,0.0,0.009209539165380308,0.7558176501521368,0.2180105967083061,1.0,0.002690166230359468,0.953261467097975,0.7736034634601504,0.07963726341431376,0.0928889662800696
haptic_force_rich,0.33,56,0.426047645659714,0.5632982281274646,7.819239441530845,0.39780199272831224,1.0,0.0,0.0,0.0,0.0,0.19978859595847656,0.012154305990776744,0.0,0.0010311064237234892,0.9661886198743072,0.8523376759385453,0.07755203799148223,0.0
haptic_force_rich,0.33,57,0.43635332814585925,0.5669594092957406,7.668149169039886,0.397999759763286,1.0,0.0,0.0,0.0,0.0,0.39273332986018666,0.02801657966256626,0.0,0.0009744986337946087,0.9668699821632423,0.8529106993261376,0.07886171773133008,0.0
haptic_force_rich,0.33,58,0.569859792966765,0.7390187385229822,8.36475837857265,0.6201854536211211,1.0,0.0,0.0,0.0,0.0,0.3397422091917335,0.02261285085175495,0.0,0.0009043345481208017,0.9522158639715409,0.7704055340375273,0.0789719200422606,0.0
haptic_force_rich,0.33,59,0.5211257364850392,0.5783211408961815,9.790994034468774,0.3897725023564737,1.0,0.0,0.0,0.0,0.0,0.17765723848142154,0.011690479873718775,0.0,0.0014024106112160855,0.9653196174548858,0.8458810225140602,0.07765303474253568,0.0
haptic_force_rich,0.33,60,0.5529937695838616,0.5488117904142917,7.757456029994515,0.4062553849650396,1.0,0.0,0.0,0.0,0.0,0.4335959575944777,0.0329953238300458,0.0,0.0021622150026904545,0.9635497705632352,0.8363281352357704,0.07992131557472847,0.0
haptic_force_rich,0.33,61,0.6029069747575767,0.8228183209522202,8.029336763472726,0.33029486971911615,1.0,0.0,0.0,0.0,0.0,0.3288843893308833,0.022009363038444408,0.0,0.002077583425360176,0.9729840664413923,0.8869540518218101,0.08147654255016507,0.0
haptic_force_rich,0.33,62,0.4348864708713128,0.7974322079305358,9.662625099467451,0.3772335499998992,1.0,0.0,0.0,0.0,0.0,0.1454803422883899,0.01145027710493693,0.0,0.001980777650857948,0.9726130516866205,0.8874472219026746,0.07955919485223573,0.0
haptic_force_rich,0.33,63,0.4543338665306249,0.5927885990821147,9.306153407755783,0.48436401654795147,1.0,0.0,0.0,0.0,0.0,0.4253038120220417,0.030374628640221543,0.0,0.001182129046504068,0.963682621377531,0.8404714141780149,0.08620864539200399,0.0
haptic_force_rich,0.33,64,0.5995702637338878,0.7645707163577751,7.978535398423903,0.6900928889444498,1.0,0.0,0.0,0.0,0.0,0.2198886678518964,0.014787495010160258,1.0,0.000868160388447526,0.9500067929126278,0.7538897779959204,0.07750775378321302,0.0
haptic_force_rich,0.33,65,0.42762866468459004,0.6795485635416687,8.591739458274823,0.6870925709393121,1.0,0.0,0.0,0.0,0.0,0.14772022444958238,0.011834492414625409,1.0,0.001384201544951658,0.9531585103582411,0.7780345194816809,0.07764807897031119,0.0
haptic_force_rich,0.33,66,0.5663890716964389,0.8012693386042457,8.104734093102799,0.5517733080156836,1.0,0.0,0.0,0.0,0.0,0.197809151947192,0.012813216441347065,0.0,0.00041018078038388995,0.9635297029286689,0.835578052495484,0.07738341165508565,0.0
haptic_force_rich,0.33,67,0.4666238340975593,0.5959996229662003,8.296397911955596,0.6379970716225427,1.0,0.0,0.0,0.0,0.0,0.27338462759113014,0.01605304191933943,1.0,0.002542767334417508,0.9515057572191555,0.770274135487502,0.0784491898925514,0.0
haptic_force_rich,0.33,68,0.4410471006604044,0.6088840506556162,8.217175712387004,0.6215622061736032,1.0,0.0,0.0,0.0,0.0,0.16131935183818935,0.01180282247657353,1.0,0.0016757999599496746,0.9584087941397211,0.8090959483477933,0.0777274751086244,0.0
haptic_force_rich,0.33,69,0.6721194354035793,0.7689433681927613,6.752262154472389,0.595957785683372,1.0,0.0,0.0,0.0,0.0,0.4333726256744058,0.03284529871717571,0.0,0.0019150247917760572,0.9568843199239334,0.7997713325278412,0.0822997146838077,0.0
haptic_force_rich,0.33,70,0.656360523932488,0.547703210917749,7.046481652842425,0.3139535761198861,0.0,1.0,0.0,0.0,0.023694481893410488,0.8469542854430232,0.2527406607001827,0.0,0.0030925809939439906,0.973979387513403,0.8955408989342042,0.07811429390348233,0.2422002021202796
haptic_force_rich,0.33,71,0.4397103439138954,0.8005548967765976,9.693521353599401,0.45123457742213985,1.0,0.0,0.0,0.0,0.0,0.17066010412915064,0.011699838693917297,0.0,0.000461429507357148,0.9622134714867121,0.8305995946544541,0.07907908559915762,0.0
haptic_force_rich,0.33,72,0.4063577558662668,0.8000743981230569,8.460704679349108,0.3921825187443647,1.0,0.0,0.0,0.0,0.0,0.31141181043543964,0.018856956187038865,0.0,0.0004984263447438993,0.970432161490368,0.8786026140260114,0.07740735623160333,0.0
haptic_force_rich,0.33,73,0.5801851246421366,0.8167463150991747,7.448378854560511,0.5249315034346742,1.0,0.0,0.0,0.0,0.0,0.45676692763814897,0.03790905000257481,0.0,0.0008286762191808216,0.9606564055350169,0.8164597614206583,0.07882364807217843,0.0
haptic_force_rich,0.33,74,0.4125149871365339,0.7483537811169283,9.56761106999818,0.41568683887245855,1.0,0.0,0.0,0.0,0.0,0.5129517593536251,0.043628883279643024,0.0,0.00015193628322463526,0.9686010110647856,0.8678257606251881,0.07989823908446698,0.0
haptic_force_rich,0.33,75,0.5286419434747395,0.7198315536683819,8.019885942965008,0.4253114477878949,1.0,0.0,0.0,0.0,0.0,0.4168043976832927,0.029089997348773645,0.0,0.0014285305959950768,0.9628371092450978,0.8340931553630042,0.08142424808090966,0.0
haptic_force_rich,0.33,76,0.5919631837325178,0.6836959167536023,9.216146569723724,0.6828708630941102,1.0,0.0,0.0,0.0,0.0,0.48313411688060237,0.04127134579601056,0.0,0.0016152040386134391,0.9486790112980821,0.7508356508509576,0.0818980267717286,0.0
haptic_force_rich,0.33,77,0.6727305390278329,0.5287338440697306,9.371752253996219,0.7223182574484928,0.0,0.0,1.0,0.0,0.0,0.4674324254818599,0.06557346459958946,1.0,0.002316330184161526,0.9478630859212138,0.7434414035499686,0.9028020162740273,0.0
haptic_force_rich,0.33,78,0.4671132171352952,0.6498600020068842,8.214707261474748,0.48173778827294217,1.0,0.0,0.0,0.0,0.0,0.3657802241702687,0.025289435239574633,0.0,0.0007065642066985612,0.9626426830642549,0.8289934078625866,0.07746385930452468,0.0
haptic_force_rich,0.33,79,0.5775331759924607,0.7739132345091311,9.786929303976459,0.451074152872436,1.0,0.0,0.0,0.0,0.0,0.38803858624600757,0.024544335227321672,0.0,0.001524568595413625,0.9618109459532709,0.832699706710642,0.0788133081627727,0.0
haptic_force_rich,0.33,80,0.4565855570425106,0.5649383572376242,8.337501770311126,0.4253774344139105,1.0,0.0,0.0,0.0,0.0,0.22438901063088476,0.013199880701427897,0.0,0.0012283774903649467,0.9653846917532901,0.8474655241431899,0.08238679877015467,0.0
haptic_force_rich,0.33,81,0.6076657656696406,0.6187240225218791,9.765779588259285,0.49046597647894324,1.0,0.0,0.0,0.0,0.0,0.11972039939462144,0.013040703483915426,0.0,0.0017365617881767766,0.9606176706988387,0.8237602989337122,0.0815772138326623,0.0
haptic_force_rich,0.33,82,0.5977656886751374,0.6499341101316756,8.468319059303038,0.36048079503201563,1.0,0.0,0.0,0.0,0.0,0.23578008359428337,0.01360891379344186,0.0,0.0014578055184893371,0.9648290558339389,0.8440118304943146,0.08449284976658862,0.0
haptic_force_rich,0.33,83,0.5978418131492493,0.694444723150209,7.134904253596698,0.411697377751745,1.0,0.0,0.0,0.0,0.0,0.20811290422026008,0.012595539881590097,0.0,0.003112791442737701,0.9657229570942727,0.8564760652389559,0.08415353150944474,0.0
haptic_force_rich,0.33,84,0.656245328393245,0.7955653357507909,9.246754736291837,0.3085306650636238,1.0,0.0,0.0,0.0,0.0,0.11752489971931988,0.01374435549114293,0.0,0.0013759702341234613,0.9657055017412886,0.8475042976036,0.07914775877991109,0.0
haptic_force_rich,0.33,85,0.4182748473289179,0.7176966321407137,9.007549547171358,0.4392850244666487,1.0,0.0,0.0,0.0,0.0,0.4468524101834054,0.034384077105193464,0.0,0.0004892172403022848,0.9624023607712786,0.8291220794165557,0.08113527847892292,0.0
haptic_force_rich,0.33,86,0.4411537082380414,0.8034244887813,9.190844143144918,0.55711865018731,1.0,0.0,0.0,0.0,0.0,0.2417171188468215,0.014264267303740578,0.0,0.0003723849055779762,0.9580134998245388,0.8087509218878939,0.07737315818734732,0.0
haptic_force_rich,0.33,87,0.5709677563275487,0.6619508779339083,7.55838658901104,0.5807258402723035,1.0,0.0,0.0,0.0,0.0,0.26240117646359734,0.03239329003751201,0.0,0.0013761243008806592,0.9526104706878229,0.7733926805714831,0.21078845551047354,0.0
haptic_force_rich,0.33,88,0.5543661057788963,0.5763804247502009,7.169308236303801,0.2997129016659725,1.0,0.0,0.0,0.0,0.0,0.37394160472949406,0.02570820762265755,0.0,0.0018593528441724356,0.9698819716438626,0.8699068471967432,0.07777749083234274,0.0
haptic_force_rich,0.33,89,0.5807167510853384,0.5928244609756617,7.973016126858435,0.4378944667039111,1.0,0.0,0.0,0.0,0.0,0.11885102789916853,0.011510143543237693,0.0,0.0015359175713593924,0.9647059572814756,0.8425327536645593,0.07867238640338713,0.0
haptic_force_rich,0.33,90,0.6514821275482503,0.5829057391068037,8.342873077076515,0.2896645069974286,1.0,0.0,0.0,0.0,0.0,0.7161731666895095,0.08618207715426142,0.0,0.0030278802952253877,0.9709255307534221,0.8808706810060168,0.07809659056746343,0.0
haptic_force_rich,0.33,91,0.5585541720978516,0.7946704100209349,9.195836866430954,0.6967467907636813,1.0,0.0,0.0,0.0,0.0,0.22706066610286352,0.01400661214385648,0.0,0.00040992871742159115,0.949688404842551,0.759073590468052,0.08065930929249775,0.0
haptic_force_rich,0.33,92,0.4413174800438746,0.6809837635346735,9.620661180050007,0.4872614997033351,1.0,0.0,0.0,0.0,0.0,0.22039828448574617,0.013140819592499397,0.0,0.00016919587633625163,0.9580568585791445,0.8055970663026192,0.07964712459266453,0.0
haptic_force_rich,0.33,93,0.6486067578168276,0.5684839961837725,7.543999775945771,0.4408496198678592,0.0,0.0,1.0,0.0,0.0,0.17856157759027144,0.01551152346923327,0.0,0.001992011329773364,0.964112847720599,0.839368154687337,0.16230274736887687,0.0
haptic_force_rich,0.33,94,0.61651373848753,0.5406676469446485,8.564694031275312,0.29299426220085373,0.0,0.0,1.0,0.0,0.0,0.19739084287257458,0.01272036743715622,0.0,0.0027710727621729644,0.9749948131444308,0.8992801569396625,0.07802635937462082,0.0
haptic_force_rich,0.33,95,0.6480141940559441,0.8142655677092316,9.233987555605056,0.438482672406183,1.0,0.0,0.0,0.0,0.0,0.3561616025781253,0.02452886869971008,0.0,0.0013204585817684826,0.9637867132819663,0.8348730373629732,0.07823458653460834,0.0
haptic_force_rich,0.33,96,0.419887583275599,0.8256896580601132,7.309288711959581,0.5547346841947186,1.0,0.0,0.0,0.0,0.0,0.18731866642771716,0.012661026762809445,0.0,0.0005952860634742993,0.9554645993898551,0.7880218248606374,0.0807902556325073,0.0
haptic_force_rich,0.33,97,0.5965641183155334,0.6374754853972611,8.437902091000787,0.6997398432158363,1.0,0.0,0.0,0.0,0.0,0.7866554177060913,0.10635129123886877,1.0,0.002443838953744984,0.9444228407511984,0.7275118899557755,0.07793695191959733,0.0
haptic_force_rich,0.33,98,0.4403074999918846,0.8111593722675345,7.947360508953656,0.4395044070762246,1.0,0.0,0.0,0.0,0.0,0.5546818724473942,0.05313891846849584,0.0,0.0004947932125407436,0.9646536970766474,0.8395621963793697,0.07740637028252244,0.0
haptic_force_rich,0.33,99,0.6038052789278029,0.7286048602616544,7.997744385496617,0.4044037746171426,1.0,0.0,0.0,0.0,0.0,0.1380195452395777,0.01665644751757767,0.0,0.0007174518933604255,0.9672431082128531,0.8580670811793337,0.07914225080170555,0.0
haptic_force_rich,0.33,100,0.4448061442584106,0.6186674304598658,9.723413856605276,0.6094240344759273,1.0,0.0,0.0,0.0,0.0,0.4109878401197949,0.02955261568097475,0.0,0.001026166669641182,0.9556227685365773,0.7926981155212359,0.07755069516291321,0.0
haptic_force_rich,0.33,101,0.4838839907517749,0.6740433530558787,8.050237145761532,0.5588303188807054,1.0,0.0,0.0,0.0,0.0,0.18923917780433078,0.012218050699471024,0.0,0.0008406853284131502,0.956098726870693,0.7939186413828968,0.07750028910715977,0.0
haptic_force_rich,0.33,102,0.579644625980341,0.6236899214465501,9.602563119260283,0.5457397664910418,1.0,0.0,0.0,0.0,0.0,0.20484361085321898,0.02402120501215226,0.0,0.0010484790381581754,0.9570127456962497,0.7982038748122602,0.10599557130657214,0.0
haptic_force_rich,0.33,103,0.5496988534052083,0.540452876586249,7.972456918987925,0.512069618657147,0.0,0.0,1.0,0.0,0.0,0.11520366902100149,0.011928340512778017,0.0,0.00176142433333139,0.9659909308535235,0.8521179532553508,0.07775080294737616,0.0
haptic_force_rich,0.33,104,0.6629643281696019,0.7858164864701815,9.444933331632363,0.36876231575315277,1.0,0.0,0.0,0.0,0.0,0.18003761030394277,0.022940197683812138,0.0,0.0006793920123286283,0.9684450794975044,0.8695038353415451,0.08593955727996094,0.0
haptic_force_rich,0.33,105,0.46580985500281585,0.6748063905576398,7.742598415939395,0.6651054084546896,1.0,0.0,0.0,0.0,0.0,0.15197284980899675,0.018538031066453756,1.0,0.0015648998622255958,0.954491732384196,0.7851937953212031,0.07975329134027179,0.0
haptic_force_rich,0.33,106,0.5448288821257206,0.6787084849164283,7.698058176622251,0.29530954727954223,1.0,0.0,0.0,0.0,0.0,0.4419169486255486,0.03332217588550957,0.0,0.0011710979074457146,0.9684609969758146,0.8627423686075941,0.07759010229634894,0.0
haptic_force_rich,0.33,107,0.4898879401477682,0.6200479158438459,9.206001537960335,0.4791717787051548,1.0,0.0,0.0,0.0,0.0,0.1450921750709851,0.017362399962247664,0.0,0.001169388682037013,0.9613324948655382,0.8195229285282418,0.08230059417264887,0.0
haptic_force_rich,0.33,108,0.5015664517535476,0.7259867496159471,9.399490391949632,0.44286991786402863,1.0,0.0,0.0,0.0,0.0,0.4681827209159773,0.039894919795780866,0.0,0.001408017740364568,0.9711287219236108,0.8765161804642038,0.07765456083490296,0.0
haptic_force_rich,0.33,109,0.5536302000988788,0.6904189663755643,9.548322657175273,0.3111543795834746,1.0,0.0,0.0,0.0,0.0,0.16466264774703293,0.01156739139305477,0.0,0.0017429732588730932,0.9762246248687447,0.9067787401170263,0.07774577552273945,0.0
haptic_force_rich,0.33,110,0.6646977501994826,0.7262308075789292,6.672290955495698,0.6581994031180018,1.0,0.0,0.0,0.0,0.0,0.24834892265030709,0.015948079594008457,0.0,0.0015227768706597526,0.952682150324454,0.7712094900782605,0.0776858008622641,0.0
haptic_force_rich,0.33,111,0.5170851997567156,0.6552669986895139,8.49817209208221,0.5766039426952226,1.0,0.0,0.0,0.0,0.0,0.4778470057546424,0.038068874009871266,0.0,0.0018058167107487446,0.9554518815094146,0.7921921625270503,0.07776289990346,0.0
haptic_force_rich,0.33,112,0.6563761024433752,0.6748501964403204,7.984620985255438,0.34755149637787414,1.0,0.0,0.0,0.0,0.0,0.23107718680357728,0.02814688610500113,0.0,0.0011737489847186173,0.9713263071449437,0.883255123324928,0.166795007741056,0.0
haptic_force_rich,0.33,113,0.6003359935578668,0.7330215969622045,8.048393396691479,0.5290224028973343,1.0,0.0,0.0,0.0,0.0,0.3128329032014461,0.020783618597080316,0.0,0.0011399602261681476,0.9623810410215057,0.826534790361708,0.08191390336319947,0.0
haptic_force_rich,0.33,114,0.48712113824553666,0.529372462757136,7.547285593900027,0.729646390518494,0.0,0.0,1.0,0.0,0.0,0.11485585976651186,0.012430876231624812,1.0,0.0016127839761905002,0.9507171816169931,0.7626883886648804,0.0820963235864747,0.0
haptic_force_rich,0.33,115,0.45229487245966205,0.7626531020508545,6.5683699912353255,0.6835664296253345,1.0,0.0,0.0,0.0,0.0,0.43803370641514877,0.03696242203896292,1.0,0.00025397275942600297,0.9552339882831411,0.7830458375787471,0.0773410427625982,0.0
haptic_force_rich,0.33,116,0.4222251463610367,0.7666528175610878,6.804661173209892,0.4274871094471657,1.0,0.0,0.0,0.0,0.0,0.3475953879326079,0.023236677684925242,0.0,0.0001827035396074969,0.9631521698461218,0.8298025210604331,0.08027528872057416,0.0
haptic_force_rich,0.33,117,0.5048737269031041,0.6618016791899293,6.972989668841185,0.6188052372189237,1.0,0.0,0.0,0.0,0.0,0.3174209424428083,0.03892669818737171,0.0,0.0002217255735218364,0.9569272735295657,0.7954000673553102,0.43901642168216554,0.0
haptic_force_rich,0.33,118,0.6145593619076924,0.8157537525109468,8.355370517663625,0.47612469698036264,1.0,0.0,0.0,0.0,0.0,0.11747778630701541,0.013751704107087502,0.0,0.0005692196194652634,0.9598876657454511,0.8166086521902793,0.07845758835962174,0.0
haptic_force_rich,0.33,119,0.5884653474232295,0.7268158137080275,8.676501686058227,0.6259239115931869,1.0,0.0,0.0,0.0,0.0,0.22150626386296113,0.014811142505051455,0.0,0.0012424077741294618,0.9516406868441275,0.7626661337900174,0.07760949834260156,0.0
haptic_force_rich,0.33,120,0.41200880066189666,0.6666433420874349,7.18707436686394,0.45079903353806183,1.0,0.0,0.0,0.0,0.0,0.18533409850817117,0.011983627578296864,0.0,0.00045547388931385923,0.9662513864142745,0.8508393812188436,0.07850532422928046,0.0
haptic_force_rich,0.33,121,0.5447681055943492,0.6557854139598613,9.389815492063649,0.3057582209689007,1.0,0.0,0.0,0.0,0.0,0.3156735068786575,0.01853232390457218,0.0,0.0011392889436353274,0.9729342597918477,0.8929004510051836,0.07758145179609621,0.0
haptic_force_rich,0.33,122,0.5211153227091669,0.6966912313456645,9.050511621628013,0.5144378774753634,1.0,0.0,0.0,0.0,0.0,0.31568566718372604,0.019041309079363147,0.0,0.0008940747474580733,0.9576766116257125,0.8049845271913806,0.07751479503722822,0.0
haptic_force_rich,0.33,123,0.47677976179067033,0.5974799053418386,6.983667407174205,0.31614487350283593,1.0,0.0,0.0,0.0,0.0,0.2302374991898078,0.02752662133196771,0.0,0.00039057251600505704,0.9737890094841151,0.8946133008542765,0.2064509023353572,0.0
haptic_force_rich,0.33,124,0.5782383951825134,0.5570956533515437,9.743853575797733,0.41877899803397856,1.0,0.0,0.0,0.0,0.0,0.2276180838671251,0.013051048813592266,0.0,0.001996759318175348,0.9648374358604302,0.8483945889446514,0.07830196331221703,0.0
haptic_force_rich,0.33,125,0.541750351061334,0.7565263816426047,8.351235084759812,0.7284037076601209,1.0,0.0,0.0,0.0,0.0,0.12431815819028907,0.014996038420750946,0.0,0.0005798895469792226,0.9442025870245885,0.7227269770449849,0.07772486161562316,0.0
haptic_force_rich,0.33,126,0.6176656620584253,0.7756538974776329,9.231845659359948,0.5722200693615959,1.0,0.0,0.0,0.0,0.0,0.15393167969533517,0.018595166295090646,0.0,0.00046682914553765396,0.9572884028661649,0.8031501916650682,0.0798612897619986,0.0
haptic_force_rich,0.33,127,0.43071670141604185,0.6271328730514325,8.573193092543898,0.6879107603272789,1.0,0.0,0.0,0.0,0.0,0.2499867062975538,0.015216328181957265,1.0,0.0012232998591803377,0.9535561402236953,0.7806196899206187,0.07780403304275346,0.0
haptic_force_rich,0.33,128,0.6045835739342462,0.8187062848837127,9.05099506501642,0.4324558579820822,1.0,0.0,0.0,0.0,0.0,0.1151887819900993,0.012368158416284485,0.0,0.0014927859696044366,0.9662268744640079,0.8522943012467407,0.07767763555089588,0.0
haptic_force_rich,0.33,129,0.6405025361349822,0.81140423346452,6.625380467762693,0.6450357338261079,1.0,0.0,0.0,0.0,0.0,0.3520346524338815,0.024747592180354636,0.0,0.0011141035756036446,0.9521958235629058,0.7683049343168119,0.07757460322023979,0.0
haptic_force_rich,0.33,130,0.6421345683103694,0.7426845695692738,9.802224618223963,0.657883833421735,1.0,0.0,0.0,0.0,0.0,0.25921392016417527,0.016135713868047314,0.0,0.0012449035868038862,0.9550383775789234,0.7879513112582937,0.08086808497038427,0.0
haptic_force_rich,0.33,131,0.59828444145127,0.6180994741358281,9.360277381251318,0.36227110783872896,1.0,0.0,0.0,0.0,0.0,0.6414344680439659,0.07054009477872726,0.0,0.002333288395311968,0.9734751759376066,0.8951170847887621,0.07790676828256834,0.0
haptic_force_rich,0.33,132,0.44619351827740256,0.6150224599873995,8.273718633450295,0.6917489091758529,1.0,0.0,0.0,0.0,0.0,0.12911081939702135,0.015603245831993694,0.0,0.0009025067666138947,0.946758954476081,0.7384531036398279,0.08015193372588814,0.0
haptic_force_rich,0.33,133,0.594932392464927,0.8248912686903189,6.755429381285592,0.337178153695807,1.0,0.0,0.0,0.0,0.0,0.24886230733078774,0.015438175398556376,0.0,0.001117624821342324,0.9711438520766145,0.8761473696641092,0.07757556070793273,0.0
haptic_force_rich,0.33,134,0.4210777710471359,0.5867609938376288,6.862823307163797,0.4322758916335875,1.0,0.0,0.0,0.0,0.0,0.46785791721596465,0.03843641891235304,0.0,0.00090466149963094,0.9671263794777731,0.8545504272916657,0.08090899186195416,0.0
haptic_force_rich,0.33,135,0.5201394189157731,0.7391516637469889,9.661544542988542,0.697273354936911,1.0,0.0,0.0,0.0,0.0,0.18267128476281427,0.020848199560876687,1.0,0.0009166152092937443,0.9545248338945982,0.78298676645476,0.08293626231242351,0.0
haptic_force_rich,0.33,136,0.513977809618463,0.7429689279793369,9.040270373490738,0.45027129054024595,1.0,0.0,0.0,0.0,0.0,0.1931216637045294,0.012138248681970089,0.0,0.0014733374651499317,0.9594000778935159,0.816826486090853,0.08189751206642956,0.0
haptic_force_rich,0.33,137,0.478761032120681,0.5408582095068887,8.951407504356634,0.5964794759025087,0.0,0.0,1.0,0.0,0.0,1.198211458192221,0.25692353885718777,0.0,0.0025991634837936746,0.9488485208663204,0.7490568854289178,0.07797937828909046,0.0
haptic_force_rich,0.33,138,0.566247901826078,0.7470026705115408,9.471385516892553,0.2993294601846806,1.0,0.0,0.0,0.0,0.0,0.3548411056560399,0.021617427328945026,0.0,0.0008231693943774998,0.9680697765221412,0.8653876301725006,0.08016403163121334,0.0
haptic_force_rich,0.33,139,0.5711585759264985,0.7916428981773835,9.611350292556,0.6353525325931637,1.0,0.0,0.0,0.0,0.0,0.528186913807514,0.05244822721066756,1.0,0.0023703163069227094,0.9594543037319121,0.8066113786420532,0.0779168768271751,0.0
haptic_force_rich,0.33,140,0.40952121744997755,0.537196810564468,8.503096059780074,0.5607830319720744,0.0,0.0,1.0,0.0,0.0,0.12462235332328103,0.01490976131006928,0.0,0.000903980448605539,0.9570439806148822,0.7973389249935441,0.07864423068798838,0.0
haptic_force_rich,0.33,141,0.5760813611133657,0.5594529457700151,8.063461850979914,0.5174628988723682,1.0,0.0,0.0,0.0,0.0,0.33580058441152294,0.022498280739067143,0.0,0.002128295327370952,0.9627246207608002,0.831326070991489,0.07847943081919345,0.0
haptic_force_rich,0.33,142,0.669630730591832,0.6673952616017118,8.208657926997367,0.3497265652441558,1.0,0.0,0.0,0.0,0.0,0.1230952839992204,0.013411378580178938,0.0,0.002121512320028712,0.9708015781997898,0.8843683847880358,0.08122413101499643,0.0
haptic_force_rich,0.33,143,0.6636664515310686,0.5932395329970263,9.42928948551133,0.7047733865539252,1.0,0.0,0.0,0.0,0.0,0.3784592029937025,0.026389935656057514,1.0,0.002783164760968663,0.9475832342063467,0.7476842792027677,0.07802966497204171,0.0
haptic_force_rich,0.33,144,0.5770585417703271,0.7605994287815262,7.239731050573719,0.49748835802195535,1.0,0.0,0.0,0.0,0.0,0.26065173135126807,0.017078250148326084,0.0,0.001366982852323608,0.9648557156540369,0.838998361968646,0.07764339300422973,0.0
haptic_force_rich,0.33,145,0.5778609056721191,0.5371545959658224,7.568159195397747,0.7247529368806671,0.0,0.0,1.0,0.0,0.0,0.38609329079711646,0.028998036057194376,1.0,0.0025524770974250516,0.94704342186345,0.7401140285412418,0.07949975535778667,0.0
haptic_force_rich,0.33,146,0.6405350001314285,0.7795663361322067,9.30432589053039,0.7102006728114401,1.0,0.0,0.0,0.0,0.0,0.1152762038347038,0.013206696596295111,0.0,0.0007820725396583107,0.947892707479748,0.7470357898860949,0.07748436684849166,0.0
haptic_force_rich,0.33,147,0.5230387698205285,0.7883094660719616,8.157647846420614,0.6715590093915298,1.0,0.0,0.0,0.0,0.0,0.17307245704484883,0.012987248395831067,1.0,0.0017320288852464962,0.9581314861375919,0.8007244625248323,0.0777427936140941,0.0
haptic_force_rich,0.33,148,0.5498936482451292,0.8125171972869838,9.511517610586171,0.29066036019752506,1.0,0.0,0.0,0.0,0.0,0.21222747666274,0.01306154373881652,0.0,0.0022168965178513324,0.9751740135862009,0.9021940761496753,0.07787500135468212,0.0
haptic_force_rich,0.33,149,0.6486158218719271,0.6978011765490026,9.509781609345932,0.46397999876215373,1.0,0.0,0.0,0.0,0.0,0.12951564049853284,0.01331324056638822,0.0,0.0017360314685371905,0.9585286795592526,0.8149453129535066,0.07842523492895039,0.0
haptic_force_rich,0.33,150,0.6319847968176795,0.7396209911990607,9.042021231324592,0.7000663941593079,1.0,0.0,0.0,0.0,0.0,0.5001088630122951,0.03985363035834383,1.0,0.0030419995791645554,0.9515659238153577,0.7753607342080794,0.07810045355756301,0.0
haptic_force_rich,0.33,151,0.4274789975836999,0.7135446435689178,6.648385833020849,0.6487757180059299,1.0,0.0,0.0,0.0,0.0,0.11927522848319608,0.014209229478954031,0.0,0.0012860743723629496,0.9488291832298194,0.7501267191298896,0.07778654993795497,0.0
haptic_force_rich,0.33,152,0.5295182658052635,0.5619728314778761,8.045636021937804,0.5620605967373122,1.0,0.0,0.0,0.0,0.0,0.4978507965638371,0.04242216711720873,0.0,0.001996467237009168,0.9589675240154365,0.8124271309754549,0.07781487191108973,0.0
haptic_force_rich,0.33,153,0.676135653741087,0.7822979558350902,7.029083010206586,0.2957798968640713,1.0,0.0,0.0,0.0,0.0,0.2926800421953189,0.017739176570272328,0.0,0.0012832193483072734,0.9776987933144238,0.9175335683178709,0.08261568562269798,0.0
haptic_force_rich,0.33,154,0.48509667829144937,0.706496661299298,8.686960833018244,0.4031219636021157,1.0,0.0,0.0,0.0,0.0,0.29836967545092435,0.019827927583276932,0.0,0.0021541875026016483,0.9739420256538371,0.8909871571030833,0.08325608218557412,0.0
haptic_force_rich,0.33,155,0.5882261840288456,0.5455453028338669,8.44797558648336,0.31636826196435086,0.0,0.0,1.0,0.0,0.0,0.1611007760954107,0.01100515777832157,0.0,0.0020747159859107658,0.9709115407546355,0.8801437102276004,0.0778362120007314,0.0
haptic_force_rich,0.33,156,0.42533071825053426,0.6447890905313316,8.381918166989527,0.5364430516742703,1.0,0.0,0.0,0.0,0.0,0.3299008140130176,0.02210866382366135,0.0,0.000374604412319086,0.9630730170715122,0.8306456230898175,0.07737376027264518,0.0
haptic_force_rich,0.33,157,0.4834704421324312,0.5479700568288063,7.161651772559676,0.7143244600856933,0.0,0.0,1.0,0.0,0.0,0.15719939466377222,0.011971520910825095,1.0,0.0026974043916907185,0.9482748958485648,0.7505903967762866,0.07944301806833333,0.0
haptic_force_rich,0.33,158,0.41210525545630694,0.6961479344840854,6.928925814116801,0.6880350497876868,1.0,0.0,0.0,0.0,0.0,0.12045025143179942,0.012349069878979282,1.0,0.0005619078553306892,0.9508991627258642,0.7596276070250033,0.07742458552015132,0.0
haptic_force_rich,0.33,159,0.48919593476303663,0.6620973336472556,9.651898115116404,0.30232182809415814,1.0,0.0,0.0,0.0,0.0,0.2881645464422768,0.017459953809333066,0.0,0.0013327865890393543,0.9740191451517172,0.8950376117191932,0.07763408745990787,0.0
haptic_force_rich,0.33,160,0.6426859322515011,0.7018706278978982,9.406455339020383,0.3730454547786815,1.0,0.0,0.0,0.0,0.0,0.5546786884866123,0.05233572520212523,0.0,0.0020732361255968155,0.969647605666408,0.8720957918542763,0.07783580836180194,0.0
haptic_force_rich,0.33,161,0.6313269151808459,0.5575675164967934,9.673474233317219,0.5537027482421523,1.0,0.0,0.0,0.0,0.0,0.7955527235200667,0.11272921785362418,0.0,0.003253377007078981,0.962943690736678,0.8345182369666074,0.08093985701291757,0.0
haptic_force_rich,0.33,162,0.5135361053231984,0.7456527889718041,8.526146351722804,0.3956979775285031,1.0,0.0,0.0,0.0,0.0,0.2855499461750432,0.017021013634789067,0.0,0.0006079410733250346,0.9753052266361865,0.9057162776986482,0.07857354587184845,0.0
haptic_force_rich,0.33,163,0.40957285551061035,0.7528714937916963,7.802954537935836,0.514367072862203,1.0,0.0,0.0,0.0,0.0,0.2527811437378427,0.015861240155210406,0.0,0.0005026991795467797,0.9607106573203724,0.8159298287787627,0.08032519407724123,0.0
haptic_force_rich,0.33,164,0.6083037139262434,0.7853234500488064,7.86427653706693,0.5575303835794991,1.0,0.0,0.0,0.0,0.0,0.63351057809724,0.06854364952271205,0.0,0.0014473496339382716,0.962089712847413,0.8293030219356302,0.07770563184999423,0.0
haptic_force_rich,0.33,165,0.51188090640448,0.7799206115770052,8.256827253869549,0.41025799775241933,1.0,0.0,0.0,0.0,0.0,0.24068683299930482,0.014283859014720648,0.0,0.00022443527242890673,0.9643623929856245,0.8401240363862029,0.07824505027663615,0.0
haptic_force_rich,0.33,166,0.511799937758822,0.7905855811253608,6.839175143928161,0.29178646137809267,1.0,0.0,0.0,0.0,0.0,0.15157369121336872,0.011523629587481654,0.0,0.0010706652392473218,0.9724607076152291,0.8853597709812984,0.07859073956714895,0.0
haptic_force_rich,0.33,167,0.5190529852251963,0.7962915286013926,8.182416691395918,0.5638974126409453,1.0,0.0,0.0,0.0,0.0,0.24553094936053652,0.014898429648798808,0.0,0.0003558648981724626,0.9617392131896753,0.827284191221232,0.07736867694200633,0.0
haptic_force_rich,0.33,168,0.39681316609787204,0.6364762711475627,9.515891026511284,0.47534091029790704,1.0,0.0,0.0,0.0,0.0,0.3554441048898572,0.024150285351545123,0.0,0.000757772860194625,0.9650028626159336,0.8426170218606928,0.07747776668002533,0.0
haptic_force_rich,0.33,169,0.5168993417311125,0.5299470007918387,6.564506044887273,0.3170641651723769,0.0,0.0,1.0,0.0,0.0,0.6245499602715511,0.07029673855657873,0.0,0.0022563835664238183,0.9723871646984673,0.885821980693428,0.07788577725690238,0.0
haptic_force_rich,0.33,170,0.3982060454092656,0.5478144866390798,8.310482775023136,0.5462268338455308,1.0,0.0,0.0,0.0,0.0,0.4367667996757129,0.033285215793589715,0.0,0.0014784690931088926,0.9622586911457415,0.8294584213414187,0.07838987759538196,0.0
haptic_force_rich,0.33,171,0.5981126534539237,0.6114621224545405,7.363938586381721,0.5579073245617645,1.0,0.0,0.0,0.0,0.0,0.11744292408906652,0.011586221046536747,0.0,0.0016456504299138686,0.9613639598257112,0.8236308266685667,0.07771926257871906,0.0
haptic_force_rich,0.33,172,0.43733740147324784,0.5770838476018995,9.481552554731207,0.3347347623470454,1.0,0.0,0.0,0.0,0.0,0.21946513540442708,0.012610421336190178,0.0,0.0007060953375590926,0.9691146162956814,0.8711560212476174,0.07837681228021985,0.0
haptic_force_rich,0.33,173,0.40830096925631687,0.7431043552587331,7.818116711601173,0.6981534615563869,1.0,0.0,0.0,0.0,0.0,0.13411207583995655,0.011698359674383374,0.0,0.0005171999233960261,0.9522097309108444,0.7707553274603783,0.07741245113528719,0.0
haptic_force_rich,0.33,174,0.40847184162136785,0.6593247286029879,9.112155247995696,0.726193221482101,1.0,0.0,0.0,0.0,0.0,0.15135771910109425,0.011972769249435024,0.0,0.001148259954615095,0.9433816623515219,0.7210636652488879,0.0775838913879157,0.0
haptic_force_rich,0.33,175,0.40099032258869616,0.6302016502499779,8.202239454594924,0.362915406974523,1.0,0.0,0.0,0.0,0.0,0.13235449328203952,0.012463593783272286,0.0,0.0015360757217411803,0.9682841059445996,0.8671676658506821,0.0786238235004738,0.0
haptic_force_rich,0.33,176,0.5426585648323914,0.6509687724888166,6.939174622547793,0.7301111031496839,1.0,0.0,0.0,0.0,0.0,0.35639099024342363,0.024461643732862942,1.0,0.001801746895278969,0.950960970414432,0.7650120553116391,0.07776179080394376,0.0
haptic_force_rich,0.33,177,0.4597987619000432,0.5878317308373882,7.488493584328117,0.4575683447622755,1.0,0.0,0.0,0.0,0.0,0.4528797046275972,0.032010772280057394,0.0,0.0031300589457786006,0.963131741536304,0.8398030292540551,0.07812455026054649,0.0
haptic_force_rich,0.33,178,0.4935361065030734,0.5256647695207387,7.563138960670514,0.5788108145079751,0.0,0.0,1.0,0.0,0.0,0.13518103721127472,0.011751059972281083,0.0,0.001392796191520731,0.9528555150107684,0.7708397714443835,0.07765041804980584,0.0
haptic_force_rich,0.33,179,0.4456977007129589,0.665355648503798,6.630680752746097,0.34457195883477476,1.0,0.0,0.0,0.0,0.0,0.49938842129338445,0.0423282078329549,0.0,0.0006551641044441686,0.9692828617479675,0.8673960469456921,0.0813183594994988,0.0
pose_only_visual,0.67,0,0.6965746038729437,0.577238485914806,7.256830491572167,0.43668321330106163,0.0,0.0,1.0,0.0,0.015733174478586118,1.7260890759504675,2.1544680933312157,0.0,0.014732993194009772,0.8536780291271963,0.7940163399392196,0.9679025650407821,0.3229992236811823
pose_only_visual,0.67,1,0.5281921179096634,0.6361753142511937,6.560239686892075,0.3627350032159756,0.0,1.0,0.0,0.0,0.05863636679634959,2.270225668615442,1.4748940541601852,0.0,0.006390765068656199,0.8634129918933033,0.8390948431618784,0.15436585900829694,0.6478222529492383
pose_only_visual,0.67,2,0.5461801996857973,0.5951948188538179,6.1008336423522245,0.7446375770810283,0.0,1.0,0.0,0.0,0.21557809876285908,2.0766033544060605,1.57325676251392,1.0,0.011023023225255741,0.8480515819650062,0.7626262632973421,0.25676356404432615,0.9483787983982147
pose_only_visual,0.67,3,0.5923379881651312,0.5614493569831378,7.9440031796079955,0.7047439792400166,0.0,0.0,1.0,0.0,0.00805958467800197,1.8968052979363417,2.2972201167754545,1.0,0.0053588315569156305,0.8512172357200417,0.7728513588967753,0.9201206074915866,0.1848953410236207
pose_only_visual,0.67,4,0.5230825973233989,0.5206281882413557,8.203134572285938,0.4624072138655858,0.0,0.0,1.0,0.0,0.0002230067229398858,1.9650955760624225,2.089733671997224,0.0,0.005226220728975517,0.8536651692312726,0.7822689743535961,0.5438598112982861,0.0
pose_only_visual,0.67,5,0.4859446195986997,0.6479423662272044,6.497153187719615,0.6576290760977456,0.0,1.0,0.0,0.0,0.1076197711632413,2.4262498264078562,1.2467199401033615,1.0,0.005176696686522725,0.8505580672043671,0.7721934763252774,0.09825875525508808,0.8153454184380644
pose_only_visual,0.67,6,0.45406502880187855,0.669558844834127,8.578114385817543,0.6101662476106051,1.0,0.0,0.0,0.0,0.0,2.610435133598047,1.0717915217922647,1.0,0.005076002607599053,0.8522567741099639,0.7850768276441963,0.08280210258766033,0.0
pose_only_visual,0.67,7,0.6913406246166469,0.5360823174621631,7.436704128998879,0.4187432601862212,0.0,0.0,1.0,0.0,0.010391287496270179,1.6590530875557967,2.2046347433241587,0.0,0.010217311064029478,0.8625975966777192,0.8286422814090987,0.9774251941443061,0.23173255869863185
pose_only_visual,0.67,8,0.5158319264259611,0.5360078695981048,7.538803772362343,0.5268153552578717,0.0,0.0,1.0,0.0,0.011412309569839189,2.0176661191858094,1.9254802062338507,1.0,0.006396300169183449,0.8552963930704461,0.7989266770082496,0.32969343498272724,0.2513853514816834
pose_only_visual,0.67,9,0.46870084022289166,0.5701837114704386,7.628175785846496,0.4203223808225339,0.0,1.0,0.0,0.0,0.006205289574023352,2.2830139064225503,1.4498834274325796,1.0,0.006340088791704528,0.8608613660756772,0.8264535922727951,0.15320986676204662,0.14284351355056868
pose_only_visual,0.67,10,0.7127898278224278,0.7684678093883128,8.661053578537189,0.38828626752759954,1.0,0.0,0.0,0.0,0.0,2.082673179893908,1.7976563590868482,0.0,0.005049726976276105,0.8579637922265674,0.8066207662703985,0.2575655665302679,0.0
pose_only_visual,0.67,11,0.5670400579600421,0.5835142012174491,7.6912951296286245,0.5457405387310186,1.0,0.0,0.0,0.0,0.008546286286691004,2.0027691300703383,1.9612147463514213,1.0,0.012149094001311807,0.8596944258339793,0.8047796918333601,0.3586209927153205,0.19490197991259328
pose_only_visual,0.67,12,0.581739302440375,0.5627915832574524,7.694432633870196,0.5450497004279616,0.0,0.0,1.0,0.0,0.008453546419127241,1.9270071938778073,2.207557286602646,1.0,0.008084131746220191,0.8516689492014096,0.7682444341652228,0.8531683107241836,0.19300475833358333
pose_only_visual,0.67,13,0.5777813017336927,0.4778125186497303,7.6013716501050785,0.35801226515852286,0.0,0.0,1.0,0.0,0.005307778998017615,1.7709492369319726,2.4882332033441723,0.0,0.008078958002993453,0.8589572444535035,0.8067418219137109,0.9649847785653254,0.11712423142989659
pose_only_visual,0.67,14,0.5858334610480946,0.48553970319867484,7.554485693945587,0.6419551251714093,0.0,0.0,1.0,0.0,0.015138281414434305,1.7491917726160484,2.4115733836170934,1.0,0.009654230331772385,0.8542608940509502,0.7865681828484871,0.9649384158688079,0.31424384194839516
pose_only_visual,0.67,15,0.6104935746164678,0.7257179731719128,8.182311678581463,0.7822577034825338,1.0,0.0,0.0,0.0,0.005842195913217017,2.2121794499535814,1.5088106096914264,1.0,0.003666807140989977,0.8477124561678263,0.752375179604701,0.1597888919646172,0.1325301075813513
pose_only_visual,0.67,16,0.438243695098522,0.6973927434202406,6.796381452189887,0.5283015386958115,0.0,1.0,0.0,0.0,0.04629454919553658,2.7508600757098907,0.9668206298119079,1.0,0.009817169710664217,0.856197121307001,0.8104168775651008,0.08062746436273599,0.5950622203783729
pose_only_visual,0.67,17,0.7209766365750729,0.5615870809322665,8.570859481089471,0.6825160333050844,0.0,0.0,1.0,0.0,1.7827786414344232e-05,1.8778995429330219,3.370294705035118,1.0,0.01276725340418152,0.8434620618640875,0.7294033931041556,0.976871489437358,0.0
pose_only_visual,0.67,18,0.6496090372306652,0.6564514283373238,9.273718691888984,0.7737806934200812,1.0,0.0,0.0,0.0,0.0,1.962775966697832,2.0299270097417286,1.0,0.007375793047931909,0.8480283375888029,0.7620425013597786,0.4232073869927272,0.0
pose_only_visual,0.67,19,0.5871015627596089,0.6911816364448342,9.315804087748283,0.6129634861869182,1.0,0.0,0.0,0.0,0.0,2.2095583703850252,1.5344687452658945,1.0,0.004089542384180503,0.8453275832873569,0.7457288901006558,0.1564277590933548,0.0
pose_only_visual,0.67,20,0.46468890706603955,0.7871548249741649,9.12486301513381,0.5911176432169186,1.0,0.0,0.0,0.0,0.0,2.850399192119036,0.8954113442152578,1.0,0.0038080373146942175,0.8557645041043394,0.8009108602276219,0.08604807094149032,0.0
pose_only_visual,0.67,21,0.5471109421584573,0.5869310908909412,7.883866285625988,0.5404727617277424,1.0,0.0,0.0,0.0,0.004874821091255798,2.0635474835769547,1.8142459717100072,1.0,0.006545108180019773,0.8520233373783205,0.7724555461707474,0.2613417377747158,0.10444276658009899
pose_only_visual,0.67,22,0.5619225404669774,0.7161257102092804,7.344937895829943,0.6395313902271383,1.0,0.0,0.0,0.0,0.021268376038135122,2.3467958533898923,1.3411196164361907,1.0,0.005070779646369324,0.8400283999595901,0.719400550678524,0.12331295624348383,0.39929013397799673
pose_only_visual,0.67,23,0.7251611443977543,0.48422919204995135,7.902445263537178,0.6983705272940561,0.0,0.0,1.0,0.0,0.008774462489960232,1.5600325440517817,2.308497049749999,1.0,0.01061840855828604,0.8551762237265117,0.7972661309448085,0.9982423016099469,0.19955091849457396
pose_only_visual,0.67,24,0.6778541409710773,0.6836669678000435,7.135309460474302,0.7934843007456875,0.0,1.0,0.0,0.0,0.040550963118726815,1.9589710300156955,2.0374918630845267,1.0,0.005193571700441721,0.84196009950347,0.7216065284573357,0.46542225634965695,0.5715266368151399
pose_only_visual,0.67,25,0.5261517460874056,0.5404789976243757,8.070314201382459,0.8077859363375983,0.0,0.0,1.0,0.0,0.008748719524087713,1.9818422923924015,1.9677394758914035,1.0,0.00955890649323868,0.8439652218828853,0.7346679988469776,0.35401091054617406,0.19902776902225217
pose_only_visual,0.67,26,0.6876436966254875,0.5410766571610773,8.462792714662047,0.6926278467629152,0.0,0.0,1.0,0.0,0.0009340801033781843,1.8613307830634183,3.267079930396569,1.0,0.010287242139083634,0.85167733839035,0.7675798911408188,0.9749188782487372,0.0
pose_only_visual,0.67,27,0.5586404177655986,0.5529038798720374,7.505198004408801,0.3768279544624123,0.0,0.0,1.0,0.0,0.007488212127040753,1.963984376533051,2.1123959744132343,0.0,0.0072210470819598985,0.8616538242238637,0.8348135626725044,0.6044930533787699,0.1729890328835495
pose_only_visual,0.67,28,0.624930213902465,0.5609706415451389,7.690957778878557,0.4887721185209313,0.0,0.0,1.0,0.0,0.0067394055911748855,1.869062822519778,2.557883253272132,1.0,0.01593388410998591,0.854379237540074,0.7974581843708647,0.9441015895335247,0.15712162926271456
pose_only_visual,0.67,29,0.448923180172524,0.7029930714571566,9.08877648636268,0.6546445595214238,1.0,0.0,0.0,0.0,0.0,2.711443023335692,0.9872566227838,1.0,0.007752809559791321,0.8546052925888236,0.7849295678884468,0.08039250519027419,0.0
pose_only_visual,0.67,30,0.715523799185078,0.5715561475723406,7.9061588908335505,0.5848764737742521,0.0,0.0,1.0,0.0,0.005515804345722219,1.7628707270594974,2.7010381498481086,1.0,0.011840860213101496,0.85491346873212,0.7996483359486461,0.9723243008335263,0.12315332922559086
pose_only_visual,0.67,31,0.7056803585571474,0.716488830938469,7.671853695563416,0.4761906651066097,1.0,0.0,0.0,0.0,0.006756488974174731,1.9895406838695289,2.011670092781495,0.0,0.0077810653407423755,0.8610247579210456,0.8238963085315737,0.40555886826993626,0.15748700210056743
pose_only_visual,0.67,32,0.6515127547332328,0.6602140741440701,8.716522473196253,0.3643187765945877,1.0,0.0,0.0,0.0,0.0,1.9948875222061442,2.019104220225201,0.0,0.009600369830193608,0.8596418005577019,0.8137592251745235,0.40901573920901263,0.0
pose_only_visual,0.67,33,0.5685946160311006,0.6103082339653241,6.046446759803334,0.7451687484459826,0.0,1.0,0.0,0.0,0.23057082558261413,2.0573299461586627,1.5117909523871509,1.0,0.010190780955186473,0.8416754952836175,0.7235613062601154,0.26959553550963716,0.956539079973317
pose_only_visual,0.67,34,0.44630033500313215,0.6492401670247916,8.499535563797313,0.6866433684117925,1.0,0.0,0.0,0.0,0.0005896673696761883,2.5794962490543383,1.092795656163578,1.0,0.004930558908763701,0.8513454665150174,0.7753432339051504,0.0817541096071193,0.0
pose_only_visual,0.67,35,0.5547377360770267,0.6620323779035038,6.931680140060346,0.3639553387272326,0.0,1.0,0.0,0.0,0.026376046994535832,2.2539125838446825,1.4984883923516765,0.0,0.0024661098313067085,0.8651454601679488,0.8459806154559886,0.1559472901612078,0.4407595816941784
pose_only_visual,0.67,36,0.7341342644041415,0.6479267835043535,6.147592900673616,0.5130992261431081,0.0,1.0,1.0,0.0,0.16196169254018783,1.8084904389313203,1.3625830397799437,0.0,0.014374773501582718,0.8455930485521327,0.7499433365782858,0.9534571600605114,0.9006081144760503
pose_only_visual,0.67,37,0.72867971142375,0.7046791740758216,5.866263812720804,0.4824448091784108,0.0,1.0,1.0,0.0,0.23683429587164276,1.9474348059405815,1.2893576116223702,0.0,0.011999025141836754,0.8529471824312145,0.7798924680604452,0.819435150128583,0.957690184106531
pose_only_visual,0.67,38,0.6774467555318997,0.7914828500967351,8.317885671547167,0.505387877136481,1.0,0.0,0.0,0.0,0.0,2.2053471939661615,1.5551289203887566,0.0,0.004702504777782106,0.8516585891412444,0.7758188381963784,0.1896890709598105,0.0
pose_only_visual,0.67,39,0.7180691319684677,0.7478348420904608,8.36351168473439,0.5030089786384966,1.0,0.0,0.0,0.0,0.0,2.02257524626864,1.91735667280286,1.0,0.006601042485076017,0.8583420771498824,0.8040765643368984,0.328027546967349,0.0
pose_only_visual,0.67,40,0.49248747584805425,0.7095044987833624,9.389832745977397,0.3561786829849505,1.0,0.0,0.0,0.0,0.0,2.5923350493657282,1.1082687810207306,0.0,0.002646255049624914,0.8624165521618152,0.8336614724960449,0.08053973397729022,0.0
pose_only_visual,0.67,41,0.5272311980606423,0.5367205178179453,9.306169859176013,0.7078917971516365,0.0,0.0,1.0,0.0,0.0,1.9767997087775866,2.00173532992438,1.0,0.0027049557790429306,0.8428512890739807,0.7297540099422883,0.3973380667672516,0.0
pose_only_visual,0.67,42,0.47180503141675095,0.4994931930834057,6.353202955426205,0.5506803573354901,0.0,1.0,1.0,0.0,0.11939056199989173,2.042095261358506,1.7521558214264183,1.0,0.012033745843735923,0.8511188865656687,0.7784797446569974,0.31971003876307535,0.837291623899189
pose_only_visual,0.67,43,0.4438476126113387,0.6703948239688243,5.938414909815129,0.7567377947102362,0.0,1.0,0.0,0.0,0.2651585258171128,2.6392302352500634,1.036429752467936,1.0,0.011256472263515093,0.8395590845717982,0.7164873062223597,0.08037776374183354,0.9707194964587083
pose_only_visual,0.67,44,0.5732105971204086,0.7698543384316103,8.983030811057588,0.6961303947715073,1.0,0.0,0.0,0.0,0.0,2.43588580938469,1.2326027538808744,1.0,0.004953638954528437,0.8454815362052853,0.7494933199685134,0.09787409723775993,0.0
pose_only_visual,0.67,45,0.4813631611252566,0.7700970222428232,8.392291745073218,0.3835008305496054,1.0,0.0,0.0,0.0,0.0,2.773518977997833,0.960229867264342,0.0,0.004598545505126762,0.8572856887636406,0.8091579656856595,0.0785273932694063,0.0
pose_only_visual,0.67,46,0.5990745713266363,0.6289407721056521,6.871992011408689,0.5167577746330296,0.0,1.0,0.0,0.0,0.03766943670853292,2.0331139557004736,1.8886421162027647,0.0,0.004995597231583566,0.8565202228231614,0.800714731272144,0.32026599092985825,0.5436295844276329
pose_only_visual,0.67,47,0.7093819818760718,0.539531269694325,8.084305480720367,0.785758128424556,0.0,0.0,1.0,0.0,0.0077005523694172505,1.7288811382206375,2.75826885598655,1.0,0.01216477442956386,0.8429991359770316,0.73461922040613,0.9805763534448082,0.17743396847207193
pose_only_visual,0.67,48,0.6117808150083147,0.7100634040554324,7.265099276273679,0.45400209456859175,1.0,0.0,0.0,0.0,0.016153306720255705,2.198274949915611,1.5732903943253675,0.0,0.0036504309673009556,0.8606157229100352,0.8207879039584692,0.1907347454393748,0.32911511612783684
pose_only_visual,0.67,49,0.6057445811528958,0.5269748816303,8.798409851359132,0.3578090566655237,0.0,0.0,1.0,0.0,0.0,1.8622531398144042,2.7234931565174785,0.0,0.009025337800471168,0.8595469246508852,0.8228520964558471,0.9543365327785568,0.0
pose_only_visual,0.67,50,0.6470135347243502,0.7126064670446935,7.304128941567268,0.7389679860423104,0.0,1.0,0.0,0.0,0.02759865931593841,2.0890710143381113,1.7286237225809244,1.0,0.005297234350321092,0.8495844316936334,0.7608908074896888,0.2543842153654998,0.46961020468890935
pose_only_visual,0.67,51,0.5207272680326058,0.7038567938699032,6.758702612666325,0.49447870006010175,0.0,1.0,0.0,0.0,0.04700866834652019,2.465383911488259,1.2203211212202878,1.0,0.004176589415656685,0.8522436406061791,0.773714520102615,0.08259453091339473,0.5974659443867111
pose_only_visual,0.67,52,0.6525935133944796,0.5645577859976896,6.391803601200659,0.5361453852529274,0.0,1.0,1.0,0.0,0.10947070106671301,1.7594574890422652,1.506160759445677,0.0,0.013629381988764691,0.8549615661130674,0.7946499247606299,0.9547435634327659,0.8164021230143175
pose_only_visual,0.67,53,0.6904061114695534,0.7847106975885036,9.217576795750253,0.80520709271125,1.0,0.0,0.0,0.0,0.0,2.13462217993332,1.6330378135972836,1.0,0.002582145224835349,0.8428586980516009,0.7371136610646207,0.203193629408393,0.0
pose_only_visual,0.67,54,0.6894712326443949,0.7903661472674217,9.20841150638701,0.6758047896361997,1.0,0.0,0.0,0.0,0.0,2.159206113910067,1.6083091369911056,1.0,0.0047466798361433865,0.851452926116485,0.773939123558099,0.19455174397549108,0.0
pose_only_visual,0.67,55,0.4627974724980369,0.5347181349729283,8.27757718767415,0.7469442850821566,0.0,0.0,1.0,0.0,0.0036517716438462986,2.1667279004499655,1.586009553399758,1.0,0.009022490512356157,0.8414709963680105,0.7259886072064425,0.21105573328357463,0.06762659787415493
pose_only_visual,0.67,56,0.5874762806301117,0.6263134847775842,9.221202824657702,0.5862958926977205,1.0,0.0,0.0,0.0,0.0,2.0506693772618974,1.835310789452174,1.0,0.007350894161866948,0.8563470306407466,0.7989785085644361,0.3109405041691731,0.0
pose_only_visual,0.67,57,0.4845699724643513,0.7717098362825513,9.027104431578133,0.40573085524047986,1.0,0.0,0.0,0.0,0.0,2.763654883067157,0.9658203022197535,0.0,0.0028546052126677155,0.858682313725091,0.816967011047433,0.0795869304638847,0.0
pose_only_visual,0.67,58,0.6240186391328169,0.6679782769171164,6.0849866182712935,0.5427355082960654,0.0,1.0,0.0,0.0,0.18343501931583914,2.0664384018669617,1.5556386857782396,1.0,0.004857011162705291,0.856263040304771,0.7966174052078129,0.2614519141805702,0.9228381754237331
pose_only_visual,0.67,59,0.5609369043807284,0.6469737712496668,9.166076493576313,0.43443765101249726,1.0,0.0,0.0,0.0,0.0,2.1892453085967816,1.5908793467342799,0.0,0.006560619428285636,0.8594245556721699,0.8194761643875326,0.1940568142058634,0.0
pose_only_visual,0.67,60,0.6988742672845494,0.7734697459315596,6.29490715700705,0.6155655012751287,0.0,1.0,0.0,0.0,0.14302123311548712,2.1064964035720246,1.7134184444023535,1.0,0.008134983290315718,0.8517483839266126,0.7687650734044716,0.2717138384621577,0.8780356430902995
pose_only_visual,0.67,61,0.4277181595208306,0.4723754848273067,7.8238057206367095,0.7859456914573467,0.0,0.0,1.0,0.0,0.013374504434517018,2.0897894242816775,1.7199908149951373,1.0,0.004898644656613514,0.8462936194298785,0.7463375602337735,0.2456105424094084,0.2876141473026169
pose_only_visual,0.67,62,0.44597603106706407,0.6031071015316061,7.899156580883476,0.49022460374765586,1.0,0.0,0.0,0.0,0.0035382426377687987,2.4666294892879437,1.2194014892174516,1.0,0.009743963352823648,0.8574294043774077,0.813649455368323,0.1037609086677216,0.06413332418224216
pose_only_visual,0.67,63,0.5869960587064045,0.5134224309859098,6.787090580843719,0.5834759092103744,0.0,1.0,1.0,0.0,0.053066533676809656,1.7624264751218042,1.8202103360211594,1.0,0.00834556182912005,0.8521446910229683,0.7821012723995141,0.9511250885954886,0.6322489507395495
pose_only_visual,0.67,64,0.5682943288034071,0.6628584376761906,8.950212790939982,0.5307807669454452,1.0,0.0,0.0,0.0,0.0,2.200452786010185,1.5596368209930977,1.0,0.006295325729734176,0.855156013085332,0.7933979242183157,0.2056011113707352,0.0
pose_only_visual,0.67,65,0.5610507573344328,0.719171903495329,6.9085267735124845,0.8085229647580053,0.0,1.0,0.0,0.0,0.06632354295976504,2.3424177552042074,1.3284271234235903,1.0,0.001668407450563036,0.8445816887250053,0.7398595058258365,0.12243412304768118,0.6966402162961572
pose_only_visual,0.67,66,0.6371123672268978,0.6615178545636309,9.007320413489973,0.7664509091090426,1.0,0.0,0.0,0.0,0.0,1.9992688524865947,1.928278773276134,1.0,0.007697980773822055,0.849386091100474,0.7625582400441875,0.33141856552123095,0.0
pose_only_visual,0.67,67,0.6874003760954417,0.7805950983032548,6.515537685173168,0.5856967315126856,0.0,1.0,0.0,0.0,0.09341529671579425,2.1507961812556577,1.6356131208394733,1.0,0.008334305298519053,0.8585760089406466,0.8143554393749034,0.20349121745965604,0.7786179511290905
pose_only_visual,0.67,68,0.7161643513995501,0.6933460107802649,7.2273322651156136,0.40126503026466387,0.0,0.0,1.0,0.0,0.01520564816934268,1.9369438817674007,2.2043760435035957,0.0,0.006323333278964789,0.8581176735402222,0.8021574952583705,0.812612654861441,0.31524097510507254
pose_only_visual,0.67,69,0.70177768978152,0.6518404768662882,8.197618923319034,0.4855767088120373,0.0,0.0,1.0,0.0,0.00052901983323638,1.892291090715401,2.390446692762013,0.0,0.00794946191570756,0.856903136187094,0.8060080251402509,0.9296643323938583,0.0
pose_only_visual,0.67,70,0.6600592010054611,0.7789503493120286,7.434960054223852,0.4174762826935964,1.0,0.0,0.0,0.0,0.010389248964816982,2.2299550948302724,1.5279701900695417,0.0,0.005390740307427752,0.8574712303584852,0.8056769088986429,0.1567104865366909,0.23169280910458034
pose_only_visual,0.67,71,0.5894845490134425,0.7737959619873492,8.465756711972777,0.657985802526089,1.0,0.0,0.0,0.0,0.0005021562511097158,2.3981440051710337,1.2782292562445918,1.0,0.006523256647742009,0.8409848848002548,0.7327741839541458,0.0993816265750393,0.0
pose_only_visual,0.67,72,0.6775202494282357,0.7823758539067345,8.858266780726993,0.5326362935359464,1.0,0.0,0.0,0.0,0.0,2.183194771441032,1.5875518440533523,1.0,0.008039225172818257,0.8470281420216972,0.7576274755663002,0.19463121765902372,0.0
pose_only_visual,0.67,73,0.706230319008647,0.5752164042092232,7.661366238026879,0.49663785796725557,0.0,0.0,1.0,0.0,0.007660419763240677,1.7509401897970236,2.5011073898514753,0.0,0.011822220620913588,0.8537353442182172,0.7893759926173617,0.9686382609111978,0.17659570421299386
pose_only_visual,0.67,74,0.5009870559923658,0.6773355513869722,9.240033208134967,0.5658530563624287,1.0,0.0,0.0,0.0,0.0,2.4593834701105677,1.2198330006146236,1.0,0.0013837413484849592,0.8532740917358569,0.7873199465855559,0.08689050471813474,0.0
pose_only_visual,0.67,75,0.7251737919356969,0.6272983074672811,9.2741333653983,0.7189877588486175,0.0,0.0,1.0,0.0,0.0,1.8446961700735018,2.754883473529879,1.0,0.012100378200635227,0.8508662543933136,0.7804452620232099,0.9560611228757505,0.0
pose_only_visual,0.67,76,0.5442467233140347,0.6149364977794994,6.838000819167354,0.5233187658504747,0.0,1.0,0.0,0.0,0.04142420668019303,2.147458304494954,1.6504029124704505,1.0,0.0051805410263514404,0.8605203621124367,0.8197767578854356,0.19902028146258394,0.5672246799216774
pose_only_visual,0.67,77,0.5931698209797232,0.5784811654763473,8.128677934906921,0.5111781819524914,0.0,0.0,1.0,0.0,0.001346002292522776,1.937929028726858,2.1733606752353833,0.0,0.007433544536057321,0.8515844392407177,0.7775127015069861,0.7248527703614888,0.0
pose_only_visual,0.67,78,0.5322691510440656,0.7678506325469944,7.599779905405992,0.734820209018607,1.0,0.0,0.0,0.0,0.0177014250677278,2.560189285205995,1.106153268953521,1.0,0.0061106668507363735,0.8380490002666143,0.7097898069967735,0.07894419134631706,0.35117813241837414
pose_only_visual,0.67,79,0.43136215220964336,0.4674255271756427,6.381674025459317,0.6545515406078053,0.0,1.0,1.0,0.0,0.13019865366697017,2.070256267191968,1.7809299671998702,1.0,0.006839398005318904,0.8501987634914282,0.7656814043601615,0.256139911793352,0.8589552591290932
pose_only_visual,0.67,80,0.5412674386428716,0.6475645622910093,8.701017386178712,0.6584813118727919,1.0,0.0,0.0,0.0,0.0,2.233584380244549,1.4921515626584165,1.0,0.005709862315648633,0.851855729352105,0.7728973942631013,0.15483819689712605,0.0
pose_only_visual,0.67,81,0.6347275243590296,0.5553298405455848,6.2650433922361,0.47930397828743004,0.0,1.0,1.0,0.0,0.1276856273515871,1.7844207991720569,1.437259293133617,0.0,0.008435855113453036,0.8573060540884456,0.8032294754597872,0.9509779427671946,0.8508704199295042
pose_only_visual,0.67,82,0.5868459450624772,0.6739989121733048,7.785911657801496,0.646765055541735,1.0,0.0,0.0,0.0,0.009664536101852994,2.1647282028587536,1.6029036750263148,1.0,0.0031240217896110747,0.8501888281028307,0.7695727804284491,0.1931048227989919,0.21743040811128167
pose_only_visual,0.67,83,0.4400871537529818,0.7071601058469601,6.620377152356721,0.7833324765420945,0.0,1.0,0.0,0.0,0.10576232497617404,2.7436375479047754,0.95492868366131,1.0,0.012125480274123617,0.8451388347039441,0.7507938868037259,0.08062219378182961,0.8138542341832602
pose_only_visual,0.67,84,0.6292169827848696,0.5489238344345144,8.94454009876271,0.5814963660370881,0.0,0.0,1.0,0.0,0.0,1.8527005003326174,2.708288257339155,1.0,0.007564612800565415,0.8518842003387813,0.772976084418549,0.9518476456832138,0.0
pose_only_visual,0.67,85,0.4907449030356015,0.733499426367238,9.331772412360209,0.7420979619501542,1.0,0.0,0.0,0.0,0.0,2.622174003295465,1.051576293736544,1.0,0.00234651594938704,0.8486526737999993,0.7624089866132202,0.08006189305432447,0.0
pose_only_visual,0.67,86,0.6969091709729363,0.6097434603802602,6.861528805638243,0.5567360354969018,0.0,1.0,1.0,0.0,0.04210990860495465,1.7670247739982996,1.8850154463327755,1.0,0.009892384294899645,0.8533423808614639,0.7867542093404503,0.9540431703373092,0.5730012815498824
pose_only_visual,0.67,87,0.427969009476119,0.6555648513709703,6.763472951174171,0.3946415672211948,0.0,1.0,0.0,0.0,0.03870676093412214,2.697255606935549,1.0166696946100302,0.0,0.004548983731953465,0.8524662260718147,0.7827044692910144,0.07851376629094645,0.5418284311051105
pose_only_visual,0.67,88,0.5754038965456545,0.6260854963127029,7.28090376659861,0.7466172164538201,0.0,1.0,0.0,0.0,0.02883812021426643,2.069549431853001,1.7674800657573166,1.0,0.008179453069652018,0.8453346644162103,0.7452793120330231,0.2549686529338804,0.48216796082088975
pose_only_visual,0.67,89,0.5202366266822962,0.5765567182134816,6.959424255362707,0.7819658578981254,0.0,1.0,0.0,0.0,0.056870886760179186,2.095638680941893,1.7091198267776606,1.0,0.008276345765231353,0.8417403852578926,0.7236274107272249,0.2506002979457535,0.6561718629857698
pose_only_visual,0.67,90,0.7370760879806892,0.6792954910282135,9.323399998327368,0.6273345298404024,0.0,0.0,1.0,0.0,0.0,1.8781973600856954,2.4276406424912986,1.0,0.005606670627338326,0.8542825975527086,0.7871278658486094,0.9321763530785951,0.0
pose_only_visual,0.67,91,0.6632115748934058,0.7602092015750394,6.0488119928982185,0.38646395114367216,0.0,1.0,0.0,0.0,0.16674804935222862,2.1825715753703867,1.6085033392957935,0.0,0.006754193867111896,0.8595403088970183,0.8189063057584285,0.19594501616705046,0.9040084530736425
pose_only_visual,0.67,92,0.5973635762040819,0.5944088859985561,8.922532090606175,0.4163671974764523,0.0,0.0,1.0,0.0,0.0,1.9679211364612006,2.090682351472347,0.0,0.0090365941997872,0.8561991714063033,0.7992310201097018,0.5444812582156046,0.0
pose_only_visual,0.67,93,0.4592310786698221,0.4920653161109497,7.565657719937794,0.7661297524496695,0.0,0.0,1.0,0.0,0.020026234435061085,2.044725574461847,1.818327855117089,1.0,0.01180150864774636,0.8396355751513773,0.7211143057095634,0.3110278052178469,0.38295477184092375
pose_only_visual,0.67,94,0.7025875316349142,0.6830075065955707,5.982302245371275,0.4486947308781801,0.0,1.0,1.0,0.0,0.19603072256202195,1.9453407018904418,1.3725259588101708,0.0,0.006418506201315749,0.8545425554342876,0.7910967417309589,0.7256418558628503,0.9321821440626706
pose_only_visual,0.67,95,0.6825792254909581,0.6601502752979803,6.187429542370341,0.3741213340989253,0.0,1.0,1.0,0.0,0.12974101010781292,1.9288367553273706,1.5152253299378071,0.0,0.0059598922248664706,0.8655645288367643,0.8414929616157175,0.8120902536141902,0.8519175574567645
pose_only_visual,0.67,96,0.5120380946868359,0.503189964796693,8.759369168261705,0.5696557707434107,0.0,0.0,1.0,0.0,0.0,1.9428267706410896,2.1414958736577505,1.0,0.008446825895280105,0.854639990335279,0.7904361454729869,0.6690445153016664,0.0
pose_only_visual,0.67,97,0.5112225046898504,0.7006707044051859,6.3625385415616895,0.5390831787372069,0.0,1.0,0.0,0.0,0.11574719314423774,2.4863810779519158,1.1943329591850063,1.0,0.004249763740150194,0.8565768889915466,0.7967600673337872,0.07925969413817056,0.8297533013072522
pose_only_visual,0.67,98,0.7350744410720456,0.47669400156656294,6.230575352594206,0.6446875984274718,0.0,1.0,1.0,0.0,0.1636824369890269,1.4759946860341093,1.0341344166136432,1.0,0.016943430676597232,0.8493824770767213,0.7694481157256073,0.9989531211504878,0.9045789891608865
pose_only_visual,0.67,99,0.6130676212890582,0.4946336563778936,8.04537782609571,0.49712411688243296,0.0,0.0,1.0,0.0,0.0018256013467528114,1.80811672547811,2.882366486656678,0.0,0.007239724179167894,0.8507591677184343,0.7652335846649059,0.9717050187727727,0.0015387617965675338
pose_only_visual,0.67,100,0.5636092292325267,0.6605106090938255,9.304288706259603,0.49810610876884964,1.0,0.0,0.0,0.0,0.0,2.211261693910857,1.5467310115893578,1.0,0.0059276473308645765,0.8585888653170944,0.8143362047442398,0.1581966416203335,0.0
pose_only_visual,0.67,101,0.5756117739815443,0.7002523242926286,8.481734400051833,0.8093085017967998,1.0,0.0,0.0,0.0,0.00216747415066259,2.2500281550585117,1.4499454287748876,1.0,0.012540533295559203,0.8365907669682684,0.7083976902008166,0.1613046737842869,0.02034510006694512
pose_only_visual,0.67,102,0.5636609175870144,0.7689723319935629,8.203320065716781,0.41755167604993754,1.0,0.0,0.0,0.0,0.0,2.4889118646486916,1.2028727180671144,0.0,0.0030760741600800896,0.856950249973509,0.8075061176508739,0.0790157876988796,0.0
pose_only_visual,0.67,103,0.7275463251541763,0.5800933765745412,8.283600468570663,0.5092058248305538,0.0,0.0,1.0,0.0,0.0001480107278300358,1.8443356222148466,3.118070427460605,1.0,0.018020275007392384,0.862897590874928,0.820397529328858,0.9745189397257514,0.0
pose_only_visual,0.67,104,0.5902735773070803,0.7417209903495326,6.009264337382639,0.6210337939708936,0.0,1.0,0.0,0.0,0.21826015899929996,2.3232430507642015,1.3728014330416685,1.0,0.008315054567125727,0.8537020341273381,0.7931347269195889,0.1246618087812325,0.9489448499529947
pose_only_visual,0.67,105,0.5552480777484212,0.4922863572676014,6.5233211271192655,0.4005027188319913,0.0,1.0,1.0,0.0,0.06783723302302241,1.7922987274863031,1.649722773324525,0.0,0.008186367264303796,0.8581926487115251,0.8077038489115106,0.9464866819319244,0.6886038923498323
pose_only_visual,0.67,106,0.5248480986997961,0.5516620595090214,7.638684457732146,0.5448030225852872,0.0,0.0,1.0,0.0,0.00970770163774963,2.032808270844847,1.884494742075528,1.0,0.006542475417739515,0.8556189714437382,0.7958952865465674,0.3206402229064875,0.21828727596738196
pose_only_visual,0.67,107,0.5490937750187973,0.6560646571151219,7.65944489080159,0.820200732819987,1.0,0.0,0.0,0.0,0.019592889505538415,2.2178096861945846,1.4955439822757024,1.0,0.011452843307712264,0.8434988162366427,0.7411610626533454,0.15787641414352863,0.37715195842314464
pose_only_visual,0.67,108,0.5507608871456404,0.7744089950905984,9.119432022691786,0.5949108429193054,1.0,0.0,0.0,0.0,0.0,2.5271689527282417,1.1488431730717805,1.0,0.004589807562100735,0.8529159711340837,0.787662144992138,0.078900589600064,0.0
pose_only_visual,0.67,109,0.6518674909267566,0.7885396937509899,6.671494390360032,0.5867676980932084,0.0,1.0,0.0,0.0,0.06841141349983344,2.258870742126756,1.4640105119164277,1.0,0.006002428591341319,0.8498314082781027,0.773187161072506,0.15364919396172746,0.6983735387220854
pose_only_visual,0.67,110,0.48788787543530593,0.5327655560258462,9.199959634661049,0.6220563976658293,0.0,0.0,1.0,0.0,0.0,2.084684081993537,1.7559281114662235,1.0,0.007359095503975794,0.8485651788726595,0.7661777810020103,0.26157231440837386,0.0
pose_only_visual,0.67,111,0.6098565007907117,0.6994447434602292,6.52711420464868,0.6251027985353937,0.0,1.0,0.0,0.0,0.09719134544767473,2.164147893555529,1.6069325492411404,1.0,0.010372036407120755,0.8515475619550389,0.7810294297691998,0.20544366934036012,0.7896246864198391
pose_only_visual,0.67,112,0.6945108520911378,0.4893635323923658,6.5875179122462075,0.4944735563414561,0.0,1.0,1.0,0.0,0.06961315376915317,1.5188473752514593,1.358826707371448,0.0,0.015645926800163863,0.8547457432739191,0.7947034276396293,0.9956684374788692,0.6992654003962526
pose_only_visual,0.67,113,0.7109083599621544,0.6553483373232774,6.011534444581467,0.46038732369663,0.0,1.0,1.0,0.0,0.189426663858873,1.873468140611321,1.3313855140507764,0.0,0.0070801230755048825,0.8531626441546986,0.7840076042164357,0.9324286711514156,0.9270047006569274
pose_only_visual,0.67,114,0.5040136231492205,0.7916034623335628,8.396099241894468,0.4603671625409916,1.0,0.0,0.0,0.0,0.0,2.7346108005304934,0.983368176795767,0.0,0.0008108112804842224,0.8549235469758704,0.7972842387351686,0.08463219631202228,0.0
pose_only_visual,0.67,115,0.6992678903505427,0.7776549649057753,7.479715204169994,0.38510245534070664,1.0,0.0,0.0,0.0,0.00833996837468934,2.132357340733496,1.698411699036288,0.0,0.008240619350167216,0.8597368218188154,0.8245700883720987,0.2561383735641836,0.1906751490951737
pose_only_visual,0.67,116,0.5295583063331872,0.6805311964721028,7.891387288899072,0.554756256436923,1.0,0.0,0.0,0.0,0.0050692496445864915,2.369114178609399,1.322864549795824,1.0,0.0029219010605838,0.854067706280192,0.788768949041158,0.12073836866769669,0.11016001434599343
pose_only_visual,0.67,117,0.4765582338205477,0.7638075460671483,7.275526330088994,0.524428435913489,1.0,0.0,0.0,0.0,0.01868169888125383,2.763475109313042,0.9580181626796517,1.0,0.0034612493007975093,0.856389895616532,0.7966119297322748,0.07821523864082613,0.36477180755614524
pose_only_visual,0.67,118,0.5353890210780718,0.5867779672314078,7.958145219532501,0.6167296193180963,1.0,0.0,0.0,0.0,0.00543048251147432,2.090801109267898,1.7441894012729386,1.0,0.0032540802662512545,0.8566621379333954,0.7986601314741729,0.25737999276510376,0.1206854842713303
pose_only_visual,0.67,119,0.5019001642241459,0.744023471116495,8.572580130034844,0.6970214584781443,1.0,0.0,0.0,0.0,0.00017439673530821403,2.6118543391378934,1.0638198554574456,1.0,0.004805998034376321,0.8551507691865903,0.7885419877695686,0.08360274564891747,0.0
pose_only_visual,0.67,120,0.6362177036627054,0.4674798068799202,9.029523816281076,0.6504322316225991,0.0,0.0,1.0,0.0,0.0,1.9511928739905968,3.7853432001357277,1.0,0.007516948531956596,0.8501289292582511,0.7706733990197768,0.9880795026021889,0.0
pose_only_visual,0.67,121,0.572984320156114,0.500152383772835,6.376463675089067,0.5952000083587414,0.0,1.0,1.0,0.0,0.12154252197206279,1.7707968413451265,1.4999568991198393,1.0,0.00924549122790615,0.8488434619050474,0.757045576880874,0.951455495823995,0.842422543126673
pose_only_visual,0.67,122,0.60865145271517,0.5193882461994003,9.192817561237952,0.6880854392481801,0.0,0.0,1.0,0.0,0.0,1.844600900323601,2.831513386084887,1.0,0.006492665418348277,0.8502430565175304,0.7691520496257864,0.9572454490814446,0.0
pose_only_visual,0.67,123,0.7291320370727137,0.6760677315657885,8.359916057391622,0.5480324506867659,0.0,0.0,1.0,0.0,1.1474930169956491e-05,1.8873176499297073,2.3986806317576597,1.0,0.00966707616381709,0.8609816277087087,0.8173055457666908,0.9354605111765484,0.0
pose_only_visual,0.67,124,0.6413749119756663,0.7737542802103203,8.522264754805878,0.6951947003687546,1.0,0.0,0.0,0.0,0.0005228247635949444,2.2450154511745137,1.4708247926005387,1.0,0.00579655539619323,0.8459837050364899,0.7521233137531915,0.16068996971163474,0.0
pose_only_visual,0.67,125,0.5815142608223747,0.7015154684311997,6.925909601052022,0.5494862841092688,0.0,1.0,0.0,0.0,0.03580265782418413,2.257220924627359,1.4709151812683419,1.0,0.002162347327567028,0.8484996928284887,0.7597111147891462,0.15208867582827656,0.5327884922414096
pose_only_visual,0.67,126,0.5365752743593784,0.7034184474482309,9.149079309840833,0.557483097080026,1.0,0.0,0.0,0.0,0.0,2.404655745446241,1.280949498255769,1.0,0.014385077323796628,0.8505920580504248,0.7874093322634295,0.1021451647067046,0.0
pose_only_visual,0.67,127,0.457721045494288,0.6954305952166575,7.545878718547676,0.5390310395280364,1.0,0.0,0.0,0.0,0.01163168217864862,2.669593371477946,1.0280622433051174,1.0,0.007606017282026476,0.8522861835015553,0.7861731700251344,0.0811415929543721,0.2555418142431971
pose_only_visual,0.67,128,0.7278417131872342,0.7366010823274503,7.44225268346302,0.7709006998293879,1.0,0.0,0.0,0.0,0.02421167951924809,1.964889609100471,2.024225664316411,1.0,0.011402728708527366,0.8393990882089013,0.7188390379352316,0.412320865144647,0.4337196392906626
pose_only_visual,0.67,129,0.565185604165241,0.7495056735967808,6.64073685790245,0.6806770001512172,0.0,1.0,0.0,0.0,0.08656391503130255,2.4144626736340693,1.2575320985877976,1.0,0.0046027252781776625,0.8521714022933922,0.7765163754776988,0.09829762801483431,0.7617873481881225
pose_only_visual,0.67,130,0.6651665493170253,0.7286225134323887,8.016633978650683,0.7746198058688489,1.0,0.0,0.0,0.0,0.00879222613110552,2.0777777211926853,1.745869913454535,1.0,0.007862766240330717,0.8456759126427529,0.7441960995414244,0.2521413268541857,0.19991171259230278
pose_only_visual,0.67,131,0.7203544229553788,0.5674202728783833,7.23256947866183,0.6029147140044747,0.0,1.0,1.0,0.0,0.023385513308570496,1.6448285731092955,2.031308809053032,1.0,0.010044702725671154,0.8552610909362637,0.7935790307734957,0.9747033273449798,0.4246027120989285
pose_only_visual,0.67,132,0.6463944988172544,0.7867238841406721,7.5133167220615125,0.4313894166324779,1.0,0.0,0.0,0.0,0.009007630867626834,2.282848203623154,1.4487688963612029,1.0,0.012060862572629796,0.8558554396363596,0.8092681821684892,0.16591924709452513,0.2042738383527576
pose_only_visual,0.67,133,0.6823358930745999,0.5643665499117925,7.204769733717189,0.561543612209096,0.0,1.0,1.0,0.0,0.02235173717898463,1.7103829668557027,2.0904963328044945,0.0,0.0071316884824137155,0.8536721996083886,0.7873230475426372,0.9657273536581026,0.41298774448576847
pose_only_visual,0.67,134,0.48716770666983544,0.6829586145620943,8.116766981940295,0.7449164722113064,1.0,0.0,0.0,0.0,0.005949537044040759,2.5083031136983007,1.1540073231617096,1.0,0.00648594702524487,0.8481859477476229,0.7651066546930527,0.08172337634617224,0.13559190607402216
pose_only_visual,0.67,135,0.5114075740163535,0.603848282948863,8.549011630019354,0.7149197837005123,1.0,0.0,0.0,0.0,0.0005606966751150795,2.206229450953717,1.5265770397658107,1.0,0.0063088334380508124,0.8448375171576504,0.7415586199038601,0.15752399045384274,0.0
pose_only_visual,0.67,136,0.5712236056500106,0.46990919449656765,7.522040336524925,0.49533619309106924,0.0,0.0,1.0,0.0,0.010817374148039852,1.743877310547577,2.382971318496444,0.0,0.010093899029323318,0.8537121800034452,0.7818462308159314,0.966383824024372,0.2399959029138914
pose_only_visual,0.67,137,0.6159355030187165,0.7595824588807154,7.971909688917643,0.5874720626797773,1.0,0.0,0.0,0.0,0.004577300629173592,2.2928162687772713,1.4166947598302853,1.0,0.005778805117468678,0.8541501130081014,0.7940429814610184,0.12507656585584137,0.09562286717037038
pose_only_visual,0.67,138,0.550742601537014,0.6628155096834377,6.738369431109885,0.5837050612520699,0.0,1.0,0.0,0.0,0.059081324940756116,2.2501799868161796,1.4769239067653406,1.0,0.005703899705062162,0.8485586983662581,0.7636718482074318,0.1555294970243374,0.6599707744105123
pose_only_visual,0.67,139,0.7247658582222066,0.6768605187228702,6.381085328451146,0.8024932288891039,0.0,1.0,1.0,0.0,0.1564316163521578,1.8453717769651055,1.5730795807581075,1.0,0.010097145971683425,0.8503185081963426,0.7636069899042741,0.9308328429166258,0.8984809719861986
pose_only_visual,0.67,140,0.6653784083765342,0.4869687993517352,7.292078750532488,0.5671767686876223,0.0,0.0,1.0,0.0,0.01992967398500669,1.567644107407842,1.9545894859914368,0.0,0.014243879200240353,0.8496982837773673,0.7676633199154465,0.9883970925872357,0.38166645401943644
pose_only_visual,0.67,141,0.4438510758526566,0.5279109209551441,7.662737085349512,0.7507961244951422,1.0,0.0,0.0,0.0,0.01654943816257271,2.2157995361634173,1.5074124902984678,1.0,0.004471437243390555,0.8404038300888763,0.7134813415631674,0.15956029183603343,0.3348310130808595
pose_only_visual,0.67,142,0.48554148537946745,0.6574581370229161,6.080337094288888,0.551361005530341,0.0,1.0,0.0,0.0,0.18610453455716347,2.4634556371061787,1.216965866452033,1.0,0.003092180295851745,0.8549953223317941,0.7873528372034794,0.0792837050843222,0.9252913894681332
pose_only_visual,0.67,143,0.6944730017917282,0.6938316951856888,7.796363812768653,0.5465436318517276,1.0,0.0,0.0,0.0,0.006328805974885264,1.9639965802247432,2.0746196387088784,1.0,0.005143326271855854,0.8533533956568429,0.7873525461822274,0.5347686088658138,0.14632388138949326
pose_only_visual,0.67,144,0.6824086664092046,0.7879121065643561,7.363136466141764,0.7249900390444717,0.0,1.0,0.0,0.0,0.02472892269301518,2.1672877672249005,1.5879582496724522,1.0,0.009952549213646427,0.8414314856697978,0.7282238147356719,0.19580908752715223,0.43935385582096886
pose_only_visual,0.67,145,0.5864816194053284,0.7813022701578181,6.859758626872901,0.7745097631614013,0.0,1.0,0.0,0.0,0.06793916654203257,2.4143041275080095,1.248506751314846,1.0,0.003153041456465998,0.8412842348831828,0.7243901815463349,0.09761700407640402,0.7020005573507762
pose_only_visual,0.67,146,0.6207408085830408,0.7451740294800657,7.501028902221857,0.7299796764476958,1.0,0.0,0.0,0.0,0.02038965276415059,2.2334977384379315,1.483400276860818,1.0,0.009171311286048029,0.8481717065222499,0.7677645478507549,0.15855853319751967,0.3877795141373336
pose_only_visual,0.67,147,0.6449933806909236,0.6690693459659854,6.766676579098753,0.6441769775607724,0.0,1.0,0.0,0.0,0.06291978578929348,2.0067338791448512,1.9317166728187303,1.0,0.0055859180377321686,0.8497517080687487,0.7644032909376547,0.33507907685249444,0.6783332456381308
pose_only_visual,0.67,148,0.6166817844703275,0.6643920766215795,5.975040294918786,0.5256003427508109,0.0,1.0,0.0,0.0,0.2114899271503953,2.082989310607155,1.4837879538955479,1.0,0.01937728960017546,0.850178952147353,0.7817272835218917,0.268482000297065,0.9439317414916892
pose_only_visual,0.67,149,0.6860057828907571,0.6469121474324047,6.343783397398936,0.5692856684953489,0.0,1.0,1.0,0.0,0.12422799028308741,1.8723719950336473,1.5803135382331017,1.0,0.005286837415927441,0.8561698085538436,0.8028488433794817,0.9252468620786538,0.8467971423256537
pose_only_visual,0.67,150,0.692495493825621,0.47179411158821766,7.788059165459249,0.6820145708810775,0.0,0.0,1.0,0.0,0.010776010835208225,1.5574778700064293,2.244906055264139,1.0,0.014008475826333966,0.8483196875142218,0.7609448650357281,0.9975459482899464,0.23919763100425706
pose_only_visual,0.67,151,0.5156703989209407,0.7489562024453729,9.09178581950474,0.6178955638946794,1.0,0.0,0.0,0.0,0.0,2.582859344278254,1.0953160967530333,1.0,0.0029525607688180864,0.852453532064809,0.7843141346636399,0.07807598634502018,0.0
pose_only_visual,0.67,152,0.6402191291078994,0.7250680274813501,8.663485991558147,0.6997739645540404,1.0,0.0,0.0,0.0,0.0,2.137185113219766,1.6435157045321422,1.0,0.004983670216461041,0.8499091572594244,0.7671415717926032,0.2047793385412526,0.0
pose_only_visual,0.67,153,0.6908970937666545,0.6680632497113225,7.695410039520553,0.43641056171937354,0.0,0.0,1.0,0.0,0.005509536313816051,1.9334297248018169,2.209589598865028,0.0,0.011386058834876239,0.8627307042953638,0.8258112356952657,0.8121951659521658,0.1229722689047349
pose_only_visual,0.67,154,0.6478615050068584,0.6736726708358691,6.670054363444071,0.7846432015931111,0.0,1.0,0.0,0.0,0.09752709787153375,2.0000184647898274,1.923037789013894,1.0,0.01640318340327648,0.8418130521848206,0.7359765489323316,0.33757270436362113,0.7942412653379906
pose_only_visual,0.67,155,0.5489776293568285,0.6699123075431703,8.854375083739159,0.7224397920179946,1.0,0.0,0.0,0.0,0.0,2.262771260612878,1.4422999082061565,1.0,0.005467035350348928,0.8523971467457985,0.774196928231763,0.1537277780898889,0.0
pose_only_visual,0.67,156,0.7058660198646018,0.6475175677396218,9.354291255874948,0.3797567171836268,0.0,0.0,1.0,0.0,0.0,1.888762313971038,2.4499904170313402,0.0,0.013703333149400932,0.8647906166343324,0.8364954915672127,0.9361373723874747,0.0
pose_only_visual,0.67,157,0.7061663260033151,0.723814583333202,9.171713741536063,0.5683444235104735,1.0,0.0,0.0,0.0,0.0,1.9956940252740696,1.9758226869948488,1.0,0.005922958204929639,0.8527742343173413,0.7835934719161338,0.34167987005056877,0.0
pose_only_visual,0.67,158,0.4835876417463473,0.7793535063176602,8.638133571973626,0.6408058612089922,1.0,0.0,0.0,0.0,0.0,2.761991367135744,0.9513693659833303,1.0,0.005823018492747531,0.8434378448471899,0.7451256544595086,0.08166699042404439,0.0
pose_only_visual,0.67,159,0.49503507244984013,0.6904599744654071,8.534314981108395,0.6786883824522076,1.0,0.0,0.0,0.0,0.00023814476396123976,2.505144328070145,1.162909135107297,1.0,0.006974378048835541,0.8461329033958782,0.7560977435791381,0.0797066299768677,0.0
pose_only_visual,0.67,160,0.49686776505455704,0.500456924180307,6.1283347558676295,0.7685496799685716,0.0,1.0,1.0,0.0,0.2126297803951051,1.9612961562082556,1.4886737283398537,1.0,0.01273960500103143,0.842517135942392,0.7346395737203457,0.4745423821224284,0.9468080314359926
pose_only_visual,0.67,161,0.6187314923962728,0.5063395430300325,7.604457240140473,0.6155857445424662,0.0,0.0,1.0,0.0,0.012731131501290514,1.7410861797170445,2.439321579023445,1.0,0.006673246354919662,0.8514554323704693,0.7720702117580266,0.969648534701756,0.2760280398630476
pose_only_visual,0.67,162,0.6999569459439977,0.5742119440647954,9.176361171824619,0.4137723958437117,0.0,0.0,1.0,0.0,0.0,1.86039820071917,3.06762622604346,0.0,0.007564413241101443,0.8625251242457528,0.8322189295469948,0.9666691368119509,0.0
pose_only_visual,0.67,163,0.45696538532318814,0.7375280291538311,6.745480428689234,0.5474864339831667,0.0,1.0,0.0,0.0,0.05393901997918788,2.7731979011640786,0.9496116521899219,1.0,0.010446470745511985,0.8510601511024612,0.783757097423871,0.08478773069791475,0.6351091825771784
pose_only_visual,0.67,164,0.44640244886618125,0.5388595028876871,6.594651842492192,0.4158973950432494,0.0,1.0,0.0,0.0,0.059426757996878785,2.269608517049763,1.4692931134784475,0.0,0.003490981555648136,0.8551314512633187,0.7920233734468859,0.15266584008211034,0.6540894868465046
pose_only_visual,0.67,165,0.4274655989481302,0.6691851558155026,9.078943560040909,0.4094414671960997,1.0,0.0,0.0,0.0,0.0,2.7337017041594307,0.9876109193004391,0.0,0.0017731723223902793,0.8539774672016488,0.7949348536413895,0.07780173085255108,0.0
pose_only_visual,0.67,166,0.666709935492173,0.6663832482790785,6.4354941702491075,0.8217837679048592,0.0,1.0,0.0,0.0,0.14843045538442629,1.9355405023048322,1.7074484329464708,1.0,0.010771288475478816,0.8356586382677688,0.6972634002625094,0.539412884116384,0.888686014835708
pose_only_visual,0.67,167,0.7196803477923495,0.5861762949593482,8.336470380235356,0.6049915325944661,0.0,0.0,1.0,0.0,0.000852175425366481,1.857032619856866,3.1128839346537265,1.0,0.014846326249529388,0.8522887295399415,0.7785526313627499,0.9689762572752942,0.0
pose_only_visual,0.67,168,0.6698863393707801,0.7534550045328984,8.219147727319474,0.4561070754660005,1.0,0.0,0.0,0.0,2.7386085571454885e-05,2.1453229439953407,1.664031497480755,1.0,0.009392284168919253,0.8551036257788858,0.7993854654957053,0.20295162769165792,0.0
pose_only_visual,0.67,169,0.6646833328772647,0.5917530507583673,7.806749289346975,0.6055588416086222,0.0,0.0,1.0,0.0,0.007869776884119425,1.8589393836548709,2.6003430635965703,1.0,0.0113419280716266,0.851053238870718,0.7781128620411503,0.945780149181102,0.18095924646839923
pose_only_visual,0.67,170,0.6602352880471817,0.6965242364408739,9.234570948751772,0.390982368206457,1.0,0.0,0.0,0.0,0.0,2.0495908804515683,1.871588907549729,0.0,0.007785226536811603,0.8602038307997779,0.8267408305969296,0.33079720324955864,0.0
pose_only_visual,0.67,171,0.5618521824963815,0.758644416729537,7.421513490997265,0.5435377538919373,1.0,0.0,0.0,0.0,0.015028288907598964,2.459063371978645,1.2223204908554284,1.0,0.004646471798936386,0.8504556840065762,0.7772319892741824,0.07981691482604958,0.31261265936249005
pose_only_visual,0.67,172,0.49825494497655787,0.6633689067708755,7.3402969719776845,0.46840709385365925,1.0,0.0,0.0,0.0,0.014423180839542478,2.4403861984166175,1.24964842308547,1.0,0.001710923710378016,0.8585910085154547,0.8108975262855515,0.09716094703484174,0.3035693059635012
pose_only_visual,0.67,173,0.656621684044775,0.5160843316228876,6.568283774540701,0.47094058925356996,0.0,1.0,1.0,0.0,0.06958508068428831,1.6400890046989272,1.506088265029212,0.0,0.013332453133627546,0.8590208156212066,0.8122820039481008,0.9768306888457762,0.6982001497440877
pose_only_visual,0.67,174,0.6289783574063481,0.5825647987775632,8.982809126285476,0.3932730679485979,0.0,0.0,1.0,0.0,0.0,1.8953197005649711,2.403839164116158,0.0,0.00827076007284587,0.8595406555491123,0.8144664238802513,0.9308422036447761,0.0
pose_only_visual,0.67,175,0.6644409366773546,0.5745148901326171,8.20830147827581,0.6782000323380979,0.0,0.0,1.0,0.0,0.0030935975027534266,1.846384728612725,2.757270699748043,1.0,0.007177192817721511,0.8506568457105027,0.7763292126416046,0.9538309633144338,0.05032517482215104
pose_only_visual,0.67,176,0.5939289002998522,0.696387547597869,7.844021486585631,0.4511554805785877,1.0,0.0,0.0,0.0,0.0035278073582412166,2.215948627268338,1.5453985146385991,0.0,0.0037892253878369607,0.8565289800687439,0.8045662281898862,0.16078865339490392,0.06381157584668062
pose_only_visual,0.67,177,0.5801441685632304,0.7844641751286713,8.815592628066764,0.6281416420059074,1.0,0.0,0.0,0.0,0.0,2.4540745172683867,1.2196041725655409,1.0,0.001099668952172106,0.8439591397117128,0.739943423979005,0.07878195748229977,0.0
pose_only_visual,0.67,178,0.6113550901035614,0.5346424194971096,8.284604830546982,0.8026177740839924,0.0,0.0,1.0,0.0,0.0048329734240360155,1.8432649368952925,2.6950800503163475,1.0,0.010498726915515651,0.8378633040677377,0.7070280069715379,0.9511237225494104,0.10320742358213453
pose_only_visual,0.67,179,0.4741130657825335,0.5399526856989092,7.911812144617864,0.8053770672430952,1.0,0.0,0.0,0.0,0.012094377485286403,2.137949528783853,1.627305298638645,1.0,0.008043107957798107,0.844773059819188,0.7314893964873578,0.19995779128739208,0.26423300960310514
force_annotated_visual,0.67,0,0.6965746038729437,0.577238485914806,7.256830491572167,0.43668321330106163,0.0,1.0,0.0,0.0,0.4475722232350885,1.8580385573310625,0.589734483223179,0.0,0.014732993194009772,0.8536780291271963,0.7940163399392196,0.08739580291950357,0.9951292413241124
force_annotated_visual,0.67,1,0.5281921179096634,0.6361753142511937,6.560239686892075,0.3627350032159756,1.0,0.0,0.0,0.0,0.0018676381913306105,1.1588957977867904,0.2276926912698171,0.0,0.006390765068656199,0.8634129918933033,0.8390948431618784,0.07902161875146071,0.0
force_annotated_visual,0.67,2,0.5461801996857973,0.5951948188538179,6.1008336423522245,0.7446375770810283,1.0,0.0,0.0,0.0,0.0,0.5533827125510358,0.19450829372194964,1.0,0.011023023225255741,0.8480515819650062,0.7626262632973421,0.2979944099380771,0.0
force_annotated_visual,0.67,3,0.5923379881651312,0.5614493569831378,7.9440031796079955,0.7047439792400166,1.0,0.0,0.0,0.0,0.0,0.5724675208127397,0.23533274911168423,0.0,0.0053588315569156305,0.8512172357200417,0.7728513588967753,0.28634943538640284,0.0
force_annotated_visual,0.67,4,0.5230825973233989,0.5206281882413557,8.203134572285938,0.4624072138655858,0.0,0.0,1.0,0.0,0.0,0.631632125598171,0.20992842140733547,0.0,0.005226220728975517,0.8536651692312726,0.7822689743535961,0.23371681674625058,0.0
force_annotated_visual,0.67,5,0.4859446195986997,0.6479423662272044,6.497153187719615,0.6576290760977456,1.0,0.0,0.0,0.0,0.0,0.6634024165459608,0.20868138586897225,0.0,0.005176696686522725,0.8505580672043671,0.7721934763252774,0.19671686205774278,0.0
force_annotated_visual,0.67,6,0.45406502880187855,0.669558844834127,8.578114385817543,0.6101662476106051,1.0,0.0,0.0,0.0,0.0,0.6643366730840019,0.20230578591221632,0.0,0.005076002607599053,0.8522567741099639,0.7850768276441963,0.20718894306379043,0.0
force_annotated_visual,0.67,7,0.6913406246166469,0.5360823174621631,7.436704128998879,0.4187432601862212,0.0,1.0,0.0,0.0,0.05544019763366438,1.025601959677311,0.27740683048517467,0.0,0.010217311064029478,0.8625975966777192,0.8286422814090987,0.18890763355314164,0.5493482584791203
force_annotated_visual,0.67,8,0.5158319264259611,0.5360078695981048,7.538803772362343,0.5268153552578717,1.0,0.0,0.0,0.0,0.0,0.6820142954932612,0.2033656661170225,0.0,0.006396300169183449,0.8552963930704461,0.7989266770082496,0.1907033985535533,0.0
force_annotated_visual,0.67,9,0.46870084022289166,0.5701837114704386,7.628175785846496,0.4203223808225339,1.0,0.0,0.0,0.0,0.0,1.2589945876224184,0.25642025587363376,1.0,0.006340088791704528,0.8608613660756772,0.8264535922727951,0.07905158109635763,0.0
force_annotated_visual,0.67,10,0.7127898278224278,0.7684678093883128,8.661053578537189,0.38828626752759954,1.0,0.0,0.0,0.0,0.0,0.7918109400617497,0.19992362230431324,0.0,0.005049726976276105,0.8579637922265674,0.8066207662703985,0.15189665637719563,0.0
force_annotated_visual,0.67,11,0.5670400579600421,0.5835142012174491,7.6912951296286245,0.5457405387310186,1.0,0.0,0.0,0.0,0.0,0.661850466259816,0.20540892861891594,1.0,0.012149094001311807,0.8596944258339793,0.8047796918333601,0.20251599753721797,0.0
force_annotated_visual,0.67,12,0.581739302440375,0.5627915832574524,7.694432633870196,0.5450497004279616,1.0,0.0,0.0,0.0,0.0,0.863691113675568,0.19725027802063935,0.0,0.008084131746220191,0.8516689492014096,0.7682444341652228,0.1319587997842363,0.0
force_annotated_visual,0.67,13,0.5777813017336927,0.4778125186497303,7.6013716501050785,0.35801226515852286,0.0,0.0,1.0,0.0,0.0,0.5946854932112855,0.18557348552635172,0.0,0.008078958002993453,0.8589572444535035,0.8067418219137109,0.3332882567959312,0.0
force_annotated_visual,0.67,14,0.5858334610480946,0.48553970319867484,7.554485693945587,0.6419551251714093,0.0,0.0,1.0,0.0,0.014661974693131295,0.9197634301033429,0.21140195610813736,0.0,0.009654230331772385,0.8542608940509502,0.7865681828484871,0.15230513866254505,0.2200435550931148
force_annotated_visual,0.67,15,0.6104935746164678,0.7257179731719128,8.182311678581463,0.7822577034825338,1.0,0.0,0.0,0.0,0.0,0.7485902944460898,0.1952997706942007,1.0,0.003666807140989977,0.8477124561678263,0.752375179604701,0.15601737726053505,0.0
force_annotated_visual,0.67,16,0.438243695098522,0.6973927434202406,6.796381452189887,0.5283015386958115,1.0,0.0,0.0,0.0,0.0,0.8862935686243232,0.18974572703505613,0.0,0.009817169710664217,0.856197121307001,0.8104168775651008,0.10276128746421921,0.0
force_annotated_visual,0.67,17,0.7209766365750729,0.5615870809322665,8.570859481089471,0.6825160333050844,1.0,0.0,0.0,0.0,0.00909980782986376,1.1050152691142112,0.2347078956898896,0.0,0.01276725340418152,0.8434620618640875,0.7294033931041556,0.08088808292570972,0.14967108780234284
force_annotated_visual,0.67,18,0.6496090372306652,0.6564514283373238,9.273718691888984,0.7737806934200812,1.0,0.0,0.0,0.0,0.0,0.8182268520458419,0.1998197916300542,1.0,0.007375793047931909,0.8480283375888029,0.7620425013597786,0.12936970438415135,0.0
force_annotated_visual,0.67,19,0.5871015627596089,0.6911816364448342,9.315804087748283,0.6129634861869182,1.0,0.0,0.0,0.0,0.0,0.8547977914908101,0.21066126383786424,0.0,0.004089542384180503,0.8453275832873569,0.7457288901006558,0.12279845582601606,0.0
force_annotated_visual,0.67,20,0.46468890706603955,0.7871548249741649,9.12486301513381,0.5911176432169186,1.0,0.0,0.0,0.0,0.0,0.9339832180339203,0.20418548045319931,0.0,0.0038080373146942175,0.8557645041043394,0.8009108602276219,0.10845491867916868,0.0
force_annotated_visual,0.67,21,0.5471109421584573,0.5869310908909412,7.883866285625988,0.5404727617277424,1.0,0.0,0.0,0.0,0.0,1.0457229867866362,0.2175396466935735,0.0,0.006545108180019773,0.8520233373783205,0.7724555461707474,0.07944136050475036,0.0
force_annotated_visual,0.67,22,0.5619225404669774,0.7161257102092804,7.344937895829943,0.6395313902271383,1.0,0.0,0.0,0.0,0.0,0.8285109981236967,0.2075628092680821,0.0,0.005070779646369324,0.8400283999595901,0.719400550678524,0.12515568680419292,0.0
force_annotated_visual,0.67,23,0.7251611443977543,0.48422919204995135,7.902445263537178,0.6983705272940561,0.0,0.0,1.0,0.0,0.005104312302195287,0.7149109884568682,0.29299914089894,1.0,0.01061840855828604,0.8551762237265117,0.7972661309448085,0.9100311513399324,0.07447896023071376
force_annotated_visual,0.67,24,0.6778541409710773,0.6836669678000435,7.135309460474302,0.7934843007456875,1.0,0.0,0.0,0.0,0.0,0.647843665495566,0.20629743810235016,1.0,0.005193571700441721,0.84196009950347,0.7216065284573357,0.18909025720054504,0.0
force_annotated_visual,0.67,25,0.5261517460874056,0.5404789976243757,8.070314201382459,0.8077859363375983,1.0,0.0,0.0,0.0,0.0,1.4184208961899503,0.32349571415155487,1.0,0.00955890649323868,0.8439652218828853,0.7346679988469776,0.08369210351838006,0.0
force_annotated_visual,0.67,26,0.6876436966254875,0.5410766571610773,8.462792714662047,0.6926278467629152,0.0,0.0,1.0,0.0,0.0,0.5392598720263381,0.22958281648718712,1.0,0.010287242139083634,0.85167733839035,0.7675798911408188,0.3335491150848942,0.0
force_annotated_visual,0.67,27,0.5586404177655986,0.5529038798720374,7.505198004408801,0.3768279544624123,1.0,0.0,0.0,0.0,0.0,0.6167884183361579,0.21398565663977007,0.0,0.0072210470819598985,0.8616538242238637,0.8348135626725044,0.2372781603378137,0.0
force_annotated_visual,0.67,28,0.624930213902465,0.5609706415451389,7.690957778878557,0.4887721185209313,0.0,1.0,0.0,0.0,0.4057177891221149,2.121330221133004,0.6013033758031795,0.0,0.01593388410998591,0.854379237540074,0.7974581843708647,0.08187609292485404,0.9922834796211595
force_annotated_visual,0.67,29,0.448923180172524,0.7029930714571566,9.08877648636268,0.6546445595214238,1.0,0.0,0.0,0.0,0.0,1.0827273908715145,0.21708974933190464,1.0,0.007752809559791321,0.8546052925888236,0.7849295678884468,0.08039250519027419,0.0
force_annotated_visual,0.67,30,0.715523799185078,0.5715561475723406,7.9061588908335505,0.5848764737742521,1.0,0.0,0.0,0.0,0.0036734230745700813,0.8347349156177929,0.19331987943792647,0.0,0.011840860213101496,0.85491346873212,0.7996483359486461,0.15442480371945866,0.042402743608934146
force_annotated_visual,0.67,31,0.7056803585571474,0.716488830938469,7.671853695563416,0.4761906651066097,1.0,0.0,0.0,0.0,0.0,1.1812900467466296,0.24016259217591326,0.0,0.0077810653407423755,0.8610247579210456,0.8238963085315737,0.07956076607158818,0.0
force_annotated_visual,0.67,32,0.6515127547332328,0.6602140741440701,8.716522473196253,0.3643187765945877,1.0,0.0,0.0,0.0,0.0,1.510487537159833,0.3231268188801347,0.0,0.009600369830193608,0.8596418005577019,0.8137592251745235,0.07991381565456883,0.0
force_annotated_visual,0.67,33,0.5685946160311006,0.6103082339653241,6.046446759803334,0.7451687484459826,0.0,1.0,0.0,0.0,0.28706056639122224,1.4098207292746912,0.3354000981590441,1.0,0.010190780955186473,0.8416754952836175,0.7235613062601154,0.08232592434487022,0.9684829171063061
force_annotated_visual,0.67,34,0.44630033500313215,0.6492401670247916,8.499535563797313,0.6866433684117925,1.0,0.0,0.0,0.0,0.0,1.5555986812483864,0.3628385578045688,1.0,0.004930558908763701,0.8513454665150174,0.7753432339051504,0.0817541096071193,0.0
force_annotated_visual,0.67,35,0.5547377360770267,0.6620323779035038,6.931680140060346,0.3639553387272326,1.0,0.0,0.0,0.0,0.0,0.6213090095765125,0.2190339478471648,0.0,0.0024661098313067085,0.8651454601679488,0.8459806154559886,0.24454932348059746,0.0
force_annotated_visual,0.67,36,0.7341342644041415,0.6479267835043535,6.147592900673616,0.5130992261431081,0.0,1.0,0.0,0.0,0.7106020544161006,1.957936074099774,0.8030039859211059,0.0,0.014374773501582718,0.8455930485521327,0.7499433365782858,0.08865022032401096,0.9997307314104237
force_annotated_visual,0.67,37,0.72867971142375,0.7046791740758216,5.866263812720804,0.4824448091784108,0.0,1.0,0.0,0.0,0.9424146818823042,2.2447267373322113,0.9403678007916596,0.0,0.011999025141836754,0.8529471824312145,0.7798924680604452,0.08410729119389128,0.9999788252451743
force_annotated_visual,0.67,38,0.6774467555318997,0.7914828500967351,8.317885671547167,0.505387877136481,1.0,0.0,0.0,0.0,0.0,0.9430966524049689,0.20660085546256454,0.0,0.004702504777782106,0.8516585891412444,0.7758188381963784,0.098504243419281,0.0
force_annotated_visual,0.67,39,0.7180691319684677,0.7478348420904608,8.36351168473439,0.5030089786384966,1.0,0.0,0.0,0.0,0.0,0.8885404671088881,0.19721498197216555,0.0,0.006601042485076017,0.8583420771498824,0.8040765643368984,0.09968721906706927,0.0
force_annotated_visual,0.67,40,0.49248747584805425,0.7095044987833624,9.389832745977397,0.3561786829849505,1.0,0.0,0.0,0.0,0.0,0.9725892499778254,0.20868799030983512,0.0,0.002646255049624914,0.8624165521618152,0.8336614724960449,0.10116492973964221,0.0
force_annotated_visual,0.67,41,0.5272311980606423,0.5367205178179453,9.306169859176013,0.7078917971516365,0.0,0.0,1.0,0.0,0.0,0.5489221211643978,0.30069515785715994,0.0,0.0027049557790429306,0.8428512890739807,0.7297540099422883,0.5878847401969063,0.0
force_annotated_visual,0.67,42,0.47180503141675095,0.4994931930834057,6.353202955426205,0.5506803573354901,0.0,0.0,1.0,0.0,0.0076798066757442765,0.8032925058264784,0.1884145639246385,0.0,0.012033745843735923,0.8511188865656687,0.7784797446569974,0.1535455612378584,0.12256754740037401
force_annotated_visual,0.67,43,0.4438476126113387,0.6703948239688243,5.938414909815129,0.7567377947102362,1.0,0.0,0.0,0.0,0.0007125265510222375,1.2073858338305938,0.25803669289522935,1.0,0.011256472263515093,0.8395590845717982,0.7164873062223597,0.08037776374183354,0.0
force_annotated_visual,0.67,44,0.5732105971204086,0.7698543384316103,8.983030811057588,0.6961303947715073,1.0,0.0,0.0,0.0,0.0,1.1852718707318417,0.24625690876971265,1.0,0.004953638954528437,0.8454815362052853,0.7494933199685134,0.07862508928734184,0.0
force_annotated_visual,0.67,45,0.4813631611252566,0.7700970222428232,8.392291745073218,0.3835008305496054,1.0,0.0,0.0,0.0,0.0,0.75641054942673,0.1955222679187511,0.0,0.004598545505126762,0.8572856887636406,0.8091579656856595,0.15770588403775493,0.0
force_annotated_visual,0.67,46,0.5990745713266363,0.6289407721056521,6.871992011408689,0.5167577746330296,1.0,0.0,0.0,0.0,0.0,0.6889975303259929,0.21252736044757384,0.0,0.004995597231583566,0.8565202228231614,0.800714731272144,0.19085989685176422,0.0
force_annotated_visual,0.67,47,0.7093819818760718,0.539531269694325,8.084305480720367,0.785758128424556,0.0,0.0,1.0,0.0,0.0006449224049049659,0.7049992332989992,0.19098092061955693,1.0,0.01216477442956386,0.8429991359770316,0.73461922040613,0.23495608288707404,0.0
force_annotated_visual,0.67,48,0.6117808150083147,0.7100634040554324,7.265099276273679,0.45400209456859175,1.0,0.0,0.0,0.0,0.0,0.7675407956178633,0.20034692256490808,0.0,0.0036504309673009556,0.8606157229100352,0.8207879039584692,0.15299038145893962,0.0
force_annotated_visual,0.67,49,0.6057445811528958,0.5269748816303,8.798409851359132,0.3578090566655237,1.0,0.0,0.0,0.0,0.0,0.8185771284534035,0.19835206193935345,0.0,0.009025337800471168,0.8595469246508852,0.8228520964558471,0.15683040186501973,0.0
force_annotated_visual,0.67,50,0.6470135347243502,0.7126064670446935,7.304128941567268,0.7389679860423104,1.0,0.0,0.0,0.0,0.0,0.8900296169375969,0.20085918148580473,1.0,0.005297234350321092,0.8495844316936334,0.7608908074896888,0.10230258488482594,0.0
force_annotated_visual,0.67,51,0.5207272680326058,0.7038567938699032,6.758702612666325,0.49447870006010175,1.0,0.0,0.0,0.0,0.0,1.2143623340653569,0.24572448184044812,0.0,0.004176589415656685,0.8522436406061791,0.773714520102615,0.08131604928866247,0.0
force_annotated_visual,0.67,52,0.6525935133944796,0.5645577859976896,6.391803601200659,0.5361453852529274,0.0,1.0,0.0,0.0,0.8656977014761069,2.203650793511886,0.9743022527518538,0.0,0.013629381988764691,0.8549615661130674,0.7946499247606299,0.0810468061144372,0.9999513090738867
force_annotated_visual,0.67,53,0.6904061114695534,0.7847106975885036,9.217576795750253,0.80520709271125,1.0,0.0,0.0,0.0,0.0,0.5777763590415712,0.23099763540203533,1.0,0.002582145224835349,0.8428586980516009,0.7371136610646207,0.2991802366205835,0.0
force_annotated_visual,0.67,54,0.6894712326443949,0.7903661472674217,9.20841150638701,0.6758047896361997,1.0,0.0,0.0,0.0,0.0,0.9285712751463165,0.2072933214195349,0.0,0.0047466798361433865,0.851452926116485,0.773939123558099,0.09833577546951638,0.0
force_annotated_visual,0.67,55,0.4627974724980369,0.5347181349729283,8.27757718767415,0.7469442850821566,1.0,0.0,0.0,0.0,0.0,0.9941056512457531,0.22039034252731524,1.0,0.009022490512356157,0.8414709963680105,0.7259886072064425,0.08810206344062757,0.0
force_annotated_visual,0.67,56,0.5874762806301117,0.6263134847775842,9.221202824657702,0.5862958926977205,1.0,0.0,0.0,0.0,0.0,1.1934465250977173,0.2489283734191465,0.0,0.007350894161866948,0.8563470306407466,0.7989785085644361,0.07928755385162213,0.0
force_annotated_visual,0.67,57,0.4845699724643513,0.7717098362825513,9.027104431578133,0.40573085524047986,1.0,0.0,0.0,0.0,0.0,1.3823213440070135,0.2834694557887272,0.0,0.0028546052126677155,0.858682313725091,0.816967011047433,0.0795869304638847,0.0
force_annotated_visual,0.67,58,0.6240186391328169,0.6679782769171164,6.0849866182712935,0.5427355082960654,0.0,1.0,0.0,0.0,0.01873106741214692,0.8360990678261997,0.18899916870514705,0.0,0.004857011162705291,0.856263040304771,0.7966174052078129,0.1518184205531326,0.26928388175246176
force_annotated_visual,0.67,59,0.5609369043807284,0.6469737712496668,9.166076493576313,0.43443765101249726,1.0,0.0,0.0,0.0,0.0,1.3085315267048017,0.2680913667776846,0.0,0.006560619428285636,0.8594245556721699,0.8194761643875326,0.07906860531246682,0.0
force_annotated_visual,0.67,60,0.6988742672845494,0.7734697459315596,6.29490715700705,0.6155655012751287,0.0,1.0,0.0,0.0,0.17842931165551046,1.418039840281429,0.3003130284185725,1.0,0.008134983290315718,0.8517483839266126,0.7687650734044716,0.08952046041679863,0.8955687748461147
force_annotated_visual,0.67,61,0.4277181595208306,0.4723754848273067,7.8238057206367095,0.7859456914573467,0.0,0.0,1.0,0.0,0.0,0.7410656810631513,0.2028857680538529,1.0,0.004898644656613514,0.8462936194298785,0.7463375602337735,0.15255517130859308,0.0
force_annotated_visual,0.67,62,0.44597603106706407,0.6031071015316061,7.899156580883476,0.49022460374765586,1.0,0.0,0.0,0.0,0.0,1.2139526390126198,0.23489931283062707,0.0,0.009743963352823648,0.8574294043774077,0.813649455368323,0.0837174825306614,0.0
force_annotated_visual,0.67,63,0.5869960587064045,0.5134224309859098,6.787090580843719,0.5834759092103744,0.0,0.0,1.0,0.0,0.00206050744720276,0.6031754637636856,0.1880058893125989,0.0,0.00834556182912005,0.8521446910229683,0.7821012723995141,0.4113269255418107,0.0
force_annotated_visual,0.67,64,0.5682943288034071,0.6628584376761906,8.950212790939982,0.5307807669454452,1.0,0.0,0.0,0.0,0.0,1.2788754297319094,0.26685872525540694,0.0,0.006295325729734176,0.855156013085332,0.7933979242183157,0.08593253445226717,0.0
force_annotated_visual,0.67,65,0.5610507573344328,0.719171903495329,6.9085267735124845,0.8085229647580053,1.0,0.0,0.0,0.0,0.0,0.5892938917774918,0.21475206656291276,1.0,0.001668407450563036,0.8445816887250053,0.7398595058258365,0.24192298604240206,0.0
force_annotated_visual,0.67,66,0.6371123672268978,0.6615178545636309,9.007320413489973,0.7664509091090426,1.0,0.0,0.0,0.0,0.0,1.1846109016587745,0.24879924095706282,1.0,0.007697980773822055,0.849386091100474,0.7625582400441875,0.07938389048863435,0.0
force_annotated_visual,0.67,67,0.6874003760954417,0.7805950983032548,6.515537685173168,0.5856967315126856,0.0,1.0,0.0,0.0,0.061403448539334424,1.3827131016376766,0.27972115131967634,1.0,0.008334305298519053,0.8585760089406466,0.8143554393749034,0.08142789456549697,0.5816331196136848
force_annotated_visual,0.67,68,0.7161643513995501,0.6933460107802649,7.2273322651156136,0.40126503026466387,1.0,0.0,0.0,0.0,0.0,0.703574044935442,0.20214712927646572,0.0,0.006323333278964789,0.8581176735402222,0.8021574952583705,0.19104568154351045,0.0
force_annotated_visual,0.67,69,0.70177768978152,0.6518404768662882,8.197618923319034,0.4855767088120373,1.0,0.0,0.0,0.0,0.0,0.7893524030840228,0.20112786068603108,0.0,0.00794946191570756,0.856903136187094,0.8060080251402509,0.15194704574757523,0.0
force_annotated_visual,0.67,70,0.6600592010054611,0.7789503493120286,7.434960054223852,0.4174762826935964,1.0,0.0,0.0,0.0,0.0,1.1506165617204076,0.2366099982417191,0.0,0.005390740307427752,0.8574712303584852,0.8056769088986429,0.07877067075065682,0.0
force_annotated_visual,0.67,71,0.5894845490134425,0.7737959619873492,8.465756711972777,0.657985802526089,1.0,0.0,0.0,0.0,0.0,0.5500860254379594,0.2285138960881738,0.0,0.006523256647742009,0.8409848848002548,0.7327741839541458,0.3059221697257901,0.0
force_annotated_visual,0.67,72,0.6775202494282357,0.7823758539067345,8.858266780726993,0.5326362935359464,1.0,0.0,0.0,0.0,0.0,1.0058418813935828,0.2074340105752326,0.0,0.008039225172818257,0.8470281420216972,0.7576274755663002,0.08043804494222595,0.0
force_annotated_visual,0.67,73,0.706230319008647,0.5752164042092232,7.661366238026879,0.49663785796725557,0.0,1.0,0.0,0.0,0.05307278386055697,1.1333516985354646,0.25060344771050996,0.0,0.011822220620913588,0.8537353442182172,0.7893759926173617,0.09984340777184943,0.5380604665236103
force_annotated_visual,0.67,74,0.5009870559923658,0.6773355513869722,9.240033208134967,0.5658530563624287,1.0,0.0,0.0,0.0,0.0,0.7338863928545609,0.20545288722859234,0.0,0.0013837413484849592,0.8532740917358569,0.7873199465855559,0.17176739568219088,0.0
force_annotated_visual,0.67,75,0.7251737919356969,0.6272983074672811,9.2741333653983,0.7189877588486175,1.0,0.0,0.0,0.0,0.0,0.814788490086619,0.19557863568985218,1.0,0.012100378200635227,0.8508662543933136,0.7804452620232099,0.12885835706100687,0.0
force_annotated_visual,0.67,76,0.5442467233140347,0.6149364977794994,6.838000819167354,0.5233187658504747,1.0,0.0,0.0,0.0,0.0,0.9640822780899525,0.2109224361473522,0.0,0.0051805410263514404,0.8605203621124367,0.8197767578854356,0.09810172643558786,0.0
force_annotated_visual,0.67,77,0.5931698209797232,0.5784811654763473,8.128677934906921,0.5111781819524914,1.0,0.0,0.0,0.0,0.0,0.8981373314868467,0.20802488750736603,0.0,0.007433544536057321,0.8515844392407177,0.7775127015069861,0.12319841815647745,0.0
force_annotated_visual,0.67,78,0.5322691510440656,0.7678506325469944,7.599779905405992,0.734820209018607,1.0,0.0,0.0,0.0,0.0,0.9371415866927806,0.21542332012452606,0.0,0.0061106668507363735,0.8380490002666143,0.7097898069967735,0.09875889838135962,0.0
force_annotated_visual,0.67,79,0.43136215220964336,0.4674255271756427,6.381674025459317,0.6545515406078053,0.0,1.0,1.0,0.0,0.040204921760426775,1.0742674214721608,0.229997422890183,0.0,0.006839398005318904,0.8501987634914282,0.7656814043601615,0.07933575498050917,0.46090526088079786
force_annotated_visual,0.67,80,0.5412674386428716,0.6475645622910093,8.701017386178712,0.6584813118727919,1.0,0.0,0.0,0.0,0.0,0.5257346300116782,0.23960943813265131,1.0,0.005709862315648633,0.851855729352105,0.7728973942631013,0.3589640755347097,0.0
force_annotated_visual,0.67,81,0.6347275243590296,0.5553298405455848,6.2650433922361,0.47930397828743004,0.0,1.0,0.0,0.0,0.2207271058568082,1.2200187050650504,0.38727596146148724,0.0,0.008435855113453036,0.8573060540884456,0.8032294754597872,0.15486989704074758,0.9347301079442065
force_annotated_visual,0.67,82,0.5868459450624772,0.6739989121733048,7.785911657801496,0.646765055541735,1.0,0.0,0.0,0.0,0.0,0.6146349065052259,0.2203833970924521,0.0,0.0031240217896110747,0.8501888281028307,0.7695727804284491,0.23769775522791156,0.0
force_annotated_visual,0.67,83,0.4400871537529818,0.7071601058469601,6.620377152356721,0.7833324765420945,1.0,0.0,0.0,0.0,0.0,0.9087402900000063,0.1976507222172336,1.0,0.012125480274123617,0.8451388347039441,0.7507938868037259,0.10118481562206756,0.0
force_annotated_visual,0.67,84,0.6292169827848696,0.5489238344345144,8.94454009876271,0.5814963660370881,1.0,0.0,0.0,0.0,0.0,0.6324983422903181,0.2144250601652085,0.0,0.007564612800565415,0.8518842003387813,0.772976084418549,0.23138559528837602,0.0
force_annotated_visual,0.67,85,0.4907449030356015,0.733499426367238,9.331772412360209,0.7420979619501542,1.0,0.0,0.0,0.0,0.0,1.093097440051922,0.23454312687922607,1.0,0.00234651594938704,0.8486526737999993,0.7624089866132202,0.08024305453070318,0.0
force_annotated_visual,0.67,86,0.6969091709729363,0.6097434603802602,6.861528805638243,0.5567360354969018,0.0,1.0,0.0,0.0,0.07085141976326688,1.0414404900917813,0.2510781477887209,0.0,0.009892384294899645,0.8533423808614639,0.7867542093404503,0.16036477844996813,0.6280505496687987
force_annotated_visual,0.67,87,0.427969009476119,0.6555648513709703,6.763472951174171,0.3946415672211948,1.0,0.0,0.0,0.0,0.0,0.8020161962757772,0.20192498833866243,0.0,0.004548983731953465,0.8524662260718147,0.7827044692910144,0.15411436444759108,0.0
force_annotated_visual,0.67,88,0.5754038965456545,0.6260854963127029,7.28090376659861,0.7466172164538201,1.0,0.0,0.0,0.0,0.0,1.1462994990680677,0.24271915029903882,1.0,0.008179453069652018,0.8453346644162103,0.7452793120330231,0.0795177040318603,0.0
force_annotated_visual,0.67,89,0.5202366266822962,0.5765567182134816,6.959424255362707,0.7819658578981254,1.0,0.0,0.0,0.0,0.002132258684733484,1.1421001886629618,0.2500648156341381,1.0,0.008276345765231353,0.8417403852578926,0.7236274107272249,0.08122830104410975,0.0
force_annotated_visual,0.67,90,0.7370760879806892,0.6792954910282135,9.323399998327368,0.6273345298404024,1.0,0.0,0.0,0.0,0.0,0.536910792698743,0.27240212440925543,0.0,0.005606670627338326,0.8542825975527086,0.7871278658486094,0.4160126796413216,0.0
force_annotated_visual,0.67,91,0.6632115748934058,0.7602092015750394,6.0488119928982185,0.38646395114367216,0.0,1.0,0.0,0.0,0.00590311182177241,0.8161157968271562,0.19795924517941324,0.0,0.006754193867111896,0.8595403088970183,0.8189063057584285,0.12509450636332148,0.08999922604433774
force_annotated_visual,0.67,92,0.5973635762040819,0.5944088859985561,8.922532090606175,0.4163671974764523,1.0,0.0,0.0,0.0,0.0,1.3379970335501257,0.28074574929193896,0.0,0.0090365941997872,0.8561991714063033,0.7992310201097018,0.07975643569460954,0.0
force_annotated_visual,0.67,93,0.4592310786698221,0.4920653161109497,7.565657719937794,0.7661297524496695,0.0,0.0,1.0,0.0,0.0,0.8025931508605905,0.19664748793591066,1.0,0.01180150864774636,0.8396355751513773,0.7211143057095634,0.12543985571881092,0.0
force_annotated_visual,0.67,94,0.7025875316349142,0.6830075065955707,5.982302245371275,0.4486947308781801,0.0,1.0,0.0,0.0,0.04928547682586597,0.8574232417312259,0.22390003124633667,0.0,0.006418506201315749,0.8545425554342876,0.7910967417309589,0.23509063923513626,0.5175306915644241
force_annotated_visual,0.67,95,0.6825792254909581,0.6601502752979803,6.187429542370341,0.3741213340989253,1.0,0.0,0.0,0.0,0.0027042093667669427,0.5827471432161535,0.18560511375975614,0.0,0.0059598922248664706,0.8655645288367643,0.8414929616157175,0.4202080042444309,0.007955429189097307
force_annotated_visual,0.67,96,0.5120380946868359,0.503189964796693,8.759369168261705,0.5696557707434107,1.0,0.0,0.0,0.0,0.0,1.1453835800329402,0.24296933291150544,0.0,0.008446825895280105,0.854639990335279,0.7904361454729869,0.08043418523070352,0.0
force_annotated_visual,0.67,97,0.5112225046898504,0.7006707044051859,6.3625385415616895,0.5390831787372069,1.0,0.0,0.0,0.0,0.00037814679640970874,1.2594118426789545,0.25646260067463295,0.0,0.004249763740150194,0.8565768889915466,0.7967600673337872,0.07843154188671661,0.0
force_annotated_visual,0.67,98,0.7350744410720456,0.47669400156656294,6.230575352594206,0.6446875984274718,0.0,1.0,1.0,0.0,1.429785003079768,2.8210379772969705,2.3974988007261016,1.0,0.016943430676597232,0.8493824770767213,0.7694481157256073,0.10138612680944338,0.9999999048897764
force_annotated_visual,0.67,99,0.6130676212890582,0.4946336563778936,8.04537782609571,0.49712411688243296,0.0,0.0,1.0,0.0,0.0,0.4997230480334212,0.23827821797053822,0.0,0.007239724179167894,0.8507591677184343,0.7652335846649059,0.5007504511724193,0.0
force_annotated_visual,0.67,100,0.5636092292325267,0.6605106090938255,9.304288706259603,0.49810610876884964,1.0,0.0,0.0,0.0,0.0,1.1682562717749496,0.23591593279087922,0.0,0.0059276473308645765,0.8585888653170944,0.8143362047442398,0.07889363682998571,0.0
force_annotated_visual,0.67,101,0.5756117739815443,0.7002523242926286,8.481734400051833,0.8093085017967998,1.0,0.0,0.0,0.0,0.0,0.8261447150663589,0.19369227562726316,1.0,0.012540533295559203,0.8365907669682684,0.7083976902008166,0.12955407723205814,0.0
force_annotated_visual,0.67,102,0.5636609175870144,0.7689723319935629,8.203320065716781,0.41755167604993754,1.0,0.0,0.0,0.0,0.0,0.9555955700197869,0.20476101505402375,0.0,0.0030760741600800896,0.856950249973509,0.8075061176508739,0.09811736564878071,0.0
force_annotated_visual,0.67,103,0.7275463251541763,0.5800933765745412,8.283600468570663,0.5092058248305538,0.0,1.0,0.0,0.0,0.23536695484157874,1.7204078124507045,0.4205031337907882,1.0,0.018020275007392384,0.862897590874928,0.820397529328858,0.08606906423845137,0.9462444091000254
force_annotated_visual,0.67,104,0.5902735773070803,0.7417209903495326,6.009264337382639,0.6210337939708936,0.0,1.0,0.0,0.0,0.0062497499524191685,1.0007665200051328,0.20498615531155273,1.0,0.008315054567125727,0.8537020341273381,0.7931347269195889,0.08047363759946285,0.09350947982792102
force_annotated_visual,0.67,105,0.5552480777484212,0.4922863572676014,6.5233211271192655,0.4005027188319913,0.0,1.0,1.0,0.0,0.09300265407381939,1.0325080369875643,0.2759471184628169,0.0,0.008186367264303796,0.8581926487115251,0.8077038489115106,0.1865211154181344,0.7158203181372651
force_annotated_visual,0.67,106,0.5248480986997961,0.5516620595090214,7.638684457732146,0.5448030225852872,1.0,0.0,0.0,0.0,0.0,0.9611925630495087,0.21754565245527152,0.0,0.006542475417739515,0.8556189714437382,0.7958952865465674,0.09852118000503739,0.0
force_annotated_visual,0.67,107,0.5490937750187973,0.6560646571151219,7.65944489080159,0.820200732819987,1.0,0.0,0.0,0.0,0.0,0.7071854957781677,0.19595604055926483,1.0,0.011452843307712264,0.8434988162366427,0.7411610626533454,0.1579084574301014,0.0
force_annotated_visual,0.67,108,0.5507608871456404,0.7744089950905984,9.119432022691786,0.5949108429193054,1.0,0.0,0.0,0.0,0.0,0.9607162494167854,0.20570113778590624,0.0,0.004589807562100735,0.8529159711340837,0.787662144992138,0.09808131155570736,0.0
force_annotated_visual,0.67,109,0.6518674909267566,0.7885396937509899,6.671494390360032,0.5867676980932084,1.0,0.0,0.0,0.0,0.0,0.8507497850380541,0.19667672274997725,0.0,0.006002428591341319,0.8498314082781027,0.773187161072506,0.12292878200645656,0.0
force_annotated_visual,0.67,110,0.48788787543530593,0.5327655560258462,9.199959634661049,0.6220563976658293,1.0,0.0,0.0,0.0,0.0,0.7195118049562381,0.19786876678154489,0.0,0.007359095503975794,0.8485651788726595,0.7661777810020103,0.1626193977402168,0.0
force_annotated_visual,0.67,111,0.6098565007907117,0.6994447434602292,6.52711420464868,0.6251027985353937,1.0,0.0,0.0,0.0,0.0,0.7792108961640074,0.1952717047627566,0.0,0.010372036407120755,0.8515475619550389,0.7810294297691998,0.1595105747276853,0.0
force_annotated_visual,0.67,112,0.6945108520911378,0.4893635323923658,6.5875179122462075,0.4944735563414561,0.0,1.0,1.0,0.0,1.0997190534755326,2.4705303149518136,1.6521770464790013,0.0,0.015645926800163863,0.8547457432739191,0.7947034276396293,0.08161935837438122,0.9999963985341944
force_annotated_visual,0.67,113,0.7109083599621544,0.6553483373232774,6.011534444581467,0.46038732369663,0.0,1.0,0.0,0.0,0.11078691082283128,0.9869666917263893,0.2842769600043943,0.0,0.0070801230755048825,0.8531626441546986,0.7840076042164357,0.23391508479173242,0.7692489547091874
force_annotated_visual,0.67,114,0.5040136231492205,0.7916034623335628,8.396099241894468,0.4603671625409916,1.0,0.0,0.0,0.0,0.0,0.824973611237029,0.20264082756075524,0.0,0.0008108112804842224,0.8549235469758704,0.7972842387351686,0.13540235245172078,0.0
force_annotated_visual,0.67,115,0.6992678903505427,0.7776549649057753,7.479715204169994,0.38510245534070664,1.0,0.0,0.0,0.0,0.0,0.6010622218559194,0.21908971155944426,0.0,0.008240619350167216,0.8597368218188154,0.8245700883720987,0.25501949377000316,0.0
force_annotated_visual,0.67,116,0.5295583063331872,0.6805311964721028,7.891387288899072,0.554756256436923,1.0,0.0,0.0,0.0,0.0,0.8686647176263674,0.20577402914558704,0.0,0.0029219010605838,0.854067706280192,0.788768949041158,0.12200320100928992,0.0
force_annotated_visual,0.67,117,0.4765582338205477,0.7638075460671483,7.275526330088994,0.524428435913489,1.0,0.0,0.0,0.0,0.0,1.0527925094812136,0.21127466514197937,0.0,0.0034612493007975093,0.856389895616532,0.7966119297322748,0.07851248519279469,0.0
force_annotated_visual,0.67,118,0.5353890210780718,0.5867779672314078,7.958145219532501,0.6167296193180963,1.0,0.0,0.0,0.0,0.0,0.5432012221643061,0.23448147369676206,0.0,0.0032540802662512545,0.8566621379333954,0.7986601314741729,0.35742739594992196,0.0
force_annotated_visual,0.67,119,0.5019001642241459,0.744023471116495,8.572580130034844,0.6970214584781443,1.0,0.0,0.0,0.0,0.0,1.2285779855538517,0.24846168336287106,1.0,0.004805998034376321,0.8551507691865903,0.7885419877695686,0.08360274564891747,0.0
force_annotated_visual,0.67,120,0.6362177036627054,0.4674798068799202,9.029523816281076,0.6504322316225991,0.0,0.0,1.0,0.0,0.0,0.6879391832738807,0.40283035437463327,0.0,0.007516948531956596,0.8501289292582511,0.7706733990197768,0.9308083552326826,0.0
force_annotated_visual,0.67,121,0.572984320156114,0.500152383772835,6.376463675089067,0.5952000083587414,0.0,1.0,1.0,0.0,0.28119776374480415,1.341601760680522,0.4421203659157835,0.0,0.00924549122790615,0.8488434619050474,0.757045576880874,0.12204225272262113,0.9674314378500077
force_annotated_visual,0.67,122,0.60865145271517,0.5193882461994003,9.192817561237952,0.6880854392481801,0.0,0.0,1.0,0.0,0.0,0.5437486115216648,0.2734632637585249,0.0,0.006492665418348277,0.8502430565175304,0.7691520496257864,0.408785924006278,0.0
force_annotated_visual,0.67,123,0.7291320370727137,0.6760677315657885,8.359916057391622,0.5480324506867659,1.0,0.0,0.0,0.0,0.0,1.0493113920397972,0.21314682239687852,0.0,0.00966707616381709,0.8609816277087087,0.8173055457666908,0.0861344063886628,0.0
force_annotated_visual,0.67,124,0.6413749119756663,0.7737542802103203,8.522264754805878,0.6951947003687546,1.0,0.0,0.0,0.0,0.0,0.7428050806068139,0.20028874366860336,0.0,0.00579655539619323,0.8459837050364899,0.7521233137531915,0.16147243099204864,0.0
force_annotated_visual,0.67,125,0.5815142608223747,0.7015154684311997,6.925909601052022,0.5494862841092688,1.0,0.0,0.0,0.0,0.0,0.6175015514248817,0.21254804937350363,0.0,0.002162347327567028,0.8484996928284887,0.7597111147891462,0.2356290233776461,0.0
force_annotated_visual,0.67,126,0.5365752743593784,0.7034184474482309,9.149079309840833,0.557483097080026,1.0,0.0,0.0,0.0,0.0,0.7445431528878058,0.19187690668706742,1.0,0.014385077323796628,0.8505920580504248,0.7874093322634295,0.15881232143297527,0.0
force_annotated_visual,0.67,127,0.457721045494288,0.6954305952166575,7.545878718547676,0.5390310395280364,1.0,0.0,0.0,0.0,0.0,0.8125462142560599,0.1935409401447562,0.0,0.007606017282026476,0.8522861835015553,0.7861731700251344,0.12891582829867151,0.0
force_annotated_visual,0.67,128,0.7278417131872342,0.7366010823274503,7.44225268346302,0.7709006998293879,1.0,0.0,0.0,0.0,0.003581512896260778,1.2348070485320413,0.2504293053391799,1.0,0.011402728708527366,0.8393990882089013,0.7188390379352316,0.08041885460624365,0.03860930173943011
force_annotated_visual,0.67,129,0.565185604165241,0.7495056735967808,6.64073685790245,0.6806770001512172,1.0,0.0,0.0,0.0,0.0,1.2594147351245017,0.2603086397715341,1.0,0.0046027252781776625,0.8521714022933922,0.7765163754776988,0.0785285425943065,0.0
force_annotated_visual,0.67,130,0.6651665493170253,0.7286225134323887,8.016633978650683,0.7746198058688489,1.0,0.0,0.0,0.0,0.0,1.1346776494964412,0.24458982081469322,1.0,0.007862766240330717,0.8456759126427529,0.7441960995414244,0.07968012061952356,0.0
force_annotated_visual,0.67,131,0.7203544229553788,0.5674202728783833,7.23256947866183,0.6029147140044747,0.0,1.0,0.0,0.0,0.06595867249481702,1.0131234344523865,0.3005110014305988,0.0,0.010044702725671154,0.8552610909362637,0.7935790307734957,0.1908195963886411,0.6065997608806843
force_annotated_visual,0.67,132,0.6463944988172544,0.7867238841406721,7.5133167220615125,0.4313894166324779,1.0,0.0,0.0,0.0,0.0,0.9740229357844952,0.19611681774225811,0.0,0.012060862572629796,0.8558554396363596,0.8092681821684892,0.1071889916578113,0.0
force_annotated_visual,0.67,133,0.6823358930745999,0.5643665499117925,7.204769733717189,0.561543612209096,0.0,0.0,1.0,0.0,0.0,0.49676992292337474,0.18890296926080322,0.0,0.0071316884824137155,0.8536721996083886,0.7873230475426372,0.6390152608355792,0.0
force_annotated_visual,0.67,134,0.48716770666983544,0.6829586145620943,8.116766981940295,0.7449164722113064,1.0,0.0,0.0,0.0,0.0,0.9309788096753285,0.20240954554448407,1.0,0.00648594702524487,0.8481859477476229,0.7651066546930527,0.10181418184137486,0.0
force_annotated_visual,0.67,135,0.5114075740163535,0.603848282948863,8.549011630019354,0.7149197837005123,1.0,0.0,0.0,0.0,0.0,1.1849416684640242,0.25722605996081377,0.0,0.0063088334380508124,0.8448375171576504,0.7415586199038601,0.0792384452937318,0.0
force_annotated_visual,0.67,136,0.5712236056500106,0.46990919449656765,7.522040336524925,0.49533619309106924,0.0,0.0,1.0,0.0,0.025453376074872393,0.9758232497495234,0.22690118462006645,0.0,0.010093899029323318,0.8537121800034452,0.7818462308159314,0.12406862259840425,0.3415391886332131
force_annotated_visual,0.67,137,0.6159355030187165,0.7595824588807154,7.971909688917643,0.5874720626797773,1.0,0.0,0.0,0.0,0.0,1.028361158579884,0.21119164456168235,0.0,0.005778805117468678,0.8541501130081014,0.7940429814610184,0.07954565277283154,0.0
force_annotated_visual,0.67,138,0.550742601537014,0.6628155096834377,6.738369431109885,0.5837050612520699,1.0,0.0,0.0,0.0,0.0,0.7533293979643441,0.20221237852320204,0.0,0.005703899705062162,0.8485586983662581,0.7636718482074318,0.15579058363249315,0.0
force_annotated_visual,0.67,139,0.7247658582222066,0.6768605187228702,6.381085328451146,0.8024932288891039,0.0,1.0,0.0,0.0,0.4399213385985675,1.6066902889095913,0.48687876941500646,1.0,0.010097145971683425,0.8503185081963426,0.7636069899042741,0.08338915132044349,0.9943342386946307
force_annotated_visual,0.67,140,0.6653784083765342,0.4869687993517352,7.292078750532488,0.5671767686876223,0.0,1.0,1.0,0.0,0.5178980182287359,1.803031429492688,0.7939857728233906,0.0,0.014243879200240353,0.8496982837773673,0.7676633199154465,0.08139800251436248,0.997716770582485
force_annotated_visual,0.67,141,0.4438510758526566,0.5279109209551441,7.662737085349512,0.7507961244951422,1.0,0.0,0.0,0.0,0.0,0.895354878511988,0.20408032502383816,1.0,0.004471437243390555,0.8404038300888763,0.7134813415631674,0.10126588146130289,0.0
force_annotated_visual,0.67,142,0.48554148537946745,0.6574581370229161,6.080337094288888,0.551361005530341,1.0,0.0,0.0,0.0,0.0,0.9699836151956972,0.20336486155582423,0.0,0.003092180295851745,0.8549953223317941,0.7873528372034794,0.07921959023780344,0.0
force_annotated_visual,0.67,143,0.6944730017917282,0.6938316951856888,7.796363812768653,0.5465436318517276,1.0,0.0,0.0,0.0,0.0,0.5388070142025531,0.26982115953587515,0.0,0.005143326271855854,0.8533533956568429,0.7873525461822274,0.4201826586353918,0.0
force_annotated_visual,0.67,144,0.6824086664092046,0.7879121065643561,7.363136466141764,0.7249900390444717,1.0,0.0,0.0,0.0,0.0,0.8385247846115067,0.19997296594504949,1.0,0.009952549213646427,0.8414314856697978,0.7282238147356719,0.12396679206939162,0.0
force_annotated_visual,0.67,145,0.5864816194053284,0.7813022701578181,6.859758626872901,0.7745097631614013,1.0,0.0,0.0,0.0,0.0,0.6529453192412995,0.20706392925962136,1.0,0.003153041456465998,0.8412842348831828,0.7243901815463349,0.19300529092798102,0.0
force_annotated_visual,0.67,146,0.6207408085830408,0.7451740294800657,7.501028902221857,0.7299796764476958,1.0,0.0,0.0,0.0,0.0,0.6481805606210839,0.20153864205494684,0.0,0.009171311286048029,0.8481717065222499,0.7677645478507549,0.19871950969745325,0.0
force_annotated_visual,0.67,147,0.6449933806909236,0.6690693459659854,6.766676579098753,0.6441769775607724,1.0,0.0,0.0,0.0,0.0,0.67295492406999,0.21160821087572956,0.0,0.0055859180377321686,0.8497517080687487,0.7644032909376547,0.19332973596744543,0.0
force_annotated_visual,0.67,148,0.6166817844703275,0.6643920766215795,5.975040294918786,0.5256003427508109,0.0,1.0,0.0,0.0,0.22868109471811846,1.3449894210345457,0.2954215255811682,1.0,0.01937728960017546,0.850178952147353,0.7817272835218917,0.08268852079701407,0.9408620888399809
force_annotated_visual,0.67,149,0.6860057828907571,0.6469121474324047,6.343783397398936,0.5692856684953489,0.0,0.0,1.0,0.0,0.0,0.4864420504805924,0.18839399973801832,0.0,0.005286837415927441,0.8561698085538436,0.8028488433794817,0.6586449295250059,0.0
force_annotated_visual,0.67,150,0.692495493825621,0.47179411158821766,7.788059165459249,0.6820145708810775,0.0,1.0,1.0,0.0,0.20901722550662785,1.3578706208180742,0.5514936261516384,0.0,0.014008475826333966,0.8483196875142218,0.7609448650357281,0.19756280781298569,0.9267512902123975
force_annotated_visual,0.67,151,0.5156703989209407,0.7489562024453729,9.09178581950474,0.6178955638946794,1.0,0.0,0.0,0.0,0.0,0.720009073793219,0.20329384003247344,0.0,0.0029525607688180864,0.852453532064809,0.7843141346636399,0.15858265952511455,0.0
force_annotated_visual,0.67,152,0.6402191291078994,0.7250680274813501,8.663485991558147,0.6997739645540404,1.0,0.0,0.0,0.0,0.0,0.893282201454692,0.21015244033037148,0.0,0.004983670216461041,0.8499091572594244,0.7671415717926032,0.10315152013352019,0.0
force_annotated_visual,0.67,153,0.6908970937666545,0.6680632497113225,7.695410039520553,0.43641056171937354,1.0,0.0,0.0,0.0,0.04618029307617424,1.6097459329682349,0.3534185454922906,0.0,0.011386058834876239,0.8627307042953638,0.8258112356952657,0.08041417022424728,0.4974041822704085
force_annotated_visual,0.67,154,0.6478615050068584,0.6736726708358691,6.670054363444071,0.7846432015931111,1.0,0.0,0.0,0.0,0.001022056595439878,0.7429264770700698,0.19388748312778945,1.0,0.01640318340327648,0.8418130521848206,0.7359765489323316,0.15635766409035542,0.0
force_annotated_visual,0.67,155,0.5489776293568285,0.6699123075431703,8.854375083739159,0.7224397920179946,1.0,0.0,0.0,0.0,0.0,0.9683861547224741,0.20410627892392713,1.0,0.005467035350348928,0.8523971467457985,0.774196928231763,0.08056213034165782,0.0
force_annotated_visual,0.67,156,0.7058660198646018,0.6475175677396218,9.354291255874948,0.3797567171836268,1.0,0.0,0.0,0.0,0.0,1.8073178442794466,0.43266508340428306,0.0,0.013703333149400932,0.8647906166343324,0.8364954915672127,0.08147520518300261,0.0
force_annotated_visual,0.67,157,0.7061663260033151,0.723814583333202,9.171713741536063,0.5683444235104735,1.0,0.0,0.0,0.0,0.0,0.8264775019203621,0.20469596392816772,0.0,0.005922958204929639,0.8527742343173413,0.7835934719161338,0.12407607044210031,0.0
force_annotated_visual,0.67,158,0.4835876417463473,0.7793535063176602,8.638133571973626,0.6408058612089922,1.0,0.0,0.0,0.0,0.0,0.7797425723734654,0.1932627886703727,0.0,0.005823018492747531,0.8434378448471899,0.7451256544595086,0.15942564902672446,0.0
force_annotated_visual,0.67,159,0.49503507244984013,0.6904599744654071,8.534314981108395,0.6786883824522076,1.0,0.0,0.0,0.0,0.0,0.5750143614816089,0.21677495091319848,0.0,0.006974378048835541,0.8461329033958782,0.7560977435791381,0.2537676028578087,0.0
force_annotated_visual,0.67,160,0.49686776505455704,0.500456924180307,6.1283347558676295,0.7685496799685716,0.0,1.0,0.0,0.0,0.19467886950245678,1.2155778466119802,0.30501426440508134,1.0,0.01273960500103143,0.842517135942392,0.7346395737203457,0.08127751638231706,0.9115976761779794
force_annotated_visual,0.67,161,0.6187314923962728,0.5063395430300325,7.604457240140473,0.6155857445424662,0.0,0.0,1.0,0.0,0.0,0.4765324845063288,0.20013668468829987,0.0,0.006673246354919662,0.8514554323704693,0.7720702117580266,0.5813189880305443,0.0
force_annotated_visual,0.67,162,0.6999569459439977,0.5742119440647954,9.176361171824619,0.4137723958437117,0.0,0.0,1.0,0.0,0.0,0.5625490548299705,0.2577219315009686,0.0,0.007564413241101443,0.8625251242457528,0.8322189295469948,0.3432450486409549,0.0
force_annotated_visual,0.67,163,0.45696538532318814,0.7375280291538311,6.745480428689234,0.5474864339831667,1.0,0.0,0.0,0.0,0.0,0.7409857688064049,0.1890435043929912,0.0,0.010446470745511985,0.8510601511024612,0.783757097423871,0.1678953548208169,0.0
force_annotated_visual,0.67,164,0.44640244886618125,0.5388595028876871,6.594651842492192,0.4158973950432494,1.0,0.0,0.0,0.0,0.0,0.6849775994853711,0.20693820936832033,0.0,0.003490981555648136,0.8551314512633187,0.7920233734468859,0.1923196354961885,0.0
force_annotated_visual,0.67,165,0.4274655989481302,0.6691851558155026,9.078943560040909,0.4094414671960997,1.0,0.0,0.0,0.0,0.0,0.773828518379254,0.19692518158005493,0.0,0.0017731723223902793,0.8539774672016488,0.7949348536413895,0.1559556791771403,0.0
force_annotated_visual,0.67,166,0.666709935492173,0.6663832482790785,6.4354941702491075,0.8217837679048592,1.0,0.0,0.0,0.0,0.0035445939728400238,0.6768421380058195,0.18433731056634772,1.0,0.010771288475478816,0.8356586382677688,0.6972634002625094,0.2348036309582561,0.03560193235087705
force_annotated_visual,0.67,167,0.7196803477923495,0.5861762949593482,8.336470380235356,0.6049915325944661,0.0,1.0,0.0,0.0,0.1778728114587261,1.7171534742027246,0.42296066342673805,0.0,0.014846326249529388,0.8522887295399415,0.7785526313627499,0.0813918902734918,0.894931375553684
force_annotated_visual,0.67,168,0.6698863393707801,0.7534550045328984,8.219147727319474,0.4561070754660005,1.0,0.0,0.0,0.0,0.0,1.234781099653151,0.23821960988206906,0.0,0.009392284168919253,0.8551036257788858,0.7993854654957053,0.07985569481634552,0.0
force_annotated_visual,0.67,169,0.6646833328772647,0.5917530507583673,7.806749289346975,0.6055588416086222,1.0,0.0,0.0,0.0,0.015785109600276594,1.19354902484314,0.23930504307704778,0.0,0.0113419280716266,0.851053238870718,0.7781128620411503,0.0804017702914236,0.22674534342881358
force_annotated_visual,0.67,170,0.6602352880471817,0.6965242364408739,9.234570948751772,0.390982368206457,1.0,0.0,0.0,0.0,0.0,1.2663548219991525,0.24400863254079286,0.0,0.007785226536811603,0.8602038307997779,0.8267408305969296,0.08347303571389857,0.0
force_annotated_visual,0.67,171,0.5618521824963815,0.758644416729537,7.421513490997265,0.5435377538919373,1.0,0.0,0.0,0.0,0.0,0.9020051384800947,0.19848294523971616,0.0,0.004646471798936386,0.8504556840065762,0.7772319892741824,0.09963730121118378,0.0
force_annotated_visual,0.67,172,0.49825494497655787,0.6633689067708755,7.3402969719776845,0.46840709385365925,1.0,0.0,0.0,0.0,0.0,0.755425603597085,0.19805358604583367,0.0,0.001710923710378016,0.8585910085154547,0.8108975262855515,0.15364853862468136,0.0
force_annotated_visual,0.67,173,0.656621684044775,0.5160843316228876,6.568283774540701,0.47094058925356996,0.0,1.0,0.0,0.0,0.7532645612201638,2.038398221408635,0.9692005133201532,0.0,0.013332453133627546,0.8590208156212066,0.8122820039481008,0.08566425411040979,0.9998319417327289
force_annotated_visual,0.67,174,0.6289783574063481,0.5825647987775632,8.982809126285476,0.3932730679485979,1.0,0.0,0.0,0.0,0.0,0.9388058077220341,0.2091799017551145,0.0,0.00827076007284587,0.8595406555491123,0.8144664238802513,0.09969487801570408,0.0
force_annotated_visual,0.67,175,0.6644409366773546,0.5745148901326171,8.20830147827581,0.6782000323380979,0.0,0.0,1.0,0.0,0.0,0.5658880645356695,0.31826478612317255,0.0,0.007177192817721511,0.8506568457105027,0.7763292126416046,0.6369544295235687,0.0
force_annotated_visual,0.67,176,0.5939289002998522,0.696387547597869,7.844021486585631,0.4511554805785877,1.0,0.0,0.0,0.0,0.0,0.6988756222873546,0.20544355131824707,0.0,0.0037892253878369607,0.8565289800687439,0.8045662281898862,0.19506987616806185,0.0
force_annotated_visual,0.67,177,0.5801441685632304,0.7844641751286713,8.815592628066764,0.6281416420059074,1.0,0.0,0.0,0.0,0.0,0.680157059090427,0.20647011571740503,0.0,0.001099668952172106,0.8439591397117128,0.739943423979005,0.19236329682876202,0.0
force_annotated_visual,0.67,178,0.6113550901035614,0.5346424194971096,8.284604830546982,0.8026177740839924,1.0,0.0,0.0,0.0,0.0,0.9329131938148968,0.21811758109593476,1.0,0.010498726915515651,0.8378633040677377,0.7070280069715379,0.09962684317888795,0.0
force_annotated_visual,0.67,179,0.4741130657825335,0.5399526856989092,7.911812144617864,0.8053770672430952,0.0,0.0,1.0,0.0,0.0,0.5319476969407834,0.2277581755193476,1.0,0.008043107957798107,0.844773059819188,0.7314893964873578,0.296364721679526,0.0
haptic_force_visual_motion,0.67,0,0.6965746038729437,0.577238485914806,7.256830491572167,0.43668321330106163,0.0,1.0,0.0,0.0,0.29824252282692937,1.4409029753550482,0.5176085667323481,0.0,0.014732993194009772,0.8536780291271963,0.7940163399392196,0.08739580291950357,0.9671359640984153
haptic_force_visual_motion,0.67,1,0.5281921179096634,0.6361753142511937,6.560239686892075,0.3627350032159756,1.0,0.0,0.0,0.0,0.0,0.594616532183967,0.05795865751937686,0.0,0.006390765068656199,0.8634129918933033,0.8390948431618784,0.07902161875146071,0.0
haptic_force_visual_motion,0.67,2,0.5461801996857973,0.5951948188538179,6.1008336423522245,0.7446375770810283,1.0,0.0,0.0,0.0,0.0,0.1804991104530602,0.015181290634052283,1.0,0.011023023225255741,0.8480515819650062,0.7626262632973421,0.21221877875837297,0.0
haptic_force_visual_motion,0.67,3,0.5923379881651312,0.5614493569831378,7.9440031796079955,0.7047439792400166,1.0,0.0,0.0,0.0,0.0,0.26767882430580947,0.03073389963262056,0.0,0.0053588315569156305,0.8512172357200417,0.7728513588967753,0.20373740305413085,0.0
haptic_force_visual_motion,0.67,4,0.5230825973233989,0.5206281882413557,8.203134572285938,0.4624072138655858,1.0,0.0,0.0,0.0,0.0,0.13891306856323649,0.016719230410777955,0.0,0.005226220728975517,0.8536651692312726,0.7822689743535961,0.08090154114060766,0.0
haptic_force_visual_motion,0.67,5,0.4859446195986997,0.6479423662272044,6.497153187719615,0.6576290760977456,1.0,0.0,0.0,0.0,0.0,0.12162654968206328,0.014439015614781156,0.0,0.005176696686522725,0.8505580672043671,0.7721934763252774,0.07898953980127829,0.0
haptic_force_visual_motion,0.67,6,0.45406502880187855,0.669558844834127,8.578114385817543,0.6101662476106051,1.0,0.0,0.0,0.0,0.0,0.12369316518110594,0.01503681160339309,0.0,0.005076002607599053,0.8522567741099639,0.7850768276441963,0.08317913339811697,0.0
haptic_force_visual_motion,0.67,7,0.6913406246166469,0.5360823174621631,7.436704128998879,0.4187432601862212,1.0,0.0,0.0,0.0,0.0,0.5347319161193471,0.1623122756096373,0.0,0.010217311064029478,0.8625975966777192,0.8286422814090987,0.08019119851864533,0.0
haptic_force_visual_motion,0.67,8,0.5158319264259611,0.5360078695981048,7.538803772362343,0.5268153552578717,1.0,0.0,0.0,0.0,0.0,0.11755054577025642,0.013169906260854791,0.0,0.006396300169183449,0.8552963930704461,0.7989266770082496,0.07902314951571672,0.0
haptic_force_visual_motion,0.67,9,0.46870084022289166,0.5701837114704386,7.628175785846496,0.4203223808225339,1.0,0.0,0.0,0.0,0.0,0.7338158265400001,0.08995323092151629,0.0,0.006340088791704528,0.8608613660756772,0.8264535922727951,0.07905158109635763,0.0
haptic_force_visual_motion,0.67,10,0.7127898278224278,0.7684678093883128,8.661053578537189,0.38828626752759954,1.0,0.0,0.0,0.0,0.0,0.1597677370377943,0.011512984733831966,0.0,0.005049726976276105,0.8579637922265674,0.8066207662703985,0.07865154486220105,0.0
haptic_force_visual_motion,0.67,11,0.5670400579600421,0.5835142012174491,7.6912951296286245,0.5457405387310186,1.0,0.0,0.0,0.0,0.0,0.12399837313378569,0.015042959027724697,0.0,0.012149094001311807,0.8596944258339793,0.8047796918333601,0.08600943154348123,0.0
haptic_force_visual_motion,0.67,12,0.581739302440375,0.5627915832574524,7.694432633870196,0.5450497004279616,1.0,0.0,0.0,0.0,0.0,0.29479329425463485,0.01999486805747619,0.0,0.008084131746220191,0.8516689492014096,0.7682444341652228,0.08639269704012018,0.0
haptic_force_visual_motion,0.67,13,0.5777813017336927,0.4778125186497303,7.6013716501050785,0.35801226515852286,0.0,0.0,1.0,0.0,0.0,0.14066063257578282,0.01402949372172183,0.0,0.008078958002993453,0.8589572444535035,0.8067418219137109,0.2970941885473531,0.0
haptic_force_visual_motion,0.67,14,0.5858334610480946,0.48553970319867484,7.554485693945587,0.6419551251714093,0.0,0.0,1.0,0.0,0.0,0.3982257809101287,0.06055527500525409,0.0,0.009654230331772385,0.8542608940509502,0.7865681828484871,0.08043026149542795,0.0
haptic_force_visual_motion,0.67,15,0.6104935746164678,0.7257179731719128,8.182311678581463,0.7822577034825338,1.0,0.0,0.0,0.0,0.0,0.15373383266086715,0.012577410797546306,1.0,0.003666807140989977,0.8477124561678263,0.752375179604701,0.08106837869188868,0.0
haptic_force_visual_motion,0.67,16,0.438243695098522,0.6973927434202406,6.796381452189887,0.5283015386958115,1.0,0.0,0.0,0.0,0.0,0.31031931444536587,0.018107777221379538,0.0,0.009817169710664217,0.856197121307001,0.8104168775651008,0.08062746436273599,0.0
haptic_force_visual_motion,0.67,17,0.7209766365750729,0.5615870809322665,8.570859481089471,0.6825160333050844,1.0,0.0,0.0,0.0,0.0,0.5943127370528444,0.06367222065703165,0.0,0.01276725340418152,0.8434620618640875,0.7294033931041556,0.08080314351260821,0.0
haptic_force_visual_motion,0.67,18,0.6496090372306652,0.6564514283373238,9.273718691888984,0.7737806934200812,1.0,0.0,0.0,0.0,0.0,0.23463304212072747,0.014404516087523403,1.0,0.007375793047931909,0.8480283375888029,0.7620425013597786,0.08318738985597604,0.0
haptic_force_visual_motion,0.67,19,0.5871015627596089,0.6911816364448342,9.315804087748283,0.6129634861869182,1.0,0.0,0.0,0.0,0.0,0.2541864114498973,0.015118470407952733,0.0,0.004089542384180503,0.8453275832873569,0.7457288901006558,0.07838754612048994,0.0
haptic_force_visual_motion,0.67,20,0.46468890706603955,0.7871548249741649,9.12486301513381,0.5911176432169186,1.0,0.0,0.0,0.0,0.0,0.3232188518292555,0.02173751950492507,0.0,0.0038080373146942175,0.8557645041043394,0.8009108602276219,0.08604807094149032,0.0
haptic_force_visual_motion,0.67,21,0.5471109421584573,0.5869310908909412,7.883866285625988,0.5404727617277424,1.0,0.0,0.0,0.0,0.0,0.5000121884382208,0.044989655771342806,0.0,0.006545108180019773,0.8520233373783205,0.7724555461707474,0.07906431339929648,0.0
haptic_force_visual_motion,0.67,22,0.5619225404669774,0.7161257102092804,7.344937895829943,0.6395313902271383,1.0,0.0,0.0,0.0,0.0,0.24447739091416032,0.014448961687067729,0.0,0.005070779646369324,0.8400283999595901,0.719400550678524,0.07937816789226912,0.0
haptic_force_visual_motion,0.67,23,0.7251611443977543,0.48422919204995135,7.902445263537178,0.6983705272940561,0.0,0.0,1.0,0.0,0.0,0.4227526911536223,0.17867266357687844,1.0,0.01061840855828604,0.8551762237265117,0.7972661309448085,0.9999988095927579,0.0
haptic_force_visual_motion,0.67,24,0.6778541409710773,0.6836669678000435,7.135309460474302,0.7934843007456875,1.0,0.0,0.0,0.0,0.0,0.12514733859173113,0.015134453538192894,1.0,0.005193571700441721,0.84196009950347,0.7216065284573357,0.0788796432667487,0.0
haptic_force_visual_motion,0.67,25,0.5261517460874056,0.5404789976243757,8.070314201382459,0.8077859363375983,1.0,0.0,0.0,0.0,0.0,0.9466758639826224,0.1626124143229228,1.0,0.00955890649323868,0.8439652218828853,0.7346679988469776,0.08369210351838006,0.0
haptic_force_visual_motion,0.67,26,0.6876436966254875,0.5410766571610773,8.462792714662047,0.6926278467629152,0.0,0.0,1.0,0.0,0.0,0.28569648505106787,0.029275871364006528,1.0,0.010287242139083634,0.85167733839035,0.7675798911408188,0.2964275210517032,0.0
haptic_force_visual_motion,0.67,27,0.5586404177655986,0.5529038798720374,7.505198004408801,0.3768279544624123,1.0,0.0,0.0,0.0,0.0,0.17381498431176212,0.022700628680233995,0.0,0.0072210470819598985,0.8616538242238637,0.8348135626725044,0.08396930376025472,0.0
haptic_force_visual_motion,0.67,28,0.624930213902465,0.5609706415451389,7.690957778878557,0.4887721185209313,0.0,1.0,0.0,0.0,0.26958839677574725,1.697563705200764,0.5096802346028658,0.0,0.01593388410998591,0.854379237540074,0.7974581843708647,0.08187609292485404,0.9546205468486809
haptic_force_visual_motion,0.67,29,0.448923180172524,0.7029930714571566,9.08877648636268,0.6546445595214238,1.0,0.0,0.0,0.0,0.0,0.5280630589437033,0.05306180734008217,1.0,0.007752809559791321,0.8546052925888236,0.7849295678884468,0.08039250519027419,0.0
haptic_force_visual_motion,0.67,30,0.715523799185078,0.5715561475723406,7.9061588908335505,0.5848764737742521,1.0,0.0,0.0,0.0,0.0,0.32347653348898,0.03773364128053725,0.0,0.011840860213101496,0.85491346873212,0.7996483359486461,0.08054206274800828,0.0
haptic_force_visual_motion,0.67,31,0.7056803585571474,0.716488830938469,7.671853695563416,0.4761906651066097,1.0,0.0,0.0,0.0,0.0,0.5949445271097208,0.06082225026160012,0.0,0.0077810653407423755,0.8610247579210456,0.8238963085315737,0.07956076607158818,0.0
haptic_force_visual_motion,0.67,32,0.6515127547332328,0.6602140741440701,8.716522473196253,0.3643187765945877,1.0,0.0,0.0,0.0,0.0,0.9790412536356573,0.16645237202217297,0.0,0.009600369830193608,0.8596418005577019,0.8137592251745235,0.07991381565456883,0.0
haptic_force_visual_motion,0.67,33,0.5685946160311006,0.6103082339653241,6.046446759803334,0.7451687484459826,0.0,1.0,0.0,0.0,0.07742841278404734,0.9250020570442147,0.1875520279605771,0.0,0.010190780955186473,0.8416754952836175,0.7235613062601154,0.08232592434487022,0.5942822771787004
haptic_force_visual_motion,0.67,34,0.44630033500313215,0.6492401670247916,8.499535563797313,0.6866433684117925,1.0,0.0,0.0,0.0,0.0,1.0389003250626467,0.1922301241304403,0.0,0.004930558908763701,0.8513454665150174,0.7753432339051504,0.0817541096071193,0.0
haptic_force_visual_motion,0.67,35,0.5547377360770267,0.6620323779035038,6.931680140060346,0.3639553387272326,1.0,0.0,0.0,0.0,0.0,0.2129752167271778,0.024388049997808043,0.0,0.0024661098313067085,0.8651454601679488,0.8459806154559886,0.13788079649968743,0.0
haptic_force_visual_motion,0.67,36,0.7341342644041415,0.6479267835043535,6.147592900673616,0.5130992261431081,0.0,1.0,0.0,0.0,0.4854350451487082,1.5546890020437965,0.745845415145366,0.0,0.014374773501582718,0.8455930485521327,0.7499433365782858,0.08865022032401096,0.9960033077841466
haptic_force_visual_motion,0.67,37,0.72867971142375,0.7046791740758216,5.866263812720804,0.4824448091784108,0.0,1.0,0.0,0.0,0.6714840409613495,1.7997007644719536,0.8859318724819487,0.0,0.011999025141836754,0.8529471824312145,0.7798924680604452,0.08410729119389128,0.9994920891496807
haptic_force_visual_motion,0.67,38,0.6774467555318997,0.7914828500967351,8.317885671547167,0.505387877136481,1.0,0.0,0.0,0.0,0.0,0.3430769901857885,0.022320069812342937,0.0,0.004702504777782106,0.8516585891412444,0.7758188381963784,0.07855598383520797,0.0
haptic_force_visual_motion,0.67,39,0.7180691319684677,0.7478348420904608,8.36351168473439,0.5030089786384966,1.0,0.0,0.0,0.0,0.0,0.2863310211247116,0.019058202615837225,0.0,0.006601042485076017,0.8583420771498824,0.8040765643368984,0.07907979124475041,0.0
haptic_force_visual_motion,0.67,40,0.49248747584805425,0.7095044987833624,9.389832745977397,0.3561786829849505,1.0,0.0,0.0,0.0,0.0,0.3483585527006539,0.02266851401029808,0.0,0.002646255049624914,0.8624165521618152,0.8336614724960449,0.08053973397729022,0.0
haptic_force_visual_motion,0.67,41,0.5272311980606423,0.5367205178179453,9.306169859176013,0.7078917971516365,0.0,0.0,1.0,0.0,0.0,0.5859197402091483,0.09682890589612102,0.0,0.0027049557790429306,0.8428512890739807,0.7297540099422883,0.9855654824178024,0.0
haptic_force_visual_motion,0.67,42,0.47180503141675095,0.4994931930834057,6.353202955426205,0.5506803573354901,1.0,0.0,0.0,0.0,0.0,0.2500723226476541,0.014445989541386883,0.0,0.012033745843735923,0.8511188865656687,0.7784797446569974,0.08059635921985361,0.0
haptic_force_visual_motion,0.67,43,0.4438476126113387,0.6703948239688243,5.938414909815129,0.7567377947102362,1.0,0.0,0.0,0.0,0.0,0.7073487611706119,0.08333421479351248,1.0,0.011256472263515093,0.8395590845717982,0.7164873062223597,0.08037776374183354,0.0
haptic_force_visual_motion,0.67,44,0.5732105971204086,0.7698543384316103,8.983030811057588,0.6961303947715073,1.0,0.0,0.0,0.0,0.0,0.654202468221879,0.07089642814940153,0.0,0.004953638954528437,0.8454815362052853,0.7494933199685134,0.07862508928734184,0.0
haptic_force_visual_motion,0.67,45,0.4813631611252566,0.7700970222428232,8.392291745073218,0.3835008305496054,1.0,0.0,0.0,0.0,0.0,0.13181986775858068,0.011748167134412358,0.0,0.004598545505126762,0.8572856887636406,0.8091579656856595,0.0785273932694063,0.0
haptic_force_visual_motion,0.67,46,0.5990745713266363,0.6289407721056521,6.871992011408689,0.5167577746330296,1.0,0.0,0.0,0.0,0.0,0.11405038622275508,0.013004357806990666,0.0,0.004995597231583566,0.8565202228231614,0.800714731272144,0.07874335033662673,0.0
haptic_force_visual_motion,0.67,47,0.7093819818760718,0.539531269694325,8.084305480720367,0.785758128424556,1.0,0.0,0.0,0.0,0.0,0.21459253571711004,0.03661332759581553,1.0,0.01216477442956386,0.8429991359770316,0.73461922040613,0.08366716556698582,0.0
haptic_force_visual_motion,0.67,48,0.6117808150083147,0.7100634040554324,7.265099276273679,0.45400209456859175,1.0,0.0,0.0,0.0,0.0,0.1416321594312703,0.011278992616390355,0.0,0.0036504309673009556,0.8606157229100352,0.8207879039584692,0.07826708463767669,0.0
haptic_force_visual_motion,0.67,49,0.6057445811528958,0.5269748816303,8.798409851359132,0.3578090566655237,1.0,0.0,0.0,0.0,0.0,0.23587651954077435,0.013139406193896615,0.0,0.009025337800471168,0.8595469246508852,0.8228520964558471,0.08301026889645542,0.0
haptic_force_visual_motion,0.67,50,0.6470135347243502,0.7126064670446935,7.304128941567268,0.7389679860423104,1.0,0.0,0.0,0.0,0.0,0.3006926668197935,0.02091984899087709,1.0,0.005297234350321092,0.8495844316936334,0.7608908074896888,0.08159697423507159,0.0
haptic_force_visual_motion,0.67,51,0.5207272680326058,0.7038567938699032,6.758702612666325,0.49447870006010175,1.0,0.0,0.0,0.0,0.0,0.6778839284128415,0.07966892676456566,0.0,0.004176589415656685,0.8522436406061791,0.773714520102615,0.08131604928866247,0.0
haptic_force_visual_motion,0.67,52,0.6525935133944796,0.5645577859976896,6.391803601200659,0.5361453852529274,0.0,1.0,0.0,0.0,0.6200694070981734,1.7872761381803322,0.938368828865734,0.0,0.013629381988764691,0.8549615661130674,0.7946499247606299,0.0810468061144372,0.9991086299481152
haptic_force_visual_motion,0.67,53,0.6904061114695534,0.7847106975885036,9.217576795750253,0.80520709271125,1.0,0.0,0.0,0.0,0.0,0.256214716970796,0.03083457835377006,1.0,0.002582145224835349,0.8428586980516009,0.7371136610646207,0.17538896811103089,0.0
haptic_force_visual_motion,0.67,54,0.6894712326443949,0.7903661472674217,9.20841150638701,0.6758047896361997,1.0,0.0,0.0,0.0,0.0,0.3223459601476245,0.021842259803458813,0.0,0.0047466798361433865,0.851452926116485,0.773939123558099,0.07856813560908042,0.0
haptic_force_visual_motion,0.67,55,0.4627974724980369,0.5347181349729283,8.27757718767415,0.7469442850821566,1.0,0.0,0.0,0.0,0.0,0.47300673108799374,0.03854914358296875,0.0,0.009022490512356157,0.8414709963680105,0.7259886072064425,0.08731237411400512,0.0
haptic_force_visual_motion,0.67,56,0.5874762806301117,0.6263134847775842,9.221202824657702,0.5862958926977205,1.0,0.0,0.0,0.0,0.0,0.6448331697949088,0.0737507227644134,0.0,0.007350894161866948,0.8563470306407466,0.7989785085644361,0.07928755385162213,0.0
haptic_force_visual_motion,0.67,57,0.4845699724643513,0.7717098362825513,9.027104431578133,0.40573085524047986,1.0,0.0,0.0,0.0,0.0,0.8170941418385488,0.11096135588012997,0.0,0.0028546052126677155,0.858682313725091,0.816967011047433,0.0795869304638847,0.0
haptic_force_visual_motion,0.67,58,0.6240186391328169,0.6679782769171164,6.0849866182712935,0.5427355082960654,1.0,0.0,0.0,0.0,0.0,0.24924124221673669,0.022062661625121462,0.0,0.004857011162705291,0.856263040304771,0.7966174052078129,0.07859849330778709,0.0
haptic_force_visual_motion,0.67,59,0.5609369043807284,0.6469737712496668,9.166076493576313,0.43443765101249726,1.0,0.0,0.0,0.0,0.0,0.766134800985719,0.0981117498410601,0.0,0.006560619428285636,0.8594245556721699,0.8194761643875326,0.07906860531246682,0.0
haptic_force_visual_motion,0.67,60,0.6988742672845494,0.7734697459315596,6.29490715700705,0.6155655012751287,0.0,1.0,0.0,0.0,0.014072857976991792,0.9125972232163704,0.15029219137350883,0.0,0.008134983290315718,0.8517483839266126,0.7687650734044716,0.08952046041679863,0.148214137107893
haptic_force_visual_motion,0.67,61,0.4277181595208306,0.4723754848273067,7.8238057206367095,0.7859456914573467,0.0,0.0,1.0,0.0,0.0,0.1596145056747531,0.012164516175231063,1.0,0.004898644656613514,0.8462936194298785,0.7463375602337735,0.07866203917479123,0.0
haptic_force_visual_motion,0.67,62,0.44597603106706407,0.6031071015316061,7.899156580883476,0.49022460374765586,1.0,0.0,0.0,0.0,0.0,0.685835983117912,0.07448792160381344,0.0,0.009743963352823648,0.8574294043774077,0.813649455368323,0.0837174825306614,0.0
haptic_force_visual_motion,0.67,63,0.5869960587064045,0.5134224309859098,6.787090580843719,0.5834759092103744,0.0,0.0,1.0,0.0,0.0,0.20706065485959282,0.03923646831358996,0.0,0.00834556182912005,0.8521446910229683,0.7821012723995141,0.8951093182233746,0.0
haptic_force_visual_motion,0.67,64,0.5682943288034071,0.6628584376761906,8.950212790939982,0.5307807669454452,1.0,0.0,0.0,0.0,0.0,0.7241934460960368,0.09044619986300495,0.0,0.006295325729734176,0.855156013085332,0.7933979242183157,0.08593253445226717,0.0
haptic_force_visual_motion,0.67,65,0.5610507573344328,0.719171903495329,6.9085267735124845,0.8085229647580053,1.0,0.0,0.0,0.0,0.0,0.20426448391664156,0.023254767949577995,1.0,0.001668407450563036,0.8445816887250053,0.7398595058258365,0.08591447223159397,0.0
haptic_force_visual_motion,0.67,66,0.6371123672268978,0.6615178545636309,9.007320413489973,0.7664509091090426,1.0,0.0,0.0,0.0,0.0,0.635441126362055,0.07262634910080214,1.0,0.007697980773822055,0.849386091100474,0.7625582400441875,0.07938389048863435,0.0
haptic_force_visual_motion,0.67,67,0.6874003760954417,0.7805950983032548,6.515537685173168,0.5856967315126856,1.0,0.0,0.0,0.0,0.0,0.8426559090814827,0.12138258976319768,0.0,0.008334305298519053,0.8585760089406466,0.8143554393749034,0.08142789456549697,0.0
haptic_force_visual_motion,0.67,68,0.7161643513995501,0.6933460107802649,7.2273322651156136,0.40126503026466387,1.0,0.0,0.0,0.0,0.0,0.11674072878143188,0.012868565279068536,0.0,0.006323333278964789,0.8581176735402222,0.8021574952583705,0.08116248430969557,0.0
haptic_force_visual_motion,0.67,69,0.70177768978152,0.6518404768662882,8.197618923319034,0.4855767088120373,1.0,0.0,0.0,0.0,0.0,0.19121749444422118,0.011976646674398506,0.0,0.00794946191570756,0.856903136187094,0.8060080251402509,0.07950328649090754,0.0
haptic_force_visual_motion,0.67,70,0.6600592010054611,0.7789503493120286,7.434960054223852,0.4174762826935964,1.0,0.0,0.0,0.0,0.0,0.5664741078482243,0.05398000309563595,0.0,0.005390740307427752,0.8574712303584852,0.8056769088986429,0.07874550058844798,0.0
haptic_force_visual_motion,0.67,71,0.5894845490134425,0.7737959619873492,8.465756711972777,0.657985802526089,1.0,0.0,0.0,0.0,0.0,0.2890621585764957,0.039644642968001534,0.0,0.006523256647742009,0.8409848848002548,0.7327741839541458,0.27333750304923127,0.0
haptic_force_visual_motion,0.67,72,0.6775202494282357,0.7823758539067345,8.858266780726993,0.5326362935359464,1.0,0.0,0.0,0.0,0.0,0.4414866935190973,0.030978467807670433,0.0,0.008039225172818257,0.8470281420216972,0.7576274755663002,0.07947870983488094,0.0
haptic_force_visual_motion,0.67,73,0.706230319008647,0.5752164042092232,7.661366238026879,0.49663785796725557,1.0,0.0,0.0,0.0,0.0,0.6406564541938475,0.11326594278223162,0.0,0.011822220620913588,0.8537353442182172,0.7893759926173617,0.08053681755209569,0.0
haptic_force_visual_motion,0.67,74,0.5009870559923658,0.6773355513869722,9.240033208134967,0.5658530563624287,1.0,0.0,0.0,0.0,0.0,0.12363815660437123,0.011663802495442596,0.0,0.0013837413484849592,0.8532740917358569,0.7873199465855559,0.08556077899341451,0.0
haptic_force_visual_motion,0.67,75,0.7251737919356969,0.6272983074672811,9.2741333653983,0.7189877588486175,1.0,0.0,0.0,0.0,0.0,0.25317479891525785,0.014873429761827765,1.0,0.012100378200635227,0.8508662543933136,0.7804452620232099,0.0833207703213485,0.0
haptic_force_visual_motion,0.67,76,0.5442467233140347,0.6149364977794994,6.838000819167354,0.5233187658504747,1.0,0.0,0.0,0.0,0.0,0.3617917495449617,0.025808586621663736,0.0,0.0051805410263514404,0.8605203621124367,0.8197767578854356,0.07868757451866411,0.0
haptic_force_visual_motion,0.67,77,0.5931698209797232,0.5784811654763473,8.128677934906921,0.5111781819524914,1.0,0.0,0.0,0.0,0.0,0.3159924773091477,0.019157378138649934,0.0,0.007433544536057321,0.8515844392407177,0.7775127015069861,0.08020170487892836,0.0
haptic_force_visual_motion,0.67,78,0.5322691510440656,0.7678506325469944,7.599779905405992,0.734820209018607,1.0,0.0,0.0,0.0,0.0,0.3640732769547387,0.024588823326414017,0.0,0.0061106668507363735,0.8380490002666143,0.7097898069967735,0.07894419134631706,0.0
haptic_force_visual_motion,0.67,79,0.43136215220964336,0.4674255271756427,6.381674025459317,0.6545515406078053,0.0,0.0,1.0,0.0,0.0,0.5404998574726476,0.052752100519681606,0.0,0.006839398005318904,0.8501987634914282,0.7656814043601615,0.07914577877965716,0.0
haptic_force_visual_motion,0.67,80,0.5412674386428716,0.6475645622910093,8.701017386178712,0.6584813118727919,0.0,0.0,1.0,0.0,0.0,0.38215814242256496,0.04902980572891825,0.0,0.005709862315648633,0.851855729352105,0.7728973942631013,0.8968495771184039,0.0
haptic_force_visual_motion,0.67,81,0.6347275243590296,0.5553298405455848,6.2650433922361,0.47930397828743004,0.0,1.0,0.0,0.0,0.03615156318519154,0.7583043150574029,0.28347184821923344,0.0,0.008435855113453036,0.8573060540884456,0.8032294754597872,0.08013784843213102,0.3458548432521631
haptic_force_visual_motion,0.67,82,0.5868459450624772,0.6739989121733048,7.785911657801496,0.646765055541735,1.0,0.0,0.0,0.0,0.0,0.18842901669801426,0.021747749000286545,0.0,0.0031240217896110747,0.8501888281028307,0.7695727804284491,0.08379668621945013,0.0
haptic_force_visual_motion,0.67,83,0.4400871537529818,0.7071601058469601,6.620377152356721,0.7833324765420945,1.0,0.0,0.0,0.0,0.0,0.36100544280925245,0.023868949821206242,1.0,0.012125480274123617,0.8451388347039441,0.7507938868037259,0.08062219378182961,0.0
haptic_force_visual_motion,0.67,84,0.6292169827848696,0.5489238344345144,8.94454009876271,0.5814963660370881,1.0,0.0,0.0,0.0,0.0,0.14032460714340458,0.01645594080192317,0.0,0.007564612800565415,0.8518842003387813,0.772976084418549,0.08113832174776385,0.0
haptic_force_visual_motion,0.67,85,0.4907449030356015,0.733499426367238,9.331772412360209,0.7420979619501542,1.0,0.0,0.0,0.0,0.0,0.5293205535066712,0.050208128864255505,0.0,0.00234651594938704,0.8486526737999993,0.7624089866132202,0.08006189305432447,0.0
haptic_force_visual_motion,0.67,86,0.6969091709729363,0.6097434603802602,6.861528805638243,0.5567360354969018,1.0,0.0,0.0,0.0,0.0,0.5453584662920058,0.12008634929484417,0.0,0.009892384294899645,0.8533423808614639,0.7867542093404503,0.08528547149137237,0.0
haptic_force_visual_motion,0.67,87,0.427969009476119,0.6555648513709703,6.763472951174171,0.3946415672211948,1.0,0.0,0.0,0.0,0.0,0.18975418253721715,0.01198217118148732,0.0,0.004548983731953465,0.8524662260718147,0.7827044692910144,0.07851376629094645,0.0
haptic_force_visual_motion,0.67,88,0.5754038965456545,0.6260854963127029,7.28090376659861,0.7466172164538201,1.0,0.0,0.0,0.0,0.0,0.6190180895266665,0.06578034887046612,1.0,0.008179453069652018,0.8453346644162103,0.7452793120330231,0.0795177040318603,0.0
haptic_force_visual_motion,0.67,89,0.5202366266822962,0.5765567182134816,6.959424255362707,0.7819658578981254,1.0,0.0,0.0,0.0,0.0,0.6157952526419359,0.06674854960871983,0.0,0.008276345765231353,0.8417403852578926,0.7236274107272249,0.08122830104410975,0.0
haptic_force_visual_motion,0.67,90,0.7370760879806892,0.6792954910282135,9.323399998327368,0.6273345298404024,0.0,0.0,1.0,0.0,0.0,0.47585691431750976,0.06760232827031765,0.0,0.005606670627338326,0.8542825975527086,0.7871278658486094,0.9155515244539609,0.0
haptic_force_visual_motion,0.67,91,0.6632115748934058,0.7602092015750394,6.0488119928982185,0.38646395114367216,1.0,0.0,0.0,0.0,0.0,0.19926755992300632,0.012223795074743507,0.0,0.006754193867111896,0.8595403088970183,0.8189063057584285,0.07920387728787723,0.0
haptic_force_visual_motion,0.67,92,0.5973635762040819,0.5944088859985561,8.922532090606175,0.4163671974764523,1.0,0.0,0.0,0.0,0.0,0.798035207909302,0.10765310434632377,0.0,0.0090365941997872,0.8561991714063033,0.7992310201097018,0.07975643569460954,0.0
haptic_force_visual_motion,0.67,93,0.4592310786698221,0.4920653161109497,7.565657719937794,0.7661297524496695,0.0,0.0,1.0,0.0,0.0,0.2737708274129186,0.0161225486752628,1.0,0.01180150864774636,0.8396355751513773,0.7211143057095634,0.08053098955211604,0.0
haptic_force_visual_motion,0.67,94,0.7025875316349142,0.6830075065955707,5.982302245371275,0.4486947308781801,1.0,0.0,0.0,0.0,0.0,0.360045546236775,0.08751373758367095,0.0,0.006418506201315749,0.8545425554342876,0.7910967417309589,0.0834265400419097,0.0
haptic_force_visual_motion,0.67,95,0.6825792254909581,0.6601502752979803,6.187429542370341,0.3741213340989253,0.0,0.0,1.0,0.0,0.0,0.22662624100403558,0.029428486539340225,0.0,0.0059598922248664706,0.8655645288367643,0.8414929616157175,0.9241061415348208,0.0
haptic_force_visual_motion,0.67,96,0.5120380946868359,0.503189964796693,8.759369168261705,0.5696557707434107,1.0,0.0,0.0,0.0,0.0,0.6121964175996895,0.06641184787655616,0.0,0.008446825895280105,0.854639990335279,0.7904361454729869,0.08043418523070352,0.0
haptic_force_visual_motion,0.67,97,0.5112225046898504,0.7006707044051859,6.3625385415616895,0.5390831787372069,1.0,0.0,0.0,0.0,0.0,0.7190937821938715,0.09181206746864348,0.0,0.004249763740150194,0.8565768889915466,0.7967600673337872,0.07843154188671661,0.0
haptic_force_visual_motion,0.67,98,0.7350744410720456,0.47669400156656294,6.230575352594206,0.6446875984274718,0.0,1.0,1.0,0.0,1.2001604678999764,2.4876634506129127,2.457881468127119,1.0,0.016943430676597232,0.8493824770767213,0.7694481157256073,0.0819897013212136,0.9999985473717378
haptic_force_visual_motion,0.67,99,0.6130676212890582,0.4946336563778936,8.04537782609571,0.49712411688243296,0.0,0.0,1.0,0.0,0.0,0.4175994571433489,0.04216312923632481,0.0,0.007239724179167894,0.8507591677184343,0.7652335846649059,0.951276061440143,0.0
haptic_force_visual_motion,0.67,100,0.5636092292325267,0.6605106090938255,9.304288706259603,0.49810610876884964,1.0,0.0,0.0,0.0,0.0,0.607713602952426,0.06205893935894247,0.0,0.0059276473308645765,0.8585888653170944,0.8143362047442398,0.07889363682998571,0.0
haptic_force_visual_motion,0.67,101,0.5756117739815443,0.7002523242926286,8.481734400051833,0.8093085017967998,1.0,0.0,0.0,0.0,0.0,0.2885616214562441,0.016853167837327234,1.0,0.012540533295559203,0.8365907669682684,0.7083976902008166,0.08361670115707504,0.0
haptic_force_visual_motion,0.67,102,0.5636609175870144,0.7689723319935629,8.203320065716781,0.41755167604993754,1.0,0.0,0.0,0.0,0.0,0.3581908735911418,0.022673717974925636,0.0,0.0030760741600800896,0.856950249973509,0.8075061176508739,0.07810977697227053,0.0
haptic_force_visual_motion,0.67,103,0.7275463251541763,0.5800933765745412,8.283600468570663,0.5092058248305538,1.0,0.0,0.0,0.0,0.07662756680821914,1.2548056777929202,0.3135138313002266,1.0,0.018020275007392384,0.862897590874928,0.820397529328858,0.08606906423845137,0.5910369660416802
haptic_force_visual_motion,0.67,104,0.5902735773070803,0.7417209903495326,6.009264337382639,0.6210337939708936,1.0,0.0,0.0,0.0,0.0,0.4408405325583358,0.03278206806604781,0.0,0.008315054567125727,0.8537020341273381,0.7931347269195889,0.07955542835467436,0.0
haptic_force_visual_motion,0.67,105,0.5552480777484212,0.4922863572676014,6.5233211271192655,0.4005027188319913,1.0,0.0,0.0,0.0,0.0,0.5481448569785279,0.15176623381173815,0.0,0.008186367264303796,0.8581926487115251,0.8077038489115106,0.07951962716463033,0.0
haptic_force_visual_motion,0.67,106,0.5248480986997961,0.5516620595090214,7.638684457732146,0.5448030225852872,1.0,0.0,0.0,0.0,0.0,0.38891486992431146,0.02842110398923834,0.0,0.006542475417739515,0.8556189714437382,0.7958952865465674,0.07906358494347038,0.0
haptic_force_visual_motion,0.67,107,0.5490937750187973,0.6560646571151219,7.65944489080159,0.820200732819987,1.0,0.0,0.0,0.0,0.0,0.14215853173168919,0.012463464839339695,1.0,0.011452843307712264,0.8434988162366427,0.7411610626533454,0.08043293875167108,0.0
haptic_force_visual_motion,0.67,108,0.5507608871456404,0.7744089950905984,9.119432022691786,0.5949108429193054,1.0,0.0,0.0,0.0,0.0,0.3698145778872263,0.025002869286306656,0.0,0.004589807562100735,0.8529159711340837,0.787662144992138,0.07852499062036229,0.0
haptic_force_visual_motion,0.67,109,0.6518674909267566,0.7885396937509899,6.671494390360032,0.5867676980932084,1.0,0.0,0.0,0.0,0.0,0.252864828257315,0.014679126677351209,0.0,0.006002428591341319,0.8498314082781027,0.773187161072506,0.07891428968551109,0.0
haptic_force_visual_motion,0.67,110,0.48788787543530593,0.5327655560258462,9.199959634661049,0.6220563976658293,1.0,0.0,0.0,0.0,0.0,0.14770624310313746,0.011947330100935741,0.0,0.007359095503975794,0.8485651788726595,0.7661777810020103,0.08276893359526298,0.0
haptic_force_visual_motion,0.67,111,0.6098565007907117,0.6994447434602292,6.52711420464868,0.6251027985353937,1.0,0.0,0.0,0.0,0.0,0.18601939795291453,0.01241009369490861,0.0,0.010372036407120755,0.8515475619550389,0.7810294297691998,0.08370260853701418,0.0
haptic_force_visual_motion,0.67,112,0.6945108520911378,0.4893635323923658,6.5875179122462075,0.4944735563414561,0.0,1.0,1.0,0.0,0.8643508891182963,2.10960755260071,1.6677765599974723,0.0,0.015645926800163863,0.8547457432739191,0.7947034276396293,0.08161935837438122,0.9999413489352154
haptic_force_visual_motion,0.67,113,0.7109083599621544,0.6553483373232774,6.011534444581467,0.46038732369663,1.0,0.0,0.0,0.0,0.0001565040066544483,0.509819692072707,0.16486450872122851,0.0,0.0070801230755048825,0.8531626441546986,0.7840076042164357,0.08409811568239471,0.0
haptic_force_visual_motion,0.67,114,0.5040136231492205,0.7916034623335628,8.396099241894468,0.4603671625409916,1.0,0.0,0.0,0.0,0.0,0.19431420749597117,0.012324772114896345,0.0,0.0008108112804842224,0.8549235469758704,0.7972842387351686,0.08463219631202228,0.0
haptic_force_visual_motion,0.67,115,0.6992678903505427,0.7776549649057753,7.479715204169994,0.38510245534070664,1.0,0.0,0.0,0.0,0.0,0.21654190680034438,0.028292884805339206,0.0,0.008240619350167216,0.8597368218188154,0.8245700883720987,0.14447652213003356,0.0
haptic_force_visual_motion,0.67,116,0.5295583063331872,0.6805311964721028,7.891387288899072,0.554756256436923,1.0,0.0,0.0,0.0,0.0,0.26567909894154657,0.016350869097718847,0.0,0.0029219010605838,0.854067706280192,0.788768949041158,0.07806760057645269,0.0
haptic_force_visual_motion,0.67,117,0.4765582338205477,0.7638075460671483,7.275526330088994,0.524428435913489,1.0,0.0,0.0,0.0,0.0,0.4696960509005943,0.04139880780676912,0.0,0.0034612493007975093,0.856389895616532,0.7966119297322748,0.07821523864082613,0.0
haptic_force_visual_motion,0.67,118,0.5353890210780718,0.5867779672314078,7.958145219532501,0.6167296193180963,0.0,0.0,1.0,0.0,0.0,0.33227937099903027,0.03995970418503076,0.0,0.0032540802662512545,0.8566621379333954,0.7986601314741729,0.5560443690353949,0.0
haptic_force_visual_motion,0.67,119,0.5019001642241459,0.744023471116495,8.572580130034844,0.6970214584781443,1.0,0.0,0.0,0.0,0.0,0.6866168085132498,0.08737307254023458,1.0,0.004805998034376321,0.8551507691865903,0.7885419877695686,0.08360274564891747,0.0
haptic_force_visual_motion,0.67,120,0.6362177036627054,0.4674798068799202,9.029523816281076,0.6504322316225991,0.0,0.0,1.0,0.0,0.0,0.8523946087365923,0.1731943177928617,0.0,0.007516948531956596,0.8501289292582511,0.7706733990197768,0.9999993997101093,0.0
haptic_force_visual_motion,0.67,121,0.572984320156114,0.500152383772835,6.376463675089067,0.5952000083587414,0.0,1.0,0.0,0.0,0.10517172707912723,0.9134359554469638,0.3421458790398985,0.0,0.00924549122790615,0.8488434619050474,0.757045576880874,0.07981471699900537,0.7041908255119564
haptic_force_visual_motion,0.67,122,0.60865145271517,0.5193882461994003,9.192817561237952,0.6880854392481801,0.0,0.0,1.0,0.0,0.0,0.42515354575039127,0.05752586638864599,0.0,0.006492665418348277,0.8502430565175304,0.7691520496257864,0.8928218274716099,0.0
haptic_force_visual_motion,0.67,123,0.7291320370727137,0.6760677315657885,8.359916057391622,0.5480324506867659,1.0,0.0,0.0,0.0,0.0,0.473756825306359,0.042686231669088213,0.0,0.00966707616381709,0.8609816277087087,0.8173055457666908,0.08566691861464368,0.0
haptic_force_visual_motion,0.67,124,0.6413749119756663,0.7737542802103203,8.522264754805878,0.6951947003687546,1.0,0.0,0.0,0.0,0.0,0.14994215197835356,0.011854683173876022,0.0,0.00579655539619323,0.8459837050364899,0.7521233137531915,0.08267510477526147,0.0
haptic_force_visual_motion,0.67,125,0.5815142608223747,0.7015154684311997,6.925909601052022,0.5494862841092688,1.0,0.0,0.0,0.0,0.0,0.17995536585203098,0.021749726795008608,0.0,0.002162347327567028,0.8484996928284887,0.7597111147891462,0.08306928475508987,0.0
haptic_force_visual_motion,0.67,126,0.5365752743593784,0.7034184474482309,9.149079309840833,0.557483097080026,1.0,0.0,0.0,0.0,0.0,0.17715548170507,0.013393550745093588,0.0,0.014385077323796628,0.8505920580504248,0.7874093322634295,0.08126093839515074,0.0
haptic_force_visual_motion,0.67,127,0.457721045494288,0.6954305952166575,7.545878718547676,0.5390310395280364,1.0,0.0,0.0,0.0,0.0,0.21629969098049098,0.013131507424766053,0.0,0.007606017282026476,0.8522861835015553,0.7861731700251344,0.0811415929543721,0.0
haptic_force_visual_motion,0.67,128,0.7278417131872342,0.7366010823274503,7.44225268346302,0.7709006998293879,1.0,0.0,0.0,0.0,0.0,0.7390732835233115,0.08779234644543774,1.0,0.011402728708527366,0.8393990882089013,0.7188390379352316,0.08041885460624365,0.0
haptic_force_visual_motion,0.67,129,0.565185604165241,0.7495056735967808,6.64073685790245,0.6806770001512172,1.0,0.0,0.0,0.0,0.0,0.7079536931793549,0.08952033637725106,0.0,0.0046027252781776625,0.8521714022933922,0.7765163754776988,0.0785285425943065,0.0
haptic_force_visual_motion,0.67,130,0.6651665493170253,0.7286225134323887,8.016633978650683,0.7746198058688489,1.0,0.0,0.0,0.0,0.0,0.5848947431827569,0.06078120230247456,1.0,0.007862766240330717,0.8456759126427529,0.7441960995414244,0.07968012061952356,0.0
haptic_force_visual_motion,0.67,131,0.7203544229553788,0.5674202728783833,7.23256947866183,0.6029147140044747,1.0,0.0,0.0,0.0,0.0,0.5658623380217941,0.1888528330515803,0.0,0.010044702725671154,0.8552610909362637,0.7935790307734957,0.0802328855155019,0.0
haptic_force_visual_motion,0.67,132,0.6463944988172544,0.7867238841406721,7.5133167220615125,0.4313894166324779,1.0,0.0,0.0,0.0,0.0,0.42428700788095663,0.027173680511869164,0.0,0.012060862572629796,0.8558554396363596,0.8092681821684892,0.08627085102267781,0.0
haptic_force_visual_motion,0.67,133,0.6823358930745999,0.5643665499117925,7.204769733717189,0.561543612209096,0.0,0.0,1.0,0.0,0.0,0.3090928357204149,0.031931251089459274,0.0,0.0071316884824137155,0.8536721996083886,0.7873230475426372,0.9875956149254596,0.0
haptic_force_visual_motion,0.67,134,0.48716770666983544,0.6829586145620943,8.116766981940295,0.7449164722113064,1.0,0.0,0.0,0.0,0.0,0.37184621940843315,0.025209741742149436,1.0,0.00648594702524487,0.8481859477476229,0.7651066546930527,0.08128097458649358,0.0
haptic_force_visual_motion,0.67,135,0.5114075740163535,0.603848282948863,8.549011630019354,0.7149197837005123,1.0,0.0,0.0,0.0,0.0,0.6511421844116552,0.07327305742415696,0.0,0.0063088334380508124,0.8448375171576504,0.7415586199038601,0.0792384452937318,0.0
haptic_force_visual_motion,0.67,136,0.5712236056500106,0.46990919449656765,7.522040336524925,0.49533619309106924,0.0,0.0,1.0,0.0,0.0,0.4836825525070807,0.08492902810424761,0.0,0.010093899029323318,0.8537121800034452,0.7818462308159314,0.08005181880011011,0.0
haptic_force_visual_motion,0.67,137,0.6159355030187165,0.7595824588807154,7.971909688917643,0.5874720626797773,1.0,0.0,0.0,0.0,0.0,0.46413724332636047,0.036271605672302636,0.0,0.005778805117468678,0.8541501130081014,0.7940429814610184,0.07885254475832987,0.0
haptic_force_visual_motion,0.67,138,0.550742601537014,0.6628155096834377,6.738369431109885,0.5837050612520699,1.0,0.0,0.0,0.0,0.0,0.14986571473938604,0.011698278218462524,0.0,0.005703899705062162,0.8485586983662581,0.7636718482074318,0.07961777006352708,0.0
haptic_force_visual_motion,0.67,139,0.7247658582222066,0.6768605187228702,6.381085328451146,0.8024932288891039,0.0,1.0,0.0,0.0,0.20693568898145628,1.141792718875445,0.38604706062112526,1.0,0.010097145971683425,0.8503185081963426,0.7636069899042741,0.08338915132044349,0.9072492095522269
haptic_force_visual_motion,0.67,140,0.6653784083765342,0.4869687993517352,7.292078750532488,0.5671767686876223,0.0,1.0,1.0,0.0,0.3281684684244065,1.4128056210755138,0.7472080504880163,0.0,0.014243879200240353,0.8496982837773673,0.7676633199154465,0.08122088964549867,0.9766417011342049
haptic_force_visual_motion,0.67,141,0.4438510758526566,0.5279109209551441,7.662737085349512,0.7507961244951422,1.0,0.0,0.0,0.0,0.0,0.36614914243741076,0.026802997040898818,1.0,0.004471437243390555,0.8404038300888763,0.7134813415631674,0.08098965398783704,0.0
haptic_force_visual_motion,0.67,142,0.48554148537946745,0.6574581370229161,6.080337094288888,0.551361005530341,1.0,0.0,0.0,0.0,0.0,0.3944146909757692,0.030667317289531256,0.0,0.003092180295851745,0.8549953223317941,0.7873528372034794,0.07811418425359619,0.0
haptic_force_visual_motion,0.67,143,0.6944730017917282,0.6938316951856888,7.796363812768653,0.5465436318517276,0.0,0.0,1.0,0.0,0.0,0.44591548704307427,0.06473387947589834,0.0,0.005143326271855854,0.8533533956568429,0.7873525461822274,0.913136442697853,0.0
haptic_force_visual_motion,0.67,144,0.6824086664092046,0.7879121065643561,7.363136466141764,0.7249900390444717,1.0,0.0,0.0,0.0,0.0,0.26617109372158915,0.015858759143368917,0.0,0.009952549213646427,0.8414314856697978,0.7282238147356719,0.08001227162651868,0.0
haptic_force_visual_motion,0.67,145,0.5864816194053284,0.7813022701578181,6.859758626872901,0.7745097631614013,1.0,0.0,0.0,0.0,0.0,0.12697475282667173,0.01540430675532761,0.0,0.003153041456465998,0.8412842348831828,0.7243901815463349,0.0784867799499582,0.0
haptic_force_visual_motion,0.67,146,0.6207408085830408,0.7451740294800657,7.501028902221857,0.7299796764476958,1.0,0.0,0.0,0.0,0.0,0.1306253019658463,0.01663052012916895,0.0,0.009171311286048029,0.8481717065222499,0.7677645478507549,0.08145943909100319,0.0
haptic_force_visual_motion,0.67,147,0.6449933806909236,0.6690693459659854,6.766676579098753,0.6441769775607724,1.0,0.0,0.0,0.0,0.0,0.1176775292503454,0.013766667415993524,0.0,0.0055859180377321686,0.8497517080687487,0.7644032909376547,0.08049311986416031,0.0
haptic_force_visual_motion,0.67,148,0.6166817844703275,0.6643920766215795,5.975040294918786,0.5256003427508109,0.0,1.0,0.0,0.0,0.06238789510860295,0.8883534921650447,0.15881630641226693,0.0,0.01937728960017546,0.850178952147353,0.7817272835218917,0.08268852079701407,0.5163461849721447
haptic_force_visual_motion,0.67,149,0.6860057828907571,0.6469121474324047,6.343783397398936,0.5692856684953489,0.0,0.0,1.0,0.0,0.0,0.3442242714836423,0.03044235656617764,0.0,0.005286837415927441,0.8561698085538436,0.8028488433794817,0.9940815096269068,0.0
haptic_force_visual_motion,0.67,150,0.692495493825621,0.47179411158821766,7.788059165459249,0.6820145708810775,0.0,0.0,1.0,0.0,0.060839038237528294,0.9761185661507292,0.4771065467620526,0.0,0.014008475826333966,0.8483196875142218,0.7609448650357281,0.0854823392009668,0.5091490203634181
haptic_force_visual_motion,0.67,151,0.5156703989209407,0.7489562024453729,9.09178581950474,0.6178955638946794,1.0,0.0,0.0,0.0,0.0,0.11887897934586868,0.012010635968111394,0.0,0.0029525607688180864,0.852453532064809,0.7843141346636399,0.07807598634502018,0.0
haptic_force_visual_motion,0.67,152,0.6402191291078994,0.7250680274813501,8.663485991558147,0.6997739645540404,1.0,0.0,0.0,0.0,0.0,0.29370821298732397,0.019052427685302756,0.0,0.004983670216461041,0.8499091572594244,0.7671415717926032,0.08164454107275572,0.0
haptic_force_visual_motion,0.67,153,0.6908970937666545,0.6680632497113225,7.695410039520553,0.43641056171937354,1.0,0.0,0.0,0.0,0.0,1.09275221857496,0.21626079986535676,0.0,0.011386058834876239,0.8627307042953638,0.8258112356952657,0.08041417022424728,0.0
haptic_force_visual_motion,0.67,154,0.6478615050068584,0.6736726708358691,6.670054363444071,0.7846432015931111,1.0,0.0,0.0,0.0,0.0,0.19946065225409756,0.01327766172035661,1.0,0.01640318340327648,0.8418130521848206,0.7359765489323316,0.0818353144536792,0.0
haptic_force_visual_motion,0.67,155,0.5489776293568285,0.6699123075431703,8.854375083739159,0.7224397920179946,1.0,0.0,0.0,0.0,0.0,0.40213357916335685,0.03303560153892361,1.0,0.005467035350348928,0.8523971467457985,0.774196928231763,0.07955460806513555,0.0
haptic_force_visual_motion,0.67,156,0.7058660198646018,0.6475175677396218,9.354291255874948,0.3797567171836268,1.0,0.0,0.0,0.0,0.0,1.3099151955150428,0.3138316164113455,0.0,0.013703333149400932,0.8647906166343324,0.8364954915672127,0.08147520518300261,0.0
haptic_force_visual_motion,0.67,157,0.7061663260033151,0.723814583333202,9.171713741536063,0.5683444235104735,1.0,0.0,0.0,0.0,0.0,0.19535060953305527,0.012252219814018826,0.0,0.005922958204929639,0.8527742343173413,0.7835934719161338,0.07889234196647206,0.0
haptic_force_visual_motion,0.67,158,0.4835876417463473,0.7793535063176602,8.638133571973626,0.6408058612089922,1.0,0.0,0.0,0.0,0.0,0.19326796945793537,0.012583732411864121,0.0,0.005823018492747531,0.8434378448471899,0.7451256544595086,0.08166699042404439,0.0
haptic_force_visual_motion,0.67,159,0.49503507244984013,0.6904599744654071,8.534314981108395,0.6786883824522076,1.0,0.0,0.0,0.0,0.0,0.22720723284640781,0.028693164669195137,0.0,0.006974378048835541,0.8461329033958782,0.7560977435791381,0.13920313886192093,0.0
haptic_force_visual_motion,0.67,160,0.49686776505455704,0.500456924180307,6.1283347558676295,0.7685496799685716,0.0,1.0,0.0,0.0,0.030212639598753307,0.7874454922405497,0.17513621963799297,1.0,0.01273960500103143,0.842517135942392,0.7346395737203457,0.08079534033827492,0.29801580614639134
haptic_force_visual_motion,0.67,161,0.6187314923962728,0.5063395430300325,7.604457240140473,0.6155857445424662,0.0,0.0,1.0,0.0,0.0,0.35137613252290056,0.024888162671339857,0.0,0.006673246354919662,0.8514554323704693,0.7720702117580266,0.9826674602037978,0.0
haptic_force_visual_motion,0.67,162,0.6999569459439977,0.5742119440647954,9.176361171824619,0.4137723958437117,0.0,0.0,1.0,0.0,0.0,0.34748306539888635,0.044076352903973874,0.0,0.007564413241101443,0.8625251242457528,0.8322189295469948,0.8158084525788246,0.0
haptic_force_visual_motion,0.67,163,0.45696538532318814,0.7375280291538311,6.745480428689234,0.5474864339831667,1.0,0.0,0.0,0.0,0.0,0.16180956093093435,0.012439475922364027,0.0,0.010446470745511985,0.8510601511024612,0.783757097423871,0.08478773069791475,0.0
haptic_force_visual_motion,0.67,164,0.44640244886618125,0.5388595028876871,6.594651842492192,0.4158973950432494,1.0,0.0,0.0,0.0,0.0,0.11606277380466262,0.013348116462566909,0.0,0.003490981555648136,0.8551314512633187,0.7920233734468859,0.0783550090362328,0.0
haptic_force_visual_motion,0.67,165,0.4274655989481302,0.6691851558155026,9.078943560040909,0.4094414671960997,1.0,0.0,0.0,0.0,0.0,0.1640733400639643,0.011618594210785359,0.0,0.0017731723223902793,0.8539774672016488,0.7949348536413895,0.07780173085255108,0.0
haptic_force_visual_motion,0.67,166,0.666709935492173,0.6663832482790785,6.4354941702491075,0.8217837679048592,1.0,0.0,0.0,0.0,0.0,0.1376471037519036,0.014021452709881812,1.0,0.010771288475478816,0.8356586382677688,0.6972634002625094,0.08102363088894006,0.0
haptic_force_visual_motion,0.67,167,0.7196803477923495,0.5861762949593482,8.336470380235356,0.6049915325944661,1.0,0.0,0.0,0.0,0.03101215007705951,1.250557731756569,0.28470138095919467,0.0,0.014846326249529388,0.8522887295399415,0.7785526313627499,0.0813918902734918,0.30616078218855747
haptic_force_visual_motion,0.67,168,0.6698863393707801,0.7534550045328984,8.219147727319474,0.4561070754660005,1.0,0.0,0.0,0.0,0.0,0.6981466049372681,0.07666506633808777,0.0,0.009392284168919253,0.8551036257788858,0.7993854654957053,0.07985569481634552,0.0
haptic_force_visual_motion,0.67,169,0.6646833328772647,0.5917530507583673,7.806749289346975,0.6055588416086222,1.0,0.0,0.0,0.0,0.0,0.6807493027460448,0.07558686472962887,0.0,0.0113419280716266,0.851053238870718,0.7781128620411503,0.0804017702914236,0.0
haptic_force_visual_motion,0.67,170,0.6602352880471817,0.6965242364408739,9.234570948751772,0.390982368206457,1.0,0.0,0.0,0.0,0.0,0.7199388190853309,0.08191220373094726,0.0,0.007785226536811603,0.8602038307997779,0.8267408305969296,0.08347303571389857,0.0
haptic_force_visual_motion,0.67,171,0.5618521824963815,0.758644416729537,7.421513490997265,0.5435377538919373,1.0,0.0,0.0,0.0,0.0,0.3117173253521376,0.01838812283260248,0.0,0.004646471798936386,0.8504556840065762,0.7772319892741824,0.07854057263145904,0.0
haptic_force_visual_motion,0.67,172,0.49825494497655787,0.6633689067708755,7.3402969719776845,0.46840709385365925,1.0,0.0,0.0,0.0,0.0,0.13643184193570423,0.011482957613949641,0.0,0.001710923710378016,0.8585910085154547,0.8108975262855515,0.07773704358497346,0.0
haptic_force_visual_motion,0.67,173,0.656621684044775,0.5160843316228876,6.568283774540701,0.47094058925356996,0.0,1.0,0.0,0.0,0.497132085830831,1.6124832487013674,0.9342752180120082,0.0,0.013332453133627546,0.8590208156212066,0.8122820039481008,0.08566425411040979,0.9965392916058353
haptic_force_visual_motion,0.67,174,0.6289783574063481,0.5825647987775632,8.982809126285476,0.3932730679485979,1.0,0.0,0.0,0.0,0.0,0.3439693369943703,0.022601804105963456,0.0,0.00827076007284587,0.8595406555491123,0.8144664238802513,0.07954310383310989,0.0
haptic_force_visual_motion,0.67,175,0.6644409366773546,0.5745148901326171,8.20830147827581,0.6782000323380979,0.0,0.0,1.0,0.0,0.0,0.6160413172420429,0.10751989663856223,0.0,0.007177192817721511,0.8506568457105027,0.7763292126416046,0.9876931562593037,0.0
haptic_force_visual_motion,0.67,176,0.5939289002998522,0.696387547597869,7.844021486585631,0.4511554805785877,1.0,0.0,0.0,0.0,0.0,0.11689775074501388,0.013509223707597539,0.0,0.0037892253878369607,0.8565289800687439,0.8045662281898862,0.08045886725471568,0.0
haptic_force_visual_motion,0.67,177,0.5801441685632304,0.7844641751286713,8.815592628066764,0.6281416420059074,1.0,0.0,0.0,0.0,0.0,0.11891252190043096,0.014116686740133496,0.0,0.001099668952172106,0.8439591397117128,0.739943423979005,0.07764648334527885,0.0
haptic_force_visual_motion,0.67,178,0.6113550901035614,0.5346424194971096,8.284604830546982,0.8026177740839924,1.0,0.0,0.0,0.0,0.0,0.4023933947887495,0.029257044402913893,1.0,0.010498726915515651,0.8378633040677377,0.7070280069715379,0.0801651812326695,0.0
haptic_force_visual_motion,0.67,179,0.4741130657825335,0.5399526856989092,7.911812144617864,0.8053770672430952,0.0,0.0,1.0,0.0,0.0,0.30229166038220795,0.03607295959933724,1.0,0.008043107957798107,0.844773059819188,0.7314893964873578,0.30846726170010536,0.0
passive_noisy_force,0.67,0,0.6965746038729437,0.577238485914806,7.256830491572167,0.43668321330106163,0.0,1.0,0.0,0.0,0.12682927014150674,1.2163451179692937,0.4699081375292699,0.0,0.014732993194009772,0.8536780291271963,0.7940163399392196,0.16858901434778759,0.8028992377088255
passive_noisy_force,0.67,1,0.5281921179096634,0.6361753142511937,6.560239686892075,0.3627350032159756,1.0,0.0,0.0,0.0,0.0,0.8672655875759487,0.3508096175005138,0.0,0.006390765068656199,0.8634129918933033,0.8390948431618784,0.2568703653020841,0.0
passive_noisy_force,0.67,2,0.5461801996857973,0.5951948188538179,6.1008336423522245,0.7446375770810283,0.0,0.0,1.0,0.0,0.0,0.6694522633429967,0.4391588064055232,1.0,0.011023023225255741,0.8480515819650062,0.7626262632973421,0.7586733412655421,0.0
passive_noisy_force,0.67,3,0.5923379881651312,0.5614493569831378,7.9440031796079955,0.7047439792400166,0.0,0.0,1.0,0.0,0.0,0.7530978901417023,0.5516601817389798,0.0,0.0053588315569156305,0.8512172357200417,0.7728513588967753,0.896765053478166,0.0
passive_noisy_force,0.67,4,0.5230825973233989,0.5206281882413557,8.203134572285938,0.4624072138655858,0.0,0.0,1.0,0.0,0.0,0.6829025786503921,0.465466734277191,0.0,0.005226220728975517,0.8536651692312726,0.7822689743535961,0.6509778879469235,0.0
passive_noisy_force,0.67,5,0.4859446195986997,0.6479423662272044,6.497153187719615,0.6576290760977456,0.0,0.0,1.0,0.0,0.0,0.6720846117462178,0.43280529806389273,0.0,0.005176696686522725,0.8505580672043671,0.7721934763252774,0.5778340016711766,0.0
passive_noisy_force,0.67,6,0.45406502880187855,0.669558844834127,8.578114385817543,0.6101662476106051,1.0,0.0,0.0,0.0,0.0,0.6598079816523817,0.408979894822795,0.0,0.005076002607599053,0.8522567741099639,0.7850768276441963,0.5333438169434422,0.0
passive_noisy_force,0.67,7,0.6913406246166469,0.5360823174621631,7.436704128998879,0.4187432601862212,0.0,0.0,1.0,0.0,0.0,0.725952059251834,0.3832822171463955,0.0,0.010217311064029478,0.8625975966777192,0.8286422814090987,0.665771375279031,0.0
passive_noisy_force,0.67,8,0.5158319264259611,0.5360078695981048,7.538803772362343,0.5268153552578717,0.0,0.0,1.0,0.0,0.0,0.6673637994689254,0.44152283362040134,0.0,0.006396300169183449,0.8552963930704461,0.7989266770082496,0.5638651019561469,0.0
passive_noisy_force,0.67,9,0.46870084022289166,0.5701837114704386,7.628175785846496,0.4203223808225339,1.0,0.0,0.0,0.0,0.0,0.9126922421839108,0.37127409673055817,1.0,0.006340088791704528,0.8608613660756772,0.8264535922727951,0.2620095700337195,0.0
passive_noisy_force,0.67,10,0.7127898278224278,0.7684678093883128,8.661053578537189,0.38828626752759954,1.0,0.0,0.0,0.0,0.0,0.7087749085013506,0.436516141761526,0.0,0.005049726976276105,0.8579637922265674,0.8066207662703985,0.3934678898898872,0.0
passive_noisy_force,0.67,11,0.5670400579600421,0.5835142012174491,7.6912951296286245,0.5457405387310186,0.0,0.0,1.0,0.0,0.0,0.7136548319046914,0.5091204571665485,1.0,0.012149094001311807,0.8596944258339793,0.8047796918333601,0.8405180518318455,0.0
passive_noisy_force,0.67,12,0.581739302440375,0.5627915832574524,7.694432633870196,0.5450497004279616,0.0,0.0,1.0,0.0,0.0,0.6821205125017088,0.421218069933116,0.0,0.008084131746220191,0.8516689492014096,0.7682444341652228,0.39707882110744797,0.0
passive_noisy_force,0.67,13,0.5777813017336927,0.4778125186497303,7.6013716501050785,0.35801226515852286,0.0,0.0,1.0,0.0,0.0,0.6747210370747722,0.4421150413950662,0.0,0.008078958002993453,0.8589572444535035,0.8067418219137109,0.8887329740333938,0.0
passive_noisy_force,0.67,14,0.5858334610480946,0.48553970319867484,7.554485693945587,0.6419551251714093,0.0,0.0,1.0,0.0,0.0,0.6547141213076659,0.36715594894978065,0.0,0.009654230331772385,0.8542608940509502,0.7865681828484871,0.5275018605076067,0.0
passive_noisy_force,0.67,15,0.6104935746164678,0.7257179731719128,8.182311678581463,0.7822577034825338,1.0,0.0,0.0,0.0,0.0,0.6812416973272171,0.42979194271287335,1.0,0.003666807140989977,0.8477124561678263,0.752375179604701,0.4074764003978415,0.0
passive_noisy_force,0.67,16,0.438243695098522,0.6973927434202406,6.796381452189887,0.5283015386958115,1.0,0.0,0.0,0.0,0.0,0.718146439522485,0.35566849745559276,0.0,0.009817169710664217,0.856197121307001,0.8104168775651008,0.3485251049401476,0.0
passive_noisy_force,0.67,17,0.7209766365750729,0.5615870809322665,8.570859481089471,0.6825160333050844,0.0,0.0,1.0,0.0,0.0,0.7466123148730587,0.4319849882951183,0.0,0.01276725340418152,0.8434620618640875,0.7294033931041556,0.2947947740457345,0.0
passive_noisy_force,0.67,18,0.6496090372306652,0.6564514283373238,9.273718691888984,0.7737806934200812,1.0,0.0,0.0,0.0,0.0,0.6890739328704816,0.43257039235384376,1.0,0.007375793047931909,0.8480283375888029,0.7620425013597786,0.398831185073798,0.0
passive_noisy_force,0.67,19,0.5871015627596089,0.6911816364448342,9.315804087748283,0.6129634861869182,1.0,0.0,0.0,0.0,0.0,0.7206543668059016,0.42097274464101375,0.0,0.004089542384180503,0.8453275832873569,0.7457288901006558,0.3810496852642171,0.0
passive_noisy_force,0.67,20,0.46468890706603955,0.7871548249741649,9.12486301513381,0.5911176432169186,1.0,0.0,0.0,0.0,0.0,0.7807928247221204,0.35927371583324863,0.0,0.0038080373146942175,0.8557645041043394,0.8009108602276219,0.3575287892996461,0.0
passive_noisy_force,0.67,21,0.5471109421584573,0.5869310908909412,7.883866285625988,0.5404727617277424,1.0,0.0,0.0,0.0,0.0,0.7466353590383998,0.35921545901890006,0.0,0.006545108180019773,0.8520233373783205,0.7724555461707474,0.30447180523904294,0.0
passive_noisy_force,0.67,22,0.5619225404669774,0.7161257102092804,7.344937895829943,0.6395313902271383,1.0,0.0,0.0,0.0,0.0,0.7034376530732697,0.4110261315440159,0.0,0.005070779646369324,0.8400283999595901,0.719400550678524,0.39432286774929015,0.0
passive_noisy_force,0.67,23,0.7251611443977543,0.48422919204995135,7.902445263537178,0.6983705272940561,0.0,0.0,1.0,0.0,0.0,0.6605346175216349,0.4256812337016446,1.0,0.01061840855828604,0.8551762237265117,0.7972661309448085,0.9999994307937723,0.0
passive_noisy_force,0.67,24,0.6778541409710773,0.6836669678000435,7.135309460474302,0.7934843007456875,0.0,0.0,1.0,0.0,0.0,0.7291514955129482,0.5316618459192857,1.0,0.005193571700441721,0.84196009950347,0.7216065284573357,0.7759005335088385,0.0
passive_noisy_force,0.67,25,0.5261517460874056,0.5404789976243757,8.070314201382459,0.8077859363375983,1.0,0.0,0.0,0.0,0.0,0.9347123641973847,0.35311045334430763,1.0,0.00955890649323868,0.8439652218828853,0.7346679988469776,0.20302696706778198,0.0
passive_noisy_force,0.67,26,0.6876436966254875,0.5410766571610773,8.462792714662047,0.6926278467629152,0.0,0.0,1.0,0.0,0.0,0.8559349023214832,0.6229556069549538,1.0,0.010287242139083634,0.85167733839035,0.7675798911408188,0.9756602560497768,0.0
passive_noisy_force,0.67,27,0.5586404177655986,0.5529038798720374,7.505198004408801,0.3768279544624123,0.0,0.0,1.0,0.0,0.0,0.6981240668435955,0.4849040579057547,0.0,0.0072210470819598985,0.8616538242238637,0.8348135626725044,0.6554732197126881,0.0
passive_noisy_force,0.67,28,0.624930213902465,0.5609706415451389,7.690957778878557,0.4887721185209313,0.0,1.0,0.0,0.0,0.0925407740853737,1.4166277106375067,0.42378272073539675,0.0,0.01593388410998591,0.854379237540074,0.7974581843708647,0.08223342042146972,0.7014548789624018
passive_noisy_force,0.67,29,0.448923180172524,0.7029930714571566,9.08877648636268,0.6546445595214238,1.0,0.0,0.0,0.0,0.0,0.814949699801291,0.3451402492011542,1.0,0.007752809559791321,0.8546052925888236,0.7849295678884468,0.26207827855574606,0.0
passive_noisy_force,0.67,30,0.715523799185078,0.5715561475723406,7.9061588908335505,0.5848764737742521,0.0,0.0,1.0,0.0,0.0,0.6370596407435375,0.39431375521679624,0.0,0.011840860213101496,0.85491346873212,0.7996483359486461,0.5521651357491867,0.0
passive_noisy_force,0.67,31,0.7056803585571474,0.716488830938469,7.671853695563416,0.4761906651066097,1.0,0.0,0.0,0.0,0.0,0.8804944003214006,0.38286074760838246,0.0,0.0077810653407423755,0.8610247579210456,0.8238963085315737,0.2430917587961906,0.0
passive_noisy_force,0.67,32,0.6515127547332328,0.6602140741440701,8.716522473196253,0.3643187765945877,1.0,0.0,0.0,0.0,0.0,1.0698086263311595,0.36058460956106253,0.0,0.009600369830193608,0.8596418005577019,0.8137592251745235,0.15733458834973688,0.0
passive_noisy_force,0.67,33,0.5685946160311006,0.6103082339653241,6.046446759803334,0.7451687484459826,0.0,1.0,0.0,0.0,0.05200031819124368,1.0010324074219235,0.3787555158068538,0.0,0.010190780955186473,0.8416754952836175,0.7235613062601154,0.19890749912690486,0.521407654953215
passive_noisy_force,0.67,34,0.44630033500313215,0.6492401670247916,8.499535563797313,0.6866433684117925,1.0,0.0,0.0,0.0,0.0,1.1687666262779781,0.386526503855967,1.0,0.004930558908763701,0.8513454665150174,0.7753432339051504,0.13346526310478293,0.0
passive_noisy_force,0.67,35,0.5547377360770267,0.6620323779035038,6.931680140060346,0.3639553387272326,0.0,0.0,1.0,0.0,0.0,0.6933633168253567,0.47217531266156987,0.0,0.0024661098313067085,0.8651454601679488,0.8459806154559886,0.5995641022913214,0.0
passive_noisy_force,0.67,36,0.7341342644041415,0.6479267835043535,6.147592900673616,0.5130992261431081,0.0,1.0,0.0,0.0,0.2962850450384173,1.3839291074866271,0.6615459796204304,0.0,0.014374773501582718,0.8455930485521327,0.7499433365782858,0.20744202340554072,0.9735776961939117
passive_noisy_force,0.67,37,0.72867971142375,0.7046791740758216,5.866263812720804,0.4824448091784108,0.0,1.0,0.0,0.0,0.5019762924451793,1.6707363013952563,0.6507253979497867,0.0,0.011999025141836754,0.8529471824312145,0.7798924680604452,0.10522232574976652,0.9972145744056021
passive_noisy_force,0.67,38,0.6774467555318997,0.7914828500967351,8.317885671547167,0.505387877136481,1.0,0.0,0.0,0.0,0.0,0.7536488345993985,0.3970115987090598,0.0,0.004702504777782106,0.8516585891412444,0.7758188381963784,0.3085064371466804,0.0
passive_noisy_force,0.67,39,0.7180691319684677,0.7478348420904608,8.36351168473439,0.5030089786384966,1.0,0.0,0.0,0.0,0.0,0.7102979132434303,0.4035087194805203,0.0,0.006601042485076017,0.8583420771498824,0.8040765643368984,0.31560350839436785,0.0
passive_noisy_force,0.67,40,0.49248747584805425,0.7095044987833624,9.389832745977397,0.3561786829849505,1.0,0.0,0.0,0.0,0.0,0.8146136189543878,0.37933084047481597,0.0,0.002646255049624914,0.8624165521618152,0.8336614724960449,0.33747937353446794,0.0
passive_noisy_force,0.67,41,0.5272311980606423,0.5367205178179453,9.306169859176013,0.7078917971516365,0.0,0.0,1.0,0.0,0.0,0.9141144060807896,0.6343794830096999,0.0,0.0027049557790429306,0.8428512890739807,0.7297540099422883,0.9987769979739723,0.0
passive_noisy_force,0.67,42,0.47180503141675095,0.4994931930834057,6.353202955426205,0.5506803573354901,0.0,0.0,1.0,0.0,0.0,0.6441309257648437,0.3793604768748717,0.0,0.012033745843735923,0.8511188865656687,0.7784797446569974,0.4695882143978797,0.0
passive_noisy_force,0.67,43,0.4438476126113387,0.6703948239688243,5.938414909815129,0.7567377947102362,1.0,0.0,0.0,0.0,0.0,0.8828812692384117,0.34195193953237596,1.0,0.011256472263515093,0.8395590845717982,0.7164873062223597,0.21244548433359153,0.0
passive_noisy_force,0.67,44,0.5732105971204086,0.7698543384316103,8.983030811057588,0.6961303947715073,1.0,0.0,0.0,0.0,0.0,0.8646929087496056,0.34988877948071934,0.0,0.004953638954528437,0.8454815362052853,0.7494933199685134,0.20581452868332736,0.0
passive_noisy_force,0.67,45,0.4813631611252566,0.7700970222428232,8.392291745073218,0.3835008305496054,1.0,0.0,0.0,0.0,0.0,0.6997225378815245,0.390092132310706,0.0,0.004598545505126762,0.8572856887636406,0.8091579656856595,0.42016125927873704,0.0
passive_noisy_force,0.67,46,0.5990745713266363,0.6289407721056521,6.871992011408689,0.5167577746330296,0.0,0.0,1.0,0.0,0.0,0.6937791273754158,0.46880984109178075,0.0,0.004995597231583566,0.8565202228231614,0.800714731272144,0.5632875939237656,0.0
passive_noisy_force,0.67,47,0.7093819818760718,0.539531269694325,8.084305480720367,0.785758128424556,0.0,0.0,1.0,0.0,0.0,0.6980062411660564,0.48671487688687237,1.0,0.01216477442956386,0.8429991359770316,0.73461922040613,0.9782081982027591,0.0
passive_noisy_force,0.67,48,0.6117808150083147,0.7100634040554324,7.265099276273679,0.45400209456859175,1.0,0.0,0.0,0.0,0.0,0.6904680864916949,0.4149001764326449,0.0,0.0036504309673009556,0.8606157229100352,0.8207879039584692,0.4639604632932114,0.0
passive_noisy_force,0.67,49,0.6057445811528958,0.5269748816303,8.798409851359132,0.3578090566655237,0.0,0.0,1.0,0.0,0.0,0.6708916854854567,0.43153371673804763,0.0,0.009025337800471168,0.8595469246508852,0.8228520964558471,0.5267479710781114,0.0
passive_noisy_force,0.67,50,0.6470135347243502,0.7126064670446935,7.304128941567268,0.7389679860423104,1.0,0.0,0.0,0.0,0.0,0.7258605738244196,0.4186650382125381,1.0,0.005297234350321092,0.8495844316936334,0.7608908074896888,0.3146699949550536,0.0
passive_noisy_force,0.67,51,0.5207272680326058,0.7038567938699032,6.758702612666325,0.49447870006010175,1.0,0.0,0.0,0.0,0.0,0.8926543443892694,0.33827800092026056,0.0,0.004176589415656685,0.8522436406061791,0.773714520102615,0.21110798705340855,0.0
passive_noisy_force,0.67,52,0.6525935133944796,0.5645577859976896,6.391803601200659,0.5361453852529274,0.0,1.0,0.0,0.0,0.39526558045838234,1.5673914780354172,0.6565512312158658,0.0,0.013629381988764691,0.8549615661130674,0.7946499247606299,0.15441478045131418,0.9908753815011617
passive_noisy_force,0.67,53,0.6904061114695534,0.7847106975885036,9.217576795750253,0.80520709271125,1.0,0.0,0.0,0.0,0.0,0.7489503894499967,0.5578173863582241,1.0,0.002582145224835349,0.8428586980516009,0.7371136610646207,0.9239889792742417,0.0
passive_noisy_force,0.67,54,0.6894712326443949,0.7903661472674217,9.20841150638701,0.6758047896361997,1.0,0.0,0.0,0.0,0.0,0.7650898577412925,0.4165006917667917,0.0,0.0047466798361433865,0.851452926116485,0.773939123558099,0.3013025477814244,0.0
passive_noisy_force,0.67,55,0.4627974724980369,0.5347181349729283,8.27757718767415,0.7469442850821566,0.0,0.0,1.0,0.0,0.0,0.7167897276033247,0.36307341118850933,1.0,0.009022490512356157,0.8414709963680105,0.7259886072064425,0.3432074220831551,0.0
passive_noisy_force,0.67,56,0.5874762806301117,0.6263134847775842,9.221202824657702,0.5862958926977205,1.0,0.0,0.0,0.0,0.0,0.8498795519349306,0.3633138216164459,0.0,0.007350894161866948,0.8563470306407466,0.7989785085644361,0.2508476208668077,0.0
passive_noisy_force,0.67,57,0.4845699724643513,0.7717098362825513,9.027104431578133,0.40573085524047986,1.0,0.0,0.0,0.0,0.0,1.0877405261891049,0.359271576889612,0.0,0.0028546052126677155,0.858682313725091,0.816967011047433,0.16374564827474458,0.0
passive_noisy_force,0.67,58,0.6240186391328169,0.6679782769171164,6.0849866182712935,0.5427355082960654,1.0,0.0,0.0,0.0,0.0,0.6764941031356462,0.3690829559120839,0.0,0.004857011162705291,0.856263040304771,0.7966174052078129,0.4578160545304218,0.0
passive_noisy_force,0.67,59,0.5609369043807284,0.6469737712496668,9.166076493576313,0.43443765101249726,1.0,0.0,0.0,0.0,0.0,0.9396516585096173,0.3562497658539136,0.0,0.006560619428285636,0.8594245556721699,0.8194761643875326,0.20602709499917973,0.0
passive_noisy_force,0.67,60,0.6988742672845494,0.7734697459315596,6.29490715700705,0.6155655012751287,0.0,1.0,0.0,0.0,0.020407672608594357,0.9799586895990932,0.35680831582680744,0.0,0.008134983290315718,0.8517483839266126,0.7687650734044716,0.17504148682284282,0.26144179304173154
passive_noisy_force,0.67,61,0.4277181595208306,0.4723754848273067,7.8238057206367095,0.7859456914573467,0.0,0.0,1.0,0.0,0.0,0.6583139366032151,0.41368938149053813,1.0,0.004898644656613514,0.8462936194298785,0.7463375602337735,0.4761788192096543,0.0
passive_noisy_force,0.67,62,0.44597603106706407,0.6031071015316061,7.899156580883476,0.49022460374765586,1.0,0.0,0.0,0.0,0.0,0.8833104044171384,0.3386199198244905,0.0,0.009743963352823648,0.8574294043774077,0.813649455368323,0.21871802067370888,0.0
passive_noisy_force,0.67,63,0.5869960587064045,0.5134224309859098,6.787090580843719,0.5834759092103744,0.0,0.0,1.0,0.0,0.0,0.6403085941179837,0.40704420697080745,0.0,0.00834556182912005,0.8521446910229683,0.7821012723995141,0.9808155432650498,0.0
passive_noisy_force,0.67,64,0.5682943288034071,0.6628584376761906,8.950212790939982,0.5307807669454452,1.0,0.0,0.0,0.0,0.0,0.9467015069982122,0.36622186698583853,0.0,0.006295325729734176,0.855156013085332,0.7933979242183157,0.21540151700935195,0.0
passive_noisy_force,0.67,65,0.5610507573344328,0.719171903495329,6.9085267735124845,0.8085229647580053,1.0,0.0,0.0,0.0,0.0,0.6958754893643991,0.4841811014956447,1.0,0.001668407450563036,0.8445816887250053,0.7398595058258365,0.7216974049683891,0.0
passive_noisy_force,0.67,66,0.6371123672268978,0.6615178545636309,9.007320413489973,0.7664509091090426,1.0,0.0,0.0,0.0,0.0,0.8500071778130425,0.3803129176271266,1.0,0.007697980773822055,0.849386091100474,0.7625582400441875,0.2003583982537176,0.0
passive_noisy_force,0.67,67,0.6874003760954417,0.7805950983032548,6.515537685173168,0.5856967315126856,1.0,0.0,0.0,0.0,0.0014204118278341655,1.008285577917624,0.35569369905272774,0.0,0.008334305298519053,0.8585760089406466,0.8143554393749034,0.16138921825711688,0.0
passive_noisy_force,0.67,68,0.7161643513995501,0.6933460107802649,7.2273322651156136,0.40126503026466387,1.0,0.0,0.0,0.0,0.0,0.688025004548295,0.4657272796707318,0.0,0.006323333278964789,0.8581176735402222,0.8021574952583705,0.49292113872363524,0.0
passive_noisy_force,0.67,69,0.70177768978152,0.6518404768662882,8.197618923319034,0.4855767088120373,1.0,0.0,0.0,0.0,0.0,0.6783064684623242,0.4349528492848968,0.0,0.00794946191570756,0.856903136187094,0.8060080251402509,0.46224745814332246,0.0
passive_noisy_force,0.67,70,0.6600592010054611,0.7789503493120286,7.434960054223852,0.4174762826935964,1.0,0.0,0.0,0.0,0.0,0.886262194799238,0.3764335072487941,0.0,0.005390740307427752,0.8574712303584852,0.8056769088986429,0.24814777008680763,0.0
passive_noisy_force,0.67,71,0.5894845490134425,0.7737959619873492,8.465756711972777,0.657985802526089,1.0,0.0,0.0,0.0,0.0,0.7340060462234924,0.5290036525625896,0.0,0.006523256647742009,0.8409848848002548,0.7327741839541458,0.9190169134781419,0.0
passive_noisy_force,0.67,72,0.6775202494282357,0.7823758539067345,8.858266780726993,0.5326362935359464,1.0,0.0,0.0,0.0,0.0,0.7864425911490852,0.41221152030585373,0.0,0.008039225172818257,0.8470281420216972,0.7576274755663002,0.2508664310823076,0.0
passive_noisy_force,0.67,73,0.706230319008647,0.5752164042092232,7.661366238026879,0.49663785796725557,0.0,0.0,1.0,0.0,0.0,0.7430501253009287,0.36338006054058714,0.0,0.011822220620913588,0.8537353442182172,0.7893759926173617,0.3641566329680759,0.0
passive_noisy_force,0.67,74,0.5009870559923658,0.6773355513869722,9.240033208134967,0.5658530563624287,1.0,0.0,0.0,0.0,0.0,0.6868931363577985,0.4179430945596738,0.0,0.0013837413484849592,0.8532740917358569,0.7873199465855559,0.5130058524630037,0.0
passive_noisy_force,0.67,75,0.7251737919356969,0.6272983074672811,9.2741333653983,0.7189877588486175,1.0,0.0,0.0,0.0,0.0,0.7158626290574502,0.5001635554091988,1.0,0.012100378200635227,0.8508662543933136,0.7804452620232099,0.41314882290165755,0.0
passive_noisy_force,0.67,76,0.5442467233140347,0.6149364977794994,6.838000819167354,0.5233187658504747,1.0,0.0,0.0,0.0,0.0,0.7668813829804874,0.38802858427599346,0.0,0.0051805410263514404,0.8605203621124367,0.8197767578854356,0.32069140753283104,0.0
passive_noisy_force,0.67,77,0.5931698209797232,0.5784811654763473,8.128677934906921,0.5111781819524914,0.0,0.0,1.0,0.0,0.0,0.7042602848605239,0.41281259730883507,0.0,0.007433544536057321,0.8515844392407177,0.7775127015069861,0.379259825601714,0.0
passive_noisy_force,0.67,78,0.5322691510440656,0.7678506325469944,7.599779905405992,0.734820209018607,1.0,0.0,0.0,0.0,0.0,0.7763327863030861,0.4059119481159314,0.0,0.0061106668507363735,0.8380490002666143,0.7097898069967735,0.26495871264135334,0.0
passive_noisy_force,0.67,79,0.43136215220964336,0.4674255271756427,6.381674025459317,0.6545515406078053,0.0,0.0,1.0,0.0,0.0,0.7631435213632498,0.3612717650194808,0.0,0.006839398005318904,0.8501987634914282,0.7656814043601615,0.30901859727597925,0.0
passive_noisy_force,0.67,80,0.5412674386428716,0.6475645622910093,8.701017386178712,0.6584813118727919,0.0,0.0,1.0,0.0,0.0,0.7495135164046031,0.5233352663859043,1.0,0.005709862315648633,0.851855729352105,0.7728973942631013,0.886733289231626,0.0
passive_noisy_force,0.67,81,0.6347275243590296,0.5553298405455848,6.2650433922361,0.47930397828743004,0.0,1.0,1.0,0.0,0.0364973854426438,0.8582753437603942,0.3988149164439378,0.0,0.008435855113453036,0.8573060540884456,0.8032294754597872,0.537495023390242,0.39700637811718653
passive_noisy_force,0.67,82,0.5868459450624772,0.6739989121733048,7.785911657801496,0.646765055541735,0.0,0.0,1.0,0.0,0.0,0.7013111500079556,0.4905495666254616,0.0,0.0031240217896110747,0.8501888281028307,0.7695727804284491,0.6572881193131859,0.0
passive_noisy_force,0.67,83,0.4400871537529818,0.7071601058469601,6.620377152356721,0.7833324765420945,1.0,0.0,0.0,0.0,0.0,0.7167197488001498,0.3503075335228577,1.0,0.012125480274123617,0.8451388347039441,0.7507938868037259,0.3364408048448114,0.0
passive_noisy_force,0.67,84,0.6292169827848696,0.5489238344345144,8.94454009876271,0.5814963660370881,0.0,0.0,1.0,0.0,0.0,0.7189430552601804,0.511395415580047,0.0,0.007564612800565415,0.8518842003387813,0.772976084418549,0.7829885181680675,0.0
passive_noisy_force,0.67,85,0.4907449030356015,0.733499426367238,9.331772412360209,0.7420979619501542,1.0,0.0,0.0,0.0,0.0,0.8479045135771381,0.35988640423675766,1.0,0.00234651594938704,0.8486526737999993,0.7624089866132202,0.2640439721300038,0.0
passive_noisy_force,0.67,86,0.6969091709729363,0.6097434603802602,6.861528805638243,0.5567360354969018,0.0,0.0,1.0,0.0,0.0016139865915205747,0.7410188891783,0.38425356124948,0.0,0.009892384294899645,0.8533423808614639,0.7867542093404503,0.47233334498070123,0.0
passive_noisy_force,0.67,87,0.427969009476119,0.6555648513709703,6.763472951174171,0.3946415672211948,1.0,0.0,0.0,0.0,0.0,0.7168821569076322,0.39334328219531267,0.0,0.004548983731953465,0.8524662260718147,0.7827044692910144,0.42889065539028637,0.0
passive_noisy_force,0.67,88,0.5754038965456545,0.6260854963127029,7.28090376659861,0.7466172164538201,1.0,0.0,0.0,0.0,0.0,0.8146389823703064,0.3684239024991225,1.0,0.008179453069652018,0.8453346644162103,0.7452793120330231,0.24591380239009122,0.0
passive_noisy_force,0.67,89,0.5202366266822962,0.5765567182134816,6.959424255362707,0.7819658578981254,1.0,0.0,0.0,0.0,0.0,0.8265851126175671,0.379697887736236,1.0,0.008276345765231353,0.8417403852578926,0.7236274107272249,0.2500429667658886,0.0
passive_noisy_force,0.67,90,0.7370760879806892,0.6792954910282135,9.323399998327368,0.6273345298404024,0.0,0.0,1.0,0.0,0.0,0.8573809137251748,0.6483998568368898,0.0,0.005606670627338326,0.8542825975527086,0.7871278658486094,0.9903314633904168,0.0
passive_noisy_force,0.67,91,0.6632115748934058,0.7602092015750394,6.0488119928982185,0.38646395114367216,1.0,0.0,0.0,0.0,0.0,0.7034663852821225,0.4040425258489935,0.0,0.006754193867111896,0.8595403088970183,0.8189063057584285,0.3931396979448757,0.0
passive_noisy_force,0.67,92,0.5973635762040819,0.5944088859985561,8.922532090606175,0.4163671974764523,1.0,0.0,0.0,0.0,0.0,0.9450555024301694,0.3722734273182253,0.0,0.0090365941997872,0.8561991714063033,0.7992310201097018,0.19953631540224095,0.0
passive_noisy_force,0.67,93,0.4592310786698221,0.4920653161109497,7.565657719937794,0.7661297524496695,0.0,0.0,1.0,0.0,0.0,0.6443399326362731,0.39574934516637666,1.0,0.01180150864774636,0.8396355751513773,0.7211143057095634,0.4603995385679672,0.0
passive_noisy_force,0.67,94,0.7025875316349142,0.6830075065955707,5.982302245371275,0.4486947308781801,0.0,0.0,1.0,0.0,0.000892577029098914,0.6753643104666763,0.3643520868860026,0.0,0.006418506201315749,0.8545425554342876,0.7910967417309589,0.7020235077878341,0.0
passive_noisy_force,0.67,95,0.6825792254909581,0.6601502752979803,6.187429542370341,0.3741213340989253,0.0,0.0,1.0,0.0,0.0,0.6454728962301551,0.41663525635500254,0.0,0.0059598922248664706,0.8655645288367643,0.8414929616157175,0.9264016311341146,0.0
passive_noisy_force,0.67,96,0.5120380946868359,0.503189964796693,8.759369168261705,0.5696557707434107,0.0,0.0,1.0,0.0,0.0,0.7930845094859977,0.3729186029719622,0.0,0.008446825895280105,0.854639990335279,0.7904361454729869,0.3079941644852954,0.0
passive_noisy_force,0.67,97,0.5112225046898504,0.7006707044051859,6.3625385415616895,0.5390831787372069,1.0,0.0,0.0,0.0,0.0,0.9318368793004627,0.3392208335978107,0.0,0.004249763740150194,0.8565768889915466,0.7967600673337872,0.20515789627965234,0.0
passive_noisy_force,0.67,98,0.7350744410720456,0.47669400156656294,6.230575352594206,0.6446875984274718,0.0,1.0,1.0,0.0,0.816237366504587,2.0494937192976197,1.5909218930450886,1.0,0.016943430676597232,0.8493824770767213,0.7694481157256073,0.4479702370125074,0.9999186393153645
passive_noisy_force,0.67,99,0.6130676212890582,0.4946336563778936,8.04537782609571,0.49712411688243296,0.0,0.0,1.0,0.0,0.0,0.8768727171746645,0.5942727229466983,0.0,0.007239724179167894,0.8507591677184343,0.7652335846649059,0.998668639277707,0.0
passive_noisy_force,0.67,100,0.5636092292325267,0.6605106090938255,9.304288706259603,0.49810610876884964,1.0,0.0,0.0,0.0,0.0,0.8615542992568228,0.355286647267043,0.0,0.0059276473308645765,0.8585888653170944,0.8143362047442398,0.2516018858901437,0.0
passive_noisy_force,0.67,101,0.5756117739815443,0.7002523242926286,8.481734400051833,0.8093085017967998,1.0,0.0,0.0,0.0,0.0,0.6917556438020056,0.4313545025555505,1.0,0.012540533295559203,0.8365907669682684,0.7083976902008166,0.3457538098533975,0.0
passive_noisy_force,0.67,102,0.5636609175870144,0.7689723319935629,8.203320065716781,0.41755167604993754,1.0,0.0,0.0,0.0,0.0,0.7691013546882359,0.3667011703054263,0.0,0.0030760741600800896,0.856950249973509,0.8075061176508739,0.32651577053403913,0.0
passive_noisy_force,0.67,103,0.7275463251541763,0.5800933765745412,8.283600468570663,0.5092058248305538,1.0,0.0,0.0,0.0,0.012846689334284045,1.0838927233953473,0.44148275570218065,1.0,0.018020275007392384,0.862897590874928,0.820397529328858,0.13390650097272788,0.18033952113384777
passive_noisy_force,0.67,104,0.5902735773070803,0.7417209903495326,6.009264337382639,0.6210337939708936,1.0,0.0,0.0,0.0,0.0,0.7568472390423675,0.35916880994480466,0.0,0.008315054567125727,0.8537020341273381,0.7931347269195889,0.2644282266033065,0.0
passive_noisy_force,0.67,105,0.5552480777484212,0.4922863572676014,6.5233211271192655,0.4005027188319913,0.0,0.0,1.0,0.0,0.0015106350281825231,0.734862023909319,0.3601994596781975,0.0,0.008186367264303796,0.8581926487115251,0.8077038489115106,0.5501252966711436,0.0
passive_noisy_force,0.67,106,0.5248480986997961,0.5516620595090214,7.638684457732146,0.5448030225852872,0.0,0.0,1.0,0.0,0.0,0.7422461017973147,0.40676931685185375,0.0,0.006542475417739515,0.8556189714437382,0.7958952865465674,0.38565612179964587,0.0
passive_noisy_force,0.67,107,0.5490937750187973,0.6560646571151219,7.65944489080159,0.820200732819987,1.0,0.0,0.0,0.0,0.0,0.6644732439960095,0.42836907825192144,1.0,0.011452843307712264,0.8434988162366427,0.7411610626533454,0.48466266097281013,0.0
passive_noisy_force,0.67,108,0.5507608871456404,0.7744089950905984,9.119432022691786,0.5949108429193054,1.0,0.0,0.0,0.0,0.0,0.7765462835230588,0.3683449990269619,0.0,0.004589807562100735,0.8529159711340837,0.787662144992138,0.2675596884147121,0.0
passive_noisy_force,0.67,109,0.6518674909267566,0.7885396937509899,6.671494390360032,0.5867676980932084,1.0,0.0,0.0,0.0,0.0,0.723705987328985,0.41955383060606366,0.0,0.006002428591341319,0.8498314082781027,0.773187161072506,0.31966233863457755,0.0
passive_noisy_force,0.67,110,0.48788787543530593,0.5327655560258462,9.199959634661049,0.6220563976658293,0.0,0.0,1.0,0.0,0.0,0.6532357225121033,0.4173246842781819,0.0,0.007359095503975794,0.8485651788726595,0.7661777810020103,0.5016247468523101,0.0
passive_noisy_force,0.67,111,0.6098565007907117,0.6994447434602292,6.52711420464868,0.6251027985353937,1.0,0.0,0.0,0.0,0.0,0.6894094453186423,0.42445203373206714,0.0,0.010372036407120755,0.8515475619550389,0.7810294297691998,0.40638622139092556,0.0
passive_noisy_force,0.67,112,0.6945108520911378,0.4893635323923658,6.5875179122462075,0.4944735563414561,0.0,1.0,1.0,0.0,0.5677587249681759,1.7494317555338335,1.0858440834790326,0.0,0.015645926800163863,0.8547457432739191,0.7947034276396293,0.3034620844960281,0.9986162084233625
passive_noisy_force,0.67,113,0.7109083599621544,0.6553483373232774,6.011534444581467,0.46038732369663,0.0,1.0,1.0,0.0,0.017387522980791076,0.7675684572149316,0.4168987151889701,0.0,0.0070801230755048825,0.8531626441546986,0.7840076042164357,0.8518157634619299,0.2312125735770465
passive_noisy_force,0.67,114,0.5040136231492205,0.7916034623335628,8.396099241894468,0.4603671625409916,1.0,0.0,0.0,0.0,0.0,0.7432052306557778,0.39471634192772825,0.0,0.0008108112804842224,0.8549235469758704,0.7972842387351686,0.3720587182469768,0.0
passive_noisy_force,0.67,115,0.6992678903505427,0.7776549649057753,7.479715204169994,0.38510245534070664,1.0,0.0,0.0,0.0,0.0,0.6985745130364535,0.4879823597592515,0.0,0.008240619350167216,0.8597368218188154,0.8245700883720987,0.6258268763067371,0.0
passive_noisy_force,0.67,116,0.5295583063331872,0.6805311964721028,7.891387288899072,0.554756256436923,1.0,0.0,0.0,0.0,0.0,0.7229725817718532,0.39180784880675296,0.0,0.0029219010605838,0.854067706280192,0.788768949041158,0.3987557046374633,0.0
passive_noisy_force,0.67,117,0.4765582338205477,0.7638075460671483,7.275526330088994,0.524428435913489,1.0,0.0,0.0,0.0,0.0,0.840490578434416,0.35308966652160906,0.0,0.0034612493007975093,0.856389895616532,0.7966119297322748,0.2129167184477631,0.0
passive_noisy_force,0.67,118,0.5353890210780718,0.5867779672314078,7.958145219532501,0.6167296193180963,0.0,0.0,1.0,0.0,0.0,0.7261047274751413,0.5063291875241219,0.0,0.0032540802662512545,0.8566621379333954,0.7986601314741729,0.8036763535562783,0.0
passive_noisy_force,0.67,119,0.5019001642241459,0.744023471116495,8.572580130034844,0.6970214584781443,1.0,0.0,0.0,0.0,0.0,0.9101348884977476,0.3370965342692679,1.0,0.004805998034376321,0.8551507691865903,0.7885419877695686,0.21393416647661634,0.0
passive_noisy_force,0.67,120,0.6362177036627054,0.4674798068799202,9.029523816281076,0.6504322316225991,0.0,0.0,1.0,0.0,0.0,1.2244315905209207,0.8911325865875599,0.0,0.007516948531956596,0.8501289292582511,0.7706733990197768,0.99999745664189,0.0
passive_noisy_force,0.67,121,0.572984320156114,0.500152383772835,6.376463675089067,0.5952000083587414,0.0,1.0,1.0,0.0,0.051063257899526766,0.8831608581894587,0.41219243268246236,0.0,0.00924549122790615,0.8488434619050474,0.757045576880874,0.4400864318920093,0.498390271609486
passive_noisy_force,0.67,122,0.60865145271517,0.5193882461994003,9.192817561237952,0.6880854392481801,0.0,0.0,1.0,0.0,0.0,0.8636620324331341,0.6501147665144885,0.0,0.006492665418348277,0.8502430565175304,0.7691520496257864,0.996599565646101,0.0
passive_noisy_force,0.67,123,0.7291320370727137,0.6760677315657885,8.359916057391622,0.5480324506867659,1.0,0.0,0.0,0.0,0.0,0.7525884890294633,0.3848045672825157,0.0,0.00966707616381709,0.8609816277087087,0.8173055457666908,0.31406295312047106,0.0
passive_noisy_force,0.67,124,0.6413749119756663,0.7737542802103203,8.522264754805878,0.6951947003687546,1.0,0.0,0.0,0.0,0.0,0.6796735852915933,0.4264246258459632,0.0,0.00579655539619323,0.8459837050364899,0.7521233137531915,0.4279154087234302,0.0
passive_noisy_force,0.67,125,0.5815142608223747,0.7015154684311997,6.925909601052022,0.5494862841092688,1.0,0.0,0.0,0.0,0.0,0.704303774874666,0.494172848221895,0.0,0.002162347327567028,0.8484996928284887,0.7597111147891462,0.7025832347549527,0.0
passive_noisy_force,0.67,126,0.5365752743593784,0.7034184474482309,9.149079309840833,0.557483097080026,1.0,0.0,0.0,0.0,0.0,0.7219725944921839,0.4961608676254031,1.0,0.014385077323796628,0.8505920580504248,0.7874093322634295,0.5244349863406725,0.0
passive_noisy_force,0.67,127,0.457721045494288,0.6954305952166575,7.545878718547676,0.5390310395280364,1.0,0.0,0.0,0.0,0.0,0.6957339351799986,0.36999240736493844,0.0,0.007606017282026476,0.8522861835015553,0.7861731700251344,0.4139420249880369,0.0
passive_noisy_force,0.67,128,0.7278417131872342,0.7366010823274503,7.44225268346302,0.7709006998293879,1.0,0.0,0.0,0.0,0.0,0.8656810233558013,0.42582388324826687,1.0,0.011402728708527366,0.8393990882089013,0.7188390379352316,0.19505542960392316,0.0
passive_noisy_force,0.67,129,0.565185604165241,0.7495056735967808,6.64073685790245,0.6806770001512172,1.0,0.0,0.0,0.0,0.0,0.9498298360714575,0.3557317102147518,1.0,0.0046027252781776625,0.8521714022933922,0.7765163754776988,0.19503756929129773,0.0
passive_noisy_force,0.67,130,0.6651665493170253,0.7286225134323887,8.016633978650683,0.7746198058688489,1.0,0.0,0.0,0.0,0.0,0.847002830260119,0.3930291278533944,1.0,0.007862766240330717,0.8456759126427529,0.7441960995414244,0.2421326739912574,0.0
passive_noisy_force,0.67,131,0.7203544229553788,0.5674202728783833,7.23256947866183,0.6029147140044747,0.0,0.0,1.0,0.0,0.0,0.6933308645107376,0.3740567502897142,0.0,0.010044702725671154,0.8552610909362637,0.7935790307734957,0.7350990170402256,0.0
passive_noisy_force,0.67,132,0.6463944988172544,0.7867238841406721,7.5133167220615125,0.4313894166324779,1.0,0.0,0.0,0.0,0.0,0.7427947974490996,0.3935850816662382,0.0,0.012060862572629796,0.8558554396363596,0.8092681821684892,0.332692587917604,0.0
passive_noisy_force,0.67,133,0.6823358930745999,0.5643665499117925,7.204769733717189,0.561543612209096,0.0,0.0,1.0,0.0,0.0,0.7045943178025943,0.4504718408419946,0.0,0.0071316884824137155,0.8536721996083886,0.7873230475426372,0.9986584302974965,0.0
passive_noisy_force,0.67,134,0.48716770666983544,0.6829586145620943,8.116766981940295,0.7449164722113064,1.0,0.0,0.0,0.0,0.0,0.7173759986131544,0.3530794780722495,1.0,0.00648594702524487,0.8481859477476229,0.7651066546930527,0.33628444262630813,0.0
passive_noisy_force,0.67,135,0.5114075740163535,0.603848282948863,8.549011630019354,0.7149197837005123,1.0,0.0,0.0,0.0,0.0,0.8621879628075162,0.3716225285541255,0.0,0.0063088334380508124,0.8448375171576504,0.7415586199038601,0.24613520649901174,0.0
passive_noisy_force,0.67,136,0.5712236056500106,0.46990919449656765,7.522040336524925,0.49533619309106924,0.0,0.0,1.0,0.0,0.0,0.6530542214756424,0.3557896073721079,0.0,0.010093899029323318,0.8537121800034452,0.7818462308159314,0.5203195936317998,0.0
passive_noisy_force,0.67,137,0.6159355030187165,0.7595824588807154,7.971909688917643,0.5874720626797773,1.0,0.0,0.0,0.0,0.0,0.7725757017961974,0.3565600221848101,0.0,0.005778805117468678,0.8541501130081014,0.7940429814610184,0.26223485291433507,0.0
passive_noisy_force,0.67,138,0.550742601537014,0.6628155096834377,6.738369431109885,0.5837050612520699,1.0,0.0,0.0,0.0,0.0,0.6900902593292494,0.4279042916425971,0.0,0.005703899705062162,0.8485586983662581,0.7636718482074318,0.4145154939327226,0.0
passive_noisy_force,0.67,139,0.7247658582222066,0.6768605187228702,6.381085328451146,0.8024932288891039,0.0,1.0,0.0,0.0,0.11944950475438156,1.1184951195823163,0.4384276860919765,1.0,0.010097145971683425,0.8503185081963426,0.7636069899042741,0.20090255122573006,0.7896136015017068
passive_noisy_force,0.67,140,0.6653784083765342,0.4869687993517352,7.292078750532488,0.5671767686876223,0.0,1.0,1.0,0.0,0.13622945900359001,1.172280944749804,0.5574491824350047,0.0,0.014243879200240353,0.8496982837773673,0.7676633199154465,0.35288870023866276,0.8240572471831287
passive_noisy_force,0.67,141,0.4438510758526566,0.5279109209551441,7.662737085349512,0.7507961244951422,0.0,0.0,1.0,0.0,0.0,0.6615912970189517,0.3610274834359962,1.0,0.004471437243390555,0.8404038300888763,0.7134813415631674,0.3905978496781932,0.0
passive_noisy_force,0.67,142,0.48554148537946745,0.6574581370229161,6.080337094288888,0.551361005530341,1.0,0.0,0.0,0.0,0.0,0.749818444202805,0.3520288428423265,0.0,0.003092180295851745,0.8549953223317941,0.7873528372034794,0.31345078164726253,0.0
passive_noisy_force,0.67,143,0.6944730017917282,0.6938316951856888,7.796363812768653,0.5465436318517276,0.0,0.0,1.0,0.0,0.0,0.809931548568323,0.5978653642306775,0.0,0.005143326271855854,0.8533533956568429,0.7873525461822274,0.962160935525792,0.0
passive_noisy_force,0.67,144,0.6824086664092046,0.7879121065643561,7.363136466141764,0.7249900390444717,1.0,0.0,0.0,0.0,0.0,0.713459328792927,0.43520044135525604,0.0,0.009952549213646427,0.8414314856697978,0.7282238147356719,0.3306149811784621,0.0
passive_noisy_force,0.67,145,0.5864816194053284,0.7813022701578181,6.859758626872901,0.7745097631614013,1.0,0.0,0.0,0.0,0.0,0.6925711324276049,0.46689701051392624,1.0,0.003153041456465998,0.8412842348831828,0.7243901815463349,0.5284979133144961,0.0
passive_noisy_force,0.67,146,0.6207408085830408,0.7451740294800657,7.501028902221857,0.7299796764476958,0.0,0.0,1.0,0.0,0.0,0.6933946903366689,0.4769969066010138,0.0,0.009171311286048029,0.8481717065222499,0.7677645478507549,0.5244443249928525,0.0
passive_noisy_force,0.67,147,0.6449933806909236,0.6690693459659854,6.766676579098753,0.6441769775607724,1.0,0.0,0.0,0.0,0.0,0.6925887015613614,0.4733505525577871,0.0,0.0055859180377321686,0.8497517080687487,0.7644032909376547,0.5156320242099038,0.0
passive_noisy_force,0.67,148,0.6166817844703275,0.6643920766215795,5.975040294918786,0.5256003427508109,0.0,1.0,0.0,0.0,0.04802008114602759,0.950886926878424,0.47880424288068935,1.0,0.01937728960017546,0.850178952147353,0.7817272835218917,0.21204807907153903,0.486023953214206
passive_noisy_force,0.67,149,0.6860057828907571,0.6469121474324047,6.343783397398936,0.5692856684953489,0.0,0.0,1.0,0.0,0.0,0.691627428492896,0.45177127912769943,0.0,0.005286837415927441,0.8561698085538436,0.8028488433794817,0.9979640009861288,0.0
passive_noisy_force,0.67,150,0.692495493825621,0.47179411158821766,7.788059165459249,0.6820145708810775,0.0,0.0,1.0,0.0,0.01158804570769265,0.8424138971255499,0.4726012646380987,0.0,0.014008475826333966,0.8483196875142218,0.7609448650357281,0.921828273645868,0.16425330766417345
passive_noisy_force,0.67,151,0.5156703989209407,0.7489562024453729,9.09178581950474,0.6178955638946794,1.0,0.0,0.0,0.0,0.0,0.6847030226803444,0.4103179138126014,0.0,0.0029525607688180864,0.852453532064809,0.7843141346636399,0.4336886593978175,0.0
passive_noisy_force,0.67,152,0.6402191291078994,0.7250680274813501,8.663485991558147,0.6997739645540404,1.0,0.0,0.0,0.0,0.0,0.7325628732273921,0.40951368756458956,0.0,0.004983670216461041,0.8499091572594244,0.7671415717926032,0.32661126994556994,0.0
passive_noisy_force,0.67,153,0.6908970937666545,0.6680632497113225,7.695410039520553,0.43641056171937354,1.0,0.0,0.0,0.0,0.0,1.1081429181571394,0.35554963882458196,0.0,0.011386058834876239,0.8627307042953638,0.8258112356952657,0.12701380161076836,0.0
passive_noisy_force,0.67,154,0.6478615050068584,0.6736726708358691,6.670054363444071,0.7846432015931111,1.0,0.0,0.0,0.0,0.0,0.7042413995642172,0.4909472271673497,1.0,0.01640318340327648,0.8418130521848206,0.7359765489323316,0.4475283423177614,0.0
passive_noisy_force,0.67,155,0.5489776293568285,0.6699123075431703,8.854375083739159,0.7224397920179946,1.0,0.0,0.0,0.0,0.0,0.7287648166814696,0.3666777580215489,1.0,0.005467035350348928,0.8523971467457985,0.774196928231763,0.31009192982923384,0.0
passive_noisy_force,0.67,156,0.7058660198646018,0.6475175677396218,9.354291255874948,0.3797567171836268,1.0,0.0,0.0,0.0,0.0,1.2257076348697389,0.36881285068556446,0.0,0.013703333149400932,0.8647906166343324,0.8364954915672127,0.1250772913040531,0.0
passive_noisy_force,0.67,157,0.7061663260033151,0.723814583333202,9.171713741536063,0.5683444235104735,1.0,0.0,0.0,0.0,0.0,0.7471131694252682,0.4772069046064394,0.0,0.005922958204929639,0.8527742343173413,0.7835934719161338,0.33258850003719675,0.0
passive_noisy_force,0.67,158,0.4835876417463473,0.7793535063176602,8.638133571973626,0.6408058612089922,1.0,0.0,0.0,0.0,0.0,0.6921187152761115,0.396270090897064,0.0,0.005823018492747531,0.8434378448471899,0.7451256544595086,0.35884139081779276,0.0
passive_noisy_force,0.67,159,0.49503507244984013,0.6904599744654071,8.534314981108395,0.6786883824522076,0.0,0.0,1.0,0.0,0.0,0.6763848480587951,0.45740712086599805,0.0,0.006974378048835541,0.8461329033958782,0.7560977435791381,0.6949945533072205,0.0
passive_noisy_force,0.67,160,0.49686776505455704,0.500456924180307,6.1283347558676295,0.7685496799685716,0.0,1.0,1.0,0.0,0.011854547178916028,0.7744125441654299,0.3435831029275487,1.0,0.01273960500103143,0.842517135942392,0.7346395737203457,0.37282497951896587,0.14174508460366975
passive_noisy_force,0.67,161,0.6187314923962728,0.5063395430300325,7.604457240140473,0.6155857445424662,0.0,0.0,1.0,0.0,0.0,0.7798120540140576,0.4996456195035564,0.0,0.006673246354919662,0.8514554323704693,0.7720702117580266,0.9986923575277046,0.0
passive_noisy_force,0.67,162,0.6999569459439977,0.5742119440647954,9.176361171824619,0.4137723958437117,0.0,0.0,1.0,0.0,0.0,0.8154257261096889,0.616926894432146,0.0,0.007564413241101443,0.8625251242457528,0.8322189295469948,0.9283549979506046,0.0
passive_noisy_force,0.67,163,0.45696538532318814,0.7375280291538311,6.745480428689234,0.5474864339831667,1.0,0.0,0.0,0.0,0.0,0.6595551187491081,0.37608793619021136,0.0,0.010446470745511985,0.8510601511024612,0.783757097423871,0.45261255829073055,0.0
passive_noisy_force,0.67,164,0.44640244886618125,0.5388595028876871,6.594651842492192,0.4158973950432494,0.0,0.0,1.0,0.0,0.0,0.6786249371629814,0.4410442161298882,0.0,0.003490981555648136,0.8551314512633187,0.7920233734468859,0.5730410234531588,0.0
passive_noisy_force,0.67,165,0.4274655989481302,0.6691851558155026,9.078943560040909,0.4094414671960997,1.0,0.0,0.0,0.0,0.0,0.68847267742092,0.3826258848496536,0.0,0.0017731723223902793,0.8539774672016488,0.7949348536413895,0.4372853542865479,0.0
passive_noisy_force,0.67,166,0.666709935492173,0.6663832482790785,6.4354941702491075,0.8217837679048592,0.0,0.0,1.0,0.0,0.0,0.6684474066893638,0.44432507182852704,1.0,0.010771288475478816,0.8356586382677688,0.6972634002625094,0.8882209766775507,0.0
passive_noisy_force,0.67,167,0.7196803477923495,0.5861762949593482,8.336470380235356,0.6049915325944661,1.0,0.0,0.0,0.0,0.0029965510325351717,1.104079749611378,0.3777851425295673,0.0,0.014846326249529388,0.8522887295399415,0.7785526313627499,0.1275819839841188,0.018838935776588017
passive_noisy_force,0.67,168,0.6698863393707801,0.7534550045328984,8.219147727319474,0.4561070754660005,1.0,0.0,0.0,0.0,0.0,0.8932225109067792,0.36778909731509485,0.0,0.009392284168919253,0.8551036257788858,0.7993854654957053,0.19848579726275994,0.0
passive_noisy_force,0.67,169,0.6646833328772647,0.5917530507583673,7.806749289346975,0.6055588416086222,1.0,0.0,0.0,0.0,0.0,0.7937975472425345,0.3820430088520047,0.0,0.0113419280716266,0.851053238870718,0.7781128620411503,0.24243106305243234,0.0
passive_noisy_force,0.67,170,0.6602352880471817,0.6965242364408739,9.234570948751772,0.390982368206457,1.0,0.0,0.0,0.0,0.0,0.8878203427135172,0.35345819039180254,0.0,0.007785226536811603,0.8602038307997779,0.8267408305969296,0.20908451847631165,0.0
passive_noisy_force,0.67,171,0.5618521824963815,0.758644416729537,7.421513490997265,0.5435377538919373,1.0,0.0,0.0,0.0,0.0,0.7361175049661717,0.38267002718029425,0.0,0.004646471798936386,0.8504556840065762,0.7772319892741824,0.31919628310661535,0.0
passive_noisy_force,0.67,172,0.49825494497655787,0.6633689067708755,7.3402969719776845,0.46840709385365925,1.0,0.0,0.0,0.0,0.0,0.6859810431216844,0.398233832293511,0.0,0.001710923710378016,0.8585910085154547,0.8108975262855515,0.4743210852319179,0.0
passive_noisy_force,0.67,173,0.656621684044775,0.5160843316228876,6.568283774540701,0.47094058925356996,0.0,1.0,1.0,0.0,0.3278366883047302,1.4530078317357586,0.673771986591303,0.0,0.013332453133627546,0.8590208156212066,0.8122820039481008,0.2537554498013293,0.980526432423904
passive_noisy_force,0.67,174,0.6289783574063481,0.5825647987775632,8.982809126285476,0.3932730679485979,0.0,0.0,1.0,0.0,0.0,0.720441785250798,0.40977326593034824,0.0,0.00827076007284587,0.8595406555491123,0.8144664238802513,0.373573962133157,0.0
passive_noisy_force,0.67,175,0.6644409366773546,0.5745148901326171,8.20830147827581,0.6782000323380979,0.0,0.0,1.0,0.0,0.0,0.9868560786905576,0.7067696296489969,1.0,0.007177192817721511,0.8506568457105027,0.7763292126416046,0.998820389163782,0.0
passive_noisy_force,0.67,176,0.5939289002998522,0.696387547597869,7.844021486585631,0.4511554805785877,1.0,0.0,0.0,0.0,0.0,0.6829253819802388,0.43924748771303906,0.0,0.0037892253878369607,0.8565289800687439,0.8045662281898862,0.5007865086045001,0.0
passive_noisy_force,0.67,177,0.5801441685632304,0.7844641751286713,8.815592628066764,0.6281416420059074,1.0,0.0,0.0,0.0,0.0,0.6822388905178547,0.44272459622913396,0.0,0.001099668952172106,0.8439591397117128,0.739943423979005,0.5116536572469934,0.0
passive_noisy_force,0.67,178,0.6113550901035614,0.5346424194971096,8.284604830546982,0.8026177740839924,0.0,0.0,1.0,0.0,0.0,0.7010057659447931,0.43851344432694833,1.0,0.010498726915515651,0.8378633040677377,0.7070280069715379,0.3761336909465994,0.0
passive_noisy_force,0.67,179,0.4741130657825335,0.5399526856989092,7.911812144617864,0.8053770672430952,0.0,0.0,1.0,0.0,0.0,0.7869346641641264,0.5651119993212297,1.0,0.008043107957798107,0.844773059819188,0.7314893964873578,0.9056869996583861,0.0
haptic_force_rich,0.67,0,0.6965746038729437,0.577238485914806,7.256830491572167,0.43668321330106163,0.0,1.0,0.0,0.0,0.29824252282692937,1.4409029753550482,0.5176085667323481,0.0,0.004258879675559124,0.9589515878562825,0.8194854121451265,0.08427300906092716,0.9671359640984153
haptic_force_rich,0.67,1,0.5281921179096634,0.6361753142511937,6.560239686892075,0.3627350032159756,1.0,0.0,0.0,0.0,0.0,0.594616532183967,0.05795865751937686,0.0,0.0018575032821320306,0.972869407694949,0.8922919245817552,0.07777698670429822,0.0
haptic_force_rich,0.67,2,0.5461801996857973,0.5951948188538179,6.1008336423522245,0.7446375770810283,1.0,0.0,0.0,0.0,0.0,0.1804991104530602,0.015181290634052283,1.0,0.0032150091476357994,0.9505757346087762,0.763905665320568,0.2073007676437907,0.0
haptic_force_rich,0.67,3,0.5923379881651312,0.5614493569831378,7.9440031796079955,0.7047439792400166,1.0,0.0,0.0,0.0,0.0,0.26767882430580947,0.03073389963262056,0.0,0.0015537549598300462,0.954313908064492,0.7823683770003312,0.20140174041520711,0.0
haptic_force_rich,0.67,4,0.5230825973233989,0.5206281882413557,8.203134572285938,0.4624072138655858,1.0,0.0,0.0,0.0,0.0,0.13891306856323649,0.016719230410777955,0.0,0.0015154566739865962,0.9572883925045578,0.7959156495190568,0.07985922458752913,0.0
haptic_force_rich,0.67,5,0.4859446195986997,0.6479423662272044,6.497153187719615,0.6576290760977456,1.0,0.0,0.0,0.0,0.0,0.12162654968206328,0.014439015614781156,0.0,0.00150964163817858,0.9541637562656022,0.7808506952008675,0.07798170870343542,0.0
haptic_force_rich,0.67,6,0.45406502880187855,0.669558844834127,8.578114385817543,0.6101662476106051,1.0,0.0,0.0,0.0,0.0,0.12369316518110594,0.01503681160339309,0.0,0.0014801629950320521,0.9573702126371229,0.8018348475331838,0.08214301459497995,0.0
haptic_force_rich,0.67,7,0.6913406246166469,0.5360823174621631,7.436704128998879,0.4187432601862212,1.0,0.0,0.0,0.0,0.0,0.5347319161193471,0.1623122756096373,0.0,0.002951555971390521,0.9703902627676795,0.876381527759699,0.07817813978523132,0.0
haptic_force_rich,0.67,8,0.5158319264259611,0.5360078695981048,7.538803772362343,0.5268153552578717,1.0,0.0,0.0,0.0,0.0,0.11755054577025642,0.013169906260854791,0.0,0.001860841435019697,0.9611346716963706,0.8254114260334863,0.07777789657402417,0.0
haptic_force_rich,0.67,9,0.46870084022289166,0.5701837114704386,7.628175785846496,0.4203223808225339,1.0,0.0,0.0,0.0,0.0,0.7338158265400001,0.08995323092151629,1.0,0.0018394158201747697,0.9693425551285377,0.871885358322863,0.07781540313045836,0.0
haptic_force_rich,0.67,10,0.7127898278224278,0.7684678093883128,8.661053578537189,0.38828626752759954,1.0,0.0,0.0,0.0,0.0,0.1597677370377943,0.011512984733831966,0.0,0.001465871514774918,0.9639578897882688,0.8372939789699662,0.07767030850077239,0.0
haptic_force_rich,0.67,11,0.5670400579600421,0.5835142012174491,7.6912951296286245,0.5457405387310186,1.0,0.0,0.0,0.0,0.0,0.12399837313378569,0.015042959027724697,1.0,0.0035429282111679398,0.9638454883674612,0.8263848909136462,0.0834731206792152,0.0
haptic_force_rich,0.67,12,0.581739302440375,0.5627915832574524,7.694432633870196,0.5450497004279616,1.0,0.0,0.0,0.0,0.0,0.29479329425463485,0.01999486805747619,0.0,0.002341602355461263,0.9531894285032261,0.7702977660239017,0.08468581242663055,0.0
haptic_force_rich,0.67,13,0.5777813017336927,0.4778125186497303,7.6013716501050785,0.35801226515852286,0.0,0.0,1.0,0.0,0.0,0.14066063257578282,0.01402949372172183,0.0,0.002337565238892705,0.9644845217006551,0.8360142492872976,0.29255835949365605,0.0
haptic_force_rich,0.67,14,0.5858334610480946,0.48553970319867484,7.554485693945587,0.6419551251714093,0.0,0.0,1.0,0.0,0.0,0.3982257809101287,0.06055527500525409,0.0,0.0027894858326396447,0.958419102914007,0.8058797683134754,0.07852190161911747,0.0
haptic_force_rich,0.67,15,0.6104935746164678,0.7257179731719128,8.182311678581463,0.7822577034825338,1.0,0.0,0.0,0.0,0.0,0.15373383266086715,0.012577410797546306,1.0,0.0010674804605848157,0.9484764531647117,0.7448135294897956,0.0803355841297256,0.0
haptic_force_rich,0.67,16,0.438243695098522,0.6973927434202406,6.796381452189887,0.5283015386958115,1.0,0.0,0.0,0.0,0.0,0.31031931444536587,0.018107777221379538,0.0,0.0028632810386733684,0.9635645415951662,0.8423761910833163,0.07869026391412041,0.0
haptic_force_rich,0.67,17,0.7209766365750729,0.5615870809322665,8.570859481089471,0.6825160333050844,1.0,0.0,0.0,0.0,0.0,0.5943127370528444,0.06367222065703165,0.0,0.0036854083142787166,0.9419241819458161,0.7108791758751777,0.0782766737644361,0.0
haptic_force_rich,0.67,18,0.6496090372306652,0.6564514283373238,9.273718691888984,0.7737806934200812,1.0,0.0,0.0,0.0,0.0,0.23463304212072747,0.014404516087523403,1.0,0.002140580843205743,0.9502731210058327,0.7644265596412818,0.08168267073151364,0.0
haptic_force_rich,0.67,19,0.5871015627596089,0.6911816364448342,9.315804087748283,0.6129634861869182,1.0,0.0,0.0,0.0,0.0,0.2541864114498973,0.015118470407952733,0.0,0.001189091356860529,0.9463366557052166,0.7381152480306402,0.07759499603583338,0.0
haptic_force_rich,0.67,20,0.46468890706603955,0.7871548249741649,9.12486301513381,0.5911176432169186,1.0,0.0,0.0,0.0,0.0,0.3232188518292555,0.02173751950492507,0.0,0.0011108952394434017,0.9622468674493545,0.8281557885787645,0.08524545188834924,0.0
haptic_force_rich,0.67,21,0.5471109421584573,0.5869310908909412,7.883866285625988,0.5404727617277424,1.0,0.0,0.0,0.0,0.0,0.5000121884382208,0.044989655771342806,0.0,0.001894768296698263,0.9545155604944071,0.7794159358487237,0.07778714446382493,0.0
haptic_force_rich,0.67,22,0.5619225404669774,0.7161257102092804,7.344937895829943,0.6395313902271383,1.0,0.0,0.0,0.0,0.0,0.24447739091416032,0.014448961687067729,0.0,0.0014786032122932364,0.9387203037749382,0.6937410852011101,0.0783863533381586,0.0
haptic_force_rich,0.67,23,0.7251611443977543,0.48422919204995135,7.902445263537178,0.6983705272940561,0.0,0.0,1.0,0.0,0.0,0.4227526911536223,0.17867266357687844,1.0,0.0030695365012638007,0.9607591274191523,0.8248394751619231,0.9999987749506267,0.0
haptic_force_rich,0.67,24,0.6778541409710773,0.6836669678000435,7.135309460474302,0.7934843007456875,1.0,0.0,0.0,0.0,0.0,0.12514733859173113,0.015134453538192894,1.0,0.001505987080923123,0.9396222203673813,0.6939792181510845,0.07786749399111194,0.0
haptic_force_rich,0.67,25,0.5261517460874056,0.5404789976243757,8.070314201382459,0.8077859363375983,1.0,0.0,0.0,0.0,0.0,0.9466758639826224,0.1626124143229228,1.0,0.0027638171625084525,0.9436391710692504,0.7199888128999901,0.08173309097254032,0.0
haptic_force_rich,0.67,26,0.6876436966254875,0.5410766571610773,8.462792714662047,0.6926278467629152,0.0,0.0,1.0,0.0,0.0,0.28569648505106787,0.029275871364006528,1.0,0.002980204097571561,0.9529311427991054,0.7689551511179465,0.2906694551884709,0.0
haptic_force_rich,0.67,27,0.5586404177655986,0.5529038798720374,7.505198004408801,0.3768279544624123,1.0,0.0,0.0,0.0,0.0,0.17381498431176212,0.022700628680233995,0.0,0.002103301492971321,0.970784960767245,0.884221550534841,0.0824854890566421,0.0
haptic_force_rich,0.67,28,0.624930213902465,0.5609706415451389,7.690957778878557,0.4887721185209313,0.0,1.0,0.0,0.0,0.26958839677574725,1.697563705200764,0.5096802346028658,0.0,0.004604840451648798,0.9601893159036682,0.8260998802200964,0.07869759868376412,0.9546205468486809
haptic_force_rich,0.67,29,0.448923180172524,0.7029930714571566,9.08877648636268,0.6546445595214238,1.0,0.0,0.0,0.0,0.0,0.5280630589437033,0.05306180734008217,1.0,0.0022612882234267625,0.9579626826129777,0.7960452374351944,0.07886320598327141,0.0
haptic_force_rich,0.67,30,0.715523799185078,0.5715561475723406,7.9061588908335505,0.5848764737742521,1.0,0.0,0.0,0.0,0.0,0.32347653348898,0.03773364128053725,0.0,0.003430297431434289,0.9608365987389659,0.8277492382892973,0.07820675914883453,0.0
haptic_force_rich,0.67,31,0.7056803585571474,0.716488830938469,7.671853695563416,0.4761906651066097,1.0,0.0,0.0,0.0,0.0,0.5949445271097208,0.06082225026160012,0.0,0.0022503511827257692,0.9687428700181249,0.8686221861108975,0.07803523041208833,0.0
haptic_force_rich,0.67,32,0.6515127547332328,0.6602140741440701,8.716522473196253,0.3643187765945877,1.0,0.0,0.0,0.0,0.0,0.9790412536356573,0.16645237202217297,0.0,0.002774028530153441,0.966198161532262,0.8512214329321133,0.07802716738296094,0.0
haptic_force_rich,0.67,33,0.5685946160311006,0.6103082339653241,6.046446759803334,0.7451687484459826,0.0,1.0,0.0,0.0,0.07742841278404734,0.9250020570442147,0.1875520279605771,0.0,0.0029602288629055986,0.9401933891370152,0.7014386875563569,0.08027382908030474,0.5942822771787004
haptic_force_rich,0.67,34,0.44630033500313215,0.6492401670247916,8.499535563797313,0.6866433684117925,1.0,0.0,0.0,0.0,0.0,1.0389003250626467,0.1922301241304403,0.0,0.0014302518562405895,0.9549649639927855,0.7872352648428518,0.08076112479697074,0.0
haptic_force_rich,0.67,35,0.5547377360770267,0.6620323779035038,6.931680140060346,0.3639553387272326,1.0,0.0,0.0,0.0,0.0,0.2129752167271778,0.024388049997808043,0.0,0.0007210730661975017,0.9754169042647117,0.9032743116064278,0.13709444614382976,0.0
haptic_force_rich,0.67,36,0.7341342644041415,0.6479267835043535,6.147592900673616,0.5130992261431081,0.0,1.0,0.0,0.0,0.4854350451487082,1.5546890020437965,0.745845415145366,0.0,0.004168157573661665,0.9463272644717997,0.7445526683284377,0.08556630429780979,0.9960033077841466
haptic_force_rich,0.67,37,0.72867971142375,0.7046791740758216,5.866263812720804,0.4824448091784108,0.0,1.0,0.0,0.0,0.6714840409613495,1.7997007644719536,0.8859318724819487,0.0,0.0034660964337455383,0.9564906087801874,0.7966928049007228,0.0816429267553362,0.9994920891496807
haptic_force_rich,0.67,38,0.6774467555318997,0.7914828500967351,8.317885671547167,0.505387877136481,1.0,0.0,0.0,0.0,0.0,0.3430769901857885,0.022320069812342937,0.0,0.0013654559349302758,0.9549855738746781,0.7865763244933841,0.07764297747512976,0.0
haptic_force_rich,0.67,39,0.7180691319684677,0.7478348420904608,8.36351168473439,0.5030089786384966,1.0,0.0,0.0,0.0,0.0,0.2863310211247116,0.019058202615837225,0.0,0.0019135428285163584,0.9634470251501529,0.8309037950789977,0.07779226251701656,0.0
haptic_force_rich,0.67,40,0.49248747584805425,0.7095044987833624,9.389832745977397,0.3561786829849505,1.0,0.0,0.0,0.0,0.0,0.3483585527006539,0.02266851401029808,0.0,0.0007714748277353833,0.9717372099967816,0.8835954326306227,0.08001374164069505,0.0
haptic_force_rich,0.67,41,0.5272311980606423,0.5367205178179453,9.306169859176013,0.7078917971516365,0.0,0.0,1.0,0.0,0.0,0.5859197402091483,0.09682890589612102,0.0,0.0007902444333652999,0.9419785316463444,0.7088411450831528,0.9854616077158113,0.0
haptic_force_rich,0.67,42,0.47180503141675095,0.4994931930834057,6.353202955426205,0.5506803573354901,1.0,0.0,0.0,0.0,0.0,0.2500723226476541,0.014445989541386883,0.0,0.003510218016005967,0.9550323387604884,0.7906719203529059,0.07822865569864623,0.0
haptic_force_rich,0.67,43,0.4438476126113387,0.6703948239688243,5.938414909815129,0.7567377947102362,1.0,0.0,0.0,0.0,0.0,0.7073487611706119,0.08333421479351248,0.0,0.0032827351442680382,0.9377991884535861,0.6877567529600997,0.07816634494134189,0.0
haptic_force_rich,0.67,44,0.5732105971204086,0.7698543384316103,8.983030811057588,0.6961303947715073,1.0,0.0,0.0,0.0,0.0,0.654202468221879,0.07089642814940153,0.0,0.0014412095228291293,0.946846008840958,0.7435516285846058,0.07766359520503921,0.0
haptic_force_rich,0.67,45,0.4813631611252566,0.7700970222428232,8.392291745073218,0.3835008305496054,1.0,0.0,0.0,0.0,0.0,0.13181986775858068,0.011748167134412358,0.0,0.0013415114519721317,0.9646749408565992,0.8414541168954568,0.07763646158713246,0.0
haptic_force_rich,0.67,46,0.5990745713266363,0.6289407721056521,6.871992011408689,0.5167577746330296,1.0,0.0,0.0,0.0,0.0,0.11405038622275508,0.013004357806990666,0.0,0.0014512433837949867,0.9624849018902368,0.8293926063049267,0.07777183073548807,0.0
haptic_force_rich,0.67,47,0.7093819818760718,0.539531269694325,8.084305480720367,0.785758128424556,1.0,0.0,0.0,0.0,0.0,0.21459253571711004,0.03661332759581553,1.0,0.003527654343962355,0.942396939916236,0.7194311938434339,0.08118501471838614,0.0
haptic_force_rich,0.67,48,0.6117808150083147,0.7100634040554324,7.265099276273679,0.45400209456859175,1.0,0.0,0.0,0.0,0.0,0.1416321594312703,0.011278992616390355,0.0,0.001062128273864818,0.9682009672151434,0.8611302538016528,0.07756047149461623,0.0
haptic_force_rich,0.67,49,0.6057445811528958,0.5269748816303,8.798409851359132,0.3578090566655237,1.0,0.0,0.0,0.0,0.0,0.23587651954077435,0.013139406193896615,0.0,0.0026106155867817496,0.9675738619737217,0.8664096867217852,0.08117354301181193,0.0
haptic_force_rich,0.67,50,0.6470135347243502,0.7126064670446935,7.304128941567268,0.7389679860423104,1.0,0.0,0.0,0.0,0.0,0.3006926668197935,0.02091984899087709,1.0,0.0015358457841677452,0.9509518875846688,0.7597716188910365,0.08053223732456445,0.0
haptic_force_rich,0.67,51,0.5207272680326058,0.7038567938699032,6.758702612666325,0.49447870006010175,1.0,0.0,0.0,0.0,0.0,0.6778839284128415,0.07966892676456566,0.0,0.001213427687067906,0.9549086788919544,0.7805624419652271,0.08047883975760278,0.0
haptic_force_rich,0.67,52,0.6525935133944796,0.5645577859976896,6.391803601200659,0.5361453852529274,0.0,1.0,0.0,0.0,0.6200694070981734,1.7872761381803322,0.938368828865734,0.0,0.0039361920417116175,0.9602332693137298,0.8217207666319435,0.07834545824041247,0.9991086299481152
haptic_force_rich,0.67,53,0.6904061114695534,0.7847106975885036,9.217576795750253,0.80520709271125,1.0,0.0,0.0,0.0,0.0,0.256214716970796,0.03083457835377006,0.0,0.0007548302927241245,0.943445006513594,0.7236432906356639,0.1743869654849754,0.0
haptic_force_rich,0.67,54,0.6894712326443949,0.7903661472674217,9.20841150638701,0.6758047896361997,1.0,0.0,0.0,0.0,0.0,0.3223459601476245,0.021842259803458813,0.0,0.0013775004757024636,0.954559343750974,0.7835959083937166,0.07764625528288348,0.0
haptic_force_rich,0.67,55,0.4627974724980369,0.5347181349729283,8.27757718767415,0.7469442850821566,1.0,0.0,0.0,0.0,0.0,0.47300673108799374,0.03854914358296875,0.0,0.002631524257265451,0.9405850843028836,0.704652123677137,0.0853963721758559,0.0
haptic_force_rich,0.67,56,0.5874762806301117,0.6263134847775842,9.221202824657702,0.5862958926977205,1.0,0.0,0.0,0.0,0.0,0.6448331697949088,0.0737507227644134,0.0,0.00212684376221541,0.9618727897295313,0.8265567913330419,0.07785043132209968,0.0
haptic_force_rich,0.67,57,0.4845699724643513,0.7717098362825513,9.027104431578133,0.40573085524047986,1.0,0.0,0.0,0.0,0.0,0.8170941418385488,0.11096135588012997,0.0,0.000832976441240495,0.9664496955735986,0.8560429948709786,0.07902600257711671,0.0
haptic_force_rich,0.67,58,0.6240186391328169,0.6679782769171164,6.0849866182712935,0.5427355082960654,1.0,0.0,0.0,0.0,0.0,0.24924124221673669,0.022062661625121462,0.0,0.0014090516634132487,0.9613133357564243,0.8204570308258917,0.0776548422407434,0.0
haptic_force_rich,0.67,59,0.5609369043807284,0.6469737712496668,9.166076493576313,0.43443765101249726,1.0,0.0,0.0,0.0,0.0,0.766134800985719,0.0981117498410601,0.0,0.0018992013482036906,0.9671621076309045,0.8610193602844848,0.07778835291320602,0.0
haptic_force_rich,0.67,60,0.6988742672845494,0.7734697459315596,6.29490715700705,0.6155655012751287,0.0,1.0,0.0,0.0,0.014072857976991792,0.9125972232163704,0.15029219137350883,0.0,0.00235304957461856,0.9534439552075059,0.7721692081549746,0.08774572900760519,0.148214137107893
haptic_force_rich,0.67,61,0.4277181595208306,0.4723754848273067,7.8238057206367095,0.7859456914573467,0.0,0.0,1.0,0.0,0.0,0.1596145056747531,0.012164516175231063,1.0,0.0014232557035270305,0.9469150217155456,0.7372855665767111,0.07771021875848175,0.0
haptic_force_rich,0.67,62,0.44597603106706407,0.6031071015316061,7.899156580883476,0.49022460374765586,1.0,0.0,0.0,0.0,0.0,0.685835983117912,0.07448792160381344,0.0,0.0028425055708500868,0.9646383434952933,0.8484983389517797,0.0817275893174495,0.0
haptic_force_rich,0.67,63,0.5869960587064045,0.5134224309859098,6.787090580843719,0.5834759092103744,0.0,0.0,1.0,0.0,0.0,0.20706065485959282,0.03923646831358996,0.0,0.0024280928095266317,0.9563070051024886,0.7976023099319116,0.8929792678238235,0.0
haptic_force_rich,0.67,64,0.5682943288034071,0.6628584376761906,8.950212790939982,0.5307807669454452,1.0,0.0,0.0,0.0,0.0,0.7241934460960368,0.09044619986300495,0.0,0.0018231177338323076,0.9602240138068235,0.8174069499749459,0.08460701614048567,0.0
haptic_force_rich,0.67,65,0.5610507573344328,0.719171903495329,6.9085267735124845,0.8085229647580053,1.0,0.0,0.0,0.0,0.0,0.20426448391664156,0.023254767949577995,1.0,0.0004886549217591807,0.9449373433291387,0.7252781129973139,0.08556305627028614,0.0
haptic_force_rich,0.67,66,0.6371123672268978,0.6615178545636309,9.007320413489973,0.7664509091090426,1.0,0.0,0.0,0.0,0.0,0.635441126362055,0.07262634910080214,1.0,0.002226505917637813,0.9512389501350553,0.7655650667566468,0.07787762360662576,0.0
haptic_force_rich,0.67,67,0.6874003760954417,0.7805950983032548,6.515537685173168,0.5856967315126856,1.0,0.0,0.0,0.0,0.0,0.8426559090814827,0.12138258976319768,0.0,0.0024170030042980333,0.9654515400830538,0.8513519066256923,0.07976177079408917,0.0
haptic_force_rich,0.67,68,0.7161643513995501,0.6933460107802649,7.2273322651156136,0.40126503026466387,1.0,0.0,0.0,0.0,0.0,0.11674072878143188,0.012868565279068536,0.0,0.001832027728948387,0.9630176619460122,0.8275328871986913,0.07989877738449822,0.0
haptic_force_rich,0.67,69,0.70177768978152,0.6518404768662882,8.197618923319034,0.4855767088120373,1.0,0.0,0.0,0.0,0.0,0.19121749444422118,0.011976646674398506,0.0,0.0023029376304125847,0.9632391151037878,0.8381593790244387,0.07794712468070725,0.0
haptic_force_rich,0.67,70,0.6600592010054611,0.7789503493120286,7.434960054223852,0.4174762826935964,1.0,0.0,0.0,0.0,0.0,0.5664741078482243,0.05398000309563595,0.0,0.001562894740513113,0.9637523924351031,0.8377831489479669,0.07769672456728272,0.0
haptic_force_rich,0.67,71,0.5894845490134425,0.7737959619873492,8.465756711972777,0.657985802526089,1.0,0.0,0.0,0.0,0.0,0.2890621585764957,0.039644642968001534,0.0,0.0019019011892533648,0.9416071060226218,0.7150548256791448,0.2698633530476871,0.0
haptic_force_rich,0.67,72,0.6775202494282357,0.7823758539067345,8.858266780726993,0.5326362935359464,1.0,0.0,0.0,0.0,0.0,0.4414866935190973,0.030978467807670433,0.0,0.0023451061618683685,0.9488976845938575,0.7564601871289245,0.07790999437836434,0.0
haptic_force_rich,0.67,73,0.706230319008647,0.5752164042092232,7.661366238026879,0.49663785796725557,1.0,0.0,0.0,0.0,0.0,0.6406564541938475,0.11326594278223162,0.0,0.003419498389543186,0.9584126079680543,0.811489947378212,0.07820380086994798,0.0
haptic_force_rich,0.67,74,0.5009870559923658,0.6773355513869722,9.240033208134967,0.5658530563624287,1.0,0.0,0.0,0.0,0.0,0.12363815660437123,0.011663802495442596,0.0,0.0004095832089394234,0.9583667096969922,0.8064537445272653,0.08527159358988974,0.0
haptic_force_rich,0.67,75,0.7251737919356969,0.6272983074672811,9.2741333653983,0.7189877588486175,1.0,0.0,0.0,0.0,0.0,0.25317479891525785,0.014873429761827765,1.0,0.0035147587123968206,0.9545659217168124,0.7940610792050773,0.08086253341392999,0.0
haptic_force_rich,0.67,76,0.5442467233140347,0.6149364977794994,6.838000819167354,0.5233187658504747,1.0,0.0,0.0,0.0,0.0,0.3617917495449617,0.025808586621663736,0.0,0.0015028335247886642,0.9680160572182948,0.8605212963206738,0.07768037100691538,0.0
haptic_force_rich,0.67,77,0.5931698209797232,0.5784811654763473,8.128677934906921,0.5111781819524914,1.0,0.0,0.0,0.0,0.0,0.3159924773091477,0.019157378138649934,0.0,0.0021523222497363582,0.9552868431959458,0.7912349642297338,0.07873367031680703,0.0
haptic_force_rich,0.67,78,0.5322691510440656,0.7678506325469944,7.599779905405992,0.734820209018607,1.0,0.0,0.0,0.0,0.0,0.3640732769547387,0.024588823326414017,0.0,0.0017817042123915775,0.9360450938289017,0.6777960113329301,0.07775632901579764,0.0
haptic_force_rich,0.67,79,0.43136215220964336,0.4674255271756427,6.381674025459317,0.6545515406078053,0.0,0.0,1.0,0.0,0.0,0.5404998574726476,0.052752100519681606,0.0,0.001980991461818076,0.9525830920640975,0.7701901708398383,0.07781065197428368,0.0
haptic_force_rich,0.67,80,0.5412674386428716,0.6475645622910093,8.701017386178712,0.6584813118727919,0.0,0.0,1.0,0.0,0.0,0.38215814242256496,0.04902980572891825,1.0,0.0016656233609642255,0.9544662236656075,0.7769827695427931,0.8954191714511138,0.0
haptic_force_rich,0.67,81,0.6347275243590296,0.5553298405455848,6.2650433922361,0.47930397828743004,0.0,1.0,0.0,0.0,0.03615156318519154,0.7583043150574029,0.28347184821923344,0.0,0.002440723095737518,0.9632301853689552,0.8345593360668948,0.07847447467120192,0.3458548432521631
haptic_force_rich,0.67,82,0.5868459450624772,0.6739989121733048,7.785911657801496,0.646765055541735,1.0,0.0,0.0,0.0,0.0,0.18842901669801426,0.021747749000286545,0.0,0.000911923543881732,0.9534030751853099,0.7767891136704638,0.08315357306319414,0.0
haptic_force_rich,0.67,83,0.4400871537529818,0.7071601058469601,6.620377152356721,0.7833324765420945,1.0,0.0,0.0,0.0,0.0,0.36100544280925245,0.023868949821206242,1.0,0.003536125061488201,0.9468649505969319,0.743511327769875,0.0782357548851718,0.0
haptic_force_rich,0.67,84,0.6292169827848696,0.5489238344345144,8.94454009876271,0.5814963660370881,1.0,0.0,0.0,0.0,0.0,0.14032460714340458,0.01645594080192317,0.0,0.002188227863702146,0.9545142778434732,0.7813826153972502,0.07962812166012888,0.0
haptic_force_rich,0.67,85,0.4907449030356015,0.733499426367238,9.331772412360209,0.7420979619501542,1.0,0.0,0.0,0.0,0.0,0.5293205535066712,0.050208128864255505,0.0,0.0006868762479524763,0.9512319278736866,0.76484705496983,0.07959862561448476,0.0
haptic_force_rich,0.67,86,0.6969091709729363,0.6097434603802602,6.861528805638243,0.5567360354969018,1.0,0.0,0.0,0.0,0.0,0.5453584662920058,0.12008634929484417,0.0,0.0028670535705154626,0.9575924367271048,0.8058898400875878,0.08322577277203953,0.0
haptic_force_rich,0.67,87,0.427969009476119,0.6555648513709703,6.763472951174171,0.3946415672211948,1.0,0.0,0.0,0.0,0.0,0.18975418253721715,0.01198217118148732,0.0,0.0013265045287330004,0.9571922932970716,0.7982795708645171,0.07763237808621444,0.0
haptic_force_rich,0.67,88,0.5754038965456545,0.6260854963127029,7.28090376659861,0.7466172164538201,1.0,0.0,0.0,0.0,0.0,0.6190180895266665,0.06578034887046612,0.0,0.0023727793249625376,0.9460467629781513,0.7372913549778428,0.07791754926868474,0.0
haptic_force_rich,0.67,89,0.5202366266822962,0.5765567182134816,6.959424255362707,0.7819658578981254,1.0,0.0,0.0,0.0,0.0,0.6157952526419359,0.06674854960871983,0.0,0.002403097090446655,0.9403818629775402,0.7013911673983897,0.07957816818114939,0.0
haptic_force_rich,0.67,90,0.7370760879806892,0.6792954910282135,9.323399998327368,0.6273345298404024,0.0,0.0,1.0,0.0,0.0,0.47585691431750976,0.06760232827031765,0.0,0.0016281768143809334,0.9582816847658936,0.8040533052340525,0.9143752583238834,0.0
haptic_force_rich,0.67,91,0.6632115748934058,0.7602092015750394,6.0488119928982185,0.38646395114367216,1.0,0.0,0.0,0.0,0.0,0.19926755992300632,0.012223795074743507,0.0,0.001970575697550445,0.9671743087079037,0.8584667427930822,0.07788826225531616,0.0
haptic_force_rich,0.67,92,0.5973635762040819,0.5944088859985561,8.922532090606175,0.4163671974764523,1.0,0.0,0.0,0.0,0.0,0.798035207909302,0.10765310434632377,0.0,0.002611964420118159,0.9618383316965633,0.8284199966824345,0.07798287576435907,0.0
haptic_force_rich,0.67,93,0.4592310786698221,0.4920653161109497,7.565657719937794,0.7661297524496695,1.0,0.0,0.0,0.0,0.0,0.2737708274129186,0.0161225486752628,1.0,0.0034420368364486867,0.9383325208450957,0.6955630455900115,0.0782099751460434,0.0
haptic_force_rich,0.67,94,0.7025875316349142,0.6830075065955707,5.982302245371275,0.4486947308781801,1.0,0.0,0.0,0.0,0.0,0.360045546236775,0.08751373758367095,0.0,0.0018651372828583522,0.9594875420403749,0.8131192167698572,0.08211295537705225,0.0
haptic_force_rich,0.67,95,0.6825792254909581,0.6601502752979803,6.187429542370341,0.3741213340989253,0.0,0.0,1.0,0.0,0.0,0.22662624100403558,0.029428486539340225,0.0,0.001737533306573825,0.9742829538863169,0.8924099904891772,0.9229731589698997,0.0
haptic_force_rich,0.67,96,0.5120380946868359,0.503189964796693,8.759369168261705,0.5696557707434107,1.0,0.0,0.0,0.0,0.0,0.6121964175996895,0.06641184787655616,0.0,0.002442087053244137,0.9595574388348395,0.813084884923642,0.07876253839100907,0.0
haptic_force_rich,0.67,97,0.5112225046898504,0.7006707044051859,6.3625385415616895,0.5390831787372069,1.0,0.0,0.0,0.0,0.0,0.7190937821938715,0.09181206746864348,0.0,0.0012344719209958263,0.9614960784406328,0.8194683140998703,0.07760733959740145,0.0
haptic_force_rich,0.67,98,0.7350744410720456,0.47669400156656294,6.230575352594206,0.6446875984274718,0.0,1.0,1.0,0.0,1.2001604678999764,2.4876634506129127,2.457881468127119,1.0,0.004891112726178163,0.9526849135564512,0.7810407709424727,0.07860787853394276,0.9999985473717378
haptic_force_rich,0.67,99,0.6130676212890582,0.4946336563778936,8.04537782609571,0.49712411688243296,0.0,0.0,1.0,0.0,0.0,0.4175994571433489,0.04216312923632481,0.0,0.0020948758397298936,0.9524694781245199,0.7669292215584415,0.9503618644260398,0.0
haptic_force_rich,0.67,100,0.5636092292325267,0.6605106090938255,9.304288706259603,0.49810610876884964,1.0,0.0,0.0,0.0,0.0,0.607713602952426,0.06205893935894247,0.0,0.001718708452248166,0.9657699293761914,0.8518090111397345,0.07773916446461487,0.0
haptic_force_rich,0.67,101,0.5756117739815443,0.7002523242926286,8.481734400051833,0.8093085017967998,1.0,0.0,0.0,0.0,0.0,0.2885616214562441,0.016853167837327234,1.0,0.0036573101709483505,0.9341754442767697,0.6735306969436975,0.08106622095647249,0.0
haptic_force_rich,0.67,102,0.5636609175870144,0.7689723319935629,8.203320065716781,0.41755167604993754,1.0,0.0,0.0,0.0,0.0,0.3581908735911418,0.022673717974925636,0.0,0.0008983061798977579,0.9638074694392669,0.8397804059957099,0.07751594482575498,0.0
haptic_force_rich,0.67,103,0.7275463251541763,0.5800933765745412,8.283600468570663,0.5092058248305538,1.0,0.0,0.0,0.0,0.07662756680821914,1.2548056777929202,0.3135138313002266,1.0,0.005213733189800095,0.9684230607527001,0.8562133319654608,0.08231734363547343,0.5910369660416802
haptic_force_rich,0.67,104,0.5902735773070803,0.7417209903495326,6.009264337382639,0.6210337939708936,1.0,0.0,0.0,0.0,0.0,0.4408405325583358,0.03278206806604781,0.0,0.0024255926738824805,0.9590304302269188,0.8149555669716096,0.07793196939726633,0.0
haptic_force_rich,0.67,105,0.5552480777484212,0.4922863572676014,6.5233211271192655,0.4005027188319913,1.0,0.0,0.0,0.0,0.0,0.5481448569785279,0.15176623381173815,0.0,0.0023704856705113954,0.964653184044025,0.8419729066048187,0.07791692306584913,0.0
haptic_force_rich,0.67,106,0.5248480986997961,0.5516620595090214,7.638684457732146,0.5448030225852872,1.0,0.0,0.0,0.0,0.0,0.38891486992431146,0.02842110398923834,0.0,0.0018954775463541037,0.9611805083874662,0.8220966729789186,0.07778733780405252,0.0
haptic_force_rich,0.67,107,0.5490937750187973,0.6560646571151219,7.65944489080159,0.820200732819987,1.0,0.0,0.0,0.0,0.0,0.14215853173168919,0.012463464839339695,1.0,0.003340243651846956,0.9441081834648564,0.7282247693727932,0.07818209303879228,0.0
haptic_force_rich,0.67,108,0.5507608871456404,0.7744089950905984,9.119432022691786,0.5949108429193054,1.0,0.0,0.0,0.0,0.0,0.3698145778872263,0.025002869286306656,0.0,0.0013387667771624847,0.9580241023459545,0.806682280093235,0.07763571472500042,0.0
haptic_force_rich,0.67,109,0.6518674909267566,0.7885396937509899,6.671494390360032,0.5867676980932084,1.0,0.0,0.0,0.0,0.0,0.252864828257315,0.014679126677351209,0.0,0.0017509028574784677,0.9534204800122104,0.7823931109336256,0.07774793608994426,0.0
haptic_force_rich,0.67,110,0.48788787543530593,0.5327655560258462,9.199959634661049,0.6220563976658293,1.0,0.0,0.0,0.0,0.0,0.14770624310313746,0.011947330100935741,0.0,0.0021465745648720606,0.9514281305180735,0.7706073445770717,0.08127755111933518,0.0
haptic_force_rich,0.67,111,0.6098565007907117,0.6994447434602292,6.52711420464868,0.6251027985353937,1.0,0.0,0.0,0.0,0.0,0.18601939795291453,0.01241009369490861,0.0,0.003025485340427683,0.955708110009651,0.7947702342878749,0.08158621458775057,0.0
haptic_force_rich,0.67,112,0.6945108520911378,0.4893635323923658,6.5875179122462075,0.4944735563414561,0.0,1.0,1.0,0.0,0.8643508891182963,2.10960755260071,1.6677765599974723,0.0,0.004513919671234835,0.9608361449703006,0.8246522730843039,0.07850412675607574,0.9999413489352154
haptic_force_rich,0.67,113,0.7109083599621544,0.6553483373232774,6.011534444581467,0.46038732369663,1.0,0.0,0.0,0.0,0.0001565040066544483,0.509819692072707,0.16486450872122851,0.0,0.002054468709354546,0.957212945079416,0.8012815484732959,0.08263875547312698,0.0
haptic_force_rich,0.67,114,0.5040136231492205,0.7916034623335628,8.396099241894468,0.4603671625409916,1.0,0.0,0.0,0.0,0.0,0.19431420749597117,0.012324772114896345,0.0,0.0002362655331302726,0.9613433251081968,0.8233133985310307,0.08446321230014006,0.0
haptic_force_rich,0.67,115,0.6992678903505427,0.7776549649057753,7.479715204169994,0.38510245534070664,1.0,0.0,0.0,0.0,0.0,0.21654190680034438,0.028292884805339206,0.0,0.0024039793381767987,0.9680915143759221,0.8669383562910822,0.14175665951254465,0.0
haptic_force_rich,0.67,116,0.5295583063331872,0.6805311964721028,7.891387288899072,0.554756256436923,1.0,0.0,0.0,0.0,0.0,0.26567909894154657,0.016350869097718847,0.0,0.0008526479829064808,0.9589632924607682,0.8086287314358137,0.07750353914979762,0.0
haptic_force_rich,0.67,117,0.4765582338205477,0.7638075460671483,7.275526330088994,0.524428435913489,1.0,0.0,0.0,0.0,0.0,0.4696960509005943,0.04139880780676912,0.0,0.0010095520352132149,0.9614032662294928,0.8172961260459567,0.07754617877739348,0.0
haptic_force_rich,0.67,118,0.5353890210780718,0.5867779672314078,7.958145219532501,0.6167296193180963,0.0,0.0,1.0,0.0,0.0,0.33227937099903027,0.03995970418503076,0.0,0.0009488809291531975,0.9618958062026638,0.8222949513126593,0.5538808955211514,0.0
haptic_force_rich,0.67,119,0.5019001642241459,0.744023471116495,8.572580130034844,0.6970214584781443,1.0,0.0,0.0,0.0,0.0,0.6866168085132498,0.08737307254023458,1.0,0.001401558135513731,0.959025961245951,0.8038696289642131,0.08261693307988772,0.0
haptic_force_rich,0.67,120,0.6362177036627054,0.4674798068799202,9.029523816281076,0.6504322316225991,0.0,0.0,1.0,0.0,0.0,0.8523946087365923,0.1731943177928617,0.0,0.002174543913192984,0.9533885105779332,0.7806922457088844,0.9999993873990072,0.0
haptic_force_rich,0.67,121,0.572984320156114,0.500152383772835,6.376463675089067,0.5952000083587414,0.0,1.0,0.0,0.0,0.10517172707912723,0.9134359554469638,0.3421458790398985,0.0,0.0026721457484797603,0.9501007273843046,0.7555726118656895,0.07799932044765825,0.7041908255119564
haptic_force_rich,0.67,122,0.60865145271517,0.5193882461994003,9.192817561237952,0.6880854392481801,0.0,0.0,1.0,0.0,0.0,0.42515354575039127,0.05752586638864599,0.0,0.0018799465952995984,0.95313775925833,0.7774860133366143,0.8911329380658425,0.0
haptic_force_rich,0.67,123,0.7291320370727137,0.6760677315657885,8.359916057391622,0.5480324506867659,1.0,0.0,0.0,0.0,0.0,0.473756825306359,0.042686231669088213,0.0,0.002797307139765523,0.9671929337185938,0.8540347203189042,0.0836441476447863,0.0
haptic_force_rich,0.67,124,0.6413749119756663,0.7737542802103203,8.522264754805878,0.6951947003687546,1.0,0.0,0.0,0.0,0.0,0.14994215197835356,0.011854683173876022,0.0,0.001690582064925706,0.9476855345821271,0.747600838597359,0.08149947600538845,0.0
haptic_force_rich,0.67,125,0.5815142608223747,0.7015154684311997,6.925909601052022,0.5494862841092688,1.0,0.0,0.0,0.0,0.0,0.17995536585203098,0.021749726795008608,0.0,0.0006336785215096076,0.9505154704909153,0.758245573187571,0.08262789503287374,0.0
haptic_force_rich,0.67,126,0.5365752743593784,0.7034184474482309,9.149079309840833,0.557483097080026,1.0,0.0,0.0,0.0,0.0,0.17715548170507,0.013393550745093588,0.0,0.004195637959217797,0.9557958715096598,0.803214848090934,0.07841667676496597,0.0
haptic_force_rich,0.67,127,0.457721045494288,0.6954305952166575,7.545878718547676,0.5390310395280364,1.0,0.0,0.0,0.0,0.0,0.21629969098049098,0.013131507424766053,0.0,0.002218194886907251,0.9574247290935932,0.8032566875165444,0.07962815195248348,0.0
haptic_force_rich,0.67,128,0.7278417131872342,0.7366010823274503,7.44225268346302,0.7709006998293879,1.0,0.0,0.0,0.0,0.0,0.7390732835233115,0.08779234644543774,1.0,0.003312226951932496,0.9373734484370109,0.6922699451931364,0.07817442059871993,0.0
haptic_force_rich,0.67,129,0.565185604165241,0.7495056735967808,6.64073685790245,0.6806770001512172,1.0,0.0,0.0,0.0,0.0,0.7079536931793549,0.08952033637725106,0.0,0.0013361219079859237,0.9554588766804161,0.7873046898642346,0.07763499502751997,0.0
haptic_force_rich,0.67,130,0.6651665493170253,0.7286225134323887,8.016633978650683,0.7746198058688489,1.0,0.0,0.0,0.0,0.0,0.5848947431827569,0.06078120230247456,0.0,0.002281137413829804,0.946145080006504,0.7356940996682059,0.07813855295632122,0.0
haptic_force_rich,0.67,131,0.7203544229553788,0.5674202728783833,7.23256947866183,0.6029147140044747,1.0,0.0,0.0,0.0,0.0,0.5658623380217941,0.1888528330515803,0.0,0.0029038587102859933,0.9604028121151157,0.8191852452699907,0.07825309960517605,0.0
haptic_force_rich,0.67,132,0.6463944988172544,0.7867238841406721,7.5133167220615125,0.4313894166324779,1.0,0.0,0.0,0.0,0.0,0.42428700788095663,0.027173680511869164,0.0,0.0035182668304286186,0.9626647122644488,0.8404156269342978,0.08374607156670269,0.0
haptic_force_rich,0.67,133,0.6823358930745999,0.5643665499117925,7.204769733717189,0.561543612209096,0.0,0.0,1.0,0.0,0.0,0.3090928357204149,0.031931251089459274,0.0,0.0020693987391918454,0.9583086381341657,0.8071048986872477,0.9873577314586546,0.0
haptic_force_rich,0.67,134,0.48716770666983544,0.6829586145620943,8.116766981940295,0.7449164722113064,1.0,0.0,0.0,0.0,0.0,0.37184621940843315,0.025209741742149436,1.0,0.0018916062276117833,0.9511224727634998,0.7684522191144196,0.07998676613394722,0.0
haptic_force_rich,0.67,135,0.5114075740163535,0.603848282948863,8.549011630019354,0.7149197837005123,1.0,0.0,0.0,0.0,0.0,0.6511421844116552,0.07327305742415696,0.0,0.0018298136158229968,0.9453138793626195,0.7315151469580676,0.0780055102728078,0.0
haptic_force_rich,0.67,136,0.5712236056500106,0.46990919449656765,7.522040336524925,0.49533619309106924,0.0,0.0,1.0,0.0,0.0,0.4836825525070807,0.08492902810424761,0.0,0.0029162364476788515,0.9572493434690168,0.7966688308132159,0.07806605133253888,0.0
haptic_force_rich,0.67,137,0.6159355030187165,0.7595824588807154,7.971909688917643,0.5874720626797773,1.0,0.0,0.0,0.0,0.0,0.46413724332636047,0.036271605672302636,0.0,0.0016819232095301158,0.9595520983519098,0.8171433415665941,0.07772914313785323,0.0
haptic_force_rich,0.67,138,0.550742601537014,0.6628155096834377,6.738369431109885,0.5837050612520699,1.0,0.0,0.0,0.0,0.0,0.14986571473938604,0.011698278218462524,0.0,0.0016636604738841404,0.9512923185365564,0.7669826958832321,0.0784999639830424,0.0
haptic_force_rich,0.67,139,0.7247658582222066,0.6768605187228702,6.381085328451146,0.8024932288891039,0.0,1.0,0.0,0.0,0.20693568898145628,1.141792718875445,0.38604706062112526,1.0,0.002917046811445762,0.951783544661397,0.7664467195844553,0.08132722480887544,0.9072492095522269
haptic_force_rich,0.67,140,0.6653784083765342,0.4869687993517352,7.292078750532488,0.5671767686876223,0.0,1.0,1.0,0.0,0.3281684684244065,1.4128056210755138,0.7472080504880163,0.0,0.004112240481643163,0.952712150320872,0.7779536425583664,0.0783937775006963,0.9766417011342049
haptic_force_rich,0.67,141,0.4438510758526566,0.5279109209551441,7.662737085349512,0.7507961244951422,1.0,0.0,0.0,0.0,0.0,0.36614914243741076,0.026802997040898818,0.0,0.001298356498028142,0.9375122138951416,0.680280974827541,0.08009671709711402,0.0
haptic_force_rich,0.67,142,0.48554148537946745,0.6574581370229161,6.080337094288888,0.551361005530341,1.0,0.0,0.0,0.0,0.0,0.3944146909757692,0.030667317289531256,0.0,0.0009016250398110399,0.9588257167678412,0.8019900523927633,0.0775168466558942,0.0
haptic_force_rich,0.67,143,0.6944730017917282,0.6938316951856888,7.796363812768653,0.5465436318517276,0.0,0.0,1.0,0.0,0.0,0.44591548704307427,0.06473387947589834,0.0,0.00149983578742817,0.9581823264811371,0.8064030478538277,0.912031960209941,0.0
haptic_force_rich,0.67,144,0.6824086664092046,0.7879121065643561,7.363136466141764,0.7249900390444717,1.0,0.0,0.0,0.0,0.0,0.26617109372158915,0.015858759143368917,0.0,0.0029027868414360555,0.9406986638464772,0.7075512652430576,0.07806237304376673,0.0
haptic_force_rich,0.67,145,0.5864816194053284,0.7813022701578181,6.859758626872901,0.7745097631614013,1.0,0.0,0.0,0.0,0.0,0.12697475282667173,0.01540430675532761,0.0,0.0009190402281803333,0.9404262739650587,0.700449460817263,0.07787497748875762,0.0
haptic_force_rich,0.67,146,0.6207408085830408,0.7451740294800657,7.501028902221857,0.7299796764476958,1.0,0.0,0.0,0.0,0.0,0.1306253019658463,0.01663052012916895,0.0,0.0026749201900552063,0.9514479714021905,0.7725009422213264,0.07963129895170164,0.0
haptic_force_rich,0.67,147,0.6449933806909236,0.6690693459659854,6.766676579098753,0.6441769775607724,1.0,0.0,0.0,0.0,0.0,0.1176775292503454,0.013766667415993524,0.0,0.0016231592182284315,0.95208950600069,0.7680261955021506,0.07938559889424814,0.0
haptic_force_rich,0.67,148,0.6166817844703275,0.6643920766215795,5.975040294918786,0.5256003427508109,0.0,1.0,0.0,0.0,0.06238789510860295,0.8883534921650447,0.15881630641226693,1.0,0.005652483809998607,0.9541421145994264,0.7940835353192531,0.07881768556903147,0.5163461849721447
haptic_force_rich,0.67,149,0.6860057828907571,0.6469121474324047,6.343783397398936,0.5692856684953489,0.0,0.0,1.0,0.0,0.0,0.3442242714836423,0.03044235656617764,0.0,0.0015417645176013916,0.9624237370507069,0.8319349944997539,0.9939971889816074,0.0
haptic_force_rich,0.67,150,0.692495493825621,0.47179411158821766,7.788059165459249,0.6820145708810775,0.0,0.0,1.0,0.0,0.060839038237528294,0.9761185661507292,0.4771065467620526,0.0,0.004047101716675305,0.9505557006280968,0.7657506837618426,0.08256921662194093,0.5091490203634181
haptic_force_rich,0.67,151,0.5156703989209407,0.7489562024453729,9.09178581950474,0.6178955638946794,1.0,0.0,0.0,0.0,0.0,0.11887897934586868,0.012010635968111394,0.0,0.0008609070357223223,0.9574812510869248,0.8013218174551187,0.07750578306190602,0.0
haptic_force_rich,0.67,152,0.6402191291078994,0.7250680274813501,8.663485991558147,0.6997739645540404,1.0,0.0,0.0,0.0,0.0,0.29370821298732397,0.019052427685302756,0.0,0.0014467401510814986,0.9526558765600862,0.7733267994221044,0.08064245181872183,0.0
haptic_force_rich,0.67,153,0.6908970937666545,0.6680632497113225,7.695410039520553,0.43641056171937354,1.0,0.0,0.0,0.0,0.0,1.09275221857496,0.21626079986535676,0.0,0.003289890853392714,0.969787455546867,0.869102670083001,0.07816830429855959,0.0
haptic_force_rich,0.67,154,0.6478615050068584,0.6736726708358691,6.670054363444071,0.7846432015931111,1.0,0.0,0.0,0.0,0.0,0.19946065225409756,0.01327766172035661,1.0,0.004784401733281769,0.9417184894029548,0.7187749559776637,0.0785785135939438,0.0
haptic_force_rich,0.67,155,0.5489776293568285,0.6699123075431703,8.854375083739159,0.7224397920179946,1.0,0.0,0.0,0.0,0.0,0.40213357916335685,0.03303560153892361,1.0,0.0015895291160806474,0.9548242766335536,0.7801673372938837,0.07848232492147354,0.0
haptic_force_rich,0.67,156,0.7058660198646018,0.6475175677396218,9.354291255874948,0.3797567171836268,1.0,0.0,0.0,0.0,0.0,1.3099151955150428,0.3138316164113455,0.0,0.0039600937394364205,0.9728644091123213,0.8873447964013959,0.07874700379610552,0.0
haptic_force_rich,0.67,157,0.7061663260033151,0.723814583333202,9.171713741536063,0.5683444235104735,1.0,0.0,0.0,0.0,0.0,0.19535060953305527,0.012252219814018826,0.0,0.0017171262816846904,0.9568692779847675,0.8007265208862393,0.07773873341284845,0.0
haptic_force_rich,0.67,158,0.4835876417463473,0.7793535063176602,8.638133571973626,0.6408058612089922,1.0,0.0,0.0,0.0,0.0,0.19326796945793537,0.012583732411864121,0.0,0.0016976732464978532,0.9452508888688739,0.7355598984714752,0.08049898989962748,0.0
haptic_force_rich,0.67,159,0.49503507244984013,0.6904599744654071,8.534314981108395,0.6786883824522076,1.0,0.0,0.0,0.0,0.0,0.22720723284640781,0.028693164669195137,0.0,0.002033610563932858,0.9487120860985517,0.7535029942862453,0.13696862484656996,0.0
haptic_force_rich,0.67,160,0.49686776505455704,0.500456924180307,6.1283347558676295,0.7685496799685716,0.0,1.0,0.0,0.0,0.030212639598753307,0.7874454922405497,0.17513621963799297,1.0,0.0037159778113476723,0.9425896418756472,0.7191387291578869,0.0782850553485405,0.29801580614639134
haptic_force_rich,0.67,161,0.6187314923962728,0.5063395430300325,7.604457240140473,0.6155857445424662,0.0,0.0,1.0,0.0,0.0,0.35137613252290056,0.024888162671339857,0.0,0.001931880413094795,0.9543293448657011,0.7804785507370978,0.9823579055907817,0.0
haptic_force_rich,0.67,162,0.6999569459439977,0.5742119440647954,9.176361171824619,0.4137723958437117,0.0,0.0,1.0,0.0,0.0,0.34748306539888635,0.044076352903973874,0.0,0.002188272511322046,0.9712535765024866,0.882615861091888,0.812718812001778,0.0
haptic_force_rich,0.67,163,0.45696538532318814,0.7375280291538311,6.745480428689234,0.5474864339831667,1.0,0.0,0.0,0.0,0.0,0.16180956093093435,0.012439475922364027,0.0,0.0030464641599494816,0.956091918230955,0.7980933883227259,0.0826309752215806,0.0
haptic_force_rich,0.67,164,0.44640244886618125,0.5388595028876871,6.594651842492192,0.4158973950432494,1.0,0.0,0.0,0.0,0.0,0.11606277380466262,0.013348116462566909,0.0,0.0010187096067534433,0.9601579014890047,0.8132447057939174,0.07767925264894332,0.0
haptic_force_rich,0.67,165,0.4274655989481302,0.6691851558155026,9.078943560040909,0.4094414671960997,1.0,0.0,0.0,0.0,0.0,0.1640733400639643,0.011618594210785359,0.0,0.0005168946542815713,0.9600477335822523,0.8184615523767926,0.07745990293488238,0.0
haptic_force_rich,0.67,166,0.666709935492173,0.6663832482790785,6.4354941702491075,0.8217837679048592,1.0,0.0,0.0,0.0,0.0,0.1376471037519036,0.014021452709881812,0.0,0.0031414478547141184,0.9319943298239318,0.6564508618826596,0.07889087463294892,0.0
haptic_force_rich,0.67,167,0.7196803477923495,0.5861762949593482,8.336470380235356,0.6049915325944661,1.0,0.0,0.0,0.0,0.03101215007705951,1.250557731756569,0.28470138095919467,0.0,0.004283590931761642,0.9561578246882813,0.7960603187962288,0.07844083350648667,0.30616078218855747
haptic_force_rich,0.67,168,0.6698863393707801,0.7534550045328984,8.219147727319474,0.4561070754660005,1.0,0.0,0.0,0.0,0.0,0.6981466049372681,0.07666506633808777,0.0,0.0027325028895193557,0.960664075051582,0.8256114303028869,0.07801581636044959,0.0
haptic_force_rich,0.67,169,0.6646833328772647,0.5917530507583673,7.806749289346975,0.6055588416086222,1.0,0.0,0.0,0.0,0.0,0.6807493027460448,0.07558686472962887,0.0,0.003281340438335655,0.954645624332189,0.7920915676584791,0.07816596305191166,0.0
haptic_force_rich,0.67,170,0.6602352880471817,0.6965242364408739,9.234570948751772,0.390982368206457,1.0,0.0,0.0,0.0,0.0,0.7199388190853309,0.08191220373094726,0.0,0.0022530148459735887,0.9683519470302793,0.8720803790542618,0.08187872970226605,0.0
haptic_force_rich,0.67,171,0.5618521824963815,0.758644416729537,7.421513490997265,0.5435377538919373,1.0,0.0,0.0,0.0,0.0,0.3117173253521376,0.01838812283260248,0.0,0.0013552325860380966,0.9546328594248349,0.7891473853122897,0.07764019538693706,0.0
haptic_force_rich,0.67,172,0.49825494497655787,0.6633689067708755,7.3402969719776845,0.46840709385365925,1.0,0.0,0.0,0.0,0.0,0.13643184193570423,0.011482957613949641,0.0,0.0005036461628231978,0.9654182443393444,0.8439790406983164,0.07740877279112147,0.0
haptic_force_rich,0.67,173,0.656621684044775,0.5160843316228876,6.568283774540701,0.47094058925356996,0.0,1.0,0.0,0.0,0.497132085830831,1.6124832487013674,0.9342752180120082,0.0,0.003850161601127862,0.9656531583711923,0.8509931370828133,0.0828837726284392,0.9965392916058353
haptic_force_rich,0.67,174,0.6289783574063481,0.5825647987775632,8.982809126285476,0.3932730679485979,1.0,0.0,0.0,0.0,0.0,0.3439693369943703,0.022601804105963456,0.0,0.0023916002080889114,0.9663426893804512,0.8523379013432067,0.07792268783239323,0.0
haptic_force_rich,0.67,175,0.6644409366773546,0.5745148901326171,8.20830147827581,0.6782000323380979,0.0,0.0,1.0,0.0,0.0,0.6160413172420429,0.10751989663856223,1.0,0.002087339963121359,0.9543704618690407,0.7877961043391278,0.9874558222941582,0.0
haptic_force_rich,0.67,176,0.5939289002998522,0.696387547597869,7.844021486585631,0.4511554805785877,1.0,0.0,0.0,0.0,0.0,0.11689775074501388,0.013509223707597539,0.0,0.001105048845033327,0.9630528701627133,0.8350030244519929,0.07970744941300702,0.0
haptic_force_rich,0.67,177,0.5801441685632304,0.7844641751286713,8.815592628066764,0.6281416420059074,1.0,0.0,0.0,0.0,0.0,0.11891252190043096,0.014116686740133496,0.0,0.0003279493941109759,0.9447112585827264,0.7271076691417793,0.07743672250114542,0.0
haptic_force_rich,0.67,178,0.6113550901035614,0.5346424194971096,8.284604830546982,0.8026177740839924,1.0,0.0,0.0,0.0,0.0,0.4023933947887495,0.029257044402913893,0.0,0.0030384186518685077,0.9350274143148716,0.6748349053209957,0.07809947381096485,0.0
haptic_force_rich,0.67,179,0.4741130657825335,0.5399526856989092,7.911812144617864,0.8053770672430952,0.0,0.0,1.0,0.0,0.0,0.30229166038220795,0.03607295959933724,1.0,0.0023463108379675668,0.9426436288205557,0.7049118664411929,0.30386869696086116,0.0
pose_only_visual,1.0,0,0.7350786076744003,0.6452548929674281,7.970115985999453,0.7587117495816114,0.0,0.0,1.0,0.0,0.009286062078612468,1.8463061183075207,2.6748966897139534,1.0,0.011215849645233334,0.8467818569480573,0.7418181828368399,0.9501237087816429,0.2098770830051946
pose_only_visual,1.0,1,0.5603779747546027,0.530339659247253,5.202359146052119,0.7026733218721193,0.0,1.0,1.0,0.0,0.536204141595397,2.082688296720739,0.8838439613081545,1.0,0.0067137244510030005,0.851116347649719,0.7720399442265986,0.9212012349741412,0.9985513928108719
pose_only_visual,1.0,2,0.6920554994078632,0.7195130684425348,5.662002356993421,0.8844849934125281,0.0,1.0,0.0,0.0,0.381950861353821,2.0609232440964735,1.2027750467662832,1.0,0.011431554537901598,0.8398259708136154,0.7165091428253133,0.33349155377053663,0.9922959717973293
pose_only_visual,1.0,3,0.6858056422593265,0.6909085696388425,5.902743561255258,0.6766337631915464,0.0,1.0,0.0,0.0,0.2610313822363604,1.9855913702679955,1.3405760879505462,1.0,0.010558386733454588,0.8516271325159207,0.7678051072854118,0.4721474949367184,0.9689009776765174
pose_only_visual,1.0,4,0.630306008181052,0.690404696231677,7.401118723023023,0.7435582012369586,1.0,0.0,0.0,0.0,0.02429957881689371,2.0801018101576116,1.746152833749997,1.0,0.005097658945086847,0.8384503287126425,0.7019865023205882,0.24966744192411555,0.4346810849698125
pose_only_visual,1.0,5,0.6227267598180151,0.42595902778327954,7.22349964073609,0.5617224855020196,0.0,0.0,1.0,0.0,0.02177596078578925,1.4883054537177944,1.7737920313287756,0.0,0.010216184047003512,0.8526679961910582,0.7751533427860327,0.9974155049332861,0.405840242405764
pose_only_visual,1.0,6,0.5163689417869296,0.48057349836818397,8.183037704789513,0.799857586135184,0.0,0.0,1.0,0.0,0.006240914254213536,1.875990490563798,2.3811798833415567,1.0,0.0125759265286933,0.8457539761054085,0.7491265588748425,0.9299376656674555,0.14384877700110588
pose_only_visual,1.0,7,0.6509104452665745,0.7266127384164403,6.427956773410538,0.5258344512934474,0.0,1.0,0.0,0.0,0.10102021756791414,2.1273862750679164,1.6869323046181963,1.0,0.010610318645951813,0.8530043686192128,0.7764882157177109,0.24993348092966622,0.796395613390196
pose_only_visual,1.0,8,0.7651029721038141,0.7531873952859736,5.359586783025729,0.8403561154870232,0.0,1.0,0.0,0.0,0.49126613327286617,2.0780646103296903,0.9847158225855895,1.0,0.008000987406263274,0.8442061985237395,0.7322017356067906,0.6152765944581401,0.9976890350163105
pose_only_visual,1.0,9,0.5031184228852139,0.4561596450241453,8.34935742325986,0.7033388842623306,0.0,0.0,1.0,0.0,0.0018941177792362698,1.8634075963171632,2.5076138130768606,1.0,0.011258170355752307,0.8427348846814963,0.7350368572043205,0.9395663893770694,0.005336540685064062
pose_only_visual,1.0,10,0.6605064432942697,0.4838588634006484,7.763149910671756,0.7957957035022627,0.0,0.0,1.0,0.0,0.015561575406707443,1.6240092359359186,2.3560291304608008,1.0,0.006454053737197853,0.8474764497549488,0.7486956679270307,0.9879633173995427,0.32048523703804965
pose_only_visual,1.0,11,0.6520330282036775,0.7218399269511461,7.458363488188207,0.4257446605415862,1.0,0.0,0.0,0.0,0.01010481352202686,2.1217827509564526,1.7125000946703648,1.0,0.010744050918785279,0.8625528667133263,0.82445480240605,0.2517778456477119,0.22612635349269972
pose_only_visual,1.0,12,0.6961285859598586,0.727447564074245,8.269247309633672,0.7491339542218849,1.0,0.0,0.0,0.0,0.0038217491997170555,2.0094766347466204,1.9052045317697852,1.0,0.005736911321134168,0.8433739818954875,0.7320199588349698,0.3319108193486843,0.07283242566588866
pose_only_visual,1.0,13,0.5065566904842159,0.7371772818266771,5.501968236129903,0.8706982614304412,0.0,1.0,0.0,0.0,0.43919763703575787,2.5632842203390283,1.092219586960695,1.0,0.005478962282675459,0.8417852551145044,0.7264483872428353,0.07876982414496733,0.9959136197191718
pose_only_visual,1.0,14,0.7698982349853145,0.6216088028468538,6.592569738265035,0.8908415035356951,0.0,1.0,1.0,0.0,0.12980205872184308,1.6714866124721233,1.5201483880919608,1.0,0.013627130715766114,0.8372505514026245,0.7020515652551157,0.9710895197432626,0.8621791077824975
pose_only_visual,1.0,15,0.5192710697246881,0.650360629526801,6.415029190001384,0.4395674628921738,0.0,1.0,0.0,0.0,0.09113485050919977,2.3330253576759232,1.3803103592597812,0.0,0.005986953243974055,0.855893549507463,0.7986417654802639,0.12487235221691874,0.7676807398714739
pose_only_visual,1.0,16,0.5586676173548042,0.5950738156488651,5.358050611217072,0.8534165527875758,0.0,1.0,0.0,0.0,0.49463814935748784,2.1492585459533022,1.0519462762628946,1.0,0.013572326594495745,0.8506287304652748,0.7790736233589952,0.31663343233209545,0.9977790130561642
pose_only_visual,1.0,17,0.6484750251094373,0.6046342300521504,7.05872721613221,0.4962816373066091,0.0,0.0,1.0,0.0,0.025696361164795015,1.8753630230619516,2.171182509331185,1.0,0.00951760720967014,0.8546176506128705,0.7770530513216257,0.9284404061362495,0.44466962522545084
pose_only_visual,1.0,18,0.6643523056452513,0.6501094799775337,8.096509907254884,0.9025741491237853,1.0,0.0,0.0,0.0,0.011373386471406231,1.9163989727066046,2.159172241818734,1.0,0.006195940421836483,0.8414184226008404,0.719553246648526,0.67898488252357,0.2506454534470268
pose_only_visual,1.0,19,0.6201598908799298,0.6606192885789123,5.825750677399888,0.88538161898682,0.0,1.0,0.0,0.0,0.32546322708572445,2.0558595416808205,1.3346159201408048,1.0,0.008892632910608756,0.8469710061350805,0.7447319256048484,0.3221342106222665,0.9855076780389564
pose_only_visual,1.0,20,0.47869540518292525,0.5002651051061271,8.205251498668556,0.6848965169222252,0.0,0.0,1.0,0.0,0.003297063625110882,2.0143437730977425,1.9050289392735806,1.0,0.011389163835484559,0.8401984433049323,0.7255815400348565,0.3291820475337568,0.05666877909503454
pose_only_visual,1.0,21,0.5760151407451894,0.4425846350518313,5.701819167597361,0.8130188130735863,0.0,1.0,1.0,0.0,0.35363008167208093,1.763173903612819,0.9400881390419575,1.0,0.014357444154309852,0.846486141250787,0.7452971044444935,0.9792237672956743,0.9892966222146803
pose_only_visual,1.0,22,0.693688656292063,0.6016915524765093,8.642866482246513,0.6376249750151834,0.0,0.0,1.0,0.0,0.0,1.8487593951678567,2.739847489862688,0.0,0.0075900025919357975,0.8457082042739371,0.7432445234978188,0.9542486238657654,0.0
pose_only_visual,1.0,23,0.5899230762480041,0.6826347932430137,7.800537199655555,0.8975430386969285,1.0,0.0,0.0,0.0,0.018886056032283233,2.1569981320552456,1.5817568696319566,1.0,0.005614710922868785,0.839937880329163,0.7138245635109406,0.19309269056320355,0.3675695980806504
pose_only_visual,1.0,24,0.6415539789379126,0.5827363215729159,6.99356043929329,0.5349877675631012,0.0,1.0,1.0,0.0,0.031138433850139875,1.829201424742447,2.062004268176804,0.0,0.009105931241789775,0.8526227701310392,0.7818991791596815,0.9393867428297432,0.4951889102922632
pose_only_visual,1.0,25,0.49668373388960957,0.6554617089265213,8.599839439755538,0.7989422207070538,1.0,0.0,0.0,0.0,0.0011901270617309964,2.39523842744386,1.2673561155457034,1.0,0.0016672142374909342,0.8496969453338792,0.7659997242109954,0.09751849373274926,0.0
pose_only_visual,1.0,26,0.6069349561066164,0.5625641476028727,6.438070342892722,0.4634387694009907,0.0,1.0,1.0,0.0,0.09028674045483591,1.85274769496851,1.6383184590510014,0.0,0.01593530869823326,0.852428499202424,0.7833851802282539,0.9323803187323979,0.7660934875564892
pose_only_visual,1.0,27,0.7040482737160519,0.446664617595985,5.408384850996916,0.9148613245100239,0.0,1.0,1.0,0.0,0.48601435649654556,1.6857157866133132,0.6931987825227058,1.0,0.019971051528033048,0.8399780947556068,0.7157158375783961,0.9992123662279092,0.9975853335452044
pose_only_visual,1.0,28,0.5394917815309517,0.449948035780501,7.025057022275928,0.5756971891560037,0.0,1.0,1.0,0.0,0.03138018943619603,1.7072016213196912,1.9464321866982448,1.0,0.015960377595044224,0.854353920027828,0.8017648874815598,0.9663166097170943,0.5001509343386188
pose_only_visual,1.0,29,0.5754935596885021,0.6883526959959076,8.271315496670734,0.786200221846421,1.0,0.0,0.0,0.0,0.004641828397823098,2.222502650732668,1.4927262047364622,1.0,0.006486499871700273,0.8467903614659908,0.7582341324760574,0.15525268576772805,0.09754311967700402
pose_only_visual,1.0,30,0.7598078040966818,0.41221505219665466,7.313793336480924,0.44673628770826834,0.0,0.0,1.0,0.0,0.014414861652253237,1.2559541869159365,1.4461572325440328,0.0,0.028462853249040434,0.86570349554906,0.853829982765714,0.9999999806054415,0.3034441499915639
pose_only_visual,1.0,31,0.5571546161154641,0.5250102483688684,7.459400079896335,0.7464011203999033,0.0,0.0,1.0,0.0,0.022327621463093448,1.889218305759223,2.323797788956816,1.0,0.011233470131107967,0.8457304767003532,0.7481775659997536,0.926008528588554,0.41271401262304985
pose_only_visual,1.0,32,0.5786949221539273,0.5287746980423941,6.535925756150604,0.7827001244129221,0.0,1.0,1.0,0.0,0.12092776025123549,1.8093568101915847,1.6637931179082726,1.0,0.009169428819746318,0.8499034577921226,0.7672858265953426,0.9362391053242142,0.8450077372743248
pose_only_visual,1.0,33,0.663867142672285,0.5950058481740761,7.777239700962248,0.6133840472703679,0.0,0.0,1.0,0.0,0.008797059610133185,1.861861033899727,2.5657612211851206,1.0,0.015060760166180132,0.8522923448549364,0.7753039341201153,0.9443139015727912,0.2000098563610706
pose_only_visual,1.0,34,0.7985059069692655,0.6474302959249316,8.66670091644614,0.6408221683286275,0.0,0.0,1.0,0.0,0.0,1.8580164095540967,3.1420091804132793,0.0,0.004571809915208611,0.8522890172784169,0.7817706358357873,0.9715166867963615,0.0
pose_only_visual,1.0,35,0.6478889333006712,0.5381875900053612,5.7154379721138575,0.8424636366057079,0.0,1.0,1.0,0.0,0.35465728156639914,1.8347752737907683,1.0150062405850766,1.0,0.013083109863868543,0.8428435811128785,0.7283711244565845,0.9652283114736817,0.9894721057909225
pose_only_visual,1.0,36,0.6808317923725713,0.6675662643215331,7.584453412164093,0.4951177240894126,1.0,0.0,0.0,0.0,0.009380688088239063,1.945207733361168,2.150796421037986,0.0,0.013926670673560933,0.8571411909469181,0.7987015979748644,0.6775018972664709,0.2117723718403728
pose_only_visual,1.0,37,0.6781058925600596,0.5978477530002674,5.398704800093112,0.545050752774485,0.0,1.0,1.0,0.0,0.4175713204751799,1.9617485333025833,0.924224890500511,0.0,0.012036661085839569,0.8604589478845827,0.8206268591734341,0.9489257770223418,0.9944886644581443
pose_only_visual,1.0,38,0.7508438180172725,0.6572768058107901,8.185420974667705,0.5315663166288352,0.0,0.0,1.0,0.0,0.0011493889603701108,1.8561017100435615,2.689710440746538,0.0,0.014994748962128115,0.8510173296892222,0.7660282594999966,0.9533101457831417,0.0
pose_only_visual,1.0,39,0.6146850281027452,0.7220878913143061,6.217237409814611,0.47556251280868267,0.0,1.0,0.0,0.0,0.1380658662736423,2.217183745307929,1.540308129162676,0.0,0.0029859257624894235,0.8577259144656108,0.8046596906323921,0.1562706952930634,0.8679482143984847
pose_only_visual,1.0,40,0.4646540232551225,0.5287118223778,7.229473784710883,0.8569551846784187,0.0,1.0,0.0,0.0,0.039771009475558824,2.1323482643131886,1.6297717122112683,1.0,0.005521553952503775,0.8453022740054149,0.7436142633707181,0.19713578358308817,0.5672113006298634
pose_only_visual,1.0,41,0.5809123189505615,0.6623009073730872,8.27992521151703,0.6725271786389029,1.0,0.0,0.0,0.0,0.0020504514575037103,2.1504735314075925,1.6241150026760836,1.0,0.015119206094369663,0.8456709009048315,0.7577630699199506,0.21149124767929842,0.013947923712064214
pose_only_visual,1.0,42,0.5487654471722619,0.5543742859630773,6.994470805629254,0.6320159858692245,0.0,1.0,1.0,0.0,0.03682021250221824,1.9721510119841488,2.031106639005884,1.0,0.0054021315974378415,0.8506583310451155,0.7693047969769549,0.4631658056956258,0.5435400286987353
pose_only_visual,1.0,43,0.6816832763712878,0.5560007245008559,7.805472010081971,0.9095069074782489,0.0,0.0,1.0,0.0,0.01927353911371065,1.7515293825689506,2.5988077641676104,1.0,0.010108465983612168,0.8426507792418431,0.7245496828794389,0.9681609900032749,0.37284071997613855
pose_only_visual,1.0,44,0.4629601529945428,0.6811504631090914,6.712855624425636,0.9130825217273605,0.0,1.0,0.0,0.0,0.11164456203976894,2.578753272108557,1.075251180295667,1.0,0.011944057582326102,0.84207869605361,0.7354830760026132,0.08077171377509279,0.8289981209416172
pose_only_visual,1.0,45,0.6595733320523127,0.588108491040781,7.4957176256347395,0.5555383594695844,0.0,0.0,1.0,0.0,0.013295623963641716,1.8500555038097277,2.5052826802685106,1.0,0.011281447262142348,0.8531377037526722,0.7914379113390339,0.9452800195117004,0.2863263080161347
pose_only_visual,1.0,46,0.6277111347599502,0.4443877476707343,6.364426817852278,0.5356497219430866,0.0,1.0,1.0,0.0,0.11493522617097322,1.545862578866421,1.2198249531315044,0.0,0.014837639292862187,0.8491438277565584,0.7652318318022334,0.9954722525099902,0.8280290978711105
pose_only_visual,1.0,47,0.6825302342866818,0.44898393311789175,6.12770828216594,0.464492561601413,0.0,1.0,1.0,0.0,0.15902465111273012,1.5037645352438649,1.0041851741860508,0.0,0.017941602340642567,0.8570561738663348,0.8098660915327897,0.998513444298313,0.8963650626896849
pose_only_visual,1.0,48,0.5667975262028062,0.41732078660292177,6.094597166621461,0.7751458238652669,0.0,1.0,1.0,0.0,0.22305737258892297,1.6341948945923694,1.0980590488091142,1.0,0.014001368300424063,0.8368761426750299,0.6991387338857155,0.9882146620022683,0.9528607055925582
pose_only_visual,1.0,49,0.47821245322386424,0.4439404724236392,7.708464622218809,0.5941178603756156,0.0,0.0,1.0,0.0,0.009704620329155476,1.8856031249469707,2.393071121746804,0.0,0.0038162979301033955,0.8526389257643978,0.779210791736454,0.9310574054065679,0.2182261408182592
pose_only_visual,1.0,50,0.6770524675627684,0.7420504992486021,7.661751854499476,0.5166250510259115,1.0,0.0,0.0,0.0,0.008283054653623586,2.0986245134154755,1.7441124396562637,0.0,0.007761186227999708,0.8505362592988177,0.7661887436110627,0.25115786708587223,0.18950525870050827
pose_only_visual,1.0,51,0.7254229103626164,0.5568832293986676,6.069224362329743,0.5023701661723605,0.0,1.0,1.0,0.0,0.18082113740465136,1.674740014390531,1.143850989140647,0.0,0.011213632298638672,0.8461381501822717,0.7473596499793028,0.9795629751411187,0.9199554693765027
pose_only_visual,1.0,52,0.5488494000146324,0.49886845844254557,5.860318815425115,0.6202515867657374,0.0,1.0,1.0,0.0,0.2635894699578746,1.8862321527850496,1.2007644976475245,0.0,0.009564164080060113,0.8487410986555732,0.7594382284349107,0.9382802003750472,0.969505926606506
pose_only_visual,1.0,53,0.7359954357497054,0.6897657672859347,8.601504528946526,0.536616943457037,0.0,0.0,1.0,0.0,0.0,1.8967513469373554,2.348668415683006,0.0,0.009494658652474695,0.8597115812813245,0.8152118328807825,0.9278246673247157,0.0
pose_only_visual,1.0,54,0.7413110058732115,0.529375343554993,7.9168328497895875,0.47372344006906714,0.0,0.0,1.0,0.0,0.0029131380227587376,1.6401581405590884,2.501081843330567,1.0,0.021127193981001106,0.853712135205587,0.8073489145744409,0.9926151364425928,0.04466317753000826
pose_only_visual,1.0,55,0.6286303462257214,0.42024292943989233,7.262110665785416,0.8207063774557444,0.0,0.0,1.0,0.0,0.033949777508353145,1.4658178035158076,1.7385466068747262,1.0,0.013773954361745448,0.8373664487717973,0.7089506465299246,0.998244362852627,0.5280578388679529
pose_only_visual,1.0,56,0.6139720182695524,0.6169685622499351,5.482793794310049,0.5058088256511717,0.0,1.0,0.0,0.0,0.3760266034370909,2.0603562189413274,1.0921759804141107,1.0,0.011951885698146628,0.8560489929590122,0.8043436629614786,0.4774136926113014,0.9911927872436345
pose_only_visual,1.0,57,0.5504886803966008,0.577833750538342,7.498421001132135,0.6588058261605415,1.0,0.0,0.0,0.0,0.01750790255542816,2.022467556323148,1.8893474517089581,1.0,0.005815306993188609,0.8484939635346879,0.7522694222223034,0.32107045332624995,0.34846032466277344
pose_only_visual,1.0,58,0.46407097847167256,0.6265297996593218,7.657823850346388,0.4253348134109524,1.0,0.0,0.0,0.0,0.005854267739477577,2.4694153685006155,1.2226516444579747,1.0,0.01729872277264961,0.8539208856038945,0.8068276688629944,0.1018631622544541,0.13287498490283
pose_only_visual,1.0,59,0.7766611177030935,0.6431907728511765,7.156224890080796,0.737644155867285,0.0,0.0,1.0,0.0,0.03350139441298704,1.696496726849458,2.030774050963532,1.0,0.010167360172856871,0.8409737910895639,0.7160702797199353,0.9649488806790011,0.5244000069558296
pose_only_visual,1.0,60,0.7086380563296131,0.6850262910939736,7.263132388223765,0.8293555028044697,0.0,0.0,1.0,0.0,0.03464299803768615,1.9082247954487255,2.210882234343267,1.0,0.006451139869334668,0.8358885616066971,0.6941115428545658,0.8096162194688457,0.5330040010346209
pose_only_visual,1.0,61,0.7159933678275132,0.6272230730950554,5.838591547594616,0.576334993416354,0.0,1.0,1.0,0.0,0.2622837891898922,1.8530338878290988,1.150144660207352,0.0,0.007483136222301068,0.8545861039657654,0.7915678281158012,0.9501952840650942,0.9688177033804997
pose_only_visual,1.0,62,0.6052159035784126,0.6610106010227815,6.571401564654886,0.43228649690458687,0.0,1.0,0.0,0.0,0.06452034639628007,2.0996914199579773,1.755251291108236,0.0,0.007617278266853039,0.8573440414906295,0.8050342923885051,0.26406671395967324,0.6765989247541422
pose_only_visual,1.0,63,0.5538731087896042,0.6292463062496533,7.0783956762920734,0.529164243757998,1.0,0.0,0.0,0.0,0.026358436610682025,2.1561089858682765,1.6342737118935506,0.0,0.007322529379433551,0.8629758122025046,0.8316032450943656,0.20137488901678527,0.4526420789530602
pose_only_visual,1.0,64,0.7568154826732729,0.5222076755129733,7.404803384136702,0.8198605755723734,0.0,0.0,1.0,0.0,0.028093667006058705,1.5120066384524793,1.9094381688144664,1.0,0.014314175433698074,0.8432195175415129,0.7381511959608039,0.9973352281707839,0.4746615558514259
pose_only_visual,1.0,65,0.5030709302568315,0.4283216388396213,8.887878122630799,0.9071749578582984,0.0,0.0,1.0,0.0,0.0004528395734907746,1.8359220746913916,2.8446657658260546,1.0,0.013295483319342794,0.8495396117828071,0.7551634724344637,0.9589339279612027,0.0
pose_only_visual,1.0,66,0.46416318091447395,0.4797169853681861,8.520696192965124,0.6504521539526964,0.0,0.0,1.0,0.0,4.429604092300083e-06,2.0011739195535747,1.9451746161445362,1.0,0.00517518828734344,0.8558065854541275,0.7972375043859773,0.3364277668546084,0.0
pose_only_visual,1.0,67,0.7914378762676617,0.5589831996334755,6.267322973378257,0.48408567901329663,0.0,1.0,1.0,0.0,0.1279704970325966,1.5552411439768767,1.1638847252980826,0.0,0.01979039730981873,0.8585472590760109,0.8026104447020234,0.995952564452294,0.8515165937368159
pose_only_visual,1.0,68,0.7997113956310018,0.5897674042290548,5.592161226936101,0.8843012635784249,0.0,1.0,1.0,0.0,0.407261272432195,1.7580710487647913,0.8563220401266664,1.0,0.015302895756565604,0.8430841820315368,0.7303738955332756,0.9884047676551329,0.9941903833753165
pose_only_visual,1.0,69,0.5942311569770108,0.703801376095327,7.679483069995802,0.6354577938941619,1.0,0.0,0.0,0.0,0.011676321034191391,2.21804615062126,1.5184085607966795,1.0,0.002898814949903634,0.8577765469763702,0.8064726984525887,0.15491258376131756,0.2563847587573468
pose_only_visual,1.0,70,0.5599066402960162,0.6284426479948271,7.107968694211678,0.609029090876041,1.0,0.0,0.0,0.0,0.028930651868727883,2.1298473186345923,1.6703876749505173,1.0,0.014248948871976188,0.8579401500927583,0.7938134914045721,0.2066276291199975,0.48047620859771656
pose_only_visual,1.0,71,0.7732240635679039,0.5182223895493544,7.643101795527786,0.5680375416624435,0.0,0.0,1.0,0.0,0.010372767312984673,1.518500273420385,2.094861558134384,1.0,0.021716428201492374,0.8478410099521199,0.7674972471779873,0.9982551366190253,0.2313713556568533
pose_only_visual,1.0,72,0.5250627795213392,0.6608118040318236,6.389722997352497,0.6023671864682183,0.0,1.0,0.0,0.0,0.11993725519159758,2.327731463718832,1.3692170291726133,1.0,0.007217995870841994,0.8520285873373539,0.7751840978336629,0.1257753455960483,0.8395343342359685
pose_only_visual,1.0,73,0.6591359761164995,0.4160194767879919,7.037476988339485,0.7900506637824325,0.0,1.0,1.0,0.0,0.049135204155969475,1.3928087323576628,1.4820655173870423,1.0,0.012722569452650679,0.8425807478173414,0.7260964460134554,0.99918224851939,0.619549694427302
pose_only_visual,1.0,74,0.7050511462770198,0.5346269027232354,8.893593844065599,0.5898173079814084,0.0,0.0,1.0,0.0,0.0,1.9196828325126882,3.6070064824439423,0.0,0.0068078810723129785,0.8489675933349459,0.7646048435362295,0.9806181585885981,0.0
pose_only_visual,1.0,75,0.6909574217061333,0.6883830169123093,8.295908118786294,0.8193147404620138,1.0,0.0,0.0,0.0,0.005052718274960431,1.9422332631567454,2.085964643234151,1.0,0.0027699378613048066,0.8381393960905511,0.6997331182423013,0.5402363870128362,0.10967532597502727
pose_only_visual,1.0,76,0.5096854139358041,0.6130242802102605,5.596435641855551,0.7393221626253816,0.0,1.0,0.0,0.0,0.37677282844141796,2.250106885305903,1.3315483280397384,1.0,0.005484829824990452,0.8482877277963378,0.7509863269733376,0.15667915395944662,0.9916279494875618
pose_only_visual,1.0,77,0.7256338768854182,0.726727525484345,8.24014939330178,0.6422972025679803,1.0,0.0,0.0,0.0,0.0019968106870650194,1.9605289116049216,2.0649975729529135,1.0,0.010813276152499385,0.8500612006134981,0.7716800052315891,0.48148085979712796,0.011001644760157303
pose_only_visual,1.0,78,0.5086909587541919,0.6570886045938453,8.670236859878731,0.5237445973114645,1.0,0.0,0.0,0.0,0.0,2.3811965257147314,1.311919373442519,1.0,0.017948741296414942,0.8450570917009269,0.7578980528334236,0.10475485465533413,0.0
pose_only_visual,1.0,79,0.4985938185714495,0.5386024595029721,8.367907393091324,0.865303806401609,1.0,0.0,0.0,0.0,0.0050863317437531246,2.049480285388584,1.7912016221909335,1.0,0.005767136460285489,0.8415211689346627,0.7205884657499838,0.2678565550997919,0.11066057253551842
pose_only_visual,1.0,80,0.5759894189239423,0.5526493231818566,7.5631711443681064,0.6858249939901646,0.0,0.0,1.0,0.0,0.01671855232451806,1.909632157687398,2.243215824381247,1.0,0.007626223077194176,0.8475514622740451,0.7518101685883021,0.9194421060425617,0.3372563537705855
pose_only_visual,1.0,81,0.6708440349481566,0.7457844136242269,5.263848652458722,0.6059723772443477,0.0,1.0,0.0,0.0,0.48710897706681394,2.205249452859916,1.0563361447959576,1.0,0.012051151190873261,0.851170471480042,0.7784061479679981,0.2594127716505223,0.9974733238305331
pose_only_visual,1.0,82,0.7913426488690358,0.4439222804689229,6.689846316325948,0.6137742081767024,0.0,1.0,1.0,0.0,0.06923370404329642,1.268447359739783,1.1057493410935233,1.0,0.023526615184952034,0.8475550782882915,0.7491972415400957,0.9999868428197135,0.70261647455375
pose_only_visual,1.0,83,0.5221791261764781,0.5844732230495214,8.05638244036135,0.6008070344969414,1.0,0.0,0.0,0.0,0.0036117255298054175,2.1258879686096477,1.6787882050055418,1.0,0.017506702048189656,0.8481270749820242,0.77219052471582,0.2485451883620774,0.06639587485097598
pose_only_visual,1.0,84,0.6450147333256356,0.7188905905236599,5.747700850485748,0.8851179273312284,0.0,1.0,0.0,0.0,0.35194952341983626,2.1220175758881332,1.3335793565389604,1.0,0.013307832408721904,0.8389144100097845,0.7168356773759,0.2474450999172978,0.989228272250003
pose_only_visual,1.0,85,0.6858286537055145,0.6392023060204408,8.34799409103033,0.7545409341639882,0.0,0.0,1.0,0.0,0.002802792202828008,1.8796060343489147,2.3744708046367604,1.0,0.011295733793171652,0.8551033926295224,0.7855085301052995,0.9297595444922405,0.041184409082366535
pose_only_visual,1.0,86,0.5443020448762181,0.6205269027499568,6.818028433435279,0.8727528358589189,0.0,1.0,0.0,0.0,0.08878631314485083,2.134239315804275,1.6242108538616133,1.0,0.005623091806601475,0.8439129922319479,0.7351776957628713,0.19662774411721168,0.772480208639908
pose_only_visual,1.0,87,0.5949909140719084,0.5717273636310275,5.451284581787301,0.5886933907888421,0.0,1.0,1.0,0.0,0.4044030320486083,2.027514017438037,1.0247102611425327,1.0,0.002749240817854432,0.8626382885989178,0.8348441025396098,0.9129814131608276,0.9936707488677803
pose_only_visual,1.0,88,0.4611198361161537,0.6641539912773944,8.361365413825979,0.6031847965949699,1.0,0.0,0.0,0.0,0.0006393468718658218,2.5693521811963937,1.1087169549148759,1.0,0.001317804998870665,0.8501893890342189,0.7703191026059605,0.07771400430578788,0.0
pose_only_visual,1.0,89,0.7577671374456165,0.5189005358471324,7.508867817471062,0.6991950656834447,0.0,0.0,1.0,0.0,0.01888683092014562,1.5174723261386012,1.9986564823125395,0.0,0.014179708754812323,0.8417157848190125,0.723620893501798,0.997283930974713,0.36758018334513687
pose_only_visual,1.0,90,0.5968631507295493,0.7169616360423918,6.242280155220404,0.5064323195413498,0.0,1.0,0.0,0.0,0.13719395055787376,2.253490066358313,1.4817127372478776,0.0,0.009743669502566946,0.8573451741234741,0.804214017694482,0.1586681970860699,0.8672290357175321
pose_only_visual,1.0,91,0.47270663111568095,0.6371006795391742,7.039979391640129,0.4411007863277481,1.0,0.0,0.0,0.0,0.02390346907339693,2.464870874674816,1.225803238923975,0.0,0.001634231005642566,0.8596243415566588,0.8204136831233999,0.10038388839112916,0.42395848621809773
pose_only_visual,1.0,92,0.5387221861644257,0.5174811961077593,8.806798766843224,0.7156522071654102,0.0,0.0,1.0,0.0,0.0,1.9089169126734729,2.2382805226368396,1.0,0.006896374569070854,0.8474682606242439,0.7587471388645726,0.9189131425914737,0.0
pose_only_visual,1.0,93,0.5935406094357581,0.7491767013410755,7.067812871963189,0.8654543864470132,0.0,1.0,0.0,0.0,0.055506628360659914,2.3101077329628903,1.3626763460746725,1.0,0.01340088985511632,0.8301848221693227,0.6734087676642548,0.1276317355096708,0.6518684324726791
pose_only_visual,1.0,94,0.5986739724565509,0.7102325252935341,5.466943856370638,0.5452062681337768,0.0,1.0,0.0,0.0,0.38990718350157966,2.259282164712801,1.2448093397883415,1.0,0.008167048579112891,0.8611059046981502,0.8244359684596214,0.1572949605765799,0.9925055750035554
pose_only_visual,1.0,95,0.5005529549176773,0.5833976641222939,6.985725646834922,0.7028034292990988,0.0,1.0,0.0,0.0,0.04470231169755956,2.184974817974229,1.56184058164966,1.0,0.004287728488657833,0.8531841995612597,0.7761006210980312,0.19004445368133566,0.5931291913912211
pose_only_visual,1.0,96,0.6754183368066838,0.5651448477421102,6.873946907850332,0.5215951585741243,0.0,1.0,1.0,0.0,0.037869163497837824,1.7071885279998844,1.8321305210894707,0.0,0.00746149059901573,0.8642169240949733,0.8391425699890359,0.9624066566187843,0.5452063738781594
pose_only_visual,1.0,97,0.587841945598759,0.7319325906613631,5.399586313658747,0.7160169034785204,0.0,1.0,0.0,0.0,0.4499623154488212,2.317992041216051,1.2407241163602847,1.0,0.0015843725090995153,0.8510547496431154,0.774804821869198,0.12264322263288328,0.9962686534221022
pose_only_visual,1.0,98,0.5377946501774,0.5140177844766712,6.330535447890191,0.460359033246532,0.0,1.0,1.0,0.0,0.11061739374262061,1.899403564369804,1.5982264899168053,0.0,0.006498617821906409,0.8572781075977366,0.8084603654791981,0.9230117812157508,0.8168507023021767
pose_only_visual,1.0,99,0.5269482358642755,0.6910382200104906,6.397883814145783,0.5705257813885817,0.0,1.0,0.0,0.0,0.11342219678978376,2.404097425767916,1.2801136930009176,1.0,0.00321293170855434,0.8644812337237395,0.842574420838372,0.09830236917228424,0.8257148983011157
pose_only_visual,1.0,100,0.5386618707461306,0.5014262232397777,7.818173980054974,0.45654466859719955,0.0,1.0,1.0,0.0,0.00405010366636959,1.895812310220809,2.3801804524245314,1.0,0.009425931785144448,0.8625446766423644,0.8267817440014272,0.9290842903632797,0.07978041244849032
pose_only_visual,1.0,101,0.6269816283375833,0.4617289068290711,8.479007522432855,0.6524153041549112,0.0,0.0,1.0,0.0,0.0003397016412362214,1.7972556779198787,3.135678596216592,1.0,0.007315261663997366,0.8549187294086737,0.787361788741728,0.9885690932438597,0.0
pose_only_visual,1.0,102,0.5112713720728647,0.46628559344078657,8.286274028398307,0.5328429210954202,0.0,0.0,1.0,0.0,0.00039460122897311473,1.8761877558348625,2.4784525486227484,0.0,0.00830419504793187,0.8523335403462455,0.781071900454263,0.9374985762778699,0.0
pose_only_visual,1.0,103,0.5033029590070403,0.7347872336344123,6.796194994449341,0.7210549101327702,0.0,1.0,0.0,0.0,0.06905602790644508,2.582621524933465,1.087239507186763,1.0,0.010042696962036655,0.8410868874007046,0.7329187993957006,0.08015153908419148,0.7048247536413401
pose_only_visual,1.0,104,0.7860768882190012,0.6027647248332738,8.59198347255336,0.6454009260083844,0.0,0.0,1.0,0.0,0.0,1.8686447905452046,3.3629123306675317,1.0,0.023493795473583576,0.8451038936603371,0.7545512554243743,0.9813711049092311,0.0
pose_only_visual,1.0,105,0.5541373052837035,0.617903287259093,7.043459586116348,0.8935267015561441,0.0,1.0,0.0,0.0,0.061726830703342325,2.096643736227066,1.6902555702924162,1.0,0.008194489780180999,0.8406484945359027,0.7247557622294545,0.24363626885488698,0.6799582414613565
pose_only_visual,1.0,106,0.5060462934864257,0.6404361268044709,8.759824865526193,0.4200083864277853,1.0,0.0,0.0,0.0,0.0,2.353371561931541,1.3565949004134978,0.0,0.00431802674274332,0.8649150866719817,0.842872223695048,0.12302003806380497,0.0
pose_only_visual,1.0,107,0.6321810591096129,0.6108333947885649,5.35379141641373,0.6191719387488037,0.0,1.0,1.0,0.0,0.4505570198501939,2.0577763694474416,0.9769170409092127,1.0,0.010711316353595098,0.8474363032670096,0.7576144075465384,0.8437769341829524,0.9962264977252859
pose_only_visual,1.0,108,0.7328646223524139,0.5433876651873851,5.8779838542617,0.8159030487370704,0.0,1.0,1.0,0.0,0.294814861558947,1.6868310781325766,0.9919471752014332,1.0,0.010926596628295468,0.8547259847239749,0.7768945900982734,0.9869794079977561,0.9792890430450979
pose_only_visual,1.0,109,0.6995530206553063,0.4496959036685707,7.595383186283071,0.7586618177394866,0.0,0.0,1.0,0.0,0.018864703856966696,1.4641993757277032,1.9445040207236413,1.0,0.016395400290114777,0.8395066572574256,0.709642761463658,0.999036070177901,0.3672778494875236
pose_only_visual,1.0,110,0.7367008886799746,0.6579297352883204,7.137458852647803,0.5137342945590664,0.0,0.0,1.0,0.0,0.022811431239390407,1.8163864410119246,2.1662317096346264,0.0,0.009388355725855599,0.8534275675857029,0.7758352506161118,0.9443838023387386,0.41669353803962716
pose_only_visual,1.0,111,0.7497502459924943,0.5529799113777027,6.44336056316591,0.6365866717696325,0.0,1.0,1.0,0.0,0.11472842057389501,1.5824304851838216,1.314167031718931,1.0,0.011010303801072104,0.8554784756723673,0.7992731455295256,0.9878537731471738,0.8299847072413632
pose_only_visual,1.0,112,0.5426722803829305,0.5532088994965986,7.600863799350071,0.8114832184014049,1.0,0.0,0.0,0.0,0.02091453666004812,1.9714008545811845,1.9965054953048378,1.0,0.003143160614420772,0.8437063713558525,0.7269443301954001,0.4012649305890462,0.3946813603477134
pose_only_visual,1.0,113,0.5933772551073133,0.6655403960778186,8.026762776001528,0.9186081376870925,1.0,0.0,0.0,0.0,0.013418100579812442,2.104116210661041,1.6724703321154601,1.0,0.008750649090497678,0.8325301885257401,0.676670533427466,0.20463260860660226,0.28828466873208847
pose_only_visual,1.0,114,0.7433213860103893,0.42725084369842103,8.674245624348895,0.5008005014885053,0.0,0.0,1.0,0.0,0.0,1.6721867952337126,2.7624799369912316,0.0,0.025211134790232452,0.8455898046901537,0.7520968391767308,0.9999842524517413,0.0
pose_only_visual,1.0,115,0.6919865641058798,0.638918487986455,8.754349364381568,0.7454712033566875,0.0,0.0,1.0,0.0,0.0,1.8730241031151478,2.4188054271135666,1.0,0.010000068792701778,0.8470635095588693,0.7557168287189105,0.9347997604911331,0.0
pose_only_visual,1.0,116,0.7514797074367503,0.5781718721256472,7.725686754407588,0.5880524369232979,0.0,0.0,1.0,0.0,0.009121175644137235,1.6830691025454647,2.443405984837396,1.0,0.008378578694990398,0.8629411604692482,0.8251646653638495,0.9785566602230017,0.2065636343778371
pose_only_visual,1.0,117,0.4659931758461842,0.6377193227004336,7.7432088553777145,0.8132515047681732,1.0,0.0,0.0,0.0,0.016879039877277666,2.4590349296013096,1.1971240851864184,1.0,0.005460768195222759,0.840473500487951,0.7195100515222775,0.07962264022169083,0.3395497978135591
pose_only_visual,1.0,118,0.4814334264466744,0.4697101945429124,7.166462870705261,0.8349533065055752,0.0,1.0,1.0,0.0,0.0423460512254601,1.9176123930782485,2.1716269929187173,1.0,0.009226304889424108,0.8419549801694721,0.7260757988084624,0.7232186747663997,0.5829540558123354
pose_only_visual,1.0,119,0.6926795470375642,0.7300740026597375,8.292204458430898,0.899987231563421,1.0,0.0,0.0,0.0,0.007125033682135935,2.0106337678491433,1.8748726968286111,1.0,0.006752853957563873,0.8402661489182098,0.718249501513358,0.3255275666961777,0.16533084465294934
pose_only_visual,1.0,120,0.7760974496879407,0.6571538324984828,7.381774862886969,0.42199747422425676,0.0,0.0,1.0,0.0,0.01177219304912134,1.770505170287837,2.3106478243341657,0.0,0.010916599231713002,0.8658067240287625,0.8362247612180881,0.9599085907793667,0.2581919474178419
pose_only_visual,1.0,121,0.782648809110557,0.4825113570783516,8.385647122342009,0.7368941484037239,0.0,0.0,1.0,0.0,0.0020181124258116987,1.6128290806935492,2.598501272920922,1.0,0.011829408757715687,0.848523671970032,0.757426969567848,0.9995074862942962,0.012172718807887173
pose_only_visual,1.0,122,0.7158628596752831,0.4258260679967475,5.337039651433888,0.8305130993060514,0.0,1.0,1.0,0.0,0.49922717075394507,1.6599268956940736,0.6415573812455898,1.0,0.02773696180355827,0.8373838841619682,0.6992633777368845,0.9997322566252432,0.9978804288075167
pose_only_visual,1.0,123,0.5917219662931892,0.5488644733750946,8.276403709660384,0.45465422836228003,0.0,0.0,1.0,0.0,0.0,1.8929736731318485,2.3968917521325315,0.0,0.007449241214070872,0.8573086307177662,0.8032363284796594,0.9306396854140939,0.0
pose_only_visual,1.0,124,0.6143040427518003,0.6088706800464736,7.265050296603724,0.4889974779465822,0.0,0.0,1.0,0.0,0.01757669825606878,1.9581924531204151,2.106634467891924,0.0,0.004799589767457958,0.8529350180010995,0.7741952358049045,0.6002161269747303,0.3494277852424966
pose_only_visual,1.0,125,0.7896919783414562,0.5814420938044561,7.837941148240327,0.5756670811462592,0.0,0.0,1.0,0.0,0.006338060136375891,1.6523250097987427,2.469637482153096,0.0,0.011826182169420036,0.8445460543895817,0.734581052764245,0.9877112914410925,0.14658406959707893
pose_only_visual,1.0,126,0.7263041481202976,0.47777953901361925,7.320405295758043,0.846711897162299,0.0,0.0,1.0,0.0,0.03272431905954188,1.4538130666366806,1.7551146335747883,1.0,0.008746357375370108,0.8464611589272292,0.7430713758327206,0.9984618377370702,0.518632733818695
pose_only_visual,1.0,127,0.5870134919070772,0.5035830748170194,5.714832666641763,0.7018762536205949,0.0,1.0,1.0,0.0,0.3269457147888113,1.8611432710550708,1.0514423233837864,1.0,0.008577346876096292,0.8493372317760242,0.7599869865852892,0.956190382330181,0.985285902290359
pose_only_visual,1.0,128,0.6777023957581615,0.6897777362853927,7.28077187328554,0.7423705635351531,1.0,0.0,0.0,0.0,0.028628950596820222,1.9741618053749164,2.0024470805154753,1.0,0.0046743598741446025,0.8468617977518385,0.7427150585092239,0.40099268530006427,0.48006978115849974
pose_only_visual,1.0,129,0.7262115268717113,0.518134842253492,7.686724533121491,0.5890703253042944,0.0,0.0,1.0,0.0,0.010046827048711557,1.5897943693266325,2.2616731806338914,1.0,0.014943418885091798,0.8488290031071002,0.7701062997179166,0.9924975226747103,0.22498660773221502
pose_only_visual,1.0,130,0.6243050330163592,0.7279429779070793,7.161650705139825,0.7861143924594676,0.0,1.0,0.0,0.0,0.03746281711849893,2.1788849051381924,1.5606181180537537,1.0,0.004984839634669989,0.8421215019938321,0.7266873032446389,0.19034133189282118,0.552394107354675
pose_only_visual,1.0,131,0.7237491466271867,0.6492897868197188,5.33998834423571,0.4518728767340316,0.0,1.0,1.0,0.0,0.42491983009367734,1.9912977229507844,0.9167856060924701,0.0,0.011903231055715297,0.8539125620946457,0.7838582218471586,0.9433810225191723,0.9948312225306782
pose_only_visual,1.0,132,0.6954862745354966,0.6422502782974389,8.022062314622474,0.47369518419097556,0.0,0.0,1.0,0.0,0.0017443819858285819,1.8884700385596191,2.41808784261608,1.0,0.012043644323706982,0.8573183547087337,0.8165401788885719,0.9352318762593169,0.0
pose_only_visual,1.0,133,0.7555227141371983,0.574020182904021,6.422074332249636,0.802089055655859,0.0,1.0,1.0,0.0,0.14777377471184752,1.6197695002731747,1.3282214530483216,1.0,0.013626322261046977,0.8492493699246114,0.7603792415877381,0.9830097551677424,0.8875430138170007
pose_only_visual,1.0,134,0.5779180467721478,0.5820643306878153,6.375220801214367,0.7989109945834538,0.0,1.0,0.0,0.0,0.1570849193595668,1.9493555215507528,1.6725033980456199,1.0,0.008720192124282997,0.8507201976928158,0.7708848968070203,0.4708187248378188,0.899207508098947
pose_only_visual,1.0,135,0.7818238997458162,0.5298629395404473,6.551831968142882,0.789527298775011,0.0,1.0,1.0,0.0,0.11918495942579385,1.4847105081888727,1.2655525975740811,1.0,0.010240620163951447,0.8430622981201376,0.7329266451269636,0.9974882632070248,0.8418362055332373
pose_only_visual,1.0,136,0.5749288061548649,0.5388098565481165,7.962942465612635,0.7892667504805415,0.0,0.0,1.0,0.0,0.010448176186027254,1.8819900639258889,2.348837106440315,1.0,0.006965811542391518,0.8472798125243192,0.7563890588983619,0.9310115852641447,0.23284100967559318
pose_only_visual,1.0,137,0.5174569667406943,0.6013404216888749,7.506453376770461,0.5401087520872703,1.0,0.0,0.0,0.0,0.012567347538599614,2.1933963141909563,1.5698656952307433,0.0,0.004110375970006066,0.8511080458691732,0.7682748984014303,0.19068294822828527,0.27301234291380194
pose_only_visual,1.0,138,0.7576230827635093,0.43151110305849344,8.57257661564967,0.5428908095018858,0.0,0.0,1.0,0.0,0.0,1.625940195020906,2.621769086905717,0.0,0.011882494990656196,0.8447982307069682,0.7482675018289886,0.9999839236790734,0.0
pose_only_visual,1.0,139,0.7635444963379515,0.532664123802879,8.47401156115452,0.759661856837468,0.0,0.0,1.0,0.0,0.0016424667109248652,1.7402679926189115,2.9903996021177903,1.0,0.014142442332717676,0.8419491242355509,0.7315045666230915,0.9960422246232976,0.0
pose_only_visual,1.0,140,0.6457051635911216,0.7492987482620419,6.020864084765158,0.7555143525715206,0.0,1.0,0.0,0.0,0.23980674132655289,2.1732554846089016,1.5738394232547732,1.0,0.0053902756711547775,0.8460443096662473,0.7486254436967533,0.19180549763343907,0.9609516391279428
pose_only_visual,1.0,141,0.7983624437284165,0.679081271670258,7.333417283424314,0.46617017237866365,0.0,0.0,1.0,0.0,0.014548078503298378,1.7684834741671895,2.2676557436474916,0.0,0.011590043137372935,0.8525348076031048,0.7737226350649825,0.9588598441887468,0.3054455973455963
pose_only_visual,1.0,142,0.7048649335409342,0.4658957948525496,7.407524572759431,0.7888098551484215,0.0,0.0,1.0,0.0,0.02641799793991984,1.4673912517552739,1.8370043451408293,1.0,0.017096555327791,0.8397489965944099,0.7223809123951803,0.9985613244696138,0.457365085511222
pose_only_visual,1.0,143,0.7050635475584964,0.5860673339585618,5.456167928651364,0.45371329204050104,0.0,1.0,1.0,0.0,0.37688922375933204,1.889690438953676,0.9064441583106458,0.0,0.006639313188317466,0.8541388074542411,0.7900285018546437,0.9648983616729111,0.9911935397548082
pose_only_visual,1.0,144,0.5571165580729353,0.6901506085282361,8.4964440676288,0.5538797309361705,1.0,0.0,0.0,0.0,0.0,2.303694106491548,1.4059786366164764,0.0,0.008043580349662531,0.8468397702569164,0.756011568615928,0.1272507652980641,0.0
pose_only_visual,1.0,145,0.6201964538269786,0.5004158664237358,7.27296139207953,0.7056067405842074,0.0,0.0,1.0,0.0,0.02706099682927872,1.674387093047298,2.093792983991218,1.0,0.010896515118251364,0.8512324998705946,0.7742402356672532,0.9703390591077898,0.4640685343678378
pose_only_visual,1.0,146,0.5559599139215003,0.46562191328432095,7.172183254795493,0.6890057132238748,0.0,0.0,1.0,0.0,0.029942637519360008,1.7164403018808323,2.0688457733277152,1.0,0.00974148248599801,0.8512393996801704,0.7713511954044684,0.9623735709814822,0.493107772253239
pose_only_visual,1.0,147,0.6374295874319428,0.4714557935443085,8.190177615356953,0.9103267901407031,0.0,0.0,1.0,0.0,0.009656606193608521,1.7159720890546748,2.79456305195012,1.0,0.013707244410126851,0.8408276337303012,0.7222576726647034,0.9873520093871828,0.21727289146644202
pose_only_visual,1.0,148,0.7348197604022807,0.5599235172836295,6.6901804640499325,0.4407686975280513,0.0,1.0,1.0,0.0,0.04950315663205484,1.599773385942513,1.553568419063942,0.0,0.020978290258004486,0.8593168715981996,0.8129747913825279,0.9809320371828624,0.6082185968206164
pose_only_visual,1.0,149,0.6849643479819253,0.7298350713132409,8.805735190746521,0.45283637487172973,1.0,0.0,0.0,0.0,0.0,2.0598553342209303,1.8372175639719752,0.0,0.009347977447928795,0.8575387291006884,0.8078164117475818,0.31549334887185454,0.0
pose_only_visual,1.0,150,0.6517530961342288,0.5329842993094981,5.975022503413472,0.8751982411750852,0.0,1.0,1.0,0.0,0.27663465381297675,1.7652733651266879,1.1389826978415176,1.0,0.01619801280113041,0.834128442324577,0.6924868612434543,0.9683408897083056,0.9748099024830889
pose_only_visual,1.0,151,0.6372618579027614,0.7495281905902743,5.909705151107071,0.42051249688049397,0.0,1.0,0.0,0.0,0.21285146863904766,2.223861287417485,1.5369683675358152,0.0,0.002852873538566364,0.860003447347211,0.8202698670155938,0.15730082283693925,0.9437731273424161
pose_only_visual,1.0,152,0.7494323330152455,0.6288730506245244,5.486224900148407,0.6010093712712041,0.0,1.0,1.0,0.0,0.3928223240784292,1.8943525138439952,0.9208573751115606,1.0,0.01576219839197434,0.8524467850728247,0.7895518357238503,0.9627503848541865,0.9928192241464876
pose_only_visual,1.0,153,0.6279544884112132,0.5994045997377655,5.2365224558228505,0.7174682297241631,0.0,1.0,1.0,0.0,0.5220318202220463,2.080839052388576,0.9056190203929092,1.0,0.014838746841586247,0.8446223536276072,0.7466479809697629,0.92504746850947,0.9983141560307642
pose_only_visual,1.0,154,0.7602850898147766,0.570259201595249,5.447264266715755,0.8258536759664087,0.0,1.0,1.0,0.0,0.45245644960466175,1.8134575231248873,0.81061548064538,1.0,0.026949690526530058,0.8363296036993604,0.694662080481201,0.9833855712280509,0.9964436864255752
pose_only_visual,1.0,155,0.6121351308921182,0.5704887008268577,8.830852874603131,0.8492168940769065,0.0,0.0,1.0,0.0,0.00013868270146873604,1.8740883180758137,2.374722724295187,1.0,0.006851597206623888,0.8505019260742737,0.7742994268959676,0.9305759562769288,0.0
pose_only_visual,1.0,156,0.5196801753339791,0.5509240729241237,7.8367296526358015,0.7242311061805524,1.0,0.0,0.0,0.0,0.01106819771891082,2.032022224844078,1.854706138330991,1.0,0.011501548609606851,0.8475116369502338,0.7601873390601098,0.32668733956007967,0.24481864784133145
pose_only_visual,1.0,157,0.6837868648196759,0.6138120845761619,8.269390583390633,0.42251662318893196,0.0,0.0,1.0,0.0,0.0,1.8724039335092204,2.557711008980735,0.0,0.011749090182504274,0.8648207419822371,0.8414926106172358,0.9445550542112068,0.0
pose_only_visual,1.0,158,0.682579695215857,0.5513473770587698,7.706911187087903,0.8845264692156715,0.0,0.0,1.0,0.0,0.020984767974274083,1.7235645777603905,2.482790736078501,1.0,0.009485810824808798,0.8449831647159941,0.7399344656818515,0.9703511477413478,0.39559893038603766
pose_only_visual,1.0,159,0.6819688788670195,0.6430092450303695,5.482248313799515,0.8772509702838046,0.0,1.0,1.0,0.0,0.4483629139683795,2.0095356332362777,1.0085222470983919,1.0,0.009519498820538614,0.8423221990983307,0.7293609462682511,0.9248605147715816,0.9963124398407086
pose_only_visual,1.0,160,0.7238077771168057,0.506352336044998,6.687835365910884,0.6555212375407784,0.0,1.0,1.0,0.0,0.07520259586715626,1.5065137991279294,1.4018172130514317,1.0,0.017138620496620766,0.858080336330638,0.8076467561966265,0.9959566275517636,0.7252548059214876
pose_only_visual,1.0,161,0.5868848830578477,0.43261638340637043,7.439653447531553,0.4319539624042858,0.0,0.0,1.0,0.0,0.010753370821980534,1.5957526575076355,2.122139948231888,0.0,0.01813343391482351,0.8620617675288251,0.8366515208201112,0.9878818123638725,0.2387603456522256
pose_only_visual,1.0,162,0.6677049344832394,0.5699575077165526,7.549700337191445,0.7565061019603955,0.0,0.0,1.0,0.0,0.02009170660974849,1.7816916106054292,2.449627941489971,1.0,0.012436407265828708,0.8394049888958445,0.7167254410901549,0.9591967533941104,0.38382677982730273
pose_only_visual,1.0,163,0.5683742892780188,0.49061182377062673,8.138050527796365,0.6946321998359554,0.0,0.0,1.0,0.0,0.004507933817040424,1.8454459318636378,2.766801447021442,1.0,0.010908124128315494,0.8466376828024859,0.7579887346812223,0.954912651178838,0.09355405450056431
pose_only_visual,1.0,164,0.6603302465082259,0.672018289222305,7.668203138810281,0.43793076906743733,1.0,0.0,0.0,0.0,0.005959053064652851,1.9953653065357748,2.002788930242282,0.0,0.00736791829611056,0.8636066097032474,0.8290566131930069,0.4019097027497036,0.13586281900130437
pose_only_visual,1.0,165,0.6010034565960085,0.701887621849048,6.62994001667134,0.6038223865402392,0.0,1.0,0.0,0.0,0.07710070778079477,2.196541127161477,1.5563151416345575,1.0,0.013172022694309093,0.8495924460006157,0.7807306691203628,0.19776199127637148,0.7299263571060917
pose_only_visual,1.0,166,0.5321846659342573,0.6128124690173944,5.648959934774079,0.4259311326220065,0.0,1.0,0.0,0.0,0.29962965471348074,2.208987734081958,1.3424062859229149,0.0,0.012245662970988601,0.8528849096736868,0.7897221906974969,0.1978823909854665,0.9789831378558929
pose_only_visual,1.0,167,0.5023911584124543,0.6534420551149777,5.57986027475494,0.5304320611815698,0.0,1.0,0.0,0.0,0.3428992591713406,2.392880829373167,1.2972417077407727,1.0,0.010516819569406845,0.8548240966941444,0.7980408937897074,0.10680179848403505,0.9873145341212987
pose_only_visual,1.0,168,0.5818856417603273,0.6321812462901267,8.727702916223645,0.5091220206658356,1.0,0.0,0.0,0.0,0.0,2.0854610753236997,1.7723736986824934,1.0,0.009459614714872533,0.8608327198703918,0.8286789786046042,0.27196261327531934,0.0
pose_only_visual,1.0,169,0.4772705956727116,0.6500785397105853,8.507418829341061,0.4558553054605622,1.0,0.0,0.0,0.0,0.0,2.482596375230099,1.205840451367638,0.0,0.0033468804635662665,0.8537916948395387,0.7888998568706518,0.08011015813467809,0.0
pose_only_visual,1.0,170,0.5040974569468477,0.4334849919435187,5.612177026018142,0.49623670837925554,0.0,1.0,1.0,0.0,0.3252743917208755,1.8826989070516706,1.011686111587731,0.0,0.008324310918915768,0.8554916315448045,0.7952952868725227,0.9556229703680141,0.9844439518419754
pose_only_visual,1.0,171,0.7560420587985484,0.4883631884091434,7.368933702606872,0.780088206088593,0.0,0.0,1.0,0.0,0.027363345373174325,1.4394234277697049,1.7665246127988699,1.0,0.016513217909797623,0.8416324627581931,0.7228073885431713,0.9990634802569418,0.4671919178995789
pose_only_visual,1.0,172,0.5372369011118845,0.4431841323871216,6.753852632314166,0.5852774894487309,0.0,1.0,1.0,0.0,0.05736427211693228,1.6853236013090522,1.7071114519939121,1.0,0.009746898417925304,0.857938349382473,0.8022067704636308,0.9681232288745363,0.6523833420697022
pose_only_visual,1.0,173,0.7750990885961323,0.7587721382704329,6.60866812873768,0.6366356662404735,0.0,1.0,0.0,0.0,0.08538871664545607,1.9186478169542653,1.836996226532179,0.0,0.010690756170761572,0.8400982110287475,0.7139644400272953,0.681675984229636,0.7570789188346476
pose_only_visual,1.0,174,0.6940801212427694,0.652465246007827,5.371983018421432,0.7125659633826248,0.0,1.0,1.0,0.0,0.46090837178136773,2.030306192538721,0.9575884062717861,1.0,0.004448058613172543,0.8535989256020907,0.7801846150926062,0.9236324887438453,0.9966918049587029
pose_only_visual,1.0,175,0.5555899154021307,0.6477859254714633,5.9065991371162685,0.7809457550014982,0.0,1.0,0.0,0.0,0.2794566753315288,2.1813939659936774,1.5136605791750581,1.0,0.004347415975285682,0.8446208264508469,0.7421212615949653,0.18998454791259048,0.9752016670402877
pose_only_visual,1.0,176,0.5046772504316641,0.743215997143069,5.67034255170144,0.836895873900521,0.0,1.0,0.0,0.0,0.36944478412641063,2.5874736212434297,1.0738561265791644,1.0,0.007158446398127721,0.8463018775783188,0.7387104322023431,0.07923418450552108,0.9910678867721241
pose_only_visual,1.0,177,0.6159752574304681,0.6759880170078718,5.875724821283805,0.8923133433678796,0.0,1.0,0.0,0.0,0.31073487219308354,2.089270051419659,1.403114512554148,1.0,0.00997398866133487,0.8447937517051546,0.74281996190983,0.2521060371855796,0.9829121561957223
pose_only_visual,1.0,178,0.7578933111625953,0.4837437538426665,6.781609602294024,0.7508509326762169,0.0,1.0,1.0,0.0,0.07552315156810298,1.405163277283237,1.3315052421891254,1.0,0.01787126570237194,0.8472161660340431,0.7573685701280652,0.9991046650550116,0.7286748034991726
pose_only_visual,1.0,179,0.6209366664881801,0.5785303670972222,7.767150742673075,0.7514093656391626,0.0,0.0,1.0,0.0,0.013534878793067954,1.8795325534428462,2.3760432307494974,1.0,0.01031912956977668,0.8479424472094195,0.7502595383549792,0.9317673960760695,0.29007764391890434
force_annotated_visual,1.0,0,0.7350786076744003,0.6452548929674281,7.970115985999453,0.7587117495816114,1.0,0.0,0.0,0.0,0.01354933670845928,1.2077152590560427,0.2478696394691225,1.0,0.011215849645233334,0.8467818569480573,0.7418181828368399,0.08036635418542111,0.21254553708355828
force_annotated_visual,1.0,1,0.5603779747546027,0.530339659247253,5.202359146052119,0.7026733218721193,0.0,1.0,0.0,0.0,0.40226909834159563,1.3042112177145593,0.5144039771609186,0.0,0.0067137244510030005,0.851116347649719,0.7720399442265986,0.23690731877548393,0.991138923846027
force_annotated_visual,1.0,2,0.6920554994078632,0.7195130684425348,5.662002356993421,0.8844849934125281,0.0,1.0,0.0,0.0,0.1488379876269889,1.0158426946110213,0.27100243184873,1.0,0.011431554537901598,0.8398259708136154,0.7165091428253133,0.15552364842814353,0.8470642676607666
force_annotated_visual,1.0,3,0.6858056422593265,0.6909085696388425,5.902743561255258,0.6766337631915464,0.0,1.0,0.0,0.0,0.7135105745748583,1.958662972974315,0.6903647965007975,1.0,0.010558386733454588,0.8516271325159207,0.7678051072854118,0.0801818999317186,0.9997357472135142
force_annotated_visual,1.0,4,0.630306008181052,0.690404696231677,7.401118723023023,0.7435582012369586,1.0,0.0,0.0,0.0,0.0,0.5237266365622097,0.2446674676366069,1.0,0.005097658945086847,0.8384503287126425,0.7019865023205882,0.3508864400139622,0.0
force_annotated_visual,1.0,5,0.6227267598180151,0.42595902778327954,7.22349964073609,0.5617224855020196,0.0,1.0,1.0,0.0,0.0698638373228433,0.9443545788072778,0.4314524165623102,0.0,0.010216184047003512,0.8526679961910582,0.7751533427860327,0.9100740346031457,0.6250720028272245
force_annotated_visual,1.0,6,0.5163689417869296,0.48057349836818397,8.183037704789513,0.799857586135184,1.0,0.0,0.0,0.0,0.03453026320432708,1.733473385574159,0.4483476097645199,1.0,0.0125759265286933,0.8457539761054085,0.7491265588748425,0.08074915964418705,0.41599371098338866
force_annotated_visual,1.0,7,0.6509104452665745,0.7266127384164403,6.427956773410538,0.5258344512934474,1.0,0.0,0.0,0.0,0.0,0.5357602455423848,0.27895968930089726,0.0,0.010610318645951813,0.8530043686192128,0.7764882157177109,0.44205402947927197,0.0
force_annotated_visual,1.0,8,0.7651029721038141,0.7531873952859736,5.359586783025729,0.8403561154870232,0.0,1.0,0.0,0.0,0.5482288704651432,1.5625534687196352,0.5697494230538934,1.0,0.008000987406263274,0.8442061985237395,0.7322017356067906,0.0996746316104937,0.9982773840999967
force_annotated_visual,1.0,9,0.5031184228852139,0.4561596450241453,8.34935742325986,0.7033388842623306,0.0,0.0,1.0,0.0,0.0,0.6600157368278511,0.2057870545746806,0.0,0.011258170355752307,0.8427348846814963,0.7350368572043205,0.190763385652257,0.0
force_annotated_visual,1.0,10,0.6605064432942697,0.4838588634006484,7.763149910671756,0.7957957035022627,0.0,0.0,1.0,0.0,0.0,0.49314942268429224,0.22628250142668804,1.0,0.006454053737197853,0.8474764497549488,0.7486956679270307,0.9957792138876771,0.0
force_annotated_visual,1.0,11,0.6520330282036775,0.7218399269511461,7.458363488188207,0.4257446605415862,1.0,0.0,0.0,0.0,0.0,0.7625399573083554,0.19374978629740888,0.0,0.010744050918785279,0.8625528667133263,0.82445480240605,0.15699852759877997,0.0
force_annotated_visual,1.0,12,0.6961285859598586,0.727447564074245,8.269247309633672,0.7491339542218849,1.0,0.0,0.0,0.0,0.0,0.8093479378063806,0.20469435666011393,0.0,0.005736911321134168,0.8433739818954875,0.7320199588349698,0.1270752680934633,0.0
force_annotated_visual,1.0,13,0.5065566904842159,0.7371772818266771,5.501968236129903,0.8706982614304412,1.0,0.0,0.0,0.0,0.0003231882914983923,0.8272036966487415,0.20606545554346886,1.0,0.005478962282675459,0.8417852551145044,0.7264483872428353,0.12343674129087612,0.0
force_annotated_visual,1.0,14,0.7698982349853145,0.6216088028468538,6.592569738265035,0.8908415035356951,0.0,1.0,0.0,0.0,0.5329886608232657,1.6946557691331388,0.703384663452453,1.0,0.013627130715766114,0.8372505514026245,0.7020515652551157,0.083189594944218,0.9979867500240034
force_annotated_visual,1.0,15,0.5192710697246881,0.650360629526801,6.415029190001384,0.4395674628921738,1.0,0.0,0.0,0.0,0.0,0.8232554209678042,0.20209832487785256,0.0,0.005986953243974055,0.855893549507463,0.7986417654802639,0.12574348578972863,0.0
force_annotated_visual,1.0,16,0.5586676173548042,0.5950738156488651,5.358050611217072,0.8534165527875758,0.0,1.0,0.0,0.0,0.9551314487065043,2.1736507803187552,0.884794896408655,1.0,0.013572326594495745,0.8506287304652748,0.7790736233589952,0.08103065992084098,0.9999812510209009
force_annotated_visual,1.0,17,0.6484750251094373,0.6046342300521504,7.05872721613221,0.4962816373066091,1.0,0.0,0.0,0.0,0.030531892731137635,1.0254394239138198,0.22148521904455037,0.0,0.00951760720967014,0.8546176506128705,0.7770530513216257,0.08052128929075866,0.39614372264299924
force_annotated_visual,1.0,18,0.6643523056452513,0.6501094799775337,8.096509907254884,0.9025741491237853,1.0,0.0,0.0,0.0,0.0,0.6772400444931264,0.2049179613504626,1.0,0.006195940421836483,0.8414184226008404,0.719553246648526,0.1602448415828921,0.0
force_annotated_visual,1.0,19,0.6201598908799298,0.6606192885789123,5.825750677399888,0.88538161898682,0.0,1.0,0.0,0.0,0.5091464594375291,1.65595107713514,0.493685025488873,1.0,0.008892632910608756,0.8469710061350805,0.7447319256048484,0.08294969954032082,0.997399313362834
force_annotated_visual,1.0,20,0.47869540518292525,0.5002651051061271,8.205251498668556,0.6848965169222252,1.0,0.0,0.0,0.0,0.0,0.99485756622478,0.21178284581772766,0.0,0.011389163835484559,0.8401984433049323,0.7255815400348565,0.0811302147174008,0.0
force_annotated_visual,1.0,21,0.5760151407451894,0.4425846350518313,5.701819167597361,0.8130188130735863,0.0,1.0,0.0,0.0,1.4061578869203184,2.7243204416181728,1.9871446868241247,1.0,0.014357444154309852,0.846486141250787,0.7452971044444935,0.0812530992407923,0.9999998741833018
force_annotated_visual,1.0,22,0.693688656292063,0.6016915524765093,8.642866482246513,0.6376249750151834,1.0,0.0,0.0,0.0,0.0,0.6292966277531874,0.22254229237138853,0.0,0.0075900025919357975,0.8457082042739371,0.7432445234978188,0.23649199188781325,0.0
force_annotated_visual,1.0,23,0.5899230762480041,0.6826347932430137,7.800537199655555,0.8975430386969285,1.0,0.0,0.0,0.0,0.0,0.9243809151863298,0.2129899886043947,1.0,0.005614710922868785,0.839937880329163,0.7138245635109406,0.09832610021308362,0.0
force_annotated_visual,1.0,24,0.6415539789379126,0.5827363215729159,6.99356043929329,0.5349877675631012,1.0,0.0,0.0,0.0,0.02549948700825108,0.9598220563663006,0.21098969594116498,0.0,0.009105931241789775,0.8526227701310392,0.7818991791596815,0.12511868489581818,0.3393979920952306
force_annotated_visual,1.0,25,0.49668373388960957,0.6554617089265213,8.599839439755538,0.7989422207070538,1.0,0.0,0.0,0.0,0.0,0.5508580875311923,0.22187761880134785,1.0,0.0016672142374909342,0.8496969453338792,0.7659997242109954,0.2969973856920365,0.0
force_annotated_visual,1.0,26,0.6069349561066164,0.5625641476028727,6.438070342892722,0.4634387694009907,0.0,1.0,0.0,0.0,1.074127861974018,2.593613176634257,1.1441812357452372,0.0,0.01593530869823326,0.852428499202424,0.7833851802282539,0.08170182356436956,0.9999952711866203
force_annotated_visual,1.0,27,0.7040482737160519,0.446664617595985,5.408384850996916,0.9148613245100239,0.0,1.0,0.0,0.0,2.548005632730499,4.053909536029806,4.805092349722482,1.0,0.019971051528033048,0.8399780947556068,0.7157158375783961,0.08764254089426116,0.9999999999995527
force_annotated_visual,1.0,28,0.5394917815309517,0.449948035780501,7.025057022275928,0.5756971891560037,0.0,1.0,0.0,0.0,0.4796410346011943,1.8220717639957398,0.6391894404348961,1.0,0.015960377595044224,0.854353920027828,0.8017648874815598,0.08669328915481352,0.9965955944818433
force_annotated_visual,1.0,29,0.5754935596885021,0.6883526959959076,8.271315496670734,0.786200221846421,1.0,0.0,0.0,0.0,0.0,0.570269228081458,0.2186791030056139,1.0,0.006486499871700273,0.8467903614659908,0.7582341324760574,0.29180626924719155,0.0
force_annotated_visual,1.0,30,0.7598078040966818,0.41221505219665466,7.313793336480924,0.44673628770826834,0.0,1.0,1.0,0.0,2.48163256163594,4.379991092910625,5.183604095728095,0.0,0.028462853249040434,0.86570349554906,0.853829982765714,0.08534530616635161,0.9999999999989044
force_annotated_visual,1.0,31,0.5571546161154641,0.5250102483688684,7.459400079896335,0.7464011203999033,1.0,0.0,0.0,0.0,0.05665343593703388,1.371159318998314,0.3030176378010907,1.0,0.011233470131107967,0.8457304767003532,0.7481775659997536,0.08215895849442666,0.5597518554254008
force_annotated_visual,1.0,32,0.5786949221539273,0.5287746980423941,6.535925756150604,0.7827001244129221,0.0,1.0,0.0,0.0,0.09350402705958462,1.0395101602136045,0.2706837555493432,1.0,0.009169428819746318,0.8499034577921226,0.7672858265953426,0.15116396850174282,0.7161305375206553
force_annotated_visual,1.0,33,0.663867142672285,0.5950058481740761,7.777239700962248,0.6133840472703679,0.0,1.0,0.0,0.0,0.32153338959611866,1.9972865394259327,0.5532842328644989,1.0,0.015060760166180132,0.8522923448549364,0.7753039341201153,0.08145283506908449,0.9797968132521937
force_annotated_visual,1.0,34,0.7985059069692655,0.6474302959249316,8.66670091644614,0.6408221683286275,0.0,0.0,1.0,0.0,0.0,0.8153958841329237,0.495371214070143,0.0,0.004571809915208611,0.8522890172784169,0.7817706358357873,0.9941122176165276,0.0
force_annotated_visual,1.0,35,0.6478889333006712,0.5381875900053612,5.7154379721138575,0.8424636366057079,0.0,1.0,0.0,0.0,1.163794831928652,2.4142507489365714,1.4498176765949065,1.0,0.013083109863868543,0.8428435811128785,0.7283711244565845,0.08215423827681369,0.999998117400598
force_annotated_visual,1.0,36,0.6808317923725713,0.6675662643215331,7.584453412164093,0.4951177240894126,0.0,1.0,0.0,0.0,0.2986561090176014,2.179286590078394,0.640742219626516,0.0,0.013926670673560933,0.8571411909469181,0.7987015979748644,0.08227090246698213,0.9737927664076793
force_annotated_visual,1.0,37,0.6781058925600596,0.5978477530002674,5.398704800093112,0.545050752774485,0.0,1.0,0.0,0.0,1.242859217829191,2.4966285073021632,1.4597384718979751,0.0,0.012036661085839569,0.8604589478845827,0.8206268591734341,0.08059718010403184,0.9999992172460606
force_annotated_visual,1.0,38,0.7508438180172725,0.6572768058107901,8.185420974667705,0.5315663166288352,0.0,1.0,0.0,0.0,0.20835007764196864,1.9724042022406907,0.5264388847174932,0.0,0.014994748962128115,0.8510173296892222,0.7660282594999966,0.08428571445084598,0.9261642562395211
force_annotated_visual,1.0,39,0.6146850281027452,0.7220878913143061,6.217237409814611,0.47556251280868267,1.0,0.0,0.0,0.0,0.0,0.6413620773574437,0.207821002860508,0.0,0.0029859257624894235,0.8577259144656108,0.8046596906323921,0.1948402017393469,0.0
force_annotated_visual,1.0,40,0.4646540232551225,0.5287118223778,7.229473784710883,0.8569551846784187,1.0,0.0,0.0,0.0,0.0,0.6963008085988215,0.21009685305902384,1.0,0.005521553952503775,0.8453022740054149,0.7436142633707181,0.18883341101356454,0.0
force_annotated_visual,1.0,41,0.5809123189505615,0.6623009073730872,8.27992521151703,0.6725271786389029,1.0,0.0,0.0,0.0,0.0,1.1956418820021313,0.23454798892003853,1.0,0.015119206094369663,0.8456709009048315,0.7577630699199506,0.08572637286432026,0.0
force_annotated_visual,1.0,42,0.5487654471722619,0.5543742859630773,6.994470805629254,0.6320159858692245,1.0,0.0,0.0,0.0,0.0,0.6358306301776548,0.2160243823266971,0.0,0.0054021315974378415,0.8506583310451155,0.7693047969769549,0.2315828935020999,0.0
force_annotated_visual,1.0,43,0.6816832763712878,0.5560007245008559,7.805472010081971,0.9095069074782489,1.0,0.0,0.0,0.0,0.0069905252383494825,0.8756705843623531,0.20594734995141392,1.0,0.010108465983612168,0.8426507792418431,0.7245496828794389,0.12442788307279143,0.11679870829872752
force_annotated_visual,1.0,44,0.4629601529945428,0.6811504631090914,6.712855624425636,0.9130825217273605,1.0,0.0,0.0,0.0,0.0,0.9201435804830158,0.2002288446776559,1.0,0.011944057582326102,0.84207869605361,0.7354830760026132,0.10077745457459683,0.0
force_annotated_visual,1.0,45,0.6595733320523127,0.588108491040781,7.4957176256347395,0.5555383594695844,1.0,0.0,0.0,0.0,0.004638418749715563,0.9104409455550817,0.19298803305613516,0.0,0.011281447262142348,0.8531377037526722,0.7914379113390339,0.12296628404375269,0.06236487482964326
force_annotated_visual,1.0,46,0.6277111347599502,0.4443877476707343,6.364426817852278,0.5356497219430866,0.0,1.0,0.0,0.0,1.0959658640310561,2.4179517391838443,1.6623480987532597,0.0,0.014837639292862187,0.8491438277565584,0.7652318318022334,0.08168615621195469,0.9999962078211649
force_annotated_visual,1.0,47,0.6825302342866818,0.44898393311789175,6.12770828216594,0.464492561601413,0.0,1.0,0.0,0.0,1.6854161804210646,3.160695368446742,2.857453493605062,0.0,0.017941602340642567,0.8570561738663348,0.8098660915327897,0.08227564750531295,0.9999999944633101
force_annotated_visual,1.0,48,0.5667975262028062,0.41732078660292177,6.094597166621461,0.7751458238652669,0.0,1.0,1.0,0.0,1.1169442524595228,2.393186575421516,1.636081293615724,1.0,0.014001368300424063,0.8368761426750299,0.6991387338857155,0.08403212488092893,0.9999969471242341
force_annotated_visual,1.0,49,0.47821245322386424,0.4439404724236392,7.708464622218809,0.5941178603756156,0.0,0.0,1.0,0.0,0.0,0.5771395450863032,0.3265159997371911,0.0,0.0038162979301033955,0.8526389257643978,0.779210791736454,0.7221295097524753,0.0
force_annotated_visual,1.0,50,0.6770524675627684,0.7420504992486021,7.661751854499476,0.5166250510259115,1.0,0.0,0.0,0.0,0.0,1.3894086601293223,0.2878984422455559,0.0,0.007761186227999708,0.8505362592988177,0.7661887436110627,0.07940144517103723,0.0
force_annotated_visual,1.0,51,0.7254229103626164,0.5568832293986676,6.069224362329743,0.5023701661723605,0.0,1.0,0.0,0.0,0.5996036576130029,1.704842450926041,0.8978692981562839,0.0,0.011213632298638672,0.8461381501822717,0.7473596499793028,0.19424944832684596,0.9990623190784677
force_annotated_visual,1.0,52,0.5488494000146324,0.49886845844254557,5.860318815425115,0.6202515867657374,0.0,1.0,0.0,0.0,0.501000403448172,1.5737566713535913,0.6022222344679148,0.0,0.009564164080060113,0.8487410986555732,0.7594382284349107,0.09905139557651026,0.9971485519551463
force_annotated_visual,1.0,53,0.7359954357497054,0.6897657672859347,8.601504528946526,0.536616943457037,1.0,0.0,0.0,0.0,0.0,1.245537817637848,0.2541567923642268,0.0,0.009494658652474695,0.8597115812813245,0.8152118328807825,0.08157899546327328,0.0
force_annotated_visual,1.0,54,0.7413110058732115,0.529375343554993,7.9168328497895875,0.47372344006906714,0.0,0.0,1.0,0.0,0.0006584017177683405,0.668044445864826,0.28693241314437723,1.0,0.021127193981001106,0.853712135205587,0.8073489145744409,0.5632551457559524,0.0
force_annotated_visual,1.0,55,0.6286303462257214,0.42024292943989233,7.262110665785416,0.8207063774557444,0.0,1.0,1.0,0.0,0.3438417213282121,1.4651415802822902,0.7627335412005991,1.0,0.013773954361745448,0.8373664487717973,0.7089506465299246,0.33293727084542385,0.9836349548872445
force_annotated_visual,1.0,56,0.6139720182695524,0.6169685622499351,5.482793794310049,0.5058088256511717,0.0,1.0,0.0,0.0,0.21644584598347924,1.1317409785963488,0.3343051599562611,0.0,0.011951885698146628,0.8560489929590122,0.8043436629614786,0.1575657279052851,0.9317995191237423
force_annotated_visual,1.0,57,0.5504886803966008,0.577833750538342,7.498421001132135,0.6588058261605415,1.0,0.0,0.0,0.0,0.0,0.7691806535604211,0.19511600793546832,0.0,0.005815306993188609,0.8484939635346879,0.7522694222223034,0.12390531177170762,0.0
force_annotated_visual,1.0,58,0.46407097847167256,0.6265297996593218,7.657823850346388,0.4253348134109524,1.0,0.0,0.0,0.0,0.0,0.9336344548991643,0.19651167044280657,0.0,0.01729872277264961,0.8539208856038945,0.8068276688629944,0.10302121685893477,0.0
force_annotated_visual,1.0,59,0.7766611177030935,0.6431907728511765,7.156224890080796,0.737644155867285,1.0,0.0,0.0,0.0,0.02254135919714271,0.8722795922830907,0.23733435776968503,0.0,0.010167360172856871,0.8409737910895639,0.7160702797199353,0.19107923425918674,0.3235693322280605
force_annotated_visual,1.0,60,0.7086380563296131,0.6850262910939736,7.263132388223765,0.8293555028044697,1.0,0.0,0.0,0.0,0.0,0.6638810838377124,0.21142240365665774,0.0,0.006451139869334668,0.8358885616066971,0.6941115428545658,0.18945309215353226,0.0
force_annotated_visual,1.0,61,0.7159933678275132,0.6272230730950554,5.838591547594616,0.576334993416354,0.0,1.0,0.0,0.0,0.17119538455206904,1.0502426948471457,0.36844495566256114,0.0,0.007483136222301068,0.8545861039657654,0.7915678281158012,0.34593589314987266,0.8844115534726071
force_annotated_visual,1.0,62,0.6052159035784126,0.6610106010227815,6.571401564654886,0.43228649690458687,0.0,1.0,0.0,0.0,0.03978168464531973,1.2483182604943794,0.2582777625119749,0.0,0.007617278266853039,0.8573440414906295,0.8050342923885051,0.08379154050264746,0.45551513835678403
force_annotated_visual,1.0,63,0.5538731087896042,0.6292463062496533,7.0783956762920734,0.529164243757998,1.0,0.0,0.0,0.0,0.004238906418162943,1.4070404561835779,0.2966618977747391,0.0,0.007322529379433551,0.8629758122025046,0.8316032450943656,0.080515695216362,0.056342570972249706
force_annotated_visual,1.0,64,0.7568154826732729,0.5222076755129733,7.404803384136702,0.8198605755723734,0.0,1.0,1.0,0.0,0.1243844407327428,1.1215609581681734,0.46016654826747333,1.0,0.014314175433698074,0.8432195175415129,0.7381511959608039,0.42229879467529585,0.8030394981403322
force_annotated_visual,1.0,65,0.5030709302568315,0.4283216388396213,8.887878122630799,0.9071749578582984,0.0,0.0,1.0,0.0,0.0,0.9716471016014993,0.21872782830256002,1.0,0.013295483319342794,0.8495396117828071,0.7551634724344637,0.08150052771346228,0.0
force_annotated_visual,1.0,66,0.46416318091447395,0.4797169853681861,8.520696192965124,0.6504521539526964,0.0,0.0,1.0,0.0,0.0,0.5535300818323238,0.23916337064435153,0.0,0.00517518828734344,0.8558065854541275,0.7972375043859773,0.34741151392363573,0.0
force_annotated_visual,1.0,67,0.7914378762676617,0.5589831996334755,6.267322973378257,0.48408567901329663,0.0,1.0,0.0,0.0,1.8649668713618182,3.463047636085777,2.969099586641297,0.0,0.01979039730981873,0.8585472590760109,0.8026104447020234,0.08853987608563368,0.9999999992535427
force_annotated_visual,1.0,68,0.7997113956310018,0.5897674042290548,5.592161226936101,0.8843012635784249,0.0,1.0,0.0,0.0,1.4685992617242716,2.7631411496060885,2.1429648190562283,1.0,0.015302895756565604,0.8430841820315368,0.7303738955332756,0.0860620840856033,0.9999999349660922
force_annotated_visual,1.0,69,0.5942311569770108,0.703801376095327,7.679483069995802,0.6354577938941619,1.0,0.0,0.0,0.0,0.0,0.6885097266465707,0.2032721765313039,0.0,0.002898814949903634,0.8577765469763702,0.8064726984525887,0.18919024915997926,0.0
force_annotated_visual,1.0,70,0.5599066402960162,0.6284426479948271,7.107968694211678,0.609029090876041,0.0,1.0,0.0,0.0,0.10054486778853683,1.8167201736657068,0.4605574944625611,1.0,0.014248948871976188,0.8579401500927583,0.7938134914045721,0.08122232727108757,0.7406251036716713
force_annotated_visual,1.0,71,0.7732240635679039,0.5182223895493544,7.643101795527786,0.5680375416624435,0.0,1.0,0.0,0.0,1.2761458192709494,2.935014971999675,1.9601980292986265,1.0,0.021716428201492374,0.8478410099521199,0.7674972471779873,0.08336524652323567,0.9999995131312888
force_annotated_visual,1.0,72,0.5250627795213392,0.6608118040318236,6.389722997352497,0.6023671864682183,0.0,1.0,0.0,0.0,0.05857376731008869,1.5784756376156766,0.36731798776473956,0.0,0.007217995870841994,0.8520285873373539,0.7751840978336629,0.08038441793167173,0.570646684946879
force_annotated_visual,1.0,73,0.6591359761164995,0.4160194767879919,7.037476988339485,0.7900506637824325,0.0,1.0,1.0,0.0,0.448755970771606,1.58487228914402,1.0129808138512961,1.0,0.012722569452650679,0.8425807478173414,0.7260964460134554,0.6077717686529597,0.9950080422614027
force_annotated_visual,1.0,74,0.7050511462770198,0.5346269027232354,8.893593844065599,0.5898173079814084,0.0,0.0,1.0,0.0,0.0,0.7506897453805215,0.4488911203597876,0.0,0.0068078810723129785,0.8489675933349459,0.7646048435362295,0.9609789840045525,0.0
force_annotated_visual,1.0,75,0.6909574217061333,0.6883830169123093,8.295908118786294,0.8193147404620138,1.0,0.0,0.0,0.0,0.0,0.610280481298483,0.3432909663430887,1.0,0.0027699378613048066,0.8381393960905511,0.6997331182423013,0.7901272497469904,0.0
force_annotated_visual,1.0,76,0.5096854139358041,0.6130242802102605,5.596435641855551,0.7393221626253816,0.0,1.0,0.0,0.0,0.16443228396320983,1.1946272491889665,0.2523324596427001,1.0,0.005484829824990452,0.8482877277963378,0.7509863269733376,0.08021735397813073,0.8765539493653852
force_annotated_visual,1.0,77,0.7256338768854182,0.726727525484345,8.24014939330178,0.6422972025679803,1.0,0.0,0.0,0.0,0.0,1.1930031993698098,0.23484200482982528,0.0,0.010813276152499385,0.8500612006134981,0.7716800052315891,0.08025336442127895,0.0
force_annotated_visual,1.0,78,0.5086909587541919,0.6570886045938453,8.670236859878731,0.5237445973114645,1.0,0.0,0.0,0.0,0.0,1.6520978025015682,0.36953272581564317,0.0,0.017948741296414942,0.8450570917009269,0.7578980528334236,0.08277618638258247,0.0
force_annotated_visual,1.0,79,0.4985938185714495,0.5386024595029721,8.367907393091324,0.865303806401609,1.0,0.0,0.0,0.0,0.0,0.8489704878367764,0.20449350980002365,1.0,0.005767136460285489,0.8415211689346627,0.7205884657499838,0.10466154293486105,0.0
force_annotated_visual,1.0,80,0.5759894189239423,0.5526493231818566,7.5631711443681064,0.6858249939901646,1.0,0.0,0.0,0.0,0.0,0.7904825452196894,0.20633670338200283,0.0,0.007626223077194176,0.8475514622740451,0.7518101685883021,0.1306445871363986,0.0
force_annotated_visual,1.0,81,0.6708440349481566,0.7457844136242269,5.263848652458722,0.6059723772443477,0.0,1.0,0.0,0.0,0.3707595014320407,1.3705152073869402,0.37027369287994805,0.0,0.012051151190873261,0.851170471480042,0.7784061479679981,0.08573480958308476,0.9878330630418849
force_annotated_visual,1.0,82,0.7913426488690358,0.4439222804689229,6.689846316325948,0.6137742081767024,0.0,1.0,0.0,0.0,2.144366954382213,3.8405285090012073,4.4601694405205965,1.0,0.023526615184952034,0.8475550782882915,0.7491972415400957,0.08389239518779969,0.9999999999668918
force_annotated_visual,1.0,83,0.5221791261764781,0.5844732230495214,8.05638244036135,0.6008070344969414,1.0,0.0,0.0,0.0,0.0,0.8276735698987765,0.1924035166237456,1.0,0.017506702048189656,0.8481270749820242,0.77219052471582,0.12742935076502562,0.0
force_annotated_visual,1.0,84,0.6450147333256356,0.7188905905236599,5.747700850485748,0.8851179273312284,0.0,1.0,0.0,0.0,0.059705770344854706,0.920708464040465,0.20787739249954237,1.0,0.013307832408721904,0.8389144100097845,0.7168356773759,0.12581531566131676,0.5746164633200137
force_annotated_visual,1.0,85,0.6858286537055145,0.6392023060204408,8.34799409103033,0.7545409341639882,1.0,0.0,0.0,0.0,0.0009163301803822526,1.4378263032013678,0.3073761469609942,1.0,0.011295733793171652,0.8551033926295224,0.7855085301052995,0.0811907773799268,0.0
force_annotated_visual,1.0,86,0.5443020448762181,0.6205269027499568,6.818028433435279,0.8727528358589189,1.0,0.0,0.0,0.0,0.0,0.8911420858137825,0.21131162679743234,1.0,0.005623091806601475,0.8439129922319479,0.7351776957628713,0.09890989239311258,0.0
force_annotated_visual,1.0,87,0.5949909140719084,0.5717273636310275,5.451284581787301,0.5886933907888421,0.0,1.0,1.0,0.0,0.006155727881754566,0.5353966110169801,0.20680964310517727,0.0,0.002749240817854432,0.8626382885989178,0.8348441025396098,0.9556806790110997,0.08984818795753113
force_annotated_visual,1.0,88,0.4611198361161537,0.6641539912773944,8.361365413825979,0.6031847965949699,1.0,0.0,0.0,0.0,0.0,0.5609862210452552,0.22185287559778774,0.0,0.001317804998870665,0.8501893890342189,0.7703191026059605,0.3000669626782978,0.0
force_annotated_visual,1.0,89,0.7577671374456165,0.5189005358471324,7.508867817471062,0.6991950656834447,0.0,1.0,0.0,0.0,0.3178509657925858,1.489068566423329,0.6595136286907938,0.0,0.014179708754812323,0.8417157848190125,0.723620893501798,0.18882320174528944,0.9783642393584485
force_annotated_visual,1.0,90,0.5968631507295493,0.7169616360423918,6.242280155220404,0.5064323195413498,0.0,1.0,0.0,0.0,0.34550408244066383,1.9388123115827665,0.5162290324459721,0.0,0.009743669502566946,0.8573451741234741,0.804214017694482,0.0812407926760127,0.9840798132015635
force_annotated_visual,1.0,91,0.47270663111568095,0.6371006795391742,7.039979391640129,0.4411007863277481,1.0,0.0,0.0,0.0,0.0,0.7129955563650918,0.20463680256266198,0.0,0.001634231005642566,0.8596243415566588,0.8204136831233999,0.19742189239255822,0.0
force_annotated_visual,1.0,92,0.5387221861644257,0.5174811961077593,8.806798766843224,0.7156522071654102,0.0,0.0,1.0,0.0,0.0,0.5364028447402476,0.24187037125725336,0.0,0.006896374569070854,0.8474682606242439,0.7587471388645726,0.36141425299781016,0.0
force_annotated_visual,1.0,93,0.5935406094357581,0.7491767013410755,7.067812871963189,0.8654543864470132,1.0,0.0,0.0,0.0,0.0,0.7606156034079734,0.19728471209103393,1.0,0.01340088985511632,0.8301848221693227,0.6734087676642548,0.12961040733758952,0.0
force_annotated_visual,1.0,94,0.5986739724565509,0.7102325252935341,5.466943856370638,0.5452062681337768,0.0,1.0,0.0,0.0,0.5535965094364932,1.7628875849197754,0.4603970452550379,0.0,0.008167048579112891,0.8611059046981502,0.8244359684596214,0.0795142539198671,0.998395273952701
force_annotated_visual,1.0,95,0.5005529549176773,0.5833976641222939,6.985725646834922,0.7028034292990988,1.0,0.0,0.0,0.0,0.0,0.5387499634398522,0.23090818401332427,1.0,0.004287728488657833,0.8531841995612597,0.7761006210980312,0.2934900638567711,0.0
force_annotated_visual,1.0,96,0.6754183368066838,0.5651448477421102,6.873946907850332,0.5215951585741243,1.0,0.0,0.0,0.0,0.019055466863735642,0.7943690124679815,0.22347829083630685,0.0,0.00746149059901573,0.8642169240949733,0.8391425699890359,0.3355945839209648,0.26870780855417
force_annotated_visual,1.0,97,0.587841945598759,0.7319325906613631,5.399586313658747,0.7160169034785204,1.0,0.0,0.0,0.0,0.0,0.5042172726609065,0.2532818626076664,0.0,0.0015843725090995153,0.8510547496431154,0.774804821869198,0.6199058632738443,0.0
force_annotated_visual,1.0,98,0.5377946501774,0.5140177844766712,6.330535447890191,0.460359033246532,0.0,0.0,1.0,0.0,0.0,0.4658824913952413,0.19609342273972116,0.0,0.006498617821906409,0.8572781075977366,0.8084603654791981,0.7442499638435719,0.0
force_annotated_visual,1.0,99,0.5269482358642755,0.6910382200104906,6.397883814145783,0.5705257813885817,1.0,0.0,0.0,0.0,0.0,0.9119153420468126,0.20496649488482532,0.0,0.00321293170855434,0.8644812337237395,0.842574420838372,0.09873926754485696,0.0
force_annotated_visual,1.0,100,0.5386618707461306,0.5014262232397777,7.818173980054974,0.45654466859719955,1.0,0.0,0.0,0.0,0.0006203363805636085,1.0956927923133981,0.2238865191193735,1.0,0.009425931785144448,0.8625446766423644,0.8267817440014272,0.08002198339339486,0.0
force_annotated_visual,1.0,101,0.6269816283375833,0.4617289068290711,8.479007522432855,0.6524153041549112,0.0,0.0,1.0,0.0,0.0,0.5970405098625715,0.29825408924066144,0.0,0.007315261663997366,0.8549187294086737,0.787361788741728,0.9828609193002016,0.0
force_annotated_visual,1.0,102,0.5112713720728647,0.46628559344078657,8.286274028398307,0.5328429210954202,0.0,0.0,1.0,0.0,0.0,0.6879551424555256,0.2091535777727124,0.0,0.00830419504793187,0.8523335403462455,0.781071900454263,0.1910097201951591,0.0
force_annotated_visual,1.0,103,0.5033029590070403,0.7347872336344123,6.796194994449341,0.7210549101327702,1.0,0.0,0.0,0.0,0.0,0.6338573937926182,0.1995522919619148,0.0,0.010042696962036655,0.8410868874007046,0.7329187993957006,0.20224780188064873,0.0
force_annotated_visual,1.0,104,0.7860768882190012,0.6027647248332738,8.59198347255336,0.6454009260083844,0.0,1.0,0.0,0.0,1.1053740320264451,3.1357323082454394,1.4434863058764293,1.0,0.023493795473583576,0.8451038936603371,0.7545512554243743,0.08874261383544375,0.9999968159448013
force_annotated_visual,1.0,105,0.5541373052837035,0.617903287259093,7.043459586116348,0.8935267015561441,1.0,0.0,0.0,0.0,0.0,0.6473713337627972,0.20514108764656547,1.0,0.008194489780180999,0.8406484945359027,0.7247557622294545,0.19370948464373533,0.0
force_annotated_visual,1.0,106,0.5060462934864257,0.6404361268044709,8.759824865526193,0.4200083864277853,1.0,0.0,0.0,0.0,0.0,0.6883394591008861,0.20083298246109843,0.0,0.00431802674274332,0.8649150866719817,0.842872223695048,0.19378941971185853,0.0
force_annotated_visual,1.0,107,0.6321810591096129,0.6108333947885649,5.35379141641373,0.6191719387488037,0.0,1.0,0.0,0.0,0.3340926800098328,1.2577120926824743,0.43435476739740936,0.0,0.010711316353595098,0.8474363032670096,0.7576144075465384,0.19209961022720645,0.9815209314782745
force_annotated_visual,1.0,108,0.7328646223524139,0.5433876651873851,5.8779838542617,0.8159030487370704,0.0,1.0,1.0,0.0,0.4991045680641247,1.5347299671391301,0.8513107456764192,1.0,0.010926596628295468,0.8547259847239749,0.7768945900982734,0.467988542041875,0.9971838705646757
force_annotated_visual,1.0,109,0.6995530206553063,0.4496959036685707,7.595383186283071,0.7586618177394866,0.0,1.0,0.0,0.0,0.7069390007675225,2.0583543118891487,1.2270854455149673,1.0,0.016395400290114777,0.8395066572574256,0.709642761463658,0.10147843897872466,0.9997224643670914
force_annotated_visual,1.0,110,0.7367008886799746,0.6579297352883204,7.137458852647803,0.5137342945590664,0.0,1.0,0.0,0.0,0.05116603664218853,1.0866334929486268,0.2288010032705398,0.0,0.009388355725855599,0.8534275675857029,0.7758352506161118,0.08090270907035375,0.5307713050684704
force_annotated_visual,1.0,111,0.7497502459924943,0.5529799113777027,6.44336056316591,0.6365866717696325,0.0,1.0,1.0,0.0,0.20733377244678902,1.1665995045664832,0.5259010727814153,0.0,0.011010303801072104,0.8554784756723673,0.7992731455295256,0.568622924842334,0.9244396380782133
force_annotated_visual,1.0,112,0.5426722803829305,0.5532088994965986,7.600863799350071,0.8114832184014049,0.0,0.0,1.0,0.0,0.0,0.5271232928745053,0.2768989912239085,1.0,0.003143160614420772,0.8437063713558525,0.7269443301954001,0.49262385217649785,0.0
force_annotated_visual,1.0,113,0.5933772551073133,0.6655403960778186,8.026762776001528,0.9186081376870925,1.0,0.0,0.0,0.0,0.0,1.4759802355643676,0.34582189172084293,1.0,0.008750649090497678,0.8325301885257401,0.676670533427466,0.08019016782958585,0.0
force_annotated_visual,1.0,114,0.7433213860103893,0.42725084369842103,8.674245624348895,0.5008005014885053,0.0,1.0,1.0,0.0,1.3969060723080327,3.212580362993268,2.58173384430495,0.0,0.025211134790232452,0.8455898046901537,0.7520968391767308,0.08958960826178518,0.99999986781629
force_annotated_visual,1.0,115,0.6919865641058798,0.638918487986455,8.754349364381568,0.7454712033566875,1.0,0.0,0.0,0.0,0.0,1.088343101179888,0.23017427859583814,1.0,0.010000068792701778,0.8470635095588693,0.7557168287189105,0.08298924041879734,0.0
force_annotated_visual,1.0,116,0.7514797074367503,0.5781718721256472,7.725686754407588,0.5880524369232979,0.0,0.0,1.0,0.0,0.0,0.5033137988840586,0.20038494941892662,0.0,0.008378578694990398,0.8629411604692482,0.8251646653638495,0.6289852470952214,0.0
force_annotated_visual,1.0,117,0.4659931758461842,0.6377193227004336,7.7432088553777145,0.8132515047681732,1.0,0.0,0.0,0.0,0.0,0.6272761999468249,0.21201828442055243,0.0,0.005460768195222759,0.840473500487951,0.7195100515222775,0.20153548490384113,0.0
force_annotated_visual,1.0,118,0.4814334264466744,0.4697101945429124,7.166462870705261,0.8349533065055752,1.0,0.0,0.0,0.0,0.03126303904334747,1.193555486509233,0.26476863529174627,1.0,0.009226304889424108,0.8419549801694721,0.7260757988084624,0.07980936247764762,0.3918481274041924
force_annotated_visual,1.0,119,0.6926795470375642,0.7300740026597375,8.292204458430898,0.899987231563421,1.0,0.0,0.0,0.0,0.0,0.7829155521532469,0.21035375041841695,1.0,0.006752853957563873,0.8402661489182098,0.718249501513358,0.12830983397049453,0.0
force_annotated_visual,1.0,120,0.7760974496879407,0.6571538324984828,7.381774862886969,0.42199747422425676,1.0,0.0,0.0,0.0,0.0019324436189168805,0.7089259388367525,0.19135212360190165,0.0,0.010916599231713002,0.8658067240287625,0.8362247612180881,0.23219986331898346,0.0
force_annotated_visual,1.0,121,0.782648809110557,0.4825113570783516,8.385647122342009,0.7368941484037239,0.0,0.0,1.0,0.0,0.0041416787886235885,0.7406988162408148,0.3408733966235783,0.0,0.011829408757715687,0.848523671970032,0.757426969567848,0.9624014492966552,0.05794588997573069
force_annotated_visual,1.0,122,0.7158628596752831,0.4258260679967475,5.337039651433888,0.8305130993060514,0.0,1.0,1.0,0.0,3.832181571357799,5.5670328812742325,8.26120259000756,1.0,0.02773696180355827,0.8373838841619682,0.6992633777368845,0.08524381432925977,1.0
force_annotated_visual,1.0,123,0.5917219662931892,0.5488644733750946,8.276403709660384,0.45465422836228003,1.0,0.0,0.0,0.0,0.0,0.8012225722199982,0.2052923464156487,0.0,0.007449241214070872,0.8573086307177662,0.8032363284796594,0.15250939893422555,0.0
force_annotated_visual,1.0,124,0.6143040427518003,0.6088706800464736,7.265050296603724,0.4889974779465822,1.0,0.0,0.0,0.0,0.0,0.5272237326730508,0.2620525333608535,0.0,0.004799589767457958,0.8529350180010995,0.7741952358049045,0.4135078407637732,0.0
force_annotated_visual,1.0,125,0.7896919783414562,0.5814420938044561,7.837941148240327,0.5756670811462592,1.0,0.0,0.0,0.0,0.06893043047805082,1.103430254989068,0.31603668773678256,0.0,0.011826182169420036,0.8445460543895817,0.734581052764245,0.15408850868196905,0.6200836027496428
force_annotated_visual,1.0,126,0.7263041481202976,0.47777953901361925,7.320405295758043,0.846711897162299,0.0,0.0,1.0,0.0,0.011851256264241439,0.7364466091894067,0.3782986925819095,1.0,0.008746357375370108,0.8464611589272292,0.7430713758327206,0.9965728809223224,0.19119753034611742
force_annotated_visual,1.0,127,0.5870134919070772,0.5035830748170194,5.714832666641763,0.7018762536205949,0.0,1.0,0.0,0.0,0.4979595138078405,1.5186757118824399,0.6690846056312991,0.0,0.008577346876096292,0.8493372317760242,0.7599869865852892,0.186926089657805,0.9970446618697212
force_annotated_visual,1.0,128,0.6777023957581615,0.6897777362853927,7.28077187328554,0.7423705635351531,1.0,0.0,0.0,0.0,0.0,0.5423359789729891,0.23816002120230706,1.0,0.0046743598741446025,0.8468617977518385,0.7427150585092239,0.28901154076639723,0.0
force_annotated_visual,1.0,129,0.7262115268717113,0.518134842253492,7.686724533121491,0.5890703253042944,0.0,1.0,0.0,0.0,0.20066160742870764,1.33400452613725,0.4903141866100332,0.0,0.014943418885091798,0.8488290031071002,0.7701062997179166,0.15316315420372448,0.9188153675955667
force_annotated_visual,1.0,130,0.6243050330163592,0.7279429779070793,7.161650705139825,0.7861143924594676,1.0,0.0,0.0,0.0,0.0,0.8729435007444709,0.208788356900701,0.0,0.004984839634669989,0.8421215019938321,0.7266873032446389,0.09953853961533501,0.0
force_annotated_visual,1.0,131,0.7237491466271867,0.6492897868197188,5.33998834423571,0.4518728767340316,0.0,1.0,0.0,0.0,1.1792113248280987,2.4140575532844175,1.342248553641244,0.0,0.011903231055715297,0.8539125620946457,0.7838582218471586,0.0805596162186744,0.9999984401416183
force_annotated_visual,1.0,132,0.6954862745354966,0.6422502782974389,8.022062314622474,0.47369518419097556,1.0,0.0,0.0,0.0,0.002699556368921089,1.299065522637418,0.25556483557109433,0.0,0.012043644323706982,0.8573183547087337,0.8165401788885719,0.08343537469230045,0.011323556026661463
force_annotated_visual,1.0,133,0.7555227141371983,0.574020182904021,6.422074332249636,0.802089055655859,0.0,1.0,0.0,0.0,0.9243390577552367,2.1986495038588094,1.240614662006349,1.0,0.013626322261046977,0.8492493699246114,0.7603792415877381,0.09070024914190349,0.9999739685626368
force_annotated_visual,1.0,134,0.5779180467721478,0.5820643306878153,6.375220801214367,0.7989109945834538,0.0,1.0,0.0,0.0,0.1913299063143161,1.2720490220108671,0.29834468110232293,1.0,0.008720192124282997,0.8507201976928158,0.7708848968070203,0.07966823499839053,0.9060928441803242
force_annotated_visual,1.0,135,0.7818238997458162,0.5298629395404473,6.551831968142882,0.789527298775011,0.0,1.0,1.0,0.0,0.18322501668670194,1.1088410608186563,0.6316752520525346,0.0,0.010240620163951447,0.8430622981201376,0.7329266451269636,0.9938456162962354,0.8982232036779928
force_annotated_visual,1.0,136,0.5749288061548649,0.5388098565481165,7.962942465612635,0.7892667504805415,1.0,0.0,0.0,0.0,0.0,0.5406292056841757,0.24671490642376562,1.0,0.006965811542391518,0.8472798125243192,0.7563890588983619,0.36366726940658006,0.0
force_annotated_visual,1.0,137,0.5174569667406943,0.6013404216888749,7.506453376770461,0.5401087520872703,1.0,0.0,0.0,0.0,0.0,0.7993943607884236,0.19724253532330224,0.0,0.004110375970006066,0.8511080458691732,0.7682748984014303,0.12339109132674121,0.0
force_annotated_visual,1.0,138,0.7576230827635093,0.43151110305849344,8.57257661564967,0.5428908095018858,0.0,0.0,1.0,0.0,0.0,0.5708265220295926,0.31593756131054046,0.0,0.011882494990656196,0.8447982307069682,0.7482675018289886,0.9999997250176668,0.0
force_annotated_visual,1.0,139,0.7635444963379515,0.532664123802879,8.47401156115452,0.759661856837468,1.0,0.0,0.0,0.0,0.04763328451008349,1.1182344071276331,0.31530641622424893,0.0,0.014142442332717676,0.8419491242355509,0.7315045666230915,0.12636514146570285,0.5043928278237859
force_annotated_visual,1.0,140,0.6457051635911216,0.7492987482620419,6.020864084765158,0.7555143525715206,1.0,0.0,0.0,0.0,0.0,0.5753629117831716,0.2314783873709278,0.0,0.0053902756711547775,0.8460443096662473,0.7486254436967533,0.29028081877186296,0.0
force_annotated_visual,1.0,141,0.7983624437284165,0.679081271670258,7.333417283424314,0.46617017237866365,0.0,1.0,0.0,0.0,0.20550053345466598,1.4804939899713339,0.3501714318872916,0.0,0.011590043137372935,0.8525348076031048,0.7737226350649825,0.08047150874043632,0.9231888847081886
force_annotated_visual,1.0,142,0.7048649335409342,0.4658957948525496,7.407524572759431,0.7888098551484215,0.0,1.0,0.0,0.0,0.6458784796973704,1.9513771674940648,1.0983306743558463,1.0,0.017096555327791,0.8397489965944099,0.7223809123951803,0.13397330340358657,0.9994491462854661
force_annotated_visual,1.0,143,0.7050635475584964,0.5860673339585618,5.456167928651364,0.45371329204050104,0.0,1.0,1.0,0.0,0.23572090432761575,1.0903831807283826,0.48270927056462465,0.0,0.006639313188317466,0.8541388074542411,0.7900285018546437,0.7790600127262263,0.9444225721264932
force_annotated_visual,1.0,144,0.5571165580729353,0.6901506085282361,8.4964440676288,0.5538797309361705,1.0,0.0,0.0,0.0,0.0,0.9732604980747719,0.20761001277116625,0.0,0.008043580349662531,0.8468397702569164,0.756011568615928,0.10012336117508205,0.0
force_annotated_visual,1.0,145,0.6201964538269786,0.5004158664237358,7.27296139207953,0.7056067405842074,0.0,1.0,0.0,0.0,0.08775515645112565,1.1025328119120688,0.30262881051815355,0.0,0.010896515118251364,0.8512324998705946,0.7742402356672532,0.1514193396758451,0.6972736232914012
force_annotated_visual,1.0,146,0.5559599139215003,0.46562191328432095,7.172183254795493,0.6890057132238748,0.0,1.0,0.0,0.0,0.06488106025433965,1.052683606156299,0.27179070365702646,0.0,0.00974148248599801,0.8512393996801704,0.7713511954044684,0.12413461897127762,0.6032534496763055
force_annotated_visual,1.0,147,0.6374295874319428,0.4714557935443085,8.190177615356953,0.9103267901407031,1.0,0.0,0.0,0.0,0.03952395580346892,1.0894850902434872,0.2852867876301496,1.0,0.013707244410126851,0.8408276337303012,0.7222576726647034,0.12383232909957569,0.45686947026170344
force_annotated_visual,1.0,148,0.7348197604022807,0.5599235172836295,6.6901804640499325,0.4407686975280513,0.0,1.0,0.0,0.0,1.860119987791808,3.5796955377340067,2.7309138983714583,0.0,0.020978290258004486,0.8593168715981996,0.8129747913825279,0.08315115722040783,0.9999999992199573
force_annotated_visual,1.0,149,0.6849643479819253,0.7298350713132409,8.805735190746521,0.45283637487172973,1.0,0.0,0.0,0.0,0.0,1.6039534701585727,0.35420885923337797,0.0,0.009347977447928795,0.8575387291006884,0.8078164117475818,0.080710310931516,0.0
force_annotated_visual,1.0,150,0.6517530961342288,0.5329842993094981,5.975022503413472,0.8751982411750852,0.0,1.0,0.0,0.0,1.1405210853670689,2.4393880011235436,1.4238012266929883,1.0,0.01619801280113041,0.834128442324577,0.6924868612434543,0.0817767521055576,0.9999976126801978
force_annotated_visual,1.0,151,0.6372618579027614,0.7495281905902743,5.909705151107071,0.42051249688049397,1.0,0.0,0.0,0.0,0.0,0.5999976122813097,0.22445574713471164,0.0,0.002852873538566364,0.860003447347211,0.8202698670155938,0.29089831549207984,0.0
force_annotated_visual,1.0,152,0.7494323330152455,0.6288730506245244,5.486224900148407,0.6010093712712041,0.0,1.0,0.0,0.0,1.1143760028698135,2.3524565040742367,1.3599163562304002,1.0,0.01576219839197434,0.8524467850728247,0.7895518357238503,0.08165248318418686,0.9999968672856467
force_annotated_visual,1.0,153,0.6279544884112132,0.5994045997377655,5.2365224558228505,0.7174682297241631,0.0,1.0,0.0,0.0,1.3282597462292274,2.6028027815285304,1.4850847401114007,1.0,0.014838746841586247,0.8446223536276072,0.7466479809697629,0.08728194879982963,0.9999996993602517
force_annotated_visual,1.0,154,0.7602850898147766,0.570259201595249,5.447264266715755,0.8258536759664087,0.0,1.0,0.0,0.0,3.7383704559037505,5.549078674040504,6.993523058950217,1.0,0.026949690526530058,0.8363296036993604,0.694662080481201,0.08489752007383845,1.0
force_annotated_visual,1.0,155,0.6121351308921182,0.5704887008268577,8.830852874603131,0.8492168940769065,1.0,0.0,0.0,0.0,0.0,0.5708238188008801,0.22824492609476243,1.0,0.006851597206623888,0.8505019260742737,0.7742994268959676,0.2918644210539047,0.0
force_annotated_visual,1.0,156,0.5196801753339791,0.5509240729241237,7.8367296526358015,0.7242311061805524,1.0,0.0,0.0,0.0,0.0,0.8324583843355489,0.19693605836731443,1.0,0.011501548609606851,0.8475116369502338,0.7601873390601098,0.12855338928480597,0.0
force_annotated_visual,1.0,157,0.6837868648196759,0.6138120845761619,8.269390583390633,0.42251662318893196,1.0,0.0,0.0,0.0,0.010628590056622015,1.5164051409706885,0.32905602236684106,0.0,0.011749090182504274,0.8648207419822371,0.8414926106172358,0.08251508249097966,0.1629038035385052
force_annotated_visual,1.0,158,0.682579695215857,0.5513473770587698,7.706911187087903,0.8845264692156715,1.0,0.0,0.0,0.0,0.0007660555585936467,0.6873080893992849,0.19145043065563008,1.0,0.009485810824808798,0.8449831647159941,0.7399344656818515,0.23649378321983877,0.0
force_annotated_visual,1.0,159,0.6819688788670195,0.6430092450303695,5.482248313799515,0.8772509702838046,0.0,1.0,0.0,0.0,0.24766191779473112,1.1075737665436656,0.3872801230113497,1.0,0.009519498820538614,0.8423221990983307,0.7293609462682511,0.2909899660635044,0.9497595037650937
force_annotated_visual,1.0,160,0.7238077771168057,0.506352336044998,6.687835365910884,0.6555212375407784,0.0,1.0,0.0,0.0,1.3039553331117302,2.758122415538474,1.9456559785437502,1.0,0.017138620496620766,0.858080336330638,0.8076467561966265,0.0820455460608723,0.9999996200436572
force_annotated_visual,1.0,161,0.5868848830578477,0.43261638340637043,7.439653447531553,0.4319539624042858,0.0,1.0,1.0,0.0,1.003708752874752,2.571932980485315,1.3720331351735293,0.0,0.01813343391482351,0.8620617675288251,0.8366515208201112,0.08233070538694408,0.9999899453457799
force_annotated_visual,1.0,162,0.6677049344832394,0.5699575077165526,7.549700337191445,0.7565061019603955,1.0,0.0,0.0,0.0,0.024980803085354178,1.0308666722067519,0.22722450063268326,0.0,0.012436407265828708,0.8394049888958445,0.7167254410901549,0.10264137844949403,0.3385414326127786
force_annotated_visual,1.0,163,0.5683742892780188,0.49061182377062673,8.138050527796365,0.6946321998359554,1.0,0.0,0.0,0.0,0.0,0.639040647067151,0.20695553988726997,0.0,0.010908124128315494,0.8466376828024859,0.7579887346812223,0.19249465816072123,0.0
force_annotated_visual,1.0,164,0.6603302465082259,0.672018289222305,7.668203138810281,0.43793076906743733,1.0,0.0,0.0,0.0,0.0,0.925478734390668,0.19840939630065893,0.0,0.00736791829611056,0.8636066097032474,0.8290566131930069,0.0990325403564939,0.0
force_annotated_visual,1.0,165,0.6010034565960085,0.701887621849048,6.62994001667134,0.6038223865402392,1.0,0.0,0.0,0.0,0.0,0.5333425012686027,0.25423624280766544,0.0,0.013172022694309093,0.8495924460006157,0.7807306691203628,0.37403469501528863,0.0
force_annotated_visual,1.0,166,0.5321846659342573,0.6128124690173944,5.648959934774079,0.4259311326220065,0.0,1.0,0.0,0.0,0.2547202080256703,1.3779947807531527,0.29517386020798914,0.0,0.012245662970988601,0.8528849096736868,0.7897221906974969,0.08065605147372924,0.9561121826468704
force_annotated_visual,1.0,167,0.5023911584124543,0.6534420551149777,5.57986027475494,0.5304320611815698,1.0,0.0,0.0,0.0,0.007864244153217943,0.8493516382414534,0.19322018842293692,1.0,0.010516819569406845,0.8548240966941444,0.7980408937897074,0.13154579963926494,0.1242924082898278
force_annotated_visual,1.0,168,0.5818856417603273,0.6321812462901267,8.727702916223645,0.5091220206658356,1.0,0.0,0.0,0.0,0.0,1.5112901181873537,0.31545265679633683,0.0,0.009459614714872533,0.8608327198703918,0.8286789786046042,0.08586175061812705,0.0
force_annotated_visual,1.0,169,0.4772705956727116,0.6500785397105853,8.507418829341061,0.4558553054605622,1.0,0.0,0.0,0.0,0.0,0.8151833175142221,0.20328549889074513,0.0,0.0033468804635662665,0.8537916948395387,0.7888998568706518,0.12688270278782196,0.0
force_annotated_visual,1.0,170,0.5040974569468477,0.4334849919435187,5.612177026018142,0.49623670837925554,0.0,1.0,1.0,0.0,0.4154444734598051,1.3919501140329498,0.5979333249495972,0.0,0.008324310918915768,0.8554916315448045,0.7952952868725227,0.2367505373299231,0.9926073605430978
force_annotated_visual,1.0,171,0.7560420587985484,0.4883631884091434,7.368933702606872,0.780088206088593,0.0,1.0,0.0,0.0,0.8503332193757908,2.210086112006188,1.4132882681867027,1.0,0.016513217909797623,0.8416324627581931,0.7228073885431713,0.10826856908218868,0.9999422105141585
force_annotated_visual,1.0,172,0.5372369011118845,0.4431841323871216,6.753852632314166,0.5852774894487309,0.0,1.0,1.0,0.0,0.18556656723439918,1.214080846502317,0.3973029219716802,0.0,0.009746898417925304,0.857938349382473,0.8022067704636308,0.16144081196318363,0.9039744744469455
force_annotated_visual,1.0,173,0.7750990885961323,0.7587721382704329,6.60866812873768,0.6366356662404735,0.0,1.0,0.0,0.0,0.3151004320811771,1.5699342684335837,0.38781506681709166,0.0,0.010690756170761572,0.8400982110287475,0.7139644400272953,0.08293408981557365,0.9772991564670952
force_annotated_visual,1.0,174,0.6940801212427694,0.652465246007827,5.371983018421432,0.7125659633826248,0.0,1.0,0.0,0.0,0.13462294711954195,0.927029939592387,0.3265271781866622,1.0,0.004448058613172543,0.8535989256020907,0.7801846150926062,0.4267515391540965,0.8252388391347181
force_annotated_visual,1.0,175,0.5555899154021307,0.6477859254714633,5.9065991371162685,0.7809457550014982,0.0,0.0,1.0,0.0,0.0,0.5469187132090728,0.29744846927711555,0.0,0.004347415975285682,0.8446208264508469,0.7421212615949653,0.6816433765830906,0.0
force_annotated_visual,1.0,176,0.5046772504316641,0.743215997143069,5.67034255170144,0.836895873900521,0.0,1.0,0.0,0.0,0.32443458349851134,1.964159997740285,0.5494040437264642,1.0,0.007158446398127721,0.8463018775783188,0.7387104322023431,0.07923418450552108,0.9797576658092392
force_annotated_visual,1.0,177,0.6159752574304681,0.6759880170078718,5.875724821283805,0.8923133433678796,0.0,1.0,0.0,0.0,0.32920618784170586,1.4122248630729735,0.343850094846209,1.0,0.00997398866133487,0.8447937517051546,0.74281996190983,0.08001826885624123,0.9800080223855822
force_annotated_visual,1.0,178,0.7578933111625953,0.4837437538426665,6.781609602294024,0.7508509326762169,0.0,1.0,0.0,0.0,1.3433411816184218,2.787161447141103,2.275074678032369,1.0,0.01787126570237194,0.8472161660340431,0.7573685701280652,0.08228747144261228,0.9999997537292791
force_annotated_visual,1.0,179,0.6209366664881801,0.5785303670972222,7.767150742673075,0.7514093656391626,1.0,0.0,0.0,0.0,0.013050626480737753,1.293910448186611,0.27239742199246464,1.0,0.01031912956977668,0.8479424472094195,0.7502595383549792,0.08338746238060381,0.20795679028035152
haptic_force_visual_motion,1.0,0,0.7350786076744003,0.6452548929674281,7.970115985999453,0.7587117495816114,1.0,0.0,0.0,0.0,0.0,0.697157931814348,0.08955249019374074,1.0,0.011215849645233334,0.8467818569480573,0.7418181828368399,0.08036635418542111,0.0
haptic_force_visual_motion,1.0,1,0.5603779747546027,0.530339659247253,5.202359146052119,0.7026733218721193,0.0,1.0,0.0,0.0,0.15032886742782908,0.8620054680800262,0.3859297041028985,0.0,0.0067137244510030005,0.851116347649719,0.7720399442265986,0.08398286266769793,0.8225745007775441
haptic_force_visual_motion,1.0,2,0.6920554994078632,0.7195130684425348,5.662002356993421,0.8844849934125281,1.0,0.0,0.0,0.0,0.0015532738026562984,0.544800625827667,0.12460714953829806,1.0,0.011431554537901598,0.8398259708136154,0.7165091428253133,0.08042695550696607,0.0
haptic_force_visual_motion,1.0,3,0.6858056422593265,0.6909085696388425,5.902743561255258,0.6766337631915464,0.0,1.0,0.0,0.0,0.4700040340994808,1.5146071889606703,0.6130848032193137,0.0,0.010558386733454588,0.8516271325159207,0.7678051072854118,0.0801818999317186,0.9951719391766639
haptic_force_visual_motion,1.0,4,0.630306008181052,0.690404696231677,7.401118723023023,0.7435582012369586,1.0,0.0,0.0,0.0,0.0,0.37434975463009396,0.050190060020495024,0.0,0.005097658945086847,0.8384503287126425,0.7019865023205882,0.801004676283672,0.0
haptic_force_visual_motion,1.0,5,0.6227267598180151,0.42595902778327954,7.22349964073609,0.5617224855020196,0.0,0.0,1.0,0.0,0.0,0.6174056108675969,0.33724202095125166,0.0,0.010216184047003512,0.8526679961910582,0.7751533427860327,0.9999988076668526,0.0
haptic_force_visual_motion,1.0,6,0.5163689417869296,0.48057349836818397,8.183037704789513,0.799857586135184,1.0,0.0,0.0,0.0,0.0,1.288904500641773,0.30348297117031114,1.0,0.0125759265286933,0.8457539761054085,0.7491265588748425,0.08074915964418705,0.0
haptic_force_visual_motion,1.0,7,0.6509104452665745,0.7266127384164403,6.427956773410538,0.5258344512934474,0.0,0.0,1.0,0.0,0.0,0.5113398817542667,0.07691006059720522,0.0,0.010610318645951813,0.8530043686192128,0.7764882157177109,0.9701618821384309,0.0
haptic_force_visual_motion,1.0,8,0.7651029721038141,0.7531873952859736,5.359586783025729,0.8403561154870232,0.0,1.0,0.0,0.0,0.2760967678487383,1.093339377839293,0.4539043566556661,1.0,0.008000987406263274,0.8442061985237395,0.7322017356067906,0.08015607050920587,0.9570413935903781
haptic_force_visual_motion,1.0,9,0.5031184228852139,0.4561596450241453,8.34935742325986,0.7033388842623306,1.0,0.0,0.0,0.0,0.0,0.12338877382670543,0.013101951283696091,0.0,0.011258170355752307,0.8427348846814963,0.7350368572043205,0.08037824071223783,0.0
haptic_force_visual_motion,1.0,10,0.6605064432942697,0.4838588634006484,7.763149910671756,0.7957957035022627,0.0,0.0,1.0,0.0,0.0,0.6510505641438818,0.0653755514260609,1.0,0.006454053737197853,0.8474764497549488,0.7486956679270307,0.9999998090366073,0.0
haptic_force_visual_motion,1.0,11,0.6520330282036775,0.7218399269511461,7.458363488188207,0.4257446605415862,1.0,0.0,0.0,0.0,0.0,0.1381671965531623,0.012453239264965542,0.0,0.010744050918785279,0.8625528667133263,0.82445480240605,0.08150394944011809,0.0
haptic_force_visual_motion,1.0,12,0.6961285859598586,0.727447564074245,8.269247309633672,0.7491339542218849,1.0,0.0,0.0,0.0,0.0,0.2215377638663666,0.014271930361986747,0.0,0.005736911321134168,0.8433739818954875,0.7320199588349698,0.08130523045639892,0.0
haptic_force_visual_motion,1.0,13,0.5065566904842159,0.7371772818266771,5.501968236129903,0.8706982614304412,1.0,0.0,0.0,0.0,0.0,0.24192583043238255,0.016000286841685724,1.0,0.005478962282675459,0.8417852551145044,0.7264483872428353,0.07876982414496733,0.0
haptic_force_visual_motion,1.0,14,0.7698982349853145,0.6216088028468538,6.592569738265035,0.8908415035356951,0.0,1.0,0.0,0.0,0.3061246290551653,1.295103732977391,0.6125394142367414,1.0,0.013627130715766114,0.8372505514026245,0.7020515652551157,0.08256585469984476,0.9695910621453128
haptic_force_visual_motion,1.0,15,0.5192710697246881,0.650360629526801,6.415029190001384,0.4395674628921738,1.0,0.0,0.0,0.0,0.0,0.20921609149599982,0.012754966598967403,0.0,0.005986953243974055,0.855893549507463,0.7986417654802639,0.07952736518367573,0.0
haptic_force_visual_motion,1.0,16,0.5586676173548042,0.5950738156488651,5.358050611217072,0.8534165527875758,0.0,1.0,0.0,0.0,0.7334236782963409,1.7814311534915708,0.8239570303508719,1.0,0.013572326594495745,0.8506287304652748,0.7790736233589952,0.08103065992084098,0.9997324337543069
haptic_force_visual_motion,1.0,17,0.6484750251094373,0.6046342300521504,7.05872721613221,0.4962816373066091,1.0,0.0,0.0,0.0,0.0,0.5012141596504023,0.058203830161107445,0.0,0.00951760720967014,0.8546176506128705,0.7770530513216257,0.07989069443010934,0.0
haptic_force_visual_motion,1.0,18,0.6643523056452513,0.6501094799775337,8.096509907254884,0.9025741491237853,1.0,0.0,0.0,0.0,0.0,0.11674662402957701,0.01258565152114113,1.0,0.006195940421836483,0.8414184226008404,0.719553246648526,0.08180992351654068,0.0
haptic_force_visual_motion,1.0,19,0.6201598908799298,0.6606192885789123,5.825750677399888,0.88538161898682,0.0,1.0,0.0,0.0,0.2863680827369284,1.2230821042709734,0.3870888935104372,1.0,0.008892632910608756,0.8469710061350805,0.7447319256048484,0.08294969954032082,0.9618039214592051
haptic_force_visual_motion,1.0,20,0.47869540518292525,0.5002651051061271,8.205251498668556,0.6848965169222252,1.0,0.0,0.0,0.0,0.0,0.5120612585274588,0.041070787618248235,0.0,0.011389163835484559,0.8401984433049323,0.7255815400348565,0.08041504273802116,0.0
haptic_force_visual_motion,1.0,21,0.5760151407451894,0.4425846350518313,5.701819167597361,0.8130188130735863,0.0,1.0,0.0,0.0,1.1743151613315077,2.3757926944433794,2.0104404713446846,1.0,0.014357444154309852,0.846486141250787,0.7452971044444935,0.0812530992407923,0.9999980118165631
haptic_force_visual_motion,1.0,22,0.693688656292063,0.6016915524765093,8.642866482246513,0.6376249750151834,1.0,0.0,0.0,0.0,0.0,0.1549792821785861,0.01853005014957933,0.0,0.0075900025919357975,0.8457082042739371,0.7432445234978188,0.08312034795866735,0.0
haptic_force_visual_motion,1.0,23,0.5899230762480041,0.6826347932430137,7.800537199655555,0.8975430386969285,1.0,0.0,0.0,0.0,0.0,0.3752548735941435,0.02849729261331904,1.0,0.005614710922868785,0.839937880329163,0.7138245635109406,0.07900982161776673,0.0
haptic_force_visual_motion,1.0,24,0.6415539789379126,0.5827363215729159,6.99356043929329,0.5349877675631012,1.0,0.0,0.0,0.0,0.0,0.43059923680761986,0.054111563633808146,0.0,0.009105931241789775,0.8526227701310392,0.7818991791596815,0.08100291320267651,0.0
haptic_force_visual_motion,1.0,25,0.49668373388960957,0.6554617089265213,8.599839439755538,0.7989422207070538,1.0,0.0,0.0,0.0,0.0,0.28212822225832607,0.032236091966179686,1.0,0.0016672142374909342,0.8496969453338792,0.7659997242109954,0.25740173397340316,0.0
haptic_force_visual_motion,1.0,26,0.6069349561066164,0.5625641476028727,6.438070342892722,0.4634387694009907,0.0,1.0,0.0,0.0,0.8440949513218068,2.1918519559902405,1.122313718659551,0.0,0.01593530869823326,0.852428499202424,0.7833851802282539,0.08170182356436956,0.9999266937468952
haptic_force_visual_motion,1.0,27,0.7040482737160519,0.446664617595985,5.408384850996916,0.9148613245100239,0.0,1.0,0.0,0.0,2.2774390833096567,3.7569232566079735,4.979741768231424,1.0,0.019971051528033048,0.8399780947556068,0.7157158375783961,0.08764254089426116,0.999999999989687
haptic_force_visual_motion,1.0,28,0.5394917815309517,0.449948035780501,7.025057022275928,0.5756971891560037,0.0,1.0,0.0,0.0,0.3284734586279842,1.4387396394236358,0.5710961106417384,0.0,0.015960377595044224,0.854353920027828,0.8017648874815598,0.08669328915481352,0.9766657420982712
haptic_force_visual_motion,1.0,29,0.5754935596885021,0.6883526959959076,8.271315496670734,0.786200221846421,1.0,0.0,0.0,0.0,0.0,0.22886652310789773,0.028046241933917485,0.0,0.006486499871700273,0.8467903614659908,0.7582341324760574,0.11082100575971335,0.0
haptic_force_visual_motion,1.0,30,0.7598078040966818,0.41221505219665466,7.313793336480924,0.44673628770826834,0.0,1.0,1.0,0.0,2.3269941437928883,4.174364135490639,5.955459001707692,0.0,0.028462853249040434,0.86570349554906,0.853829982765714,0.08534530616635161,0.999999999994646
haptic_force_visual_motion,1.0,31,0.5571546161154641,0.5250102483688684,7.459400079896335,0.7464011203999033,1.0,0.0,0.0,0.0,0.0,0.895784358505798,0.14086177760213345,0.0,0.011233470131107967,0.8457304767003532,0.7481775659997536,0.08215895849442666,0.0
haptic_force_visual_motion,1.0,32,0.5786949221539273,0.5287746980423941,6.535925756150604,0.7827001244129221,1.0,0.0,0.0,0.0,0.0,0.5686106294856742,0.13902817296940811,0.0,0.009169428819746318,0.8499034577921226,0.7672858265953426,0.07979349143767155,0.0
haptic_force_visual_motion,1.0,33,0.663867142672285,0.5950058481740761,7.777239700962248,0.6133840472703679,0.0,1.0,0.0,0.0,0.17677865871346188,1.5569933874899835,0.44967585034912905,0.0,0.015060760166180132,0.8522923448549364,0.7753039341201153,0.08145283506908449,0.8693603545072135
haptic_force_visual_motion,1.0,34,0.7985059069692655,0.6474302959249316,8.66670091644614,0.6408221683286275,0.0,0.0,1.0,0.0,0.0,1.0669050596198653,0.2675476293328027,0.0,0.004571809915208611,0.8522890172784169,0.7817706358357873,0.9999997786400662,0.0
haptic_force_visual_motion,1.0,35,0.6478889333006712,0.5381875900053612,5.7154379721138575,0.8424636366057079,0.0,1.0,0.0,0.0,0.9061684655488187,2.018605371144253,1.3961451095149935,1.0,0.013083109863868543,0.8428435811128785,0.7283711244565845,0.08215423827681369,0.9999609891025267
haptic_force_visual_motion,1.0,36,0.6808317923725713,0.6675662643215331,7.584453412164093,0.4951177240894126,0.0,1.0,0.0,0.0,0.1439727086271461,1.715215681419877,0.5430405090982727,0.0,0.013926670673560933,0.8571411909469181,0.7987015979748644,0.08227090246698213,0.8101908768528867
haptic_force_visual_motion,1.0,37,0.6781058925600596,0.5978477530002674,5.398704800093112,0.545050752774485,0.0,1.0,0.0,0.0,0.9587864820939194,2.072348743706848,1.4275057483116877,0.0,0.012036661085839569,0.8604589478845827,0.8206268591734341,0.08059718010403184,0.9999785851478534
haptic_force_visual_motion,1.0,38,0.7508438180172725,0.6572768058107901,8.185420974667705,0.5315663166288352,1.0,0.0,0.0,0.0,0.055340397110021165,1.5168759788423893,0.4196302100755371,0.0,0.014994748962128115,0.8510173296892222,0.7660282594999966,0.08428571445084598,0.4771986102789033
haptic_force_visual_motion,1.0,39,0.6146850281027452,0.7220878913143061,6.217237409814611,0.47556251280868267,1.0,0.0,0.0,0.0,0.0,0.15720317417955393,0.018453075435793023,0.0,0.0029859257624894235,0.8577259144656108,0.8046596906323921,0.08096060228386702,0.0
haptic_force_visual_motion,1.0,40,0.4646540232551225,0.5287118223778,7.229473784710883,0.8569551846784187,1.0,0.0,0.0,0.0,0.0,0.11937176412669614,0.011760134271152271,0.0,0.005521553952503775,0.8453022740054149,0.7436142633707181,0.07878156949335444,0.0
haptic_force_visual_motion,1.0,41,0.5809123189505615,0.6623009073730872,8.27992521151703,0.6725271786389029,1.0,0.0,0.0,0.0,0.0,0.714544626966706,0.07766136180435858,1.0,0.015119206094369663,0.8456709009048315,0.7577630699199506,0.08572637286432026,0.0
haptic_force_visual_motion,1.0,42,0.5487654471722619,0.5543742859630773,6.994470805629254,0.6320159858692245,1.0,0.0,0.0,0.0,0.0,0.14091815023137186,0.016482897841355017,0.0,0.0054021315974378415,0.8506583310451155,0.7693047969769549,0.07982929764851561,0.0
haptic_force_visual_motion,1.0,43,0.6816832763712878,0.5560007245008559,7.805472010081971,0.9095069074782489,1.0,0.0,0.0,0.0,0.0,0.36805562937818154,0.04940186766644478,1.0,0.010108465983612168,0.8426507792418431,0.7245496828794389,0.08005589538995626,0.0
haptic_force_visual_motion,1.0,44,0.4629601529945428,0.6811504631090914,6.712855624425636,0.9130825217273605,1.0,0.0,0.0,0.0,0.0,0.382882599917027,0.026850801651659605,1.0,0.011944057582326102,0.84207869605361,0.7354830760026132,0.08077171377509279,0.0
haptic_force_visual_motion,1.0,45,0.6595733320523127,0.588108491040781,7.4957176256347395,0.5555383594695844,1.0,0.0,0.0,0.0,0.0,0.35360035209590235,0.02185401242317911,0.0,0.011281447262142348,0.8531377037526722,0.7914379113390339,0.08038477913068284,0.0
haptic_force_visual_motion,1.0,46,0.6277111347599502,0.4443877476707343,6.364426817852278,0.5356497219430866,0.0,1.0,0.0,0.0,0.8644260861595456,2.067948187723221,1.6617167344182642,0.0,0.014837639292862187,0.8491438277565584,0.7652318318022334,0.08138942220810993,0.9999407392985302
haptic_force_visual_motion,1.0,47,0.6825302342866818,0.44898393311789175,6.12770828216594,0.464492561601413,0.0,1.0,0.0,0.0,1.4520410851660146,2.8308747913860652,2.966480237771549,0.0,0.017941602340642567,0.8570561738663348,0.8098660915327897,0.08227564750531295,0.9999999121192651
haptic_force_visual_motion,1.0,48,0.5667975262028062,0.41732078660292177,6.094597166621461,0.7751458238652669,0.0,1.0,1.0,0.0,0.9042361754936592,2.0635968128411464,1.61978101054752,1.0,0.014001368300424063,0.8368761426750299,0.6991387338857155,0.08375004477820952,0.9999607565982507
haptic_force_visual_motion,1.0,49,0.47821245322386424,0.4439404724236392,7.708464622218809,0.5941178603756156,0.0,0.0,1.0,0.0,0.0,0.6629220237486969,0.11616747630676878,0.0,0.0038162979301033955,0.8526389257643978,0.779210791736454,0.9994885726377731,0.0
haptic_force_visual_motion,1.0,50,0.6770524675627684,0.7420504992486021,7.661751854499476,0.5166250510259115,1.0,0.0,0.0,0.0,0.0,0.8504589765605554,0.12393453552484707,0.0,0.007761186227999708,0.8505362592988177,0.7661887436110627,0.07940144517103723,0.0
haptic_force_visual_motion,1.0,51,0.7254229103626164,0.5568832293986676,6.069224362329743,0.5023701661723605,0.0,1.0,0.0,0.0,0.3696800184832125,1.3259367412113228,0.8247220884989007,0.0,0.011213632298638672,0.8461381501822717,0.7473596499793028,0.08203132090247413,0.9853449019770021
haptic_force_visual_motion,1.0,52,0.5488494000146324,0.49886845844254557,5.860318815425115,0.6202515867657374,0.0,1.0,0.0,0.0,0.2716903171883895,1.1541186806569381,0.5044195389989141,0.0,0.009564164080060113,0.8487410986555732,0.7594382284349107,0.07990370017626336,0.9554252179087045
haptic_force_visual_motion,1.0,53,0.7359954357497054,0.6897657672859347,8.601504528946526,0.536616943457037,1.0,0.0,0.0,0.0,0.0,0.6637650985298432,0.07673193870314805,0.0,0.009494658652474695,0.8597115812813245,0.8152118328807825,0.08157899546327328,0.0
haptic_force_visual_motion,1.0,54,0.7413110058732115,0.529375343554993,7.9168328497895875,0.47372344006906714,0.0,0.0,1.0,0.0,0.0,0.3182575520177828,0.10101984984761829,0.0,0.021127193981001106,0.853712135205587,0.8073489145744409,0.9735271535282606,0.0
haptic_force_visual_motion,1.0,55,0.6286303462257214,0.42024292943989233,7.262110665785416,0.8207063774557444,0.0,1.0,1.0,0.0,0.1755127954119434,1.1387920473132631,0.6909952581141346,1.0,0.013773954361745448,0.8373664487717973,0.7089506465299246,0.1635213142173699,0.8673111198301278
haptic_force_visual_motion,1.0,56,0.6139720182695524,0.6169685622499351,5.482793794310049,0.5058088256511717,0.0,1.0,0.0,0.0,0.03939080836460841,0.6844955861575024,0.21689420389980255,0.0,0.011951885698146628,0.8560489929590122,0.8043436629614786,0.08057331186476066,0.36920261454660397
haptic_force_visual_motion,1.0,57,0.5504886803966008,0.577833750538342,7.498421001132135,0.6588058261605415,1.0,0.0,0.0,0.0,0.0,0.19329250393591524,0.014022055683086019,0.0,0.005815306993188609,0.8484939635346879,0.7522694222223034,0.07886262031427564,0.0
haptic_force_visual_motion,1.0,58,0.46407097847167256,0.6265297996593218,7.657823850346388,0.4253348134109524,1.0,0.0,0.0,0.0,0.0,0.4036170808412474,0.023246692626222816,0.0,0.01729872277264961,0.8539208856038945,0.8068276688629944,0.08209137794151958,0.0
haptic_force_visual_motion,1.0,59,0.7766611177030935,0.6431907728511765,7.156224890080796,0.737644155867285,1.0,0.0,0.0,0.0,0.0,0.4029562680822641,0.09915812082544122,0.0,0.010167360172856871,0.8409737910895639,0.7160702797199353,0.08056861526227971,0.0
haptic_force_visual_motion,1.0,60,0.7086380563296131,0.6850262910939736,7.263132388223765,0.8293555028044697,1.0,0.0,0.0,0.0,0.0,0.11755818928057424,0.013141682823500096,0.0,0.006451139869334668,0.8358885616066971,0.6941115428545658,0.07903831721873504,0.0
haptic_force_visual_motion,1.0,61,0.7159933678275132,0.6272230730950554,5.838591547594616,0.576334993416354,0.0,0.0,1.0,0.0,0.005588010862423735,0.6091519840700591,0.2501796326070644,0.0,0.007483136222301068,0.8545861039657654,0.7915678281158012,0.8795504092826673,0.03941796988475477
haptic_force_visual_motion,1.0,62,0.6052159035784126,0.6610106010227815,6.571401564654886,0.43228649690458687,1.0,0.0,0.0,0.0,0.0,0.705864701638101,0.08431537877824036,0.0,0.007617278266853039,0.8573440414906295,0.8050342923885051,0.08379154050264746,0.0
haptic_force_visual_motion,1.0,63,0.5538731087896042,0.6292463062496533,7.0783956762920734,0.529164243757998,1.0,0.0,0.0,0.0,0.0,0.8549375466893586,0.13142895453115117,0.0,0.007322529379433551,0.8629758122025046,0.8316032450943656,0.080515695216362,0.0
haptic_force_visual_motion,1.0,64,0.7568154826732729,0.5222076755129733,7.404803384136702,0.8198605755723734,0.0,0.0,1.0,0.0,0.002738343807977353,0.7532393253287938,0.36702950178290394,1.0,0.014314175433698074,0.8432195175415129,0.7381511959608039,0.8905744554071157,0.0
haptic_force_visual_motion,1.0,65,0.5030709302568315,0.4283216388396213,8.887878122630799,0.9071749578582984,0.0,0.0,1.0,0.0,0.0,0.48266093056014187,0.05093575232033782,1.0,0.013295483319342794,0.8495396117828071,0.7551634724344637,0.08110417188033679,0.0
haptic_force_visual_motion,1.0,66,0.46416318091447395,0.4797169853681861,8.520696192965124,0.6504521539526964,0.0,0.0,1.0,0.0,0.0,0.30336508051916294,0.03575705113282211,0.0,0.00517518828734344,0.8558065854541275,0.7972375043859773,0.36084140305795154,0.0
haptic_force_visual_motion,1.0,67,0.7914378762676617,0.5589831996334755,6.267322973378257,0.48408567901329663,0.0,1.0,0.0,0.0,1.6233589424694757,3.1003643417833575,3.1206176538863852,0.0,0.01979039730981873,0.8585472590760109,0.8026104447020234,0.08853987608563368,0.9999999869075104
haptic_force_visual_motion,1.0,68,0.7997113956310018,0.5897674042290548,5.592161226936101,0.8843012635784249,0.0,1.0,0.0,0.0,1.2041955448193866,2.3871614651757955,2.1338405682563675,1.0,0.015302895756565604,0.8430841820315368,0.7303738955332756,0.08601806105868681,0.999998556777512
haptic_force_visual_motion,1.0,69,0.5942311569770108,0.703801376095327,7.679483069995802,0.6354577938941619,1.0,0.0,0.0,0.0,0.0,0.114207286127633,0.012998571906308978,0.0,0.002898814949903634,0.8577765469763702,0.8064726984525887,0.07813362964496909,0.0
haptic_force_visual_motion,1.0,70,0.5599066402960162,0.6284426479948271,7.107968694211678,0.609029090876041,1.0,0.0,0.0,0.0,0.00011763097324065705,1.348249561002904,0.34411130281679947,1.0,0.014248948871976188,0.8579401500927583,0.7938134914045721,0.08122232727108757,0.0
haptic_force_visual_motion,1.0,71,0.7732240635679039,0.5182223895493544,7.643101795527786,0.5680375416624435,0.0,1.0,0.0,0.0,1.0941855461420966,2.613086610628854,2.0533233909757165,0.0,0.021716428201492374,0.8478410099521199,0.7674972471779873,0.08336524652323567,0.9999955235376309
haptic_force_visual_motion,1.0,72,0.5250627795213392,0.6608118040318236,6.389722997352497,0.6023671864682183,1.0,0.0,0.0,0.0,0.0,1.0835280215654526,0.2100753659931371,0.0,0.007217995870841994,0.8520285873373539,0.7751840978336629,0.08038441793167173,0.0
haptic_force_visual_motion,1.0,73,0.6591359761164995,0.4160194767879919,7.037476988339485,0.7900506637824325,0.0,1.0,1.0,0.0,0.26015763606781755,1.2681807513367571,0.9646088361668848,1.0,0.012722569452650679,0.8425807478173414,0.7260964460134554,0.9701644801512737,0.9494398120290888
haptic_force_visual_motion,1.0,74,0.7050511462770198,0.5346269027232354,8.893593844065599,0.5898173079814084,0.0,0.0,1.0,0.0,0.0,0.9417723269988836,0.21818661442332488,0.0,0.0068078810723129785,0.8489675933349459,0.7646048435362295,0.9999995513243781,0.0
haptic_force_visual_motion,1.0,75,0.6909574217061333,0.6883830169123093,8.295908118786294,0.8193147404620138,0.0,0.0,1.0,0.0,0.0,0.7332424793603707,0.1374862222803042,1.0,0.0027699378613048066,0.8381393960905511,0.6997331182423013,0.9996288355495645,0.0
haptic_force_visual_motion,1.0,76,0.5096854139358041,0.6130242802102605,5.596435641855551,0.7393221626253816,1.0,0.0,0.0,0.0,0.005441312665996234,0.6821014203669005,0.09887074302861237,1.0,0.005484829824990452,0.8482877277963378,0.7509863269733376,0.08021735397813073,0.03889191967251193
haptic_force_visual_motion,1.0,77,0.7256338768854182,0.726727525484345,8.24014939330178,0.6422972025679803,1.0,0.0,0.0,0.0,0.0,0.657656658733982,0.07017178229599476,0.0,0.010813276152499385,0.8500612006134981,0.7716800052315891,0.08025336442127895,0.0
haptic_force_visual_motion,1.0,78,0.5086909587541919,0.6570886045938453,8.670236859878731,0.5237445973114645,1.0,0.0,0.0,0.0,0.0,1.227136937868773,0.2368548144887495,0.0,0.017948741296414942,0.8450570917009269,0.7578980528334236,0.08277618638258247,0.0
haptic_force_visual_motion,1.0,79,0.4985938185714495,0.5386024595029721,8.367907393091324,0.865303806401609,1.0,0.0,0.0,0.0,0.0,0.31026020274683147,0.021924844300278457,1.0,0.005767136460285489,0.8415211689346627,0.7205884657499838,0.08301248762630511,0.0
haptic_force_visual_motion,1.0,80,0.5759894189239423,0.5526493231818566,7.5631711443681064,0.6858249939901646,1.0,0.0,0.0,0.0,0.0,0.2035568991131515,0.013441970701829044,0.0,0.007626223077194176,0.8475514622740451,0.7518101685883021,0.08361088135710656,0.0
haptic_force_visual_motion,1.0,81,0.6708440349481566,0.7457844136242269,5.263848652458722,0.6059723772443477,0.0,1.0,0.0,0.0,0.14956610550126684,0.8912216211602872,0.2518416507967659,0.0,0.012051151190873261,0.851170471480042,0.7784061479679981,0.08532266060949954,0.8212356361502754
haptic_force_visual_motion,1.0,82,0.7913426488690358,0.4439222804689229,6.689846316325948,0.6137742081767024,0.0,1.0,0.0,0.0,1.9587572263585633,3.5679418463354677,4.7418231582394865,1.0,0.023526615184952034,0.8475550782882915,0.7491972415400957,0.08389239518779969,0.9999999996798845
haptic_force_visual_motion,1.0,83,0.5221791261764781,0.5844732230495214,8.05638244036135,0.6008070344969414,1.0,0.0,0.0,0.0,0.0,0.3131787409270124,0.017441934059452865,0.0,0.017506702048189656,0.8481270749820242,0.77219052471582,0.08215095020385087,0.0
haptic_force_visual_motion,1.0,84,0.6450147333256356,0.7188905905236599,5.747700850485748,0.8851179273312284,1.0,0.0,0.0,0.0,0.0,0.4235332600697047,0.05416049345819977,1.0,0.013307832408721904,0.8389144100097845,0.7168356773759,0.08095584861316715,0.0
haptic_force_visual_motion,1.0,85,0.6858286537055145,0.6392023060204408,8.34799409103033,0.7545409341639882,1.0,0.0,0.0,0.0,0.0,0.9312788435622343,0.1628134470376096,1.0,0.011295733793171652,0.8551033926295224,0.7855085301052995,0.0811907773799268,0.0
haptic_force_visual_motion,1.0,86,0.5443020448762181,0.6205269027499568,6.818028433435279,0.8727528358589189,1.0,0.0,0.0,0.0,0.0,0.32153947914983755,0.02264318788451615,1.0,0.005623091806601475,0.8439129922319479,0.7351776957628713,0.0788095766749957,0.0
haptic_force_visual_motion,1.0,87,0.5949909140719084,0.5717273636310275,5.451284581787301,0.5886933907888421,0.0,0.0,1.0,0.0,0.0,0.349602575531082,0.0620399434842781,0.0,0.002749240817854432,0.8626382885989178,0.8348441025396098,0.999999723046829,0.0
haptic_force_visual_motion,1.0,88,0.4611198361161537,0.6641539912773944,8.361365413825979,0.6031847965949699,1.0,0.0,0.0,0.0,0.0,0.27575326473658945,0.03320336896091976,0.0,0.001317804998870665,0.8501893890342189,0.7703191026059605,0.2676171515381172,0.0
haptic_force_visual_motion,1.0,89,0.7577671374456165,0.5189005358471324,7.508867817471062,0.6991950656834447,0.0,1.0,0.0,0.0,0.14315101336247246,1.0991126234014306,0.5850150184382886,0.0,0.014179708754812323,0.8417157848190125,0.723620893501798,0.08120269459958813,0.8088171420033534
haptic_force_visual_motion,1.0,90,0.5968631507295493,0.7169616360423918,6.242280155220404,0.5064323195413498,0.0,1.0,0.0,0.0,0.15023374757288066,1.4460870807306936,0.3770941921035273,0.0,0.009743669502566946,0.8573451741234741,0.804214017694482,0.0812407926760127,0.8229235050602758
haptic_force_visual_motion,1.0,91,0.47270663111568095,0.6371006795391742,7.039979391640129,0.4411007863277481,1.0,0.0,0.0,0.0,0.0,0.11424155377070047,0.012791468443567603,0.0,0.001634231005642566,0.8596243415566588,0.8204136831233999,0.0808730637989881,0.0
haptic_force_visual_motion,1.0,92,0.5387221861644257,0.5174811961077593,8.806798766843224,0.7156522071654102,0.0,0.0,1.0,0.0,0.0,0.3181867684968656,0.040970646438431284,0.0,0.006896374569070854,0.8474682606242439,0.7587471388645726,0.42727456861113194,0.0
haptic_force_visual_motion,1.0,93,0.5935406094357581,0.7491767013410755,7.067812871963189,0.8654543864470132,1.0,0.0,0.0,0.0,0.0,0.21188207166538928,0.013645694751959921,1.0,0.01340088985511632,0.8301848221693227,0.6734087676642548,0.08178842046236097,0.0
haptic_force_visual_motion,1.0,94,0.5986739724565509,0.7102325252935341,5.466943856370638,0.5452062681337768,0.0,1.0,0.0,0.0,0.29002745270670155,1.250452411955018,0.3350200709570505,0.0,0.008167048579112891,0.8611059046981502,0.8244359684596214,0.0795142539198671,0.9636963015687088
haptic_force_visual_motion,1.0,95,0.5005529549176773,0.5833976641222939,6.985725646834922,0.7028034292990988,1.0,0.0,0.0,0.0,0.0,0.32223879701354774,0.03807350434266482,1.0,0.004287728488657833,0.8531841995612597,0.7761006210980312,0.37318667824703666,0.0
haptic_force_visual_motion,1.0,96,0.6754183368066838,0.5651448477421102,6.873946907850332,0.5215951585741243,1.0,0.0,0.0,0.0,0.0,0.3243561258681135,0.0945666147930698,0.0,0.00746149059901573,0.8642169240949733,0.8391425699890359,0.3525580439830917,0.0
haptic_force_visual_motion,1.0,97,0.587841945598759,0.7319325906613631,5.399586313658747,0.7160169034785204,0.0,0.0,1.0,0.0,0.0,0.5504204690918997,0.0668481326601529,0.0,0.0015843725090995153,0.8510547496431154,0.774804821869198,0.9946108121399307,0.0
haptic_force_visual_motion,1.0,98,0.5377946501774,0.5140177844766712,6.330535447890191,0.460359033246532,0.0,0.0,1.0,0.0,0.0,0.3981765598208809,0.033152285363667995,0.0,0.006498617821906409,0.8572781075977366,0.8084603654791981,0.9995919233481473,0.0
haptic_force_visual_motion,1.0,99,0.5269482358642755,0.6910382200104906,6.397883814145783,0.5705257813885817,1.0,0.0,0.0,0.0,0.0,0.2827114596246368,0.018611356179389523,0.0,0.00321293170855434,0.8644812337237395,0.842574420838372,0.07814723390818616,0.0
haptic_force_visual_motion,1.0,100,0.5386618707461306,0.5014262232397777,7.818173980054974,0.45654466859719955,1.0,0.0,0.0,0.0,0.0,0.5495854901492532,0.0556257735915816,1.0,0.009425931785144448,0.8625446766423644,0.8267817440014272,0.07986509038486918,0.0
haptic_force_visual_motion,1.0,101,0.6269816283375833,0.4617289068290711,8.479007522432855,0.6524153041549112,0.0,0.0,1.0,0.0,0.0,0.7940370717821885,0.10355852776363374,0.0,0.007315261663997366,0.8549187294086737,0.787361788741728,0.9999996579683272,0.0
haptic_force_visual_motion,1.0,102,0.5112713720728647,0.46628559344078657,8.286274028398307,0.5328429210954202,1.0,0.0,0.0,0.0,0.0,0.11806547623640465,0.01221968587422176,0.0,0.00830419504793187,0.8523335403462455,0.781071900454263,0.08049354311003992,0.0
haptic_force_visual_motion,1.0,103,0.5033029590070403,0.7347872336344123,6.796194994449341,0.7210549101327702,1.0,0.0,0.0,0.0,0.0,0.1333504235806659,0.017483696542845536,0.0,0.010042696962036655,0.8410868874007046,0.7329187993957006,0.08055021572598861,0.0
haptic_force_visual_motion,1.0,104,0.7860768882190012,0.6027647248332738,8.59198347255336,0.6454009260083844,0.0,1.0,0.0,0.0,0.9402686497012808,2.799028138695765,1.4819053698174212,1.0,0.023493795473583576,0.8451038936603371,0.7545512554243743,0.08874261383544375,0.9999756181854238
haptic_force_visual_motion,1.0,105,0.5541373052837035,0.617903287259093,7.043459586116348,0.8935267015561441,1.0,0.0,0.0,0.0,0.0,0.11964027237147096,0.01430998719910588,1.0,0.008194489780180999,0.8406484945359027,0.7247557622294545,0.07952188643740941,0.0
haptic_force_visual_motion,1.0,106,0.5060462934864257,0.6404361268044709,8.759824865526193,0.4200083864277853,1.0,0.0,0.0,0.0,0.0,0.11929847515448888,0.013840350472644345,0.0,0.00431802674274332,0.8649150866719817,0.842872223695048,0.07928579316884765,0.0
haptic_force_visual_motion,1.0,107,0.6321810591096129,0.6108333947885649,5.35379141641373,0.6191719387488037,0.0,1.0,0.0,0.0,0.12266903933362798,0.8259565147066003,0.31944458864670505,0.0,0.010711316353595098,0.8474363032670096,0.7576144075465384,0.08027328230201693,0.7570399607030425
haptic_force_visual_motion,1.0,108,0.7328646223524139,0.5433876651873851,5.8779838542617,0.8159030487370704,0.0,1.0,1.0,0.0,0.2763155879121467,1.161525925235741,0.8009585979932496,1.0,0.010926596628295468,0.8547259847239749,0.7768945900982734,0.9551103041604806,0.9577715564944316
haptic_force_visual_motion,1.0,109,0.6995530206553063,0.4496959036685707,7.595383186283071,0.7586618177394866,0.0,1.0,0.0,0.0,0.504825771735801,1.71775200000274,1.2169095309539644,0.0,0.016395400290114777,0.8395066572574256,0.709642761463658,0.08183309220370016,0.996795739205836
haptic_force_visual_motion,1.0,110,0.7367008886799746,0.6579297352883204,7.137458852647803,0.5137342945590664,1.0,0.0,0.0,0.0,0.0,0.5535588356895327,0.0820994638372558,0.0,0.009388355725855599,0.8534275675857029,0.7758352506161118,0.07985459792610786,0.0
haptic_force_visual_motion,1.0,111,0.7497502459924943,0.5529799113777027,6.44336056316591,0.6365866717696325,0.0,0.0,1.0,0.0,0.03326118784949941,0.7859585926738358,0.4357723615536809,0.0,0.011010303801072104,0.8554784756723673,0.7992731455295256,0.9820174838765354,0.32348804131685505
haptic_force_visual_motion,1.0,112,0.5426722803829305,0.5532088994965986,7.600863799350071,0.8114832184014049,0.0,0.0,1.0,0.0,0.0,0.5149162976775579,0.07558660814799481,1.0,0.003143160614420772,0.8437063713558525,0.7269443301954001,0.9432557278939601,0.0
haptic_force_visual_motion,1.0,113,0.5933772551073133,0.6655403960778186,8.026762776001528,0.9186081376870925,1.0,0.0,0.0,0.0,0.0,1.0027984857218615,0.17755074366462054,1.0,0.008750649090497678,0.8325301885257401,0.676670533427466,0.08019016782958585,0.0
haptic_force_visual_motion,1.0,114,0.7433213860103893,0.42725084369842103,8.674245624348895,0.5008005014885053,0.0,1.0,1.0,0.0,1.2124479137583088,2.9184858107376344,2.7524629875741606,0.0,0.025211134790232452,0.8455898046901537,0.7520968391767308,0.08958960826178518,0.9999988355246044
haptic_force_visual_motion,1.0,115,0.6919865641058798,0.638918487986455,8.754349364381568,0.7454712033566875,1.0,0.0,0.0,0.0,0.0,0.565447854415551,0.05489627664681528,0.0,0.010000068792701778,0.8470635095588693,0.7557168287189105,0.08281068767188315,0.0
haptic_force_visual_motion,1.0,116,0.7514797074367503,0.5781718721256472,7.725686754407588,0.5880524369232979,0.0,0.0,1.0,0.0,0.0,0.36170112116036734,0.03892128655041649,0.0,0.008378578694990398,0.8629411604692482,0.8251646653638495,0.999354215546747,0.0
haptic_force_visual_motion,1.0,117,0.4659931758461842,0.6377193227004336,7.7432088553777145,0.8132515047681732,1.0,0.0,0.0,0.0,0.0,0.1370166879532102,0.016536267474630346,0.0,0.005460768195222759,0.840473500487951,0.7195100515222775,0.07948148769699649,0.0
haptic_force_visual_motion,1.0,118,0.4814334264466744,0.4697101945429124,7.166462870705261,0.8349533065055752,1.0,0.0,0.0,0.0,0.0,0.7035463959784097,0.08904875713617263,1.0,0.009226304889424108,0.8419549801694721,0.7260757988084624,0.07980936247764762,0.0
haptic_force_visual_motion,1.0,119,0.6926795470375642,0.7300740026597375,8.292204458430898,0.899987231563421,1.0,0.0,0.0,0.0,0.0,0.1970515045461708,0.01329848190836231,1.0,0.006752853957563873,0.8402661489182098,0.718249501513358,0.08141687067052096,0.0
haptic_force_visual_motion,1.0,120,0.7760974496879407,0.6571538324984828,7.381774862886969,0.42199747422425676,1.0,0.0,0.0,0.0,0.0,0.15670631610956612,0.023596220939596183,0.0,0.010916599231713002,0.8658067240287625,0.8362247612180881,0.08547267564152075,0.0
haptic_force_visual_motion,1.0,121,0.782648809110557,0.4825113570783516,8.385647122342009,0.7368941484037239,0.0,0.0,1.0,0.0,0.0,0.47863504138167273,0.22893867811755908,0.0,0.011829408757715687,0.848523671970032,0.757426969567848,0.9999992983621631,0.0
haptic_force_visual_motion,1.0,122,0.7158628596752831,0.4258260679967475,5.337039651433888,0.8305130993060514,0.0,1.0,1.0,0.0,3.642481230991089,5.403246615348388,9.144515356504636,1.0,0.02773696180355827,0.8373838841619682,0.6992633777368845,0.08524381432925977,1.0
haptic_force_visual_motion,1.0,123,0.5917219662931892,0.5488644733750946,8.276403709660384,0.45465422836228003,1.0,0.0,0.0,0.0,0.0,0.19518695079880274,0.012380992759412424,0.0,0.007449241214070872,0.8573086307177662,0.8032363284796594,0.07998238515843667,0.0
haptic_force_visual_motion,1.0,124,0.6143040427518003,0.6088706800464736,7.265050296603724,0.4889974779465822,0.0,0.0,1.0,0.0,0.0,0.43863035404113876,0.06165934989585469,0.0,0.004799589767457958,0.8529350180010995,0.7741952358049045,0.9121188526050457,0.0
haptic_force_visual_motion,1.0,125,0.7896919783414562,0.5814420938044561,7.837941148240327,0.5756670811462592,1.0,0.0,0.0,0.0,0.0,0.6496289667307249,0.20641504413449555,0.0,0.011826182169420036,0.8445460543895817,0.734581052764245,0.08053793230888204,0.0
haptic_force_visual_motion,1.0,126,0.7263041481202976,0.47777953901361925,7.320405295758043,0.846711897162299,0.0,0.0,1.0,0.0,0.0,0.5151826755905183,0.26109429080121904,1.0,0.008746357375370108,0.8464611589272292,0.7430713758327206,0.9999997869095952,0.0
haptic_force_visual_motion,1.0,127,0.5870134919070772,0.5035830748170194,5.714832666641763,0.7018762536205949,0.0,1.0,0.0,0.0,0.2619994615558812,1.1123709485394486,0.5746163846503479,0.0,0.008577346876096292,0.8493372317760242,0.7599869865852892,0.07962844445100041,0.9502302189043504
haptic_force_visual_motion,1.0,128,0.6777023957581615,0.6897777362853927,7.28077187328554,0.7423705635351531,1.0,0.0,0.0,0.0,0.0,0.32613305689694544,0.03979681679678209,1.0,0.0046743598741446025,0.8468617977518385,0.7427150585092239,0.3647573137907447,0.0
haptic_force_visual_motion,1.0,129,0.7262115268717113,0.518134842253492,7.686724533121491,0.5890703253042944,1.0,0.0,0.0,0.0,0.05370757650700209,0.9545427561920462,0.410163042024557,0.0,0.014943418885091798,0.8488290031071002,0.7701062997179166,0.08141948006204734,0.46617340936853635
haptic_force_visual_motion,1.0,130,0.6243050330163592,0.7279429779070793,7.161650705139825,0.7861143924594676,1.0,0.0,0.0,0.0,0.0,0.2934502401531025,0.019149756021165885,0.0,0.004984839634669989,0.8421215019938321,0.7266873032446389,0.07863367876765713,0.0
haptic_force_visual_motion,1.0,131,0.7237491466271867,0.6492897868197188,5.33998834423571,0.4518728767340316,0.0,1.0,0.0,0.0,0.8914213692641041,1.9812921393219536,1.3012281788926654,0.0,0.011903231055715297,0.8539125620946457,0.7838582218471586,0.0805596162186744,0.9999552418283646
haptic_force_visual_motion,1.0,132,0.6954862745354966,0.6422502782974389,8.022062314622474,0.47369518419097556,1.0,0.0,0.0,0.0,0.0,0.8193560300547059,0.10621335796883785,0.0,0.012043644323706982,0.8573183547087337,0.8165401788885719,0.08343537469230045,0.0
haptic_force_visual_motion,1.0,133,0.7555227141371983,0.574020182904021,6.422074332249636,0.802089055655859,0.0,1.0,0.0,0.0,0.6780580534275615,1.802781451390874,1.201855409790368,1.0,0.013626322261046977,0.8492493699246114,0.7603792415877381,0.09070024914190349,0.999519465772057
haptic_force_visual_motion,1.0,134,0.5779180467721478,0.5820643306878153,6.375220801214367,0.7989109945834538,1.0,0.0,0.0,0.0,0.010059153988979467,0.7799088919837134,0.1506335973448537,0.0,0.008720192124282997,0.8507201976928158,0.7708848968070203,0.07966823499839053,0.1013820827200057
haptic_force_visual_motion,1.0,135,0.7818238997458162,0.5298629395404473,6.551831968142882,0.789527298775011,0.0,0.0,1.0,0.0,0.01254102218344885,0.7894223037935693,0.5209368221887091,0.0,0.010240620163951447,0.8430622981201376,0.7329266451269636,0.9999995643662248,0.13102282534556908
haptic_force_visual_motion,1.0,136,0.5749288061548649,0.5388098565481165,7.962942465612635,0.7892667504805415,0.0,0.0,1.0,0.0,0.0,0.33662740067939423,0.0425319428059218,0.0,0.006965811542391518,0.8472798125243192,0.7563890588983619,0.4935703701217989,0.0
haptic_force_visual_motion,1.0,137,0.5174569667406943,0.6013404216888749,7.506453376770461,0.5401087520872703,1.0,0.0,0.0,0.0,0.0,0.2234643100451406,0.01438749535061464,0.0,0.004110375970006066,0.8511080458691732,0.7682748984014303,0.07839326561335724,0.0
haptic_force_visual_motion,1.0,138,0.7576230827635093,0.43151110305849344,8.57257661564967,0.5428908095018858,0.0,0.0,1.0,0.0,0.0,0.6935024563579335,0.19722663951467787,0.0,0.011882494990656196,0.8447982307069682,0.7482675018289886,0.999999937367232,0.0
haptic_force_visual_motion,1.0,139,0.7635444963379515,0.532664123802879,8.47401156115452,0.759661856837468,1.0,0.0,0.0,0.0,0.0,0.7061152017599954,0.20540773150317962,0.0,0.014142442332717676,0.8419491242355509,0.7315045666230915,0.08177560778589442,0.0
haptic_force_visual_motion,1.0,140,0.6457051635911216,0.7492987482620419,6.020864084765158,0.7555143525715206,1.0,0.0,0.0,0.0,0.0,0.2570484866852285,0.029933932646444412,0.0,0.0053902756711547775,0.8460443096662473,0.7486254436967533,0.17141642424913925,0.0
haptic_force_visual_motion,1.0,141,0.7983624437284165,0.679081271670258,7.333417283424314,0.46617017237866365,1.0,0.0,0.0,0.0,0.03182760999646939,0.9592056704391071,0.2256753947404654,0.0,0.011590043137372935,0.8525348076031048,0.7737226350649825,0.08047150874043632,0.3133373098876795
haptic_force_visual_motion,1.0,142,0.7048649335409342,0.4658957948525496,7.407524572759431,0.7888098551484215,0.0,1.0,0.0,0.0,0.45882513791892,1.6238762514210558,1.0795175318177275,1.0,0.017096555327791,0.8397489965944099,0.7223809123951803,0.08828490648856953,0.99459856828065
haptic_force_visual_motion,1.0,143,0.7050635475584964,0.5860673339585618,5.456167928651364,0.45371329204050104,0.0,1.0,1.0,0.0,0.035451527094473426,0.6914846162746616,0.36999470047076455,0.0,0.006639313188317466,0.8541388074542411,0.7900285018546437,0.9995626891667667,0.34002733204525715
haptic_force_visual_motion,1.0,144,0.5571165580729353,0.6901506085282361,8.4964440676288,0.5538797309361705,1.0,0.0,0.0,0.0,0.0,0.4237871696195321,0.02940279588446852,0.0,0.008043580349662531,0.8468397702569164,0.756011568615928,0.08055269012978077,0.0
haptic_force_visual_motion,1.0,145,0.6201964538269786,0.5004158664237358,7.27296139207953,0.7056067405842074,1.0,0.0,0.0,0.0,0.0,0.6449136666353672,0.1854336935134858,0.0,0.010896515118251364,0.8512324998705946,0.7742402356672532,0.08027671509358933,0.0
haptic_force_visual_motion,1.0,146,0.5559599139215003,0.46562191328432095,7.172183254795493,0.6890057132238748,1.0,0.0,0.0,0.0,0.0,0.5852650965395086,0.14260623381309362,0.0,0.00974148248599801,0.8512393996801704,0.7713511954044684,0.0799532521005971,0.0
haptic_force_visual_motion,1.0,147,0.6374295874319428,0.4714557935443085,8.190177615356953,0.9103267901407031,1.0,0.0,0.0,0.0,0.0,0.6508217508253828,0.1602175276537951,1.0,0.013707244410126851,0.8408276337303012,0.7222576726647034,0.08106884525389606,0.0
haptic_force_visual_motion,1.0,148,0.7348197604022807,0.5599235172836295,6.6901804640499325,0.4407686975280513,0.0,1.0,0.0,0.0,1.6210976482242532,3.214731238044214,2.8743775097987116,0.0,0.020978290258004486,0.8593168715981996,0.8129747913825279,0.08315115722040783,0.9999999868143108
haptic_force_visual_motion,1.0,149,0.6849643479819253,0.7298350713132409,8.805735190746521,0.45283637487172973,1.0,0.0,0.0,0.0,0.0,1.0836301019250314,0.20171259136513206,0.0,0.009347977447928795,0.8575387291006884,0.8078164117475818,0.080710310931516,0.0
haptic_force_visual_motion,1.0,150,0.6517530961342288,0.5329842993094981,5.975022503413472,0.8751982411750852,0.0,1.0,0.0,0.0,0.9302356461778811,2.094841951740482,1.4038942350557957,1.0,0.01619801280113041,0.834128442324577,0.6924868612434543,0.0817767521055576,0.9999701738486835
haptic_force_visual_motion,1.0,151,0.6372618579027614,0.7495281905902743,5.909705151107071,0.42051249688049397,1.0,0.0,0.0,0.0,0.0,0.2248354364830318,0.026667360795698255,0.0,0.002852873538566364,0.860003447347211,0.8202698670155938,0.1399977526462802,0.0
haptic_force_visual_motion,1.0,152,0.7494323330152455,0.6288730506245244,5.486224900148407,0.6010093712712041,0.0,1.0,0.0,0.0,0.8856193501601113,1.9786634322516006,1.3537849000059414,1.0,0.01576219839197434,0.8524467850728247,0.7895518357238503,0.08165248318418686,0.9999518508076544
haptic_force_visual_motion,1.0,153,0.6279544884112132,0.5994045997377655,5.2365224558228505,0.7174682297241631,0.0,1.0,0.0,0.0,1.102144469752328,2.24943906712954,1.4682681946373444,1.0,0.014838746841586247,0.8446223536276072,0.7466479809697629,0.08728194879982963,0.9999955463758564
haptic_force_visual_motion,1.0,154,0.7602850898147766,0.570259201595249,5.447264266715755,0.8258536759664087,0.0,1.0,0.0,0.0,3.5095167504482294,5.322240657704101,7.647022523340314,1.0,0.026949690526530058,0.8363296036993604,0.694662080481201,0.08489752007383845,1.0
haptic_force_visual_motion,1.0,155,0.6121351308921182,0.5704887008268577,8.830852874603131,0.8492168940769065,1.0,0.0,0.0,0.0,0.0,0.2474563164233408,0.02870864500017773,1.0,0.006851597206623888,0.8505019260742737,0.7742994268959676,0.13875464712843466,0.0
haptic_force_visual_motion,1.0,156,0.5196801753339791,0.5509240729241237,7.8367296526358015,0.7242311061805524,1.0,0.0,0.0,0.0,0.0,0.28350776832945174,0.017169430054399203,0.0,0.011501548609606851,0.8475116369502338,0.7601873390601098,0.08332918440024653,0.0
haptic_force_visual_motion,1.0,157,0.6837868648196759,0.6138120845761619,8.269390583390633,0.42251662318893196,1.0,0.0,0.0,0.0,0.0,0.9818140016209782,0.17235901938217668,0.0,0.011749090182504274,0.8648207419822371,0.8414926106172358,0.08251508249097966,0.0
haptic_force_visual_motion,1.0,158,0.682579695215857,0.5513473770587698,7.706911187087903,0.8845264692156715,1.0,0.0,0.0,0.0,0.0,0.17585833175529894,0.02755012130186948,1.0,0.009485810824808798,0.8449831647159941,0.7399344656818515,0.08374157682849603,0.0
haptic_force_visual_motion,1.0,159,0.6819688788670195,0.6430092450303695,5.482248313799515,0.8772509702838046,0.0,1.0,0.0,0.0,0.023069851593162133,0.6593571843812317,0.24869880565439473,1.0,0.009519498820538614,0.8423221990983307,0.7293609462682511,0.20637697228423424,0.23712359099775215
haptic_force_visual_motion,1.0,160,0.7238077771168057,0.506352336044998,6.687835365910884,0.6555212375407784,0.0,1.0,0.0,0.0,1.0571405766608932,2.3791455310464213,1.9893134280211786,0.0,0.017138620496620766,0.858080336330638,0.8076467561966265,0.0820455460608723,0.9999930080695654
haptic_force_visual_motion,1.0,161,0.5868848830578477,0.43261638340637043,7.439653447531553,0.4319539624042858,0.0,1.0,1.0,0.0,0.7848487390335414,2.194400895720029,1.4082779423592096,0.0,0.01813343391482351,0.8620617675288251,0.8366515208201112,0.08233070538694408,0.9998626703394315
haptic_force_visual_motion,1.0,162,0.6677049344832394,0.5699575077165526,7.549700337191445,0.7565061019603955,1.0,0.0,0.0,0.0,0.0,0.5555734931391363,0.07204469132861424,0.0,0.012436407265828708,0.8394049888958445,0.7167254410901549,0.08283601474509401,0.0
haptic_force_visual_motion,1.0,163,0.5683742892780188,0.49061182377062673,8.138050527796365,0.6946321998359554,1.0,0.0,0.0,0.0,0.0,0.12247278343930414,0.014905312220571102,0.0,0.010908124128315494,0.8466376828024859,0.7579887346812223,0.08029726611000894,0.0
haptic_force_visual_motion,1.0,164,0.6603302465082259,0.672018289222305,7.668203138810281,0.43793076906743733,1.0,0.0,0.0,0.0,0.0,0.32340187108989094,0.022934797852113102,0.0,0.00736791829611056,0.8636066097032474,0.8290566131930069,0.07929227654212305,0.0
haptic_force_visual_motion,1.0,165,0.6010034565960085,0.701887621849048,6.62994001667134,0.6038223865402392,0.0,0.0,1.0,0.0,0.0,0.3926784459452701,0.06142730834001712,0.0,0.013172022694309093,0.8495924460006157,0.7807306691203628,0.9068437219010573,0.0
haptic_force_visual_motion,1.0,166,0.5321846659342573,0.6128124690173944,5.648959934774079,0.4259311326220065,0.0,1.0,0.0,0.0,0.08275509652604188,0.8949703177017596,0.1589977322493173,0.0,0.012245662970988601,0.8528849096736868,0.7897221906974969,0.08065605147372924,0.6166756040266588
haptic_force_visual_motion,1.0,167,0.5023911584124543,0.6534420551149777,5.57986027475494,0.5304320611815698,1.0,0.0,0.0,0.0,0.0,0.2717566138682742,0.015806319238962793,1.0,0.010516819569406845,0.8548240966941444,0.7980408937897074,0.08476601230561842,0.0
haptic_force_visual_motion,1.0,168,0.5818856417603273,0.6321812462901267,8.727702916223645,0.5091220206658356,1.0,0.0,0.0,0.0,0.0,1.0008337322407137,0.16992738410300984,0.0,0.009459614714872533,0.8608327198703918,0.8286789786046042,0.08586175061812705,0.0
haptic_force_visual_motion,1.0,169,0.4772705956727116,0.6500785397105853,8.507418829341061,0.4558553054605622,1.0,0.0,0.0,0.0,0.0,0.20370492781741287,0.0124709544661425,0.0,0.0033468804635662665,0.8537916948395387,0.7888998568706518,0.07913944008143352,0.0
haptic_force_visual_motion,1.0,170,0.5040974569468477,0.4334849919435187,5.612177026018142,0.49623670837925554,0.0,1.0,1.0,0.0,0.1979656854400971,0.9783415098484332,0.49893305458191683,0.0,0.008324310918915768,0.8554916315448045,0.7952952868725227,0.08437687271370792,0.896868047914019
haptic_force_visual_motion,1.0,171,0.7560420587985484,0.4883631884091434,7.368933702606872,0.780088206088593,0.0,1.0,0.0,0.0,0.6299272681515921,1.8571550006096376,1.401255583704154,0.0,0.016513217909797623,0.8416324627581931,0.7228073885431713,0.08769681693179453,0.9991956862234499
haptic_force_visual_motion,1.0,172,0.5372369011118845,0.4431841323871216,6.753852632314166,0.5852774894487309,1.0,0.0,0.0,0.0,0.0228817016733728,0.7824906619511363,0.2974035660389801,0.0,0.009746898417925304,0.857938349382473,0.8022067704636308,0.08561496881676611,0.23543566939831773
haptic_force_visual_motion,1.0,173,0.7750990885961323,0.7587721382704329,6.60866812873768,0.6366356662404735,0.0,1.0,0.0,0.0,0.11822217454836043,1.0855444515551123,0.24561364316179338,0.0,0.010690756170761572,0.8400982110287475,0.7139644400272953,0.08293408981557365,0.7453856573368394
haptic_force_visual_motion,1.0,174,0.6940801212427694,0.652465246007827,5.371983018421432,0.7125659633826248,0.0,0.0,1.0,0.0,0.0008269089277724727,0.49652492949867194,0.19695773136561076,0.0,0.004448058613172543,0.8535989256020907,0.7801846150926062,0.9527393182644894,0.0
haptic_force_visual_motion,1.0,175,0.5555899154021307,0.6477859254714633,5.9065991371162685,0.7809457550014982,0.0,0.0,1.0,0.0,0.0,0.6178793026222357,0.09762779093380418,0.0,0.004347415975285682,0.8446208264508469,0.7421212615949653,0.9939535247460516,0.0
haptic_force_visual_motion,1.0,176,0.5046772504316641,0.743215997143069,5.67034255170144,0.836895873900521,0.0,1.0,0.0,0.0,0.12192403635547686,1.5094709793223244,0.4278636208890183,1.0,0.007158446398127721,0.8463018775783188,0.7387104322023431,0.07923418450552108,0.7556378384607764
haptic_force_visual_motion,1.0,177,0.6159752574304681,0.6759880170078718,5.875724821283805,0.8923133433678796,0.0,1.0,0.0,0.0,0.10396936361816927,0.9425829017514137,0.2065693367522795,1.0,0.00997398866133487,0.8447937517051546,0.74281996190983,0.08001826885624123,0.6996188170354796
haptic_force_visual_motion,1.0,178,0.7578933111625953,0.4837437538426665,6.781609602294024,0.7508509326762169,0.0,1.0,0.0,0.0,1.1226033071367052,2.4569176672655964,2.327371928718703,1.0,0.01787126570237194,0.8472161660340431,0.7573685701280652,0.08225546847556134,0.9999965835893956
haptic_force_visual_motion,1.0,179,0.6209366664881801,0.5785303670972222,7.767150742673075,0.7514093656391626,1.0,0.0,0.0,0.0,0.0,0.794055021420246,0.11548288348342141,1.0,0.01031912956977668,0.8479424472094195,0.7502595383549792,0.08338746238060381,0.0
passive_noisy_force,1.0,0,0.7350786076744003,0.6452548929674281,7.970115985999453,0.7587117495816114,1.0,0.0,0.0,0.0,0.0,0.8196167533736488,0.4294769522165917,1.0,0.011215849645233334,0.8467818569480573,0.7418181828368399,0.19694004596683742,0.0
passive_noisy_force,1.0,1,0.5603779747546027,0.530339659247253,5.202359146052119,0.7026733218721193,0.0,1.0,1.0,0.0,0.15406306297167963,0.9546533312634918,0.4854562744533541,0.0,0.0067137244510030005,0.851116347649719,0.7720399442265986,0.7616094767278188,0.8437880730845435
passive_noisy_force,1.0,2,0.6920554994078632,0.7195130684425348,5.662002356993421,0.8844849934125281,0.0,1.0,0.0,0.0,0.011426820698373905,0.7304651195854559,0.36619704848204326,1.0,0.011431554537901598,0.8398259708136154,0.7165091428253133,0.4911135204269966,0.15679221406066812
passive_noisy_force,1.0,3,0.6858056422593265,0.6909085696388425,5.902743561255258,0.6766337631915464,0.0,1.0,0.0,0.0,0.29807934459166413,1.4031775948987533,0.5362567169325458,0.0,0.010558386733454588,0.8516271325159207,0.7678051072854118,0.12449273630622465,0.973227067255984
passive_noisy_force,1.0,4,0.630306008181052,0.690404696231677,7.401118723023023,0.7435582012369586,0.0,0.0,1.0,0.0,0.0,0.8596880117824335,0.6597537838409564,1.0,0.005097658945086847,0.8384503287126425,0.7019865023205882,0.9897485733778987,0.0
passive_noisy_force,1.0,5,0.6227267598180151,0.42595902778327954,7.22349964073609,0.5617224855020196,0.0,0.0,1.0,0.0,0.0,0.6902774367607925,0.46850828108551573,0.0,0.010216184047003512,0.8526679961910582,0.7751533427860327,0.9999994992138178,0.0
passive_noisy_force,1.0,6,0.5163689417869296,0.48057349836818397,8.183037704789513,0.799857586135184,1.0,0.0,0.0,0.0,0.0,1.1257723067498138,0.3825903967636023,1.0,0.0125759265286933,0.8457539761054085,0.7491265588748425,0.12719194429813635,0.0
passive_noisy_force,1.0,7,0.6509104452665745,0.7266127384164403,6.427956773410538,0.5258344512934474,0.0,0.0,1.0,0.0,0.0,0.8974848660664092,0.7106572707092869,0.0,0.010610318645951813,0.8530043686192128,0.7764882157177109,0.9924360207372176,0.0
passive_noisy_force,1.0,8,0.7651029721038141,0.7531873952859736,5.359586783025729,0.8403561154870232,0.0,1.0,0.0,0.0,0.22179582621546748,1.1870921552627363,0.5606573203249537,1.0,0.008000987406263274,0.8442061985237395,0.7322017356067906,0.2655267151775329,0.938565760906279
passive_noisy_force,1.0,9,0.5031184228852139,0.4561596450241453,8.34935742325986,0.7033388842623306,0.0,0.0,1.0,0.0,0.0,0.6912477699154955,0.4728781377377682,0.0,0.011258170355752307,0.8427348846814963,0.7350368572043205,0.639747593758179,0.0
passive_noisy_force,1.0,10,0.6605064432942697,0.4838588634006484,7.763149910671756,0.7957957035022627,0.0,0.0,1.0,0.0,0.0,0.9874466214931863,0.5648950382296722,1.0,0.006454053737197853,0.8474764497549488,0.7486956679270307,0.9999998633431828,0.0
passive_noisy_force,1.0,11,0.6520330282036775,0.7218399269511461,7.458363488188207,0.4257446605415862,1.0,0.0,0.0,0.0,0.0,0.7113304111196108,0.4643630394897836,0.0,0.010744050918785279,0.8625528667133263,0.82445480240605,0.40594924003787924,0.0
passive_noisy_force,1.0,12,0.6961285859598586,0.727447564074245,8.269247309633672,0.7491339542218849,1.0,0.0,0.0,0.0,0.0,0.6949546143794456,0.4385643098349892,0.0,0.005736911321134168,0.8433739818954875,0.7320199588349698,0.4019477616197397,0.0
passive_noisy_force,1.0,13,0.5065566904842159,0.7371772818266771,5.501968236129903,0.8706982614304412,1.0,0.0,0.0,0.0,0.0,0.7057271848991954,0.3885067906346103,1.0,0.005478962282675459,0.8417852551145044,0.7264483872428353,0.3388439371032566,0.0
passive_noisy_force,1.0,14,0.7698982349853145,0.6216088028468538,6.592569738265035,0.8908415035356951,0.0,1.0,0.0,0.0,0.142600414470313,1.1470409689482346,0.5610415315515974,1.0,0.013627130715766114,0.8372505514026245,0.7020515652551157,0.3239468546725965,0.8444817889606635
passive_noisy_force,1.0,15,0.5192710697246881,0.650360629526801,6.415029190001384,0.4395674628921738,1.0,0.0,0.0,0.0,0.0,0.7148390276179447,0.4007849872137396,0.0,0.005986953243974055,0.855893549507463,0.7986417654802639,0.4035839813477479,0.0
passive_noisy_force,1.0,16,0.5586676173548042,0.5950738156488651,5.358050611217072,0.8534165527875758,0.0,1.0,0.0,0.0,0.47269103499583714,1.5498796123383234,0.6337087188884993,1.0,0.013572326594495745,0.8506287304652748,0.7790736233589952,0.12614584395195788,0.9960227330161063
passive_noisy_force,1.0,17,0.6484750251094373,0.6046342300521504,7.05872721613221,0.4962816373066091,1.0,0.0,0.0,0.0,0.0,0.7385313359994307,0.43388433314200214,0.0,0.00951760720967014,0.8546176506128705,0.7770530513216257,0.32035305877180076,0.0
passive_noisy_force,1.0,18,0.6643523056452513,0.6501094799775337,8.096509907254884,0.9025741491237853,1.0,0.0,0.0,0.0,0.0,0.6972540419756404,0.48581508825135,1.0,0.006195940421836483,0.8414184226008404,0.719553246648526,0.6753935775749734,0.0
passive_noisy_force,1.0,19,0.6201598908799298,0.6606192885789123,5.825750677399888,0.88538161898682,0.0,1.0,0.0,0.0,0.15952510358606117,1.119208185147275,0.4179786000315077,1.0,0.008892632910608756,0.8469710061350805,0.7447319256048484,0.16516101289482094,0.8614485704597205
passive_noisy_force,1.0,20,0.47869540518292525,0.5002651051061271,8.205251498668556,0.6848965169222252,0.0,0.0,1.0,0.0,0.0,0.6704276955890544,0.3606912050427065,0.0,0.011389163835484559,0.8401984433049323,0.7255815400348565,0.37296282809816805,0.0
passive_noisy_force,1.0,21,0.5760151407451894,0.4425846350518313,5.701819167597361,0.8130188130735863,0.0,1.0,1.0,0.0,0.8132861809179212,1.9792227255490624,1.315749188577986,1.0,0.014357444154309852,0.846486141250787,0.7452971044444935,0.24142705442276682,0.9999129248710696
passive_noisy_force,1.0,22,0.693688656292063,0.6016915524765093,8.642866482246513,0.6376249750151834,0.0,0.0,1.0,0.0,0.0,0.7536084016390637,0.5628258685225339,0.0,0.0075900025919357975,0.8457082042739371,0.7432445234978188,0.8862509811138027,0.0
passive_noisy_force,1.0,23,0.5899230762480041,0.6826347932430137,7.800537199655555,0.8975430386969285,1.0,0.0,0.0,0.0,0.0,0.7084544098240332,0.386767672692145,1.0,0.005614710922868785,0.839937880329163,0.7138245635109406,0.31306784395301146,0.0
passive_noisy_force,1.0,24,0.6415539789379126,0.5827363215729159,6.99356043929329,0.5349877675631012,1.0,0.0,0.0,0.0,0.0,0.6885981935280987,0.36173119097211,0.0,0.009105931241789775,0.8526227701310392,0.7818991791596815,0.4502148825901138,0.0
passive_noisy_force,1.0,25,0.49668373388960957,0.6554617089265213,8.599839439755538,0.7989422207070538,0.0,0.0,1.0,0.0,0.0,0.684141465461048,0.4636648797869287,1.0,0.0016672142374909342,0.8496969453338792,0.7659997242109954,0.7023657237178913,0.0
passive_noisy_force,1.0,26,0.6069349561066164,0.5625641476028727,6.438070342892722,0.4634387694009907,0.0,1.0,0.0,0.0,0.5291138462897189,1.8792469270211762,0.7280897224781278,0.0,0.01593530869823326,0.852428499202424,0.7833851802282539,0.08170182356436956,0.9980481610393676
passive_noisy_force,1.0,27,0.7040482737160519,0.446664617595985,5.408384850996916,0.9148613245100239,0.0,1.0,1.0,0.0,1.7797433719891478,3.1306519584526646,3.2573318427747724,1.0,0.019971051528033048,0.8399780947556068,0.7157158375783961,0.20748823936108626,0.9999999980058931
passive_noisy_force,1.0,28,0.5394917815309517,0.449948035780501,7.025057022275928,0.5756971891560037,0.0,1.0,1.0,0.0,0.14373782964469536,1.171516760936091,0.5279152581337646,0.0,0.015960377595044224,0.854353920027828,0.8017648874815598,0.20869924116737584,0.832553302088149
passive_noisy_force,1.0,29,0.5754935596885021,0.6883526959959076,8.271315496670734,0.786200221846421,1.0,0.0,0.0,0.0,0.0,0.693811524225878,0.47620339970860726,1.0,0.006486499871700273,0.8467903614659908,0.7582341324760574,0.6898049246731831,0.0
passive_noisy_force,1.0,30,0.7598078040966818,0.41221505219665466,7.313793336480924,0.44673628770826834,0.0,1.0,1.0,0.0,1.7083969559019065,3.3903100484527244,3.63751479911472,0.0,0.028462853249040434,0.86570349554906,0.853829982765714,0.12992730863986407,0.9999999959387296
passive_noisy_force,1.0,31,0.5571546161154641,0.5250102483688684,7.459400079896335,0.7464011203999033,1.0,0.0,0.0,0.0,0.0,0.8862155236628249,0.35599697771199296,0.0,0.011233470131107967,0.8457304767003532,0.7481775659997536,0.20239780950369857,0.0
passive_noisy_force,1.0,32,0.5786949221539273,0.5287746980423941,6.535925756150604,0.7827001244129221,0.0,0.0,1.0,0.0,0.0011111334263978335,0.71166210539606,0.35102960140441514,0.0,0.009169428819746318,0.8499034577921226,0.7672858265953426,0.46600583043464117,0.0
passive_noisy_force,1.0,33,0.663867142672285,0.5950058481740761,7.777239700962248,0.6133840472703679,1.0,0.0,0.0,0.0,0.04371890753249675,1.3056544677115256,0.4004123892940673,0.0,0.015060760166180132,0.8522923448549364,0.7753039341201153,0.10077672766427766,0.4545969699260022
passive_noisy_force,1.0,34,0.7985059069692655,0.6474302959249316,8.66670091644614,0.6408221683286275,0.0,0.0,1.0,0.0,0.0,1.2874062092444292,1.0009347835208264,0.0,0.004571809915208611,0.8522890172784169,0.7817706358357873,0.9999981113608984,0.0
passive_noisy_force,1.0,35,0.6478889333006712,0.5381875900053612,5.7154379721138575,0.8424636366057079,0.0,1.0,0.0,0.0,0.6659854100703624,1.7849348125685947,0.9862705260940118,1.0,0.013083109863868543,0.8428435811128785,0.7283711244565845,0.19872706251213595,0.9995486222091219
passive_noisy_force,1.0,36,0.6808317923725713,0.6675662643215331,7.584453412164093,0.4951177240894126,1.0,0.0,0.0,0.0,0.04627080710649852,1.5310347441150565,0.444993268289353,0.0,0.013926670673560933,0.8571411909469181,0.7987015979748644,0.08227090246698213,0.47438976645367403
passive_noisy_force,1.0,37,0.6781058925600596,0.5978477530002674,5.398704800093112,0.545050752774485,0.0,1.0,0.0,0.0,0.7812667105133205,1.9011980165373392,1.0217886578384932,0.0,0.012036661085839569,0.8604589478845827,0.8206268591734341,0.1954997589136743,0.9998650439804173
passive_noisy_force,1.0,38,0.7508438180172725,0.6572768058107901,8.185420974667705,0.5315663166288352,1.0,0.0,0.0,0.0,0.012266759333508863,1.3123861972948843,0.4160959564756094,0.0,0.014994748962128115,0.8510173296892222,0.7660282594999966,0.08503211511253911,0.17389218109036852
passive_noisy_force,1.0,39,0.6146850281027452,0.7220878913143061,6.217237409814611,0.47556251280868267,1.0,0.0,0.0,0.0,0.0,0.6825330435817749,0.4578337751630069,0.0,0.0029859257624894235,0.8577259144656108,0.8046596906323921,0.5149540130916741,0.0
passive_noisy_force,1.0,40,0.4646540232551225,0.5287118223778,7.229473784710883,0.8569551846784187,0.0,0.0,1.0,0.0,0.0,0.6717788027273802,0.4405276788540688,1.0,0.005521553952503775,0.8453022740054149,0.7436142633707181,0.5584142615519246,0.0
passive_noisy_force,1.0,41,0.5809123189505615,0.6623009073730872,8.27992521151703,0.6725271786389029,1.0,0.0,0.0,0.0,0.0,0.8320350912027349,0.410931093664272,1.0,0.015119206094369663,0.8456709009048315,0.7577630699199506,0.21474068592164994,0.0
passive_noisy_force,1.0,42,0.5487654471722619,0.5543742859630773,6.994470805629254,0.6320159858692245,0.0,0.0,1.0,0.0,0.0,0.6943405696240355,0.482094429220558,0.0,0.0054021315974378415,0.8506583310451155,0.7693047969769549,0.6450094465059952,0.0
passive_noisy_force,1.0,43,0.6816832763712878,0.5560007245008559,7.805472010081971,0.9095069074782489,0.0,0.0,1.0,0.0,0.0,0.6650825957846197,0.4166944325607353,1.0,0.010108465983612168,0.8426507792418431,0.7245496828794389,0.5876862575170055,0.0
passive_noisy_force,1.0,44,0.4629601529945428,0.6811504631090914,6.712855624425636,0.9130825217273605,1.0,0.0,0.0,0.0,0.0,0.7134582737774731,0.36317352684995646,1.0,0.011944057582326102,0.84207869605361,0.7354830760026132,0.3238833125081685,0.0
passive_noisy_force,1.0,45,0.6595733320523127,0.588108491040781,7.4957176256347395,0.5555383594695844,1.0,0.0,0.0,0.0,0.0,0.7230010378516921,0.46264243051860376,0.0,0.011281447262142348,0.8531377037526722,0.7914379113390339,0.3726550910068147,0.0
passive_noisy_force,1.0,46,0.6277111347599502,0.4443877476707343,6.364426817852278,0.5356497219430866,0.0,1.0,1.0,0.0,0.5668558914680937,1.706246446021226,1.105383582734656,0.0,0.014837639292862187,0.8491438277565584,0.7652318318022334,0.3710502994251545,0.9985931675387074
passive_noisy_force,1.0,47,0.6825302342866818,0.44898393311789175,6.12770828216594,0.464492561601413,0.0,1.0,1.0,0.0,1.0527347337619775,2.3474458124949393,1.9138783828370185,0.0,0.017941602340642567,0.8570561738663348,0.8098660915327897,0.29743391795830626,0.9999938064607887
passive_noisy_force,1.0,48,0.5667975262028062,0.41732078660292177,6.094597166621461,0.7751458238652669,0.0,1.0,1.0,0.0,0.5534119236296889,1.6603010515523717,1.0726096900982869,0.0,0.014001368300424063,0.8368761426750299,0.6991387338857155,0.3811676828160936,0.9984323972694135
passive_noisy_force,1.0,49,0.47821245322386424,0.4439404724236392,7.708464622218809,0.5941178603756156,0.0,0.0,1.0,0.0,0.0,0.9748598898488978,0.6878324525955272,0.0,0.0038162979301033955,0.8526389257643978,0.779210791736454,0.9989279266292992,0.0
passive_noisy_force,1.0,50,0.6770524675627684,0.7420504992486021,7.661751854499476,0.5166250510259115,1.0,0.0,0.0,0.0,0.0,1.013492002720619,0.38164345123220866,0.0,0.007761186227999708,0.8505362592988177,0.7661887436110627,0.155422506200602,0.0
passive_noisy_force,1.0,51,0.7254229103626164,0.5568832293986676,6.069224362329743,0.5023701661723605,0.0,1.0,1.0,0.0,0.22486648443597945,1.1724139961680935,0.6655220466774924,0.0,0.011213632298638672,0.8461381501822717,0.7473596499793028,0.8570098810226718,0.9347387830056515
passive_noisy_force,1.0,52,0.5488494000146324,0.49886845844254557,5.860318815425115,0.6202515867657374,0.0,1.0,1.0,0.0,0.1765460341209446,1.083625865733962,0.4856405514825568,0.0,0.009564164080060113,0.8487410986555732,0.7594382284349107,0.374940530456501,0.882110122263681
passive_noisy_force,1.0,53,0.7359954357497054,0.6897657672859347,8.601504528946526,0.536616943457037,1.0,0.0,0.0,0.0,0.0,0.9183520645399094,0.3991472765334629,0.0,0.009494658652474695,0.8597115812813245,0.8152118328807825,0.20045560102308507,0.0
passive_noisy_force,1.0,54,0.7413110058732115,0.529375343554993,7.9168328497895875,0.47372344006906714,0.0,0.0,1.0,0.0,0.0,0.9844955543467319,0.8899242609253444,1.0,0.021127193981001106,0.853712135205587,0.8073489145744409,0.9999111423661308,0.0
passive_noisy_force,1.0,55,0.6286303462257214,0.42024292943989233,7.262110665785416,0.8207063774557444,0.0,0.0,1.0,0.0,0.037694551883534246,0.892701743936259,0.5714476598249258,1.0,0.013773954361745448,0.8373664487717973,0.7089506465299246,0.997994423583424,0.41565181785527927
passive_noisy_force,1.0,56,0.6139720182695524,0.6169685622499351,5.482793794310049,0.5058088256511717,0.0,1.0,0.0,0.0,0.05059013238451522,0.7958328813958622,0.3909671718663473,0.0,0.011951885698146628,0.8560489929590122,0.8043436629614786,0.5457317821338964,0.47682006893065165
passive_noisy_force,1.0,57,0.5504886803966008,0.577833750538342,7.498421001132135,0.6588058261605415,1.0,0.0,0.0,0.0,0.0,0.6672996597444985,0.42677053228973094,0.0,0.005815306993188609,0.8484939635346879,0.7522694222223034,0.45420743669710384,0.0
passive_noisy_force,1.0,58,0.46407097847167256,0.6265297996593218,7.657823850346388,0.4253348134109524,1.0,0.0,0.0,0.0,0.0,0.7639503126870127,0.47799976372268166,0.0,0.01729872277264961,0.8539208856038945,0.8068276688629944,0.5603011119879704,0.0
passive_noisy_force,1.0,59,0.7766611177030935,0.6431907728511765,7.156224890080796,0.737644155867285,0.0,0.0,1.0,0.0,0.0,0.6946598995528168,0.4364112791436099,0.0,0.010167360172856871,0.8409737910895639,0.7160702797199353,0.9211406942188554,0.0
passive_noisy_force,1.0,60,0.7086380563296131,0.6850262910939736,7.263132388223765,0.8293555028044697,1.0,0.0,0.0,0.0,0.0,0.7021054055082881,0.4923053836310891,0.0,0.006451139869334668,0.8358885616066971,0.6941115428545658,0.7791234737386523,0.0
passive_noisy_force,1.0,61,0.7159933678275132,0.6272230730950554,5.838591547594616,0.576334993416354,0.0,1.0,1.0,0.0,0.026445879061363687,0.7747105185076724,0.41930244475895606,0.0,0.007483136222301068,0.8545861039657654,0.7915678281158012,0.9702792493984959,0.32202363899676456
passive_noisy_force,1.0,62,0.6052159035784126,0.6610106010227815,6.571401564654886,0.43228649690458687,1.0,0.0,0.0,0.0,0.0,0.9053546933930615,0.3670115766917784,0.0,0.007617278266853039,0.8573440414906295,0.8050342923885051,0.25908709800865404,0.0
passive_noisy_force,1.0,63,0.5538731087896042,0.6292463062496533,7.0783956762920734,0.529164243757998,1.0,0.0,0.0,0.0,0.0,1.0441206450592662,0.36617402422296297,0.0,0.007322529379433551,0.8629758122025046,0.8316032450943656,0.16424246633967501,0.0
passive_noisy_force,1.0,64,0.7568154826732729,0.5222076755129733,7.404803384136702,0.8198605755723734,0.0,0.0,1.0,0.0,0.006653820403619315,0.7826176906618525,0.5360775814371782,1.0,0.014314175433698074,0.8432195175415129,0.7381511959608039,0.9998822707067164,0.09194791935701363
passive_noisy_force,1.0,65,0.5030709302568315,0.4283216388396213,8.887878122630799,0.9071749578582984,0.0,0.0,1.0,0.0,0.0,0.6709874945295755,0.4269173680283322,1.0,0.013295483319342794,0.8495396117828071,0.7551634724344637,0.3875799746914242,0.0
passive_noisy_force,1.0,66,0.46416318091447395,0.4797169853681861,8.520696192965124,0.6504521539526964,0.0,0.0,1.0,0.0,0.0,0.7457720470147192,0.5370624643366593,0.0,0.00517518828734344,0.8558065854541275,0.7972375043859773,0.8012079445227112,0.0
passive_noisy_force,1.0,67,0.7914378762676617,0.5589831996334755,6.267322973378257,0.48408567901329663,0.0,1.0,0.0,0.0,1.177841268544276,2.6152078450562524,1.956471293200513,0.0,0.01979039730981873,0.8585472590760109,0.8026104447020234,0.10956912278090572,0.9999986150713543
passive_noisy_force,1.0,68,0.7997113956310018,0.5897674042290548,5.592161226936101,0.8843012635784249,0.0,1.0,0.0,0.0,0.9159680510012328,2.091876601777509,1.4578358815558854,1.0,0.015302895756565604,0.8430841820315368,0.7303738955332756,0.31045635299285174,0.9999729570048036
passive_noisy_force,1.0,69,0.5942311569770108,0.703801376095327,7.679483069995802,0.6354577938941619,1.0,0.0,0.0,0.0,0.0,0.6750899000098997,0.43119196053538533,0.0,0.002898814949903634,0.8577765469763702,0.8064726984525887,0.4872482871408113,0.0
passive_noisy_force,1.0,70,0.5599066402960162,0.6284426479948271,7.107968694211678,0.609029090876041,1.0,0.0,0.0,0.0,0.0007822423865369597,1.2548270227180536,0.47390108936914466,1.0,0.014248948871976188,0.8579401500927583,0.7938134914045721,0.101318525859414,0.0
passive_noisy_force,1.0,71,0.7732240635679039,0.5182223895493544,7.643101795527786,0.5680375416624435,0.0,1.0,0.0,0.0,0.5951506732407438,2.0395119903155434,1.2890006897421913,0.0,0.021716428201492374,0.8478410099521199,0.7674972471779873,0.10369641440806597,0.9991466879871438
passive_noisy_force,1.0,72,0.5250627795213392,0.6608118040318236,6.389722997352497,0.6023671864682183,1.0,0.0,0.0,0.0,0.0,1.1437422726625888,0.3727894165438421,0.0,0.007217995870841994,0.8520285873373539,0.7751840978336629,0.1575743713243206,0.0
passive_noisy_force,1.0,73,0.6591359761164995,0.4160194767879919,7.037476988339485,0.7900506637824325,0.0,1.0,1.0,0.0,0.09275331929563302,1.0063378090341308,0.7257689238161708,1.0,0.012722569452650679,0.8425807478173414,0.7260964460134554,0.9999993062461544,0.7023270693110613
passive_noisy_force,1.0,74,0.7050511462770198,0.5346269027232354,8.893593844065599,0.5898173079814084,0.0,0.0,1.0,0.0,0.0,1.2739931130798479,0.9426934803150346,0.0,0.0068078810723129785,0.8489675933349459,0.7646048435362295,0.9999997171389233,0.0
passive_noisy_force,1.0,75,0.6909574217061333,0.6883830169123093,8.295908118786294,0.8193147404620138,0.0,0.0,1.0,0.0,0.0,1.0827189658951504,0.783471507819643,1.0,0.0027699378613048066,0.8381393960905511,0.6997331182423013,0.9999562811280339,0.0
passive_noisy_force,1.0,76,0.5096854139358041,0.6130242802102605,5.596435641855551,0.7393221626253816,0.0,1.0,0.0,0.0,0.022928222894140832,0.8497252722409759,0.35279850264411466,1.0,0.005484829824990452,0.8482877277963378,0.7509863269733376,0.2069667628483964,0.28410973384450666
passive_noisy_force,1.0,77,0.7256338768854182,0.726727525484345,8.24014939330178,0.6422972025679803,1.0,0.0,0.0,0.0,0.0,0.8666009548632653,0.41437790683860326,0.0,0.010813276152499385,0.8500612006134981,0.7716800052315891,0.19669402268469022,0.0
passive_noisy_force,1.0,78,0.5086909587541919,0.6570886045938453,8.670236859878731,0.5237445973114645,1.0,0.0,0.0,0.0,0.0,1.140820216150178,0.4508892548512704,0.0,0.017948741296414942,0.8450570917009269,0.7578980528334236,0.12876526376923,0.0
passive_noisy_force,1.0,79,0.4985938185714495,0.5386024595029721,8.367907393091324,0.865303806401609,0.0,0.0,1.0,0.0,0.0,0.6493242514334638,0.37888670629682797,1.0,0.005767136460285489,0.8415211689346627,0.7205884657499838,0.4033702289169056,0.0
passive_noisy_force,1.0,80,0.5759894189239423,0.5526493231818566,7.5631711443681064,0.6858249939901646,0.0,0.0,1.0,0.0,0.0,0.6835594534483563,0.4390974067981062,0.0,0.007626223077194176,0.8475514622740451,0.7518101685883021,0.4725974007589489,0.0
passive_noisy_force,1.0,81,0.6708440349481566,0.7457844136242269,5.263848652458722,0.6059723772443477,0.0,1.0,0.0,0.0,0.13366968070442786,1.0211637200662018,0.44385165516816116,0.0,0.012051151190873261,0.851170471480042,0.7784061479679981,0.2592159362881059,0.8214417443996084
passive_noisy_force,1.0,82,0.7913426488690358,0.4439222804689229,6.689846316325948,0.6137742081767024,0.0,1.0,1.0,0.0,1.318363201553471,2.82485159107421,2.9596309050151928,1.0,0.023526615184952034,0.8475550782882915,0.7491972415400957,0.29708622048849365,0.999999719948601
passive_noisy_force,1.0,83,0.5221791261764781,0.5844732230495214,8.05638244036135,0.6008070344969414,1.0,0.0,0.0,0.0,0.0,0.675182733422832,0.43485512657374625,0.0,0.017506702048189656,0.8481270749820242,0.77219052471582,0.49705585278432435,0.0
passive_noisy_force,1.0,84,0.6450147333256356,0.7188905905236599,5.747700850485748,0.8851179273312284,1.0,0.0,0.0,0.0,0.002103023769032297,0.6947853558552468,0.3833578388000188,1.0,0.013307832408721904,0.8389144100097845,0.7168356773759,0.39601707349063714,0.0
passive_noisy_force,1.0,85,0.6858286537055145,0.6392023060204408,8.34799409103033,0.7545409341639882,1.0,0.0,0.0,0.0,0.0,0.9571142966726681,0.3687964458274326,1.0,0.011295733793171652,0.8551033926295224,0.7855085301052995,0.15846531606552847,0.0
passive_noisy_force,1.0,86,0.5443020448762181,0.6205269027499568,6.818028433435279,0.8727528358589189,1.0,0.0,0.0,0.0,0.0,0.7064241102690327,0.395402991304416,1.0,0.005623091806601475,0.8439129922319479,0.7351776957628713,0.31986593158740023,0.0
passive_noisy_force,1.0,87,0.5949909140719084,0.5717273636310275,5.451284581787301,0.5886933907888421,0.0,0.0,1.0,0.0,0.0,0.6276312617318517,0.3904846543681067,0.0,0.002749240817854432,0.8626382885989178,0.8348441025396098,0.9993603582830605,0.0
passive_noisy_force,1.0,88,0.4611198361161537,0.6641539912773944,8.361365413825979,0.6031847965949699,1.0,0.0,0.0,0.0,0.0,0.6778873416051377,0.45935893318955257,0.0,0.001317804998870665,0.8501893890342189,0.7703191026059605,0.704654801920597,0.0
passive_noisy_force,1.0,89,0.7577671374456165,0.5189005358471324,7.508867817471062,0.6991950656834447,0.0,0.0,1.0,0.0,0.05049305069037465,0.9821379869585708,0.5697282830665102,0.0,0.014179708754812323,0.8417157848190125,0.723620893501798,0.9661144417846633,0.5253346982062214
passive_noisy_force,1.0,90,0.5968631507295493,0.7169616360423918,6.242280155220404,0.5064323195413498,0.0,1.0,0.0,0.0,0.08937889816786428,1.45037185540545,0.4313710534191633,0.0,0.009743669502566946,0.8573451741234741,0.804214017694482,0.08212779217325575,0.6808365021649815
passive_noisy_force,1.0,91,0.47270663111568095,0.6371006795391742,7.039979391640129,0.4411007863277481,1.0,0.0,0.0,0.0,0.0,0.6941472930394197,0.42483184724868217,0.0,0.001634231005642566,0.8596243415566588,0.8204136831233999,0.5010078095564597,0.0
passive_noisy_force,1.0,92,0.5387221861644257,0.5174811961077593,8.806798766843224,0.7156522071654102,0.0,0.0,1.0,0.0,0.0,0.783129318595259,0.5437151711014848,0.0,0.006896374569070854,0.8474682606242439,0.7587471388645726,0.9045793404656389,0.0
passive_noisy_force,1.0,93,0.5935406094357581,0.7491767013410755,7.067812871963189,0.8654543864470132,1.0,0.0,0.0,0.0,0.0,0.7046484234415172,0.46766251563040595,1.0,0.01340088985511632,0.8301848221693227,0.6734087676642548,0.3807350330421275,0.0
passive_noisy_force,1.0,94,0.5986739724565509,0.7102325252935341,5.466943856370638,0.5452062681337768,0.0,1.0,0.0,0.0,0.24896671237578621,1.3317206377188744,0.4073085314882279,0.0,0.008167048579112891,0.8611059046981502,0.8244359684596214,0.1242136595759421,0.9497485113929759
passive_noisy_force,1.0,95,0.5005529549176773,0.5833976641222939,6.985725646834922,0.7028034292990988,0.0,0.0,1.0,0.0,0.0,0.7365085370578062,0.5175468213829713,1.0,0.004287728488657833,0.8531841995612597,0.7761006210980312,0.8154885418773365,0.0
passive_noisy_force,1.0,96,0.6754183368066838,0.5651448477421102,6.873946907850332,0.5215951585741243,0.0,0.0,1.0,0.0,0.0,0.6483606370020748,0.3774027360046904,0.0,0.00746149059901573,0.8642169240949733,0.8391425699890359,0.8748892340054994,0.0
passive_noisy_force,1.0,97,0.587841945598759,0.7319325906613631,5.399586313658747,0.7160169034785204,0.0,0.0,1.0,0.0,0.0,0.7804831399917035,0.5359596303868324,0.0,0.0015843725090995153,0.8510547496431154,0.774804821869198,0.9928123230752649,0.0
passive_noisy_force,1.0,98,0.5377946501774,0.5140177844766712,6.330535447890191,0.460359033246532,0.0,0.0,1.0,0.0,0.0,0.7201549405715219,0.4549741002065954,0.0,0.006498617821906409,0.8572781075977366,0.8084603654791981,0.9987326515760426,0.0
passive_noisy_force,1.0,99,0.5269482358642755,0.6910382200104906,6.397883814145783,0.5705257813885817,1.0,0.0,0.0,0.0,0.0,0.77907520232645,0.39024624852951256,0.0,0.00321293170855434,0.8644812337237395,0.842574420838372,0.3314858617411396,0.0
passive_noisy_force,1.0,100,0.5386618707461306,0.5014262232397777,7.818173980054974,0.45654466859719955,1.0,0.0,0.0,0.0,0.0,0.7502762473825788,0.36290869241308876,1.0,0.009425931785144448,0.8625446766423644,0.8267817440014272,0.3101734610679171,0.0
passive_noisy_force,1.0,101,0.6269816283375833,0.4617289068290711,8.479007522432855,0.6524153041549112,0.0,0.0,1.0,0.0,0.0,1.1320370090874379,0.7153287720556643,0.0,0.007315261663997366,0.8549187294086737,0.787361788741728,0.9999997437778246,0.0
passive_noisy_force,1.0,102,0.5112713720728647,0.46628559344078657,8.286274028398307,0.5328429210954202,0.0,0.0,1.0,0.0,0.0,0.6863158885350388,0.47077860441706315,0.0,0.00830419504793187,0.8523335403462455,0.781071900454263,0.6270451240578876,0.0
passive_noisy_force,1.0,103,0.5033029590070403,0.7347872336344123,6.796194994449341,0.7210549101327702,1.0,0.0,0.0,0.0,0.0,0.6650991507371256,0.43753821556340283,0.0,0.010042696962036655,0.8410868874007046,0.7329187993957006,0.5427445719347249,0.0
passive_noisy_force,1.0,104,0.7860768882190012,0.6027647248332738,8.59198347255336,0.6454009260083844,0.0,1.0,0.0,0.0,0.43558154219342893,2.145112638052302,0.8170649962112561,1.0,0.023493795473583576,0.8451038936603371,0.7545512554243743,0.08874261383544375,0.9948254949332207
passive_noisy_force,1.0,105,0.5541373052837035,0.617903287259093,7.043459586116348,0.8935267015561441,1.0,0.0,0.0,0.0,0.0,0.6734626944133459,0.4534131972774636,1.0,0.008194489780180999,0.8406484945359027,0.7247557622294545,0.5825748522817549,0.0
passive_noisy_force,1.0,106,0.5060462934864257,0.6404361268044709,8.759824865526193,0.4200083864277853,1.0,0.0,0.0,0.0,0.0,0.6732650104244582,0.4193729441813054,0.0,0.00431802674274332,0.8649150866719817,0.842872223695048,0.5021175796462337,0.0
passive_noisy_force,1.0,107,0.6321810591096129,0.6108333947885649,5.35379141641373,0.6191719387488037,0.0,1.0,1.0,0.0,0.09556380100192394,0.8855419098942927,0.43086866468735896,0.0,0.010711316353595098,0.8474363032670096,0.7576144075465384,0.6292652495754664,0.7096813820688528
passive_noisy_force,1.0,108,0.7328646223524139,0.5433876651873851,5.8779838542617,0.8159030487370704,0.0,1.0,1.0,0.0,0.19215723569096685,1.0774788061069027,0.7438251375068263,1.0,0.010926596628295468,0.8547259847239749,0.7768945900982734,0.9998436350640412,0.909151922167742
passive_noisy_force,1.0,109,0.6995530206553063,0.4496959036685707,7.595383186283071,0.7586618177394866,0.0,1.0,1.0,0.0,0.21275758457869795,1.332498121835906,0.8216102372868321,0.0,0.016395400290114777,0.8395066572574256,0.709642761463658,0.7730064699126095,0.9316516874338513
passive_noisy_force,1.0,110,0.7367008886799746,0.6579297352883204,7.137458852647803,0.5137342945590664,1.0,0.0,0.0,0.0,0.0006860532519976483,0.7842142025965944,0.41652821375000426,0.0,0.009388355725855599,0.8534275675857029,0.7758352506161118,0.29895888140110394,0.0
passive_noisy_force,1.0,111,0.7497502459924943,0.5529799113777027,6.44336056316591,0.6365866717696325,0.0,1.0,1.0,0.0,0.033008384700980775,0.8177135599745136,0.5126130516010737,0.0,0.011010303801072104,0.8554784756723673,0.7992731455295256,0.9998317096205426,0.3810137198719432
passive_noisy_force,1.0,112,0.5426722803829305,0.5532088994965986,7.600863799350071,0.8114832184014049,0.0,0.0,1.0,0.0,0.0,0.8999903098453437,0.6301132570515904,1.0,0.003143160614420772,0.8437063713558525,0.7269443301954001,0.9944067171244847,0.0
passive_noisy_force,1.0,113,0.5933772551073133,0.6655403960778186,8.026762776001528,0.9186081376870925,1.0,0.0,0.0,0.0,0.0,1.0207851770389698,0.3938846477210539,1.0,0.008750649090497678,0.8325301885257401,0.676670533427466,0.1276207327267263,0.0
passive_noisy_force,1.0,114,0.7433213860103893,0.42725084369842103,8.674245624348895,0.5008005014885053,0.0,1.0,1.0,0.0,0.634656074870851,2.1793261308412224,1.4929061186465542,0.0,0.025211134790232452,0.8455898046901537,0.7520968391767308,0.13707868538960538,0.9994331676992725
passive_noisy_force,1.0,115,0.6919865641058798,0.638918487986455,8.754349364381568,0.7454712033566875,1.0,0.0,0.0,0.0,0.0,0.7447398993376607,0.3830171288469525,0.0,0.010000068792701778,0.8470635095588693,0.7557168287189105,0.30402999133052594,0.0
passive_noisy_force,1.0,116,0.7514797074367503,0.5781718721256472,7.725686754407588,0.5880524369232979,0.0,0.0,1.0,0.0,0.0,0.7695945113933587,0.5352969362822546,0.0,0.008378578694990398,0.8629411604692482,0.8251646653638495,0.9998323544704889,0.0
passive_noisy_force,1.0,117,0.4659931758461842,0.6377193227004336,7.7432088553777145,0.8132515047681732,1.0,0.0,0.0,0.0,0.0,0.662575870634592,0.43533013813435845,0.0,0.005460768195222759,0.840473500487951,0.7195100515222775,0.60660397098649,0.0
passive_noisy_force,1.0,118,0.4814334264466744,0.4697101945429124,7.166462870705261,0.8349533065055752,0.0,0.0,1.0,0.0,0.0,0.7829278573634505,0.3638728634923222,1.0,0.009226304889424108,0.8419549801694721,0.7260757988084624,0.25069315149995064,0.0
passive_noisy_force,1.0,119,0.6926795470375642,0.7300740026597375,8.292204458430898,0.899987231563421,1.0,0.0,0.0,0.0,0.0,0.6940350176108707,0.4482586460413234,1.0,0.006752853957563873,0.8402661489182098,0.718249501513358,0.4153482214861028,0.0
passive_noisy_force,1.0,120,0.7760974496879407,0.6571538324984828,7.381774862886969,0.42199747422425676,0.0,0.0,1.0,0.0,0.0,0.6999957838477234,0.48747827942552685,0.0,0.010916599231713002,0.8658067240287625,0.8362247612180881,0.8425013423606461,0.0
passive_noisy_force,1.0,121,0.782648809110557,0.4825113570783516,8.385647122342009,0.7368941484037239,0.0,0.0,1.0,0.0,0.0,0.6965466413095442,0.4662324587882917,0.0,0.011829408757715687,0.848523671970032,0.757426969567848,0.9999996793226265,0.0
passive_noisy_force,1.0,122,0.7158628596752831,0.4258260679967475,5.337039651433888,0.8305130993060514,0.0,1.0,1.0,0.0,2.8353700093455654,4.438884617312828,5.903142846688048,1.0,0.02773696180355827,0.8373838841619682,0.6992633777368845,0.08542390302279308,0.9999999999999837
passive_noisy_force,1.0,123,0.5917219662931892,0.5488644733750946,8.276403709660384,0.45465422836228003,0.0,0.0,1.0,0.0,0.0,0.6862523201987452,0.43921310413015135,0.0,0.007449241214070872,0.8573086307177662,0.8032363284796594,0.4653283433674728,0.0
passive_noisy_force,1.0,124,0.6143040427518003,0.6088706800464736,7.265050296603724,0.4889974779465822,0.0,0.0,1.0,0.0,0.0,0.8342282029914311,0.5887309993226929,0.0,0.004799589767457958,0.8529350180010995,0.7741952358049045,0.9623819645570305,0.0
passive_noisy_force,1.0,125,0.7896919783414562,0.5814420938044561,7.837941148240327,0.5756670811462592,0.0,0.0,1.0,0.0,0.0014723534351499452,0.7802929259847381,0.47062396535427475,0.0,0.011826182169420036,0.8445460543895817,0.734581052764245,0.8858139061198916,0.0
passive_noisy_force,1.0,126,0.7263041481202976,0.47777953901361925,7.320405295758043,0.846711897162299,0.0,0.0,1.0,0.0,0.0,0.7085204339743979,0.481061115465858,1.0,0.008746357375370108,0.8464611589272292,0.7430713758327206,0.9999998627132691,0.0
passive_noisy_force,1.0,127,0.5870134919070772,0.5035830748170194,5.714832666641763,0.7018762536205949,0.0,1.0,1.0,0.0,0.17022676437014064,1.0451214978924142,0.5365975521932429,0.0,0.008577346876096292,0.8493372317760242,0.7599869865852892,0.622975079946006,0.8762726452249322
passive_noisy_force,1.0,128,0.6777023957581615,0.6897777362853927,7.28077187328554,0.7423705635351531,0.0,0.0,1.0,0.0,0.0,0.8269822916275658,0.6398836096054862,1.0,0.0046743598741446025,0.8468617977518385,0.7427150585092239,0.9644201202088815,0.0
passive_noisy_force,1.0,129,0.7262115268717113,0.518134842253492,7.686724533121491,0.5890703253042944,0.0,0.0,1.0,0.0,0.010259763368064926,0.8464092993491212,0.5161868118864191,0.0,0.014943418885091798,0.8488290031071002,0.7701062997179166,0.7170420314168402,0.1461459822919241
passive_noisy_force,1.0,130,0.6243050330163592,0.7279429779070793,7.161650705139825,0.7861143924594676,1.0,0.0,0.0,0.0,0.0,0.7163089072280482,0.4125367476567259,0.0,0.004984839634669989,0.8421215019938321,0.7266873032446389,0.31928800289100184,0.0
passive_noisy_force,1.0,131,0.7237491466271867,0.6492897868197188,5.33998834423571,0.4518728767340316,0.0,1.0,0.0,0.0,0.7275352734343857,1.853647782228831,0.938174162149184,0.0,0.011903231055715297,0.8539125620946457,0.7838582218471586,0.15793141924665963,0.9997727888202246
passive_noisy_force,1.0,132,0.6954862745354966,0.6422502782974389,8.022062314622474,0.47369518419097556,1.0,0.0,0.0,0.0,0.0,0.8232294945970103,0.3644102177228624,0.0,0.012043644323706982,0.8573183547087337,0.8165401788885719,0.2499808518278396,0.0
passive_noisy_force,1.0,133,0.7555227141371983,0.574020182904021,6.422074332249636,0.802089055655859,0.0,1.0,0.0,0.0,0.43973839311421614,1.5586071414281395,0.8358849419970246,1.0,0.013626322261046977,0.8492493699246114,0.7603792415877381,0.3163461065333294,0.9944175497749808
passive_noisy_force,1.0,134,0.5779180467721478,0.5820643306878153,6.375220801214367,0.7989109945834538,1.0,0.0,0.0,0.0,0.008476934168168098,0.8715324165079956,0.3526682412815107,1.0,0.008720192124282997,0.8507201976928158,0.7708848968070203,0.25570047253072825,0.10910996755274638
passive_noisy_force,1.0,135,0.7818238997458162,0.5298629395404473,6.551831968142882,0.789527298775011,0.0,0.0,1.0,0.0,0.011037617052240567,0.7841997472286825,0.5624228711315147,0.0,0.010240620163951447,0.8430622981201376,0.7329266451269636,0.9999997841054529,0.15457529798762326
passive_noisy_force,1.0,136,0.5749288061548649,0.5388098565481165,7.962942465612635,0.7892667504805415,0.0,0.0,1.0,0.0,0.0,0.7942793707928719,0.5732853231298686,0.0,0.006965811542391518,0.8472798125243192,0.7563890588983619,0.9582240016370301,0.0
passive_noisy_force,1.0,137,0.5174569667406943,0.6013404216888749,7.506453376770461,0.5401087520872703,1.0,0.0,0.0,0.0,0.0,0.6574725908213882,0.384327793667165,0.0,0.004110375970006066,0.8511080458691732,0.7682748984014303,0.4679253032747534,0.0
passive_noisy_force,1.0,138,0.7576230827635093,0.43151110305849344,8.57257661564967,0.5428908095018858,0.0,0.0,1.0,0.0,0.0,1.0556140033679773,0.5952688282746647,0.0,0.011882494990656196,0.8447982307069682,0.7482675018289886,0.9999999693969588,0.0
passive_noisy_force,1.0,139,0.7635444963379515,0.532664123802879,8.47401156115452,0.759661856837468,0.0,0.0,1.0,0.0,0.0,0.6952606588187036,0.4105048783588285,0.0,0.014142442332717676,0.8419491242355509,0.7315045666230915,0.7496465438353093,0.0
passive_noisy_force,1.0,140,0.6457051635911216,0.7492987482620419,6.020864084765158,0.7555143525715206,1.0,0.0,0.0,0.0,0.0,0.7236989824187106,0.5225567141974279,0.0,0.0053902756711547775,0.8460443096662473,0.7486254436967533,0.849359438013672,0.0
passive_noisy_force,1.0,141,0.7983624437284165,0.679081271670258,7.333417283424314,0.46617017237866365,1.0,0.0,0.0,0.0,0.03936085392325115,1.0640931259775401,0.44326901326838464,0.0,0.011590043137372935,0.8525348076031048,0.7737226350649825,0.1901098537150438,0.445446741619666
passive_noisy_force,1.0,142,0.7048649335409342,0.4658957948525496,7.407524572759431,0.7888098551484215,0.0,1.0,1.0,0.0,0.1856351594911537,1.244944752074048,0.7627182983906247,1.0,0.017096555327791,0.8397489965944099,0.7223809123951803,0.8017725867316234,0.9047738592497657
passive_noisy_force,1.0,143,0.7050635475584964,0.5860673339585618,5.456167928651364,0.45371329204050104,0.0,1.0,1.0,0.0,0.06028987348895516,0.8171485412596826,0.4896452172841748,0.0,0.006639313188317466,0.8541388074542411,0.7900285018546437,0.9990082046386576,0.5584059134018211
passive_noisy_force,1.0,144,0.5571165580729353,0.6901506085282361,8.4964440676288,0.5538797309361705,1.0,0.0,0.0,0.0,0.0,0.7318410157310709,0.36240445902330926,0.0,0.008043580349662531,0.8468397702569164,0.756011568615928,0.3222116315331304,0.0
passive_noisy_force,1.0,145,0.6201964538269786,0.5004158664237358,7.27296139207953,0.7056067405842074,0.0,0.0,1.0,0.0,0.0007404453996298077,0.7322601601497732,0.3736502609257746,0.0,0.010896515118251364,0.8512324998705946,0.7742402356672532,0.470281750817341,0.0
passive_noisy_force,1.0,146,0.5559599139215003,0.46562191328432095,7.172183254795493,0.6890057132238748,0.0,0.0,1.0,0.0,0.0,0.6937396759016816,0.35202924190833673,0.0,0.00974148248599801,0.8512393996801704,0.7713511954044684,0.4654981412030846,0.0
passive_noisy_force,1.0,147,0.6374295874319428,0.4714557935443085,8.190177615356953,0.9103267901407031,0.0,0.0,1.0,0.0,0.0,0.7056021697356953,0.4042301871585384,1.0,0.013707244410126851,0.8408276337303012,0.7222576726647034,0.6323249017548846,0.0
passive_noisy_force,1.0,148,0.7348197604022807,0.5599235172836295,6.6901804640499325,0.4407686975280513,0.0,1.0,0.0,0.0,1.173498709655643,2.693093346763974,1.6944849326071851,0.0,0.020978290258004486,0.8593168715981996,0.8129747913825279,0.08315115722040783,0.9999984854571247
passive_noisy_force,1.0,149,0.6849643479819253,0.7298350713132409,8.805735190746521,0.45283637487172973,1.0,0.0,0.0,0.0,0.0,1.1467960911379167,0.3651472787499111,0.0,0.009347977447928795,0.8575387291006884,0.8078164117475818,0.12736374048141175,0.0
passive_noisy_force,1.0,150,0.6517530961342288,0.5329842993094981,5.975022503413472,0.8751982411750852,0.0,1.0,0.0,0.0,0.5530845921152575,1.722561283234001,0.9698929501544965,1.0,0.01619801280113041,0.834128442324577,0.6924868612434543,0.1925976092434604,0.9985514470261714
passive_noisy_force,1.0,151,0.6372618579027614,0.7495281905902743,5.909705151107071,0.42051249688049397,1.0,0.0,0.0,0.0,0.0,0.7000831269454699,0.489421800476043,0.0,0.002852873538566364,0.860003447347211,0.8202698670155938,0.6779522507104997,0.0
passive_noisy_force,1.0,152,0.7494323330152455,0.6288730506245244,5.486224900148407,0.6010093712712041,0.0,1.0,0.0,0.0,0.5796260226414336,1.7181509508139554,1.0137753001431544,1.0,0.01576219839197434,0.8524467850728247,0.7895518357238503,0.2424372369017655,0.9989186591879584
passive_noisy_force,1.0,153,0.6279544884112132,0.5994045997377655,5.2365224558228505,0.7174682297241631,0.0,1.0,0.0,0.0,0.7694631624606687,1.9003901926796236,0.9938592046666216,1.0,0.014838746841586247,0.8446223536276072,0.7466479809697629,0.13552972167848062,0.9998551527950056
passive_noisy_force,1.0,154,0.7602850898147766,0.570259201595249,5.447264266715755,0.8258536759664087,0.0,1.0,0.0,0.0,2.8044210581854228,4.467375399823451,4.8166835950818605,1.0,0.026949690526530058,0.8363296036993604,0.694662080481201,0.08489752007383845,0.9999999999999769
passive_noisy_force,1.0,155,0.6121351308921182,0.5704887008268577,8.830852874603131,0.8492168940769065,0.0,0.0,1.0,0.0,0.0,0.7554208732128465,0.5493788547335814,1.0,0.006851597206623888,0.8505019260742737,0.7742994268959676,0.8967710372401435,0.0
passive_noisy_force,1.0,156,0.5196801753339791,0.5509240729241237,7.8367296526358015,0.7242311061805524,1.0,0.0,0.0,0.0,0.0,0.6583753153237132,0.39149852089739323,0.0,0.011501548609606851,0.8475116369502338,0.7601873390601098,0.40112588943411376,0.0
passive_noisy_force,1.0,157,0.6837868648196759,0.6138120845761619,8.269390583390633,0.42251662318893196,1.0,0.0,0.0,0.0,0.0,1.053485331561434,0.3746858878489845,0.0,0.011749090182504274,0.8648207419822371,0.8414926106172358,0.16377389413923876,0.0
passive_noisy_force,1.0,158,0.682579695215857,0.5513473770587698,7.706911187087903,0.8845264692156715,0.0,0.0,1.0,0.0,0.0,0.6563540727490252,0.43070618785062925,1.0,0.009485810824808798,0.8449831647159941,0.7399344656818515,0.9302863634748582,0.0
passive_noisy_force,1.0,159,0.6819688788670195,0.6430092450303695,5.482248313799515,0.8772509702838046,0.0,1.0,1.0,0.0,0.04871489130092578,0.8240737875628917,0.4481506405307655,1.0,0.009519498820538614,0.8423221990983307,0.7293609462682511,0.960573494398562,0.5043601804988034
passive_noisy_force,1.0,160,0.7238077771168057,0.506352336044998,6.687835365910884,0.6555212375407784,0.0,1.0,0.0,0.0,0.7299148142506987,2.003865931347319,1.2508920428797075,0.0,0.017138620496620766,0.858080336330638,0.8076467561966265,0.19721200803652572,0.9997800530578409
passive_noisy_force,1.0,161,0.5868848830578477,0.43261638340637043,7.439653447531553,0.4319539624042858,0.0,1.0,1.0,0.0,0.4345277215375259,1.7727288647833588,0.8462776138807604,0.0,0.01813343391482351,0.8620617675288251,0.8366515208201112,0.12659566268525094,0.9942443674259165
passive_noisy_force,1.0,162,0.6677049344832394,0.5699575077165526,7.549700337191445,0.7565061019603955,1.0,0.0,0.0,0.0,0.0,0.6891318568843263,0.3807736019729515,0.0,0.012436407265828708,0.8394049888958445,0.7167254410901549,0.38161648379353863,0.0
passive_noisy_force,1.0,163,0.5683742892780188,0.49061182377062673,8.138050527796365,0.6946321998359554,0.0,0.0,1.0,0.0,0.0,0.7219640638381214,0.5055216114518287,0.0,0.010908124128315494,0.8466376828024859,0.7579887346812223,0.7480358482441795,0.0
passive_noisy_force,1.0,164,0.6603302465082259,0.672018289222305,7.668203138810281,0.43793076906743733,1.0,0.0,0.0,0.0,0.0,0.7190726062709185,0.39267441563182065,0.0,0.00736791829611056,0.8636066097032474,0.8290566131930069,0.3135238925251505,0.0
passive_noisy_force,1.0,165,0.6010034565960085,0.701887621849048,6.62994001667134,0.6038223865402392,0.0,0.0,1.0,0.0,0.0,0.8267211812374302,0.6281328275190167,0.0,0.013172022694309093,0.8495924460006157,0.7807306691203628,0.9681745652930701,0.0
passive_noisy_force,1.0,166,0.5321846659342573,0.6128124690173944,5.648959934774079,0.4259311326220065,0.0,1.0,0.0,0.0,0.06802134851627846,0.963940758352726,0.3609170507488724,0.0,0.012245662970988601,0.8528849096736868,0.7897221906974969,0.20226142331091226,0.5897404788995161
passive_noisy_force,1.0,167,0.5023911584124543,0.6534420551149777,5.57986027475494,0.5304320611815698,0.0,0.0,1.0,0.0,0.0,0.6870909864857123,0.36757458935200227,1.0,0.010516819569406845,0.8548240966941444,0.7980408937897074,0.4165457119139613,0.0
passive_noisy_force,1.0,168,0.5818856417603273,0.6321812462901267,8.727702916223645,0.5091220206658356,1.0,0.0,0.0,0.0,0.0,1.0551048785790411,0.34762523020777925,0.0,0.009459614714872533,0.8608327198703918,0.8286789786046042,0.16730972582181886,0.0
passive_noisy_force,1.0,169,0.4772705956727116,0.6500785397105853,8.507418829341061,0.4558553054605622,1.0,0.0,0.0,0.0,0.0,0.7127363612421478,0.39994993953782476,0.0,0.0033468804635662665,0.8537916948395387,0.7888998568706518,0.42026064949891334,0.0
passive_noisy_force,1.0,170,0.5040974569468477,0.4334849919435187,5.612177026018142,0.49623670837925554,0.0,1.0,1.0,0.0,0.1452397176382825,0.9847295996907687,0.5225932418236149,0.0,0.008324310918915768,0.8554916315448045,0.7952952868725227,0.7688948551624845,0.8269767723086194
passive_noisy_force,1.0,171,0.7560420587985484,0.4883631884091434,7.368933702606872,0.780088206088593,0.0,1.0,1.0,0.0,0.31149131940611796,1.4861996434522025,0.9224087189673124,0.0,0.016513217909797623,0.8416324627581931,0.7228073885431713,0.6893857973076434,0.9776493076340637
passive_noisy_force,1.0,172,0.5372369011118845,0.4431841323871216,6.753852632314166,0.5852774894487309,0.0,0.0,1.0,0.0,0.013010286918218796,0.7890155924938937,0.39957798625097557,0.0,0.009746898417925304,0.857938349382473,0.8022067704636308,0.5507464177748997,0.15613563234423722
passive_noisy_force,1.0,173,0.7750990885961323,0.7587721382704329,6.60866812873768,0.6366356662404735,0.0,1.0,0.0,0.0,0.06264065331274107,1.1123584801869204,0.4203498942448726,0.0,0.010690756170761572,0.8400982110287475,0.7139644400272953,0.15898170953547952,0.5921825820036812
passive_noisy_force,1.0,174,0.6940801212427694,0.652465246007827,5.371983018421432,0.7125659633826248,0.0,1.0,1.0,0.0,0.019735338255542252,0.7112281155836565,0.4035278409648893,0.0,0.004448058613172543,0.8535989256020907,0.7801846150926062,0.9914629186911844,0.25304494083517404
passive_noisy_force,1.0,175,0.5555899154021307,0.6477859254714633,5.9065991371162685,0.7809457550014982,0.0,0.0,1.0,0.0,0.0,0.8674270962474113,0.6097260599305117,0.0,0.004347415975285682,0.8446208264508469,0.7421212615949653,0.998913648575097,0.0
passive_noisy_force,1.0,176,0.5046772504316641,0.743215997143069,5.67034255170144,0.836895873900521,0.0,1.0,0.0,0.0,0.08218028183915067,1.4447343517023272,0.4612677439924785,1.0,0.007158446398127721,0.8463018775783188,0.7387104322023431,0.07923418450552108,0.6587687569349676
passive_noisy_force,1.0,177,0.6159752574304681,0.6759880170078718,5.875724821283805,0.8923133433678796,0.0,1.0,0.0,0.0,0.06339768204144615,0.975432807850434,0.36023977126331386,1.0,0.00997398866133487,0.8447937517051546,0.74281996190983,0.1984645117894975,0.5737782050114073
passive_noisy_force,1.0,178,0.7578933111625953,0.4837437538426665,6.781609602294024,0.7508509326762169,0.0,1.0,1.0,0.0,0.7252220336320988,1.9832089003905233,1.4674637021197527,1.0,0.01787126570237194,0.8472161660340431,0.7573685701280652,0.36384053132897903,0.9997722517826239
passive_noisy_force,1.0,179,0.6209366664881801,0.5785303670972222,7.767150742673075,0.7514093656391626,1.0,0.0,0.0,0.0,0.0,0.8537885613660057,0.3717889826242883,1.0,0.01031912956977668,0.8479424472094195,0.7502595383549792,0.2023707806632752,0.0
haptic_force_rich,1.0,0,0.7350786076744003,0.6452548929674281,7.970115985999453,0.7587117495816114,1.0,0.0,0.0,0.0,0.0,0.697157931814348,0.08955249019374074,1.0,0.0032402949300692806,0.9455376391670791,0.7273909427063442,0.07815472499873162,0.0
haptic_force_rich,1.0,1,0.5603779747546027,0.530339659247253,5.202359146052119,0.7026733218721193,0.0,1.0,0.0,0.0,0.15032886742782908,0.8620054680800262,0.3859297041028985,0.0,0.001948936618555774,0.9543376278238689,0.7819033006086177,0.08260040894523701,0.8225745007775441
haptic_force_rich,1.0,2,0.6920554994078632,0.7195130684425348,5.662002356993421,0.8844849934125281,1.0,0.0,0.0,0.0,0.0015532738026562984,0.544800625827667,0.12460714953829806,0.0,0.0033341779791694936,0.9379132032099716,0.6886030018295278,0.07818043188141957,0.0
haptic_force_rich,1.0,3,0.6858056422593265,0.6909085696388425,5.902743561255258,0.6766337631915464,0.0,1.0,0.0,0.0,0.4700040340994808,1.5146071889606703,0.6130848032193137,0.0,0.00304958167924987,0.9532208658176773,0.7719011397549511,0.0781025280676268,0.9951719391766639
haptic_force_rich,1.0,4,0.630306008181052,0.690404696231677,7.401118723023023,0.7435582012369586,1.0,0.0,0.0,0.0,0.0,0.37434975463009396,0.050190060020495024,0.0,0.0014873852320121724,0.9340059457659503,0.6575807255586434,0.7988088805417703,0.0
haptic_force_rich,1.0,5,0.6227267598180151,0.42595902778327954,7.22349964073609,0.5617224855020196,0.0,0.0,1.0,0.0,0.0,0.6174056108675969,0.33724202095125166,0.0,0.002952955183940841,0.955231929630395,0.7842679565241327,0.9999987742998251,0.0
haptic_force_rich,1.0,6,0.5163689417869296,0.48057349836818397,8.183037704789513,0.799857586135184,1.0,0.0,0.0,0.0,0.0,1.288904500641773,0.30348297117031114,1.0,0.0036305969189055903,0.9474123342196592,0.747297547969348,0.07826164756154062,0.0
haptic_force_rich,1.0,7,0.6509104452665745,0.7266127384164403,6.427956773410538,0.5258344512934474,0.0,0.0,1.0,0.0,0.0,0.5113398817542667,0.07691006059720522,0.0,0.003094824314688795,0.955466385389917,0.7804334370178966,0.9693239713797406,0.0
haptic_force_rich,1.0,8,0.7651029721038141,0.7531873952859736,5.359586783025729,0.8403561154870232,0.0,1.0,0.0,0.0,0.2760967678487383,1.093339377839293,0.4539043566556661,1.0,0.0023184007989675696,0.9427281354311016,0.7133613659914447,0.07857829971680882,0.9570413935903781
haptic_force_rich,1.0,9,0.5031184228852139,0.4561596450241453,8.34935742325986,0.7033388842623306,1.0,0.0,0.0,0.0,0.0,0.12338877382670543,0.013101951283696091,0.0,0.0032839243291765234,0.9426847001611636,0.7196784804643102,0.07816667055767261,0.0
haptic_force_rich,1.0,10,0.6605064432942697,0.4838588634006484,7.763149910671756,0.7957957035022627,0.0,0.0,1.0,0.0,0.0,0.6510505641438818,0.0653755514260609,1.0,0.0018686742091082796,0.9476547957683786,0.7391991660335818,0.9999998056800192,0.0
haptic_force_rich,1.0,11,0.6520330282036775,0.7218399269511461,7.458363488188207,0.4257446605415862,1.0,0.0,0.0,0.0,0.0,0.1381671965531623,0.012453239264965542,0.0,0.0031329821059380247,0.9691968161260166,0.8620091912539619,0.07936485361389604,0.0
haptic_force_rich,1.0,12,0.6961285859598586,0.727447564074245,8.269247309633672,0.7491339542218849,1.0,0.0,0.0,0.0,0.0,0.2215377638663666,0.014271930361986747,0.0,0.0016631299385379752,0.9425394736392767,0.713896041258251,0.08015639822992822,0.0
haptic_force_rich,1.0,13,0.5065566904842159,0.7371772818266771,5.501968236129903,0.8706982614304412,1.0,0.0,0.0,0.0,0.0,0.24192583043238255,0.016000286841685724,0.0,0.001597476657843792,0.9411045928959828,0.7044834389607253,0.07770614201522183,0.0
haptic_force_rich,1.0,14,0.7698982349853145,0.6216088028468538,6.592569738265035,0.8908415035356951,0.0,1.0,0.0,0.0,0.3061246290551653,1.295103732977391,0.6125394142367414,1.0,0.003946658953126915,0.9336472195552706,0.6664299044440567,0.0798218232635858,0.9695910621453128
haptic_force_rich,1.0,15,0.5192710697246881,0.650360629526801,6.415029190001384,0.4395674628921738,1.0,0.0,0.0,0.0,0.0,0.20921609149599982,0.012754966598967403,0.0,0.0017464507554485434,0.9617738509962199,0.8250526044441112,0.07835574609027057,0.0
haptic_force_rich,1.0,16,0.5586676173548042,0.5950738156488651,5.358050611217072,0.8534165527875758,0.0,1.0,0.0,0.0,0.7334236782963409,1.7814311534915708,0.8239570303508719,1.0,0.003941141292522476,0.9547600014313525,0.7932282766302127,0.0783468162676989,0.9997324337543069
haptic_force_rich,1.0,17,0.6484750251094373,0.6046342300521504,7.05872721613221,0.4962816373066091,1.0,0.0,0.0,0.0,0.0,0.5012141596504023,0.058203830161107445,0.0,0.0027547389560968736,0.9561535642295238,0.78178958044815,0.0780218943951608,0.0
haptic_force_rich,1.0,18,0.6643523056452513,0.6501094799775337,8.096509907254884,0.9025741491237853,1.0,0.0,0.0,0.0,0.0,0.11674662402957701,0.01258565152114113,1.0,0.0017954717345465814,0.939111406749567,0.6918646838216771,0.08056258405365244,0.0
haptic_force_rich,1.0,19,0.6201598908799298,0.6606192885789123,5.825750677399888,0.88538161898682,0.0,1.0,0.0,0.0,0.2863680827369284,1.2230821042709734,0.3870888935104372,1.0,0.0025703088029939555,0.9467092697602902,0.732782928264018,0.0811403692245684,0.9618039214592051
haptic_force_rich,1.0,20,0.47869540518292525,0.5002651051061271,8.205251498668556,0.6848965169222252,1.0,0.0,0.0,0.0,0.0,0.5120612585274588,0.041070787618248235,0.0,0.0033219476859215015,0.9394358768844474,0.7035438486890796,0.07817708256683059,0.0
haptic_force_rich,1.0,21,0.5760151407451894,0.4425846350518313,5.701819167597361,0.8130188130735863,0.0,1.0,0.0,0.0,1.1743151613315077,2.3757926944433794,2.0104404713446846,1.0,0.004142926830333106,0.9468133759957993,0.7374093155480422,0.07840220264122895,0.9999980118165631
haptic_force_rich,1.0,22,0.693688656292063,0.6016915524765093,8.642866482246513,0.6376249750151834,1.0,0.0,0.0,0.0,0.0,0.1549792821785861,0.01853005014957933,0.0,0.0021959129930353436,0.945752918712256,0.7332638024907248,0.08157149182637319,0.0
haptic_force_rich,1.0,23,0.5899230762480041,0.6826347932430137,7.800537199655555,0.8975430386969285,1.0,0.0,0.0,0.0,0.0,0.3752548735941435,0.02849729261331904,1.0,0.0016309583729243555,0.9374759828166203,0.6831955014765192,0.07791524847413162,0.0
haptic_force_rich,1.0,24,0.6415539789379126,0.5827363215729159,6.99356043929329,0.5349877675631012,1.0,0.0,0.0,0.0,0.0,0.43059923680761986,0.054111563633808146,0.0,0.002637245212684307,0.9567127682849262,0.7986391406621777,0.0791918120144423,0.0
haptic_force_rich,1.0,25,0.49668373388960957,0.6554617089265213,8.599839439755538,0.7989422207070538,1.0,0.0,0.0,0.0,0.0,0.28212822225832607,0.032236091966179686,1.0,0.0004866922274215153,0.952399021691401,0.7682605119484779,0.25654518938700205,0.0
haptic_force_rich,1.0,26,0.6069349561066164,0.5625641476028727,6.438070342892722,0.4634387694009907,0.0,1.0,0.0,0.0,0.8440949513218068,2.1918519559902405,1.122313718659551,0.0,0.0046050054209966365,0.9567625304122247,0.8031509934930287,0.07852916957859477,0.9999266937468952
haptic_force_rich,1.0,27,0.7040482737160519,0.446664617595985,5.408384850996916,0.9148613245100239,0.0,1.0,0.0,0.0,2.2774390833096567,3.7569232566079735,4.979741768231424,1.0,0.00575853623000121,0.9383898693652281,0.6928731847161586,0.08341910906594416,0.999999999989687
haptic_force_rich,1.0,28,0.5394917815309517,0.449948035780501,7.025057022275928,0.5756971891560037,0.0,1.0,0.0,0.0,0.3284734586279842,1.4387396394236358,0.5710961106417384,1.0,0.004625861184346309,0.9607845440717939,0.8317343698833531,0.0833431747816751,0.9766657420982712
haptic_force_rich,1.0,29,0.5754935596885021,0.6883526959959076,8.271315496670734,0.786200221846421,1.0,0.0,0.0,0.0,0.0,0.22886652310789773,0.028046241933917485,0.0,0.001891658558569765,0.9491866596448274,0.7571235763877299,0.10911211897218209,0.0
haptic_force_rich,1.0,30,0.7598078040966818,0.41221505219665466,7.313793336480924,0.44673628770826834,0.0,1.0,1.0,0.0,2.3269941437928883,4.174364135490639,5.955459001707692,1.0,0.008207379554122849,0.9779066543679317,0.92776768775605,0.079525471840451,0.999999999994646
haptic_force_rich,1.0,31,0.5571546161154641,0.5250102483688684,7.459400079896335,0.7464011203999033,1.0,0.0,0.0,0.0,0.0,0.895784358505798,0.14086177760213345,0.0,0.0032494519959813286,0.9469799689396361,0.7438856332687667,0.07989991978410355,0.0
haptic_force_rich,1.0,32,0.5786949221539273,0.5287746980423941,6.535925756150604,0.7827001244129221,1.0,0.0,0.0,0.0,0.0,0.5686106294856742,0.13902817296940811,0.0,0.00265838510076463,0.9527127616444846,0.774414213932833,0.07799556003981328,0.0
haptic_force_rich,1.0,33,0.663867142672285,0.5950058481740761,7.777239700962248,0.6133840472703679,0.0,1.0,0.0,0.0,0.17677865871346188,1.5569933874899835,0.44967585034912905,0.0,0.0043484313620833865,0.9551888671394165,0.7870503599211135,0.07845864662749763,0.8693603545072135
haptic_force_rich,1.0,34,0.7985059069692655,0.6474302959249316,8.66670091644614,0.6408221683286275,0.0,0.0,1.0,0.0,0.0,1.0669050596198653,0.2675476293328027,0.0,0.0013272394327046694,0.9565197724377535,0.7979758335694492,0.9999997758939445,0.0
haptic_force_rich,1.0,35,0.6478889333006712,0.5381875900053612,5.7154379721138575,0.8424636366057079,0.0,1.0,0.0,0.0,0.9061684655488187,2.018605371144253,1.3961451095149935,1.0,0.00377956432597999,0.9417168857122608,0.7112609931460342,0.07952748919863364,0.9999609891025267
haptic_force_rich,1.0,36,0.6808317923725713,0.6675662643215331,7.584453412164093,0.4951177240894126,0.0,1.0,0.0,0.0,0.1439727086271461,1.715215681419877,0.5430405090982727,0.0,0.004021116409806724,0.9619276744310105,0.8255468391160281,0.0794732289046405,0.8101908768528867
haptic_force_rich,1.0,37,0.6781058925600596,0.5978477530002674,5.398704800093112,0.545050752774485,0.0,1.0,0.0,0.0,0.9587864820939194,2.072348743706848,1.4275057483116877,0.0,0.0034751477908460914,0.9682704470878272,0.8655338846199531,0.07821904650799627,0.9999785851478534
haptic_force_rich,1.0,38,0.7508438180172725,0.6572768058107901,8.185420974667705,0.5315663166288352,1.0,0.0,0.0,0.0,0.055340397110021165,1.5168759788423893,0.4196302100755371,0.0,0.004328343120831832,0.9524861061287649,0.770661262797585,0.08120961510920635,0.4771986102789033
haptic_force_rich,1.0,39,0.6146850281027452,0.7220878913143061,6.217237409814611,0.47556251280868267,1.0,0.0,0.0,0.0,0.0,0.15720317417955393,0.018453075435793023,0.0,0.0008714572904814109,0.9636048000739705,0.832389676551329,0.0803647610699774,0.0
haptic_force_rich,1.0,40,0.4646540232551225,0.5287118223778,7.229473784710883,0.8569551846784187,1.0,0.0,0.0,0.0,0.0,0.11937176412669614,0.011760134271152271,0.0,0.0016103602997716488,0.946058973768873,0.7341154333121713,0.07770965079317471,0.0
haptic_force_rich,1.0,41,0.5809123189505615,0.6623009073730872,8.27992521151703,0.6725271786389029,1.0,0.0,0.0,0.0,0.0,0.714544626966706,0.07766136180435858,1.0,0.004410203279959971,0.9475806706328165,0.7550317127134558,0.08259017252907459,0.0
haptic_force_rich,1.0,42,0.5487654471722619,0.5543742859630773,6.994470805629254,0.6320159858692245,1.0,0.0,0.0,0.0,0.0,0.14091815023137186,0.016482897841355017,0.0,0.0015684770983165053,0.953502104394539,0.7763421832508416,0.07876571944278837,0.0
haptic_force_rich,1.0,43,0.6816832763712878,0.5560007245008559,7.805472010081971,0.9095069074782489,1.0,0.0,0.0,0.0,0.0,0.36805562937818154,0.04940186766644478,1.0,0.002920373531228124,0.9406026476519985,0.7011083909965541,0.07806718280187663,0.0
haptic_force_rich,1.0,44,0.4629601529945428,0.6811504631090914,6.712855624425636,0.9130825217273605,1.0,0.0,0.0,0.0,0.0,0.382882599917027,0.026850801651659605,1.0,0.003483260558547534,0.9423155173043963,0.718332155215659,0.07841652323589769,0.0
haptic_force_rich,1.0,45,0.6595733320523127,0.588108491040781,7.4957176256347395,0.5555383594695844,1.0,0.0,0.0,0.0,0.0,0.35360035209590235,0.02185401242317911,0.0,0.003276553752950238,0.9577859994979395,0.8123162690144873,0.0781646524054166,0.0
haptic_force_rich,1.0,46,0.6277111347599502,0.4443877476707343,6.364426817852278,0.5356497219430866,0.0,1.0,0.0,0.0,0.8644260861595456,2.067948187723221,1.6617167344182642,0.0,0.004281374046454051,0.9524872725117517,0.7752208143691962,0.07844022454377217,0.9999407392985302
haptic_force_rich,1.0,47,0.6825302342866818,0.44898393311789175,6.12770828216594,0.464492561601413,0.0,1.0,0.0,0.0,1.4520410851660146,2.8308747913860652,2.966480237771549,0.0,0.005175036474129917,0.9648072164698827,0.8502957050764871,0.0786860581149039,0.9999999121192651
haptic_force_rich,1.0,48,0.5667975262028062,0.41732078660292177,6.094597166621461,0.7751458238652669,0.0,1.0,1.0,0.0,0.9042361754936592,2.0635968128411464,1.61978101054752,0.0,0.004040878665370245,0.9334948926855299,0.6624785860316675,0.08089098464799026,0.9999607565982507
haptic_force_rich,1.0,49,0.47821245322386424,0.4439404724236392,7.708464622218809,0.5941178603756156,0.0,0.0,1.0,0.0,0.0,0.6629220237486969,0.11616747630676878,0.0,0.0011096097720262475,0.9563041098883412,0.7916651048367936,0.9994832879822917,0.0
haptic_force_rich,1.0,50,0.6770524675627684,0.7420504992486021,7.661751854499476,0.5166250510259115,1.0,0.0,0.0,0.0,0.0,0.8504589765605554,0.12393453552484707,0.0,0.002244858989118579,0.9523873073536245,0.7704953466899862,0.07788263209176768,0.0
haptic_force_rich,1.0,51,0.7254229103626164,0.5568832293986676,6.069224362329743,0.5023701661723605,0.0,1.0,0.0,0.0,0.3696800184832125,1.3259367412113228,0.8247220884989007,0.0,0.0032438739703447273,0.9472453676107826,0.7428547296116733,0.07977946472576596,0.9853449019770021
haptic_force_rich,1.0,52,0.5488494000146324,0.49886845844254557,5.860318815425115,0.6202515867657374,0.0,1.0,0.0,0.0,0.2716903171883895,1.1541186806569381,0.5044195389989141,0.0,0.002768100029858637,0.9508559272421286,0.7618975133612793,0.07802554673652314,0.9554252179087045
haptic_force_rich,1.0,53,0.7359954357497054,0.6897657672859347,8.601504528946526,0.536616943457037,1.0,0.0,0.0,0.0,0.0,0.6637650985298432,0.07673193870314805,0.0,0.002743720361377502,0.9663089091948203,0.8544218148611716,0.07967744672696188,0.0
haptic_force_rich,1.0,54,0.7413110058732115,0.529375343554993,7.9168328497895875,0.47372344006906714,0.0,0.0,1.0,0.0,0.0,0.3182575520177828,0.10101984984761829,1.0,0.006163347854267252,0.9600188999288316,0.8357663989138411,0.9720215541227657,0.0
haptic_force_rich,1.0,55,0.6286303462257214,0.42024292943989233,7.262110665785416,0.8207063774557444,0.0,1.0,1.0,0.0,0.1755127954119434,1.1387920473132631,0.6909952581141346,0.0,0.003982716256789997,0.9352937019873595,0.6794190561402124,0.158495601208005,0.8673111198301278
haptic_force_rich,1.0,56,0.6139720182695524,0.6169685622499351,5.482793794310049,0.5058088256511717,0.0,1.0,0.0,0.0,0.03939080836460841,0.6844955861575024,0.21689420389980255,0.0,0.0034866148534649995,0.9622939416181308,0.8334867000109589,0.0782221883476043,0.36920261454660397
haptic_force_rich,1.0,57,0.5504886803966008,0.577833750538342,7.498421001132135,0.6588058261605415,1.0,0.0,0.0,0.0,0.0,0.19329250393591524,0.014022055683086019,0.0,0.0016865910408805234,0.9486651031302473,0.7432498262268669,0.07773041471985356,0.0
haptic_force_rich,1.0,58,0.46407097847167256,0.6265297996593218,7.657823850346388,0.4253348134109524,1.0,0.0,0.0,0.0,0.0,0.4036170808412474,0.023246692626222816,0.0,0.005045691106582222,0.9607030449477827,0.8342955259570944,0.07865043351670101,0.0
haptic_force_rich,1.0,59,0.7766611177030935,0.6431907728511765,7.156224890080796,0.737644155867285,1.0,0.0,0.0,0.0,0.0,0.4029562680822641,0.09915812082544122,0.0,0.002946629168794317,0.9382826002808121,0.6877832457180518,0.07855927524207088,0.0
haptic_force_rich,1.0,60,0.7086380563296131,0.6850262910939736,7.263132388223765,0.8293555028044697,1.0,0.0,0.0,0.0,0.0,0.11755818928057424,0.013141682823500096,0.0,0.00187017999672147,0.9316499899267834,0.6512158135779398,0.07778044200788614,0.0
haptic_force_rich,1.0,61,0.7159933678275132,0.6272230730950554,5.838591547594616,0.576334993416354,0.0,0.0,1.0,0.0,0.005588010862423735,0.6091519840700591,0.2501796326070644,0.0,0.0021730921218891795,0.9594441653787859,0.8138222491983644,0.8773962796108232,0.03941796988475477
haptic_force_rich,1.0,62,0.6052159035784126,0.6610106010227815,6.571401564654886,0.43228649690458687,1.0,0.0,0.0,0.0,0.0,0.705864701638101,0.08431537877824036,0.0,0.0022067559556541443,0.963635615305355,0.8371712178424905,0.08222658662788893,0.0
haptic_force_rich,1.0,63,0.5538731087896042,0.6292463062496533,7.0783956762920734,0.529164243757998,1.0,0.0,0.0,0.0,0.0,0.8549375466893586,0.13142895453115117,0.0,0.0021186804772103073,0.9714222127328282,0.8807850678346159,0.07906381284932402,0.0
haptic_force_rich,1.0,64,0.7568154826732729,0.5222076755129733,7.404803384136702,0.8198605755723734,0.0,0.0,1.0,0.0,0.002738343807977353,0.7532393253287938,0.36702950178290394,1.0,0.004155429420511847,0.9428171636614854,0.7246318709858546,0.88675540131221,0.0
haptic_force_rich,1.0,65,0.5030709302568315,0.4283216388396213,8.887878122630799,0.9071749578582984,0.0,0.0,1.0,0.0,0.0,0.48266093056014187,0.05093575232033782,1.0,0.003853969036677269,0.9496693701059855,0.7471233410408156,0.0784702046700185,0.0
haptic_force_rich,1.0,66,0.46416318091447395,0.4797169853681861,8.520696192965124,0.6504521539526964,0.0,0.0,1.0,0.0,0.0,0.30336508051916294,0.03575705113282211,0.0,0.0015075714501465395,0.9614792345938843,0.8230004245868023,0.3576333313947643,0.0
haptic_force_rich,1.0,67,0.7914378762676617,0.5589831996334755,6.267322973378257,0.48408567901329663,0.0,1.0,0.0,0.0,1.6233589424694757,3.1003643417833575,3.1206176538863852,0.0,0.005708777803552654,0.9633419092233834,0.8323736755954464,0.08431559156930997,0.9999999869075104
haptic_force_rich,1.0,68,0.7997113956310018,0.5897674042290548,5.592161226936101,0.8843012635784249,0.0,1.0,0.0,0.0,1.2041955448193866,2.3871614651757955,2.1338405682563675,1.0,0.00442400717682769,0.9418853943993364,0.7142995992386024,0.08282310428746255,0.999998556777512
haptic_force_rich,1.0,69,0.5942311569770108,0.703801376095327,7.679483069995802,0.6354577938941619,1.0,0.0,0.0,0.0,0.0,0.114207286127633,0.012998571906308978,0.0,0.0008456495507519399,0.9640771085644444,0.8369104931707289,0.07757350560312395,0.0
haptic_force_rich,1.0,70,0.5599066402960162,0.6284426479948271,7.107968694211678,0.609029090876041,1.0,0.0,0.0,0.0,0.00011763097324065705,1.348249561002904,0.34411130281679947,1.0,0.004144900387787363,0.9607546306920474,0.8087125660154014,0.07840274452286822,0.0
haptic_force_rich,1.0,71,0.7732240635679039,0.5182223895493544,7.643101795527786,0.5680375416624435,0.0,1.0,0.0,0.0,1.0941855461420966,2.613086610628854,2.0533233909757165,0.0,0.006271006355050285,0.9509083690997163,0.777796361714201,0.07898850542010483,0.9999955235376309
haptic_force_rich,1.0,72,0.5250627795213392,0.6608118040318236,6.389722997352497,0.6023671864682183,1.0,0.0,0.0,0.0,0.0,1.0835280215654526,0.2100753659931371,0.0,0.002090185065807071,0.9553509797477437,0.7863969310683558,0.07895570957602603,0.0
haptic_force_rich,1.0,73,0.6591359761164995,0.4160194767879919,7.037476988339485,0.7900506637824325,0.0,1.0,1.0,0.0,0.26015763606781755,1.2681807513367571,0.9646088361668848,0.0,0.0036723624912450388,0.9411845947648951,0.7052715513150336,0.9691527674009829,0.9494398120290888
haptic_force_rich,1.0,74,0.7050511462770198,0.5346269027232354,8.893593844065599,0.5898173079814084,0.0,0.0,1.0,0.0,0.0,0.9417723269988836,0.21818661442332488,0.0,0.0019722345535148574,0.9515900897477996,0.7697382207275035,0.9999995430035472,0.0
haptic_force_rich,1.0,75,0.6909574217061333,0.6883830169123093,8.295908118786294,0.8193147404620138,0.0,0.0,1.0,0.0,0.0,0.7332424793603707,0.1374862222803042,1.0,0.0008092677290556283,0.9335171483009597,0.6540572907309502,0.9996260608820902,0.0
haptic_force_rich,1.0,76,0.5096854139358041,0.6130242802102605,5.596435641855551,0.7393221626253816,1.0,0.0,0.0,0.0,0.005441312665996234,0.6821014203669005,0.09887074302861237,0.0,0.0015898475315447962,0.9484357065295783,0.7416564338638877,0.07913206660715888,0.03889191967251193
haptic_force_rich,1.0,77,0.7256338768854182,0.726727525484345,8.24014939330178,0.6422972025679803,1.0,0.0,0.0,0.0,0.0,0.657656658733982,0.07017178229599476,0.0,0.0031409911711796387,0.9527613381718103,0.7798986442095173,0.07812754224660223,0.0
haptic_force_rich,1.0,78,0.5086909587541919,0.6570886045938453,8.670236859878731,0.5237445973114645,1.0,0.0,0.0,0.0,0.0,1.227136937868773,0.2368548144887495,0.0,0.00523549544390525,0.9470820116910481,0.7547065280466476,0.07918141472479201,0.0
haptic_force_rich,1.0,79,0.4985938185714495,0.5386024595029721,8.367907393091324,0.865303806401609,1.0,0.0,0.0,0.0,0.0,0.31026020274683147,0.021924844300278457,1.0,0.0016719119866047784,0.9395468302537123,0.6937236194623678,0.08183555832478064,0.0
haptic_force_rich,1.0,80,0.5759894189239423,0.5526493231818566,7.5631711443681064,0.6858249939901646,1.0,0.0,0.0,0.0,0.0,0.2035568991131515,0.013441970701829044,0.0,0.0022099334668556057,0.9485465765439703,0.7473421546595985,0.08204734883462486,0.0
haptic_force_rich,1.0,81,0.6708440349481566,0.7457844136242269,5.263848652458722,0.6059723772443477,0.0,1.0,0.0,0.0,0.14956610550126684,0.8912216211602872,0.2518416507967659,0.0,0.0035155521334213242,0.9547657663734798,0.7903555067547706,0.08282513503603714,0.8212356361502754
haptic_force_rich,1.0,82,0.7913426488690358,0.4439222804689229,6.689846316325948,0.6137742081767024,0.0,1.0,0.0,0.0,1.9587572263585633,3.5679418463354677,4.7418231582394865,1.0,0.00678530302568494,0.9481758459389282,0.7447285330317523,0.07913079844115103,0.9999999996798845
haptic_force_rich,1.0,83,0.5221791261764781,0.5844732230495214,8.05638244036135,0.6008070344969414,1.0,0.0,0.0,0.0,0.0,0.3131787409270124,0.017441934059452865,0.0,0.005106345323298839,0.9515450382819615,0.7779937157681307,0.07866713720313066,0.0
haptic_force_rich,1.0,84,0.6450147333256356,0.7188905905236599,5.747700850485748,0.8851179273312284,1.0,0.0,0.0,0.0,0.0,0.4235332600697047,0.05416049345819977,1.0,0.0038813464542263717,0.9371026667184166,0.6880237293752037,0.07833041057530948,0.0
haptic_force_rich,1.0,85,0.6858286537055145,0.6392023060204408,8.34799409103033,0.7545409341639882,1.0,0.0,0.0,0.0,0.0,0.9312788435622343,0.1628134470376096,1.0,0.003263535740820424,0.9581868536696655,0.8010291139141826,0.07894275650140499,0.0
haptic_force_rich,1.0,86,0.5443020448762181,0.6205269027499568,6.818028433435279,0.8727528358589189,1.0,0.0,0.0,0.0,0.0,0.32153947914983755,0.02264318788451615,1.0,0.0016335995071577309,0.9435999287566583,0.7195435248072447,0.07771598021041333,0.0
haptic_force_rich,1.0,87,0.5949909140719084,0.5717273636310275,5.451284581787301,0.5886933907888421,0.0,0.0,1.0,0.0,0.0,0.349602575531082,0.0620399434842781,0.0,0.0008036653168239992,0.971972017723769,0.8851092998677581,0.9999997209916752,0.0
haptic_force_rich,1.0,88,0.4611198361161537,0.6641539912773944,8.361365413825979,0.6031847965949699,1.0,0.0,0.0,0.0,0.0,0.27575326473658945,0.03320336896091976,0.0,0.0003830180501239836,0.9536688964721233,0.7757259339632304,0.2669215035376554,0.0
haptic_force_rich,1.0,89,0.7577671374456165,0.5189005358471324,7.508867817471062,0.6991950656834447,0.0,1.0,0.0,0.0,0.14315101336247246,1.0991126234014306,0.5850150184382886,0.0,0.00409924266946495,0.9398880830704736,0.7029375530701375,0.0783902091149144,0.8088171420033534
haptic_force_rich,1.0,90,0.5968631507295493,0.7169616360423918,6.242280155220404,0.5064323195413498,0.0,1.0,0.0,0.0,0.15023374757288066,1.4460870807306936,0.3770941921035273,0.0,0.0028197826266328323,0.9634850724928492,0.8364135993096463,0.07929845022395576,0.8229235050602758
haptic_force_rich,1.0,91,0.47270663111568095,0.6371006795391742,7.039979391640129,0.4411007863277481,1.0,0.0,0.0,0.0,0.0,0.11424155377070047,0.012791468443567603,0.0,0.0004794825095801144,0.967890791821865,0.8614935348274707,0.0805474883123305,0.0
haptic_force_rich,1.0,92,0.5387221861644257,0.5174811961077593,8.806798766843224,0.7156522071654102,0.0,0.0,1.0,0.0,0.0,0.3181867684968656,0.040970646438431284,0.0,0.002007417043500306,0.949650068416508,0.7587831398763936,0.42273458252653195,0.0
haptic_force_rich,1.0,93,0.5935406094357581,0.7491767013410755,7.067812871963189,0.8654543864470132,1.0,0.0,0.0,0.0,0.0,0.21188207166538928,0.013645694751959921,0.0,0.003907864404252805,0.9246396103156238,0.6157725996446844,0.07911988212450673,0.0
haptic_force_rich,1.0,94,0.5986739724565509,0.7102325252935341,5.466943856370638,0.5452062681337768,0.0,1.0,0.0,0.0,0.29002745270670155,1.250452411955018,0.3350200709570505,0.0,0.002363787935988034,0.9689360640562561,0.8691017006708668,0.0779150945079931,0.9636963015687088
haptic_force_rich,1.0,95,0.5005529549176773,0.5833976641222939,6.985725646834922,0.7028034292990988,1.0,0.0,0.0,0.0,0.0,0.32223879701354774,0.03807350434266482,1.0,0.0012506884249713316,0.9556391921917101,0.7809387602311807,0.37049105917643466,0.0
haptic_force_rich,1.0,96,0.6754183368066838,0.5651448477421102,6.873946907850332,0.5215951585741243,1.0,0.0,0.0,0.0,0.0,0.3243561258681135,0.0945666147930698,0.0,0.0021588038671250917,0.9734270220541984,0.8939577127788855,0.3479723189089289,0.0
haptic_force_rich,1.0,97,0.587841945598759,0.7319325906613631,5.399586313658747,0.7160169034785204,0.0,0.0,1.0,0.0,0.0,0.5504204690918997,0.0668481326601529,0.0,0.0004601344600954304,0.9550820637180012,0.7838316977046903,0.9945878645880242,0.0
haptic_force_rich,1.0,98,0.5377946501774,0.5140177844766712,6.330535447890191,0.460359033246532,0.0,0.0,1.0,0.0,0.0,0.3981765598208809,0.033152285363667995,0.0,0.0018957739124121967,0.9640459873522308,0.8407842545593175,0.9995847259617447,0.0
haptic_force_rich,1.0,99,0.5269482358642755,0.6910382200104906,6.397883814145783,0.5705257813885817,1.0,0.0,0.0,0.0,0.0,0.2827114596246368,0.018611356179389523,0.0,0.0009377742971246814,0.9744728848688184,0.8984432211612924,0.07752667007609239,0.0
haptic_force_rich,1.0,100,0.5386618707461306,0.5014262232397777,7.818173980054974,0.45654466859719955,1.0,0.0,0.0,0.0,0.0,0.5495854901492532,0.0556257735915816,1.0,0.0027250821416431284,0.9702189674224707,0.8711401378668173,0.07801378806024965,0.0
haptic_force_rich,1.0,101,0.6269816283375833,0.4617289068290711,8.479007522432855,0.6524153041549112,0.0,0.0,1.0,0.0,0.0,0.7940370717821885,0.10355852776363374,0.0,0.0021179739656382634,0.958729799709346,0.8039528828748483,0.9999996511461626,0.0
haptic_force_rich,1.0,102,0.5112713720728647,0.46628559344078657,8.286274028398307,0.5328429210954202,1.0,0.0,0.0,0.0,0.0,0.11806547623640465,0.01221968587422176,0.0,0.002408327464363234,0.9564947567665992,0.7970177296282082,0.07885081235794365,0.0
haptic_force_rich,1.0,103,0.5033029590070403,0.7347872336344123,6.796194994449341,0.7210549101327702,1.0,0.0,0.0,0.0,0.0,0.1333504235806659,0.017483696542845536,0.0,0.0029283668998325773,0.9415352641894152,0.7143029330546955,0.07857056230141994,0.0
haptic_force_rich,1.0,104,0.7860768882190012,0.6027647248332738,8.59198347255336,0.6454009260083844,0.0,1.0,0.0,0.0,0.9402686497012808,2.799028138695765,1.4819053698174212,1.0,0.006777199177044801,0.9473840879755452,0.7581367798149474,0.08373809351945327,0.9999756181854238
haptic_force_rich,1.0,105,0.5541373052837035,0.617903287259093,7.043459586116348,0.8935267015561441,1.0,0.0,0.0,0.0,0.0,0.11964027237147096,0.01430998719910588,1.0,0.0023898421866661037,0.939717890187058,0.7018679966505725,0.07792220783619697,0.0
haptic_force_rich,1.0,106,0.5060462934864257,0.6404361268044709,8.759824865526193,0.4200083864277853,1.0,0.0,0.0,0.0,0.0,0.11929847515448888,0.013840350472644345,0.0,0.0012590121470750033,0.9745665894752834,0.8966629911671492,0.07844136684564708,0.0
haptic_force_rich,1.0,107,0.6321810591096129,0.6108333947885649,5.35379141641373,0.6191719387488037,0.0,1.0,0.0,0.0,0.12266903933362798,0.8259565147066003,0.31944458864670505,0.0,0.0031245185864422326,0.9492886343833631,0.7566383041257813,0.07817038286501747,0.7570399607030425
haptic_force_rich,1.0,108,0.7328646223524139,0.5433876651873851,5.8779838542617,0.8159030487370704,0.0,1.0,1.0,0.0,0.2763155879121467,1.161525925235741,0.8009585979932496,1.0,0.0031675435256946494,0.9558827664225118,0.7808993844293257,0.9538290723099481,0.9577715564944316
haptic_force_rich,1.0,109,0.6995530206553063,0.4496959036685707,7.595383186283071,0.7586618177394866,0.0,1.0,0.0,0.0,0.504825771735801,1.71775200000274,1.2169095309539644,0.0,0.004729271883723828,0.9363725372192555,0.6792924182685229,0.07856334678531532,0.996795739205836
haptic_force_rich,1.0,110,0.7367008886799746,0.6579297352883204,7.137458852647803,0.5137342945590664,1.0,0.0,0.0,0.0,0.0,0.5535588356895327,0.0820994638372558,0.0,0.0027140859658025852,0.9553567018815851,0.7836720442430046,0.07801078258326002,0.0
haptic_force_rich,1.0,111,0.7497502459924943,0.5529799113777027,6.44336056316591,0.6365866717696325,0.0,0.0,1.0,0.0,0.03326118784949941,0.7859585926738358,0.4357723615536809,0.0,0.003194945278236216,0.9608783532171008,0.8261074127341075,0.9814854592835817,0.32348804131685505
haptic_force_rich,1.0,112,0.5426722803829305,0.5532088994965986,7.600863799350071,0.8114832184014049,0.0,0.0,1.0,0.0,0.0,0.5149162976775579,0.07558660814799481,1.0,0.0009162265950732055,0.9415087755815781,0.6995324756084249,0.9428010834162482,0.0
haptic_force_rich,1.0,113,0.5933772551073133,0.6655403960778186,8.026762776001528,0.9186081376870925,1.0,0.0,0.0,0.0,0.0,1.0027984857218615,0.17755074366462054,1.0,0.002533433454246666,0.9266072535564743,0.6231616514156523,0.07846475706154114,0.0
haptic_force_rich,1.0,114,0.7433213860103893,0.42725084369842103,8.674245624348895,0.5008005014885053,0.0,1.0,1.0,0.0,1.2124479137583088,2.9184858107376344,2.7524629875741606,0.0,0.007266342404771038,0.9485201691035992,0.7587782717076693,0.08418124280997104,0.9999988355246044
haptic_force_rich,1.0,115,0.6919865641058798,0.638918487986455,8.754349364381568,0.7454712033566875,1.0,0.0,0.0,0.0,0.0,0.565447854415551,0.05489627664681528,0.0,0.002893922900515936,0.9487323029036678,0.7553325592689494,0.08078266968808442,0.0
haptic_force_rich,1.0,116,0.7514797074367503,0.5781718721256472,7.725686754407588,0.5880524369232979,0.0,0.0,1.0,0.0,0.0,0.36170112116036734,0.03892128655041649,0.0,0.0024263462098295684,0.9695435081706678,0.8653266999028064,0.9993394521972961,0.0
haptic_force_rich,1.0,117,0.4659931758461842,0.6377193227004336,7.7432088553777145,0.8132515047681732,1.0,0.0,0.0,0.0,0.0,0.1370166879532102,0.016536267474630346,0.0,0.0015920175162876,0.9390997050288584,0.6927039020650677,0.07841251042454632,0.0
haptic_force_rich,1.0,118,0.4814334264466744,0.4697101945429124,7.166462870705261,0.8349533065055752,1.0,0.0,0.0,0.0,0.0,0.7035463959784097,0.08904875713617263,0.0,0.0026678242792825854,0.9410270335671372,0.7064063885342228,0.07799813949070131,0.0
haptic_force_rich,1.0,119,0.6926795470375642,0.7300740026597375,8.292204458430898,0.899987231563421,1.0,0.0,0.0,0.0,0.0,0.1970515045461708,0.01329848190836231,0.0,0.001962164704723514,0.9385406945887201,0.692382496986814,0.08006571395726317,0.0
haptic_force_rich,1.0,120,0.7760974496879407,0.6571538324984828,7.381774862886969,0.42199747422425676,1.0,0.0,0.0,0.0,0.0,0.15670631610956612,0.023596220939596183,0.0,0.0031726079251964147,0.9728319746865407,0.8808967768838821,0.08320032238812675,0.0
haptic_force_rich,1.0,121,0.782648809110557,0.4825113570783516,8.385647122342009,0.7368941484037239,0.0,0.0,1.0,0.0,0.0,0.47863504138167273,0.22893867811755908,0.0,0.0034158938241131047,0.9500479386503826,0.7588284895138157,0.999999275567418,0.0
haptic_force_rich,1.0,122,0.7158628596752831,0.4258260679967475,5.337039651433888,0.8305130993060514,0.0,1.0,1.0,0.0,3.642481230991089,5.403246615348388,9.144515356504636,1.0,0.007996145884009513,0.9337724888026957,0.6641874499683003,0.07957342050046763,1.0
haptic_force_rich,1.0,123,0.5917219662931892,0.5488644733750946,8.276403709660384,0.45465422836228003,1.0,0.0,0.0,0.0,0.0,0.19518695079880274,0.012380992759412424,0.0,0.0021549581497308104,0.9631853857098063,0.8335266248280468,0.07851443152104949,0.0
haptic_force_rich,1.0,124,0.6143040427518003,0.6088706800464736,7.265050296603724,0.4889974779465822,0.0,0.0,1.0,0.0,0.0,0.43863035404113876,0.06165934989585469,0.0,0.001396485239938417,0.9550692247419263,0.7784465170064065,0.9110767255128253,0.0
haptic_force_rich,1.0,125,0.7896919783414562,0.5814420938044561,7.837941148240327,0.5756670811462592,1.0,0.0,0.0,0.0,0.0,0.6496289667307249,0.20641504413449555,0.0,0.003414788790739397,0.9432091454338493,0.7193411640395382,0.07820251075916541,0.0
haptic_force_rich,1.0,126,0.7263041481202976,0.47777953901361925,7.320405295758043,0.846711897162299,0.0,0.0,1.0,0.0,0.0,0.5151826755905183,0.26109429080121904,1.0,0.002528165548629191,0.9459601945656021,0.7307119570660146,0.9999997818144964,0.0
haptic_force_rich,1.0,127,0.5870134919070772,0.5035830748170194,5.714832666641763,0.7018762536205949,0.0,1.0,0.0,0.0,0.2619994615558812,1.1123709485394486,0.5746163846503479,0.0,0.002481089668489368,0.9510059171382927,0.760668002877573,0.07794712489953462,0.9502302189043504
haptic_force_rich,1.0,128,0.6777023957581615,0.6897777362853927,7.28077187328554,0.7423705635351531,1.0,0.0,0.0,0.0,0.0,0.32613305689694544,0.03979681679678209,0.0,0.0013593448345868408,0.945899057124489,0.7254498159049725,0.36184345978555676,0.0
haptic_force_rich,1.0,129,0.7262115268717113,0.518134842253492,7.686724533121491,0.5890703253042944,1.0,0.0,0.0,0.0,0.05370757650700209,0.9545427561920462,0.410163042024557,0.0,0.004326065806144446,0.9519052027732106,0.7790589861333368,0.07845250188940937,0.46617340936853635
haptic_force_rich,1.0,130,0.6243050330163592,0.7279429779070793,7.161650705139825,0.7861143924594676,1.0,0.0,0.0,0.0,0.0,0.2934502401531025,0.019149756021165885,0.0,0.0014490879182234243,0.9410473908256362,0.7052849112948831,0.07766573974282398,0.0
haptic_force_rich,1.0,131,0.7237491466271867,0.6492897868197188,5.33998834423571,0.4518728767340316,0.0,1.0,0.0,0.0,0.8914213692641041,1.9812921393219536,1.3012281788926654,0.0,0.0034396077100139508,0.9577198978177344,0.8029708912618367,0.07820930967957375,0.9999552418283646
haptic_force_rich,1.0,132,0.6954862745354966,0.6422502782974389,8.022062314622474,0.47369518419097556,1.0,0.0,0.0,0.0,0.0,0.8193560300547059,0.10621335796883785,0.0,0.0034886874994450004,0.9648515359150106,0.8551604710212131,0.08098272663723097,0.0
haptic_force_rich,1.0,133,0.7555227141371983,0.574020182904021,6.422074332249636,0.802089055655859,0.0,1.0,0.0,0.0,0.6780580534275615,1.802781451390874,1.201855409790368,1.0,0.003932907535394174,0.950947399439596,0.7640834979293308,0.08770778622184403,0.999519465772057
haptic_force_rich,1.0,134,0.5779180467721478,0.5820643306878153,6.375220801214367,0.7989109945834538,1.0,0.0,0.0,0.0,0.010059153988979467,0.7799088919837134,0.1506335973448537,1.0,0.002524832304903983,0.9539499264504295,0.78105438011268,0.07795907234196149,0.1013820827200057
haptic_force_rich,1.0,135,0.7818238997458162,0.5298629395404473,6.551831968142882,0.789527298775011,0.0,0.0,1.0,0.0,0.01254102218344885,0.7894223037935693,0.5209368221887091,0.0,0.0029678213191791213,0.9426501546560208,0.7174776249110353,0.99999955215887,0.13102282534556908
haptic_force_rich,1.0,136,0.5749288061548649,0.5388098565481165,7.962942465612635,0.7892667504805415,0.0,0.0,1.0,0.0,0.0,0.33662740067939423,0.0425319428059218,0.0,0.0020259160930796312,0.9491198207636025,0.7551261870160222,0.48887894945416527,0.0
haptic_force_rich,1.0,137,0.5174569667406943,0.6013404216888749,7.506453376770461,0.5401087520872703,1.0,0.0,0.0,0.0,0.0,0.2234643100451406,0.01438749535061464,0.0,0.0011947688066260309,0.9534016071526584,0.7719255252456468,0.07759654020977809,0.0
haptic_force_rich,1.0,138,0.7576230827635093,0.43151110305849344,8.57257661564967,0.5428908095018858,0.0,0.0,1.0,0.0,0.0,0.6935024563579335,0.19722663951467787,0.0,0.0034426791787016834,0.9458947688027793,0.7422522142816971,0.9999999353259599,0.0
haptic_force_rich,1.0,139,0.7635444963379515,0.532664123802879,8.47401156115452,0.759661856837468,1.0,0.0,0.0,0.0,0.0,0.7061152017599954,0.20540773150317962,0.0,0.0040842364956909525,0.9415796505703985,0.7169021550148765,0.07895113510482615,0.0
haptic_force_rich,1.0,140,0.6457051635911216,0.7492987482620419,6.020864084765158,0.7555143525715206,1.0,0.0,0.0,0.0,0.0,0.2570484866852285,0.029933932646444412,0.0,0.0015719441883190347,0.9474609391622354,0.742119918447976,0.16936539073898016,0.0
haptic_force_rich,1.0,141,0.7983624437284165,0.679081271670258,7.333417283424314,0.46617017237866365,1.0,0.0,0.0,0.0,0.03182760999646939,0.9592056704391071,0.2256753947404654,0.0,0.0033467046525260773,0.9544302986872402,0.783834619764818,0.07818386249701892,0.3133373098876795
haptic_force_rich,1.0,142,0.7048649335409342,0.4658957948525496,7.407524572759431,0.7888098551484215,0.0,1.0,0.0,0.0,0.45882513791892,1.6238762514210558,1.0795175318177275,1.0,0.00494592876587575,0.9386055081383627,0.7014668960678214,0.08463842695672608,0.99459856828065
haptic_force_rich,1.0,143,0.7050635475584964,0.5860673339585618,5.456167928651364,0.45371329204050104,0.0,1.0,1.0,0.0,0.035451527094473426,0.6914846162746616,0.36999470047076455,0.0,0.0019289776883818126,0.9589397411957113,0.811164189448381,0.9995547946626335,0.34002733204525715
haptic_force_rich,1.0,144,0.5571165580729353,0.6901506085282361,8.4964440676288,0.5538797309361705,1.0,0.0,0.0,0.0,0.0,0.4237871696195321,0.02940279588446852,0.0,0.002346113109000324,0.948744346046747,0.7537683094687793,0.07896366997421896,0.0
haptic_force_rich,1.0,145,0.6201964538269786,0.5004158664237358,7.27296139207953,0.7056067405842074,1.0,0.0,0.0,0.0,0.0,0.6449136666353672,0.1854336935134858,0.0,0.003152201021568469,0.954518402993877,0.7866339868133159,0.07813061032335487,0.0
haptic_force_rich,1.0,146,0.5559599139215003,0.46562191328432095,7.172183254795493,0.6890057132238748,1.0,0.0,0.0,0.0,0.0,0.5852650965395086,0.14260623381309362,0.0,0.002815114904980896,0.9542125211367398,0.7811157057217477,0.07803839982012516,0.0
haptic_force_rich,1.0,147,0.6374295874319428,0.4714557935443085,8.190177615356953,0.9103267901407031,1.0,0.0,0.0,0.0,0.0,0.6508217508253828,0.1602175276537951,1.0,0.003963443782437401,0.9393469674601831,0.7008963958883898,0.078352936125743,0.0
haptic_force_rich,1.0,148,0.7348197604022807,0.5599235172836295,6.6901804640499325,0.4407686975280513,0.0,1.0,0.0,0.0,1.6210976482242532,3.214731238044214,2.8743775097987116,0.0,0.006048108301051617,0.9663650449475332,0.8543849090740405,0.07892690779735366,0.9999999868143108
haptic_force_rich,1.0,149,0.6849643479819253,0.7298350713132409,8.805735190746521,0.45283637487172973,1.0,0.0,0.0,0.0,0.0,1.0836301019250314,0.20171259136513206,0.0,0.0027028604507123733,0.9638242385235413,0.8418973004584036,0.07885647707985945,0.0
haptic_force_rich,1.0,150,0.6517530961342288,0.5329842993094981,5.975022503413472,0.8751982411750852,0.0,1.0,0.0,0.0,0.9302356461778811,2.094841951740482,1.4038942350557957,1.0,0.0046940119912688445,0.9299089761587179,0.6504903951128523,0.07855364781754025,0.9999701738486835
haptic_force_rich,1.0,151,0.6372618579027614,0.7495281905902743,5.909705151107071,0.42051249688049397,1.0,0.0,0.0,0.0,0.0,0.2248354364830318,0.026667360795698255,0.0,0.0008338220824435671,0.9679692909502173,0.861053336476026,0.13907655757182202,0.0
haptic_force_rich,1.0,152,0.7494323330152455,0.6288730506245244,5.486224900148407,0.6010093712712041,0.0,1.0,0.0,0.0,0.8856193501601113,1.9786634322516006,1.3537849000059414,1.0,0.004576347334625444,0.9569672223426077,0.8095221105585934,0.07852128962885686,0.9999518508076544
haptic_force_rich,1.0,153,0.6279544884112132,0.5994045997377655,5.2365224558228505,0.7174682297241631,0.0,1.0,0.0,0.0,1.102144469752328,2.24943906712954,1.4682681946373444,1.0,0.004301244219276662,0.9460108757075948,0.7411158505039825,0.08414428302085168,0.9999955463758564
haptic_force_rich,1.0,154,0.7602850898147766,0.570259201595249,5.447264266715755,0.8258536759664087,0.0,1.0,0.0,0.0,3.5095167504482294,5.322240657704101,7.647022523340314,1.0,0.007766117940634429,0.9322759597157484,0.6589253076764454,0.07940281505404435,1.0
haptic_force_rich,1.0,155,0.6121351308921182,0.5704887008268577,8.830852874603131,0.8492168940769065,1.0,0.0,0.0,0.0,0.0,0.2474563164233408,0.02870864500017773,1.0,0.0019892415374146107,0.953907763009317,0.7847594946891399,0.13656132047741118,0.0
haptic_force_rich,1.0,156,0.5196801753339791,0.5509240729241237,7.8367296526358015,0.7242311061805524,1.0,0.0,0.0,0.0,0.0,0.28350776832945174,0.017169430054399203,0.0,0.003354922397696367,0.9497214160114098,0.7605179326246196,0.08099480436517836,0.0
haptic_force_rich,1.0,157,0.6837868648196759,0.6138120845761619,8.269390583390633,0.42251662318893196,1.0,0.0,0.0,0.0,0.0,0.9818140016209782,0.17235901938217668,0.0,0.003392230711719975,0.9742181581115614,0.8993474787018254,0.08014259983242503,0.0
haptic_force_rich,1.0,158,0.682579695215857,0.5513473770587698,7.706911187087903,0.8845264692156715,1.0,0.0,0.0,0.0,0.0,0.17585833175529894,0.02755012130186948,1.0,0.0027456933601078606,0.9450190303357363,0.7292060172139643,0.08179719743951273,0.0
haptic_force_rich,1.0,159,0.6819688788670195,0.6430092450303695,5.482248313799515,0.8772509702838046,0.0,1.0,0.0,0.0,0.023069851593162133,0.6593571843812317,0.24869880565439473,1.0,0.0027766970570116387,0.9414794049098354,0.7100327444601853,0.20221191707241887,0.23712359099775215
haptic_force_rich,1.0,160,0.7238077771168057,0.506352336044998,6.687835365910884,0.6555212375407784,0.0,1.0,0.0,0.0,1.0571405766608932,2.3791455310464213,1.9893134280211786,1.0,0.004943134764250703,0.9646007199053263,0.84489673874351,0.07862219769939424,0.9999930080695654
haptic_force_rich,1.0,161,0.5868848830578477,0.43261638340637043,7.439653447531553,0.4319539624042858,0.0,1.0,1.0,0.0,0.7848487390335414,2.194400895720029,1.4082779423592096,0.0,0.005229705280826766,0.9720023619416215,0.894320531230406,0.07870111955971773,0.9998626703394315
haptic_force_rich,1.0,162,0.6677049344832394,0.5699575077165526,7.549700337191445,0.7565061019603955,1.0,0.0,0.0,0.0,0.0,0.5555734931391363,0.07204469132861424,0.0,0.0036064687319096018,0.9375595992690835,0.6905029487345208,0.08032221640982826,0.0
haptic_force_rich,1.0,163,0.5683742892780188,0.49061182377062673,8.138050527796365,0.6946321998359554,1.0,0.0,0.0,0.0,0.0,0.12247278343930414,0.014905312220571102,0.0,0.0031692175315853194,0.9486735093328927,0.7575288168133233,0.0781521390075721,0.0
haptic_force_rich,1.0,164,0.6603302465082259,0.672018289222305,7.668203138810281,0.43793076906743733,1.0,0.0,0.0,0.0,0.0,0.32340187108989094,0.022934797852113102,0.0,0.002135148504243979,0.9707826457523029,0.8716965658199972,0.07785269689436425,0.0
haptic_force_rich,1.0,165,0.6010034565960085,0.701887621849048,6.62994001667134,0.6038223865402392,0.0,0.0,1.0,0.0,0.0,0.3926784459452701,0.06142730834001712,0.0,0.0038416846173718526,0.954342183831941,0.7927663761538322,0.9038050093872596,0.0
haptic_force_rich,1.0,166,0.5321846659342573,0.6128124690173944,5.648959934774079,0.4259311326220065,0.0,1.0,0.0,0.0,0.08275509652604188,0.8949703177017596,0.1589977322493173,0.0,0.0035723514206612316,0.9577029556967648,0.8091567454935997,0.07824568281356124,0.6166756040266588
haptic_force_rich,1.0,167,0.5023911584124543,0.6534420551149777,5.57986027475494,0.5304320611815698,1.0,0.0,0.0,0.0,0.0,0.2717566138682742,0.015806319238962793,1.0,0.00306759939373608,0.9606496954343332,0.822527777179468,0.0825955877730475,0.0
haptic_force_rich,1.0,168,0.5818856417603273,0.6321812462901267,8.727702916223645,0.5091220206658356,1.0,0.0,0.0,0.0,0.0,1.0008337322407137,0.16992738410300984,0.0,0.002739197652838246,0.9691815532184765,0.8753780899579401,0.08387840195152155,0.0
haptic_force_rich,1.0,169,0.4772705956727116,0.6500785397105853,8.507418829341061,0.4558553054605622,1.0,0.0,0.0,0.0,0.0,0.20370492781741287,0.0124709544661425,0.0,0.0009761638700859334,0.958915938727989,0.8089166034648345,0.07848540103230642,0.0
haptic_force_rich,1.0,170,0.5040974569468477,0.4334849919435187,5.612177026018142,0.49623670837925554,0.0,1.0,1.0,0.0,0.1979656854400971,0.9783415098484332,0.49893305458191683,0.0,0.002411664401783461,0.9609896838962134,0.821217063139323,0.0826571799577077,0.896868047914019
haptic_force_rich,1.0,171,0.7560420587985484,0.4883631884091434,7.368933702606872,0.780088206088593,0.0,1.0,0.0,0.0,0.6299272681515921,1.8571550006096376,1.401255583704154,0.0,0.00476360633425064,0.9400682785189887,0.7031717965048248,0.08418980551758297,0.9991956862234499
haptic_force_rich,1.0,172,0.5372369011118845,0.4431841323871216,6.753852632314166,0.5852774894487309,1.0,0.0,0.0,0.0,0.0228817016733728,0.7824906619511363,0.2974035660389801,0.0,0.002816382387048361,0.9632245785861195,0.8298712314344135,0.0835756305397395,0.23543566939831773
haptic_force_rich,1.0,173,0.7750990885961323,0.7587721382704329,6.60866812873768,0.6366356662404735,0.0,1.0,0.0,0.0,0.11822217454836043,1.0855444515551123,0.24561364316179338,0.0,0.003092864332101293,0.9373597442409783,0.6859692802832604,0.08076447720522895,0.7453856573368394
haptic_force_rich,1.0,174,0.6940801212427694,0.652465246007827,5.371983018421432,0.7125659633826248,0.0,0.0,1.0,0.0,0.0008269089277724727,0.49652492949867194,0.19695773136561076,0.0,0.0012921040411798224,0.9568012378294352,0.7913223133253224,0.9521963835408674,0.0
haptic_force_rich,1.0,175,0.5555899154021307,0.6477859254714633,5.9065991371162685,0.7809457550014982,0.0,0.0,1.0,0.0,0.0,0.6178793026222357,0.09762779093380418,0.0,0.001267398962038695,0.9455683808644831,0.7307311385660354,0.9938827760987903,0.0
haptic_force_rich,1.0,176,0.5046772504316641,0.743215997143069,5.67034255170144,0.836895873900521,0.0,1.0,0.0,0.0,0.12192403635547686,1.5094709793223244,0.4278636208890183,1.0,0.002071591161370869,0.9449609802403822,0.7201957105546042,0.07783535969224542,0.7556378384607764
haptic_force_rich,1.0,177,0.6159752574304681,0.6759880170078718,5.875724821283805,0.8923133433678796,0.0,1.0,0.0,0.0,0.10396936361816927,0.9425829017514137,0.2065693367522795,1.0,0.0028978213776327667,0.9452743039346785,0.7330337690686138,0.07806101509542546,0.6996188170354796
haptic_force_rich,1.0,178,0.7578933111625953,0.4837437538426665,6.781609602294024,0.7508509326762169,0.0,1.0,0.0,0.0,1.1226033071367052,2.4569176672655964,2.327371928718703,1.0,0.005156578997703755,0.9497091479943162,0.7626724025895365,0.07868097361178564,0.9999965835893956
haptic_force_rich,1.0,179,0.6209366664881801,0.5785303670972222,7.767150742673075,0.7514093656391626,1.0,0.0,0.0,0.0,0.0,0.794055021420246,0.11548288348342141,1.0,0.002980768156433402,0.9480839214106125,0.7431360034224995,0.08128065386266625,0.0
